gx,gy,gz,lin_acc_mag,gyro_mag,gyro_diff,lin_acc_diff,gyro_avg,gyro_var,lin_acc_avg,lin_acc_var,lin_ax_avg,lin_ay_avg,lin_az_avg,label
-302.9048,-62.6229,-479.3387,0.1445,570.4722,6.0093,0.0169,535.888,1052.8057,0.1358,0.000163,-0.1167,-0.0265,0.008,ROTATE2
-292.5613,-61.3077,-485.871,0.1623,570.4572,0.0151,0.0178,553.3328,432.9782,0.1371,0.000223,-0.1018,-0.068,0.0039,ROTATE2
-281.3053,-50.3243,-491.0968,0.1815,568.1912,2.2659,0.0192,563.755,90.9665,0.1471,0.000513,-0.0845,-0.107,0.0001,ROTATE2
-270.5568,-29.5844,-495.2774,0.2048,565.1335,3.0577,0.0233,567.7434,6.5169,0.1641,0.000737,-0.0661,-0.1424,-0.0023,ROTATE2
-259.2798,-2.5894,-498.6219,0.2328,562.0112,3.1224,0.028,567.2531,10.6958,0.1852,0.00097,-0.0477,-0.1745,-0.0035,ROTATE2
-249.8394,26.3535,-501.2975,0.2599,560.7258,1.2853,0.0271,565.3038,13.3445,0.2083,0.001223,-0.0303,-0.2038,-0.005,ROTATE2
-233.5247,52.5203,-503.438,0.2804,557.4424,3.2834,0.0205,562.7008,13.618,0.2319,0.001282,-0.0138,-0.2302,-0.0081,ROTATE2
-220.6823,75.0287,-505.1505,0.2913,556.3335,1.1089,0.0109,560.3293,10.0735,0.2539,0.000999,0.0018,-0.2526,-0.0125,ROTATE2
-220.1302,96.8667,-506.5204,0.3002,560.7168,4.3833,0.0088,559.4459,4.707,0.2729,0.000583,0.0177,-0.2706,-0.0183,ROTATE2
-208.5167,107.9465,-507.6163,0.31,559.2906,1.4262,0.0098,558.9018,3.0997,0.2884,0.000298,0.0364,-0.2834,-0.0262,ROTATE2
-186.9665,110.5197,-508.493,0.3143,552.9342,6.3564,0.0043,557.3434,7.1284,0.2993,0.000152,0.059,-0.2894,-0.0338,ROTATE2
-172.0419,112.3783,-509.1944,0.3216,549.0958,3.8384,0.0073,555.6742,17.9447,0.3075,0.000114,0.084,-0.2907,-0.04,ROTATE2
-158.2679,119.2651,-509.7555,0.331,546.9219,2.1739,0.0093,553.7919,29.635,0.3154,0.000108,0.1095,-0.2898,-0.0452,ROTATE2
-139.2112,128.9277,-510.2044,0.3392,544.3442,2.5777,0.0083,550.5174,27.1732,0.3232,0.000114,0.135,-0.2872,-0.0499,ROTATE2
-118.544,130.8328,-510.5635,0.3541,540.2268,4.1174,0.0149,546.7046,18.4213,0.3321,0.000193,0.1589,-0.2853,-0.0527,ROTATE2
-70.9289,121.1006,-510.8508,0.3741,529.7781,10.4487,0.02,542.0734,46.5126,0.344,0.000341,0.1789,-0.288,-0.0544,ROTATE2
-26.39,105.6243,-511.0807,0.3892,522.5479,7.2302,0.0151,536.7638,84.7068,0.3575,0.000466,0.1964,-0.2932,-0.0559,ROTATE2
-1.8901,96.015,-511.2645,0.3902,520.2056,2.3423,0.001,531.4205,90.3535,0.3694,0.000398,0.212,-0.2971,-0.0556,ROTATE2
12.7473,88.9995,-511.4116,0.3831,519.2545,0.9511,0.0071,526.4026,61.3718,0.3781,0.000177,0.2276,-0.2964,-0.0533,ROTATE2
22.3291,87.6027,-511.5293,0.3772,519.4565,0.202,0.0059,522.2485,15.5435,0.3828,4e-05,0.2443,-0.2884,-0.0493,ROTATE2
40.5664,95.5728,-511.6234,0.3713,522.0521,2.5956,0.0059,520.7033,1.8246,0.3822,5.2e-05,0.2622,-0.2707,-0.0442,ROTATE2
43.3,107.2551,-511.6988,0.3663,524.6086,2.5565,0.0049,521.1154,4.0244,0.3776,7.1e-05,0.2801,-0.2451,-0.0391,ROTATE2
28.7494,123.2541,-511.759,0.3654,527.1768,2.5682,0.001,522.5096,9.263,0.3726,4.5e-05,0.2982,-0.2148,-0.0352,ROTATE2
26.037,139.2939,-511.8072,0.3783,531.0624,3.8856,0.013,524.8713,16.1966,0.3717,2.9e-05,0.3164,-0.1866,-0.0316,ROTATE2
41.9952,154.8008,-511.8458,0.3983,536.3888,5.3264,0.02,528.2578,25.3951,0.3759,0.000147,0.3353,-0.1626,-0.0274,ROTATE2
66.7993,175.3156,-511.8766,0.4098,545.1746,8.7858,0.0115,532.8823,53.5431,0.3836,0.000313,0.3541,-0.1417,-0.0216,ROTATE2
95.5332,191.5462,-511.9013,0.4077,554.8509,9.6763,0.0021,538.9307,99.7927,0.3919,0.0003,0.3711,-0.1205,-0.015,ROTATE2
120.4172,194.3057,-511.9211,0.3998,560.6409,5.79,0.0079,545.6235,121.6344,0.3988,0.000124,0.3844,-0.0986,-0.0084,ROTATE2
135.5525,184.8696,-511.9368,0.3994,560.9194,0.2785,0.0005,551.5948,90.3645,0.403,2.3e-05,0.3938,-0.074,-0.003,ROTATE2
139.842,157.2457,-511.9495,0.4016,553.5109,7.4085,0.0023,555.0193,33.1269,0.4037,1.8e-05,0.3986,-0.046,0.0001,ROTATE2
136.5611,122.7122,-511.9596,0.4069,543.884,9.6268,0.0053,554.7612,38.4755,0.4031,1.3e-05,0.4007,-0.0159,0.0006,ROTATE2
122.9739,89.4541,-511.9677,0.4097,534.0745,9.8096,0.0029,550.6059,106.7958,0.4035,1.7e-05,0.4014,0.0132,-0.0002,ROTATE2
102.7041,62.7289,-511.9741,0.4119,525.9283,8.1462,0.0021,543.6635,160.2544,0.4059,2.2e-05,0.4021,0.0403,-0.0006,ROTATE2
77.6789,46.1331,-511.9793,0.4087,519.8895,6.0388,0.0032,535.4574,146.4022,0.4078,1.2e-05,0.4006,0.0664,0.0003,ROTATE2
58.9213,36.544,-511.9835,0.4032,516.6568,3.2327,0.0055,528.0866,97.5808,0.4081,9e-06,0.3952,0.0935,0.0027,ROTATE2
48.8526,33.4665,-511.9868,0.3975,515.3999,1.2569,0.0057,522.3898,47.4059,0.4062,2.7e-05,0.3854,0.1209,0.0063,ROTATE2
44.6009,32.1325,-511.9894,0.3936,514.9319,0.468,0.0039,518.5613,16.5661,0.403,4.6e-05,0.3722,0.1473,0.0108,ROTATE2
40.1088,32.0935,-511.9915,0.3929,514.562,0.37,0.0007,516.288,3.7428,0.3992,3.6e-05,0.3565,0.1733,0.0151,ROTATE2
41.1027,35.2373,-511.9932,0.3956,514.8477,0.2858,0.0026,515.2797,0.5467,0.3965,1.3e-05,0.3399,0.1991,0.0185,ROTATE2
48.2259,40.9399,-511.9946,0.4036,515.8878,1.0401,0.0081,515.1259,0.2177,0.3966,1.5e-05,0.3242,0.224,0.0209,ROTATE2
70.5026,54.8394,-511.9957,0.41,519.7283,3.8405,0.0064,515.9916,3.6898,0.3991,4.4e-05,0.3099,0.2476,0.0229,ROTATE2
83.0052,61.9246,-511.9965,0.4109,522.3648,2.6365,0.0009,517.4781,9.3791,0.4026,5.3e-05,0.2966,0.2687,0.0268,ROTATE2
114.176,79.471,-511.9972,0.3948,530.5591,8.1943,0.016,520.6775,31.6642,0.403,4.7e-05,0.2814,0.2849,0.0324,ROTATE2
103.1846,105.1361,-469.6134,0.3783,492.1762,38.3829,0.0166,516.1432,166.7722,0.3995,0.000146,0.263,0.2965,0.039,ROTATE2
72.007,127.712,-370.7282,0.3677,398.6663,93.5099,0.0106,492.6989,2377.291,0.3923,0.000293,0.2417,0.3038,0.0457,ROTATE2
43.2869,142.3165,-233.8982,0.3574,277.1933,121.473,0.0103,444.192,9166.7803,0.3818,0.000364,0.2175,0.3078,0.0502,ROTATE2
28.1045,139.7407,-120.2342,0.3553,186.4768,90.7165,0.0021,377.0143,16715.1699,0.3707,0.000213,0.1926,0.311,0.0493,ROTATE2
2.9399,120.4301,6.2095,0.3619,120.6259,65.8509,0.0066,295.0277,18425.1699,0.3641,6.8e-05,0.1707,0.317,0.0424,ROTATE2
-32.3419,88.669,107.3645,0.3634,142.9522,22.3263,0.0015,225.1829,10398.7588,0.3611,1.9e-05,0.1552,0.3232,0.032,ROTATE2
-58.5297,49.5415,188.2885,0.3592,203.3043,60.3521,0.0043,186.1105,2948.543,0.3594,9e-06,0.1454,0.3273,0.0199,ROTATE2
-71.0269,6.7426,253.0277,0.3403,262.894,59.5898,0.0188,183.2506,2460.2913,0.356,6.9e-05,0.1408,0.3265,0.0097,ROTATE2
-88.1653,-24.2184,304.819,0.3157,318.2362,55.3422,0.0246,209.6025,5408.0088,0.3481,0.000331,0.1406,0.3181,0.0045,ROTATE2
-96.1666,-38.7998,346.2521,0.2927,361.447,43.2108,0.023,257.7668,6116.1963,0.3343,0.000716,0.1437,0.3009,0.0059,ROTATE2
-94.952,-33.7398,379.3986,0.266,392.5526,31.1056,0.0267,307.6868,4621.1499,0.3148,0.001099,0.1485,0.2751,0.0128,ROTATE2
-74.7366,-4.7762,405.9157,0.2496,412.7662,20.2137,0.0163,349.5792,2895.3716,0.2929,0.001073,0.1546,0.2442,0.0227,ROTATE2
-44.4081,35.6009,427.1295,0.2318,430.905,18.1387,0.0178,383.1814,1586.1766,0.2712,0.000897,0.1625,0.2099,0.033,ROTATE2
-19.5858,80.2807,444.1005,0.2168,451.7231,20.8182,0.015,409.8788,969.4448,0.2514,0.000699,0.1704,0.1741,0.041,ROTATE2
-7.6843,118.0027,457.6772,0.2017,472.7072,20.9841,0.0151,432.1309,794.6465,0.2332,0.000521,0.1772,0.1368,0.0448,ROTATE2
-0.1943,137.6834,468.5387,0.1895,488.3495,15.6423,0.0123,451.2902,746.3848,0.2179,0.000455,0.1818,0.1003,0.0429,ROTATE2
-9.6961,140.8092,477.2278,0.1834,497.6622,9.3127,0.0061,468.2694,591.3444,0.2046,0.000316,0.1839,0.0622,0.0378,ROTATE2
-26.1506,132.163,484.1792,0.1837,502.5738,4.9116,0.0003,482.6032,342.025,0.195,0.000163,0.1826,0.0224,0.0306,ROTATE2
-47.0299,115.2117,489.7402,0.1922,505.3029,2.7292,0.0085,493.3192,139.5337,0.1901,4.5e-05,0.1774,-0.0192,0.0228,ROTATE2
-83.3176,84.6287,494.1891,0.2051,508.2585,2.9556,0.0129,500.4294,48.6451,0.1908,6.3e-05,0.168,-0.0615,0.0158,ROTATE2
-130.7354,50.3967,497.7482,0.2239,517.0927,8.8341,0.0188,506.178,41.9467,0.1977,0.000235,0.1547,-0.1042,0.0107,ROTATE2
-179.4008,18.4299,500.5954,0.2361,532.0903,14.9977,0.0122,513.0636,114.3207,0.2082,0.000378,0.1348,-0.1456,0.0071,ROTATE2
-221.5925,-12.828,502.8732,0.2424,549.6811,17.5908,0.0063,522.4851,271.7168,0.22,0.000354,0.1083,-0.1812,0.0036,ROTATE2
-245.6178,-44.0624,504.6955,0.2415,563.0161,13.335,0.0009,534.0277,407.9907,0.2298,0.000195,0.0762,-0.2081,0.0,ROTATE2
-240.5848,-69.4999,506.1533,0.2392,564.7144,1.6984,0.0023,545.319,336.024,0.2366,4.5e-05,0.04,-0.2254,-0.0032,ROTATE2
-208.5616,-88.1281,507.3195,0.2495,555.5516,9.1628,0.0104,553.0107,138.4576,0.2417,2e-05,0.0009,-0.2349,-0.0056,ROTATE2
-156.8462,-95.4087,508.2525,0.277,540.3926,15.159,0.0274,554.6711,80.0116,0.2499,0.000195,-0.0387,-0.2409,-0.0077,ROTATE2
-115.5082,-92.6301,508.9989,0.314,530.0965,10.2961,0.037,550.7542,180.4719,0.2642,0.0008,-0.0784,-0.2474,-0.0095,ROTATE2
-124.0878,-79.6759,509.596,0.3515,530.5036,0.4071,0.0375,544.2517,190.1366,0.2862,0.001735,-0.1181,-0.2568,-0.0113,ROTATE2
-134.4515,-62.9439,510.0737,0.3738,531.2385,0.7349,0.0223,537.5565,95.4357,0.3132,0.0021,-0.1573,-0.2675,-0.0143,ROTATE2
-132.8456,-51.7301,510.4558,0.3813,529.9897,1.2488,0.0075,532.4442,15.9866,0.3395,0.001525,-0.1944,-0.275,-0.0185,ROTATE2
-109.739,-43.3278,510.7615,0.3865,524.2111,5.7786,0.0052,529.2079,6.4341,0.3614,0.000705,-0.2288,-0.2759,-0.023,ROTATE2
-62.9724,-35.6654,511.0061,0.3926,516.1054,8.1057,0.006,526.4097,32.7811,0.3771,0.000203,-0.2599,-0.2687,-0.0255,ROTATE2
-12.3873,-26.4729,511.2018,0.4042,512.0366,4.0688,0.0116,522.7163,57.1047,0.3877,0.000106,-0.2885,-0.2537,-0.0253,ROTATE2
34.5277,-13.9752,511.3583,0.4216,512.7131,0.6765,0.0175,519.0112,48.8641,0.3972,0.000207,-0.3165,-0.2341,-0.021,ROTATE2
73.8534,-1.6114,511.4835,0.4385,516.7904,4.0773,0.0169,516.3713,18.7761,0.4087,0.000366,-0.3451,-0.2123,-0.0134,ROTATE2
106.4327,12.2515,511.5837,0.4503,522.6815,5.8911,0.0118,516.0654,14.3536,0.4214,0.000452,-0.3731,-0.1891,-0.0029,ROTATE2
128.443,26.2449,511.6638,0.4542,528.1915,5.5101,0.0039,518.4826,37.9189,0.4338,0.000348,-0.3983,-0.164,0.0079,ROTATE2
144.2451,40.5022,511.728,0.4553,533.2097,5.0181,0.0011,522.7173,55.0539,0.444,0.00016,-0.4192,-0.1377,0.0173,ROTATE2
164.7117,51.9205,511.7793,0.4571,540.1331,6.9234,0.0018,528.2013,65.6255,0.4511,4.4e-05,-0.4346,-0.1103,0.0237,ROTATE2
189.2818,59.7177,511.8203,0.4592,548.957,8.824,0.002,534.6346,84.3573,0.4552,9e-06,-0.445,-0.0822,0.0268,ROTATE2
216.9692,64.8585,511.8531,0.4619,559.7106,10.7535,0.0027,542.0403,126.6972,0.4575,8e-06,-0.4518,-0.0534,0.0261,ROTATE2
248.116,69.7712,511.8794,0.4628,573.1057,13.3951,0.0009,551.0232,200.6583,0.4592,8e-06,-0.4561,-0.0244,0.0225,ROTATE2
271.524,75.1357,511.9004,0.4626,584.3053,11.1996,0.0002,561.2423,254.303,0.4607,5e-06,-0.4582,0.0061,0.0173,ROTATE2
285.7036,84.0586,511.9172,0.4532,592.2429,7.9376,0.0093,571.6643,248.7722,0.4599,1.3e-05,-0.456,0.0365,0.0121,ROTATE2
283.5848,93.0687,511.9307,0.4535,592.5834,0.3406,0.0002,580.3896,157.04,0.4588,2e-05,-0.4512,0.0683,0.0065,ROTATE2
278.8366,100.6612,511.9414,0.4536,591.5797,1.0037,0.0002,586.7634,55.9341,0.4571,2e-05,-0.4428,0.1019,0.0013,ROTATE2
270.613,104.6977,511.95,0.4525,588.4606,3.1191,0.0011,589.8344,9.7725,0.4551,1.4e-05,-0.4308,0.1366,-0.003,ROTATE2
260.4966,106.2613,511.9569,0.451,584.166,4.2946,0.0015,589.8065,10.0838,0.4528,1e-06,-0.4153,0.1712,-0.0055,ROTATE2
245.1629,108.6153,511.9624,0.4494,577.934,6.232,0.0016,586.9447,28.8983,0.452,3e-06,-0.3982,0.2061,-0.0067,ROTATE2
225.6054,107.7797,511.9668,0.4464,569.7581,8.1759,0.003,582.3796,60.7757,0.4506,6e-06,-0.3781,0.239,-0.0067,ROTATE2
198.0749,101.8582,511.9703,0.4423,558.321,11.437,0.004,575.7279,115.3652,0.4483,1.3e-05,-0.3555,0.2682,-0.0067,ROTATE2
163.7506,90.7834,511.9731,0.4355,545.1352,13.1859,0.0068,567.0629,195.0405,0.4449,3.1e-05,-0.331,0.2933,-0.0072,ROTATE2
120.7442,80.8111,511.9754,0.4271,532.1921,12.9431,0.0084,556.6681,271.6799,0.4402,6.4e-05,-0.3047,0.3141,-0.0081,ROTATE2
73.4797,75.9426,511.9772,0.426,522.7688,9.4233,0.0011,545.6351,289.3365,0.4355,6.5e-05,-0.2757,0.3334,-0.0052,ROTATE2
-5.9475,86.3416,483.0818,0.4437,490.7731,31.9957,0.0177,529.8381,525.3739,0.435,5.4e-05,-0.2459,0.3545,0.0017,ROTATE2
-85.8892,100.8233,387.0029,0.4652,409.0398,81.7333,0.0215,499.9818,2390.1655,0.4395,0.000206,-0.219,0.3771,0.0091,ROTATE2
-112.6833,98.9461,266.6555,0.4718,305.9297,103.1101,0.0066,452.1407,7224.8701,0.4468,0.000358,-0.197,0.3982,0.0148,ROTATE2
-98.181,82.2819,144.265,0.4513,192.9306,112.9991,0.0205,384.2884,14777.2676,0.4516,0.000262,-0.1802,0.4128,0.0174,ROTATE2
-67.526,60.0255,30.7058,0.4221,95.4236,97.5069,0.0292,298.8194,20325.5176,0.4508,0.000305,-0.169,0.4174,0.0137,ROTATE2
-30.9552,33.1767,-73.2416,0.3866,86.1583,9.2653,0.0355,217.8964,15452.6924,0.4394,0.000989,-0.1611,0.4085,0.0052,ROTATE2
-3.2735,3.682,-160.9933,0.3499,161.0687,74.9104,0.0367,168.3022,6331.8232,0.4164,0.001925,-0.1531,0.387,-0.0037,ROTATE2
2.6468,-25.1419,-231.1947,0.3175,232.5728,71.5041,0.0324,153.6308,3154.4487,0.3855,0.002311,-0.1438,0.3574,-0.0103,ROTATE2
-0.8076,-61.6323,-287.3557,0.2963,293.892,61.3192,0.0212,173.8231,6372.4663,0.3545,0.002074,-0.1356,0.3271,-0.0147,ROTATE2
-21.6523,-107.8496,-332.2846,0.2718,350.0192,56.1272,0.0246,224.7422,8759.4277,0.3244,0.001626,-0.1292,0.2969,-0.0168,ROTATE2
-58.8781,-163.0797,-368.2277,0.2487,407.0052,56.9861,0.023,288.9116,7444.5835,0.2969,0.001238,-0.125,0.2683,-0.0173,ROTATE2
-124.5493,-213.5731,-396.9821,0.2274,467.676,60.6708,0.0213,350.233,6806.8447,0.2724,0.001039,-0.1225,0.2422,-0.0151,ROTATE2
-202.0395,-252.2272,-419.9857,0.1954,529.9307,62.2547,0.032,409.7046,6959.4375,0.2479,0.001218,-0.1216,0.2148,-0.0091,ROTATE2
-264.0316,-268.7662,-438.3886,0.1678,578.0419,48.1113,0.0276,466.5346,6714.7686,0.2222,0.001373,-0.1197,0.1845,0.0028,ROTATE2
-313.6253,-250.9161,-453.1109,0.1505,605.4991,27.4572,0.0173,517.6306,5251.0259,0.198,0.001322,-0.117,0.1527,0.0186,ROTATE2
-353.3002,-212.986,-464.8887,0.1394,621.5349,16.0358,0.0111,560.5365,3121.7327,0.1761,0.001015,-0.114,0.1185,0.0368,ROTATE2
-385.0402,-162.4513,-474.311,0.134,632.1529,10.618,0.0054,593.4319,1340.7932,0.1574,0.000494,-0.1108,0.0794,0.0545,ROTATE2
-410.4322,-105.3923,-481.8488,0.1409,641.67,9.5171,0.007,615.7797,500.268,0.1465,0.000142,-0.1069,0.0372,0.0687,ROTATE2
-414.2551,-47.2545,-487.879,0.167,641.7681,0.0981,0.0261,628.525,188.0772,0.1464,0.000135,-0.1026,-0.0091,0.077,ROTATE2
-405.5916,19.0277,-492.7032,0.1944,638.4536,3.3145,0.0274,635.1158,58.3144,0.1551,0.000517,-0.0965,-0.0586,0.0778,ROTATE2
-394.1295,88.0097,-496.5626,0.23,640.0454,1.5918,0.0356,638.818,12.5799,0.1733,0.001259,-0.088,-0.1105,0.0723,ROTATE2
-351.1786,148.3577,-499.6501,0.265,628.4796,11.5658,0.035,638.0833,24.5319,0.1995,0.001947,-0.0774,-0.1617,0.0612,ROTATE2
-293.2023,187.6612,-502.1201,0.2969,610.9901,17.4896,0.0318,631.9473,131.118,0.2307,0.002185,-0.0658,-0.2093,0.0468,ROTATE2
-271.6368,196.9102,-504.096,0.3233,605.5353,5.4548,0.0264,624.7008,198.8357,0.2619,0.002115,-0.0538,-0.2508,0.0304,ROTATE2
-279.0751,195.8282,-505.6768,0.3452,609.8693,4.334,0.0219,618.9839,172.3197,0.2921,0.001681,-0.0416,-0.2867,0.0151,ROTATE2
-295.4976,186.4438,-506.9415,0.3564,615.6864,5.8171,0.0112,614.1121,62.0428,0.3173,0.001098,-0.028,-0.3149,0.0016,ROTATE2
-313.9043,166.9738,-507.9532,0.3626,620.0263,4.3399,0.0062,612.4214,24.8951,0.3369,0.000579,-0.012,-0.3352,-0.0099,ROTATE2
-336.3953,146.8322,-508.7625,0.3568,627.3442,7.3179,0.0058,615.6923,58.3247,0.3488,0.000195,0.0062,-0.3468,-0.0191,ROTATE2
-371.5163,140.4063,-509.41,0.3515,645.9388,18.5945,0.0052,623.773,155.3637,0.3545,3.4e-05,0.0274,-0.3507,-0.0269,ROTATE2
-394.1036,146.0876,-509.928,0.3665,660.8221,14.8833,0.0149,633.9636,287.3806,0.3588,2.7e-05,0.0521,-0.3512,-0.0355,ROTATE2
-369.4048,152.1982,-510.3424,0.4109,648.1309,12.6912,0.0444,640.4525,218.6064,0.3697,0.000451,0.0764,-0.3571,-0.0455,ROTATE2
-329.4145,143.7648,-510.674,0.4574,624.4759,23.655,0.0465,641.3424,185.4191,0.3886,0.001621,0.1016,-0.3695,-0.0563,ROTATE2
-305.0816,125.3868,-510.9391,0.4786,608.1574,16.3185,0.0212,637.505,351.7525,0.413,0.002443,0.1284,-0.3856,-0.068,ROTATE2
-277.8496,101.1282,-511.1513,0.4709,590.5108,17.6466,0.0077,626.4194,656.3273,0.4368,0.001789,0.1556,-0.3994,-0.0791,ROTATE2
-250.3172,81.4713,-511.321,0.4566,575.1048,15.406,0.0143,609.276,652.3583,0.4549,0.000552,0.1818,-0.406,-0.0868,ROTATE2
-220.185,76.8771,-511.4568,0.4437,562.1207,12.9841,0.0129,592.0739,499.2316,0.4614,0.000147,0.2081,-0.3994,-0.09,ROTATE2
-199.4168,82.4954,-511.5655,0.43,555.2223,6.8984,0.0137,578.2232,369.02,0.4559,0.000312,0.2324,-0.3789,-0.0894,ROTATE2
-174.2334,74.9651,-511.6524,0.4218,545.6786,9.5436,0.0082,565.7274,245.4942,0.4446,0.000314,0.2582,-0.3472,-0.0852,ROTATE2
-151.2211,91.9721,-511.7219,0.4159,541.4666,4.2121,0.0059,555.9186,144.1558,0.4336,0.00022,0.2809,-0.3154,-0.0796,ROTATE2
-107.1988,113.0027,-511.7775,0.4146,534.9555,6.511,0.0012,547.8888,93.9452,0.4252,0.000115,0.3025,-0.2837,-0.0751,ROTATE2
-66.1528,133.9271,-511.822,0.4214,533.174,1.7816,0.0067,542.0994,63.2241,0.4207,3e-05,0.3247,-0.2525,-0.0715,ROTATE2
-43.8441,146.8573,-511.8576,0.4204,534.3104,1.1364,0.0009,537.9171,23.4235,0.4188,9e-06,0.346,-0.2211,-0.0678,ROTATE2
-34.4096,162.1171,-511.8861,0.4214,538.0458,3.7355,0.001,536.3905,9.0478,0.4187,8e-06,0.3626,-0.1932,-0.0645,ROTATE2
-25.4152,179.4937,-511.9089,0.4295,543.0604,5.0146,0.0081,536.7092,12.6905,0.4215,2.3e-05,0.3804,-0.1642,-0.0601,ROTATE2
3.5709,192.5668,-511.9271,0.4232,546.9589,3.8985,0.0063,539.1099,27.3234,0.4232,1.1e-05,0.3948,-0.1336,-0.0544,ROTATE2
37.2318,202.9566,-511.9417,0.4179,551.9619,5.0029,0.0053,542.8675,39.1914,0.4225,1.5e-05,0.4045,-0.1006,-0.0489,ROTATE2
54.8542,200.5028,-511.9533,0.4162,552.5455,0.5837,0.0017,546.5145,29.9787,0.4217,2.2e-05,0.4109,-0.0659,-0.0443,ROTATE2
60.1177,188.1991,-511.9627,0.4179,548.7612,3.7844,0.0017,548.6576,12.0517,0.421,2.4e-05,0.4144,-0.0302,-0.0404,ROTATE2
54.9379,166.0874,-511.9702,0.4265,541.0329,7.7283,0.0086,548.2521,17.2488,0.4203,1.5e-05,0.4153,0.0071,-0.0372,ROTATE2
60.4691,142.0793,-511.9761,0.4304,534.7547,6.2782,0.004,545.8112,47.3925,0.4218,3.2e-05,0.4151,0.0437,-0.0327,ROTATE2
87.4221,107.5666,-511.9809,0.4253,530.4127,4.342,0.0051,541.5014,68.6747,0.4233,2.9e-05,0.4121,0.0788,-0.027,ROTATE2
113.0658,91.3158,-511.9847,0.4144,532.2131,1.8004,0.0109,537.4349,44.9984,0.4229,3.5e-05,0.4047,0.1111,-0.0197,ROTATE2
147.0277,85.1714,-511.9878,0.404,539.4467,7.2336,0.0104,535.572,16.6807,0.4201,9.3e-05,0.3932,0.1401,-0.0105,ROTATE2
200.6721,105.2683,-511.9902,0.3926,559.897,20.4503,0.0115,539.3448,114.8235,0.4134,0.000191,0.3767,0.1647,-0.0006,ROTATE2
224.9783,134.9115,-511.9922,0.3824,575.2845,15.3875,0.0102,547.4508,303.2352,0.4037,0.000233,0.356,0.186,0.0078,ROTATE2
228.1014,159.6636,-511.9937,0.3732,582.8038,7.5193,0.0092,557.9291,385.3498,0.3933,0.000217,0.3335,0.2047,0.013,ROTATE2
213.8061,158.7903,-472.945,0.3673,542.7747,40.0291,0.0059,560.0414,294.5564,0.3839,0.000175,0.3116,0.2207,0.0145,ROTATE2
170.5293,146.0041,-407.5029,0.3586,465.2484,77.5264,0.0087,545.2017,1786.6559,0.3748,0.000139,0.2895,0.2349,0.0117,ROTATE2
115.9141,128.7689,-313.8679,0.3466,358.5116,106.7368,0.0119,504.9246,7091.8604,0.3656,0.00015,0.2671,0.2472,0.0068,ROTATE2
69.0094,111.0464,-222.86,0.3379,258.3799,100.1317,0.0088,441.5436,14241.4736,0.3567,0.000169,0.2461,0.2566,0.0021,ROTATE2
14.6262,100.834,-75.8911,0.3293,127.0468,131.3331,0.0086,350.3922,21723.6699,0.3479,0.000188,0.228,0.2618,-0.0001,ROTATE2
-61.3771,90.6453,41.684,0.333,117.1379,9.9089,0.0037,265.2649,17956.3223,0.3411,0.00011,0.2141,0.265,0.0021,ROTATE2
-123.9486,75.2881,135.7441,0.3335,198.6404,81.5025,0.0006,211.9433,8002.2173,0.3361,3.5e-05,0.2066,0.2645,0.0083,ROTATE2
-176.3495,59.3993,210.9921,0.3267,281.3274,82.687,0.0069,196.5065,4430.2979,0.3321,1.5e-05,0.2043,0.2608,0.0164,ROTATE2
-211.0327,54.7132,271.1906,0.3172,347.955,66.6276,0.0095,214.4215,7931.0171,0.3279,3.5e-05,0.2065,0.2527,0.0244,ROTATE2
-222.0887,57.1143,319.3493,0.3037,393.1532,45.1982,0.0135,267.6428,9960.6475,0.3228,0.000126,0.2122,0.2399,0.0318,ROTATE2
-224.5897,65.6383,357.8763,0.2815,427.5797,34.4265,0.0222,329.7311,6691.3022,0.3125,0.000341,0.2181,0.2185,0.0368,ROTATE2
-206.7155,78.3856,388.698,0.26,447.1708,19.5911,0.0215,379.4372,3542.0664,0.2978,0.000588,0.2217,0.1912,0.0389,ROTATE2
-190.8849,95.3648,413.3553,0.2407,465.1817,18.0109,0.0193,416.2081,1735.2874,0.2806,0.000779,0.2235,0.1598,0.0384,ROTATE2
-179.0673,113.5293,433.0811,0.2186,482.1963,17.0145,0.022,443.0563,953.6497,0.2609,0.000891,0.2222,0.1242,0.0362,ROTATE2
-177.0695,124.3922,448.8618,0.2005,498.301,16.1047,0.0181,464.0859,623.7366,0.2403,0.000827,0.2171,0.0857,0.0322,ROTATE2
-164.0743,123.9481,461.4863,0.1896,505.2258,6.9248,0.011,479.6151,454.5378,0.2219,0.000663,0.2085,0.0461,0.0273,ROTATE2
-141.0063,114.5741,471.5859,0.1926,505.3744,0.1486,0.0031,491.2559,241.2128,0.2084,0.000362,0.1979,0.0048,0.0222,ROTATE2
-123.0613,94.8093,479.6656,0.2017,504.1944,1.18,0.009,499.0584,77.8427,0.2006,0.000102,0.185,-0.0383,0.0173,ROTATE2
-126.4116,67.5943,486.1294,0.2131,506.8241,2.6297,0.0114,503.984,8.7765,0.1995,6.7e-05,0.1696,-0.0813,0.0126,ROTATE2
-141.6761,41.0473,491.3004,0.2183,512.965,6.1409,0.0052,506.9168,9.8479,0.2031,0.000125,0.1494,-0.1219,0.0093,ROTATE2
-165.8596,11.3691,495.4372,0.2165,522.5865,9.6215,0.0018,510.3889,46.3287,0.2085,9.6e-05,0.1232,-0.1561,0.0077,ROTATE2
-186.5877,-6.1547,498.7467,0.2153,532.5421,9.9556,0.0012,515.8224,109.9293,0.213,3.5e-05,0.0899,-0.1823,0.008,ROTATE2
-161.2796,-10.8738,501.3942,0.2173,526.8069,5.7352,0.002,520.3449,86.5658,0.2161,3e-06,0.0508,-0.1995,0.0104,ROTATE2
-108.4768,-4.8146,503.5123,0.2274,515.0873,11.7195,0.01,521.9976,52.8004,0.219,1.9e-05,0.0083,-0.2088,0.0144,ROTATE2
-39.2346,4.8077,505.2067,0.248,506.7507,8.3366,0.0206,520.7547,81.4317,0.2249,0.000152,-0.034,-0.2137,0.0188,ROTATE2
28.9905,15.1805,506.5623,0.2747,507.6182,0.8675,0.0267,517.761,106.3122,0.2365,0.000498,-0.0735,-0.2183,0.0227,ROTATE2
79.6455,23.3319,507.6467,0.303,514.386,6.7678,0.0283,514.1298,51.7086,0.2541,0.000983,-0.1093,-0.2248,0.0254,ROTATE2
102.5977,27.6749,508.5143,0.3332,519.4987,5.1127,0.0303,512.6682,23.1957,0.2772,0.001429,-0.1423,-0.2347,0.0269,ROTATE2
91.0813,25.7774,509.2083,0.3548,517.9318,1.5669,0.0216,513.2371,27.2427,0.3027,0.001484,-0.1734,-0.2453,0.0271,ROTATE2
61.0931,24.7251,509.7635,0.3692,514.0063,3.9255,0.0144,514.6882,16.8407,0.327,0.00118,-0.2029,-0.2536,0.0263,ROTATE2
12.4464,19.4457,510.2077,0.3821,510.7298,3.2765,0.0129,515.3105,9.5901,0.3484,0.000781,-0.2313,-0.2578,0.0248,ROTATE2
-37.8616,13.2347,510.563,0.3935,512.136,1.4062,0.0114,514.8605,11.2322,0.3666,0.000445,-0.2585,-0.2569,0.0237,ROTATE2
-79.8768,6.8377,510.8473,0.3994,517.0996,4.9636,0.0059,514.3807,7.7021,0.3798,0.000264,-0.2832,-0.25,0.0227,ROTATE2
-108.2671,-0.1454,511.0747,0.4012,522.4166,5.317,0.0018,515.2777,17.2907,0.3891,0.000144,-0.3048,-0.2387,0.0218,ROTATE2
-119.848,-9.9976,511.2567,0.4033,525.2113,2.7947,0.0021,517.5187,31.6808,0.3959,5.8e-05,-0.3236,-0.2249,0.0211,ROTATE2
-120.7503,-20.4606,511.4022,0.4081,525.8626,0.6513,0.0047,520.5452,27.2273,0.4011,2.3e-05,-0.3405,-0.2084,0.0206,ROTATE2
-109.169,-27.1716,511.5187,0.4179,523.7438,2.1188,0.0098,522.8668,9.7408,0.406,4.4e-05,-0.3566,-0.1899,0.0194,ROTATE2
-90.5415,-24.531,511.6118,0.4238,520.1406,3.6032,0.0059,523.475,4.2053,0.4108,7.5e-05,-0.3721,-0.1694,0.0184,ROTATE2
-65.0425,-15.0811,511.6863,0.4255,516.0241,4.1165,0.0018,522.1965,13.4497,0.4157,7.6e-05,-0.3864,-0.1473,0.0181,ROTATE2
-33.509,-10.3086,511.746,0.4273,512.9455,3.0786,0.0018,519.7433,22.73,0.4205,4.9e-05,-0.3997,-0.1231,0.0185,ROTATE2
-0.8072,6.1187,511.7937,0.4318,511.8309,1.1146,0.0045,516.9369,19.8865,0.4253,2.1e-05,-0.4115,-0.0976,0.0193,ROTATE2
26.5792,26.8825,511.8318,0.4362,513.226,1.3951,0.0044,514.8334,8.9493,0.4289,2e-05,-0.4207,-0.0708,0.0199,ROTATE2
53.4571,48.1685,511.8623,0.4354,516.8954,3.6694,0.0008,514.1844,3.7453,0.4312,1.8e-05,-0.4268,-0.0437,0.0197,ROTATE2
86.0657,68.6348,511.8867,0.4305,523.5896,6.6942,0.0049,515.6975,18.4705,0.4322,1.1e-05,-0.4298,-0.0168,0.0182,ROTATE2
117.2088,85.5047,511.9063,0.4221,532.0686,8.479,0.0084,519.5221,55.9308,0.4312,2.5e-05,-0.4291,0.0099,0.0156,ROTATE2
151.7233,92.8444,511.9219,0.4149,541.9448,9.8762,0.0071,525.5449,108.3811,0.4278,6.7e-05,-0.4243,0.0367,0.0125,ROTATE2
183.0036,86.513,511.9344,0.4105,550.5013,8.5565,0.0044,532.9999,147.0167,0.4227,8.6e-05,-0.4157,0.0638,0.0097,ROTATE2
204.2748,72.1854,511.9444,0.4081,555.9011,5.3998,0.0023,540.8011,139.1809,0.4172,6.6e-05,-0.4044,0.0922,0.008,ROTATE2
215.9105,53.9733,511.9524,0.4066,558.2345,2.3334,0.0016,547.73,92.708,0.4124,3.1e-05,-0.3909,0.1224,0.0077,ROTATE2
222.7315,38.4037,511.9588,0.4034,559.6302,1.3958,0.0031,553.2424,41.589,0.4087,1.5e-05,-0.3749,0.1539,0.009,ROTATE2
229.3008,31.1667,511.964,0.3983,561.8339,2.2037,0.0052,557.2202,15.0015,0.4054,1.8e-05,-0.3558,0.1859,0.0114,ROTATE2
224.9938,34.6927,511.968,0.3975,560.3009,1.533,0.0008,559.1802,4.0295,0.4028,1.8e-05,-0.3335,0.2181,0.014,ROTATE2
215.4919,40.4323,511.9713,0.4,556.9436,3.3573,0.0025,559.3887,2.8361,0.4011,1.2e-05,-0.3076,0.2501,0.0158,ROTATE2
194.5779,40.5833,511.9739,0.4114,549.2039,7.7397,0.0114,557.5825,20.0535,0.4021,2.6e-05,-0.2787,0.2826,0.0169,ROTATE2
140.9311,39.3448,511.976,0.4525,532.4745,16.7294,0.0411,552.1514,115.7999,0.4119,0.000437,-0.2485,0.3208,0.0194,ROTATE2
64.6636,38.3758,447.9746,0.493,454.2415,78.233,0.0405,530.6328,1551.2737,0.4309,0.001356,-0.2185,0.3637,0.0235,ROTATE2
44.1528,43.1788,341.7578,0.4906,347.2928,106.9487,0.0025,488.0312,6283.0557,0.4495,0.001498,-0.1906,0.4014,0.0265,ROTATE2
57.1941,48.4212,232.6875,0.4685,244.457,102.8357,0.0221,425.5339,13293.0371,0.4632,0.000892,-0.1678,0.4285,0.0262,ROTATE2
71.4365,50.5088,127.65,0.4461,154.7541,89.7029,0.0224,346.644,18674.9023,0.4701,0.000367,-0.1505,0.444,0.0225,ROTATE2
84.718,48.5852,16.2231,0.4334,98.9992,55.7549,0.0127,259.9489,16517.8574,0.4663,0.00056,-0.1382,0.4446,0.0145,ROTATE2
91.3681,44.165,-89.4215,0.4307,135.2586,36.2594,0.0027,196.1523,8007.4717,0.4538,0.000515,-0.1309,0.4342,0.0035,ROTATE2
89.9914,38.3945,-173.9372,0.4211,199.5664,64.3078,0.0096,166.6071,2568.1943,0.44,0.000267,-0.1276,0.4208,-0.0059,ROTATE2
75.6275,27.0406,-241.5498,0.4022,254.5526,54.9862,0.019,168.6262,2898.8765,0.4267,0.000214,-0.1267,0.4072,-0.011,ROTATE2
23.7176,3.345,-295.6398,0.376,296.6086,42.056,0.0262,196.9971,5331.3804,0.4127,0.000457,-0.1291,0.3915,-0.0129,ROTATE2
-56.3603,-31.3303,-338.9119,0.3434,344.9918,48.3832,0.0325,246.1956,5370.6572,0.3947,0.001007,-0.1344,0.3701,-0.0132,ROTATE2
-142.1414,-68.1986,-373.5295,0.3021,405.4374,60.4456,0.0414,300.2314,5060.9849,0.3689,0.0018,-0.1403,0.3397,-0.0123,ROTATE2
-216.1131,-94.5682,-401.2236,0.2478,465.4335,59.9961,0.0543,353.4048,5665.2378,0.3343,0.002991,-0.1451,0.2989,-0.01,ROTATE2
-275.2905,-97.0733,-423.3788,0.1974,514.2546,48.821,0.0504,405.3452,6187.6128,0.2933,0.004138,-0.1475,0.2501,-0.0063,ROTATE2
-322.6324,-82.0993,-441.1031,0.1551,552.6336,38.379,0.0423,456.5501,5539.7061,0.2491,0.004644,-0.146,0.1954,-0.0004,ROTATE2
-360.5059,-56.4794,-455.2825,0.1309,583.4694,30.8358,0.0242,504.2458,3997.4856,0.2066,0.003856,-0.1415,0.1362,0.0063,ROTATE2
-390.8047,-35.2179,-466.626,0.1337,609.679,26.2096,0.0028,545.0941,2599.5208,0.1729,0.001966,-0.1357,0.0741,0.0116,ROTATE2
-393.2219,-37.4556,-475.7008,0.1591,618.3184,8.6393,0.0254,575.671,1467.7712,0.1552,0.00057,-0.1291,0.0128,0.013,ROTATE2
-362.44,-46.7832,-482.9606,0.1898,605.6422,12.6762,0.0307,593.9485,558.9624,0.1537,0.000452,-0.1215,-0.0462,0.0117,ROTATE2
-345.2395,-43.1735,-488.7685,0.2133,599.9574,5.6848,0.0235,603.4133,135.2179,0.1654,0.001027,-0.1123,-0.0998,0.0085,ROTATE2
-352.0729,-26.8544,-493.4148,0.2403,606.741,6.7836,0.0269,608.0676,36.2186,0.1872,0.001433,-0.1007,-0.1481,0.0053,ROTATE2
-336.3708,-1.0835,-497.1318,0.2685,600.2387,6.5023,0.0282,606.1796,44.3927,0.2142,0.001452,-0.0872,-0.1907,0.0033,ROTATE2
-316.0779,27.7863,-500.1055,0.2954,592.2692,7.9695,0.0269,600.9697,26.4793,0.2415,0.00142,-0.0726,-0.2274,0.0015,ROTATE2
-298.0342,56.6916,-502.4844,0.3158,586.9658,5.3034,0.0205,597.2344,47.3824,0.2667,0.001357,-0.058,-0.2585,-0.0003,ROTATE2
-285.1586,81.7126,-504.3875,0.3265,585.1488,1.817,0.0107,594.2727,66.3402,0.2893,0.000992,-0.0432,-0.2849,-0.0028,ROTATE2
-288.2113,102.8107,-505.91,0.332,591.2535,6.1047,0.0055,591.1752,27.4773,0.3076,0.00054,-0.0274,-0.3053,-0.0063,ROTATE2
-293.3815,120.5173,-507.128,0.3444,598.1437,6.8902,0.0125,590.7562,20.5844,0.3228,0.000273,-0.0095,-0.3213,-0.0107,ROTATE2
-300.8802,134.3576,-508.1024,0.3615,605.598,7.4542,0.017,593.422,57.0758,0.3361,0.000247,0.0111,-0.3339,-0.0158,ROTATE2
-313.3073,144.4611,-508.8819,0.3708,614.8099,9.212,0.0093,598.9908,109.2167,0.347,0.000286,0.0349,-0.3426,-0.0227,ROTATE2
-312.924,154.1751,-509.5055,0.3735,617.4846,2.6747,0.0026,605.4579,97.4766,0.3564,0.000253,0.0606,-0.3478,-0.0312,ROTATE2
-307.2704,164.7401,-510.0044,0.3727,617.7855,0.3009,0.0008,610.7643,59.3594,0.3646,0.00012,0.0855,-0.3499,-0.0415,ROTATE2
-281.5289,166.7327,-510.4035,0.3801,606.2756,11.5099,0.0075,612.3907,28.8882,0.3717,3.6e-05,0.1115,-0.3483,-0.0534,ROTATE2
-268.295,155.9581,-510.7228,0.3976,597.6144,8.6612,0.0174,610.7941,60.7784,0.3789,9.7e-05,0.1399,-0.3434,-0.0652,ROTATE2
-255.6485,141.0414,-510.9783,0.4152,588.5131,9.1013,0.0177,605.5347,129.18,0.3878,0.000268,0.1695,-0.3377,-0.0752,ROTATE2
-224.9063,126.5519,-511.1826,0.4171,572.6307,15.8824,0.0019,596.5638,236.6785,0.3965,0.000323,0.1986,-0.3304,-0.0819,ROTATE2
-206.6,120.2009,-511.3461,0.421,564.4525,8.1782,0.0039,585.8973,239.0577,0.4062,0.000235,0.2291,-0.3219,-0.0844,ROTATE2
-186.2269,120.6326,-511.4769,0.4172,557.5314,6.9211,0.0039,576.1484,221.8866,0.4136,6.8e-05,0.2583,-0.3093,-0.0826,ROTATE2
-156.6159,125.8905,-511.5815,0.4214,549.6295,7.902,0.0043,566.5514,178.2779,0.4184,6e-06,0.2844,-0.2935,-0.0771,ROTATE2
-117.9677,130.6249,-511.6652,0.4256,541.092,8.5375,0.0042,557.0672,121.5016,0.4205,1e-05,0.3078,-0.2741,-0.0689,ROTATE2
-69.1554,135.3561,-511.7321,0.4222,533.8292,7.2628,0.0034,549.3069,120.8364,0.4215,7e-06,0.3297,-0.2513,-0.0607,ROTATE2
-26.2368,139.1443,-511.7857,0.4176,531.0123,2.8168,0.0046,542.6188,97.167,0.4208,1e-05,0.3487,-0.2246,-0.0543,ROTATE2
7.7418,140.3373,-511.8286,0.4126,530.7758,0.2365,0.0051,537.2677,52.1072,0.4199,2e-05,0.3647,-0.1958,-0.0501,ROTATE2
39.1653,138.2417,-511.8629,0.408,531.6468,0.871,0.0046,533.6712,14.9288,0.4172,4.1e-05,0.3773,-0.1629,-0.0477,ROTATE2
51.5572,128.9903,-511.8903,0.41,530.4039,1.2429,0.002,531.5336,1.4809,0.4141,2.7e-05,0.3877,-0.1252,-0.0476,ROTATE2
46.6895,116.4641,-511.9122,0.4149,527.0654,3.3385,0.0048,530.1808,2.59,0.4126,1.2e-05,0.3964,-0.0853,-0.0485,ROTATE2
40.4454,104.7931,-511.9298,0.4198,524.1083,2.9571,0.005,528.8,7.9202,0.4131,1.7e-05,0.4034,-0.0446,-0.049,ROTATE2
39.6719,98.3564,-511.9438,0.416,522.8138,1.2945,0.0039,527.2076,11.7707,0.4137,1.8e-05,0.4068,-0.0041,-0.0481,ROTATE2
53.0469,102.3695,-511.955,0.4145,524.7775,1.9637,0.0015,525.8339,7.1232,0.415,1e-05,0.4071,0.036,-0.046,ROTATE2
63.7094,105.7862,-511.9641,0.4194,526.6468,1.8693,0.0049,525.0824,2.5136,0.4169,5e-06,0.404,0.0754,-0.042,ROTATE2
71.8988,109.4446,-511.9713,0.422,528.4526,1.8058,0.0027,525.3598,3.9217,0.4183,7e-06,0.3971,0.1132,-0.0372,ROTATE2
79.3096,111.4119,-511.977,0.4267,529.9274,1.4749,0.0046,526.5237,6.4266,0.4197,1.9e-05,0.3866,0.1504,-0.0322,ROTATE2
113.0352,105.2421,-511.9816,0.4369,534.7691,4.8417,0.0102,528.9147,11.5546,0.4239,5.8e-05,0.3743,0.1888,-0.0268,ROTATE2
157.6532,94.7624,-511.9853,0.4405,544.0251,9.256,0.0036,532.7642,38.9777,0.4291,6.8e-05,0.3625,0.2227,-0.0209,ROTATE2
178.0819,100.688,-511.9882,0.4347,551.3467,7.3215,0.0057,537.7042,76.1514,0.4322,4.6e-05,0.3491,0.2505,-0.0143,ROTATE2
152.7937,125.2786,-491.3124,0.4164,529.5551,21.7916,0.0183,537.9247,72.266,0.431,7.4e-05,0.3334,0.2709,-0.0067,ROTATE2
96.5974,140.1947,-404.5437,0.3958,438.9091,90.6459,0.0207,519.7211,1688.917,0.4249,0.00028,0.3151,0.2838,0.0012,ROTATE2
35.2748,142.7527,-280.7662,0.3723,316.9421,121.967,0.0235,476.1557,7969.54,0.4119,0.000638,0.2939,0.2873,0.008,ROTATE2
-24.2489,131.6896,-146.4411,0.3662,198.4318,118.5104,0.0061,407.037,17697.0039,0.3971,0.000673,0.2703,0.2892,0.0137,ROTATE2
-78.8491,109.8236,-16.0216,0.368,136.1436,62.2881,0.0018,323.9964,21312.8398,0.3837,0.000381,0.2479,0.2912,0.0172,ROTATE2
-120.4762,75.8432,89.5796,0.3584,168.1999,32.0562,0.0096,251.7253,12493.3691,0.3721,0.00016,0.2272,0.2931,0.0192,ROTATE2
-163.3809,48.2933,174.0605,0.3481,243.5624,75.3625,0.0103,212.656,3972.7241,0.3626,7.2e-05,0.2105,0.294,0.0202,ROTATE2
-215.186,23.1003,241.6453,0.336,324.3934,80.831,0.0121,214.1462,4292.4346,0.3553,0.000143,0.2005,0.2925,0.0205,ROTATE2
-261.3144,2.6615,295.7131,0.3184,394.6373,70.2438,0.0176,253.3873,9218.584,0.3458,0.000301,0.1948,0.2848,0.0207,ROTATE2
-281.889,-11.5958,338.9674,0.2952,441.0156,46.3783,0.0232,314.3617,9792.3652,0.3312,0.000502,0.1919,0.2684,0.0221,ROTATE2
-262.9206,-15.7391,373.5708,0.2831,457.0887,16.0732,0.0121,372.1395,6255.6396,0.3162,0.00059,0.1942,0.2465,0.0242,ROTATE2
-243.3365,-6.7319,401.2535,0.2744,469.3212,12.2324,0.0087,417.2913,2799.4009,0.3014,0.000517,0.2014,0.219,0.0273,ROTATE2
-217.3911,6.4144,423.3997,0.2538,475.9909,6.6697,0.0207,447.6107,843.2588,0.285,0.000462,0.2087,0.1857,0.0307,ROTATE2
-189.7597,24.8284,441.1167,0.2353,480.8421,4.8512,0.0184,464.8517,205.6349,0.2684,0.000456,0.215,0.1487,0.0331,ROTATE2
-154.5328,42.6721,455.2902,0.2201,482.6909,1.8488,0.0152,473.1868,86.177,0.2534,0.000552,0.2193,0.11,0.0326,ROTATE2
-129.22,54.2002,466.6291,0.2116,487.2147,4.5238,0.0085,479.212,37.4014,0.2391,0.000519,0.2198,0.0685,0.0285,ROTATE2
-116.2947,56.482,475.7001,0.2096,492.9557,5.741,0.0021,483.9389,33.2703,0.2261,0.000274,0.2152,0.0249,0.0219,ROTATE2
-113.667,51.0669,482.957,0.2114,498.774,5.8183,0.0018,488.4955,43.8898,0.2176,9.2e-05,0.2066,-0.0185,0.0146,ROTATE2
-121.3305,35.3629,488.7625,0.2128,504.837,6.063,0.0014,493.2944,62.5539,0.2131,1.3e-05,0.1933,-0.0611,0.0081,ROTATE2
-128.4207,15.1966,493.4069,0.2091,510.0717,5.2347,0.0037,498.7706,66.3736,0.2109,2e-06,0.1739,-0.1005,0.0041,ROTATE2
-130.4397,1.176,497.1224,0.2058,513.9519,3.8802,0.0032,504.118,57.1649,0.2097,5e-06,0.1477,-0.1349,0.0031,ROTATE2
-123.6611,-10.203,500.0948,0.211,515.2582,1.3063,0.0051,508.5785,37.1697,0.21,6e-06,0.1161,-0.1637,0.0034,ROTATE2
-103.6726,-14.3405,502.4727,0.2272,513.2568,2.0014,0.0162,511.4751,13.9309,0.2132,5.4e-05,0.0808,-0.1878,0.0032,ROTATE2
-71.5662,-13.3786,504.3751,0.2484,509.6027,3.6541,0.0212,512.4283,4.9107,0.2203,0.000252,0.0442,-0.2083,0.0019,ROTATE2
-50.128,-10.906,505.8969,0.2775,508.4914,1.1114,0.0291,512.1122,6.7999,0.234,0.000693,0.0077,-0.2281,-0.0008,ROTATE2
-43.8899,-5.953,507.1144,0.3039,509.045,0.5536,0.0265,511.1308,7.0414,0.2536,0.001129,-0.0275,-0.2478,-0.0036,ROTATE2
-44.0182,0.997,508.0884,0.3247,509.9926,0.9476,0.0208,510.0777,2.7845,0.2763,0.00126,-0.0623,-0.2658,-0.0054,ROTATE2
-30.2364,7.5914,508.8676,0.3382,509.8217,0.1709,0.0135,509.3907,0.3043,0.2985,0.001049,-0.0964,-0.2795,-0.0057,ROTATE2
-11.611,13.8168,509.491,0.3479,509.8105,0.0111,0.0097,509.4322,0.3288,0.3185,0.000638,-0.1306,-0.2874,-0.0047,ROTATE2
11.3049,20.8816,509.9897,0.3575,510.5422,0.7316,0.0095,509.8424,0.2299,0.3345,0.000351,-0.164,-0.2882,-0.0026,ROTATE2
33.5971,24.0022,510.3886,0.3701,512.0561,1.5139,0.0126,510.4446,0.7202,0.3477,0.000243,-0.1969,-0.283,-0.0003,ROTATE2
34.437,28.1173,510.7078,0.3838,512.6392,0.5831,0.0138,510.9739,1.3623,0.3595,0.000259,-0.229,-0.2734,0.0022,ROTATE2
12.6153,34.272,510.9631,0.4017,512.2665,0.3726,0.0178,511.4629,1.1919,0.3722,0.000363,-0.261,-0.2615,0.0052,ROTATE2
-15.4078,38.6801,511.1674,0.4129,512.8603,0.5937,0.0112,512.0729,0.6643,0.3852,0.000408,-0.2917,-0.2475,0.0083,ROTATE2
-32.295,36.6441,511.3308,0.4199,513.6584,0.7981,0.007,512.6961,0.3101,0.3977,0.000339,-0.3204,-0.2313,0.0108,ROTATE2
-39.1829,30.2184,511.4615,0.424,513.8495,0.1912,0.0041,513.0548,0.3656,0.4085,0.000209,-0.3459,-0.2126,0.0124,ROTATE2
-41.1494,28.356,511.5661,0.4234,514.0012,0.1517,0.0007,513.3272,0.436,0.4164,7e-05,-0.3676,-0.1904,0.0128,ROTATE2
-33.0445,31.3629,511.6498,0.4242,513.6741,0.3271,0.0008,513.6087,0.1558,0.4209,1.8e-05,-0.3847,-0.1644,0.012,ROTATE2
-19.6106,34.2903,511.7167,0.4274,513.2391,0.435,0.0032,513.6844,0.0653,0.4238,6e-06,-0.3985,-0.1365,0.0104,ROTATE2
2.2396,37.3073,511.7703,0.4339,513.1332,0.1059,0.0065,513.5794,0.115,0.4266,1.5e-05,-0.4103,-0.1072,0.0081,ROTATE2
26.5917,37.0583,511.8131,0.441,513.8415,0.7083,0.0071,513.5778,0.1141,0.43,4.4e-05,-0.4207,-0.0761,0.0059,ROTATE2
52.2796,37.3498,511.8474,0.4466,515.8643,2.0228,0.0056,513.9504,0.985,0.4346,6.9e-05,-0.4299,-0.0444,0.0043,ROTATE2
76.4456,35.1579,511.8748,0.4472,518.7444,2.8802,0.0005,514.9645,4.5379,0.4392,5.8e-05,-0.4365,-0.0119,0.004,ROTATE2
97.844,38.9076,511.8967,0.4422,522.6141,3.8696,0.005,516.8395,12.1301,0.4422,2.3e-05,-0.4389,0.0217,0.0049,ROTATE2
109.6877,47.7167,511.9143,0.4335,525.7038,3.0897,0.0087,519.3536,18.7771,0.4421,2.4e-05,-0.4357,0.0558,0.0069,ROTATE2
113.472,57.5359,511.9283,0.4349,527.5006,1.7968,0.0014,522.0854,18.5123,0.4409,3.3e-05,-0.4284,0.0903,0.0092,ROTATE2
115.3432,64.5881,511.9395,0.4347,528.7322,1.2316,0.0002,524.659,12.9843,0.4385,2.8e-05,-0.4168,0.1251,0.0114,ROTATE2
111.6965,75.3236,511.9485,0.4388,529.378,0.6458,0.0041,526.7857,5.9186,0.4368,1e-05,-0.4025,0.1604,0.0132,ROTATE2
101.6853,84.2714,511.9557,0.4414,528.7156,0.6624,0.0026,528.006,1.6938,0.4367,9e-06,-0.3861,0.1956,0.0157,ROTATE2
92.5357,90.5265,511.9614,0.4429,528.0742,0.6414,0.0015,528.4801,0.4099,0.4385,1.1e-05,-0.3675,0.2313,0.0185,ROTATE2
82.863,96.1712,511.966,0.4532,527.4698,0.6044,0.0103,528.4739,0.4221,0.4422,3.8e-05,-0.3457,0.268,0.0203,ROTATE2
75.3872,97.1807,511.9697,0.4778,526.5361,0.9337,0.0247,528.0347,0.9669,0.4508,0.000206,-0.3196,0.3094,0.0204,ROTATE2
15.2817,95.1977,511.9727,0.5052,520.9723,5.5638,0.0273,526.3536,7.7554,0.4641,0.000592,-0.2883,0.3541,0.0231,ROTATE2
-39.2809,87.3206,429.3719,0.5026,439.9183,81.054,0.0025,508.5941,1185.4535,0.4763,0.000637,-0.2526,0.3949,0.0248,ROTATE2
-67.7497,66.1784,320.1757,0.4763,333.8893,106.029,0.0264,469.7572,5705.605,0.483,0.000368,-0.2181,0.4249,0.0207,ROTATE2
-75.5092,34.7802,218.7499,0.4477,234.0146,99.8747,0.0285,411.0661,12709.7305,0.4819,0.000438,-0.1871,0.4412,0.0136,ROTATE2
-41.973,-1.5039,127.5499,0.4257,134.2869,99.7277,0.022,332.6163,19210.0352,0.4715,0.000957,-0.1624,0.4415,0.0067,ROTATE2
3.5435,-30.2407,36.1743,0.4128,47.2825,87.0044,0.013,237.8783,19422.2266,0.453,0.001079,-0.1448,0.4288,-0.0026,ROTATE2
52.5286,-45.2238,-70.0637,0.3978,98.5564,51.2739,0.015,169.6059,10479.1973,0.4321,0.000757,-0.1331,0.4108,-0.01,ROTATE2
89.7322,-50.5165,-158.4509,0.3845,188.9722,90.4158,0.0133,140.6225,4316.3652,0.4137,0.000482,-0.1239,0.3944,-0.0098,ROTATE2
110.1983,-56.0476,-229.1608,0.3735,260.3837,71.4115,0.0111,145.8963,5412.6836,0.3989,0.000354,-0.1161,0.3812,-0.0033,ROTATE2
115.7899,-68.4975,-285.7286,0.3639,315.8164,55.4328,0.0096,182.2022,9842.1777,0.3865,0.000301,-0.1109,0.3698,0.0058,ROTATE2
98.0756,-89.7355,-330.9829,0.342,356.6805,40.864,0.0219,244.0818,8460.9561,0.3723,0.000359,-0.1094,0.3552,0.0147,ROTATE2
42.6011,-113.3665,-367.1863,0.3177,386.6427,29.9623,0.0243,301.6991,4970.3975,0.3563,0.000569,-0.112,0.3369,0.0218,ROTATE2
-58.7597,-132.3588,-396.149,0.2767,421.7886,35.1459,0.0409,348.2624,3145.0857,0.3347,0.001211,-0.1184,0.3107,0.0258,ROTATE2
-149.4078,-144.3808,-419.3192,0.2326,467.9713,46.1827,0.0441,389.7799,2742.8918,0.3066,0.002205,-0.1265,0.2754,0.0275,ROTATE2
-221.9262,-140.8297,-437.8554,0.1908,510.6874,42.7161,0.0418,428.7541,3053.5093,0.2719,0.00303,-0.1337,0.2307,0.0273,ROTATE2
-279.941,-138.0825,-452.6843,0.1606,549.8698,39.1824,0.0302,467.392,3455.5059,0.2357,0.003214,-0.1389,0.1794,0.0262,ROTATE2
-326.3528,-125.3566,-464.5475,0.1477,581.399,31.5292,0.0129,506.3432,3233.7385,0.2017,0.002262,-0.1427,0.1232,0.0252,ROTATE2
-363.4822,-110.7415,-474.038,0.1505,607.5319,26.1329,0.0028,543.4918,2471.6499,0.1764,0.001021,-0.1439,0.0667,0.0246,ROTATE2
-391.7702,-98.0651,-481.6304,0.1687,628.5447,21.0128,0.0182,575.6066,1746.4222,0.1637,0.000239,-0.143,0.0112,0.0241,ROTATE2
-399.2286,-91.5365,-487.7043,0.1961,636.8814,8.3367,0.0273,600.8453,1017.4461,0.1647,0.000301,-0.1399,-0.0425,0.0241,ROTATE2
-387.1142,-81.4448,-492.5634,0.2283,631.751,5.1304,0.0323,617.2216,420.5951,0.1783,0.000923,-0.134,-0.094,0.0241,ROTATE2
-365.8195,-58.9652,-496.4507,0.2627,619.4869,12.2641,0.0344,624.8392,106.9416,0.2013,0.001632,-0.1248,-0.1442,0.0237,ROTATE2
-340.865,-20.6097,-499.5606,0.2985,605.1235,14.3634,0.0359,624.3575,124.5427,0.2309,0.002135,-0.1119,-0.1932,0.0225,ROTATE2
-318.5326,26.9779,-502.0485,0.3266,595.1836,9.9399,0.0281,617.6852,246.7412,0.2624,0.002199,-0.0959,-0.2384,0.0204,ROTATE2
-303.5292,65.4698,-504.0388,0.3551,592.0062,3.1774,0.0285,608.7103,224.3748,0.2943,0.002024,-0.0785,-0.2797,0.0167,ROTATE2
-303.9078,87.4696,-505.631,0.3736,596.3838,4.3776,0.0185,601.6368,98.5541,0.3233,0.001568,-0.0585,-0.3154,0.012,ROTATE2
-333.5043,101.6101,-506.9048,0.3759,615.2253,18.8416,0.0023,600.7845,71.0319,0.346,0.000873,-0.0367,-0.3421,0.0076,ROTATE2
-369.2035,117.2099,-507.9239,0.3724,638.777,23.5516,0.0035,607.5152,310.65,0.3607,0.000345,-0.0116,-0.3584,0.0034,ROTATE2
-397.7628,131.5336,-508.7391,0.376,659.0385,20.2615,0.0036,620.2862,648.069,0.3706,6.2e-05,0.0146,-0.3679,-0.0016,ROTATE2
-385.3196,136.6706,-509.3913,0.3776,653.1688,5.8697,0.0016,632.5187,554.7372,0.3751,3e-06,0.0435,-0.3698,-0.0071,ROTATE2
-364.6869,138.2271,-509.913,0.3735,641.9615,11.2073,0.004,641.6342,228.3313,0.3751,3e-06,0.0737,-0.3646,-0.0144,ROTATE2
-336.6277,144.9411,-510.3304,0.3791,628.3019,13.6596,0.0056,644.2495,117.5559,0.3757,6e-06,0.1066,-0.356,-0.0247,ROTATE2
-285.5959,154.5935,-510.6643,0.3965,605.1795,23.1224,0.0173,637.5301,371.708,0.3805,6.7e-05,0.1405,-0.347,-0.0381,ROTATE2
-225.7923,147.8373,-510.9315,0.4101,577.8313,27.3482,0.0136,621.2886,728.1886,0.3874,0.000191,0.1758,-0.3361,-0.0525,ROTATE2
-178.7839,138.723,-511.1452,0.4362,558.9965,18.8348,0.0261,602.4541,946.2425,0.3991,0.000511,0.2132,-0.3258,-0.0672,ROTATE2
-154.0271,88.5096,-511.3161,0.4525,541.2971,17.6995,0.0163,582.3213,976.7811,0.4149,0.000701,0.256,-0.3111,-0.079,ROTATE2
-156.9092,90.2015,-511.4529,0.474,542.5319,1.2349,0.0215,565.1673,576.3162,0.4338,0.000785,0.2959,-0.2998,-0.087,ROTATE2
-129.9992,116.3268,-511.5623,0.4769,540.4884,2.0435,0.0029,552.2291,210.5319,0.4499,0.000618,0.3308,-0.2865,-0.0906,ROTATE2
-92.0713,137.0708,-511.6498,0.4691,537.6347,2.8537,0.0078,544.1898,57.405,0.4617,0.000235,0.3612,-0.269,-0.0908,ROTATE2
-72.6695,145.9035,-511.7199,0.4638,537.053,0.5817,0.0053,539.801,4.4826,0.4673,7.4e-05,0.3869,-0.2432,-0.0877,ROTATE2
-65.8793,145.5009,-511.7759,0.4643,536.1205,0.9326,0.0005,538.7657,5.6723,0.4696,2.7e-05,0.4046,-0.2168,-0.0834,ROTATE2
-58.6629,146.0726,-511.8207,0.4643,535.4802,0.6403,0.0001,537.3553,3.0053,0.4677,2.5e-05,0.4196,-0.181,-0.078,ROTATE2
-46.2865,144.2456,-511.8566,0.4625,533.8037,1.6765,0.0018,536.0184,1.7776,0.4648,5e-06,0.4326,-0.1404,-0.0707,ROTATE2
-32.5886,137.4902,-511.8853,0.4488,531.0293,2.7744,0.0137,534.6973,4.4881,0.4607,3.6e-05,0.4415,-0.0953,-0.0621,ROTATE2
-24.7803,133.0109,-511.9082,0.4369,529.4866,1.5427,0.0118,533.184,6.5186,0.4554,0.000119,0.4445,-0.0498,-0.0516,ROTATE2
-11.6773,129.015,-511.9266,0.4235,528.0625,1.4241,0.0134,531.5724,7.4429,0.4472,0.000239,0.4401,-0.0042,-0.0411,ROTATE2
17.1831,128.2932,-511.9413,0.4107,528.0514,0.0111,0.0128,530.0867,4.6609,0.4365,0.000332,0.4284,0.0402,-0.0309,ROTATE2
113.3215,133.894,-511.953,0.4201,541.1703,13.1189,0.0094,531.5599,24.2962,0.428,0.000179,0.4161,0.0797,-0.0181,ROTATE2
188.6697,150.2402,-511.9624,0.4249,565.9274,24.7571,0.0048,538.5397,211.7486,0.4232,7.2e-05,0.403,0.1171,-0.006,ROTATE2
174.3108,178.7796,-511.9699,0.4285,569.6135,3.6861,0.0036,546.5651,324.0675,0.4215,3.7e-05,0.3896,0.1521,0.0041,ROTATE2
104.6642,197.905,-472.554,0.4117,522.9037,46.7098,0.0168,545.5333,366.5055,0.4192,5e-05,0.3732,0.1836,0.0108,ROTATE2
46.0783,202.9271,-400.5964,0.3808,451.42,71.4837,0.0309,530.207,1841.9476,0.4132,0.000293,0.3522,0.2088,0.0142,ROTATE2
5.5251,199.2073,-310.6459,0.3617,369.0731,82.347,0.0191,495.7876,5826.0391,0.4015,0.000678,0.3234,0.2324,0.0117,ROTATE2
-25.8393,191.4877,-201.6573,0.3551,279.2864,89.7867,0.0067,438.4594,10930.1465,0.3876,0.000806,0.2926,0.2497,0.0073,ROTATE2
-59.7933,182.1058,-92.3477,0.3563,212.7578,66.5287,0.0013,367.0882,12584.2646,0.3731,0.000458,0.2627,0.2622,0.0025,ROTATE2
-97.1659,169.8253,27.8687,0.3564,197.6322,15.1255,0.0,302.0339,9239.5723,0.3621,9.3e-05,0.239,0.2705,0.0002,ROTATE2
-145.2015,147.954,124.6918,0.3556,241.913,44.2808,0.0008,260.1325,3743.5054,0.357,6e-06,0.2257,0.2761,0.0009,ROTATE2
-185.2018,108.8319,202.1503,0.3544,294.9726,53.0596,0.0012,245.3124,1393.0265,0.3555,1e-06,0.2213,0.2781,0.003,ROTATE2
-228.5146,53.9812,264.1171,0.3461,353.3988,58.4262,0.0082,260.1349,3279.0093,0.3538,1.5e-05,0.2229,0.2742,0.0074,ROTATE2
-266.9429,0.3974,313.6906,0.3295,411.8986,58.4998,0.0166,299.963,5850.2529,0.3484,0.000102,0.2277,0.2622,0.0127,ROTATE2
-291.0731,-48.2133,353.3493,0.3084,460.3301,48.4315,0.0212,352.5026,6139.0439,0.3388,0.000318,0.234,0.2424,0.0173,ROTATE2
-290.1053,-86.7144,385.0764,0.289,489.8615,29.5314,0.0194,402.0923,5007.3823,0.3255,0.00058,0.2395,0.2159,0.0208,ROTATE2
-258.878,-103.3871,410.458,0.2703,496.1678,6.3063,0.0187,442.3314,2863.3149,0.3087,0.00074,0.2433,0.183,0.0241,ROTATE2
-204.6399,-97.1503,430.7633,0.2523,486.6957,9.4721,0.018,468.9907,964.4329,0.2899,0.000742,0.2448,0.1445,0.0257,ROTATE2
-160.7744,-73.1671,447.0075,0.2364,480.6429,6.0528,0.0159,482.7396,150.6539,0.2713,0.000653,0.2435,0.1032,0.025,ROTATE2
-120.5946,-45.6618,460.0029,0.226,477.735,2.9079,0.0104,486.2206,43.109,0.2548,0.000516,0.2395,0.061,0.0217,ROTATE2
-99.16,-24.1264,470.3992,0.2168,481.3421,3.6071,0.0092,484.5167,42.3145,0.2404,0.000363,0.2314,0.0188,0.015,ROTATE2
-95.128,-14.4886,478.7162,0.214,488.2914,6.9493,0.0028,482.9414,15.533,0.2291,0.000196,0.2195,-0.0228,0.0061,ROTATE2
-101.6118,-19.6252,485.3699,0.2111,496.2802,7.9888,0.003,484.8583,44.6242,0.2209,8.5e-05,0.2021,-0.0629,-0.0031,ROTATE2
-106.9769,-33.7033,490.6928,0.2179,503.3482,7.068,0.0068,489.3994,88.8241,0.2172,2.5e-05,0.1799,-0.102,-0.0093,ROTATE2
-105.0472,-49.1127,494.9511,0.2309,508.3538,5.0056,0.0131,495.5231,95.9661,0.2182,4.7e-05,0.1526,-0.1397,-0.0111,ROTATE2
-98.9846,-64.7245,498.3578,0.2474,512.1989,3.8451,0.0164,501.6945,73.276,0.2243,0.00018,0.1216,-0.1753,-0.0092,ROTATE2
-96.0596,-78.3452,501.0831,0.2638,516.1877,3.9888,0.0164,507.2737,48.23,0.2342,0.000372,0.0873,-0.2076,-0.0071,ROTATE2
-92.6477,-90.1231,503.2634,0.2768,519.5958,3.4081,0.013,511.9368,32.6804,0.2473,0.000454,0.0507,-0.2345,-0.0069,ROTATE2
-75.9181,-96.3672,505.0076,0.2868,519.695,0.0992,0.01,515.2062,19.2762,0.2611,0.000402,0.0127,-0.2543,-0.0098,ROTATE2
-23.7314,-91.6688,506.403,0.2938,515.1799,4.5151,0.007,516.5715,8.0214,0.2737,0.000275,-0.026,-0.2662,-0.0148,ROTATE2
40.1336,-81.2069,507.5193,0.3011,515.5396,0.3597,0.0074,517.2396,3.964,0.2844,0.000172,-0.0645,-0.2709,-0.0194,ROTATE2
98.0038,-63.7186,508.4123,0.3204,521.6779,6.1383,0.0193,518.3376,6.4767,0.2958,0.000216,-0.1039,-0.2711,-0.0206,ROTATE2
138.1155,-44.9374,509.1267,0.3449,529.4387,7.7607,0.0245,520.3062,26.9313,0.3094,0.000441,-0.1428,-0.2691,-0.0173,ROTATE2
141.3049,-35.5687,509.6982,0.3642,530.1174,0.6788,0.0193,522.3907,41.7635,0.3249,0.0007,-0.1809,-0.2651,-0.0102,ROTATE2
133.8158,-37.3081,510.1555,0.3806,528.7317,1.3857,0.0163,525.1011,32.0599,0.3423,0.000825,-0.2179,-0.2595,-0.0009,ROTATE2
120.1589,-43.7027,510.5213,0.3977,526.2889,2.4427,0.0171,527.251,9.4359,0.3616,0.000728,-0.2547,-0.2522,0.0089,ROTATE2
97.449,-50.2653,510.8139,0.4103,522.4498,3.8392,0.0127,527.4053,7.8106,0.3795,0.000542,-0.2889,-0.241,0.018,ROTATE2
77.2498,-51.5122,511.048,0.4172,519.4142,3.0356,0.0068,525.4004,15.7357,0.394,0.000376,-0.3193,-0.2248,0.025,ROTATE2
66.0311,-47.9567,511.2353,0.4235,517.7079,1.7063,0.0063,522.9186,16.9607,0.4058,0.000233,-0.3462,-0.2046,0.0299,ROTATE2
59.7093,-42.3966,511.3851,0.4314,516.6018,1.1061,0.0079,520.4926,12.2968,0.416,0.000133,-0.3703,-0.181,0.0327,ROTATE2
63.0143,-40.1954,511.505,0.4409,516.937,0.3352,0.0095,518.6222,4.6071,0.4247,0.000115,-0.3913,-0.1543,0.0342,ROTATE2
81.7552,-41.0407,511.6009,0.4488,519.715,2.778,0.0078,518.0752,1.6166,0.4323,0.000131,-0.4095,-0.1249,0.0348,ROTATE2
111.6729,-41.3576,511.6776,0.4506,525.3525,5.6375,0.0019,519.2628,10.4393,0.439,0.000107,-0.4246,-0.0934,0.0359,ROTATE2
143.7883,-40.4079,511.739,0.4495,533.0897,7.7372,0.0011,522.3392,38.7282,0.4443,5.3e-05,-0.4356,-0.059,0.0382,ROTATE2
171.3432,-30.1732,511.7881,0.4511,540.5515,7.4618,0.0016,527.1292,75.5387,0.4482,1.4e-05,-0.4425,-0.0228,0.0414,ROTATE2
191.7745,-13.9011,511.8274,0.4557,546.7522,6.2007,0.0046,533.0922,96.2178,0.4511,6e-06,-0.4453,0.0146,0.0451,ROTATE2
206.4696,-1.099,511.8588,0.4597,551.9332,5.181,0.004,539.5358,89.9046,0.4533,1.5e-05,-0.4444,0.0523,0.0479,ROTATE2
218.7851,9.0708,511.8839,0.4579,556.7534,4.8202,0.0018,545.816,69.5194,0.4548,1.5e-05,-0.4396,0.0908,0.0495,ROTATE2
216.8156,20.9692,511.904,0.4539,556.3223,0.4312,0.004,550.4625,37.6139,0.4557,9e-06,-0.4307,0.1288,0.0497,ROTATE2
199.5618,41.6691,511.9201,0.4488,551.0204,5.3019,0.0052,552.5563,13.6466,0.4552,1.4e-05,-0.4171,0.1658,0.0485,ROTATE2
176.0932,65.5478,511.933,0.4455,545.3262,5.6942,0.0032,552.2711,17.2825,0.4532,2.9e-05,-0.3989,0.2015,0.0456,ROTATE2
156.2589,81.282,511.9433,0.4464,541.3959,3.9303,0.0009,550.1637,36.4722,0.4505,2.2e-05,-0.3768,0.2364,0.0414,ROTATE2
139.3228,86.5662,511.9515,0.4388,537.5862,3.8098,0.0076,546.3302,44.7304,0.4467,2.4e-05,-0.3513,0.2676,0.0357,ROTATE2
118.6145,83.6748,511.9581,0.4239,532.139,5.4471,0.0149,541.4935,41.6468,0.4407,8.1e-05,-0.3221,0.294,0.0302,ROTATE2
73.4353,83.8805,511.9634,0.4083,523.9611,8.178,0.0156,536.0817,55.6841,0.4326,0.000213,-0.2874,0.3168,0.0274,ROTATE2
-20.4986,87.1544,511.9676,0.4426,519.7374,4.2237,0.0343,530.9639,65.8276,0.432,0.000199,-0.2493,0.3447,0.0284,ROTATE2
-103.902,77.6204,465.2772,0.4754,483.0149,36.7224,0.0329,519.2877,367.5496,0.4378,0.000501,-0.2146,0.3741,0.0279,ROTATE2
-110.706,46.3182,386.2374,0.4828,404.4509,78.5641,0.0074,492.6606,2229.0825,0.4466,0.000829,-0.1856,0.4013,0.0256,ROTATE2
-72.646,7.2327,299.3243,0.4639,308.0987,96.3522,0.019,447.8526,6722.2344,0.4546,0.000722,-0.1623,0.4223,0.0213,ROTATE2
-34.3137,-27.292,218.4626,0.4366,222.8187,85.28,0.0272,387.6241,12064.3135,0.4603,0.000325,-0.146,0.4357,0.0146,ROTATE2
-2.3103,-58.8898,140.4107,0.4148,152.2778,70.541,0.0218,314.1322,14250.0498,0.4547,0.000645,-0.1344,0.4341,0.0059,ROTATE2
25.383,-90.6619,56.4379,0.4037,109.7684,42.5093,0.0111,239.4829,11326.166,0.4404,0.000874,-0.1209,0.4231,0.0017,ROTATE2
43.8876,-120.5045,-56.0559,0.4042,139.9633,30.1949,0.0005,186.5854,5065.9629,0.4246,0.000527,-0.1058,0.4108,0.0029,ROTATE2
50.5101,-143.5567,-147.2447,0.4015,211.7565,71.7932,0.0027,167.317,1868.3105,0.4122,0.000171,-0.0915,0.4012,0.0089,ROTATE2
45.7612,-167.5266,-220.1958,0.381,280.438,68.6814,0.0205,178.8408,3678.6946,0.401,0.000122,-0.0803,0.3921,0.0165,ROTATE2
32.4152,-192.6651,-278.5566,0.3507,340.2416,59.8037,0.0303,216.4336,7334.4053,0.3882,0.000426,-0.0727,0.3803,0.0238,ROTATE2
7.4728,-217.9727,-325.2453,0.3187,391.6024,51.3608,0.032,272.8004,8018.5259,0.3712,0.001056,-0.0694,0.3632,0.0304,ROTATE2
-46.4155,-239.9563,-362.5963,0.2892,437.275,45.6726,0.0295,332.2627,6364.0005,0.3482,0.001655,-0.0688,0.3392,0.0356,ROTATE2
-131.9762,-247.2932,-392.477,0.2593,482.2964,45.0214,0.0299,386.3707,5033.999,0.3198,0.001859,-0.073,0.3082,0.0386,ROTATE2
-207.9809,-241.5408,-416.3816,0.2298,524.3774,42.081,0.0295,435.1586,4218.562,0.2895,0.001813,-0.08,0.2734,0.0421,ROTATE2
-268.7848,-223.8483,-435.5053,0.2001,558.5858,34.2084,0.0298,478.8275,3556.6062,0.2594,0.001759,-0.0883,0.2361,0.0479,ROTATE2
-317.4278,-185.6067,-450.8042,0.1709,581.7515,23.1656,0.0291,516.8572,2707.3738,0.2299,0.001748,-0.0956,0.1959,0.056,ROTATE2
-356.3423,-134.2291,-463.0434,0.1498,599.5052,17.7537,0.0212,549.3032,1754.1013,0.202,0.00155,-0.1028,0.1516,0.0651,ROTATE2
-387.4738,-75.9802,-472.8347,0.1367,616.0208,16.5156,0.0131,576.0482,1031.0752,0.1775,0.001144,-0.1062,0.1048,0.0736,ROTATE2
-412.3791,-24.381,-480.6678,0.1471,633.7921,17.7713,0.0104,597.931,685.1119,0.1609,0.000507,-0.1084,0.0562,0.0801,ROTATE2
-432.3033,25.2889,-486.9342,0.1702,651.6368,17.8447,0.0231,616.5412,606.024,0.1549,0.000182,-0.1098,0.0058,0.0835,ROTATE2
-437.5426,76.3468,-491.9474,0.2093,662.7855,11.1487,0.0391,632.748,529.0029,0.1626,0.000662,-0.111,-0.0474,0.0831,ROTATE2
-414.6497,135.9337,-495.9579,0.251,660.5956,2.1899,0.0417,644.9661,313.8001,0.1828,0.001782,-0.1096,-0.1022,0.0795,ROTATE2
-368.9011,196.5032,-499.1663,0.2912,651.0519,9.5438,0.0402,651.9724,104.5533,0.2137,0.00275,-0.1043,-0.1584,0.0726,ROTATE2
-331.7865,248.1494,-501.7331,0.3301,650.6892,0.3627,0.0389,655.3517,27.3576,0.2503,0.003229,-0.0922,-0.2147,0.0605,ROTATE2
-301.626,279.7039,-503.7864,0.3752,650.3947,0.2945,0.0451,655.1034,29.4503,0.2913,0.003379,-0.0735,-0.2704,0.0423,ROTATE2
-266.8508,272.5819,-505.4291,0.4247,633.221,17.1737,0.0495,649.1905,78.4526,0.3344,0.003731,-0.0533,-0.3233,0.0194,ROTATE2
-243.565,229.753,-506.7433,0.4692,607.3707,25.8503,0.0445,638.5455,288.9007,0.3781,0.004066,-0.0336,-0.3727,-0.0056,ROTATE2
-260.9302,159.0837,-507.7946,0.4956,592.6614,14.7092,0.0264,626.8674,542.3104,0.4189,0.003648,-0.0157,-0.4158,-0.0292,ROTATE2
-310.6566,88.8357,-508.6357,0.4949,602.5858,9.9243,0.0008,617.2467,454.1768,0.4519,0.002136,-0.0015,-0.4487,-0.0478,ROTATE2
-350.0316,31.4092,-509.3086,0.475,618.7922,16.2065,0.0198,610.9262,194.9479,0.4719,0.000667,0.01,-0.4678,-0.0578,ROTATE2
-365.5815,-2.7039,-509.8469,0.4588,627.3762,8.584,0.0162,609.7572,148.2904,0.4787,0.000209,0.0255,-0.4736,-0.0597,ROTATE2
-358.8308,-8.6819,-510.2775,0.4467,623.8734,3.5028,0.0122,613.0578,176.1107,0.4742,0.000376,0.0445,-0.4675,-0.0564,ROTATE2
-331.0178,0.0014,-510.622,0.439,608.5291,15.3444,0.0077,616.2313,86.939,0.4629,0.000404,0.0659,-0.4536,-0.0518,ROTATE2
-301.808,10.7417,-510.8976,0.4321,593.4811,15.048,0.0068,614.4104,149.8977,0.4503,0.000231,0.0901,-0.4366,-0.0488,ROTATE2
-273.2776,9.5184,-511.1181,0.4185,579.6663,13.8148,0.0137,606.5852,326.2549,0.439,0.000184,0.1159,-0.4186,-0.0488,ROTATE2
-240.6596,1.7741,-511.2945,0.4039,565.1038,14.5625,0.0145,594.1307,428.8293,0.428,0.000231,0.1403,-0.3987,-0.0518,ROTATE2
-207.8339,-7.6339,-511.4356,0.389,552.1047,12.9991,0.0149,579.777,399.1112,0.4165,0.000333,0.1638,-0.3761,-0.0563,ROTATE2
-184.614,-7.7602,-511.5485,0.3818,543.8975,8.2072,0.0072,566.8506,324.1528,0.4051,0.000342,0.1861,-0.3519,-0.0597,ROTATE2
-171.1131,10.8168,-511.6388,0.3812,539.6026,4.2949,0.0006,556.075,214.6924,0.3949,0.000206,0.2081,-0.327,-0.0614,ROTATE2
-150.0342,41.5941,-511.711,0.3837,534.8724,4.7302,0.0025,547.1162,113.0323,0.3879,7.2e-05,0.2303,-0.3027,-0.0617,ROTATE2
-105.8868,82.7503,-511.7688,0.3858,529.119,5.7534,0.0021,539.9193,61.3053,0.3843,8e-06,0.2539,-0.2779,-0.0611,ROTATE2
-78.2094,132.6283,-511.8151,0.3871,534.4733,5.3542,0.0013,536.3929,25.1054,0.3839,5e-06,0.2789,-0.2509,-0.0604,ROTATE2
-60.3207,171.3433,-511.8521,0.397,543.1295,8.6562,0.0098,536.2394,22.8943,0.387,2.9e-05,0.3059,-0.2207,-0.0602,ROTATE2
-52.5878,197.034,-511.8817,0.406,551.0088,7.8793,0.009,538.5206,59.0552,0.3919,7e-05,0.3329,-0.1871,-0.0594,ROTATE2
-49.014,203.9678,-511.9053,0.4164,553.22,2.2112,0.0104,542.1901,86.1425,0.3985,0.000134,0.3588,-0.1508,-0.0572,ROTATE2
-51.3862,192.8087,-511.9243,0.422,549.438,3.7819,0.0056,546.2539,45.9639,0.4057,0.00016,0.3814,-0.1119,-0.0538,ROTATE2
-63.5058,170.8157,-511.9394,0.4277,543.4086,6.0294,0.0057,548.041,16.6327,0.4138,0.000122,0.3998,-0.0722,-0.0497,ROTATE2
-72.1015,149.8526,-511.9515,0.4239,538.2831,5.1255,0.0038,547.0717,29.9117,0.4192,5.7e-05,0.4111,-0.0319,-0.045,ROTATE2
-73.9469,134.8977,-511.9612,0.4198,534.5744,3.7087,0.0041,543.7849,47.2446,0.4219,1.4e-05,0.4155,0.009,-0.0408,ROTATE2
-76.7856,80.8619,-511.969,0.4105,523.9722,10.6022,0.0093,537.9353,73.7309,0.4208,3.3e-05,0.4111,0.0528,-0.0365,ROTATE2
-94.3754,83.0739,-511.9752,0.4176,527.1874,3.2151,0.0071,533.4852,50.5681,0.4199,3.4e-05,0.4033,0.0938,-0.0332,ROTATE2
-50.3003,81.5904,-511.9801,0.4218,520.875,6.3124,0.0042,528.9784,42.3656,0.4187,2.1e-05,0.3928,0.1309,-0.0279,ROTATE2
2.266,111.6473,-511.9841,0.417,524.0209,3.1459,0.0048,526.126,21.829,0.4173,1.5e-05,0.3809,0.1627,-0.0196,ROTATE2
46.1972,149.3397,-511.9873,0.4002,535.32,11.2991,0.0168,526.2751,24.4376,0.4134,5.7e-05,0.3657,0.1888,-0.0091,ROTATE2
46.2109,186.4968,-459.7836,0.3778,498.3146,37.0054,0.0224,521.1436,153.4027,0.4069,0.000266,0.3482,0.207,0.0004,ROTATE2
17.5812,215.3693,-346.2019,0.3604,408.1039,90.2107,0.0174,497.3268,2134.4575,0.3954,0.000544,0.3256,0.2212,0.008,ROTATE2
-17.9569,213.2611,-177.499,0.3566,278.0443,130.0595,0.0038,448.7607,9281.8535,0.3824,0.000536,0.301,0.2327,0.0118,ROTATE2
-49.3687,181.9339,-39.6023,0.3602,192.628,85.4163,0.0036,382.4821,16876.9805,0.3711,0.000267,0.2783,0.2431,0.0123,ROTATE2
-92.8012,143.8127,70.715,0.3634,185.1885,7.4395,0.0032,312.4558,15086.373,0.3637,5.4e-05,0.2625,0.2506,0.0119,ROTATE2
-125.4628,105.0158,158.9689,0.3545,228.1235,42.9351,0.009,258.4176,6679.939,0.359,1e-05,0.2535,0.2537,0.0124,ROTATE2
-163.5578,75.6033,229.572,0.3399,291.8395,63.716,0.0145,235.1647,1881.4534,0.3549,6.6e-05,0.2505,0.2506,0.0158,ROTATE2
-196.8462,52.067,286.0544,0.3165,351.1219,59.2824,0.0235,249.7802,3989.3191,0.3469,0.000297,0.2496,0.2391,0.0214,ROTATE2
-209.4426,40.1723,331.2404,0.2928,393.9546,42.8328,0.0237,290.0456,5871.9951,0.3334,0.000665,0.2487,0.2185,0.0282,ROTATE2
-208.9228,46.9691,367.3892,0.2746,425.2408,31.2861,0.0182,338.056,5023.5342,0.3157,0.000861,0.2468,0.1903,0.0343,ROTATE2
-186.1445,69.1159,396.3083,0.2601,443.2686,18.0278,0.0145,381.085,2968.9419,0.2968,0.000821,0.2453,0.1562,0.0385,ROTATE2
-170.7687,95.4959,419.4435,0.2488,462.8329,19.5643,0.0113,415.2838,1542.9781,0.2786,0.000577,0.2439,0.1177,0.0391,ROTATE2
-155.4712,108.1467,437.9517,0.2375,477.1464,14.3135,0.0113,440.4886,849.7391,0.2628,0.000376,0.242,0.076,0.0358,ROTATE2
-155.5426,105.0736,452.7582,0.232,490.1265,12.9801,0.0056,459.723,539.4783,0.2506,0.000238,0.2387,0.0329,0.0291,ROTATE2
-168.2747,89.2089,464.6035,0.2204,502.1265,12.0,0.0115,475.1002,424.827,0.2398,0.000187,0.2301,-0.0093,0.0212,ROTATE2
-189.951,54.8515,474.0797,0.2083,513.6552,11.5287,0.0121,489.1774,321.3039,0.2294,0.000195,0.2148,-0.0496,0.0144,ROTATE2
-204.6733,27.0781,481.6606,0.2023,524.0433,10.3881,0.006,501.4195,275.7523,0.2201,0.00018,0.1927,-0.0868,0.0097,ROTATE2
-205.0668,4.6687,487.7254,0.202,529.1032,5.0599,0.0003,511.8109,203.2116,0.213,0.000134,0.1641,-0.1202,0.0072,ROTATE2
-199.7816,-11.2025,492.5772,0.2104,531.6676,2.5644,0.0083,520.1191,118.9998,0.2087,4.5e-05,0.1296,-0.1498,0.0059,ROTATE2
-192.3315,-22.3589,496.4586,0.2204,532.8813,1.2137,0.0101,526.2701,48.9926,0.2087,4.5e-05,0.0918,-0.1755,0.0049,ROTATE2
-164.6746,-25.8777,499.5638,0.2286,526.6415,6.2397,0.0081,528.8674,10.4469,0.2127,0.000108,0.0518,-0.1962,0.0041,ROTATE2
-117.9834,-26.0241,502.0479,0.2406,516.3811,10.2604,0.012,527.335,34.6256,0.2204,0.000182,0.0093,-0.2112,0.0041,ROTATE2
-59.818,-16.4724,504.0352,0.2631,507.8396,8.5415,0.0225,523.0822,91.9285,0.2326,0.00033,-0.0334,-0.2222,0.0059,ROTATE2
-6.7481,-8.2748,505.6251,0.292,505.7378,2.1018,0.0289,517.8963,110.4584,0.2489,0.000669,-0.0758,-0.2302,0.0092,ROTATE2
23.4984,6.3708,506.8969,0.3278,507.4813,1.7435,0.0359,512.8163,61.4361,0.2704,0.001291,-0.1178,-0.2382,0.0133,ROTATE2
24.6049,15.2341,507.9144,0.3525,508.7382,1.2569,0.0247,509.2356,13.7134,0.2952,0.001674,-0.1587,-0.245,0.0169,ROTATE2
6.8996,9.8154,508.7284,0.3648,508.8699,0.1317,0.0123,507.7333,1.2717,0.32,0.001429,-0.1966,-0.2487,0.0199,ROTATE2
-7.7022,15.0867,509.3796,0.3738,509.6612,0.7913,0.009,508.0977,1.88,0.3422,0.000868,-0.2319,-0.2472,0.0225,ROTATE2
-38.7493,36.935,509.9006,0.3848,512.7029,3.0417,0.011,509.4907,3.0674,0.3607,0.000383,-0.2646,-0.2399,0.0244,ROTATE2
-74.5432,57.1449,510.3174,0.393,518.8893,6.1863,0.0082,511.7723,14.7208,0.3737,0.000205,-0.2938,-0.2254,0.0251,ROTATE2
-109.1345,70.919,510.6508,0.4,526.9764,8.0871,0.007,515.4199,45.8072,0.3832,0.000161,-0.3191,-0.2066,0.0244,ROTATE2
-134.2764,72.0446,510.9175,0.4075,533.1578,6.1815,0.0075,520.2775,76.557,0.3918,0.000137,-0.3415,-0.1864,0.0218,ROTATE2
-127.9617,60.7576,511.1309,0.4141,530.3965,2.7613,0.0066,524.4246,57.2964,0.3998,0.000107,-0.3615,-0.1651,0.0179,ROTATE2
-106.2163,45.8873,511.3016,0.4185,524.2298,6.1667,0.0044,526.7299,24.5098,0.4066,8.6e-05,-0.3787,-0.1417,0.0129,ROTATE2
-80.3699,32.6723,511.4382,0.4251,518.7444,5.4854,0.0066,526.701,24.9674,0.413,7.6e-05,-0.394,-0.1162,0.0078,ROTATE2
-51.7022,22.6285,511.5474,0.4303,514.6513,4.0931,0.0052,524.236,47.915,0.4191,6.4e-05,-0.4072,-0.0887,0.0036,ROTATE2
-22.1774,19.4403,511.6348,0.4322,512.4841,2.1672,0.0019,520.1012,42.5203,0.424,4.8e-05,-0.4175,-0.059,0.0004,ROTATE2
5.3612,20.8835,511.7047,0.4341,512.1588,0.3254,0.0019,516.4537,20.6336,0.428,3.2e-05,-0.4246,-0.027,-0.0023,ROTATE2
29.1921,25.113,511.7607,0.436,513.2074,1.0486,0.0019,514.2492,5.7879,0.4315,1.4e-05,-0.4287,0.0064,-0.0041,ROTATE2
44.9131,38.1529,511.8054,0.4414,515.187,1.9796,0.0054,513.5377,1.4162,0.4348,1.4e-05,-0.4297,0.0418,-0.0053,ROTATE2
48.4367,63.3598,511.8412,0.4469,518.0174,2.8304,0.0055,514.2109,4.7284,0.4381,2.8e-05,-0.4272,0.0798,-0.0055,ROTATE2
44.6681,93.8598,511.8699,0.4417,522.3176,4.3002,0.0052,516.1776,13.4077,0.44,2e-05,-0.4196,0.1187,-0.0047,ROTATE2
36.1845,114.3097,511.8928,0.446,525.7473,3.4297,0.0044,518.8953,21.1074,0.4424,1.5e-05,-0.4083,0.1588,-0.003,ROTATE2
24.5507,119.3415,511.9111,0.4515,526.2111,0.4638,0.0054,521.4961,18.5772,0.4455,1.4e-05,-0.3933,0.1994,-0.0003,ROTATE2
15.0718,116.7732,511.9258,0.4531,525.2915,0.9196,0.0016,523.517,9.4131,0.4478,1.7e-05,-0.3736,0.2388,0.0029,ROTATE2
-1.6894,102.1342,511.9375,0.4462,522.029,3.2625,0.0069,524.3193,3.1632,0.4477,1.7e-05,-0.3488,0.2739,0.0055,ROTATE2
-25.9765,85.873,511.9469,0.4415,519.7485,2.2805,0.0047,523.8055,6.2762,0.4477,1.7e-05,-0.32,0.3069,0.0073,ROTATE2
-46.2812,86.1046,511.9544,0.4519,521.2037,1.4551,0.0104,522.8968,6.0501,0.4488,1.9e-05,-0.2851,0.3396,0.0107,ROTATE2
-84.0562,82.015,471.3323,0.4961,485.7427,35.4609,0.0442,514.8031,214.4299,0.4578,0.000385,-0.2479,0.3767,0.0155,ROTATE2
-110.0606,72.1088,346.6314,0.548,370.7646,114.9781,0.0519,483.8977,3386.7036,0.4768,0.001649,-0.2141,0.4189,0.0177,ROTATE2
-71.8485,45.0527,179.5395,0.5486,198.5608,172.2038,0.0006,419.204,15194.0684,0.4972,0.002076,-0.1861,0.457,0.0172,ROTATE2
-19.335,8.889,41.2316,0.5142,46.3994,152.1614,0.0344,324.5342,32006.5195,0.5118,0.001301,-0.1647,0.483,0.0145,ROTATE2
23.4382,-25.5388,-69.4147,0.4705,77.5885,31.1891,0.0438,235.8112,28595.4023,0.5155,0.000912,-0.1505,0.4926,0.0096,ROTATE2
60.1756,-45.1654,-157.9318,0.4311,174.9384,97.3499,0.0394,173.6504,12979.377,0.5025,0.002093,-0.1409,0.4822,0.0038,ROTATE2
83.6655,-59.0729,-228.7454,0.3945,250.6272,75.6888,0.0366,149.6229,5816.3403,0.4718,0.003068,-0.1332,0.4525,0.0017,ROTATE2
70.9511,-84.5865,-285.3963,0.3492,306.0065,55.3793,0.0453,171.112,9766.7422,0.4319,0.0033,-0.1285,0.412,0.003,ROTATE2
14.9671,-115.5692,-330.7171,0.3077,350.648,44.6415,0.0415,231.9617,9400.043,0.3906,0.003322,-0.1265,0.3686,0.0069,ROTATE2
-76.07,-146.2429,-366.9737,0.2554,402.2975,51.6495,0.0524,296.9036,6219.2427,0.3476,0.003853,-0.1282,0.321,0.01,ROTATE2
-158.1998,-159.8193,-395.9789,0.2166,455.3775,53.08,0.0388,352.9914,5121.1025,0.3047,0.004051,-0.1344,0.2691,0.0125,ROTATE2
-228.9598,-172.5242,-419.1832,0.1877,507.8403,52.4627,0.0289,404.434,5174.7119,0.2633,0.003463,-0.1427,0.2127,0.015,ROTATE2
-285.5679,-174.585,-437.7465,0.1696,551.0453,43.205,0.0181,453.4417,5134.335,0.2274,0.002453,-0.1491,0.1557,0.0192,ROTATE2
-330.8543,-151.043,-452.5972,0.1587,580.6228,29.5775,0.0109,499.4367,4140.4956,0.1976,0.001218,-0.1531,0.0971,0.0242,ROTATE2
-340.4991,-110.7594,-464.4778,0.1604,586.4698,5.847,0.0017,536.2712,2411.4692,0.1786,0.000466,-0.1533,0.0407,0.0302,ROTATE2
-330.0336,-57.6981,-473.9822,0.1786,580.4399,6.03,0.0181,561.2836,867.2654,0.171,0.00012,-0.1478,-0.0148,0.0348,ROTATE2
-307.9332,1.9977,-481.5858,0.2057,571.622,8.8179,0.0272,574.0399,154.6793,0.1746,0.000292,-0.1368,-0.0684,0.0358,ROTATE2
-280.009,48.0013,-487.6686,0.2384,564.3845,7.2375,0.0327,576.7078,60.4563,0.1884,0.000912,-0.1222,-0.1203,0.0323,ROTATE2
-264.5072,69.3386,-492.5349,0.2672,563.3494,1.0351,0.0288,573.2532,81.1454,0.2101,0.001509,-0.106,-0.1686,0.0245,ROTATE2
-267.087,72.4052,-496.4279,0.296,568.3474,4.9979,0.0288,569.6287,37.8855,0.2372,0.001759,-0.0898,-0.2129,0.0122,ROTATE2
-292.3728,65.3085,-499.5423,0.3253,582.4857,14.1384,0.0293,570.0378,47.4024,0.2665,0.001762,-0.0755,-0.2521,-0.0023,ROTATE2
-336.2982,60.9312,-502.0339,0.3533,607.3279,24.8422,0.028,577.179,274.014,0.296,0.001657,-0.0631,-0.2867,-0.0179,ROTATE2
-371.4386,64.7137,-504.0271,0.3716,629.4424,22.1146,0.0184,590.1906,618.267,0.3227,0.001425,-0.0517,-0.3159,-0.0315,ROTATE2
-399.5508,79.1429,-505.6217,0.3849,649.2748,19.8323,0.0133,607.3756,877.0399,0.3462,0.001031,-0.0394,-0.3407,-0.0419,ROTATE2
-422.0407,99.3705,-506.8973,0.3907,667.0366,17.7618,0.0058,627.1135,894.7014,0.3652,0.000564,-0.0243,-0.3602,-0.0484,ROTATE2
-431.6857,114.2683,-507.9179,0.3904,676.3064,9.2698,0.0003,645.8776,628.2698,0.3782,0.000203,-0.0041,-0.3731,-0.0519,ROTATE2
-424.9423,122.5428,-508.7343,0.3832,674.0944,2.212,0.0072,659.2309,311.9803,0.3842,4.8e-05,0.0214,-0.3777,-0.0527,ROTATE2
-402.0945,131.4905,-509.3875,0.3698,662.152,11.9424,0.0134,665.7728,93.4196,0.3838,5.8e-05,0.0511,-0.3739,-0.0519,ROTATE2
-363.3412,148.8455,-509.91,0.3586,643.5682,18.5838,0.0112,664.6315,136.2892,0.3786,0.000157,0.0824,-0.3626,-0.0499,ROTATE2
-322.3417,177.2952,-510.328,0.3547,629.1044,14.4637,0.0038,657.0451,330.0131,0.3714,0.000189,0.1131,-0.3469,-0.0481,ROTATE2
-271.589,210.2236,-510.6624,0.3613,615.4109,13.6935,0.0065,644.866,454.1634,0.3655,0.000103,0.1428,-0.3296,-0.0484,ROTATE2
-221.2587,237.8102,-510.9299,0.3734,605.4407,9.9702,0.0121,631.1353,405.6402,0.3636,4.9e-05,0.1718,-0.3131,-0.0516,ROTATE2
-165.5476,254.7388,-511.1439,0.3936,594.6141,10.8266,0.0201,617.6276,297.5368,0.3683,0.000198,0.2019,-0.2987,-0.0593,ROTATE2
-110.9412,263.4598,-511.3151,0.4122,585.8004,8.8137,0.0186,606.0741,232.0654,0.379,0.000449,0.2342,-0.285,-0.0704,ROTATE2
-71.7905,260.5116,-511.4521,0.424,578.4491,7.3513,0.0119,595.9431,175.9765,0.3929,0.000544,0.2688,-0.2688,-0.0819,ROTATE2
-41.1793,254.6968,-511.5617,0.424,572.9411,5.508,0.0,587.4491,133.8474,0.4054,0.000381,0.3026,-0.2475,-0.09,ROTATE2
-16.5059,254.823,-511.6494,0.4218,571.8324,1.1087,0.0022,580.7274,72.703,0.4151,0.000136,0.3337,-0.221,-0.0926,ROTATE2
10.3953,262.7366,-511.7195,0.4212,575.322,3.4896,0.0006,576.869,25.0912,0.4207,1.9e-05,0.36,-0.1892,-0.0892,ROTATE2
38.5568,273.7924,-511.7756,0.4231,581.6899,6.3679,0.0018,576.0469,13.1096,0.4228,1e-06,0.3808,-0.1535,-0.081,ROTATE2
57.1955,282.937,-511.8205,0.4288,587.6094,5.9195,0.0057,577.879,35.3374,0.4238,7e-06,0.397,-0.116,-0.0702,ROTATE2
81.847,290.1434,-511.8564,0.437,594.0363,6.4268,0.0082,582.098,64.8722,0.4264,3.5e-05,0.4107,-0.0774,-0.0599,ROTATE2
99.4995,289.7522,-511.8851,0.4434,596.5591,2.5229,0.0065,587.0433,61.164,0.4307,7.1e-05,0.4221,-0.0384,-0.0497,ROTATE2
110.4527,283.2455,-511.9081,0.4447,595.3803,1.1788,0.0013,591.0551,31.4936,0.4354,7e-05,0.4297,0.0009,-0.0398,ROTATE2
123.0122,280.0089,-511.9265,0.4466,596.3268,0.9465,0.0019,593.9824,10.9415,0.4401,4.3e-05,0.4336,0.0394,-0.0299,ROTATE2
133.1285,268.8009,-511.9412,0.4415,593.3472,2.9797,0.0051,595.13,1.5825,0.4426,1.1e-05,0.4315,0.0781,-0.0207,ROTATE2
132.3247,255.7876,-511.9529,0.4337,587.395,5.9521,0.0078,593.8017,11.5448,0.442,2e-05,0.4226,0.1156,-0.0118,ROTATE2
125.9629,239.577,-511.9623,0.4237,579.1107,8.2844,0.01,590.312,41.0114,0.438,7.1e-05,0.4068,0.1517,-0.0051,ROTATE2
152.9797,224.5584,-511.9699,0.4282,579.6054,0.4948,0.0045,587.157,48.8462,0.4347,7.1e-05,0.3902,0.1838,0.003,ROTATE2
171.9681,217.6093,-511.9759,0.4211,582.2767,2.6713,0.007,584.347,28.8963,0.4296,5.4e-05,0.3695,0.2132,0.0114,ROTATE2
121.5214,237.5874,-474.3057,0.3982,544.2253,38.0514,0.0229,574.5226,238.1275,0.421,0.000148,0.3446,0.2364,0.0202,ROTATE2
59.9452,258.9262,-347.2914,0.3703,437.3186,106.9067,0.0279,544.5073,3069.0593,0.4083,0.000468,0.3151,0.2538,0.0291,ROTATE2
-20.0876,276.5222,-177.5269,0.3566,329.217,108.1016,0.0137,494.5286,9601.6934,0.3949,0.000775,0.2842,0.2669,0.0383,ROTATE2
-83.1888,265.2552,-39.6247,0.3603,280.8039,48.4131,0.0036,434.7683,13718.4346,0.3813,0.000609,0.2518,0.2791,0.0436,ROTATE2
-150.326,237.4573,70.6972,0.3651,289.7965,8.9926,0.0048,376.2723,10148.2666,0.3701,0.000218,0.2235,0.2887,0.0472,ROTATE2
-218.8421,198.5284,158.9546,0.3638,335.5174,45.7209,0.0013,334.5307,3096.4553,0.3632,2.1e-05,0.2032,0.2959,0.0496,ROTATE2
-277.4737,135.2602,229.5605,0.3534,384.6882,49.1708,0.0104,324.0046,1375.7411,0.3599,1.9e-05,0.1937,0.2987,0.0512,ROTATE2
-318.6446,59.2894,286.0453,0.3366,432.2864,47.5982,0.0168,344.6185,3290.3647,0.3558,0.000109,0.1936,0.2934,0.0527,ROTATE2
-335.4563,-22.2154,331.2331,0.3173,471.9532,39.6668,0.0193,382.8483,4257.209,0.3473,0.000329,0.1995,0.277,0.0552,ROTATE2
-335.3244,-88.016,367.3834,0.2973,505.1335,33.1803,0.02,425.9157,3661.4109,0.3337,0.00058,0.2085,0.2499,0.0581,ROTATE2
-313.3001,-127.4878,396.3036,0.277,521.0246,15.8911,0.0204,463.0172,2459.6624,0.3163,0.000739,0.2181,0.2137,0.0617,ROTATE2
-263.1745,-144.7153,419.4398,0.2571,515.8809,5.1437,0.0199,489.2557,1103.0294,0.2971,0.000795,0.2264,0.171,0.0644,ROTATE2
-221.674,-146.8003,437.9487,0.2414,512.3365,3.5443,0.0157,505.2657,304.1525,0.278,0.000739,0.2318,0.1236,0.0644,ROTATE2
-188.5454,-140.9215,452.7559,0.2321,510.2902,2.0463,0.0093,512.9332,28.4673,0.261,0.000562,0.2328,0.0744,0.0606,ROTATE2
-175.0863,-135.5747,464.6016,0.2303,514.675,4.3848,0.0017,514.8414,13.2655,0.2476,0.000306,0.2299,0.025,0.0528,ROTATE2
-190.4285,-137.966,474.0781,0.2331,529.1953,14.5203,0.0028,516.4756,44.1555,0.2388,9.8e-05,0.2227,-0.0239,0.0422,ROTATE2
-214.2334,-146.9635,481.6594,0.2348,547.2568,18.0615,0.0016,522.7509,194.2032,0.2343,1.4e-05,0.2096,-0.0713,0.0307,ROTATE2
-238.668,-160.9708,487.7244,0.2351,566.3471,19.0903,0.0004,533.5529,435.9545,0.2331,3e-06,0.1892,-0.1148,0.0202,ROTATE2
-252.2812,-174.586,492.5764,0.2332,580.3082,13.9611,0.0019,547.5565,568.8359,0.2333,3e-06,0.1609,-0.1528,0.0116,ROTATE2
-225.2812,-173.4625,496.458,0.2296,572.1114,8.1968,0.0036,559.0438,341.2285,0.2332,4e-06,0.1252,-0.1835,0.0051,ROTATE2
-179.1375,-161.4357,499.5633,0.2334,554.7208,17.3906,0.0038,564.1489,140.7179,0.2332,4e-06,0.0836,-0.2064,-0.0003,ROTATE2
-118.0319,-141.2329,502.0475,0.2449,534.7242,19.9966,0.0115,561.6424,250.5291,0.2353,2.6e-05,0.04,-0.2223,-0.0047,ROTATE2
-60.3693,-120.6988,504.0349,0.2636,521.7891,12.9351,0.0187,552.7308,484.3423,0.241,0.000155,-0.0034,-0.2331,-0.0086,ROTATE2
-14.2079,-96.1966,505.6248,0.2861,514.8904,6.8987,0.0225,539.6472,447.4374,0.2515,0.000439,-0.0449,-0.2412,-0.012,ROTATE2
23.4118,-66.3447,506.8967,0.3094,511.7558,3.1346,0.0233,527.576,246.5259,0.2675,0.000759,-0.0851,-0.2486,-0.0138,ROTATE2
49.5888,-35.3164,507.9143,0.3356,511.5498,0.206,0.0262,518.9418,75.9768,0.2879,0.001037,-0.1245,-0.255,-0.0139,ROTATE2
55.3742,-0.5469,508.7283,0.3607,511.7334,0.1836,0.025,514.3437,15.4097,0.3111,0.001188,-0.1643,-0.2598,-0.0123,ROTATE2
31.7681,24.5781,509.3795,0.3806,510.9606,0.7728,0.02,512.178,1.9219,0.3345,0.001157,-0.2038,-0.261,-0.0086,ROTATE2
-0.6637,39.8062,509.9005,0.3923,511.4524,0.4917,0.0116,511.4904,0.083,0.3557,0.000905,-0.2417,-0.2569,-0.0042,ROTATE2
-17.0215,42.8856,510.3173,0.4007,512.3989,0.9466,0.0084,511.619,0.2175,0.374,0.000548,-0.2767,-0.2475,-0.0009,ROTATE2
-19.136,56.3804,510.6507,0.4035,514.11,1.7111,0.0028,512.131,1.1953,0.3876,0.000244,-0.3068,-0.2325,0.0006,ROTATE2
-27.9744,80.2606,510.9175,0.3998,517.9392,3.8292,0.0037,513.3722,6.3701,0.3954,6.8e-05,-0.331,-0.2114,-0.0007,ROTATE2
-28.6639,103.7334,511.1309,0.3988,522.338,4.3988,0.0011,515.6477,16.1063,0.399,1.4e-05,-0.3506,-0.1843,-0.004,ROTATE2
-22.5874,122.6961,511.3016,0.4125,526.3021,3.9641,0.0137,518.6176,26.4686,0.4031,2.5e-05,-0.3692,-0.1516,-0.0083,ROTATE2
-6.2387,131.5569,511.4381,0.4347,528.1241,1.8221,0.0222,521.7626,26.9176,0.4099,0.000177,-0.3884,-0.1139,-0.0127,ROTATE2
17.2935,124.5799,511.5474,0.4575,526.7827,1.3415,0.0229,524.2972,13.821,0.4207,0.000508,-0.4086,-0.0718,-0.016,ROTATE2
36.5504,112.3452,511.6348,0.4728,525.0977,1.685,0.0153,525.7289,3.8145,0.4353,0.000752,-0.4287,-0.027,-0.0173,ROTATE2
45.3341,101.7074,511.7047,0.4784,523.6805,1.4171,0.0056,525.9974,2.282,0.4512,0.000604,-0.4457,0.0191,-0.0171,ROTATE2
44.4641,94.4097,511.7607,0.4794,522.2923,1.3882,0.0009,525.1954,4.3659,0.4646,0.000284,-0.4556,0.0643,-0.0155,ROTATE2
31.8932,101.2934,511.8054,0.4766,522.7067,0.4144,0.0028,524.1119,2.7152,0.4729,6.4e-05,-0.4566,0.1072,-0.0128,ROTATE2
5.6489,123.5222,511.8412,0.4739,526.5654,3.8586,0.0027,524.0685,2.4907,0.4762,6e-06,-0.4492,0.1469,-0.0099,ROTATE2
-19.2871,150.6428,511.8699,0.4698,533.9251,7.3597,0.0041,525.834,18.5924,0.4756,1.2e-05,-0.4356,0.183,-0.0082,ROTATE2
-30.5109,172.6923,511.8928,0.4659,541.0987,7.1736,0.0039,529.3176,52.1313,0.4731,2.3e-05,-0.4185,0.2148,-0.0086,ROTATE2
-30.4744,178.4164,511.9111,0.464,542.9678,1.8691,0.0019,533.4528,62.4267,0.47,2.2e-05,-0.3993,0.2432,-0.012,ROTATE2
-21.5733,156.8362,511.9258,0.4604,535.8461,7.1218,0.0036,536.0806,33.5712,0.4668,2.2e-05,-0.3787,0.2684,-0.018,ROTATE2
-18.493,119.169,511.9375,0.4535,525.9498,9.8962,0.0069,535.9575,35.9746,0.4627,3e-05,-0.3561,0.2909,-0.0249,ROTATE2
-35.4225,77.2227,511.9469,0.4395,518.9487,7.0012,0.014,532.9622,84.0369,0.4567,9.1e-05,-0.3299,0.3108,-0.03,ROTATE2
-67.2974,39.5063,511.9544,0.4242,517.8677,1.0809,0.0153,528.316,94.778,0.4483,0.000215,-0.2994,0.3284,-0.0311,ROTATE2
-109.1348,18.93,511.9604,0.4194,523.8055,5.9378,0.0048,524.4836,41.2241,0.4394,0.000254,-0.2656,0.3446,-0.0272,ROTATE2
-141.0766,0.5909,482.5996,0.4317,502.7975,21.0081,0.0123,517.8738,65.7717,0.4337,0.000145,-0.232,0.3615,-0.0206,ROTATE2
-136.255,-22.946,422.1516,0.4396,444.189,58.6085,0.0079,501.5217,871.2258,0.4309,6.6e-05,-0.201,0.3776,-0.014,ROTATE2
-98.0353,-45.985,310.2181,0.4412,328.5739,115.6151,0.0015,463.4468,5342.9683,0.4312,7.2e-05,-0.1752,0.3921,-0.0083,ROTATE2
-53.4313,-70.4255,185.4089,0.4334,205.4047,123.1692,0.0077,400.9542,14162.4502,0.4331,5.9e-05,-0.1555,0.4033,-0.0039,ROTATE2
-11.1669,-93.231,56.5834,0.418,109.6285,95.7763,0.0155,318.1187,21256.3809,0.4328,6.8e-05,-0.1403,0.409,-0.0005,ROTATE2
32.2071,-102.8817,-57.1333,0.396,122.0088,12.3804,0.022,241.961,16326.9502,0.4256,0.000287,-0.1274,0.4058,0.0034,ROTATE2
73.7407,-125.5491,-148.1066,0.3752,207.6917,85.6829,0.0208,194.6615,6145.355,0.4128,0.000591,-0.116,0.3958,0.0085,ROTATE2
90.3925,-157.2705,-220.8853,0.3516,285.8236,78.132,0.0237,186.1115,4147.8506,0.3948,0.000857,-0.107,0.3797,0.0135,ROTATE2
55.3265,-194.8071,-279.1082,0.326,344.8365,59.0129,0.0255,213.9978,8334.4844,0.3733,0.001044,-0.1011,0.3588,0.0182,ROTATE2
-12.3888,-225.5988,-325.6866,0.2924,396.3837,51.5472,0.0336,271.3489,9519.6719,0.3482,0.001326,-0.1004,0.3324,0.0212,ROTATE2
-112.311,-232.1071,-362.9493,0.2565,445.2187,48.835,0.0359,335.9909,6926.7383,0.3203,0.001774,-0.1041,0.3008,0.0232,ROTATE2
-192.2488,-228.617,-392.7594,0.2185,493.4423,48.2236,0.0381,393.141,5326.6572,0.289,0.002265,-0.1122,0.262,0.0258,ROTATE2
-256.1991,-208.2467,-416.6075,0.1903,531.5698,38.1275,0.0281,442.2902,4440.1177,0.2567,0.00239,-0.1222,0.2169,0.0315,ROTATE2
-307.3593,-176.8942,-435.686,0.1648,561.7682,30.1984,0.0255,485.6766,3513.2983,0.2245,0.002081,-0.1321,0.1645,0.0382,ROTATE2
-348.2874,-138.1091,-450.9488,0.1579,586.2875,24.5193,0.0068,523.6573,2500.6323,0.1976,0.001322,-0.1389,0.1081,0.0457,ROTATE2
-381.0299,-96.8186,-463.1591,0.166,607.5146,21.2271,0.0081,556.1165,1622.9186,0.1795,0.000499,-0.1418,0.0492,0.0529,ROTATE2
-385.9646,-60.6142,-472.9272,0.1869,613.4353,5.9207,0.0208,580.1151,918.4635,0.1732,0.000167,-0.1399,-0.0097,0.0572,ROTATE2
-381.0092,-32.6726,-480.7418,0.2225,614.2867,0.8514,0.0357,596.6585,406.991,0.1796,0.000554,-0.1338,-0.0692,0.0568,ROTATE2
-372.1573,-13.3506,-486.9934,0.2592,613.0595,1.2272,0.0367,606.9167,112.0926,0.1985,0.00142,-0.1243,-0.1261,0.0526,ROTATE2
-361.9446,4.1039,-491.9948,0.2964,610.8024,2.2571,0.0372,611.8197,5.9604,0.2262,0.002241,-0.112,-0.1804,0.0453,ROTATE2
-382.0807,36.8456,-495.9958,0.3225,627.1803,16.3779,0.0261,615.7529,33.9736,0.2575,0.002391,-0.097,-0.2295,0.0355,ROTATE2
-408.0646,77.6452,-499.1966,0.3549,649.4172,22.2369,0.0324,622.9493,207.7697,0.2911,0.002161,-0.0805,-0.2747,0.0236,ROTATE2
-428.8517,108.8943,-501.7573,0.3884,668.9784,19.5612,0.0334,633.8876,496.8512,0.3243,0.002011,-0.0611,-0.3151,0.0095,ROTATE2
-444.5032,123.4561,-503.8058,0.417,683.1141,14.1357,0.0286,647.8985,698.4335,0.3558,0.001888,-0.039,-0.3507,-0.0065,ROTATE2
-453.9713,125.1149,-505.4447,0.4364,690.8097,7.6956,0.0195,663.8999,535.4379,0.3838,0.001697,-0.0148,-0.3801,-0.0242,ROTATE2
-461.2396,125.3638,-506.7557,0.4483,696.6056,5.7959,0.0119,677.785,286.9085,0.409,0.001143,0.0107,-0.4043,-0.0417,ROTATE2
-471.3917,131.3504,-507.8046,0.4565,705.2152,8.6096,0.0082,688.9446,151.9093,0.4293,0.000596,0.0378,-0.4218,-0.057,ROTATE2
-478.2727,155.4366,-508.6437,0.4502,715.2787,10.0635,0.0064,698.2047,125.1281,0.4417,0.000195,0.0653,-0.4299,-0.067,ROTATE2
-449.1588,191.8586,-509.3149,0.443,705.6593,9.6194,0.0071,702.7137,70.3658,0.4469,4.6e-05,0.0939,-0.4287,-0.0732,ROTATE2
-389.0427,222.1775,-509.852,0.4424,678.7239,26.9354,0.0006,700.2965,151.2844,0.4481,2.7e-05,0.1244,-0.4208,-0.0771,ROTATE2
-343.2498,242.192,-510.2816,0.4426,660.9573,17.7665,0.0001,693.1669,407.2425,0.4469,3.1e-05,0.1575,-0.4067,-0.0799,ROTATE2
-308.2186,250.2411,-510.6252,0.434,646.8055,14.1518,0.0085,681.485,671.6176,0.4424,2.6e-05,0.1915,-0.3855,-0.0822,ROTATE2
-271.4311,246.2367,-510.9002,0.4212,628.7499,18.0557,0.0129,664.1792,699.9215,0.4366,7.1e-05,0.2247,-0.3591,-0.0858,ROTATE2
-218.248,242.9737,-511.1202,0.4194,606.5577,22.1922,0.0018,644.3589,627.004,0.4319,0.0001,0.2558,-0.3314,-0.0877,ROTATE2
-164.7422,246.604,-511.2961,0.424,591.0814,15.4763,0.0046,626.8304,651.2623,0.4282,7.7e-05,0.2848,-0.3028,-0.0866,ROTATE2
-111.2562,259.9832,-511.4369,0.4284,584.4116,6.6698,0.0044,611.5212,543.8325,0.4254,2.8e-05,0.3107,-0.2735,-0.0824,ROTATE2
-53.1362,277.4397,-511.5495,0.4329,584.3622,0.0494,0.0044,599.0325,286.3918,0.4252,2.4e-05,0.3355,-0.2441,-0.0764,ROTATE2
3.2941,293.4987,-511.6396,0.4377,589.8537,5.4915,0.0048,591.2533,66.1017,0.4285,4.1e-05,0.3599,-0.2146,-0.0698,ROTATE2
51.0259,307.9646,-511.7117,0.437,599.4119,9.5582,0.0007,589.8241,30.5271,0.432,2.7e-05,0.3822,-0.1813,-0.0638,ROTATE2
83.7301,317.9873,-511.7693,0.4319,608.3046,8.8927,0.0051,593.2688,86.6509,0.4336,1.2e-05,0.4001,-0.144,-0.0585,ROTATE2
119.3653,324.0679,-511.8155,0.431,617.4327,9.1281,0.0009,599.873,144.1242,0.4341,7e-06,0.4136,-0.1044,-0.0526,ROTATE2
145.5735,330.7637,-511.8524,0.4295,626.5693,9.1366,0.0016,608.3145,167.2877,0.4334,1.1e-05,0.422,-0.0632,-0.0457,ROTATE2
156.6901,324.1016,-511.8819,0.4228,625.7928,0.7765,0.0067,615.5023,108.5616,0.4305,2.1e-05,0.4237,-0.019,-0.0378,ROTATE2
161.4677,315.8719,-511.9055,0.4303,622.8115,2.9813,0.0075,620.1823,45.5649,0.4291,1.1e-05,0.4227,0.0238,-0.0276,ROTATE2
163.9929,294.7226,-511.9244,0.429,613.043,9.7686,0.0012,621.1299,26.6452,0.4285,9e-06,0.418,0.0666,-0.0178,ROTATE2
161.9193,262.7187,-511.9395,0.4244,597.7634,15.2796,0.0047,617.196,117.6348,0.4272,9e-06,0.4082,0.1088,-0.0082,ROTATE2
163.3355,236.2562,-511.9516,0.4209,587.0178,10.7455,0.0034,609.2858,219.6347,0.4255,1.3e-05,0.3938,0.1495,0.002,ROTATE2
194.3996,222.0394,-511.9613,0.412,590.929,3.9111,0.0089,602.3129,183.912,0.4233,4.3e-05,0.3768,0.183,0.0152,ROTATE2
218.7322,231.1034,-511.969,0.3923,602.7975,11.8685,0.0197,598.3102,83.898,0.4157,0.000169,0.3522,0.2118,0.028,ROTATE2
180.4326,247.2358,-461.8315,0.3717,554.0486,48.7489,0.0206,586.5113,293.0898,0.4042,0.00039,0.3228,0.2339,0.0412,ROTATE2
109.0617,255.1793,-360.9527,0.3519,455.2996,98.749,0.0198,558.0185,2899.229,0.3898,0.000647,0.2894,0.2509,0.0514,ROTATE2
52.5806,265.109,-247.9184,0.3392,366.7575,88.5421,0.0127,513.9664,8106.6055,0.3734,0.000697,0.2542,0.2629,0.0569,ROTATE2
9.2739,257.8904,-154.0785,0.3402,300.5555,66.202,0.001,455.8918,12658.1338,0.359,0.000413,0.2212,0.2733,0.0567,ROTATE2
-66.434,240.7092,-20.8659,0.3355,250.5789,49.9766,0.0047,385.448,11810.2314,0.3477,0.000174,0.1933,0.2818,0.0521,ROTATE2
-155.5222,191.9923,85.7042,0.3368,261.5214,10.9425,0.0013,326.9426,5773.6777,0.3407,3.4e-05,0.1712,0.2898,0.0453,ROTATE2
-226.8178,124.1032,170.9602,0.3467,309.9602,48.4388,0.0098,297.8747,1691.3096,0.3397,1.5e-05,0.1609,0.296,0.0403,ROTATE2
-283.8542,30.2482,239.1651,0.3541,372.4085,62.4483,0.0075,299.0049,1852.1217,0.3427,4.8e-05,0.1643,0.2977,0.0378,ROTATE2
-329.4834,-41.5733,293.7289,0.334,443.3557,70.9472,0.0201,327.5649,5203.397,0.3414,6e-05,0.1726,0.2907,0.0372,ROTATE2
-363.6648,-108.1774,337.38,0.3138,507.7201,64.3644,0.0202,378.9932,7864.3408,0.3371,0.000187,0.1855,0.2756,0.0398,ROTATE2
-363.1506,-159.4232,372.3009,0.2965,543.9688,36.2487,0.0173,435.4827,7356.7446,0.329,0.000451,0.2038,0.2492,0.045,ROTATE2
-334.6705,-193.851,400.2376,0.285,556.5723,12.6035,0.0115,484.8051,4705.4033,0.3167,0.000624,0.2215,0.2133,0.0489,ROTATE2
-302.9614,-213.5215,422.587,0.2736,562.1003,5.5281,0.0114,522.7435,1934.3965,0.3006,0.000456,0.2339,0.1702,0.0491,ROTATE2
-291.2347,-232.5703,440.4665,0.2664,576.9899,14.8896,0.0072,549.4703,548.1259,0.2871,0.000283,0.2454,0.1237,0.0448,ROTATE2
-283.7159,-254.3031,454.7701,0.2532,593.2795,16.2896,0.0132,566.5822,290.544,0.275,0.000222,0.2522,0.0743,0.0347,ROTATE2
-273.7727,-276.9706,466.2129,0.2426,607.4691,14.1896,0.0106,579.2822,361.3279,0.2642,0.000222,0.2512,0.0248,0.0202,ROTATE2
-274.8869,-297.5453,475.3672,0.2365,624.5558,17.0867,0.0061,592.879,483.2486,0.2545,0.000195,0.2415,-0.0245,0.0041,ROTATE2
-273.0752,-312.38,482.6907,0.235,636.5073,11.9515,0.0015,607.7604,453.0149,0.2468,0.000138,0.2231,-0.0718,-0.0099,ROTATE2
-258.6976,-304.7915,488.5494,0.2366,631.2708,5.2365,0.0016,618.6165,256.343,0.2408,4.6e-05,0.196,-0.1164,-0.0199,ROTATE2
-247.9862,-266.8363,493.2365,0.2259,613.1729,18.0979,0.0107,622.5952,118.0471,0.2353,2.9e-05,0.162,-0.1527,-0.0258,ROTATE2
-227.9796,-238.2222,496.9861,0.2154,596.4224,16.7505,0.0105,620.3859,204.4097,0.2299,6.8e-05,0.1236,-0.1797,-0.0272,ROTATE2
-185.5806,-195.009,499.9857,0.2186,567.8506,28.5717,0.0032,609.0448,624.3022,0.2263,7.2e-05,0.0841,-0.1991,-0.0249,ROTATE2
-137.577,-151.101,502.3855,0.2358,542.356,25.4946,0.0171,590.2145,1008.3646,0.2265,7.5e-05,0.0448,-0.2135,-0.0213,ROTATE2
-88.6116,-115.6026,504.3053,0.2609,524.9188,17.4372,0.0251,568.9442,1071.5179,0.2313,0.000267,0.0046,-0.2243,-0.019,ROTATE2
-49.0705,-92.1321,505.8411,0.2958,516.4993,8.4196,0.0349,549.6094,856.5427,0.2453,0.000898,-0.0341,-0.2372,-0.0171,ROTATE2
-22.0877,-85.4276,507.0698,0.3294,514.6897,1.8096,0.0336,533.2629,394.9208,0.2681,0.001615,-0.0703,-0.2542,-0.0169,ROTATE2
-12.3201,-82.5139,508.0527,0.3517,514.8571,0.1674,0.0223,522.6642,111.0801,0.2947,0.001815,-0.1058,-0.2716,-0.0179,ROTATE2
-5.7436,-75.3549,508.8391,0.3681,514.4206,0.4365,0.0164,517.0771,15.9023,0.3212,0.001495,-0.141,-0.286,-0.0193,ROTATE2
-11.1668,-61.9745,509.4681,0.3854,513.3452,1.0754,0.0173,514.7623,1.0312,0.3461,0.000973,-0.1734,-0.297,-0.0198,ROTATE2
-24.0897,-46.8296,509.9714,0.4019,512.6833,0.6619,0.0165,513.9991,0.7099,0.3673,0.000641,-0.2041,-0.3027,-0.0205,ROTATE2
-39.5967,-32.8887,510.374,0.4105,512.9632,0.2799,0.0085,513.6539,0.71,0.3835,0.000464,-0.2331,-0.3018,-0.021,ROTATE2
-43.9868,-22.0766,510.6961,0.4101,513.0621,0.0989,0.0003,513.2949,0.3616,0.3952,0.000267,-0.2596,-0.2951,-0.0223,ROTATE2
-53.4363,-14.2019,510.9538,0.4098,513.9366,0.8746,0.0003,513.1981,0.1812,0.4036,9.3e-05,-0.2835,-0.2839,-0.0242,ROTATE2
-57.0615,-4.7521,511.1599,0.4113,514.3569,0.4203,0.0015,513.4005,0.4045,0.4087,1.2e-05,-0.3044,-0.2691,-0.0248,ROTATE2
-58.668,-3.7392,511.3248,0.4188,514.6931,0.3362,0.0075,513.8024,0.4743,0.4121,1.2e-05,-0.3241,-0.2503,-0.0258,ROTATE2
-61.7375,-6.6882,511.4568,0.4227,515.2128,0.5197,0.0039,514.2523,0.5288,0.4146,2.8e-05,-0.3426,-0.228,-0.0275,ROTATE2
-77.3838,-12.5443,511.5623,0.4231,517.5341,2.3213,0.0004,515.1467,1.5996,0.4172,3.1e-05,-0.3601,-0.2036,-0.0309,ROTATE2
-92.2664,-21.4042,511.6467,0.4175,520.3399,2.8058,0.0056,516.4274,5.0605,0.4187,1.8e-05,-0.375,-0.1769,-0.0347,ROTATE2
-94.5443,-39.6734,511.7143,0.4149,521.8851,1.5452,0.0026,517.933,7.8936,0.4194,1e-05,-0.3878,-0.1474,-0.0402,ROTATE2
-79.3855,-63.0075,511.7683,0.4175,521.7076,0.1776,0.0026,519.3359,6.6755,0.4191,1.1e-05,-0.3974,-0.1159,-0.0456,ROTATE2
-49.4271,-87.2435,511.8115,0.4245,521.5414,0.1661,0.007,520.6017,2.6464,0.4195,1.4e-05,-0.4054,-0.0818,-0.0496,ROTATE2
-14.6448,-107.1698,511.8461,0.4328,523.1503,1.6089,0.0083,521.7249,0.8019,0.4214,4.3e-05,-0.4124,-0.0441,-0.05,ROTATE2
13.1873,-114.6108,511.8738,0.4391,524.7136,1.5632,0.0063,522.5996,1.4396,0.4258,8.3e-05,-0.4186,-0.003,-0.0466,ROTATE2
17.6654,-110.5418,511.8959,0.4419,523.9933,0.7203,0.0028,523.0212,1.5482,0.4312,8.3e-05,-0.4216,0.0422,-0.0389,ROTATE2
9.1698,-95.5397,511.9136,0.4415,520.8334,3.1599,0.0004,522.8464,2.1298,0.436,4.3e-05,-0.4193,0.0898,-0.0268,ROTATE2
-7.6704,-78.7005,511.9278,0.4464,517.9987,2.8348,0.0049,522.1379,5.9873,0.4404,2e-05,-0.4113,0.138,-0.0123,ROTATE2
-19.0113,-63.9354,511.9391,0.4521,516.2662,1.7325,0.0056,520.761,10.7819,0.4442,2.1e-05,-0.3977,0.1844,0.0022,ROTATE2
-28.6715,-66.1546,511.9482,0.4589,517.0004,0.7342,0.0068,519.2184,8.1062,0.4481,4.3e-05,-0.3798,0.2279,0.0152,ROTATE2
-31.3154,-81.0237,511.9554,0.4639,519.2724,2.272,0.005,518.2742,2.6554,0.4525,6.6e-05,-0.3584,0.2679,0.0255,ROTATE2
-29.146,-97.4939,511.9612,0.4669,521.9759,2.7035,0.003,518.5027,4.0337,0.4576,5.7e-05,-0.3349,0.3042,0.0329,ROTATE2
-25.2481,-121.2576,455.4596,0.4668,472.0003,49.9756,0.0001,509.303,351.843,0.4617,3.2e-05,-0.3093,0.3357,0.0386,ROTATE2
-22.6547,-144.9842,363.8896,0.4679,392.3637,79.6366,0.0011,484.5225,2463.0342,0.4649,1.1e-05,-0.2827,0.3625,0.0439,ROTATE2
-16.7863,-167.8155,250.2117,0.4656,301.7444,90.6193,0.0023,441.4713,7080.2344,0.4662,2e-06,-0.2564,0.3836,0.0489,ROTATE2
-11.9821,-198.1118,126.6881,0.4598,235.4607,66.2838,0.0058,384.709,11135.751,0.4654,8e-06,-0.2328,0.3977,0.0537,ROTATE2
-9.1295,-222.2613,-1.0495,0.4515,222.4512,13.0094,0.0083,324.8041,9044.2285,0.4623,3.7e-05,-0.2132,0.4051,0.0589,ROTATE2
-4.7379,-235.5466,-103.2396,0.4396,257.2218,34.7706,0.0119,281.8484,3779.1606,0.4569,0.000107,-0.1958,0.407,0.0653,ROTATE2
6.619,-238.0435,-184.9917,0.4182,301.5468,44.325,0.0214,263.685,1084.1289,0.4469,0.000283,-0.1833,0.4013,0.0701,ROTATE2
3.1671,-239.3911,-250.3934,0.3813,346.4317,44.885,0.0369,272.6224,2083.9514,0.4301,0.000791,-0.1723,0.3869,0.0739,ROTATE2
-15.5038,-247.5035,-302.7147,0.3355,391.3241,44.8923,0.0457,303.7951,3654.0313,0.4052,0.001784,-0.1636,0.3623,0.0773,ROTATE2
-66.5781,-267.7216,-344.5717,0.2809,441.4036,50.0796,0.0546,347.5856,4200.2798,0.3711,0.003281,-0.1555,0.3265,0.0795,ROTATE2
-155.6624,-283.1304,-378.0574,0.2181,497.3138,55.9102,0.0628,395.604,4745.0962,0.3268,0.005063,-0.1485,0.277,0.0809,ROTATE2
-226.93,-280.7293,-404.8459,0.1615,542.408,45.0942,0.0566,443.7762,4965.46,0.2755,0.006222,-0.138,0.2153,0.0838,ROTATE2
-283.944,-264.3522,-426.2767,0.1303,576.3837,33.9757,0.0312,489.7666,4472.0996,0.2253,0.005679,-0.1249,0.1441,0.0871,ROTATE2
-260.9083,-236.4349,-443.4214,0.1469,566.213,10.1707,0.0166,524.7444,2479.2759,0.1876,0.003053,-0.1055,0.0672,0.0909,ROTATE2
-259.261,-206.1635,-457.1371,0.1783,564.5299,1.683,0.0314,549.3697,800.3132,0.167,0.000904,-0.0808,-0.0104,0.0899,ROTATE2
-231.2307,-175.5621,-468.1097,0.2373,550.8324,13.6975,0.059,560.0734,144.2086,0.1709,0.001355,-0.0543,-0.086,0.0869,ROTATE2
-185.9877,-150.5622,-476.8878,0.2931,533.5563,17.2761,0.0558,558.303,219.2925,0.1972,0.003632,-0.0279,-0.1565,0.0809,ROTATE2
-152.8964,-123.3841,-483.9102,0.3447,522.2739,11.2823,0.0517,547.4811,296.4155,0.2401,0.005252,-0.004,-0.221,0.0736,ROTATE2
-162.3921,-99.0948,-489.5282,0.3892,525.1941,2.9202,0.0445,539.2773,258.2792,0.2885,0.005618,0.0164,-0.2787,0.0632,ROTATE2
-222.6668,-78.5258,-494.0225,0.4092,547.5446,22.3505,0.02,535.8802,132.8699,0.3347,0.00397,0.0333,-0.3272,0.0547,ROTATE2
-280.5335,-64.7925,-497.618,0.4128,574.9094,27.3648,0.0036,540.6957,369.6229,0.3698,0.00206,0.048,-0.3629,0.0465,ROTATE2
-326.8268,-48.7653,-500.4944,0.4147,599.7404,24.831,0.0019,553.9325,881.4711,0.3941,0.000693,0.0623,-0.3865,0.0394,ROTATE2
-363.8614,-29.6466,-502.7955,0.4228,621.3513,21.6109,0.0081,573.7479,1197.4249,0.4098,0.000125,0.0793,-0.4,0.0325,ROTATE2
-363.8735,-10.661,-504.6364,0.4282,622.2343,0.883,0.0054,593.1559,819.443,0.4176,4.8e-05,0.0984,-0.4038,0.0277,ROTATE2
-302.8957,-0.2788,-506.1091,0.432,589.824,32.4103,0.0038,601.6119,334.0814,0.4221,5.6e-05,0.1197,-0.4026,0.0224,ROTATE2
-242.6759,-10.9449,-507.2873,0.4297,562.4516,27.3724,0.0023,599.1203,491.974,0.4255,3.8e-05,0.1452,-0.3974,0.0134,ROTATE2
-193.5157,-27.7841,-508.2298,0.4196,544.5345,17.9171,0.0101,588.0791,965.9105,0.4265,2.1e-05,0.175,-0.3853,0.0015,ROTATE2
-157.1251,-41.4366,-508.9839,0.4035,534.2938,10.2407,0.0161,570.6677,1019.9155,0.4226,0.000109,0.2054,-0.3636,-0.0121,ROTATE2
-134.2345,-46.3962,-509.5871,0.3839,529.009,5.2849,0.0196,552.0226,487.5431,0.4137,0.000324,0.2349,-0.3321,-0.026,ROTATE2
-122.5782,-36.692,-510.0697,0.3651,525.8734,3.1356,0.0188,539.2325,174.9232,0.4003,0.000551,0.2617,-0.2917,-0.037,ROTATE2
-116.4438,-18.5567,-510.4557,0.3631,523.8975,1.9758,0.002,531.5216,54.6729,0.387,0.000479,0.2853,-0.2487,-0.0429,ROTATE2
-99.0551,10.3734,-510.7646,0.3852,520.3845,3.5131,0.0221,526.6916,22.2841,0.3801,0.000221,0.309,-0.2081,-0.0437,ROTATE2
-81.5315,43.8175,-511.0117,0.4086,519.3268,1.0577,0.0234,523.6982,12.6131,0.3812,0.000272,0.3335,-0.1703,-0.0412,ROTATE2
-74.8221,78.9602,-511.2093,0.4209,522.6548,3.328,0.0124,522.4274,5.575,0.3886,0.000532,0.3582,-0.1345,-0.0367,ROTATE2
-64.2171,107.9651,-511.3675,0.4221,526.5709,3.9161,0.0012,522.5669,6.6144,0.4,0.000517,0.3814,-0.0997,-0.0306,ROTATE2
-49.1362,127.8877,-511.494,0.4187,529.524,2.9531,0.0035,523.6922,14.6743,0.4111,0.00019,0.4007,-0.0616,-0.0251,ROTATE2
-23.8464,136.0789,-511.5952,0.4168,529.9205,0.3964,0.0018,525.5994,16.607,0.4174,2.3e-05,0.4113,-0.0187,-0.0217,ROTATE2
11.651,133.8037,-511.6761,0.4067,529.0101,0.9104,0.0102,527.536,7.3137,0.417,3e-05,0.4104,0.0265,-0.0198,ROTATE2
-30.6605,113.9461,-511.7409,0.4306,525.1691,3.841,0.0239,528.0389,3.416,0.419,6e-05,0.4062,0.074,-0.0201,ROTATE2
2.6029,124.7038,-511.7927,0.4353,526.7728,1.6038,0.0047,528.0793,3.304,0.4216,0.000104,0.3983,0.12,-0.0206,ROTATE2
29.2198,137.4036,-511.8342,0.4248,530.7615,3.9887,0.0105,528.3268,4.2641,0.4228,0.000103,0.3847,0.1626,-0.0201,ROTATE2
64.8446,150.801,-511.8673,0.4095,537.5444,6.7828,0.0153,529.8516,18.424,0.4214,0.000129,0.3654,0.2006,-0.0174,ROTATE2
98.6819,157.9815,-511.8939,0.396,544.7308,7.1864,0.0135,532.9957,52.6748,0.4193,0.00021,0.3424,0.2343,-0.0122,ROTATE2
127.4299,157.832,-511.9151,0.388,550.6418,5.911,0.0081,538.0903,76.7459,0.4107,0.000307,0.311,0.2612,-0.0032,ROTATE2
161.4596,148.3219,-506.5008,0.4066,551.9163,1.2745,0.0186,543.119,64.0733,0.405,0.000157,0.2801,0.2864,0.0097,ROTATE2
153.3083,115.3169,-444.8506,0.3932,484.4518,67.4645,0.0134,533.8571,636.1158,0.3987,6.7e-05,0.2474,0.3071,0.0203,ROTATE2
62.5685,127.5504,-335.8305,0.3582,364.6451,119.8067,0.0349,499.2772,5164.1631,0.3884,0.000265,0.2118,0.3203,0.0288,ROTATE2
-1.5421,147.5153,-225.1926,0.3424,269.2115,95.4336,0.0159,444.1732,12300.5645,0.3777,0.000562,0.1778,0.3279,0.0346,ROTATE2
-54.5899,187.5435,-114.6447,0.3417,226.4863,42.7252,0.0007,379.3422,15307.9141,0.3684,0.000714,0.1489,0.3322,0.0354,ROTATE2
-104.7532,210.5317,-10.0689,0.3495,235.3682,8.882,0.0078,316.0326,9489.1406,0.357,0.000363,0.1232,0.3321,0.0318,ROTATE2
-163.415,225.9816,94.3418,0.3517,294.402,59.0338,0.0022,278.0226,2464.9536,0.3487,3.8e-05,0.1047,0.3308,0.0305,ROTATE2
-226.4977,212.0915,177.8703,0.3501,357.6617,63.2597,0.0016,276.6259,2230.7871,0.3471,1.7e-05,0.0987,0.331,0.0323,ROTATE2
-283.5981,166.4826,244.6931,0.3462,409.9013,52.2397,0.0038,304.7639,4980.5132,0.3478,1.3e-05,0.103,0.3296,0.037,ROTATE2
-329.2785,93.4954,298.1514,0.3314,453.9383,44.037,0.0149,350.2543,6136.2593,0.3458,5.5e-05,0.1131,0.3225,0.0447,ROTATE2
-365.8228,5.6932,340.918,0.3096,500.0838,46.1455,0.0218,403.1974,5183.3008,0.3378,0.00025,0.1251,0.3074,0.0521,ROTATE2
-380.1864,-76.8485,375.1313,0.2912,539.6025,39.5187,0.0184,452.2375,4132.3511,0.3257,0.000499,0.1415,0.2845,0.0585,ROTATE2
-360.721,-123.157,402.5019,0.2685,554.342,14.7394,0.0227,491.5736,2881.1704,0.3094,0.000769,0.1591,0.2535,0.0615,ROTATE2
-320.5893,-140.3974,424.3984,0.2542,550.0936,4.2484,0.0142,519.612,1445.8618,0.291,0.000767,0.1767,0.2155,0.061,ROTATE2
-277.2621,-140.8492,441.9156,0.2416,540.3723,9.7214,0.0126,536.8988,370.6175,0.273,0.000606,0.1934,0.1719,0.0564,ROTATE2
-244.8378,-139.3481,455.9294,0.2371,535.9432,4.4291,0.0045,544.0707,48.2949,0.2585,0.000386,0.209,0.1238,0.0468,ROTATE2
-219.114,-147.5816,467.1404,0.2403,536.6669,0.7238,0.0032,543.4836,54.9205,0.2483,0.000135,0.221,0.0702,0.0319,ROTATE2
-231.0693,-167.6559,476.1092,0.2412,555.141,18.4741,0.0009,543.6434,58.493,0.2429,3.5e-05,0.2266,0.017,0.0137,ROTATE2
-267.3398,-196.0747,483.2842,0.2449,586.0713,30.9303,0.0037,550.8389,358.4214,0.241,6e-06,0.2236,-0.0364,-0.0042,ROTATE2
-306.5125,-230.3285,489.0243,0.2559,621.4064,35.3351,0.011,567.0458,1069.8029,0.2439,4.2e-05,0.2125,-0.0886,-0.0197,ROTATE2
-347.61,-255.9691,493.6163,0.2625,655.7515,34.3451,0.0066,591.0074,1875.9084,0.249,7.7e-05,0.1921,-0.1369,-0.0298,ROTATE2
-380.488,-265.2784,497.2899,0.2615,680.0302,24.2787,0.001,619.6801,2048.2202,0.2532,7.5e-05,0.1618,-0.177,-0.0333,ROTATE2
-360.756,-232.5196,500.2289,0.2569,659.12,20.9102,0.0046,640.4759,1093.7986,0.2563,3.9e-05,0.1244,-0.2098,-0.0313,ROTATE2
-277.808,-218.0532,502.58,0.2629,614.2565,44.8635,0.0059,646.1129,607.5414,0.2599,9e-06,0.0824,-0.2344,-0.0261,ROTATE2
-180.2807,-195.2832,504.4608,0.2852,570.1907,44.0659,0.0224,635.8698,1533.374,0.2658,9.9e-05,0.0377,-0.253,-0.0213,ROTATE2
-103.184,-166.8015,505.9656,0.3233,542.6517,27.539,0.038,613.2498,2680.5776,0.278,0.00061,-0.0083,-0.27,-0.0187,ROTATE2
-43.5378,-139.2069,507.1693,0.3552,527.7261,14.9255,0.0319,582.7889,2323.6536,0.2967,0.001397,-0.0521,-0.2863,-0.0194,ROTATE2
2.1354,-102.9624,508.1324,0.3788,518.4634,9.2627,0.0236,554.6577,1194.5544,0.3211,0.001834,-0.0934,-0.3026,-0.0233,ROTATE2
11.1146,-66.5574,508.9028,0.3962,513.3571,5.1064,0.0174,534.4778,418.0704,0.3477,0.001574,-0.1325,-0.317,-0.0307,ROTATE2
-2.1802,-34.2772,509.5191,0.4147,510.6754,2.6816,0.0185,522.5748,134.6165,0.3736,0.001019,-0.1715,-0.3269,-0.0365,ROTATE2
-21.1036,-12.3155,510.0122,0.4295,510.5972,0.0782,0.0148,516.1639,41.5927,0.3949,0.000685,-0.2098,-0.3285,-0.0403,ROTATE2
-37.836,5.782,510.4066,0.4315,511.8397,1.2426,0.002,512.9866,8.4999,0.4101,0.000406,-0.2459,-0.3215,-0.0426,ROTATE2
-38.7907,20.0537,510.7222,0.433,512.5856,0.7459,0.0015,511.811,1.1508,0.421,0.000196,-0.2798,-0.307,-0.0438,ROTATE2
-11.5138,33.9086,510.9746,0.423,512.2279,0.3577,0.01,511.5851,0.6565,0.4263,4.6e-05,-0.3093,-0.2851,-0.0443,ROTATE2
21.7046,40.2613,511.1766,0.4235,513.2188,0.9909,0.0004,512.0939,0.766,0.4281,1.7e-05,-0.3349,-0.2571,-0.0444,ROTATE2
52.2824,34.9309,511.3381,0.4297,515.1896,1.9708,0.0062,513.0123,1.3911,0.4282,1.7e-05,-0.3576,-0.2234,-0.0445,ROTATE2
61.6947,14.0416,511.4674,0.4395,515.3662,0.1766,0.0098,513.7176,1.7268,0.4297,3.8e-05,-0.3799,-0.1855,-0.043,ROTATE2
58.8495,-15.3261,511.5708,0.4472,515.1726,0.1936,0.0078,514.235,1.6262,0.4326,8.9e-05,-0.4005,-0.1419,-0.0399,ROTATE2
50.0952,-42.4453,511.6535,0.4456,515.8492,0.6766,0.0017,514.9593,0.8171,0.4371,8.4e-05,-0.4185,-0.0943,-0.0336,ROTATE2
43.5637,-53.8968,511.7197,0.4394,516.3911,0.5418,0.0061,515.5937,0.2187,0.4403,3.8e-05,-0.4301,-0.0431,-0.0259,ROTATE2
41.551,-40.7018,511.7727,0.4429,515.0674,1.3237,0.0035,515.5693,0.2408,0.4429,1e-05,-0.4351,0.0104,-0.0166,ROTATE2
43.4189,-21.7709,511.815,0.4656,514.1146,0.9528,0.0227,515.319,0.5932,0.4481,8.3e-05,-0.4358,0.067,-0.0077,ROTATE2
45.4945,-1.3636,511.8489,0.4922,513.8686,0.246,0.0266,515.0582,0.9416,0.4571,0.00039,-0.4329,0.1239,0.001,ROTATE2
49.055,19.0654,511.876,0.5043,514.5745,0.7059,0.0121,514.8032,0.7982,0.4689,0.000669,-0.4272,0.1781,0.0076,ROTATE2
44.4283,43.4804,511.8977,0.4822,515.6585,1.084,0.0221,514.6567,0.4188,0.4774,0.000458,-0.4146,0.2262,0.011,ROTATE2
-29.1261,56.8437,511.915,0.4161,515.8842,0.2257,0.066,514.8201,0.6597,0.4721,0.000943,-0.3839,0.2646,0.0178,ROTATE2
-125.7009,63.2281,511.9289,0.4613,530.9141,15.0298,0.0451,518.18,41.0745,0.4712,0.000957,-0.3439,0.3074,0.03,ROTATE2
-202.9607,54.2887,445.0557,0.5402,492.1533,38.7608,0.0789,513.8369,153.9725,0.4808,0.001729,-0.3051,0.3558,0.0404,ROTATE2
-179.6373,43.3747,283.3539,0.5623,338.2904,153.8629,0.0221,478.5801,5074.1377,0.4924,0.002812,-0.2691,0.4008,0.0438,ROTATE2
-77.438,12.2904,126.9113,0.5327,149.1783,189.1121,0.0296,405.284,21127.9727,0.5025,0.003013,-0.2394,0.4361,0.0421,ROTATE2
34.8871,-35.002,-0.871,0.4819,49.4268,99.7515,0.0507,311.9926,35305.0664,0.5157,0.001432,-0.2249,0.4614,0.0328,ROTATE2
117.3784,-82.1829,-103.0968,0.4399,176.5239,127.097,0.042,241.1145,24366.4004,0.5114,0.001969,-0.2153,0.4627,0.0167,ROTATE2
150.5903,-108.9807,-184.8774,0.3946,262.1715,85.6476,0.0454,195.1182,9735.3223,0.4823,0.003684,-0.1987,0.4391,0.0046,ROTATE2
137.0378,-124.7908,-250.302,0.3728,311.4533,49.2819,0.0218,189.7508,8313.6309,0.4444,0.003367,-0.1799,0.4061,0.0021,ROTATE2
110.1553,-131.7514,-302.6416,0.3611,347.972,36.5187,0.0117,229.5095,11410.4414,0.4101,0.002018,-0.1651,0.3748,0.0082,ROTATE2
72.1055,-146.8917,-344.5133,0.347,381.3998,33.4278,0.0141,295.9041,5130.3779,0.3831,0.001052,-0.1574,0.348,0.018,ROTATE2
28.9594,-169.3478,-378.0106,0.3249,415.222,33.8223,0.0221,343.6437,2848.3315,0.3601,0.000552,-0.1555,0.3223,0.0287,ROTATE2
-44.0044,-179.3001,-404.8085,0.2884,444.9211,29.6991,0.0365,380.1937,2236.311,0.3388,0.000889,-0.1605,0.2943,0.0355,ROTATE2
-137.6035,-187.6526,-426.2468,0.2382,485.628,40.7068,0.0502,415.0286,2301.0718,0.3119,0.001959,-0.1667,0.2568,0.0407,ROTATE2
-212.4828,-180.0627,-443.3974,0.1982,523.6151,37.9871,0.0401,450.1572,2525.9412,0.2794,0.003004,-0.1705,0.209,0.0455,ROTATE2
-272.3863,-157.0377,-457.118,0.1735,554.808,31.1929,0.0247,484.8389,2567.9663,0.2447,0.003126,-0.1703,0.1515,0.0502,ROTATE2
-308.3059,-130.827,-468.0944,0.1737,575.5698,20.7617,0.0002,516.9084,2216.6294,0.2144,0.001929,-0.1668,0.0869,0.0536,ROTATE2
-315.7322,-104.8147,-476.8755,0.1945,581.4492,5.8795,0.0209,544.214,1267.7029,0.1956,0.000559,-0.1606,0.019,0.0567,ROTATE2
-315.0639,-74.5611,-483.9004,0.2205,582.2235,0.7743,0.0259,563.5331,496.9545,0.1921,0.000307,-0.1518,-0.0468,0.0563,ROTATE2
-320.9855,-33.7458,-489.5203,0.2505,586.3452,4.1216,0.0301,576.0792,124.9402,0.2025,0.000873,-0.1402,-0.1089,0.0521,ROTATE2
-313.4134,15.1596,-494.0163,0.2815,585.2434,1.1017,0.0309,582.1662,14.1926,0.2241,0.001484,-0.1258,-0.1654,0.0447,ROTATE2
-306.3276,57.1496,-497.613,0.3102,587.1298,1.8864,0.0287,584.4782,5.072,0.2514,0.00171,-0.1093,-0.2156,0.0349,ROTATE2
-311.4996,83.029,-500.4904,0.333,595.3289,8.1991,0.0228,587.2541,19.0786,0.2791,0.001625,-0.0891,-0.2584,0.0224,ROTATE2
-325.8684,93.9576,-502.7923,0.3563,606.4803,11.1515,0.0234,592.1055,64.4108,0.3063,0.001391,-0.0673,-0.2948,0.0076,ROTATE2
-332.7291,81.9473,-504.6339,0.3793,609.9831,3.5027,0.023,596.8331,99.346,0.332,0.001172,-0.0445,-0.3257,-0.0086,ROTATE2
-322.7802,55.6672,-506.1071,0.3987,602.8518,7.1313,0.0194,600.3548,67.3246,0.3555,0.001,-0.0207,-0.3509,-0.027,ROTATE2
-323.6273,20.1275,-507.2857,0.4167,602.0619,0.7899,0.018,603.3412,24.0086,0.3768,0.000884,0.0055,-0.3714,-0.0462,ROTATE2
-361.3018,-9.123,-508.2285,0.4272,623.6333,21.5714,0.0105,609.0021,61.4773,0.3957,0.000652,0.0337,-0.387,-0.0616,ROTATE2
-391.4415,-14.1952,-508.9828,0.4368,642.255,18.6217,0.0096,616.157,230.1637,0.4117,0.000422,0.0646,-0.3981,-0.0691,ROTATE2
-415.5532,5.0563,-509.5863,0.4394,657.5623,15.3073,0.0026,625.6729,474.8678,0.4238,0.00022,0.0983,-0.4032,-0.0683,ROTATE2
-393.1207,41.645,-510.069,0.4377,645.3283,12.2339,0.0017,634.1682,375.8051,0.4316,7.3e-05,0.1348,-0.401,-0.0613,ROTATE2
-337.8747,81.3223,-510.4552,0.4344,617.525,27.8033,0.0033,637.2607,215.4771,0.4351,1.8e-05,0.1732,-0.3906,-0.0531,ROTATE2
-275.2591,113.1047,-510.7642,0.4308,591.1348,26.3903,0.0036,630.761,561.6111,0.4358,9e-06,0.2109,-0.3727,-0.0486,ROTATE2
-229.1792,129.3369,-511.0114,0.4298,574.7902,16.3446,0.001,617.2681,979.6772,0.4344,1.4e-05,0.2469,-0.3469,-0.0521,ROTATE2
-194.8652,143.0008,-511.2091,0.4322,565.4701,9.3201,0.0024,598.8497,852.3217,0.433,8e-06,0.2812,-0.3155,-0.0622,ROTATE2
-168.1266,158.0631,-511.3672,0.4349,561.0231,4.447,0.0026,581.9886,422.1439,0.4324,4e-06,0.3134,-0.2804,-0.0725,ROTATE2
-132.745,194.7505,-511.4938,0.4417,563.1829,2.1597,0.0068,571.1202,122.1854,0.4339,1.8e-05,0.3438,-0.2435,-0.0776,ROTATE2
-82.2023,244.941,-511.595,0.4468,573.1342,9.9513,0.0051,567.5201,29.9192,0.4371,4e-05,0.3723,-0.2044,-0.0764,ROTATE2
-34.7649,292.0309,-511.676,0.4454,590.1721,17.0379,0.0014,570.5964,112.5067,0.4402,3.3e-05,0.3969,-0.1623,-0.0695,ROTATE2
3.0318,328.8935,-511.7408,0.4415,608.3246,18.1525,0.0039,579.1674,318.4728,0.4421,1.7e-05,0.4158,-0.1167,-0.0605,ROTATE2
25.7192,352.9054,-511.7927,0.4341,622.2021,13.8775,0.0073,591.4031,473.3132,0.4419,1.9e-05,0.427,-0.0676,-0.0527,ROTATE2
31.0504,356.7462,-511.8341,0.4295,624.6649,2.4628,0.0046,603.6995,384.1031,0.4395,4.4e-05,0.4298,-0.0152,-0.0463,ROTATE2
22.7809,342.6689,-511.8673,0.429,616.4001,8.2648,0.0005,612.3527,154.6375,0.4359,4.2e-05,0.4247,0.0399,-0.0401,ROTATE2
24.8341,326.1476,-511.8939,0.4304,607.4737,8.9264,0.0013,615.813,49.0282,0.4329,2.2e-05,0.4127,0.0953,-0.0324,ROTATE2
77.3923,321.0743,-511.9151,0.4362,609.2088,1.7351,0.0058,615.9899,46.5047,0.4318,8e-06,0.3975,0.1469,-0.0178,ROTATE2
132.5638,306.6813,-511.9321,0.4353,611.3109,2.1021,0.0009,613.8116,38.4203,0.4321,9e-06,0.379,0.1933,-0.0002,ROTATE2
55.6667,296.6013,-454.78,0.3909,545.7985,65.5124,0.0444,598.0385,691.2237,0.4244,0.000287,0.3504,0.2294,0.0149,ROTATE2
-6.1416,281.881,-350.7584,0.3584,450.029,95.7695,0.0325,564.7642,3897.9753,0.4102,0.000953,0.3141,0.2554,0.0263,ROTATE2
-41.4633,260.7611,-254.0599,0.3596,366.4177,83.6113,0.0012,516.553,9077.0996,0.3961,0.001184,0.276,0.2753,0.0328,ROTATE2
-80.5082,227.012,-104.301,0.3701,262.478,103.9397,0.0105,447.2068,15462.0098,0.3829,0.000823,0.2371,0.293,0.03,ROTATE2
-117.7346,175.7815,18.9561,0.3776,212.4145,50.0636,0.0075,367.4276,14736.7373,0.3713,0.000146,0.2008,0.3075,0.0225,ROTATE2
-146.8815,106.9283,117.5617,0.3834,216.3991,3.9847,0.0059,301.5477,8595.2549,0.3698,9.6e-05,0.1784,0.3218,0.0169,ROTATE2
-164.4552,20.9364,196.4462,0.3827,257.0505,40.6514,0.0007,262.952,3092.2837,0.3747,7.9e-05,0.1692,0.3336,0.0143,ROTATE2
-195.5392,-70.6884,259.5539,0.3609,332.5667,75.5162,0.0218,256.1818,1874.6582,0.3749,7.2e-05,0.1664,0.3355,0.0136,ROTATE2
-237.8907,-147.8726,310.04,0.339,417.8314,85.2647,0.0219,287.2524,6127.4624,0.3687,0.000287,0.1706,0.3254,0.0187,ROTATE2
-259.8188,-200.7606,350.4289,0.326,480.2198,62.3884,0.013,340.8135,9585.8076,0.3584,0.00053,0.1817,0.3052,0.0276,ROTATE2
-263.4082,-221.5397,382.74,0.311,514.7365,34.5167,0.015,400.481,8979.6543,0.3439,0.000644,0.1948,0.2762,0.0381,ROTATE2
-242.289,-212.638,408.5889,0.2941,520.4457,5.7093,0.0169,453.16,4968.4224,0.3262,0.000525,0.2082,0.2394,0.0477,ROTATE2
-210.9594,-178.1854,429.268,0.2757,510.4164,10.0294,0.0184,488.7299,1450.312,0.3092,0.000505,0.2229,0.1975,0.0561,ROTATE2
-179.3269,-148.0014,445.8113,0.2595,502.8024,7.614,0.0161,505.7241,195.7949,0.2933,0.000567,0.2354,0.1513,0.0569,ROTATE2
-158.0428,-138.9512,459.0459,0.2559,504.9832,2.1808,0.0037,510.6768,41.2807,0.2792,0.000436,0.2442,0.101,0.0497,ROTATE2
-155.2123,-161.5547,469.6336,0.257,520.3331,15.3498,0.0012,511.7961,55.3803,0.2684,0.000216,0.2484,0.0479,0.0355,ROTATE2
-180.6167,-217.9219,478.1038,0.2612,555.6038,35.2707,0.0042,518.8278,374.7948,0.2619,5.1e-05,0.247,-0.0069,0.0174,ROTATE2
-212.7153,-272.025,484.8799,0.2651,595.2763,39.6725,0.0039,535.7997,1241.472,0.2597,1.1e-05,0.2384,-0.0615,-0.0007,ROTATE2
-240.6191,-316.2825,490.3008,0.2652,631.1315,35.8552,0.0001,561.4656,2182.6016,0.2609,1.5e-05,0.2204,-0.1126,-0.0156,ROTATE2
-256.6922,-339.926,494.6375,0.2602,652.7686,21.6371,0.005,591.0226,2338.179,0.2617,1e-05,0.192,-0.1573,-0.0253,ROTATE2
-247.9131,-324.0502,498.1069,0.2505,643.8788,8.8898,0.0097,615.7318,1286.9884,0.2604,2.9e-05,0.1552,-0.1927,-0.0291,ROTATE2
-178.843,-282.7245,500.8824,0.2404,602.3298,41.5491,0.0101,625.077,512.502,0.2563,9.2e-05,0.1127,-0.2172,-0.028,ROTATE2
-92.1744,-225.7671,503.1028,0.2585,559.088,43.2418,0.0181,617.8394,1153.413,0.255,7.5e-05,0.0656,-0.235,-0.0247,ROTATE2
-27.7895,-168.8481,504.8792,0.3015,533.0899,25.998,0.043,598.231,2170.0835,0.2622,0.000434,0.0173,-0.2516,-0.0212,ROTATE2
-0.6754,-126.9503,506.3002,0.3418,521.9739,11.116,0.0403,572.0721,2053.9534,0.2785,0.001433,-0.0303,-0.2686,-0.0195,ROTATE2
8.641,-97.3415,507.437,0.3604,516.7615,5.2124,0.0186,546.6486,988.2101,0.3005,0.002133,-0.0748,-0.2849,-0.022,ROTATE2
12.8596,-77.1951,508.3465,0.3584,514.3351,2.4263,0.0019,529.0497,267.2411,0.3241,0.001525,-0.1151,-0.2981,-0.028,ROTATE2
22.794,-63.5561,509.0741,0.3629,513.5322,0.8029,0.0045,519.9385,51.9267,0.345,0.000529,-0.151,-0.305,-0.036,ROTATE2
34.9414,-56.3542,509.6562,0.3757,513.9515,0.4193,0.0128,516.1108,9.8527,0.3598,0.000118,-0.1846,-0.3025,-0.0431,ROTATE2
50.8625,-54.6771,510.1218,0.393,515.5588,1.6073,0.0173,514.8278,1.3925,0.3701,0.000167,-0.2175,-0.2915,-0.0471,ROTATE2
73.065,-55.2198,510.4944,0.4024,518.6446,3.0858,0.0094,515.2045,3.4164,0.3785,0.000287,-0.2505,-0.2744,-0.0482,ROTATE2
82.7801,-58.8196,510.7924,0.413,520.7889,2.1443,0.0106,516.4952,7.8365,0.3894,0.000325,-0.285,-0.2549,-0.0468,ROTATE2
84.4179,-57.0713,511.0308,0.4166,521.0911,0.3022,0.0037,518.007,8.0197,0.4001,0.000218,-0.3184,-0.2312,-0.0435,ROTATE2
82.4218,-44.1789,511.2215,0.4227,519.7043,1.3868,0.0061,519.1576,3.9827,0.4095,0.000112,-0.3489,-0.202,-0.0396,ROTATE2
75.4093,-30.6244,511.3741,0.4285,517.8107,1.8936,0.0057,519.6079,1.5524,0.4166,7.9e-05,-0.375,-0.1661,-0.0354,ROTATE2
61.7837,-23.2183,511.4962,0.4414,515.737,2.0737,0.013,519.0264,4.0255,0.4244,0.0001,-0.3985,-0.1247,-0.0297,ROTATE2
44.7863,-18.9465,511.5938,0.4552,513.8998,1.8372,0.0137,517.6486,6.7622,0.4329,0.000191,-0.4185,-0.0784,-0.0232,ROTATE2
37.5822,-13.6853,511.6719,0.4671,513.2328,0.667,0.012,516.0769,5.8216,0.443,0.000271,-0.4352,-0.0291,-0.0174,ROTATE2
41.8564,-4.6795,511.7344,0.4746,513.4647,0.2319,0.0075,514.829,2.9975,0.4534,0.000282,-0.4465,0.023,-0.0118,ROTATE2
45.9632,7.2064,511.7844,0.4716,513.8948,0.4301,0.003,514.0458,0.7806,0.462,0.00015,-0.45,0.0749,-0.0062,ROTATE2
48.4987,20.0745,511.8244,0.4657,514.5089,0.6141,0.006,513.8002,0.1911,0.4668,4.4e-05,-0.444,0.1247,-0.0002,ROTATE2
32.7365,32.0721,511.8564,0.4675,513.904,0.6049,0.0019,513.801,0.1913,0.4693,1.1e-05,-0.4305,0.1723,0.0057,ROTATE2
20.5767,22.6546,511.882,0.4727,512.7961,1.1078,0.0051,513.7137,0.321,0.4704,1.1e-05,-0.4095,0.2193,0.0116,ROTATE2
8.7488,23.9174,511.9025,0.464,512.5356,0.2605,0.0087,513.5279,0.5517,0.4683,1.1e-05,-0.3788,0.2636,0.0181,ROTATE2
-19.2384,34.2558,511.9189,0.4475,513.4244,0.8887,0.0165,513.4338,0.518,0.4635,7.2e-05,-0.3421,0.3014,0.0269,ROTATE2
-85.4157,28.7109,457.5382,0.4895,466.3276,47.0968,0.042,503.7975,351.2288,0.4682,0.000184,-0.3061,0.3431,0.0345,ROTATE2
-105.1045,12.9,350.7275,0.5213,366.3647,99.9628,0.0318,474.2897,3237.6426,0.479,0.000633,-0.2739,0.3843,0.0398,ROTATE2
-79.2711,-8.1425,216.8508,0.5201,231.0291,135.3356,0.0012,417.9363,11600.5293,0.4885,0.000873,-0.2464,0.4164,0.043,ROTATE2
-25.6481,-28.8797,76.1619,0.4939,85.3961,145.633,0.0262,332.5084,24629.3926,0.4945,0.000723,-0.2271,0.4359,0.0435,ROTATE2
24.6971,-47.3225,-41.4705,0.4627,67.5956,17.8004,0.0312,243.3426,24168.4941,0.4975,0.000474,-0.2162,0.4461,0.0398,ROTATE2
65.8452,-65.4424,-135.5764,0.4244,164.3145,96.7189,0.0383,182.94,11824.6504,0.4845,0.001362,-0.207,0.4365,0.0357,ROTATE2
91.873,-80.4133,-210.8611,0.3983,243.6583,79.3438,0.0261,158.3987,5230.791,0.4599,0.001971,-0.1986,0.4135,0.0313,ROTATE2
79.3359,-111.3525,-271.0889,0.3755,303.6161,59.9578,0.0227,172.9161,8182.6221,0.431,0.001831,-0.1917,0.3848,0.0276,ROTATE2
49.6063,-150.1726,-319.2711,0.3531,356.2957,52.6796,0.0225,227.0961,10440.8203,0.4028,0.001458,-0.1876,0.3552,0.0244,ROTATE2
-5.2869,-196.2131,-357.8169,0.3247,408.1182,51.8225,0.0283,295.2006,7268.3203,0.3752,0.001197,-0.1858,0.3244,0.0219,ROTATE2
-98.9576,-228.333,-388.6535,0.2814,461.4977,53.3795,0.0433,354.6372,5840.3203,0.3466,0.001655,-0.1871,0.2893,0.0204,ROTATE2
-181.5661,-252.0914,-413.3228,0.2288,517.061,55.5633,0.0526,409.3177,5663.3896,0.3127,0.002747,-0.1856,0.2467,0.0239,ROTATE2
-247.6529,-252.8013,-433.0583,0.1734,559.2673,42.2063,0.0555,460.448,5311.4951,0.2723,0.004206,-0.179,0.1938,0.0315,ROTATE2
-300.5223,-225.666,-448.8466,0.1333,585.4077,26.1404,0.04,506.2704,4165.251,0.2283,0.004831,-0.165,0.1292,0.0404,ROTATE2
-307.3835,-183.6234,-461.4773,0.1446,584.092,1.3157,0.0113,541.4651,2211.0522,0.1923,0.003077,-0.1422,0.0544,0.0473,ROTATE2
-238.4099,-130.1206,-471.5818,0.1968,544.2059,39.886,0.0522,558.0067,659.9714,0.1754,0.001207,-0.1136,-0.0242,0.0489,ROTATE2
-159.9779,-85.7528,-479.6655,0.2596,512.86,31.3459,0.0628,557.1666,731.5991,0.1815,0.002016,-0.0837,-0.1038,0.0427,ROTATE2
-97.7667,-71.9991,-486.1324,0.3207,501.0658,11.7943,0.0611,545.5262,1224.6802,0.211,0.00501,-0.0558,-0.1803,0.0309,ROTATE2
-93.3103,-74.7961,-491.3059,0.3702,505.6508,4.5851,0.0494,529.5749,970.1393,0.2584,0.006624,-0.0341,-0.2496,0.0185,ROTATE2
-133.4513,-84.9869,-495.4447,0.4037,520.0937,14.4429,0.0335,516.7753,229.8648,0.3102,0.005572,-0.0195,-0.3081,0.0087,ROTATE2
-182.1611,-101.3552,-498.7558,0.4231,540.5672,20.4734,0.0194,516.0475,192.0581,0.3555,0.003502,-0.0101,-0.3551,0.0038,ROTATE2
-234.982,-116.181,-501.4046,0.4312,565.7925,25.2253,0.0081,526.634,572.8646,0.3898,0.001633,-0.0034,-0.3897,0.0035,ROTATE2
-289.9168,-127.1386,-503.5237,0.4371,594.7706,28.9781,0.006,545.3749,1019.4133,0.413,0.000588,0.0034,-0.4128,0.0053,ROTATE2
-316.0491,-136.1702,-505.219,0.4361,611.2901,16.5195,0.001,566.5028,1126.3865,0.4262,0.000152,0.0155,-0.4254,0.006,ROTATE2
-325.9143,-140.2206,-506.5752,0.4348,618.4661,7.176,0.0013,586.1773,848.5776,0.4325,2.6e-05,0.0345,-0.4297,0.0039,ROTATE2
-328.4064,-134.614,-507.6601,0.427,619.4276,0.9614,0.0078,601.9493,404.8788,0.4332,1.4e-05,0.0609,-0.4263,-0.0017,ROTATE2
-336.5439,-117.8162,-508.5281,0.4153,621.0823,1.6548,0.0117,613.0073,94.3499,0.4301,6.8e-05,0.0936,-0.4156,-0.0088,ROTATE2
-355.8132,-86.1467,-509.2225,0.4019,627.1617,6.0794,0.0133,619.4855,25.9363,0.423,0.000166,0.1301,-0.3971,-0.0172,ROTATE2
-367.6693,-48.4674,-509.778,0.3932,630.3994,3.2377,0.0088,623.3074,21.7189,0.4144,0.000236,0.1667,-0.373,-0.0254,ROTATE2
-362.3636,-4.4645,-510.2224,0.3949,625.8228,4.5766,0.0018,624.7787,16.1319,0.4065,0.000166,0.2021,-0.3456,-0.0311,ROTATE2
-338.7628,40.3378,-510.5779,0.4029,614.0661,11.7567,0.008,623.7065,32.2072,0.4016,6.1e-05,0.2364,-0.3171,-0.0335,ROTATE2
-307.3696,85.8858,-510.8623,0.4115,602.356,11.7101,0.0086,619.9612,107.9715,0.4009,4.3e-05,0.2706,-0.2872,-0.034,ROTATE2
-274.5644,131.5056,-511.0899,0.4191,594.8884,7.4677,0.0076,613.5065,181.6687,0.4043,9.7e-05,0.304,-0.2565,-0.0325,ROTATE2
-230.8234,176.0201,-511.2719,0.4212,587.9298,6.9586,0.0022,605.0126,183.282,0.4099,9.8e-05,0.3356,-0.2238,-0.0304,ROTATE2
-178.79,206.1535,-511.4175,0.4229,579.6663,8.2635,0.0017,595.7814,139.9393,0.4155,5.5e-05,0.3638,-0.1868,-0.0285,ROTATE2
-132.882,225.0166,-511.534,0.4265,574.4189,5.2474,0.0036,587.8519,101.4671,0.4202,2.5e-05,0.3878,-0.1439,-0.0269,ROTATE2
-83.6837,242.6258,-511.6272,0.4248,572.392,2.0269,0.0016,581.8591,71.281,0.4229,7e-06,0.4044,-0.0973,-0.0245,ROTATE2
-37.5345,253.9319,-511.7018,0.4169,572.4762,0.0842,0.0079,577.3766,34.8441,0.4225,1.1e-05,0.4124,-0.0465,-0.0223,ROTATE2
-20.3526,266.6424,-511.7614,0.4183,577.4185,4.9423,0.0014,575.2744,8.1512,0.4219,1.4e-05,0.4142,0.0059,-0.0183,ROTATE2
9.4242,282.4389,-511.8091,0.4099,584.6445,7.226,0.0084,576.27,20.8618,0.4193,3.5e-05,0.4079,0.0583,-0.0129,ROTATE2
26.6768,292.8543,-511.8473,0.4018,590.3075,5.663,0.0081,579.4478,49.4887,0.4144,6.2e-05,0.3926,0.1089,-0.0077,ROTATE2
18.7227,298.1678,-511.8779,0.3959,592.6833,2.3759,0.0059,583.506,58.0988,0.4086,7.4e-05,0.3701,0.1567,-0.0036,ROTATE2
12.1501,283.9811,-511.9023,0.3922,585.5228,7.1606,0.0038,586.1154,27.7724,0.4036,9e-05,0.344,0.1987,0.0012,ROTATE2
24.195,241.1568,-511.9218,0.3876,566.3973,19.1254,0.0045,583.911,85.5467,0.3975,6e-05,0.314,0.2347,0.006,ROTATE2
-20.1565,183.3567,-407.9812,0.383,447.7439,118.6534,0.0047,556.5309,3044.0679,0.3921,4.3e-05,0.283,0.265,0.0104,ROTATE2
-88.0502,159.2885,-282.06,0.3737,335.6836,112.0603,0.0093,505.6062,9977.2764,0.3865,6e-05,0.2539,0.2869,0.0162,ROTATE2
-132.3401,121.1808,-123.2511,0.3689,217.6914,117.9922,0.0048,430.6078,19415.0234,0.3811,7.5e-05,0.2261,0.303,0.022,ROTATE2
-176.5096,50.6165,3.796,0.3756,183.663,34.0284,0.0068,350.2358,20351.9902,0.3777,4.5e-05,0.2014,0.3161,0.028,ROTATE2
-209.6327,-22.1037,105.4337,0.374,235.692,52.029,0.0016,284.0948,9256.249,0.375,2.1e-05,0.1846,0.3237,0.0331,ROTATE2
-247.0499,-98.4736,186.7438,0.3747,324.9676,89.2757,0.0007,259.5395,3631.1965,0.3734,6e-06,0.18,0.3242,0.0382,ROTATE2
-256.7556,-164.0351,251.7919,0.3604,395.2596,70.2919,0.0143,271.4547,6013.6265,0.3707,3.2e-05,0.1846,0.3173,0.0409,ROTATE2
-225.3576,-212.1187,303.8304,0.3361,433.6973,38.4377,0.0243,314.6559,8833.7168,0.3642,0.000228,0.1981,0.2988,0.0421,ROTATE2
-206.3767,-232.5668,345.4612,0.315,464.7818,31.0846,0.0211,370.8797,6748.3359,0.3521,0.000538,0.2179,0.2668,0.0412,ROTATE2
-194.9326,-231.0222,378.7659,0.2895,484.5963,19.8145,0.0255,420.6606,3201.3545,0.3351,0.000939,0.2364,0.2249,0.0391,ROTATE2
-187.5992,-212.6022,405.4096,0.2612,494.7222,10.1259,0.0283,454.6114,1314.2908,0.3125,0.001204,0.2468,0.1751,0.0349,ROTATE2
-183.2388,-183.2474,426.7245,0.2346,499.2493,4.5271,0.0266,475.4094,575.7145,0.2873,0.001323,0.2488,0.1216,0.029,ROTATE2
-182.1035,-160.5354,443.7765,0.2177,505.8368,6.5875,0.0169,489.8373,204.7355,0.2636,0.001253,0.2435,0.0671,0.021,ROTATE2
-190.6391,-148.0439,457.4181,0.2082,517.1959,11.359,0.0095,500.3201,118.9892,0.2422,0.000882,0.2295,0.0134,0.0113,ROTATE2
-191.0894,-144.1227,468.3314,0.2044,525.9474,8.7516,0.0038,508.5903,132.4971,0.2252,0.000433,0.2081,-0.0374,0.0006,ROTATE2
-170.8778,-135.4731,477.062,0.2056,524.5382,1.4092,0.0012,514.5536,109.3395,0.2141,0.000127,0.181,-0.0839,-0.0099,ROTATE2
-140.6928,-116.6598,484.0465,0.215,517.4022,7.136,0.0094,518.1841,50.9375,0.2102,2.8e-05,0.1506,-0.1256,-0.0178,ROTATE2
-105.0887,-90.4841,489.6341,0.2273,508.8934,8.5088,0.0122,518.7953,37.3362,0.2121,7.1e-05,0.117,-0.1617,-0.0222,ROTATE2
-68.3709,-60.4466,494.1041,0.2394,502.4612,6.4322,0.0121,515.8485,81.5013,0.2183,0.000178,0.0824,-0.1913,-0.0247,ROTATE2
-33.0155,-37.1385,497.6802,0.2527,500.1548,2.3064,0.0133,510.6899,83.7514,0.228,0.000282,0.048,-0.2148,-0.0262,ROTATE2
-7.5718,-26.2858,500.541,0.275,501.2879,1.1331,0.0224,506.0399,41.4532,0.2419,0.000431,0.0144,-0.2349,-0.0276,ROTATE2
-2.3105,-28.163,502.8297,0.2995,503.6231,2.3351,0.0245,503.2841,9.2067,0.2588,0.000666,-0.0205,-0.252,-0.0292,ROTATE2
-8.0516,-32.4398,504.6606,0.3228,505.7663,2.1432,0.0233,502.6587,3.7549,0.2779,0.000922,-0.0564,-0.2663,-0.0293,ROTATE2
-14.8725,-30.5643,506.1254,0.3462,507.2655,1.4992,0.0234,503.6195,7.0685,0.2992,0.001103,-0.0945,-0.2783,-0.0276,ROTATE2
-29.6417,-22.2577,507.2972,0.3679,508.6497,1.3842,0.0217,505.3185,6.8416,0.3223,0.00108,-0.1342,-0.2875,-0.0253,ROTATE2
-43.7853,-16.7812,508.2346,0.3786,510.3932,1.7435,0.0108,507.1396,5.4268,0.343,0.00084,-0.1735,-0.2909,-0.0235,ROTATE2
-49.5938,-21.4687,508.9846,0.3924,511.8455,1.4523,0.0138,508.784,4.6785,0.3616,0.000605,-0.2109,-0.2891,-0.0228,ROTATE2
-30.1813,-25.525,509.5846,0.4044,511.1153,0.7302,0.012,509.8539,2.7997,0.3779,0.000404,-0.2452,-0.2834,-0.0228,ROTATE2
9.3643,-30.1887,510.0646,0.4217,511.043,0.0724,0.0173,510.6093,1.1718,0.393,0.000359,-0.2789,-0.2724,-0.0223,ROTATE2
40.9946,-27.8603,510.4485,0.4511,512.8494,1.8064,0.0294,511.4493,0.7018,0.4097,0.00063,-0.3149,-0.2559,-0.0204,ROTATE2
57.4019,-11.1008,510.7557,0.4686,514.0911,1.2417,0.0175,512.1888,1.3276,0.4277,0.000809,-0.3518,-0.235,-0.0172,ROTATE2
64.8372,12.3756,511.0015,0.4656,515.247,1.1559,0.003,512.8691,2.7117,0.4423,0.000634,-0.3846,-0.2082,-0.0141,ROTATE2
76.151,33.1005,511.1981,0.4478,517.8977,2.6507,0.0178,514.2256,5.3138,0.451,0.000278,-0.4108,-0.1755,-0.0122,ROTATE2
78.177,52.7554,511.3553,0.4236,519.9799,2.0822,0.0242,516.013,6.7154,0.4513,0.000257,-0.4257,-0.1393,-0.0111,ROTATE2
80.3822,73.2043,511.4812,0.4027,522.9084,2.9285,0.0209,518.0248,10.1756,0.4417,0.000637,-0.4267,-0.1009,-0.0102,ROTATE2
66.3683,103.0228,511.5818,0.3916,526.0555,3.1472,0.0111,520.4177,14.2534,0.4262,0.000756,-0.4184,-0.0606,-0.009,ROTATE2
36.8696,128.6276,511.6624,0.391,528.8694,2.8138,0.0006,523.1422,15.7696,0.4113,0.000471,-0.4062,-0.0172,-0.0061,ROTATE2
14.7301,131.3615,511.7268,0.4038,528.5236,0.3458,0.0128,525.2673,11.5442,0.4025,0.000139,-0.3943,0.0323,-0.0015,ROTATE2
-5.4534,114.2829,511.7783,0.4143,524.4114,4.1121,0.0105,526.1537,5.3137,0.4007,7.5e-05,-0.381,0.0881,0.0029,ROTATE2
-9.5002,125.2264,511.8195,0.4078,527.0021,2.5906,0.0065,526.9724,2.6809,0.4017,8.3e-05,-0.3597,0.1485,0.009,ROTATE2
-65.6877,105.528,511.8525,0.4352,526.7296,0.2725,0.0274,527.1072,2.5064,0.4104,0.000211,-0.3298,0.2159,0.0196,ROTATE2
-154.9502,85.6224,447.5539,0.5399,481.2954,45.4342,0.1047,517.5924,331.0986,0.4402,0.002604,-0.3012,0.2962,0.0328,ROTATE2
-157.3258,61.0791,278.0963,0.5945,325.2992,155.9962,0.0546,476.9476,6050.5283,0.4783,0.005646,-0.2762,0.3738,0.0445,ROTATE2
-81.1075,37.4602,120.077,0.5766,149.6669,175.6323,0.0179,401.9986,21405.1504,0.5108,0.005704,-0.2555,0.4339,0.0524,ROTATE2
-4.0485,18.1275,-6.3384,0.5209,19.6258,130.0411,0.0558,300.5234,37224.543,0.5334,0.003089,-0.2441,0.4703,0.0536,ROTATE2
41.6268,-12.5761,-107.4707,0.4438,115.9349,96.3091,0.0771,218.3645,27055.1836,0.5351,0.002764,-0.2388,0.4762,0.0467,ROTATE2
68.6202,-36.6859,-188.3766,0.406,203.8144,87.8795,0.0378,162.8683,10191.1631,0.5084,0.005378,-0.2352,0.4484,0.0348,ROTATE2
61.2649,-69.9581,-253.1013,0.375,269.6438,65.8294,0.031,151.7372,7070.7031,0.4645,0.005524,-0.2299,0.4014,0.0229,ROTATE2
9.0776,-108.654,-304.881,0.3522,323.7909,54.1471,0.0228,186.562,11777.5752,0.4196,0.003511,-0.2278,0.3498,0.0128,ROTATE2
-73.1536,-139.9888,-346.3048,0.3229,380.6249,56.834,0.0293,258.7618,8523.3105,0.38,0.00176,-0.2291,0.2995,0.0081,ROTATE2
-160.9229,-151.9535,-379.4439,0.2821,439.2763,58.6514,0.0408,323.4301,6778.5205,0.3476,0.001815,-0.2333,0.2524,0.0097,ROTATE2
-231.1383,-148.7316,-405.9551,0.2419,490.2505,50.9742,0.0402,380.7173,6200.9243,0.3148,0.002293,-0.2329,0.2034,0.0149,ROTATE2
-283.5606,-135.4946,-427.1641,0.2043,530.3156,40.0651,0.0377,432.8517,5491.3989,0.2807,0.002849,-0.2276,0.1492,0.0209,ROTATE2
-284.6829,-116.2051,-444.1313,0.1803,540.1857,9.8701,0.024,476.1306,3543.6001,0.2463,0.002659,-0.2146,0.0902,0.0277,ROTATE2
-244.1682,-90.3703,-457.705,0.1831,526.5727,13.613,0.0028,505.3202,1376.1851,0.2183,0.001503,-0.1956,0.0278,0.0315,ROTATE2
-192.9908,-59.3463,-468.564,0.2124,510.2153,16.3574,0.0293,519.5079,307.327,0.2044,0.000502,-0.1749,-0.0359,0.0289,ROTATE2
-135.0864,-36.2051,-477.2512,0.2503,497.3207,12.8946,0.0379,520.922,232.5824,0.2061,0.000639,-0.1547,-0.0988,0.0208,ROTATE2
-106.7191,-26.6766,-484.201,0.2817,496.5392,0.7815,0.0313,514.1667,288.2047,0.2215,0.001541,-0.136,-0.1566,0.009,ROTATE2
-101.4222,-25.61,-489.7608,0.3023,500.8073,4.2681,0.0206,506.2911,126.4762,0.2459,0.001909,-0.1188,-0.2071,-0.0032,ROTATE2
-113.7065,-31.3068,-494.2086,0.3158,508.0861,7.2788,0.0135,502.5937,31.1815,0.2725,0.001389,-0.1028,-0.2482,-0.0133,ROTATE2
-145.1308,-45.0423,-497.7669,0.327,520.4456,12.3595,0.0112,504.6398,79.1154,0.2954,0.000736,-0.0871,-0.2796,-0.0184,ROTATE2
-187.5172,-60.3495,-500.6135,0.3329,537.9764,17.5308,0.006,512.7709,224.5524,0.3119,0.000338,-0.0697,-0.3018,-0.0186,ROTATE2
-228.0856,-70.7921,-502.8908,0.3317,556.7169,18.7405,0.0012,524.8065,413.2545,0.3219,0.000133,-0.0483,-0.3161,-0.0145,ROTATE2
-251.3747,-68.2368,-504.7126,0.3289,567.9616,11.2447,0.0028,538.2373,490.1477,0.3273,3.7e-05,-0.0224,-0.3236,-0.0091,ROTATE2
-256.4123,-49.1207,-506.1701,0.3263,569.5334,1.5718,0.0027,550.5267,353.1859,0.3294,7e-06,0.0099,-0.3249,-0.0051,ROTATE2
-249.583,-17.6309,-507.3361,0.3287,565.6787,3.8547,0.0025,559.5734,136.2853,0.3297,6e-06,0.049,-0.3197,-0.0058,ROTATE2
-236.832,7.6578,-508.2689,0.3422,560.7899,4.8889,0.0135,564.1361,22.4773,0.3316,3.1e-05,0.0928,-0.3103,-0.0117,ROTATE2
-239.7468,25.5418,-509.0151,0.3648,563.2293,2.4395,0.0226,565.4386,9.9365,0.3382,0.000209,0.1398,-0.2984,-0.0224,ROTATE2
-253.4725,42.6616,-509.6121,0.3808,570.7651,7.5358,0.0159,565.9993,14.0233,0.3486,0.000447,0.1868,-0.2835,-0.0362,ROTATE2
-257.9249,67.0074,-510.0897,0.3934,575.5056,4.7405,0.0127,567.1937,28.1727,0.362,0.000569,0.2311,-0.2665,-0.0495,ROTATE2
-236.318,104.2997,-510.4717,0.4098,572.1067,3.3989,0.0164,568.4793,30.8884,0.3782,0.000543,0.2716,-0.2502,-0.058,ROTATE2
-195.7919,148.7866,-510.7774,0.4276,566.8911,5.2156,0.0177,569.6996,18.0783,0.3953,0.000479,0.3098,-0.2323,-0.0599,ROTATE2
-150.6273,192.7293,-511.0219,0.4389,566.5479,0.3432,0.0113,570.3633,11.2515,0.4101,0.000455,0.3437,-0.2102,-0.0561,ROTATE2
-110.5456,235.2491,-511.2175,0.4436,573.5031,6.9552,0.0047,570.9109,12.891,0.4227,0.000349,0.3735,-0.1834,-0.0477,ROTATE2
-76.1083,270.9086,-511.374,0.4411,583.6843,10.1812,0.0025,572.5466,38.625,0.4322,0.000155,0.3982,-0.1512,-0.0364,ROTATE2
-50.0179,304.2144,-511.4992,0.4318,597.2266,13.5424,0.0094,577.5706,135.1664,0.4366,3.6e-05,0.4157,-0.1101,-0.0246,ROTATE2
-19.9237,330.8997,-511.5994,0.4171,609.6109,12.3843,0.0146,586.1146,244.6729,0.4345,9.1e-05,0.4231,-0.0618,-0.0139,ROTATE2
3.7079,349.3072,-511.6795,0.4076,619.5524,9.9415,0.0095,596.7155,279.3412,0.4283,0.000193,0.4209,-0.0099,-0.0041,ROTATE2
14.4663,358.3208,-511.7436,0.402,624.8876,5.3352,0.0056,606.9923,224.698,0.4199,0.000214,0.4106,0.0421,0.0048,ROTATE2
16.3324,358.0254,-511.7949,0.4065,624.8063,0.0814,0.0045,615.2167,111.8707,0.413,0.000112,0.3951,0.0936,0.0122,ROTATE2
13.7785,351.5953,-511.8359,0.4126,621.116,3.6903,0.0061,619.9946,31.2736,0.4092,2.7e-05,0.3764,0.1424,0.0181,ROTATE2
8.0009,336.1325,-511.8687,0.4113,612.4203,8.6957,0.0013,620.5565,20.8677,0.408,1.4e-05,0.355,0.1873,0.0233,ROTATE2
-3.1618,304.8153,-511.895,0.405,595.7842,16.636,0.0063,615.8029,120.8021,0.4075,1.5e-05,0.3303,0.2274,0.0271,ROTATE2
-17.9888,250.7648,-511.916,0.3908,570.3197,25.4645,0.0142,604.8893,398.9331,0.4052,6e-05,0.3014,0.2614,0.0319,ROTATE2
6.5558,177.1275,-511.9328,0.3916,541.7493,28.5704,0.0008,588.278,840.9897,0.4023,8.8e-05,0.2717,0.288,0.0408,ROTATE2
21.1509,91.1301,-416.8587,0.3996,427.2274,114.5219,0.008,549.5002,4309.0625,0.3997,6.2e-05,0.2424,0.3092,0.0515,ROTATE2
-28.123,65.1072,-302.7089,0.3928,310.9059,116.3215,0.0068,489.1973,11266.2803,0.396,3e-05,0.2141,0.3244,0.0611,ROTATE2
-64.6609,59.9076,-189.8952,0.3921,209.3565,101.5494,0.0007,411.9118,18683.2461,0.3934,1e-05,0.1893,0.3358,0.0693,ROTATE2
-82.7319,55.3511,-92.2349,0.4046,135.7041,73.6525,0.0125,324.9886,21367.1387,0.3962,2.6e-05,0.1703,0.3484,0.0744,ROTATE2
-125.5574,52.3184,28.6089,0.4078,138.9976,3.2936,0.0031,244.4383,12400.2832,0.3994,3.9e-05,0.154,0.3602,0.0725,ROTATE2
-194.1647,35.0203,125.284,0.4081,233.7144,94.7168,0.0003,205.7357,4243.0205,0.4011,5.1e-05,0.1424,0.3685,0.0654,ROTATE2
-257.7317,-49.9619,202.6241,0.3998,331.6299,97.9154,0.0083,209.8805,5183.5522,0.4025,3.6e-05,0.1348,0.3744,0.058,ROTATE2
-306.5354,-142.3695,264.4962,0.3813,429.175,97.5452,0.0185,253.8442,12868.71,0.4003,9.9e-05,0.1357,0.3725,0.0528,ROTATE2
-343.6939,-216.2956,313.9938,0.3479,513.3239,84.1489,0.0334,329.3682,17839.3672,0.389,0.000516,0.1421,0.3573,0.0514,ROTATE2
-336.1239,-251.4959,353.5919,0.3127,548.8686,35.5447,0.0352,411.3424,13507.4951,0.37,0.001248,0.1515,0.3302,0.0549,ROTATE2
-279.221,-235.9904,385.2704,0.2816,531.1207,17.7479,0.0311,470.8236,6528.5068,0.3446,0.00188,0.163,0.2915,0.0625,ROTATE2
-219.5424,-206.5611,410.6132,0.2646,509.3816,21.7391,0.017,506.374,1687.0426,0.3176,0.001821,0.1809,0.2422,0.0688,ROTATE2
-150.2902,-187.877,430.8875,0.2527,493.5067,15.8748,0.0119,519.2403,362.6785,0.2919,0.001191,0.1977,0.1876,0.0692,ROTATE2
-125.5165,-195.4079,447.1068,0.2263,503.8285,10.3218,0.0263,517.3412,399.5758,0.2676,0.000832,0.209,0.1317,0.0614,ROTATE2
-119.0851,-215.1357,460.0824,0.2144,521.6708,17.8423,0.0119,511.9017,174.941,0.2479,0.000604,0.2164,0.0763,0.0474,ROTATE2
-120.3118,-235.5617,470.4628,0.2114,539.7216,18.0508,0.003,513.6219,252.8979,0.2339,0.000448,0.2175,0.0226,0.0295,ROTATE2
-130.9307,-244.0712,478.7671,0.2156,553.1108,13.3892,0.0042,522.3677,484.6874,0.2241,0.00023,0.2088,-0.0285,0.0124,ROTATE2
-135.6196,-251.5257,485.4106,0.2248,563.2772,10.1664,0.0092,536.3218,458.0978,0.2185,3.6e-05,0.1915,-0.0764,-0.001,ROTATE2
-141.0113,-270.0018,490.7253,0.2361,577.5782,14.301,0.0112,551.0717,369.793,0.2204,8.1e-05,0.1703,-0.1208,-0.0099,ROTATE2
-141.4684,-283.5983,494.9772,0.248,587.7446,10.1664,0.0119,564.2865,291.2603,0.2272,0.00018,0.1443,-0.1614,-0.0164,ROTATE2
-136.8935,-286.8099,498.3786,0.2602,591.0846,3.34,0.0122,574.5591,208.6752,0.2369,0.000254,0.1136,-0.1966,-0.0213,ROTATE2
-129.2398,-285.0229,501.0998,0.2781,590.7978,0.2868,0.0179,582.0965,112.596,0.2494,0.000346,0.0796,-0.2267,-0.0247,ROTATE2
-114.4481,-279.734,503.2767,0.3001,587.0579,3.7399,0.022,586.8527,24.0654,0.2645,0.000511,0.0435,-0.2528,-0.0268,ROTATE2
-95.996,-265.4528,505.0183,0.316,578.5533,8.5046,0.0159,587.0477,20.6001,0.2805,0.000624,0.0066,-0.2738,-0.0282,ROTATE2
-70.6343,-241.081,506.4115,0.319,565.298,13.2552,0.0031,582.5583,94.958,0.2947,0.000508,-0.0288,-0.2879,-0.0293,ROTATE2
-45.523,-208.7929,507.5261,0.3403,550.681,14.6171,0.0212,574.4776,218.3534,0.3107,0.000429,-0.067,-0.2976,-0.0315,ROTATE2
-21.3153,-173.5406,508.4178,0.3689,537.6424,13.0386,0.0286,563.8465,323.43,0.3289,0.000564,-0.1068,-0.3041,-0.0362,ROTATE2
-13.1366,-149.5575,509.1311,0.4042,530.8055,6.8369,0.0353,552.5961,307.4448,0.3497,0.0011,-0.1502,-0.3076,-0.0419,ROTATE2
-7.4468,-126.2929,509.7018,0.423,525.1678,5.6377,0.0188,541.9189,209.1502,0.3711,0.001489,-0.1953,-0.3065,-0.0465,ROTATE2
4.9457,-89.7655,510.1583,0.4336,518.0192,7.1487,0.0106,532.4632,124.6623,0.394,0.001205,-0.2415,-0.3024,-0.0487,ROTATE2
20.419,-41.9749,510.5236,0.4384,512.653,5.3661,0.0048,524.8575,78.9283,0.4136,0.000639,-0.2827,-0.2927,-0.0482,ROTATE2
30.9915,6.4357,510.8157,0.438,511.7955,0.8575,0.0004,519.6882,53.6393,0.4274,0.000166,-0.3197,-0.2744,-0.0442,ROTATE2
48.3463,45.0392,511.0495,0.4402,515.3032,3.5078,0.0021,516.5878,23.153,0.4346,3.9e-05,-0.3508,-0.2462,-0.0394,ROTATE2
61.0989,71.9563,511.2365,0.445,519.8784,4.5751,0.0048,515.5298,9.4759,0.439,1.4e-05,-0.3779,-0.2103,-0.0354,ROTATE2
67.401,93.8838,511.386,0.4516,524.2831,4.4047,0.0066,516.7826,21.9909,0.4426,2.6e-05,-0.4018,-0.1664,-0.0326,ROTATE2
53.6583,115.0071,511.5057,0.4598,527.0142,2.7311,0.0082,519.6549,31.2675,0.4469,6.3e-05,-0.4227,-0.115,-0.0301,ROTATE2
33.6985,134.1838,511.6015,0.4618,529.9783,2.9641,0.002,523.2914,27.0034,0.4517,6.9e-05,-0.4383,-0.0581,-0.0274,ROTATE2
17.7619,154.2876,511.6781,0.4629,534.7286,4.7503,0.0011,527.1765,25.309,0.4562,4.7e-05,-0.4467,0.002,-0.0242,ROTATE2
11.1377,163.2707,511.7393,0.4641,537.2695,2.541,0.0012,530.6547,22.9321,0.46,2e-05,-0.4466,0.063,-0.0214,ROTATE2
14.8008,158.6447,511.7884,0.4676,536.0173,1.2523,0.0035,533.0016,15.0562,0.4632,7e-06,-0.4382,0.1226,-0.0192,ROTATE2
17.1562,145.8658,511.8276,0.4743,532.4835,3.5338,0.0067,534.0954,6.7437,0.4661,2e-05,-0.422,0.1793,-0.0175,ROTATE2
21.5219,132.7489,511.8589,0.4795,529.2306,3.2529,0.0052,533.9459,8.0645,0.4697,4e-05,-0.4008,0.2313,-0.0159,ROTATE2
28.5269,125.0772,440.1528,0.4837,458.4676,70.763,0.0043,518.6937,914.7062,0.4738,5.3e-05,-0.3769,0.2776,-0.0138,ROTATE2
40.8934,117.1587,329.4879,0.4822,352.0805,106.3871,0.0015,481.6559,5025.8877,0.4775,3.5e-05,-0.3522,0.3161,-0.0113,ROTATE2
60.3272,101.2394,198.5872,0.4767,230.9235,121.157,0.0055,420.6371,13284.9121,0.4793,1.2e-05,-0.3288,0.3453,-0.0089,ROTATE2
80.5274,78.7978,56.4697,0.4668,126.0261,104.8974,0.0099,339.3456,21533.8203,0.4778,3.6e-05,-0.3072,0.3643,-0.0072,ROTATE2
97.7219,56.4476,-57.2242,0.4662,126.5327,0.5065,0.0006,258.8061,16893.8105,0.4751,5.5e-05,-0.2925,0.3738,-0.0067,ROTATE2
132.24,30.4956,-148.1794,0.4427,200.9341,74.4015,0.0235,207.2994,6937.7563,0.4669,0.000183,-0.2789,0.3743,-0.0074,ROTATE2
160.7764,-0.316,-220.9435,0.4132,273.2493,72.3152,0.0296,191.5331,3366.748,0.4531,0.000524,-0.2694,0.364,-0.0117,ROTATE2
157.2399,-78.7091,-279.1548,0.3648,329.9196,56.6703,0.0483,211.3324,6494.5786,0.4308,0.001471,-0.2614,0.3411,-0.0177,ROTATE2
110.3825,-149.9048,-325.7238,0.31,375.169,45.2494,0.0548,261.1609,7924.749,0.3994,0.003143,-0.2526,0.3068,-0.0233,ROTATE2
11.3904,-216.1238,-362.9791,0.2478,422.6027,47.4337,0.0622,320.3749,6006.186,0.3557,0.004938,-0.2381,0.2592,-0.027,ROTATE2
-93.2877,-262.4116,-392.7833,0.1974,481.4988,58.8961,0.0504,376.4879,5196.4849,0.3067,0.006028,-0.2238,0.2002,-0.028,ROTATE2
-177.0302,-288.4355,-416.6266,0.161,536.761,55.2622,0.0364,429.1902,5424.8057,0.2562,0.005459,-0.2049,0.1336,-0.023,ROTATE2
-244.0241,-293.6703,-435.7013,0.1506,579.332,42.571,0.0104,479.0727,5474.1221,0.2134,0.003494,-0.1811,0.0645,-0.0146,ROTATE2
-261.8381,-268.8956,-450.961,0.1755,586.7111,7.379,0.0249,521.3812,3842.1257,0.1864,0.001188,-0.1549,-0.0066,-0.0052,ROTATE2
-202.3361,-219.654,-463.1688,0.2225,551.1017,35.6093,0.0471,547.0809,1406.8723,0.1814,0.00067,-0.1275,-0.0764,0.001,ROTATE2
-155.7626,-147.8576,-472.9351,0.277,519.4145,31.6873,0.0545,554.6641,642.2518,0.1973,0.002194,-0.0998,-0.144,0.0023,ROTATE2
-135.1976,-75.7985,-480.748,0.3273,505.1163,14.2982,0.0502,548.3351,1029.0884,0.2306,0.004202,-0.0746,-0.2071,-0.0017,ROTATE2
-151.3768,-21.3607,-486.9984,0.368,510.4299,5.3136,0.0407,534.5547,934.3877,0.2741,0.004807,-0.0545,-0.2643,-0.0096,ROTATE2
-183.1108,-8.2448,-491.9987,0.3966,525.0336,14.6037,0.0286,522.2192,256.2968,0.3183,0.003909,-0.0392,-0.3138,-0.0191,ROTATE2
-210.8574,-24.2271,-495.999,0.4016,539.5024,14.4687,0.005,519.8994,143.8164,0.3541,0.002181,-0.0265,-0.3515,-0.0264,ROTATE2
-222.7078,-46.9223,-499.1992,0.4011,548.6349,9.1326,0.0005,525.7435,274.7629,0.3789,0.000821,-0.0145,-0.377,-0.0295,ROTATE2
-203.8975,-67.4941,-501.7593,0.3948,545.7949,2.84,0.0063,533.8792,203.8898,0.3924,0.000156,-0.001,-0.3907,-0.0285,ROTATE2
-182.0524,-76.9359,-503.8075,0.3788,541.1877,4.6072,0.0161,540.0308,66.7579,0.3946,6.9e-05,0.0164,-0.3924,-0.0241,ROTATE2
-163.7419,-72.7143,-505.446,0.355,536.2596,4.9281,0.0238,542.276,19.5786,0.3863,0.000313,0.0386,-0.382,-0.0186,ROTATE2
-156.7998,-56.7465,-506.7568,0.338,533.4874,2.7723,0.017,541.0729,32.0406,0.3735,0.00057,0.0658,-0.3642,-0.014,ROTATE2
-170.4117,-32.1316,-507.8054,0.3306,536.5994,3.1121,0.0074,538.6658,18.8121,0.3594,0.000588,0.0967,-0.3411,-0.0116,ROTATE2
-197.4825,3.0354,-508.6443,0.3267,545.6442,9.0448,0.0039,538.6356,18.386,0.3458,0.000366,0.1301,-0.314,-0.012,ROTATE2
-200.1204,40.2314,-509.3155,0.3344,548.6976,3.0533,0.0077,540.1376,35.0758,0.3369,9.6e-05,0.1646,-0.287,-0.0156,ROTATE2
-173.5088,80.2976,-509.8524,0.3581,544.5204,4.1772,0.0237,541.7897,33.1801,0.3375,0.00012,0.2015,-0.2635,-0.0211,ROTATE2
-144.6196,120.4225,-510.2819,0.3715,543.8787,0.6417,0.0134,543.868,15.9475,0.3443,0.000305,0.2372,-0.2414,-0.0273,ROTATE2
-116.6456,161.3224,-510.6255,0.3769,548.0598,4.1812,0.0054,546.1601,3.6415,0.3535,0.000395,0.2706,-0.2183,-0.0325,ROTATE2
-92.3165,200.2892,-510.9005,0.3834,556.4686,8.4088,0.0066,548.3251,20.1546,0.3649,0.000301,0.302,-0.1941,-0.0347,ROTATE2
-65.6095,233.0657,-511.1204,0.3986,565.569,9.1003,0.0152,551.6993,68.2119,0.3777,0.000179,0.3328,-0.1658,-0.0331,ROTATE2
-28.4188,263.9182,-511.2963,0.417,576.0941,10.5251,0.0183,558.014,137.0495,0.3895,0.000272,0.3601,-0.1321,-0.0286,ROTATE2
4.3837,297.8752,-511.437,0.4368,591.8755,15.7815,0.0198,567.6134,234.2603,0.4025,0.000485,0.3854,-0.0938,-0.0219,ROTATE2
32.0195,332.3783,-511.5496,0.4496,610.8876,19.012,0.0127,580.179,374.4294,0.4171,0.000583,0.408,-0.0515,-0.0143,ROTATE2
48.3562,360.2464,-511.6397,0.4557,627.6074,16.7198,0.0061,594.4067,509.4554,0.4315,0.000446,0.4255,-0.0044,-0.0065,ROTATE2
66.4256,377.2253,-511.7118,0.4543,639.1871,11.5798,0.0013,609.1303,527.4046,0.4427,0.00021,0.4339,0.0454,0.0018,ROTATE2
86.2092,320.5521,-511.7694,0.4452,609.9948,29.1924,0.0091,615.9105,263.3046,0.4483,4.7e-05,0.4302,0.0977,0.0102,ROTATE2
116.1268,344.0667,-511.8155,0.4277,627.5527,17.558,0.0175,623.0459,123.9631,0.4465,0.000102,0.4145,0.1455,0.0195,ROTATE2
128.3452,341.6815,-511.8524,0.4148,628.6586,1.1058,0.0128,626.6001,88.0661,0.4395,0.000253,0.3871,0.1911,0.0302,ROTATE2
161.6011,319.6233,-511.8819,0.4469,624.7376,3.921,0.0321,626.0262,88.2275,0.4378,0.000208,0.3577,0.2362,0.0436,ROTATE2
149.5871,284.6299,-471.6337,0.4202,570.8141,53.9235,0.0267,612.3516,476.2639,0.431,0.000169,0.3206,0.2734,0.052,ROTATE2
71.2635,279.7133,-395.1538,0.3692,489.3512,81.463,0.051,588.2228,2918.7776,0.4158,0.000661,0.2764,0.2967,0.0576,ROTATE2
11.1795,298.405,-298.9012,0.3607,422.5074,66.8438,0.0085,547.2137,6419.9897,0.4024,0.001059,0.2299,0.3173,0.0611,ROTATE2
-58.4189,313.6678,-166.671,0.3752,359.9715,62.5359,0.0145,493.4764,9217.5645,0.3944,0.001113,0.1895,0.3342,0.0621,ROTATE2
-118.5195,311.3936,-30.9399,0.4025,334.6194,25.3521,0.0273,435.4527,7452.0249,0.3856,0.000496,0.1529,0.3453,0.0594,ROTATE2
-197.2156,268.9868,77.645,0.4164,342.4568,7.8374,0.0139,389.7812,3431.2456,0.3848,0.000445,0.1239,0.3581,0.0576,ROTATE2
-259.8256,185.0301,164.5128,0.4056,358.901,16.4442,0.0108,363.6912,958.4388,0.3921,0.00043,0.1096,0.3718,0.0559,ROTATE2
-310.2605,73.5428,234.0072,0.3864,395.5116,36.6106,0.0192,358.2921,439.9279,0.3972,0.000214,0.1082,0.3782,0.0536,ROTATE2
-350.6084,-33.3501,289.6026,0.3705,455.9694,60.4578,0.0159,377.4916,1978.9135,0.3963,0.000259,0.1158,0.3746,0.0521,ROTATE2
-382.8867,-119.9176,334.0789,0.3477,522.1027,66.1332,0.0228,414.9883,4387.7778,0.3853,0.000603,0.1283,0.3569,0.0526,ROTATE2
-393.4375,-175.3122,369.66,0.3243,567.6055,45.5028,0.0234,460.018,5966.3359,0.3669,0.000815,0.1501,0.3243,0.0573,ROTATE2
-387.0312,-204.9404,398.1249,0.307,591.8591,24.2536,0.0174,506.6097,5227.0381,0.3472,0.000844,0.1759,0.2834,0.0637,ROTATE2
-366.5312,-219.6648,420.8968,0.29,599.7932,7.9341,0.017,547.4659,2825.8806,0.3279,0.000818,0.2021,0.2359,0.0693,ROTATE2
-340.4687,-231.81,439.1143,0.2785,602.06,2.2668,0.0115,576.6841,893.9603,0.3095,0.000605,0.2253,0.1831,0.071,ROTATE2
-321.2531,-255.473,453.6884,0.2685,611.8032,9.7432,0.01,594.6241,222.9569,0.2936,0.000399,0.2428,0.1289,0.0664,ROTATE2
-315.24,-284.2721,465.3476,0.252,629.8692,18.066,0.0165,607.077,170.3261,0.2792,0.000348,0.2511,0.0742,0.057,ROTATE2
-315.2232,-312.3521,474.6749,0.2412,649.8044,19.9352,0.0108,618.666,354.8309,0.266,0.000309,0.2495,0.0196,0.0449,ROTATE2
-313.6911,-326.0348,482.1368,0.2346,661.1783,11.3738,0.0066,630.943,494.3281,0.255,0.00027,0.2376,-0.0334,0.0325,ROTATE2
-293.3466,-321.5091,488.1064,0.2365,653.9634,7.2148,0.0019,641.3237,325.7116,0.2466,0.000157,0.2151,-0.0845,0.022,ROTATE2
-253.5742,-313.4916,492.882,0.2543,636.7963,17.1672,0.0178,646.3223,130.5325,0.2437,6.4e-05,0.1839,-0.1347,0.0138,ROTATE2
-227.5718,-320.9714,496.7025,0.2838,633.66,3.1363,0.0295,647.0804,107.8837,0.2501,0.000331,0.1485,-0.1826,0.0052,ROTATE2
-243.1044,-343.0334,499.7589,0.3115,653.0931,19.4331,0.0277,647.7382,113.1973,0.2641,0.000872,0.1103,-0.2266,-0.0048,ROTATE2
-286.8897,-357.6924,502.204,0.3248,680.0429,26.9498,0.0133,651.5111,271.554,0.2822,0.001108,0.0712,-0.2634,-0.0166,ROTATE2
-287.8587,-343.1164,504.1601,0.3209,674.3655,5.6774,0.0039,655.5916,358.1662,0.2991,0.000707,0.0323,-0.2895,-0.0289,ROTATE2
-222.9713,-299.6244,505.7249,0.3143,628.6881,45.6774,0.0066,653.9699,429.6429,0.3111,0.000208,-0.0061,-0.3029,-0.0408,ROTATE2
-115.1958,-257.6183,506.9768,0.3191,580.2264,48.4617,0.0048,643.2833,1320.5587,0.3181,2.2e-05,-0.0438,-0.3058,-0.0513,ROTATE2
8.834,-228.7165,507.9784,0.3326,557.1636,23.0629,0.0135,624.0974,2416.5317,0.3224,3.8e-05,-0.0819,-0.3013,-0.0581,ROTATE2
109.4641,-198.7951,508.7796,0.3432,557.0983,0.0653,0.0106,599.5084,2083.7087,0.326,0.00011,-0.1201,-0.2921,-0.0599,ROTATE2
175.1338,-153.4392,509.4205,0.3573,560.1113,3.0131,0.0141,576.6575,751.2549,0.3333,0.000248,-0.1597,-0.2812,-0.0581,ROTATE2
200.2508,-84.9795,509.9333,0.3693,554.3951,5.7162,0.012,561.799,88.1642,0.3443,0.000314,-0.1996,-0.2686,-0.0533,ROTATE2
189.8287,11.0321,510.3435,0.3762,544.6166,9.7785,0.0068,554.6769,28.5738,0.3557,0.000259,-0.2398,-0.2505,-0.0456,ROTATE2
165.0286,101.9413,510.6717,0.379,546.2711,1.6545,0.0029,552.4984,36.7232,0.365,0.000175,-0.2779,-0.2228,-0.0392,ROTATE2
125.5823,168.2499,510.9343,0.3951,552.3882,6.1172,0.0161,551.5565,31.6066,0.3754,0.000153,-0.3151,-0.1851,-0.0358,ROTATE2
101.9814,195.503,511.1443,0.4176,556.6777,4.2895,0.0226,550.8698,21.7433,0.3874,0.000299,-0.3495,-0.137,-0.036,ROTATE2
91.5727,187.8274,511.3123,0.4399,552.3631,4.3146,0.0222,550.4633,19.5386,0.4016,0.000584,-0.3794,-0.0783,-0.0393,ROTATE2
84.9331,174.3401,511.4467,0.4539,546.9789,5.3842,0.0141,550.9358,14.9067,0.4171,0.000762,-0.4019,-0.0111,-0.0423,ROTATE2
68.1121,163.9377,511.5543,0.4602,541.4819,5.497,0.0063,549.9779,27.5127,0.4333,0.00058,-0.4134,0.0615,-0.0415,ROTATE2
117.3585,183.6689,511.6403,0.6243,556.1323,14.6504,0.1641,550.7267,33.3651,0.4792,0.005476,-0.4216,0.1703,-0.0378,ROTATE2
113.7868,175.7664,511.7091,0.6338,552.8901,3.2421,0.0095,549.9692,26.6445,0.5224,0.00763,-0.4112,0.2776,-0.036,ROTATE2
72.7794,189.2006,426.9329,0.5774,472.6155,80.2746,0.0564,534.0197,967.8315,0.5499,0.006116,-0.3774,0.3684,-0.0212,ROTATE2
51.5173,184.523,322.7589,0.5478,375.3346,97.2809,0.0296,499.6909,4791.9692,0.5687,0.003922,-0.341,0.4385,-0.0145,ROTATE2
15.4951,141.9778,208.5915,0.5304,252.8007,122.5339,0.0174,441.9547,13300.1514,0.5827,0.001664,-0.3106,0.4884,-0.0153,ROTATE2
5.1054,114.7572,81.7638,0.5174,140.9986,111.8021,0.013,358.9279,21914.3164,0.5613,0.001716,-0.2769,0.4866,-0.0169,ROTATE2
49.55,104.312,-36.989,0.5009,121.2616,19.737,0.0165,272.6022,18234.9707,0.5348,0.00069,-0.2556,0.4689,-0.0149,ROTATE2
76.2619,101.0715,-131.9912,0.4696,182.9016,61.64,0.0313,214.6594,8485.7764,0.5132,0.000712,-0.2525,0.4457,-0.0254,ROTATE2
85.7626,91.7853,-207.993,0.451,242.9832,60.0816,0.0186,188.1891,2782.248,0.4939,0.000872,-0.2535,0.4224,-0.0307,ROTATE2
95.0976,53.0439,-268.7944,0.4338,290.0131,47.0299,0.0172,195.6316,3965.552,0.4746,0.000953,-0.2554,0.3977,-0.0345,ROTATE2
86.8531,-26.293,-317.4355,0.4137,330.1516,40.1385,0.0201,233.4622,5556.5693,0.4538,0.000897,-0.2566,0.3709,-0.0407,ROTATE2
51.295,-120.5219,-356.3484,0.3882,379.6589,49.5073,0.0255,285.1417,4642.7021,0.4313,0.000806,-0.2585,0.3402,-0.0476,ROTATE2
-32.9703,-183.8363,-387.4787,0.3511,430.1425,50.4836,0.0371,334.5899,4312.0186,0.4076,0.001237,-0.2619,0.3054,-0.0524,ROTATE2
-128.7762,-226.9565,-412.383,0.3077,488.0085,57.866,0.0434,383.5949,4939.6221,0.3789,0.002032,-0.2627,0.264,-0.0525,ROTATE2
-205.421,-234.2715,-432.3064,0.2651,532.8881,44.8796,0.0426,432.1699,5286.2705,0.3452,0.002879,-0.2598,0.2141,-0.0459,ROTATE2
-266.7368,-216.9516,-448.2451,0.2317,564.9249,32.0368,0.0334,479.1246,4524.7598,0.3088,0.003189,-0.2536,0.1534,-0.0355,ROTATE2
-315.7894,-191.0519,-460.9961,0.2174,590.5432,25.6182,0.0143,521.3015,3250.0085,0.2746,0.00243,-0.2416,0.0844,-0.0238,ROTATE2
-328.044,-161.9603,-471.1969,0.2264,596.5488,6.0057,0.009,554.5827,1612.8097,0.2497,0.001103,-0.2244,0.012,-0.0142,ROTATE2
-310.1946,-125.637,-479.3575,0.2514,584.6272,11.9216,0.025,573.9064,533.5125,0.2384,0.000303,-0.2036,-0.0606,-0.0087,ROTATE2
-261.7526,-85.9689,-485.886,0.2875,558.5609,26.0663,0.0362,579.041,217.7458,0.2429,0.000622,-0.181,-0.1297,-0.0084,ROTATE2
-218.677,-47.8033,-491.1088,0.3357,539.7153,18.8455,0.0482,573.9991,461.7737,0.2637,0.001889,-0.1594,-0.1941,-0.0121,ROTATE2
-203.5854,-17.002,-495.287,0.3765,535.7661,3.9492,0.0408,563.0436,579.3633,0.2955,0.002996,-0.1394,-0.2521,-0.02,ROTATE2
-211.2589,-4.3704,-498.6296,0.4047,541.5542,5.7881,0.0281,552.0447,326.2271,0.3312,0.003152,-0.1205,-0.3027,-0.0306,ROTATE2
-256.379,-5.6088,-501.3037,0.4154,563.0871,21.5329,0.0107,547.7367,119.7315,0.364,0.002221,-0.1025,-0.3443,-0.0396,ROTATE2
-288.7001,-13.4152,-503.443,0.4084,580.502,17.4149,0.007,552.1249,291.7548,0.3881,0.000862,-0.0815,-0.3747,-0.0443,ROTATE2
-298.7757,-18.1134,-505.1544,0.3985,587.1763,6.6743,0.0099,561.6171,416.5727,0.4007,0.000176,-0.0569,-0.392,-0.0434,ROTATE2
-299.2237,-9.4782,-506.5235,0.3982,588.3798,1.2035,0.0003,572.1398,315.4376,0.405,4.2e-05,-0.0303,-0.3997,-0.0352,ROTATE2
-281.8571,9.7643,-507.6188,0.4058,580.7027,7.6771,0.0076,579.9696,81.7013,0.4052,4.2e-05,-0.0026,-0.4019,-0.022,ROTATE2
-264.5138,35.0333,-508.4951,0.4107,574.2491,6.4536,0.0049,582.202,26.2588,0.4043,2.6e-05,0.0264,-0.401,-0.0101,ROTATE2
-251.0579,58.5173,-509.196,0.4065,570.7319,3.5172,0.0041,580.2479,48.175,0.4039,2.4e-05,0.0556,-0.3979,-0.0033,ROTATE2
-243.5651,83.392,-509.7568,0.3969,571.0781,0.3461,0.0097,577.0283,45.026,0.4036,2.8e-05,0.086,-0.3915,-0.0026,ROTATE2
-253.0489,112.2448,-510.2055,0.387,580.4673,9.3892,0.0099,575.4458,19.116,0.4014,7.2e-05,0.1188,-0.3791,-0.0085,ROTATE2
-266.9704,141.9959,-510.5644,0.3743,593.3903,12.923,0.0127,577.9833,71.5506,0.3951,0.000175,0.1536,-0.3576,-0.0179,ROTATE2
-275.4513,177.0686,-510.8515,0.3629,606.7916,13.4013,0.0114,584.4918,192.3842,0.3855,0.000242,0.1886,-0.3275,-0.028,ROTATE2
-269.7673,213.933,-511.0812,0.3602,616.2352,9.4436,0.0027,593.5925,273.2236,0.3762,0.000196,0.2231,-0.2918,-0.036,ROTATE2
-234.5639,254.5058,-511.265,0.3727,617.402,1.1669,0.0125,602.8573,199.3866,0.3714,9e-05,0.2576,-0.2546,-0.0404,ROTATE2
-184.7699,290.6953,-511.412,0.3892,616.5921,0.8099,0.0165,610.0822,84.6534,0.3719,0.000105,0.2915,-0.216,-0.0403,ROTATE2
-134.2846,316.7562,-511.5296,0.4061,616.4652,0.1269,0.0169,614.6972,15.7794,0.3782,0.000297,0.3247,-0.177,-0.0367,ROTATE2
-90.5058,330.1737,-511.6237,0.4219,615.6011,0.8641,0.0158,616.4591,0.3386,0.39,0.000492,0.3569,-0.1366,-0.0307,ROTATE2
-49.5609,322.589,-511.6989,0.4359,606.9232,8.678,0.0141,614.5967,15.047,0.4052,0.000507,0.3865,-0.0939,-0.0232,ROTATE2
-19.5362,310.8149,-511.7591,0.4499,599.0701,7.853,0.014,610.9303,48.2458,0.4206,0.000459,0.4109,-0.0459,-0.0156,ROTATE2
8.1491,293.1676,-511.8073,0.4498,589.8817,9.1885,0.0001,605.5883,101.9062,0.4327,0.000285,0.4258,0.0049,-0.0081,ROTATE2
38.3068,266.181,-511.8459,0.4318,578.192,11.6897,0.018,597.9336,169.7624,0.4379,0.000117,0.4282,0.0546,-0.0007,ROTATE2
96.3642,260.0198,-511.8767,0.404,582.1633,3.9713,0.0278,591.246,112.3512,0.4343,0.000283,0.4173,0.0978,0.0132,ROTATE2
88.5945,276.2846,-504.7607,0.3938,582.2075,0.0442,0.0101,586.3029,55.1012,0.4259,0.000539,0.3967,0.1379,0.0265,ROTATE2
38.8318,285.5683,-445.6398,0.3879,530.709,51.4985,0.0059,572.6307,453.7075,0.4135,0.000557,0.367,0.1752,0.0335,ROTATE2
-21.7689,267.3421,-371.4587,0.3626,458.1782,72.5308,0.0254,546.29,2320.2297,0.396,0.000507,0.3294,0.2057,0.0354,ROTATE2
-46.7807,234.9831,-245.3076,0.3539,342.9013,115.2769,0.0087,499.2318,8175.6045,0.3804,0.000363,0.2895,0.2335,0.034,ROTATE2
-102.3308,195.0677,-126.1055,0.3704,253.822,89.0793,0.0165,433.5636,14532.959,0.3737,0.000227,0.255,0.2636,0.0256,ROTATE2
-147.4084,129.7073,1.5125,0.4042,196.3556,57.4664,0.0338,356.3932,15412.2188,0.3758,0.000327,0.2317,0.2913,0.0185,ROTATE2
-199.2643,48.2002,103.6069,0.3886,229.7039,33.3483,0.0155,296.1922,8920.8955,0.3759,0.000331,0.2154,0.3063,0.0175,ROTATE2
-253.8833,-48.8961,185.2824,0.3635,318.0835,88.3796,0.0251,268.1732,2983.7881,0.3761,0.000326,0.2073,0.313,0.0192,ROTATE2
-281.7941,-141.5169,250.6228,0.3714,402.7986,84.7151,0.0079,280.1527,5348.2231,0.3796,0.000219,0.2142,0.3114,0.0264,ROTATE2
-278.2791,-215.6135,302.8951,0.356,464.407,61.6083,0.0155,322.2697,10225.6455,0.3767,0.000306,0.2275,0.2957,0.0351,ROTATE2
-258.9076,-248.0439,344.713,0.3319,497.3791,32.9721,0.0241,382.4744,9562.8232,0.3623,0.000349,0.2372,0.2661,0.0415,ROTATE2
-221.9355,-238.7508,378.1672,0.3041,499.2672,1.8881,0.0278,436.3871,4716.5947,0.3454,0.0006,0.2469,0.2305,0.0443,ROTATE2
-190.1515,-206.9381,404.9307,0.2822,492.8994,6.3678,0.0219,471.3503,1333.7511,0.3291,0.001068,0.2587,0.1894,0.0445,ROTATE2
-166.0368,-181.488,426.3414,0.2646,492.2125,0.6869,0.0176,489.233,161.1391,0.3078,0.001086,0.263,0.1409,0.0365,ROTATE2
-147.7201,-170.5779,443.47,0.2464,497.5779,5.3654,0.0183,495.8672,7.7874,0.2859,0.000895,0.2604,0.0906,0.0219,ROTATE2
-139.8823,-180.528,457.1729,0.229,511.0425,13.4647,0.0174,498.5999,45.9207,0.2653,0.000694,0.2511,0.0396,0.0049,ROTATE2
-141.609,-214.1005,468.1352,0.2142,533.8939,22.8514,0.0148,505.5253,247.0049,0.2473,0.000591,0.2347,-0.0102,-0.0114,ROTATE2
-136.2028,-252.1335,476.9051,0.2022,556.382,22.4881,0.012,518.2218,571.2032,0.2313,0.000497,0.2098,-0.057,-0.023,ROTATE2
-108.856,-278.1006,483.9209,0.1977,568.6555,12.2734,0.0045,533.5104,710.8771,0.2179,0.00032,0.176,-0.0991,-0.0282,ROTATE2
-62.2254,-287.4554,489.5336,0.2053,571.0918,2.4363,0.0076,548.2132,518.9491,0.2097,0.000122,0.1368,-0.1362,-0.0273,ROTATE2
-7.271,-277.5862,494.0238,0.2249,566.7155,4.3763,0.0197,559.3478,187.1066,0.2089,9.4e-05,0.0958,-0.1686,-0.0231,ROTATE2
32.752,-263.319,497.6159,0.2532,563.9426,2.7729,0.0283,565.3575,25.6328,0.2167,0.00042,0.0551,-0.1979,-0.0194,ROTATE2
55.6078,-250.3239,500.4896,0.275,562.3559,1.5867,0.0218,566.5522,9.8955,0.2312,0.000847,0.0158,-0.223,-0.0196,ROTATE2
69.0456,-235.731,502.7886,0.2844,559.5827,2.7732,0.0094,564.7377,15.4331,0.2486,0.000888,-0.02,-0.242,-0.0236,ROTATE2
76.9459,-201.6254,504.6277,0.2917,548.8375,10.7452,0.0073,560.2869,38.1112,0.2659,0.000587,-0.0527,-0.2551,-0.0303,ROTATE2
81.6067,-181.6222,506.0991,0.3024,543.859,4.9785,0.0107,555.7156,62.9235,0.2814,0.000279,-0.0846,-0.2623,-0.0379,ROTATE2
73.0697,-160.3947,507.2762,0.3297,537.0239,6.8351,0.0273,550.3318,90.2775,0.2967,0.000353,-0.1177,-0.2656,-0.0428,ROTATE2
65.6027,-147.222,508.2178,0.3549,533.1635,3.8604,0.0252,544.4933,86.2241,0.3126,0.000682,-0.1517,-0.2664,-0.0434,ROTATE2
62.7665,-140.8838,508.9711,0.3744,531.8266,1.3369,0.0196,538.9421,41.9594,0.3306,0.000963,-0.1871,-0.266,-0.0402,ROTATE2
60.3007,-133.6039,509.5738,0.392,530.2373,1.5893,0.0176,535.222,23.6916,0.3507,0.001013,-0.2241,-0.2636,-0.0347,ROTATE2
54.6593,-120.5925,510.0559,0.4102,526.9604,3.2769,0.0181,531.8423,11.0008,0.3722,0.00079,-0.2628,-0.2574,-0.0282,ROTATE2
48.1306,-96.4271,510.4416,0.4274,521.6948,5.2656,0.0172,528.7765,16.8264,0.3918,0.000654,-0.3012,-0.2434,-0.0223,ROTATE2
52.0326,-67.7386,510.7502,0.4384,517.8433,3.8515,0.011,525.7125,27.4961,0.4085,0.000537,-0.3376,-0.221,-0.0185,ROTATE2
70.9948,-42.5815,510.997,0.4449,517.6596,0.1837,0.0066,522.8791,24.9611,0.4226,0.000372,-0.3709,-0.1911,-0.0168,ROTATE2
96.7834,-27.6871,511.1945,0.4465,521.012,3.3524,0.0015,521.0341,11.4253,0.4335,0.000181,-0.3994,-0.1537,-0.0151,ROTATE2
116.1954,-20.0528,511.3525,0.4468,524.7712,3.7593,0.0004,520.5962,7.0026,0.4408,5.4e-05,-0.4207,-0.111,-0.012,ROTATE2
122.9845,-12.911,511.4789,0.4447,526.2153,1.444,0.0021,521.5003,12.2587,0.4443,9e-06,-0.4337,-0.0649,-0.0062,ROTATE2
105.6813,0.8993,511.58,0.4394,522.3824,3.8328,0.0053,522.4081,8.9154,0.4445,7e-06,-0.4385,-0.0174,0.0013,ROTATE2
79.4044,23.832,511.6609,0.4377,518.3338,4.0486,0.0017,522.543,7.7076,0.443,1.4e-05,-0.4362,0.0314,0.01,ROTATE2
50.6361,50.4531,511.7256,0.4351,516.6939,1.6399,0.0026,521.6793,13.3352,0.4408,1.9e-05,-0.4271,0.0802,0.0181,ROTATE2
21.8526,74.9781,511.7773,0.4389,517.702,1.0081,0.0038,520.2655,12.5881,0.4392,1e-05,-0.4124,0.1291,0.0244,ROTATE2
-0.1492,90.3481,511.8188,0.4484,519.7319,2.0299,0.0094,518.9688,3.8837,0.4399,2e-05,-0.3937,0.1783,0.0284,ROTATE2
-10.0943,99.9597,511.8519,0.4624,521.6188,1.887,0.0141,518.816,2.9343,0.4445,0.0001,-0.3721,0.2284,0.0301,ROTATE2
9.8308,87.8115,511.8784,0.5576,519.4488,2.17,0.0952,519.0391,2.9181,0.4685,0.002074,-0.3512,0.295,0.0291,ROTATE2
19.1146,73.118,452.3434,0.5523,458.6133,60.8355,0.0053,507.4229,597.1391,0.4919,0.002706,-0.322,0.3576,0.0314,ROTATE2
35.0104,66.1225,321.0497,0.5194,329.6526,128.9607,0.0329,469.8131,5481.9653,0.508,0.002036,-0.2879,0.4071,0.0325,ROTATE2
50.6927,33.2574,181.0273,0.5099,190.9101,138.7424,0.0095,404.0487,16216.0078,0.5203,0.001174,-0.2573,0.4453,0.0313,ROTATE2
69.8136,-0.5035,42.4218,0.5089,81.6933,109.2168,0.001,316.0636,26492.6836,0.5296,0.000444,-0.2325,0.473,0.0312,ROTATE2
84.7227,-26.2278,-68.4625,0.4901,112.04,30.3467,0.0187,234.5819,19905.4336,0.5161,0.000417,-0.2098,0.4702,0.0321,ROTATE2
89.7626,-41.4697,-157.17,0.4511,185.6865,73.6465,0.0391,179.9965,7366.0068,0.4959,0.000592,-0.1968,0.4542,0.0283,ROTATE2
96.8132,-51.7664,-228.136,0.4178,253.177,67.4905,0.0333,164.7014,3723.7544,0.4756,0.001288,-0.1928,0.434,0.0236,ROTATE2
90.4818,-79.2663,-284.9088,0.3857,309.2622,56.0852,0.0321,188.3718,7205.6538,0.4507,0.00205,-0.1905,0.4077,0.0196,ROTATE2
81.9386,-114.5349,-330.3271,0.3495,359.0935,49.8312,0.0362,243.8518,7680.7368,0.4188,0.002407,-0.1878,0.3734,0.0149,ROTATE2
38.9665,-147.6185,-366.6617,0.3075,397.178,38.0846,0.042,300.8795,5655.5005,0.3823,0.002535,-0.185,0.333,0.0105,ROTATE2
-35.4643,-176.5011,-395.7293,0.2679,434.7551,37.5771,0.0396,350.6932,4104.749,0.3457,0.002866,-0.1848,0.2897,0.009,ROTATE2
-112.6621,-197.229,-418.9835,0.2208,476.5912,41.8361,0.0471,395.376,3376.3743,0.3063,0.003392,-0.184,0.2399,0.0115,ROTATE2
-175.2547,-203.0676,-437.5868,0.1748,513.2571,36.6659,0.046,436.175,3007.8911,0.2641,0.003808,-0.1799,0.1823,0.0167,ROTATE2
-207.0475,-193.5353,-452.4694,0.1503,533.9037,20.6466,0.0245,471.137,2507.415,0.2243,0.003352,-0.1712,0.1172,0.0225,ROTATE2
-189.6099,-170.4501,-464.3755,0.1655,529.7639,4.1398,0.0152,497.6542,1397.6907,0.1958,0.00185,-0.1584,0.0464,0.0271,ROTATE2
-149.2035,-132.0913,-473.9005,0.2181,514.0928,15.6711,0.0526,513.5217,408.6988,0.1859,0.000812,-0.1429,-0.0304,0.0273,ROTATE2
-102.7941,-80.8356,-481.5204,0.2775,498.9618,15.131,0.0594,517.9958,158.3063,0.1972,0.002117,-0.1266,-0.1075,0.0223,ROTATE2
-73.8821,-29.6997,-487.6163,0.3274,494.0752,4.8866,0.05,514.1595,253.5372,0.2278,0.004476,-0.1124,-0.1804,0.0135,ROTATE2
-68.187,1.2902,-492.493,0.358,497.1926,3.1174,0.0305,506.8172,179.2373,0.2693,0.004942,-0.0996,-0.2441,0.0024,ROTATE2
-74.8183,7.2541,-496.3944,0.3678,502.0536,4.861,0.0098,501.2752,47.7515,0.3097,0.003089,-0.0872,-0.2948,-0.007,ROTATE2
-85.0703,-6.603,-499.5155,0.3715,506.7507,4.6971,0.0037,499.8068,18.7332,0.3404,0.001231,-0.0746,-0.3306,-0.0124,ROTATE2
-96.95,-30.9793,-502.0124,0.372,512.226,5.4753,0.0005,502.4596,42.4003,0.3593,0.00028,-0.0605,-0.3529,-0.0123,ROTATE2
-105.385,-51.9428,-504.0099,0.3694,517.523,5.297,0.0026,507.1492,51.7296,0.3677,2.6e-05,-0.0436,-0.3639,-0.0066,ROTATE2
-96.9986,-62.173,-505.608,0.3653,518.5688,1.0458,0.0041,511.4244,39.7068,0.3692,6e-06,-0.0248,-0.367,0.0027,ROTATE2
-96.2145,-59.7103,-506.8864,0.362,519.3807,0.8119,0.0034,514.8898,22.7956,0.368,1.5e-05,-0.0037,-0.3662,0.0112,ROTATE2
-116.6279,-48.9276,-507.9091,0.3598,523.4192,4.0385,0.0022,518.2235,12.9828,0.3657,2.1e-05,0.0215,-0.3624,0.0162,ROTATE2
-155.7054,-32.6702,-508.7273,0.3566,533.0244,9.6052,0.0032,522.3832,32.2986,0.3626,2e-05,0.0514,-0.3552,0.0161,ROTATE2
-199.83,-16.0862,-509.3818,0.3535,547.4127,14.3883,0.0031,528.3611,117.1331,0.3594,1.7e-05,0.0848,-0.3447,0.0116,ROTATE2
-217.6921,5.3467,-509.9055,0.3603,554.4565,7.0438,0.0068,535.5387,182.6315,0.3584,9e-06,0.1204,-0.3327,0.0052,ROTATE2
-205.4474,32.0586,-510.3244,0.3718,551.0602,3.3963,0.0115,541.8746,138.4556,0.3604,3.8e-05,0.1568,-0.3198,-0.0005,ROTATE2
-170.7392,68.975,-510.6595,0.3845,542.8467,8.2135,0.0127,545.7601,55.4272,0.3653,0.00013,0.1929,-0.3058,-0.0039,ROTATE2
-127.2726,105.9394,-510.9276,0.3932,537.0926,5.7541,0.0087,546.5737,37.3505,0.3727,0.000216,0.2281,-0.29,-0.0049,ROTATE2
-90.3306,140.3546,-511.1421,0.4015,537.7037,0.6111,0.0083,544.6319,49.1747,0.3823,0.000217,0.264,-0.2704,-0.0047,ROTATE2
-53.5113,169.2681,-511.3137,0.4141,541.2548,3.5511,0.0126,541.9916,25.18,0.393,0.000208,0.3004,-0.2446,-0.005,ROTATE2
-22.6184,191.6738,-511.4509,0.4352,546.6558,5.4009,0.0211,541.1107,12.307,0.4057,0.000313,0.3377,-0.2123,-0.0062,ROTATE2
-15.1073,216.8328,-511.5607,0.4541,555.8229,9.1671,0.0189,543.7059,48.2586,0.4196,0.000498,0.3742,-0.1729,-0.009,ROTATE2
-12.3983,248.7506,-511.6486,0.472,569.0474,13.2245,0.0179,550.0969,127.1045,0.4354,0.000658,0.4086,-0.1287,-0.0112,ROTATE2
4.1064,285.0755,-511.7189,0.477,585.7825,16.7351,0.005,559.7126,258.6153,0.4505,0.000547,0.4366,-0.0833,-0.0106,ROTATE2
32.1413,320.5886,-511.7751,0.4714,604.751,18.9686,0.0056,572.4119,434.8973,0.4619,0.000239,0.4552,-0.0366,-0.0081,ROTATE2
46.6881,335.1865,-511.8201,0.4706,613.5874,8.8364,0.0008,585.7982,462.1121,0.469,6.1e-05,0.4636,0.0121,-0.0031,ROTATE2
64.4786,323.218,-511.856,0.464,608.7889,4.7985,0.0066,596.3915,275.9062,0.471,1.7e-05,0.4607,0.0628,0.0032,ROTATE2
71.5766,329.765,-511.8848,0.4336,613.1021,4.3132,0.0304,605.2024,104.5829,0.4633,0.000237,0.4438,0.1091,0.0108,ROTATE2
85.2457,300.3932,-511.9079,0.4264,599.627,13.4751,0.0073,607.9713,27.7063,0.4532,0.000371,0.4193,0.1532,0.0225,ROTATE2
19.0809,260.7458,-420.4982,0.4105,495.1476,104.4794,0.0159,586.0506,2090.9526,0.441,0.000521,0.387,0.1939,0.0376,ROTATE2
-32.9165,236.381,-292.5548,0.3828,377.555,117.5926,0.0277,538.8441,8404.9297,0.4234,0.000715,0.3467,0.2258,0.0527,ROTATE2
-66.7801,207.5673,-157.1407,0.3694,268.7694,108.7856,0.0134,470.8402,17390.0176,0.4045,0.000613,0.3026,0.25,0.0668,ROTATE2
-126.5397,132.3008,-23.3157,0.3625,184.5519,84.2175,0.0069,385.1302,22388.3184,0.3903,0.000594,0.2622,0.2715,0.0762,ROTATE2
-177.2005,17.4062,83.7443,0.3728,196.7641,12.2122,0.0103,304.5576,13790.9561,0.3796,0.000281,0.2262,0.2907,0.0753,ROTATE2
-235.226,-88.475,169.3923,0.3952,303.0724,106.3083,0.0223,266.1426,5050.771,0.3765,0.000129,0.2066,0.3048,0.069,ROTATE2
-271.4058,-173.18,237.9108,0.3915,400.3173,97.2449,0.0036,270.695,6148.0723,0.3783,0.000163,0.2021,0.3131,0.0584,ROTATE2
-287.9497,-240.944,292.7255,0.3741,476.0854,75.768,0.0174,312.1582,12865.1729,0.3792,0.00015,0.2099,0.3103,0.047,ROTATE2
-262.9566,-295.1552,336.5773,0.3477,519.1792,43.0938,0.0265,379.0837,13701.0176,0.3763,0.000285,0.2248,0.2959,0.0366,ROTATE2
-223.3965,-325.6961,371.6587,0.3198,542.3229,23.1437,0.0279,448.1954,7605.9048,0.3657,0.000807,0.242,0.2677,0.0292,ROTATE2
-197.0016,-341.96,399.7238,0.2909,561.7165,19.3936,0.0289,499.9242,3295.3022,0.3448,0.001316,0.2531,0.2257,0.0226,ROTATE2
-172.0794,-354.6086,422.176,0.2611,577.5735,15.857,0.0298,535.3755,1260.0851,0.3187,0.001601,0.2573,0.175,0.0184,ROTATE2
-149.1292,-366.8588,440.1377,0.2286,592.0693,14.4958,0.0325,558.5723,661.7677,0.2896,0.001764,0.253,0.1202,0.015,ROTATE2
-127.0877,-375.0558,454.507,0.2029,602.8223,10.7531,0.0257,575.3009,463.1716,0.2607,0.001756,0.241,0.0651,0.0118,ROTATE2
-103.6639,-369.2759,466.0025,0.1861,603.5472,0.7249,0.0168,587.5458,255.2961,0.2339,0.001454,0.2223,0.0122,0.0076,ROTATE2
-66.8624,-342.9676,475.1989,0.1802,589.8401,13.7072,0.0059,593.1705,91.2811,0.2118,0.000891,0.1973,-0.0352,0.0019,ROTATE2
-22.6962,-297.8585,482.556,0.1774,567.5342,22.3058,0.0028,591.1626,170.0398,0.195,0.00036,0.168,-0.0749,-0.0054,ROTATE2
33.1462,-230.6587,488.4417,0.1844,541.1815,26.3528,0.0071,580.985,565.9162,0.1862,7.9e-05,0.1375,-0.1085,-0.0139,ROTATE2
81.3795,-164.6582,493.1502,0.2046,526.2434,14.938,0.0202,565.6693,835.2997,0.1865,9.1e-05,0.1064,-0.1391,-0.0227,ROTATE2
107.1786,-111.6203,496.9171,0.2295,520.4545,5.7889,0.0249,549.0507,681.0508,0.1952,0.000385,0.0744,-0.1677,-0.0318,ROTATE2
98.471,-72.2119,499.9305,0.2502,514.6277,5.8268,0.0207,534.0082,359.0099,0.2092,0.000748,0.0413,-0.1932,-0.0406,ROTATE2
67.0299,-41.5539,502.3413,0.275,508.4944,6.1333,0.0248,522.2003,124.9751,0.2287,0.001029,0.0077,-0.2178,-0.0473,ROTATE2
29.4083,-12.09,504.2699,0.3015,505.2714,3.223,0.0265,515.0182,58.6544,0.2522,0.001147,-0.0259,-0.2414,-0.0507,ROTATE2
3.7235,11.4061,505.8128,0.3138,505.9551,0.6837,0.0123,510.9606,33.4172,0.274,0.000978,-0.0581,-0.2598,-0.0508,ROTATE2
-0.1774,36.9999,507.0471,0.3244,508.3954,2.4402,0.0105,508.5488,10.8896,0.293,0.000729,-0.0882,-0.2727,-0.0483,ROTATE2
5.1674,50.0062,508.0346,0.3357,510.5159,2.1205,0.0113,507.7264,3.5966,0.3101,0.000436,-0.1169,-0.2817,-0.0441,ROTATE2
0.0496,62.1893,508.8246,0.3478,512.611,2.0951,0.0122,508.5497,7.5725,0.3246,0.000262,-0.1445,-0.2858,-0.041,ROTATE2
-10.651,75.4171,509.4565,0.3592,515.1186,2.5076,0.0113,510.5191,10.1742,0.3362,0.000261,-0.1717,-0.2839,-0.0401,ROTATE2
-13.652,87.8524,509.9621,0.3638,517.6541,2.5355,0.0046,512.8589,10.7149,0.3462,0.000214,-0.1988,-0.2778,-0.0409,ROTATE2
-16.0997,94.0132,510.3666,0.3567,519.2029,1.5488,0.0071,515.0204,10.1071,0.3526,9.9e-05,-0.2242,-0.2659,-0.0416,ROTATE2
-22.5235,102.8637,510.6902,0.3538,521.4333,2.2303,0.0028,517.204,9.506,0.3563,2.8e-05,-0.2483,-0.2481,-0.041,ROTATE2
-25.5095,116.3441,510.949,0.3647,524.648,3.2147,0.0109,519.6114,10.574,0.3596,1.7e-05,-0.2739,-0.2237,-0.0386,ROTATE2
-21.6107,127.5127,511.1561,0.3788,527.2638,2.6158,0.0141,522.0404,12.3485,0.3636,7.5e-05,-0.2997,-0.1935,-0.0346,ROTATE2
-20.0698,140.0946,511.3218,0.3906,530.5462,3.2824,0.0118,524.6188,16.322,0.3689,0.000193,-0.3254,-0.1578,-0.0306,ROTATE2
-28.7183,156.3944,511.4543,0.4059,535.602,5.0558,0.0152,527.8987,23.8243,0.3788,0.000338,-0.352,-0.1195,-0.0277,ROTATE2
-33.9341,174.6405,511.5603,0.4157,541.6132,6.0112,0.0098,531.9347,36.7925,0.3911,0.000334,-0.3766,-0.0788,-0.028,ROTATE2
-47.6847,183.7499,511.6451,0.4283,545.7276,4.1144,0.0126,536.1506,46.4488,0.4038,0.000308,-0.3956,-0.0363,-0.0337,ROTATE2
-52.9947,173.7468,511.713,0.4484,542.9978,2.7298,0.0201,539.2974,30.1285,0.4178,0.000387,-0.4104,0.0076,-0.0439,ROTATE2
-28.9551,134.7693,511.7673,0.4704,530.0065,12.9913,0.022,539.1895,32.0642,0.4337,0.000539,-0.4216,0.0527,-0.0568,ROTATE2
14.7172,77.7686,511.8107,0.4863,517.8946,12.1119,0.0158,535.6479,107.6421,0.4498,0.000677,-0.4273,0.1023,-0.0668,ROTATE2
58.4987,17.5961,511.8455,0.4875,515.4779,2.4167,0.0012,530.4209,154.5693,0.4642,0.000521,-0.4253,0.155,-0.0678,ROTATE2
92.7584,-24.4856,500.1076,0.4939,509.2262,6.2517,0.0065,523.1206,144.2591,0.4773,0.000268,-0.4155,0.2096,-0.0557,ROTATE2
86.2848,-47.2104,427.6455,0.5034,438.8104,70.4158,0.0094,502.2831,1052.6802,0.4883,0.000117,-0.3972,0.264,-0.0324,ROTATE2
52.0154,-64.9183,312.9133,0.5168,323.7819,115.0285,0.0134,461.0382,5570.3564,0.4976,0.000129,-0.3737,0.3148,-0.0021,ROTATE2
21.4935,-89.4378,177.2056,0.5182,199.657,124.1249,0.0015,397.3907,14536.8457,0.504,0.000148,-0.3489,0.3551,0.0261,ROTATE2
-8.1333,-133.869,43.2833,0.5035,140.9272,58.7298,0.0147,322.4805,19291.0977,0.5072,8.3e-05,-0.3273,0.3818,0.0462,ROTATE2
-31.6098,-165.442,-67.7734,0.492,181.5585,40.6312,0.0116,256.947,11993.4707,0.5068,9.5e-05,-0.3116,0.3951,0.0563,ROTATE2
-41.0816,-201.3005,-156.6187,0.4643,258.3389,76.7805,0.0277,220.8527,4076.2017,0.499,0.000392,-0.3006,0.3941,0.0569,ROTATE2
-18.9059,-229.3748,-227.695,0.4139,323.7518,65.4129,0.0504,220.8467,4074.9629,0.4784,0.001353,-0.2902,0.3764,0.0524,ROTATE2
-9.1559,-285.8998,-284.556,0.357,403.4782,79.7264,0.0569,261.6109,8994.293,0.4461,0.002943,-0.2772,0.3459,0.0466,ROTATE2
-40.9248,-331.1199,-330.0448,0.3012,469.3024,65.8242,0.0558,327.286,10395.3252,0.4057,0.004847,-0.2618,0.3058,0.0429,ROTATE2
-94.5867,-367.2959,-366.4359,0.2533,527.3785,58.0761,0.0479,396.45,9371.7705,0.3579,0.005722,-0.2425,0.2565,0.0451,ROTATE2
-119.2068,-383.6649,-395.5487,0.2113,563.7976,36.4191,0.042,457.5417,7425.6826,0.3073,0.005201,-0.2218,0.2022,0.0479,ROTATE2
-191.578,-382.1319,-418.8389,0.1934,598.4588,34.6612,0.0179,512.4831,4798.7021,0.2632,0.003581,-0.2033,0.1469,0.0542,ROTATE2
-242.5968,-359.8837,-437.4711,0.1859,616.239,17.7802,0.0075,555.0353,2764.6575,0.229,0.001848,-0.1881,0.0907,0.0631,ROTATE2
-281.4149,-316.8445,-452.3769,0.1947,619.8626,3.6237,0.0088,585.1473,1228.4158,0.2077,0.000588,-0.1755,0.0347,0.0724,ROTATE2
-310.0101,-253.5974,-464.3015,0.2148,613.1833,6.6793,0.0201,602.3082,423.6751,0.2,0.000123,-0.1637,-0.0219,0.0764,ROTATE2
-322.0424,-170.3842,-473.8412,0.2344,597.7186,15.4647,0.0196,609.0925,85.2485,0.2046,0.000313,-0.1496,-0.0796,0.0783,ROTATE2
-334.7996,-98.1449,-481.473,0.2656,594.5918,3.1268,0.0312,608.3191,104.0893,0.2191,0.000822,-0.1322,-0.136,0.0725,ROTATE2
-330.124,-49.9096,-487.5784,0.2928,590.9361,3.6557,0.0272,603.2585,126.3685,0.2404,0.001232,-0.1117,-0.1887,0.0601,ROTATE2
-323.2117,-19.4246,-492.4627,0.3098,589.3748,1.5613,0.017,597.1609,72.6005,0.2635,0.001245,-0.0877,-0.2349,0.0425,ROTATE2
-319.9881,-8.149,-496.3702,0.3122,590.6286,1.2538,0.0024,592.65,9.4425,0.283,0.000867,-0.0606,-0.2694,0.024,ROTATE2
-303.2592,-3.9661,-499.4962,0.3114,584.3615,6.2672,0.0009,589.9785,10.9076,0.2984,0.00032,-0.0323,-0.2923,0.0105,ROTATE2
-264.6168,6.9615,-501.9969,0.3153,567.5134,16.8481,0.004,584.5629,78.2583,0.3083,6.3e-05,-0.0019,-0.3047,0.0042,ROTATE2
-230.7434,22.5379,-503.9975,0.3247,554.7648,12.7485,0.0093,577.3286,195.3847,0.3147,2.8e-05,0.0302,-0.3096,0.0037,ROTATE2
-198.6166,34.8022,-505.598,0.3356,544.3245,10.4404,0.0109,568.3185,303.0362,0.3198,8.4e-05,0.0633,-0.3099,0.0074,ROTATE2
-162.8964,42.5418,-506.8784,0.3471,534.1075,10.217,0.0115,557.0143,309.7823,0.3268,0.000173,0.0963,-0.3088,0.0114,ROTATE2
-143.5015,44.2959,-507.9027,0.349,529.6414,4.4661,0.0018,546.0703,190.293,0.3343,0.000166,0.1281,-0.3054,0.0133,ROTATE2
-124.5856,47.6867,-508.7222,0.3374,525.9219,3.7195,0.0115,537.752,110.3296,0.3387,7.7e-05,0.1584,-0.2958,0.0129,ROTATE2
-100.9029,53.7025,-509.3777,0.3306,522.045,3.8769,0.0068,531.208,58.961,0.3399,4.9e-05,0.1866,-0.2797,0.0118,ROTATE2
-66.6004,66.012,-509.9022,0.3277,518.4529,3.5921,0.003,526.0338,30.3183,0.3384,7.3e-05,0.213,-0.2574,0.0106,ROTATE2
-18.4053,89.594,-510.3217,0.3341,518.4536,0.0007,0.0065,522.903,18.9713,0.3358,5.4e-05,0.2381,-0.2301,0.0103,ROTATE2
73.4914,124.0658,-510.6574,0.3491,530.6263,12.1727,0.015,523.1,21.7812,0.3358,5.5e-05,0.2636,-0.2003,0.0109,ROTATE2
161.19,161.6277,-510.9259,0.3768,559.599,28.9727,0.0277,529.8353,241.2585,0.3437,0.000329,0.2926,-0.171,0.0124,ROTATE2
222.5614,195.324,-511.1407,0.3942,590.7198,31.1208,0.0173,543.5703,781.8539,0.3564,0.000644,0.3223,-0.1403,0.0147,ROTATE2
276.7022,221.8654,-511.3126,0.4075,622.2772,31.5574,0.0134,564.3351,1463.4526,0.3724,0.000747,0.3511,-0.1076,0.0175,ROTATE2
314.5399,254.3642,-511.4501,0.4146,652.0872,29.8099,0.0071,591.0619,1868.1931,0.3885,0.000552,0.3763,-0.0711,0.021,ROTATE2
319.8038,274.382,-511.5601,0.4311,662.7621,10.675,0.0165,617.4891,1467.4921,0.4049,0.000338,0.3977,-0.029,0.0247,ROTATE2
294.2931,279.5181,-511.648,0.449,653.0869,9.6752,0.0178,636.1866,701.0819,0.4193,0.000362,0.4121,0.0181,0.028,ROTATE2
257.9969,239.5301,-511.7184,0.4601,621.1223,31.9647,0.0111,642.2672,296.0497,0.4325,0.000396,0.4207,0.0654,0.0321,ROTATE2
220.8413,227.5366,-511.7747,0.4669,602.0442,19.0781,0.0068,638.2206,523.3325,0.4443,0.000368,0.423,0.1134,0.0355,ROTATE2
194.7418,203.2293,-511.8198,0.4659,584.1113,17.9329,0.001,624.6254,885.6085,0.4546,0.000178,0.4195,0.159,0.0402,ROTATE2
172.3685,172.9803,-511.8558,0.4518,567.1238,16.9875,0.0141,605.4977,890.1434,0.4587,5.3e-05,0.407,0.1979,0.0474,ROTATE2
160.3823,143.3436,-480.1941,0.4387,526.1713,40.9526,0.0131,580.1146,1051.4303,0.4567,0.000109,0.3864,0.2295,0.0574,ROTATE2
105.6964,136.5999,-361.3896,0.4337,400.5418,125.6295,0.0051,535.9985,5218.1509,0.4514,0.000185,0.3599,0.2582,0.0665,ROTATE2
41.9853,136.9706,-216.7836,0.4273,259.8438,140.698,0.0063,467.5584,14913.9814,0.4435,0.00019,0.3294,0.2824,0.0736,ROTATE2
-2.2524,121.5358,-81.23,0.4324,146.1996,113.6442,0.0051,379.9761,25180.6914,0.4368,6.9e-05,0.3007,0.3032,0.0767,ROTATE2
-57.7238,84.2943,37.4129,0.4286,108.7993,37.4004,0.0038,288.3112,24480.7461,0.4321,1.6e-05,0.2775,0.3202,0.0742,ROTATE2
-111.1915,8.7292,132.3272,0.4224,173.0614,64.2621,0.0062,217.6892,10834.2998,0.4289,1.6e-05,0.2602,0.333,0.0671,ROTATE2
-191.3532,-91.1917,208.2586,0.3987,297.1593,124.0979,0.0236,197.0127,4982.8643,0.4219,0.000144,0.248,0.3361,0.0573,ROTATE2
-255.4826,-175.3533,269.0038,0.3791,410.3452,113.1859,0.0196,227.113,12389.4414,0.4123,0.000411,0.2459,0.3267,0.0486,ROTATE2
-306.7861,-242.6827,317.5999,0.3714,503.8673,93.5221,0.0077,298.6465,21281.5977,0.4001,0.000514,0.2505,0.3073,0.0408,ROTATE2
-347.8289,-296.5461,356.4768,0.3553,579.6553,75.7879,0.0161,392.8177,20998.1777,0.3854,0.000537,0.2597,0.2782,0.0344,ROTATE2
-353.4975,-339.6369,387.5783,0.3342,624.9246,45.2693,0.0211,483.1903,13947.1152,0.3678,0.000477,0.2707,0.24,0.0269,ROTATE2
-348.6699,-365.3127,412.4596,0.2995,652.0329,27.1083,0.0347,554.1651,7689.7563,0.3479,0.000823,0.2805,0.1951,0.0178,ROTATE2
-341.4328,-382.1002,432.3645,0.2649,670.4595,18.4266,0.0346,606.1879,3551.4292,0.3251,0.001485,0.2816,0.1483,0.0057,ROTATE2
-344.2681,-400.5614,448.2885,0.2297,692.7717,22.3121,0.0351,643.9688,1529.4841,0.2967,0.002069,0.2718,0.0983,-0.0086,ROTATE2
-354.2239,-418.5648,461.0277,0.196,716.3921,23.6204,0.0337,671.3162,1003.3874,0.2649,0.002395,0.2503,0.0492,-0.023,ROTATE2
-356.5541,-434.4143,471.2191,0.1685,733.4126,17.0205,0.0276,693.0138,873.359,0.2317,0.002194,0.2186,0.0022,-0.0342,ROTATE2
-350.8464,-407.2565,479.3721,0.1572,720.2421,13.1705,0.0112,706.6556,499.6494,0.2033,0.001576,0.1815,-0.0404,-0.0393,ROTATE2
-316.7678,-409.7614,485.8946,0.1658,710.1689,10.0732,0.0086,714.5975,177.0138,0.1834,0.000705,0.1406,-0.0802,-0.04,ROTATE2
-295.7673,-370.9123,491.1125,0.1913,682.8219,27.347,0.0255,712.6075,279.7181,0.1757,0.00023,0.1001,-0.1176,-0.0347,ROTATE2
-231.9451,-309.0892,495.2869,0.2203,628.2068,54.6151,0.0291,694.9704,1390.4823,0.1806,0.000521,0.0595,-0.1526,-0.0268,ROTATE2
-144.103,-238.2682,498.6264,0.2533,571.1093,57.0976,0.033,662.5098,3109.5474,0.1976,0.001261,0.0206,-0.1853,-0.0218,ROTATE2
-70.0355,-152.4021,501.298,0.286,528.6124,42.4968,0.0327,624.1838,4559.7686,0.2233,0.001834,-0.0168,-0.2155,-0.0225,ROTATE2
-20.6409,-100.2123,503.4353,0.3089,513.7272,14.8852,0.0229,584.8955,3977.644,0.2519,0.001816,-0.0515,-0.2406,-0.0287,ROTATE2
-10.1721,-60.223,505.1451,0.3337,508.824,4.9032,0.0249,550.0959,2006.0935,0.2804,0.001606,-0.0859,-0.2607,-0.0401,ROTATE2
-11.2814,-31.519,506.513,0.3505,507.6181,1.2059,0.0168,525.9782,565.0392,0.3065,0.001188,-0.1179,-0.2752,-0.0535,ROTATE2
-19.7751,-6.3121,507.6073,0.3586,508.0316,0.4135,0.0081,513.3627,62.9416,0.3275,0.000722,-0.1471,-0.2829,-0.066,ROTATE2
-27.7107,6.291,508.4827,0.3706,509.2761,1.2445,0.012,509.4954,4.8149,0.3445,0.000461,-0.1741,-0.285,-0.0778,ROTATE2
-28.8592,12.2828,509.1831,0.3761,510.1481,0.872,0.0054,508.7796,0.806,0.3579,0.000226,-0.1996,-0.282,-0.0868,ROTATE2
-11.6436,13.0168,509.7433,0.3892,510.0424,0.1057,0.0132,509.0233,1.0652,0.369,0.000182,-0.2264,-0.273,-0.094,ROTATE2
16.0507,18.4572,510.1916,0.4101,510.7776,0.7351,0.0208,509.6552,0.8865,0.3809,0.000309,-0.2564,-0.2594,-0.0989,ROTATE2
39.8875,31.4189,510.5501,0.4177,513.0688,2.2912,0.0076,510.6626,1.6749,0.3927,0.00034,-0.2885,-0.2403,-0.0999,ROTATE2
42.8131,50.7507,510.837,0.4216,515.134,2.0652,0.0039,511.8342,3.9165,0.4029,0.000305,-0.3211,-0.2144,-0.0958,ROTATE2
42.2786,64.0818,511.0665,0.4243,516.8007,1.6667,0.0028,513.1647,6.5109,0.4126,0.000159,-0.3527,-0.1837,-0.088,ROTATE2
34.451,97.6436,511.2501,0.4274,521.6299,4.8293,0.0031,515.4822,13.5225,0.4202,3.6e-05,-0.3797,-0.149,-0.0777,ROTATE2
32.6983,123.1524,511.397,0.4317,527.0319,5.4019,0.0042,518.733,25.2067,0.4245,2.3e-05,-0.3995,-0.1104,-0.0678,ROTATE2
35.7836,140.9032,511.5145,0.4295,531.7718,4.7399,0.0021,522.4737,38.7996,0.4269,1.3e-05,-0.4127,-0.0695,-0.0582,ROTATE2
38.1675,144.0163,511.6085,0.4336,532.8608,1.0891,0.0041,526.019,37.0346,0.4293,1e-05,-0.4206,-0.0254,-0.05,ROTATE2
35.7684,144.3224,511.6837,0.4452,532.8494,0.0114,0.0116,529.2288,19.0673,0.4335,3.9e-05,-0.4249,0.0222,-0.0427,ROTATE2
27.2741,137.1704,511.7438,0.4572,530.5104,2.339,0.012,531.0049,4.6929,0.4394,0.000108,-0.4251,0.0727,-0.0376,ROTATE2
13.3287,113.5301,511.7919,0.4645,524.4022,6.1082,0.0074,530.4789,9.9783,0.446,0.000179,-0.4204,0.1242,-0.0341,ROTATE2
4.5442,78.9366,508.0679,0.471,514.1835,10.2187,0.0065,526.9613,50.3785,0.4543,0.000181,-0.4117,0.1754,-0.0323,ROTATE2
-5.2147,33.7524,441.5762,0.4794,442.895,71.2885,0.0083,508.9681,1133.0916,0.4635,0.000137,-0.3993,0.2233,-0.0309,ROTATE2
-13.4749,-17.12,316.736,0.484,317.4844,125.4106,0.0047,465.8951,6496.9463,0.4712,9.5e-05,-0.3845,0.2642,-0.0291,ROTATE2
-11.8424,-77.7147,181.3013,0.4758,197.6107,119.8737,0.0082,399.3152,15624.334,0.475,4.5e-05,-0.368,0.2953,-0.0263,ROTATE2
-4.3927,-129.6062,51.2473,0.4569,139.4394,58.1713,0.0189,322.3226,20074.209,0.4734,8.7e-05,-0.3517,0.3146,-0.0221,ROTATE2
-0.1891,-159.2474,-56.574,0.4322,168.9982,29.5589,0.0247,253.2855,12647.6465,0.4657,0.000365,-0.3369,0.3206,-0.0172,ROTATE2
-1.8919,-181.0667,-147.6592,0.4059,233.6493,64.651,0.0263,211.4364,3783.0625,0.451,0.000826,-0.3233,0.314,-0.0121,ROTATE2
14.8552,-192.0502,-220.5274,0.3731,292.8076,59.1584,0.0328,206.501,2833.7239,0.4288,0.001327,-0.3068,0.2992,-0.0052,ROTATE2
21.3185,-197.4964,-278.8219,0.3404,342.3463,49.5387,0.0327,235.4482,5670.7686,0.4017,0.001714,-0.2904,0.277,0.0029,ROTATE2
12.6142,-199.4628,-325.4576,0.3072,381.9255,39.5792,0.0331,283.9454,5766.3735,0.3718,0.001994,-0.2738,0.2503,0.0117,ROTATE2
-9.9743,-207.914,-362.7661,0.2739,418.2426,36.3171,0.0333,333.7943,4246.0425,0.3401,0.002176,-0.2571,0.2201,0.0206,ROTATE2
-36.57,-220.7124,-392.6129,0.2388,451.8807,33.6381,0.0351,377.4406,3124.1216,0.3067,0.002246,-0.2401,0.1853,0.0291,ROTATE2
-81.681,-228.5324,-416.4903,0.2039,482.0405,30.1598,0.0349,415.2872,2447.4395,0.2728,0.002331,-0.2248,0.1439,0.0349,ROTATE2
-134.1167,-228.9853,-435.5922,0.1685,510.0609,28.0204,0.0353,448.8301,2054.6531,0.2385,0.002414,-0.2069,0.0996,0.0374,ROTATE2
-195.0184,-216.4414,-450.8738,0.1452,536.8112,26.7502,0.0234,479.8072,1747.9619,0.2061,0.002158,-0.1856,0.0534,0.0392,ROTATE2
-242.4084,-178.5875,-463.099,0.1398,552.3731,15.562,0.0054,506.6333,1323.4462,0.1793,0.001396,-0.1618,0.0076,0.0406,ROTATE2
-279.4174,-122.1481,-472.8792,0.1382,562.6802,10.3071,0.0016,528.7932,861.0679,0.1591,0.000619,-0.1345,-0.035,0.04,ROTATE2
-325.9339,-64.3779,-480.7034,0.1507,584.3399,21.6597,0.0125,549.2531,622.3864,0.1485,0.00012,-0.1047,-0.0736,0.0366,ROTATE2
-363.1472,-7.7867,-486.9627,0.1759,607.5106,23.1707,0.0252,568.743,614.1132,0.15,0.000187,-0.0738,-0.1095,0.0306,ROTATE2
-392.9177,33.5644,-491.9702,0.2064,630.5121,23.0015,0.0305,587.4832,822.0754,0.1622,0.00067,-0.0432,-0.1421,0.0189,ROTATE2
-400.1686,70.314,-495.9761,0.2486,641.1484,10.6363,0.0423,605.2383,836.2811,0.184,0.00159,-0.0125,-0.1747,0.0027,ROTATE2
-374.588,104.1637,-499.1809,0.3143,632.7305,8.418,0.0657,619.2484,428.9257,0.2192,0.00333,0.0155,-0.2132,-0.016,ROTATE2
-348.5016,123.4997,-501.7447,0.3746,623.2603,9.4702,0.0603,627.0323,127.8336,0.264,0.005216,0.0424,-0.2558,-0.0367,ROTATE2
-341.3669,131.7717,-503.7958,0.409,622.6599,0.6004,0.0344,630.0623,46.2576,0.3106,0.005698,0.0685,-0.2966,-0.0563,ROTATE2
-349.9685,138.258,-505.4366,0.4105,630.1265,7.4667,0.0015,629.9851,46.212,0.3514,0.003856,0.0943,-0.3295,-0.0728,ROTATE2
-334.0467,145.1064,-506.7493,0.3941,624.0496,6.0769,0.0164,626.5653,16.6392,0.3805,0.001262,0.1199,-0.3495,-0.084,ROTATE2
-307.278,149.757,-507.7994,0.3856,612.1333,11.9163,0.0085,622.4459,33.7245,0.3948,0.000188,0.1469,-0.3526,-0.0899,ROTATE2
-283.7411,152.1275,-508.6396,0.3791,601.9684,10.1649,0.0065,618.1876,99.3236,0.3956,0.000155,0.1738,-0.3405,-0.0901,ROTATE2
-243.0429,156.6895,-509.3116,0.3794,585.679,16.2895,0.0003,610.7914,251.9815,0.3897,0.000138,0.2002,-0.3196,-0.0851,ROTATE2
-188.1468,167.8516,-509.8493,0.3869,568.788,16.891,0.0076,598.5237,379.5723,0.385,3.1e-05,0.227,-0.2976,-0.0752,ROTATE2
-122.8331,185.3782,-510.2794,0.3857,556.6311,12.1569,0.0012,585.0399,418.4443,0.3833,1.2e-05,0.2541,-0.2748,-0.0635,ROTATE2
-41.4602,207.8369,-510.6236,0.3791,552.8576,3.7735,0.0066,573.1848,338.2308,0.382,1.2e-05,0.2802,-0.2479,-0.0512,ROTATE2
52.5912,239.5164,-510.8989,0.373,566.7024,13.8448,0.0062,566.1316,131.1879,0.3808,2.6e-05,0.3043,-0.2167,-0.0394,ROTATE2
129.3042,267.7162,-511.1191,0.3734,591.2988,24.5964,0.0004,567.2556,180.1826,0.3796,3.5e-05,0.3263,-0.1794,-0.03,ROTATE2
172.3715,282.373,-511.2953,0.3854,608.9904,17.6916,0.012,575.2961,463.4229,0.3793,3.1e-05,0.3463,-0.1347,-0.0246,ROTATE2
178.9566,285.9547,-511.4362,0.4063,612.6684,3.678,0.0209,586.5035,547.4777,0.3835,0.000152,0.3654,-0.0869,-0.0221,ROTATE2
159.7528,274.395,-511.549,0.4341,602.0764,10.592,0.0278,596.3473,272.6712,0.3945,0.00054,0.3851,-0.0376,-0.0224,ROTATE2
113.0178,215.766,-511.6392,0.4626,566.6592,35.4172,0.0285,596.3387,273.184,0.4124,0.001056,0.4053,0.0139,-0.0216,ROTATE2
99.633,209.8628,-511.7114,0.4726,561.9766,4.6826,0.01,590.4742,469.8626,0.4322,0.001084,0.4214,0.0645,-0.0197,ROTATE2
100.3002,197.084,-511.7691,0.4662,557.5032,4.4733,0.0065,580.1768,512.6719,0.4484,0.000615,0.4289,0.1119,-0.0148,ROTATE2
113.1058,186.1266,-511.8153,0.4568,556.2292,1.274,0.0094,568.8889,288.8122,0.4585,0.000175,0.4262,0.1563,-0.0069,ROTATE2
126.569,178.1075,-511.8522,0.4467,556.5381,0.309,0.01,559.7812,16.0899,0.461,7.7e-05,0.4123,0.1964,0.0051,ROTATE2
143.5333,168.7204,-511.8818,0.4238,557.7556,1.2175,0.0229,558.0005,4.2785,0.4532,0.000293,0.386,0.2285,0.0173,ROTATE2
180.7892,160.8669,-511.9054,0.4053,566.2244,8.4687,0.0185,558.8501,13.9212,0.4397,0.000496,0.3531,0.2528,0.0334,ROTATE2
197.2657,175.7248,-451.765,0.4056,523.3398,42.8845,0.0004,552.0175,219.0687,0.4276,0.000443,0.3193,0.2743,0.049,ROTATE2
130.1032,180.9486,-341.8745,0.3979,408.1022,115.2377,0.0078,522.392,3480.1765,0.4159,0.000311,0.2848,0.2924,0.0595,ROTATE2
76.8482,166.2651,-210.6183,0.3993,279.1233,128.9789,0.0015,466.909,12004.5586,0.4064,8.5e-05,0.2516,0.3088,0.0635,ROTATE2
38.3879,132.859,-86.7322,0.4135,163.241,115.8824,0.0142,388.0061,22571.1289,0.4043,3.1e-05,0.2247,0.3268,0.0633,ROTATE2
3.0478,92.2559,32.2268,0.4251,97.7702,65.4708,0.0115,294.3153,24288.1914,0.4083,0.000101,0.2041,0.3465,0.0569,ROTATE2
-43.7649,34.4923,128.1783,0.4255,139.7668,41.9966,0.0005,217.6007,12689.6582,0.4123,0.000143,0.1875,0.3628,0.0463,ROTATE2
-73.3681,-25.0562,204.9395,0.4226,219.1139,79.3471,0.0029,179.803,4003.2905,0.4172,9.9e-05,0.1778,0.3752,0.0358,ROTATE2
-112.432,-89.2325,266.3485,0.4008,302.5639,83.45,0.0218,184.4911,5022.4531,0.4175,8.8e-05,0.1724,0.3791,0.0245,ROTATE2
-156.705,-153.7297,315.4756,0.387,384.336,81.7721,0.0139,228.7102,10964.4121,0.4122,0.000244,0.1727,0.3735,0.0155,ROTATE2
-183.7359,-197.99,354.7774,0.358,445.899,61.563,0.029,298.3359,12121.8105,0.3988,0.000619,0.1757,0.357,0.0092,ROTATE2
-202.9918,-219.6014,386.2188,0.3288,488.4623,42.5633,0.0292,368.075,9459.0439,0.3794,0.001081,0.1825,0.3308,0.0071,ROTATE2
-205.3716,-215.8499,411.3719,0.301,507.9326,19.4703,0.0278,425.8388,5596.54,0.3551,0.001347,0.1909,0.2959,0.0076,ROTATE2
-193.2879,-204.5955,431.4944,0.2722,515.1767,7.2441,0.0288,468.3613,2345.2852,0.3294,0.001643,0.2009,0.2558,0.0112,ROTATE2
-168.9053,-193.1421,447.5924,0.2459,515.9185,0.7418,0.0262,494.6778,693.0125,0.3012,0.001577,0.2079,0.2105,0.0132,ROTATE2
-132.5086,-184.3043,460.4708,0.2248,513.3809,2.5375,0.0211,508.1742,104.9471,0.2745,0.001388,0.2129,0.1628,0.012,ROTATE2
-112.1006,-178.0965,470.7736,0.2082,515.6672,2.2863,0.0166,513.6152,8.8602,0.2504,0.001097,0.2138,0.115,0.0065,ROTATE2
-100.293,-173.7929,479.0157,0.1955,519.3445,3.6773,0.0127,515.8976,3.7577,0.2293,0.000744,0.2097,0.0677,-0.0017,ROTATE2
-86.6625,-166.003,485.6095,0.1867,520.4651,1.1206,0.0088,516.9552,6.7076,0.2122,0.000448,0.2009,0.0219,-0.0108,ROTATE2
-67.8082,-156.2399,490.8845,0.1875,519.5926,0.8726,0.0008,517.6901,7.3437,0.2005,0.000207,0.1879,-0.022,-0.0192,ROTATE2
-47.8184,-145.5263,495.1045,0.1953,518.2596,1.333,0.0078,518.6658,2.7427,0.1946,6e-05,0.1701,-0.064,-0.0255,ROTATE2
-25.2047,-134.3742,498.4805,0.2084,516.8892,1.3704,0.0132,518.9102,1.516,0.1947,6.1e-05,0.1486,-0.104,-0.0293,ROTATE2
-1.845,-121.0587,501.1813,0.2258,515.598,1.2913,0.0174,518.1609,3.111,0.2007,0.000218,0.1242,-0.1417,-0.0302,ROTATE2
45.7552,-103.647,503.3419,0.2485,515.9354,0.3374,0.0227,517.2549,2.2189,0.2131,0.000483,0.0977,-0.1775,-0.0285,ROTATE2
104.2136,-56.1332,505.0704,0.2657,518.7558,2.8204,0.0171,517.0875,1.5485,0.2287,0.000659,0.0686,-0.2097,-0.0248,ROTATE2
167.9021,-24.3066,506.4532,0.2794,534.1131,15.3573,0.0138,520.2582,49.194,0.2456,0.000666,0.0379,-0.2361,-0.0226,ROTATE2
203.3998,8.7391,507.5595,0.3013,546.8679,12.7548,0.0219,526.254,152.589,0.2642,0.000666,0.007,-0.2589,-0.0227,ROTATE2
193.1917,18.6913,508.4445,0.3305,544.2318,2.6361,0.0292,531.9808,161.7227,0.2851,0.000814,-0.0235,-0.2798,-0.0255,ROTATE2
157.6065,20.0218,509.1525,0.3488,533.3638,10.868,0.0183,535.4664,98.4643,0.3052,0.000957,-0.0535,-0.2967,-0.0292,ROTATE2
114.2696,11.4737,509.7189,0.3533,522.4964,10.8674,0.0045,536.2145,75.6998,0.3227,0.000802,-0.0823,-0.3084,-0.0332,ROTATE2
82.1969,2.4039,510.172,0.3505,516.7568,5.7396,0.0028,532.7433,138.4881,0.3369,0.00038,-0.1097,-0.3146,-0.0346,ROTATE2
69.9575,-1.0893,510.5345,0.359,515.3065,1.4503,0.0085,526.431,119.5514,0.3484,9.2e-05,-0.1383,-0.3154,-0.0335,ROTATE2
65.0723,-3.2684,510.8245,0.3836,514.9628,0.3436,0.0246,520.5773,48.2154,0.359,0.000162,-0.1697,-0.3115,-0.0309,ROTATE2
62.161,-4.5616,511.0565,0.4037,514.8432,0.1196,0.0202,516.8732,8.3718,0.37,0.00042,-0.2039,-0.3035,-0.0289,ROTATE2
61.4569,-1.3805,511.2421,0.4257,514.9246,0.0814,0.022,515.3588,0.5137,0.3845,0.000775,-0.2412,-0.2938,-0.0275,ROTATE2
55.6343,9.7394,511.3905,0.4354,514.5001,0.4245,0.0097,514.9074,0.0665,0.4015,0.000773,-0.2793,-0.2823,-0.0266,ROTATE2
58.173,21.829,511.5093,0.4325,515.2692,0.7692,0.0029,514.9,0.0608,0.4162,0.000389,-0.3151,-0.265,-0.024,ROTATE2
59.7572,41.7288,511.6043,0.4194,516.77,1.5007,0.013,515.2614,0.6288,0.4233,0.000127,-0.3441,-0.2388,-0.0191,ROTATE2
56.3651,64.5299,511.6804,0.4071,518.8043,2.0344,0.0123,516.0536,2.4766,0.424,0.000102,-0.3658,-0.2051,-0.0113,ROTATE2
55.664,83.9864,511.7412,0.398,521.5662,2.7618,0.0091,517.382,6.5348,0.4185,0.000206,-0.3795,-0.1627,-0.0012,ROTATE2
42.5562,91.2204,511.7898,0.4027,521.5947,0.0286,0.0047,518.8009,6.4099,0.4119,0.000156,-0.3886,-0.1112,0.0116,ROTATE2
18.0574,93.8513,511.8287,0.4197,520.6754,0.9194,0.017,519.8821,3.4491,0.4094,7.7e-05,-0.3946,-0.052,0.0259,ROTATE2
-16.8634,95.4342,511.8599,0.4412,520.9536,0.2782,0.0215,520.7189,1.0415,0.4137,0.00024,-0.3989,0.0131,0.0404,ROTATE2
-50.3126,96.9974,511.8848,0.4657,523.4175,2.4639,0.0245,521.6415,0.9137,0.4254,0.000633,-0.401,0.0827,0.0534,ROTATE2
-78.9657,92.7323,511.9047,0.4896,526.1951,2.7776,0.0239,522.5673,4.2026,0.4438,0.00097,-0.4002,0.1529,0.0639,ROTATE2
-85.7913,82.6608,511.9207,0.5027,525.6003,0.5947,0.0131,523.3683,5.2116,0.4638,0.000928,-0.3913,0.2211,0.0706,ROTATE2
-110.3549,71.0255,502.8521,0.5574,519.6953,5.9051,0.0547,523.1724,6.4211,0.4913,0.001534,-0.3762,0.2929,0.0714,ROTATE2
-169.0871,80.4235,397.3442,0.5981,439.2503,80.445,0.0407,506.8317,1147.0021,0.5227,0.002327,-0.3583,0.3608,0.0778,ROTATE2
-150.6697,85.9701,286.6379,0.5736,335.0425,104.2078,0.0245,469.1567,5574.8833,0.5443,0.00173,-0.3398,0.4116,0.0737,ROTATE2
-98.7482,71.7386,173.0728,0.5471,211.7825,123.26,0.0265,406.2742,14218.292,0.5558,0.001001,-0.3227,0.4449,0.0644,ROTATE2
-27.2267,50.994,61.0926,0.5122,84.107,127.6755,0.0349,317.9755,24332.2285,0.5577,0.000813,-0.31,0.4595,0.0529,ROTATE2
43.9405,34.2639,-48.7228,0.4767,74.0182,10.0888,0.0355,228.8401,20151.9687,0.5416,0.001866,-0.3,0.4476,0.0438,ROTATE2
93.2024,16.6424,-141.3782,0.4439,170.1513,96.1331,0.0328,175.0203,9089.7842,0.5107,0.002182,-0.2911,0.4183,0.0263,ROTATE2
97.2182,-15.0986,-213.137,0.4125,234.7482,64.5969,0.0314,154.9614,4279.4893,0.4785,0.002281,-0.2825,0.3854,0.017,ROTATE2
79.2777,-64.2101,-272.9096,0.3857,291.3546,56.6065,0.0268,170.8759,7101.1147,0.4462,0.002019,-0.2719,0.3531,0.0133,ROTATE2
64.7753,-112.8931,-320.7277,0.3583,346.1313,54.7767,0.0273,223.2807,8991.9746,0.4154,0.001744,-0.2619,0.3218,0.0112,ROTATE2
41.389,-153.0082,-358.9821,0.3298,392.4191,46.2877,0.0285,286.9609,6202.5049,0.386,0.001595,-0.2524,0.2914,0.0099,ROTATE2
10.358,-195.8472,-389.5857,0.2975,436.1656,43.7465,0.0323,340.1638,5095.4707,0.3568,0.001635,-0.2429,0.2602,0.0114,ROTATE2
-31.3636,-230.2121,-414.0685,0.2676,474.799,38.6334,0.0299,388.1739,4193.3345,0.3278,0.001764,-0.2327,0.2284,0.0166,ROTATE2
-85.3034,-242.1916,-433.6548,0.2409,503.9742,29.1752,0.0267,430.6978,3192.197,0.2988,0.001765,-0.2244,0.1922,0.0235,ROTATE2
-155.3521,-235.7189,-449.3239,0.2205,530.6502,26.676,0.0204,467.6016,2398.106,0.2713,0.001525,-0.2176,0.151,0.0309,ROTATE2
-209.4223,-215.8907,-461.8591,0.2046,551.1627,20.5125,0.016,499.3503,1656.1332,0.2462,0.001103,-0.2105,0.1049,0.039,ROTATE2
-206.0285,-200.972,-471.8873,0.1997,552.7342,1.5715,0.0049,522.6641,884.1085,0.2267,0.000627,-0.2034,0.057,0.0438,ROTATE2
-240.8509,-169.8869,-479.9098,0.2021,563.191,10.4568,0.0025,540.3425,441.8564,0.2136,0.00024,-0.1951,0.0065,0.0472,ROTATE2
-251.6776,-121.7002,-486.3279,0.2194,560.9521,2.2389,0.0173,551.7381,132.4182,0.2093,7.9e-05,-0.1838,-0.0461,0.0477,ROTATE2
-247.8827,-65.9414,-491.4623,0.2435,554.3729,6.5793,0.024,556.4826,22.3565,0.2139,0.000266,-0.1672,-0.0989,0.0455,ROTATE2
-242.4905,-4.8687,-495.5698,0.2765,551.738,2.6349,0.033,556.5977,21.1854,0.2282,0.000827,-0.147,-0.151,0.0374,ROTATE2
-235.8799,43.6706,-498.8559,0.3089,553.5374,1.7994,0.0324,556.7583,20.0474,0.2501,0.001489,-0.1231,-0.2022,0.0265,ROTATE2
-232.9258,70.6428,-501.4847,0.3306,557.4332,3.8958,0.0217,555.6067,10.5363,0.2758,0.001665,-0.0973,-0.2489,0.0132,ROTATE2
-226.4813,75.9142,-503.5877,0.3461,557.3665,0.0667,0.0155,554.8895,4.9266,0.3011,0.001377,-0.0707,-0.2878,0.0017,ROTATE2
-217.1413,67.5157,-505.2702,0.3637,554.0818,3.2846,0.0175,554.8314,5.0003,0.3252,0.000916,-0.0456,-0.3192,-0.006,ROTATE2
-198.988,48.0063,-506.6161,0.3796,546.4072,7.6747,0.016,553.7652,16.1432,0.3458,0.000611,-0.0221,-0.3433,-0.0101,ROTATE2
-182.4779,25.5051,-507.6929,0.3842,540.0933,6.3138,0.0045,551.0764,46.2871,0.3608,0.000407,0.0009,-0.3593,-0.0118,ROTATE2
-184.7542,6.5572,-508.5544,0.3797,541.1143,1.0209,0.0045,547.8126,47.402,0.3706,0.000199,0.0242,-0.3682,-0.0126,ROTATE2
-188.1065,0.2989,-509.2435,0.3723,542.8748,1.7606,0.0073,544.9142,25.6228,0.3759,5.2e-05,0.0489,-0.3705,-0.0125,ROTATE2
-173.4977,9.6391,-509.7948,0.3655,538.5955,4.2794,0.0068,541.817,7.2064,0.3763,4.3e-05,0.076,-0.3657,-0.0111,ROTATE2
-139.6075,32.9175,-510.2358,0.3575,530.0136,8.5818,0.0081,538.5383,20.1065,0.3718,9.2e-05,0.105,-0.3533,-0.0084,ROTATE2
-97.2298,64.5653,-510.5887,0.3522,523.7586,6.255,0.0053,535.2714,52.6378,0.3654,9.8e-05,0.1354,-0.3354,-0.0049,ROTATE2
-52.2307,98.6397,-510.8709,0.3546,522.9216,0.837,0.0025,531.6328,63.0744,0.3604,5.6e-05,0.1669,-0.3147,-0.0021,ROTATE2
-13.0377,135.0587,-511.0967,0.3622,528.8012,5.8796,0.0076,528.8181,31.4788,0.3584,2.4e-05,0.2,-0.2916,-0.0022,ROTATE2
16.4417,165.1532,-511.2774,0.3705,537.5411,8.7399,0.0083,528.6072,27.5332,0.3594,4.2e-05,0.2337,-0.2659,-0.0048,ROTATE2
52.669,187.7975,-511.4219,0.3839,547.3521,9.811,0.0134,532.0749,85.3868,0.3647,0.000133,0.2681,-0.2391,-0.0072,ROTATE2
90.9821,205.4412,-511.5375,0.4006,558.7079,11.3558,0.0168,539.0648,164.5594,0.3744,0.000267,0.3031,-0.2102,-0.0078,ROTATE2
125.2325,214.5592,-511.63,0.4186,568.7567,10.0488,0.018,548.2318,204.726,0.3872,0.000417,0.3377,-0.178,-0.0064,ROTATE2
166.4548,225.688,-511.704,0.4256,583.5095,14.7528,0.007,559.1734,258.3994,0.3999,0.000427,0.3681,-0.1414,-0.0039,ROTATE2
182.442,234.1316,-511.7632,0.4283,591.6116,8.1022,0.0027,569.9875,258.3104,0.4114,0.000283,0.3929,-0.1005,-0.0016,ROTATE2
184.4254,242.1522,-511.8106,0.4274,595.4835,3.8718,0.001,579.6138,193.181,0.4201,0.000106,0.4106,-0.0566,0.0001,ROTATE2
176.0279,246.1217,-511.8485,0.4327,594.6012,0.8823,0.0053,586.7924,99.1605,0.4265,2.1e-05,0.421,-0.011,0.0019,ROTATE2
157.366,251.5599,-511.8788,0.4354,591.6641,2.9371,0.0027,591.3739,17.8588,0.4299,1.3e-05,0.4234,0.0354,0.0053,ROTATE2
124.5678,244.9323,-511.903,0.4469,580.9937,10.6703,0.0115,590.8708,26.7855,0.4341,4.9e-05,0.4216,0.0804,0.0141,ROTATE2
100.173,241.7959,-511.9224,0.4535,574.9473,6.0464,0.0066,587.538,66.2792,0.4392,9.2e-05,0.4156,0.1239,0.0246,ROTATE2
73.1134,237.1679,-511.9379,0.4594,568.9241,6.0232,0.0059,582.2261,94.732,0.4456,0.000106,0.4059,0.168,0.0347,ROTATE2
42.4907,225.15,-511.9503,0.4547,560.8842,8.0399,0.0047,575.4827,109.725,0.45,6.9e-05,0.3899,0.2103,0.0426,ROTATE2
56.6645,189.7356,-487.9572,0.4222,526.6049,34.2794,0.0325,562.4709,365.8581,0.4473,0.000174,0.369,0.2405,0.0528,ROTATE2
54.7722,129.1322,-432.0563,0.4174,454.2552,72.3496,0.0048,537.1232,1996.8574,0.4415,0.000318,0.3414,0.2685,0.0581,ROTATE2
-3.9072,86.9589,-336.8701,0.3812,347.9347,106.3205,0.0362,491.7206,6807.7866,0.427,0.000806,0.3057,0.2865,0.0643,ROTATE2
-34.782,41.7359,-208.0929,0.3665,215.0682,132.8665,0.0147,420.9494,15914.4609,0.4084,0.000983,0.2652,0.2972,0.0708,ROTATE2
-67.5444,-13.7925,-89.0431,0.398,112.6106,102.4576,0.0316,331.2947,22974.709,0.3971,0.000447,0.2321,0.3083,0.0762,ROTATE2
-49.6886,-76.4778,-14.847,0.4389,92.4026,20.208,0.0409,244.4543,19218.127,0.4004,0.00066,0.2101,0.3295,0.0775,ROTATE2
-28.4822,-125.1104,90.5193,0.4194,157.0273,64.6247,0.0196,185.0087,8409.7578,0.4008,0.000673,0.1928,0.3426,0.0733,ROTATE2
1.9205,-183.4508,174.8123,0.4013,253.4112,96.3839,0.018,166.104,3679.1724,0.4048,0.000581,0.1846,0.3539,0.0646,ROTATE2
-6.298,-238.1106,242.2467,0.3778,339.7349,86.3237,0.0236,191.0373,8607.541,0.4071,0.000428,0.1843,0.3587,0.0518,ROTATE2
-50.5259,-284.7604,296.1943,0.3548,413.9715,74.2366,0.023,251.3095,13684.584,0.3984,0.000884,0.1848,0.35,0.0405,ROTATE2
-109.4269,-318.8177,339.3523,0.3345,478.3084,64.3369,0.0203,328.4907,12983.0762,0.3775,0.000938,0.1828,0.3282,0.0285,ROTATE2
-152.5853,-333.6479,373.8787,0.3079,523.8211,45.5127,0.0266,401.8494,9352.4277,0.3552,0.001062,0.1852,0.3007,0.0217,ROTATE2
-160.5558,-327.7246,401.4999,0.282,542.5714,18.7502,0.0258,459.6815,5561.6328,0.3314,0.001139,0.1907,0.2675,0.0174,ROTATE2
-141.7727,-308.7672,423.5968,0.2588,543.0201,0.4488,0.0232,500.3385,2420.2703,0.3076,0.001196,0.1988,0.2296,0.016,ROTATE2
-101.5213,-292.795,441.2743,0.2347,539.2203,3.7999,0.0241,525.3882,603.2864,0.2836,0.001236,0.2049,0.1887,0.0118,ROTATE2
-61.5514,-278.9485,455.4164,0.2121,537.5917,1.6285,0.0226,537.2449,49.189,0.2591,0.001141,0.2071,0.1451,0.0036,ROTATE2
-38.7599,-266.7057,466.73,0.2016,538.9537,1.362,0.0105,540.2715,4.5734,0.2378,0.000877,0.2064,0.1008,-0.0089,ROTATE2
-31.0923,-250.6427,475.7809,0.1959,538.6613,0.2925,0.0057,539.4894,3.4225,0.2206,0.000541,0.2022,0.0563,-0.0233,ROTATE2
-30.0551,-226.2954,483.0216,0.1888,534.2498,4.4115,0.0071,537.7354,3.3434,0.2066,0.000255,0.1927,0.0129,-0.0366,ROTATE2
-25.8534,-191.6457,488.8142,0.1877,525.6765,8.5732,0.0011,535.0266,24.6481,0.1972,8e-05,0.1786,-0.0298,-0.045,ROTATE2
0.4235,-147.3884,493.4482,0.2054,514.99,10.6865,0.0177,530.5062,83.1917,0.1959,4.8e-05,0.1624,-0.0732,-0.0466,ROTATE2
34.1482,-102.9545,497.1555,0.23,508.851,6.139,0.0246,524.4857,126.463,0.2016,0.000242,0.1437,-0.1164,-0.0434,ROTATE2
64.3404,-71.5573,500.1213,0.2457,509.295,0.4441,0.0157,518.6124,97.9299,0.2115,0.000525,0.1218,-0.1564,-0.0398,ROTATE2
79.9473,-44.8803,502.4939,0.2676,510.7895,1.4945,0.0219,513.9204,39.2492,0.2273,0.000803,0.0989,-0.1935,-0.0391,ROTATE2
78.4922,-28.1667,504.392,0.2947,511.2393,0.4498,0.0271,511.033,4.7083,0.2487,0.000942,0.0783,-0.2278,-0.0429,ROTATE2
67.5469,-8.2396,505.9105,0.3227,510.4664,0.773,0.028,510.1283,0.8224,0.2722,0.001113,0.0566,-0.2584,-0.0501,ROTATE2
32.5313,-4.2573,507.1253,0.3375,508.1855,2.2809,0.0148,509.9952,1.2332,0.2937,0.00115,0.0328,-0.2837,-0.0576,ROTATE2
2.3563,-5.7309,508.0971,0.3431,508.1349,0.0506,0.0056,509.7631,1.7735,0.3131,0.000799,0.0076,-0.3045,-0.0613,ROTATE2
-15.3681,-7.0097,508.8746,0.357,509.1548,1.0199,0.0139,509.4362,1.5299,0.331,0.00045,-0.0209,-0.3215,-0.0606,ROTATE2
-31.732,-10.0265,509.4966,0.3784,510.5822,1.4274,0.0214,509.3047,1.125,0.3478,0.000355,-0.0549,-0.3348,-0.0577,ROTATE2
-50.1075,-10.8462,509.9941,0.3937,512.5645,1.9823,0.0153,509.7244,2.8043,0.3619,0.000451,-0.0907,-0.3424,-0.0551,ROTATE2
-57.2266,-6.4676,510.3922,0.3862,513.6311,1.0666,0.0075,510.8135,4.1969,0.3717,0.000354,-0.1249,-0.3427,-0.0538,ROTATE2
-45.7625,2.0541,510.7107,0.3797,512.761,0.8701,0.0065,511.7387,2.6644,0.379,0.000151,-0.1578,-0.3373,-0.0542,ROTATE2
-33.7319,15.8932,510.9654,0.3927,512.3242,0.4368,0.013,512.3726,0.9959,0.3861,4e-05,-0.1917,-0.3268,-0.0553,ROTATE2
-27.2261,24.249,511.1692,0.4064,512.4678,0.1436,0.0136,512.7497,0.2144,0.3917,7.9e-05,-0.2264,-0.3095,-0.0547,ROTATE2
-22.1934,25.8554,511.3323,0.4079,512.4664,0.0014,0.0016,512.7301,0.2232,0.3946,0.000122,-0.2607,-0.2845,-0.05,ROTATE2
-30.4829,33.8843,511.4627,0.4116,513.4895,1.0231,0.0037,512.7018,0.1753,0.3997,0.000141,-0.2966,-0.2551,-0.042,ROTATE2
-46.2675,39.6637,511.567,0.41,515.1842,1.6947,0.0016,513.1864,1.1723,0.4057,4.6e-05,-0.3307,-0.2214,-0.0323,ROTATE2
-69.0453,68.881,511.6505,0.4151,520.8629,5.6786,0.0051,514.8942,9.8928,0.4102,9e-06,-0.3597,-0.1819,-0.0213,ROTATE2
-85.0425,92.7485,511.7173,0.4212,526.9622,6.0993,0.0061,517.793,29.4393,0.4132,2.2e-05,-0.3827,-0.1369,-0.0114,ROTATE2
-100.6184,111.7301,511.7707,0.4299,533.4013,6.4391,0.0087,521.98,54.9575,0.4176,5.3e-05,-0.4012,-0.0859,-0.0037,ROTATE2
-112.6134,139.5403,511.8135,0.4525,542.3157,8.9144,0.0226,527.7452,90.0097,0.4258,0.000223,-0.4159,-0.0283,0.0019,ROTATE2
-114.3814,159.426,511.8477,0.4806,548.1677,5.852,0.028,534.3419,98.3526,0.4399,0.000575,-0.4276,0.036,0.0059,ROTATE2
-106.4551,163.3721,511.875,0.509,547.7583,0.4094,0.0284,539.7211,69.0806,0.4586,0.001055,-0.4346,0.1057,0.0069,ROTATE2
-90.5047,152.4977,511.8969,0.5314,541.7426,6.0157,0.0224,542.6771,28.6018,0.4807,0.001348,-0.4356,0.1777,0.0059,ROTATE2
-66.8069,122.1231,511.9144,0.5438,530.5031,11.2395,0.0124,542.0975,40.699,0.5035,0.001112,-0.4301,0.2456,0.0026,ROTATE2
-54.3393,79.3047,404.0378,0.5515,415.3174,115.1857,0.0077,516.6979,2610.1851,0.5233,0.000663,-0.4169,0.306,-0.0015,ROTATE2
-35.6964,24.1063,271.299,0.5431,274.6971,140.6203,0.0084,462.0037,11133.5391,0.5358,0.000221,-0.3995,0.3512,-0.0068,ROTATE2
-10.7071,-34.6462,140.8204,0.5189,145.4146,129.2825,0.0242,381.535,23233.2852,0.5378,0.00013,-0.38,0.3778,-0.0128,ROTATE2
6.4968,-83.942,29.6626,0.4906,89.2655,56.1491,0.0283,291.0396,26994.8496,0.5296,0.0005,-0.3606,0.3868,-0.016,ROTATE2
18.6506,-121.4036,-62.3168,0.4627,137.7318,48.4663,0.0279,212.4853,14056.167,0.5134,0.001092,-0.3432,0.3814,-0.0157,ROTATE2
19.6017,-148.9697,-152.2534,0.4255,213.9096,76.1778,0.0372,172.2037,4205.7974,0.4882,0.001709,-0.3258,0.3632,-0.0138,ROTATE2
31.4657,-161.6852,-224.2028,0.3947,278.2069,64.2973,0.0308,172.9057,4351.6606,0.4585,0.001971,-0.3093,0.338,-0.009,ROTATE2
40.207,-167.7075,-281.7622,0.3597,330.3518,52.145,0.035,209.8931,7790.2944,0.4266,0.002179,-0.2926,0.3101,-0.0014,ROTATE2
26.0906,-185.5441,-327.8098,0.3304,377.5799,47.2281,0.0293,267.556,7178.8545,0.3946,0.002187,-0.2755,0.2819,0.0069,ROTATE2
-8.6963,-193.9697,-364.6478,0.3028,413.1197,35.5398,0.0276,322.6336,5012.209,0.3626,0.001922,-0.2596,0.2517,0.0151,ROTATE2
-47.5352,-203.6476,-394.1183,0.2749,446.1627,33.043,0.0279,369.0842,3542.2563,0.3325,0.001761,-0.2488,0.2172,0.0225,ROTATE2
-117.3938,-202.6806,-417.6946,0.2446,478.8836,32.7209,0.0303,409.2195,2690.8538,0.3025,0.001632,-0.2395,0.1767,0.0269,ROTATE2
-179.9713,-187.6257,-436.5557,0.2086,508.1082,29.2246,0.036,444.7708,2138.73,0.2723,0.001826,-0.2287,0.1307,0.0314,ROTATE2
-213.0426,-153.9287,-451.6446,0.1838,522.5553,14.4471,0.0248,473.7659,1605.177,0.243,0.001856,-0.2156,0.0785,0.0338,ROTATE2
-235.1529,-98.0992,-463.7156,0.1817,529.1054,6.5501,0.0021,496.963,943.9702,0.2187,0.001304,-0.1988,0.0217,0.0343,ROTATE2
-234.9379,-36.7263,-473.3725,0.1999,529.7416,0.6362,0.0182,513.6788,363.3045,0.2037,0.000518,-0.1761,-0.0384,0.031,ROTATE2
-216.5472,21.144,-481.098,0.2337,528.0105,1.7311,0.0338,523.5042,65.7046,0.2016,0.000359,-0.1473,-0.0979,0.0242,ROTATE2
-185.8065,70.4277,-487.2784,0.2788,526.236,1.7745,0.0451,527.1298,6.645,0.2156,0.001346,-0.1169,-0.1564,0.011,ROTATE2
-160.4015,100.9172,-492.2227,0.3222,527.443,1.207,0.0434,528.1073,1.5239,0.2433,0.002652,-0.0866,-0.2124,-0.0057,ROTATE2
-155.4399,112.9056,-496.1782,0.3505,532.0733,4.6303,0.0283,528.7009,4.1181,0.277,0.003055,-0.0575,-0.2625,-0.0239,ROTATE2
-170.8863,111.0307,-499.3425,0.3634,539.3264,7.2531,0.0129,530.6179,22.807,0.3097,0.002287,-0.031,-0.3025,-0.0387,ROTATE2
-186.0716,100.0433,-501.874,0.3704,544.5262,5.1999,0.007,533.921,49.2253,0.3371,0.00112,-0.0088,-0.3323,-0.0465,ROTATE2
-194.626,81.8909,-503.8992,0.3727,546.3514,1.8251,0.0023,537.944,52.1314,0.3559,0.000343,0.0098,-0.3517,-0.0466,ROTATE2
-182.5883,63.3721,-505.5194,0.3693,541.2064,5.145,0.0034,540.6967,24.6283,0.3653,6.4e-05,0.0273,-0.3609,-0.0405,ROTATE2
-164.0894,43.7383,-506.8155,0.3644,534.5094,6.697,0.0049,541.1839,17.1748,0.3681,1.3e-05,0.0464,-0.3624,-0.0315,ROTATE2
-147.0278,30.1282,-507.8524,0.3563,529.5648,4.9446,0.0081,539.2316,39.674,0.3666,3.4e-05,0.0682,-0.3575,-0.0233,ROTATE2
-135.8879,32.9557,-508.6819,0.3459,527.5499,2.015,0.0104,535.8363,49.8323,0.3617,9.3e-05,0.0944,-0.3456,-0.0184,ROTATE2
-127.154,52.5145,-509.3455,0.3356,527.5972,0.0473,0.0103,532.0856,27.2273,0.3543,0.00015,0.1247,-0.3265,-0.0178,ROTATE2
-115.3201,81.5147,-509.8764,0.3412,529.0721,1.475,0.0056,529.6587,6.5158,0.3487,0.000108,0.1588,-0.3032,-0.0205,ROTATE2
-92.8905,115.3556,-510.3011,0.3558,531.3594,2.2872,0.0146,529.0287,1.9915,0.347,6.6e-05,0.1953,-0.2779,-0.0245,ROTATE2
-56.3467,144.7438,-510.6409,0.369,533.7414,2.382,0.0132,529.864,5.6782,0.3495,0.000139,0.2328,-0.2509,-0.0283,ROTATE2
-6.3399,171.7107,-510.9127,0.3769,539.033,5.2916,0.0079,532.1606,16.1467,0.3557,0.000249,0.2691,-0.2217,-0.031,ROTATE2
43.3187,199.5467,-511.1302,0.3876,550.4084,11.3755,0.0107,536.7228,57.7643,0.3661,0.000263,0.3041,-0.191,-0.0323,ROTATE2
90.155,219.9874,-511.3041,0.4005,563.8743,13.4659,0.0128,543.6833,145.0503,0.378,0.000234,0.3356,-0.1582,-0.0321,ROTATE2
127.0021,236.3461,-511.4433,0.4144,577.5494,13.675,0.0139,552.9213,258.716,0.3897,0.000264,0.3632,-0.1226,-0.0302,ROTATE2
143.2704,252.7613,-511.5546,0.4238,588.3051,10.7557,0.0094,563.834,316.4566,0.4007,0.000291,0.3862,-0.0838,-0.0262,ROTATE2
143.807,267.2715,-511.6437,0.4328,594.8898,6.5847,0.009,575.0054,261.5303,0.4118,0.000261,0.4046,-0.0431,-0.0204,ROTATE2
126.6237,257.3891,-511.715,0.4404,586.6301,8.2596,0.0076,582.2497,115.0748,0.4224,0.000196,0.4174,-0.0014,-0.012,ROTATE2
128.7552,281.5613,-511.772,0.441,598.1348,11.5046,0.0007,589.1018,51.0595,0.4305,0.000103,0.4233,0.042,-0.0019,ROTATE2
129.4104,297.5366,-511.8176,0.4363,605.9969,7.8622,0.0048,594.7913,49.0862,0.4349,3.9e-05,0.4204,0.087,0.011,ROTATE2
123.5502,314.5918,-511.8541,0.4353,613.3737,7.3767,0.0009,599.8051,84.595,0.4372,1e-05,0.4096,0.1328,0.0253,ROTATE2
121.0558,326.9265,-511.8832,0.4384,619.3221,5.9485,0.0031,604.6915,132.0688,0.4383,5e-06,0.3909,0.1785,0.0403,ROTATE2
141.0884,339.4225,-511.9066,0.4186,630.2078,10.8857,0.0198,613.407,121.0815,0.4339,6.3e-05,0.3632,0.2177,0.0568,ROTATE2
107.7926,298.3161,-456.7878,0.4289,556.1177,74.0901,0.0103,605.0036,660.2303,0.4315,5.2e-05,0.3289,0.2583,0.0717,ROTATE2
28.6403,268.1685,-374.5865,0.4003,461.573,94.5446,0.0286,576.1188,3940.1711,0.4243,0.000191,0.2879,0.2906,0.0826,ROTATE2
-9.1034,235.0067,-279.7442,0.3933,365.4694,96.1037,0.0069,526.538,10078.9688,0.4159,0.000287,0.2436,0.3165,0.0893,ROTATE2
-45.1296,171.5647,-157.286,0.4129,237.0865,128.3828,0.0196,450.0909,19269.457,0.4108,0.000162,0.2032,0.3385,0.0921,ROTATE2
-60.4474,80.7206,-44.4788,0.4377,110.2182,126.8683,0.0248,346.093,25068.1523,0.4146,0.00028,0.1729,0.3631,0.0887,ROTATE2
-65.3611,-17.9079,66.8138,0.4468,95.1675,15.0507,0.0091,253.9029,20339.793,0.4182,0.000434,0.1544,0.3786,0.0819,ROTATE2
-75.4888,-114.4295,155.8479,0.4259,207.5602,112.3927,0.0209,203.1004,9563.0459,0.4233,0.000355,0.1434,0.3913,0.0698,ROTATE2
-77.1098,-193.9436,227.0752,0.4017,308.4205,100.8603,0.0241,191.6906,6378.5923,0.425,0.000265,0.143,0.3954,0.0579,ROTATE2
-82.3379,-251.3642,284.0571,0.3844,388.139,79.7185,0.0173,221.9011,12772.1582,0.4193,0.000533,0.1478,0.389,0.0465,ROTATE2
-113.5109,-276.8351,329.6425,0.3547,445.1815,57.0425,0.0297,288.8937,15760.3613,0.4027,0.001024,0.1537,0.3694,0.0371,ROTATE2
-125.0212,-269.1806,366.1109,0.3223,471.3022,26.1206,0.0324,364.1207,9249.8594,0.3778,0.001308,0.1593,0.3393,0.0304,ROTATE2
-109.4326,-241.5414,395.2856,0.2905,475.9921,4.6899,0.0319,417.807,3968.439,0.3507,0.001639,0.1714,0.3013,0.0284,ROTATE2
-83.3148,-206.0331,418.6254,0.2655,473.9601,2.032,0.025,450.9149,1109.8533,0.3235,0.001829,0.1843,0.259,0.0248,ROTATE2
-64.6863,-183.8296,437.2972,0.2421,478.7551,4.795,0.0233,469.0382,148.2531,0.295,0.001601,0.1967,0.2088,0.0195,ROTATE2
-54.2115,-175.3043,452.2346,0.2244,488.0437,9.2886,0.0177,477.6107,33.1803,0.269,0.001205,0.2065,0.1552,0.0122,ROTATE2
-50.8661,-175.0466,464.1846,0.2072,498.6943,10.6506,0.0172,483.0891,84.1118,0.2459,0.000868,0.2111,0.1003,0.0035,ROTATE2
-48.2054,-173.0373,473.7445,0.1948,506.6552,7.961,0.0124,489.2217,147.5022,0.2268,0.000628,0.2087,0.0462,-0.0055,ROTATE2
-43.9424,-164.6267,481.3925,0.1898,510.6581,4.0028,0.005,496.5613,138.953,0.2117,0.000374,0.1985,-0.0061,-0.0129,ROTATE2
-31.2071,-145.7576,487.5109,0.2001,509.7902,0.8679,0.0103,502.7683,72.015,0.2033,0.000145,0.1814,-0.0547,-0.0179,ROTATE2
-13.975,-120.8155,492.4056,0.2138,507.2031,2.5871,0.0137,506.6002,17.9025,0.2011,7.3e-05,0.1589,-0.0997,-0.0207,ROTATE2
9.3294,-95.7899,496.3214,0.2254,505.5667,1.6364,0.0116,507.9747,3.7263,0.2048,0.00017,0.1328,-0.1395,-0.0223,ROTATE2
38.2354,-73.01,499.454,0.2415,506.2082,0.6415,0.0162,507.8853,3.9942,0.2141,0.000333,0.1044,-0.1752,-0.023,ROTATE2
71.0227,-45.7955,501.9601,0.2736,509.024,2.8158,0.0321,507.5584,2.609,0.2309,0.000642,0.0752,-0.2096,-0.0225,ROTATE2
102.1463,-1.727,503.965,0.307,514.2155,5.1915,0.0334,508.4435,9.6928,0.2523,0.001155,0.0437,-0.2418,-0.022,ROTATE2
99.6701,28.759,505.5688,0.3389,516.1018,1.8864,0.0319,510.2232,17.9477,0.2773,0.001734,0.0115,-0.2719,-0.0226,ROTATE2
47.0549,54.0978,506.852,0.3654,511.8981,4.2037,0.0265,511.4895,12.5685,0.3053,0.001963,-0.0192,-0.3006,-0.026,ROTATE2
-44.353,65.947,507.8784,0.3872,514.0591,2.161,0.0218,513.0597,5.8451,0.3344,0.001643,-0.0478,-0.327,-0.034,ROTATE2
-120.1793,65.5701,508.6996,0.3841,526.7996,12.7405,0.0032,516.6149,27.706,0.3565,0.000907,-0.0736,-0.3442,-0.0452,ROTATE2
-126.3809,68.7905,509.3566,0.3642,529.2905,2.4908,0.0198,519.6298,49.5988,0.368,0.000299,-0.096,-0.3492,-0.056,ROTATE2
-101.9079,86.1917,509.8822,0.3771,527.0617,2.2288,0.0128,521.8218,53.3513,0.3756,8.8e-05,-0.1245,-0.3457,-0.0637,ROTATE2
-87.52,107.1221,510.3026,0.4046,528.7189,1.6572,0.0275,525.1859,31.8516,0.3834,0.000174,-0.1646,-0.3327,-0.0647,ROTATE2
-73.7723,122.5633,510.639,0.411,530.2983,1.5794,0.0064,528.4338,1.7689,0.3882,0.000301,-0.2106,-0.3076,-0.0588,ROTATE2
-48.4616,131.8694,510.9081,0.4126,529.8727,0.4255,0.0016,529.0485,1.2712,0.3939,0.000384,-0.2605,-0.274,-0.048,ROTATE2
-30.0693,135.2206,511.1234,0.413,529.562,0.3108,0.0004,529.1027,1.3093,0.4037,0.000186,-0.3118,-0.235,-0.0345,ROTATE2
-22.9523,141.6577,511.2956,0.413,531.0526,1.4907,0.0,529.9009,0.5994,0.4108,1e-05,-0.3538,-0.1871,-0.0204,ROTATE2
-32.1306,160.8355,511.4333,0.4201,537.0889,6.0363,0.0071,531.5749,7.8513,0.414,1e-05,-0.3821,-0.1322,-0.0072,ROTATE2
-54.5545,195.7216,511.5436,0.4309,550.418,13.329,0.0108,535.5988,62.3455,0.4179,5e-05,-0.4016,-0.0744,0.0055,ROTATE2
-68.1717,245.846,511.6317,0.4469,571.7121,21.2941,0.0159,543.9667,246.6,0.4248,0.000165,-0.415,-0.0147,0.0163,ROTATE2
-62.328,287.2581,511.7023,0.4667,590.1196,18.4075,0.0198,556.0782,484.4296,0.4355,0.000373,-0.4235,0.0471,0.0224,ROTATE2
10.6657,288.6658,511.7587,0.5687,587.6553,2.4644,0.102,567.3988,430.4405,0.4667,0.002849,-0.4352,0.1278,0.0151,ROTATE2
16.6857,240.6358,463.1101,0.5969,522.1637,65.4916,0.0282,564.4138,647.0351,0.502,0.004559,-0.4378,0.2133,0.0099,ROTATE2
17.2548,181.468,354.8256,0.5485,398.9105,123.2532,0.0484,534.1122,5167.9443,0.5255,0.003428,-0.4292,0.2822,-0.0002,ROTATE2
6.4789,102.6744,260.0667,0.5021,279.676,119.2344,0.0465,475.705,14421.3486,0.5366,0.002179,-0.4138,0.3312,-0.0135,ROTATE2
-10.0857,15.3864,168.9127,0.4899,169.9117,109.7644,0.0122,391.6634,23442.1348,0.5412,0.001616,-0.3968,0.3653,-0.0247,ROTATE2
-19.4623,-54.4096,75.1895,0.4733,94.8296,75.082,0.0165,293.0983,23666.5508,0.5221,0.002023,-0.3715,0.3659,-0.024,ROTATE2
-26.1855,-90.0308,-17.6171,0.4526,95.4022,0.5726,0.0207,207.746,13704.0889,0.4933,0.001038,-0.3506,0.3459,-0.0261,ROTATE2
-28.9421,-106.6965,-93.5249,0.4263,144.8058,49.4035,0.0264,156.9251,4604.8462,0.4688,0.000728,-0.3366,0.3252,-0.0247,ROTATE2
-28.7756,-120.5604,-152.9668,0.4042,196.8799,52.0741,0.0221,140.3658,1636.3553,0.4493,0.00096,-0.3269,0.3071,-0.0212,ROTATE2
-15.9705,-150.0764,-224.7735,0.3797,270.7418,73.8619,0.0245,160.5318,4454.6729,0.4272,0.001112,-0.3164,0.2861,-0.0176,ROTATE2
-4.0982,-182.9986,-282.2188,0.3636,336.3818,65.6401,0.0162,208.8423,7442.0601,0.4053,0.001015,-0.307,0.2636,-0.0151,ROTATE2
-27.1755,-238.2552,-328.175,0.3406,406.4516,70.0697,0.0229,271.0522,8808.1484,0.3829,0.000901,-0.2979,0.2394,-0.0134,ROTATE2
-56.956,-280.4104,-364.94,0.3118,463.7404,57.2888,0.0288,334.8391,8977.499,0.36,0.00101,-0.2893,0.2126,-0.0097,ROTATE2
-86.2304,-314.3533,-394.352,0.2784,511.6319,47.8914,0.0335,397.7895,7459.3335,0.3348,0.001318,-0.2787,0.1826,-0.0025,ROTATE2
-144.4375,-323.2202,-417.8816,0.2435,547.6846,36.0528,0.0348,453.1781,5656.9248,0.3076,0.00184,-0.2656,0.1494,0.007,ROTATE2
-217.7531,-307.4386,-436.7053,0.2179,576.7551,29.0704,0.0256,501.2527,3671.7368,0.2785,0.001974,-0.25,0.1106,0.0182,ROTATE2
-276.6025,-272.8759,-451.7642,0.209,595.8701,19.115,0.0089,539.1364,2229.5996,0.2521,0.001472,-0.2336,0.0672,0.0306,ROTATE2
-302.9508,-226.8445,-463.8114,0.2083,598.6306,2.7606,0.0007,566.1144,1072.786,0.2314,0.000714,-0.2157,0.0196,0.0408,ROTATE2
-320.8419,-168.9287,-473.4491,0.2183,596.3476,2.283,0.0101,583.0576,374.8542,0.2194,0.000163,-0.1965,-0.0317,0.0462,ROTATE2
-328.1829,-108.3961,-481.1593,0.2345,592.4255,3.9221,0.0162,592.0057,62.0866,0.2176,8.9e-05,-0.1752,-0.0856,0.0458,ROTATE2
-326.9213,-39.6419,-487.3274,0.257,588.1641,4.2614,0.0225,594.2876,13.3148,0.2254,0.000339,-0.1502,-0.1387,0.0396,ROTATE2
-320.4246,29.6365,-492.2619,0.2842,588.1089,0.0552,0.0272,592.7354,18.0398,0.2405,0.00075,-0.1206,-0.1892,0.0272,ROTATE2
-318.3803,86.7967,-496.2095,0.3066,595.9225,7.8136,0.0224,592.1937,12.8271,0.2601,0.001031,-0.0885,-0.2332,0.0108,ROTATE2
-316.9449,116.9092,-499.3676,0.3229,602.9012,6.9787,0.0163,593.5044,30.5882,0.2811,0.001033,-0.0559,-0.2686,-0.0057,ROTATE2
-309.4028,124.4399,-501.8941,0.3307,602.5886,0.3126,0.0078,595.537,42.7283,0.3003,0.000721,-0.0242,-0.2947,-0.0186,ROTATE2
-289.4097,117.78,-503.9153,0.3442,592.9256,9.663,0.0135,596.4894,32.3133,0.3177,0.000428,0.0064,-0.3138,-0.0263,ROTATE2
-263.4778,105.6522,-505.5322,0.3531,579.7808,13.1448,0.0089,594.8237,71.328,0.3315,0.000264,0.0358,-0.3257,-0.0299,ROTATE2
-242.1729,94.5436,-506.8258,0.3551,569.6126,10.1682,0.0021,589.5617,170.5183,0.3412,0.000158,0.0654,-0.331,-0.0298,ROTATE2
-221.1352,89.7036,-507.8606,0.3526,561.1327,8.4799,0.0026,581.2081,226.7883,0.3472,8.2e-05,0.0955,-0.3298,-0.0274,ROTATE2
-196.5956,95.5535,-508.6885,0.3503,553.6644,7.4683,0.0023,571.4232,191.3497,0.3511,1.4e-05,0.1266,-0.3231,-0.0247,ROTATE2
-163.5171,112.6178,-509.3508,0.3442,546.6799,6.9846,0.0061,562.1741,135.7792,0.3511,1.4e-05,0.157,-0.309,-0.0219,ROTATE2
-112.5668,138.488,-509.8806,0.3378,540.2115,6.4683,0.0063,554.2602,107.6217,0.348,3.9e-05,0.1864,-0.2884,-0.0176,ROTATE2
-11.1097,171.406,-510.3045,0.3445,538.4368,1.7748,0.0067,548.025,71.6817,0.3459,2.7e-05,0.2153,-0.2649,-0.0111,ROTATE2
93.5091,208.5311,-510.6436,0.3678,559.4516,21.0148,0.0232,547.6888,63.3198,0.3489,0.000104,0.2464,-0.2405,-0.0032,ROTATE2
177.2042,247.6342,-510.9149,0.3975,594.7756,35.324,0.0297,555.9111,432.0062,0.3583,0.000486,0.281,-0.2141,0.0045,ROTATE2
244.1602,282.0293,-511.1319,0.4202,632.78,38.0044,0.0227,573.1311,1300.2006,0.3736,0.00098,0.318,-0.1846,0.0104,ROTATE2
259.0125,314.5234,-511.3055,0.4335,653.7934,21.0134,0.0133,595.8475,1868.7084,0.3927,0.001078,0.3552,-0.1513,0.0144,ROTATE2
225.6038,297.0625,-511.4444,0.4422,633.0234,20.77,0.0087,614.7648,1128.0544,0.4122,0.000722,0.3894,-0.1112,0.0178,ROTATE2
196.2955,330.85,-511.5555,0.4504,640.0646,7.0412,0.0083,630.8874,384.2218,0.4288,0.000345,0.4165,-0.0652,0.0203,ROTATE2
173.5896,356.3456,-511.6444,0.4621,647.2214,7.1569,0.0117,641.3766,66.7475,0.4417,0.000205,0.4345,-0.0161,0.024,ROTATE2
155.4716,374.0359,-511.7155,0.4828,652.6309,5.4094,0.0206,645.3467,61.5371,0.4542,0.000293,0.4458,0.0361,0.0297,ROTATE2
146.3711,375.9662,-511.7724,0.4993,651.6794,0.9514,0.0165,644.924,55.1097,0.4674,0.000441,0.451,0.0907,0.0353,ROTATE2
150.7,352.7011,-511.8179,0.5002,639.5828,12.0966,0.0009,646.2358,30.7695,0.479,0.000395,0.4479,0.1455,0.0379,ROTATE2
178.3694,308.1296,-511.8543,0.4727,623.5017,16.0811,0.0275,642.9232,115.5475,0.4834,0.000221,0.4329,0.1958,0.038,ROTATE2
245.0924,207.4975,-505.7335,0.442,599.0758,24.4259,0.0307,633.2941,403.6523,0.4794,0.000457,0.407,0.2389,0.0365,ROTATE2
209.4239,122.698,-465.343,0.4464,524.8403,74.2355,0.0044,607.736,2028.101,0.4721,0.000619,0.3728,0.2781,0.037,ROTATE2
178.086,61.2209,-406.8901,0.4284,448.3549,76.4853,0.018,567.0711,5068.7266,0.458,0.000653,0.331,0.3067,0.0401,ROTATE2
151.1782,14.0455,-332.9808,0.4332,365.9622,82.3928,0.0048,512.347,9111.3662,0.4446,0.000238,0.2901,0.328,0.0457,ROTATE2
130.6644,-49.5199,-236.844,0.4435,274.9918,90.9704,0.0103,442.645,13049.4209,0.4387,4.6e-05,0.2572,0.3476,0.052,ROTATE2
120.3503,-115.8597,-155.2752,0.4514,228.0746,46.9172,0.0078,368.4448,11857.7158,0.4406,7.2e-05,0.2332,0.3675,0.0568,ROTATE2
105.8271,-195.0877,-21.8233,0.4276,223.0131,5.0615,0.0238,308.0793,7551.8931,0.4368,8.5e-05,0.2119,0.3768,0.057,ROTATE2
78.1648,-258.4702,84.9382,0.3954,283.0743,60.0612,0.0322,275.0232,2648.7869,0.4302,0.00037,0.1942,0.3796,0.054,ROTATE2
12.4381,-309.1761,170.3475,0.3574,353.2179,70.1435,0.038,272.4744,2211.1917,0.4151,0.001199,0.1789,0.371,0.0491,ROTATE2
-75.6933,-342.9816,238.6749,0.3308,424.6546,71.4367,0.0266,302.4069,5945.7295,0.3925,0.001949,0.1657,0.3529,0.0448,ROTATE2
-136.114,-338.4884,293.3368,0.3021,468.1323,43.4777,0.0287,350.4185,8028.5459,0.3627,0.002,0.1586,0.3224,0.0432,ROTATE2
-180.5287,-319.5782,337.0663,0.275,498.3318,30.1995,0.0271,405.4822,6125.7798,0.3322,0.001762,0.1601,0.2847,0.0417,ROTATE2
-194.423,-297.2688,372.0499,0.2535,514.3833,16.0515,0.0215,451.744,3360.7827,0.3038,0.001393,0.1703,0.2413,0.0384,ROTATE2
-166.8884,-287.1994,400.0368,0.2383,519.9661,5.5828,0.0153,485.0936,1237.9573,0.2799,0.001107,0.1851,0.1952,0.0308,ROTATE2
-143.6982,-292.6689,422.4264,0.234,533.6182,13.6521,0.0043,506.8863,503.3862,0.2606,0.000638,0.2022,0.1447,0.0172,ROTATE2
-124.0273,-307.132,440.338,0.2303,551.0085,17.3903,0.0037,523.4615,317.626,0.2462,0.00027,0.2135,0.0939,-0.0023,ROTATE2
-108.8625,-314.5869,454.6673,0.2246,563.5053,12.4968,0.0057,536.4963,342.1214,0.2361,9.6e-05,0.2173,0.0443,-0.0236,ROTATE2
-95.4087,-301.9851,466.1307,0.223,563.5385,0.0332,0.0016,546.3273,293.9321,0.23,3.3e-05,0.2138,-0.0031,-0.0433,ROTATE2
-82.9989,-278.4975,475.3015,0.2218,557.1006,6.4379,0.0012,553.7543,123.0029,0.2267,2.2e-05,0.2029,-0.048,-0.0581,ROTATE2
-68.8116,-252.6761,482.6381,0.2147,549.1082,7.9925,0.0071,556.8522,36.6303,0.2229,2.5e-05,0.1825,-0.0888,-0.0653,ROTATE2
-43.4805,-222.2378,488.5073,0.2181,538.4418,10.6663,0.0034,554.3389,91.2721,0.2204,1.3e-05,0.1559,-0.1254,-0.0662,ROTATE2
-11.8563,-191.4058,493.2028,0.2334,529.1746,9.2673,0.0153,547.4728,153.9722,0.2222,4e-05,0.1263,-0.1589,-0.0628,ROTATE2
10.6337,-166.8997,496.9591,0.2572,524.3443,4.8303,0.0238,539.6339,147.8879,0.229,0.000238,0.0943,-0.1904,-0.0583,ROTATE2
20.457,-142.9104,499.9642,0.2806,520.3903,3.954,0.0234,532.2918,107.0279,0.2408,0.000621,0.0615,-0.2195,-0.0544,ROTATE2
7.2531,-104.2252,502.3682,0.3132,513.1172,7.273,0.0326,525.0936,72.1891,0.2605,0.001145,0.0307,-0.2478,-0.0567,ROTATE2
-49.1569,-80.7645,504.2915,0.3463,513.0781,0.0391,0.0331,520.0209,39.696,0.2861,0.001599,0.0047,-0.2747,-0.0683,ROTATE2
-119.988,-43.1522,505.8301,0.3553,521.6544,8.5763,0.009,518.5169,21.2097,0.3105,0.001405,-0.0177,-0.2966,-0.083,ROTATE2
-128.4967,11.6188,507.0609,0.3415,523.2181,1.5637,0.0138,518.2916,18.7875,0.3274,0.000745,-0.0394,-0.3096,-0.0939,ROTATE2
-99.3817,76.7576,508.0457,0.3581,523.3344,0.1163,0.0167,518.8805,22.6457,0.3429,0.000257,-0.067,-0.3184,-0.0999,ROTATE2
-72.3866,120.981,508.8334,0.4012,528.0035,4.6691,0.0431,521.8577,23.7848,0.3605,0.000451,-0.1041,-0.3245,-0.0985,ROTATE2
-52.3718,153.5036,509.4636,0.4437,534.6581,6.6547,0.0425,526.1737,22.5111,0.38,0.001415,-0.1534,-0.3258,-0.0909,ROTATE2
-22.1631,177.1779,509.9678,0.4582,540.3243,5.6661,0.0145,529.9076,44.5316,0.4005,0.002094,-0.209,-0.3212,-0.0832,ROTATE2
3.9539,191.9986,510.3711,0.451,545.3052,4.9809,0.0072,534.3251,63.4845,0.4224,0.001426,-0.2642,-0.3104,-0.0816,ROTATE2
26.5631,204.7176,510.6938,0.4558,550.8384,5.5333,0.0048,539.8259,63.6045,0.442,0.00044,-0.3137,-0.2911,-0.0843,ROTATE2
59.8068,214.8678,510.9519,0.4515,557.5095,6.6711,0.0043,545.7271,63.3683,0.452,2.5e-05,-0.3516,-0.2604,-0.0896,ROTATE2
82.9548,206.2443,511.1584,0.4411,557.4057,0.1038,0.0104,550.2766,45.4437,0.4515,3.4e-05,-0.3771,-0.2195,-0.0929,ROTATE2
84.092,177.3423,511.3236,0.428,547.6984,9.7073,0.0131,551.7515,24.7882,0.4455,0.0001,-0.3943,-0.1718,-0.0912,ROTATE2
53.3329,152.0551,511.4558,0.4151,536.2389,11.4595,0.0129,549.9382,61.3173,0.4383,0.000226,-0.4058,-0.1203,-0.0815,ROTATE2
-0.243,151.7534,511.5615,0.414,533.5957,2.6432,0.0011,546.4896,102.6782,0.4299,0.000213,-0.4104,-0.0628,-0.0664,ROTATE2
-34.7444,158.0434,511.6461,0.4971,536.6252,3.0295,0.083,542.3128,80.4058,0.439,0.000939,-0.4196,0.0152,-0.0529,ROTATE2
-82.5549,141.9753,511.7138,0.5316,537.4229,0.7976,0.0345,538.3162,23.6564,0.4571,0.002323,-0.4235,0.1026,-0.0353,ROTATE2
-134.7658,129.4178,452.8304,0.523,489.8634,47.5594,0.0086,526.7492,341.7903,0.4762,0.002658,-0.4201,0.1839,-0.0202,ROTATE2
-154.3845,82.9373,363.6643,0.5013,403.6891,86.1743,0.0217,500.2393,2649.7585,0.4934,0.001742,-0.4136,0.2501,-0.0126,ROTATE2
-140.5233,21.8092,266.1877,0.491,301.7919,101.8972,0.0103,453.8785,8154.1807,0.5088,0.000246,-0.4056,0.302,-0.0131,ROTATE2
-120.553,-48.3182,163.8564,0.4786,209.0852,92.7067,0.0124,388.3705,14478.2324,0.5051,0.000388,-0.3873,0.3231,-0.0129,ROTATE2
-106.5768,-106.7608,67.082,0.4631,165.0954,43.9898,0.0154,313.905,14460.1592,0.4914,0.000412,-0.3706,0.322,-0.0173,ROTATE2
-94.1583,-146.0055,-30.3125,0.4461,176.3583,11.2629,0.017,251.204,8120.2861,0.476,0.000386,-0.3584,0.3124,-0.0216,ROTATE2
-79.8891,-154.0669,-113.5719,0.4301,207.4065,31.0482,0.016,211.9474,2312.5088,0.4618,0.000476,-0.3486,0.3019,-0.0226,ROTATE2
-68.8957,-181.8286,-186.8981,0.4141,269.702,62.2954,0.016,205.5294,1324.03,0.4464,0.000524,-0.34,0.2884,-0.0198,ROTATE2
-58.2322,-193.4316,-246.0748,0.3909,318.3701,48.6682,0.0233,227.3865,3390.377,0.4289,0.000628,-0.33,0.2732,-0.014,ROTATE2
-46.9607,-201.0359,-299.2598,0.3769,363.5618,45.1917,0.0139,267.0797,4747.5283,0.4116,0.000635,-0.3216,0.2563,-0.0058,ROTATE2
-49.4748,-223.4006,-341.8078,0.3541,411.3249,47.7631,0.0228,314.0731,5054.4126,0.3932,0.00072,-0.313,0.2371,0.0032,ROTATE2
-69.0049,-238.1767,-375.8463,0.3261,450.278,38.9531,0.028,362.6474,4129.7554,0.3724,0.000916,-0.3034,0.214,0.0126,ROTATE2
-88.4008,-247.982,-403.077,0.2975,481.4362,31.1583,0.0285,404.9942,3430.8899,0.3491,0.001146,-0.2919,0.1875,0.0222,ROTATE2
-123.3831,-248.7825,-424.8616,0.2644,507.5663,26.13,0.0331,442.8334,2602.5425,0.3238,0.001592,-0.2796,0.1562,0.0312,ROTATE2
-185.2159,-247.0666,-442.2893,0.2316,539.4132,31.847,0.0328,478.0037,1974.3271,0.2948,0.001883,-0.2628,0.1194,0.0394,ROTATE2
-246.7664,-230.6533,-456.2314,0.2057,567.6634,28.2502,0.0259,509.2714,1715.217,0.2651,0.001883,-0.2431,0.0772,0.0463,ROTATE2
-298.4069,-200.0101,-467.3851,0.1956,589.491,21.8276,0.0101,537.114,1530.9967,0.239,0.001423,-0.2219,0.0325,0.0506,ROTATE2
-332.4287,-156.6956,-476.3081,0.1999,601.6077,12.1167,0.0042,561.1483,1165.2327,0.2195,0.000662,-0.2003,-0.0142,0.0527,ROTATE2
-333.5617,-107.319,-483.4465,0.2128,597.0773,4.5304,0.013,579.0505,528.715,0.2091,0.00016,-0.1792,-0.0619,0.0508,ROTATE2
-324.7431,-56.7646,-489.1572,0.2335,589.8771,7.2001,0.0207,589.1432,136.0708,0.2095,0.000177,-0.1597,-0.1084,0.0445,ROTATE2
-308.9914,-8.521,-493.7257,0.2576,582.5061,7.371,0.0241,592.1118,43.7919,0.2199,0.000529,-0.1422,-0.1515,0.0367,ROTATE2
-283.2775,26.5988,-497.3806,0.2768,573.0105,9.4956,0.0192,588.8157,104.526,0.2361,0.000796,-0.1247,-0.1911,0.0275,ROTATE2
-256.0251,50.5353,-500.3045,0.2872,564.2759,8.7346,0.0104,581.3494,136.4937,0.2536,0.000751,-0.1061,-0.225,0.0174,ROTATE2
-228.0326,61.9282,-502.6436,0.2874,555.4138,8.8621,0.0002,573.0167,152.1173,0.2685,0.000425,-0.0864,-0.2508,0.0091,ROTATE2
-201.6604,59.2051,-504.5149,0.2805,546.5413,8.8725,0.0069,564.3495,160.3316,0.2779,0.00012,-0.0652,-0.2676,0.004,ROTATE2
-181.2283,46.7703,-506.0119,0.2711,539.5176,7.0237,0.0093,555.7518,143.8039,0.2806,3.9e-05,-0.0417,-0.2753,0.0018,ROTATE2
-164.3452,26.6288,-507.2095,0.2676,533.8351,5.6824,0.0035,547.9167,118.9113,0.2788,6.6e-05,-0.0158,-0.2757,0.0038,ROTATE2
-141.2137,12.6468,-508.1676,0.2707,527.5752,6.2599,0.003,540.5766,94.2652,0.2755,5.4e-05,0.0136,-0.2713,0.0083,ROTATE2
-109.4928,11.3768,-508.9341,0.2945,520.7034,6.8718,0.0238,533.6345,81.0329,0.2769,9.6e-05,0.0469,-0.2678,0.0135,ROTATE2
-77.9411,25.1514,-509.5473,0.3246,516.0871,4.6163,0.03,527.5437,72.2,0.2857,0.00047,0.0826,-0.2681,0.0165,ROTATE2
-55.0185,46.9211,-510.0378,0.3484,515.1381,0.949,0.0238,522.6678,50.5307,0.3011,0.000975,0.1206,-0.2713,0.0153,ROTATE2
-27.3898,63.5432,-510.4303,0.3696,515.099,0.0391,0.0212,518.9205,23.0043,0.3215,0.001271,0.1601,-0.275,0.0097,ROTATE2
-0.6462,71.9689,-510.7442,0.3816,515.7903,0.6913,0.0121,516.5636,4.4281,0.3437,0.000983,0.1992,-0.276,0.0016,ROTATE2
34.2049,80.2876,-510.9954,0.3931,518.394,2.6037,0.0115,516.1017,1.4572,0.3634,0.000597,0.237,-0.2702,-0.0076,ROTATE2
69.792,95.5332,-511.1963,0.4048,524.7086,6.3146,0.0117,517.826,13.2997,0.3795,0.000379,0.274,-0.2556,-0.0159,ROTATE2
99.9336,116.9297,-511.357,0.4198,533.99,9.2814,0.015,521.5963,49.8939,0.3938,0.000307,0.3105,-0.2333,-0.0222,ROTATE2
123.0157,146.0406,-511.4856,0.4364,545.9655,11.9755,0.0165,527.7697,122.1116,0.4071,0.000374,0.3454,-0.2049,-0.0248,ROTATE2
145.8657,181.245,-511.5885,0.4624,562.0048,16.0393,0.0261,537.0126,242.3877,0.4233,0.000594,0.3802,-0.1733,-0.0239,ROTATE2
158.4363,218.0585,-511.6708,0.4865,578.324,16.3192,0.0241,548.9985,370.7199,0.442,0.000862,0.4142,-0.1389,-0.0192,ROTATE2
144.4865,248.3374,-511.7366,0.4953,586.8749,8.551,0.0087,561.4318,385.0576,0.4601,0.000825,0.4439,-0.102,-0.0107,ROTATE2
126.9736,263.7356,-511.7893,0.4873,589.5821,2.7072,0.008,572.5503,269.315,0.4736,0.000467,0.465,-0.062,0.0008,ROTATE2
117.0164,292.401,-511.8315,0.4677,600.968,11.3859,0.0196,583.5508,168.4675,0.4798,0.000158,0.4745,-0.0193,0.0138,ROTATE2
111.7506,280.0895,-511.8652,0.46,594.0912,6.8768,0.0076,589.9681,56.6601,0.4794,0.000175,0.4726,0.0233,0.0321,ROTATE2
99.1411,298.4935,-511.8922,0.4457,600.8002,6.709,0.0144,594.4633,32.8032,0.4712,0.000325,0.4584,0.0668,0.0485,ROTATE2
86.9691,296.0417,-511.9137,0.4526,597.7123,3.088,0.007,596.6307,18.6998,0.4627,0.000205,0.4378,0.1139,0.0622,ROTATE2
79.4753,275.5052,-511.931,0.4631,586.7646,10.9476,0.0104,596.0673,27.9136,0.4578,6.1e-05,0.4152,0.1614,0.0726,ROTATE2
92.7927,228.3855,-511.9448,0.4659,568.2058,18.5588,0.0028,589.5148,135.4279,0.4575,5.4e-05,0.3917,0.2082,0.0791,ROTATE2
126.9248,154.049,-511.9558,0.4313,549.4904,18.7154,0.0345,580.5947,372.0609,0.4517,0.000156,0.3614,0.2488,0.079,ROTATE2
154.6711,92.1486,-458.2084,0.3966,492.3103,57.1801,0.0348,558.8967,1378.4308,0.4419,0.000661,0.3255,0.2804,0.0801,ROTATE2
107.6056,68.6345,-386.6199,0.3926,407.142,85.1684,0.004,520.7827,4230.3184,0.4299,0.000981,0.2851,0.3037,0.0841,ROTATE2
81.2033,62.6857,-298.3053,0.39,315.4513,91.6907,0.0025,466.52,8847.3496,0.4153,0.000865,0.2416,0.3197,0.0884,ROTATE2
48.4376,37.2861,-193.4723,0.4157,202.899,112.5523,0.0257,393.4586,15340.5879,0.4052,0.000252,0.2033,0.3338,0.0913,ROTATE2
47.3532,-19.6086,-95.7435,0.4426,108.5985,94.3004,0.0269,305.2802,18925.0254,0.4075,0.000389,0.1767,0.3533,0.0892,ROTATE2
66.292,-95.2869,-8.7542,0.4422,116.4081,7.8096,0.0004,230.0998,13411.4063,0.4166,0.000523,0.1595,0.3744,0.0802,ROTATE2
60.6336,-178.6295,95.3935,0.4289,211.388,94.9798,0.0133,190.949,5679.8608,0.4239,0.000384,0.1487,0.3902,0.0626,ROTATE2
58.585,-245.3036,178.7117,0.4115,309.1018,97.7139,0.0173,189.6791,5370.1045,0.4282,0.000167,0.1448,0.3993,0.0432,ROTATE2
65.1586,-298.6429,245.3662,0.3738,391.9666,82.8648,0.0377,227.4926,12089.3369,0.4198,0.000657,0.1403,0.3941,0.0254,ROTATE2
27.8425,-341.3143,298.6899,0.3521,454.4077,62.441,0.0217,296.6544,14776.9043,0.4017,0.001142,0.1387,0.3762,0.0101,ROTATE2
-23.0197,-375.4515,341.3488,0.3189,507.9495,53.5419,0.0332,374.9627,11076.0957,0.3771,0.001578,0.141,0.3484,-0.0024,ROTATE2
-44.197,-402.7612,375.4759,0.2917,552.4058,44.4562,0.0272,443.1663,7370.2358,0.3496,0.001745,0.1487,0.3134,-0.012,ROTATE2
-43.7733,-424.6089,402.7776,0.2652,586.889,34.4832,0.0265,498.7237,4820.1963,0.3203,0.001547,0.1595,0.2717,-0.0224,ROTATE2
-39.8686,-442.0872,424.619,0.241,614.2734,27.3845,0.0242,543.1851,3234.3164,0.2938,0.001528,0.1745,0.2244,-0.0344,ROTATE2
-35.9355,-450.4666,442.0921,0.2279,632.1843,17.9108,0.0131,578.7404,1978.0208,0.2689,0.001098,0.1875,0.1696,-0.0454,ROTATE2
-44.639,-448.6295,456.0706,0.2257,641.2967,9.1124,0.0022,605.4098,1047.1509,0.2503,0.000624,0.1986,0.1116,-0.0559,ROTATE2
-86.3612,-436.1099,467.2533,0.2221,644.9619,3.6652,0.0037,623.921,455.472,0.2364,0.000248,0.2035,0.053,-0.0651,ROTATE2
-114.7546,-421.3723,476.1996,0.2318,646.1341,1.1722,0.0097,635.7701,139.4817,0.2297,4.2e-05,0.2027,-0.0053,-0.0723,ROTATE2
-120.2068,-394.2947,483.3565,0.2332,635.2571,10.877,0.0014,639.9668,29.5008,0.2281,1.6e-05,0.1931,-0.0578,-0.0785,ROTATE2
-118.7186,-356.9264,489.0821,0.2398,617.0023,18.2548,0.0066,636.9304,113.641,0.2305,3.8e-05,0.1759,-0.1026,-0.0848,ROTATE2
-89.4874,-302.6036,493.6626,0.2476,585.9008,31.1016,0.0078,625.8512,507.8848,0.2349,7.3e-05,0.1535,-0.1406,-0.0898,ROTATE2
-40.1618,-233.6266,497.327,0.2558,550.9342,34.9666,0.0082,607.0457,1203.7053,0.2417,8.2e-05,0.1284,-0.1737,-0.0927,ROTATE2
17.8206,-151.9451,500.2585,0.2675,523.1285,27.8057,0.0117,582.4445,1701.3293,0.2488,0.000145,0.0986,-0.201,-0.0946,ROTATE2
73.6033,-76.2467,502.6036,0.2788,513.655,9.4735,0.0114,558.1241,1498.4158,0.2579,0.000193,0.0689,-0.2236,-0.0959,ROTATE2
99.1514,-25.413,504.4798,0.2949,514.7589,1.1039,0.0161,537.6754,763.0486,0.2689,0.00028,0.0393,-0.2424,-0.0986,ROTATE2
81.6086,2.7071,505.9807,0.3065,512.5269,2.232,0.0115,523.0007,209.0539,0.2807,0.000333,0.0098,-0.2572,-0.1032,ROTATE2
52.4369,8.4907,507.1815,0.3208,509.9556,2.5712,0.0143,514.8049,19.8623,0.2937,0.000361,-0.0194,-0.2687,-0.1104,ROTATE2
20.4433,4.9613,508.1421,0.3359,508.5773,1.3783,0.0151,511.8947,5.2933,0.3074,0.000393,-0.0469,-0.2776,-0.1181,ROTATE2
-6.3516,-5.9372,508.9105,0.3538,508.9848,0.4075,0.0179,510.9607,5.4947,0.3224,0.000436,-0.075,-0.2859,-0.1236,ROTATE2
-14.4563,-9.8623,509.5253,0.3754,509.8257,0.8409,0.0216,509.9741,1.8937,0.3385,0.000589,-0.1048,-0.2945,-0.1239,ROTATE2
-10.7088,-1.4492,510.0171,0.3959,510.1316,0.3058,0.0204,509.495,0.3658,0.3564,0.000723,-0.1368,-0.3032,-0.1204,ROTATE2
-11.3327,14.9188,510.4106,0.4114,510.7543,0.6227,0.0155,509.6547,0.6151,0.3745,0.000747,-0.1699,-0.3103,-0.1147,ROTATE2
-12.5349,36.6725,510.7253,0.4265,512.1937,1.4394,0.0151,510.378,1.149,0.3926,0.000662,-0.2037,-0.3149,-0.108,ROTATE2
-14.1654,62.4911,510.9772,0.4333,514.9791,2.7854,0.0068,511.5768,3.5575,0.4085,0.00044,-0.2356,-0.3154,-0.1016,ROTATE2
-21.6073,86.2867,511.1786,0.4292,518.8602,3.8811,0.0041,513.3837,10.2886,0.4192,0.000192,-0.2642,-0.308,-0.0981,ROTATE2
-39.1984,111.2231,511.3398,0.4106,524.7623,5.9021,0.0186,516.3099,25.5051,0.4222,8.8e-05,-0.287,-0.2923,-0.0937,ROTATE2
-49.7556,139.6066,511.4687,0.3945,532.509,7.7468,0.0161,520.6608,52.8839,0.4188,0.000207,-0.3052,-0.2694,-0.0878,ROTATE2
-51.3419,157.8572,511.5719,0.3847,537.8296,5.3206,0.0098,525.788,71.2104,0.4105,0.000358,-0.3191,-0.2405,-0.08,ROTATE2
-36.7611,166.3107,511.6544,0.3677,539.2595,1.4299,0.0171,530.6441,60.5583,0.3973,0.000448,-0.3285,-0.2055,-0.0714,ROTATE2
-17.5338,163.308,511.7204,0.3607,537.4334,1.8261,0.0069,534.3588,28.2063,0.3836,0.000326,-0.3352,-0.1675,-0.0624,ROTATE2
-13.6177,140.9307,511.7732,0.3692,530.9979,6.4355,0.0085,535.6058,10.4916,0.3754,0.000153,-0.3439,-0.1273,-0.0545,ROTATE2
-14.3379,97.5915,511.8154,0.3782,521.2338,9.764,0.009,533.3508,44.7995,0.3721,7.1e-05,-0.3533,-0.0856,-0.0476,ROTATE2
-26.4516,46.9513,511.8492,0.3896,514.6783,6.5555,0.0114,528.7206,89.0813,0.3731,9.9e-05,-0.3623,-0.04,-0.0414,ROTATE2
-38.43,-3.8327,511.8763,0.4054,513.3312,1.3471,0.0158,523.5349,87.343,0.3806,0.000245,-0.3724,0.0073,-0.0343,ROTATE2
-51.2846,-46.9287,463.1042,0.422,468.2925,45.0387,0.0166,509.7067,467.8354,0.3929,0.000358,-0.3822,0.0544,-0.0256,ROTATE2
-56.4558,-84.7148,359.1302,0.4361,373.2805,95.012,0.0141,478.1633,3104.6035,0.4062,0.00044,-0.3895,0.0973,-0.0162,ROTATE2
-43.3834,-134.025,243.5917,0.442,281.3925,91.8881,0.0059,430.195,8176.3838,0.419,0.000375,-0.3944,0.1339,-0.0079,ROTATE2
-25.7474,-188.5231,119.9765,0.4418,224.9405,56.4519,0.0002,372.2474,11816.8594,0.4294,0.000198,-0.3974,0.1603,-0.0022,ROTATE2
-16.5323,-220.081,-2.9938,0.4378,220.7214,4.2192,0.004,313.7255,9003.1455,0.4359,5.4e-05,-0.399,0.175,0.0011,ROTATE2
4.1648,-243.8211,-104.7951,0.4165,265.4205,44.6992,0.0213,273.1511,3045.3445,0.4348,8.9e-05,-0.3951,0.1815,0.0023,ROTATE2
24.2881,-256.1819,-186.2361,0.3906,317.6522,52.2317,0.0259,262.0254,1312.4519,0.4257,0.000397,-0.3869,0.1776,0.0017,ROTATE2
25.4961,-288.1455,-251.3889,0.3444,383.2417,65.5895,0.0462,282.3953,3761.1831,0.4062,0.001286,-0.3716,0.1632,0.0029,ROTATE2
22.5938,-319.4789,-303.5111,0.2901,441.2439,58.0022,0.0543,325.6559,6276.0664,0.3759,0.002809,-0.3478,0.1397,0.0069,ROTATE2
13.0125,-348.6581,-345.2089,0.2418,490.8166,49.5727,0.0483,379.675,6611.3657,0.3367,0.004102,-0.3157,0.1089,0.0134,ROTATE2
-5.4119,-364.9015,-378.5671,0.2005,525.8283,35.0117,0.0413,431.7565,5560.2183,0.2935,0.004669,-0.2796,0.07,0.0216,ROTATE2
-36.3764,-369.3087,-405.2537,0.1749,549.4931,23.6648,0.0256,478.1248,3578.6274,0.2504,0.003735,-0.2392,0.0279,0.0314,ROTATE2
-60.2011,-357.2907,-426.6029,0.1635,559.7061,10.213,0.0114,513.4176,1863.5875,0.2142,0.002165,-0.1978,-0.0149,0.0404,ROTATE2
-88.8484,-331.5951,-443.6823,0.1669,560.9843,1.2782,0.0034,537.3657,700.787,0.1895,0.000852,-0.1569,-0.0567,0.0472,ROTATE2
-105.56,-290.8886,-457.3459,0.1817,552.1995,8.7848,0.0148,549.6423,160.7179,0.1775,0.000173,-0.116,-0.0962,0.0507,ROTATE2
-126.3761,-240.3546,-468.2767,0.2079,541.3173,10.8823,0.0262,552.7401,51.5618,0.179,0.000249,-0.0756,-0.134,0.0503,ROTATE2
-143.8634,-179.2399,-477.0214,0.2372,529.5026,11.8146,0.0293,548.742,141.4642,0.1914,0.000769,-0.0358,-0.1688,0.0463,ROTATE2
-164.797,-115.5451,-484.0171,0.2593,524.1958,5.3068,0.0221,541.64,187.4852,0.2106,0.001165,0.001,-0.1988,0.0398,ROTATE2
-176.7782,-54.9111,-489.6137,0.2717,523.438,0.7578,0.0124,534.1307,122.5169,0.2316,0.00109,0.0347,-0.2222,0.0329,ROTATE2
-168.7882,-1.8351,-494.0909,0.2785,522.129,1.309,0.0068,528.1165,49.8585,0.2509,0.00066,0.0652,-0.2382,0.0265,ROTATE2
-148.7368,39.785,-497.6728,0.2872,520.9449,1.184,0.0088,524.0421,8.6917,0.2668,0.000302,0.094,-0.2462,0.0211,ROTATE2
-127.9832,68.0812,-500.5382,0.2968,521.1077,0.1628,0.0096,522.3631,1.6312,0.2787,0.000166,0.1225,-0.2465,0.0159,ROTATE2
-121.6116,90.9118,-502.8306,0.3112,525.2551,4.1473,0.0144,522.5749,2.5873,0.2891,0.000194,0.153,-0.2408,0.0106,ROTATE2
-131.9017,111.0419,-504.6645,0.3238,533.3054,8.0503,0.0126,524.5485,21.5721,0.2995,0.000265,0.1854,-0.2297,0.0046,ROTATE2
-149.0839,129.9648,-506.1316,0.3297,543.4023,10.0969,0.0059,528.8031,73.3929,0.3097,0.000254,0.2171,-0.2153,0.0008,ROTATE2
-143.1609,153.475,-507.3052,0.3336,549.0066,5.6043,0.0039,534.4154,111.181,0.319,0.000181,0.2465,-0.1966,-0.0003,ROTATE2
-126.5975,177.2581,-508.2442,0.3349,552.9553,3.9487,0.0013,540.7849,103.9368,0.3267,7.5e-05,0.2726,-0.1729,0.002,ROTATE2
-83.7748,195.919,-508.9954,0.3336,551.796,1.1593,0.0013,546.0931,51.7734,0.3311,1.7e-05,0.2934,-0.1442,0.0076,ROTATE2
-26.9199,211.0321,-509.5963,0.3386,552.2206,0.4246,0.005,549.8761,12.266,0.3341,8e-06,0.3097,-0.1101,0.0155,ROTATE2
43.4579,221.5975,-510.077,0.3537,557.8285,5.6079,0.0151,552.7614,8.2072,0.3389,5.8e-05,0.3247,-0.0726,0.023,ROTATE2
125.2725,241.3593,-510.4616,0.3614,578.3758,20.5473,0.0077,558.6352,102.1052,0.3444,0.000123,0.3362,-0.0341,0.0316,ROTATE2
202.6149,251.9843,-510.7693,0.3887,604.5115,26.1357,0.0273,568.9464,410.2573,0.3552,0.000382,0.3483,0.0059,0.0398,ROTATE2
250.9732,262.6781,-511.0154,0.4156,626.9961,22.4846,0.0269,583.9865,799.179,0.3716,0.000749,0.3618,0.0472,0.046,ROTATE2
274.6692,260.2769,-511.2123,0.4315,636.023,9.0269,0.0159,600.7469,858.0104,0.3902,0.000902,0.3733,0.0868,0.0509,ROTATE2
279.6885,252.5465,-511.3699,0.4421,635.22,0.803,0.0106,616.2252,487.7116,0.4079,0.000863,0.3805,0.1265,0.0534,ROTATE2
261.807,241.3247,-511.4959,0.4557,623.2244,11.9957,0.0136,625.1949,130.5365,0.4267,0.000534,0.3856,0.167,0.0539,ROTATE2
238.28,241.5785,-511.5967,0.4678,613.8964,9.328,0.012,627.072,66.9837,0.4425,0.000331,0.3843,0.2059,0.0561,ROTATE2
217.2646,257.2847,-511.6774,0.4665,612.5464,1.35,0.0013,624.182,100.8293,0.4527,0.000198,0.3742,0.2417,0.0609,ROTATE2
195.2555,285.0715,-511.7419,0.4557,617.4708,4.9244,0.0108,620.4716,68.0283,0.4576,8.6e-05,0.3562,0.2736,0.0677,ROTATE2
146.62,327.0634,-511.7935,0.437,624.8204,7.3495,0.0187,618.3917,23.9813,0.4565,0.000122,0.3304,0.3003,0.0762,ROTATE2
75.6085,364.0476,-497.2036,0.4175,620.8532,3.9672,0.0195,617.9174,20.2972,0.4489,0.000368,0.296,0.3214,0.0836,ROTATE2
-16.707,386.5788,-398.8035,0.4077,555.6676,65.1856,0.0098,606.2717,656.4481,0.4369,0.000492,0.2555,0.3378,0.0874,ROTATE2
-101.6687,358.4099,-224.3428,0.4138,434.8838,120.7838,0.0061,570.7391,5260.7773,0.4264,0.000312,0.2161,0.3517,0.089,ROTATE2
-183.735,314.4248,-77.0774,0.4271,372.2397,62.644,0.0133,521.693,10298.8799,0.4206,0.000107,0.1824,0.3652,0.0889,ROTATE2
-249.388,223.4742,40.735,0.4357,337.3343,34.9055,0.0086,464.1957,11663.5176,0.4204,9.8e-05,0.1545,0.3794,0.0868,ROTATE2
-301.9104,90.7762,134.9849,0.3914,342.9448,5.6105,0.0443,408.6141,6606.2393,0.4151,0.000237,0.1363,0.3824,0.0841,ROTATE2
-343.9283,-29.779,210.3848,0.3726,404.2712,61.3264,0.0187,378.3348,1368.2257,0.4081,0.000538,0.1297,0.3776,0.0833,ROTATE2
-377.5427,-126.2232,270.7047,0.3592,481.4061,77.1349,0.0134,387.6392,2766.8337,0.3972,0.000891,0.1325,0.364,0.0837,ROTATE2
-284.3654,-203.3786,318.9606,0.3187,473.2467,8.1594,0.0405,407.8406,3777.0364,0.3755,0.001474,0.1414,0.3334,0.0867,ROTATE2
-186.0361,-265.1029,357.5654,0.3334,482.4333,9.1867,0.0147,436.8604,3053.4746,0.3551,0.000687,0.1623,0.2985,0.0848,ROTATE2
-180.4726,-314.4823,388.4492,0.32,531.3777,48.9443,0.0134,474.547,1655.8691,0.3408,0.000466,0.188,0.2656,0.077,ROTATE2
-171.0468,-353.9858,413.1562,0.2909,570.3167,38.939,0.0291,507.756,1399.6536,0.3244,0.000494,0.2114,0.2277,0.0619,ROTATE2
-186.1812,-385.5887,432.9219,0.2662,608.9034,38.5868,0.0247,533.2556,2656.7231,0.3058,0.000583,0.2293,0.1851,0.04,ROTATE2
-225.4294,-410.8709,448.7344,0.2279,648.8419,39.9385,0.0383,568.3746,3375.2036,0.2877,0.001435,0.238,0.1443,0.0139,ROTATE2
-264.9247,-431.0967,461.3844,0.1949,684.7665,35.9246,0.033,608.8412,2969.8892,0.26,0.001972,0.2317,0.0942,-0.0063,ROTATE2
-288.5961,-447.2774,471.5044,0.1695,711.0986,26.3321,0.0254,644.7855,2569.0979,0.2299,0.001984,0.214,0.0433,-0.0199,ROTATE2
-283.5706,-444.8594,479.6004,0.1547,712.9718,1.8732,0.0148,673.3165,1575.8353,0.2026,0.001628,0.189,-0.0032,-0.0282,ROTATE2
-244.9159,-419.1969,486.0772,0.1532,687.0087,25.9631,0.0015,688.9375,539.5068,0.18,0.000797,0.1575,-0.0463,-0.032,ROTATE2
-175.9202,-378.3419,491.2587,0.1631,644.5352,42.4735,0.0099,688.0762,611.5474,0.1671,0.000228,0.1237,-0.0839,-0.0339,ROTATE2
-188.258,-354.8829,495.4038,0.1818,637.8149,6.7202,0.0187,678.6859,1026.4163,0.1645,0.00011,0.0937,-0.1112,-0.0467,ROTATE2
-176.2127,-331.697,498.7199,0.1834,624.3359,13.479,0.0016,661.3333,1105.9709,0.1672,0.000169,0.0662,-0.1325,-0.058,ROTATE2
-149.5358,-310.1357,501.3728,0.2023,608.2103,16.1256,0.0189,640.381,698.0754,0.1768,0.000293,0.0378,-0.1527,-0.0671,ROTATE2
-114.1817,-288.9336,503.4951,0.2374,591.6312,16.5792,0.0351,621.3055,374.6824,0.1936,0.000634,0.0092,-0.1727,-0.0746,ROTATE2
-79.0329,-272.3781,505.193,0.2769,579.3583,12.2729,0.0395,608.2701,448.752,0.2164,0.001316,-0.0192,-0.193,-0.0828,ROTATE2
-74.2513,-263.915,506.5513,0.3081,575.9849,3.3734,0.0312,595.9041,329.7222,0.2416,0.002123,-0.0517,-0.2171,-0.0811,ROTATE2
-74.5042,-251.0164,507.6379,0.3341,571.1885,4.7963,0.0259,585.2746,177.2345,0.2718,0.002246,-0.0849,-0.2426,-0.0812,ROTATE2
-51.5815,-241.685,508.5072,0.3516,565.3776,5.8109,0.0175,576.7081,77.8179,0.3016,0.001665,-0.1152,-0.2648,-0.0824,ROTATE2
-23.7808,-227.1324,509.2026,0.3672,558.0699,7.3077,0.0156,569.9958,57.7005,0.3276,0.001027,-0.1423,-0.2815,-0.0847,ROTATE2
5.716,-214.2778,509.759,0.3814,552.9935,5.0764,0.0142,564.7228,70.1811,0.3485,0.000656,-0.1675,-0.2921,-0.0867,ROTATE2
42.3447,-195.2316,510.2041,0.3895,547.9203,5.0732,0.0081,559.11,69.7754,0.3647,0.000402,-0.19,-0.2979,-0.0869,ROTATE2
92.9132,-173.554,510.5602,0.3894,547.1979,0.7224,0.0001,554.3119,45.9544,0.3758,0.000213,-0.2111,-0.2976,-0.0861,ROTATE2
124.1118,-153.1745,510.845,0.3837,547.5663,0.3683,0.0057,550.7496,17.8749,0.3822,6.7e-05,-0.2297,-0.2921,-0.085,ROTATE2
142.2895,-135.3958,511.0729,0.3795,547.5161,0.0502,0.0042,548.6388,4.7934,0.3847,1.7e-05,-0.2475,-0.2812,-0.0821,ROTATE2
158.341,-118.0479,511.2552,0.3792,548.0776,0.5616,0.0003,547.6556,0.097,0.3842,2e-05,-0.2639,-0.2662,-0.0769,ROTATE2
169.4259,-102.0227,511.4011,0.3811,548.3109,0.2332,0.002,547.7338,0.1628,0.3826,1.4e-05,-0.2808,-0.2471,-0.0702,ROTATE2
176.1313,-86.2525,511.5177,0.3805,547.8249,0.486,0.0006,547.8591,0.0913,0.3808,3e-06,-0.2975,-0.225,-0.0629,ROTATE2
177.1019,-69.1927,511.6111,0.3752,545.8009,2.024,0.0054,547.506,0.7967,0.3791,4e-06,-0.314,-0.1999,-0.0551,ROTATE2
178.3472,-43.6948,511.6858,0.375,543.6353,2.1656,0.0002,546.7299,3.1909,0.3782,7e-06,-0.3302,-0.1716,-0.0458,ROTATE2
184.0371,-15.2058,511.7455,0.3815,544.0444,0.4091,0.0065,545.9232,3.6194,0.3787,9e-06,-0.3461,-0.1378,-0.0382,ROTATE2
180.3484,7.1604,511.7933,0.3965,542.687,1.3574,0.015,544.7985,3.3088,0.3817,6.2e-05,-0.3618,-0.0991,-0.0313,ROTATE2
172.185,24.0158,511.8315,0.4159,540.5515,2.1355,0.0194,543.3438,2.9683,0.3888,0.000245,-0.3777,-0.0558,-0.0237,ROTATE2
157.6543,33.0345,511.8621,0.4375,536.6088,3.9427,0.0216,541.5054,7.4532,0.4013,0.000526,-0.3944,-0.0089,-0.0149,ROTATE2
139.9828,31.3495,449.5147,0.4573,471.8489,64.7598,0.0199,527.1481,770.819,0.4177,0.000745,-0.4102,0.0389,-0.0077,ROTATE2
125.2456,9.3452,344.4024,0.4712,366.588,105.2609,0.0139,491.6568,4610.0,0.4357,0.000733,-0.4238,0.0821,0.0007,ROTATE2
121.2402,-33.5207,213.2188,0.4769,247.5582,119.0298,0.0056,432.6311,12521.9717,0.4518,0.000507,-0.4338,0.118,0.0083,ROTATE2
115.6641,-86.4634,83.6782,0.4697,166.9016,80.6567,0.0072,357.9011,18730.4727,0.4625,0.000198,-0.4387,0.1435,0.0141,ROTATE2
102.6406,-136.5989,-33.0075,0.4542,174.0226,7.121,0.0155,285.3839,13846.7031,0.4659,7.5e-05,-0.438,0.1571,0.0184,ROTATE2
87.4625,-180.8041,-128.806,0.4271,238.6017,64.5792,0.0271,238.7345,5154.4014,0.4598,0.000324,-0.4304,0.1602,0.022,ROTATE2
75.2981,-227.0745,-205.4448,0.3869,315.3414,76.7397,0.0402,228.4851,2953.7703,0.443,0.001077,-0.4148,0.1532,0.0252,ROTATE2
61.9698,-276.3815,-266.7558,0.3541,389.0831,73.7417,0.0329,256.7901,7238.1851,0.4184,0.001824,-0.3934,0.1379,0.0306,ROTATE2
54.4446,-298.1052,-315.8047,0.3237,437.6797,48.5966,0.0304,310.9457,9233.5752,0.3892,0.00224,-0.3686,0.1164,0.0361,ROTATE2
10.6244,-308.6779,-355.0437,0.2844,470.5858,32.9061,0.0393,370.2584,7062.9868,0.3553,0.002438,-0.3396,0.09,0.0403,ROTATE2
-51.2255,-310.6423,-386.435,0.2467,498.4523,27.8665,0.0377,422.2285,4182.1396,0.3192,0.002458,-0.3081,0.0586,0.0438,ROTATE2
-105.471,-302.5701,-411.548,0.208,521.5789,23.1266,0.0387,463.476,2169.9187,0.2834,0.00273,-0.2745,0.026,0.0472,ROTATE2
-144.1737,-285.9061,-431.6384,0.1799,537.4384,15.8595,0.0281,493.147,1276.7761,0.2485,0.002658,-0.2372,-0.007,0.0499,ROTATE2
-146.0796,-247.8311,-447.7107,0.1675,532.1696,5.2689,0.0124,512.045,608.8694,0.2173,0.001867,-0.1961,-0.0407,0.0539,ROTATE2
-126.4855,-204.2243,-460.5686,0.1539,519.4512,12.7183,0.0136,521.8181,180.5533,0.1912,0.001089,-0.1502,-0.073,0.0565,ROTATE2
-137.3291,-153.7201,-470.8549,0.161,513.9975,5.4537,0.0071,524.9271,73.9276,0.174,0.000362,-0.1026,-0.1023,0.0561,ROTATE2
-149.9789,-92.5135,-479.0839,0.1808,510.4643,3.5332,0.0199,522.7042,108.5788,0.1686,0.000111,-0.0557,-0.1288,0.0527,ROTATE2
-154.6331,-33.1952,-485.6671,0.21,510.7699,0.3056,0.0292,517.3705,65.1965,0.1746,0.000392,-0.0115,-0.1534,0.0458,ROTATE2
-155.2283,21.4313,-490.9337,0.239,515.3358,4.5659,0.029,514.0037,10.8871,0.1889,0.001006,0.0302,-0.1751,0.0363,ROTATE2
-157.6577,59.2513,-495.1469,0.2596,523.0078,7.672,0.0206,514.715,20.6607,0.2101,0.001312,0.0651,-0.1938,0.0271,ROTATE2
-173.673,80.201,-498.5175,0.2786,533.9609,10.9531,0.019,518.7077,78.697,0.2336,0.001215,0.0979,-0.2085,0.0187,ROTATE2
-201.6728,87.4671,-501.2141,0.2917,547.3006,13.3397,0.0131,526.075,174.3398,0.2558,0.000841,0.1292,-0.2174,0.0113,ROTATE2
-229.1132,90.8049,-503.3712,0.2986,560.465,13.1644,0.0069,536.014,265.2407,0.2735,0.000474,0.1599,-0.218,0.0055,ROTATE2
-237.8906,97.7721,-505.097,0.306,566.8106,6.3456,0.0073,546.309,263.4225,0.2869,0.000268,0.1896,-0.2106,0.0016,ROTATE2
-223.0844,121.6333,-506.4776,0.3178,566.64,0.1707,0.0118,555.0354,161.3524,0.2986,0.000174,0.22,-0.1962,0.0003,ROTATE2
-206.8394,153.9848,-507.5821,0.3244,569.3271,2.6872,0.0066,562.1086,63.3456,0.3077,0.000145,0.2479,-0.1759,0.0007,ROTATE2
-182.3684,187.2628,-508.4657,0.3427,571.7192,2.3921,0.0183,566.9924,14.1116,0.3179,0.000234,0.2746,-0.1528,0.0022,ROTATE2
-149.1259,219.7102,-509.1725,0.3533,574.2542,2.5349,0.0106,569.7502,8.5313,0.3288,0.000291,0.2994,-0.1269,0.0037,ROTATE2
-108.1664,245.0869,-509.738,0.3636,575.8476,1.5934,0.0103,571.5576,10.9719,0.3404,0.000295,0.3222,-0.0972,0.0042,ROTATE2
-65.0487,266.054,-510.1904,0.3735,579.0599,3.2123,0.0099,574.0416,11.2219,0.3515,0.000289,0.3415,-0.0636,0.0044,ROTATE2
-27.7702,283.1088,-510.5523,0.3859,584.4531,5.3932,0.0123,577.0668,19.3048,0.3638,0.000227,0.3582,-0.0278,0.0053,ROTATE2
4.4526,304.4683,-510.8419,0.3942,594.7101,10.257,0.0083,581.665,54.6998,0.3741,0.000216,0.3693,0.0115,0.0076,ROTATE2
37.6277,340.4996,-511.0735,0.4021,615.2657,20.5556,0.008,589.8673,202.24,0.3839,0.000192,0.3757,0.0525,0.0116,ROTATE2
60.9303,374.7966,-511.2588,0.4166,636.8442,21.5784,0.0145,602.0666,455.4717,0.3944,0.000212,0.3781,0.0945,0.0177,ROTATE2
88.6317,402.2342,-511.407,0.4339,656.6469,19.8027,0.0173,617.584,704.6207,0.4065,0.000291,0.3767,0.1375,0.0265,ROTATE2
120.9679,424.1842,-511.5256,0.4474,675.4435,18.7966,0.0135,635.7821,823.4635,0.4188,0.000388,0.3701,0.182,0.0357,ROTATE2
133.2618,441.7443,-511.6205,0.4605,688.9501,13.5067,0.0131,654.6301,696.204,0.4321,0.000437,0.3591,0.2268,0.0449,ROTATE2
148.0188,455.7923,-511.6964,0.4685,701.063,12.1129,0.008,671.7896,523.051,0.4454,0.000345,0.3429,0.2708,0.0543,ROTATE2
158.5276,443.2151,-511.7571,0.4645,695.3172,5.7458,0.004,683.4841,252.7617,0.455,0.000161,0.3173,0.3122,0.0624,ROTATE2
174.3408,398.1846,-511.8057,0.4791,671.484,23.8332,0.0146,686.4515,128.7087,0.464,0.000107,0.2862,0.3508,0.071,ROTATE2
228.3695,307.5102,-509.9539,0.4922,637.7838,33.7002,0.0132,678.9196,521.4532,0.473,0.000131,0.2532,0.3844,0.0824,ROTATE2
173.5362,227.0331,-465.2101,0.4641,545.9664,91.8174,0.0282,650.3229,3218.8713,0.4737,0.000116,0.214,0.4076,0.0904,ROTATE2
113.6321,158.5984,-371.8024,0.4195,419.8842,126.0822,0.0446,594.0871,10161.8936,0.4639,0.000602,0.1688,0.4167,0.0961,ROTATE2
63.9369,112.6818,-248.0763,0.4034,279.8696,140.0146,0.016,510.9976,20955.0508,0.4517,0.001183,0.1261,0.4174,0.1009,ROTATE2
4.7589,80.383,-114.6736,0.4103,140.1217,139.7479,0.0069,404.7252,32019.8223,0.4379,0.001185,0.0894,0.4127,0.1025,ROTATE2
-98.5929,44.6533,10.658,0.4306,108.7569,31.3648,0.0202,298.9198,27481.2129,0.4256,0.000453,0.0584,0.4082,0.0985,ROTATE2
-181.2743,-15.318,110.9233,0.4384,213.0704,104.3135,0.0078,232.3405,12316.043,0.4204,0.000163,0.0413,0.4067,0.0967,ROTATE2
-241.0382,-97.0169,191.1355,0.43,322.5593,109.4889,0.0084,212.8756,6530.5151,0.4225,0.000177,0.0422,0.4095,0.0934,ROTATE2
-290.0524,-178.8198,255.3053,0.4144,425.779,103.2197,0.0156,242.0574,13846.8643,0.4247,0.000112,0.0566,0.4105,0.0874,ROTATE2
-308.6201,-245.4558,306.6411,0.3878,499.5235,73.7445,0.0266,313.9378,19859.6523,0.4202,0.000323,0.0765,0.4034,0.0795,ROTATE2
-300.4648,-286.5459,347.7098,0.3509,541.5623,42.0388,0.0369,400.4989,14309.5732,0.4043,0.00101,0.1003,0.3818,0.074,ROTATE2
-275.3531,-303.5274,380.5647,0.3172,559.2653,17.703,0.0337,469.7379,7531.0049,0.3801,0.001707,0.1243,0.3489,0.0691,ROTATE2
-227.0794,-300.2657,406.8486,0.2909,554.3016,4.9637,0.0263,516.0864,2480.7219,0.3522,0.002024,0.1469,0.308,0.0664,ROTATE2
-185.5104,-288.0782,427.8758,0.2722,548.1613,6.1403,0.0187,540.5629,456.3006,0.3238,0.001724,0.1681,0.2609,0.0655,ROTATE2
-170.6333,-279.0813,444.6975,0.2507,552.0489,3.8876,0.0215,551.0679,35.4843,0.2964,0.001221,0.1872,0.2098,0.0622,ROTATE2
-168.241,-281.4056,458.1549,0.2277,563.3828,11.3339,0.023,555.432,28.699,0.2717,0.000963,0.2019,0.157,0.0539,ROTATE2
-183.1991,-293.3183,468.9208,0.2112,582.6528,19.27,0.0166,560.1095,152.0754,0.2505,0.000834,0.2109,0.1036,0.0408,ROTATE2
-205.078,-321.3546,477.5335,0.2032,611.0352,28.3824,0.008,571.4562,535.2676,0.233,0.000649,0.2122,0.0503,0.024,ROTATE2
-225.328,-354.4931,484.4237,0.2072,641.1742,30.139,0.004,590.0588,1052.8015,0.22,0.000305,0.2054,-0.0025,0.0059,ROTATE2
-240.2906,-382.2132,489.9359,0.2239,666.2309,25.0567,0.0167,612.8951,1402.7888,0.2146,9.1e-05,0.1921,-0.0549,-0.0104,ROTATE2
-265.5387,-396.6862,494.3456,0.2438,687.2032,20.9724,0.0199,637.6593,1403.5706,0.2179,0.000217,0.1738,-0.1046,-0.0245,ROTATE2
-294.0372,-403.9709,497.8734,0.2603,705.3568,18.1535,0.0165,662.2,1112.767,0.2277,0.000471,0.1513,-0.1502,-0.0367,ROTATE2
-311.2079,-394.2642,500.6956,0.2688,709.2183,3.8616,0.0085,681.8366,645.7452,0.2408,0.000517,0.1251,-0.1897,-0.0464,ROTATE2
-302.3226,-369.7738,502.9533,0.2682,693.6092,15.6091,0.0006,692.3236,232.7989,0.253,0.000293,0.0953,-0.2207,-0.0533,ROTATE2
-261.0268,-325.2316,504.7596,0.271,654.7463,38.8629,0.0028,690.0267,373.7678,0.2624,0.0001,0.0631,-0.2426,-0.0571,ROTATE2
-201.6277,-265.9978,506.2045,0.286,606.3428,48.4036,0.015,673.8546,1511.239,0.2709,7e-05,0.0286,-0.258,-0.0581,ROTATE2
-162.3209,-200.5138,507.3605,0.3125,569.1824,37.1604,0.0265,646.6198,2762.2827,0.2813,0.000286,-0.0074,-0.2707,-0.0568,ROTATE2
-158.4286,-138.5298,508.2853,0.3438,550.1309,19.0515,0.0313,614.8023,2828.2363,0.2963,0.00081,-0.0421,-0.2841,-0.0563,ROTATE2
-177.1023,-75.8145,509.0251,0.3643,544.2606,5.8703,0.0205,584.9326,1689.158,0.3155,0.001207,-0.077,-0.2973,-0.0581,ROTATE2
-182.6349,-15.5422,509.617,0.3669,541.5778,2.6828,0.0027,562.299,578.0095,0.3347,0.000972,-0.1081,-0.3087,-0.0616,ROTATE2
-174.1017,31.9319,510.0905,0.3659,539.929,1.6488,0.001,549.0161,113.6878,0.3507,0.000436,-0.1364,-0.3145,-0.0662,ROTATE2
-179.9751,71.3892,510.4692,0.3681,545.9545,6.0255,0.0023,544.3706,12.6459,0.3618,8.3e-05,-0.161,-0.314,-0.0723,ROTATE2
-191.8988,97.227,510.7723,0.3782,554.2261,8.2716,0.01,545.1896,24.7649,0.3687,2.4e-05,-0.1858,-0.3066,-0.0784,ROTATE2
-191.9409,107.9879,511.0147,0.3915,556.4519,2.2258,0.0133,547.6279,44.0151,0.3741,9.5e-05,-0.2095,-0.2959,-0.0832,ROTATE2
-166.7996,98.6559,511.2086,0.4027,546.7078,9.7441,0.0112,548.6539,35.8112,0.3813,0.000197,-0.2363,-0.2827,-0.0884,ROTATE2
-131.6428,83.5279,511.3638,0.4065,534.6024,12.1054,0.0038,547.5885,58.9406,0.3894,0.00021,-0.2634,-0.2677,-0.0927,ROTATE2
-99.3549,71.741,511.4879,0.4101,525.9639,8.6384,0.0036,543.5904,135.9463,0.3978,0.000135,-0.2912,-0.2495,-0.0948,ROTATE2
-74.3527,65.5647,511.5872,0.416,521.1032,4.8607,0.0059,536.9658,170.5726,0.4054,6.7e-05,-0.3181,-0.2275,-0.0942,ROTATE2
-59.5384,66.833,511.6667,0.4271,519.4365,1.6667,0.0111,529.5627,101.2812,0.4125,7.2e-05,-0.3437,-0.2016,-0.0923,ROTATE2
-49.6057,67.9008,511.7302,0.4398,518.5933,0.8431,0.0127,523.9399,34.9397,0.4199,0.000147,-0.3684,-0.1728,-0.0884,ROTATE2
-41.2158,65.655,511.7811,0.4504,517.6188,0.9745,0.0106,520.5432,8.6554,0.4287,0.00022,-0.3921,-0.1412,-0.0843,ROTATE2
-37.1414,60.3146,511.8217,0.4585,516.7,0.9188,0.0081,518.6904,2.2996,0.4383,0.000236,-0.4135,-0.1078,-0.0804,ROTATE2
-33.3756,51.3767,511.8543,0.4619,515.5078,1.1921,0.0034,517.5713,1.9086,0.4475,0.000163,-0.4314,-0.073,-0.0761,ROTATE2
-27.688,42.8576,511.8803,0.4621,514.417,1.0908,0.0001,516.5674,2.1949,0.4545,7.2e-05,-0.4441,-0.0377,-0.0713,ROTATE2
-24.9348,36.0423,479.4167,0.4569,481.4159,33.0011,0.0051,509.1319,193.2131,0.458,1.8e-05,-0.4505,-0.0031,-0.0657,ROTATE2
-19.4572,29.7901,411.6334,0.4492,413.1684,68.2475,0.0078,488.2418,1584.2112,0.4577,2.2e-05,-0.4508,0.0284,-0.0594,ROTATE2
-8.8064,17.4727,295.2661,0.4409,295.9137,117.2546,0.0082,444.0846,6870.3936,0.4542,6.6e-05,-0.4461,0.0553,-0.053,ROTATE2
16.1549,-2.0062,160.8441,0.4331,161.6658,134.2479,0.0078,373.3162,16794.0352,0.4484,0.000109,-0.4382,0.0767,-0.0481,ROTATE2
38.552,-40.2987,26.2753,0.4171,61.6493,100.0165,0.016,282.7626,24039.4492,0.4395,0.000188,-0.427,0.0916,-0.0443,ROTATE2
49.8073,-86.5296,-81.3797,0.3916,128.8053,67.1559,0.0256,212.2405,15914.0313,0.4264,0.000415,-0.4122,0.1003,-0.0405,ROTATE2
58.3864,-129.6612,-167.5038,0.3661,219.7237,90.9185,0.0255,173.5516,6353.9961,0.4098,0.000763,-0.3952,0.1017,-0.0366,ROTATE2
32.2091,-206.1289,-236.403,0.3367,315.2982,95.5745,0.0293,177.4285,7362.8892,0.3889,0.001202,-0.3753,0.096,-0.0328,ROTATE2
-17.6389,-267.3032,-291.5224,0.2988,395.9134,80.6152,0.0379,224.278,14665.4551,0.362,0.001714,-0.3507,0.0837,-0.0285,ROTATE2
-104.2174,-311.5769,-335.618,0.2445,469.6603,73.7469,0.0543,305.8802,14759.4189,0.3275,0.002678,-0.3194,0.0634,-0.0219,ROTATE2
-157.1177,-325.3959,-370.8943,0.201,517.8137,48.1534,0.0435,383.6819,11418.3691,0.2894,0.003606,-0.2837,0.035,-0.0139,ROTATE2
-169.1129,-289.9136,-399.1155,0.1764,521.4808,3.6671,0.0246,444.0333,6197.332,0.2515,0.003547,-0.245,0.0023,-0.0062,ROTATE2
-167.631,-225.2871,-421.6924,0.1659,506.6349,14.846,0.0105,482.3006,2202.1899,0.2173,0.002392,-0.2037,-0.034,-0.0003,ROTATE2
-175.861,-141.9735,-439.7539,0.161,494.4361,12.1988,0.0048,502.0052,350.825,0.1898,0.00094,-0.1589,-0.0721,0.0036,ROTATE2
-183.7857,-48.86,-454.2031,0.1742,492.4073,2.0288,0.0132,506.5545,139.3141,0.1757,0.000191,-0.1181,-0.1072,0.0029,ROTATE2
-191.7098,45.2745,-465.7625,0.194,505.7046,13.2973,0.0198,504.1327,108.2396,0.1743,0.000128,-0.076,-0.1384,-0.0016,ROTATE2
-186.5991,127.1227,-475.01,0.2173,525.941,20.2364,0.0233,505.0247,142.3725,0.1825,0.00043,-0.0342,-0.1658,-0.0094,ROTATE2
-178.9512,180.1388,-482.408,0.2373,545.1523,19.2113,0.0201,512.7282,404.5538,0.1968,0.000772,0.0063,-0.1876,-0.0173,ROTATE2
-169.2234,206.9298,-488.3264,0.2545,556.7039,11.5516,0.0172,525.1818,569.313,0.2155,0.000833,0.0425,-0.2039,-0.024,ROTATE2
-166.9256,205.0907,-493.0611,0.2647,559.4959,2.7921,0.0102,538.5995,409.9359,0.2336,0.00065,0.0781,-0.2149,-0.0279,ROTATE2
-147.1686,190.8038,-496.8489,0.2757,552.1988,7.2971,0.011,547.8983,144.0403,0.2499,0.000425,0.1086,-0.2201,-0.0304,ROTATE2
-128.1755,172.8618,-499.8791,0.2876,544.2328,7.966,0.0118,551.5568,36.9186,0.264,0.000299,0.1371,-0.2207,-0.03,ROTATE2
-106.4592,159.4457,-502.3033,0.297,537.6477,6.5851,0.0095,550.0558,65.1546,0.2759,0.000233,0.1649,-0.2164,-0.0277,ROTATE2
-80.6892,162.1691,-504.2426,0.304,535.7893,1.8584,0.007,545.8729,79.5252,0.2858,0.000202,0.1918,-0.2068,-0.0244,ROTATE2
-49.9233,180.8446,-505.7941,0.3073,539.4671,3.6778,0.0032,541.8671,34.5686,0.2943,0.000132,0.2179,-0.1919,-0.0214,ROTATE2
-16.5761,214.1226,-507.0353,0.3061,550.6433,11.1762,0.0012,541.556,28.5275,0.3004,5.4e-05,0.2419,-0.17,-0.0181,ROTATE2
23.5704,250.5574,-508.0282,0.3109,566.9456,16.3022,0.0048,546.0986,135.3852,0.3051,2.1e-05,0.2643,-0.1408,-0.0147,ROTATE2
66.7813,284.6147,-508.8226,0.3232,586.8268,19.8812,0.0123,555.9344,356.1154,0.3103,4.6e-05,0.2849,-0.1069,-0.0115,ROTATE2
120.5532,314.4324,-509.4581,0.3453,610.6949,23.8682,0.0222,570.9155,650.2594,0.3185,0.000216,0.3049,-0.0706,-0.0077,ROTATE2
185.1832,343.1334,-509.9665,0.3739,641.9495,31.2545,0.0285,591.412,1041.5168,0.3319,0.000625,0.3256,-0.0336,-0.002,ROTATE2
250.5434,361.0443,-510.3732,0.4026,673.5026,31.5531,0.0288,615.9838,1453.0955,0.3512,0.001121,0.3476,0.0024,0.0052,ROTATE2
295.9222,366.0198,-510.6985,0.4253,694.5167,21.0142,0.0227,641.4981,1554.6501,0.3741,0.001373,0.3688,0.0379,0.0133,ROTATE2
306.3347,356.7377,-510.9588,0.437,694.393,0.1237,0.0117,663.0114,1053.6144,0.3968,0.001128,0.3862,0.0741,0.0217,ROTATE2
309.1427,344.7402,-511.1671,0.4383,689.715,4.678,0.0013,678.8154,399.0638,0.4154,0.000596,0.3957,0.1112,0.0303,ROTATE2
303.0204,327.2203,-511.3336,0.4324,678.4958,11.2192,0.0058,686.1246,73.8398,0.4271,0.000171,0.3948,0.1486,0.0382,ROTATE2
287.0445,311.3231,-511.4669,0.4334,664.0143,14.4815,0.0009,684.227,136.1484,0.4333,2.1e-05,0.3847,0.1855,0.0452,ROTATE2
263.6887,297.6241,-511.5735,0.4373,647.9347,16.0797,0.004,674.9106,291.6035,0.4357,5e-06,0.3673,0.2207,0.0527,ROTATE2
238.2666,280.8087,-511.6588,0.4443,630.412,17.5227,0.007,662.1144,447.9727,0.4371,1.8e-05,0.3454,0.2546,0.0599,ROTATE2
207.707,252.0219,-511.7271,0.4494,607.06,23.352,0.0051,645.5834,628.5363,0.4394,4.3e-05,0.3215,0.2866,0.0661,ROTATE2
171.2813,206.7144,-511.7817,0.4544,577.9175,29.1425,0.005,625.4677,922.9845,0.4438,5.9e-05,0.298,0.3168,0.0696,ROTATE2
128.325,133.6872,-460.4285,0.4548,496.3204,81.5971,0.0004,591.9289,2836.77,0.448,4.3e-05,0.2738,0.3438,0.071,ROTATE2
108.535,42.9779,-349.0053,0.4484,368.0103,128.3101,0.0064,535.944,9103.04,0.4503,1.6e-05,0.2486,0.3656,0.0722,ROTATE2
93.4186,-31.299,-209.5011,0.4361,231.5111,136.4993,0.0123,456.1639,19489.2109,0.4486,4.6e-05,0.2238,0.3798,0.0735,ROTATE2
45.7912,-84.5735,-65.204,0.4208,116.1941,115.3169,0.0154,357.9907,28413.1973,0.4429,0.000168,0.1954,0.3887,0.0732,ROTATE2
-38.514,-144.4245,50.2337,0.4074,157.687,41.4928,0.0134,273.9446,19700.2031,0.4335,0.000306,0.1703,0.3903,0.0732,ROTATE2
-104.5268,-198.4833,142.5838,0.3919,265.8037,108.1168,0.0154,227.8413,7697.7397,0.4209,0.000402,0.1519,0.3846,0.0748,ROTATE2
-137.8902,-235.7742,216.4639,0.3748,348.5108,82.7071,0.0172,223.9414,6665.2852,0.4062,0.00046,0.143,0.3727,0.0729,ROTATE2
-153.1934,-259.6256,275.568,0.3528,408.4255,59.9147,0.022,259.3242,12208.7568,0.3895,0.000574,0.1429,0.3546,0.0685,ROTATE2
-148.8703,-270.2348,322.8513,0.3252,446.5671,38.1416,0.0275,325.3988,10757.6406,0.3704,0.00084,0.1543,0.3281,0.0633,ROTATE2
-135.3557,-267.4097,360.6779,0.2987,468.9538,22.3867,0.0266,387.6522,5378.3086,0.3487,0.001124,0.1704,0.2948,0.0563,ROTATE2
-121.7658,-255.9434,390.9392,0.2658,482.8741,13.9203,0.0329,431.0663,2337.5591,0.3235,0.001487,0.1863,0.2545,0.0455,ROTATE2
-112.697,-239.7047,415.1483,0.2312,492.45,9.576,0.0346,459.8541,899.3327,0.2947,0.001838,0.197,0.2082,0.0335,ROTATE2
-106.592,-223.77,434.5155,0.2021,500.2385,7.7885,0.0291,478.2167,359.3472,0.2646,0.001973,0.2014,0.1576,0.0203,ROTATE2
-105.6798,-216.7442,450.0093,0.1858,510.5435,10.3049,0.0163,491.012,204.2929,0.2367,0.001702,0.2004,0.1049,0.0064,ROTATE2
-111.9939,-218.2047,462.4043,0.184,523.4249,12.8815,0.0018,501.9062,198.4159,0.2138,0.000964,0.1939,0.0511,-0.0084,ROTATE2
-124.167,-222.5919,472.3203,0.19,536.7039,13.2789,0.006,512.6722,252.241,0.1986,0.000305,0.1822,-0.0012,-0.0225,ROTATE2
-139.7211,-223.2485,480.2531,0.1993,547.7271,11.0233,0.0093,523.7275,294.0019,0.1922,5.2e-05,0.1666,-0.0502,-0.0353,ROTATE2
-144.5394,-210.1551,486.5994,0.208,549.3958,1.6687,0.0087,533.559,218.769,0.1934,8.1e-05,0.1472,-0.0945,-0.0458,ROTATE2
-141.4627,-186.3584,491.6764,0.2207,544.506,4.8898,0.0127,540.3516,90.6547,0.2004,0.000169,0.1246,-0.1338,-0.0533,ROTATE2
-132.6296,-157.1336,495.738,0.2321,536.6915,7.8146,0.0115,543.0048,28.9918,0.21,0.000224,0.0987,-0.167,-0.0579,ROTATE2
-113.8318,-123.1444,498.9873,0.2425,526.4129,10.2786,0.0103,540.9467,71.8737,0.2205,0.000245,0.0708,-0.1935,-0.0604,ROTATE2
-92.8967,-91.2093,501.5867,0.2557,518.2067,8.2062,0.0132,535.0426,131.2417,0.2318,0.000275,0.0411,-0.2148,-0.0611,ROTATE2
-85.2986,-66.9487,503.6663,0.2743,515.2064,3.0003,0.0186,528.2047,121.9769,0.2451,0.000347,0.0102,-0.2326,-0.061,ROTATE2
-93.0451,-51.5496,505.3299,0.2943,516.404,1.1976,0.02,522.5843,65.0926,0.2598,0.000496,-0.0229,-0.2473,-0.0601,ROTATE2
-105.6267,-52.0147,506.6608,0.3137,520.1612,3.7572,0.0195,519.2782,15.5344,0.2761,0.000659,-0.057,-0.2597,-0.0574,ROTATE2
-91.5826,-56.9492,507.7255,0.3281,519.0528,1.1084,0.0144,517.8062,3.1971,0.2932,0.000681,-0.0922,-0.2693,-0.0535,ROTATE2
-59.138,-62.1594,508.5773,0.3489,515.7635,3.2893,0.0207,517.3176,3.7608,0.3119,0.000672,-0.1281,-0.2765,-0.0492,ROTATE2
-34.8823,-73.2056,509.2587,0.3716,515.6746,0.0889,0.0227,517.4112,3.4005,0.3313,0.000725,-0.1653,-0.2801,-0.0444,ROTATE2
-8.0402,-81.8958,509.8039,0.389,516.4025,0.7279,0.0174,517.4109,3.4011,0.3503,0.000757,-0.2022,-0.2796,-0.0389,ROTATE2
14.9991,-80.2416,510.24,0.3995,516.7287,0.3262,0.0105,516.7244,1.5101,0.3674,0.00068,-0.2381,-0.2737,-0.0333,ROTATE2
30.7337,-70.0839,510.5889,0.4062,516.2919,0.4368,0.0067,516.1722,0.1583,0.383,0.000428,-0.2721,-0.2639,-0.0274,ROTATE2
42.715,-49.539,510.868,0.4142,515.0386,1.2532,0.008,516.0273,0.3609,0.3961,0.000218,-0.3036,-0.2492,-0.0216,ROTATE2
44.3845,-19.7218,511.0913,0.4197,513.3938,1.6448,0.0055,515.5712,1.515,0.4057,0.000117,-0.3306,-0.2301,-0.0171,ROTATE2
42.642,14.9382,511.2699,0.4259,513.2625,0.1313,0.0062,514.9431,2.0483,0.4131,8.8e-05,-0.3538,-0.2082,-0.0142,ROTATE2
41.3355,53.7068,511.4128,0.4308,515.8838,2.6213,0.0049,514.7741,1.559,0.4194,7.5e-05,-0.374,-0.1842,-0.0132,ROTATE2
38.009,91.5404,511.5271,0.4326,521.0416,5.1578,0.0018,515.7241,8.0521,0.4247,4.8e-05,-0.3916,-0.1575,-0.0137,ROTATE2
34.4978,120.5761,511.6186,0.4407,526.7659,5.7243,0.008,518.0695,26.8413,0.4299,4.9e-05,-0.4073,-0.1282,-0.0148,ROTATE2
32.3983,136.6515,511.6918,0.4453,530.6145,3.8486,0.0046,521.5136,42.0822,0.4351,4.9e-05,-0.4209,-0.0961,-0.0153,ROTATE2
26.9749,136.5493,511.7503,0.4444,530.3412,0.2733,0.0008,524.9294,32.3838,0.4388,3.6e-05,-0.4309,-0.0616,-0.0148,ROTATE2
10.6986,129.1113,511.7971,0.4373,527.9399,2.4013,0.0071,527.3406,12.0178,0.4401,2.2e-05,-0.4359,-0.0252,-0.0131,ROTATE2
-8.9255,122.8985,511.8346,0.4312,526.4583,1.4816,0.0061,528.424,3.0643,0.4398,2.6e-05,-0.4363,0.0117,-0.0109,ROTATE2
-34.9591,125.2313,511.8646,0.4291,528.1196,1.6613,0.0021,528.6947,2.4597,0.4375,4.4e-05,-0.4314,0.0486,-0.0088,ROTATE2
-56.5704,139.4975,511.8885,0.4281,533.5632,5.4435,0.001,529.2845,6.1152,0.434,3.7e-05,-0.4222,0.085,-0.0075,ROTATE2
-55.9157,159.8793,511.9077,0.428,539.2007,5.6376,0.0001,531.0563,22.4188,0.4307,1.2e-05,-0.4096,0.1214,-0.008,ROTATE2
-36.3013,169.3347,511.9231,0.481,540.4232,1.2225,0.053,533.553,31.7906,0.4395,0.000433,-0.3973,0.172,-0.0134,ROTATE2
-31.6036,190.3865,511.9353,0.532,547.1047,6.6815,0.051,537.6823,41.4025,0.4596,0.001725,-0.3839,0.234,-0.012,ROTATE2
-34.6328,203.9842,432.8045,0.5,479.7174,67.3874,0.032,528.0018,601.3889,0.4738,0.001663,-0.3629,0.2887,-0.0093,ROTATE2
12.3344,185.0624,327.3874,0.4479,376.2748,103.4426,0.052,496.5441,4209.8384,0.4778,0.001363,-0.3348,0.3306,-0.0092,ROTATE2
36.855,116.2374,215.3161,0.4275,247.4479,128.8269,0.0204,438.1936,12850.9238,0.4777,0.001372,-0.3062,0.3627,-0.0105,ROTATE2
52.2559,23.0743,100.4279,0.4234,115.5373,131.9106,0.0041,353.2164,24361.043,0.4662,0.001827,-0.2768,0.3738,-0.0076,ROTATE2
66.9984,-77.9374,-22.0577,0.4233,105.117,10.4203,0.0,264.8188,21339.0449,0.4444,0.000854,-0.2496,0.367,-0.0108,ROTATE2
63.33,-164.75,-120.0461,0.4041,213.458,108.341,0.0193,211.567,9794.5977,0.4252,0.000195,-0.2289,0.3578,-0.0129,ROTATE2
35.7203,-234.2,-198.4369,0.3692,309.0352,95.5773,0.0348,198.1191,6088.0317,0.4095,0.000472,-0.2146,0.3483,-0.0108,ROTATE2
-11.6457,-289.76,-261.1495,0.3325,390.2506,81.2154,0.0368,226.6796,12168.5654,0.3905,0.001232,-0.2032,0.3332,-0.0064,ROTATE2
-98.0634,-334.208,-311.3196,0.2921,467.1523,76.9017,0.0404,297.0026,16318.1426,0.3642,0.002265,-0.1932,0.3084,-0.0022,ROTATE2
-180.8507,-366.6445,-351.4557,0.2526,539.1255,71.9731,0.0395,383.8044,13144.2793,0.3301,0.002894,-0.1832,0.2734,0.0021,ROTATE2
-247.0806,-367.5969,-383.5646,0.2169,585.9164,46.791,0.0356,458.2961,9961.5537,0.2927,0.002959,-0.1766,0.2293,0.0106,ROTATE2
-300.0645,-338.3275,-409.2516,0.1917,609.9108,23.9943,0.0252,518.4711,6482.1597,0.2572,0.002562,-0.173,0.1793,0.0224,ROTATE2
-342.4516,-290.6339,-429.8013,0.1734,621.6674,11.7567,0.0184,564.7545,3181.8049,0.2253,0.001819,-0.1683,0.1244,0.0364,ROTATE2
-376.3613,-219.0727,-446.2411,0.1657,623.5156,1.8482,0.0077,596.0272,989.1639,0.2001,0.001001,-0.161,0.0669,0.0504,ROTATE2
-390.8672,-135.7645,-459.3929,0.1731,618.2644,5.2512,0.0074,611.8549,189.9846,0.1842,0.000342,-0.15,0.0071,0.0617,ROTATE2
-377.9156,-47.6553,-469.9143,0.1937,604.9055,13.3589,0.0206,615.6527,50.659,0.1795,0.000124,-0.1334,-0.052,0.0631,ROTATE2
-357.795,39.6726,-478.3314,0.2259,598.6586,6.2469,0.0322,613.4023,96.7605,0.1864,0.000479,-0.1119,-0.1091,0.0556,ROTATE2
-318.4454,114.8725,-485.0651,0.268,591.5161,7.1425,0.0421,607.3721,142.5353,0.2053,0.00142,-0.0871,-0.1631,0.0411,ROTATE2
-264.3126,174.1199,-490.4521,0.3084,583.7141,7.8021,0.0403,599.4117,138.986,0.2338,0.002417,-0.0612,-0.2136,0.0208,ROTATE2
-236.4969,220.1521,-494.7617,0.3422,590.9203,7.2063,0.0339,593.943,52.4143,0.2677,0.002885,-0.0371,-0.2587,-0.0032,ROTATE2
-240.9538,245.3905,-498.2093,0.3593,605.3823,14.462,0.017,594.0383,54.5415,0.3008,0.002375,-0.0159,-0.2957,-0.0265,ROTATE2
-260.7412,244.0467,-500.9675,0.3611,615.2343,9.8519,0.0018,597.3535,129.1357,0.3278,0.001252,0.0027,-0.3231,-0.0449,ROTATE2
-244.0054,227.5718,-503.174,0.3536,603.748,11.4863,0.0075,599.7998,124.5142,0.3449,0.000377,0.019,-0.3392,-0.0549,ROTATE2
-191.7637,198.6262,-504.9392,0.3409,575.4904,28.2576,0.0127,598.1551,188.248,0.3514,7.1e-05,0.034,-0.3445,-0.0557,ROTATE2
-146.9516,167.0572,-506.3513,0.3375,553.0773,22.4131,0.0034,590.5865,526.8965,0.3505,9.2e-05,0.0505,-0.342,-0.0494,ROTATE2
-123.13,140.8239,-507.4811,0.3381,540.8599,12.2175,0.0006,577.682,811.134,0.3463,8.9e-05,0.0691,-0.3352,-0.0396,ROTATE2
-122.0728,128.2279,-508.3849,0.338,538.3301,2.5297,0.0001,562.3011,602.2428,0.3416,3.7e-05,0.0902,-0.3261,-0.0296,ROTATE2
-129.8363,132.2635,-509.1079,0.3326,541.7951,3.465,0.0054,549.9106,189.2479,0.3374,7e-06,0.1142,-0.3141,-0.0224,ROTATE2
-132.9753,153.6483,-509.6863,0.3235,548.6988,6.9037,0.0091,544.5522,29.9642,0.3339,3.1e-05,0.1404,-0.299,-0.0181,ROTATE2
-129.5303,186.6593,-510.149,0.3152,558.4548,9.756,0.0082,545.6277,52.9285,0.3295,7.9e-05,0.1669,-0.2791,-0.0154,ROTATE2
-107.7336,229.7837,-510.5192,0.3118,570.1201,11.6653,0.0035,551.4798,134.1107,0.3242,9.9e-05,0.1932,-0.2542,-0.0133,ROTATE2
-73.8712,266.877,-510.8154,0.3219,581.0444,10.9243,0.0102,560.0226,201.3606,0.321,5.2e-05,0.2205,-0.226,-0.012,ROTATE2
-28.5032,295.2797,-511.0523,0.3441,590.912,9.8676,0.0221,569.846,229.2435,0.3233,0.000126,0.2493,-0.1976,-0.0112,ROTATE2
28.2193,312.4175,-511.2419,0.3725,599.8077,8.8957,0.0284,580.0677,214.8579,0.3331,0.000514,0.2806,-0.1705,-0.0112,ROTATE2
87.466,302.4059,-511.3935,0.3963,600.5189,0.7112,0.0238,588.4806,134.3078,0.3493,0.000986,0.3135,-0.1445,-0.0118,ROTATE2
134.1603,287.3904,-511.5148,0.4105,601.8635,1.3446,0.0142,594.8293,62.4009,0.3691,0.001063,0.3458,-0.1179,-0.0127,ROTATE2
168.6564,269.1873,-511.6118,0.4199,602.2072,0.3437,0.0094,599.0618,17.3683,0.3887,0.000752,0.3745,-0.0896,-0.0137,ROTATE2
188.997,245.7905,-511.6895,0.4243,598.2967,3.9105,0.0044,600.5388,2.02,0.4047,0.000352,0.3969,-0.059,-0.0137,ROTATE2
203.2695,223.7292,-511.7516,0.4219,594.3593,3.9374,0.0024,599.4491,8.363,0.4146,0.000106,0.4105,-0.0256,-0.0124,ROTATE2
203.3093,200.099,-511.8013,0.4233,585.9307,8.4285,0.0013,596.5314,36.1708,0.42,2.5e-05,0.4166,0.0102,-0.0089,ROTATE2
190.9475,181.8636,-511.841,0.4307,575.7747,10.156,0.0074,591.3137,89.4282,0.424,1.3e-05,0.4181,0.0465,-0.0021,ROTATE2
194.9642,173.5846,-511.8728,0.4418,574.5924,1.1823,0.0111,585.7907,91.1122,0.4284,5.4e-05,0.4164,0.0834,0.0084,ROTATE2
199.562,177.3552,-511.8983,0.4596,577.3384,2.746,0.0178,581.5991,56.551,0.4355,0.000196,0.4137,0.1217,0.0207,ROTATE2
199.6434,179.9779,-511.9186,0.4742,578.1956,0.8572,0.0146,578.3663,15.8529,0.4459,0.00035,0.4109,0.1608,0.0328,ROTATE2
201.9241,178.7198,-511.9349,0.4738,578.6116,0.416,0.0004,576.9025,2.2784,0.456,0.000301,0.404,0.1993,0.0437,ROTATE2
209.2174,178.2196,-511.9479,0.4616,581.0549,2.4433,0.0122,577.9586,4.3572,0.4622,0.00014,0.3898,0.236,0.0514,ROTATE2
216.0677,183.9038,-511.9583,0.4467,585.3265,4.2716,0.0149,580.1054,8.3393,0.4632,0.000105,0.3672,0.2697,0.0563,ROTATE2
275.251,157.9199,-490.0573,0.4438,583.8304,1.4961,0.0028,581.4038,7.8974,0.46,0.000167,0.3392,0.2984,0.0613,ROTATE2
252.7039,105.7859,-414.9083,0.4101,497.191,86.6395,0.0337,565.2029,1161.7297,0.4472,0.00046,0.3024,0.3181,0.0639,ROTATE2
135.3756,96.8819,-280.6642,0.3789,326.3204,170.8705,0.0313,514.7446,9992.7031,0.4282,0.000892,0.2614,0.3285,0.0665,ROTATE2
51.5724,87.3086,-139.0532,0.3737,172.0997,154.2207,0.0052,432.9536,25904.6328,0.4106,0.000955,0.2228,0.3349,0.0682,ROTATE2
-61.1421,54.4188,-8.8457,0.3793,82.3287,89.771,0.0056,332.3541,35728.4297,0.3972,0.00071,0.1881,0.34,0.0679,ROTATE2
-136.2605,-10.5493,95.3203,0.3785,166.6259,84.2972,0.0008,248.9131,21611.1309,0.3841,0.000174,0.1589,0.342,0.0636,ROTATE2
-189.9834,-97.0582,178.6531,0.3801,278.2642,111.6383,0.0016,205.1278,7537.8936,0.3781,5e-06,0.1433,0.3441,0.0588,ROTATE2
-213.8493,-176.3091,245.3194,0.3753,370.1324,91.8682,0.0048,213.8902,9968.8896,0.3774,6e-06,0.1422,0.3448,0.0536,ROTATE2
-187.6513,-226.3973,298.6524,0.3599,419.1205,48.9881,0.0154,263.2943,15602.7246,0.3746,5.7e-05,0.1512,0.3377,0.0482,ROTATE2
-133.0866,-245.8147,341.3188,0.3331,441.1751,22.0546,0.0268,335.0636,10230.4922,0.3654,0.000312,0.169,0.3178,0.0429,ROTATE2
-71.4162,-242.0861,375.4519,0.2983,452.4048,11.2297,0.0348,392.2194,4043.2466,0.3493,0.00092,0.1877,0.2875,0.0358,ROTATE2
-28.1611,-223.6408,402.7584,0.2661,461.5437,9.1389,0.0321,428.8753,1063.6057,0.3265,0.001596,0.2034,0.2472,0.0267,ROTATE2
-9.0726,-200.2408,424.6036,0.2385,469.5391,7.9954,0.0276,448.7567,308.9017,0.2992,0.001921,0.2131,0.1996,0.0141,ROTATE2
-9.1581,-182.6426,442.0798,0.2174,478.4106,8.8716,0.0211,460.6147,168.5009,0.2707,0.00171,0.2166,0.1471,-0.0005,ROTATE2
-26.514,-169.2203,456.0607,0.1987,487.1652,8.7545,0.0187,469.8127,149.3038,0.2438,0.001246,0.2128,0.0934,-0.0155,ROTATE2
-48.9706,-156.3544,467.2455,0.1871,495.1395,7.9744,0.0116,478.3596,143.9366,0.2216,0.000801,0.2031,0.0407,-0.0282,ROTATE2
-71.1733,-141.3023,476.1933,0.1846,501.7888,6.6493,0.0025,486.4086,132.38,0.2052,0.000411,0.1877,-0.0096,-0.038,ROTATE2
-85.9324,-124.1668,483.3515,0.1907,506.3896,4.6008,0.0061,493.7787,100.9929,0.1957,0.00014,0.1672,-0.0566,-0.045,ROTATE2
-94.4959,-110.2803,489.0781,0.2001,510.1849,3.7953,0.0095,500.1336,67.2053,0.1922,3.8e-05,0.1412,-0.0988,-0.05,ROTATE2
-100.4686,-106.4961,493.6594,0.2163,514.9125,4.7277,0.0162,505.683,46.4561,0.1957,0.000134,0.1116,-0.1363,-0.0544,ROTATE2
-105.4624,-106.5407,497.3244,0.2378,519.4273,4.5148,0.0215,510.5406,38.4078,0.2059,0.00037,0.0791,-0.1701,-0.0568,ROTATE2
-100.7293,-105.9888,500.2564,0.2649,521.1876,1.7603,0.0271,514.4203,30.7078,0.222,0.000717,0.0436,-0.2012,-0.0554,ROTATE2
-84.3553,-95.4504,502.602,0.3108,518.4933,2.6942,0.0459,516.8411,15.267,0.246,0.001523,0.005,-0.2329,-0.0492,ROTATE2
-29.853,-71.7666,504.4785,0.364,510.4314,8.062,0.0532,516.8904,14.6204,0.2788,0.002813,-0.0346,-0.2673,-0.0382,ROTATE2
42.9301,-22.4476,505.9797,0.4032,508.2935,2.1378,0.0391,515.5666,26.8668,0.3162,0.00373,-0.0753,-0.3012,-0.0247,ROTATE2
91.6378,31.4075,507.1806,0.4048,516.3488,8.0553,0.0017,514.9509,23.6291,0.3496,0.00296,-0.1121,-0.328,-0.0139,ROTATE2
133.7634,77.126,508.1414,0.3738,531.0826,14.7338,0.031,516.93,63.9799,0.3713,0.001171,-0.1416,-0.3416,-0.0081,ROTATE2
156.717,117.8602,508.91,0.3582,545.3812,14.2985,0.0156,522.3075,196.4673,0.3808,0.000384,-0.1655,-0.3411,-0.0087,ROTATE2
145.7298,144.36,509.5249,0.3625,549.2655,3.8843,0.0043,530.0743,253.2818,0.3805,0.000395,-0.1877,-0.3283,-0.0141,ROTATE2
133.8214,160.4005,510.0168,0.3817,551.1385,1.873,0.0193,538.6434,173.7135,0.3762,0.000274,-0.2096,-0.3083,-0.0202,ROTATE2
135.4571,167.2517,510.4103,0.4008,553.9318,2.7933,0.0191,546.16,64.5528,0.3754,0.000231,-0.2362,-0.2863,-0.0234,ROTATE2
147.7438,160.8857,510.7252,0.4189,555.4752,1.5433,0.018,551.0385,12.6428,0.3844,0.000526,-0.2703,-0.2666,-0.0239,ROTATE2
172.8857,136.6492,510.977,0.4302,556.471,0.9958,0.0113,553.2564,7.2251,0.3988,0.0006,-0.3072,-0.2467,-0.0213,ROTATE2
210.1835,101.7881,511.1785,0.4303,561.9977,5.5267,0.0001,555.8029,12.8373,0.4124,0.00035,-0.3415,-0.2227,-0.0167,ROTATE2
225.3093,72.2867,511.3397,0.419,563.4341,1.4364,0.0113,558.262,14.0861,0.4198,0.000116,-0.3687,-0.191,-0.011,ROTATE2
217.7412,59.5763,511.4686,0.4092,559.0713,4.3628,0.0098,559.2899,9.4105,0.4215,6.4e-05,-0.3878,-0.1521,-0.0044,ROTATE2
192.7305,69.1048,511.5718,0.411,551.0228,8.0485,0.0019,558.3994,19.3759,0.4199,8.2e-05,-0.3998,-0.1067,0.0037,ROTATE2
139.2125,107.7651,511.6543,0.4246,541.0948,9.928,0.0136,555.3241,69.0648,0.4188,6.4e-05,-0.4073,-0.0546,0.0122,ROTATE2
72.7388,164.6589,511.7203,0.4496,542.4585,1.3637,0.0249,551.4163,77.9913,0.4227,0.000212,-0.4131,0.0041,0.0209,ROTATE2
7.2785,232.7584,511.7732,0.4766,562.2643,19.8058,0.027,551.1823,72.5872,0.4342,0.000657,-0.419,0.0656,0.0283,ROTATE2
-39.9553,288.6036,511.8154,0.4956,588.9342,26.6699,0.0191,557.155,309.5089,0.4515,0.000988,-0.4242,0.1262,0.033,ROTATE2
-66.3736,333.2797,503.3805,0.5014,607.3489,18.4147,0.0058,568.4202,678.9708,0.4696,0.000833,-0.4259,0.1813,0.0341,ROTATE2
-65.7145,348.0738,450.4607,0.497,573.052,34.2969,0.0044,574.8116,493.0759,0.484,0.00037,-0.4223,0.2275,0.0312,ROTATE2
-47.8654,321.509,359.5498,0.4878,484.7011,88.3509,0.0092,563.2601,1774.2737,0.4917,7.6e-05,-0.4128,0.262,0.025,ROTATE2
-23.4392,255.8666,239.7336,0.4773,351.4105,133.2907,0.0105,521.0894,8971.7559,0.4918,7.2e-05,-0.3989,0.2849,0.0171,ROTATE2
5.4924,161.6464,101.3025,0.4651,190.8453,160.5652,0.0121,441.4716,23524.4102,0.4857,0.000175,-0.3827,0.2977,0.0095,ROTATE2
26.9689,53.8546,-21.358,0.4455,63.9047,126.9406,0.0197,332.7827,34719.4297,0.4745,0.000324,-0.366,0.3015,0.0033,ROTATE2
56.3814,-57.1475,-119.4864,0.4083,143.9504,80.0457,0.0372,246.9624,22939.9687,0.4568,0.000786,-0.3483,0.2955,0.0014,ROTATE2
71.5301,-148.118,-197.9891,0.3776,257.4009,113.4505,0.0307,201.5023,9591.2012,0.4348,0.001362,-0.3311,0.2816,0.0004,ROTATE2
27.9272,-220.8944,-260.7913,0.3444,342.9087,85.5078,0.0332,199.802,9092.9746,0.4082,0.001928,-0.3133,0.2614,-0.0009,ROTATE2
-80.0582,-279.1156,-311.0331,0.3042,425.5072,82.5985,0.0401,246.7344,17062.8496,0.376,0.002404,-0.2944,0.2332,-0.0018,ROTATE2
-166.4466,-321.2737,-351.2264,0.2612,504.2631,78.7559,0.043,334.8061,15885.0986,0.3392,0.002718,-0.275,0.196,-0.0001,ROTATE2
-235.5573,-324.0252,-383.3812,0.228,554.4914,50.2283,0.0332,416.9142,11510.4932,0.3031,0.002932,-0.2566,0.1533,0.0039,ROTATE2
-290.8458,-294.4671,-409.1049,0.2021,581.9528,27.4614,0.0259,481.8246,7655.7734,0.268,0.002628,-0.2373,0.1049,0.0118,ROTATE2
-335.0767,-230.8862,-429.6839,0.1856,591.788,9.8353,0.0165,531.6005,3737.0007,0.2362,0.001809,-0.2165,0.0529,0.0238,ROTATE2
-341.027,-161.0152,-446.1472,0.1853,584.1854,7.6027,0.0003,563.3361,1031.7266,0.2124,0.000836,-0.1939,-0.0014,0.0361,ROTATE2
-320.0529,-91.959,-459.3177,0.1913,567.3298,16.8556,0.006,575.9495,177.8955,0.1985,0.000254,-0.1684,-0.053,0.0429,ROTATE2
-292.6798,-30.7797,-469.8542,0.2133,554.4113,12.9185,0.022,575.9335,178.5844,0.1955,0.000116,-0.14,-0.1024,0.0398,ROTATE2
-251.5188,26.0231,-478.2834,0.2508,541.0119,13.3994,0.0375,567.7452,348.1945,0.2053,0.000623,-0.1099,-0.1502,0.0278,ROTATE2
-229.0307,83.2841,-485.0267,0.2805,542.8095,1.7976,0.0296,557.9496,260.9861,0.2243,0.001316,-0.0791,-0.1953,0.0095,ROTATE2
-222.9152,135.1148,-490.4213,0.2987,555.392,12.5825,0.0182,552.1909,91.4686,0.2469,0.001607,-0.05,-0.2334,-0.0098,ROTATE2
-218.3634,176.2762,-494.7371,0.3113,568.7888,13.3968,0.0127,552.4827,100.6441,0.2709,0.001243,-0.0237,-0.265,-0.0252,ROTATE2
-212.8407,192.2304,-498.1896,0.3155,574.8448,6.0561,0.0042,556.5694,183.2123,0.2914,0.00056,-0.0002,-0.2877,-0.0334,ROTATE2
-185.9913,183.1062,-500.9517,0.3158,564.8657,9.9792,0.0003,561.3402,125.8107,0.3044,0.000182,0.0219,-0.3003,-0.0347,ROTATE2
-150.6274,150.5912,-503.1614,0.3145,546.386,18.4796,0.0013,562.0554,101.3471,0.3112,4.2e-05,0.044,-0.3047,-0.0323,ROTATE2
-121.727,111.1198,-504.9291,0.312,531.1483,15.2378,0.0025,557.2067,260.0074,0.3138,3e-06,0.0675,-0.3027,-0.0294,ROTATE2
-95.3159,76.6271,-506.3433,0.305,520.9034,10.2448,0.0071,547.6296,405.044,0.3126,1.6e-05,0.0918,-0.2947,-0.0266,ROTATE2
-71.9559,58.1829,-507.4746,0.2976,515.8424,5.061,0.0073,535.8291,319.7449,0.309,4.6e-05,0.1176,-0.2816,-0.0235,ROTATE2
-38.7084,54.1026,-508.3797,0.2939,512.7137,3.1287,0.0037,525.3987,149.1932,0.3046,6.3e-05,0.1448,-0.2632,-0.0199,ROTATE2
3.5801,62.2383,-509.1038,0.304,512.9065,0.1928,0.0101,518.7028,47.4761,0.3025,3.9e-05,0.1729,-0.242,-0.016,ROTATE2
45.8172,80.4344,-509.683,0.3269,518.0209,5.1144,0.0229,516.0775,9.6985,0.3055,0.000131,0.2038,-0.2199,-0.0131,ROTATE2
67.5381,98.7757,-510.1464,0.353,523.9918,5.9709,0.0261,516.6951,17.1865,0.3151,0.000491,0.2387,-0.1969,-0.0123,ROTATE2
77.5368,117.1299,-510.5172,0.3725,529.4895,5.4977,0.0194,519.4245,42.3308,0.3301,0.000865,0.2753,-0.1728,-0.0128,ROTATE2
100.4513,136.4883,-510.8137,0.3829,538.1916,8.7021,0.0104,524.5201,77.7997,0.3479,0.000845,0.3099,-0.148,-0.0134,ROTATE2
138.886,159.6188,-511.051,0.3915,553.119,14.9274,0.0086,532.5626,149.7223,0.3654,0.000534,0.3403,-0.121,-0.0129,ROTATE2
184.0807,178.595,-511.2408,0.4045,571.9694,18.8505,0.013,543.3522,301.5931,0.3809,0.000304,0.366,-0.0904,-0.0102,ROTATE2
222.1521,188.6229,-511.3926,0.419,588.6022,16.6328,0.0145,556.2744,469.1596,0.3941,0.000266,0.3862,-0.0555,-0.0056,ROTATE2
239.5717,187.9452,-511.5141,0.4385,595.2853,6.6831,0.0195,569.4335,456.8821,0.4073,0.000393,0.4028,-0.0169,-0.0011,ROTATE2
228.073,178.9593,-511.6113,0.4586,588.0389,7.2464,0.0201,579.403,231.5126,0.4224,0.000572,0.4175,0.024,0.0029,ROTATE2
215.8552,169.3705,-511.689,0.467,580.6079,7.431,0.0084,584.9008,63.4073,0.4376,0.00055,0.4283,0.0662,0.0062,ROTATE2
216.2373,168.5183,-511.7512,0.4687,580.5569,0.051,0.0017,586.6183,30.7875,0.4504,0.000361,0.4326,0.1099,0.0093,ROTATE2
223.7711,182.0584,-511.801,0.4665,587.5023,6.9454,0.0023,586.3983,30.1082,0.4599,0.000126,0.4294,0.1525,0.0134,ROTATE2
220.5919,210.1748,-511.8408,0.4613,595.6637,8.1614,0.0052,586.4739,31.4761,0.4644,1.5e-05,0.4173,0.1931,0.0184,ROTATE2
223.8016,245.5274,-511.8726,0.4574,610.2331,14.5694,0.0039,590.9128,124.1824,0.4642,1.8e-05,0.3966,0.2312,0.0239,ROTATE2
197.9507,262.3125,-511.8981,0.4479,608.3026,1.9305,0.0095,596.4517,132.7454,0.4604,5.4e-05,0.3692,0.2659,0.0288,ROTATE2
140.9262,249.1438,-511.9185,0.437,586.5095,21.7931,0.0109,597.6422,100.5686,0.454,0.000109,0.3363,0.2965,0.0328,ROTATE2
88.0534,194.6775,-416.1848,0.4272,467.8275,118.682,0.0098,573.7072,2877.4971,0.4462,0.00016,0.3009,0.3217,0.036,ROTATE2
53.5115,111.8826,-283.051,0.4199,309.0292,158.7982,0.0073,516.3804,13505.5996,0.4379,0.000184,0.266,0.3412,0.0382,ROTATE2
-15.7752,24.8655,-124.0439,0.4087,127.4913,181.5379,0.0112,419.832,32669.2852,0.4282,0.000183,0.2295,0.3557,0.0385,ROTATE2
-78.5389,-82.5076,3.1617,0.3914,113.9555,13.5358,0.0173,320.9626,34501.9805,0.4169,0.000247,0.197,0.3629,0.0393,ROTATE2
-146.4249,-168.4061,104.9263,0.3803,246.5976,132.6421,0.0111,252.9802,16883.3789,0.4055,0.000304,0.1755,0.362,0.0423,ROTATE2
-177.9305,-237.1249,186.3379,0.373,350.1561,103.5585,0.0074,229.446,8986.2793,0.3947,0.000304,0.1647,0.3547,0.0478,ROTATE2
-190.1913,-292.0999,251.4672,0.3627,429.8033,79.6472,0.0103,253.6008,15164.7363,0.3832,0.00025,0.1642,0.3407,0.0529,ROTATE2
-157.1093,-321.7549,303.5706,0.3352,469.4302,39.6269,0.0275,321.9885,16623.5977,0.3685,0.000366,0.1739,0.317,0.058,ROTATE2
-87.0843,-315.6821,345.2534,0.3089,475.8558,6.4257,0.0263,394.3686,7464.207,0.352,0.0007,0.1891,0.2874,0.0583,ROTATE2
-40.6831,-285.9801,378.5996,0.2836,476.2115,0.3557,0.0253,440.2914,2327.7046,0.3327,0.001101,0.2042,0.252,0.0515,ROTATE2
-17.8433,-245.8747,405.2766,0.2614,474.3647,1.8468,0.0222,465.1331,317.9185,0.3104,0.001295,0.2168,0.2103,0.0365,ROTATE2
-9.5247,-214.0216,426.6182,0.2396,477.3877,3.023,0.0218,474.65,7.7431,0.2857,0.001142,0.2238,0.1621,0.0176,ROTATE2
-13.401,-194.9485,443.6914,0.2203,484.816,7.4283,0.0192,477.7271,13.4946,0.2627,0.000981,0.2254,0.1117,-0.0044,ROTATE2
-28.377,-190.0089,457.35,0.21,496.0622,11.2461,0.0103,481.7684,63.6969,0.243,0.00072,0.2206,0.0597,-0.0258,ROTATE2
-48.9923,-198.9227,468.2769,0.2069,511.1299,15.0677,0.0032,488.7521,181.168,0.2276,0.000415,0.2088,0.0083,-0.045,ROTATE2
-69.0813,-207.5632,477.0184,0.208,524.7869,13.657,0.0011,498.8365,297.7736,0.217,0.00015,0.1895,-0.0415,-0.0597,ROTATE2
-85.5307,-207.9943,484.0116,0.2101,533.7081,8.9213,0.0021,510.1006,322.0896,0.2111,2.3e-05,0.1634,-0.0869,-0.0688,ROTATE2
-91.5808,-194.7267,489.6062,0.2175,534.8081,1.1,0.0074,520.099,216.3515,0.2105,1.4e-05,0.1336,-0.1273,-0.0714,ROTATE2
-65.3771,-163.1814,494.0818,0.2306,524.4227,10.3854,0.0131,525.7711,72.3634,0.2146,7.7e-05,0.1012,-0.1628,-0.0684,ROTATE2
-10.7705,-119.8763,497.6624,0.2429,512.0099,12.4128,0.0124,525.9471,67.3334,0.2218,0.000174,0.0674,-0.1927,-0.0609,ROTATE2
66.9586,-72.6823,500.5268,0.2527,510.1894,1.8205,0.0098,523.0276,108.202,0.2307,0.000247,0.0331,-0.2155,-0.052,ROTATE2
141.1419,-23.7459,502.8183,0.2675,522.7917,12.6023,0.0148,520.8444,80.6318,0.2422,0.0003,-0.0003,-0.233,-0.0445,ROTATE2
196.4854,25.7033,504.6515,0.2905,542.1627,19.371,0.0231,522.3152,130.365,0.2568,0.00043,-0.0326,-0.2478,-0.0387,ROTATE2
243.1039,58.7439,506.1181,0.3109,564.5405,22.3778,0.0204,530.3389,421.6929,0.2729,0.000618,-0.0649,-0.2594,-0.0361,ROTATE2
254.4144,69.8701,507.2914,0.3403,571.7981,7.2576,0.0294,542.2965,555.2921,0.2924,0.000968,-0.0998,-0.2696,-0.0351,ROTATE2
236.4409,67.3242,508.23,0.3728,564.5658,7.2323,0.0325,553.1718,330.0322,0.3164,0.00137,-0.1383,-0.2791,-0.0333,ROTATE2
219.034,50.9438,508.9809,0.3952,556.4465,8.1193,0.0224,559.9027,102.2817,0.342,0.00148,-0.1789,-0.2855,-0.0283,ROTATE2
221.3084,34.68,509.5816,0.4063,556.6448,0.1984,0.0111,562.7991,33.0733,0.3651,0.001243,-0.2205,-0.2849,-0.0217,ROTATE2
223.0374,20.7128,510.0621,0.4088,557.08,0.4351,0.0024,561.307,36.7822,0.3847,0.000653,-0.2608,-0.2769,-0.0121,ROTATE2
228.2049,14.5671,510.4466,0.4084,559.3259,2.2459,0.0003,558.8126,9.3325,0.3983,0.000187,-0.2964,-0.2602,-0.0014,ROTATE2
229.9389,13.463,510.7542,0.4118,560.2883,0.9624,0.0034,557.9571,2.4163,0.4061,3.3e-05,-0.3256,-0.2359,0.0088,ROTATE2
229.3887,14.7017,511.0002,0.4166,560.3182,0.03,0.0047,558.7314,2.4753,0.4104,1.3e-05,-0.35,-0.2059,0.0175,ROTATE2
221.2109,19.5145,511.1971,0.4221,557.3486,2.9696,0.0056,558.8722,1.9671,0.4136,2.7e-05,-0.371,-0.1713,0.0248,ROTATE2
198.3781,34.2584,511.3545,0.4352,549.5552,7.7934,0.013,557.3673,16.4209,0.4188,8.8e-05,-0.391,-0.1337,0.0309,ROTATE2
152.7088,56.6099,511.4805,0.4475,536.7839,12.7714,0.0123,552.8589,80.0631,0.4266,0.000169,-0.4097,-0.0936,0.036,ROTATE2
102.8045,77.5473,511.5813,0.4537,527.5394,9.2445,0.0063,546.3091,154.3395,0.435,0.000202,-0.4251,-0.0514,0.0409,ROTATE2
42.6217,81.7097,511.6619,0.4498,519.8952,7.6442,0.0039,538.2245,189.2657,0.4417,0.000134,-0.4346,-0.0059,0.043,ROTATE2
3.4411,74.4459,511.7264,0.4405,517.1247,2.7705,0.0093,530.1797,140.4404,0.4453,4.4e-05,-0.4361,0.0397,0.046,ROTATE2
-14.2283,54.6973,511.778,0.4396,514.8893,2.2354,0.0009,523.2465,64.048,0.4462,2.9e-05,-0.4294,0.0868,0.0482,ROTATE2
-32.3046,20.9391,511.8193,0.4533,513.2651,1.6242,0.0136,518.5427,25.1962,0.4474,3.8e-05,-0.4168,0.1355,0.0508,ROTATE2
-33.3249,-21.93,448.1367,0.4812,449.9089,63.3562,0.0279,503.0167,710.0696,0.4529,0.000228,-0.4026,0.1862,0.0533,ROTATE2
-28.9505,-78.5877,323.2969,0.5089,333.9686,115.9403,0.0277,465.8313,4985.791,0.4647,0.000713,-0.3913,0.2342,0.0577,ROTATE2
-15.1198,-145.9952,166.95,0.5213,222.296,111.6726,0.0124,406.8656,12844.5205,0.4808,0.000976,-0.3844,0.2777,0.0599,ROTATE2
-11.274,-219.1961,31.16,0.5157,221.6867,0.6093,0.0056,348.225,13930.2285,0.496,0.000648,-0.3803,0.3106,0.0614,ROTATE2
-28.0817,-277.7569,-77.472,0.4815,289.723,68.0363,0.0342,303.5167,7168.2422,0.5017,0.000292,-0.3735,0.3286,0.0626,ROTATE2
-118.1747,-324.6056,-164.3776,0.452,382.5624,92.8395,0.0295,290.0474,3950.3301,0.4959,0.000667,-0.364,0.3307,0.063,ROTATE2
-196.9398,-362.0844,-233.9021,0.4043,473.9204,91.358,0.0478,318.0377,9542.917,0.475,0.001874,-0.3496,0.3142,0.0657,ROTATE2
-259.9518,-375.9707,-289.5217,0.3565,541.0654,67.1449,0.0478,381.7916,13593.334,0.442,0.003166,-0.3302,0.2828,0.0721,ROTATE2
-310.3615,-355.0297,-334.0173,0.3089,577.8736,36.8082,0.0475,453.029,11081.4854,0.4006,0.003912,-0.3061,0.2402,0.082,ROTATE2
-350.6892,-303.055,-369.6139,0.2603,592.8235,14.9499,0.0486,513.649,5981.4199,0.3564,0.004584,-0.2802,0.1907,0.0926,ROTATE2
-382.9514,-228.2721,-398.0911,0.2165,597.6926,4.8691,0.0439,556.6751,2106.1025,0.3093,0.004452,-0.2502,0.1357,0.1029,ROTATE2
-408.7611,-149.6709,-420.8729,0.184,605.4923,7.7997,0.0325,582.9894,520.6138,0.2652,0.003847,-0.2172,0.0798,0.1091,ROTATE2
-409.5432,-75.8711,-439.0983,0.165,605.2185,0.2738,0.019,595.8201,103.2889,0.2269,0.002726,-0.1822,0.0249,0.1081,ROTATE2
-397.1315,-13.7437,-453.6786,0.1646,603.0975,2.121,0.0004,600.8649,24.0159,0.1981,0.001326,-0.1447,-0.0288,0.0996,ROTATE2
-383.3708,43.5175,-465.3429,0.1879,604.4924,1.3948,0.0233,603.1987,8.2683,0.1836,0.000361,-0.1068,-0.0807,0.0852,ROTATE2
-369.156,97.2859,-474.6743,0.2344,609.144,4.6517,0.0465,605.489,4.029,0.1872,0.000648,-0.0696,-0.1326,0.0663,ROTATE2
-352.2092,153.9662,-482.1395,0.2896,616.6161,7.472,0.0553,607.7137,23.8421,0.2083,0.002299,-0.0326,-0.1835,0.044,ROTATE2
-361.608,197.3136,-488.1116,0.3289,638.7064,22.0903,0.0393,614.4113,169.8489,0.2411,0.00376,0.0026,-0.2311,0.0208,ROTATE2
-385.477,217.6478,-492.8893,0.3494,662.4975,23.7911,0.0205,626.2913,465.5711,0.2781,0.003571,0.032,-0.272,-0.0002,ROTATE2
-402.866,214.6276,-496.7114,0.3535,674.6023,12.1048,0.0041,640.3133,640.7073,0.3112,0.001987,0.0546,-0.3042,-0.017,ROTATE2
-410.9022,183.0083,-499.7691,0.3483,672.3852,2.2171,0.0052,652.9615,492.1471,0.334,0.000563,0.0727,-0.3242,-0.0282,ROTATE2
-399.003,143.366,-502.2153,0.3422,657.2499,15.1353,0.0061,661.0883,165.5831,0.3445,7.3e-05,0.0885,-0.3308,-0.0322,ROTATE2
-364.2556,104.3585,-504.1722,0.3409,630.6841,26.5658,0.0013,659.4838,247.7023,0.3469,2.2e-05,0.1057,-0.3275,-0.0301,ROTATE2
-320.2201,71.0649,-505.7378,0.3437,602.795,27.8891,0.0028,647.5433,746.0343,0.3457,2.1e-05,0.1271,-0.3176,-0.0253,ROTATE2
-285.9823,52.3269,-506.9902,0.3456,584.434,18.361,0.0019,629.5096,1070.9406,0.3441,7e-06,0.1537,-0.3031,-0.0207,ROTATE2
-259.2733,47.5147,-507.9922,0.3369,572.3079,12.126,0.0087,609.4942,957.0661,0.3419,9e-06,0.1828,-0.2834,-0.0181,ROTATE2
-228.7656,51.4805,-508.7937,0.3256,560.2276,12.0803,0.0113,590.0897,609.8504,0.3385,5.1e-05,0.2105,-0.2589,-0.0185,ROTATE2
-186.0062,63.1344,-509.435,0.3245,545.9929,14.2347,0.001,573.1514,382.2715,0.3353,7.8e-05,0.236,-0.2306,-0.0216,ROTATE2
-146.7081,83.8856,-509.948,0.327,537.2216,8.7714,0.0025,560.0367,292.7208,0.3319,6.6e-05,0.2585,-0.1984,-0.0264,ROTATE2
-116.329,112.5366,-510.3584,0.331,535.4088,1.8127,0.004,550.2318,198.8453,0.329,2e-05,0.2782,-0.1628,-0.0315,ROTATE2
-85.9788,146.7106,-510.6867,0.3426,538.2539,2.8451,0.0116,543.421,83.6807,0.3301,4.4e-05,0.2972,-0.1262,-0.0362,ROTATE2
-53.9487,186.8247,-510.9494,0.3622,546.7021,8.4482,0.0196,540.7159,22.0237,0.3375,0.000191,0.3176,-0.0887,-0.0395,ROTATE2
-14.1558,228.3254,-511.1595,0.3804,560.0151,13.313,0.0182,543.5203,83.0813,0.3486,0.000401,0.3373,-0.0497,-0.0407,ROTATE2
33.8691,265.0478,-511.3276,0.4004,576.9344,16.9194,0.02,551.4629,235.3632,0.3633,0.000628,0.356,-0.009,-0.0395,ROTATE2
71.6922,289.2632,-511.4621,0.4088,591.9514,15.0169,0.0085,562.7714,383.7979,0.3789,0.000592,0.3706,0.0338,-0.0373,ROTATE2
92.8537,298.1825,-511.5696,0.4164,599.3647,7.4134,0.0075,574.9935,382.0102,0.3936,0.000392,0.3797,0.0771,-0.0348,ROTATE2
101.0799,290.8085,-511.6557,0.4252,597.1418,2.223,0.0088,585.0815,218.2713,0.4062,0.000235,0.3821,0.1199,-0.032,ROTATE2
87.8514,278.8749,-511.7245,0.4353,589.365,7.7768,0.0101,590.9515,61.8194,0.4172,0.000149,0.3792,0.1616,-0.028,ROTATE2
63.553,269.778,-511.7796,0.4473,582.0117,7.3533,0.012,591.9669,37.4769,0.4266,0.000185,0.3713,0.2016,-0.0223,ROTATE2
32.1736,257.063,-511.8237,0.458,573.655,8.3566,0.0107,588.3077,91.1516,0.4365,0.000223,0.3614,0.2385,-0.0139,ROTATE2
-1.0267,243.4504,-511.8589,0.4626,566.8057,6.8493,0.0045,581.7958,116.7626,0.4457,0.000194,0.349,0.2724,-0.0031,ROTATE2
-33.3307,211.5229,-511.8871,0.4495,554.8705,11.9352,0.013,573.3416,143.1829,0.4506,8.9e-05,0.3319,0.3006,0.0082,ROTATE2
-72.2583,172.2433,-450.4847,0.4384,487.6736,67.197,0.0111,553.0033,1145.9888,0.4512,7.1e-05,0.3111,0.3229,0.0203,ROTATE2
-101.1348,128.1446,-319.5253,0.4259,358.8115,128.8621,0.0126,508.3633,6527.0498,0.4469,0.000178,0.2878,0.3375,0.0336,ROTATE2
-128.5453,103.5657,-158.8484,0.4275,229.0907,129.7208,0.0016,439.4504,16524.0957,0.4408,0.000191,0.2661,0.3463,0.0471,ROTATE2
-191.3238,49.3213,-24.6818,0.416,199.1145,29.9763,0.0115,365.9122,19424.6211,0.4315,0.000132,0.246,0.348,0.06,ROTATE2
-238.2903,-36.6836,82.6514,0.396,254.8709,55.7565,0.02,305.9123,11149.6084,0.4207,0.000204,0.23,0.3446,0.0702,ROTATE2
-250.7291,-124.8969,168.518,0.3836,326.8985,72.0276,0.0124,273.7572,3596.311,0.4098,0.000297,0.2203,0.3366,0.0775,ROTATE2
-243.8583,-198.5331,237.2113,0.3703,393.8927,66.9942,0.0133,280.7735,4986.7432,0.3987,0.000435,0.2193,0.3225,0.0807,ROTATE2
-224.2585,-258.0234,292.1659,0.3456,449.6986,55.8059,0.0247,324.8951,8212.9512,0.3823,0.000564,0.2207,0.3006,0.0785,ROTATE2
-165.4693,-294.3468,336.1296,0.3169,476.4486,26.7499,0.0286,380.3619,6565.9258,0.3625,0.000798,0.2248,0.2722,0.0715,ROTATE2
-95.3098,-310.4868,371.3006,0.2807,493.3053,16.8568,0.0362,428.0487,3693.5383,0.3394,0.001378,0.2301,0.2371,0.0623,ROTATE2
-43.5354,-319.2364,399.4373,0.2429,513.1836,19.8783,0.0378,465.3058,1708.7664,0.3113,0.002059,0.2324,0.1947,0.0495,ROTATE2
-8.4127,-320.6641,421.9468,0.2064,530.0333,16.8497,0.0365,492.5339,785.3618,0.2785,0.002489,0.2265,0.1481,0.0345,ROTATE2
15.498,-311.2969,439.9543,0.1806,539.1713,9.138,0.0259,510.4284,533.1855,0.2455,0.002419,0.2151,0.099,0.0202,ROTATE2
30.1953,-294.8313,454.3604,0.1708,542.4763,3.305,0.0097,523.634,333.2864,0.2163,0.00166,0.1995,0.048,0.0076,ROTATE2
37.7156,-267.6306,465.8852,0.1759,538.6071,3.8692,0.005,532.6943,112.0699,0.1953,0.000717,0.1816,-0.0026,-0.0028,ROTATE2
37.8381,-225.8201,475.105,0.1854,527.4005,11.2067,0.0096,535.5377,33.4564,0.1838,0.000151,0.161,-0.0505,-0.0115,ROTATE2
65.6299,-177.7249,482.4809,0.2023,518.3447,9.0558,0.0169,533.2,81.0519,0.183,0.000117,0.1386,-0.0953,-0.0187,ROTATE2
98.2101,-128.0549,488.3816,0.2266,514.3538,3.9908,0.0243,528.2365,120.3197,0.1922,0.000411,0.1144,-0.1376,-0.0257,ROTATE2
109.7806,-80.4064,493.1022,0.2487,511.5337,2.8201,0.0221,522.048,97.2636,0.2078,0.000717,0.0876,-0.1754,-0.033,ROTATE2
105.3589,-41.0501,496.8786,0.269,509.5822,1.9516,0.0203,516.243,39.8038,0.2264,0.000916,0.0581,-0.208,-0.0403,ROTATE2
84.5183,-10.8932,499.8998,0.2868,507.1112,2.4709,0.0177,512.1851,15.1175,0.2467,0.000897,0.0273,-0.2356,-0.0467,ROTATE2
57.6772,8.551,502.3167,0.3041,505.6895,1.4218,0.0173,509.6541,9.562,0.2671,0.000747,-0.0045,-0.2577,-0.0528,ROTATE2
32.4449,21.6408,504.2502,0.3239,505.7562,0.0667,0.0198,507.9345,5.2264,0.2865,0.000688,-0.0381,-0.2746,-0.0566,ROTATE2
18.5715,29.0377,505.7971,0.3465,506.9702,1.214,0.0226,507.0218,1.9886,0.3061,0.000741,-0.0746,-0.2871,-0.0582,ROTATE2
7.2916,23.8676,507.0345,0.3615,507.6484,0.6782,0.015,506.6351,0.6065,0.3246,0.00074,-0.1121,-0.295,-0.0569,ROTATE2
8.2145,14.7347,508.0245,0.3666,508.3045,0.6562,0.005,506.8737,1.0616,0.3405,0.000552,-0.1496,-0.2971,-0.0515,ROTATE2
25.5935,10.6003,508.8165,0.3715,509.5701,1.2655,0.005,507.6498,1.6328,0.354,0.000297,-0.1864,-0.2933,-0.0434,ROTATE2
36.4935,15.7115,509.4501,0.3791,510.9971,1.427,0.0075,508.6981,2.0576,0.3651,0.000119,-0.2212,-0.2839,-0.0343,ROTATE2
32.898,29.1411,509.957,0.3873,511.8472,0.8501,0.0082,509.6734,2.4926,0.3732,8.3e-05,-0.2522,-0.2694,-0.0249,ROTATE2
24.7152,46.6347,510.3625,0.3902,513.0843,1.2371,0.0029,510.7607,2.8172,0.3789,8.1e-05,-0.2804,-0.2497,-0.016,ROTATE2
7.2191,65.1984,510.6869,0.3948,514.8826,1.7983,0.0046,512.0762,3.2779,0.3846,6.9e-05,-0.3069,-0.226,-0.0101,ROTATE2
-16.6279,84.9056,510.9464,0.4029,518.2197,3.3372,0.0081,513.8062,6.5775,0.3909,6.3e-05,-0.3322,-0.1987,-0.0054,ROTATE2
-39.8273,103.6526,511.154,0.4149,523.076,4.8563,0.012,516.2219,16.3492,0.398,9.9e-05,-0.3565,-0.1669,-0.0018,ROTATE2
-57.8868,114.1658,511.3201,0.4305,527.0986,4.0226,0.0156,519.2722,26.8777,0.4067,0.000212,-0.3799,-0.1315,0.0016,ROTATE2
-68.7532,115.5733,511.4529,0.4469,528.8367,1.7381,0.0164,522.4227,27.5899,0.418,0.000353,-0.4027,-0.0933,0.005,ROTATE2
-77.1745,110.9711,511.5592,0.4554,529.1156,0.2789,0.0085,525.2693,17.0748,0.4301,0.000378,-0.4223,-0.0533,0.0083,ROTATE2
-86.4427,101.6175,511.6443,0.4587,528.7517,0.3639,0.0033,527.3757,5.1239,0.4413,0.00027,-0.437,-0.0127,0.0113,ROTATE2
-95.4073,98.2628,511.7123,0.4606,529.7241,0.9724,0.0019,528.7054,0.7614,0.4504,0.000122,-0.4458,0.0271,0.0137,ROTATE2
-105.3821,100.0446,511.7667,0.467,531.9957,2.2716,0.0064,529.6848,1.4512,0.4577,4.4e-05,-0.4497,0.0653,0.0153,ROTATE2
-105.2775,95.6482,464.8228,0.4747,486.0989,45.8969,0.0077,521.1372,308.1925,0.4633,4.7e-05,-0.4497,0.1,0.0162,ROTATE2
-97.1189,79.5654,362.9645,0.4742,384.065,102.0338,0.0005,492.1271,3211.6309,0.4671,4.4e-05,-0.4469,0.1292,0.0161,ROTATE2
-79.317,32.3586,241.656,0.4633,256.3901,127.675,0.0109,437.6548,11090.5127,0.468,3.2e-05,-0.4414,0.152,0.0139,ROTATE2
-54.2067,-76.5131,115.5623,0.4459,148.8196,107.5705,0.0174,361.4738,20276.7812,0.465,0.000111,-0.4331,0.1675,0.0106,ROTATE2
-43.3716,-131.6011,1.5186,0.4256,138.5722,10.2473,0.0203,282.7892,18206.9863,0.4567,0.000352,-0.4213,0.1756,0.0061,ROTATE2
-28.9036,-172.5372,-101.1852,0.3815,202.0963,63.5241,0.0441,225.9886,8015.9854,0.4381,0.001073,-0.4006,0.1768,0.0024,ROTATE2
-7.2822,-198.4953,-183.3481,0.3636,270.3145,68.2182,0.0179,203.2386,2893.7471,0.4159,0.001432,-0.3786,0.1721,-0.0004,ROTATE2
-3.7008,-225.0213,-249.0785,0.3357,335.6909,65.3763,0.0278,219.0987,5585.9097,0.3904,0.00162,-0.3549,0.1625,-0.0008,ROTATE2
-29.0231,-249.8952,-301.6628,0.3023,392.7981,57.1072,0.0334,267.8944,8251.3545,0.3617,0.001735,-0.3297,0.1484,0.0014,ROTATE2
-89.1497,-260.9724,-343.7303,0.2608,440.6867,47.8885,0.0415,328.3173,7227.0156,0.3288,0.001871,-0.3017,0.1289,0.0077,ROTATE2
-150.8229,-250.8935,-377.3842,0.2204,477.6128,36.9261,0.0404,383.4206,5462.123,0.2966,0.002628,-0.2754,0.104,0.0166,ROTATE2
-199.4052,-226.2148,-404.3074,0.182,504.3808,26.768,0.0383,430.2339,3638.321,0.2603,0.003034,-0.2444,0.0732,0.0272,ROTATE2
-239.5679,-183.2844,-425.8459,0.1504,521.8531,17.4723,0.0317,467.4663,2143.2083,0.2232,0.002935,-0.2093,0.0374,0.0379,ROTATE2
-258.8325,-120.2494,-443.0767,0.1352,527.04,5.1869,0.0152,494.3147,1017.1105,0.1898,0.002115,-0.1708,-0.0022,0.0466,ROTATE2
-265.8316,-32.8432,-456.8614,0.1417,529.5917,2.5518,0.0065,512.0957,374.6479,0.1659,0.001,-0.1313,-0.043,0.05,ROTATE2
-271.334,57.7473,-467.8891,0.1638,543.9459,14.3541,0.0221,525.3623,163.7176,0.1546,0.00028,-0.0919,-0.0837,0.0458,ROTATE2
-273.8547,139.4447,-476.7113,0.2024,567.1815,23.2357,0.0386,537.9225,267.6856,0.1587,0.000569,-0.0532,-0.1237,0.035,ROTATE2
-264.7838,200.5995,-483.769,0.2433,586.8416,19.6601,0.0409,550.9202,525.7177,0.1773,0.001643,-0.0172,-0.1623,0.0184,ROTATE2
-262.952,222.6515,-489.4152,0.2766,598.5355,11.6938,0.0333,565.2192,660.6448,0.2056,0.002464,0.0161,-0.1973,-0.0019,ROTATE2
-264.4241,217.9556,-493.9322,0.297,601.1603,2.6249,0.0204,579.533,460.2509,0.2366,0.002355,0.0475,-0.2265,-0.0222,ROTATE2
-253.6081,194.927,-497.5457,0.3075,591.4941,9.6662,0.0105,589.0426,145.1431,0.2654,0.001471,0.0775,-0.2479,-0.0393,ROTATE2
-235.9052,163.0072,-500.4366,0.3172,576.7664,14.7278,0.0097,590.9596,76.0281,0.2883,0.000688,0.1068,-0.26,-0.0524,ROTATE2
-231.0398,125.0776,-502.7493,0.3269,567.2571,9.5093,0.0097,587.0427,169.6561,0.305,0.0003,0.1367,-0.2626,-0.0616,ROTATE2
-249.5537,95.0996,-504.5994,0.334,570.9129,3.6558,0.0071,581.5182,164.753,0.3165,0.000175,0.1666,-0.257,-0.0668,ROTATE2
-254.8055,81.3422,-506.0795,0.3445,572.415,1.5021,0.0105,575.7691,71.1117,0.326,0.000165,0.1971,-0.2463,-0.0681,ROTATE2
-240.0631,83.0019,-507.2636,0.3543,567.3059,5.1091,0.0098,570.9315,12.5786,0.3354,0.000169,0.2278,-0.2321,-0.0665,ROTATE2
-214.6161,99.1578,-508.2109,0.3604,560.5093,6.7966,0.0061,567.6801,16.9219,0.344,0.000154,0.2573,-0.2142,-0.0617,ROTATE2
-174.1898,132.6606,-508.9687,0.3636,554.0668,6.4424,0.0032,565.042,46.9907,0.3513,0.000118,0.2846,-0.1922,-0.0537,ROTATE2
-127.5893,171.1941,-509.575,0.3642,552.4971,1.5697,0.0006,561.3588,58.0062,0.3574,5.4e-05,0.3091,-0.1651,-0.0434,ROTATE2
-72.634,207.724,-510.06,0.3659,555.5053,3.0082,0.0016,557.9769,28.9737,0.3617,1.7e-05,0.3296,-0.132,-0.0332,ROTATE2
-15.3291,234.3386,-510.448,0.3758,561.8778,6.3725,0.0099,556.8912,13.4325,0.366,2.7e-05,0.347,-0.0932,-0.0238,ROTATE2
29.0211,249.9865,-510.7584,0.392,569.394,7.5162,0.0162,558.6682,38.9208,0.3723,0.000116,0.3623,-0.0502,-0.0163,ROTATE2
63.9107,262.783,-511.0067,0.4095,578.1585,8.7645,0.0175,563.4866,87.4441,0.3815,0.000294,0.3754,-0.0042,-0.01,ROTATE2
86.1598,275.7545,-511.2054,0.4238,587.1924,9.0339,0.0143,570.4257,127.5338,0.3934,0.000451,0.3856,0.0427,-0.0047,ROTATE2
103.2872,287.1536,-511.3643,0.4325,595.4988,8.3064,0.0087,578.4243,144.7646,0.4067,0.000428,0.3917,0.0892,0.0005,ROTATE2
112.8266,306.8073,-511.4914,0.4379,607.0289,11.53,0.0053,587.4545,172.1063,0.4191,0.000277,0.3917,0.1348,0.0058,ROTATE2
116.1926,328.9771,-511.5931,0.4407,619.2368,12.2079,0.0029,597.423,209.52,0.4289,0.000127,0.3838,0.1798,0.0114,ROTATE2
105.4103,347.3254,-511.6745,0.4394,627.3412,8.1045,0.0014,607.2596,217.5569,0.4349,3.8e-05,0.3667,0.2231,0.0163,ROTATE2
76.872,350.5197,-511.7396,0.4401,625.0206,2.3206,0.0008,614.8253,142.8702,0.4381,9e-06,0.3423,0.2636,0.0197,ROTATE2
34.6132,300.9501,-402.0198,0.437,503.3776,121.6431,0.0031,596.401,2212.833,0.439,2e-06,0.313,0.2996,0.0208,ROTATE2
-3.2532,214.082,-258.9752,0.4528,336.0206,167.357,0.0157,542.1993,12812.0176,0.442,3.1e-05,0.2854,0.3317,0.0213,ROTATE2
-56.4275,153.9874,-104.7833,0.4449,194.6169,141.4037,0.0079,457.2754,28575.6992,0.4428,3.1e-05,0.2568,0.357,0.0202,ROTATE2
-139.0608,67.215,18.5702,0.4294,155.5654,39.0515,0.0155,362.9202,32094.0996,0.4409,6.1e-05,0.2326,0.3723,0.0192,ROTATE2
-213.6486,-48.628,117.2531,0.4121,248.513,92.9475,0.0173,287.6187,15302.2559,0.4352,0.000195,0.2164,0.3764,0.0211,ROTATE2
-237.8002,-136.3212,196.1993,0.3991,337.0854,88.5724,0.013,254.3603,5375.146,0.4276,0.000398,0.2091,0.3716,0.0264,ROTATE2
-241.0901,-206.6413,259.3563,0.3753,409.9888,72.9034,0.0237,269.1539,8666.6592,0.4122,0.000579,0.2063,0.354,0.0329,ROTATE2
-208.7627,-253.0131,309.8819,0.3591,451.2475,41.2587,0.0163,320.48,11552.752,0.395,0.000634,0.2135,0.3271,0.0401,ROTATE2
-178.9977,-288.7136,350.3024,0.3401,487.9626,36.7151,0.019,386.9594,7303.9561,0.3771,0.000681,0.2261,0.2941,0.0462,ROTATE2
-123.8638,-300.1021,382.6388,0.3137,501.8127,13.8501,0.0264,437.6194,3542.2964,0.3574,0.000854,0.2387,0.2559,0.0481,ROTATE2
-75.2379,-296.3692,408.5079,0.289,510.2687,8.456,0.0247,472.256,1376.7659,0.3354,0.00096,0.2494,0.212,0.0434,ROTATE2
-38.7091,-294.0704,429.2032,0.2602,521.7195,11.4507,0.0288,494.6022,591.2987,0.3124,0.001244,0.2552,0.165,0.0307,ROTATE2
-23.3266,-303.9751,445.7595,0.2362,540.043,18.3235,0.024,512.3613,312.9605,0.2878,0.001365,0.2532,0.1147,0.0123,ROTATE2
-34.7301,-317.3957,459.0045,0.2151,559.1345,19.0914,0.0212,526.5957,428.829,0.2628,0.001253,0.2424,0.0623,-0.0093,ROTATE2
-59.7997,-325.7259,469.6005,0.1965,574.6285,15.4941,0.0186,541.1588,555.3351,0.2394,0.001067,0.2227,0.0106,-0.0305,ROTATE2
-79.1272,-321.937,478.0773,0.1867,581.7753,7.1467,0.0098,555.4601,489.9067,0.2189,0.000711,0.1941,-0.0385,-0.0468,ROTATE2
-91.4362,-301.0902,484.8587,0.1939,578.0172,3.7581,0.0072,566.7197,237.2069,0.2057,0.000321,0.1598,-0.0846,-0.0552,ROTATE2
-100.5771,-258.3003,490.2838,0.2108,563.2167,14.8005,0.0169,571.3545,75.8514,0.2006,0.000114,0.1212,-0.1267,-0.0556,ROTATE2
-95.2491,-201.1278,494.624,0.2262,542.3814,20.8353,0.0154,568.0038,202.6465,0.2028,0.000197,0.0801,-0.1626,-0.0504,ROTATE2
-72.4087,-136.4803,498.0961,0.2449,521.507,20.8744,0.0187,557.3795,513.3838,0.2125,0.00045,0.0379,-0.1924,-0.0431,ROTATE2
-47.7051,-82.928,500.8737,0.2678,509.9288,11.5782,0.0229,543.0102,638.1911,0.2287,0.000666,-0.0034,-0.2169,-0.0375,ROTATE2
-35.8422,-46.7924,503.0959,0.296,506.5369,3.3918,0.0282,528.7142,454.7761,0.2491,0.000913,-0.0449,-0.2363,-0.0343,ROTATE2
-21.805,-28.4777,504.8736,0.3141,506.146,0.3909,0.0181,517.3,188.2733,0.2698,0.001036,-0.0842,-0.2494,-0.0349,ROTATE2
-20.2346,-29.2103,506.2958,0.3207,507.5412,1.3952,0.0066,510.332,32.9515,0.2887,0.000817,-0.1197,-0.2566,-0.0388,ROTATE2
-28.5814,-40.7901,507.4335,0.3245,509.872,2.3308,0.0037,508.005,2.6026,0.3046,0.000435,-0.1511,-0.2581,-0.0435,ROTATE2
-25.812,-46.9071,508.3437,0.3346,511.1554,1.2834,0.0101,508.2503,3.7872,0.318,0.000165,-0.1804,-0.2548,-0.0471,ROTATE2
-20.3371,-45.6069,509.0718,0.3525,511.5151,0.3597,0.0179,509.246,4.3406,0.3293,0.000179,-0.2085,-0.2468,-0.0505,ROTATE2
-8.5166,-42.3043,509.6544,0.3745,511.478,0.0371,0.022,510.3123,2.2778,0.3414,0.000395,-0.2382,-0.2351,-0.052,ROTATE2
-1.8851,-32.1809,510.1204,0.3894,511.1379,0.3401,0.0149,511.0317,0.3609,0.3551,0.000583,-0.2698,-0.2201,-0.0512,ROTATE2
5.345,-9.9635,510.4932,0.4017,510.6183,0.5196,0.0124,511.181,0.1038,0.3705,0.000592,-0.3026,-0.2018,-0.0484,ROTATE2
1.226,19.198,510.7914,0.4096,511.1535,0.5352,0.0078,511.1806,0.1038,0.3855,0.000414,-0.3343,-0.1781,-0.0443,ROTATE2
-7.0723,50.9802,511.03,0.4203,513.6153,2.4618,0.0108,511.6006,1.0906,0.3991,0.000254,-0.3638,-0.1472,-0.0382,ROTATE2
-13.6922,81.3311,511.2209,0.4308,517.8311,4.2158,0.0104,512.8712,7.2368,0.4104,0.000206,-0.3886,-0.1097,-0.0318,ROTATE2
-20.9288,106.2961,511.3736,0.4436,522.7235,4.8925,0.0128,515.1884,20.6803,0.4212,0.000222,-0.4093,-0.0678,-0.0259,ROTATE2
-22.8337,123.065,511.4958,0.4527,526.5874,3.8639,0.0091,518.3822,32.2906,0.4314,0.000241,-0.4247,-0.0221,-0.0218,ROTATE2
-25.7607,134.1958,511.5935,0.4593,529.5281,2.9407,0.0066,522.0571,33.1815,0.4414,0.000202,-0.4348,0.0263,-0.0188,ROTATE2
-23.3117,135.9004,511.6717,0.4601,529.9247,0.3966,0.0008,525.319,20.6689,0.4493,0.000121,-0.4376,0.074,-0.0169,ROTATE2
-27.3618,129.489,511.7343,0.4609,528.5717,1.353,0.0008,527.4671,6.9567,0.4553,4.3e-05,-0.4341,0.1199,-0.015,ROTATE2
-34.1145,116.4319,511.7843,0.4626,525.9689,2.6028,0.0017,528.1161,2.484,0.4591,1.1e-05,-0.4247,0.1628,-0.0131,ROTATE2
-41.1228,99.3642,493.1368,0.4664,504.726,21.243,0.0039,523.7439,92.3202,0.4619,6e-06,-0.4118,0.2015,-0.0114,ROTATE2
-42.1139,76.5351,441.847,0.4694,450.3998,54.3262,0.0029,507.9183,911.0487,0.4639,1.2e-05,-0.3968,0.235,-0.0107,ROTATE2
-51.1724,50.1812,360.0401,0.4718,367.1044,83.2954,0.0024,475.3542,3719.4797,0.4662,1.7e-05,-0.3818,0.2639,-0.0102,ROTATE2
-54.3941,8.37,239.7508,0.4737,245.9863,121.1181,0.0019,418.8371,10480.8027,0.4688,1.6e-05,-0.3676,0.2883,-0.01,ROTATE2
-50.8216,-43.3134,121.6163,0.4726,138.7422,107.244,0.0012,341.3917,17878.1992,0.4708,7e-06,-0.3551,0.3074,-0.0105,ROTATE2
-38.7135,-76.4445,4.5993,0.4516,85.8117,52.9305,0.0209,257.6089,18587.25,0.4678,6.8e-05,-0.3407,0.3196,-0.0106,ROTATE2
0.5136,-120.8837,-98.7206,0.4377,156.0733,70.2616,0.014,198.7436,9750.3535,0.4615,0.000209,-0.3285,0.3236,-0.0106,ROTATE2
30.0265,-145.1226,-181.3765,0.4127,234.2212,78.1479,0.0249,172.1669,3626.6946,0.4497,0.000523,-0.3178,0.3179,-0.0099,ROTATE2
20.9931,-177.9387,-247.5012,0.3807,305.5482,71.327,0.032,184.0793,5953.0459,0.4311,0.001012,-0.307,0.3021,-0.0087,ROTATE2
-32.6993,-204.7885,-300.401,0.338,365.0319,59.4837,0.0427,229.3373,10042.4414,0.4041,0.001676,-0.2946,0.2755,-0.0058,ROTATE2
-101.2844,-228.2464,-342.7208,0.2937,424.043,59.0111,0.0442,296.9836,8928.5703,0.3726,0.002666,-0.2833,0.2395,-0.0009,ROTATE2
-175.1026,-237.7627,-376.5766,0.2491,478.5415,54.4985,0.0447,361.4772,7390.6611,0.3348,0.003445,-0.2683,0.1948,0.0062,ROTATE2
-226.7383,-229.6227,-403.6613,0.2093,516.7971,38.2556,0.0398,417.9923,5782.7354,0.2942,0.003729,-0.2495,0.1433,0.0143,ROTATE2
-248.75,-203.3607,-425.329,0.1783,533.045,16.2479,0.031,463.4917,3831.2297,0.2537,0.003278,-0.2263,0.0862,0.0214,ROTATE2
-257.85,-163.0854,-442.6632,0.1675,537.619,4.574,0.0108,498.0091,1799.8831,0.2196,0.002179,-0.2,0.0278,0.0254,ROTATE2
-273.1488,-112.1621,-456.5306,0.1736,543.701,6.082,0.0061,521.9407,550.5143,0.1955,0.000924,-0.1699,-0.0298,0.0249,ROTATE2
-266.3753,-55.8297,-467.6245,0.1943,541.0595,2.6415,0.0207,534.4443,90.5814,0.1846,0.000231,-0.137,-0.0843,0.0207,ROTATE2
-257.4096,-1.12,-476.4996,0.2219,541.5836,0.5241,0.0276,539.4017,13.9158,0.1871,0.000381,-0.1022,-0.1335,0.012,ROTATE2
-258.8464,42.7384,-483.5997,0.2512,550.1788,8.5952,0.0293,542.8284,17.3211,0.2017,0.000974,-0.0676,-0.1763,0.0016,ROTATE2
-270.5646,73.8001,-489.2797,0.2744,563.9559,13.7772,0.0232,548.0958,73.423,0.223,0.00134,-0.034,-0.2127,-0.0086,ROTATE2
-283.7111,88.6869,-493.8238,0.2898,576.3846,12.4287,0.0155,554.6325,186.8835,0.2463,0.001203,-0.003,-0.2414,-0.0169,ROTATE2
-275.8501,93.3089,-497.459,0.2977,576.4246,0.04,0.0079,561.7055,194.99,0.267,0.000761,0.0251,-0.2624,-0.0229,ROTATE2
-244.2801,95.2409,-500.3672,0.3026,564.8991,11.5255,0.0048,566.3686,94.3071,0.2831,0.000347,0.0504,-0.2757,-0.0258,ROTATE2
-194.2335,96.5583,-502.6938,0.3138,547.4954,17.4037,0.0112,565.8319,112.8368,0.2956,0.000173,0.0741,-0.2834,-0.0267,ROTATE2
-140.693,106.5185,-504.555,0.3272,534.5245,12.9708,0.0134,559.9457,273.5153,0.3062,0.00017,0.0987,-0.2868,-0.0267,ROTATE2
-100.52,124.8742,-506.044,0.3467,530.828,3.6965,0.0195,550.8344,306.0185,0.3176,0.000315,0.1259,-0.288,-0.0271,ROTATE2
-82.8254,151.1244,-507.2352,0.3674,535.7109,4.8829,0.0207,542.6916,154.4852,0.3315,0.000537,0.1576,-0.287,-0.029,ROTATE2
-74.2853,177.3276,-508.1882,0.3819,543.3403,7.6294,0.0145,538.3798,37.3431,0.3474,0.000625,0.1929,-0.2828,-0.0322,ROTATE2
-69.5689,198.4871,-508.9505,0.392,550.6974,7.3571,0.0101,539.0202,50.6589,0.363,0.000553,0.2306,-0.2726,-0.0353,ROTATE2
-63.0364,216.1772,-509.5604,0.3964,557.0978,6.4005,0.0044,543.5349,91.5946,0.3769,0.000327,0.268,-0.2558,-0.0362,ROTATE2
-40.7697,231.2605,-510.0483,0.4,561.5095,4.4116,0.0036,549.6712,86.2647,0.3875,0.000139,0.3027,-0.2316,-0.0338,ROTATE2
-10.7251,252.2897,-510.4387,0.4085,569.4846,7.9752,0.0085,556.4259,80.1748,0.3958,7.8e-05,0.3336,-0.2014,-0.0277,ROTATE2
30.7136,270.8942,-510.7509,0.4186,578.959,9.4744,0.0101,563.5497,96.7281,0.4031,9e-05,0.3608,-0.1673,-0.0178,ROTATE2
69.7897,294.3372,-511.0007,0.431,593.8239,14.8649,0.0123,572.1749,172.6016,0.4109,0.000159,0.3844,-0.1302,-0.0056,ROTATE2
112.9661,321.7542,-511.2006,0.4406,614.5023,20.6785,0.0096,583.6559,353.648,0.4197,0.000215,0.4047,-0.0908,0.0071,ROTATE2
157.4979,343.2846,-511.3605,0.4422,635.7196,21.2173,0.0016,598.4979,577.3966,0.4282,0.000167,0.4201,-0.0493,0.0182,ROTATE2
188.0671,363.1433,-511.4884,0.4414,654.876,19.1564,0.0008,615.5762,753.0745,0.4348,8.2e-05,0.429,-0.0063,0.0274,ROTATE2
207.4724,381.3928,-511.5907,0.4364,670.992,16.116,0.005,633.9828,760.2911,0.4383,1.8e-05,0.4305,0.0381,0.0336,ROTATE2
203.8623,398.4705,-511.6725,0.4357,679.8142,8.8222,0.0007,651.1808,562.074,0.4393,7e-06,0.4246,0.0832,0.0379,ROTATE2
168.1367,385.7577,-511.738,0.4364,662.5366,17.2776,0.0006,660.7877,226.5103,0.4384,8e-06,0.412,0.1279,0.0409,ROTATE2
119.2531,391.9468,-511.7904,0.4356,655.5707,6.9659,0.0008,664.7579,90.5091,0.4371,5e-06,0.3947,0.17,0.045,ROTATE2
59.3275,361.8105,-450.7167,0.4311,581.0096,74.5611,0.0045,649.9847,1255.4839,0.4351,4e-06,0.3735,0.2083,0.0504,ROTATE2
16.1776,305.9297,-311.0671,0.4271,436.5976,144.412,0.004,603.1058,8076.3994,0.4332,1.3e-05,0.3503,0.2414,0.0584,ROTATE2
-15.4329,238.15,-151.2474,0.421,282.541,154.0566,0.0061,523.6511,21138.8789,0.4303,3.2e-05,0.3263,0.2675,0.068,ROTATE2
-57.0651,157.5919,-18.6011,0.3996,168.6346,113.9064,0.0214,424.8707,32730.8184,0.4229,0.000159,0.3002,0.285,0.0758,ROTATE2
-120.5083,60.6298,87.516,0.3927,160.802,7.8326,0.0069,325.9169,26240.9316,0.4143,0.000235,0.2785,0.2941,0.0817,ROTATE2
-177.4066,-26.4399,172.4097,0.3837,248.7917,87.9897,0.009,259.4733,10001.3857,0.4048,0.000276,0.2635,0.2952,0.0839,ROTATE2
-231.666,-104.8738,240.3246,0.3778,349.8908,101.0991,0.0059,242.132,5061.1279,0.395,0.000225,0.2566,0.2883,0.0824,ROTATE2
-285.6921,-178.2178,294.6566,0.3656,447.4417,97.5509,0.0122,275.1121,12077.2754,0.3839,0.000139,0.2569,0.2729,0.0777,ROTATE2
-309.5006,-244.4024,338.1221,0.3493,519.4706,72.0289,0.0163,345.2794,16828.5586,0.3738,0.000228,0.2655,0.2495,0.0731,ROTATE2
-300.488,-295.9407,372.8946,0.3252,562.9603,43.4896,0.0241,425.711,13029.9219,0.3603,0.000446,0.2742,0.2189,0.0661,ROTATE2
-287.8841,-338.0369,400.7126,0.2944,598.0943,35.134,0.0308,495.5715,7832.5361,0.3425,0.000887,0.2797,0.1814,0.057,ROTATE2
-276.6229,-368.6639,422.9669,0.2623,625.5672,27.4729,0.0322,550.7068,3927.8359,0.3194,0.001391,0.2784,0.1383,0.0451,ROTATE2
-266.3671,-386.0218,440.7704,0.2329,643.6169,18.0497,0.0294,589.9418,1982.1682,0.2928,0.001754,0.2691,0.0921,0.0308,ROTATE2
-251.8437,-395.5893,455.0132,0.2088,653.4165,9.7996,0.0241,616.731,1077.0754,0.2647,0.001739,0.2516,0.0448,0.0137,ROTATE2
-240.6843,-395.4871,466.4075,0.1958,657.1719,3.7554,0.0129,635.5734,470.8752,0.2388,0.001286,0.2276,-0.0022,-0.0035,ROTATE2
-230.56,-375.8397,475.5229,0.1859,648.4869,8.6849,0.0099,645.6519,121.7145,0.2171,0.000757,0.1983,-0.046,-0.0177,ROTATE2
-210.4355,-328.6123,482.8152,0.1749,620.7896,27.6974,0.011,644.6964,163.7497,0.1996,0.000401,0.1648,-0.084,-0.027,ROTATE2
-169.2515,-263.4398,488.649,0.1677,580.3658,40.4237,0.0072,632.0461,831.1718,0.1866,0.000214,0.1284,-0.1147,-0.031,ROTATE2
-108.57,-190.8644,493.3161,0.1782,539.9791,40.3867,0.0105,609.3587,1920.3787,0.1805,9.3e-05,0.0906,-0.14,-0.031,ROTATE2
-56.231,-126.6478,497.0498,0.2068,516.004,23.9752,0.0286,581.1251,2409.0432,0.1827,0.00018,0.0514,-0.1619,-0.0293,ROTATE2
-26.9254,-78.5182,500.0367,0.2461,506.8795,9.1245,0.0393,552.8036,1801.8942,0.1947,0.000836,0.0112,-0.1834,-0.0281,ROTATE2
-17.1341,-54.0458,502.4263,0.2876,505.6151,1.2643,0.0415,529.7687,792.2204,0.2173,0.001972,-0.0289,-0.2068,-0.0292,ROTATE2
-22.201,-44.4367,504.3379,0.3181,506.7783,1.1631,0.0305,515.0511,169.3134,0.2474,0.002608,-0.0686,-0.2308,-0.0331,ROTATE2
-32.5046,-36.0993,505.8672,0.3283,508.1942,1.4159,0.0103,508.6942,14.0255,0.2774,0.002063,-0.1055,-0.2509,-0.0368,ROTATE2
-30.0724,-27.9951,507.0906,0.3254,508.7524,0.5582,0.003,507.2439,1.2362,0.3011,0.000966,-0.1384,-0.2621,-0.0396,ROTATE2
-30.2329,-21.5586,508.0694,0.3249,509.4245,0.6721,0.0005,507.7529,1.9016,0.3168,0.000226,-0.1669,-0.2638,-0.0417,ROTATE2
-29.5301,-22.3,508.8524,0.33,510.1961,0.7716,0.0051,508.6691,1.342,0.3253,1.7e-05,-0.1919,-0.2567,-0.0428,ROTATE2
-26.2709,-28.0306,509.4788,0.3482,510.9252,0.7291,0.0181,509.4985,0.9571,0.3314,7.4e-05,-0.2163,-0.2441,-0.0426,ROTATE2
-22.0386,-35.9432,509.9799,0.3604,511.7198,0.7946,0.0123,510.2036,1.1065,0.3378,0.0002,-0.2419,-0.228,-0.0424,ROTATE2
-19.7309,-38.5015,510.3809,0.3665,512.2112,0.4914,0.0061,510.8954,1.0129,0.346,0.000267,-0.2677,-0.2106,-0.0416,ROTATE2
-27.6535,-31.9856,510.7016,0.3683,512.4489,0.2377,0.0018,511.5002,0.697,0.3547,0.000202,-0.2929,-0.1908,-0.0394,ROTATE2
-44.1665,-13.8478,510.9581,0.3687,513.0504,0.6014,0.0004,512.0711,0.5116,0.3624,6e-05,-0.316,-0.1675,-0.0357,ROTATE2
-60.8051,9.3686,511.1634,0.3728,514.8524,1.8021,0.0041,512.8566,1.1792,0.3673,1.6e-05,-0.3347,-0.1401,-0.0315,ROTATE2
-81.766,35.623,511.3276,0.3803,519.0478,4.1954,0.0075,514.3221,6.4391,0.3713,2.4e-05,-0.3502,-0.1098,-0.0274,ROTATE2
-89.0878,67.5734,511.459,0.3923,523.539,4.4912,0.0121,516.5878,17.4052,0.3765,8.1e-05,-0.3643,-0.0769,-0.0211,ROTATE2
-116.9452,97.9181,511.5641,0.4124,533.8183,10.2793,0.0201,520.8616,55.0921,0.3853,0.000248,-0.3785,-0.0377,-0.0156,ROTATE2
-169.2906,132.4564,511.6482,0.4298,554.9665,21.1482,0.0175,529.2448,205.2396,0.3975,0.00044,-0.3916,0.0061,-0.0078,ROTATE2
-200.8418,174.5307,511.7154,0.4482,576.7592,21.7927,0.0184,541.6262,462.0365,0.4126,0.000604,-0.4027,0.0531,0.0014,ROTATE2
-210.8391,201.5496,511.7692,0.4657,589.0527,12.2936,0.0175,555.6271,613.9086,0.4297,0.000668,-0.4113,0.102,0.009,ROTATE2
-206.9588,211.0584,459.9247,0.482,546.7252,42.3276,0.0163,560.2643,402.3241,0.4476,0.000614,-0.417,0.1504,0.0106,ROTATE2
-188.9201,189.2124,367.9554,0.4924,454.8443,91.8809,0.0104,544.4695,2235.6477,0.4636,0.00051,-0.4188,0.1919,0.0087,ROTATE2
-155.6892,141.6293,232.7425,0.4912,313.7946,141.0497,0.0012,496.2352,10529.2422,0.4759,0.000283,-0.4173,0.2248,0.0007,ROTATE2
-88.6545,78.2097,83.794,0.4865,144.9062,168.8884,0.0047,409.8646,26458.9531,0.4836,9.3e-05,-0.4134,0.2483,-0.0113,ROTATE2
-18.2236,8.7646,-35.3648,0.4731,40.738,104.1682,0.0134,300.2017,35262.1992,0.485,4.9e-05,-0.4072,0.2614,-0.0231,ROTATE2
33.7305,-59.8602,-130.6918,0.45,147.6528,106.9147,0.0231,220.3872,21391.3145,0.4786,0.000252,-0.3975,0.2642,-0.0323,ROTATE2
79.3219,-122.1507,-206.9535,0.4204,253.0662,105.4134,0.0296,180.0316,8982.293,0.4642,0.000685,-0.3848,0.2569,-0.0373,ROTATE2
88.97,-161.0424,-267.9628,0.3907,325.0452,71.979,0.0297,182.2817,9604.5098,0.4441,0.001217,-0.3693,0.2435,-0.0384,ROTATE2
59.2666,-199.562,-316.7702,0.3423,379.0527,54.0075,0.0484,229.111,14875.9063,0.4153,0.0021,-0.3492,0.2215,-0.0355,ROTATE2
3.8414,-221.5778,-355.8162,0.2829,419.1857,40.133,0.0594,304.8005,9275.8086,0.3772,0.003491,-0.3232,0.191,-0.0291,ROTATE2
-63.6206,-225.2872,-387.0529,0.2257,452.3405,33.1548,0.0572,365.738,4976.9521,0.3324,0.005015,-0.2924,0.1526,-0.0198,ROTATE2
-114.7121,-201.4798,-412.0424,0.1799,472.7916,20.4511,0.0458,409.6831,2798.885,0.2843,0.005803,-0.2574,0.1087,-0.0094,ROTATE2
-140.8666,-160.9776,-432.0339,0.1515,482.0897,9.2981,0.0284,441.092,1428.1927,0.2365,0.004779,-0.2198,0.0579,-0.0005,ROTATE2
-149.8964,-107.1571,-448.0271,0.1374,484.4377,2.348,0.014,462.169,589.9463,0.1955,0.002821,-0.18,0.0062,0.0054,ROTATE2
-143.6234,-47.6444,-460.8217,0.1486,485.0302,0.5925,0.0111,475.3379,151.5397,0.1686,0.001011,-0.1398,-0.0436,0.0079,ROTATE2
-125.5581,18.997,-471.0573,0.1775,487.8737,2.8435,0.0289,482.4445,26.6879,0.159,0.000282,-0.1001,-0.0904,0.0062,ROTATE2
-111.7558,88.3382,-479.2459,0.2096,499.9696,12.0959,0.0321,487.8802,39.9317,0.1649,0.000672,-0.0613,-0.1328,0.001,ROTATE2
-107.3672,152.5268,-485.7967,0.2343,520.3754,20.4058,0.0247,495.5373,185.7822,0.1815,0.001325,-0.0245,-0.169,-0.0059,ROTATE2
-91.2906,205.5996,-491.0374,0.2569,540.1137,19.7383,0.0226,506.6725,434.5597,0.2054,0.001504,0.008,-0.1998,-0.0131,ROTATE2
-48.2356,229.7953,-495.2299,0.2817,548.0741,7.9604,0.0247,519.2814,524.718,0.232,0.001314,0.0368,-0.2256,-0.0207,ROTATE2
-10.6979,233.6675,-498.5839,0.2994,550.7276,2.6535,0.0177,531.8521,367.1795,0.2564,0.001033,0.0631,-0.2453,-0.0282,ROTATE2
15.873,220.7684,-501.2672,0.3092,547.9593,2.7683,0.0098,541.45,123.6493,0.2763,0.000756,0.0884,-0.2579,-0.0341,ROTATE2
37.2702,198.0678,-503.4137,0.3145,542.2595,5.6998,0.0053,545.8268,15.7962,0.2923,0.000438,0.1147,-0.2641,-0.0364,ROTATE2
49.3943,176.9918,-505.131,0.3196,537.5157,4.7437,0.0051,545.3073,22.8131,0.3049,0.000179,0.1434,-0.2632,-0.0357,ROTATE2
53.0842,166.2466,-506.5048,0.3279,535.7266,1.7892,0.0083,542.8377,33.5414,0.3141,9.2e-05,0.1741,-0.2548,-0.0318,ROTATE2
47.6236,167.4754,-507.6038,0.3378,536.6355,0.9089,0.0099,540.0193,20.8414,0.3218,0.000102,0.2066,-0.2393,-0.0255,ROTATE2
37.5926,176.6303,-508.4831,0.3499,539.5984,2.963,0.0121,538.3471,5.4721,0.3299,0.000162,0.2396,-0.2188,-0.019,ROTATE2
28.9429,197.7011,-509.1865,0.3663,546.9866,7.3881,0.0164,539.2925,16.445,0.3403,0.000271,0.2723,-0.1956,-0.013,ROTATE2
42.4105,227.8265,-509.7492,0.3819,559.9534,12.9668,0.0156,543.7801,81.0494,0.3528,0.000377,0.3038,-0.1706,-0.0076,ROTATE2
79.1753,254.2175,-510.1993,0.3962,575.4986,15.5452,0.0143,551.7345,206.0177,0.3664,0.000444,0.3334,-0.1423,-0.002,ROTATE2
118.8746,276.8927,-510.5595,0.4075,592.8505,17.3519,0.0114,562.9775,372.1221,0.3804,0.000424,0.3596,-0.1112,0.0039,ROTATE2
154.4028,290.3705,-510.8476,0.4194,607.5529,14.7023,0.0119,576.5684,475.4865,0.3943,0.00035,0.3821,-0.0777,0.0106,ROTATE2
184.0191,302.4526,-511.0781,0.4299,621.7245,14.1717,0.0105,591.516,484.855,0.407,0.000285,0.4003,-0.0409,0.0174,ROTATE2
198.1122,309.1496,-511.2625,0.4362,629.4531,7.7286,0.0063,605.4159,380.2521,0.4179,0.000212,0.4128,-0.0003,0.0246,ROTATE2
202.1273,311.2385,-511.41,0.4423,631.8741,2.421,0.0061,616.691,214.122,0.4271,0.000153,0.4195,0.0418,0.0321,ROTATE2
202.2487,307.8533,-511.528,0.4422,630.3484,1.5258,0.0002,624.1906,81.5091,0.434,7.4e-05,0.4195,0.0835,0.0405,ROTATE2
192.7115,297.9795,-511.6224,0.4352,622.6451,7.7032,0.007,627.2091,17.5127,0.4372,2.2e-05,0.4119,0.1236,0.0497,ROTATE2
166.3223,284.1805,-511.6979,0.4274,608.487,14.1581,0.0078,624.5615,74.5906,0.4367,3e-05,0.3971,0.1612,0.0595,ROTATE2
132.7891,270.8694,-497.1333,0.418,581.5021,26.9849,0.0094,614.9714,348.656,0.433,8.7e-05,0.3763,0.1946,0.0692,ROTATE2
86.0844,252.6518,-409.5817,0.4106,488.8769,92.6253,0.0074,586.3719,2653.5508,0.4267,0.000129,0.3508,0.2235,0.0774,ROTATE2
29.105,205.8683,-254.8528,0.4057,328.9055,159.9714,0.0049,526.0833,11889.8428,0.4194,0.000116,0.3235,0.2484,0.083,ROTATE2
-41.3785,158.5009,-101.4854,0.4006,192.7018,136.2037,0.0051,440.0947,24859.6016,0.4124,8.9e-05,0.2974,0.2693,0.0845,ROTATE2
-107.7528,99.0663,21.2086,0.4015,147.9007,44.8012,0.0009,347.9774,27778.2812,0.4073,4.1e-05,0.2758,0.2857,0.083,ROTATE2
-188.6022,19.4031,119.3637,0.3922,224.0424,76.1417,0.0093,276.4854,14832.3984,0.4021,3.7e-05,0.2602,0.2955,0.0777,ROTATE2
-251.2599,-61.5807,197.8878,0.381,325.7043,101.662,0.0112,243.8509,5229.8652,0.3962,7.7e-05,0.2516,0.2972,0.0713,ROTATE2
-264.3298,-148.152,260.7072,0.3552,399.7343,74.0299,0.0258,258.0167,8442.2646,0.3861,0.000293,0.2475,0.2882,0.0664,ROTATE2
-257.2232,-213.6497,310.9626,0.3354,456.6265,56.8922,0.0198,310.8016,12691.9775,0.3731,0.000595,0.2482,0.2695,0.064,ROTATE2
-233.2598,-257.8011,351.1669,0.3153,494.1556,37.5291,0.0201,380.0526,9312.6689,0.3558,0.000803,0.2504,0.2421,0.0622,ROTATE2
-203.9766,-289.444,383.3304,0.2881,521.8491,27.6935,0.0272,439.614,4918.5249,0.335,0.001021,0.252,0.2078,0.0607,ROTATE2
-184.3657,-318.5396,409.0612,0.2588,550.2629,28.4138,0.0293,484.5257,2755.02,0.3106,0.001163,0.2505,0.1682,0.0563,ROTATE2
-168.0488,-342.6442,429.6459,0.2307,574.666,24.4031,0.0281,519.512,1718.1166,0.2857,0.00142,0.2464,0.1245,0.0478,ROTATE2
-159.389,-350.8372,446.1136,0.2071,589.4989,14.8329,0.0236,546.0865,1200.6277,0.26,0.001502,0.2368,0.0776,0.0362,ROTATE2
-150.78,-334.4666,459.2878,0.1858,587.8331,1.6658,0.0213,564.822,658.8005,0.2341,0.001321,0.2203,0.0301,0.0244,ROTATE2
-110.274,-281.2421,469.8271,0.1705,558.5651,29.268,0.0153,572.1652,243.3738,0.2106,0.000993,0.1983,-0.0148,0.0147,ROTATE2
-52.5942,-220.1093,478.2585,0.1626,529.0988,29.4664,0.0078,567.9324,500.4585,0.1913,0.000618,0.1721,-0.0552,0.0061,ROTATE2
-0.2972,-167.5343,485.0037,0.1663,513.1242,15.9745,0.0037,555.624,940.6816,0.1785,0.000267,0.1422,-0.0897,-0.0017,ROTATE2
30.431,-126.2618,490.3999,0.1827,507.3067,5.8175,0.0164,539.1855,907.8702,0.1736,8.3e-05,0.1089,-0.12,-0.0094,ROTATE2
36.9792,-101.1657,494.7168,0.2085,506.3069,0.9998,0.0258,522.8803,384.8943,0.1781,0.000276,0.0728,-0.148,-0.0173,ROTATE2
21.6333,-73.4888,498.1703,0.2388,504.0261,2.2808,0.0303,511.9725,82.3299,0.1918,0.000814,0.0332,-0.1748,-0.0252,ROTATE2
-19.4558,-57.9129,500.9331,0.2714,504.6449,0.6188,0.0327,507.0817,10.4876,0.2135,0.001439,-0.0104,-0.2004,-0.0317,ROTATE2
-73.8959,-53.2491,503.1434,0.2969,511.3212,6.6763,0.0254,506.7211,6.6499,0.2397,0.0017,-0.0562,-0.2219,-0.0367,ROTATE2
-101.9699,-50.6993,504.9116,0.3118,517.5944,6.2732,0.0149,508.7787,25.9935,0.2655,0.001425,-0.1004,-0.2364,-0.0402,ROTATE2
-112.1728,-43.4657,506.3262,0.3235,520.4211,2.8267,0.0117,511.6016,43.9124,0.2885,0.00092,-0.1421,-0.2428,-0.0421,ROTATE2
-121.7007,-38.1632,507.4578,0.3369,523.2408,2.8196,0.0134,515.4445,44.761,0.3081,0.000511,-0.1811,-0.2411,-0.043,ROTATE2
-127.7731,-32.5055,508.3632,0.3452,525.1815,1.9407,0.0082,519.5518,23.5264,0.3229,0.000299,-0.2163,-0.231,-0.0413,ROTATE2
-144.0341,-23.6482,509.0874,0.3546,529.5989,4.4174,0.0095,523.2074,16.8038,0.3344,0.000232,-0.2486,-0.2141,-0.0377,ROTATE2
-161.3616,-7.3154,509.6668,0.3666,534.6507,5.0518,0.012,526.6186,25.0561,0.3454,0.000217,-0.2797,-0.1924,-0.0318,ROTATE2
-178.3362,14.9539,510.1303,0.3829,540.6111,5.9604,0.0163,530.6566,40.2268,0.3573,0.000263,-0.3102,-0.1662,-0.0255,ROTATE2
-188.0565,41.9069,510.5012,0.3996,545.649,5.0379,0.0167,535.1382,54.0971,0.3698,0.000382,-0.3385,-0.1363,-0.0196,ROTATE2
-193.6858,66.6224,510.7978,0.4132,550.3337,4.6847,0.0136,540.1686,55.1449,0.3834,0.000452,-0.3644,-0.1035,-0.0156,ROTATE2
-171.0455,88.201,511.0352,0.4294,546.0704,4.2632,0.0162,543.463,28.9147,0.3984,0.000486,-0.3881,-0.0684,-0.0107,ROTATE2
-157.6895,93.6108,511.225,0.4503,543.1206,2.9498,0.0209,545.1569,10.5373,0.4151,0.000544,-0.4096,-0.0284,-0.0084,ROTATE2
-140.6485,84.7543,511.3769,0.4758,537.0955,6.0251,0.0255,544.4538,18.9073,0.4337,0.00073,-0.4286,0.0153,-0.0073,ROTATE2
-118.6532,64.9909,511.4984,0.4935,529.087,8.0085,0.0177,541.1414,54.8778,0.4525,0.000862,-0.4434,0.0612,-0.0069,ROTATE2
-92.5913,30.374,471.5987,0.5018,481.5611,47.5259,0.0083,527.3869,558.7552,0.4702,0.000727,-0.4534,0.1067,-0.0067,ROTATE2
-64.3262,-13.1414,383.104,0.5058,388.6891,92.872,0.004,495.9106,3345.6021,0.4855,0.000415,-0.458,0.1506,-0.0071,ROTATE2
-32.4234,-60.8256,258.4801,0.5067,267.5126,121.1765,0.0009,440.7891,10294.5898,0.4967,0.000131,-0.4573,0.1879,-0.0053,ROTATE2
-4.1294,-106.9386,104.4685,0.4994,149.5546,117.958,0.0073,363.2809,19395.5859,0.5014,2.3e-05,-0.4508,0.2163,-0.0025,ROTATE2
4.2059,-152.3478,-18.8252,0.4869,153.5641,4.0095,0.0125,288.1763,17052.7852,0.5001,5.1e-05,-0.4407,0.2348,0.0011,ROTATE2
8.0741,-182.6001,-117.4602,0.4657,217.2669,63.7028,0.0212,235.3175,7784.8193,0.4929,0.000235,-0.4288,0.2425,0.0058,ROTATE2
31.6249,-193.6395,-196.3682,0.4342,277.5911,60.3243,0.0315,213.0979,2943.948,0.4786,0.000685,-0.4146,0.2386,0.0102,ROTATE2
37.753,-187.9272,-259.4945,0.3986,322.6133,45.0222,0.0356,224.118,4629.0391,0.4569,0.001339,-0.3974,0.2247,0.0138,ROTATE2
16.6274,-182.5636,-309.9956,0.355,360.1434,37.5301,0.0436,266.2357,5443.7744,0.4281,0.002224,-0.3767,0.2015,0.0168,ROTATE2
-36.3606,-173.2415,-350.3965,0.3076,392.5716,32.4282,0.0474,314.0373,3811.9578,0.3922,0.00315,-0.3516,0.1704,0.0193,ROTATE2
-90.8884,-160.7089,-382.7172,0.2581,424.9241,32.3526,0.0495,355.5687,2673.3752,0.3507,0.003944,-0.3217,0.1326,0.0208,ROTATE2
-140.2764,-143.289,-408.5738,0.2168,455.1283,30.2041,0.0413,391.0761,2178.9185,0.3072,0.004244,-0.2887,0.0904,0.0205,ROTATE2
-179.9055,-129.1968,-429.259,0.1858,483.0332,27.905,0.031,423.1602,1903.3269,0.2647,0.003713,-0.2533,0.0454,0.0184,ROTATE2
-204.69,-116.4762,-445.8072,0.1674,504.1912,21.158,0.0184,451.9697,1592.3218,0.2271,0.002564,-0.217,0.001,0.0157,ROTATE2
-214.5114,-102.5466,-459.0458,0.1598,516.9661,12.7749,0.0076,476.8486,1112.6416,0.1976,0.001302,-0.1809,-0.041,0.0132,ROTATE2
-220.456,-86.9748,-469.6366,0.1606,526.0457,9.0795,0.0009,497.0729,648.4592,0.1781,0.000463,-0.1455,-0.0782,0.0108,ROTATE2
-225.1585,-62.8204,-478.1093,0.1702,532.1948,6.1491,0.0096,512.4862,305.728,0.1687,8.8e-05,-0.1099,-0.1105,0.0091,ROTATE2
-235.6768,-28.5126,-484.8875,0.1872,539.8818,7.6871,0.0171,523.8559,153.0662,0.169,9.8e-05,-0.073,-0.1383,0.0068,ROTATE2
-257.9665,19.0805,-490.31,0.2121,554.3597,14.4778,0.0249,533.8896,161.147,0.178,0.000389,-0.0328,-0.1624,0.0023,ROTATE2
-288.7388,81.3582,-494.648,0.2393,578.5031,24.1434,0.0272,546.197,350.467,0.1939,0.000821,0.0096,-0.1825,-0.0056,ROTATE2
-317.0598,149.2022,-498.1184,0.2663,609.0239,30.5208,0.027,562.7927,783.2801,0.215,0.001201,0.0534,-0.1982,-0.0177,ROTATE2
-343.2635,215.9836,-500.8947,0.2988,644.4954,35.4714,0.0325,585.2528,1426.6429,0.2407,0.00154,0.0968,-0.2109,-0.0332,ROTATE2
-377.0108,272.315,-503.1158,0.3318,685.1409,40.6456,0.0331,614.3046,2166.4587,0.2696,0.001791,0.1383,-0.2215,-0.0495,ROTATE2
-404.0086,312.4739,-504.8926,0.357,718.1779,33.0369,0.0252,647.0682,2532.2551,0.2986,0.001815,0.1774,-0.2281,-0.0645,ROTATE2
-425.6069,339.1104,-506.3141,0.3731,743.2974,25.1196,0.0161,680.0271,2357.7444,0.3254,0.001503,0.215,-0.2288,-0.0763,ROTATE2
-416.5105,353.3883,-507.4513,0.3806,745.5676,2.2702,0.0075,707.3358,1462.7988,0.3482,0.000892,0.25,-0.2233,-0.0834,ROTATE2
-381.8428,361.9357,-508.361,0.378,731.5957,13.9719,0.0026,724.7559,487.2631,0.3641,0.000328,0.2813,-0.2084,-0.0856,ROTATE2
-316.8836,364.1298,-509.0888,0.3767,701.5533,30.0424,0.0013,728.0384,270.2909,0.3731,7.1e-05,0.3087,-0.1844,-0.0831,ROTATE2
-240.5412,358.7601,-509.6711,0.392,668.0819,33.4714,0.0153,718.0192,869.4167,0.3801,4.2e-05,0.3338,-0.1543,-0.0774,ROTATE2
-165.0111,354.9362,-510.1368,0.4176,642.9992,25.0827,0.0255,697.9596,1464.8296,0.389,0.000234,0.3584,-0.1209,-0.0691,ROTATE2
-89.2995,354.2302,-510.5095,0.4423,627.7526,15.2466,0.0248,674.3966,1442.1116,0.4013,0.000637,0.3832,-0.0858,-0.0573,ROTATE2
-22.5677,358.1216,-510.8076,0.4536,624.2474,3.5052,0.0112,652.9269,829.8048,0.4165,0.000845,0.4066,-0.0483,-0.0426,ROTATE2
36.3614,371.9379,-511.0461,0.4602,633.1099,8.8625,0.0066,639.2382,248.0609,0.4332,0.000634,0.4271,-0.0078,-0.0257,ROTATE2
89.4735,393.0972,-511.2368,0.4559,651.0715,17.9616,0.0043,635.8361,98.1,0.4459,0.000236,0.4387,0.0355,-0.0075,ROTATE2
126.0101,414.9153,-511.3895,0.4433,670.4867,19.4152,0.0126,641.3336,297.7482,0.4511,5e-05,0.4377,0.0803,0.0102,ROTATE2
132.4799,432.6541,-511.5116,0.4369,682.9236,12.4369,0.0064,652.3678,485.0515,0.45,7.4e-05,0.4243,0.1275,0.0258,ROTATE2
124.5558,442.1233,-511.6093,0.4339,687.5545,4.6309,0.003,665.0292,414.2089,0.4461,0.000107,0.402,0.1733,0.0388,ROTATE2
105.3509,419.183,-511.6874,0.4339,669.8038,17.7507,0.0001,672.368,161.1413,0.4408,6.9e-05,0.3728,0.2168,0.0491,ROTATE2
63.7245,402.3495,-448.1406,0.4326,605.6202,64.1836,0.0013,663.2777,878.8534,0.4361,1.5e-05,0.3401,0.2566,0.0567,ROTATE2
18.8765,365.5858,-322.4906,0.4369,487.8622,117.7581,0.0044,626.7528,5688.5166,0.4348,3e-06,0.3074,0.2934,0.0625,ROTATE2
-24.6707,302.7031,-161.4268,0.4356,343.9424,143.9197,0.0013,558.9567,16457.5059,0.4346,2e-06,0.2761,0.3238,0.0654,ROTATE2
-64.0241,236.075,-26.7446,0.4341,246.0605,97.882,0.0015,470.6578,24934.1484,0.4346,2e-06,0.2483,0.3474,0.0652,ROTATE2
-110.5724,146.6319,81.0012,0.4277,200.7196,45.3409,0.0064,376.841,22774.0547,0.4334,1e-05,0.2232,0.3643,0.0619,ROTATE2
-163.4017,53.6399,167.1978,0.414,239.8592,39.1397,0.0137,303.6888,10707.6172,0.4297,7.1e-05,0.2035,0.373,0.0575,ROTATE2
-209.7557,-19.8475,236.1552,0.3998,316.4817,76.6224,0.0142,269.4127,2781.5298,0.4223,0.000184,0.1905,0.3728,0.0527,ROTATE2
-245.2327,-93.5967,291.321,0.3761,392.1318,75.6501,0.0237,279.0505,4589.7012,0.4104,0.000432,0.1838,0.3633,0.05,ROTATE2
-251.5174,-148.8524,335.4537,0.3549,444.9126,52.7808,0.0212,318.821,8292.3887,0.3945,0.000683,0.1818,0.346,0.0493,ROTATE2
-242.7358,-187.5757,370.7598,0.3277,481.2153,36.3027,0.0272,374.9201,7630.0703,0.3745,0.000956,0.1857,0.3199,0.0501,ROTATE2
-220.8793,-213.1418,399.0048,0.3055,503.4102,22.1949,0.0222,427.6303,4505.3589,0.3528,0.001125,0.1935,0.2881,0.05,ROTATE2
-198.0534,-230.8697,421.6007,0.2821,519.878,16.4677,0.0234,468.3096,2081.6772,0.3293,0.001129,0.2024,0.2512,0.0475,ROTATE2
-178.3709,-244.8239,439.6775,0.2568,533.9205,14.0425,0.0253,496.6673,977.8641,0.3054,0.001172,0.2105,0.2108,0.0417,ROTATE2
-160.1655,-256.8029,454.1389,0.2329,545.7498,11.8292,0.0239,516.8348,517.245,0.281,0.001137,0.2164,0.1662,0.0329,ROTATE2
-146.698,-265.9204,465.708,0.2103,555.9837,10.2339,0.0226,531.7885,346.4111,0.2575,0.00115,0.2182,0.1194,0.0219,ROTATE2
-134.174,-273.7769,474.9633,0.1938,564.3993,8.4156,0.0165,543.9863,249.2536,0.2352,0.001001,0.2138,0.0707,0.0105,ROTATE2
-123.9517,-274.9653,482.3675,0.1863,568.901,4.5017,0.0076,553.7909,161.0306,0.216,0.000672,0.2033,0.0217,-0.0001,ROTATE2
-109.4145,-273.1441,488.2909,0.1881,570.0941,1.1931,0.0018,561.0255,82.8826,0.2023,0.000306,0.1875,-0.0261,-0.0095,ROTATE2
-92.3816,-263.6747,493.0296,0.1993,566.6894,3.4047,0.0112,565.2135,25.0896,0.1955,7.5e-05,0.1666,-0.072,-0.0167,ROTATE2
-71.0772,-249.2085,496.8206,0.2194,560.3459,6.3435,0.02,566.0859,12.0293,0.1974,0.000142,0.1426,-0.1155,-0.0227,ROTATE2
-55.643,-229.9887,499.8533,0.2381,553.0319,7.314,0.0187,563.8124,40.3731,0.2062,0.000393,0.1163,-0.155,-0.0281,ROTATE2
-43.2363,-215.2534,502.2795,0.2543,548.168,4.8639,0.0162,559.6659,66.9498,0.2198,0.00059,0.0875,-0.1899,-0.0333,ROTATE2
-32.6765,-192.9434,504.2205,0.2709,540.8634,7.3046,0.0166,553.8197,81.7295,0.2364,0.000636,0.056,-0.2198,-0.0385,ROTATE2
-29.1537,-163.6485,505.7733,0.2911,532.3884,8.475,0.0202,546.9595,93.4017,0.2548,0.000622,0.0227,-0.2443,-0.0442,ROTATE2
-32.8761,-134.975,507.0155,0.3172,525.7032,6.6852,0.0261,540.0309,99.9247,0.2743,0.00077,-0.0126,-0.2646,-0.0499,ROTATE2
-41.3321,-105.0519,508.0093,0.3383,520.4015,5.3017,0.0211,533.5049,100.5935,0.2944,0.000925,-0.0494,-0.2808,-0.0547,ROTATE2
-46.8282,-76.8759,508.8043,0.348,516.7056,3.6959,0.0097,527.2124,74.4402,0.3131,0.000828,-0.0861,-0.2918,-0.0579,ROTATE2
-50.4376,-48.4257,509.4403,0.3565,514.2164,2.4892,0.0085,521.883,42.5471,0.3302,0.000555,-0.1222,-0.2974,-0.0598,ROTATE2
-43.5594,-12.3437,509.9492,0.3609,511.955,2.2614,0.0044,517.7963,23.4864,0.3442,0.000241,-0.1566,-0.297,-0.0601,ROTATE2
-44.3038,17.2094,510.3562,0.3665,512.5646,0.6096,0.0056,515.1686,9.552,0.3541,9.8e-05,-0.1888,-0.2901,-0.0589,ROTATE2
-49.1493,42.3675,510.6819,0.3684,514.788,2.2234,0.0018,514.0459,2.8439,0.3601,5.4e-05,-0.2186,-0.2768,-0.0562,ROTATE2
-62.0569,62.9847,510.9424,0.3757,518.5366,3.7487,0.0073,514.4121,5.3284,0.3656,4.3e-05,-0.2475,-0.2596,-0.0532,ROTATE2
-72.308,81.769,511.1508,0.3903,522.6756,4.139,0.0146,516.104,16.1154,0.3724,0.000103,-0.2767,-0.2385,-0.0505,ROTATE2
-73.7121,96.0527,511.3175,0.4055,525.4571,2.7815,0.0152,518.8044,22.8767,0.3813,0.000217,-0.3071,-0.2132,-0.0479,ROTATE2
-63.7228,106.8796,511.4509,0.4132,526.3705,0.9134,0.0078,521.5656,18.9148,0.3906,0.00029,-0.3372,-0.181,-0.0444,ROTATE2
-49.5313,114.3193,511.5576,0.4197,526.5107,0.1402,0.0064,523.91,9.1216,0.4009,0.000255,-0.3656,-0.143,-0.04,ROTATE2
-32.5751,112.6398,511.643,0.4278,524.907,1.6036,0.0081,525.1842,1.9222,0.4113,0.000164,-0.3906,-0.0984,-0.0339,ROTATE2
-15.8694,109.4869,511.7113,0.4407,523.5338,1.3732,0.0129,525.3558,1.1789,0.4214,0.000147,-0.4101,-0.0483,-0.0259,ROTATE2
3.6982,103.077,511.7659,0.4615,522.0564,1.4774,0.0208,524.6757,2.8915,0.4326,0.000293,-0.4248,0.0057,-0.0163,ROTATE2
20.1086,91.0085,511.8096,0.4834,520.2269,1.8295,0.0219,523.4469,4.7657,0.4466,0.000538,-0.4354,0.061,-0.0069,ROTATE2
32.3119,71.4974,473.4789,0.4987,479.9357,40.2912,0.0153,514.132,294.7657,0.4624,0.000686,-0.442,0.1148,0.0015,ROTATE2
38.712,36.8167,375.0551,0.5054,378.8408,101.0948,0.0067,484.9187,3078.8699,0.4779,0.000575,-0.4445,0.1632,0.0089,ROTATE2
32.4446,-6.2904,254.5347,0.5006,256.6712,122.1696,0.0048,431.5462,10351.4014,0.4899,0.000256,-0.4425,0.2032,0.0146,ROTATE2
23.7932,-57.2948,122.8684,0.4861,137.6425,119.0288,0.0145,354.6634,20077.9023,0.4948,7.3e-05,-0.4354,0.2317,0.0181,ROTATE2
10.647,-90.7702,-4.1053,0.4695,91.4847,46.1578,0.0166,268.915,21095.4629,0.4921,0.000167,-0.4247,0.2468,0.0196,ROTATE2
-1.6511,-121.2193,-105.6843,0.4507,160.8291,69.3444,0.0189,205.0937,10452.8662,0.4825,0.000409,-0.4126,0.2492,0.0191,ROTATE2
3.6697,-147.4098,-186.9474,0.4076,238.1018,77.2727,0.043,176.9459,3840.8601,0.4629,0.001042,-0.3955,0.2398,0.0172,ROTATE2
-1.6892,-177.2716,-251.9579,0.3785,308.0761,69.9743,0.0291,187.2268,5902.9634,0.4385,0.001587,-0.3781,0.2209,0.0141,ROTATE2
-34.1889,-218.4892,-303.9664,0.346,375.9015,67.8254,0.0324,234.8787,10260.1738,0.4105,0.002057,-0.3604,0.1944,0.0112,ROTATE2
-91.873,-244.8632,-345.5731,0.3115,433.3814,57.4799,0.0346,303.258,9352.7402,0.3788,0.00232,-0.3405,0.1621,0.01,ROTATE2
-168.5484,-260.8062,-378.8585,0.2711,489.8593,56.478,0.0404,369.064,7929.1226,0.3429,0.002322,-0.3163,0.1252,0.012,ROTATE2
-233.3668,-265.1043,-405.4868,0.2352,537.7359,47.8766,0.0358,428.9909,6597.7178,0.3085,0.002617,-0.2919,0.0848,0.0161,ROTATE2
-281.9279,-255.3335,-426.7894,0.203,571.6885,33.9526,0.0322,481.7133,4966.5059,0.2734,0.002629,-0.2631,0.043,0.022,ROTATE2
-304.3517,-230.0574,-443.8315,0.1822,585.2715,13.5831,0.0208,523.5873,3118.707,0.2406,0.00216,-0.2306,0.0016,0.0279,ROTATE2
-286.5938,-191.2772,-457.4652,0.1778,572.7106,12.561,0.0045,551.4531,1197.3979,0.2139,0.00123,-0.1965,-0.0396,0.0318,ROTATE2
-269.2094,-147.4686,-468.3722,0.1813,559.9939,12.7167,0.0036,565.4801,256.4728,0.1959,0.000465,-0.1623,-0.079,0.0319,ROTATE2
-261.5457,-98.9811,-477.0977,0.1911,553.0151,6.9788,0.0097,568.5359,124.262,0.1871,8.3e-05,-0.1263,-0.1154,0.0279,ROTATE2
-244.1428,-51.538,-484.0782,0.2158,544.6041,8.411,0.0247,563.119,207.4784,0.1896,0.00019,-0.0897,-0.15,0.0194,ROTATE2
-226.2424,-4.3023,-489.6625,0.2462,539.4196,5.1844,0.0304,553.9486,137.5681,0.2024,0.000656,-0.0534,-0.1827,0.0065,ROTATE2
-220.3752,34.2519,-494.13,0.2656,542.1281,2.7085,0.0194,547.8322,57.6996,0.22,0.001023,-0.0173,-0.2102,-0.0089,ROTATE2
-232.2564,62.5546,-497.704,0.2759,552.7797,10.6516,0.0103,546.3893,30.9319,0.2389,0.000991,0.0192,-0.2309,-0.0248,ROTATE2
-244.1332,81.7468,-500.5632,0.2881,562.8917,10.112,0.0123,548.3646,72.7158,0.2583,0.000641,0.0539,-0.2451,-0.0395,ROTATE2
-241.5128,93.2131,-502.8506,0.3114,565.5757,2.684,0.0232,552.559,111.539,0.2774,0.000477,0.0868,-0.2548,-0.0509,ROTATE2
-244.5259,100.2799,-504.6805,0.3354,569.6941,4.1184,0.024,558.6139,99.0711,0.2953,0.000635,0.12,-0.2602,-0.0578,ROTATE2
-250.3488,107.0739,-506.1444,0.3488,574.736,5.0419,0.0134,565.1354,54.1689,0.3119,0.000755,0.1551,-0.2604,-0.0604,ROTATE2
-247.9885,118.0747,-507.3155,0.3558,576.8959,2.1599,0.007,569.9587,28.0342,0.3279,0.000625,0.1906,-0.2558,-0.0598,ROTATE2
-246.8283,140.7629,-508.2524,0.3614,582.2876,5.3917,0.0056,573.8379,33.3982,0.3425,0.000319,0.2258,-0.2451,-0.0571,ROTATE2
-251.147,171.176,-509.0019,0.3648,592.8397,10.5521,0.0033,579.2906,62.2265,0.3532,0.000109,0.2596,-0.2259,-0.052,ROTATE2
-246.3114,206.7095,-509.6015,0.3675,602.571,9.7313,0.0028,585.8661,108.9665,0.3597,4.5e-05,0.2906,-0.1976,-0.0447,ROTATE2
-213.2491,240.4676,-510.0812,0.3745,602.8953,0.3243,0.007,591.4979,110.4721,0.3648,3.9e-05,0.3176,-0.1646,-0.0356,ROTATE2
-150.9711,272.9023,-510.465,0.3849,598.1993,4.696,0.0103,595.7585,58.657,0.3706,6.9e-05,0.3409,-0.1295,-0.0253,ROTATE2
-52.3644,301.6718,-510.772,0.3938,595.5132,2.6861,0.0089,598.4037,15.379,0.3771,0.000118,0.3603,-0.0928,-0.0138,ROTATE2
31.9522,317.6375,-511.0176,0.4026,602.5392,7.026,0.0089,600.3436,8.8448,0.3847,0.00016,0.3761,-0.0527,-0.0032,ROTATE2
100.0743,336.4694,-511.2141,0.4077,620.1341,17.5949,0.0051,603.8562,73.8469,0.3927,0.000143,0.3873,-0.0108,0.0061,ROTATE2
143.1376,348.6911,-511.3712,0.4138,635.2751,15.141,0.006,610.3322,229.1534,0.4005,0.000104,0.3934,0.0334,0.0128,ROTATE2
158.5726,350.006,-511.497,0.428,639.7489,4.4738,0.0142,618.6421,303.726,0.4092,0.000132,0.395,0.0803,0.0169,ROTATE2
161.2268,345.7955,-511.5976,0.4501,638.2011,1.5478,0.0221,627.1797,200.3574,0.4204,0.000292,0.3936,0.13,0.0187,ROTATE2
145.3752,315.8895,-511.6781,0.4607,618.6555,19.5457,0.0106,630.403,83.0698,0.432,0.000418,0.3868,0.1789,0.0197,ROTATE2
135.9939,320.4491,-511.7425,0.4619,618.9203,0.2648,0.0012,630.1602,88.2912,0.4429,0.00036,0.3753,0.2248,0.0214,ROTATE2
102.4451,309.3562,-511.794,0.4556,606.7366,12.1837,0.0063,624.4525,160.2135,0.4512,0.000152,0.3576,0.2666,0.0238,ROTATE2
62.5967,290.9412,-511.8352,0.4451,592.0645,14.6721,0.0105,614.9156,232.2613,0.4547,4e-05,0.3322,0.3026,0.0281,ROTATE2
26.5086,267.2905,-469.8463,0.436,541.2046,50.8599,0.0091,595.5162,834.1479,0.4518,9.8e-05,0.2991,0.331,0.0346,ROTATE2
-8.3056,227.3949,-360.6364,0.4339,426.4223,114.7823,0.0021,557.0697,4967.4746,0.4465,0.000118,0.2635,0.3525,0.0435,ROTATE2
-30.8945,169.8065,-211.1373,0.4304,272.7044,153.718,0.0034,487.8265,15580.4814,0.4402,8.3e-05,0.2282,0.3686,0.0524,ROTATE2
-58.6781,105.689,-66.5129,0.4209,137.9755,134.7288,0.0095,394.0743,28442.2187,0.4333,6.2e-05,0.1965,0.3786,0.0613,ROTATE2
-91.7956,34.0418,49.1865,0.4057,109.5655,28.4101,0.0152,297.5745,27479.0273,0.4254,0.000123,0.1688,0.383,0.0679,ROTATE2
-138.2396,-47.9166,141.7461,0.386,203.7109,94.1455,0.0197,230.0757,12813.8926,0.4154,0.000311,0.1489,0.3805,0.0713,ROTATE2
-173.4292,-119.3207,215.7937,0.3671,301.4665,97.7556,0.0189,205.0846,5498.2656,0.402,0.000531,0.1365,0.3712,0.0713,ROTATE2
-202.2121,-184.3629,275.0319,0.3513,387.9716,86.505,0.0158,228.138,10741.8477,0.3862,0.000633,0.1317,0.3562,0.0689,ROTATE2
-220.9947,-237.4153,322.4224,0.3364,457.3411,69.3695,0.015,292.0111,15543.0283,0.3693,0.000603,0.1351,0.3364,0.0655,ROTATE2
-226.3083,-271.2979,360.3348,0.3198,504.6376,47.2965,0.0166,371.0255,11684.4727,0.3521,0.000533,0.1474,0.3112,0.063,ROTATE2
-216.0185,-290.8602,390.6647,0.3018,532.8063,28.1687,0.0179,436.8446,6988.0884,0.3353,0.000526,0.1639,0.2824,0.0605,ROTATE2
-182.2867,-306.2538,414.9286,0.2807,546.9786,14.1723,0.0211,485.947,3337.4941,0.318,0.000621,0.1815,0.2498,0.0555,ROTATE2
-147.2981,-320.4436,434.3398,0.2527,559.4926,12.514,0.028,520.2512,1322.6672,0.2983,0.000862,0.1967,0.2124,0.047,ROTATE2
-118.1697,-338.208,449.8687,0.2334,575.0919,15.5993,0.0194,543.8014,578.019,0.2777,0.00099,0.2078,0.171,0.0337,ROTATE2
-98.4264,-366.8383,462.2919,0.2198,598.3075,23.2156,0.0136,562.5353,514.4804,0.2577,0.000906,0.2139,0.1262,0.0149,ROTATE2
-95.0099,-395.8707,472.2304,0.2107,623.4918,25.1843,0.009,580.6725,751.8993,0.2395,0.000625,0.2135,0.0791,-0.0079,ROTATE2
-99.1923,-419.0965,480.1812,0.2099,645.0233,21.5315,0.0009,600.2814,968.5388,0.2253,0.000259,0.2066,0.0282,-0.0302,ROTATE2
-108.9476,-437.6772,486.5418,0.2202,663.4409,18.4177,0.0103,621.071,1001.4078,0.2188,7.2e-05,0.1946,-0.0239,-0.0502,ROTATE2
-140.5643,-452.5418,491.6304,0.2314,682.8271,19.3862,0.0113,642.6181,877.0767,0.2184,6.1e-05,0.1763,-0.075,-0.0655,ROTATE2
-168.1702,-435.099,495.7012,0.2435,680.6703,2.1568,0.012,659.0907,502.6393,0.2231,0.000164,0.1539,-0.1223,-0.0741,ROTATE2
-111.3049,-363.7105,498.9578,0.2349,627.4018,53.2685,0.0085,659.8727,449.4083,0.228,0.000138,0.1283,-0.1614,-0.0744,ROTATE2
-7.0221,-307.4528,501.5631,0.2208,588.3384,39.0634,0.0141,648.5357,1300.2097,0.2302,7.7e-05,0.097,-0.1883,-0.0702,ROTATE2
96.7792,-228.0966,503.6474,0.2325,561.2975,27.0409,0.0116,628.1071,2360.5454,0.2326,5.3e-05,0.0603,-0.207,-0.0642,ROTATE2
179.8203,-139.6648,505.3148,0.2723,554.2424,7.0552,0.0398,602.3901,2191.5247,0.2408,0.0003,0.0201,-0.2233,-0.0591,ROTATE2
201.3062,-68.5412,506.6487,0.3213,549.468,4.7744,0.049,576.1497,837.5551,0.2564,0.001352,-0.0234,-0.2406,-0.0562,ROTATE2
181.1731,-17.6736,507.7159,0.3569,539.3621,10.1058,0.0356,558.5417,272.8227,0.2808,0.002686,-0.0687,-0.2609,-0.0568,ROTATE2
167.0416,16.7361,508.5696,0.3724,535.5614,3.8007,0.0155,547.9863,89.4555,0.3111,0.002728,-0.1098,-0.2822,-0.0584,ROTATE2
159.3177,35.2608,509.2526,0.3768,534.7557,0.8057,0.0044,542.6779,60.8485,0.3399,0.001524,-0.1455,-0.2994,-0.0591,ROTATE2
122.5635,40.693,509.799,0.3811,525.9018,8.8539,0.0043,537.0098,58.2612,0.3617,0.000475,-0.1764,-0.3083,-0.0587,ROTATE2
85.8946,37.6263,510.2361,0.3871,518.7817,7.1201,0.006,530.8726,56.0069,0.3749,0.000104,-0.2041,-0.3071,-0.0571,ROTATE2
59.1656,34.3604,510.5857,0.3935,515.1495,3.6322,0.0064,526.03,67.5851,0.3822,5.6e-05,-0.2294,-0.2982,-0.0554,ROTATE2
51.695,39.9352,510.8655,0.3999,515.025,0.1245,0.0064,521.9227,56.768,0.3877,6.9e-05,-0.2546,-0.2843,-0.0541,ROTATE2
33.7841,53.4419,511.0893,0.4081,514.9851,0.0399,0.0082,517.9686,17.8221,0.3939,9e-05,-0.2811,-0.2668,-0.0531,ROTATE2
5.2086,82.116,511.2683,0.4088,517.847,2.8619,0.0007,516.3576,2.6427,0.3995,7e-05,-0.3082,-0.2434,-0.05,ROTATE2
-28.7394,119.7772,511.4115,0.4075,526.0364,8.1894,0.0013,517.8085,18.0979,0.4035,3.6e-05,-0.3338,-0.2138,-0.0447,ROTATE2
-55.9759,165.9249,511.5261,0.4059,540.6694,14.633,0.0016,522.9125,95.1563,0.406,1e-05,-0.3566,-0.1793,-0.0367,ROTATE2
-74.1245,192.3899,511.6178,0.4144,551.5987,10.9293,0.0085,530.2273,193.7868,0.4089,8e-06,-0.3773,-0.1403,-0.029,ROTATE2
-75.4683,186.8932,511.6911,0.4271,549.9567,1.642,0.0127,537.2216,176.2509,0.4127,6e-05,-0.3951,-0.0987,-0.0216,ROTATE2
-63.7934,207.0958,511.7498,0.4422,555.7393,5.7826,0.0152,544.8001,112.3233,0.4194,0.000186,-0.4107,-0.0577,-0.0176,ROTATE2
-43.0785,197.2391,465.928,0.455,507.7873,47.952,0.0128,541.1503,302.5764,0.4289,0.000321,-0.4245,-0.0183,-0.0172,ROTATE2
-12.6065,152.0007,379.0705,0.4631,408.6045,99.1828,0.008,514.7373,3118.5618,0.4404,0.000317,-0.4366,0.0187,-0.0191,ROTATE2
18.971,89.1068,262.0408,0.4642,277.4262,131.1783,0.0011,459.9027,11103.2949,0.4503,0.000197,-0.4448,0.0514,-0.0204,ROTATE2
44.2987,18.0136,135.1108,0.4619,143.324,134.1022,0.0023,378.5762,22911.7695,0.4573,6.7e-05,-0.4486,0.0787,-0.0207,ROTATE2
68.0546,-59.6892,8.3949,0.4465,90.9104,52.4137,0.0154,285.6104,24542.1172,0.4581,4.4e-05,-0.4461,0.099,-0.0179,ROTATE2
92.2562,-142.7263,-95.6841,0.4141,195.0319,104.1216,0.0323,223.0594,12397.8721,0.4499,0.000362,-0.4354,0.1112,-0.0124,ROTATE2
102.0674,-212.3092,-178.9473,0.3933,295.8295,100.7975,0.0208,200.5044,6062.8457,0.436,0.000775,-0.4205,0.1143,-0.0062,ROTATE2
86.2289,-272.2473,-245.5578,0.3543,376.6334,80.8039,0.039,220.3458,10690.0527,0.414,0.001467,-0.3993,0.1086,0.0006,ROTATE2
31.2269,-320.1979,-298.8463,0.3176,439.1024,62.469,0.0368,279.5015,15575.0723,0.3852,0.002037,-0.3727,0.0944,0.0086,ROTATE2
-30.8685,-349.7177,-341.477,0.2818,489.757,50.6546,0.0357,359.2708,10940.0771,0.3522,0.002336,-0.3426,0.0729,0.0174,ROTATE2
-105.7135,-352.1773,-375.5816,0.2464,525.6099,35.8529,0.0354,425.3864,6707.6592,0.3187,0.002683,-0.3115,0.0452,0.0261,ROTATE2
-180.6396,-335.0387,-402.8653,0.2155,554.2401,28.6302,0.031,477.0685,4000.2708,0.2831,0.002435,-0.2761,0.014,0.0342,ROTATE2
-246.9117,-307.9185,-424.6922,0.1913,579.7781,25.5381,0.0242,517.6974,2441.968,0.2505,0.002045,-0.2402,-0.0184,0.0413,ROTATE2
-299.9293,-268.5004,-442.1538,0.1769,597.9549,18.1768,0.0144,549.468,1485.415,0.2224,0.001439,-0.203,-0.0508,0.0465,ROTATE2
-303.5028,-216.5347,-456.123,0.1696,589.1091,8.8458,0.0073,569.3384,691.7833,0.1999,0.000786,-0.1653,-0.0812,0.048,ROTATE2
-305.196,-144.3028,-467.2984,0.1764,576.4857,12.6234,0.0068,579.5135,216.029,0.1859,0.000268,-0.1257,-0.1106,0.0454,ROTATE2
-300.7818,-54.1891,-476.2387,0.1952,565.8705,10.6151,0.0189,581.8397,120.0946,0.1819,9.5e-05,-0.0847,-0.1388,0.038,ROTATE2
-292.2349,42.2769,-483.391,0.2255,566.441,0.5704,0.0303,579.1722,159.5533,0.1887,0.000411,-0.0425,-0.1663,0.0263,ROTATE2
-258.7066,134.2527,-489.1128,0.2509,569.3718,2.9308,0.0253,573.4556,75.5256,0.2035,0.000937,0.0004,-0.1905,0.0098,ROTATE2
-241.1778,206.0334,-493.6902,0.2758,586.8105,17.4387,0.025,572.9959,61.9786,0.2248,0.001301,0.0389,-0.213,-0.0121,ROTATE2
-263.0204,259.7955,-497.3522,0.2942,619.7036,32.8931,0.0184,581.6395,421.1536,0.2484,0.001242,0.0753,-0.2292,-0.0333,ROTATE2
-286.2319,296.5489,-500.2817,0.3016,648.1912,28.4875,0.0074,598.1036,986.1797,0.2696,0.000792,0.108,-0.2379,-0.0514,ROTATE2
-303.0731,317.5673,-502.6254,0.3053,667.3339,19.1428,0.0037,618.2822,1337.0676,0.2856,0.000404,0.1385,-0.2375,-0.0653,ROTATE2
-303.4303,332.7226,-504.5003,0.3076,676.2358,8.9019,0.0023,639.655,1073.5486,0.2969,0.000132,0.1664,-0.23,-0.0732,ROTATE2
-287.7224,344.8468,-506.0002,0.3112,676.5647,0.3289,0.0036,657.6058,465.2727,0.304,3.4e-05,0.1972,-0.2135,-0.0726,ROTATE2
-251.931,353.7931,-507.2002,0.3164,667.7506,8.8141,0.0052,667.2152,106.1997,0.3084,2.6e-05,0.226,-0.1905,-0.0674,ROTATE2
-200.2948,358.4814,-508.1602,0.3207,653.3404,14.4102,0.0042,668.2451,71.2583,0.3123,3.2e-05,0.2532,-0.1628,-0.0592,ROTATE2
-146.5078,361.2757,-508.9281,0.329,641.087,12.2534,0.0083,662.9957,191.0487,0.317,5.6e-05,0.278,-0.1314,-0.0496,ROTATE2
-104.5031,364.1643,-509.5425,0.3466,634.9568,6.1302,0.0176,654.7399,245.0666,0.3248,0.000152,0.3016,-0.0974,-0.0396,ROTATE2
-75.1556,369.7127,-510.034,0.3629,634.4057,0.5511,0.0163,646.3081,161.4028,0.3351,0.0003,0.3229,-0.0619,-0.029,ROTATE2
-43.8088,388.1765,-510.4272,0.3797,642.7567,8.351,0.0168,641.3093,46.9811,0.3478,0.000468,0.3415,-0.0248,-0.0174,ROTATE2
15.8154,412.938,-510.7418,0.392,656.9818,14.2252,0.0122,642.0376,66.6268,0.362,0.000509,0.3573,0.0126,-0.0037,ROTATE2
88.6023,432.7473,-510.9934,0.4006,675.4516,18.4698,0.0086,648.9105,242.5082,0.3763,0.000382,0.3686,0.0496,0.0117,ROTATE2
161.135,448.5947,-511.1947,0.4068,698.9434,23.4918,0.0062,661.7079,540.4529,0.3884,0.000245,0.3737,0.0864,0.027,ROTATE2
215.9393,461.2727,-511.3558,0.412,721.725,22.7816,0.0052,679.1717,806.7972,0.3982,0.00013,0.373,0.1224,0.0412,ROTATE2
237.7827,471.415,-511.4846,0.4166,735.1118,13.3868,0.0046,697.6427,826.2661,0.4056,7.5e-05,0.3666,0.1568,0.0533,ROTATE2
253.2355,470.282,-511.5877,0.422,739.6049,4.4931,0.0054,714.1673,574.7064,0.4116,5.6e-05,0.3554,0.1909,0.0631,ROTATE2
245.8353,460.3632,-511.6702,0.4236,730.8732,8.7317,0.0016,725.2516,207.8802,0.4162,3.9e-05,0.3393,0.224,0.071,ROTATE2
221.8807,445.2311,-511.7361,0.4265,713.6776,17.1956,0.0029,728.1984,87.5633,0.4201,2.7e-05,0.3187,0.2558,0.0793,ROTATE2
196.2327,429.4162,-511.7889,0.4259,696.2998,17.3777,0.0006,723.1134,256.8294,0.4229,1.3e-05,0.2933,0.2856,0.088,ROTATE2
160.9955,412.8517,-511.8311,0.425,677.006,19.2938,0.0009,711.4922,518.1647,0.4246,3e-06,0.2633,0.3127,0.0974,ROTATE2
120.2495,388.997,-511.8649,0.4253,654.0522,22.9539,0.0003,694.3817,727.2039,0.4253,1e-06,0.2297,0.3361,0.107,ROTATE2
79.6465,356.8914,-453.2982,0.4235,582.4038,71.6484,0.0018,664.6879,2086.9651,0.4252,1e-06,0.1948,0.3549,0.1163,ROTATE2
29.6891,301.2444,-332.2573,0.4239,449.4713,132.9325,0.0004,611.8466,8078.4014,0.4247,1e-06,0.1607,0.3694,0.1241,ROTATE2
-18.1612,223.0799,-169.8402,0.4242,280.9629,168.5085,0.0003,528.7792,21648.5547,0.4244,0.0,0.1306,0.3802,0.129,ROTATE2
-69.6446,122.2545,-33.4753,0.4219,144.6276,136.3353,0.0022,422.3035,35431.7461,0.4238,1e-06,0.1079,0.3871,0.1311,ROTATE2
-122.5344,29.1536,75.6166,0.4189,146.9098,2.2823,0.0031,320.8751,29570.8691,0.4225,4e-06,0.0919,0.3909,0.13,ROTATE2
-200.4276,-79.0771,162.8902,0.4065,270.1067,123.1968,0.0123,258.4156,12505.7217,0.4191,4.3e-05,0.0859,0.3898,0.1271,ROTATE2
-246.9702,-165.6617,232.709,0.3903,377.6129,107.5063,0.0163,244.044,7840.3203,0.4123,0.000159,0.0888,0.383,0.1232,ROTATE2
-245.9668,-234.9294,288.5641,0.3697,446.0501,68.4372,0.0206,277.0614,14638.8623,0.4015,0.000376,0.0998,0.3692,0.1188,ROTATE2
-168.8547,-290.3435,333.2482,0.3456,473.1443,27.0942,0.0241,342.7648,14503.8887,0.3862,0.000684,0.1142,0.3488,0.1141,ROTATE2
-74.8369,-333.2279,368.9954,0.3142,502.7912,29.6469,0.0314,413.9411,6887.6885,0.3653,0.001068,0.1319,0.3203,0.1082,ROTATE2
-32.1289,-350.2104,397.5932,0.281,530.8107,28.0195,0.0333,466.0819,2763.0605,0.3401,0.001518,0.1492,0.2855,0.0988,ROTATE2
-6.3687,-355.609,420.4715,0.2515,550.7219,19.9111,0.0294,500.7037,1431.8281,0.3124,0.001817,0.1648,0.2461,0.0845,ROTATE2
22.1488,-349.0809,438.774,0.2261,561.1334,10.4116,0.0254,523.7203,1035.0106,0.2837,0.001825,0.1771,0.2024,0.068,ROTATE2
18.6628,-334.4554,453.4161,0.2133,563.733,2.5995,0.0128,541.8381,515.3754,0.2572,0.001349,0.1876,0.1558,0.0488,ROTATE2
7.6052,-316.8893,465.1298,0.204,562.8698,0.8632,0.0093,553.8538,154.5343,0.2352,0.000779,0.1952,0.1078,0.0295,ROTATE2
-5.1315,-293.599,474.5007,0.2007,558.0122,4.8576,0.0034,559.2941,22.1998,0.2191,0.00034,0.1983,0.0587,0.012,ROTATE2
-23.5864,-264.4729,481.9975,0.2057,550.2943,7.7179,0.0051,559.2085,23.695,0.21,8.2e-05,0.1969,0.0092,-0.0027,ROTATE2
-36.2691,-227.7034,487.9949,0.2165,539.7252,10.5692,0.0107,554.9269,80.5419,0.208,3.5e-05,0.1909,-0.0387,-0.0156,ROTATE2
-51.8591,-202.1877,492.7928,0.2288,535.1766,4.5486,0.0123,549.2156,110.4288,0.2111,0.000106,0.1789,-0.0845,-0.0274,ROTATE2
-63.106,-171.0377,496.6311,0.2391,529.0356,6.1409,0.0103,542.4487,108.7976,0.2181,0.000202,0.1614,-0.1268,-0.0379,ROTATE2
-77.7661,-145.5457,499.7018,0.2472,526.2443,2.7914,0.0081,536.0952,72.5027,0.2274,0.000223,0.1389,-0.1633,-0.0472,ROTATE2
-81.291,-123.4741,502.1583,0.2554,523.4664,2.7779,0.0082,530.7296,35.2876,0.2374,0.000187,0.1127,-0.1937,-0.0547,ROTATE2
-79.8578,-105.9574,504.1235,0.2639,521.2914,2.1749,0.0085,527.0428,23.3273,0.2469,0.00015,0.0833,-0.218,-0.061,ROTATE2
-74.3206,-92.6878,505.6957,0.2807,519.4639,1.8276,0.0168,523.9003,11.7085,0.2572,0.000206,0.0524,-0.2383,-0.0651,ROTATE2
-69.7377,-83.8659,506.9535,0.2994,518.5544,0.9095,0.0187,521.8041,7.7557,0.2693,0.00035,0.0203,-0.2559,-0.067,ROTATE2
-67.4714,-79.3552,507.9597,0.315,518.5293,0.0251,0.0156,520.2611,3.5766,0.2829,0.000485,-0.0117,-0.2708,-0.0673,ROTATE2
-72.7178,-80.2935,508.7646,0.3276,520.1696,1.6403,0.0126,519.6017,1.0887,0.2973,0.000525,-0.0438,-0.283,-0.0666,ROTATE2
-72.368,-84.7723,509.4086,0.3397,521.46,1.2905,0.0121,519.6354,1.2072,0.3125,0.000431,-0.0761,-0.2929,-0.0645,ROTATE2
-66.4975,-91.0522,509.9237,0.3531,522.2401,0.78,0.0135,520.1906,2.2499,0.327,0.00035,-0.1089,-0.299,-0.062,ROTATE2
-54.1543,-98.5605,510.3359,0.3626,522.5797,0.3397,0.0095,520.9957,2.2078,0.3396,0.000292,-0.141,-0.3001,-0.0597,ROTATE2
-46.064,-100.3234,510.6656,0.3714,522.4615,0.1182,0.0088,521.7821,0.8023,0.3509,0.000246,-0.1723,-0.2972,-0.0577,ROTATE2
-36.5231,-97.8337,510.9294,0.3798,521.4922,0.9692,0.0084,522.0467,0.229,0.3613,0.000196,-0.2035,-0.2904,-0.0544,ROTATE2
-28.1029,-84.8076,511.1404,0.3913,518.8898,2.6025,0.0115,521.5326,1.8892,0.3716,0.000176,-0.2355,-0.2791,-0.0495,ROTATE2
-27.251,-55.2086,511.3092,0.4008,515.0026,3.8871,0.0095,520.0851,8.2221,0.3812,0.000186,-0.2676,-0.2628,-0.0427,ROTATE2
-31.9133,-12.1419,511.4442,0.4091,512.5828,2.4199,0.0083,518.0858,14.2373,0.3905,0.000187,-0.299,-0.2422,-0.0346,ROTATE2
-40.9838,35.7584,511.5523,0.4176,514.4357,1.8529,0.0084,516.4807,10.496,0.3997,0.000175,-0.3296,-0.2169,-0.0257,ROTATE2
-43.4589,87.1129,511.6387,0.4244,520.8181,6.3824,0.0069,516.3458,9.2173,0.4086,0.000138,-0.3583,-0.1866,-0.0175,ROTATE2
-45.239,128.9122,511.7079,0.4329,529.6318,8.8137,0.0084,518.4943,38.6108,0.417,0.000126,-0.3833,-0.1519,-0.0108,ROTATE2
-42.1631,180.9142,511.7632,0.4389,544.4348,14.803,0.0061,524.3807,136.1052,0.4246,0.000113,-0.4041,-0.1137,-0.0049,ROTATE2
-49.0148,231.2251,511.8074,0.4411,563.7502,19.3155,0.0022,534.6141,313.5364,0.431,7.9e-05,-0.4199,-0.0704,-0.0016,ROTATE2
-27.7181,256.8801,511.8428,0.4569,573.3574,9.6072,0.0157,546.3985,393.4404,0.4388,0.000115,-0.4327,-0.0237,0.0004,ROTATE2
-3.7026,265.4603,511.8712,0.4777,576.6238,3.2664,0.0208,557.5596,320.7126,0.4495,0.000261,-0.4432,0.0248,0.0007,ROTATE2
19.5848,241.8401,458.9344,0.498,519.1252,57.4985,0.0203,555.4583,455.7444,0.4625,0.000507,-0.4515,0.0737,-0.0005,ROTATE2
38.1709,192.7315,355.5288,0.5127,406.2058,112.9194,0.0147,527.8125,4122.4116,0.4773,0.000681,-0.4578,0.1207,-0.0032,ROTATE2
43.3899,128.5852,230.4356,0.5123,267.4273,138.7785,0.0004,468.5479,13911.9033,0.4915,0.000463,-0.462,0.16,-0.006,ROTATE2
39.7244,51.4431,97.7203,0.499,117.3613,150.066,0.0133,377.3487,28064.0039,0.4999,0.000163,-0.461,0.1897,-0.0093,ROTATE2
24.942,-31.658,-24.2237,0.4763,47.0226,70.3388,0.0226,271.4285,30725.8633,0.4997,0.000175,-0.4538,0.2075,-0.0125,ROTATE2
16.4067,-108.317,-121.779,0.4442,163.8044,116.7818,0.0321,200.3643,15721.5957,0.4889,0.000673,-0.4401,0.212,-0.0152,ROTATE2
6.1785,-179.413,-199.8232,0.4115,268.6196,104.8152,0.0327,172.8471,7422.0093,0.4687,0.001349,-0.4213,0.2044,-0.0164,ROTATE2
-11.8041,-237.3866,-262.2586,0.3785,353.9369,85.3173,0.033,190.149,11892.2725,0.4419,0.001878,-0.3996,0.1873,-0.0153,ROTATE2
-39.9807,-275.5562,-312.2069,0.3462,418.3334,64.3965,0.0323,250.3434,17622.9258,0.4114,0.002126,-0.3766,0.1632,-0.012,ROTATE2
-96.3033,-296.4762,-352.1655,0.3125,470.3116,51.9782,0.0337,335.0012,11865.3145,0.3786,0.002161,-0.353,0.1321,-0.006,ROTATE2
-151.3896,-298.6841,-384.1324,0.2806,509.5966,39.285,0.0319,404.1596,7317.4687,0.3459,0.002148,-0.3289,0.0977,0.0018,ROTATE2
-186.3304,-287.916,-409.7059,0.2516,534.2972,24.7007,0.0291,457.2952,4207.0283,0.3139,0.002042,-0.3037,0.0606,0.01,ROTATE2
-207.6174,-265.4891,-430.1647,0.23,546.4716,12.1743,0.0215,495.8021,2178.1455,0.2842,0.001732,-0.2775,0.0224,0.0173,ROTATE2
-220.219,-224.0944,-446.5318,0.2125,545.9902,0.4813,0.0175,521.3334,829.7852,0.2574,0.001276,-0.2496,-0.0156,0.0241,ROTATE2
-245.6189,-168.4474,-459.6254,0.197,547.6849,1.6946,0.0155,536.8081,208.5538,0.2343,0.000867,-0.2195,-0.0506,0.0286,ROTATE2
-270.3202,-98.2954,-470.1003,0.1856,551.1164,3.4315,0.0114,545.1121,32.4502,0.2153,0.000552,-0.1859,-0.0841,0.0299,ROTATE2
-276.4374,-22.8645,-478.4803,0.1852,553.0676,1.9512,0.0004,548.8661,7.6233,0.202,0.000294,-0.1483,-0.1153,0.0264,ROTATE2
-251.2999,41.7834,-485.1842,0.1987,547.9974,5.0702,0.0135,549.1713,6.5343,0.1958,0.000101,-0.1057,-0.1442,0.0176,ROTATE2
-176.9743,100.208,-490.5474,0.2258,531.0351,16.9623,0.0271,546.1803,61.3487,0.1984,0.000218,-0.0578,-0.1703,0.003,ROTATE2
-115.2607,142.2727,-494.8379,0.2477,527.6278,3.4073,0.0219,542.1689,113.6433,0.2086,0.0006,-0.0078,-0.1915,-0.0149,ROTATE2
-72.7648,172.6744,-498.2703,0.2693,532.3387,4.7109,0.0216,538.4133,102.8541,0.2253,0.00095,0.0417,-0.2068,-0.0334,ROTATE2
-42.8275,190.2864,-501.0163,0.2866,537.6434,5.3047,0.0173,535.3285,50.5067,0.2456,0.000968,0.0893,-0.2147,-0.0498,ROTATE2
-56.1838,199.1135,-503.213,0.3019,544.0829,6.4395,0.0153,534.5455,33.1212,0.2662,0.000735,0.1337,-0.2149,-0.0625,ROTATE2
-92.769,202.0158,-504.9704,0.3226,551.735,7.6522,0.0208,538.6856,72.6126,0.2856,0.000669,0.1741,-0.2092,-0.0698,ROTATE2
-138.9433,200.9564,-506.3763,0.342,562.2328,10.4977,0.0194,545.6066,111.1521,0.3045,0.000661,0.2117,-0.2009,-0.0724,ROTATE2
-173.114,198.2214,-507.501,0.3588,571.6795,9.4467,0.0168,553.4747,149.9965,0.3224,0.000682,0.2462,-0.1911,-0.0705,ROTATE2
-175.9631,199.4802,-508.4008,0.37,573.7828,2.1033,0.0112,560.7026,130.1117,0.3391,0.000601,0.2771,-0.1806,-0.0637,ROTATE2
-151.4767,206.9967,-509.1207,0.3806,570.0848,3.6981,0.0106,565.903,65.4297,0.3548,0.000422,0.3052,-0.1684,-0.0527,ROTATE2
-111.0939,217.913,-509.6965,0.3903,565.3481,4.7367,0.0098,568.6256,17.9326,0.3683,0.000284,0.3303,-0.1514,-0.0401,ROTATE2
-69.7876,224.0554,-510.1572,0.401,561.5439,3.8042,0.0107,568.4879,19.7701,0.3801,0.00022,0.3531,-0.1276,-0.0288,ROTATE2
-36.8332,221.0756,-510.5258,0.4106,557.5551,3.9888,0.0096,565.663,33.6578,0.3905,0.000207,0.3733,-0.0957,-0.0208,ROTATE2
-14.6478,214.3542,-510.8206,0.4192,554.166,3.389,0.0086,561.7396,31.5142,0.4004,0.000191,0.3907,-0.0563,-0.017,ROTATE2
-10.2714,207.8646,-511.0565,0.4244,551.8079,2.3582,0.0052,558.0842,23.9516,0.4091,0.000152,0.4036,-0.0147,-0.0164,ROTATE2
-2.9827,201.8667,-511.2452,0.4281,549.6642,2.1437,0.0037,554.9474,17.7386,0.4167,9.6e-05,0.4116,0.0259,-0.0171,ROTATE2
1.7107,197.7652,-511.3961,0.4316,548.3065,1.3577,0.0035,552.2999,10.847,0.4228,5.4e-05,0.4151,0.0625,-0.0167,ROTATE2
0.3217,196.3153,-511.5169,0.4375,547.8954,0.4111,0.0059,550.368,5.4714,0.4282,3.9e-05,0.4153,0.0953,-0.0132,ROTATE2
-10.6333,196.5554,-511.6135,0.443,548.1747,0.2793,0.0055,549.1697,2.1127,0.4329,4.4e-05,0.413,0.1236,-0.0056,ROTATE2
-14.7598,193.3349,-511.6908,0.4364,547.1963,0.9784,0.0066,548.2474,0.649,0.4353,2.6e-05,0.4066,0.1494,0.0059,ROTATE2
-20.2891,181.4429,-502.1933,0.4263,534.3513,12.845,0.0101,545.1849,29.4887,0.4349,3.2e-05,0.3957,0.1733,0.0207,ROTATE2
-39.1781,165.9919,-422.0859,0.4122,455.2414,79.1099,0.0141,526.5718,1299.0602,0.4311,0.000118,0.3795,0.1949,0.0384,ROTATE2
-66.1237,146.8466,-289.0593,0.3985,330.8951,124.3463,0.0137,483.1717,6982.4287,0.4233,0.000261,0.3589,0.2118,0.0573,ROTATE2
-100.6302,117.6867,-128.8506,0.3902,201.4425,129.4526,0.0083,413.8253,17202.6992,0.4127,0.000291,0.3358,0.2241,0.075,ROTATE2
-128.0042,74.7556,-0.6836,0.3835,148.2361,53.2064,0.0067,334.0333,21385.8926,0.4021,0.000238,0.3142,0.2317,0.0903,ROTATE2
-171.3721,30.6295,101.85,0.369,201.6928,53.4567,0.0145,267.5016,12436.7637,0.3907,0.000209,0.2946,0.2339,0.1025,ROTATE2
-179.2571,1.7817,183.8769,0.3519,256.8015,55.1086,0.0171,227.8136,3835.2808,0.3786,0.000272,0.2808,0.2272,0.1119,ROTATE2
-180.1557,-11.5309,249.4984,0.3399,307.9586,51.1571,0.0119,223.2263,2973.7205,0.3669,0.000355,0.2733,0.2158,0.1139,ROTATE2
-187.6058,-19.6591,301.9956,0.3225,356.067,48.1085,0.0175,254.1512,5451.7974,0.3534,0.000457,0.2695,0.1984,0.1098,ROTATE2
-178.5784,-13.6179,343.9933,0.3086,387.8235,31.7565,0.0139,302.0687,4485.77,0.3384,0.000453,0.2691,0.1749,0.1005,ROTATE2
-170.9627,-3.8443,377.5916,0.2896,414.5098,26.6863,0.019,344.6321,3187.6655,0.3225,0.000489,0.2709,0.1462,0.0857,ROTATE2
-173.1233,5.4995,404.4701,0.273,439.9977,25.4879,0.0166,381.2713,2121.3079,0.3067,0.000558,0.2717,0.1166,0.0649,ROTATE2
-172.9518,5.3871,425.973,0.2607,459.7764,19.7787,0.0122,411.6349,1357.0173,0.2909,0.000509,0.2697,0.083,0.0437,ROTATE2
-174.5458,-9.2622,443.1753,0.2506,476.3994,16.623,0.0101,435.7014,999.1523,0.2765,0.000427,0.265,0.0463,0.0232,ROTATE2
-182.9398,-33.6535,456.9371,0.24,493.3468,16.9474,0.0106,456.8061,759.8876,0.2628,0.000298,0.2554,0.0083,0.0037,ROTATE2
-186.7737,-66.1884,467.9466,0.2206,508.1725,14.8257,0.0194,475.5386,578.8895,0.249,0.00032,0.2396,-0.0287,-0.0125,ROTATE2
-200.8502,-103.6882,476.7542,0.2028,527.6235,19.4509,0.0178,493.0637,561.6959,0.235,0.000434,0.2174,-0.0619,-0.0269,ROTATE2
-222.6302,-153.5662,483.8002,0.1895,554.2648,26.6413,0.0133,511.9614,732.0782,0.2207,0.000511,0.1899,-0.0894,-0.0397,ROTATE2
-230.0229,-202.3123,489.437,0.1816,577.3989,23.1341,0.0079,532.1613,927.5236,0.2069,0.000449,0.158,-0.1115,-0.0504,ROTATE2
-220.5433,-244.0655,493.9465,0.1787,593.4564,16.0576,0.003,552.1832,976.752,0.1947,0.000239,0.1217,-0.1293,-0.0582,ROTATE2
-179.9253,-268.4493,497.5541,0.1815,593.2944,0.162,0.0028,569.2076,637.5604,0.1868,7.7e-05,0.0839,-0.144,-0.0622,ROTATE2
-118.3121,-270.5688,500.4402,0.1858,581.0728,12.2216,0.0043,579.8975,205.5964,0.1834,1.5e-05,0.0449,-0.1556,-0.0611,ROTATE2
-61.3622,-260.2332,502.749,0.1999,569.4236,11.6492,0.0141,582.9292,86.9383,0.1855,5.7e-05,0.0047,-0.166,-0.0552,ROTATE2
-24.4804,-243.0959,504.5961,0.232,560.6355,8.7881,0.032,579.5765,168.9829,0.1956,0.000384,-0.0383,-0.1762,-0.0455,ROTATE2
-2.4562,-228.9767,506.0738,0.2651,555.4701,5.1654,0.0332,571.9792,188.9583,0.2129,0.000996,-0.082,-0.1847,-0.0342,ROTATE2
11.5976,-220.2876,507.2559,0.2962,553.1453,2.3248,0.0311,563.9495,104.5576,0.2358,0.001662,-0.1259,-0.191,-0.0232,ROTATE2
37.2999,-217.9395,508.2016,0.3186,554.2182,1.0729,0.0224,558.5785,36.0083,0.2624,0.001827,-0.1683,-0.1953,-0.0125,ROTATE2
65.7962,-213.0454,508.9582,0.3363,555.6581,1.4399,0.0178,555.8254,6.6115,0.2896,0.001398,-0.2089,-0.1961,-0.0018,ROTATE2
81.8245,-200.2551,509.5634,0.3526,553.5812,2.0768,0.0163,554.4146,1.0009,0.3138,0.000943,-0.2452,-0.1911,0.0076,ROTATE2
83.5814,-173.0509,510.0476,0.3697,545.0514,8.5298,0.0171,552.3309,13.97,0.3347,0.000659,-0.278,-0.1809,0.017,ROTATE2
66.0902,-134.2376,510.435,0.384,531.9131,13.1383,0.0142,548.0844,79.182,0.3522,0.00054,-0.3069,-0.1658,0.0257,ROTATE2
42.5503,-84.6745,510.7449,0.3964,519.4619,12.4512,0.0124,541.1331,187.1872,0.3678,0.00046,-0.3331,-0.1466,0.0329,ROTATE2
25.1902,-30.1146,510.9928,0.4058,512.4988,6.963,0.0094,532.5013,234.468,0.3817,0.000358,-0.3564,-0.1243,0.0373,ROTATE2
7.4865,17.524,511.1911,0.4126,511.5462,0.9526,0.0069,524.0943,162.7404,0.3937,0.000236,-0.3764,-0.0989,0.0399,ROTATE2
13.9955,60.5692,511.3498,0.419,515.1146,3.5684,0.0064,518.1069,55.1787,0.4036,0.000152,-0.3926,-0.07,0.0407,ROTATE2
16.0058,125.121,511.4767,0.4278,526.8016,11.687,0.0088,517.0846,31.131,0.4123,0.000116,-0.4055,-0.0366,0.0405,ROTATE2
21.4077,180.4468,511.5782,0.4431,542.8919,16.0903,0.0153,521.7706,141.2452,0.4217,0.000168,-0.416,0.0008,0.0395,ROTATE2
30.4981,220.5512,511.6595,0.4585,558.0039,15.112,0.0154,530.8716,303.7936,0.4322,0.000278,-0.4241,0.042,0.0387,ROTATE2
9.3828,237.1847,511.7245,0.4754,564.098,6.0941,0.0168,541.382,339.4298,0.4448,0.000416,-0.4301,0.0865,0.0366,ROTATE2
2.6688,230.8071,511.7765,0.4918,561.4216,2.6764,0.0165,550.6434,195.9785,0.4593,0.000514,-0.433,0.1345,0.0334,ROTATE2
-19.4962,202.3738,511.8181,0.5085,550.7205,10.7012,0.0167,555.4272,59.4086,0.4755,0.000538,-0.4322,0.1839,0.0296,ROTATE2
-43.6376,174.4678,511.8513,0.5283,542.5266,8.1939,0.0198,555.3541,61.2618,0.4925,0.000597,-0.4271,0.2338,0.0266,ROTATE2
-59.1382,148.618,452.1748,0.5446,479.6319,62.8947,0.0163,539.6797,960.9423,0.5097,0.000612,-0.4188,0.2819,0.0246,ROTATE2
-67.1824,118.4507,344.7149,0.5525,370.6378,108.994,0.008,500.9876,5059.6494,0.5251,0.000505,-0.4079,0.325,0.0228,ROTATE2
-70.4835,73.5574,216.0063,0.555,238.8249,131.8129,0.0025,436.4683,13912.3154,0.5378,0.000302,-0.3972,0.3594,0.0198,ROTATE2
-75.0774,24.4272,106.6207,0.5422,132.6698,106.1551,0.0129,352.8582,22769.6602,0.5445,8.9e-05,-0.3868,0.3818,0.0153,ROTATE2
-57.9025,-37.7864,-17.1035,0.5124,71.2253,61.4445,0.0297,258.5979,22553.2617,0.5413,0.000232,-0.3762,0.3887,0.009,ROTATE2
-26.172,-88.6572,-116.0828,0.4761,148.3923,77.167,0.0363,192.35,10822.3311,0.5277,0.000894,-0.3646,0.3811,0.0008,ROTATE2
-21.5189,-154.3695,-195.2662,0.4333,249.8438,101.4514,0.0428,168.1912,4542.4819,0.5038,0.00198,-0.3523,0.3596,-0.0063,ROTATE2
-26.9276,-204.2206,-258.613,0.3961,330.6234,80.7796,0.0373,186.5509,8484.4238,0.472,0.002767,-0.3386,0.3277,-0.0107,ROTATE2
-47.7483,-243.5984,-309.2904,0.3643,396.5862,65.9628,0.0318,239.3342,13940.6797,0.4364,0.00284,-0.3248,0.2896,-0.0115,ROTATE2
-114.1143,-269.3287,-349.8323,0.3364,456.0073,59.4211,0.0278,316.2906,11755.7168,0.4012,0.002446,-0.3118,0.2498,-0.0084,ROTATE2
-193.6914,-283.8161,-382.2659,0.303,513.9992,57.9919,0.0334,389.412,8588.7529,0.3666,0.002057,-0.2994,0.2075,-0.0007,ROTATE2
-257.3531,-289.8748,-408.2127,0.269,562.9348,48.9356,0.034,452.0302,6793.8896,0.3338,0.001992,-0.2858,0.1648,0.0106,ROTATE2
-308.2825,-283.5123,-428.9702,0.2416,599.5271,36.5923,0.0273,505.8109,5304.6675,0.3029,0.001958,-0.2705,0.1218,0.0246,ROTATE2
-338.3917,-267.9348,-445.5761,0.2225,620.3516,20.8245,0.0192,550.564,3539.7351,0.2745,0.001693,-0.2528,0.078,0.0397,ROTATE2
-361.1915,-244.626,-458.8609,0.2009,633.1307,12.7791,0.0216,585.9886,1860.0859,0.2474,0.001276,-0.2316,0.0342,0.0513,ROTATE2
-388.7438,-217.9727,-469.4887,0.1893,647.3434,14.2128,0.0116,612.6575,865.2435,0.2246,0.000815,-0.2075,-0.0078,0.0594,ROTATE2
-408.8607,-185.025,-477.991,0.1834,655.6498,8.3064,0.0059,631.2006,396.5988,0.2075,0.00047,-0.1806,-0.0479,0.0632,ROTATE2
-401.8573,-139.7075,-484.7928,0.1867,645.0051,10.6448,0.0033,640.2961,151.3409,0.1965,0.000203,-0.15,-0.0864,0.0622,ROTATE2
-384.1921,-82.1285,-490.2342,0.2017,628.2342,16.7709,0.015,641.8727,98.3965,0.1924,5.6e-05,-0.1149,-0.1234,0.0544,ROTATE2
-376.9505,-10.181,-494.5874,0.2263,621.9421,6.2921,0.0246,639.6349,157.5497,0.1975,0.000247,-0.0747,-0.1588,0.0426,ROTATE2
-376.8917,69.3834,-498.0699,0.2608,628.4385,6.4964,0.0344,635.8539,156.4415,0.2118,0.00083,-0.0292,-0.1915,0.0262,ROTATE2
-367.1883,148.0661,-500.8559,0.3054,638.4415,10.0029,0.0446,632.4122,67.5601,0.2362,0.001826,0.0198,-0.2216,0.0057,ROTATE2
-361.9069,215.0216,-503.0847,0.3435,655.9764,17.535,0.0381,634.6066,142.0835,0.2675,0.002656,0.0686,-0.2485,-0.0169,ROTATE2
-372.9505,261.2954,-504.8678,0.3694,679.8962,23.9197,0.0259,644.939,437.4337,0.3011,0.002739,0.1149,-0.2698,-0.039,ROTATE2
-375.7104,282.7082,-506.2942,0.3928,690.9531,11.0569,0.0235,658.7411,564.6224,0.3344,0.002196,0.1576,-0.2854,-0.0593,ROTATE2
-349.5715,273.1853,-507.4354,0.4192,674.0334,16.9196,0.0264,667.8602,344.588,0.3661,0.001549,0.1958,-0.2977,-0.0753,ROTATE2
-307.6041,254.0451,-508.3483,0.443,646.2021,27.8313,0.0238,669.4122,262.9009,0.3936,0.00124,0.2319,-0.304,-0.0854,ROTATE2
-282.4583,235.2361,-509.0786,0.4515,627.917,18.2852,0.0085,663.8004,539.6747,0.4152,0.000942,0.2684,-0.3004,-0.09,ROTATE2
-266.6479,226.4545,-509.6629,0.4493,618.174,9.743,0.0023,651.4559,751.8284,0.4312,0.000499,0.3039,-0.2876,-0.0882,ROTATE2
-247.2995,233.5886,-510.1303,0.438,613.1506,5.0234,0.0113,635.8954,491.1544,0.4402,0.000133,0.3355,-0.2656,-0.0806,ROTATE2
-193.9928,244.1678,-510.5042,0.4258,598.2187,14.9318,0.0122,620.7325,254.2441,0.4415,8.4e-05,0.3621,-0.233,-0.0705,ROTATE2
-113.338,259.5186,-510.8034,0.4302,584.051,14.1678,0.0044,608.3022,239.0993,0.439,0.000103,0.384,-0.193,-0.0595,ROTATE2
-20.9985,274.5086,-511.0427,0.4454,580.4831,3.5679,0.0152,598.8155,226.9337,0.4377,7.8e-05,0.4027,-0.1507,-0.0486,ROTATE2
57.7387,286.2632,-511.2342,0.4539,588.762,8.2789,0.0085,592.9331,137.5954,0.4387,0.000103,0.4184,-0.1074,-0.0403,ROTATE2
90.8878,279.2918,-511.3874,0.4568,589.73,0.968,0.0029,588.249,35.9571,0.4424,0.000155,0.4317,-0.0641,-0.034,ROTATE2
96.6915,259.0553,-511.5099,0.4624,581.4647,8.2653,0.0056,584.8981,14.0551,0.4498,0.000126,0.444,-0.0211,-0.0265,ROTATE2
118.0501,242.2255,-511.6079,0.4543,578.2315,3.2332,0.0081,583.7343,21.4458,0.4546,3e-05,0.4493,0.0219,-0.0186,ROTATE2
109.9963,223.4835,-511.6863,0.4435,569.0931,9.1384,0.0108,581.4562,57.0151,0.4542,3.8e-05,0.4451,0.0642,-0.0096,ROTATE2
79.2814,200.0587,-511.7491,0.4315,555.1542,13.939,0.012,574.7347,139.5211,0.4497,0.000121,0.4331,0.104,0.0017,ROTATE2
39.7345,169.3532,-492.2524,0.4238,522.084,33.0701,0.0077,561.2056,465.9285,0.4431,0.000201,0.4153,0.141,0.0155,ROTATE2
-7.9624,127.2951,-383.5238,0.4271,404.1756,117.9084,0.0033,525.7477,4058.2632,0.436,0.000128,0.394,0.1751,0.0289,ROTATE2
-32.098,45.5204,-245.8472,0.4346,252.0778,152.0978,0.0075,460.5169,14231.3467,0.4321,4.6e-05,0.3736,0.206,0.0424,ROTATE2
-92.8878,-4.5618,-94.2808,0.4152,132.4305,119.6473,0.0194,373.1844,25774.7656,0.4264,4.5e-05,0.3499,0.2331,0.0512,ROTATE2
-145.6009,-60.5057,26.9722,0.4034,159.9626,27.5322,0.0118,294.1461,21997.8164,0.4208,0.000114,0.3284,0.2537,0.0564,ROTATE2
-188.3213,-139.1795,123.9746,0.3845,264.9633,105.0007,0.019,242.722,9132.5615,0.413,0.000315,0.3112,0.2637,0.0581,ROTATE2
-216.6696,-206.6374,201.5766,0.3662,360.9402,95.9768,0.0183,234.0749,6639.4438,0.4008,0.000564,0.2969,0.2626,0.0564,ROTATE2
-217.0763,-267.7099,263.6581,0.3466,433.9427,73.0026,0.0196,270.4479,13241.0596,0.3832,0.000613,0.2851,0.2498,0.0517,ROTATE2
-185.7954,-309.8023,313.3234,0.3274,478.1934,44.2507,0.0192,339.6005,13280.8613,0.3656,0.000722,0.2818,0.2256,0.0467,ROTATE2
-144.2738,-331.8231,353.0556,0.3081,505.5391,27.3457,0.0192,408.7158,7557.1123,0.3466,0.000734,0.2818,0.1929,0.0394,ROTATE2
-103.1347,-336.7741,384.8414,0.286,521.6862,16.1471,0.0221,460.0604,3340.3601,0.3269,0.000791,0.2812,0.155,0.03,ROTATE2
-80.9359,-324.5099,410.27,0.2689,529.3192,7.633,0.0171,493.7361,1200.698,0.3074,0.000775,0.2789,0.113,0.0175,ROTATE2
-78.2393,-317.0829,430.6129,0.253,540.4539,11.1348,0.0159,515.0383,468.3741,0.2887,0.000708,0.2726,0.0684,0.0017,ROTATE2
-84.3977,-321.8945,446.8872,0.2405,557.1779,16.724,0.0126,530.8352,302.471,0.2713,0.000573,0.2605,0.022,-0.0158,ROTATE2
-98.8682,-331.35,459.9066,0.2341,575.3971,18.2192,0.0063,544.8068,376.4379,0.2565,0.000359,0.2418,-0.0234,-0.0347,ROTATE2
-115.0789,-342.0269,470.3222,0.2244,592.814,17.4169,0.0097,559.0324,528.0955,0.2442,0.000239,0.2167,-0.0642,-0.0546,ROTATE2
-109.6944,-345.6402,478.6547,0.2051,600.5084,7.6943,0.0193,573.2703,492.8544,0.2314,0.000259,0.1855,-0.0962,-0.0724,ROTATE2
-58.1649,-321.4434,485.3206,0.1726,585.0172,15.4911,0.0326,582.1829,225.6346,0.2153,0.0006,0.1493,-0.1157,-0.0858,ROTATE2
38.7118,-277.761,490.6534,0.1537,565.1465,19.8707,0.0189,583.7766,156.0927,0.198,0.000934,0.1099,-0.1252,-0.0936,ROTATE2
132.182,-224.5869,494.9196,0.1652,559.336,5.8105,0.0116,580.5644,251.1999,0.1842,0.000697,0.0677,-0.1309,-0.0954,ROTATE2
172.6081,-167.6914,498.3326,0.2046,553.3979,5.938,0.0394,572.6812,306.6476,0.1802,0.000441,0.0236,-0.1387,-0.0931,ROTATE2
178.2177,-120.5438,501.0629,0.2483,545.304,8.094,0.0436,561.6403,179.7791,0.1889,0.001168,-0.0215,-0.1524,-0.088,ROTATE2
172.9679,-85.7131,503.2472,0.2771,539.0013,6.3027,0.0289,552.4371,88.2899,0.2098,0.002234,-0.0659,-0.1719,-0.082,ROTATE2
162.1681,-57.2518,504.9947,0.3015,533.4753,5.526,0.0244,546.1029,87.7721,0.2393,0.002413,-0.1088,-0.1933,-0.0761,ROTATE2
135.7532,-33.4545,506.3926,0.3227,525.3395,8.1357,0.0212,539.3036,92.7421,0.2708,0.001713,-0.1498,-0.2104,-0.0696,ROTATE2
107.8651,-12.5605,507.511,0.3426,518.9991,6.3405,0.0198,532.4238,88.1354,0.2984,0.001104,-0.1886,-0.2189,-0.0609,ROTATE2
88.1765,11.7328,508.4057,0.3618,516.1289,2.8702,0.0192,526.5888,74.0134,0.3211,0.000888,-0.2254,-0.2183,-0.0503,ROTATE2
65.4849,36.8144,509.1214,0.3812,514.634,1.4949,0.0194,521.7154,48.0324,0.342,0.000789,-0.2614,-0.2113,-0.0391,ROTATE2
44.9973,63.7765,509.694,0.3969,515.6357,1.0017,0.0156,518.1475,15.0357,0.361,0.0007,-0.296,-0.1987,-0.0288,ROTATE2
27.9947,87.6993,510.1521,0.4088,518.3918,2.756,0.012,516.7579,2.7716,0.3783,0.000567,-0.3282,-0.1805,-0.0206,ROTATE2
10.9739,117.1064,510.5186,0.4165,523.8927,5.5009,0.0077,517.7366,10.9902,0.393,0.000386,-0.3567,-0.1567,-0.015,ROTATE2
-3.2146,152.8476,510.8117,0.4243,533.1992,9.3065,0.0078,521.1507,46.6354,0.4055,0.00023,-0.3811,-0.1274,-0.0124,ROTATE2
-17.4717,196.575,511.0463,0.4363,547.8278,14.6286,0.012,527.7894,136.4024,0.4166,0.00018,-0.4017,-0.0931,-0.011,ROTATE2
-18.6961,235.2537,511.2339,0.4465,563.0754,15.2477,0.0102,537.2773,265.8595,0.4265,0.000182,-0.4184,-0.0536,-0.0095,ROTATE2
-13.5413,265.3592,511.384,0.4551,576.292,13.2166,0.0086,548.8574,364.8573,0.4357,0.000198,-0.4308,-0.0106,-0.0088,ROTATE2
-1.4393,275.8061,511.5041,0.4658,581.1261,4.8341,0.0107,560.3041,317.4371,0.4456,0.000208,-0.4393,0.0347,-0.0104,ROTATE2
11.2142,260.9261,511.6002,0.4752,574.4066,6.7195,0.0094,568.5456,142.3557,0.4558,0.000189,-0.4435,0.081,-0.0137,ROTATE2
27.6901,233.4065,487.4551,0.4827,541.1634,33.2432,0.0075,567.2127,204.6904,0.4651,0.000172,-0.4427,0.1261,-0.0186,ROTATE2
27.5583,192.9346,416.3766,0.4921,459.7311,81.4323,0.0094,546.5438,2084.5237,0.4742,0.000166,-0.4383,0.1691,-0.0237,ROTATE2
25.7904,146.1977,306.7076,0.4952,340.7469,118.9842,0.0031,499.4348,8158.751,0.4822,0.000117,-0.4313,0.2076,-0.0269,ROTATE2
20.5198,95.0175,161.1598,0.4932,188.207,152.5399,0.0019,420.851,20021.1914,0.4877,5.7e-05,-0.4222,0.2389,-0.027,ROTATE2
6.5565,28.4203,26.5278,0.4828,39.4262,148.7808,0.0105,313.8549,32954.1406,0.4892,2.9e-05,-0.4115,0.2614,-0.0241,ROTATE2
5.2358,-37.8513,-81.1777,0.4521,89.7215,50.2953,0.0306,223.5666,24515.4746,0.4831,0.000258,-0.3974,0.2731,-0.0166,ROTATE2
18.5699,-96.7935,-167.3422,0.4281,194.2093,104.4877,0.024,170.4622,10713.0322,0.4703,0.000681,-0.3818,0.2738,-0.0072,ROTATE2
18.5653,-141.9692,-236.2738,0.3996,276.2702,82.0609,0.0285,157.5669,6986.4326,0.4512,0.001191,-0.3653,0.2641,0.0026,ROTATE2
-20.4665,-186.416,-291.419,0.3599,346.547,70.2768,0.0397,189.2348,12938.5088,0.4245,0.001793,-0.3471,0.2428,0.0125,ROTATE2
-79.5263,-212.8922,-335.5352,0.3083,405.2548,58.7077,0.0516,262.4006,12429.6816,0.3896,0.002597,-0.3258,0.21,0.0209,ROTATE2
-154.5179,-214.045,-370.8282,0.2534,455.1973,49.9426,0.0549,335.4957,8557.292,0.3499,0.003946,-0.3022,0.1689,0.0247,ROTATE2
-215.8612,-191.4954,-399.0626,0.2066,492.4606,37.2633,0.0468,395.146,5934.3604,0.3056,0.004861,-0.2742,0.1212,0.0251,ROTATE2
-250.2765,-138.5682,-421.6501,0.1724,509.5373,17.0766,0.0342,441.7994,3548.6016,0.2601,0.004575,-0.2418,0.0693,0.0223,ROTATE2
-252.9899,-77.6577,-439.72,0.1593,513.2137,3.6765,0.0131,475.1327,1642.8884,0.22,0.003009,-0.2064,0.0161,0.0151,ROTATE2
-230.2294,-23.8167,-454.176,0.1649,509.7536,3.4602,0.0056,496.0325,469.2222,0.1913,0.001235,-0.1685,-0.0351,0.0031,ROTATE2
-188.5711,13.806,-465.7408,0.1927,502.6571,7.0965,0.0278,505.5245,54.3997,0.1792,0.000317,-0.1298,-0.084,-0.0124,ROTATE2
-151.2162,44.4573,-474.9926,0.2293,500.4606,2.1965,0.0366,507.1245,22.8355,0.1837,0.000647,-0.0897,-0.1299,-0.0318,ROTATE2
-137.423,73.2783,-482.3941,0.2637,506.9111,6.4505,0.0344,506.5992,21.4044,0.202,0.001568,-0.0474,-0.1713,-0.0524,ROTATE2
-145.5603,100.3289,-488.3153,0.2929,519.3318,12.4207,0.0292,507.8228,43.5804,0.2287,0.002143,-0.0039,-0.2062,-0.0717,ROTATE2
-159.0326,121.2788,-493.0522,0.3118,532.0718,12.74,0.0189,512.2865,140.5131,0.2581,0.001848,0.0377,-0.2338,-0.0858,ROTATE2
-162.873,131.1293,-496.8418,0.3168,539.0494,6.9776,0.0049,519.5649,212.2428,0.2829,0.001066,0.0765,-0.2522,-0.0911,ROTATE2
-142.7421,132.6253,-499.8734,0.3205,536.5056,2.5438,0.0038,526.7739,144.6751,0.3011,0.000441,0.1115,-0.2612,-0.0907,ROTATE2
-130.8281,128.6252,-502.2987,0.3259,534.7564,1.7491,0.0053,532.343,47.4984,0.3136,0.000128,0.1434,-0.2619,-0.0856,ROTATE2
-117.9656,128.1783,-504.239,0.3364,533.4815,1.2749,0.0105,535.1729,5.8909,0.3223,7.1e-05,0.1733,-0.2566,-0.0771,ROTATE2
-100.4037,134.5458,-505.7912,0.3542,532.9242,0.5573,0.0178,535.3434,4.9497,0.3307,0.000181,0.2031,-0.2481,-0.0674,ROTATE2
-69.4042,148.1866,-507.033,0.368,532.7839,0.1403,0.0138,534.0903,1.9429,0.341,0.000314,0.2335,-0.2369,-0.06,ROTATE2
-39.9796,166.2712,-508.0264,0.3771,536.0366,3.2527,0.0091,533.9965,1.525,0.3523,0.000363,0.2648,-0.2216,-0.0522,ROTATE2
-12.7743,187.1732,-508.8211,0.3806,542.3061,6.2695,0.0035,535.5065,12.9394,0.3632,0.000264,0.294,-0.2023,-0.0446,ROTATE2
8.1868,208.6136,-509.4569,0.3863,550.5751,8.269,0.0057,538.9252,45.8444,0.3732,0.000126,0.321,-0.1782,-0.0373,ROTATE2
23.2901,226.1346,-509.9655,0.3903,558.3405,7.7654,0.004,544.0084,88.1932,0.3804,5.9e-05,0.3444,-0.148,-0.0304,ROTATE2
38.8227,241.6733,-510.3724,0.3971,566.0328,7.6924,0.0068,550.6582,115.7903,0.3863,5e-05,0.3642,-0.1133,-0.0233,ROTATE2
64.6894,257.8949,-510.6979,0.402,575.7664,9.7335,0.0049,558.6041,135.9778,0.3912,5.8e-05,0.3792,-0.0773,-0.0145,ROTATE2
96.5421,272.8597,-510.9583,0.4092,587.2404,11.474,0.0072,567.591,166.0952,0.397,6.7e-05,0.3909,-0.0407,-0.0047,ROTATE2
120.6618,289.2284,-511.1667,0.4161,599.5862,12.3459,0.0069,577.3932,216.8418,0.4029,8.1e-05,0.399,-0.0037,0.0053,ROTATE2
145.2857,289.3889,-511.3333,0.4158,605.2402,5.6539,0.0003,586.7732,211.3469,0.408,5.7e-05,0.4026,0.0341,0.0145,ROTATE2
154.3973,275.0955,-511.4667,0.4089,600.9278,4.3124,0.0069,593.7522,116.6787,0.4104,2.7e-05,0.3999,0.0712,0.0222,ROTATE2
134.2772,252.8545,-511.5733,0.4092,586.2363,14.6915,0.0003,595.8462,58.8935,0.4118,1.1e-05,0.393,0.1071,0.0286,ROTATE2
112.5655,238.568,-511.6587,0.4033,575.6564,10.58,0.0058,593.5294,120.2396,0.4106,2.3e-05,0.3806,0.1409,0.0342,ROTATE2
76.4868,223.2075,-511.7269,0.3964,563.5036,12.1528,0.0069,586.3129,241.1337,0.4067,4.2e-05,0.3629,0.1721,0.0402,ROTATE2
32.9957,203.6942,-466.9003,0.3933,510.4664,53.0372,0.0031,567.358,960.7399,0.4022,4.1e-05,0.342,0.2002,0.0477,ROTATE2
-8.8284,175.7522,-358.0327,0.3925,398.9414,111.525,0.0008,526.9608,4776.2524,0.3989,4.1e-05,0.3209,0.2252,0.056,ROTATE2
-44.9659,133.5736,-207.6856,0.3915,250.9923,147.9491,0.001,459.912,14809.7139,0.3954,1.8e-05,0.2991,0.247,0.0629,ROTATE2
-72.0164,78.812,-63.7516,0.3922,124.3462,126.6461,0.0007,369.65,26504.0117,0.3932,3e-06,0.2803,0.2651,0.067,ROTATE2
-117.0788,10.3278,51.3956,0.3876,128.2794,3.9333,0.0046,282.6051,23063.3105,0.3914,4e-06,0.2653,0.2782,0.0696,ROTATE2
-161.188,-65.7347,143.5134,0.3789,225.6074,97.328,0.0087,225.6333,10083.126,0.3885,2.6e-05,0.2541,0.2852,0.0692,ROTATE2
-173.3348,-142.3596,217.2076,0.3628,312.2344,86.627,0.0161,208.2919,5275.2168,0.3826,0.00012,0.2464,0.285,0.0663,ROTATE2
-150.4366,-200.7252,276.1629,0.3426,373.0787,60.8443,0.0202,232.7092,9745.2861,0.3728,0.000329,0.2416,0.2768,0.0624,ROTATE2
-114.9493,-231.5583,323.3272,0.3096,413.9723,40.8936,0.033,290.6345,10612.7012,0.3563,0.000781,0.2363,0.2595,0.0588,ROTATE2
-66.2282,-232.7747,361.0587,0.2859,434.6649,20.6927,0.0236,351.9116,5734.9434,0.3359,0.001161,0.2321,0.2357,0.0528,ROTATE2
-34.1263,-214.026,391.2438,0.2593,447.2622,12.5973,0.0267,396.2425,2397.5112,0.312,0.001396,0.2281,0.2053,0.0456,ROTATE2
-16.401,-178.4396,415.3919,0.2329,452.3938,5.1316,0.0264,424.2744,830.8466,0.286,0.001458,0.2232,0.1705,0.0367,ROTATE2
-9.4583,-135.8486,434.7104,0.2081,455.5409,3.1471,0.0248,440.7668,230.1657,0.2591,0.001312,0.2167,0.1318,0.0268,ROTATE2
-5.3104,-90.182,450.1653,0.1868,459.1402,3.5994,0.0213,449.8004,72.4871,0.2346,0.001247,0.209,0.0925,0.0164,ROTATE2
-3.1202,-43.3737,462.5291,0.1643,464.5688,5.4286,0.0225,455.7812,34.5222,0.2103,0.001116,0.1965,0.0523,0.0073,ROTATE2
5.9413,8.3104,472.4202,0.1481,472.5306,7.9618,0.0163,460.8349,50.5765,0.188,0.000915,0.1793,0.0129,-0.0001,ROTATE2
17.1249,60.789,480.333,0.1449,484.4671,11.9365,0.0032,467.2495,106.8749,0.1704,0.000575,0.1578,-0.0257,-0.0049,ROTATE2
28.8312,111.4187,486.6633,0.1631,500.0865,15.6194,0.0182,476.1586,215.7374,0.1614,0.000222,0.1343,-0.0637,-0.0076,ROTATE2
42.3962,154.8599,491.7275,0.1894,517.2766,17.19,0.0263,487.7859,360.755,0.1619,0.000249,0.1098,-0.1013,-0.0084,ROTATE2
51.1232,183.338,495.7789,0.2142,531.0585,13.7819,0.0248,501.0838,450.616,0.1719,0.000695,0.0854,-0.1379,-0.0079,ROTATE2
54.083,192.211,499.02,0.2403,537.4858,6.4274,0.0261,514.0749,383.8122,0.1904,0.001176,0.0602,-0.1735,-0.0072,ROTATE2
52.4601,189.2032,501.6129,0.2684,538.67,1.1842,0.0281,524.9155,211.9538,0.2151,0.001368,0.0337,-0.2069,-0.0078,ROTATE2
26.0681,170.5344,503.6872,0.297,532.4118,6.2582,0.0286,531.3806,58.1003,0.2419,0.001453,0.0048,-0.237,-0.0117,ROTATE2
-31.0393,150.2525,505.3467,0.3146,528.1236,4.2882,0.0176,533.5499,15.7309,0.2669,0.001334,-0.025,-0.2613,-0.0186,ROTATE2
-97.6064,109.7926,506.6742,0.3151,527.5417,0.5819,0.0005,532.8466,21.2146,0.2871,0.000835,-0.0572,-0.2768,-0.0261,ROTATE2
-122.1539,69.9122,507.7363,0.3094,526.8828,0.6589,0.0057,530.726,19.5265,0.3009,0.000307,-0.0914,-0.2811,-0.0311,ROTATE2
-107.1356,40.1735,508.5859,0.3152,521.298,5.5848,0.0058,527.2516,12.6108,0.3103,4.8e-05,-0.1277,-0.2749,-0.0305,ROTATE2
-81.0429,35.9638,509.2656,0.3281,516.9263,4.3716,0.0128,524.1545,19.0153,0.3165,3.8e-05,-0.1665,-0.2584,-0.0219,ROTATE2
-66.1124,50.2617,509.8094,0.347,516.5295,0.3969,0.019,521.8357,22.1156,0.323,0.000182,-0.2086,-0.234,-0.007,ROTATE2
-61.2962,73.8969,510.2444,0.3738,519.1987,2.6693,0.0267,520.1671,14.2103,0.3347,0.000548,-0.2521,-0.2066,0.0109,ROTATE2
-60.9651,97.3269,510.5924,0.3965,523.3487,4.15,0.0227,519.4603,6.7152,0.3521,0.00088,-0.294,-0.1792,0.028,ROTATE2
-65.0846,117.2521,510.8708,0.4138,528.179,4.8303,0.0173,520.8364,19.3492,0.3718,0.00098,-0.3321,-0.1513,0.0404,ROTATE2
-69.3176,129.3642,511.0935,0.427,531.7487,3.5696,0.0132,523.8009,31.3186,0.3916,0.000814,-0.365,-0.1243,0.0462,ROTATE2
-64.7229,137.1601,511.2717,0.4286,533.2924,1.5437,0.0017,527.1535,27.5215,0.4079,0.000425,-0.3908,-0.0969,0.0465,ROTATE2
-61.0064,146.3218,511.4143,0.4289,535.4218,2.1294,0.0002,530.3981,18.0113,0.419,0.000158,-0.4086,-0.0677,0.0432,ROTATE2
-58.0395,158.6887,511.5283,0.4357,538.7132,3.2914,0.0068,533.471,12.4579,0.4268,5.1e-05,-0.4208,-0.0357,0.0375,ROTATE2
-56.6629,180.3354,511.6195,0.4514,545.4229,6.7097,0.0157,536.9198,23.5323,0.4343,8.2e-05,-0.4297,0.0002,0.0314,ROTATE2
-60.6459,210.7433,511.6925,0.4749,556.7045,11.2816,0.0234,541.9109,71.5594,0.4439,0.000308,-0.4364,0.0432,0.0265,ROTATE2
-71.323,249.3259,511.7509,0.4946,573.7067,17.0022,0.0198,549.9938,193.5646,0.4571,0.000602,-0.4416,0.0917,0.0228,ROTATE2
-76.5459,288.4482,511.7976,0.511,592.4512,18.7446,0.0164,561.3997,381.5283,0.4735,0.000754,-0.4445,0.144,0.0192,ROTATE2
-10.9086,311.3055,511.835,0.5567,599.1703,6.7191,0.0457,573.4911,417.7149,0.4977,0.001265,-0.4477,0.2022,0.0079,ROTATE2
25.2856,278.6256,417.2836,0.5742,502.3915,96.7789,0.0175,564.8849,1197.113,0.5223,0.001404,-0.4461,0.2602,-0.0037,ROTATE2
42.341,215.388,261.9706,0.5496,341.7797,160.6118,0.0246,521.8999,9291.2051,0.5372,0.00088,-0.4364,0.3059,-0.0128,ROTATE2
45.1634,155.2542,107.1765,0.5292,193.9855,147.7941,0.0204,445.9557,24492.4531,0.5442,0.000482,-0.4231,0.3381,-0.0198,ROTATE2
38.4495,71.7315,-16.6588,0.5109,83.0739,110.9116,0.0183,344.0802,36158.2813,0.5441,0.000484,-0.4092,0.3567,-0.0257,ROTATE2
34.794,-32.1867,-115.727,0.4677,125.0574,41.9835,0.0432,249.2576,23746.959,0.5263,0.001304,-0.3874,0.3553,-0.0244,ROTATE2
19.5508,-128.1494,-194.9816,0.4229,234.1417,109.0843,0.0448,195.6076,8098.9883,0.4961,0.002068,-0.365,0.3349,-0.0228,ROTATE2
-3.3,-204.9195,-258.3853,0.3735,329.7967,95.655,0.0494,193.211,7421.3311,0.4609,0.003259,-0.3437,0.3056,-0.0216,ROTATE2
-46.04,-266.3356,-309.1082,0.3414,410.612,80.8153,0.0321,236.5363,14996.7676,0.4233,0.003768,-0.3238,0.2704,-0.0199,ROTATE2
-128.7132,-315.4685,-349.6866,0.3122,488.2296,77.6176,0.0291,317.5675,16390.4805,0.3835,0.00312,-0.3051,0.2286,-0.0149,ROTATE2
-205.1019,-353.1717,-382.1493,0.2837,559.3166,71.0869,0.0285,404.4193,13123.7393,0.3468,0.002342,-0.2905,0.1831,-0.0052,ROTATE2
-266.4815,-370.1842,-408.1194,0.2574,612.0541,52.7375,0.0263,480.0018,10234.5713,0.3136,0.001682,-0.2759,0.1385,0.0072,ROTATE2
-304.2289,-356.2599,-428.8956,0.2334,635.1596,23.1055,0.024,541.0744,6807.1826,0.2856,0.001469,-0.2623,0.0948,0.0197,ROTATE2
-304.7832,-327.2892,-445.5164,0.2096,631.2653,3.8943,0.0237,585.2051,3082.4636,0.2593,0.001308,-0.2458,0.0514,0.0307,ROTATE2
-315.0047,-281.4157,-458.8132,0.1931,623.6443,7.621,0.0165,612.288,763.6481,0.2355,0.001056,-0.2245,0.0099,0.0394,ROTATE2
-311.56,-224.6513,-469.4505,0.1895,606.5654,17.0789,0.0036,621.7377,119.7057,0.2166,0.000657,-0.1999,-0.0306,0.0456,ROTATE2
-298.2699,-163.5273,-477.9604,0.1936,586.6449,19.9205,0.0041,616.6559,321.4277,0.2038,0.000267,-0.1716,-0.0709,0.0483,ROTATE2
-290.5909,-86.8437,-484.7683,0.2059,571.8262,14.8187,0.0123,603.9893,494.446,0.1983,6.3e-05,-0.1393,-0.1105,0.0461,ROTATE2
-291.6383,-7.6812,-490.2147,0.2243,570.458,1.3682,0.0183,591.8278,422.6168,0.2013,0.000163,-0.1031,-0.1493,0.0377,ROTATE2
-286.6607,61.43,-494.5717,0.2458,574.9341,4.4761,0.0215,582.0858,182.3298,0.2118,0.000435,-0.0636,-0.1843,0.0222,ROTATE2
-261.4942,104.7159,-498.0574,0.2751,572.1938,2.7403,0.0294,575.2114,34.7924,0.2289,0.000843,-0.023,-0.2152,0.0021,ROTATE2
-235.6328,112.3977,-500.8459,0.3037,564.8032,7.3906,0.0286,570.8431,11.2311,0.2509,0.001226,0.0159,-0.2418,-0.0185,ROTATE2
-221.05,103.9119,-503.0767,0.3227,559.2379,5.5654,0.0191,568.3254,31.6353,0.2743,0.001306,0.0514,-0.2633,-0.0348,ROTATE2
-211.3994,88.1764,-504.8614,0.3327,554.3914,4.8464,0.01,565.1121,59.2314,0.296,0.001017,0.083,-0.279,-0.0425,ROTATE2
-200.7351,76.3505,-506.2891,0.3381,549.957,4.4344,0.0054,560.1166,60.9182,0.3145,0.000526,0.1107,-0.2894,-0.0414,ROTATE2
-169.085,76.5929,-507.4313,0.3403,540.3173,9.6397,0.0022,553.7413,69.5054,0.3275,0.000179,0.1367,-0.2931,-0.0338,ROTATE2
-138.243,85.2899,-508.345,0.338,533.6667,6.6505,0.0023,547.514,86.851,0.3344,4e-05,0.1624,-0.2882,-0.0229,ROTATE2
-109.5819,103.6101,-509.076,0.3353,530.9441,2.7227,0.0028,541.8553,82.2527,0.3369,7e-06,0.1885,-0.2751,-0.0128,ROTATE2
-79.8718,129.1225,-509.6608,0.3369,531.7953,0.8513,0.0017,537.3361,50.6391,0.3377,3e-06,0.2145,-0.2561,-0.0055,ROTATE2
-44.3193,156.5542,-510.1287,0.3472,535.4481,3.6528,0.0103,534.4344,11.0744,0.3396,1.7e-05,0.2413,-0.233,-0.0013,ROTATE2
-9.2492,183.5309,-510.5029,0.3639,542.5701,7.122,0.0166,534.8849,17.1878,0.3443,0.000113,0.2694,-0.2073,0.0006,ROTATE2
31.7382,204.7497,-510.8023,0.381,551.2248,8.6547,0.0171,538.3965,57.9582,0.3529,0.000301,0.2987,-0.1795,0.0018,ROTATE2
66.8249,222.906,-511.0419,0.3967,561.5305,10.3057,0.0158,544.5137,116.4655,0.3651,0.000474,0.3281,-0.15,0.003,ROTATE2
96.063,236.2529,-511.2335,0.4069,571.3171,9.7867,0.0102,552.4181,165.3191,0.3792,0.000468,0.3556,-0.1185,0.005,ROTATE2
125.4536,242.9399,-511.3868,0.4136,579.8921,8.575,0.0067,561.3069,179.6759,0.3924,0.000325,0.3789,-0.0847,0.0082,ROTATE2
147.0504,247.9113,-511.5094,0.4205,587.1334,7.2413,0.0069,570.2195,163.4286,0.4038,0.000191,0.3967,-0.0472,0.013,ROTATE2
160.7059,248.354,-511.6075,0.4279,590.9724,3.839,0.0073,578.1691,114.2093,0.4131,0.000116,0.4085,-0.0077,0.0193,ROTATE2
182.4991,248.7332,-511.686,0.4322,597.492,6.5196,0.0043,585.3615,81.7859,0.4202,8.4e-05,0.4138,0.0329,0.0263,ROTATE2
207.0743,243.0366,-511.7488,0.4372,603.186,5.694,0.005,591.7352,65.256,0.4263,7e-05,0.4139,0.0747,0.0332,ROTATE2
223.3969,232.5636,-511.7991,0.4393,604.9218,1.7357,0.0021,596.7411,46.9219,0.4314,4.6e-05,0.4087,0.1174,0.0392,ROTATE2
237.7644,211.7197,-511.8393,0.4448,602.774,2.1477,0.0055,599.8693,25.9543,0.4363,3.4e-05,0.4,0.1573,0.0453,ROTATE2
292.6084,160.1538,-511.8714,0.4458,610.9675,8.1934,0.001,603.8683,18.7656,0.4399,2.5e-05,0.3892,0.1912,0.0531,ROTATE2
273.3836,145.2356,-463.1034,0.4307,557.0428,53.9246,0.0151,595.7784,383.7128,0.4396,3e-05,0.3734,0.2193,0.0615,ROTATE2
175.6694,137.7916,-345.6077,0.4062,411.4498,145.593,0.0245,557.4312,5697.6338,0.4334,0.000213,0.3517,0.2404,0.0693,ROTATE2
83.4449,124.8489,-191.9018,0.3877,243.6731,167.7767,0.0185,485.1815,19715.3633,0.4231,0.000517,0.3259,0.2559,0.0744,ROTATE2
10.2465,91.5572,-55.1121,0.39,107.3548,136.3183,0.0023,386.0976,35682.7461,0.4121,0.000521,0.2989,0.2701,0.073,ROTATE2
-88.284,9.5427,58.3072,0.3913,106.2302,1.1246,0.0014,285.1502,31044.2187,0.4012,0.00026,0.2715,0.2844,0.0639,ROTATE2
-142.0866,-80.0284,149.0427,0.3998,220.9227,114.6925,0.0085,217.9261,12565.0586,0.395,4.8e-05,0.2515,0.2975,0.0517,ROTATE2
-183.0849,-164.929,221.631,0.4037,331.4241,110.5014,0.0039,201.921,7394.9678,0.3945,3.8e-05,0.2426,0.3076,0.0384,ROTATE2
-188.2117,-226.865,279.7017,0.3901,406.355,74.9309,0.0136,234.4574,14346.3574,0.395,3.2e-05,0.2423,0.3102,0.0268,ROTATE2
-181.7381,-278.6608,326.1582,0.3638,465.8967,59.5417,0.0263,306.1657,16686.0879,0.3898,0.000194,0.2461,0.3006,0.0199,ROTATE2
-185.7936,-314.6599,363.3235,0.329,515.3,49.4033,0.0349,387.9797,10745.1475,0.3773,0.000777,0.2506,0.2798,0.0163,ROTATE2
-174.0849,-332.5935,393.0557,0.2953,543.5225,28.2225,0.0337,452.4997,5839.4282,0.3564,0.001583,0.2519,0.2492,0.0131,ROTATE2
-148.6054,-328.8405,416.8414,0.2653,551.3405,7.818,0.03,496.483,2926.9436,0.3287,0.002029,0.2484,0.2112,0.0097,ROTATE2
-124.7562,-304.9505,435.87,0.238,546.3896,4.9509,0.0273,524.4899,1016.0814,0.2983,0.001995,0.242,0.1683,0.0055,ROTATE2
-96.9612,-277.9635,451.0929,0.219,538.6558,7.7338,0.0189,539.0417,157.8296,0.2693,0.001552,0.2332,0.124,-0.0016,ROTATE2
-96.2565,-257.3052,463.2712,0.2022,538.6014,0.0544,0.0169,543.702,23.4166,0.2439,0.001099,0.2226,0.078,-0.0116,ROTATE2
-108.0427,-248.7567,473.0139,0.1932,545.2478,6.6464,0.009,544.047,23.769,0.2235,0.000669,0.2091,0.032,-0.0245,ROTATE2
-135.6966,-253.9303,480.808,0.1884,560.4199,15.1721,0.0048,545.8629,63.447,0.2082,0.000331,0.1907,-0.0129,-0.0397,ROTATE2
-158.4636,-268.0724,487.0433,0.1811,578.087,17.6671,0.0073,552.2023,230.8815,0.1968,0.000171,0.1657,-0.0548,-0.054,ROTATE2
-163.6802,-273.6017,492.0315,0.1788,586.2969,8.2099,0.0023,561.7306,335.8799,0.1887,7.1e-05,0.1338,-0.0921,-0.0642,ROTATE2
-160.4692,-266.3376,496.0221,0.1859,585.4263,0.8706,0.007,571.0956,253.4819,0.1855,2.6e-05,0.098,-0.1238,-0.0681,ROTATE2
-151.0878,-241.3951,499.2146,0.2025,574.7298,10.6965,0.0166,576.992,87.734,0.1873,6.9e-05,0.06,-0.1511,-0.0653,ROTATE2
-118.4453,-193.5129,501.7686,0.2278,550.6797,24.05,0.0253,575.0439,167.4794,0.1952,0.000334,0.0215,-0.1751,-0.0574,ROTATE2
-78.1687,-148.1635,503.8117,0.264,530.9323,19.7475,0.0362,565.613,465.8531,0.2118,0.000964,-0.0157,-0.1981,-0.0508,ROTATE2
-44.0537,-117.6402,505.4463,0.3096,520.8223,10.1099,0.0457,552.5181,610.0523,0.2379,0.001978,-0.0536,-0.2222,-0.0477,ROTATE2
-15.0492,-94.1434,506.7539,0.3459,515.6442,5.1781,0.0362,538.5616,470.6165,0.2699,0.002741,-0.0921,-0.2457,-0.0476,ROTATE2
34.3637,-67.3678,507.8,0.3579,513.4006,2.2437,0.0121,526.2958,185.1551,0.301,0.002412,-0.1292,-0.2641,-0.0518,ROTATE2
74.3972,-40.2411,508.6369,0.3558,515.6218,2.2212,0.0022,519.2842,39.8646,0.3266,0.001283,-0.1635,-0.2741,-0.0584,ROTATE2
90.7678,-14.7117,509.3064,0.3595,517.5405,1.9188,0.0037,516.6058,6.1638,0.3457,0.000349,-0.1955,-0.2754,-0.0633,ROTATE2
97.5767,9.1182,509.842,0.3731,519.1755,1.635,0.0136,516.2765,3.8203,0.3584,7.6e-05,-0.225,-0.268,-0.0653,ROTATE2
93.2364,35.8539,510.2705,0.3939,519.9563,0.7808,0.0207,517.139,5.7047,0.368,0.000204,-0.2539,-0.2539,-0.0667,ROTATE2
78.3829,59.3081,510.6133,0.4095,519.9877,0.0314,0.0157,518.4564,2.7972,0.3784,0.000421,-0.284,-0.2361,-0.0661,ROTATE2
55.7594,84.6496,510.8875,0.4125,520.8461,0.8584,0.003,519.5013,1.2406,0.3897,0.000424,-0.3145,-0.2151,-0.0633,ROTATE2
36.1325,110.7666,511.1069,0.415,524.2185,3.3724,0.0025,520.8369,3.1384,0.4008,0.000246,-0.3438,-0.1894,-0.0591,ROTATE2
22.4685,137.432,511.2824,0.4205,529.9077,5.6891,0.0055,522.9833,14.4352,0.4103,8e-05,-0.3697,-0.1587,-0.0541,ROTATE2
17.9623,157.0175,511.4228,0.4283,535.2854,5.3777,0.0078,526.0491,33.472,0.4172,4.4e-05,-0.3909,-0.1223,-0.0488,ROTATE2
15.7324,167.9734,511.5352,0.4329,538.6379,3.3525,0.0045,529.7792,43.9064,0.4218,6e-05,-0.4068,-0.0804,-0.0438,ROTATE2
14.839,172.735,511.625,0.4403,540.2015,1.5637,0.0074,533.6502,34.6869,0.4274,8e-05,-0.4187,-0.0351,-0.0397,ROTATE2
14.3431,166.2598,511.6969,0.4537,538.2209,1.9806,0.0134,536.4507,13.2311,0.4351,0.000127,-0.4273,0.0139,-0.0363,ROTATE2
14.6276,155.0298,511.7544,0.4713,534.9213,3.2997,0.0176,537.4534,4.1313,0.4453,0.000243,-0.4322,0.0667,-0.0328,ROTATE2
21.1146,137.2707,511.8004,0.501,530.31,4.6113,0.0297,536.4583,12.4067,0.4598,0.000595,-0.4337,0.1254,-0.0288,ROTATE2
12.8229,119.7853,432.8935,0.5133,449.3436,80.9664,0.0123,518.5995,1210.3121,0.4759,0.000763,-0.4309,0.1832,-0.023,ROTATE2
4.4521,92.5689,290.5242,0.5022,304.9477,144.3959,0.0111,471.5487,8032.6226,0.4883,0.000493,-0.4243,0.2311,-0.0178,ROTATE2
-1.1883,46.2645,137.36,0.491,144.9468,160.0009,0.0111,392.8939,22290.7656,0.4958,0.000199,-0.4152,0.2663,-0.0148,ROTATE2
0.3993,5.4022,7.488,0.4762,9.2419,135.7049,0.0149,287.758,36640.625,0.4967,0.000155,-0.4049,0.2866,-0.0142,ROTATE2
2.4695,-32.7907,-96.4096,0.4436,101.8634,92.6215,0.0326,202.0687,24443.0352,0.4853,0.000585,-0.3903,0.2878,-0.0148,ROTATE2
1.6131,-65.9888,-179.5277,0.4129,191.2781,89.4148,0.0306,150.4556,9573.4307,0.4652,0.001071,-0.3751,0.2743,-0.0177,ROTATE2
-14.5283,-116.4598,-246.0222,0.3769,272.5819,81.3037,0.036,143.9824,7740.9307,0.4401,0.001729,-0.3598,0.2521,-0.0199,ROTATE2
-63.6133,-166.5335,-299.2177,0.3407,348.2977,75.7159,0.0362,184.6526,14435.6299,0.41,0.002283,-0.3424,0.2234,-0.0192,ROTATE2
-113.2562,-196.9893,-341.7742,0.3087,410.4161,62.1183,0.032,264.8875,12038.0488,0.3765,0.002341,-0.3231,0.1899,-0.0158,ROTATE2
-176.2581,-207.4102,-375.8194,0.278,464.0324,53.6164,0.0307,337.3212,9407.7676,0.3434,0.002289,-0.305,0.1525,-0.011,ROTATE2
-221.4159,-188.4406,-403.0555,0.2476,496.9795,32.947,0.0303,398.4615,6502.0664,0.3104,0.002066,-0.2857,0.1124,-0.0048,ROTATE2
-243.7483,-159.0525,-424.8444,0.2227,514.9793,17.9998,0.025,446.941,3697.948,0.2795,0.001769,-0.2653,0.0724,0.0014,ROTATE2
-246.2424,-127.017,-442.2755,0.1985,521.8968,6.9175,0.0242,481.6608,1670.0579,0.2511,0.001526,-0.2429,0.0317,0.0061,ROTATE2
-227.8533,-100.6355,-456.2204,0.1826,519.79,2.1068,0.0159,503.5356,467.1562,0.2259,0.001165,-0.2171,-0.0096,0.0084,ROTATE2
-181.9045,-82.4334,-467.3763,0.1729,508.257,11.5331,0.0097,512.3805,81.2821,0.2048,0.000742,-0.1867,-0.0496,0.0081,ROTATE2
-133.4111,-64.6498,-476.3011,0.173,498.8395,9.4175,0.0002,512.7525,70.3772,0.1899,0.000355,-0.1522,-0.0871,0.0049,ROTATE2
-104.5976,-39.8199,-483.4409,0.1892,496.2271,2.6124,0.0161,509.002,109.9374,0.1832,9.6e-05,-0.1135,-0.1225,-0.0003,ROTATE2
-89.3812,-5.5746,-489.1527,0.2219,497.2831,1.0559,0.0327,504.0793,79.9164,0.1879,0.000326,-0.0733,-0.1567,-0.0066,ROTATE2
-88.2675,43.4872,-493.7221,0.262,503.432,6.149,0.0402,500.8077,19.9315,0.2038,0.001168,-0.0346,-0.1899,-0.0139,ROTATE2
-95.0202,89.6147,-497.3777,0.2951,514.2415,10.8094,0.0331,502.0046,43.4937,0.2283,0.002047,0.0006,-0.2218,-0.0207,ROTATE2
-93.2974,122.3199,-500.3022,0.3084,523.4203,9.1789,0.0133,506.9208,109.048,0.2553,0.00199,0.0319,-0.2495,-0.026,ROTATE2
-81.9973,140.8653,-502.6418,0.3105,528.4083,4.988,0.0021,513.3571,137.0945,0.2796,0.001134,0.0592,-0.2701,-0.0289,ROTATE2
-64.6135,149.6766,-504.5134,0.3116,530.1998,1.7914,0.0011,519.9404,98.8149,0.2975,0.00035,0.0845,-0.2819,-0.0297,ROTATE2
-44.7877,149.3757,-506.0107,0.3157,529.4958,0.7039,0.0041,525.1532,35.3983,0.3083,4.9e-05,0.1099,-0.2842,-0.0277,ROTATE2
-31.2426,147.2818,-507.2086,0.3202,529.0828,0.4131,0.0045,528.1215,5.863,0.3133,1.7e-05,0.1363,-0.2781,-0.0237,ROTATE2
-19.391,149.3723,-508.1668,0.3228,530.0204,0.9376,0.0026,529.4414,0.4218,0.3161,2.3e-05,0.1636,-0.2663,-0.0182,ROTATE2
-3.8284,160.3166,-508.9335,0.3232,533.6003,3.58,0.0004,530.4799,2.5894,0.3187,2e-05,0.1911,-0.2503,-0.0123,ROTATE2
26.9466,179.2783,-509.5468,0.3272,540.8371,7.2368,0.004,532.6073,19.5023,0.3218,1.4e-05,0.2185,-0.2307,-0.0067,ROTATE2
61.8292,200.1664,-510.0374,0.3316,551.387,10.5499,0.0044,536.9855,68.9324,0.325,1.6e-05,0.2452,-0.2063,-0.0015,ROTATE2
102.0852,215.5518,-510.4299,0.3448,563.4028,12.0159,0.0132,543.8495,148.9021,0.3299,6.5e-05,0.272,-0.178,0.0031,ROTATE2
139.7182,231.5259,-510.744,0.3607,577.9142,14.5114,0.0159,553.4283,250.9806,0.3375,0.000188,0.2982,-0.1472,0.0069,ROTATE2
180.7245,245.4488,-510.9952,0.3811,594.9979,17.0837,0.0204,565.7078,367.1717,0.3491,0.000393,0.3244,-0.1155,0.0105,ROTATE2
200.5796,263.4309,-511.1961,0.4061,609.0563,14.0583,0.0249,579.3516,433.1251,0.3649,0.000698,0.351,-0.0821,0.015,ROTATE2
206.5918,283.8885,-511.3569,0.4273,620.2892,11.233,0.0213,593.1321,421.9971,0.384,0.00089,0.3766,-0.0478,0.021,ROTATE2
217.8579,305.8077,-511.4855,0.4441,634.506,14.2167,0.0168,607.3527,385.3647,0.4039,0.00091,0.3991,-0.0123,0.0277,ROTATE2
225.83,316.6274,-511.5884,0.449,642.6312,8.1252,0.005,620.2961,293.4214,0.4215,0.000634,0.4159,0.0246,0.0343,ROTATE2
216.6172,313.5863,-511.6707,0.4484,638.0175,4.6137,0.0007,628.9,154.2037,0.435,0.000271,0.4251,0.0626,0.0409,ROTATE2
197.8969,304.4815,-511.7366,0.4362,627.4922,10.5252,0.0122,632.5873,62.2498,0.441,6.8e-05,0.4237,0.0992,0.0473,ROTATE2
175.18,292.8009,-511.7893,0.4216,615.1005,12.3917,0.0146,631.5495,92.0817,0.4399,0.000105,0.4122,0.1334,0.0539,ROTATE2
144.5596,276.4032,-511.8314,0.4096,599.3894,15.7111,0.012,624.5262,247.8606,0.433,0.000237,0.3921,0.1645,0.061,ROTATE2
95.7039,249.9382,-511.8651,0.3968,577.6108,21.7786,0.0128,611.5221,453.4061,0.4225,0.000338,0.3662,0.1919,0.0687,ROTATE2
46.7132,232.4693,-455.0921,0.3975,513.1597,64.4511,0.0007,586.5505,1624.4581,0.4123,0.000225,0.3388,0.2156,0.0786,ROTATE2
18.7205,214.7473,-343.8643,0.3979,405.8442,107.3155,0.0004,542.2209,5855.0542,0.4047,9.4e-05,0.3128,0.2363,0.0888,ROTATE2
-5.9548,171.4791,-193.2602,0.3943,258.4377,147.4065,0.0036,470.8884,15811.0176,0.3992,2.9e-05,0.2891,0.2545,0.0968,ROTATE2
-27.9389,132.2302,-65.9863,0.395,150.3981,108.0396,0.0007,381.0901,24987.5918,0.3963,2e-06,0.27,0.2695,0.1024,ROTATE2
-68.4167,74.1841,49.6078,0.3847,112.4503,37.9478,0.0102,288.058,23042.0117,0.3939,2.3e-05,0.2558,0.2795,0.105,ROTATE2
-94.1334,-1.8714,142.0831,0.3761,170.4471,57.9968,0.0086,219.5155,10976.2432,0.3896,6.5e-05,0.2445,0.2849,0.1031,ROTATE2
-128.9848,-84.8065,216.0634,0.3722,265.5421,95.095,0.0039,191.4551,3668.866,0.3845,8.5e-05,0.2381,0.2849,0.0995,ROTATE2
-150.1504,-149.164,275.2476,0.3566,347.2121,81.67,0.0156,209.21,7308.3477,0.3769,0.000164,0.2359,0.2779,0.0952,ROTATE2
-162.9109,-199.1093,322.5949,0.3299,412.616,65.4039,0.0267,261.6535,12141.0547,0.3639,0.000372,0.2356,0.261,0.0911,ROTATE2
-147.3162,-231.2249,360.4728,0.3091,452.8882,40.2722,0.0208,329.7411,10366.9551,0.3488,0.000659,0.2376,0.2377,0.0872,ROTATE2
-110.4842,-250.4331,390.7751,0.2846,477.1045,24.2163,0.0245,391.0726,5873.6826,0.3305,0.000999,0.2401,0.2081,0.0817,ROTATE2
-74.6374,-256.309,415.017,0.2545,493.4614,16.3569,0.0301,436.6564,2740.9097,0.3069,0.001251,0.2391,0.1726,0.0727,ROTATE2
-47.5755,-246.3941,434.4105,0.2233,501.6831,8.2217,0.0312,467.5506,1032.0944,0.2803,0.001444,0.2344,0.1334,0.0609,ROTATE2
-29.2104,-223.6121,449.9253,0.1986,503.2776,1.5945,0.0247,485.683,355.0337,0.254,0.001595,0.2259,0.0937,0.0466,ROTATE2
-19.8652,-192.796,462.3371,0.1835,501.3188,1.9589,0.0151,495.3691,95.0089,0.2289,0.001352,0.2132,0.0523,0.0315,ROTATE2
-16.0328,-156.6743,472.2666,0.1754,497.8349,3.4839,0.0081,499.5152,12.3161,0.2071,0.000827,0.1964,0.0101,0.017,ROTATE2
-14.4325,-121.8925,480.2102,0.1742,495.649,2.1859,0.0012,499.9527,7.7845,0.191,0.000336,0.1763,-0.0318,0.0046,ROTATE2
-15.4804,-89.2484,486.565,0.1814,494.9247,0.7243,0.0071,498.601,10.4148,0.1826,7.6e-05,0.1533,-0.0726,-0.0053,ROTATE2
-20.3843,-61.78,491.6489,0.1954,495.9344,1.0097,0.0141,497.1323,5.3058,0.182,5.7e-05,0.1275,-0.1111,-0.0132,ROTATE2
-31.9856,-45.4084,495.716,0.2107,498.818,2.8835,0.0153,496.6322,2.1187,0.1874,0.000192,0.0989,-0.1454,-0.0191,ROTATE2
-46.8228,-38.6173,498.9697,0.2226,502.6475,3.8295,0.0119,497.5947,8.1396,0.1968,0.000321,0.0682,-0.1743,-0.0237,ROTATE2
-57.6364,-37.1251,501.5727,0.2356,506.2365,3.589,0.013,499.7122,17.8347,0.2091,0.000368,0.0359,-0.1976,-0.0279,ROTATE2
-71.1435,-37.0626,503.655,0.2502,510.0034,3.7669,0.0147,502.7279,25.3376,0.2229,0.000363,0.0018,-0.215,-0.0314,ROTATE2
-79.7242,-43.5501,505.3209,0.2708,513.4216,3.4183,0.0205,506.2254,26.7461,0.238,0.000443,-0.0342,-0.2275,-0.034,ROTATE2
-70.6481,-52.1713,506.6536,0.2917,514.209,0.7874,0.0209,509.3036,19.0444,0.2542,0.000609,-0.072,-0.2358,-0.0355,ROTATE2
-46.7841,-58.4777,507.7198,0.3076,513.2132,0.9958,0.0159,511.4167,8.7752,0.2712,0.000691,-0.1113,-0.2396,-0.0339,ROTATE2
-8.8148,-57.6696,508.5727,0.3196,511.9079,1.3053,0.012,512.551,2.1699,0.288,0.000623,-0.1508,-0.238,-0.0301,ROTATE2
11.0513,-57.792,509.2551,0.3351,512.6429,0.735,0.0155,513.0789,0.5948,0.305,0.000495,-0.1896,-0.2316,-0.0248,ROTATE2
-3.2871,-59.8023,509.8009,0.3521,513.3071,0.6642,0.0169,513.056,0.5812,0.3212,0.000441,-0.2268,-0.2206,-0.0179,ROTATE2
-26.0734,-62.5262,510.2376,0.3678,514.7153,1.4082,0.0158,513.1573,0.8557,0.3365,0.00047,-0.2616,-0.2053,-0.0106,ROTATE2
-46.8806,-63.6054,510.587,0.3864,516.6648,1.9495,0.0186,513.8475,2.8391,0.3522,0.000554,-0.2946,-0.1873,-0.0044,ROTATE2
-60.3014,-59.5812,510.8665,0.4077,517.8521,1.1873,0.0213,515.0364,3.8804,0.3698,0.000646,-0.3261,-0.1687,0.0004,ROTATE2
-65.1255,-47.8274,511.0901,0.4271,517.4378,0.4142,0.0194,515.9954,2.9683,0.3882,0.000723,-0.3561,-0.1483,0.0039,ROTATE2
-65.7097,-27.0744,511.269,0.4425,516.1848,1.253,0.0154,516.5709,1.1988,0.4063,0.000724,-0.3841,-0.1238,0.006,ROTATE2
-64.8303,3.2342,511.412,0.4557,515.515,0.6698,0.0132,516.7309,0.7075,0.4239,0.000607,-0.4099,-0.0945,0.0075,ROTATE2
-66.4892,40.7842,511.5265,0.4646,517.4395,1.9244,0.0089,516.8858,0.7831,0.4395,0.000414,-0.4314,-0.0599,0.0078,ROTATE2
-74.7789,88.6618,511.6181,0.4692,524.6007,7.1613,0.0046,518.2355,10.6784,0.4518,0.000236,-0.4469,-0.02,0.0078,ROTATE2
-81.8325,134.0013,511.6914,0.4739,535.2392,10.6385,0.0047,521.7958,55.7003,0.4612,0.000124,-0.4557,0.025,0.0067,ROTATE2
-87.0941,177.6479,511.75,0.477,548.664,13.4248,0.003,528.2917,151.5874,0.4681,5.6e-05,-0.4572,0.0726,0.0042,ROTATE2
-86.6503,218.6465,511.7969,0.4825,563.25,14.586,0.0055,537.8387,272.2105,0.4735,3.8e-05,-0.4518,0.1219,0.0006,ROTATE2
-29.4859,241.5172,511.8344,0.5321,566.7225,3.4725,0.0496,547.6953,258.6875,0.4869,0.000528,-0.4465,0.1775,-0.0068,ROTATE2
-22.9074,240.3356,455.1456,0.5463,515.2121,51.5104,0.0143,545.8176,359.5212,0.5024,0.000932,-0.4364,0.2349,-0.0104,ROTATE2
-4.2885,213.1029,332.4353,0.5294,394.898,120.3141,0.0169,517.7493,4104.6592,0.5135,0.000794,-0.4218,0.2832,-0.0123,ROTATE2
11.1755,150.8042,190.5732,0.5107,243.2795,151.6184,0.0187,456.6724,15249.8594,0.5202,0.000484,-0.4064,0.3196,-0.0145,ROTATE2
23.0998,77.8621,50.0586,0.4941,95.4042,147.8753,0.0166,363.1033,30325.8652,0.5225,0.000331,-0.3918,0.3438,-0.016,ROTATE2
33.2736,6.074,-62.3531,0.4664,70.9362,24.468,0.0276,263.946,29273.8633,0.5094,0.000769,-0.3714,0.3481,-0.0133,ROTATE2
40.0813,-50.8251,-152.2825,0.4271,165.468,94.5319,0.0393,193.9972,13693.6768,0.4855,0.001282,-0.3506,0.3356,-0.0129,ROTATE2
46.7026,-101.0851,-224.226,0.3983,250.353,84.885,0.0288,165.0882,5420.9175,0.4593,0.001731,-0.333,0.316,-0.0132,ROTATE2
29.0496,-161.3056,-281.7808,0.3709,325.9813,75.6283,0.0274,181.6285,9101.874,0.4314,0.001986,-0.3171,0.2919,-0.0118,ROTATE2
-0.5603,-218.0664,-327.8247,0.3459,393.7287,67.7474,0.025,241.2934,13052.3408,0.4017,0.001782,-0.3033,0.2622,-0.0089,ROTATE2
-54.4233,-250.1093,-364.6597,0.3187,445.5259,51.7972,0.0272,316.2114,9977.499,0.3722,0.00145,-0.2909,0.2299,-0.0038,ROTATE2
-95.8824,-272.55,-394.1278,0.289,488.6856,43.1597,0.0297,380.8549,7203.4766,0.3446,0.001468,-0.2812,0.1958,0.0022,ROTATE2
-149.4778,-275.4212,-417.7022,0.2594,522.1835,33.4979,0.0296,435.221,4836.4111,0.3168,0.00157,-0.2704,0.1596,0.0099,ROTATE2
-193.4885,-265.4901,-436.5618,0.2313,546.3597,24.1763,0.0281,479.2967,2977.4468,0.2888,0.001668,-0.2577,0.1214,0.0191,ROTATE2
-232.9564,-244.3827,-451.6494,0.2067,563.8961,17.5363,0.0245,513.3302,1786.2037,0.261,0.00159,-0.2409,0.0825,0.0283,ROTATE2
-265.6026,-210.2187,-463.7195,0.186,574.2582,10.3621,0.0208,539.0767,946.2845,0.2345,0.001344,-0.2211,0.0423,0.0356,ROTATE2
-285.2634,-167.0906,-473.3756,0.1746,577.3898,3.1316,0.0113,556.8175,417.2765,0.2116,0.000942,-0.1984,0.0009,0.0407,ROTATE2
-279.2013,-105.6912,-481.1005,0.1743,566.1993,11.1904,0.0003,565.6206,117.4822,0.1946,0.000475,-0.1723,-0.0411,0.0432,ROTATE2
-260.0798,-40.2686,-487.2804,0.1889,553.8098,12.3895,0.0146,567.1107,68.9648,0.1861,0.000141,-0.1427,-0.0838,0.0405,ROTATE2
-228.4951,25.5539,-492.2243,0.2137,543.2751,10.5347,0.0247,562.9865,163.5157,0.1875,0.000205,-0.1087,-0.1262,0.0324,ROTATE2
-200.5836,84.8681,-496.1795,0.2448,541.8768,1.3983,0.0311,556.5101,185.2867,0.1993,0.000723,-0.0712,-0.167,0.0185,ROTATE2
-186.7325,135.7726,-499.3436,0.2745,550.1338,8.257,0.0297,551.059,76.5111,0.2192,0.001334,-0.0323,-0.2037,0.0005,ROTATE2
-179.0016,166.9525,-501.8748,0.2985,558.3843,8.2505,0.024,549.496,38.9542,0.2441,0.001571,0.0064,-0.2349,-0.0188,ROTATE2
-171.942,171.6432,-503.8999,0.3187,559.4108,1.0265,0.0202,550.6161,53.6383,0.27,0.001403,0.0432,-0.2595,-0.0353,ROTATE2
-168.4817,156.7115,-505.5199,0.3362,555.4232,3.9876,0.0174,553.0458,41.5785,0.2945,0.001042,0.0761,-0.2782,-0.0465,ROTATE2
-167.2666,126.7879,-506.8159,0.3499,548.5578,6.8654,0.0138,554.382,18.8721,0.3156,0.000719,0.1052,-0.2915,-0.0498,ROTATE2
-154.082,97.1522,-507.8527,0.36,539.5315,9.0263,0.01,552.2615,54.8738,0.3327,0.000484,0.1326,-0.2998,-0.0451,ROTATE2
-133.0531,76.6968,-508.6822,0.3681,531.3597,8.1718,0.0081,546.8566,105.5403,0.3466,0.000307,0.1605,-0.3024,-0.035,ROTATE2
-103.655,70.3168,-509.3458,0.3736,524.5207,6.839,0.0056,539.8785,125.1043,0.3576,0.000178,0.1901,-0.2981,-0.0227,ROTATE2
-75.5428,84.5253,-509.8766,0.377,522.3269,2.1938,0.0034,533.2593,94.5747,0.3657,9.6e-05,0.2213,-0.2857,-0.011,ROTATE2
-42.0405,105.014,-510.3013,0.3799,522.688,0.3611,0.0028,528.0853,43.3467,0.3717,5e-05,0.2534,-0.2653,-0.0031,ROTATE2
-13.8761,128.0237,-510.6411,0.3883,526.6279,3.9399,0.0084,525.5046,10.9086,0.3774,4.5e-05,0.2864,-0.2373,-0.0005,ROTATE2
9.5741,151.8377,-510.9128,0.4019,533.0837,6.4559,0.0136,525.8495,15.4219,0.3841,0.000102,0.3183,-0.2045,-0.0016,ROTATE2
38.8343,177.2295,-511.1303,0.4207,542.3768,9.293,0.0188,529.4207,56.9458,0.3936,0.000259,0.3492,-0.1687,-0.0045,ROTATE2
60.6518,197.543,-511.3042,0.4353,551.4834,9.1066,0.0146,535.252,110.2304,0.4052,0.000418,0.3779,-0.1308,-0.0078,ROTATE2
86.0902,205.6,-511.4434,0.4465,557.9044,6.421,0.0112,542.2952,131.6783,0.4186,0.000452,0.4036,-0.0908,-0.0088,ROTATE2
110.8784,205.855,-511.5547,0.4456,562.4576,4.5532,0.001,549.4611,112.5385,0.43,0.000284,0.4224,-0.0496,-0.0064,ROTATE2
110.959,146.9684,-511.6438,0.4529,543.7747,18.6829,0.0073,551.5993,60.7897,0.4402,0.000127,0.4352,-0.0054,-0.003,ROTATE2
120.2953,168.3279,-511.715,0.4528,551.9579,8.1832,0.0001,553.5156,40.1323,0.4466,4.1e-05,0.4401,0.0385,0.0036,ROTATE2
123.2081,203.1217,-511.772,0.4473,564.2245,12.2666,0.0054,556.0638,55.749,0.449,1e-05,0.4366,0.0819,0.0129,ROTATE2
122.9321,248.8442,-511.8176,0.4429,582.2311,18.0066,0.0045,560.9291,168.3451,0.4483,1.6e-05,0.4265,0.122,0.0239,ROTATE2
122.1801,297.9847,-480.6541,0.4354,578.5769,3.6542,0.0075,564.153,219.7732,0.4462,4.4e-05,0.4118,0.1585,0.0356,ROTATE2
63.2909,315.0034,-362.7108,0.424,484.5534,94.0235,0.0114,552.3087,1263.6512,0.4405,0.0001,0.3913,0.1891,0.0468,ROTATE2
-7.1891,318.6902,-206.9905,0.43,380.0793,104.4742,0.0059,517.933,6014.5361,0.4359,7.1e-05,0.3689,0.2194,0.0549,ROTATE2
-56.5638,301.2647,-68.8237,0.4387,314.1601,65.9191,0.0087,467.9202,11389.3477,0.4342,4.4e-05,0.3484,0.2472,0.0592,ROTATE2
-103.1917,244.6774,47.338,0.4248,269.734,44.4261,0.0138,405.4207,12725.3223,0.4306,3.3e-05,0.3291,0.2683,0.0587,ROTATE2
-154.4377,150.1013,140.2672,0.4188,257.0142,12.7198,0.0061,341.1082,6997.5088,0.4272,4.5e-05,0.3133,0.2839,0.0545,ROTATE2
-206.9283,42.0092,214.6107,0.4084,301.0678,44.0536,0.0104,304.4111,1856.1711,0.4241,0.000105,0.3031,0.2921,0.05,ROTATE2
-253.302,-58.9427,274.0854,0.3938,377.8346,76.7668,0.0146,303.9622,1789.0365,0.4169,0.000229,0.2987,0.2865,0.0471,ROTATE2
-283.6791,-148.4385,321.6652,0.3802,453.8462,76.0116,0.0135,331.8994,5480.793,0.4052,0.000267,0.298,0.2693,0.0455,ROTATE2
-300.5901,-221.1508,359.7291,0.3573,518.3311,64.485,0.0229,381.6188,9187.2256,0.3917,0.000466,0.2996,0.2449,0.0456,ROTATE2
-285.8377,-274.5113,390.1801,0.3267,556.1476,37.8165,0.0307,441.4455,8594.8008,0.3733,0.000825,0.3008,0.2113,0.0452,ROTATE2
-262.1796,-306.5747,414.541,0.2883,578.4206,22.2729,0.0384,496.916,5329.0791,0.3493,0.001447,0.2978,0.1706,0.0423,ROTATE2
-243.6936,-322.9566,434.0297,0.2495,593.3543,14.9337,0.0388,540.02,2495.1187,0.3204,0.002208,0.2871,0.1275,0.0348,ROTATE2
-229.2268,-336.2372,449.6206,0.2165,606.4315,13.0771,0.033,570.537,960.7402,0.2877,0.00258,0.2686,0.083,0.0231,ROTATE2
-233.1971,-350.8054,462.0934,0.1943,625.2804,18.8489,0.0222,591.9269,557.4901,0.2551,0.002289,0.2446,0.0381,0.009,ROTATE2
-218.9889,-353.5599,472.0716,0.1808,629.1362,3.8558,0.0135,606.5246,365.2727,0.2259,0.001515,0.2159,-0.0057,-0.0054,ROTATE2
-191.038,-344.6323,480.0542,0.175,621.0627,8.0734,0.0058,615.053,176.8433,0.2032,0.000739,0.184,-0.0468,-0.0183,ROTATE2
-158.5554,-319.359,486.4402,0.1786,603.1203,17.9424,0.0036,617.0062,107.3395,0.189,0.000231,0.1506,-0.0847,-0.0285,ROTATE2
-109.2193,-278.3435,491.5491,0.1849,575.3472,27.7731,0.0063,610.7894,393.4194,0.1827,4.4e-05,0.1156,-0.1184,-0.0355,ROTATE2
-50.5786,-236.8748,495.6361,0.1944,551.6548,23.6924,0.0095,596.0643,833.972,0.1827,4.4e-05,0.0786,-0.1465,-0.0403,ROTATE2
8.3027,-200.7498,498.9058,0.2105,537.8442,13.8105,0.0161,577.8058,959.7667,0.1887,0.000162,0.0401,-0.1687,-0.0442,ROTATE2
46.3672,-174.8592,501.5215,0.2301,533.1505,4.6937,0.0196,560.2234,675.2127,0.1997,0.000347,0.0013,-0.1854,-0.0482,ROTATE2
76.5938,-141.1811,503.6141,0.2502,528.6075,4.543,0.0201,545.3208,285.0111,0.214,0.000563,-0.037,-0.1981,-0.0505,ROTATE2
128.6719,-114.7699,505.2882,0.27,533.8958,5.2883,0.0197,537.0306,62.0719,0.231,0.00073,-0.0752,-0.2066,-0.0528,ROTATE2
170.2594,-93.1909,506.6274,0.2968,542.535,8.6392,0.0269,535.2067,22.0312,0.2515,0.000908,-0.114,-0.2129,-0.054,ROTATE2
197.8388,-63.2121,507.6989,0.3298,548.5381,6.0031,0.033,537.3454,51.6112,0.2754,0.001226,-0.1539,-0.2176,-0.0525,ROTATE2
212.9866,-22.5353,508.556,0.3629,551.8155,3.2774,0.0331,541.0784,76.0334,0.3019,0.001643,-0.195,-0.2208,-0.0475,ROTATE2
218.5424,18.9249,509.2417,0.3892,554.4781,2.6627,0.0263,546.2525,54.068,0.3297,0.001859,-0.2373,-0.2205,-0.0414,ROTATE2
214.084,60.3118,509.7902,0.4107,556.1974,1.7192,0.0215,550.7128,23.4161,0.3579,0.001664,-0.2794,-0.2161,-0.0334,ROTATE2
197.1047,100.6525,510.2291,0.4252,556.1608,0.0366,0.0145,553.438,8.5503,0.3836,0.001165,-0.319,-0.2058,-0.025,ROTATE2
178.8619,143.0627,510.5801,0.4297,559.5986,3.4377,0.0045,555.6501,6.4457,0.4036,0.000612,-0.3528,-0.1884,-0.0172,ROTATE2
144.7457,185.6126,510.861,0.4277,562.4788,2.8802,0.002,557.7828,8.2828,0.4165,0.00023,-0.3793,-0.1638,-0.012,ROTATE2
110.8622,220.3963,511.0857,0.4264,567.5153,5.0365,0.0013,560.3902,18.2445,0.4239,4.6e-05,-0.399,-0.1335,-0.0091,ROTATE2
82.8023,251.9077,511.2654,0.4303,575.9393,8.424,0.0039,564.3386,47.4939,0.4278,4e-06,-0.4127,-0.0993,-0.0084,ROTATE2
60.0668,272.9574,511.4092,0.4408,582.7977,6.8585,0.0106,569.6659,73.8863,0.431,2.6e-05,-0.4228,-0.0614,-0.0091,ROTATE2
47.4378,283.9659,511.5243,0.4542,586.9788,4.181,0.0133,575.142,83.5759,0.4359,0.00011,-0.4311,-0.0206,-0.0108,ROTATE2
44.6815,284.3946,511.6163,0.466,587.0502,0.0715,0.0119,580.0563,55.7157,0.4435,0.000219,-0.4377,0.0246,-0.0133,ROTATE2
31.3265,274.5313,511.6899,0.4745,581.5285,5.5217,0.0084,582.8589,16.8391,0.4532,0.000259,-0.4414,0.0727,-0.0159,ROTATE2
19.3174,252.4344,511.7488,0.4812,570.9494,10.5791,0.0068,581.861,34.6341,0.4634,0.000208,-0.4406,0.1225,-0.0181,ROTATE2
10.5071,214.9725,511.796,0.4859,555.2105,15.7389,0.0047,576.3435,146.0653,0.4724,0.000128,-0.4338,0.1717,-0.0197,ROTATE2
9.2057,174.628,509.7743,0.4908,538.9337,16.2769,0.0049,566.7345,311.0092,0.4797,7.6e-05,-0.4207,0.2193,-0.021,ROTATE2
7.8364,129.4149,442.7663,0.4963,461.3585,77.5752,0.0054,541.5961,1817.3464,0.4857,5.7e-05,-0.4034,0.2622,-0.0204,ROTATE2
7.6004,83.7601,309.9287,0.4957,321.1375,140.2209,0.0005,489.5179,8506.6865,0.49,3.3e-05,-0.3849,0.2977,-0.0184,ROTATE2
10.9397,24.7612,161.8398,0.4872,164.0882,157.0494,0.0085,408.1457,21739.9316,0.4912,1.8e-05,-0.3666,0.3238,-0.0158,ROTATE2
9.483,-27.7004,27.0719,0.4669,39.8764,124.2118,0.0204,305.0788,33915.9961,0.4874,0.000116,-0.3498,0.3381,-0.0142,ROTATE2
2.9239,-72.4541,-80.7425,0.4371,108.5242,68.6478,0.0298,218.9969,23295.0352,0.4766,0.000504,-0.3344,0.3392,-0.0129,ROTATE2
9.486,-121.182,-166.994,0.4017,206.548,98.0238,0.0354,168.0348,8981.0742,0.4577,0.001194,-0.3189,0.328,-0.0124,ROTATE2
8.6419,-199.3456,-235.9952,0.3629,309.0422,102.4942,0.0387,165.6158,8263.7539,0.4312,0.001996,-0.3029,0.3064,-0.013,ROTATE2
-24.1802,-261.8765,-291.1962,0.3284,392.3763,83.3341,0.0346,211.2734,16462.7363,0.3994,0.00247,-0.2862,0.2779,-0.0118,ROTATE2
-66.5942,-311.9012,-335.3569,0.2983,462.7974,70.4211,0.0301,295.8576,16085.7236,0.3657,0.002468,-0.2699,0.2455,-0.0071,ROTATE2
-96.9847,-351.921,-370.6855,0.2764,520.252,57.4546,0.0219,378.2032,12356.7344,0.3335,0.002008,-0.2558,0.2115,0.0017,ROTATE2
-137.8159,-383.1024,-398.9484,0.2477,570.018,49.766,0.0287,450.8972,8537.7988,0.3027,0.001606,-0.2437,0.1744,0.0116,ROTATE2
-179.8527,-408.8819,-421.5587,0.2223,614.2013,44.1833,0.0253,511.929,6121.9956,0.2746,0.001383,-0.2327,0.136,0.0228,ROTATE2
-200.0166,-429.5056,-439.647,0.1862,646.3522,32.1509,0.0361,562.7242,4297.1963,0.2462,0.001559,-0.2188,0.094,0.0328,ROTATE2
-197.6601,-446.0045,-454.1176,0.1629,666.4926,20.1404,0.0233,603.4633,2794.0308,0.2191,0.001671,-0.2003,0.051,0.0413,ROTATE2
-192.2968,-444.1786,-465.6941,0.1599,671.6723,5.1797,0.003,633.7473,1422.5819,0.1958,0.001172,-0.178,0.0075,0.0486,ROTATE2
-177.4125,-424.2554,-474.9553,0.1745,661.0978,10.5745,0.0146,651.9632,428.0873,0.1812,0.00051,-0.1543,-0.0342,0.0578,ROTATE2
-150.48,-392.9387,-482.3642,0.1954,640.0939,21.0038,0.0208,657.1417,144.2535,0.1758,0.000183,-0.1294,-0.0745,0.0682,ROTATE2
-129.9184,-350.3853,-488.2914,0.2257,614.8797,25.2142,0.0303,650.8473,438.566,0.1837,0.000597,-0.1076,-0.1122,0.08,ROTATE2
-130.7066,-293.1457,-493.0331,0.2564,588.3029,26.5768,0.0307,635.2093,927.4261,0.2024,0.001217,-0.089,-0.1492,0.0915,ROTATE2
-171.3496,-215.8822,-496.8265,0.2793,568.157,20.1459,0.0229,614.5062,1132.1024,0.2263,0.001469,-0.071,-0.1852,0.0995,ROTATE2
-210.7453,-145.9651,-499.8612,0.2963,561.7656,6.3914,0.017,594.6398,859.588,0.2506,0.001323,-0.0516,-0.2191,0.1018,ROTATE2
-227.9463,-89.3346,-502.2889,0.3081,558.7794,2.9863,0.0118,578.3769,439.0848,0.2731,0.000866,-0.0298,-0.2491,0.0985,ROTATE2
-236.7101,-48.9458,-504.2311,0.3154,559.1748,0.3954,0.0073,567.236,122.2167,0.2911,0.00045,-0.0048,-0.2728,0.0893,ROTATE2
-249.7775,-26.3504,-505.7849,0.3246,564.7137,5.5389,0.0092,562.5181,12.4679,0.3047,0.000248,0.0237,-0.29,0.0756,ROTATE2
-263.2845,-14.3991,-507.0279,0.3298,571.4922,6.7786,0.0051,563.1851,21.7706,0.3148,0.000142,0.054,-0.3,0.0615,ROTATE2
-277.3932,-3.7349,-508.0223,0.3351,578.833,7.3408,0.0053,566.5986,58.6869,0.3226,9.5e-05,0.0862,-0.3031,0.0493,ROTATE2
-288.5302,7.584,-508.8179,0.339,584.9811,6.1481,0.0039,571.839,86.5805,0.3288,6.8e-05,0.1197,-0.2996,0.04,ROTATE2
-284.9586,26.0547,-509.4543,0.3425,584.3149,0.6662,0.0035,576.8669,60.3531,0.3342,4.1e-05,0.1542,-0.2898,0.0336,ROTATE2
-268.5731,52.7312,-509.9634,0.3491,578.7701,5.5448,0.0065,579.6782,23.6336,0.3391,4.3e-05,0.1896,-0.2733,0.0289,ROTATE2
-239.5772,86.2944,-510.3708,0.3591,570.3703,8.3998,0.01,579.4539,27.5087,0.345,7.1e-05,0.2266,-0.2509,0.0237,ROTATE2
-200.4462,122.7074,-510.6966,0.3767,562.1804,8.1899,0.0176,576.1234,76.0141,0.3533,0.000184,0.2636,-0.225,0.017,ROTATE2
-154.6101,158.4503,-510.9573,0.403,556.8555,5.3248,0.0263,570.4982,102.93,0.3661,0.000473,0.3012,-0.1977,0.0095,ROTATE2
-114.3193,194.2008,-511.1658,0.4339,558.6353,1.7797,0.0309,565.3623,66.5183,0.3843,0.000949,0.3396,-0.1694,0.001,ROTATE2
-84.3523,228.0388,-511.3327,0.4746,566.1962,7.5609,0.0407,562.8475,24.3796,0.4094,0.001699,0.3802,-0.1404,-0.0064,ROTATE2
-62.1443,251.4467,-511.4661,0.4955,573.3105,7.1143,0.0209,563.4355,34.6101,0.4367,0.001929,0.4186,-0.1096,-0.0121,ROTATE2
-46.1811,264.1917,-511.5729,0.4941,577.613,4.3025,0.0014,566.5221,64.9682,0.4602,0.001314,0.4498,-0.0751,-0.0151,ROTATE2
-32.8511,269.269,-511.6583,0.4795,579.1194,1.5064,0.0146,570.9749,58.191,0.4755,0.000499,0.4698,-0.0359,-0.0149,ROTATE2
-31.6247,270.8152,-511.7267,0.4598,579.832,0.7126,0.0197,575.2142,25.4556,0.4807,0.000175,0.4759,0.0072,-0.0103,ROTATE2
-38.9966,264.3741,-511.7813,0.4456,577.3513,2.4808,0.0142,577.4453,5.1265,0.4749,0.00038,0.4665,0.0528,-0.0009,ROTATE2
-47.7223,256.0805,-511.825,0.4303,574.2991,3.0521,0.0153,577.6429,3.6478,0.4619,0.000524,0.4451,0.0972,0.0137,ROTATE2
-65.6434,219.1988,-511.86,0.4229,560.6763,13.6229,0.0074,574.2556,49.7472,0.4476,0.000416,0.4167,0.1407,0.0318,ROTATE2
-78.3773,191.3184,-494.4787,0.4149,535.9616,24.7147,0.008,565.6241,263.7984,0.4347,0.00026,0.3851,0.1804,0.0504,ROTATE2
-68.7768,154.0735,-373.1048,0.42,409.4827,126.4789,0.005,531.5542,3938.6929,0.4267,0.000114,0.3554,0.2157,0.0683,ROTATE2
-57.5152,104.9338,-245.8995,0.437,273.4696,136.0131,0.017,470.7779,13146.9863,0.425,6e-05,0.3308,0.2475,0.0823,ROTATE2
-78.7278,30.3408,-94.3227,0.4215,126.552,146.9177,0.0155,381.2285,26682.8496,0.4232,5.4e-05,0.3089,0.2721,0.0892,ROTATE2
-95.3322,-66.7617,26.9387,0.403,119.4615,7.0904,0.0184,292.9855,26160.1094,0.4193,0.00012,0.2894,0.2885,0.089,ROTATE2
-123.0033,-155.8094,123.9478,0.3994,234.0287,114.5672,0.0037,232.5989,11401.2734,0.4162,0.000186,0.2766,0.2985,0.0838,ROTATE2
-134.7401,-227.0475,201.5551,0.3974,332.1595,98.1308,0.002,217.1343,6887.0039,0.4117,0.000233,0.2711,0.3002,0.0738,ROTATE2
-127.9265,-284.038,263.641,0.3862,408.1046,75.9451,0.0112,244.0613,12821.1387,0.4015,0.000131,0.2698,0.2896,0.0612,ROTATE2
-97.7443,-329.6304,313.3097,0.3719,465.1592,57.0547,0.0143,311.7827,15250.1191,0.3916,0.000128,0.2748,0.2719,0.0473,ROTATE2
-51.3548,-366.1043,353.0446,0.3511,511.1851,46.0258,0.0208,390.1274,9666.998,0.3812,0.000322,0.2845,0.2466,0.0323,ROTATE2
-23.312,-395.2835,384.8326,0.3281,552.1672,40.9821,0.023,453.7551,5996.5303,0.367,0.000617,0.2937,0.212,0.0158,ROTATE2
-27.6621,-418.6268,410.2629,0.3053,586.7958,34.6286,0.0228,504.6824,3985.8098,0.3485,0.000851,0.2977,0.1704,-0.0018,ROTATE2
-46.1203,-437.3014,430.6072,0.2794,615.4529,28.6571,0.0259,546.152,2854.6448,0.3272,0.001067,0.2941,0.1239,-0.021,ROTATE2
-90.165,-452.2411,446.8827,0.2593,642.1494,26.6965,0.0201,581.55,2132.7568,0.3047,0.001081,0.2829,0.0734,-0.0398,ROTATE2
-97.8382,-464.1929,459.903,0.238,660.7255,18.5761,0.0213,611.4581,1501.7677,0.282,0.001026,0.2638,0.0222,-0.0567,ROTATE2
-109.6268,-455.4043,470.3193,0.2211,663.7856,3.0601,0.0169,633.7819,847.9695,0.2606,0.000885,0.2366,-0.0256,-0.0718,ROTATE2
-105.8077,-424.8391,478.6523,0.2041,648.6845,15.1011,0.0171,646.1596,297.6406,0.2404,0.000715,0.2027,-0.0675,-0.0826,ROTATE2
-56.393,-377.0463,485.3188,0.1832,617.1534,31.5311,0.0209,646.4997,277.2159,0.2211,0.000694,0.163,-0.0996,-0.0887,ROTATE2
15.3668,-324.9589,490.6519,0.1733,588.7051,28.4484,0.0099,635.8109,827.2228,0.2039,0.000565,0.1197,-0.1218,-0.0913,ROTATE2
86.2903,-277.764,494.9184,0.1817,574.0584,14.6467,0.0084,618.4774,1165.2994,0.1927,0.000305,0.077,-0.1375,-0.0922,ROTATE2
142.4448,-236.9925,498.3316,0.2053,569.9037,4.1547,0.0237,599.701,874.0602,0.1895,0.000165,0.0347,-0.1498,-0.0933,ROTATE2
174.5839,-203.4002,501.0622,0.2418,568.2557,1.6481,0.0364,583.6153,333.1943,0.1971,0.000612,-0.0082,-0.1629,-0.0952,ROTATE2
194.2422,-164.8421,503.2466,0.2873,564.0568,4.1989,0.0455,572.996,71.9693,0.2179,0.001769,-0.0508,-0.181,-0.0967,ROTATE2
220.225,-134.6455,504.9942,0.3245,567.1398,3.0831,0.0372,568.6829,10.8703,0.2481,0.002731,-0.0925,-0.2026,-0.0973,ROTATE2
224.2644,-84.0164,506.3922,0.3517,560.1664,6.9734,0.0272,565.9045,11.8776,0.2821,0.002838,-0.1348,-0.224,-0.0955,ROTATE2
213.2709,-30.0069,507.5107,0.3568,551.3184,8.848,0.0051,562.1874,37.4131,0.3124,0.001857,-0.1734,-0.2404,-0.0899,ROTATE2
202.8667,25.5882,508.4054,0.3585,547.9833,3.3351,0.0017,558.1329,53.961,0.3358,0.000738,-0.2064,-0.2488,-0.0834,ROTATE2
191.0434,74.1612,509.1212,0.3611,548.8186,0.8353,0.0026,555.0853,55.0058,0.3505,0.000179,-0.2331,-0.2475,-0.0788,ROTATE2
186.0284,109.7665,509.6938,0.3653,553.573,4.7544,0.0042,552.3719,19.0385,0.3587,2e-05,-0.255,-0.2385,-0.0756,ROTATE2
181.1665,137.1882,510.152,0.3701,558.4774,4.9044,0.0047,552.0341,14.2289,0.3624,2.3e-05,-0.2737,-0.2232,-0.0736,ROTATE2
172.2707,156.3755,510.5185,0.3819,561.0344,2.5571,0.0118,553.9773,26.5515,0.3674,6.8e-05,-0.2939,-0.2047,-0.0713,ROTATE2
161.3166,167.4754,510.8116,0.3982,561.2482,0.2138,0.0163,556.6303,22.9006,0.3753,0.000179,-0.3169,-0.183,-0.0686,ROTATE2
136.8408,173.9335,511.0462,0.4105,556.908,4.3403,0.0123,558.2482,8.0939,0.3852,0.000289,-0.3417,-0.1568,-0.0641,ROTATE2
112.0132,175.503,511.2339,0.4152,552.0039,4.9041,0.0046,557.9344,11.4222,0.3952,0.000291,-0.3656,-0.1251,-0.0584,ROTATE2
91.7262,172.0806,511.384,0.4183,547.3016,4.7023,0.0032,555.6992,28.9786,0.4048,0.000179,-0.3867,-0.0883,-0.0524,ROTATE2
75.6654,168.0988,511.5041,0.4232,543.7084,3.5931,0.0048,552.234,40.0339,0.4131,7.2e-05,-0.4025,-0.0473,-0.0473,ROTATE2
62.8792,157.5634,511.6001,0.4304,538.9942,4.7142,0.0072,547.7832,39.0315,0.4195,4.6e-05,-0.4121,-0.003,-0.0421,ROTATE2
49.5721,149.7258,511.677,0.4432,535.433,3.5612,0.0128,543.4882,34.4378,0.426,0.0001,-0.417,0.0434,-0.0369,ROTATE2
40.6483,132.3994,502.6072,0.4573,521.3405,14.0925,0.0141,537.3556,80.429,0.4345,0.000201,-0.4189,0.0899,-0.0319,ROTATE2
35.1936,104.4695,435.9827,0.4653,449.7036,71.6369,0.008,517.836,1216.2024,0.4439,0.00025,-0.4183,0.1333,-0.0271,ROTATE2
33.0549,56.3162,313.4861,0.466,320.2151,129.4885,0.0007,473.1373,6895.1562,0.4524,0.000189,-0.4153,0.1709,-0.0224,ROTATE2
30.9189,-6.2533,181.4671,0.4637,184.1884,136.0267,0.0022,402.1761,17690.5352,0.4591,7.3e-05,-0.4107,0.2007,-0.0185,ROTATE2
26.607,-70.1307,43.3611,0.4484,86.6397,97.5487,0.0153,312.4175,25995.082,0.4601,4.4e-05,-0.4031,0.22,-0.015,ROTATE2
15.6419,-129.0421,-67.7111,0.4175,146.5651,59.9253,0.0309,237.4624,17148.4512,0.4522,0.000342,-0.3902,0.2279,-0.012,ROTATE2
3.8322,-180.3399,-156.5689,0.3922,238.8535,92.2884,0.0253,195.2924,6361.2598,0.4376,0.000814,-0.3751,0.2251,-0.0089,ROTATE2
-26.7311,-241.1563,-227.6551,0.3587,332.7127,93.8592,0.0335,197.7919,7010.7471,0.4161,0.001438,-0.3572,0.2132,-0.006,ROTATE2
-75.1942,-290.3032,-284.5241,0.3248,413.3813,80.6685,0.0339,243.6304,14168.3174,0.3883,0.00188,-0.337,0.192,-0.0026,ROTATE2
-154.9491,-314.9363,-330.0193,0.2885,481.7747,68.3934,0.0363,322.6574,14336.3652,0.3563,0.002127,-0.3145,0.1653,0.002,ROTATE2
-226.3593,-316.8272,-366.4154,0.2505,534.6758,52.9012,0.038,400.2796,11099.8223,0.3229,0.002503,-0.2921,0.1327,0.0086,ROTATE2
-283.4875,-299.4711,-395.5323,0.2162,571.3964,36.7206,0.0343,466.7882,7320.9468,0.2877,0.002582,-0.2671,0.0969,0.0156,ROTATE2
-329.19,-276.53,-418.8259,0.1876,600.2083,28.8119,0.0286,520.2873,4423.7334,0.2535,0.002411,-0.2405,0.0595,0.0243,ROTATE2
-337.2645,-247.599,-437.4607,0.1636,605.3301,5.1218,0.024,558.6771,2110.6338,0.2213,0.001973,-0.2106,0.0219,0.0332,ROTATE2
-333.6991,-208.9292,-452.3686,0.1466,599.7031,5.627,0.0169,582.2628,708.1805,0.1929,0.001378,-0.1769,-0.0168,0.0405,ROTATE2
-311.9406,-151.8653,-464.2949,0.1441,579.603,20.1001,0.0026,591.2482,175.9543,0.1716,0.000738,-0.1381,-0.0537,0.0447,ROTATE2
-283.0431,-79.8297,-473.8359,0.1649,557.6797,21.9233,0.0208,588.5048,314.9788,0.1613,0.000244,-0.0938,-0.0902,0.0448,ROTATE2
-252.8064,2.9144,-481.4687,0.2053,543.8121,13.8676,0.0404,577.2256,559.8511,0.1649,0.00048,-0.0445,-0.126,0.0383,ROTATE2
-234.3888,81.4409,-487.575,0.2492,547.0833,3.2711,0.044,565.5763,447.8835,0.182,0.001609,0.007,-0.1597,0.0252,ROTATE2
-234.4611,148.5214,-492.46,0.2926,565.2853,18.202,0.0434,558.6927,167.5881,0.2112,0.002952,0.0565,-0.1911,0.0066,ROTATE2
-228.1095,190.414,-496.368,0.3337,578.509,13.2237,0.0411,558.4739,158.6288,0.2491,0.003611,0.1004,-0.2218,-0.0144,ROTATE2
-214.8501,208.0656,-499.4944,0.362,582.1911,3.6821,0.0284,563.3762,246.9718,0.2886,0.003187,0.1375,-0.2492,-0.0341,ROTATE2
-193.4426,203.6275,-501.9955,0.3737,575.2249,6.9662,0.0117,569.6587,159.0298,0.3222,0.002114,0.1687,-0.269,-0.0498,ROTATE2
-169.7416,184.3957,-503.9964,0.3777,562.8733,12.3516,0.004,572.8167,56.3349,0.3479,0.001003,0.197,-0.2793,-0.0592,ROTATE2
-150.5526,165.7291,-505.5971,0.3777,552.9563,9.917,0.0001,570.351,117.7975,0.365,0.000278,0.2245,-0.278,-0.0613,ROTATE2
-130.7827,156.1739,-506.8777,0.3739,546.2778,6.6785,0.0037,563.9047,178.8359,0.373,3.3e-05,0.2525,-0.2626,-0.058,ROTATE2
-118.6449,159.2954,-507.9022,0.3724,545.3588,0.9189,0.0016,556.5382,126.4823,0.3751,5e-06,0.2807,-0.235,-0.0503,ROTATE2
-107.4222,183.6207,-508.7217,0.3686,551.4108,6.052,0.0038,551.7755,39.2174,0.374,1.2e-05,0.3058,-0.2012,-0.0382,ROTATE2
-96.7346,213.5497,-509.3774,0.375,560.7373,9.3265,0.0065,551.3483,30.4654,0.3735,9e-06,0.3288,-0.1615,-0.0256,ROTATE2
-92.5877,247.4428,-509.9019,0.3892,574.2825,13.5452,0.0142,555.6135,116.9526,0.3758,5e-05,0.3494,-0.1208,-0.013,ROTATE2
-65.367,273.7449,-510.3215,0.414,582.784,8.5015,0.0248,562.9147,193.8611,0.3838,0.000277,0.37,-0.0782,-0.0034,ROTATE2
-31.6811,283.0928,-510.6572,0.4348,584.7358,1.9518,0.0207,570.7901,165.4298,0.3963,0.000614,0.3892,-0.0346,0.0029,ROTATE2
-16.9918,271.1586,-510.9258,0.4513,578.6716,6.0642,0.0165,576.2422,73.0162,0.4129,0.00079,0.4075,0.0121,0.0043,ROTATE2
-3.0872,254.0675,-511.1406,0.4583,570.8105,7.8611,0.007,578.2569,26.7776,0.4295,0.000639,0.4203,0.0581,0.0062,ROTATE2
9.7678,237.3478,-511.3125,0.454,563.7995,7.011,0.0043,576.1603,61.026,0.4425,0.000266,0.4243,0.1059,0.0081,ROTATE2
17.4673,227.7251,-511.45,0.4462,560.1294,3.6701,0.0078,571.6294,83.12,0.4489,6.6e-05,0.4166,0.1517,0.0141,ROTATE2
8.777,224.9176,-511.56,0.4355,558.8905,1.2389,0.0107,566.4603,54.5005,0.4491,6.1e-05,0.3975,0.1946,0.0246,ROTATE2
1.956,216.7434,-511.648,0.4183,555.6664,3.2241,0.0172,561.8593,26.8092,0.4425,0.000206,0.3671,0.2322,0.0392,ROTATE2
-8.9977,194.5541,-511.7184,0.4069,547.529,8.1375,0.0115,557.2029,30.1745,0.4322,0.000304,0.3289,0.2642,0.0559,ROTATE2
-32.1513,177.9121,-409.9716,0.4187,448.066,99.463,0.0118,534.0563,1867.8782,0.4251,0.000195,0.291,0.2924,0.0736,ROTATE2
-34.1242,151.5765,-274.271,0.4432,315.2213,132.8446,0.0245,485.0746,8910.4629,0.4245,0.000171,0.2588,0.319,0.0888,ROTATE2
-84.6525,80.5237,-117.02,0.4353,165.3595,149.8618,0.0079,406.3685,22069.5918,0.4245,0.00017,0.2304,0.3403,0.0964,ROTATE2
-129.5845,-23.6029,8.7809,0.415,132.0089,33.3507,0.0203,321.6369,25486.8223,0.4238,0.00018,0.208,0.355,0.0961,ROTATE2
-170.0301,-121.2823,109.4216,0.4054,235.7811,103.7722,0.0096,259.2874,12868.1553,0.4235,0.00019,0.1955,0.3637,0.0902,ROTATE2
-158.7991,-199.4259,189.9342,0.4037,317.9037,82.1227,0.0017,233.2549,5750.1699,0.4205,0.000255,0.1926,0.3644,0.08,ROTATE2
-145.7049,-261.9407,254.3442,0.3863,393.1079,75.2041,0.0173,248.8322,9274.4121,0.4091,0.000257,0.1928,0.3537,0.0665,ROTATE2
-95.5733,-311.0807,305.8723,0.3655,446.6131,53.5052,0.0208,305.0829,12540.1895,0.3952,0.000306,0.2013,0.3333,0.0555,ROTATE2
-21.618,-339.2958,347.0947,0.3416,485.8639,39.2507,0.0239,375.8539,8077.0757,0.3805,0.000586,0.216,0.3061,0.0464,ROTATE2
46.4244,-346.1585,380.0726,0.317,516.1745,30.3106,0.0246,431.9326,4946.147,0.3628,0.000956,0.2317,0.2716,0.0365,ROTATE2
84.3301,-337.8206,406.455,0.2891,535.2009,19.0264,0.0279,475.392,2589.7744,0.3399,0.001185,0.2426,0.2288,0.025,ROTATE2
106.086,-321.8689,427.5609,0.263,545.5842,10.3834,0.0261,505.8873,1291.0647,0.3152,0.001329,0.2504,0.1785,0.0132,ROTATE2
114.55,-298.5233,444.4456,0.2445,547.5123,1.9281,0.0185,526.0672,527.6812,0.291,0.001238,0.2518,0.1235,-0.0,ROTATE2
109.4213,-271.578,457.9534,0.2331,543.5521,3.9602,0.0114,537.6048,132.4475,0.2693,0.000927,0.2468,0.0649,-0.0132,ROTATE2
94.1745,-244.203,468.7596,0.2243,536.8794,6.6727,0.0088,541.7458,23.5534,0.2508,0.000534,0.2336,0.0064,-0.0259,ROTATE2
74.2552,-217.4437,477.4045,0.2107,529.8214,7.058,0.0136,540.6699,42.2671,0.2351,0.000316,0.212,-0.0471,-0.0371,ROTATE2
66.3261,-183.3893,484.3205,0.1908,522.1084,7.713,0.0199,535.9747,84.2981,0.2207,0.000346,0.1813,-0.0905,-0.0462,ROTATE2
77.6484,-145.0052,489.8533,0.1781,516.7321,5.3763,0.0127,529.8187,93.8339,0.2074,0.000418,0.144,-0.1224,-0.0525,ROTATE2
108.7531,-108.5635,494.2795,0.183,517.6152,0.8832,0.005,524.6312,58.9881,0.1974,0.000305,0.1032,-0.1452,-0.0564,ROTATE2
130.7306,-77.804,497.8205,0.2054,520.5471,2.9318,0.0223,521.3649,21.6513,0.1936,0.000158,0.0608,-0.1629,-0.0581,ROTATE2
133.3376,-55.0869,500.6533,0.2415,521.0251,0.4781,0.0361,519.6056,4.2769,0.1997,0.00052,0.0168,-0.1803,-0.0579,ROTATE2
114.6357,-40.4914,502.9196,0.2813,517.406,3.6191,0.0398,518.6652,3.1072,0.2179,0.001506,-0.0273,-0.2,-0.0569,ROTATE2
101.1086,-17.6619,504.7325,0.3168,515.0629,2.3431,0.0355,518.3313,4.8435,0.2456,0.002379,-0.0696,-0.2228,-0.0539,ROTATE2
103.5493,-10.8139,506.1829,0.3198,516.7791,1.7161,0.003,518.1641,5.1949,0.273,0.00195,-0.1096,-0.2403,-0.051,ROTATE2
83.3832,-7.6667,507.3432,0.3415,514.2068,2.5722,0.0216,516.896,5.5831,0.3002,0.001235,-0.1502,-0.252,-0.0471,ROTATE2
63.5691,-1.5865,508.2715,0.3716,512.2338,1.9731,0.0302,515.1377,3.4288,0.3262,0.000888,-0.1909,-0.2571,-0.0412,ROTATE2
57.1553,6.4152,509.0141,0.3952,512.2531,0.0193,0.0235,514.1071,3.002,0.349,0.000917,-0.2307,-0.2541,-0.0341,ROTATE2
58.8648,15.9228,509.6082,0.4122,513.2437,0.9906,0.017,513.7433,2.836,0.3681,0.001145,-0.2699,-0.2424,-0.0281,ROTATE2
56.0731,35.057,510.0834,0.4192,514.3522,1.1086,0.007,513.2579,0.8314,0.3879,0.000808,-0.3095,-0.2262,-0.0214,ROTATE2
47.1054,65.5174,510.4636,0.4249,516.8022,2.45,0.0058,513.777,2.8943,0.4046,0.000372,-0.345,-0.2029,-0.0151,ROTATE2
27.9624,108.1046,510.7678,0.4322,522.831,6.0287,0.0073,515.8965,14.3209,0.4167,0.00016,-0.3745,-0.1718,-0.0107,ROTATE2
3.6856,148.5774,511.0111,0.443,532.1853,9.3543,0.0108,519.8829,48.8397,0.4263,0.000113,-0.399,-0.1342,-0.0083,ROTATE2
-18.5828,173.1119,511.2058,0.4592,540.0411,7.8558,0.0162,525.2424,92.5707,0.4357,0.000201,-0.4204,-0.0902,-0.0074,ROTATE2
-33.8225,166.3802,511.3615,0.4746,538.8107,1.2305,0.0154,530.1341,81.7427,0.4468,0.000326,-0.4388,-0.0427,-0.0074,ROTATE2
-48.4955,180.5573,511.4861,0.4877,544.5831,5.7724,0.0132,535.6902,57.0789,0.4593,0.000409,-0.4532,0.0077,-0.0087,ROTATE2
-47.1714,176.9614,511.5858,0.4939,543.3787,1.2043,0.0061,539.7998,18.9411,0.4717,0.000348,-0.4619,0.0596,-0.0103,ROTATE2
-31.8715,158.691,511.6655,0.5019,536.6565,6.7222,0.008,540.694,8.5214,0.4834,0.000227,-0.4644,0.1119,-0.0115,ROTATE2
-15.0753,128.3466,511.7293,0.5065,527.7944,8.8621,0.0047,538.2447,35.7168,0.4929,0.000126,-0.46,0.162,-0.0115,ROTATE2
3.8022,87.2835,436.8178,0.506,445.4691,82.3254,0.0006,519.5764,1408.6096,0.4992,5.3e-05,-0.4493,0.2074,-0.0107,ROTATE2
16.348,33.5143,316.7386,0.4961,318.9261,126.543,0.0099,474.445,7298.8071,0.5009,2.6e-05,-0.4335,0.2446,-0.0085,ROTATE2
24.7034,-17.0886,173.6597,0.476,176.2383,142.6877,0.0201,401.0169,18742.1895,0.4973,0.000127,-0.4149,0.2709,-0.0059,ROTATE2
39.1315,-55.624,36.5277,0.4522,77.1983,99.0401,0.0238,309.1252,27590.1914,0.4874,0.000431,-0.3949,0.2843,-0.0031,ROTATE2
50.6833,-115.5023,-73.1778,0.4267,145.8238,68.6255,0.0255,232.7311,17524.3555,0.4714,0.000838,-0.375,0.2854,-0.0006,ROTATE2
53.6092,-167.9393,-160.9423,0.3936,238.7048,92.881,0.0331,191.3783,6769.9468,0.4489,0.001305,-0.3547,0.275,0.0022,ROTATE2
21.7186,-221.1952,-231.1538,0.364,320.6729,81.9681,0.0296,191.7276,6859.5586,0.4225,0.001605,-0.3363,0.2554,0.0037,ROTATE2
-28.572,-261.3468,-287.3231,0.3382,389.4523,68.7794,0.0258,234.3704,12812.1738,0.3949,0.001694,-0.3206,0.2296,0.0054,ROTATE2
-114.7514,-265.715,-332.2585,0.3081,440.645,51.1927,0.03,307.0598,11097.6592,0.3661,0.001714,-0.306,0.1982,0.01,ROTATE2
-179.7917,-248.7626,-368.2068,0.2793,479.358,38.713,0.0288,373.7666,7385.7881,0.3366,0.001618,-0.2912,0.1635,0.0154,ROTATE2
-235.2615,-222.907,-396.9654,0.2514,512.4617,33.1037,0.0279,428.518,4587.0029,0.3082,0.001614,-0.2767,0.1263,0.0215,ROTATE2
-280.2967,-193.1974,-419.9723,0.224,540.6184,28.1567,0.0274,472.5071,2839.1514,0.2802,0.001626,-0.2601,0.0869,0.0292,ROTATE2
-314.7436,-158.1986,-438.3779,0.1989,562.3749,21.7565,0.0251,507.0916,1878.6858,0.2523,0.001501,-0.2394,0.0456,0.0364,ROTATE2
-326.323,-111.8651,-453.1023,0.1824,569.4754,7.1005,0.0165,532.8577,1110.1117,0.2272,0.001224,-0.2145,0.0036,0.0401,ROTATE2
-309.7866,-60.0234,-464.8818,0.1805,561.8591,7.6163,0.0019,549.3579,433.6282,0.2074,0.000726,-0.1857,-0.0403,0.0403,ROTATE2
-279.1261,-3.4718,-474.3055,0.1968,550.3536,11.5054,0.0163,556.9363,104.1292,0.1965,0.000243,-0.1516,-0.0863,0.0349,ROTATE2
-249.4415,58.6132,-481.8444,0.2307,545.7386,4.6151,0.0339,557.9603,74.9036,0.1979,0.000324,-0.1125,-0.1332,0.024,ROTATE2
-221.8782,126.7218,-487.8755,0.2679,550.7367,4.9981,0.0372,555.6327,76.0242,0.2117,0.001115,-0.0688,-0.1783,0.0072,ROTATE2
-250.4338,186.6306,-492.7004,0.304,583.3539,32.6172,0.0361,558.4084,183.6885,0.236,0.002057,-0.0246,-0.2194,-0.0136,ROTATE2
-295.1096,225.2544,-496.5603,0.3365,620.0011,36.6472,0.0325,570.0368,804.82,0.2672,0.00249,0.0204,-0.2553,-0.0345,ROTATE2
-325.9845,241.4567,-499.6483,0.3558,643.5958,23.5947,0.0193,588.6852,1461.7572,0.299,0.002059,0.0614,-0.2831,-0.0523,ROTATE2
-316.7626,233.5966,-502.1186,0.3707,637.9883,5.6075,0.0149,607.1351,1238.6328,0.327,0.00137,0.0972,-0.3031,-0.0645,ROTATE2
-281.4226,207.3023,-504.0949,0.3766,613.4204,24.5679,0.0058,619.6719,453.2064,0.3487,0.000692,0.1272,-0.3155,-0.0694,ROTATE2
-244.3443,182.6106,-505.6759,0.3742,590.5581,22.8623,0.0024,621.1127,356.8533,0.3628,0.000224,0.1549,-0.3193,-0.0675,ROTATE2
-206.0567,167.701,-506.9407,0.3747,572.339,18.2191,0.0005,611.5803,741.5149,0.3704,5.7e-05,0.1812,-0.3146,-0.0606,ROTATE2
-173.2516,168.4858,-507.9526,0.3743,562.5117,9.8273,0.0003,595.3635,755.0767,0.3741,4e-06,0.2086,-0.302,-0.0514,ROTATE2
-146.2576,190.573,-508.7621,0.3748,562.6261,0.1144,0.0005,580.291,378.8715,0.3749,1e-06,0.2373,-0.2814,-0.0424,ROTATE2
-130.406,222.0022,-509.4096,0.373,570.7792,8.1531,0.0019,571.7628,104.725,0.3742,0.0,0.2665,-0.2527,-0.0345,ROTATE2
-105.2717,257.3705,-509.9277,0.3771,580.8167,10.0375,0.0041,569.8146,46.6709,0.3748,2e-06,0.2954,-0.2193,-0.0277,ROTATE2
-55.8205,292.3152,-510.3422,0.3877,590.7734,9.9567,0.0106,573.5014,119.658,0.3774,2.9e-05,0.3228,-0.1822,-0.0214,ROTATE2
35.9499,323.6896,-510.6737,0.3998,605.6856,14.9122,0.0121,582.1362,228.1086,0.3825,0.000101,0.3481,-0.1426,-0.0149,ROTATE2
129.3568,352.3923,-510.939,0.4188,634.0128,28.3271,0.019,596.4135,486.3735,0.3913,0.000276,0.3722,-0.1002,-0.0082,ROTATE2
200.1073,376.2014,-511.1512,0.43,665.4667,31.454,0.0112,615.351,949.9897,0.4027,0.000379,0.3929,-0.056,-0.0015,ROTATE2
240.8827,391.0924,-511.321,0.4373,687.3331,21.8664,0.0073,636.6543,1293.9194,0.4147,0.000342,0.4087,-0.0093,0.0043,ROTATE2
265.8093,387.1395,-511.4568,0.4423,694.3483,7.0152,0.005,657.3693,1109.516,0.4256,0.000229,0.4178,0.039,0.0091,ROTATE2
276.6318,375.7523,-511.5654,0.4407,692.3973,1.951,0.0015,674.7117,519.9106,0.4338,7.4e-05,0.4189,0.0873,0.0139,ROTATE2
274.4461,352.6768,-511.6523,0.4372,679.3303,13.067,0.0036,683.7751,110.7496,0.4375,1.8e-05,0.4103,0.1344,0.0193,ROTATE2
263.4788,320.0758,-511.7219,0.4329,658.5809,20.7494,0.0043,682.398,168.7632,0.4381,1.1e-05,0.3937,0.1783,0.0257,ROTATE2
238.3674,273.7701,-511.7775,0.4235,627.4434,31.1375,0.0094,670.42,624.4224,0.4353,4.6e-05,0.37,0.2172,0.0328,ROTATE2
199.8502,219.1004,-511.822,0.4083,591.5292,35.9142,0.0151,649.8563,1331.7922,0.4285,0.000135,0.3401,0.2495,0.0408,ROTATE2
147.7676,171.8991,-457.4639,0.3905,510.5465,80.9827,0.0178,613.4861,3528.4949,0.4185,0.000293,0.3063,0.2748,0.0485,ROTATE2
88.5672,118.1411,-352.618,0.3886,382.2838,128.2627,0.002,554.0768,9822.8359,0.4088,0.000308,0.2733,0.2942,0.0561,ROTATE2
7.9319,62.741,-179.6975,0.3947,190.5008,191.783,0.0061,460.4608,25312.1504,0.4011,0.000172,0.2448,0.3085,0.0637,ROTATE2
-82.4201,0.0616,-41.3611,0.4058,92.2162,98.2846,0.0111,353.4153,35397.5977,0.3976,6.4e-05,0.2253,0.3186,0.0707,ROTATE2
-162.4267,-53.8007,69.308,0.4123,184.6092,92.393,0.0066,272.0313,23133.6914,0.3984,8.4e-05,0.2175,0.3247,0.0758,ROTATE2
-221.2289,-99.0812,157.8432,0.4043,289.2642,104.655,0.0081,227.7748,9856.5508,0.4011,7.1e-05,0.2208,0.325,0.0789,ROTATE2
-252.3019,-135.2681,228.6715,0.3825,366.3937,77.1295,0.0217,224.5968,8914.8828,0.3999,0.000108,0.2303,0.3158,0.0794,ROTATE2
-234.9946,-142.5863,285.334,0.3551,396.193,29.7993,0.0274,265.7352,12879.0527,0.392,0.000441,0.2423,0.2957,0.0772,ROTATE2
-198.5301,-126.5347,330.6641,0.3312,405.9113,9.7184,0.0239,328.4743,6850.9585,0.3771,0.000921,0.254,0.2651,0.0715,ROTATE2
-165.6897,-101.9715,366.9282,0.3117,415.3162,9.4049,0.0195,374.6157,2090.8008,0.3569,0.001121,0.2634,0.2262,0.0623,ROTATE2
-138.1143,-75.8085,395.9395,0.2917,426.1344,10.8182,0.0201,401.9897,415.3242,0.3344,0.001019,0.2693,0.1816,0.0505,ROTATE2
-119.8977,-57.2311,419.1484,0.2656,439.7002,13.5658,0.026,416.651,231.3708,0.311,0.000957,0.2705,0.1336,0.0376,ROTATE2
-100.8525,-50.4318,437.7156,0.2402,452.0062,12.306,0.0254,427.8137,273.0571,0.2881,0.001045,0.2658,0.0838,0.0251,ROTATE2
-84.657,-45.1736,452.5694,0.2128,462.63,10.6238,0.0273,439.1574,290.8698,0.2644,0.001245,0.2524,0.0348,0.0152,ROTATE2
-69.3819,-38.4545,464.4524,0.1965,471.1779,8.5479,0.0163,450.3297,257.4308,0.2414,0.001188,0.2313,-0.0116,0.0075,ROTATE2
-60.343,-34.3823,473.9588,0.1915,479.0202,7.8423,0.005,460.9069,193.1003,0.2214,0.000778,0.2039,-0.0546,0.0017,ROTATE2
-55.7463,-35.8559,481.5639,0.1976,486.104,7.0838,0.006,470.1877,144.0019,0.2077,0.000314,0.1729,-0.0941,-0.0032,ROTATE2
-61.2283,-40.1128,487.648,0.2028,493.1111,7.0071,0.0053,478.4086,115.4007,0.2003,5.2e-05,0.1395,-0.1277,-0.0082,ROTATE2
-70.0326,-44.9309,492.5153,0.2137,499.4944,6.3834,0.0109,485.7816,100.1705,0.2004,5.7e-05,0.1049,-0.1576,-0.013,ROTATE2
-71.9761,-52.9041,496.4091,0.237,504.3822,4.8878,0.0233,492.4224,82.6133,0.2085,0.000256,0.0675,-0.1858,-0.0156,ROTATE2
-83.1152,-59.9514,499.5242,0.273,509.9282,5.5459,0.036,498.604,69.7679,0.2248,0.000763,0.0262,-0.2128,-0.0161,ROTATE2
-110.6828,-61.4424,502.0162,0.3054,517.7318,7.8036,0.0324,504.9295,71.6797,0.2464,0.001448,-0.0177,-0.2368,-0.0154,ROTATE2
-144.3244,-50.7883,504.0099,0.3185,526.7209,8.9892,0.0131,511.6515,93.5328,0.2695,0.001573,-0.0609,-0.256,-0.0142,ROTATE2
-140.8283,-19.4837,505.6048,0.307,525.2128,1.5082,0.0115,516.7952,74.2982,0.2882,0.000884,-0.0994,-0.2659,-0.0134,ROTATE2
-110.8689,18.3255,506.8807,0.3104,519.1876,6.0251,0.0035,519.7562,35.8588,0.3029,0.000244,-0.1345,-0.2677,-0.0128,ROTATE2
-99.2357,53.3604,507.9015,0.3276,520.249,1.0613,0.0172,521.8204,12.3283,0.3138,6.8e-05,-0.1684,-0.2603,-0.0117,ROTATE2
-93.8573,89.1383,508.7181,0.3524,524.9276,4.6786,0.0248,523.2596,8.8446,0.3232,0.000264,-0.2027,-0.2455,-0.0092,ROTATE2
-88.5765,121.0513,509.3713,0.3811,530.9976,6.07,0.0287,524.1149,17.6921,0.3357,0.000774,-0.2404,-0.2261,-0.0055,ROTATE2
-84.1643,142.6285,509.894,0.4069,536.1141,5.1166,0.0258,526.2951,41.4938,0.3557,0.001223,-0.2834,-0.2049,-0.001,ROTATE2
-84.269,164.3685,510.312,0.4269,542.7123,6.5981,0.02,531.0001,63.1583,0.379,0.001285,-0.3278,-0.1778,0.0031,ROTATE2
-89.2902,187.5573,510.6465,0.4421,551.2806,8.5684,0.0152,537.2064,83.7824,0.4019,0.00103,-0.3683,-0.1443,0.0055,ROTATE2
-95.8884,214.9583,510.9141,0.4584,562.5255,11.2448,0.0163,544.7261,125.2946,0.4231,0.00073,-0.4035,-0.1041,0.0055,ROTATE2
-96.3232,245.8948,511.1282,0.4745,575.3212,12.7957,0.0161,553.5907,196.2299,0.4418,0.000557,-0.4316,-0.0583,0.0031,ROTATE2
-95.2023,272.969,511.2994,0.4905,587.3693,12.0481,0.016,563.8418,258.2579,0.4585,0.00051,-0.4523,-0.0077,-0.0019,ROTATE2
-84.4837,289.1627,511.4364,0.5027,593.5653,6.196,0.0122,574.0124,242.2236,0.4736,0.000471,-0.4656,0.0441,-0.0092,ROTATE2
-66.1964,297.0395,511.546,0.51,595.2258,1.6605,0.0073,582.8014,151.632,0.4872,0.000352,-0.472,0.0952,-0.0173,ROTATE2
-46.779,292.0941,511.6337,0.5114,590.996,4.2297,0.0014,588.4955,50.4167,0.4978,0.000191,-0.471,0.1438,-0.0254,ROTATE2
-34.4326,276.8503,511.7039,0.5067,582.8143,8.1817,0.0047,589.9941,19.9133,0.5043,5.6e-05,-0.4632,0.1871,-0.0328,ROTATE2
-26.9335,257.7302,511.76,0.496,573.6276,9.1868,0.0107,587.2458,64.5549,0.5054,3.1e-05,-0.449,0.2225,-0.039,ROTATE2
32.6375,237.4561,511.8049,0.4931,565.1503,8.4773,0.0029,581.5628,121.9136,0.5034,5.6e-05,-0.4298,0.2537,-0.0446,ROTATE2
16.4132,182.7211,474.3752,0.4924,508.614,56.5363,0.0007,564.2404,848.82,0.4999,5.9e-05,-0.4035,0.2845,-0.0528,ROTATE2
-29.0163,136.8425,381.5001,0.4746,406.3375,102.2765,0.0178,527.3088,4328.3628,0.4926,0.000107,-0.3719,0.3116,-0.0546,ROTATE2
-44.7912,98.7365,282.9001,0.4479,302.9647,103.3728,0.0267,471.3388,10645.6035,0.4808,0.000327,-0.3401,0.3301,-0.055,ROTATE2
-42.6705,55.758,201.2482,0.4278,213.1445,89.8202,0.0202,399.2422,16687.9473,0.4672,0.000658,-0.311,0.3413,-0.0563,ROTATE2
-30.9739,15.1376,123.5455,0.4081,128.2654,84.8791,0.0197,311.8652,18233.7988,0.4502,0.000932,-0.2846,0.3436,-0.0561,ROTATE2
-2.1041,-20.0805,39.3645,0.3839,44.2405,84.0249,0.0242,218.9905,16190.6768,0.4285,0.000981,-0.2637,0.3338,-0.051,ROTATE2
28.8761,-55.8363,-51.8115,0.3699,81.4614,37.2209,0.0141,154.0153,8731.9668,0.4075,0.000803,-0.2486,0.3189,-0.0499,ROTATE2
65.2696,-84.9659,-143.8492,0.3589,179.3654,97.904,0.011,129.2954,3812.2336,0.3897,0.000632,-0.2357,0.3065,-0.0485,ROTATE2
60.5876,-129.4446,-217.4794,0.3523,260.2384,80.8731,0.0066,138.7142,5746.6016,0.3746,0.000395,-0.2242,0.2967,-0.0443,ROTATE2
23.0138,-200.6276,-276.3835,0.3261,342.2994,82.061,0.0262,181.521,12181.7334,0.3582,0.000373,-0.2129,0.2855,-0.0376,ROTATE2
-51.4265,-262.9021,-323.5068,0.3067,420.0224,77.723,0.0194,256.6774,14140.6426,0.3428,0.000533,-0.2061,0.2718,-0.0318,ROTATE2
-119.8505,-312.7216,-361.2054,0.2812,492.5732,72.5508,0.0255,338.8997,12369.3574,0.3251,0.00083,-0.2035,0.2508,-0.0265,ROTATE2
-198.2804,-352.5773,-391.3643,0.2518,562.8428,70.2696,0.0294,415.5952,11427.0098,0.3036,0.001214,-0.2021,0.2231,-0.0198,ROTATE2
-261.0244,-381.1556,-415.4915,0.2157,621.3264,58.4836,0.0361,487.8128,9849.5439,0.2763,0.00154,-0.1992,0.1858,-0.0095,ROTATE2
-311.2195,-374.2026,-434.7932,0.1916,652.6334,31.3069,0.0241,549.8796,7195.5889,0.2494,0.001755,-0.1965,0.1426,0.0033,ROTATE2
-351.3756,-336.809,-450.2346,0.1815,663.0356,10.4023,0.0102,598.4823,4021.6489,0.2244,0.001395,-0.1905,0.0959,0.0203,ROTATE2
-383.5005,-282.0003,-462.5876,0.1773,663.7651,0.7295,0.0041,632.7206,1458.4044,0.2036,0.00076,-0.1795,0.0473,0.0384,ROTATE2
-409.2004,-210.1409,-472.4701,0.1816,659.418,4.3471,0.0042,652.0357,251.2989,0.1895,0.000194,-0.1647,-0.0033,0.0549,ROTATE2
-413.9447,-131.6221,-480.3761,0.1985,647.6386,11.7794,0.017,657.2982,38.8603,0.1861,6.1e-05,-0.146,-0.0542,0.0656,ROTATE2
-419.3058,-42.9383,-486.7009,0.2218,643.8469,3.7917,0.0233,655.5409,67.6076,0.1921,0.000273,-0.121,-0.1044,0.069,ROTATE2
-437.8446,53.4431,-491.7607,0.26,660.6002,16.7534,0.0382,655.0538,61.2554,0.2079,0.000925,-0.0884,-0.1555,0.0632,ROTATE2
-446.5444,145.1514,-495.8085,0.3141,682.8594,22.2592,0.054,658.8727,186.1246,0.2352,0.002247,-0.0504,-0.2072,0.0484,ROTATE2
-422.6918,218.518,-499.0468,0.3751,689.5406,6.6812,0.0611,664.8972,337.8752,0.2739,0.004089,-0.0099,-0.2595,0.0238,ROTATE2
-419.8753,277.2112,-501.6375,0.4146,710.4797,20.9391,0.0395,677.4654,535.8984,0.3171,0.005046,0.0306,-0.3065,-0.0072,ROTATE2
-434.5034,319.7346,-503.71,0.4322,738.0699,27.5901,0.0175,696.3099,689.3204,0.3592,0.004105,0.0688,-0.3448,-0.0401,ROTATE2
-428.9371,330.7783,-505.368,0.4325,740.8091,2.7392,0.0003,712.3517,572.9791,0.3937,0.002022,0.1022,-0.3709,-0.0678,ROTATE2
-365.0684,332.1695,-506.6944,0.4276,707.3547,33.4543,0.0048,717.2508,380.0124,0.4164,0.000468,0.1319,-0.3833,-0.0862,ROTATE2
-280.6548,328.1575,-507.7555,0.4166,666.5359,40.8188,0.0111,712.6498,719.6732,0.4247,5.8e-05,0.1599,-0.3796,-0.0941,ROTATE2
-206.8801,320.9698,-508.6044,0.4064,636.0027,30.5332,0.0101,697.7545,1671.816,0.4231,0.000102,0.1886,-0.3634,-0.0939,ROTATE2
-160.6478,315.8977,-509.2835,0.4045,620.4585,15.5442,0.0019,674.2322,1988.3848,0.4175,0.000124,0.2178,-0.34,-0.0891,ROTATE2
-121.8276,315.7369,-509.8268,0.4174,611.9274,8.5311,0.0129,648.4559,1213.8451,0.4145,7e-05,0.2498,-0.3142,-0.0822,ROTATE2
-70.0246,321.1489,-510.2615,0.4297,606.9653,4.9622,0.0123,628.3779,461.201,0.4149,8.1e-05,0.2838,-0.2865,-0.0732,ROTATE2
18.8897,331.6348,-510.6092,0.4396,609.1471,2.1818,0.01,616.9002,112.2217,0.4195,0.000182,0.3183,-0.2586,-0.06,ROTATE2
117.5086,350.3047,-510.8874,0.4495,630.4979,21.3508,0.0098,615.7992,75.0078,0.4281,0.000252,0.3515,-0.2314,-0.042,ROTATE2
196.4038,363.1281,-511.1099,0.4466,657.0159,26.518,0.0028,623.1107,356.9707,0.4366,0.000138,0.3803,-0.2028,-0.0213,ROTATE2
259.5199,361.59,-511.2879,0.4369,677.8741,20.8582,0.0097,636.3,757.8046,0.4405,5e-05,0.402,-0.1677,-0.0024,ROTATE2
297.6472,348.1439,-511.4303,0.4423,686.5559,8.6818,0.0054,652.2181,837.4427,0.443,2.1e-05,0.4188,-0.1266,0.0134,ROTATE2
308.874,328.0714,-511.5443,0.4529,681.6975,4.8584,0.0106,666.7282,429.6831,0.4456,3.1e-05,0.4313,-0.0791,0.0254,ROTATE2
300.2304,300.1852,-511.6354,0.4651,664.8461,16.8514,0.0122,673.5979,120.6715,0.4488,9.4e-05,0.439,-0.026,0.036,ROTATE2
289.2156,270.3263,-511.7083,0.4615,646.9678,17.8782,0.0037,671.5883,203.4723,0.4517,0.000117,0.4405,0.0301,0.0461,ROTATE2
296.9256,231.0392,-511.7667,0.4268,635.1764,11.7914,0.0346,663.0487,387.8115,0.4497,0.000193,0.4288,0.0872,0.0557,ROTATE2
339.9373,281.8939,-511.8133,0.4814,675.9988,40.8224,0.0546,660.9373,306.377,0.4575,0.000321,0.4211,0.1429,0.0683,ROTATE2
374.3468,235.9151,-511.8506,0.4908,676.5963,0.5975,0.0094,659.9171,268.1799,0.4651,0.000481,0.4084,0.1937,0.0803,ROTATE2
256.2212,235.6883,-443.7243,0.4121,563.9943,112.6021,0.0787,639.7467,1696.7152,0.4545,0.000931,0.3778,0.2293,0.0868,ROTATE2
182.3332,215.9444,-303.5669,0.3405,414.7653,149.229,0.0716,593.3063,9652.8955,0.4303,0.002937,0.3343,0.2509,0.0879,ROTATE2
104.2822,200.1868,-150.6629,0.3273,271.3832,143.3821,0.0132,520.5476,24735.3398,0.4104,0.004662,0.2948,0.2656,0.0826,ROTATE2
28.3101,154.3276,-19.7741,0.3562,158.1438,113.2393,0.029,416.9766,35442.6641,0.3854,0.003614,0.2477,0.2787,0.0686,ROTATE2
-53.1019,104.2402,86.5776,0.3932,145.5387,12.6051,0.037,310.765,25417.002,0.3659,0.001023,0.205,0.2924,0.0496,ROTATE2
-111.1565,51.3078,171.659,0.4165,210.8437,65.305,0.0233,240.1349,9600.2363,0.3667,0.001108,0.1847,0.3121,0.0316,ROTATE2
-155.094,-5.1132,239.7241,0.4148,285.5659,74.7223,0.0017,214.2951,3246.1812,0.3816,0.001211,0.1815,0.3345,0.0164,ROTATE2
-195.6783,-53.3374,294.1761,0.392,357.3156,71.7497,0.0228,231.4816,6389.9722,0.3945,0.000474,0.1884,0.3462,0.0086,ROTATE2
-236.3864,-95.3793,337.7378,0.3654,423.1342,65.8185,0.0266,284.4796,9851.6377,0.3964,0.000346,0.1982,0.3424,0.007,ROTATE2
-279.9685,-132.8034,372.5871,0.3434,484.6032,61.469,0.022,352.2925,9402.0195,0.3864,0.000806,0.2093,0.3228,0.0105,ROTATE2
-320.9311,-170.5084,400.4666,0.3217,540.7803,56.1771,0.0217,418.2798,8151.6641,0.3675,0.001103,0.2182,0.2915,0.0156,ROTATE2
-324.0761,-204.1036,422.7701,0.3045,570.4543,29.6741,0.0173,475.2575,6014.0269,0.3454,0.000962,0.2295,0.2509,0.023,ROTATE2
-293.9484,-211.8297,440.613,0.2849,570.4536,0.0007,0.0195,517.8851,3227.3169,0.324,0.000801,0.2401,0.2059,0.0308,ROTATE2
-246.5306,-199.395,454.8873,0.2663,554.4891,15.9645,0.0187,544.1561,1009.574,0.3042,0.000731,0.2484,0.1577,0.037,ROTATE2
-198.5026,-169.3035,466.3067,0.2456,534.3304,20.1587,0.0207,554.1015,220.6619,0.2846,0.000727,0.2511,0.107,0.0404,ROTATE2
-150.8302,-127.2928,475.4423,0.2265,514.7801,19.5503,0.019,548.9015,467.3655,0.2656,0.000763,0.2466,0.0555,0.0408,ROTATE2
-109.1204,-72.0249,482.7507,0.2125,500.1431,14.637,0.014,534.8392,652.1905,0.2472,0.000684,0.2339,0.0052,0.0357,ROTATE2
-69.3682,-26.7949,488.5974,0.2144,494.224,5.9191,0.0018,519.5933,495.9954,0.2331,0.000415,0.216,-0.0424,0.024,ROTATE2
-49.1321,-12.1422,493.2748,0.2253,495.8643,1.6404,0.0109,507.8683,227.5911,0.2249,0.000139,0.1947,-0.0863,0.0082,ROTATE2
-50.8119,-23.8419,497.0168,0.2377,500.1759,4.3116,0.0123,501.0375,52.7173,0.2233,8.3e-05,0.1713,-0.1262,-0.0074,ROTATE2
-62.5058,-49.286,500.0103,0.2457,506.3066,6.1307,0.008,499.3428,17.6261,0.2271,0.000167,0.1458,-0.162,-0.0194,ROTATE2
-68.264,-72.1319,502.4051,0.2549,512.1268,5.8203,0.0092,501.7396,44.44,0.2356,0.000207,0.1185,-0.1935,-0.0256,ROTATE2
-67.0924,-92.2243,504.321,0.2802,517.0555,4.9286,0.0253,506.3058,59.2079,0.2488,0.000342,0.088,-0.2234,-0.0248,ROTATE2
-67.4896,-109.5013,505.8537,0.3094,521.9514,4.8959,0.0292,511.5233,59.1385,0.2656,0.000685,0.0541,-0.2521,-0.0201,ROTATE2
-59.3698,-122.1823,507.0798,0.3453,524.9603,3.0089,0.036,516.4801,44.9262,0.2871,0.001337,0.0185,-0.2806,-0.0167,ROTATE2
-56.3083,-133.8459,508.0608,0.3757,528.4043,3.444,0.0304,520.8996,33.1309,0.3131,0.001889,-0.0176,-0.3079,-0.0195,ROTATE2
-51.4248,-134.5923,508.8455,0.3757,528.851,0.4467,0.0,524.2444,19.1952,0.3373,0.001411,-0.053,-0.3286,-0.0267,ROTATE2
-20.7461,-112.0551,509.4733,0.3574,522.063,6.788,0.0183,525.246,8.8076,0.3527,0.000602,-0.0857,-0.3374,-0.0336,ROTATE2
38.0688,-72.8347,509.9755,0.3569,516.5551,5.5079,0.0004,524.1667,20.5784,0.3622,0.00014,-0.1184,-0.3366,-0.0375,ROTATE2
69.2269,-35.9334,510.3773,0.3809,516.3028,0.2523,0.024,522.4352,29.8226,0.3693,0.000102,-0.154,-0.3291,-0.0363,ROTATE2
89.4096,-1.2248,510.6987,0.4063,518.4677,2.1649,0.0254,520.4479,21.8954,0.3754,0.000331,-0.1921,-0.3156,-0.0288,ROTATE2
101.2558,31.8701,510.9559,0.4225,521.8662,3.3985,0.0161,519.051,6.224,0.3848,0.000686,-0.2314,-0.3008,-0.0185,ROTATE2
106.3015,68.2242,511.1616,0.4311,526.5366,4.6703,0.0087,519.9457,14.8159,0.3996,0.000747,-0.2721,-0.2869,-0.0093,ROTATE2
103.8506,119.0106,511.3262,0.4326,535.1663,8.6297,0.0014,523.6679,44.9949,0.4147,0.000372,-0.3091,-0.271,-0.002,ROTATE2
92.2211,176.6398,511.4578,0.4262,548.9039,13.7376,0.0063,530.1881,119.0034,0.4237,8.9e-05,-0.3392,-0.2487,0.0034,ROTATE2
73.2769,234.6899,511.5631,0.4239,567.5788,18.6749,0.0023,540.0104,274.6664,0.4273,1.6e-05,-0.3617,-0.2219,0.0053,ROTATE2
60.0465,285.9707,511.6474,0.4253,589.2095,21.6307,0.0013,553.479,511.5317,0.4278,1.2e-05,-0.3789,-0.1927,0.0052,ROTATE2
67.7466,312.9422,511.7148,0.4281,603.6344,14.4249,0.0029,568.8986,631.7023,0.4272,9e-06,-0.3924,-0.162,0.0008,ROTATE2
81.9691,326.2131,511.7687,0.4244,612.4061,8.7717,0.0038,584.3466,544.0695,0.4256,2e-06,-0.4025,-0.1285,-0.0064,ROTATE2
107.3378,334.6237,511.8119,0.4206,620.8428,8.4368,0.0038,598.7343,352.2204,0.4245,6e-06,-0.4103,-0.0922,-0.013,ROTATE2
129.039,341.5208,511.8464,0.4124,628.7084,7.8656,0.0082,610.9603,188.3031,0.4221,3e-05,-0.4136,-0.0496,-0.0185,ROTATE2
149.7468,309.6135,511.874,0.3889,616.6844,12.024,0.0234,616.4552,70.0428,0.4149,0.000195,-0.4068,-0.0001,-0.0225,ROTATE2
17.3975,328.7783,511.8961,0.4938,608.6342,8.0502,0.1048,617.4552,48.402,0.428,0.001233,-0.383,0.0985,-0.011,ROTATE2
-84.4102,301.5258,364.9325,0.5478,480.852,127.7822,0.054,591.1443,3083.1304,0.4527,0.003492,-0.3562,0.2037,-0.0027,ROTATE2
-169.9281,228.8925,218.9773,0.5034,359.4696,121.3824,0.0444,538.8697,10908.7324,0.4693,0.003525,-0.3314,0.2868,-0.0052,ROTATE2
-163.8956,117.9296,127.8162,0.4661,238.9689,120.5006,0.0373,460.9218,21206.7539,0.48,0.002764,-0.3098,0.3471,-0.0099,ROTATE2
-76.8978,33.7656,55.3498,0.4333,100.5832,138.3857,0.0327,357.7016,31668.7187,0.4889,0.001463,-0.2933,0.3883,-0.0119,ROTATE2
38.7099,-13.6875,-9.4514,0.4109,42.1324,58.4508,0.0224,244.4012,26155.1035,0.4723,0.002399,-0.2887,0.3708,-0.0245,ROTATE2
121.5367,-38.025,-69.383,0.3995,145.0209,102.8886,0.0114,177.235,12437.2959,0.4426,0.001439,-0.2842,0.3373,-0.0317,ROTATE2
152.4481,-51.17,-131.047,0.402,207.4418,62.4209,0.0026,146.8295,5053.4019,0.4224,0.00062,-0.2765,0.3178,-0.0289,ROTATE2
133.821,-54.9298,-207.2376,0.4034,252.7306,45.2888,0.0014,149.5818,5590.9014,0.4098,0.000153,-0.2677,0.3093,-0.0235,ROTATE2
95.5162,-62.3813,-268.1901,0.406,291.4459,38.7153,0.0026,187.7543,7678.6694,0.4044,1.5e-05,-0.263,0.3063,-0.0218,ROTATE2
14.3379,-90.1113,-316.9521,0.3994,329.8246,38.3787,0.0066,245.2928,4163.6392,0.4021,6e-06,-0.2633,0.3028,-0.0222,ROTATE2
-74.5515,-126.6203,-355.9617,0.3815,385.0965,55.2719,0.0179,293.3079,3756.3171,0.3985,7.7e-05,-0.2669,0.2944,-0.0219,ROTATE2
-162.0412,-151.8869,-387.1693,0.3457,446.3486,61.2521,0.0357,341.0893,4682.9561,0.3872,0.000504,-0.2698,0.2754,-0.0204,ROTATE2
-232.033,-170.7157,-412.1355,0.3031,502.8308,56.4822,0.0426,391.1093,5851.5693,0.3672,0.001464,-0.2704,0.2445,-0.0171,ROTATE2
-288.0264,-175.4788,-432.1084,0.2658,548.1512,45.3204,0.0373,442.4503,6161.5371,0.3391,0.002428,-0.267,0.2024,-0.0119,ROTATE2
-332.8211,-175.7456,-448.0867,0.2323,585.1821,37.0309,0.0336,493.5219,5090.7988,0.3057,0.002866,-0.2578,0.152,-0.0057,ROTATE2
-353.3694,-169.6246,-460.8694,0.1998,605.0149,19.8328,0.0325,537.5055,3291.1648,0.2694,0.00264,-0.2413,0.0956,-0.0004,ROTATE2
-355.1455,-152.4403,-471.0955,0.18,609.3417,4.3268,0.0198,570.1041,1598.6656,0.2362,0.001971,-0.2189,0.0363,0.0032,ROTATE2
-337.9633,-122.8272,-479.2764,0.178,599.1758,10.166,0.002,589.3732,491.263,0.2112,0.001128,-0.1902,-0.022,0.0039,ROTATE2
-311.0612,-84.4681,-485.8211,0.1989,583.0233,16.1525,0.0209,596.3475,110.8348,0.1978,0.000381,-0.1557,-0.078,0.0013,ROTATE2
-282.2584,-38.2869,-491.0569,0.2348,567.6906,15.3327,0.036,592.8492,237.908,0.1983,0.000417,-0.1185,-0.1312,-0.0041,ROTATE2
-258.2911,4.2423,-495.2455,0.2704,558.5699,9.1206,0.0356,583.5602,357.0362,0.2124,0.001257,-0.0814,-0.1799,-0.012,ROTATE2
-247.0079,49.097,-498.5964,0.2977,558.5891,0.0192,0.0273,573.4097,245.7776,0.236,0.001947,-0.0446,-0.2221,-0.0214,ROTATE2
-241.0032,95.3776,-501.2771,0.3185,564.321,5.7319,0.0208,566.4388,80.9265,0.2641,0.001848,-0.0099,-0.2571,-0.0302,ROTATE2
-242.1494,145.9583,-503.4217,0.3316,577.3851,13.0641,0.0132,565.3112,48.6105,0.2906,0.001207,0.023,-0.2837,-0.0366,ROTATE2
-243.0945,194.2604,-505.1374,0.3432,593.2924,15.9072,0.0116,570.4315,177.8498,0.3123,0.000668,0.0557,-0.3014,-0.0407,ROTATE2
-231.0975,237.8927,-506.5099,0.3557,605.4348,12.1424,0.0124,579.8045,306.9035,0.3293,0.000402,0.0896,-0.3111,-0.0428,ROTATE2
-203.5718,270.3923,-507.6079,0.3702,610.0977,4.663,0.0146,590.1061,294.296,0.3438,0.000325,0.1244,-0.314,-0.0446,ROTATE2
-166.9668,285.6763,-508.4863,0.3896,606.6689,3.4288,0.0193,598.5758,144.4516,0.3581,0.000413,0.1607,-0.3126,-0.0467,ROTATE2
-123.9297,290.1411,-509.1891,0.4081,599.0107,7.6582,0.0185,602.9009,35.974,0.3733,0.00054,0.1989,-0.3077,-0.0487,ROTATE2
-71.05,288.216,-509.7513,0.4298,589.8838,9.127,0.0217,602.2192,50.9335,0.3907,0.000695,0.2398,-0.2994,-0.0493,ROTATE2
-16.4775,286.4572,-510.201,0.445,585.3497,4.5341,0.0153,598.2021,89.6453,0.4085,0.000722,0.2815,-0.2866,-0.0471,ROTATE2
48.0868,285.3376,-510.5608,0.4524,586.8579,1.5082,0.0074,593.5542,65.4794,0.425,0.000544,0.3212,-0.2682,-0.0412,ROTATE2
126.11,277.4388,-510.8486,0.4481,594.8465,7.9886,0.0043,591.1897,25.8233,0.4367,0.000263,0.3561,-0.242,-0.0321,ROTATE2
179.3286,258.7605,-511.0789,0.4361,600.2645,5.418,0.012,591.4404,29.997,0.4423,6.8e-05,0.3842,-0.2072,-0.0216,ROTATE2
207.2942,232.0709,-511.2631,0.4074,598.5129,1.7515,0.0288,593.1663,36.5378,0.4378,0.00026,0.3995,-0.1648,-0.0108,ROTATE2
184.2635,207.1848,-511.4105,0.4144,581.7382,16.7748,0.007,592.444,49.9166,0.4317,0.000322,0.4089,-0.1197,0.0022,ROTATE2
192.2608,212.2854,-511.5284,0.4138,586.2513,4.5131,0.0006,592.3226,51.331,0.424,0.00024,0.4118,-0.0723,0.0149,ROTATE2
202.2118,230.3283,-511.6227,0.4149,596.4047,10.1534,0.0012,592.6343,53.2924,0.4173,9.6e-05,0.41,-0.023,0.027,ROTATE2
194.6413,254.6439,-511.6982,0.42,603.7912,7.3865,0.005,593.3397,66.0463,0.4141,1.6e-05,0.4051,0.0262,0.039,ROTATE2
197.3974,280.7526,-511.7585,0.431,616.1855,12.3943,0.011,596.8741,152.5879,0.4188,4.2e-05,0.4022,0.0745,0.0505,ROTATE2
256.6679,269.7896,-511.8068,0.4653,632.9385,16.7529,0.0343,607.1142,262.0361,0.429,0.000367,0.4002,0.1239,0.0603,ROTATE2
230.775,269.7098,-495.1517,0.4652,609.2419,23.6966,0.0001,611.7123,154.7462,0.4393,0.000477,0.3947,0.1697,0.0685,ROTATE2
136.7825,270.7022,-438.5432,0.4131,533.2066,76.0353,0.0521,599.0728,1180.7518,0.4389,0.000495,0.3774,0.2046,0.0749,ROTATE2
52.4291,262.6399,-310.0034,0.3695,409.6714,123.5352,0.0436,560.2488,6843.5757,0.4288,0.001285,0.3493,0.2306,0.0774,ROTATE2
-18.8567,241.6682,-169.8683,0.3634,295.9972,113.6742,0.0061,496.2111,16082.75,0.4153,0.001956,0.3156,0.2522,0.0757,ROTATE2
-70.776,203.5314,-41.2228,0.384,219.3937,76.6035,0.0205,413.5021,20828.6758,0.399,0.001388,0.2772,0.2718,0.0691,ROTATE2
-111.8239,138.1845,64.1905,0.4069,188.9973,30.3964,0.0229,329.4532,16182.1348,0.3874,0.000389,0.2428,0.2908,0.061,ROTATE2
-186.381,56.4414,153.7493,0.4143,248.1176,59.1203,0.0074,272.4354,5951.1118,0.3876,0.000401,0.2234,0.3104,0.0531,ROTATE2
-249.4923,-29.0688,225.3963,0.4029,337.4832,89.3656,0.0114,257.9978,2822.1685,0.3943,0.000338,0.2179,0.3247,0.0477,ROTATE2
-295.8626,-92.3425,282.7139,0.3832,419.5104,82.0273,0.0197,282.7005,7140.4233,0.3982,0.000156,0.2212,0.3275,0.046,ROTATE2
-338.3807,-161.9397,328.568,0.3576,498.6812,79.1707,0.0256,338.5579,12548.3486,0.393,0.000418,0.2271,0.3162,0.0465,ROTATE2
-346.1264,-213.7205,365.2513,0.3225,546.7069,48.0258,0.0351,410.0999,11621.623,0.3761,0.001089,0.2325,0.2891,0.0489,ROTATE2
-321.9324,-243.1545,394.5979,0.3021,564.3334,17.6265,0.0203,473.343,7131.8735,0.3537,0.001388,0.2375,0.2527,0.0511,ROTATE2
-263.6334,-259.0736,418.0752,0.2862,558.04,6.2934,0.0159,517.4543,2929.1982,0.3303,0.001269,0.2436,0.2097,0.0521,ROTATE2
-200.3224,-248.9026,436.8571,0.267,541.2261,16.8139,0.0192,541.7975,531.0264,0.3071,0.000971,0.2482,0.1608,0.0501,ROTATE2
-148.2485,-218.7534,451.8825,0.2451,523.4773,17.7488,0.0219,546.7567,201.7546,0.2846,0.000723,0.2492,0.108,0.0445,ROTATE2
-107.8082,-175.6902,463.9029,0.2249,507.6372,15.8401,0.0202,538.9427,446.7634,0.2651,0.000768,0.2454,0.0561,0.0338,ROTATE2
-86.284,-125.3428,473.5192,0.2062,497.3693,10.2679,0.0187,525.55,484.1307,0.2459,0.000818,0.2332,0.0059,0.0196,ROTATE2
-81.7929,-83.068,481.2123,0.1915,495.1319,2.2374,0.0148,512.9684,299.7652,0.227,0.000726,0.2116,-0.0405,0.005,ROTATE2
-74.2999,-46.7481,487.3667,0.1803,495.2092,0.0773,0.0111,503.765,118.441,0.2096,0.000538,0.1816,-0.0797,-0.0077,ROTATE2
-62.5181,-23.4516,492.2903,0.1807,496.7979,1.5887,0.0003,498.4291,21.9625,0.1967,0.000288,0.1463,-0.1124,-0.0161,ROTATE2
-29.4394,-8.9988,496.2291,0.2043,497.183,0.3851,0.0237,496.3383,0.9436,0.1926,0.000124,0.1081,-0.1429,-0.0178,ROTATE2
4.5859,0.5603,499.3802,0.2391,499.4015,2.2185,0.0348,496.7447,2.4425,0.1992,0.000475,0.0688,-0.1733,-0.0146,ROTATE2
31.8688,2.1576,501.901,0.2769,502.9164,3.5149,0.0378,498.3016,7.1162,0.2163,0.001379,0.0295,-0.2045,-0.0104,ROTATE2
27.3356,0.1449,503.9177,0.3091,504.6586,1.7422,0.0322,500.1915,9.7142,0.242,0.002181,-0.0083,-0.2357,-0.0081,ROTATE2
-38.1752,-14.3185,505.531,0.3285,507.1725,2.5139,0.0194,502.2664,12.8527,0.2716,0.00205,-0.0436,-0.2642,-0.0092,ROTATE2
-89.7496,-25.4392,506.8217,0.344,515.3352,8.1627,0.0155,505.8969,28.6631,0.2995,0.001415,-0.0763,-0.2867,-0.0143,ROTATE2
-115.1778,-40.5388,507.8542,0.3573,522.3268,6.9916,0.0133,510.4819,53.1911,0.3231,0.000793,-0.1071,-0.3019,-0.0219,ROTATE2
-117.9641,-50.4748,508.6803,0.3557,524.6131,2.2863,0.0016,514.8212,62.8519,0.3389,0.000328,-0.1358,-0.3071,-0.0284,ROTATE2
-85.5588,-47.0611,509.3411,0.3558,518.6168,5.9963,0.0002,517.6129,37.284,0.3483,0.00012,-0.1632,-0.3035,-0.0313,ROTATE2
-32.7314,-33.0083,509.8698,0.3643,511.9844,6.6324,0.0084,518.5753,20.8936,0.3554,4.2e-05,-0.192,-0.294,-0.0298,ROTATE2
8.4711,-9.5722,510.2927,0.379,510.4528,1.5316,0.0147,517.5988,31.0354,0.3624,7.9e-05,-0.2239,-0.2788,-0.0251,ROTATE2
31.8769,24.4078,510.6311,0.3901,512.207,1.7542,0.0111,515.5748,28.2825,0.369,0.000184,-0.2567,-0.2578,-0.0174,ROTATE2
50.2359,73.8763,510.9017,0.3959,518.654,6.447,0.0058,514.383,12.4203,0.377,0.000228,-0.2895,-0.2336,-0.0088,ROTATE2
62.1575,131.6885,511.1183,0.4027,531.4577,12.8037,0.0068,516.9512,60.5488,0.3864,0.000183,-0.3214,-0.2055,-0.0013,ROTATE2
71.1354,195.8196,511.2915,0.4108,552.1092,20.6515,0.0081,524.9761,238.4324,0.3957,0.000117,-0.3511,-0.1709,0.0037,ROTATE2
87.4333,257.0963,511.4301,0.4179,579.0543,26.9451,0.0071,538.6964,592.8893,0.4035,0.0001,-0.3755,-0.1294,0.0059,ROTATE2
112.9685,303.4364,511.541,0.4281,605.4005,26.3462,0.0102,557.3351,995.0356,0.4111,0.000128,-0.3952,-0.081,0.0046,ROTATE2
146.3186,334.3773,511.6296,0.4415,628.4761,23.0756,0.0134,579.2995,1225.5612,0.4202,0.000183,-0.4105,-0.0256,0.0,ROTATE2
171.183,336.1049,511.7006,0.4655,635.6946,7.2185,0.024,600.1469,969.2601,0.4328,0.000374,-0.4211,0.0372,-0.0069,ROTATE2
204.2901,302.7933,511.7574,0.5045,628.7399,6.9547,0.0391,615.473,436.3566,0.4515,0.000956,-0.4179,0.1199,-0.0127,ROTATE2
84.9852,304.7846,458.5746,0.5517,557.1417,71.5981,0.0472,611.0905,832.3932,0.4783,0.002025,-0.3999,0.2146,-0.0042,ROTATE2
-3.7181,276.0277,325.9003,0.5607,427.102,130.0397,0.009,575.4308,6324.6597,0.5048,0.002178,-0.3767,0.3014,0.0008,ROTATE2
-51.1213,185.4409,207.7296,0.5332,283.1136,143.9884,0.0275,506.3583,18080.7637,0.5231,0.001201,-0.3556,0.3661,-0.0017,ROTATE2
-34.4627,90.5059,113.5337,0.5007,149.2276,133.886,0.0325,409.065,30777.6562,0.5302,0.000587,-0.3337,0.4077,-0.0043,ROTATE2
8.4236,14.7422,26.027,0.4673,31.0756,118.1521,0.0335,289.5321,35413.3398,0.5227,0.001191,-0.3182,0.4126,-0.0068,ROTATE2
56.0264,-40.8813,-59.6347,0.4438,91.4687,60.3931,0.0235,196.3975,20262.1289,0.5011,0.001804,-0.3118,0.3903,-0.0208,ROTATE2
80.5617,-66.3956,-150.1077,0.429,182.8412,91.3725,0.0147,147.5454,7267.4351,0.4748,0.00144,-0.3061,0.3617,-0.027,ROTATE2
88.9713,-70.4228,-222.4862,0.4127,249.7506,66.9094,0.0164,140.8728,5636.3428,0.4507,0.000948,-0.2945,0.3402,-0.0207,ROTATE2
58.702,-81.757,-280.389,0.4088,297.9062,48.1556,0.0038,170.6085,9670.0693,0.4323,0.00046,-0.2848,0.3246,-0.0123,ROTATE2
-11.0634,-123.0993,-326.7112,0.4016,349.3079,51.4017,0.0073,234.2549,8112.0127,0.4192,0.000232,-0.281,0.3105,-0.0062,ROTATE2
-99.9413,-167.4076,-363.769,0.3812,412.7244,63.4165,0.0204,298.506,6276.4946,0.4067,0.000243,-0.2805,0.2932,-0.0017,ROTATE2
-182.3531,-207.8448,-393.4152,0.3424,480.8613,68.1369,0.0388,358.1101,6698.8696,0.3893,0.000669,-0.2805,0.2674,0.001,ROTATE2
-248.2825,-235.6821,-417.1321,0.2977,539.6198,58.7585,0.0447,416.0839,7578.7017,0.3663,0.001709,-0.2801,0.2315,0.0025,ROTATE2
-301.026,-237.9613,-436.1057,0.2575,580.8876,41.2678,0.0402,472.6802,7014.418,0.3361,0.002801,-0.2747,0.1855,0.0057,ROTATE2
-343.2208,-234.3722,-451.2846,0.2223,613.5052,32.6176,0.0352,525.5197,5144.6025,0.3002,0.003247,-0.2612,0.1321,0.0106,ROTATE2
-376.9766,-218.2415,-463.4277,0.1882,636.0078,22.5026,0.0341,570.1764,3047.3569,0.2616,0.002958,-0.2388,0.073,0.0147,ROTATE2
-387.4063,-188.0682,-473.1422,0.1726,639.7787,3.7709,0.0155,601.9598,1410.6304,0.2277,0.002083,-0.209,0.0124,0.0169,ROTATE2
-368.1094,-142.7827,-480.9137,0.1864,622.2294,17.5493,0.0138,618.4818,442.5712,0.2054,0.000946,-0.1737,-0.0474,0.0152,ROTATE2
-337.9282,-87.5824,-487.131,0.2241,599.3019,22.9276,0.0377,622.1647,219.9168,0.1987,0.000429,-0.1345,-0.106,0.0087,ROTATE2
-321.9488,-22.094,-492.1048,0.2731,588.478,10.8239,0.049,617.1592,406.8231,0.2089,0.001321,-0.0934,-0.1627,-0.001,ROTATE2
-332.5028,46.2935,-496.0838,0.3118,598.9995,10.5215,0.0387,609.7575,346.939,0.2336,0.002742,-0.0535,-0.2142,-0.0126,ROTATE2
-366.9179,110.2348,-499.2671,0.3316,629.3235,30.324,0.0198,607.6664,238.8777,0.2654,0.002907,-0.0157,-0.2571,-0.0245,ROTATE2
-395.9343,172.4129,-501.8137,0.3371,662.0477,32.7242,0.0056,615.6301,724.5054,0.2955,0.00178,0.0205,-0.2883,-0.0356,ROTATE2
-395.2974,220.2365,-503.8509,0.3394,677.2222,15.1746,0.0023,631.2142,1187.0383,0.3186,0.000612,0.0551,-0.3067,-0.0453,ROTATE2
-369.0286,249.8049,-505.4807,0.3526,673.866,3.3563,0.0132,648.2917,893.9529,0.3345,0.000177,0.0892,-0.3142,-0.054,ROTATE2
-336.1385,261.4377,-506.7846,0.3745,661.9437,11.9223,0.0219,660.8806,286.8024,0.347,0.000236,0.1233,-0.3152,-0.0615,ROTATE2
-276.0014,255.9626,-507.8277,0.3978,632.1255,29.8182,0.0233,661.441,252.6894,0.3603,0.000527,0.1567,-0.3146,-0.0673,ROTATE2
-194.9043,239.642,-508.6622,0.425,595.1077,37.0178,0.0272,648.053,953.3995,0.3778,0.000948,0.1922,-0.3147,-0.0714,ROTATE2
-124.2453,219.7448,-509.3297,0.4402,568.4553,26.6523,0.0153,626.2996,1577.1793,0.398,0.001025,0.231,-0.3122,-0.0719,ROTATE2
-57.2962,202.0053,-509.8638,0.4398,551.4073,17.048,0.0005,601.8079,1646.594,0.4154,0.000658,0.2698,-0.303,-0.0674,ROTATE2
-17.6839,185.6011,-510.291,0.4328,543.2839,8.1234,0.0069,578.0759,1045.1375,0.4271,0.000246,0.3068,-0.2833,-0.0589,ROTATE2
16.9779,182.3621,-510.6328,0.4213,542.4851,0.7988,0.0116,560.1479,392.7927,0.4318,5.9e-05,0.3403,-0.2505,-0.0477,ROTATE2
50.423,191.2928,-510.9063,0.4141,547.8692,5.3841,0.0072,550.7002,89.2495,0.4296,0.000107,0.3669,-0.2054,-0.0346,ROTATE2
89.5477,208.1843,-511.125,0.4091,559.1138,11.2446,0.005,548.8319,36.8679,0.4234,0.000131,0.3848,-0.1538,-0.0208,ROTATE2
132.0569,229.063,-511.3,0.3747,575.6185,16.5046,0.0344,553.6741,155.5984,0.4104,0.000382,0.3898,-0.1006,-0.0086,ROTATE2
208.0424,267.1317,-511.44,0.3972,613.3611,37.7427,0.0226,567.6896,650.0831,0.4033,0.000266,0.394,-0.0492,0.0021,ROTATE2
257.9433,265.4304,-511.552,0.4148,631.4059,18.0448,0.0176,585.4738,1018.7095,0.402,0.000226,0.3966,0.0005,0.01,ROTATE2
285.8953,301.1037,-511.6416,0.4254,658.9208,27.5149,0.0105,607.6841,1321.4868,0.4042,0.000301,0.3964,0.0469,0.0156,ROTATE2
277.7162,309.1829,-511.7133,0.4269,659.2199,0.2991,0.0015,627.7053,980.0135,0.4078,0.000386,0.3927,0.0902,0.0186,ROTATE2
265.1605,301.3839,-511.7706,0.4125,650.4241,8.7958,0.0144,642.6664,316.8005,0.4154,0.000114,0.3896,0.1299,0.0194,ROTATE2
254.294,314.1977,-511.8165,0.4165,652.1823,1.7582,0.004,650.4307,102.8684,0.4192,3.4e-05,0.379,0.169,0.0194,ROTATE2
221.7352,291.3988,-507.5063,0.4046,625.8134,26.3689,0.0119,649.3121,150.4311,0.4172,6.8e-05,0.3599,0.2028,0.02,ROTATE2
159.8007,260.8503,-436.2457,0.3985,532.8128,93.0006,0.0061,624.0905,2210.2537,0.4118,9.6e-05,0.3352,0.2319,0.0226,ROTATE2
87.6937,245.9459,-349.9747,0.389,436.6484,96.1644,0.0095,579.5762,7008.8232,0.4042,9.7e-05,0.3066,0.2563,0.028,ROTATE2
23.4424,234.1098,-235.7641,0.3826,333.0791,103.5693,0.0064,516.1072,14128.791,0.3982,0.000141,0.2782,0.2778,0.0357,ROTATE2
-22.0585,207.1379,-112.4863,0.3912,236.74,96.3391,0.0086,433.0187,19131.0156,0.3932,5.9e-05,0.2516,0.2956,0.0434,ROTATE2
-64.2437,163.2166,12.4078,0.3967,175.8433,60.8968,0.0054,343.0247,16825.9805,0.3916,3.2e-05,0.2297,0.311,0.051,ROTATE2
-128.2918,83.6357,112.3231,0.3879,189.9216,14.0784,0.0087,274.4465,9607.2148,0.3895,2.1e-05,0.2128,0.3209,0.0537,ROTATE2
-193.946,-32.7727,192.2554,0.3876,275.0477,85.1261,0.0004,242.1263,3300.8022,0.3892,2.2e-05,0.2051,0.3263,0.0522,ROTATE2
-257.5568,-128.6181,256.2012,0.3733,385.3792,110.3316,0.0142,252.5864,5641.188,0.3873,6e-05,0.2046,0.3251,0.0477,ROTATE2
-301.4829,-205.2945,307.3578,0.3428,476.9765,91.5973,0.0305,300.6337,13352.6123,0.3777,0.000359,0.2051,0.3136,0.042,ROTATE2
-329.6426,-266.6356,348.2831,0.3149,548.6893,71.7127,0.0279,375.2029,16983.834,0.3613,0.000807,0.2075,0.2924,0.0359,ROTATE2
-298.4578,-315.7085,381.0234,0.2903,577.8648,29.1755,0.0246,452.7915,12312.3828,0.3418,0.001292,0.2135,0.2623,0.0325,ROTATE2
-241.4631,-354.9668,407.2156,0.2665,591.7182,13.8534,0.0238,516.1256,5842.7251,0.3176,0.00142,0.2181,0.2238,0.0291,ROTATE2
-168.2799,-364.9922,428.1694,0.2338,587.2533,4.4649,0.0327,556.5004,1805.5065,0.2897,0.001425,0.2189,0.1796,0.0246,ROTATE2
-101.1364,-334.6906,444.9324,0.1998,565.8721,21.3812,0.034,574.2795,242.1654,0.2611,0.001656,0.2163,0.132,0.0183,ROTATE2
-51.4904,-290.8588,458.3428,0.1735,545.2781,20.594,0.0263,573.5973,278.9445,0.2328,0.001811,0.2083,0.0826,0.009,ROTATE2
-25.4892,-249.1151,469.0711,0.1741,531.729,13.5491,0.0006,564.3701,540.7523,0.2096,0.001297,0.1947,0.0323,-0.0043,ROTATE2
0.8274,-221.2734,477.6538,0.196,526.4178,5.3112,0.0219,551.3101,508.6786,0.1954,0.000486,0.1765,-0.0196,-0.0202,ROTATE2
16.6713,-212.6718,484.5199,0.2266,529.4023,2.9844,0.0306,539.7399,212.4159,0.194,0.000383,0.1561,-0.0717,-0.0378,ROTATE2
22.6745,-194.2812,490.0128,0.2552,527.6096,1.7927,0.0286,532.0873,46.7054,0.2051,0.001002,0.1347,-0.122,-0.0558,ROTATE2
75.8709,-159.4562,494.4071,0.2891,524.9963,2.6133,0.034,528.031,5.509,0.2282,0.001682,0.1097,-0.1724,-0.0718,ROTATE2
155.4498,-151.3806,497.9226,0.3075,543.1461,18.1498,0.0184,530.3144,43.253,0.2549,0.001643,0.0783,-0.2176,-0.0819,ROTATE2
226.7567,-114.2982,500.735,0.3114,561.443,18.2969,0.0039,537.3195,184.9438,0.278,0.001056,0.0411,-0.2524,-0.0839,ROTATE2
283.8023,-49.8011,502.9849,0.3117,579.6703,18.2273,0.0002,547.373,430.0516,0.295,0.000465,-0.0004,-0.2759,-0.0762,ROTATE2
329.4387,21.1623,504.7848,0.3168,603.1462,23.476,0.0051,562.4803,745.8311,0.3073,9.1e-05,-0.0453,-0.2891,-0.0616,ROTATE2
355.7979,88.7204,506.2247,0.3429,625.0815,21.9353,0.0262,582.4974,847.9186,0.3181,0.000163,-0.0911,-0.2937,-0.0422,ROTATE2
311.8852,138.5545,507.3767,0.377,611.4742,13.6073,0.0341,596.1631,519.3941,0.332,0.000642,-0.1373,-0.294,-0.0215,ROTATE2
259.8488,168.453,508.2982,0.4029,595.2015,16.2727,0.0259,602.9147,232.8968,0.3502,0.001231,-0.1827,-0.2924,-0.0015,ROTATE2
198.5821,186.9749,509.0355,0.4127,577.5046,17.697,0.0098,602.4816,253.7835,0.3705,0.001305,-0.2251,-0.2887,0.0148,ROTATE2
131.9501,198.4799,509.6252,0.4119,562.6038,14.9008,0.0008,594.3732,505.9964,0.3895,0.00071,-0.2624,-0.2824,0.0278,ROTATE2
65.8195,206.0808,510.0971,0.4084,554.0763,8.5275,0.0036,580.1721,440.4923,0.4026,0.000176,-0.2928,-0.2705,0.0365,ROTATE2
30.8743,224.2678,510.4745,0.399,558.4205,4.3442,0.0093,569.5613,226.5654,0.407,2.8e-05,-0.3152,-0.2507,0.0416,ROTATE2
-10.4568,264.8955,510.7765,0.3913,575.4752,17.0546,0.0077,565.616,86.5109,0.4047,6.8e-05,-0.3312,-0.224,0.0438,ROTATE2
-25.0686,302.9726,511.0181,0.3874,594.6094,19.1342,0.0039,569.037,214.663,0.3996,8.9e-05,-0.3439,-0.1922,0.0433,ROTATE2
-14.2486,328.3531,511.2114,0.3922,607.7465,13.1371,0.0048,578.0656,424.5559,0.3956,5.4e-05,-0.3571,-0.1532,0.0395,ROTATE2
2.2074,327.2606,511.366,0.4123,607.124,0.6226,0.0201,588.6751,365.7745,0.3964,7.7e-05,-0.3727,-0.1035,0.0343,ROTATE2
19.5409,304.5397,511.4897,0.4449,595.6072,11.5167,0.0326,596.1124,137.0034,0.4056,0.000461,-0.3894,-0.0395,0.0254,ROTATE2
20.4702,263.7224,511.5886,0.5288,575.9266,19.6806,0.0839,596.2028,133.3092,0.4331,0.002698,-0.4051,0.0533,0.0157,ROTATE2
-38.9801,219.1248,511.6678,0.5537,557.9777,17.949,0.0249,588.8764,371.3575,0.4664,0.004081,-0.4084,0.1564,0.0159,ROTATE2
-74.5622,193.8561,416.753,0.5357,465.6423,92.3354,0.0179,560.4556,2529.7256,0.4951,0.003118,-0.4001,0.249,0.0244,ROTATE2
-99.556,153.4005,306.318,0.5131,356.7546,108.8877,0.0226,510.3817,7885.561,0.5152,0.001407,-0.3844,0.323,0.0306,ROTATE2
-100.9479,91.2735,194.8294,0.5005,237.6549,119.0997,0.0126,438.7912,16183.6689,0.5264,0.000336,-0.3657,0.3728,0.0365,ROTATE2
-82.9021,16.5845,80.926,0.4934,117.0334,120.6214,0.0071,347.0126,24704.7383,0.5193,0.000502,-0.3464,0.3842,0.0415,ROTATE2
-46.9248,-46.5606,-37.6592,0.4824,76.0791,40.9543,0.0111,250.6329,21195.4258,0.505,0.000335,-0.3364,0.3743,0.037,ROTATE2
-18.2617,-89.7703,-132.5273,0.4598,161.1077,85.0286,0.0226,189.726,9842.9111,0.4899,0.000326,-0.3314,0.3594,0.0277,ROTATE2
13.075,-98.1413,-208.4219,0.4392,230.743,69.6353,0.0206,164.5236,3964.52,0.4751,0.000512,-0.3277,0.3429,0.0237,ROTATE2
15.8694,-111.9443,-269.1375,0.422,291.9218,61.1788,0.0172,175.377,6023.1475,0.4594,0.000699,-0.325,0.3233,0.0225,ROTATE2
-9.2607,-116.1054,-317.71,0.4005,338.3872,46.4654,0.0216,219.6478,8696.916,0.4408,0.000815,-0.3226,0.2982,0.0214,ROTATE2
-55.4273,-134.625,-356.568,0.3744,385.1452,46.758,0.0261,281.461,6231.5322,0.4192,0.000883,-0.3204,0.2665,0.0199,ROTATE2
-120.3669,-161.9906,-387.6544,0.3417,437.0413,51.8961,0.0327,336.6477,5130.0229,0.3955,0.001196,-0.3196,0.2266,0.0173,ROTATE2
-189.731,-187.3831,-412.5235,0.3041,491.2086,54.1674,0.0375,388.7408,4950.9854,0.3685,0.001756,-0.3155,0.1804,0.0149,ROTATE2
-251.5348,-199.8784,-432.4188,0.2661,538.7088,47.5002,0.0381,438.0982,5138.1274,0.3373,0.002311,-0.3042,0.1295,0.0159,ROTATE2
-279.6497,-193.9558,-448.3351,0.234,562.874,24.1652,0.032,482.9956,4247.6953,0.3041,0.002542,-0.285,0.0747,0.0199,ROTATE2
-286.1792,-171.1959,-461.0681,0.2144,569.0258,6.1517,0.0196,519.7717,2460.511,0.2721,0.002137,-0.2585,0.0187,0.026,ROTATE2
-286.7652,-133.363,-471.2545,0.207,567.5392,1.4866,0.0074,545.8713,866.8052,0.2451,0.001288,-0.2252,-0.0349,0.0317,ROTATE2
-282.1247,-83.6685,-479.4036,0.2153,562.5145,5.0247,0.0083,560.1324,121.2227,0.2274,0.000454,-0.1885,-0.0861,0.0345,ROTATE2
-262.081,-30.6129,-485.9229,0.2373,552.9418,9.5727,0.022,562.979,31.6663,0.2216,0.000141,-0.1514,-0.1345,0.0321,ROTATE2
-246.6835,18.3253,-491.1383,0.2694,549.914,3.0278,0.0321,560.387,59.0846,0.2287,0.000518,-0.1155,-0.1798,0.0245,ROTATE2
-240.0844,62.4477,-495.3106,0.3019,553.961,4.047,0.0325,557.3741,43.34,0.2462,0.001244,-0.0804,-0.2219,0.0131,ROTATE2
-228.5737,87.5957,-498.6485,0.3282,555.4901,1.5291,0.0263,554.9642,17.5768,0.2704,0.001695,-0.0477,-0.2598,0.0009,ROTATE2
-207.0277,99.3078,-501.3188,0.337,551.401,4.0891,0.0087,552.7416,3.7748,0.2948,0.001379,-0.0152,-0.2898,-0.0101,ROTATE2
-169.4253,106.5619,-503.455,0.3377,541.7816,9.6194,0.0007,550.5096,22.8089,0.3149,0.000684,0.0182,-0.31,-0.019,ROTATE2
-144.334,111.237,-505.164,0.3448,537.0258,4.7559,0.0071,547.9319,52.4562,0.3299,0.000223,0.0535,-0.3205,-0.0263,ROTATE2
-132.6453,117.724,-506.5312,0.36,536.682,0.3437,0.0152,544.4761,58.5557,0.3415,0.000113,0.0896,-0.3237,-0.0318,ROTATE2
-132.1382,127.4979,-507.6249,0.3851,539.8141,3.1321,0.0251,541.3409,28.8114,0.3529,0.000328,0.1274,-0.3229,-0.0368,ROTATE2
-105.8449,147.2952,-508.4999,0.4235,539.8807,0.0667,0.0384,539.0368,3.688,0.3702,0.000973,0.1681,-0.3236,-0.0401,ROTATE2
-62.7166,173.2331,-509.2,0.4394,541.505,1.6243,0.0159,538.9816,3.3965,0.3906,0.001304,0.2098,-0.3233,-0.0398,ROTATE2
4.1268,205.2833,-509.7599,0.4362,549.5575,8.0525,0.0031,541.4879,18.72,0.4088,0.000968,0.2503,-0.3165,-0.0354,ROTATE2
68.7858,234.8954,-510.2079,0.4287,565.8794,16.3219,0.0075,547.3273,98.9906,0.4226,0.000382,0.2889,-0.3001,-0.0288,ROTATE2
142.8849,253.557,-510.5663,0.4239,587.6948,21.8154,0.0048,556.9035,321.9048,0.4303,4.1e-05,0.3245,-0.2724,-0.0209,ROTATE2
216.7048,261.3049,-510.8531,0.4185,613.3613,25.6665,0.0055,571.5996,685.4716,0.4293,5.9e-05,0.3526,-0.2327,-0.013,ROTATE2
263.1638,263.6127,-511.0825,0.4207,632.4177,19.0563,0.0022,589.7822,913.4973,0.4256,4e-05,0.3755,-0.1859,-0.0062,ROTATE2
280.7217,271.212,-511.266,0.4293,643.2368,10.8191,0.0086,608.518,810.3398,0.4242,1.8e-05,0.3948,-0.1361,0.0007,ROTATE2
286.0086,287.4102,-511.4128,0.4343,652.6474,9.4106,0.005,625.8716,535.0632,0.4254,3.4e-05,0.4095,-0.0859,0.0104,ROTATE2
290.4913,299.2095,-511.5302,0.4377,659.9808,7.3334,0.0034,640.3288,267.247,0.4281,5.6e-05,0.4191,-0.0354,0.0227,ROTATE2
294.2899,304.2238,-511.6242,0.4269,664.0165,4.0358,0.0108,650.4598,131.3822,0.4298,3.5e-05,0.4214,0.0148,0.0356,ROTATE2
279.56,310.0541,-511.6993,0.4166,660.3965,3.62,0.0104,656.0556,54.7132,0.429,5.3e-05,0.4153,0.0636,0.0476,ROTATE2
251.3199,286.7933,-511.7595,0.4091,638.2083,22.1882,0.0074,655.0499,84.5424,0.4249,0.000115,0.4009,0.1091,0.0569,ROTATE2
208.7872,296.2409,-511.8076,0.4153,627.1345,11.0738,0.0061,649.9473,213.2055,0.4211,0.000102,0.3816,0.1527,0.0627,ROTATE2
144.4422,273.2802,-490.5836,0.4096,579.843,47.2916,0.0056,633.9198,919.1136,0.4155,4.1e-05,0.3572,0.1918,0.0651,ROTATE2
75.4319,237.6242,-388.1418,0.408,461.3126,118.5304,0.0017,593.379,5053.043,0.4117,1.2e-05,0.3326,0.2259,0.0669,ROTATE2
35.1549,165.3869,-250.3791,0.4058,302.1231,159.1895,0.0022,521.7242,15986.373,0.4096,1e-05,0.3088,0.2549,0.0691,ROTATE2
-1.4073,94.0907,-134.4971,0.4132,164.1478,137.9753,0.0074,426.9122,29855.5254,0.4104,1.2e-05,0.2884,0.2801,0.071,ROTATE2
-39.9071,11.982,-5.2008,0.4089,41.9904,122.1574,0.0043,309.8834,37774.9414,0.4091,6e-06,0.2696,0.2973,0.0726,ROTATE2
-69.0257,-75.5738,98.2363,0.4067,141.8672,99.8768,0.0022,222.2882,21172.2832,0.4085,7e-06,0.2565,0.3084,0.0744,ROTATE2
-123.2424,-162.859,180.9859,0.3829,272.8876,131.0204,0.0238,184.6032,8837.6563,0.4035,0.000112,0.2455,0.3115,0.0732,ROTATE2
-200.9939,-232.6872,247.1856,0.3524,394.5157,121.6281,0.0304,203.0818,14546.6621,0.3928,0.000519,0.2366,0.3055,0.0705,ROTATE2
-263.1952,-288.5498,300.1454,0.3289,492.5646,98.0489,0.0236,268.7651,26689.25,0.376,0.000969,0.2297,0.2894,0.0682,ROTATE2
-279.4218,-333.2398,342.5132,0.3103,553.5707,61.0061,0.0186,371.0811,22158.1719,0.3562,0.001225,0.2269,0.265,0.067,ROTATE2
-242.5499,-368.545,376.4074,0.2916,579.9469,26.3762,0.0186,458.6971,12698.7871,0.3332,0.001022,0.2256,0.2333,0.0647,ROTATE2
-185.3337,-368.2704,403.5228,0.2712,576.8903,3.0566,0.0205,519.4977,4890.9756,0.3109,0.0008,0.2289,0.1944,0.0619,ROTATE2
-143.3638,-342.1476,425.2151,0.2477,564.2925,12.5977,0.0235,553.453,1015.2277,0.2899,0.000814,0.2333,0.1502,0.0564,ROTATE2
-114.3223,-294.5306,442.569,0.2233,543.7694,20.5231,0.0244,563.694,187.6252,0.2688,0.000953,0.2341,0.1012,0.0469,ROTATE2
-95.2297,-235.4245,456.4521,0.2039,522.3427,21.4268,0.0194,557.4484,470.1078,0.2475,0.000999,0.2277,0.0499,0.0317,ROTATE2
-84.765,-176.4958,467.5586,0.1961,506.8993,15.4434,0.0078,542.8388,666.4742,0.2284,0.000774,0.2138,-0.0015,0.0116,ROTATE2
-81.4277,-133.8873,476.4437,0.2018,501.5525,5.3468,0.0056,527.7713,548.4555,0.2146,0.000358,0.1921,-0.0498,-0.0112,ROTATE2
-83.3609,-105.9473,483.5519,0.213,501.9923,0.4398,0.0113,515.3113,259.3531,0.2076,9.1e-05,0.1637,-0.0942,-0.0333,ROTATE2
-83.5481,-88.1704,489.2384,0.2222,504.0918,2.0994,0.0091,507.3757,59.5822,0.2074,8.4e-05,0.1306,-0.1325,-0.0524,ROTATE2
-52.4041,-74.6801,493.7876,0.2299,502.1449,1.9469,0.0078,503.3362,3.9347,0.2126,0.000156,0.0947,-0.1644,-0.066,ROTATE2
-3.8545,-59.1659,497.427,0.2367,500.9482,1.1967,0.0068,502.1459,1.1193,0.2207,0.000152,0.0568,-0.1901,-0.0723,ROTATE2
55.1976,-40.6015,500.3385,0.2497,505.0088,4.0606,0.013,502.8372,2.2102,0.2303,0.000156,0.017,-0.2096,-0.0721,ROTATE2
103.105,-26.3718,502.6677,0.2751,513.8102,8.8014,0.0255,505.2008,20.5624,0.2427,0.000345,-0.0238,-0.2246,-0.0682,ROTATE2
118.6715,-17.9037,504.531,0.3066,518.6087,4.7985,0.0315,508.1042,47.8414,0.2596,0.000792,-0.0648,-0.2374,-0.0622,ROTATE2
110.1778,-13.2167,506.0217,0.3323,518.0461,0.5626,0.0256,511.2844,50.3936,0.2801,0.001253,-0.1061,-0.2481,-0.0547,ROTATE2
103.2579,2.411,507.2142,0.3508,517.6237,0.4225,0.0185,514.6194,25.9404,0.3029,0.001356,-0.1469,-0.2563,-0.046,ROTATE2
87.4344,17.4976,508.1683,0.3634,515.9321,1.6915,0.0126,516.8041,3.039,0.3257,0.001003,-0.1853,-0.261,-0.0378,ROTATE2
65.5663,33.598,508.9315,0.3713,514.2364,1.6957,0.008,516.8893,2.5576,0.3449,0.00054,-0.2204,-0.2599,-0.0298,ROTATE2
46.0499,54.0691,509.5421,0.3785,514.4679,0.2315,0.0071,516.0612,2.4533,0.3593,0.000266,-0.2518,-0.2519,-0.0223,ROTATE2
30.8399,77.5365,510.0306,0.3874,516.8116,2.3437,0.009,515.8143,1.717,0.3703,0.000158,-0.2801,-0.2379,-0.0163,ROTATE2
27.0438,97.2573,510.4214,0.3998,520.3079,3.4963,0.0124,516.3512,4.8125,0.3801,0.00016,-0.3072,-0.2184,-0.0126,ROTATE2
27.2788,118.1777,510.734,0.4133,524.9374,4.6295,0.0135,518.1522,16.2783,0.3901,0.000226,-0.3346,-0.1926,-0.0089,ROTATE2
28.823,136.7078,510.9841,0.4276,529.7401,4.8026,0.0143,521.253,30.4524,0.4013,0.000311,-0.3624,-0.1603,-0.0053,ROTATE2
24.4897,155.4319,511.1841,0.4432,534.8533,5.1132,0.0156,525.33,41.616,0.4143,0.000389,-0.3899,-0.1197,-0.0017,ROTATE2
21.6074,174.0549,511.3442,0.4617,540.5875,5.7343,0.0185,530.0853,51.0494,0.4291,0.000474,-0.4156,-0.0724,0.0014,ROTATE2
17.7703,187.1345,511.4723,0.4774,544.9211,4.3336,0.0157,535.0079,51.7183,0.4446,0.000528,-0.4369,-0.0206,0.0034,ROTATE2
15.7381,183.9764,511.5747,0.4876,543.8784,1.0427,0.0102,538.796,32.8224,0.4595,0.000479,-0.4518,0.0328,0.0039,ROTATE2
18.0905,176.1499,511.6566,0.4971,541.4319,2.4464,0.0095,541.1344,12.3417,0.4734,0.000365,-0.4598,0.0866,0.0028,ROTATE2
29.2068,161.2074,511.7222,0.5208,537.3085,4.1234,0.0237,541.6255,7.1375,0.4889,0.000391,-0.4616,0.1425,0.0004,ROTATE2
34.0404,141.9284,511.7747,0.5406,532.1802,5.1284,0.0199,539.944,21.9374,0.5047,0.000529,-0.456,0.2003,-0.0018,ROTATE2
18.2511,111.9115,440.1635,0.5269,454.534,77.6461,0.0138,521.8666,1149.1638,0.5146,0.000381,-0.4406,0.2527,-0.0024,ROTATE2
13.0821,79.3698,334.8808,0.5088,344.4065,110.1275,0.018,481.9723,5759.1162,0.5188,0.000224,-0.4198,0.2961,-0.0028,ROTATE2
24.2094,35.0271,212.5046,0.4918,216.7284,127.6781,0.0171,417.0316,14905.584,0.5178,0.000274,-0.3972,0.3281,-0.0049,ROTATE2
48.1738,-6.7314,84.2256,0.4686,97.2624,119.466,0.0232,329.0223,24717.1074,0.5073,0.000648,-0.3722,0.3434,-0.0073,ROTATE2
81.989,-34.2414,-35.0195,0.4413,95.5042,1.7582,0.0273,241.6871,19741.1973,0.4875,0.000904,-0.3468,0.3421,-0.0089,ROTATE2
105.8381,-45.4244,-130.4156,0.4187,173.9923,78.4881,0.0226,185.5788,8448.8037,0.4658,0.001071,-0.3259,0.3325,-0.0103,ROTATE2
102.5705,-96.0833,-206.7325,0.3981,249.9821,75.9898,0.0206,166.6939,3876.47,0.4437,0.001128,-0.3087,0.3184,-0.0097,ROTATE2
72.7783,-133.1947,-267.786,0.378,307.8098,57.8277,0.0201,184.9101,7026.686,0.4209,0.00101,-0.2941,0.3009,-0.0057,ROTATE2
24.3007,-156.2902,-316.6288,0.355,353.9364,46.1266,0.023,236.2449,8568.9736,0.3982,0.000909,-0.2827,0.2799,0.0003,ROTATE2
-71.1563,-178.1571,-355.7031,0.3285,404.1384,50.202,0.0265,297.9718,6434.8198,0.3757,0.001002,-0.2744,0.255,0.0077,ROTATE2
-159.325,-187.9382,-386.9625,0.2962,458.743,54.6046,0.0323,354.9219,5286.7974,0.3512,0.001294,-0.2676,0.2239,0.016,ROTATE2
-229.86,-188.0631,-411.97,0.2557,507.8608,49.1178,0.0405,406.4977,5102.3242,0.3227,0.001865,-0.2592,0.1853,0.0239,ROTATE2
-286.288,-166.8223,-431.976,0.2117,544.4206,36.5598,0.044,453.8199,4719.623,0.2894,0.00261,-0.2456,0.139,0.031,ROTATE2
-327.3648,-137.4766,-447.9808,0.1737,571.6243,27.2037,0.038,497.3574,3604.3367,0.2532,0.003113,-0.2249,0.0863,0.0356,ROTATE2
-339.9012,-105.1376,-460.7846,0.1539,582.1591,10.5348,0.0198,532.9615,2036.9889,0.2183,0.002729,-0.1958,0.0283,0.0355,ROTATE2
-331.2429,-69.8819,-471.0277,0.1657,580.0624,2.0967,0.0117,557.2255,790.2736,0.1922,0.001385,-0.158,-0.0319,0.0302,ROTATE2
-313.4412,-26.1493,-479.2221,0.1994,573.2216,6.8408,0.0338,570.2976,183.1949,0.1809,0.000461,-0.1131,-0.0902,0.0198,ROTATE2
-319.131,28.7618,-485.7777,0.2443,581.938,8.7164,0.0449,577.8011,20.0688,0.1874,0.001033,-0.0633,-0.1434,0.003,ROTATE2
-353.5049,95.0938,-491.0222,0.2912,612.4633,30.5253,0.0469,585.9689,186.0195,0.2109,0.002599,-0.012,-0.19,-0.019,ROTATE2
-385.2039,167.8782,-495.2177,0.3223,649.4657,37.0024,0.031,599.4302,808.2786,0.2446,0.003296,0.0373,-0.2267,-0.0434,ROTATE2
-410.5631,236.5494,-498.5742,0.3484,687.8182,38.3525,0.0261,620.9813,1831.292,0.2811,0.00287,0.084,-0.2533,-0.067,ROTATE2
-398.4505,283.7552,-501.2593,0.3735,700.3862,12.5679,0.0251,646.4142,1989.2848,0.316,0.00203,0.1268,-0.2718,-0.0875,ROTATE2
-348.7135,303.7917,-503.4075,0.4052,683.6005,16.7857,0.0316,666.7468,1020.9984,0.3481,0.001561,0.1654,-0.2862,-0.1017,ROTATE2
-282.5833,292.999,-505.126,0.4512,648.7326,34.8679,0.046,674.0006,443.9431,0.3801,0.002014,0.2058,-0.2979,-0.1092,ROTATE2
-221.0854,275.7711,-506.5008,0.4987,617.6338,31.0988,0.0475,667.6343,918.464,0.4154,0.002912,0.2495,-0.3108,-0.1098,ROTATE2
-166.5465,236.3762,-507.6006,0.515,584.1831,33.4507,0.0163,646.9072,1800.1946,0.4487,0.002889,0.2929,-0.3201,-0.1047,ROTATE2
-121.0684,217.7041,-508.4805,0.5145,566.22,17.9631,0.0005,620.074,1810.2576,0.4769,0.00183,0.3351,-0.3216,-0.0933,ROTATE2
-24.8735,221.4352,-509.1844,0.4935,555.8066,10.4134,0.021,594.5153,1175.9435,0.4946,0.000544,0.3716,-0.3115,-0.0785,ROTATE2
62.22,222.095,-509.7475,0.4558,559.4998,3.6932,0.0377,576.6686,514.7551,0.4955,0.000466,0.3947,-0.2868,-0.0628,ROTATE2
151.451,280.0729,-510.198,0.4345,601.3986,41.8987,0.0213,573.4216,290.8972,0.4827,0.001044,0.406,-0.2498,-0.0472,ROTATE2
214.817,326.4552,-510.5584,0.444,642.9535,41.5549,0.0095,585.1757,1096.5129,0.4685,0.000932,0.4151,-0.2046,-0.0345,ROTATE2
243.1568,363.561,-510.8467,0.4521,672.5074,29.5539,0.0081,606.4332,2098.1338,0.456,0.000406,0.4218,-0.1564,-0.0253,ROTATE2
246.3285,377.4113,-511.0774,0.4833,681.4083,8.9009,0.0312,631.5535,2078.7463,0.4539,0.000269,0.4347,-0.105,-0.016,ROTATE2
216.3722,379.5322,-511.2619,0.4783,672.4956,8.9127,0.005,654.1526,864.9288,0.4584,0.000367,0.4483,-0.0553,-0.004,ROTATE2
184.8946,378.2101,-511.4095,0.4456,662.3961,10.0995,0.0327,666.3522,173.0926,0.4607,0.00028,0.4547,-0.0067,0.0085,ROTATE2
155.672,373.1525,-511.5276,0.4019,652.0253,10.3708,0.0437,668.1665,101.3527,0.4522,0.000846,0.4446,0.0381,0.0222,ROTATE2
114.5751,359.3751,-511.6221,0.3716,635.6376,16.3878,0.0303,660.7926,254.8355,0.4361,0.001888,0.4216,0.0808,0.0355,ROTATE2
67.1819,324.6126,-494.2883,0.3574,595.1535,40.4841,0.0141,643.5416,733.9365,0.411,0.002048,0.384,0.1195,0.0461,ROTATE2
31.3518,265.9963,-410.0494,0.3548,489.7729,105.3806,0.0027,606.9971,3959.7297,0.3862,0.00116,0.3426,0.1549,0.0532,ROTATE2
3.2783,194.8564,-296.2958,0.3608,354.642,135.1309,0.0061,545.4462,12294.0332,0.3693,0.000298,0.3055,0.1881,0.0591,ROTATE2
-23.8524,110.7289,-173.8585,0.3621,207.5008,147.1412,0.0012,456.5414,24959.5566,0.3613,3.3e-05,0.2765,0.2174,0.0638,ROTATE2
-57.4975,16.9769,-36.6899,0.3591,70.2875,137.2134,0.003,343.4713,35598.0547,0.3588,7e-06,0.2549,0.2405,0.0672,ROTATE2
-85.548,-88.8185,73.0449,0.3635,143.3274,73.04,0.0044,253.1061,22774.9141,0.3601,9e-06,0.242,0.2561,0.0699,ROTATE2
-117.8884,-173.4548,160.8328,0.3597,264.2943,120.9668,0.0038,208.0104,9564.0908,0.361,3e-06,0.2352,0.2643,0.0712,ROTATE2
-151.2295,-241.1638,231.0631,0.3431,366.6341,102.3398,0.0165,210.4088,10290.4658,0.3575,5.4e-05,0.2295,0.265,0.0696,ROTATE2
-201.6336,-295.3311,287.2474,0.3233,458.6803,92.0462,0.0198,260.6447,20092.877,0.3498,0.000223,0.2267,0.258,0.0655,ROTATE2
-173.3006,-338.6649,332.1948,0.3074,505.0548,46.3745,0.016,347.5982,17232.0547,0.3394,0.000458,0.2273,0.244,0.0606,ROTATE2
-99.2374,-371.7819,368.1527,0.2938,532.547,27.4922,0.0136,425.4421,9668.2871,0.3255,0.000564,0.2287,0.2232,0.0542,ROTATE2
9.2976,-372.0068,396.9191,0.2774,544.0775,11.5305,0.0163,481.3987,4158.2866,0.309,0.00052,0.2324,0.1921,0.0482,ROTATE2
64.1693,-340.7492,419.9321,0.2663,544.5831,0.5056,0.0111,516.9885,1055.9196,0.2937,0.000416,0.2394,0.1547,0.0399,ROTATE2
63.3386,-287.7181,438.3426,0.2422,528.1455,16.4376,0.0242,530.8815,207.8287,0.2774,0.000506,0.2433,0.1117,0.0312,ROTATE2
53.0209,-228.8995,453.071,0.2175,510.3719,17.7736,0.0247,531.945,157.423,0.2594,0.000722,0.2404,0.063,0.0201,ROTATE2
46.0448,-169.8977,464.8536,0.2113,497.0656,13.3062,0.0062,524.8488,350.3071,0.2429,0.000678,0.2299,0.0102,0.0066,ROTATE2
26.1827,-117.6213,474.2798,0.2186,489.3482,7.7175,0.0073,513.9029,408.6041,0.2312,0.000419,0.2105,-0.0407,-0.0115,ROTATE2
4.5712,-83.1345,481.8207,0.2334,488.9616,0.3866,0.0148,502.7786,221.0125,0.2246,0.00013,0.1834,-0.091,-0.0305,ROTATE2
-20.9962,-66.5639,487.8535,0.243,492.821,3.8595,0.0096,495.7137,62.2337,0.2248,0.000136,0.1514,-0.136,-0.0504,ROTATE2
-45.2688,-56.7636,492.6797,0.236,498.0006,5.1796,0.007,493.2394,14.1852,0.2285,0.000137,0.1151,-0.1701,-0.0679,ROTATE2
-49.0776,-52.9484,496.5406,0.223,501.7616,3.761,0.013,494.1786,24.9007,0.2308,7.8e-05,0.0755,-0.1917,-0.0797,ROTATE2
-23.4308,-40.7493,499.6294,0.2181,501.8357,0.074,0.0049,496.6761,25.7227,0.2307,8.1e-05,0.0345,-0.2025,-0.0845,ROTATE2
26.1491,-22.0588,502.1004,0.2257,503.2645,1.4289,0.0076,499.5367,14.3183,0.2292,8.2e-05,-0.006,-0.2056,-0.0825,ROTATE2
85.6287,-6.4877,504.0772,0.2574,511.3396,8.0751,0.0318,503.2404,19.4426,0.232,0.000195,-0.046,-0.2078,-0.0762,ROTATE2
128.0998,-3.8183,505.6587,0.308,521.6462,10.3066,0.0506,507.9695,59.3418,0.2465,0.00114,-0.0859,-0.2155,-0.068,ROTATE2
134.2549,-10.9515,506.9238,0.3552,524.5151,2.8688,0.0472,512.5202,85.6765,0.2729,0.002696,-0.1276,-0.2292,-0.0601,ROTATE2
123.657,-12.9175,507.9359,0.3823,522.931,1.584,0.0271,516.7393,66.7209,0.3057,0.003412,-0.1701,-0.2447,-0.0523,ROTATE2
88.71,-15.6433,508.7456,0.3889,516.6588,6.2722,0.0066,519.4182,23.2321,0.3384,0.002448,-0.2123,-0.256,-0.0427,ROTATE2
46.0149,-6.8303,509.3934,0.3895,511.5131,5.1457,0.0006,519.4528,22.6762,0.3648,0.000963,-0.251,-0.2585,-0.0318,ROTATE2
-1.5256,5.0733,509.9116,0.3952,509.9391,1.5739,0.0056,517.1115,34.3339,0.3822,0.000199,-0.2845,-0.2498,-0.0208,ROTATE2
-45.7017,20.4305,510.3262,0.4035,512.7756,2.8365,0.0083,514.7635,21.6184,0.3919,5e-05,-0.3116,-0.2325,-0.0109,ROTATE2
-75.5676,28.9975,510.6578,0.4164,517.0327,4.257,0.0129,513.5839,7.915,0.3987,0.000106,-0.3367,-0.2079,-0.0022,ROTATE2
-96.8541,33.4199,510.9232,0.4288,521.0951,4.0624,0.0125,514.4711,16.5204,0.4067,0.000204,-0.3609,-0.1797,0.0037,ROTATE2
-105.1364,46.0734,511.1354,0.4354,523.8663,2.7712,0.0065,516.9418,26.3201,0.4158,0.000226,-0.3841,-0.1488,0.0079,ROTATE2
-121.8623,66.1056,511.3052,0.4343,529.7673,5.901,0.0011,520.9073,33.6854,0.4237,0.000147,-0.4035,-0.1141,0.0111,ROTATE2
-120.9804,84.2376,511.441,0.4368,532.2632,2.496,0.0025,524.8049,31.0607,0.4303,5.6e-05,-0.4194,-0.075,0.0139,ROTATE2
-109.2812,101.9245,511.5497,0.4377,532.9297,0.6665,0.0008,527.9843,22.073,0.4346,1e-05,-0.429,-0.0356,0.0156,ROTATE2
-86.2969,118.9302,511.6367,0.4389,532.3191,0.6107,0.0013,530.2291,11.2996,0.4366,3e-06,-0.4328,0.0027,0.0159,ROTATE2
-59.175,125.7285,511.7062,0.4362,530.2382,2.0809,0.0027,531.5035,1.5784,0.4368,2e-06,-0.4322,0.0383,0.0137,ROTATE2
-36.5369,117.3016,394.84,0.4227,413.5132,116.725,0.0135,508.2527,2244.7163,0.4345,3.5e-05,-0.4269,0.069,0.0095,ROTATE2
-10.8982,192.9788,418.2689,0.4207,460.7693,47.2561,0.002,493.9539,2375.894,0.4313,6.1e-05,-0.4204,0.0908,0.0041,ROTATE2
10.4252,209.783,437.012,0.4216,484.8681,24.0987,0.0009,484.3416,1996.1846,0.4281,6.2e-05,-0.4129,0.1091,-0.0068,ROTATE2
34.2495,180.5545,452.0065,0.4299,487.9373,3.0692,0.0082,475.4652,1459.6128,0.4262,3.5e-05,-0.4048,0.1279,-0.0194,ROTATE2
39.634,135.3624,464.0021,0.4406,484.9657,2.9716,0.0107,466.4107,795.6649,0.4271,5.6e-05,-0.397,0.1495,-0.0301,ROTATE2
42.0447,77.268,415.1923,0.4551,424.4087,60.557,0.0145,468.5898,584.1219,0.4336,0.000167,-0.392,0.1748,-0.0388,ROTATE2
39.9389,10.9113,324.3913,0.4524,327.0228,97.3859,0.0027,441.8405,3864.6094,0.4399,0.000165,-0.384,0.2046,-0.0446,ROTATE2
34.273,-47.6928,206.9349,0.437,215.1077,111.9151,0.0154,387.8885,10865.0645,0.443,9e-05,-0.373,0.2315,-0.0421,ROTATE2
32.8871,-101.8918,98.1386,0.4197,145.2401,69.8676,0.0174,319.349,15941.0996,0.441,0.00016,-0.3589,0.2516,-0.0338,ROTATE2
0.5035,-165.1978,0.8765,0.4009,165.2009,19.9608,0.0187,255.396,11117.6641,0.433,0.000418,-0.3426,0.2622,-0.0215,ROTATE2
-30.7129,-212.3707,-101.6988,0.3723,237.46,72.2591,0.0286,218.0063,4070.9558,0.4165,0.000784,-0.3221,0.2623,-0.0056,ROTATE2
-91.7547,-241.3622,-183.7591,0.3586,316.9259,79.4659,0.0137,215.9869,3646.9761,0.3977,0.000843,-0.3036,0.2552,0.011,ROTATE2
-143.4537,-249.9835,-249.4073,0.3391,381.1492,64.2233,0.0195,249.1952,7999.7461,0.3781,0.000837,-0.2887,0.2418,0.0248,ROTATE2
-197.2067,-238.3024,-301.9258,0.3091,432.2473,51.0981,0.03,306.5966,9245.0996,0.356,0.000956,-0.2759,0.2209,0.0354,ROTATE2
-238.7591,-210.4138,-343.9406,0.2777,468.5884,36.3411,0.0314,367.2741,6813.0508,0.3314,0.001171,-0.2631,0.1953,0.0413,ROTATE2
-277.3292,-185.0436,-377.5525,0.2334,503.6849,35.0966,0.0443,420.5191,4329.2607,0.3036,0.001982,-0.2503,0.1633,0.0416,ROTATE2
-312.879,-160.863,-404.442,0.1856,536.0443,32.3594,0.0478,464.3428,2931.646,0.269,0.002963,-0.232,0.124,0.0389,ROTATE2
-335.2126,-133.3248,-425.9536,0.1392,558.193,22.1487,0.0464,499.7516,2055.2007,0.229,0.003751,-0.2057,0.0809,0.0355,ROTATE2
-327.7388,-104.9286,-443.1629,0.1148,561.0848,2.8918,0.0243,525.5192,1232.2238,0.1901,0.003565,-0.173,0.0355,0.0312,ROTATE2
-308.7817,-69.9397,-456.9303,0.1235,555.8984,5.1864,0.0087,542.9811,463.6617,0.1593,0.001969,-0.1353,-0.0133,0.0258,ROTATE2
-248.4316,-26.0862,-467.9443,0.1674,530.4438,25.4546,0.0439,548.3329,157.6196,0.1461,0.00071,-0.0957,-0.0636,0.0192,ROTATE2
-187.3359,24.8592,-476.7554,0.2189,512.8435,17.6003,0.0515,543.6927,357.7856,0.1528,0.001414,-0.056,-0.1138,0.0107,ROTATE2
-148.7344,71.8155,-483.8044,0.2585,511.2202,1.6234,0.0395,534.2982,438.369,0.1766,0.003042,-0.0184,-0.1617,-0.0007,ROTATE2
-152.9719,103.6368,-489.4435,0.2844,523.1595,11.9394,0.026,526.7131,262.1446,0.2106,0.003451,0.0174,-0.203,-0.0137,ROTATE2
-188.2088,120.9063,-493.9548,0.2962,542.2474,19.0878,0.0118,523.9828,132.5972,0.2451,0.00221,0.0513,-0.2344,-0.0257,ROTATE2
-220.5701,137.6594,-497.5638,0.3061,561.4009,19.1536,0.0099,530.1743,365.937,0.2728,0.000979,0.0842,-0.254,-0.0342,ROTATE2
-219.0123,151.3056,-500.451,0.3237,566.8431,5.4421,0.0177,540.9742,458.1473,0.2938,0.000478,0.1157,-0.2642,-0.0396,ROTATE2
-179.3474,159.7008,-502.7608,0.3581,557.1699,9.6732,0.0344,550.1641,249.0912,0.3137,0.00066,0.1474,-0.2713,-0.0414,ROTATE2
-124.6654,165.4669,-504.6087,0.4025,545.4821,11.6878,0.0444,554.6286,87.694,0.3373,0.001509,0.1823,-0.2788,-0.0409,ROTATE2
-73.1105,171.7516,-506.0869,0.4449,539.4142,6.0678,0.0424,554.062,103.0094,0.3671,0.0026,0.2213,-0.288,-0.0399,ROTATE2
-17.8259,171.5138,-507.2696,0.4629,535.7772,3.6371,0.018,548.9373,132.8417,0.3984,0.002707,0.2634,-0.2931,-0.0392,ROTATE2
28.0987,163.5048,-508.2156,0.4613,534.6088,1.1684,0.0016,542.4904,68.2174,0.4259,0.001623,0.3053,-0.2898,-0.0361,ROTATE2
78.4289,155.732,-508.9725,0.4418,538.0117,3.4029,0.0195,538.6588,14.4506,0.4427,0.000474,0.3415,-0.2732,-0.0293,ROTATE2
118.1557,156.0262,-509.578,0.464,545.8706,7.8589,0.0222,538.7365,15.5352,0.455,9.2e-05,0.3759,-0.2463,-0.0177,ROTATE2
178.8214,178.2272,-510.0624,0.4471,569.1271,23.2565,0.0169,544.6791,164.8474,0.4554,8.4e-05,0.3993,-0.207,-0.0023,ROTATE2
200.4665,209.1818,-510.4499,0.4478,586.9437,17.8166,0.0007,554.9124,401.5383,0.4524,7.5e-05,0.4152,-0.1647,0.0156,ROTATE2
204.4763,234.6954,-510.7599,0.4438,598.1373,11.1936,0.0041,567.618,531.3351,0.4489,6.2e-05,0.4261,-0.1196,0.0308,ROTATE2
180.3748,241.8938,-511.008,0.4392,593.4449,4.6924,0.0045,578.7047,366.5178,0.4484,7e-05,0.4348,-0.0738,0.0418,ROTATE2
158.6092,243.687,-511.2064,0.4267,588.1089,5.3359,0.0125,587.1523,97.2265,0.4409,6e-05,0.4322,-0.0261,0.0488,ROTATE2
172.1186,243.5246,-511.3651,0.4124,591.9656,3.8567,0.0143,591.7201,16.014,0.434,0.000167,0.4253,0.0176,0.0539,ROTATE2
181.9418,249.1322,-511.4921,0.4029,597.3222,5.3566,0.0095,593.7958,13.4195,0.425,0.000241,0.4125,0.0599,0.0576,ROTATE2
158.2316,257.6745,-445.578,0.3938,538.4916,58.8306,0.0091,581.8667,479.0565,0.415,0.000265,0.3947,0.0977,0.0619,ROTATE2
104.4821,252.0021,-335.2062,0.3961,432.186,106.3056,0.0023,549.6149,3892.9277,0.4064,0.000145,0.3745,0.1329,0.0657,ROTATE2
52.1513,234.5173,-206.0024,0.4009,316.4729,115.7131,0.0048,495.2877,11516.1563,0.4012,4.2e-05,0.3548,0.1665,0.0659,ROTATE2
-0.9446,212.9138,-75.3832,0.4039,225.8668,90.6061,0.003,422.0679,18803.2148,0.3995,1.5e-05,0.3371,0.1984,0.0615,ROTATE2
-48.8713,178.0154,26.6403,0.4149,186.5144,39.3525,0.011,339.9063,17006.9727,0.4019,5.5e-05,0.3235,0.2274,0.0542,ROTATE2
-103.4908,127.8124,123.7091,0.4151,205.7919,19.2775,0.0002,273.3664,8289.5293,0.4062,5.8e-05,0.3136,0.2515,0.0468,ROTATE2
-149.5114,81.2436,201.3642,0.4162,263.6318,57.8399,0.0011,239.6555,2127.3269,0.4102,4.2e-05,0.3081,0.267,0.0411,ROTATE2
-183.0466,17.6449,263.4882,0.4114,321.3152,57.6834,0.0048,240.624,2279.8662,0.4123,2e-05,0.3069,0.2722,0.0398,ROTATE2
-211.3779,-27.0684,313.1874,0.392,378.8135,57.4984,0.0194,271.2133,5119.873,0.4099,8.3e-05,0.308,0.2665,0.0426,ROTATE2
-197.7961,-73.5891,352.9468,0.3632,411.23,32.4165,0.0287,316.1565,5586.1382,0.3996,0.000407,0.3074,0.2494,0.0467,ROTATE2
-184.1181,-102.4182,384.7544,0.3313,438.6626,27.4326,0.0319,362.7306,3982.468,0.3828,0.00101,0.3049,0.2234,0.0498,ROTATE2
-169.5008,-112.1439,410.2004,0.2896,457.7894,19.1267,0.0417,401.5621,2317.6975,0.3575,0.001884,0.2967,0.1888,0.0512,ROTATE2
-166.6694,-99.3526,430.5572,0.2655,472.2596,14.4702,0.0241,431.751,1118.0396,0.3283,0.002146,0.2847,0.1501,0.0488,ROTATE2
-174.973,-81.7665,446.8427,0.244,486.7953,14.5357,0.0215,453.3474,697.136,0.2987,0.001881,0.2708,0.108,0.0425,ROTATE2
-184.9971,-73.8976,459.871,0.2251,501.1648,14.3695,0.0189,471.3343,476.1317,0.2711,0.001369,0.2546,0.0621,0.034,ROTATE2
-199.929,-74.0681,470.2937,0.2164,516.366,15.2013,0.0088,486.875,426.7018,0.2481,0.000715,0.2358,0.0129,0.0242,ROTATE2
-217.3807,-75.2357,478.6318,0.2164,531.0397,14.6737,0.0001,501.5251,432.9869,0.2335,0.000357,0.2151,-0.0367,0.013,ROTATE2
-232.1858,-79.6761,485.3024,0.2237,543.8538,12.814,0.0073,515.8439,415.0074,0.2251,0.000102,0.1891,-0.0873,0.0011,ROTATE2
-235.1986,-89.8096,490.6388,0.2454,551.4622,7.6085,0.0216,528.7773,332.7031,0.2254,0.000113,0.1569,-0.137,-0.0119,ROTATE2
-210.162,-91.7414,494.9079,0.2561,545.4525,6.0097,0.0107,537.6348,157.369,0.2316,0.000263,0.1177,-0.1796,-0.0246,ROTATE2
-117.6984,-97.5057,498.3232,0.2419,521.2354,24.2172,0.0142,538.6087,119.7368,0.2367,0.000211,0.0737,-0.2084,-0.0334,ROTATE2
8.2382,-43.2514,501.0555,0.212,502.9862,18.2491,0.0299,532.998,330.5911,0.2358,0.00025,0.0283,-0.2201,-0.035,ROTATE2
108.9874,25.8708,503.2413,0.2025,515.5573,12.5711,0.0095,527.3387,335.8298,0.2316,0.000425,-0.017,-0.218,-0.0316,ROTATE2
188.7305,116.5404,504.9899,0.2417,551.5575,36.0002,0.0392,527.3578,336.7506,0.2308,0.000407,-0.0653,-0.2086,-0.0226,ROTATE2
174.2657,195.6292,506.3888,0.2818,570.1481,18.5906,0.0401,532.2969,613.0746,0.236,0.000773,-0.1127,-0.196,-0.0104,ROTATE2
123.4875,258.9002,507.5079,0.3144,582.9604,12.8123,0.0325,544.642,949.5615,0.2505,0.001784,-0.1578,-0.1868,-0.0004,ROTATE2
44.5338,309.517,508.4032,0.3389,596.8734,13.913,0.0245,563.4193,795.5563,0.2759,0.002408,-0.201,-0.1842,0.0061,ROTATE2
-13.6042,350.0105,509.1195,0.3477,617.9766,21.1031,0.0088,583.9032,513.1112,0.3049,0.001521,-0.2411,-0.1832,0.0114,ROTATE2
-63.5553,382.4053,509.6925,0.3499,640.3589,22.3823,0.0022,601.6635,625.8837,0.3265,0.000659,-0.2731,-0.1747,0.0154,ROTATE2
-100.738,390.2024,510.1509,0.3629,650.123,9.7642,0.0129,617.6585,641.0668,0.3428,0.000261,-0.3006,-0.1575,0.0173,ROTATE2
-118.4904,400.4775,510.5176,0.3798,659.5835,9.4604,0.0169,632.9831,516.9733,0.3558,0.000202,-0.3258,-0.1301,0.0175,ROTATE2
-110.3142,401.4664,510.8109,0.4131,658.9934,0.5901,0.0333,645.4071,237.1434,0.3707,0.000579,-0.3521,-0.0913,0.0153,ROTATE2
-39.4482,384.1263,511.0457,0.4508,640.5286,18.4648,0.0377,649.9175,71.073,0.3913,0.001332,-0.3802,-0.0411,0.0092,ROTATE2
-10.3304,353.2947,511.2334,0.4783,621.5171,19.0115,0.0275,646.1491,199.9156,0.417,0.001845,-0.4063,0.0179,0.002,ROTATE2
-11.9144,323.6889,511.3836,0.4821,605.3344,16.1827,0.0038,637.1914,449.6852,0.4408,0.00154,-0.4213,0.0844,-0.0029,ROTATE2
-56.3127,299.6168,511.5038,0.51,595.4641,9.8703,0.0279,624.3676,533.1857,0.4668,0.001075,-0.4248,0.1599,-0.0008,ROTATE2
-147.4502,223.7965,504.4249,0.5873,571.2013,24.2628,0.0773,606.8091,550.4256,0.5017,0.002183,-0.4215,0.2452,0.0022,ROTATE2
-220.3602,156.8591,383.9493,0.6219,469.6599,101.5414,0.0347,572.6354,2917.1592,0.5359,0.003386,-0.4133,0.3238,0.0077,ROTATE2
-208.3256,93.456,252.2532,0.6028,340.243,129.417,0.0191,516.3805,10075.9131,0.5608,0.002997,-0.4014,0.3839,0.0142,ROTATE2
-165.4418,45.3804,135.8775,0.5593,218.8448,121.3981,0.0436,439.0826,20223.8867,0.5763,0.001519,-0.3921,0.4203,0.0169,ROTATE2
-106.969,17.2231,35.7614,0.5148,114.096,104.7489,0.0444,342.809,27187.5098,0.5772,0.001394,-0.3849,0.4296,0.0133,ROTATE2
-36.5096,3.3566,-73.7909,0.4816,82.3973,31.6987,0.0333,245.0482,20760.5781,0.5561,0.002758,-0.3745,0.4105,0.0086,ROTATE2
11.6611,-17.0678,-161.4327,0.4566,162.7508,80.3535,0.025,183.6664,8257.3369,0.523,0.002777,-0.3612,0.3775,0.0033,ROTATE2
11.3101,-40.548,-231.5462,0.4366,235.3416,72.5909,0.02,162.6861,3447.9868,0.4898,0.001891,-0.3489,0.3429,-0.0032,ROTATE2
-14.7238,-74.2603,-287.6369,0.4196,297.433,62.0913,0.0169,178.4037,6201.5264,0.4618,0.001129,-0.3397,0.3119,-0.0075,ROTATE2
-49.0134,-97.8957,-332.5096,0.3989,350.0693,52.6363,0.0207,225.5984,9040.9043,0.4386,0.000822,-0.3334,0.2838,-0.0093,ROTATE2
-97.6545,-132.3228,-368.4077,0.3733,403.4476,53.3783,0.0256,289.8084,7142.728,0.417,0.000839,-0.3282,0.2555,-0.0089,ROTATE2
-164.3861,-160.9552,-397.1261,0.3418,458.9537,55.5061,0.0315,349.049,6126.5732,0.394,0.00113,-0.3219,0.2247,-0.0057,ROTATE2
-219.3058,-179.9641,-420.1009,0.3109,506.919,47.9653,0.0308,403.3645,5575.1123,0.3689,0.001517,-0.3136,0.1904,0.0005,ROTATE2
-277.8446,-190.7119,-438.4807,0.2771,553.0226,46.1036,0.0338,454.4824,5197.2817,0.3404,0.001875,-0.3011,0.1522,0.0074,ROTATE2
-324.6757,-188.8602,-453.1846,0.2453,588.6074,35.5848,0.0319,502.19,4338.7461,0.3097,0.002058,-0.2845,0.1107,0.0135,ROTATE2
-362.1406,-179.3694,-464.9477,0.221,616.032,27.4246,0.0243,544.7069,3173.0439,0.2792,0.001894,-0.2645,0.0663,0.0187,ROTATE2
-369.7,-165.0205,-474.3581,0.2003,623.6389,7.6069,0.0207,577.6439,1863.5227,0.2509,0.001557,-0.2403,0.0196,0.0216,ROTATE2
-371.3631,-143.0195,-481.8865,0.1945,624.9638,1.3249,0.0058,601.2529,753.5671,0.2276,0.000931,-0.2116,-0.0284,0.0221,ROTATE2
-352.9373,-108.2313,-487.9092,0.2025,611.8286,13.1353,0.008,613.0142,172.3763,0.2127,0.000344,-0.1785,-0.0768,0.0201,ROTATE2
-310.9843,-74.7944,-492.7274,0.2186,587.4399,24.3886,0.0161,612.7806,183.9922,0.2074,0.00011,-0.1402,-0.1237,0.0143,ROTATE2
-274.6812,-40.2261,-496.5819,0.2375,568.9125,18.5275,0.0189,603.3568,477.9511,0.2106,0.000244,-0.0969,-0.1656,0.0044,ROTATE2
-266.2856,-11.5278,-499.6655,0.2604,566.3096,2.6029,0.023,591.8909,538.7101,0.2227,0.000573,-0.0529,-0.2008,-0.0086,ROTATE2
-286.0128,10.5465,-502.1324,0.2958,577.9719,11.6623,0.0354,582.4925,270.3643,0.243,0.001073,-0.0094,-0.2316,-0.0239,ROTATE2
-305.4446,31.2497,-504.1059,0.351,590.2505,12.2787,0.0552,578.1769,91.6564,0.2727,0.002199,0.0313,-0.2629,-0.0384,ROTATE2
-317.6807,45.5248,-505.6847,0.4034,598.9246,8.674,0.0524,580.4738,155.3129,0.3096,0.003665,0.0688,-0.2952,-0.0506,ROTATE2
-314.554,50.7323,-506.9478,0.4309,598.7604,0.1641,0.0275,586.4434,159.8242,0.3483,0.004068,0.1039,-0.3255,-0.0605,ROTATE2
-290.7057,50.4359,-507.9582,0.436,587.431,11.3295,0.0051,590.6677,61.1006,0.3834,0.002827,0.1389,-0.3491,-0.0675,ROTATE2
-247.8021,49.8737,-508.7666,0.425,568.0992,19.3318,0.011,588.6931,126.8324,0.4093,0.000971,0.1734,-0.3606,-0.0721,ROTATE2
-220.7417,50.6896,-509.4133,0.4129,557.4928,10.6064,0.0121,582.1415,278.1168,0.4216,0.000142,0.2074,-0.3545,-0.0766,ROTATE2
-220.209,58.6017,-509.9306,0.4057,558.5296,1.0368,0.0072,574.0626,268.0182,0.4221,0.000126,0.2392,-0.333,-0.0798,ROTATE2
-231.3234,71.4438,-510.3445,0.4086,564.8595,6.3299,0.0029,567.2823,116.99,0.4177,0.000127,0.2692,-0.303,-0.0802,ROTATE2
-201.1275,99.6207,-510.6756,0.4273,557.8227,7.0368,0.0187,561.3607,18.6284,0.4159,7.6e-05,0.3005,-0.2696,-0.0775,ROTATE2
-135.7676,120.7122,-510.9405,0.4428,542.2771,15.5456,0.0155,556.1964,55.7131,0.4195,0.000191,0.3338,-0.2333,-0.0716,ROTATE2
-79.0578,109.1229,-511.1524,0.4303,528.6158,13.6613,0.0125,550.421,174.1585,0.423,0.000194,0.3633,-0.1905,-0.0652,ROTATE2
-91.84,117.7452,-511.3219,0.441,532.6806,4.0648,0.0107,545.2512,197.2256,0.43,0.00015,0.392,-0.1468,-0.0528,ROTATE2
-13.947,157.3336,-511.4576,0.4455,535.2917,2.6111,0.0045,539.3376,105.1961,0.4374,5.2e-05,0.4163,-0.0983,-0.038,ROTATE2
85.483,221.0232,-511.566,0.4477,563.7893,28.4976,0.0022,540.5309,155.0096,0.4415,3.6e-05,0.4312,-0.0456,-0.0209,ROTATE2
161.502,261.9592,-511.6528,0.4872,597.0713,33.282,0.0395,551.4897,673.6665,0.4503,0.000375,0.4438,0.0047,0.0021,ROTATE2
165.7173,221.5955,-490.5692,0.4505,563.2272,33.8441,0.0367,558.412,548.6591,0.4544,0.000279,0.4455,0.0486,0.0224,ROTATE2
30.1738,236.3857,-361.8178,0.3991,433.2445,129.9827,0.0514,538.5248,3154.1174,0.446,0.000784,0.4306,0.09,0.036,ROTATE2
-78.261,218.4055,-197.6667,0.3541,304.7915,128.453,0.045,492.4247,11953.0645,0.4277,0.002139,0.4017,0.125,0.0462,ROTATE2
-165.0088,163.865,-55.7365,0.3362,239.1363,65.6552,0.0179,427.4941,19549.5059,0.4054,0.003237,0.3635,0.1571,0.0494,ROTATE2
-234.407,77.7483,57.8077,0.3663,253.6398,14.5035,0.0301,358.8079,15125.4863,0.3812,0.00162,0.3217,0.1883,0.0446,ROTATE2
-289.9256,-8.8201,148.643,0.398,325.9285,72.2887,0.0318,311.3481,4731.8193,0.3707,0.000608,0.2929,0.2169,0.043,ROTATE2
-322.1186,-72.2249,221.3113,0.4127,397.4362,71.5077,0.0146,304.1865,3191.0151,0.3735,0.000792,0.2807,0.2409,0.0407,ROTATE2
-337.8855,-132.7612,279.4459,0.4106,458.129,60.6928,0.002,334.854,6990.1045,0.3848,0.000866,0.2835,0.2572,0.0361,ROTATE2
-328.6616,-181.662,325.9536,0.3941,497.2577,39.1288,0.0165,386.4782,7767.6626,0.3964,0.000277,0.2962,0.2606,0.0314,ROTATE2
-290.5511,-213.014,363.1598,0.3741,511.5466,14.2889,0.02,438.0596,4706.2358,0.3979,0.000192,0.3063,0.2509,0.024,ROTATE2
-212.6128,-227.6425,392.9247,0.3533,501.4131,10.1335,0.0208,473.1566,1762.4996,0.389,0.000511,0.3126,0.2276,0.0154,ROTATE2
-134.6059,-229.564,416.7366,0.331,494.457,6.9561,0.0223,492.5607,330.0065,0.3726,0.000804,0.3146,0.1939,0.0058,ROTATE2
-80.5691,-224.423,435.7862,0.3156,496.7562,2.2991,0.0153,500.2861,36.7358,0.3536,0.000803,0.3134,0.1524,-0.0056,ROTATE2
-17.3584,-224.8322,451.0258,0.3038,504.257,7.5009,0.0118,501.686,36.0956,0.3356,0.000645,0.31,0.1036,-0.0187,ROTATE2
-3.8492,-239.3189,463.2176,0.2929,521.4008,17.1438,0.0109,503.6568,90.4998,0.3193,0.000447,0.3017,0.0472,-0.0331,ROTATE2
-40.1169,-270.1207,472.9709,0.2801,546.1466,24.7458,0.0128,512.6035,370.5258,0.3047,0.00031,0.2845,-0.0125,-0.0497,ROTATE2
-79.0185,-297.9747,480.7737,0.2466,571.1183,24.9717,0.0336,527.9358,754.3853,0.2878,0.000564,0.2548,-0.0679,-0.0628,ROTATE2
-91.4054,-280.7891,487.0158,0.1916,569.5453,1.573,0.0549,542.4936,694.2919,0.263,0.001645,0.2126,-0.1094,-0.0688,ROTATE2
-9.2525,-230.0844,492.0095,0.139,543.2291,26.3163,0.0526,550.288,341.2396,0.2301,0.003299,0.1614,-0.1331,-0.0655,ROTATE2
83.3887,-166.4426,496.0045,0.0983,529.7899,13.4392,0.0407,551.9659,255.5653,0.1911,0.004464,0.1078,-0.1362,-0.0561,ROTATE2
136.9078,-104.8978,499.2005,0.1058,528.1557,1.6342,0.0074,548.3677,349.2303,0.1563,0.003122,0.0542,-0.1278,-0.0431,ROTATE2
158.8794,-46.1776,501.7573,0.1623,528.3326,0.1769,0.0565,539.8105,252.7673,0.1394,0.001214,0.0011,-0.1194,-0.0312,ROTATE2
176.5566,18.2735,503.8027,0.2416,534.1567,5.824,0.0794,532.7328,32.2342,0.1494,0.002659,-0.052,-0.1236,-0.021,ROTATE2
171.2734,60.5501,505.4391,0.3042,537.0936,2.937,0.0625,531.5057,12.4975,0.1824,0.006339,-0.1039,-0.1409,-0.0167,ROTATE2
129.8937,95.4963,506.7482,0.333,531.7759,5.3177,0.0288,531.903,11.7655,0.2294,0.007253,-0.1543,-0.1664,-0.0155,ROTATE2
75.9431,122.4252,507.7954,0.3552,527.8366,3.9393,0.0222,531.8391,12.2601,0.2793,0.004874,-0.2004,-0.1931,-0.0157,ROTATE2
22.1107,141.2527,508.6332,0.3674,528.3455,0.5089,0.0123,531.8417,12.2421,0.3203,0.002009,-0.2366,-0.2147,-0.0173,ROTATE2
-21.6864,154.6553,509.3035,0.3732,532.7087,4.3632,0.0058,531.5521,11.2367,0.3466,0.00064,-0.2621,-0.225,-0.023,ROTATE2
-51.0116,171.4742,509.8397,0.3697,540.3167,7.608,0.0035,532.1967,20.043,0.3597,0.000216,-0.2801,-0.2229,-0.0285,ROTATE2
-65.8843,194.5919,510.2686,0.3637,550.0735,9.7568,0.006,535.8562,70.5318,0.3658,3.8e-05,-0.295,-0.2117,-0.0327,ROTATE2
-41.2262,222.411,510.6118,0.3703,558.4717,8.3983,0.0066,541.9832,122.4214,0.3689,1e-05,-0.3111,-0.1879,-0.0377,ROTATE2
-28.4028,237.2601,510.8863,0.3966,564.007,5.5353,0.0263,549.1155,131.3636,0.3747,0.00013,-0.3329,-0.1494,-0.0404,ROTATE2
-3.2379,242.9424,511.106,0.4347,565.9159,1.9089,0.038,555.757,89.8685,0.387,0.000697,-0.36,-0.0951,-0.0409,ROTATE2
21.5034,234.7039,511.2816,0.4732,562.9896,2.9263,0.0385,560.2916,32.0876,0.4077,0.001695,-0.3896,-0.029,-0.0408,ROTATE2
43.4309,203.6225,511.4222,0.4971,552.1785,10.8111,0.0239,560.7125,24.193,0.4344,0.002195,-0.4165,0.0433,-0.0411,ROTATE2
42.2385,156.6199,511.5347,0.5074,536.6392,15.5393,0.0103,556.3461,120.0278,0.4618,0.001689,-0.4347,0.1153,-0.0387,ROTATE2
30.4251,112.7741,511.6246,0.5126,524.7889,11.8502,0.0051,548.5024,245.9371,0.485,0.000817,-0.4407,0.1812,-0.0345,ROTATE2
13.2307,82.8474,511.6966,0.5109,518.5288,6.2601,0.0016,539.025,275.1531,0.5002,0.000212,-0.4345,0.2357,-0.0285,ROTATE2
3.6815,69.256,462.2791,0.5059,467.4526,51.0762,0.005,519.9176,819.7217,0.5068,2.9e-05,-0.4195,0.2773,-0.0211,ROTATE2
3.8139,61.4017,375.8077,0.5005,380.8099,86.6427,0.0054,485.6439,3307.0728,0.5075,1.8e-05,-0.4008,0.3074,-0.0143,ROTATE2
8.948,40.3307,267.9431,0.4962,271.109,109.7008,0.0043,432.5378,9171.7588,0.5052,3.8e-05,-0.3828,0.3278,-0.0106,ROTATE2
15.7209,6.9927,154.2701,0.4903,155.2266,115.8824,0.006,358.6254,17386.959,0.5008,5.2e-05,-0.3672,0.3396,-0.0109,ROTATE2
12.6111,-31.8308,43.2067,0.4714,55.1277,100.099,0.0189,265.9451,22105.6875,0.4928,0.000142,-0.3534,0.3429,-0.0131,ROTATE2
-1.5455,-70.7147,-48.1253,0.4477,85.5511,30.4235,0.0237,189.5648,14659.0889,0.4812,0.00038,-0.3412,0.3388,-0.0165,ROTATE2
-37.002,-118.3999,-140.9002,0.4118,187.7247,102.1735,0.0359,150.9478,5853.5596,0.4635,0.000954,-0.3283,0.3266,-0.0193,ROTATE2
-88.0985,-176.2011,-215.1202,0.3776,291.6931,103.9685,0.0343,155.0646,6910.7163,0.4397,0.001652,-0.3136,0.3076,-0.0181,ROTATE2
-149.6788,-229.3359,-274.4962,0.3496,387.7458,96.0527,0.0279,201.5685,15576.2129,0.4116,0.001975,-0.2982,0.283,-0.014,ROTATE2
-198.443,-275.0781,-321.9969,0.3251,467.6854,79.9395,0.0246,284.08,18642.7148,0.3824,0.001903,-0.2854,0.2531,-0.0077,ROTATE2
-260.3294,-303.3656,-359.9975,0.3072,537.9594,70.274,0.0179,374.5617,15463.9863,0.3543,0.001389,-0.2738,0.2225,0.0016,ROTATE2
-310.6635,-318.1269,-390.398,0.2912,591.7155,53.756,0.016,455.3599,11385.1807,0.3301,0.000939,-0.2656,0.1918,0.0136,ROTATE2
-350.9308,-313.439,-414.7184,0.276,627.2064,35.4909,0.0152,522.4625,7431.3022,0.3098,0.000663,-0.26,0.1608,0.0275,ROTATE2
-383.1447,-290.5262,-434.1747,0.2611,647.8527,20.6463,0.0148,574.4839,4239.9033,0.2921,0.000507,-0.2548,0.1289,0.0431,ROTATE2
-408.9157,-261.1616,-449.7398,0.2425,661.5764,13.7238,0.0186,613.2621,1971.9949,0.2756,0.000509,-0.2469,0.0972,0.0572,ROTATE2
-421.6357,-228.5855,-462.1918,0.2315,666.0701,4.4937,0.011,638.8842,739.1407,0.2605,0.000469,-0.2378,0.0602,0.0686,ROTATE2
-417.3898,-195.5153,-472.1535,0.2179,659.8253,6.2448,0.0136,652.5062,196.3107,0.2458,0.000428,-0.225,0.0187,0.0738,ROTATE2
-395.4806,-165.3091,-480.1228,0.2153,643.6224,16.2028,0.0026,655.7894,73.2993,0.2337,0.000284,-0.2073,-0.0273,0.0733,ROTATE2
-351.597,-130.0473,-486.4982,0.2164,614.1769,29.4456,0.001,649.0542,361.6586,0.2247,0.000113,-0.1831,-0.0751,0.068,ROTATE2
-312.0807,-84.1222,-491.5986,0.2218,588.3367,25.8402,0.0054,634.4062,853.059,0.2206,3.5e-05,-0.1515,-0.1221,0.0592,ROTATE2
-277.3458,-30.7509,-495.6789,0.2454,568.8268,19.5099,0.0237,614.9576,1134.4231,0.2234,0.000127,-0.1087,-0.1663,0.0473,ROTATE2
-230.2454,24.9024,-498.9431,0.2776,550.0703,18.7565,0.0322,593.0065,1092.0291,0.2353,0.000566,-0.0571,-0.2048,0.0353,ROTATE2
-221.8495,100.6001,-501.5545,0.3258,557.5791,7.5089,0.0482,575.798,534.52,0.2574,0.001637,0.0003,-0.239,0.0208,ROTATE2
-248.0608,177.5207,-503.6436,0.3845,588.8163,31.2372,0.0587,570.7258,248.1004,0.291,0.0034,0.0613,-0.2714,0.0043,ROTATE2
-264.083,238.5759,-505.3149,0.4332,618.0626,29.2463,0.0487,576.671,598.8813,0.3333,0.004695,0.1187,-0.3042,-0.0123,ROTATE2
-262.9571,279.3482,-506.6519,0.4653,635.514,17.4514,0.0321,590.0085,1101.1868,0.3773,0.004702,0.1683,-0.3337,-0.0258,ROTATE2
-235.1094,293.0598,-507.7215,0.4785,631.6183,3.8957,0.0132,606.3181,862.4471,0.4174,0.003149,0.2088,-0.3585,-0.0365,ROTATE2
-186.4563,297.1572,-508.5772,0.4744,617.8342,13.7841,0.004,618.3691,268.6473,0.4472,0.001235,0.2421,-0.373,-0.0398,ROTATE2
-114.5244,297.0445,-509.2618,0.4605,600.5821,17.2521,0.0139,620.7223,151.7118,0.4624,0.000254,0.2696,-0.3715,-0.0367,ROTATE2
-68.4195,297.4919,-509.8094,0.4481,594.2123,6.3698,0.0124,615.9521,268.0986,0.4654,0.000115,0.2991,-0.349,-0.0312,ROTATE2
-22.0544,315.5498,-510.2475,0.4506,600.342,6.1297,0.0025,608.9178,190.8186,0.4624,0.00015,0.328,-0.3151,-0.0231,ROTATE2
37.3909,332.9336,-510.598,0.4603,610.6989,10.3569,0.0097,604.7339,70.8858,0.4588,8.6e-05,0.3597,-0.2711,-0.0137,ROTATE2
79.1658,340.8531,-510.8784,0.4384,619.2292,8.5303,0.0219,605.0129,78.5073,0.4516,6.8e-05,0.3856,-0.2203,-0.0053,ROTATE2
70.067,333.1325,-511.1027,0.4573,614.095,5.1343,0.019,607.7155,83.7736,0.451,5.9e-05,0.4113,-0.1696,0.0015,ROTATE2
69.2943,346.1935,-511.2822,0.4621,621.3381,7.2432,0.0047,613.1407,54.9894,0.4537,7.4e-05,0.4301,-0.1218,0.0136,ROTATE2
110.5729,370.261,-511.4257,0.4539,640.996,19.6579,0.0082,621.2715,111.3029,0.4544,7.2e-05,0.4413,-0.0698,0.0276,ROTATE2
190.8552,398.6057,-511.5406,0.4697,676.0074,35.0114,0.0158,634.3331,517.5436,0.4563,0.000108,0.444,-0.0076,0.0455,ROTATE2
255.0811,421.2815,-511.6325,0.4839,710.1494,34.142,0.0142,652.5172,1290.88,0.4654,0.000114,0.4472,0.0504,0.0659,ROTATE2
225.318,377.7596,-511.706,0.4795,674.7692,35.3802,0.0044,664.652,947.4026,0.4698,0.000121,0.4378,0.1103,0.0878,ROTATE2
153.7919,307.1201,-453.8117,0.4057,569.1395,105.6298,0.0738,654.2123,2287.7261,0.4585,0.000804,0.409,0.16,0.1019,ROTATE2
44.2179,256.8774,-313.94,0.3339,408.0435,161.0959,0.0718,607.6218,12201.9316,0.4345,0.003331,0.3628,0.2003,0.1062,ROTATE2
-62.6257,218.4488,-170.4926,0.3316,284.0943,123.9492,0.0023,529.2392,26056.7891,0.4069,0.004439,0.3098,0.2267,0.1043,ROTATE2
