gx,gy,gz,lin_acc_mag,gyro_mag,gyro_diff,lin_acc_diff,gyro_avg,gyro_var,lin_acc_avg,lin_acc_var,lin_ax_avg,lin_ay_avg,lin_az_avg,label
134.5279,-90.4025,347.0599,0.2266,383.0417,15.3901,0.0071,397.3908,56.4185,0.2087,0.000188,-0.1682,-0.0,0.1227,ROTATE1
109.5879,-96.2407,345.4355,0.2296,374.9633,8.0785,0.003,392.4387,131.4053,0.217,0.000119,-0.1743,0.0088,0.1284,ROTATE1
90.3735,-121.7707,350.264,0.2286,381.6809,6.7177,0.001,388.6339,126.4073,0.2227,5.8e-05,-0.18,0.0172,0.1291,ROTATE1
81.78,-58.8728,340.0737,0.2077,354.6887,26.9922,0.0208,378.5613,201.498,0.2224,6.6e-05,-0.1842,0.027,0.1193,ROTATE1
72.6115,-59.242,347.5464,0.2242,359.9591,5.2704,0.0165,370.8668,132.5325,0.2233,6.4e-05,-0.19,0.0354,0.109,ROTATE1
69.9548,-90.1842,353.1371,0.2272,371.1236,11.1645,0.003,368.4831,97.218,0.2235,6.5e-05,-0.1938,0.0433,0.0999,ROTATE1
68.1857,-114.6224,363.1816,0.2053,386.8959,15.7723,0.0219,370.8697,150.9304,0.2186,0.0001,-0.1908,0.0502,0.0925,ROTATE1
65.5642,-123.9198,373.0797,0.1896,398.5514,11.6555,0.0157,374.2437,269.425,0.2108,0.000188,-0.1848,0.0548,0.0848,ROTATE1
74.1701,-144.3077,371.8731,0.1872,405.7284,7.177,0.0024,384.4517,286.9995,0.2067,0.00028,-0.1804,0.0554,0.0837,ROTATE1
86.083,-153.5212,365.236,0.1893,405.4335,0.2948,0.0021,393.5466,172.353,0.1997,0.000231,-0.1714,0.0575,0.0846,ROTATE1
106.8101,-116.7919,367.2825,0.1729,399.9315,5.502,0.0164,399.3082,46.7528,0.1889,0.000106,-0.1557,0.0613,0.0862,ROTATE1
111.545,-85.5835,362.6791,0.1901,388.9768,10.9547,0.0172,399.7243,37.1141,0.1858,4.3e-05,-0.1455,0.0663,0.0915,ROTATE1
102.1704,-33.045,324.1121,0.1817,341.4372,47.5396,0.0084,388.3015,585.8351,0.1843,4.1e-05,-0.1364,0.0731,0.096,ROTATE1
96.0613,10.4359,288.4584,0.1706,304.212,37.2253,0.011,367.9982,1527.0824,0.1809,6.5e-05,-0.1267,0.0809,0.0982,ROTATE1
84.8615,16.6862,270.4011,0.1851,283.8955,20.3165,0.0145,343.6906,2070.5952,0.1801,5.4e-05,-0.1227,0.0875,0.0973,ROTATE1
93.2611,5.7021,261.799,0.2179,277.9728,5.9227,0.0328,319.2989,1706.7966,0.1891,0.000248,-0.1323,0.0921,0.0968,ROTATE1
84.512,1.9836,248.608,0.2143,262.5874,15.3854,0.0035,294.021,740.0597,0.1939,0.000352,-0.1397,0.0952,0.0935,ROTATE1
68.469,-6.935,249.3145,0.21,258.6384,3.949,0.0043,277.4612,266.5591,0.1996,0.000342,-0.1469,0.0957,0.0945,ROTATE1
51.6002,-25.4699,243.2797,0.205,249.9926,8.6457,0.005,266.6173,156.7533,0.2065,0.000133,-0.1543,0.0928,0.0999,ROTATE1
58.1864,-57.979,245.9456,0.2014,259.3,9.3074,0.0035,261.6982,83.5573,0.2097,3.6e-05,-0.1595,0.0849,0.1045,ROTATE1
79.5554,-109.8707,241.644,0.2061,277.1145,17.8145,0.0047,261.5266,78.0881,0.2074,2e-05,-0.1609,0.073,0.105,ROTATE1
122.1818,-153.5185,245.5652,0.2108,314.3224,37.2079,0.0047,271.8736,528.2824,0.2067,1.2e-05,-0.1662,0.0576,0.1041,ROTATE1
190.5392,-170.6116,257.4834,0.2274,362.9204,48.598,0.0166,292.73,1716.1627,0.2101,8.4e-05,-0.1752,0.0423,0.1048,ROTATE1
254.8282,-166.3893,268.3149,0.2381,405.7286,42.8082,0.0107,323.8772,2934.4556,0.2168,0.000191,-0.1851,0.0316,0.1071,ROTATE1
306.2595,-159.8208,276.5769,0.2417,442.5295,36.8009,0.0035,360.5231,3573.1648,0.2248,0.000203,-0.1931,0.027,0.1114,ROTATE1
347.4044,-144.6129,285.3959,0.2458,472.2855,29.756,0.0042,399.5573,3156.2659,0.2328,0.000158,-0.1982,0.0267,0.1188,ROTATE1
380.3204,-121.3903,293.1761,0.2494,495.3095,23.024,0.0035,435.7547,2226.7136,0.2405,5.7e-05,-0.201,0.0299,0.1282,ROTATE1
406.6532,-98.8498,301.469,0.2504,515.7729,20.4634,0.001,466.3252,1511.7742,0.2451,2.1e-05,-0.2008,0.0349,0.1356,ROTATE1
427.7195,-80.2673,320.0909,0.2488,540.2267,24.4539,0.0016,493.2249,1146.083,0.2472,1e-05,-0.1985,0.0383,0.1416,ROTATE1
444.5725,-67.5951,318.6696,0.2504,551.1479,10.9212,0.0016,514.9485,831.1785,0.249,3e-06,-0.1952,0.0395,0.1488,ROTATE1
458.0549,-57.0292,308.7888,0.259,555.3531,4.2052,0.0086,531.5621,517.6495,0.2516,1.4e-05,-0.1919,0.0396,0.1574,ROTATE1
468.8408,-53.6796,341.1185,0.2546,582.2843,26.9312,0.0044,548.957,466.7645,0.2526,1.4e-05,-0.1886,0.0368,0.1636,ROTATE1
477.4695,-64.6499,375.2917,0.25,610.7378,28.4535,0.0046,567.95,649.1672,0.2525,1.4e-05,-0.1865,0.0326,0.1669,ROTATE1
484.3725,-108.8387,402.6302,0.2387,639.1977,28.4599,0.0113,587.7442,1118.8887,0.2505,4.6e-05,-0.1834,0.0324,0.1674,ROTATE1
489.8949,-81.3491,405.9386,0.2358,641.4054,2.2077,0.0029,605.7957,1101.0808,0.2476,8e-05,-0.1771,0.0408,0.1668,ROTATE1
494.3128,-25.8293,381.7509,0.2337,625.0968,16.3086,0.0021,619.7444,472.1311,0.2426,6.8e-05,-0.166,0.0518,0.1658,ROTATE1
497.8471,44.0366,350.0507,0.2264,610.1856,14.9112,0.0073,625.3247,178.6141,0.2369,5.9e-05,-0.1519,0.0618,0.1671,ROTATE1
500.6746,106.5511,337.0437,0.2112,612.8839,2.6983,0.0152,625.7539,166.829,0.2291,9.8e-05,-0.1354,0.0672,0.1692,ROTATE1
502.9366,150.5597,341.1256,0.1824,626.0831,13.1992,0.0288,623.131,123.8238,0.2179,0.00039,-0.1179,0.0659,0.1688,ROTATE1
504.7461,160.5884,357.538,0.1557,639.0545,12.9714,0.0267,622.6608,107.5236,0.2019,0.000842,-0.1007,0.0552,0.1644,ROTATE1
506.1938,163.5769,378.8835,0.1399,653.1021,14.0475,0.0158,628.2618,260.2991,0.1831,0.001055,-0.0857,0.0429,0.1553,ROTATE1
507.3519,173.3397,391.8224,0.1432,664.0613,10.9593,0.0033,639.037,335.1661,0.1665,0.000723,-0.0724,0.037,0.1447,ROTATE1
508.2784,209.278,392.9205,0.1542,675.6706,11.6093,0.011,651.5943,309.0869,0.1551,0.000224,-0.0631,0.0415,0.1338,ROTATE1
509.0197,240.6161,387.6395,0.1683,683.5653,7.8947,0.0141,663.0908,251.1834,0.1523,0.000102,-0.0577,0.056,0.1258,ROTATE1
509.6126,294.8898,355.7429,0.1906,687.9084,4.3431,0.0223,672.8616,163.3504,0.1592,0.000345,-0.0541,0.0802,0.1207,ROTATE1
510.087,338.3087,312.9381,0.1918,687.4385,0.4699,0.0012,679.7289,80.6008,0.1696,0.000375,-0.0532,0.1053,0.1159,ROTATE1
510.4665,357.9126,303.713,0.1665,693.4832,6.0447,0.0254,685.6132,34.7173,0.1743,0.000215,-0.0542,0.1226,0.1074,ROTATE1
510.7701,348.6363,304.6422,0.1681,689.3767,4.1065,0.0016,688.3544,10.2646,0.1771,0.000134,-0.0522,0.14,0.0876,ROTATE1
511.0129,176.5091,253.7138,0.2116,597.2105,92.1662,0.0435,671.0834,1368.8347,0.1857,0.000283,-0.0463,0.154,0.0413,ROTATE1
497.0729,38.8073,224.4242,0.1994,546.7665,50.444,0.0122,642.8551,3606.3179,0.1875,0.000312,-0.0396,0.1618,0.0048,ROTATE1
500.0552,-61.2354,173.4675,0.1919,532.8188,13.9477,0.0075,611.9312,4674.0869,0.1875,0.000312,-0.0324,0.1686,-0.0217,ROTATE1
502.441,-135.2571,123.6896,0.1831,534.8276,2.0088,0.0088,580.2001,3526.0664,0.1908,0.000216,-0.0255,0.1783,-0.0405,ROTATE1
504.3497,-184.6432,85.7767,0.179,543.8928,9.0652,0.0042,551.1033,559.1783,0.193,0.000137,-0.0214,0.1817,-0.0444,ROTATE1
505.8767,-210.302,58.5776,0.1787,550.9714,7.0786,0.0002,541.8555,48.4842,0.1864,6.5e-05,-0.0204,0.1817,-0.0168,ROTATE1
507.0982,-202.3573,26.6215,0.1827,546.6313,4.3401,0.004,541.8284,48.2215,0.1831,2.3e-05,-0.0206,0.1797,0.007,ROTATE1
508.0755,-179.9389,-53.0747,0.1643,541.6047,5.0266,0.0184,543.5856,28.9094,0.1776,4.7e-05,-0.0192,0.172,0.0266,ROTATE1
508.8573,-174.4293,-111.8785,0.156,549.4343,7.8297,0.0083,546.507,11.8765,0.1721,0.000105,-0.0212,0.1622,0.0439,ROTATE1
509.4827,-169.0278,-140.7622,0.1431,554.9388,5.5045,0.0128,548.7161,19.8486,0.165,0.000212,-0.0277,0.1485,0.0576,ROTATE1
509.983,-167.441,-132.891,0.1241,552.9731,1.9657,0.019,549.1165,22.2954,0.1541,0.000389,-0.0375,0.1301,0.0639,ROTATE1
510.3833,-191.2434,-102.9066,0.1136,554.6665,1.6934,0.0106,550.7235,24.6383,0.1402,0.000361,-0.0511,0.1083,0.0603,ROTATE1
510.7035,-221.4197,-62.0252,0.1134,560.082,5.4155,0.0001,554.4189,11.8678,0.1301,0.000285,-0.066,0.0921,0.053,ROTATE1
510.9597,-233.6295,-22.4796,0.141,562.2881,2.2061,0.0276,556.9897,12.6746,0.1271,0.000166,-0.0762,0.0842,0.0517,ROTATE1
511.1647,-207.0161,0.9195,0.1728,551.4942,10.7939,0.0318,556.3008,17.3988,0.133,0.000498,-0.0778,0.0868,0.0578,ROTATE1
511.3286,-147.1317,-0.4769,0.1894,532.076,19.4182,0.0165,552.1214,115.0843,0.146,0.000947,-0.0713,0.0979,0.0711,ROTATE1
511.4598,-91.9053,-51.7409,0.1763,522.221,9.855,0.0131,545.6323,250.4869,0.1586,0.000761,-0.0586,0.1102,0.089,ROTATE1
511.5647,-46.3274,-116.7865,0.1365,526.7673,4.5463,0.0398,538.9693,235.5107,0.1632,0.00043,-0.0465,0.1157,0.1018,ROTATE1
511.6487,-33.3838,-158.2167,0.0842,536.5923,9.8251,0.0523,533.8301,101.4763,0.1518,0.001451,-0.0381,0.1087,0.0974,ROTATE1
511.7158,-59.4226,-169.6327,0.054,542.3646,5.7723,0.0302,532.0043,50.3062,0.1281,0.002711,-0.0355,0.0876,0.0761,ROTATE1
495.2101,-92.5256,-170.1718,0.066,531.7448,10.6198,0.012,531.938,50.3142,0.1034,0.002121,-0.0391,0.0585,0.0459,ROTATE1
478.4337,-121.4642,-176.5593,0.065,524.2381,7.5067,0.0011,532.3414,43.1252,0.0811,0.00086,-0.0461,0.0298,0.0177,ROTATE1
485.1439,-116.0495,-187.3787,0.0735,532.8629,8.6248,0.0085,533.5605,35.479,0.0685,0.0001,-0.0513,0.006,0.009,ROTATE1
490.512,-45.8834,-227.6592,0.0929,542.7117,9.8488,0.0194,534.7844,48.8916,0.0703,0.000166,-0.0496,-0.0052,0.0169,ROTATE1
494.8065,4.0464,-284.5274,0.084,570.7939,28.0822,0.0089,540.4703,264.4069,0.0763,0.000115,-0.0409,-0.0022,0.0329,ROTATE1
498.2421,51.3528,-330.0219,0.1071,599.8306,29.0367,0.0231,554.0875,768.483,0.0845,0.000217,-0.0292,-0.0005,0.0601,ROTATE1
500.9905,105.301,-366.4175,0.1003,629.5567,29.7261,0.0068,575.1512,1285.7274,0.0916,0.000141,-0.0161,-0.0027,0.0837,ROTATE1
503.1893,123.1502,-395.534,0.0912,651.7765,22.2198,0.0091,598.9339,1536.7384,0.0951,6.3e-05,-0.0054,-0.0102,0.0878,ROTATE1
504.9484,109.7264,-418.8272,0.088,665.1533,13.3768,0.0033,623.4222,1181.8772,0.0941,7.1e-05,-0.002,-0.0275,0.0741,ROTATE1
506.3556,56.5249,-433.6524,0.0962,669.0631,3.9098,0.0083,643.076,658.274,0.0965,4.6e-05,-0.0073,-0.0496,0.0503,ROTATE1
507.4814,-7.4207,-418.9094,0.0981,658.0862,10.9769,0.0019,654.7272,193.5532,0.0948,2.1e-05,-0.0173,-0.0663,0.0243,ROTATE1
508.382,-4.6053,-352.1682,0.1141,618.4625,39.6238,0.0159,652.5083,324.9453,0.0975,8.2e-05,-0.029,-0.0794,0.0135,ROTATE1
509.1024,49.0407,-285.3189,0.1534,585.6596,32.8029,0.0394,639.285,1043.7307,0.11,0.000544,-0.0362,-0.0864,0.0229,ROTATE1
509.6788,141.6295,-246.2739,0.1761,583.5085,2.1511,0.0226,622.956,1265.4628,0.1276,0.001011,-0.0341,-0.0856,0.0501,ROTATE1
510.14,215.7004,-271.2222,0.1315,616.7098,33.2012,0.0446,612.4853,738.4578,0.1346,0.000767,-0.025,-0.0843,0.0802,ROTATE1
510.5089,274.9572,-303.9215,0.1037,654.6671,37.9573,0.0278,611.8015,677.9621,0.1358,0.000691,-0.0148,-0.085,0.0968,ROTATE1
510.804,245.7502,-332.2716,0.0579,657.0527,2.3856,0.0458,619.5195,1019.0539,0.1245,0.001684,-0.0066,-0.0779,0.0873,ROTATE1
511.04,105.7408,-359.5642,0.0839,633.7424,23.3102,0.026,629.1361,737.7347,0.1106,0.001653,-0.0046,-0.0708,0.053,ROTATE1
511.2289,-17.8074,-344.5263,0.084,616.7418,17.0006,0.0001,635.7828,307.9054,0.0922,0.000598,-0.0108,-0.068,0.0138,ROTATE1
511.38,-94.2803,-301.7242,0.0717,601.1953,15.5466,0.0122,632.6799,464.7808,0.0802,0.00023,-0.0175,-0.0665,-0.0043,ROTATE1
511.5009,10.0539,-232.5293,0.1738,561.9645,39.2307,0.102,614.1393,1024.4735,0.0942,0.001674,-0.0162,-0.0717,0.0105,ROTATE1
511.5976,90.7275,-205.6797,0.1604,558.8092,3.1553,0.0134,594.4906,882.3765,0.1147,0.001864,-0.01,-0.081,0.0357,ROTATE1
511.675,139.1351,-169.325,0.1419,556.6335,2.1757,0.0185,579.0688,623.0374,0.1263,0.001685,-0.0008,-0.089,0.0666,ROTATE1
511.7368,176.9175,-139.1538,0.1322,559.0511,2.4177,0.0097,567.5308,286.2001,0.136,0.00124,0.0093,-0.0948,0.0923,ROTATE1
511.7864,196.8246,-104.4012,0.1339,558.1799,0.8712,0.0017,558.9276,3.0149,0.1484,0.00026,0.0177,-0.1018,0.1059,ROTATE1
511.826,200.9566,-80.0303,0.1182,555.6566,2.5234,0.0157,557.666,1.7187,0.1373,0.000191,0.0195,-0.0971,0.0947,ROTATE1
511.8577,206.4059,-67.9899,0.1076,556.0794,0.4229,0.0106,557.1201,1.6628,0.1268,0.00015,0.0174,-0.0924,0.0849,ROTATE1
511.883,217.7747,-51.6981,0.0925,558.6794,2.6,0.0151,557.5293,1.9343,0.1169,0.000242,0.0143,-0.0851,0.0786,ROTATE1
511.9033,244.4073,-24.3991,0.0813,567.7809,9.1015,0.0112,559.2753,19.442,0.1067,0.000345,0.0117,-0.0763,0.0733,ROTATE1
511.9196,273.3914,-8.6849,0.0707,580.4136,12.6326,0.0106,563.722,88.7943,0.0941,0.000295,0.0079,-0.0641,0.0678,ROTATE1
511.9325,307.1881,-8.4855,0.0608,597.0858,16.6722,0.01,572.0079,229.7578,0.0826,0.000268,0.0023,-0.0519,0.0629,ROTATE1
511.9429,346.2849,9.5898,0.0566,618.1349,21.0491,0.0042,584.4189,450.5205,0.0724,0.000174,-0.0069,-0.0366,0.0571,ROTATE1
511.9512,379.4248,24.3374,0.058,637.6908,19.5559,0.0014,600.2212,635.8828,0.0655,8.7e-05,-0.0159,-0.0242,0.0523,ROTATE1
511.9579,387.1774,14.9012,0.0593,642.0508,4.36,0.0013,615.0752,554.711,0.0611,2.5e-05,-0.0264,-0.0174,0.0462,ROTATE1
511.9632,406.1232,28.9491,0.0477,654.1257,12.0749,0.0116,629.8176,402.0751,0.0565,2.1e-05,-0.0294,-0.0175,0.039,ROTATE1
511.9674,422.7485,42.6061,0.0577,665.3137,11.188,0.01,643.4632,253.594,0.0559,1.7e-05,-0.0264,-0.0235,0.0304,ROTATE1
511.9708,424.8707,42.4693,0.0545,666.658,1.3444,0.0033,653.1678,138.7102,0.0554,1.7e-05,-0.0196,-0.0339,0.0211,ROTATE1
493.986,403.5122,60.5442,0.0391,640.7104,25.9476,0.0154,653.7717,121.4751,0.0517,5.5e-05,-0.015,-0.0403,0.0092,ROTATE1
472.8326,378.4723,91.3822,0.0342,612.5052,28.2053,0.0049,647.8626,399.6667,0.0466,7.9e-05,-0.0105,-0.0387,-0.0016,ROTATE1
442.5723,360.681,117.2558,0.0379,582.8464,29.6588,0.0037,633.6068,1034.0138,0.0447,9e-05,-0.0125,-0.0288,-0.0116,ROTATE1
456.4547,344.0073,122.4421,0.0435,584.5374,1.691,0.0055,617.4515,1053.5156,0.0418,4.8e-05,-0.0171,-0.0133,-0.0201,ROTATE1
467.5607,323.412,121.4287,0.0459,581.3375,3.2,0.0024,600.3873,538.9198,0.0401,1.7e-05,-0.0201,0.0018,-0.0268,ROTATE1
476.4454,297.564,122.1211,0.052,574.8549,6.4825,0.0061,587.2162,170.633,0.0427,3.8e-05,-0.0202,0.0128,-0.0326,ROTATE1
483.5532,259.0919,129.25,0.056,563.6115,11.2435,0.004,577.4375,58.5408,0.047,4e-05,-0.0187,0.02,-0.0376,ROTATE1
489.2395,214.5047,142.7438,0.0582,552.9406,10.6708,0.0023,571.4564,136.9352,0.0511,3.2e-05,-0.0177,0.0246,-0.0409,ROTATE1
493.7885,166.6538,152.3513,0.0632,542.9654,9.9752,0.005,563.142,195.9303,0.0551,3.4e-05,-0.0178,0.0301,-0.0414,ROTATE1
497.4276,133.1355,144.2248,0.0882,534.7524,8.213,0.0249,553.825,204.102,0.0635,0.000165,-0.0186,0.0429,-0.0362,ROTATE1
487.4359,111.4678,114.6673,0.1125,512.9984,21.754,0.0243,541.4537,295.9622,0.0756,0.000471,-0.0195,0.0605,-0.027,ROTATE1
492.3456,69.8836,75.2651,0.1261,502.9441,10.0544,0.0136,529.3202,347.145,0.0896,0.000707,-0.0166,0.08,-0.0234,ROTATE1
476.5827,30.9475,60.6371,0.097,481.4205,21.5236,0.0291,515.0162,489.8306,0.0974,0.000461,-0.0117,0.0923,-0.0185,ROTATE1
483.6631,-16.5264,79.8815,0.0629,490.4938,9.0733,0.0341,504.5218,343.7371,0.0973,0.000465,-0.0071,0.0943,-0.0162,ROTATE1
489.3273,-76.6773,103.6709,0.0698,506.0319,15.5381,0.0069,498.7777,128.4214,0.0937,0.000586,-0.0029,0.091,-0.0169,ROTATE1
493.8588,-161.1137,111.3804,0.0642,531.2812,25.2493,0.0057,502.4343,285.9003,0.084,0.000596,-0.0002,0.0813,-0.0199,ROTATE1
497.4839,-185.4941,134.1044,0.0459,547.6151,16.3339,0.0183,511.3685,614.2887,0.068,0.000275,-0.0016,0.0657,-0.0133,ROTATE1
500.384,-154.5078,165.1679,0.0434,549.1241,1.509,0.0025,524.9092,536.6584,0.0573,0.000112,-0.0045,0.0543,-0.0053,ROTATE1
502.7041,-121.0594,190.5687,0.0505,551.0746,1.9505,0.007,537.0253,289.898,0.0548,0.000108,-0.0069,0.0517,0.0033,ROTATE1
504.5602,-86.8694,203.8393,0.0553,551.0696,0.0049,0.0049,546.0328,56.0918,0.0519,5.4e-05,-0.0085,0.0486,0.009,ROTATE1
506.045,-30.258,200.7277,0.0617,545.2419,5.8277,0.0064,548.8251,4.8982,0.0514,4.3e-05,-0.0075,0.0484,0.0133,ROTATE1
507.2329,29.2936,175.279,0.068,537.4626,7.7793,0.0062,546.7946,26.3034,0.0558,7.3e-05,-0.0044,0.0529,0.0115,ROTATE1
508.1832,45.4755,149.5982,0.0759,531.6934,5.7693,0.0079,543.3085,58.6742,0.0623,8.1e-05,-0.0009,0.0593,0.0015,ROTATE1
508.9435,5.9742,129.213,0.0826,525.124,6.5694,0.0066,538.1183,85.8092,0.0687,9.4e-05,0.0022,0.0641,-0.0113,ROTATE1
509.5517,-53.7426,125.2391,0.0722,527.4619,2.3379,0.0104,533.3968,52.6807,0.0721,5e-05,0.005,0.0651,-0.0226,ROTATE1
510.0382,-9.6628,149.3226,0.0711,531.5351,4.0732,0.0011,530.6554,17.7971,0.0739,2.5e-05,0.0094,0.066,-0.0277,ROTATE1
510.4275,55.7948,156.508,0.0634,536.7905,5.2554,0.0077,530.5209,16.0391,0.073,3.9e-05,0.0112,0.0642,-0.0308,ROTATE1
510.7389,60.4546,159.7689,0.0745,538.549,1.7585,0.0111,531.8921,26.7741,0.0727,3.8e-05,0.0094,0.0642,-0.0302,ROTATE1
510.988,46.3574,142.9276,0.0807,532.6218,5.9272,0.0062,533.3917,15.4704,0.0724,3.1e-05,0.0083,0.0645,-0.029,ROTATE1
511.1873,-0.7828,115.1827,0.0876,524.0039,8.6179,0.0068,532.7001,25.5856,0.0755,6.8e-05,0.0076,0.068,-0.0294,ROTATE1
511.3467,-56.0044,75.8806,0.0896,519.9709,4.033,0.002,530.3873,52.3711,0.0792,9.1e-05,0.0042,0.0701,-0.0353,ROTATE1
511.4742,-114.7504,22.7701,0.089,524.6828,4.7119,0.0006,527.9657,44.8151,0.0843,3.4e-05,0.0031,0.0734,-0.0408,ROTATE1
511.5763,-163.0316,-47.2777,0.0849,539.0035,14.3207,0.0041,528.0566,46.772,0.0863,1.1e-05,0.0066,0.0738,-0.0439,ROTATE1
511.6579,-210.419,-97.9128,0.0748,561.8335,22.83,0.01,533.8989,236.6467,0.0852,2.9e-05,0.0103,0.0728,-0.042,ROTATE1
511.7232,-238.6383,-117.8802,0.072,576.8055,14.972,0.0028,544.4593,473.7395,0.0821,5.3e-05,0.0116,0.0698,-0.0408,ROTATE1
511.7755,-239.4169,-131.1448,0.0664,580.0289,3.2234,0.0056,556.4708,462.566,0.0774,6.9e-05,0.0119,0.0665,-0.0372,ROTATE1
511.8173,-228.4335,-140.1283,0.0561,577.7324,2.2965,0.0104,567.0807,238.3104,0.0708,9e-05,0.0098,0.0624,-0.0306,ROTATE1
511.8507,-198.1187,-144.9339,0.0491,567.6689,10.0635,0.007,572.8138,47.8443,0.0637,9.5e-05,0.0058,0.0579,-0.0228,ROTATE1
511.8774,-167.1856,-136.1753,0.0436,555.4396,12.2293,0.0055,571.535,82.4681,0.0574,0.000111,0.001,0.0532,-0.0181,ROTATE1
511.8988,-134.5172,-129.7183,0.0362,544.9423,10.4973,0.0074,565.1625,177.7371,0.0503,0.000108,0.0,0.0482,-0.0091,ROTATE1
511.916,-95.9607,-119.409,0.036,534.3453,10.597,0.0002,556.0258,239.9939,0.0442,5.9e-05,-0.0001,0.0424,0.0005,ROTATE1
511.9297,-51.3654,-104.2616,0.0371,524.9579,9.3874,0.0011,545.4708,227.3936,0.0404,2.7e-05,0.0014,0.0383,0.0058,ROTATE1
511.9406,-14.3517,-89.728,0.0384,519.9426,5.0154,0.0013,535.9256,168.0686,0.0383,8e-06,0.0059,0.0351,0.0057,ROTATE1
511.9494,-5.8095,-97.4262,0.0358,521.1696,1.2271,0.0026,529.0716,88.479,0.0367,1e-06,0.0097,0.0315,0.0024,ROTATE1
508.8408,-23.7695,-121.3503,0.0229,523.6505,2.4808,0.0128,524.8132,25.8467,0.034,3.2e-05,0.0097,0.0282,-0.0014,ROTATE1
501.9101,-52.0906,-151.0178,0.0186,526.7196,3.0692,0.0044,523.288,6.0751,0.0306,6.7e-05,0.0092,0.025,-0.0076,ROTATE1
466.6718,-90.2256,-174.4923,0.0121,506.3307,20.3889,0.0065,519.5626,49.1484,0.0255,0.000102,0.0057,0.0192,-0.0111,ROTATE1
427.4906,-112.718,-185.1845,0.0176,479.3192,27.0116,0.0056,511.4379,307.0161,0.0214,6.4e-05,-0.0014,0.0116,-0.0096,ROTATE1
369.1112,-116.5744,-177.4882,0.0353,425.8342,53.485,0.0177,492.3708,1390.1213,0.0213,6.1e-05,-0.0099,0.0035,-0.0024,ROTATE1
295.3296,-92.072,-144.5187,0.0479,341.4418,84.3924,0.0126,455.9291,4422.354,0.0263,0.000178,-0.0183,-0.0043,0.0045,ROTATE1
190.8699,-36.792,-99.69,0.0601,218.4561,122.9856,0.0121,394.2764,10897.7207,0.0346,0.000325,-0.0283,-0.0109,0.0125,ROTATE1
50.296,25.207,-45.452,0.0601,72.3254,146.1307,0.0,307.4753,21582.5508,0.0442,0.00026,-0.0378,-0.0155,0.0153,ROTATE1
-62.1632,71.8844,25.9728,0.0504,98.5201,26.1948,0.0097,231.3155,18608.627,0.0508,8.4e-05,-0.0431,-0.0177,0.0108,ROTATE1
-152.1306,96.8263,79.6095,0.0349,197.121,98.6009,0.0154,185.5729,9182.5908,0.0507,8.7e-05,-0.0409,-0.0148,0.0019,ROTATE1
-224.1045,54.7954,106.1095,0.0283,253.9381,56.8171,0.0066,168.0722,4952.0542,0.0468,0.00017,-0.0326,-0.0135,-0.0073,ROTATE1
-281.6836,-6.6543,122.3094,0.0249,307.1636,53.2255,0.0035,185.8137,7998.8721,0.0397,0.00018,-0.0206,-0.0137,-0.0152,ROTATE1
-327.7469,-69.4641,133.4569,0.0232,360.63,53.4664,0.0016,243.4746,8210.3242,0.0323,9.7e-05,-0.0064,-0.0134,-0.0187,ROTATE1
-364.5975,-118.9119,142.8874,0.0171,409.2532,48.6231,0.0062,305.6212,5642.2725,0.0257,3.5e-05,0.0053,-0.0107,-0.0163,ROTATE1
-394.078,-154.3326,132.5756,0.0181,443.5001,34.2469,0.0011,354.897,4661.8271,0.0223,1.8e-05,0.0114,-0.0082,-0.0111,ROTATE1
-417.6624,-167.7911,104.5323,0.0594,462.0852,18.5851,0.0412,396.5264,3188.1411,0.0285,0.000247,0.0121,-0.0014,0.0049,ROTATE1
-436.5299,-135.061,69.7946,0.0978,462.2458,0.1606,0.0384,427.5428,1492.7872,0.0431,0.00099,0.0123,0.0045,0.0264,ROTATE1
-444.6583,-64.6051,63.7576,0.1705,453.828,8.4177,0.0727,446.1824,388.0698,0.0726,0.003289,0.01,0.0008,0.0615,ROTATE1
-387.661,32.3441,102.9217,0.1548,402.3929,51.4351,0.0157,444.8104,496.9372,0.1001,0.003266,0.0071,-0.0088,0.0921,ROTATE1
-287.2538,128.2721,161.6967,0.1396,353.7151,48.6779,0.0152,426.8534,1833.8123,0.1244,0.001644,0.005,-0.0234,0.1181,ROTATE1
-219.8125,205.0146,224.4355,0.099,375.1264,21.4113,0.0407,409.4616,1818.2197,0.1323,0.000865,0.0039,-0.0389,0.1231,ROTATE1
-207.6156,250.1898,277.0016,0.0397,427.1171,51.9908,0.0592,402.4359,1273.9695,0.1207,0.002206,0.0034,-0.0484,0.1061,ROTATE1
-268.4925,243.2831,179.82,0.1041,404.4875,22.6297,0.0644,392.5678,649.2013,0.1075,0.00159,0.0039,-0.0225,0.0641,ROTATE1
-317.194,149.564,99.9779,0.1221,364.6601,39.8274,0.018,385.0212,728.712,0.1009,0.001141,0.0042,0.0077,0.0208,ROTATE1
-356.1552,55.2981,39.7323,0.0914,362.6059,2.0542,0.0307,386.7994,630.0243,0.0913,0.000766,0.003,0.0335,-0.0165,ROTATE1
-387.3242,-15.0053,8.9671,0.0542,387.7184,25.1125,0.0372,389.3178,596.5991,0.0823,0.000949,0.0021,0.053,-0.0399,ROTATE1
-412.2593,-62.8261,-1.7576,0.0304,417.0228,29.3044,0.0238,387.2989,460.2784,0.0804,0.001122,0.0007,0.0642,-0.0469,ROTATE1
-432.2075,-123.2703,-8.7842,0.0187,449.5287,32.5059,0.0117,396.3072,1094.549,0.0634,0.00148,0.0009,0.046,-0.0418,ROTATE1
-448.166,-159.5131,-11.7086,0.0166,475.8511,26.3224,0.0021,418.5453,1665.1504,0.0423,0.000783,0.0027,0.024,-0.0266,ROTATE1
-460.9328,-219.8136,-19.6169,0.0181,511.04,35.1889,0.0016,448.2322,1869.0494,0.0276,0.000201,0.0063,0.0081,-0.0141,ROTATE1
-471.1462,-278.2509,-44.206,0.0323,548.9594,37.9194,0.0141,480.4804,2125.915,0.0232,4.5e-05,0.0096,-0.0034,-0.0021,ROTATE1
-479.317,-325.0007,-74.2211,0.0564,583.8484,34.889,0.0242,513.8455,2344.2991,0.0284,0.000228,0.0129,-0.0124,0.012,ROTATE1
-485.8536,-351.4537,-98.1893,0.0823,607.6303,23.7819,0.0259,545.4659,2276.2405,0.0412,0.000628,0.0164,-0.0213,0.0289,ROTATE1
-491.0829,-364.788,-115.7234,0.1289,622.595,14.9647,0.0465,574.8146,1635.4275,0.0636,0.001541,0.0176,-0.033,0.0493,ROTATE1
-495.2663,-351.9272,-109.5381,0.1312,617.3654,5.2296,0.0023,596.0797,731.8969,0.0862,0.001529,0.0166,-0.0469,0.0695,ROTATE1
-498.613,-307.3981,-75.5023,0.1527,590.6006,26.7648,0.0215,604.408,224.4769,0.1103,0.001252,0.0144,-0.0632,0.088,ROTATE1
-501.2904,-265.1778,-32.2237,0.1546,568.0226,22.578,0.002,601.2428,394.6977,0.1299,0.000679,0.0122,-0.0785,0.1018,ROTATE1
-503.4323,-225.4079,17.0148,0.1429,551.8536,16.1691,0.0118,590.0875,749.9549,0.142,0.000113,0.0093,-0.0881,0.1106,ROTATE1
-505.1459,-192.6513,65.8899,0.1242,544.636,7.2176,0.0187,574.4957,708.6701,0.1411,0.000141,0.0076,-0.0897,0.1086,ROTATE1
-506.5167,-164.9429,134.8869,0.1171,549.5087,4.8727,0.0071,560.9243,281.7949,0.1383,0.000229,0.0073,-0.0879,0.1064,ROTATE1
-507.6133,-141.5043,208.5377,0.1168,566.7299,17.2211,0.0002,556.1502,89.6063,0.1311,0.000228,0.0074,-0.0832,0.101,ROTATE1
-508.4907,-113.8441,253.2926,0.1176,579.3793,12.6494,0.0008,558.4215,164.1745,0.1237,9.9e-05,0.0077,-0.0773,0.0963,ROTATE1
-477.1582,-71.5878,258.831,0.1178,547.5383,31.8409,0.0001,557.5584,178.4908,0.1187,8e-06,0.0074,-0.0729,0.0933,ROTATE1
-416.8422,-39.0452,229.4023,0.1161,477.3964,70.1419,0.0016,544.1105,1249.4362,0.1171,0.0,0.0069,-0.0686,0.0942,ROTATE1
-337.4831,-39.5206,196.8343,0.1164,392.6837,84.7127,0.0002,512.7455,4845.8618,0.117,0.0,0.0073,-0.0624,0.0975,ROTATE1
-284.399,-49.5071,171.8018,0.11,335.931,56.7527,0.0064,466.5858,8384.9512,0.1156,8e-06,0.0097,-0.0535,0.1006,ROTATE1
-329.9192,-41.765,156.2102,0.1059,367.4134,31.4825,0.0041,424.1926,6010.3232,0.1132,2.1e-05,0.0115,-0.0483,0.1009,ROTATE1
-366.3354,6.563,168.9401,0.1022,403.4668,36.0533,0.0037,395.3783,2223.1353,0.1101,3.1e-05,0.0127,-0.0479,0.0971,ROTATE1
-395.4683,107.6473,185.7302,0.1037,449.9765,46.5097,0.0015,389.8943,1443.8582,0.1076,2.6e-05,0.013,-0.0506,0.0922,ROTATE1
-418.7746,164.2834,204.2404,0.0699,494.0399,44.0634,0.0338,410.1655,3200.6401,0.0983,0.000209,0.0111,-0.0509,0.0815,ROTATE1
-437.4197,167.7174,210.6642,0.031,513.658,19.6181,0.0389,445.7109,2977.1494,0.0825,0.00084,0.0085,-0.0493,0.0647,ROTATE1
-452.3358,138.2708,224.7439,0.0201,523.6757,10.0178,0.0108,476.9633,1990.0374,0.0654,0.001215,0.0055,-0.0439,0.046,ROTATE1
-464.2686,96.0072,227.6763,0.017,525.9271,2.2513,0.0031,501.4554,789.3156,0.0483,0.001121,0.0041,-0.0333,0.0285,ROTATE1
-473.8149,74.3683,226.5348,0.0203,530.4236,4.4966,0.0033,517.5448,168.261,0.0317,0.000387,0.0034,-0.0223,0.01,ROTATE1
-481.4519,93.3134,236.0904,0.0246,544.2812,13.8575,0.0042,527.5931,99.7628,0.0226,2.3e-05,0.004,-0.018,-0.0033,ROTATE1
-487.5615,120.7882,260.0442,0.04,565.6227,21.3415,0.0155,537.986,242.1613,0.0244,6.7e-05,0.0026,-0.018,-0.0138,ROTATE1
-492.4492,126.1587,286.8916,0.0642,583.72,18.0973,0.0241,549.9949,475.3099,0.0332,0.000302,0.0004,-0.0187,-0.0255,ROTATE1
-496.3594,105.6395,311.8414,0.0822,595.632,11.912,0.018,563.9359,581.6547,0.0462,0.000559,-0.004,-0.0188,-0.0394,ROTATE1
-499.4875,67.9366,318.6169,0.0896,596.3387,0.7067,0.0073,577.119,393.2372,0.0601,0.000608,-0.0064,-0.0157,-0.0544,ROTATE1
-501.99,28.3524,296.5779,0.0882,583.7433,12.5954,0.0014,585.0114,124.0604,0.0728,0.000351,-0.007,-0.0082,-0.0695,ROTATE1
-503.992,-4.7368,263.7623,0.0807,568.8593,14.884,0.0075,585.6587,100.635,0.081,8.2e-05,-0.0063,0.0004,-0.0786,ROTATE1
-505.5936,-15.6332,232.6786,0.0714,556.7842,12.0751,0.0094,580.2715,237.6087,0.0824,4.2e-05,-0.0061,0.0104,-0.08,ROTATE1
-506.8749,-17.216,192.6116,0.0847,542.5106,14.2736,0.0133,569.6473,362.7214,0.0829,4.3e-05,-0.0036,0.0241,-0.0768,ROTATE1
-507.8999,-1.4384,124.6925,0.1041,522.9843,19.5263,0.0195,554.9764,440.4853,0.0858,0.000115,-0.0007,0.0414,-0.0696,ROTATE1
-508.7199,16.1462,4.9883,0.1269,509.0005,13.9838,0.0228,540.0278,474.2739,0.0936,0.000392,0.0033,0.062,-0.0604,ROTATE1
-497.7634,14.7763,-98.4093,0.1231,507.6132,1.3873,0.0039,527.7786,368.1203,0.102,0.000461,0.011,0.0792,-0.0546,ROTATE1
-500.6107,-62.7415,-107.8368,0.0597,515.9229,8.3097,0.0634,519.6063,161.1808,0.0997,0.000626,0.0197,0.0827,-0.0452,ROTATE1
-502.8886,-81.9338,-108.8539,0.0294,521.0175,5.0947,0.0303,515.3077,38.1794,0.0886,0.001448,0.0244,0.0696,-0.036,ROTATE1
-504.7109,-80.5408,-84.88,0.0514,518.097,2.9205,0.022,514.3302,26.9938,0.0781,0.001565,0.0233,0.0421,-0.0288,ROTATE1
-506.1687,-78.1639,-54.9852,0.0817,515.1114,2.9856,0.0303,515.5524,19.941,0.0691,0.00101,0.0164,0.0032,-0.0259,ROTATE1
-464.335,-84.2217,-32.0757,0.0997,473.0001,42.1113,0.018,508.6297,321.5518,0.0644,0.000593,0.0031,-0.0354,-0.0239,ROTATE1
-401.0117,-100.6211,-20.423,0.079,413.947,59.0531,0.0207,488.2346,1687.9156,0.0683,0.000617,-0.0091,-0.0549,-0.0307,ROTATE1
-365.4125,-157.9157,-64.8697,0.0895,403.3259,10.6212,0.0104,464.6962,2360.8174,0.0803,0.00026,-0.0126,-0.0662,-0.0391,ROTATE1
-394.73,-176.32,-81.7895,0.0837,439.9887,36.6629,0.0057,449.0746,1668.5466,0.0867,5.4e-05,-0.0137,-0.072,-0.0421,ROTATE1
-418.184,-180.4998,-73.8004,0.0849,461.4158,21.4271,0.0011,438.3355,711.5079,0.0874,4.9e-05,-0.0118,-0.0733,-0.0406,ROTATE1
-436.9472,-157.0905,-62.7778,0.0969,468.5524,7.1366,0.012,437.446,653.0017,0.0868,3.6e-05,-0.0039,-0.0751,-0.034,ROTATE1
-451.9578,-119.3817,-51.8004,0.104,470.3202,1.7678,0.0071,448.7206,631.5873,0.0918,5.9e-05,0.009,-0.0833,-0.0201,ROTATE1
-463.9662,-28.6866,-40.9778,0.114,466.6548,3.6653,0.01,461.3864,123.3562,0.0967,0.000132,0.0176,-0.0903,-0.0031,ROTATE1
-473.573,70.0663,-18.9072,0.1164,479.1014,12.4465,0.0025,469.2089,33.3565,0.1032,0.000133,0.0246,-0.0973,0.0042,ROTATE1
-481.2584,158.4499,14.0555,0.1167,506.8664,27.765,0.0003,478.299,222.1969,0.1096,6.2e-05,0.0238,-0.1038,0.0047,ROTATE1
-487.4067,229.1568,69.1194,0.1069,543.0061,36.1397,0.0098,493.1898,818.864,0.1116,2.7e-05,0.0191,-0.104,-0.0026,ROTATE1
-492.3253,257.0067,133.1017,0.0952,571.0978,28.0917,0.0117,513.3453,1521.948,0.1098,6.6e-05,0.0102,-0.0995,-0.0184,ROTATE1
-496.2603,236.4585,164.4658,0.084,573.7908,2.693,0.0112,534.7725,1357.5554,0.1039,0.00016,-0.0001,-0.0875,-0.038,ROTATE1
-499.4082,191.1168,176.4101,0.0743,563.0762,10.7147,0.0097,551.5675,615.8493,0.0954,0.000232,-0.009,-0.0674,-0.0533,ROTATE1
-501.9266,133.8591,166.8969,0.0736,545.6218,17.4544,0.0008,559.3185,163.2032,0.0868,0.000163,-0.0114,-0.0428,-0.064,ROTATE1
-503.9413,91.8622,144.5019,0.0856,532.237,13.3848,0.012,557.1647,252.0271,0.0825,6.4e-05,-0.016,-0.0193,-0.0705,ROTATE1
-505.553,57.8617,140.0952,0.0965,527.7864,4.4506,0.011,548.5024,310.7824,0.0828,7.1e-05,-0.0222,-0.0004,-0.0754,ROTATE1
-506.8424,38.005,174.6356,0.1046,537.4302,9.6437,0.0081,541.2303,154.517,0.0869,0.000149,-0.0225,0.0169,-0.0796,ROTATE1
-507.8739,-3.2679,166.9397,0.1109,534.6171,2.813,0.0063,535.5385,35.4188,0.0942,0.000179,-0.0189,0.03,-0.0845,ROTATE1
-508.6992,-43.5174,143.0018,0.1082,530.2057,4.4114,0.0027,532.4553,11.2659,0.1012,8.4e-05,-0.0138,0.0413,-0.0879,ROTATE1
-509.3593,-68.6077,128.9202,0.1038,529.8815,0.3242,0.0044,531.9842,12.3593,0.1048,2.4e-05,-0.0063,0.0527,-0.0867,ROTATE1
-509.8875,-96.5393,123.4799,0.1054,533.4345,3.553,0.0016,533.1138,7.9798,0.1066,7e-06,-0.0041,0.067,-0.0775,ROTATE1
-510.31,-159.9127,131.9464,0.1134,550.8159,17.3814,0.0081,535.7909,59.7595,0.1083,1.2e-05,-0.0099,0.0795,-0.0598,ROTATE1
-510.648,-184.477,163.5165,0.1162,567.0369,16.2209,0.0028,542.2749,212.7039,0.1094,2.2e-05,-0.0151,0.0916,-0.0408,ROTATE1
-510.9184,-84.7473,175.7663,0.1244,546.9127,20.1241,0.0082,545.6163,176.7077,0.1127,5.7e-05,-0.0176,0.1034,-0.0253,ROTATE1
-497.3035,6.1522,146.0006,0.1386,518.3288,28.5839,0.0142,543.3058,270.7737,0.1196,0.000127,-0.0185,0.1156,-0.0125,ROTATE1
-442.224,82.3249,79.9255,0.143,456.8671,61.4617,0.0043,527.9923,1511.1102,0.1271,0.000139,-0.0133,0.1253,-0.0021,ROTATE1
-325.6324,146.6443,-0.4127,0.1389,357.129,99.7381,0.0041,489.2549,5745.1929,0.1322,0.000103,-0.0073,0.1314,0.0026,ROTATE1
-286.2496,194.3154,-75.3114,0.1294,354.0751,3.054,0.0094,446.6625,6375.7944,0.1349,4.7e-05,-0.0027,0.134,-0.0013,ROTATE1
-331.3997,197.9523,-162.6492,0.1496,418.8862,64.8111,0.0202,421.0573,3864.4487,0.1399,4.3e-05,0.0011,0.1349,-0.0148,ROTATE1
-367.5198,191.0213,-232.5193,0.1606,475.0002,56.114,0.011,412.3915,2478.9702,0.1443,0.000109,0.0043,0.1329,-0.0327,ROTATE1
-396.4158,168.0451,-288.4155,0.178,518.2356,43.2354,0.0174,424.6652,4173.3047,0.1513,0.000287,0.0077,0.1309,-0.0586,ROTATE1
-419.5327,68.9642,-333.1324,0.1886,540.1304,21.8948,0.0105,461.2655,4587.9404,0.1612,0.000435,0.0136,0.1279,-0.0904,ROTATE1
-438.0261,-26.9599,-368.9059,0.1368,573.3108,33.1804,0.0517,505.1126,2878.2412,0.1627,0.00035,0.0185,0.1163,-0.109,ROTATE1
-452.8209,-113.8773,-397.5247,0.0846,613.2216,39.9108,0.0522,543.9797,2218.1001,0.1497,0.001366,0.0222,0.0912,-0.1096,ROTATE1
-464.6567,-129.9893,-420.4198,0.0733,639.9655,26.744,0.0113,576.9728,2020.5768,0.1323,0.002205,0.0213,0.0511,-0.0888,ROTATE1
-474.1254,-24.1321,-315.5389,0.1458,570.0369,69.9286,0.0725,587.3331,1232.8521,0.1258,0.001782,0.0172,-0.0042,-0.0607,ROTATE1
-481.7003,49.0725,-159.7499,0.1944,509.866,60.1709,0.0486,581.2802,1950.8268,0.127,0.001934,0.0126,-0.0651,-0.0459,ROTATE1
-487.7602,48.0236,-25.403,0.1871,490.7766,19.0894,0.0073,564.7733,3303.8286,0.137,0.002535,0.0103,-0.1149,-0.0334,ROTATE1
-492.6082,17.722,82.0744,0.151,499.713,8.9365,0.0361,542.0717,3165.5818,0.1503,0.001849,0.011,-0.1415,-0.0314,ROTATE1
-496.4865,-25.0349,158.4627,0.1244,521.7625,22.0494,0.0266,518.431,772.5511,0.1605,0.000693,0.017,-0.1456,-0.0477,ROTATE1
-499.5892,-77.3498,215.7264,0.0981,549.6456,27.8831,0.0262,514.3527,418.1554,0.151,0.001337,0.0249,-0.1295,-0.0655,ROTATE1
-502.0714,-141.7892,272.703,0.0586,588.6823,39.0367,0.0396,530.116,1270.6252,0.1238,0.001931,0.0287,-0.0979,-0.0618,ROTATE1
-504.0571,-212.2939,320.5593,0.0461,633.9562,45.274,0.0125,558.7519,2297.6506,0.0956,0.001544,0.0273,-0.0544,-0.0561,ROTATE1
-505.6457,-169.3945,300.2474,0.1144,611.9808,21.9754,0.0683,581.2055,1663.0338,0.0883,0.000949,0.02,-0.0099,-0.0288,ROTATE1
-506.9166,-57.5531,288.0792,0.1536,585.8894,26.0914,0.0391,594.0309,796.2365,0.0942,0.001506,0.0066,0.0315,0.0056,ROTATE1
-507.9333,-6.78,284.4915,0.1389,582.2178,3.6716,0.0147,600.5453,387.6975,0.1023,0.001837,-0.0068,0.0683,0.031,ROTATE1
-508.7466,13.3104,249.8682,0.1469,566.9518,15.2659,0.008,596.1993,566.3668,0.12,0.001539,-0.0154,0.1002,0.0515,ROTATE1
-509.3973,31.5671,193.9945,0.1629,545.9999,20.9519,0.0161,578.608,475.7894,0.1433,0.000271,-0.021,0.1231,0.0665,ROTATE1
-475.8241,49.1818,136.1738,0.1708,497.3637,48.6362,0.0079,555.6846,1047.6812,0.1546,0.000128,-0.0233,0.1374,0.062,ROTATE1
-434.0874,57.0204,88.9827,0.1024,446.7674,50.5963,0.0684,527.8602,2463.605,0.1444,0.000569,-0.0207,0.1348,0.0404,ROTATE1
-449.6699,10.7195,156.9675,0.1537,476.3997,29.6323,0.0513,506.6965,1954.3909,0.1473,0.000571,-0.0132,0.1414,0.029,ROTATE1
-462.1359,-37.6057,121.574,0.181,479.3371,2.9373,0.0273,489.1736,1070.9047,0.1542,0.000752,-0.0065,0.1505,0.0203,ROTATE1
-472.1087,-75.8439,80.6529,0.1765,484.9163,5.5793,0.0046,476.9568,279.4343,0.1569,0.000828,-0.0006,0.1551,0.0103,ROTATE1
-480.087,-112.8595,19.5317,0.2013,493.5608,8.6445,0.0249,476.1962,250.7058,0.163,0.001147,0.0056,0.1622,0.0052,ROTATE1
-486.4696,-144.4532,-75.084,0.1788,512.9883,19.4275,0.0225,489.4404,172.8167,0.1783,0.000229,0.0121,0.1772,0.0122,ROTATE1
-491.5757,-161.1751,-151.336,0.1293,539.0052,26.0169,0.0495,501.9615,473.36,0.1734,0.000564,0.0118,0.1687,0.0246,ROTATE1
-495.6605,-153.4463,-152.3781,0.1206,540.7811,1.7759,0.0087,514.2504,521.364,0.1613,0.000964,0.0087,0.1477,0.0414,ROTATE1
-498.9284,-161.4633,-126.4775,0.111,539.4409,1.3402,0.0096,525.1553,357.2628,0.1482,0.001253,0.0071,0.1205,0.0617,ROTATE1
-501.5427,-162.73,-107.8133,0.1086,538.1913,1.2496,0.0024,534.0814,111.9331,0.1297,0.000658,0.0054,0.0838,0.0794,ROTATE1
-503.6342,-179.5153,-97.3694,0.1018,543.4647,5.2734,0.0068,540.1766,3.4064,0.1143,9.3e-05,0.0001,0.0488,0.0944,ROTATE1
-505.3073,-174.8591,-107.0049,0.1111,545.3084,1.8437,0.0093,541.4373,6.8097,0.1106,3.6e-05,-0.0023,0.0246,0.1033,ROTATE1
-506.6459,-117.6279,-118.3226,0.1061,533.4104,11.898,0.005,539.9632,17.4367,0.1077,1.2e-05,0.0009,0.0044,0.105,ROTATE1
-507.7167,-61.8117,-95.08,0.0949,520.228,13.1824,0.0113,536.1206,80.5121,0.1045,3.3e-05,0.0039,-0.0118,0.1011,ROTATE1
-508.5734,-25.19,-86.5827,0.0924,516.5056,3.7224,0.0025,531.7834,137.7934,0.1013,4.8e-05,0.0062,-0.0259,0.0943,ROTATE1
-509.2587,-16.2395,-82.5474,0.0907,516.161,0.3445,0.0017,526.3226,129.495,0.099,6.5e-05,0.0096,-0.0389,0.0867,ROTATE1
-509.8069,-24.501,-117.4286,0.102,523.7298,7.5688,0.0113,522.007,40.1224,0.0972,3.5e-05,0.0112,-0.0539,0.0759,ROTATE1
-510.2455,-21.782,-164.1272,0.1112,536.4352,12.7054,0.0092,522.6119,55.3835,0.0982,5.7e-05,0.0062,-0.0692,0.0638,ROTATE1
-510.5964,-21.9881,-188.3487,0.1175,544.6719,8.2367,0.0063,527.5007,127.6751,0.1028,0.000108,0.0012,-0.0836,0.0532,ROTATE1
-510.8771,-20.853,-144.7227,0.1257,531.3896,13.2822,0.0082,530.4775,97.6599,0.1094,0.000148,-0.0064,-0.0968,0.045,ROTATE1
-511.1017,-12.1918,-63.7532,0.1393,515.2068,16.1829,0.0136,530.2867,103.2701,0.1192,0.000162,-0.0163,-0.1101,0.0377,ROTATE1
-511.2814,-14.0565,6.2162,0.137,511.5123,3.6945,0.0023,527.8431,159.196,0.1262,0.000118,-0.0253,-0.1191,0.0253,ROTATE1
-511.4251,-47.9577,32.1605,0.1373,514.6746,3.1622,0.0003,523.4911,160.1729,0.1314,7.1e-05,-0.0296,-0.1241,0.0091,ROTATE1
-511.5401,-117.0599,16.1878,0.1466,525.0127,10.3381,0.0092,519.5592,55.4511,0.1372,4.5e-05,-0.0339,-0.1278,-0.0085,ROTATE1
-511.6321,-161.8761,-15.4185,0.1357,536.851,11.8383,0.0109,520.6515,86.0671,0.1392,1.5e-05,-0.0329,-0.1297,-0.0224,ROTATE1
-511.7057,-215.6946,-15.4067,0.148,555.5215,18.6706,0.0123,528.7144,258.3115,0.1409,2.7e-05,-0.0215,-0.133,-0.0263,ROTATE1
-511.7645,-212.937,-8.041,0.1555,554.3552,1.1663,0.0076,537.283,257.1988,0.1446,5.3e-05,-0.0103,-0.1375,-0.0198,ROTATE1
-511.8116,-220.7058,3.2297,0.1542,557.3801,3.0249,0.0014,545.8241,162.7989,0.148,5e-05,-0.0001,-0.1427,-0.0094,ROTATE1
-511.8493,-263.0584,13.2213,0.1492,575.6425,18.2623,0.005,555.9501,151.4677,0.1485,4.9e-05,0.0088,-0.146,0.0036,ROTATE1
-511.8795,-311.3311,33.3051,0.1501,600.0474,24.4049,0.001,568.5894,307.6755,0.1514,9e-06,0.0138,-0.15,0.0131,ROTATE1
-511.9036,-349.3743,62.4847,0.1427,622.9061,22.8587,0.0075,582.0663,681.9564,0.1503,2e-05,0.0133,-0.1488,0.0153,ROTATE1
-511.9229,-359.3838,83.844,0.1407,631.0717,8.1656,0.002,597.4095,773.2665,0.1474,2.5e-05,0.0141,-0.1448,0.0188,ROTATE1
-511.9383,-313.7664,104.1127,0.1547,609.4011,21.6707,0.014,607.8137,373.3079,0.1475,2.6e-05,0.0149,-0.1406,0.0318,ROTATE1
-511.9506,-245.8506,124.1746,0.1564,581.3392,28.0618,0.0017,608.9531,305.1914,0.1489,3.9e-05,0.016,-0.1366,0.0475,ROTATE1
-511.9605,-181.5774,133.9553,0.1408,559.48,21.8592,0.0156,600.8396,713.0172,0.1471,4.9e-05,0.019,-0.1293,0.0617,ROTATE1
-511.9684,-136.5338,129.3111,0.127,545.4122,14.0678,0.0139,585.3408,989.859,0.1439,0.000116,0.0223,-0.1205,0.0734,ROTATE1
-511.9747,-93.1302,111.2176,0.1192,532.1285,13.2838,0.0077,565.5522,746.3175,0.1396,0.000217,0.0256,-0.1109,0.0798,ROTATE1
-477.0861,-43.2916,87.1866,0.1142,486.9156,45.2129,0.005,541.0551,998.4091,0.1315,0.000235,0.0288,-0.0994,0.08,ROTATE1
-422.8907,12.0604,62.1305,0.1025,427.6005,59.3151,0.0117,510.3073,2302.8123,0.1207,0.000164,0.0313,-0.0874,0.0765,ROTATE1
-355.9595,62.789,38.4951,0.0847,363.4989,64.1016,0.0178,471.1111,4593.4219,0.1095,0.000217,0.0318,-0.0776,0.0701,ROTATE1
-316.6707,76.5718,63.8461,0.1273,331.9938,31.5051,0.0425,428.4274,5538.1206,0.1096,0.000219,0.0283,-0.0815,0.045,ROTATE1
-267.3772,-1.2519,122.7175,0.1584,294.1967,37.7971,0.0311,380.8411,4726.4595,0.1174,0.000615,0.0217,-0.0951,0.0211,ROTATE1
-276.4893,-34.7203,119.1021,0.1114,303.0464,8.8497,0.047,344.0673,2334.1895,0.1169,0.00062,0.0152,-0.1012,-0.0021,ROTATE1
-323.5914,-25.2012,107.6192,0.0985,341.9479,38.9016,0.0129,326.9368,646.0724,0.116,0.000645,0.0098,-0.1057,-0.0236,ROTATE1
-361.2731,-10.6016,74.511,0.0735,369.0292,27.0813,0.0249,328.0428,731.8454,0.1138,0.000805,0.007,-0.1056,-0.0405,ROTATE1
-391.4185,2.8406,33.9182,0.0583,392.8956,23.8664,0.0152,340.2232,1421.5397,0.1,0.001195,0.0053,-0.0924,-0.0363,ROTATE1
-415.5348,18.5631,1.397,0.0651,415.9516,23.056,0.0067,364.5742,1551.8416,0.0814,0.000411,0.0067,-0.073,-0.0344,ROTATE1
-434.8279,43.3286,-5.0418,0.0855,437.0103,21.0587,0.0204,391.3669,1126.255,0.0762,0.000207,0.0081,-0.0674,-0.034,ROTATE1
-450.2623,57.4066,35.601,0.0921,455.3011,18.2907,0.0066,414.0375,941.3643,0.0749,0.000156,0.0108,-0.0666,-0.0315,ROTATE1
-462.6098,76.1316,81.887,0.0968,475.93,20.6289,0.0047,435.4177,845.2366,0.0795,0.00023,0.0107,-0.0717,-0.0317,ROTATE1
-472.4879,85.2052,135.4877,0.0833,498.8603,22.9304,0.0135,456.6107,839.4632,0.0845,0.000118,0.0102,-0.0754,-0.0354,ROTATE1
-480.3903,96.0923,170.2433,0.0762,518.6437,19.7834,0.0071,477.1491,856.625,0.0868,5.1e-05,0.0076,-0.0726,-0.0414,ROTATE1
-486.7122,136.6957,109.3853,0.0921,517.2424,1.4014,0.0159,493.1955,598.4086,0.0881,5.5e-05,0.0022,-0.0634,-0.0513,ROTATE1
-491.7698,189.0535,87.277,0.1026,534.0375,16.7951,0.0105,508.9428,396.8475,0.0902,8.9e-05,-0.0061,-0.0487,-0.0661,ROTATE1
-495.8158,211.1147,75.3372,0.1102,544.1309,10.0934,0.0076,522.5829,240.4642,0.0929,0.000153,-0.0153,-0.0291,-0.0798,ROTATE1
-499.0527,205.4886,62.1916,0.1141,543.2743,0.8566,0.0039,531.4657,134.6338,0.099,0.000187,-0.0224,-0.0115,-0.0919,ROTATE1
-501.6422,202.8565,59.7252,0.1268,544.392,1.1177,0.0127,536.6154,108.6518,0.1091,0.000134,-0.027,0.0008,-0.1036,ROTATE1
-503.7137,188.4571,89.2833,0.1336,545.1743,0.7823,0.0069,542.2018,17.0321,0.1174,0.000127,-0.0297,0.0123,-0.1121,ROTATE1
-505.371,167.0282,135.2548,0.13,549.174,3.9997,0.0036,545.2291,4.2587,0.1229,8.4e-05,-0.0289,0.0246,-0.1161,ROTATE1
-506.6968,139.9694,167.0819,0.1373,551.5881,2.4141,0.0073,546.7206,9.8805,0.1284,6.3e-05,-0.025,0.0379,-0.1179,ROTATE1
-507.7574,104.7693,181.2562,0.1474,549.2249,2.3632,0.0101,547.9107,7.3431,0.135,5.1e-05,-0.0202,0.0546,-0.1175,ROTATE1
-508.6059,49.4654,179.2643,0.1595,541.5372,7.6877,0.0121,547.3397,12.6652,0.1416,0.000114,-0.0156,0.0752,-0.1135,ROTATE1
-509.2847,-54.2183,168.6146,0.1679,539.2045,2.3327,0.0084,546.1458,23.5383,0.1484,0.000193,-0.0081,0.0966,-0.1085,ROTATE1
-509.8278,-145.7746,144.3385,0.1727,549.5528,10.3483,0.0048,546.2215,24.0201,0.157,0.00017,-0.001,0.1156,-0.1034,ROTATE1
-510.2622,-179.9291,99.1208,0.1773,550.0609,0.5081,0.0046,545.916,21.1148,0.165,0.000112,0.0041,0.131,-0.0986,ROTATE1
-510.6098,-104.1089,55.5529,0.1699,524.0679,25.993,0.0074,540.8846,89.0785,0.1695,3.5e-05,0.0057,0.1405,-0.0933,ROTATE1
-434.1691,-30.8965,13.4173,0.1639,435.4738,88.5941,0.006,519.672,1861.3037,0.1703,2e-05,0.0072,0.1458,-0.0865,ROTATE1
-331.5259,30.6016,-32.488,0.1537,334.5166,100.9572,0.0102,478.7344,6965.6162,0.1675,6.7e-05,0.0071,0.1472,-0.0786,ROTATE1
-218.7364,74.625,-69.731,0.1394,241.4061,93.1105,0.0143,417.105,13429.3359,0.1608,0.000175,0.004,0.1432,-0.0726,ROTATE1
-110.0297,94.8312,-69.6442,0.1232,161.0895,80.3166,0.0162,339.3108,16950.7305,0.15,0.000286,0.0016,0.1323,-0.0697,ROTATE1
-137.2738,129.5963,-79.6966,0.1417,204.9166,43.8272,0.0185,275.4805,9661.75,0.1444,0.000189,0.0054,0.1197,-0.0759,ROTATE1
-212.219,195.202,-96.9542,0.1511,304.2053,99.2886,0.0093,249.2268,4017.9446,0.1418,0.000116,0.0081,0.1098,-0.0848,ROTATE1
-272.1752,166.8991,-127.1446,0.1856,343.6574,39.4521,0.0345,251.055,4343.1602,0.1482,0.000429,0.0104,0.1032,-0.1024,ROTATE1
-320.1402,82.9318,-168.8063,0.1945,371.2991,27.6417,0.0089,277.0336,6541.3813,0.1592,0.000721,0.0137,0.099,-0.1225,ROTATE1
-358.5121,-10.6796,-205.5357,0.1714,413.3883,42.0893,0.0231,327.4933,5025.1104,0.1689,0.000399,0.017,0.0967,-0.1368,ROTATE1
-389.2097,-93.2437,-224.141,0.1216,458.7132,45.3248,0.0498,378.2526,2887.322,0.1648,0.000682,0.0168,0.09,-0.1364,ROTATE1
-413.7678,-150.7574,-206.3316,0.0662,486.317,27.6039,0.0554,414.675,2799.7134,0.1478,0.002302,0.0156,0.0732,-0.1266,ROTATE1
-407.908,-156.5247,-148.8871,0.0311,461.5802,24.7369,0.0351,438.2596,1674.8015,0.1169,0.00379,0.013,0.0506,-0.1026,ROTATE1
-358.2982,-103.026,-67.1253,0.0079,378.8111,82.7691,0.0231,439.762,1482.6277,0.0796,0.003572,0.0099,0.0288,-0.0707,ROTATE1
-219.0542,-35.1864,6.0841,0.0074,221.9456,156.8654,0.0005,401.4734,9366.293,0.0468,0.001856,0.0071,0.0125,-0.0422,ROTATE1
-72.8465,26.6852,79.1735,0.0323,110.8475,111.0981,0.0248,331.9003,20763.2793,0.029,0.000461,0.0029,0.0072,-0.0239,ROTATE1
44.1197,49.8857,133.3982,0.0601,149.098,38.2505,0.0279,264.4565,18129.041,0.0278,0.000377,-0.0017,0.0132,-0.0185,ROTATE1
137.6926,28.3398,155.5342,0.0699,209.6504,60.5524,0.0098,214.0705,8419.4863,0.0355,0.000669,-0.0056,0.0248,-0.0212,ROTATE1
212.5509,-11.7063,163.7899,0.0559,268.5927,58.9424,0.0139,192.0268,3100.207,0.0451,0.000508,-0.0099,0.0352,-0.0255,ROTATE1
272.4376,-34.7119,175.8038,0.0371,326.0892,57.4964,0.0189,212.8555,6081.8872,0.051,0.000202,-0.0152,0.04,-0.0237,ROTATE1
320.347,18.1867,192.0586,0.0325,373.9512,47.862,0.0046,265.4763,6422.1758,0.0511,0.0002,-0.018,0.0367,-0.0156,ROTATE1
358.6745,99.4681,204.6782,0.0198,424.7758,50.8246,0.0128,320.6119,5748.7275,0.043,0.000315,-0.0177,0.0261,-0.0054,ROTATE1
389.3365,177.2651,209.8144,0.035,476.4744,51.6987,0.0153,373.9767,5297.0645,0.0361,0.000135,-0.0135,0.0114,-0.0022,ROTATE1
413.8661,190.5965,216.814,0.0777,504.5993,28.1249,0.0427,421.178,4260.4023,0.0404,0.000384,-0.0063,-0.0024,-0.0114,ROTATE1
400.1085,192.4491,133.6262,0.1709,463.6587,40.9406,0.0932,448.6919,2055.9341,0.0672,0.00307,0.0046,0.0199,-0.0306,ROTATE1
389.4431,166.8311,51.7479,0.1368,426.8212,36.8375,0.0341,459.2659,922.5549,0.088,0.003363,0.0213,0.0172,-0.0595,ROTATE1
364.1482,132.0337,75.2045,0.0666,394.5789,32.2423,0.0702,453.2265,1485.0479,0.0974,0.002435,0.028,0.0094,-0.0711,ROTATE1
393.6779,105.8738,93.6074,0.0629,418.275,23.696,0.0038,441.5866,1485.79,0.103,0.001865,0.0317,0.0085,-0.076,ROTATE1
417.3392,95.1647,96.8046,0.0551,438.8616,20.5866,0.0077,428.4391,520.2979,0.0984,0.002175,0.0324,0.01,-0.0713,ROTATE1
436.2683,84.1942,87.4781,0.0585,452.8478,13.9862,0.0034,426.2769,386.6951,0.076,0.00094,0.0313,-0.02,-0.0632,ROTATE1
451.4115,63.3585,75.3481,0.0512,462.0216,9.1739,0.0073,433.317,592.6104,0.0589,3e-05,0.0228,-0.0214,-0.0482,ROTATE1
463.5261,47.5462,66.3347,0.0431,470.6563,8.6347,0.0081,448.5325,339.8172,0.0542,4.5e-05,0.0215,-0.0152,-0.0471,ROTATE1
473.2178,46.5713,58.7459,0.032,479.119,8.4627,0.0111,460.7013,195.7416,0.048,9e-05,0.0189,-0.013,-0.0419,ROTATE1
480.9711,34.5133,45.0624,0.0289,484.3088,5.1898,0.0031,469.7907,129.1925,0.0428,0.000125,0.016,-0.0118,-0.0374,ROTATE1
487.1738,38.5419,24.7593,0.0288,489.3228,5.014,0.0001,477.0857,94.8631,0.0368,7.9e-05,0.0121,-0.0132,-0.0316,ROTATE1
492.1359,55.196,16.8449,0.0351,495.5079,6.1852,0.0062,483.783,72.5003,0.0336,2.8e-05,0.0079,-0.0179,-0.0248,ROTATE1
496.1056,74.2381,33.8259,0.0564,502.7686,7.2607,0.0214,490.2054,68.8813,0.0363,0.000107,0.0033,-0.0261,-0.0166,ROTATE1
499.2814,94.8436,59.342,0.0757,511.6626,8.8941,0.0193,496.7141,94.0188,0.045,0.000338,-0.0015,-0.038,-0.0092,ROTATE1
501.822,110.9186,88.0173,0.0934,521.4166,9.754,0.0177,504.1357,130.2033,0.0579,0.000589,-0.0067,-0.054,-0.0015,ROTATE1
503.8545,118.3786,119.7451,0.1079,531.2455,9.8289,0.0145,512.5202,163.0062,0.0737,0.00067,-0.0132,-0.0713,0.0061,ROTATE1
505.4805,117.0623,189.9149,0.1375,552.5231,21.2776,0.0297,523.9232,295.1384,0.0942,0.000767,-0.0201,-0.0907,0.014,ROTATE1
506.7812,88.9498,254.3288,0.1174,573.9534,21.4303,0.0201,538.1603,503.545,0.1064,0.000441,-0.0238,-0.1024,0.0142,ROTATE1
507.8219,80.638,264.2974,0.0805,578.1338,4.1804,0.0369,551.4545,505.9607,0.1073,0.000386,-0.023,-0.1036,0.0103,ROTATE1
508.6544,90.0635,237.041,0.0493,568.3566,9.7772,0.0313,560.8425,294.5082,0.0985,0.000944,-0.0202,-0.095,0.0102,ROTATE1
509.3204,74.5696,193.2328,0.0471,549.8244,18.5322,0.0022,564.5582,129.7845,0.0864,0.001308,-0.0127,-0.0827,0.0109,ROTATE1
509.8532,42.9463,151.5706,0.0494,533.6369,16.1875,0.0023,560.781,277.7738,0.0688,0.000746,-0.0043,-0.065,0.0103,ROTATE1
510.2795,11.857,126.3222,0.055,525.8165,7.8204,0.0055,551.1537,394.8882,0.0563,0.000154,0.0015,-0.0504,0.0168,ROTATE1
490.8423,-10.6269,116.8452,0.0646,504.6701,21.1464,0.0096,536.4609,465.5694,0.0531,4e-05,0.0021,-0.0435,0.0276,ROTATE1
478.9739,-24.5421,108.2231,0.0799,491.661,13.0092,0.0153,521.1218,428.2209,0.0592,0.000143,0.0005,-0.0431,0.038,ROTATE1
474.4229,-30.1337,85.5972,0.0978,483.0238,8.6372,0.0179,507.7617,375.2518,0.0693,0.00031,-0.0065,-0.0437,0.051,ROTATE1
481.9352,-36.3788,47.8246,0.1177,485.6667,2.6429,0.0198,498.1676,246.9381,0.083,0.000511,-0.0131,-0.0442,0.0671,ROTATE1
487.945,-45.9812,7.1222,0.1495,490.1585,4.4918,0.0318,491.036,56.0151,0.1019,0.000881,-0.0186,-0.0479,0.0869,ROTATE1
492.7529,-48.5162,-36.7585,0.1711,496.4982,6.3397,0.0217,489.4016,22.1331,0.1232,0.001107,-0.0226,-0.0495,0.1099,ROTATE1
496.5992,-29.2317,-65.9193,0.1614,501.8074,5.3092,0.0097,491.4309,47.7749,0.1395,0.000759,-0.0239,-0.0509,0.1273,ROTATE1
499.6763,18.7896,-59.1323,0.1479,503.5137,1.7063,0.0135,495.5289,46.0442,0.1495,0.000325,-0.0225,-0.0521,0.1381,ROTATE1
502.1379,40.3098,-44.0777,0.1247,505.678,2.1643,0.0232,499.5312,31.1743,0.1509,0.000243,-0.0186,-0.0499,0.1409,ROTATE1
504.1072,12.4104,-54.7622,0.1302,507.2248,1.5468,0.0054,502.9444,13.7929,0.1471,0.000314,-0.0121,-0.0392,0.1399,ROTATE1
505.6826,-0.553,-96.9816,0.1464,514.8987,7.674,0.0163,506.6245,20.5202,0.1421,0.000174,-0.005,-0.0261,0.1369,ROTATE1
506.943,35.7733,-148.229,0.1638,529.3796,14.4809,0.0174,512.139,89.0292,0.1426,0.000193,0.0025,-0.0122,0.139,ROTATE1
507.9513,104.1811,-197.727,0.1653,554.9452,25.5656,0.0015,522.4252,334.8167,0.1461,0.000278,0.0097,0.001,0.1442,ROTATE1
508.7579,163.7043,-238.8066,0.1414,585.3737,30.4285,0.0239,538.3644,817.1662,0.1494,0.000181,0.0157,0.0093,0.148,ROTATE1
509.4032,208.3197,-270.2953,0.1107,613.1462,27.7726,0.0307,559.5486,1292.9216,0.1455,0.000391,0.0192,0.0112,0.1436,ROTATE1
509.9195,239.5714,-298.4268,0.0783,637.5507,24.4045,0.0324,584.0791,1509.3208,0.1319,0.001109,0.0214,0.0079,0.1295,ROTATE1
510.3325,190.4196,-293.5883,0.0358,618.7834,18.7673,0.0425,601.9598,832.0718,0.1063,0.002096,0.0213,-0.0013,0.0998,ROTATE1
470.8097,74.3075,-198.1051,0.0749,516.1677,102.6158,0.0391,594.2044,1801.9082,0.0882,0.00127,0.0157,-0.0191,0.0666,ROTATE1
476.3009,-4.2227,-99.1872,0.096,486.5373,29.6304,0.0211,574.4371,3714.0066,0.0791,0.000635,0.0073,-0.0394,0.0418,ROTATE1
478.6032,-39.0219,-4.8154,0.0898,480.2155,6.3217,0.0062,547.851,4483.0439,0.075,0.000441,-0.0008,-0.056,0.0279,ROTATE1
457.9576,-48.8863,41.7696,0.0809,462.4497,17.7658,0.0089,512.8307,3106.0913,0.0755,0.000446,-0.0077,-0.0659,0.0249,ROTATE1
429.2755,-37.9934,65.875,0.089,435.9592,26.4905,0.0081,476.2659,705.7535,0.0861,5.5e-05,-0.0131,-0.0667,0.0385,ROTATE1
422.2079,-4.8135,79.2625,0.1074,429.6105,6.3487,0.0184,458.9545,522.9817,0.0926,7.7e-05,-0.0138,-0.0565,0.0598,ROTATE1
354.5445,41.3961,73.71,0.1619,364.484,65.1266,0.0546,434.5438,1559.8732,0.1058,0.000862,-0.0053,-0.0228,0.085,ROTATE1
246.2418,105.5138,53.6493,0.1259,273.215,91.269,0.036,393.1437,4634.1196,0.113,0.00084,0.0006,0.0024,0.1007,ROTATE1
266.606,126.836,73.0007,0.1122,304.1302,30.9153,0.0137,361.4798,4255.5298,0.1193,0.000594,0.0033,0.0138,0.111,ROTATE1
315.6816,130.3782,96.213,0.1085,354.8384,50.7082,0.0037,345.2556,2891.6919,0.1232,0.000419,0.0041,0.0187,0.1163,ROTATE1
354.9422,127.4088,113.4486,0.0996,393.8116,38.9731,0.0089,338.0959,1888.8148,0.1216,0.000477,0.0046,0.0213,0.1152,ROTATE1
386.3506,123.077,129.4057,0.0948,425.6297,31.8181,0.0048,350.325,3132.4302,0.1082,0.000117,-0.0031,0.0042,0.1056,ROTATE1
411.4774,122.6679,139.3496,0.0894,451.4193,25.7896,0.0054,385.9658,2716.9822,0.1009,7.1e-05,-0.0086,-0.0062,0.1,ROTATE1
431.5788,121.5531,137.6391,0.0844,469.0202,17.6009,0.0051,418.9438,1669.6266,0.0954,7e-05,-0.0121,-0.0072,0.0942,ROTATE1
447.6599,111.4299,125.03,0.0778,477.9629,8.9427,0.0065,443.5688,937.9912,0.0892,5.9e-05,-0.0148,-0.0029,0.0874,ROTATE1
460.5248,110.5533,108.899,0.0792,485.9672,8.0043,0.0014,461.9998,462.6556,0.0851,4e-05,-0.0165,0.0043,0.0822,ROTATE1
470.8168,99.777,83.0504,0.0686,488.3864,2.4192,0.0106,474.5512,179.8108,0.0799,4.9e-05,-0.0165,0.015,0.0738,ROTATE1
479.0503,73.9654,52.8935,0.0691,487.6041,0.7823,0.0005,481.7882,54.496,0.0758,3.7e-05,-0.0161,0.0271,0.0643,ROTATE1
485.6371,72.0254,29.4367,0.0715,491.8309,4.2267,0.0024,486.3503,21.2499,0.0733,2e-05,-0.0153,0.0386,0.056,ROTATE1
490.9066,83.6641,21.815,0.0779,498.4625,6.6316,0.0064,490.4503,19.7119,0.0733,2e-05,-0.013,0.0479,0.0513,ROTATE1
495.1222,102.8469,6.8176,0.0841,505.737,7.2745,0.0062,494.4042,46.7958,0.0742,3.5e-05,-0.0082,0.057,0.0456,ROTATE1
498.4946,125.7619,-6.5303,0.0845,514.1552,8.4182,0.0004,499.558,91.0125,0.0774,4e-05,-0.0056,0.0633,0.0432,ROTATE1
501.1926,145.4033,-9.0117,0.0847,521.9362,7.7809,0.0002,506.4244,115.4431,0.0805,2.7e-05,-0.0039,0.0687,0.0396,ROTATE1
503.351,146.5445,2.2156,0.1047,524.2541,2.3179,0.02,512.909,94.3786,0.0872,8.4e-05,-0.0054,0.0776,0.0342,ROTATE1
505.0776,140.27,10.4787,0.1272,524.2985,0.0444,0.0225,518.0762,51.8824,0.0971,0.00029,-0.009,0.0908,0.0247,ROTATE1
506.459,138.1004,10.7142,0.1303,525.0592,0.7607,0.003,521.9406,16.2499,0.1063,0.000391,-0.0149,0.1021,0.0162,ROTATE1
507.5641,107.0178,26.6526,0.1038,519.4078,5.6514,0.0265,522.9911,4.3069,0.1101,0.000283,-0.0203,0.107,0.006,ROTATE1
508.4482,67.2736,44.8471,0.0945,514.8364,4.5714,0.0092,521.5712,15.3681,0.1121,0.000198,-0.0244,0.109,0.0003,ROTATE1
509.1554,28.8064,49.8589,0.0978,512.4011,2.4352,0.0033,519.2006,25.1268,0.1107,0.000226,-0.0246,0.1077,-0.0029,ROTATE1
509.7212,9.1576,45.7934,0.1097,511.856,0.5451,0.0119,516.7121,24.5251,0.1072,0.00016,-0.0225,0.1044,-0.0007,ROTATE1
510.1738,31.7573,36.2816,0.1211,512.4473,0.5912,0.0114,514.1897,7.8655,0.1054,8.9e-05,-0.0193,0.1012,0.008,ROTATE1
510.5359,74.9277,20.2347,0.1163,516.4016,3.9543,0.0048,513.5885,3.0368,0.1079,0.000106,-0.0157,0.1029,0.019,ROTATE1
510.8257,105.0828,9.8659,0.0925,521.6154,5.2138,0.0238,514.9443,13.7734,0.1075,0.000117,-0.0138,0.1014,0.0273,ROTATE1
511.0574,117.1288,2.7146,0.0671,524.3149,2.6996,0.0254,517.327,24.3642,0.1014,0.000387,-0.0124,0.095,0.0309,ROTATE1
511.2428,148.2436,5.7716,0.0507,532.3333,8.0183,0.0164,521.4225,46.6425,0.0896,0.000747,-0.0124,0.0831,0.0283,ROTATE1
511.3911,172.4137,19.4673,0.0465,540.0244,7.6911,0.0042,526.9379,69.3178,0.0746,0.000696,-0.0142,0.0688,0.0165,ROTATE1
511.5098,183.5028,40.4957,0.0578,544.9362,4.9118,0.0113,532.6448,79.3335,0.0629,0.000268,-0.0156,0.0566,0.0019,ROTATE1
507.5609,189.6804,60.6497,0.0778,545.2294,0.2933,0.02,537.3677,64.3733,0.06,0.000128,-0.0153,0.0521,-0.0145,ROTATE1
508.4456,138.6724,73.8073,0.1233,532.1603,13.0692,0.0455,538.9367,33.2601,0.0712,0.000793,-0.0146,0.0533,-0.0381,ROTATE1
509.1534,31.2067,86.9708,0.1621,517.4698,14.6905,0.0389,535.964,107.8677,0.0935,0.001866,-0.0129,0.0532,-0.0692,ROTATE1
455.5446,-77.4346,125.2329,0.176,478.7487,38.7211,0.0139,523.7088,609.1011,0.1194,0.002115,-0.009,0.0523,-0.1008,ROTATE1
466.8326,-148.6915,128.2269,0.0955,506.4424,27.6938,0.0806,516.0101,519.3367,0.1269,0.001413,-0.0027,0.0564,-0.1082,ROTATE1
475.8629,-144.4626,96.6128,0.1039,506.6053,0.1629,0.0084,508.2853,306.6002,0.1322,0.00101,0.0007,0.0648,-0.1006,ROTATE1
483.0872,-99.6013,50.5652,0.1252,495.8332,10.7722,0.0213,501.0199,170.8221,0.1326,0.001003,0.003,0.0749,-0.0737,ROTATE1
488.8667,-46.156,-10.9134,0.1175,491.162,4.6712,0.0077,495.7583,108.4538,0.1236,0.000794,0.0048,0.0886,-0.0384,ROTATE1
493.4902,-27.0717,-71.8307,0.0937,499.4248,8.2628,0.0238,499.8936,36.1766,0.1072,0.000152,0.0036,0.0999,-0.005,ROTATE1
497.1891,-34.6667,-115.0271,0.0836,511.4978,12.073,0.0101,500.9046,53.5085,0.1048,0.00023,-0.0011,0.1018,0.0017,ROTATE1
500.1482,-53.1334,-154.5279,0.0787,526.1656,14.6678,0.0049,504.8167,159.328,0.0998,0.000341,-0.0036,0.0941,-0.0056,ROTATE1
502.5154,-72.4036,-181.6817,0.0837,539.233,13.0674,0.0049,513.4966,304.7425,0.0915,0.000194,-0.006,0.081,-0.0246,ROTATE1
504.4092,-88.7916,-170.5954,0.0823,539.829,0.596,0.0013,523.2301,248.9149,0.0844,2.5e-05,-0.0094,0.0672,-0.0422,ROTATE1
505.9243,-76.5489,-166.4482,0.0723,538.0744,1.7546,0.01,530.96,119.8962,0.0801,1.8e-05,-0.0083,0.0546,-0.0543,ROTATE1
507.1363,-68.2954,-174.6273,0.0658,540.6905,2.6161,0.0066,536.7985,28.9891,0.0766,4.5e-05,-0.0044,0.0443,-0.0596,ROTATE1
508.1059,-67.6832,-179.1456,0.0604,542.9971,2.3066,0.0053,540.1648,2.7298,0.0729,8.2e-05,0.0002,0.0352,-0.0618,ROTATE1
508.8816,-89.0309,-186.3727,0.0523,549.201,6.204,0.0081,542.1584,14.9124,0.0666,0.000105,0.0057,0.0278,-0.0587,ROTATE1
509.5022,-107.6185,-183.8232,0.0467,552.2365,3.0355,0.0056,544.6399,27.983,0.0595,8.4e-05,0.0116,0.0215,-0.0538,ROTATE1
509.9987,-118.1229,-177.3179,0.0433,552.7145,0.478,0.0034,547.5679,23.8283,0.0537,7e-05,0.0146,0.0187,-0.0479,ROTATE1
510.3958,-149.6921,-167.5106,0.039,557.6481,4.9337,0.0043,550.9594,23.1882,0.0483,5.6e-05,0.0153,0.0187,-0.0413,ROTATE1
510.7135,-148.5506,-164.0335,0.0241,556.5991,1.049,0.0149,553.6798,9.4688,0.0411,9.1e-05,0.0127,0.0178,-0.034,ROTATE1
510.9677,-111.3498,-154.9174,0.03,545.423,11.1761,0.006,552.9243,18.5212,0.0366,7.1e-05,0.0076,0.0129,-0.0303,ROTATE1
473.2867,-77.7642,-142.3277,0.0695,500.3046,45.1183,0.0395,542.5378,464.3145,0.0412,0.000246,0.0006,0.0037,-0.0337,ROTATE1
404.1106,-55.9833,-114.4653,0.1038,423.7238,76.5809,0.0342,516.7397,2601.4163,0.0533,0.000883,-0.0098,-0.0102,-0.0429,ROTATE1
328.7604,-37.4241,-75.7597,0.1118,339.4458,84.2779,0.008,473.0993,6648.8516,0.0679,0.001315,-0.0221,-0.0273,-0.0536,ROTATE1
304.027,-15.5299,-43.6984,0.0837,307.5438,31.9021,0.0282,423.2882,8254.9883,0.0798,0.00084,-0.0306,-0.0394,-0.0614,ROTATE1
345.6185,25.6979,-22.2275,0.0504,347.2846,39.7408,0.0332,383.6605,4856.5635,0.0839,0.0005,-0.0346,-0.0462,-0.0568,ROTATE1
378.8917,66.3709,-24.8039,0.0321,385.4598,38.1752,0.0183,360.6915,1608.4677,0.0764,0.000938,-0.0306,-0.0444,-0.0404,ROTATE1
405.5103,81.2248,-62.7525,0.0401,418.2988,32.8391,0.008,359.6065,1476.3983,0.0636,0.000889,-0.0198,-0.0363,-0.0172,ROTATE1
426.8051,96.4111,-141.4676,0.0485,459.8595,41.5607,0.0084,383.6893,2825.2593,0.051,0.00031,-0.0057,-0.0259,0.0072,ROTATE1
443.8409,121.0289,-215.5741,0.0526,508.0501,48.1906,0.0041,423.7905,3150.6431,0.0447,5.8e-05,0.0068,-0.0203,0.0276,ROTATE1
457.4696,146.7137,-274.8593,0.0485,553.4898,45.4397,0.004,465.0316,3643.5657,0.0444,5.4e-05,0.0173,-0.0176,0.0352,ROTATE1
468.3726,90.5366,-322.2874,0.116,575.7073,22.2175,0.0675,503.0811,3379.2878,0.0611,0.000769,0.0165,-0.0199,0.0084,ROTATE1
477.095,-0.0395,-360.2299,0.0976,597.817,22.1097,0.0184,538.9847,2447.5874,0.0726,0.000814,0.005,-0.0283,-0.0126,ROTATE1
484.0729,-59.4034,-369.2058,0.095,611.6929,13.8759,0.0026,569.3514,1330.5857,0.0819,0.00071,-0.0074,-0.0393,-0.0325,ROTATE1
489.6552,-100.404,-360.2865,0.0894,616.157,4.4641,0.0056,590.9728,549.6844,0.0893,0.000495,-0.0165,-0.0525,-0.0458,ROTATE1
494.121,-102.2982,-331.7823,0.1066,603.904,12.2531,0.0172,601.0557,200.4685,0.1009,8.8e-05,-0.0224,-0.0675,-0.0467,ROTATE1
497.6937,-47.6854,-290.929,0.1518,578.4571,25.4469,0.0453,601.6056,173.7976,0.1081,0.00051,-0.0194,-0.0841,-0.0051,ROTATE1
500.5519,64.2485,-263.7744,0.2025,569.4357,9.0214,0.0506,595.9293,345.6873,0.1291,0.00183,-0.0064,-0.0976,0.0411,ROTATE1
502.8384,153.7957,-266.3633,0.1542,589.448,20.0123,0.0482,591.4803,284.5974,0.1409,0.001584,0.0078,-0.1075,0.0726,ROTATE1
504.6676,225.4334,-267.2438,0.1165,613.9453,24.4973,0.0377,591.038,263.5488,0.1463,0.001143,0.0156,-0.1125,0.0848,ROTATE1
506.131,230.4499,-235.2325,0.1074,603.8295,10.1158,0.0092,591.0231,263.1662,0.1465,0.00113,0.0176,-0.1135,0.0773,ROTATE1
507.3017,178.7318,-185.0923,0.1054,568.8226,35.0068,0.0019,589.0963,326.4446,0.1372,0.001376,0.0142,-0.1102,0.0516,ROTATE1
508.2382,70.3823,-129.5926,0.1115,529.2013,39.6213,0.0061,581.0494,901.8657,0.119,0.000325,0.0042,-0.1031,0.0062,ROTATE1
508.9875,-45.7348,-101.0584,0.0438,520.9344,8.2668,0.0678,567.3467,1422.7542,0.0969,0.000721,-0.0014,-0.0887,-0.0113,ROTATE1
509.5869,37.4997,-41.603,0.1223,512.6556,8.2788,0.0786,547.0887,1176.3035,0.0981,0.000772,-0.0011,-0.0808,0.0008,ROTATE1
510.0664,127.4466,-34.548,0.0828,526.8813,14.2256,0.0396,531.699,377.2276,0.0932,0.000777,0.002,-0.0695,0.0151,ROTATE1
489.65,172.7573,-15.8103,0.066,519.4729,7.4084,0.0168,521.8291,34.0757,0.0853,0.000833,0.0059,-0.0607,0.0279,ROTATE1
494.1169,172.1808,-2.1107,0.0502,523.2611,3.7882,0.0158,520.6411,22.2045,0.073,0.000791,0.013,-0.053,0.0434,ROTATE1
497.6904,139.9541,-3.9542,0.0378,517.0092,6.252,0.0124,519.8561,24.2092,0.0718,0.000867,0.0122,-0.0522,0.0402,ROTATE1
500.5492,109.8601,-19.0946,0.0325,512.819,4.1901,0.0053,519.8887,23.7429,0.0538,0.000342,0.0058,-0.0442,0.021,ROTATE1
502.8362,89.4318,-38.3132,0.0328,512.1624,0.6567,0.0004,516.9449,17.237,0.0438,0.000164,-0.0016,-0.0385,0.0114,ROTATE1
504.6659,72.1392,-59.6537,0.0325,513.2741,1.1118,0.0003,515.7052,17.1168,0.0371,4.6e-05,-0.0072,-0.0313,0.0093,ROTATE1
506.1296,6.8083,-131.3386,0.0435,522.9373,9.6631,0.011,515.6404,16.1548,0.0358,1.9e-05,-0.0133,-0.0264,0.0136,ROTATE1
507.3006,-15.3846,-131.8084,0.0479,524.3701,1.4329,0.0043,517.1126,28.8544,0.0378,4.3e-05,-0.0131,-0.0227,0.023,ROTATE1
508.2373,6.6517,-118.7779,0.0588,521.9747,2.3954,0.0109,518.9437,26.5425,0.0431,9.7e-05,-0.007,-0.0197,0.0333,ROTATE1
508.9868,25.0557,-91.0599,0.0681,517.6748,4.2999,0.0093,520.0462,16.4517,0.0501,0.000151,0.002,-0.017,0.0428,ROTATE1
509.5863,32.1196,-68.4541,0.0781,515.1658,2.509,0.01,520.4246,11.8999,0.0593,0.000162,0.0099,-0.013,0.0533,ROTATE1
510.0659,57.4425,-58.0633,0.0842,516.5638,1.398,0.0061,519.1499,11.9933,0.0674,0.00017,0.0189,-0.0047,0.0625,ROTATE1
510.4496,107.6853,-69.8944,0.0741,526.3461,9.7822,0.01,519.5451,16.744,0.0726,7.6e-05,0.0217,0.0032,0.0677,ROTATE1
510.7566,168.9732,-97.153,0.0661,546.6836,20.3375,0.008,524.4868,138.4423,0.0741,4.3e-05,0.0179,0.0103,0.0693,ROTATE1
511.0022,220.8098,-131.8037,0.059,572.0598,25.3762,0.0071,535.3639,463.4902,0.0723,7.9e-05,0.0121,0.0175,0.0672,ROTATE1
511.1986,264.4979,-164.2929,0.0525,598.561,26.5012,0.0065,552.0428,902.4854,0.0672,0.000124,0.0056,0.0235,0.061,ROTATE1
511.3558,288.5171,-193.8344,0.0539,618.303,19.7419,0.0014,572.3907,1114.7793,0.0611,6.5e-05,-0.0015,0.0269,0.0533,ROTATE1
511.4815,285.5168,-209.7706,0.0495,622.2032,3.9003,0.0043,591.5621,819.4718,0.0562,3.4e-05,-0.0061,0.0294,0.0466,ROTATE1
511.5821,265.1947,-210.1978,0.041,613.3739,8.8293,0.0085,604.9002,333.9019,0.0512,3.5e-05,-0.0065,0.0303,0.0404,ROTATE1
507.4751,226.187,-178.9738,0.0385,583.7149,29.659,0.0025,607.2313,202.5334,0.0471,3.8e-05,-0.0065,0.0301,0.0355,ROTATE1
504.4582,190.5027,-115.5259,0.0549,551.4668,32.2481,0.0164,597.8124,720.7184,0.0476,4.5e-05,-0.006,0.033,0.0333,ROTATE1
505.9634,161.3678,-60.6833,0.0725,534.5288,16.938,0.0176,581.0575,1156.9827,0.0513,0.000147,-0.0044,0.0377,0.034,ROTATE1
507.1676,133.1474,-38.7716,0.0854,525.7856,8.7432,0.0129,561.774,1057.5316,0.0585,0.000328,-0.0033,0.0463,0.0346,ROTATE1
508.131,83.6242,-39.6673,0.0642,516.4916,9.2939,0.0211,542.3976,559.6732,0.0631,0.000252,-0.0041,0.0517,0.0354,ROTATE1
508.9017,47.2337,11.8474,0.0631,511.2263,5.2654,0.0011,527.8998,202.394,0.068,0.000106,-0.0075,0.0464,0.0419,ROTATE1
509.5182,-28.9412,68.1654,0.02,514.8718,3.6455,0.0431,520.5808,71.6917,0.061,0.000484,-0.0071,0.0369,0.0394,ROTATE1
510.0115,-79.5154,126.8324,0.0629,531.5269,16.6552,0.0428,519.9804,56.3854,0.0591,0.000455,-0.0045,0.0221,0.0428,ROTATE1
510.4061,-56.853,195.694,0.0487,549.5842,18.0573,0.0141,524.7401,202.2667,0.0518,0.000285,-0.0022,0.0049,0.0443,ROTATE1
510.7217,21.1301,240.4177,0.0333,564.8751,15.2909,0.0155,534.4169,417.1832,0.0456,0.000284,-0.0006,-0.0026,0.0431,ROTATE1
510.9743,109.926,249.4904,0.0418,579.158,14.2829,0.0086,548.0032,525.3876,0.0413,0.000208,-0.0007,0.0046,0.0311,ROTATE1
511.1763,162.0002,219.258,0.0764,579.3266,0.1686,0.0345,560.8942,335.9039,0.0526,0.000235,-0.0074,0.018,0.0229,ROTATE1
511.3379,167.3845,150.4283,0.1078,558.6705,20.6561,0.0314,566.3229,134.9352,0.0616,0.000741,-0.0147,0.0392,0.0004,ROTATE1
511.4672,117.1764,62.2614,0.1453,528.399,30.2715,0.0376,562.0858,348.5899,0.0809,0.001737,-0.0183,0.0624,-0.0289,ROTATE1
511.5707,20.3661,16.3028,0.169,512.2354,16.1636,0.0237,551.5579,733.2092,0.1081,0.002099,-0.0179,0.0793,-0.062,ROTATE1
511.6534,-50.5321,-0.2421,0.1566,514.1428,1.9074,0.0124,538.5548,691.755,0.131,0.001167,-0.0119,0.0909,-0.0868,ROTATE1
511.7196,-113.4882,-7.5062,0.134,524.2069,10.0641,0.0226,527.5309,278.9336,0.1425,0.000438,-0.003,0.095,-0.1033,ROTATE1
511.7726,-182.3687,-13.1174,0.1157,543.4534,19.2465,0.0183,524.4875,126.4417,0.1441,0.000337,0.0028,0.0919,-0.1104,ROTATE1
510.4055,-190.8637,-23.2033,0.0935,545.4183,1.965,0.0223,527.8914,199.4154,0.1338,0.000743,0.0047,0.0837,-0.104,ROTATE1
510.7213,-123.916,-36.222,0.0613,526.7859,18.6324,0.0321,530.8015,142.1693,0.1122,0.00108,0.0047,0.0718,-0.0675,ROTATE1
510.9739,3.2641,-19.212,0.0655,511.3454,15.4406,0.0042,530.242,162.0619,0.094,0.00079,0.0018,0.0501,-0.0298,ROTATE1
511.176,105.0082,31.2741,0.0347,522.7865,11.4411,0.0308,529.9579,165.8136,0.0742,0.000779,0.0009,0.0291,-0.0035,ROTATE1
511.3377,120.5971,42.1224,0.0617,527.0524,4.2659,0.027,526.6777,120.3169,0.0634,0.000348,0.0061,0.0217,0.0063,ROTATE1
511.467,39.784,42.4105,0.1236,514.762,12.2904,0.0619,520.5464,40.8792,0.0694,0.000857,0.0101,0.0173,-0.0031,ROTATE1
511.5705,-5.726,29.069,0.1143,512.4277,2.3343,0.0093,517.6748,38.0293,0.08,0.001135,0.0148,0.0204,-0.0317,ROTATE1
511.6533,-15.9526,6.4708,0.0975,511.9428,0.4849,0.0168,517.7943,36.5739,0.0864,0.001114,0.021,0.0358,-0.0584,ROTATE1
511.7195,-23.9715,-19.2202,0.0993,512.6411,0.6983,0.0018,515.7653,32.7834,0.0993,0.000447,0.0237,0.0525,-0.0789,ROTATE1
511.7725,-27.6366,-32.5262,0.0858,513.5493,0.9081,0.0135,513.0646,0.9919,0.1041,0.000177,0.0177,0.0558,-0.0843,ROTATE1
511.8149,-37.4124,-33.6959,0.0691,514.2855,0.7363,0.0168,512.9694,0.7047,0.0932,0.000228,0.0098,0.0553,-0.0721,ROTATE1
511.8488,-33.3705,-49.8099,0.041,515.3483,1.0627,0.028,513.5534,1.4367,0.0786,0.000469,0.0,0.0483,-0.0581,ROTATE1
511.8759,-72.5339,-41.2323,0.0409,518.6311,3.2828,0.0001,514.891,4.2853,0.0672,0.000551,-0.0102,0.032,-0.0493,ROTATE1
511.8976,-119.0553,-10.8546,0.1153,525.6721,7.041,0.0743,517.4973,19.7268,0.0704,0.000796,-0.0198,0.0144,-0.0562,ROTATE1
511.915,-166.388,41.9288,0.131,539.9073,14.2352,0.0158,522.7689,89.262,0.0795,0.001401,-0.0198,-0.0021,-0.0684,ROTATE1
511.9289,-235.5104,50.3962,0.126,565.7527,25.8453,0.005,533.0623,338.4354,0.0909,0.001683,-0.0128,-0.0168,-0.0819,ROTATE1
511.94,-290.8083,52.5763,0.1291,591.1144,25.3618,0.0031,548.2156,720.0676,0.1085,0.001169,-0.0054,-0.0261,-0.1018,ROTATE1
511.9489,-315.4779,61.8236,0.107,604.5164,13.402,0.0221,565.3926,883.9261,0.1217,8.3e-05,0.0013,-0.0243,-0.1178,ROTATE1
511.956,-293.4948,63.6307,0.0748,593.5377,10.9787,0.0323,578.9657,542.5827,0.1136,0.00045,0.0094,-0.0177,-0.1108,ROTATE1
511.9617,-252.6271,40.1796,0.0557,572.3108,21.2269,0.0191,585.4464,204.3297,0.0985,0.000833,0.0135,-0.007,-0.0943,ROTATE1
511.9662,-206.3236,-8.022,0.0503,552.0355,20.2753,0.0054,582.703,342.4929,0.0834,0.000917,0.0144,0.0066,-0.0764,ROTATE1
511.9698,-164.8995,-55.5957,0.036,540.7364,11.2991,0.0143,572.6273,579.0631,0.0648,0.000601,0.0139,0.0178,-0.0544,ROTATE1
511.9728,-134.4165,-89.6172,0.026,536.8568,3.8796,0.01,559.0954,448.4747,0.0486,0.000281,0.0128,0.0229,-0.0372,ROTATE1
511.9751,-118.43,-99.9031,0.045,534.9064,1.9504,0.019,547.3691,190.737,0.0426,0.000111,0.0077,0.0191,-0.0307,ROTATE1
459.9644,-108.4565,-66.6631,0.093,477.2568,57.6495,0.048,528.3583,688.0571,0.0501,0.000529,-0.0046,0.0055,-0.0359,ROTATE1
321.9091,-80.2965,-8.518,0.1342,331.8818,145.375,0.0412,484.3276,6357.8384,0.0668,0.001663,-0.0219,-0.015,-0.0487,ROTATE1
216.1585,-47.0747,19.3481,0.1129,222.0695,109.8123,0.0213,420.5942,15415.3691,0.0822,0.001661,-0.0358,-0.0264,-0.0641,ROTATE1
190.3549,-27.316,28.8004,0.0452,194.4495,27.62,0.0677,352.1128,18250.5547,0.0861,0.001288,-0.0422,-0.0326,-0.0661,ROTATE1
254.6808,-1.584,34.8184,0.023,257.0548,62.6052,0.0222,296.5425,10287.0029,0.0817,0.001726,-0.0394,-0.0291,-0.0536,ROTATE1
306.1415,2.4046,5.3047,0.0438,306.1969,49.1422,0.0208,262.3305,2603.6504,0.0718,0.00189,-0.0286,-0.0158,-0.0323,ROTATE1
347.3101,3.7612,-49.1406,0.0518,350.7895,44.5926,0.0079,266.1121,3186.8716,0.0554,0.000922,-0.0122,0.0038,-0.0055,ROTATE1
380.245,12.109,-123.0906,0.062,399.8552,49.0657,0.0103,301.6692,5112.0591,0.0452,0.000164,0.0036,0.0143,0.0236,ROTATE1
406.5929,30.6778,-197.2756,0.0732,452.9642,53.109,0.0112,353.3721,4717.6919,0.0508,0.00029,0.0142,0.0211,0.0431,ROTATE1
427.6712,65.6672,-260.2205,0.0748,504.9055,51.9413,0.0016,402.9422,4997.5591,0.0611,0.000144,0.0182,0.0222,0.0529,ROTATE1
444.5338,95.0713,-310.5764,0.0598,550.5511,45.6457,0.015,451.8131,5094.9443,0.0643,7.4e-05,0.0181,0.0187,0.0576,ROTATE1
458.024,112.4258,-341.158,0.0445,582.0776,31.5264,0.0153,498.0707,4307.7896,0.0629,0.000119,0.0152,0.0099,0.0582,ROTATE1
468.816,116.6969,-353.0983,0.0517,598.402,16.3245,0.0072,537.7801,2814.9722,0.0608,0.00014,0.0096,-0.0035,0.0538,ROTATE1
477.4497,107.4325,-348.813,0.0752,600.9746,2.5726,0.0235,567.3822,1298.6516,0.0612,0.00015,0.0039,-0.0213,0.0455,ROTATE1
484.3567,105.6554,-334.4723,0.0979,598.0269,2.9478,0.0227,586.0065,358.9402,0.0658,0.000361,0.0005,-0.0421,0.0385,ROTATE1
489.8822,124.8337,-313.4278,0.108,594.8151,3.2117,0.0101,594.8593,44.6712,0.0754,0.000617,-0.0007,-0.063,0.0356,ROTATE1
447.4683,134.6357,-231.711,0.173,521.5789,73.2362,0.065,582.7595,939.5946,0.1011,0.001667,-0.0026,-0.0945,0.0316,ROTATE1
460.3715,95.6086,-149.8063,0.1549,493.4824,28.0966,0.018,561.7756,2044.4133,0.1218,0.00133,-0.0035,-0.1165,0.032,ROTATE1
470.6941,136.2744,-101.2357,0.1305,500.3721,6.8898,0.0244,541.6551,2086.3423,0.1328,0.000789,-0.0031,-0.1259,0.0381,ROTATE1
478.9521,199.3226,-87.5979,0.1124,526.116,25.7439,0.0181,527.2729,1292.2328,0.1358,0.000619,-0.0031,-0.1265,0.0433,ROTATE1
485.5586,244.8706,-110.3408,0.0658,554.8909,28.7748,0.0466,519.288,468.6352,0.1273,0.001371,-0.0031,-0.1185,0.0405,ROTATE1
490.8437,258.6277,-117.2633,0.0654,567.0684,12.1776,0.0005,528.3859,841.4062,0.1058,0.001259,-0.0031,-0.0968,0.0327,ROTATE1
495.0719,254.1491,-84.5294,0.0805,562.8793,4.1891,0.0152,542.2653,643.075,0.0909,0.000683,-0.0041,-0.0814,0.021,ROTATE1
498.4544,225.9661,-61.2266,0.0786,550.6961,12.1832,0.0019,552.3301,204.9819,0.0806,0.000293,-0.0065,-0.0716,0.0027,ROTATE1
501.1604,186.4073,-53.9751,0.0712,537.4223,13.2738,0.0074,554.5914,106.8814,0.0723,4e-05,-0.01,-0.0655,-0.0153,ROTATE1
503.3252,138.2415,-55.0019,0.063,524.8544,12.5679,0.0081,548.5841,247.6335,0.0717,4.8e-05,-0.0137,-0.0653,-0.0257,ROTATE1
505.057,76.4057,-58.9734,0.051,514.1968,10.6577,0.0121,538.0098,303.981,0.0689,0.000118,-0.0142,-0.0624,-0.0251,ROTATE1
506.4425,15.8464,-59.7194,0.0453,510.1975,3.9992,0.0056,527.4734,223.9716,0.0618,0.000152,-0.0141,-0.0557,-0.0219,ROTATE1
507.5509,-27.7229,-72.4036,0.0402,513.4382,3.2406,0.0051,520.0219,99.9846,0.0541,0.00013,-0.0117,-0.0496,-0.0123,ROTATE1
508.4376,-65.5002,-125.876,0.0536,527.8673,14.4291,0.0134,518.1108,48.0877,0.0506,6e-05,-0.0052,-0.0452,-0.0009,ROTATE1
509.147,-60.8376,-149.3289,0.0731,534.0702,6.2029,0.0195,519.954,86.5355,0.0526,0.000126,0.0044,-0.042,0.0132,ROTATE1
509.7145,-32.6326,-134.91,0.0924,528.275,5.7952,0.0193,522.7697,85.8262,0.0609,0.000373,0.0162,-0.0397,0.0299,ROTATE1
510.1685,10.1408,-112.4186,0.0926,522.5061,5.7689,0.0003,525.2313,48.1686,0.0704,0.000436,0.0271,-0.0384,0.0475,ROTATE1
510.5316,42.0158,-90.4974,0.0821,520.19,2.3161,0.0106,526.5817,23.6123,0.0788,0.000211,0.0329,-0.0372,0.0591,ROTATE1
510.8222,59.2001,-66.7104,0.0706,518.5502,1.6398,0.0115,524.7183,32.7106,0.0822,8.6e-05,0.032,-0.0342,0.0662,ROTATE1
511.0547,76.4288,-59.6277,0.0635,520.167,1.6168,0.0071,521.9376,11.6298,0.0802,0.000136,0.024,-0.0306,0.0682,ROTATE1
511.2406,87.9962,-68.3428,0.0625,523.2409,3.0739,0.001,520.9308,2.9235,0.0743,0.000134,0.0124,-0.0271,0.0659,ROTATE1
511.3894,96.5032,-84.9211,0.0647,527.2983,4.0574,0.0022,521.8893,9.6177,0.0687,5.3e-05,0.0031,-0.0229,0.063,ROTATE1
511.5084,93.9776,-119.1619,0.0712,533.5468,6.2485,0.0065,524.5607,29.0836,0.0665,1.3e-05,-0.0034,-0.0182,0.0629,ROTATE1
456.2817,62.4414,-149.7608,0.0778,484.2729,49.2739,0.0066,517.7052,299.4818,0.0679,3.4e-05,-0.0065,-0.0142,0.0656,ROTATE1
315.3691,42.0594,-168.8055,0.0835,360.1694,124.1035,0.0057,485.7057,4237.8071,0.0719,6.2e-05,-0.0048,-0.0118,0.0704,ROTATE1
149.8953,25.8506,-159.5975,0.0886,220.4728,139.6966,0.0051,425.152,14358.9844,0.0772,7.3e-05,0.0009,-0.0117,0.0756,ROTATE1
17.5163,0.6149,-129.478,0.0781,130.6589,89.8138,0.0106,345.8242,23324.5352,0.0798,3.5e-05,0.0072,-0.0148,0.0768,ROTATE1
-88.387,-64.6081,-85.9074,0.0678,139.1637,8.5048,0.0102,266.9475,18596.7617,0.0792,4.8e-05,0.0127,-0.023,0.071,ROTATE1
-173.1096,-95.1927,-51.8572,0.0335,204.2492,65.0855,0.0343,210.9428,6800.3853,0.0703,0.000386,0.0145,-0.0257,0.0607,ROTATE1
-240.8877,-97.2042,-47.7607,0.0364,264.1147,59.8655,0.0029,191.7319,2543.063,0.0609,0.000492,0.017,-0.0286,0.0481,ROTATE1
-295.1101,-91.0571,-45.5805,0.0396,312.1842,48.0695,0.0031,210.0742,4943.1685,0.0511,0.000333,0.0176,-0.0308,0.0344,ROTATE1
-338.4881,-61.7488,-56.0394,0.0417,348.608,36.4238,0.0022,253.664,5620.0649,0.0438,0.000152,0.0177,-0.0307,0.0244,ROTATE1
-373.1905,-49.4928,-76.3034,0.037,384.1131,35.5051,0.0047,302.6539,4001.3901,0.0376,8e-06,0.0177,-0.0267,0.0176,ROTATE1
-400.9524,-53.8974,-91.7208,0.048,414.8258,30.7127,0.011,344.7692,2807.5068,0.0405,1.7e-05,0.0202,-0.0315,0.0112,ROTATE1
-423.1619,-61.0054,-99.9517,0.0673,439.0649,24.2391,0.0194,379.7592,2060.5139,0.0467,0.000119,0.0203,-0.039,0.0048,ROTATE1
-440.9295,-41.7918,-77.7082,0.0854,449.671,10.606,0.0181,407.2565,1368.6639,0.0559,0.000325,0.0188,-0.0499,-0.0007,ROTATE1
-455.1436,-10.9616,-41.8384,0.0986,457.194,7.523,0.0132,428.9738,707.8457,0.0673,0.00052,0.0165,-0.0636,-0.0067,ROTATE1
-466.5149,23.7526,-17.427,0.0963,467.4442,10.2502,0.0024,445.64,323.5817,0.0791,0.000365,0.0146,-0.0765,-0.0119,ROTATE1
-475.6119,42.3833,-1.851,0.0882,477.5002,10.0561,0.0081,458.1749,179.5715,0.0872,0.000122,0.0118,-0.0847,-0.0155,ROTATE1
-482.8895,71.2192,-10.8495,0.0892,488.2337,10.7335,0.0009,468.0086,190.5381,0.0915,2.5e-05,0.007,-0.0874,-0.0216,ROTATE1
-484.5304,68.7472,-28.0578,0.1158,490.1868,1.9531,0.0267,476.1118,155.9974,0.0976,9.9e-05,0.0058,-0.0876,-0.035,ROTATE1
-484.9618,9.0134,-25.5962,0.1313,485.7205,4.4663,0.0155,481.8171,70.3357,0.1042,0.000283,0.0054,-0.0865,-0.0515,ROTATE1
-490.3694,-23.9705,-8.4176,0.1177,491.0271,5.3067,0.0136,486.5337,23.7383,0.1084,0.000289,0.0059,-0.0852,-0.0634,ROTATE1
-494.6956,-46.1233,12.5722,0.1103,497.0001,5.973,0.0074,490.4337,14.1171,0.1129,0.000188,0.0092,-0.0829,-0.0745,ROTATE1
-444.9127,-139.2986,-40.7173,0.126,467.9843,29.0158,0.0157,486.3837,97.5421,0.1202,5.6e-05,0.0172,-0.0545,-0.0866,ROTATE1
-458.3301,-213.8389,-94.6926,0.1079,514.5486,46.5643,0.0181,491.2561,229.5616,0.1186,8e-05,0.0185,-0.0306,-0.091,ROTATE1
-469.0641,-214.5368,-86.6697,0.0896,523.0285,8.4799,0.0183,498.7177,369.654,0.1103,0.000147,0.0174,-0.0148,-0.09,ROTATE1
-477.6513,-193.2419,-53.3201,0.0936,518.0118,5.0167,0.0039,504.1147,403.1503,0.1055,0.000168,0.0164,-0.0073,-0.0903,ROTATE1
-484.5211,-175.9935,-8.828,0.0937,515.5699,2.442,0.0001,507.8286,405.4778,0.1022,0.000181,0.0155,-0.0047,-0.0883,ROTATE1
-490.0168,-155.0948,29.0095,0.0974,514.7936,0.7762,0.0037,517.1905,10.0215,0.0965,3.9e-05,0.013,-0.0302,-0.0819,ROTATE1
-494.4135,-126.2915,64.917,0.1011,514.4011,0.3926,0.0037,517.161,10.181,0.0951,1.5e-05,0.0133,-0.0505,-0.0765,ROTATE1
-497.9308,-112.2863,110.0648,0.1148,522.1662,7.7651,0.0137,516.9885,8.2761,0.1001,6.1e-05,0.0176,-0.0569,-0.0793,ROTATE1
-500.7446,-134.3697,149.3237,0.1302,539.535,17.3688,0.0154,521.2932,91.2053,0.1074,0.00018,0.0201,-0.0526,-0.0886,ROTATE1
-502.9957,-190.2614,168.0996,0.1422,563.4373,23.9023,0.012,530.8666,348.2279,0.1171,0.000291,0.0194,-0.0389,-0.1029,ROTATE1
-504.7966,-254.6091,151.3516,0.156,585.28,21.8428,0.0138,544.9639,689.9901,0.1289,0.000378,0.0157,-0.0183,-0.1189,ROTATE1
-506.2372,-306.0873,108.4375,0.1015,601.4352,16.1552,0.0545,562.3707,837.9762,0.1289,0.000373,0.0131,0.0043,-0.1221,ROTATE1
-507.3898,-341.8167,94.3906,0.0558,619.0256,17.5904,0.0457,581.7426,781.3801,0.1171,0.001264,0.009,0.0222,-0.1081,ROTATE1
-494.7806,-313.4753,75.6438,0.0612,590.59,28.4356,0.0054,591.9536,336.474,0.1033,0.001665,0.0072,0.0395,-0.0801,ROTATE1
-407.0245,-253.0771,70.59,0.0695,484.4583,106.1316,0.0083,576.1578,2235.3772,0.0888,0.00138,0.0058,0.0486,-0.0432,ROTATE1
-341.9477,-204.1648,67.4908,0.0608,403.9387,80.5196,0.0087,539.8895,6835.2314,0.0698,0.000271,0.0058,0.0528,-0.0115,ROTATE1
-368.9176,-190.935,82.5114,0.0652,423.5144,19.5757,0.0043,504.3054,7520.061,0.0625,2.1e-05,0.0053,0.0559,0.0026,ROTATE1
-397.5341,-189.298,87.6903,0.0772,448.9506,25.4362,0.0121,470.2904,4343.729,0.0668,3.7e-05,0.005,0.0621,0.0064,ROTATE1
-420.4272,-178.854,77.1867,0.0906,463.3634,14.4128,0.0133,444.8451,811.4642,0.0727,0.00011,0.0038,0.0686,0.0039,ROTATE1
-438.7418,-154.9238,62.8712,0.0933,469.5195,6.1561,0.0027,441.8573,610.4604,0.0774,0.00017,0.0032,0.0764,-0.0038,ROTATE1
-453.3934,-118.4234,69.2845,0.0945,473.6983,4.1788,0.0013,455.8092,331.0101,0.0841,0.000128,0.002,0.0831,-0.0036,ROTATE1
-465.1147,-87.3763,86.3807,0.1,481.0696,7.3713,0.0055,467.3203,117.5324,0.0911,5.8e-05,0.0001,0.0902,0.0041,ROTATE1
-474.4918,-65.2948,110.9389,0.1249,491.6435,10.5739,0.0249,475.8588,95.46,0.1007,0.000156,-0.0034,0.0987,0.0144,ROTATE1
-481.9934,-52.6077,115.6074,0.1558,498.4479,6.8044,0.0309,482.8757,117.0488,0.1137,0.000575,-0.0082,0.1102,0.0231,ROTATE1
-487.9948,-49.383,98.0422,0.1696,500.1898,1.7419,0.0138,489.0098,103.6992,0.129,0.000883,-0.0143,0.1236,0.032,ROTATE1
-492.7958,-40.2189,73.7431,0.1712,499.9033,0.2865,0.0016,494.2508,53.0759,0.1443,0.000767,-0.0207,0.1371,0.0391,ROTATE1
-496.6367,-30.9376,53.5039,0.1491,500.4676,0.5643,0.0221,498.1304,11.0055,0.1541,0.000283,-0.0265,0.1453,0.0431,ROTATE1
-499.7093,-20.4939,43.2625,0.1271,501.9971,1.5295,0.022,500.2011,1.2918,0.1546,0.000258,-0.03,0.145,0.0434,ROTATE1
-502.1674,-2.3326,24.8662,0.1146,502.7881,0.7911,0.0124,501.0692,1.2621,0.1463,0.000509,-0.0311,0.1357,0.0439,ROTATE1
-504.134,36.9277,6.2961,0.1084,505.5238,2.7357,0.0062,502.136,3.9381,0.1341,0.000538,-0.0301,0.1216,0.0454,ROTATE1
-505.7072,66.3734,-3.385,0.0952,510.0555,4.5317,0.0132,504.1664,11.3623,0.1189,0.000334,-0.027,0.104,0.048,ROTATE1
-506.9658,91.2268,-2.5049,0.0817,515.1144,5.0589,0.0135,507.0958,24.0165,0.1054,0.000246,-0.0238,0.0888,0.0498,ROTATE1
-507.9726,78.2971,4.1274,0.0657,513.988,1.1265,0.016,509.494,22.5662,0.0931,0.000316,-0.0211,0.0762,0.0485,ROTATE1
-508.7781,49.8596,17.1363,0.0495,511.5025,2.4855,0.0162,511.2369,11.3418,0.0801,0.000435,-0.0186,0.0645,0.0432,ROTATE1
-509.4225,16.8033,38.6028,0.0339,511.1592,0.3432,0.0155,512.3639,3.545,0.0652,0.000479,-0.0158,0.0523,0.0351,ROTATE1
-509.938,-26.1699,63.4291,0.0257,514.5336,3.3743,0.0082,513.2595,2.6186,0.0513,0.000419,-0.0128,0.041,0.0275,ROTATE1
-510.3504,-66.4984,90.6276,0.0382,522.5829,8.0494,0.0125,514.7532,17.0845,0.0426,0.000192,-0.0104,0.0314,0.0247,ROTATE1
-510.6803,-74.0206,111.4177,0.0621,527.9084,5.3255,0.0239,517.5373,43.8281,0.0419,0.000161,-0.0095,0.0251,0.0293,ROTATE1
-489.9255,-68.329,112.0217,0.0849,507.193,20.7155,0.0227,516.6755,57.2024,0.049,0.000469,-0.0091,0.0263,0.0387,ROTATE1
-475.556,-61.8819,75.8892,0.0906,485.5328,21.6602,0.0058,511.5501,218.8212,0.0603,0.000642,-0.0097,0.0354,0.0456,ROTATE1
-459.4417,-70.0118,46.3958,0.0886,467.0556,18.4772,0.002,502.0545,522.828,0.0729,0.000404,-0.0103,0.047,0.0514,ROTATE1
-265.1565,46.3874,88.0916,0.1768,283.2312,183.8244,0.0882,454.1842,7723.708,0.1006,0.001557,-0.0136,0.0471,0.0794,ROTATE1
-234.8252,139.5068,139.3952,0.0991,306.653,23.4218,0.0778,409.933,9031.5879,0.108,0.001206,-0.0131,0.0467,0.0874,ROTATE1
-236.5039,196.7617,129.888,0.1008,333.9464,27.2934,0.0017,375.2838,7093.9116,0.1112,0.001099,-0.0133,0.0539,0.0841,ROTATE1
-273.8625,203.4469,69.8667,0.1113,348.2422,14.2959,0.0106,347.8257,4055.2441,0.1153,0.000998,-0.0068,0.0605,0.0783,ROTATE1
-318.54,177.9106,-6.066,0.1339,364.9065,16.6642,0.0226,327.3958,853.0626,0.1244,0.000842,-0.0041,0.0722,0.0659,ROTATE1
-357.232,135.4379,-83.881,0.1345,391.1447,26.2382,0.0006,348.9785,809.9293,0.1159,0.000241,-0.0002,0.096,0.0292,ROTATE1
-388.1856,88.3628,-132.8485,0.1073,419.696,28.5514,0.0272,371.5872,940.682,0.1176,0.000197,-0.0004,0.1132,0.0079,ROTATE1
-412.9485,65.6871,-174.0944,0.0745,452.935,33.239,0.0328,395.3849,1414.4786,0.1123,0.000483,0.0007,0.1108,-0.0043,ROTATE1
-432.7588,44.2716,-190.8474,0.0529,475.0399,22.1049,0.0216,420.7444,1595.8698,0.1007,0.001052,-0.0033,0.0999,-0.0105,ROTATE1
-448.607,13.0173,-208.5467,0.0419,494.8833,19.8434,0.011,446.7398,1395.8499,0.0822,0.001182,-0.002,0.0809,-0.0103,ROTATE1
-461.2856,-27.4831,-240.0499,0.0417,520.7338,25.8505,0.0002,472.6576,1200.9761,0.0637,0.000619,0.0019,0.0613,-0.0116,ROTATE1
-471.4285,-80.4583,-271.5461,0.0191,549.9597,29.226,0.0227,498.7104,1156.3699,0.046,0.000325,0.0039,0.0434,-0.0114,ROTATE1
-479.5428,-138.5292,-269.4775,0.0253,567.2475,17.2878,0.0062,521.5729,1154.069,0.0362,0.000151,0.0004,0.026,-0.0095,ROTATE1
-486.0342,-194.5702,-255.3508,0.0481,582.4868,15.2393,0.0228,543.0622,1001.3146,0.0352,0.000122,-0.0047,0.0075,-0.0054,ROTATE1
-491.2274,-231.6374,-230.1181,0.0688,589.8428,7.356,0.0208,562.0541,614.0651,0.0406,0.00031,-0.0109,-0.0124,0.002,ROTATE1
-495.3819,-257.9256,-189.5351,0.0787,589.7901,0.0527,0.0099,575.8654,235.6964,0.048,0.000546,-0.0162,-0.0339,0.0113,ROTATE1
-498.7055,-282.0436,-148.2437,0.0807,591.804,2.0139,0.002,584.2343,82.2455,0.0603,0.000441,-0.0174,-0.052,0.0194,ROTATE1
-501.3644,-289.0411,-115.0825,0.0873,590.0466,1.7573,0.0066,588.7941,10.5003,0.0727,0.000187,-0.0148,-0.0649,0.0273,ROTATE1
-503.4915,-297.5798,-78.6754,0.1,590.1248,0.0781,0.0126,590.3217,0.5647,0.0831,0.000106,-0.0111,-0.074,0.0351,ROTATE1
-505.1932,-284.9857,-48.8778,0.1224,582.0876,8.0371,0.0224,588.7706,11.6729,0.0938,0.000259,-0.0047,-0.0829,0.0425,ROTATE1
-502.5639,-259.7667,-28.8179,0.1385,566.4625,15.6252,0.0161,584.1051,89.2286,0.1058,0.000469,0.0027,-0.0926,0.0495,ROTATE1
-485.7855,-209.6634,8.3707,0.1444,529.1657,37.2968,0.0059,571.5775,524.0992,0.1185,0.00048,0.0081,-0.1017,0.0589,ROTATE1
-429.8128,-162.1057,61.3716,0.1446,463.4477,65.718,0.0002,546.2576,2153.1929,0.13,0.00029,0.0137,-0.1091,0.0684,ROTATE1
-355.1221,-117.1471,108.2191,0.1307,389.2898,74.158,0.0139,506.0907,5082.7246,0.1361,7.3e-05,0.0172,-0.1118,0.075,ROTATE1
-279.2696,-80.5176,152.0034,0.1094,327.9933,61.2964,0.0213,455.2718,7688.7905,0.1335,0.000172,0.0164,-0.1072,0.0771,ROTATE1
-253.4313,-54.5766,167.7027,0.0921,308.756,19.2374,0.0173,403.7305,6852.9907,0.1242,0.000423,0.0134,-0.0959,0.0772,ROTATE1
-305.1451,-24.3925,185.0841,0.1045,357.7214,48.9655,0.0124,369.4417,2953.8337,0.1162,0.000356,0.0128,-0.0853,0.0773,ROTATE1
-346.5161,8.2422,195.1798,0.092,397.7894,40.068,0.0125,356.31,1174.6841,0.1057,0.000202,0.0106,-0.0728,0.0751,ROTATE1
-379.6129,32.9125,176.4344,0.0828,419.9027,22.1133,0.0092,362.4326,1728.4711,0.0962,9.1e-05,0.0093,-0.0604,0.0731,ROTATE1
-406.0903,40.0456,186.3757,0.079,448.6077,28.705,0.0039,386.5555,2394.5767,0.0901,7.8e-05,0.0086,-0.0555,0.0694,ROTATE1
-427.2722,-12.5322,168.2568,0.0816,459.3789,10.7712,0.0026,416.68,1337.1847,0.088,8.8e-05,0.0106,-0.0544,0.0453,ROTATE1
-444.2178,-73.8289,143.3523,0.0926,472.5781,13.1992,0.011,439.6513,739.1981,0.0856,3.2e-05,0.0104,-0.0575,0.0215,ROTATE1
-457.7742,-161.4631,128.0881,0.0821,502.03,29.452,0.0105,460.4995,732.2899,0.0836,2.2e-05,0.0087,-0.063,0.0109,ROTATE1
-423.9507,-231.5705,109.808,0.0705,495.3957,6.6344,0.0116,475.5981,418.2512,0.0811,5e-05,0.0076,-0.0665,0.005,ROTATE1
-424.3918,-268.3596,65.1589,0.0575,506.3308,10.9352,0.013,487.1427,328.1775,0.0768,0.000143,0.0055,-0.0602,0.0046,ROTATE1
-441.9134,-250.0408,14.2552,0.0707,507.9479,1.6171,0.0133,496.8565,166.2249,0.0746,0.000141,0.0013,-0.0532,0.0288,ROTATE1
-403.7089,-186.892,-38.0583,0.1372,446.4951,61.4528,0.0665,491.6399,528.3768,0.0836,0.000779,-0.0006,-0.0412,0.0639,ROTATE1
-370.1359,-84.7886,-63.956,0.1127,385.0715,61.4237,0.0245,468.2482,2230.9802,0.0897,0.00091,0.0015,-0.0359,0.0791,ROTATE1
-398.5087,-28.1465,-73.6648,0.0868,406.2363,21.1648,0.0258,450.4164,2534.7036,0.093,0.000827,0.0039,-0.0367,0.0828,ROTATE1
-421.207,-9.661,-69.6194,0.0761,427.031,20.7948,0.0107,434.5564,1767.2533,0.0967,0.000618,0.0077,-0.0442,0.0803,ROTATE1
-398.3,-22.8006,-56.9142,0.072,402.9913,24.0398,0.0041,413.565,448.6248,0.097,0.000604,0.0105,-0.0533,0.0711,ROTATE1
-355.015,-44.8343,-39.3064,0.0783,359.9872,43.0041,0.0062,396.2634,506.519,0.0852,0.000212,0.0107,-0.0632,0.0501,ROTATE1
-261.4651,-46.5455,-22.142,0.082,266.4972,93.49,0.0037,372.5486,3286.9285,0.0791,2.6e-05,0.0112,-0.0655,0.0402,ROTATE1
-134.4534,5.6917,-1.3355,0.1194,134.5804,131.9168,0.0374,318.2174,11433.8506,0.0856,0.000296,0.011,-0.0684,0.0465,ROTATE1
-5.1658,83.5409,-8.1278,0.1185,84.0941,50.4863,0.0009,249.63,15324.2842,0.094,0.000423,0.0115,-0.0673,0.0591,ROTATE1
22.4861,169.2296,-21.1803,0.1053,172.0258,87.9317,0.0131,203.4369,9691.0313,0.1007,0.000308,0.0138,-0.0644,0.0726,ROTATE1
29.6826,221.4149,-31.1318,0.078,225.5544,53.5286,0.0273,176.5504,4164.3877,0.1006,0.00031,0.0181,-0.0613,0.0757,ROTATE1
-72.8726,248.8288,-10.1179,0.0683,259.4775,33.9231,0.0097,175.1465,3919.7124,0.0979,0.000442,0.0212,-0.0608,0.0634,ROTATE1
-160.6981,271.7411,10.3244,0.0683,315.8698,56.3923,0.0,211.4043,6236.5693,0.0877,0.000421,0.0228,-0.0554,0.0356,ROTATE1
-230.9585,280.6836,31.522,0.0857,364.8544,48.9846,0.0175,267.5564,4551.3223,0.0811,0.000189,0.0198,-0.0505,-0.0003,ROTATE1
-287.1668,215.4719,-17.5199,0.1083,359.4438,5.4106,0.0226,305.04,3009.7427,0.0817,0.00022,0.0151,-0.0521,-0.0359,ROTATE1
-332.1335,132.1056,-78.0096,0.1124,365.8552,6.4114,0.004,333.1002,1698.4783,0.0886,0.000357,0.008,-0.0513,-0.0648,ROTATE1
-368.1068,82.4501,-105.1015,0.1217,391.5953,25.7401,0.0093,359.5237,600.553,0.0993,0.00038,0.0006,-0.047,-0.0855,ROTATE1
-396.8854,71.132,-120.7187,0.1268,420.8929,29.2975,0.0051,380.5283,531.4609,0.111,0.000202,-0.0029,-0.0448,-0.1006,ROTATE1
-419.9083,82.6493,-143.7906,0.1365,451.4749,30.5821,0.0098,397.8524,1188.8866,0.1211,0.000102,-0.001,-0.0457,-0.111,ROTATE1
-438.3267,93.9382,-171.7606,0.1472,480.0587,28.5837,0.0107,421.9754,1663.4978,0.1289,0.000145,0.0016,-0.042,-0.1212,ROTATE1
-453.0613,103.5974,-184.5647,0.1479,500.0611,20.0024,0.0007,448.8166,1532.6289,0.136,0.000112,0.0047,-0.0396,-0.1298,ROTATE1
-464.8491,105.0342,-176.5424,0.1322,508.2165,8.1554,0.0157,472.1408,1039.425,0.1381,6.9e-05,0.0057,-0.0402,-0.1319,ROTATE1
-474.2792,104.5961,-129.8464,0.1393,502.7338,5.4828,0.007,488.509,433.4222,0.1406,3.7e-05,0.0054,-0.0406,-0.1344,ROTATE1
-467.9734,79.68,-55.6115,0.1367,477.9547,24.7791,0.0026,493.8049,153.3497,0.1407,3.7e-05,0.005,-0.0396,-0.1347,ROTATE1
-445.3568,46.2753,46.8327,0.1426,450.1971,27.7576,0.0059,487.8326,460.2184,0.1397,2.8e-05,0.008,-0.0385,-0.1336,ROTATE1
-369.4355,-21.3423,43.2755,0.155,372.5733,77.6238,0.0124,462.3351,2437.1287,0.1411,5.9e-05,0.011,-0.0439,-0.1327,ROTATE1
-299.3359,-74.1395,-9.4609,0.1643,308.5258,64.0475,0.0094,422.3969,5152.5112,0.1476,0.00011,0.0158,-0.0484,-0.1377,ROTATE1
-227.8531,-140.7584,-84.2562,0.1709,280.7652,27.7606,0.0066,378.0032,5902.8169,0.1539,0.000165,0.0191,-0.053,-0.1426,ROTATE1
-186.2044,-196.5286,-135.2581,0.1522,302.6389,21.8737,0.0187,342.94,3811.2878,0.157,9.7e-05,0.0202,-0.0563,-0.1448,ROTATE1
-202.901,-236.5291,-193.1815,0.1335,366.6523,64.0134,0.0187,326.2311,1343.7385,0.1552,0.000162,0.0207,-0.0543,-0.1432,ROTATE1
-262.152,-291.6233,-256.9452,0.1203,468.8163,102.1639,0.0132,345.4797,4609.8164,0.1483,0.000357,0.0196,-0.0503,-0.1375,ROTATE1
-312.1216,-309.1487,-268.4718,0.1359,514.8494,46.0332,0.0155,386.7444,8371.1416,0.1426,0.000304,0.0152,-0.0544,-0.1287,ROTATE1
-352.0973,-303.5377,-180.1805,0.1453,498.5706,16.2788,0.0094,430.3055,6728.2725,0.1374,0.000118,0.0087,-0.0679,-0.1104,ROTATE1
-384.0779,-281.527,-56.7726,0.1513,479.5794,18.9912,0.006,465.6936,2701.7871,0.1373,0.000113,0.0047,-0.0848,-0.095,ROTATE1
-409.6623,-285.906,56.9788,0.1464,502.8042,23.2248,0.0049,492.924,273.8978,0.1398,0.00012,-0.001,-0.1032,-0.0866,ROTATE1
-430.1298,-323.856,132.3831,0.1303,554.4544,51.6502,0.0161,510.0516,621.5046,0.1418,5.8e-05,-0.0022,-0.1121,-0.0831,ROTATE1
-446.5038,-318.713,174.5377,0.0998,575.6796,21.2252,0.0305,522.2177,1330.2958,0.1346,0.000353,0.0016,-0.1121,-0.0718,ROTATE1
-459.6031,-328.8454,180.1333,0.0437,593.1461,17.4664,0.056,541.1327,1866.847,0.1143,0.001568,0.0111,-0.092,-0.0596,ROTATE1
-470.0825,-276.0388,164.116,0.0402,569.3057,23.8403,0.0036,559.078,945.7949,0.0921,0.001899,0.0166,-0.0642,-0.0396,ROTATE1
-478.466,-203.4998,126.3334,0.0676,535.0719,34.2338,0.0274,565.5316,386.0565,0.0763,0.001181,0.0201,-0.0332,-0.0117,ROTATE1
-485.1728,-126.3342,90.973,0.0729,509.5381,25.5338,0.0054,556.5482,907.8702,0.0648,0.000469,0.0187,-0.0048,0.0172,ROTATE1
-490.5382,-50.3705,73.0378,0.0673,498.4972,11.0409,0.0056,541.1118,1270.3687,0.0583,0.000184,0.0147,0.0234,0.0345,ROTATE1
-494.8306,20.8067,64.9209,0.0699,499.5047,1.0075,0.0026,522.3835,724.3378,0.0636,0.000141,0.0062,0.0424,0.0392,ROTATE1
-498.2645,84.5454,52.5429,0.0861,508.1104,8.6057,0.0162,510.1444,174.949,0.0727,4.8e-05,-0.0009,0.0587,0.0322,ROTATE1
-501.0116,155.6988,31.475,0.1066,525.5905,17.4801,0.0206,508.2482,94.7938,0.0806,0.000212,-0.0074,0.0723,0.0178,ROTATE1
-503.2093,218.9528,0.455,0.1481,548.7806,23.1901,0.0415,516.0967,361.4372,0.0956,0.000887,-0.0107,0.0859,-0.0105,ROTATE1
-504.9674,114.6716,-19.9954,0.187,518.2099,30.5707,0.0389,520.0392,284.8386,0.1195,0.001824,-0.011,0.0962,-0.0487,ROTATE1
-506.3739,16.1217,-21.3557,0.1971,507.0804,11.1295,0.0101,521.5544,231.7957,0.145,0.001886,-0.0066,0.1086,-0.0819,ROTATE1
-507.4991,12.8661,-55.3189,0.207,510.6673,3.5869,0.0099,522.0658,219.0916,0.1692,0.001377,-0.0041,0.1178,-0.1137,ROTATE1
-508.3993,-12.2446,-33.3645,0.1729,509.64,1.0273,0.0341,518.8757,237.3097,0.1824,0.000422,-0.001,0.1171,-0.1383,ROTATE1
-509.1194,-41.0738,-20.2947,0.1854,511.1766,1.5366,0.0126,511.3549,13.7415,0.1899,0.000133,0.0042,0.1153,-0.1504,ROTATE1
-509.6956,-55.5028,-25.2295,0.1751,513.329,2.1523,0.0103,510.3787,4.1697,0.1875,0.000169,0.0094,0.1163,-0.1463,ROTATE1
-510.1564,-56.6773,-27.3899,0.171,514.0254,0.6964,0.0041,511.7677,2.7244,0.1823,0.000178,0.0101,0.1129,-0.1423,ROTATE1
-510.5251,-58.8324,-28.6588,0.1548,514.7023,0.6769,0.0162,512.5747,3.5534,0.1718,9.8e-05,0.0123,0.108,-0.1327,ROTATE1
-510.8201,-80.5128,-30.6302,0.1465,518.0326,3.3303,0.0083,514.2532,4.9714,0.1666,0.000198,0.0135,0.1079,-0.1258,ROTATE1
-511.0561,-129.5915,16.3584,0.154,527.4845,9.4519,0.0075,517.5148,27.454,0.1603,0.000119,0.0136,0.1069,-0.1185,ROTATE1
-511.2449,-160.2451,42.7305,0.1433,537.4716,9.9871,0.0108,522.3433,80.2904,0.1539,9.2e-05,0.0116,0.1052,-0.1116,ROTATE1
-511.3959,-173.718,53.375,0.1207,542.727,5.2554,0.0226,528.0836,116.6008,0.1439,0.000154,0.0106,0.1043,-0.0968,ROTATE1
-511.5167,-165.1212,47.5687,0.113,539.6083,3.1187,0.0077,533.0648,82.5406,0.1355,0.000251,0.0102,0.1056,-0.0741,ROTATE1
-511.6134,-164.4501,56.2456,0.1288,540.3292,0.7209,0.0158,537.5241,28.0158,0.132,0.000223,0.0072,0.109,-0.0424,ROTATE1
-511.6907,-173.7476,75.9184,0.151,545.6915,5.3622,0.0222,541.1655,7.9383,0.1313,0.000197,0.0007,0.1141,-0.0046,ROTATE1
-511.7526,-231.4731,72.8066,0.1728,566.3668,20.6753,0.0218,546.9445,98.8326,0.1372,0.000477,-0.003,0.1213,0.0351,ROTATE1
-511.6021,-258.1191,9.7484,0.1902,573.1118,6.7451,0.0175,553.0215,195.2906,0.1512,0.00079,-0.0002,0.1293,0.0698,ROTATE1
-470.6536,-176.139,24.0487,0.2148,503.1084,70.0034,0.0245,545.7216,604.2815,0.1715,0.000894,-0.0099,0.1416,0.0931,ROTATE1
-368.2916,-83.6675,22.4952,0.2028,378.3451,124.7634,0.012,513.3247,5151.8882,0.1863,0.000505,-0.0173,0.1482,0.1084,ROTATE1
-280.9176,35.1848,5.0587,0.1927,283.1577,95.1874,0.0101,460.8179,12780.7793,0.1946,0.000195,-0.0221,0.1489,0.1198,ROTATE1
-168.1185,130.5447,-26.7031,0.1812,214.5199,68.6378,0.0114,390.4486,17733.3633,0.1963,0.000132,-0.0285,0.1462,0.1244,ROTATE1
-53.1229,197.5326,-43.8406,0.159,209.1965,5.3234,0.0222,317.6655,12333.2832,0.1901,0.000365,-0.0422,0.1414,0.1189,ROTATE1
2.6267,213.5386,-12.1943,0.1334,213.9026,4.7061,0.0255,259.8244,4263.2158,0.1738,0.00062,-0.0419,0.1303,0.1043,ROTATE1
-100.2987,211.0121,92.6414,0.1046,251.3332,37.4306,0.0288,234.422,822.9235,0.1542,0.001024,-0.0392,0.1203,0.0784,ROTATE1
-182.6389,161.5597,176.51,0.1307,301.0221,49.6889,0.0261,237.9949,1222.2394,0.1418,0.000685,-0.0339,0.1194,0.0485,ROTATE1
-248.5112,106.8821,232.3643,0.1702,356.6157,55.5936,0.0395,266.414,3118.5562,0.1396,0.000531,-0.0252,0.1281,0.022,ROTATE1
-301.209,75.0463,228.8914,0.1982,385.6813,29.0656,0.028,301.711,4062.8491,0.1474,0.00108,-0.0132,0.1429,0.0057,ROTATE1
-343.3672,71.3496,151.4413,0.2171,382.0029,3.6784,0.0189,335.3311,2679.8381,0.1641,0.001731,-0.0016,0.1617,0.0043,ROTATE1
-377.0937,78.2078,63.3249,0.2063,390.2899,8.287,0.0107,363.1224,1100.4465,0.1845,0.000965,0.0077,0.1821,0.0124,ROTATE1
-404.075,100.0319,-9.1963,0.1693,416.3743,26.0844,0.037,386.1928,364.0662,0.1922,0.000373,0.0123,0.1891,0.0242,ROTATE1
-425.66,144.9755,-62.4821,0.1324,453.9915,37.6172,0.0369,405.668,729.1564,0.1846,0.000935,0.0109,0.1792,0.037,ROTATE1
-442.928,202.3804,-80.7013,0.0956,493.615,39.6234,0.0368,427.2547,1730.2103,0.1641,0.002063,0.0053,0.155,0.0464,ROTATE1
-456.7424,249.5512,-74.0485,0.0538,525.7115,32.0965,0.0418,455.9964,2433.3259,0.1315,0.00287,-0.0023,0.1201,0.0451,ROTATE1
-467.7939,264.0659,-44.9263,0.0268,539.055,13.3435,0.027,485.7495,2064.3574,0.0956,0.002652,-0.0101,0.0822,0.0382,ROTATE1
-476.6351,239.3059,-13.1661,0.0164,533.4995,5.5555,0.0105,509.1745,1009.0554,0.065,0.001885,-0.0135,0.0475,0.0279,ROTATE1
-483.7081,180.0478,34.7078,0.0249,517.2962,16.2032,0.0086,521.8354,252.9172,0.0435,0.000836,-0.0148,0.0188,0.0172,ROTATE1
-489.3665,94.8289,70.51,0.0329,503.4319,13.8643,0.0079,523.7988,157.5212,0.0309,0.000159,-0.015,0.0008,0.0113,ROTATE1
-493.8932,12.3537,72.183,0.051,499.2929,4.139,0.0182,518.5151,248.9795,0.0304,0.000135,-0.0126,-0.0037,0.0145,ROTATE1
-497.5145,-39.2451,47.0776,0.0674,501.2756,1.9826,0.0163,510.9592,166.951,0.0385,0.000339,-0.008,-0.0001,0.0255,ROTATE1
-500.4116,-66.7336,16.6246,0.0894,505.1154,3.8398,0.0221,505.2824,39.9424,0.0531,0.000547,-0.0047,0.0067,0.0445,ROTATE1
-404.7356,-19.1963,103.9028,0.1869,418.3003,86.8151,0.0975,485.4832,1132.2451,0.0855,0.002917,-0.0045,-0.0026,0.0788,ROTATE1
-426.1884,32.2086,185.5191,0.1552,465.9306,47.6303,0.0317,477.983,1088.0212,0.11,0.002735,-0.0056,-0.0083,0.1031,ROTATE1
-443.3508,44.37,202.3153,0.1443,489.3466,23.416,0.0109,475.9937,1019.0674,0.1286,0.001928,-0.0056,-0.0133,0.1223,ROTATE1
-457.0806,18.0085,141.496,0.1321,478.8195,10.5271,0.0122,471.5025,872.6587,0.1416,0.001011,-0.0061,-0.0174,0.1366,ROTATE1
-468.0645,-76.4432,48.6718,0.1166,476.7566,2.0629,0.0155,465.8307,620.0457,0.147,0.000563,-0.0058,-0.0196,0.1425,ROTATE1
-476.8516,-94.0764,-35.9532,0.2039,487.371,10.6143,0.0873,479.6448,70.1841,0.1504,0.00088,-0.0023,-0.0105,0.1483,ROTATE1
-483.8813,6.7826,-80.9407,0.276,490.6511,3.2801,0.0721,484.589,32.3513,0.1746,0.003445,0.0038,-0.0088,0.1734,ROTATE1
-489.505,103.5105,-130.4994,0.2561,517.0684,26.4173,0.0199,490.1333,208.0668,0.1969,0.004091,0.0102,-0.0149,0.195,ROTATE1
-494.004,141.2271,-155.1277,0.2266,536.7026,19.6342,0.0296,501.7099,482.1876,0.2158,0.003069,0.0159,-0.0288,0.212,ROTATE1
-497.6032,159.6942,-171.1646,0.1918,549.9169,13.2143,0.0348,516.342,608.3392,0.2309,0.000989,0.0183,-0.0445,0.2248,ROTATE1
-500.4826,182.0147,-203.9505,0.1418,570.2701,20.3532,0.05,532.9218,747.233,0.2184,0.002277,0.0194,-0.0505,0.2104,ROTATE1
-502.7861,193.1524,-229.1854,0.1113,585.344,15.0739,0.0305,551.8604,580.8181,0.1855,0.002827,0.0176,-0.0557,0.1744,ROTATE1
-504.6288,190.3063,-230.5045,0.0991,586.5144,1.1704,0.0122,565.7496,385.9914,0.1541,0.002338,0.0131,-0.0634,0.1364,ROTATE1
-506.1031,172.0169,-221.1505,0.1051,578.4788,8.0356,0.006,574.1049,179.8422,0.1298,0.001177,0.0089,-0.0702,0.1021,ROTATE1
-507.2825,148.6479,-215.5079,0.1116,570.855,7.6238,0.0065,578.2924,47.4068,0.1138,0.000218,0.0058,-0.0784,0.0731,ROTATE1
-508.226,129.1902,-215.2501,0.1183,566.8477,4.0073,0.0067,577.608,60.263,0.1091,4.3e-05,0.0035,-0.0905,0.0527,ROTATE1
-508.9808,141.0022,-217.3251,0.1212,571.1158,4.2681,0.0029,574.7623,48.6259,0.111,6.7e-05,0.0038,-0.1026,0.0371,ROTATE1
-509.5846,156.7767,-213.9038,0.1283,574.4652,3.3494,0.0071,572.3525,15.214,0.1169,6.3e-05,0.0047,-0.1125,0.021,ROTATE1
-510.0677,148.9402,-202.8762,0.1455,568.7803,5.6849,0.0172,570.4128,6.4973,0.125,0.000134,0.0057,-0.1206,0.0013,ROTATE1
-510.4542,145.024,-165.7197,0.1415,555.9302,12.85,0.004,567.4279,39.4972,0.131,0.000117,0.0063,-0.1249,-0.0176,ROTATE1
-510.7633,153.1567,-91.5632,0.1401,541.0361,14.8942,0.0014,562.2655,152.0854,0.1353,8.3e-05,0.0083,-0.1279,-0.0335,ROTATE1
-511.0107,135.5879,-115.86,0.1615,541.2389,0.2028,0.0215,556.2902,189.1386,0.1434,0.000115,0.0031,-0.134,-0.0474,ROTATE1
-511.2086,102.7109,-129.5942,0.1638,537.288,3.9509,0.0023,548.8547,140.0025,0.1505,0.000103,-0.0008,-0.1378,-0.0584,ROTATE1
-500.7325,50.7156,-138.4473,0.1756,521.9892,15.2988,0.0118,539.4965,117.3714,0.1565,0.000188,-0.0038,-0.1405,-0.0665,ROTATE1
-432.0704,-28.7275,-142.1297,0.1791,455.7531,66.2361,0.0035,519.4611,1064.5287,0.164,0.000188,-0.0062,-0.1442,-0.0751,ROTATE1
-396.4469,-80.4914,-141.8788,0.1739,428.6941,27.0591,0.0052,496.9926,2114.3325,0.1708,4.7e-05,-0.0089,-0.1472,-0.0841,ROTATE1
-419.5576,-90.9087,-132.1811,0.174,449.1824,20.4883,0.0001,478.5814,1840.9753,0.1733,2.6e-05,-0.0055,-0.1475,-0.0901,ROTATE1
-438.0461,-56.2926,-123.7043,0.1831,458.6458,9.4634,0.0091,462.8529,983.7835,0.1771,1.2e-05,0.0022,-0.1514,-0.0903,ROTATE1
-452.8369,-30.8966,-109.5853,0.1842,466.9312,8.2854,0.001,451.8413,166.4347,0.1788,1.9e-05,0.0071,-0.1526,-0.0913,ROTATE1
-464.6695,-29.1173,-115.7682,0.1825,479.7581,12.8269,0.0017,456.6423,296.1943,0.1795,2.1e-05,0.0119,-0.151,-0.0941,ROTATE1
-474.1356,-27.5688,-123.5146,0.1722,490.7346,10.9765,0.0103,469.0504,218.4692,0.1792,2.5e-05,0.015,-0.1485,-0.0967,ROTATE1
-481.7085,-13.5832,-122.3273,0.1717,497.1836,6.449,0.0005,478.6506,205.6517,0.1787,3.1e-05,0.0186,-0.1446,-0.1015,ROTATE1
-487.7668,4.246,-110.1587,0.169,500.0694,2.8858,0.0027,486.9354,148.7285,0.1759,3.8e-05,0.0151,-0.1371,-0.1087,ROTATE1
-492.6134,27.9968,-92.3082,0.1534,501.9687,1.8994,0.0156,493.9429,64.7903,0.1697,8.8e-05,0.0118,-0.128,-0.1105,ROTATE1
-496.4908,39.9474,-91.1028,0.135,506.3582,4.3894,0.0184,499.2629,27.074,0.1602,0.000207,0.008,-0.1166,-0.1086,ROTATE1
-499.5926,53.7486,-112.6729,0.1209,514.9532,8.5951,0.0141,504.1066,38.3033,0.15,0.000383,0.0058,-0.1013,-0.1082,ROTATE1
-502.0741,59.8395,-148.4571,0.1184,526.9712,12.0179,0.0025,510.0641,97.7833,0.1393,0.000375,0.0046,-0.082,-0.1091,ROTATE1
-504.0593,63.3841,-189.9344,0.1232,542.3729,15.4017,0.0048,518.5248,214.9915,0.1302,0.000167,0.0044,-0.0617,-0.1111,ROTATE1
-505.6474,64.8229,-232.585,0.1323,560.3366,17.9637,0.0091,530.1984,373.5432,0.1259,4.3e-05,0.0058,-0.0431,-0.1157,ROTATE1
-506.9179,65.4771,-270.5368,0.1317,578.3106,17.974,0.0006,544.5889,515.7421,0.1253,3.2e-05,0.0078,-0.0305,-0.1202,ROTATE1
-502.1906,70.5785,-297.0044,0.1307,587.6975,9.3869,0.0009,559.1378,500.0889,0.1273,3.1e-05,0.0104,-0.0247,-0.1241,ROTATE1
-446.6244,91.4222,-253.0535,0.145,521.4091,66.2884,0.0142,558.0253,576.6039,0.1326,4.9e-05,0.0156,-0.0381,-0.1207,ROTATE1
-459.6995,97.2378,-153.6116,0.1918,494.3433,27.0658,0.0468,548.4194,1246.4103,0.1463,0.000544,0.0231,-0.0602,-0.1221,ROTATE1
-470.1596,100.8371,-53.1111,0.1833,483.7758,10.5676,0.0085,533.1072,1819.3049,0.1565,0.000675,0.0313,-0.0798,-0.1227,ROTATE1
-478.5277,101.5603,34.6798,0.1743,490.414,6.6383,0.009,515.528,1466.1465,0.165,0.000543,0.0388,-0.092,-0.1262,ROTATE1
-413.3409,74.892,-74.6561,0.2194,426.6533,63.7607,0.0451,483.3192,966.7888,0.1828,0.000585,0.0542,-0.0661,-0.1346,ROTATE1
-433.0727,79.6573,-135.5437,0.185,460.727,34.0737,0.0344,471.1827,631.4069,0.1908,0.000236,0.0611,-0.035,-0.1484,ROTATE1
-448.8582,98.6946,-157.9037,0.1823,485.9504,25.2235,0.0028,469.5041,564.9235,0.1889,0.000247,0.0648,-0.003,-0.1568,ROTATE1
-461.4865,101.3588,-155.7448,0.1843,497.4936,11.5432,0.002,472.2477,673.3427,0.1891,0.000245,0.0677,0.0225,-0.1643,ROTATE1
-471.5892,105.4089,-119.0521,0.1814,497.6754,0.1818,0.0029,473.7,734.5443,0.1905,0.000211,0.0688,0.0374,-0.1695,ROTATE1
-479.6714,81.7021,-65.0136,0.1882,490.9039,6.7715,0.0068,486.55,185.9364,0.1843,6e-06,0.0585,0.0151,-0.1724,ROTATE1
-486.1371,41.0273,-24.6265,0.1793,488.4864,2.4174,0.0089,492.102,22.4964,0.1831,9e-06,0.0513,0.0097,-0.1744,ROTATE1
-491.3097,0.9719,-7.6762,0.1725,491.3706,2.8842,0.0068,493.186,13.86,0.1812,2.8e-05,0.0436,0.0159,-0.173,ROTATE1
-495.4477,-32.9444,0.7559,0.1749,496.5424,5.1718,0.0024,492.9958,12.3659,0.1793,3e-05,0.0347,0.0277,-0.1702,ROTATE1
-498.7582,-67.3743,23.436,0.1776,503.8336,7.2911,0.0027,494.2274,29.9607,0.1785,2.9e-05,0.0275,0.0445,-0.1672,ROTATE1
-501.4066,-92.1088,55.5113,0.171,512.81,8.9764,0.0067,498.6086,77.6193,0.1751,1e-05,0.0229,0.0638,-0.1595,ROTATE1
-503.5252,-95.0183,87.7122,0.1747,519.8649,7.0549,0.0037,504.8843,108.1095,0.1741,5e-06,0.0211,0.0818,-0.1505,ROTATE1
-505.2202,-86.2178,89.4197,0.1712,520.2661,0.4012,0.0035,510.6634,85.5074,0.1739,6e-06,0.0224,0.0972,-0.1391,ROTATE1
-506.5761,-83.7023,74.2795,0.1725,518.7899,1.4763,0.0012,515.1129,39.0369,0.1734,6e-06,0.0238,0.1118,-0.1253,ROTATE1
-507.6609,-81.6244,64.0768,0.1722,518.1583,0.6316,0.0002,517.9778,7.2392,0.1723,2e-06,0.0248,0.1271,-0.1079,ROTATE1
-508.5287,-87.5339,53.9302,0.1782,518.818,0.6597,0.006,519.1794,0.5952,0.1738,6e-06,0.0245,0.1433,-0.0891,ROTATE1
-509.223,-86.2396,45.366,0.186,518.4625,0.3555,0.0078,518.899,0.5253,0.176,3.1e-05,0.0232,0.1569,-0.0699,ROTATE1
-509.7784,-79.4885,40.9491,0.1899,517.5609,0.9017,0.0039,518.3579,0.2169,0.1798,5.1e-05,0.0198,0.1681,-0.0535,ROTATE1
-510.2227,-66.2283,37.628,0.1952,515.8772,1.6837,0.0053,517.7754,1.071,0.1843,6.7e-05,0.017,0.178,-0.0374,ROTATE1
-482.7751,-67.4233,26.0524,0.1965,488.1561,27.7211,0.0013,511.775,140.4964,0.1892,4.4e-05,0.0145,0.1862,-0.0231,ROTATE1
-402.7169,-83.9543,4.4107,0.197,411.3985,76.7576,0.0005,490.291,1684.1035,0.1929,1.8e-05,0.0105,0.1916,-0.0129,ROTATE1
-307.8142,-104.5634,-35.9746,0.1941,327.0738,84.3247,0.0029,452.0133,5388.1665,0.1945,6e-06,0.0059,0.1938,-0.0025,ROTATE1
-143.8545,-121.557,-77.3359,0.1965,203.5953,123.4785,0.0024,389.2202,12928.1943,0.1959,1e-06,0.0008,0.1949,0.0082,ROTATE1
-12.6867,-111.5206,-96.2844,0.1931,147.8799,55.7154,0.0034,315.6207,15951.9375,0.1954,2e-06,-0.0051,0.194,0.0159,ROTATE1
92.2475,-76.879,-93.9337,0.1706,152.4583,4.5784,0.0226,248.4812,10814.9189,0.1903,9.9e-05,-0.0106,0.1884,0.0204,ROTATE1
176.1949,-53.7501,-78.9126,0.1541,200.4019,47.9436,0.0164,206.2818,4188.0474,0.1817,0.000277,-0.0141,0.1793,0.0244,ROTATE1
243.3528,-60.2532,-79.8801,0.1471,263.1195,62.7176,0.0071,193.491,1752.4072,0.1723,0.000398,-0.0138,0.1701,0.0218,ROTATE1
297.0791,-35.2557,-51.6728,0.0953,303.5935,40.4741,0.0517,213.4906,3756.5164,0.152,0.001056,-0.014,0.1496,0.0205,ROTATE1
340.0602,13.0423,-12.732,0.0576,340.5482,36.9547,0.0378,252.0243,4639.4487,0.1249,0.001768,-0.0127,0.1215,0.0201,ROTATE1
374.445,112.8308,37.3238,0.0207,392.8523,52.304,0.0368,300.1031,4311.7041,0.095,0.002625,-0.0103,0.0898,0.019,ROTATE1
401.9529,181.074,97.6559,0.0354,451.5424,58.6902,0.0146,350.3312,4387.5513,0.0712,0.002071,-0.0066,0.0566,0.0086,ROTATE1
423.9592,194.3061,152.8716,0.0772,490.781,39.2385,0.0418,395.8635,4738.4131,0.0572,0.000732,-0.0045,0.0221,-0.0069,ROTATE1
441.5642,163.548,199.5067,0.1085,511.3999,20.6189,0.0313,437.4247,3978.0554,0.0599,0.00096,-0.0013,-0.0018,-0.0328,ROTATE1
455.6483,101.4228,245.9928,0.1335,527.6499,16.25,0.0249,474.8451,2328.8779,0.075,0.001812,0.0004,-0.0175,-0.0644,ROTATE1
466.9155,9.882,285.3161,0.1406,547.2779,19.628,0.0071,505.7302,1079.7241,0.099,0.001506,0.0009,-0.0233,-0.0958,ROTATE1
475.9293,-74.8538,302.7967,0.1216,569.0322,21.7543,0.019,529.2281,741.7353,0.1163,0.000501,0.0012,-0.0223,-0.1136,ROTATE1
470.6622,-141.4237,283.5405,0.0834,567.3788,1.6533,0.0382,544.5477,502.5037,0.1175,0.00041,0.0008,-0.018,-0.1157,ROTATE1
478.9267,-162.2952,252.7886,0.0287,565.3429,2.0359,0.0547,555.3363,252.8412,0.1015,0.001717,-0.0007,-0.0099,-0.0999,ROTATE1
436.0382,-126.3987,186.6747,0.0315,490.87,74.4729,0.0029,547.9803,876.6042,0.0811,0.002077,-0.0023,0.0012,-0.0712,ROTATE1
451.2274,-98.3971,117.3522,0.0274,476.5078,14.3622,0.0041,533.8264,1697.8337,0.0585,0.001435,-0.0042,0.0097,-0.0417,ROTATE1
463.3788,-92.0833,56.8537,0.0204,475.8483,0.6595,0.0071,515.1896,1774.9053,0.0383,0.000522,-0.0078,0.0137,-0.0184,ROTATE1
473.1,-86.7291,30.4267,0.135,481.9453,6.097,0.1147,498.1029,1159.2421,0.0486,0.001881,-0.012,-0.012,-0.0054,ROTATE1
465.3331,-71.7395,89.482,0.1025,479.2582,2.6871,0.0326,480.886,29.5998,0.0634,0.002164,-0.0154,-0.034,0.0043,ROTATE1
474.6634,-72.4698,130.3762,0.0973,497.5491,18.2909,0.0052,482.2218,63.4113,0.0765,0.002019,-0.0162,-0.0586,0.0022,ROTATE1
482.1276,-64.5071,162.4635,0.0881,512.8377,15.2886,0.0092,489.4877,191.5542,0.0886,0.001417,-0.0172,-0.0804,0.0022,ROTATE1
488.0989,-33.6681,190.5927,0.0927,525.0711,12.2334,0.0046,499.3323,310.6672,0.1031,0.000278,-0.018,-0.1002,0.007,ROTATE1
492.876,-44.1064,222.7647,0.0923,542.6751,17.604,0.0004,511.4783,478.4015,0.0946,2.4e-05,-0.018,-0.0911,0.0154,ROTATE1
496.6977,-25.6507,231.218,0.0848,548.4782,5.8031,0.0075,525.3223,352.9186,0.091,1.8e-05,-0.0179,-0.087,0.0166,ROTATE1
499.7551,-29.4518,195.9869,0.0686,537.6183,10.8599,0.0162,533.3361,164.6664,0.0853,7.8e-05,-0.0196,-0.0804,0.0191,ROTATE1
502.2009,-28.8552,150.4614,0.0617,525.0496,12.5687,0.0069,535.7784,88.3978,0.08,0.000159,-0.0211,-0.0743,0.0156,ROTATE1
504.1576,-43.1186,111.5973,0.0741,518.1583,6.8912,0.0123,534.3959,125.6507,0.0763,0.000121,-0.0236,-0.0699,0.0109,ROTATE1
505.723,-80.4324,86.7341,0.0897,519.3726,1.2143,0.0157,529.7355,135.3612,0.0758,0.000106,-0.028,-0.0676,0.0115,ROTATE1
506.9753,-74.9459,54.5966,0.096,515.3849,3.9877,0.0062,523.1167,62.4833,0.078,0.000166,-0.0296,-0.0695,0.0115,ROTATE1
507.9771,-45.3067,30.8773,0.1221,510.9274,4.4575,0.0261,517.7786,21.6441,0.0887,0.000422,-0.0323,-0.0788,0.0165,ROTATE1
508.7786,-10.6704,30.9862,0.1331,509.8329,1.0945,0.0111,514.7352,14.4353,0.103,0.000467,-0.035,-0.09,0.0306,ROTATE1
509.4197,25.2731,59.1577,0.1369,513.4655,3.6326,0.0038,513.7968,11.5334,0.1156,0.000372,-0.0352,-0.0987,0.0465,ROTATE1
509.9327,67.2122,82.3481,0.1428,520.8935,7.428,0.0059,514.1008,15.2956,0.1262,0.000274,-0.0326,-0.107,0.0566,ROTATE1
510.343,85.5323,100.8097,0.1421,527.1891,6.2956,0.0008,516.4617,43.6527,0.1354,5.7e-05,-0.0306,-0.1129,0.0666,ROTATE1
510.6713,90.0383,106.7384,0.1429,529.4196,2.2305,0.0008,520.1601,57.4301,0.1396,1.5e-05,-0.0252,-0.1146,0.0744,ROTATE1
510.9339,78.5588,110.0032,0.1415,528.5127,0.9069,0.0013,523.8961,36.0957,0.1412,5e-06,-0.0174,-0.1156,0.0781,ROTATE1
511.144,70.2001,118.3338,0.1375,529.3384,0.8257,0.0041,527.0707,10.1823,0.1414,4e-06,-0.0095,-0.1164,0.0788,ROTATE1
511.3121,61.3414,120.5577,0.1372,528.9017,0.4367,0.0003,528.6723,0.6561,0.1402,6e-06,-0.0042,-0.1152,0.0794,ROTATE1
511.4466,57.2294,154.9305,0.133,537.4535,8.5518,0.0042,530.7252,11.4236,0.1384,1.2e-05,-0.0026,-0.1113,0.0817,ROTATE1
509.3448,85.2491,191.9069,0.1362,550.9336,13.4801,0.0032,535.028,74.2445,0.1371,8e-06,-0.0047,-0.1052,0.0862,ROTATE1
500.1821,113.0399,184.5412,0.149,544.9913,5.9423,0.0128,538.3237,74.7465,0.1386,3e-05,-0.0096,-0.0971,0.0954,ROTATE1
502.5425,141.3069,156.0861,0.1543,544.8665,0.1248,0.0053,541.4293,57.5162,0.1419,6.8e-05,-0.0142,-0.0869,0.1078,ROTATE1
504.4309,167.133,88.3626,0.1462,538.6946,6.1719,0.0081,543.3879,23.7877,0.1437,6.3e-05,-0.0174,-0.0738,0.1192,ROTATE1
505.9416,190.6908,-31.7099,0.1199,541.6137,2.9191,0.0262,544.22,16.6815,0.1411,0.000147,-0.0173,-0.0514,0.125,ROTATE1
507.1502,202.8683,-127.7679,0.0986,560.9648,19.3511,0.0213,546.2262,59.7198,0.1336,0.000446,-0.0149,-0.0314,0.124,ROTATE1
508.117,149.6884,-204.6143,0.0958,567.8526,6.8878,0.0028,550.7985,132.0496,0.123,0.000571,-0.0117,-0.0238,0.1164,ROTATE1
508.8905,89.1101,-262.5602,0.144,579.524,11.6714,0.0482,557.73,241.9977,0.1209,0.00046,-0.0094,-0.0294,0.1108,ROTATE1
509.5093,43.0506,-244.2326,0.1941,566.6592,12.8648,0.0501,563.3229,154.1948,0.1305,0.001311,-0.0077,-0.0452,0.1129,ROTATE1
510.0043,105.8873,-203.2642,0.227,559.1358,7.5234,0.0329,566.8273,51.1627,0.1519,0.002693,-0.0064,-0.0755,0.1254,ROTATE1
510.4003,187.1067,-166.8364,0.2064,568.6403,9.5045,0.0206,568.3624,42.5898,0.1735,0.002255,-0.0044,-0.1036,0.1382,ROTATE1
510.6422,252.0823,-133.2722,0.1624,584.861,16.2206,0.044,571.764,85.4072,0.1868,0.000896,-0.0017,-0.1188,0.1438,ROTATE1
494.7762,280.519,-104.0053,0.1201,578.1968,6.6642,0.0423,571.4987,81.5694,0.182,0.001398,0.0033,-0.1211,0.1335,ROTATE1
326.8554,150.7652,-113.6574,0.0991,377.4686,200.7281,0.021,533.6605,6174.6895,0.163,0.002383,0.0083,-0.1143,0.0963,ROTATE1
324.7374,18.2121,-138.429,0.0741,353.4808,23.9878,0.025,492.5295,10846.0762,0.1324,0.002209,0.0119,-0.1009,0.0564,ROTATE1
335.8212,-56.6209,-136.2901,0.0778,366.8199,13.3391,0.0037,452.1654,11218.8281,0.1067,0.001047,0.0128,-0.0907,0.0247,ROTATE1
319.5007,-94.2749,-109.054,0.102,350.5156,16.3042,0.0241,405.2963,7567.0312,0.0946,0.000285,0.0123,-0.0874,0.0078,ROTATE1
322.4225,-100.2293,-59.9838,0.121,342.9289,7.5868,0.019,358.2427,152.0202,0.0948,0.000294,0.0088,-0.0878,0.008,ROTATE1
335.7473,-81.0709,-22.0152,0.1285,346.0974,3.1686,0.0075,351.9685,68.229,0.1007,0.000483,0.0056,-0.0879,0.0336,ROTATE1
370.9948,-36.5786,6.4348,0.1385,372.8492,26.7517,0.01,355.8422,139.9665,0.1135,0.000462,0.0027,-0.0893,0.0603,ROTATE1
399.1927,27.8652,33.8634,0.1511,401.5943,28.7452,0.0126,362.7971,486.1458,0.1282,0.000274,0.0016,-0.0879,0.0864,ROTATE1
421.751,76.0891,48.622,0.1536,431.3091,29.7148,0.0025,378.9558,1133.6556,0.1385,0.000159,0.0015,-0.082,0.1078,ROTATE1
439.7977,106.3244,62.2413,0.1496,456.7285,25.4193,0.004,401.7157,1565.7722,0.1442,8.9e-05,0.0014,-0.0742,0.1224,ROTATE1
454.2351,138.1033,83.2181,0.1443,482.0034,25.2749,0.0053,428.8969,1497.4991,0.1474,2.9e-05,0.0003,-0.069,0.13,ROTATE1
465.7849,162.3576,112.3276,0.1354,505.8983,23.8949,0.0089,455.5067,1346.9895,0.1468,4.2e-05,-0.001,-0.0664,0.1309,ROTATE1
451.7436,176.0861,137.5215,0.1179,503.9749,1.9234,0.0175,475.9828,816.2419,0.1402,0.000161,-0.0021,-0.0615,0.1258,ROTATE1
409.3511,180.9376,131.4265,0.0993,466.4544,37.5206,0.0186,483.0119,385.8448,0.1293,0.000341,-0.002,-0.0486,0.1181,ROTATE1
337.3246,198.6001,79.9631,0.0903,399.5298,66.9246,0.009,471.5722,1510.6672,0.1174,0.000422,-0.0004,-0.0339,0.1091,ROTATE1
330.4753,196.8457,52.3424,0.0889,388.2034,11.3263,0.0014,452.8122,2527.0366,0.1064,0.000318,0.0012,-0.0212,0.1011,ROTATE1
344.6584,195.1422,59.452,0.086,400.5052,12.3018,0.0029,431.7336,2066.3035,0.0965,0.000134,0.0021,-0.0093,0.0944,ROTATE1
378.1236,194.2231,64.921,0.0847,430.0173,29.512,0.0013,416.942,804.3393,0.0898,2.7e-05,0.0017,-0.0014,0.0895,ROTATE1
404.8958,203.5504,70.0087,0.0868,458.5571,28.5398,0.0022,415.3625,657.9124,0.0873,4e-06,-0.0015,-0.0039,0.0866,ROTATE1
426.3135,214.8372,67.5069,0.0819,482.1363,23.5792,0.005,431.8839,1226.5696,0.0857,6e-06,-0.0066,-0.0076,0.0846,ROTATE1
443.4477,214.2291,51.6087,0.0734,495.1802,13.0439,0.0084,453.2792,1188.4978,0.0826,2.4e-05,-0.0109,-0.0061,0.081,ROTATE1
457.155,193.5833,16.8838,0.0695,496.7397,1.5594,0.0039,472.5261,638.799,0.0793,4.4e-05,-0.015,-0.0007,0.0762,ROTATE1
468.1209,165.6354,-27.2367,0.0733,497.3069,0.5672,0.0037,485.984,219.1006,0.077,4.1e-05,-0.0181,0.0077,0.0715,ROTATE1
476.8936,120.6271,-63.9144,0.0785,496.0478,1.259,0.0052,493.4821,32.6869,0.0753,1.9e-05,-0.0193,0.019,0.0674,ROTATE1
483.9118,62.961,-94.7346,0.0783,497.101,1.0531,0.0002,496.4751,0.6026,0.0746,1.1e-05,-0.0186,0.0302,0.064,ROTATE1
489.5263,34.1844,-121.8127,0.0936,505.6114,8.5105,0.0153,498.5613,12.6093,0.0786,6.7e-05,-0.0156,0.0384,0.066,ROTATE1
494.0179,29.4163,-144.8314,0.101,515.6503,10.0388,0.0075,502.3434,56.0474,0.0849,0.000111,-0.0116,0.0429,0.0716,ROTATE1
497.6112,42.3393,-172.6026,0.0998,528.395,12.7447,0.0012,508.5611,148.0512,0.0902,0.0001,-0.0069,0.0437,0.0778,ROTATE1
500.4859,65.0308,-197.0165,0.096,541.7847,13.3897,0.0038,517.7085,253.8218,0.0937,6.7e-05,-0.0013,0.0416,0.0831,ROTATE1
502.7856,89.1309,-220.4882,0.0959,556.1948,14.4102,0.0,529.5272,325.4447,0.0973,8e-06,0.0049,0.0395,0.0882,ROTATE1
504.6254,110.7922,-239.8124,0.1088,569.5891,13.3942,0.0129,542.3228,368.316,0.1003,2.2e-05,0.0086,0.0379,0.0921,ROTATE1
506.0972,132.9713,-241.0281,0.1234,576.1165,6.5275,0.0145,554.416,308.1887,0.1048,0.000108,0.0083,0.0365,0.0975,ROTATE1
507.2746,169.2739,-214.0725,0.1294,576.028,0.0885,0.006,563.9426,175.4292,0.1107,0.00019,0.0037,0.035,0.1039,ROTATE1
508.2166,212.4973,-160.6955,0.1291,573.8137,2.2143,0.0003,570.3484,55.6876,0.1173,0.00017,-0.0044,0.0349,0.1101,ROTATE1
508.9702,249.2853,-106.4189,0.1145,576.6444,2.8307,0.0146,574.4384,6.8232,0.121,6.7e-05,-0.015,0.0342,0.1135,ROTATE1
509.573,268.8376,-63.2695,0.0946,579.6045,2.9601,0.0199,576.4415,3.4455,0.1182,0.000169,-0.0249,0.0334,0.1095,ROTATE1
510.0553,266.442,-27.5312,0.0803,576.1126,3.4919,0.0143,576.4407,3.446,0.1096,0.000377,-0.032,0.0343,0.0973,ROTATE1
510.4411,249.763,15.425,0.073,568.4801,7.6325,0.0072,574.931,13.8072,0.0983,0.000438,-0.0352,0.0392,0.0782,ROTATE1
472.1092,223.3166,50.5182,0.0802,524.6994,43.7807,0.0072,565.1082,421.7129,0.0885,0.000218,-0.0359,0.0475,0.0553,ROTATE1
480.0842,165.4783,71.0208,0.0908,512.7454,11.954,0.0106,552.3284,780.145,0.0838,6.1e-05,-0.0352,0.0582,0.0361,ROTATE1
486.4643,92.9639,66.9479,0.1151,499.7717,12.9737,0.0243,536.3618,928.8581,0.0879,0.000218,-0.0321,0.0738,0.0213,ROTATE1
491.5683,29.1305,20.7958,0.1424,492.8696,6.9021,0.0273,519.7133,713.9728,0.1003,0.000647,-0.0272,0.0936,0.011,ROTATE1
495.6515,-18.4487,-43.1384,0.1549,497.8672,4.9976,0.0125,505.5907,134.3345,0.1167,0.000826,-0.0215,0.1131,0.0086,ROTATE1
498.9181,-65.6777,-105.5388,0.1501,514.1705,16.3033,0.0048,503.4849,71.594,0.1307,0.000587,-0.0161,0.1279,0.0142,ROTATE1
501.5314,-108.2609,-160.9123,0.1402,537.7239,23.5534,0.0099,508.4806,263.9474,0.1406,0.000189,-0.0111,0.137,0.0227,ROTATE1
503.622,-90.3088,-189.0798,0.1362,545.4741,7.7502,0.004,517.621,438.9342,0.1448,4.6e-05,-0.0091,0.1371,0.0362,ROTATE1
505.2945,-38.4501,-201.3264,0.1323,545.2827,0.1913,0.004,528.1036,359.5558,0.1428,7.2e-05,-0.008,0.128,0.0534,ROTATE1
506.6324,15.318,-197.0424,0.1223,543.8168,1.4659,0.01,537.2936,141.6325,0.1362,8.4e-05,-0.0084,0.1132,0.0686,ROTATE1
468.131,59.145,-178.9026,0.1138,504.6295,39.1873,0.0085,535.3854,244.4443,0.129,9.3e-05,-0.0102,0.099,0.0784,ROTATE1
393.8267,95.8942,-156.0315,0.1133,434.3282,70.3013,0.0005,514.7062,1858.2367,0.1236,8.8e-05,-0.0125,0.0891,0.0836,ROTATE1
310.9489,144.1185,-141.0689,0.1176,370.6208,63.7074,0.0042,479.7356,4598.0825,0.1198,4.9e-05,-0.0147,0.0839,0.0839,ROTATE1
351.1559,133.3854,-119.9489,0.0742,394.3221,23.7013,0.0434,449.5435,4286.3271,0.1082,0.000301,-0.0165,0.0772,0.0731,ROTATE1
383.3217,113.8927,-84.1591,0.0571,408.6439,14.3218,0.017,422.5089,2112.5198,0.0952,0.000613,-0.016,0.0724,0.0531,ROTATE1
409.0542,109.3829,-62.9898,0.0473,428.0861,19.4422,0.0099,407.2001,535.6259,0.0819,0.000827,-0.0144,0.0665,0.0347,ROTATE1
429.6403,121.6126,-67.2918,0.0652,451.5623,23.4763,0.018,410.647,770.1601,0.0723,0.000592,-0.0112,0.0632,0.0215,ROTATE1
446.1091,158.6776,-82.3741,0.0779,480.6011,29.0387,0.0127,432.6431,944.6276,0.0643,0.000125,-0.008,0.0605,0.0112,ROTATE1
459.2842,189.0264,-100.1555,0.0834,506.6597,26.0587,0.0055,455.1106,1241.8302,0.0662,0.000175,-0.0065,0.0638,0.0088,ROTATE1
469.8242,208.1211,-113.3119,0.0831,526.2023,19.5425,0.0003,478.6223,1268.0039,0.0714,0.000189,-0.0072,0.0685,0.0146,ROTATE1
478.2563,214.2813,-122.2027,0.0801,538.1255,11.9232,0.003,500.6302,981.0006,0.0779,4.4e-05,-0.0091,0.0749,0.0174,ROTATE1
485.0019,205.3407,-160.2434,0.0647,550.5175,12.392,0.0153,520.4212,605.5343,0.0778,4.7e-05,-0.0123,0.0742,0.0179,ROTATE1
490.3984,186.2444,-151.501,0.0754,546.0129,4.5046,0.0107,533.5036,248.244,0.0773,4.8e-05,-0.0171,0.0728,0.0093,ROTATE1
494.7156,162.9955,-154.3039,0.0807,543.2502,2.7627,0.0053,540.8217,69.5704,0.0768,4.3e-05,-0.0159,0.07,-0.0053,ROTATE1
498.1694,117.937,-163.64,0.0917,537.4569,5.7933,0.011,543.0726,24.0227,0.0785,7.6e-05,-0.0117,0.0664,-0.023,ROTATE1
500.9324,77.2715,-179.6089,0.0982,537.7392,0.2823,0.0064,542.9953,24.811,0.0822,0.00014,-0.0047,0.0626,-0.0394,ROTATE1
503.1428,47.5797,-203.0652,0.104,544.6577,6.9185,0.0058,541.8234,12.6735,0.09,0.000113,0.0034,0.0618,-0.0591,ROTATE1
504.9111,25.87,-232.9303,0.0995,556.6516,11.994,0.0045,543.951,48.6111,0.0948,6.5e-05,0.0138,0.0592,-0.0713,ROTATE1
506.3258,5.221,-265.6567,0.0817,571.8099,15.1583,0.0177,549.6631,171.1093,0.095,5.9e-05,0.0177,0.056,-0.0744,ROTATE1
507.4575,-3.7107,-288.9691,0.0633,583.9778,12.1678,0.0184,558.9672,290.2437,0.0893,0.000226,0.0166,0.0517,-0.0707,ROTATE1
508.3629,-34.7748,-284.3878,0.0549,583.5397,0.4381,0.0084,568.1273,236.9713,0.0807,0.000372,0.0108,0.0464,-0.0639,ROTATE1
509.0872,-66.2917,-257.6478,0.0328,574.4099,9.1298,0.0222,574.0778,99.2924,0.0664,0.00052,0.0027,0.0391,-0.0508,ROTATE1
509.6667,-87.2927,-227.6495,0.0293,564.9818,9.4282,0.0035,575.7438,52.3301,0.0524,0.000381,-0.0064,0.0296,-0.0384,ROTATE1
510.1302,-122.0436,-201.4133,0.0336,561.8672,3.1145,0.0043,573.7552,83.7925,0.0428,0.000187,-0.0136,0.0197,-0.0312,ROTATE1
510.5011,-141.9255,-178.69,0.0315,559.1818,2.6854,0.0021,568.7961,80.7761,0.0364,8.8e-05,-0.0183,0.0112,-0.0262,ROTATE1
505.0446,-138.8779,-164.2083,0.025,548.9276,10.2543,0.0065,561.8737,68.3331,0.0304,9e-06,-0.0195,0.0043,-0.0211,ROTATE1
495.1732,-116.1929,-161.9416,0.0141,533.7812,15.1464,0.0109,553.7479,128.7112,0.0267,4.8e-05,-0.0178,0.0002,-0.0195,ROTATE1
479.8542,-93.8731,-174.9752,0.0052,519.3154,14.4658,0.0089,544.6146,257.174,0.0219,0.000116,-0.0135,-0.0008,-0.0168,ROTATE1
478.5552,-69.4485,-192.5395,0.0109,520.4898,1.1744,0.0057,536.3392,245.5615,0.0173,9.2e-05,-0.0095,-0.001,-0.0093,ROTATE1
481.6348,-39.99,-212.2816,0.0239,527.8587,7.3689,0.013,530.0745,116.3422,0.0158,5.8e-05,-0.0074,-0.0032,-0.001,ROTATE1
477.9141,-15.7733,-225.7316,0.0371,528.7773,0.9186,0.0132,526.0445,29.3502,0.0182,0.000126,-0.0071,-0.0089,0.0048,ROTATE1
449.0407,-12.7842,-224.204,0.0459,502.0641,26.7131,0.0088,519.701,92.1513,0.0246,0.000235,-0.01,-0.0167,0.0066,ROTATE1
436.8544,-1.2461,-210.8601,0.0532,485.0828,16.9814,0.0073,512.8546,284.9317,0.0342,0.000232,-0.0163,-0.0255,0.0065,ROTATE1
451.8804,44.1187,-184.4662,0.065,490.0716,4.9888,0.0118,506.7709,340.0741,0.045,0.000196,-0.0221,-0.0331,0.013,ROTATE1
463.9012,85.7731,-151.2261,0.0509,495.4096,5.338,0.0141,500.2811,234.8331,0.0504,8.4e-05,-0.0227,-0.0368,0.017,ROTATE1
473.5179,83.1372,-148.1684,0.0204,503.0754,7.6657,0.0305,495.1407,47.5646,0.0471,0.000218,-0.02,-0.0344,0.0162,ROTATE1
481.2112,56.9879,-168.8159,0.01,513.1381,10.0627,0.0104,497.3555,97.8534,0.0399,0.000441,-0.0161,-0.0281,0.0157,ROTATE1
487.3658,41.7466,-198.034,0.0068,527.7175,14.5794,0.0032,505.8824,179.3909,0.0307,0.000538,-0.0099,-0.0204,0.0179,ROTATE1
492.2896,43.9723,-221.546,0.0163,541.632,13.9145,0.0094,516.1945,278.6613,0.0209,0.000248,-0.0042,-0.0128,0.0125,ROTATE1
496.2285,58.5653,-230.4711,0.0191,550.2632,8.6312,0.0029,527.1652,304.0378,0.0145,2.8e-05,-0.0015,-0.0056,0.0088,ROTATE1
499.3797,79.3866,-227.7551,0.0186,554.5761,4.3129,0.0005,537.4653,232.1523,0.0142,2.4e-05,-0.001,-0.0003,0.0106,ROTATE1
501.9006,97.3843,-215.6759,0.0154,554.8911,0.3149,0.0032,545.8159,104.7873,0.0153,2e-05,-0.0009,0.0026,0.0142,ROTATE1
500.9393,112.4293,-199.4939,0.0118,550.7979,4.0931,0.0036,550.432,22.932,0.0162,7e-06,-0.0021,0.0038,0.0149,ROTATE1
468.2171,123.1341,-178.092,0.0106,515.8546,34.9433,0.0012,545.2766,219.9845,0.0151,1.2e-05,-0.0035,0.0029,0.0126,ROTATE1
412.5862,133.6354,-148.4861,0.0128,458.4036,57.451,0.0022,526.9047,1386.866,0.0138,8e-06,-0.0051,0.0,0.0093,ROTATE1
318.8221,142.4083,-115.5232,0.0094,367.7951,90.6085,0.0034,489.5485,4901.4087,0.012,4e-06,-0.006,-0.0029,0.0051,ROTATE1
209.8795,152.661,-88.7217,0.0112,274.2742,93.5209,0.0018,433.4251,10166.2471,0.0111,1e-06,-0.0057,-0.0027,0.0008,ROTATE1
127.6911,156.5757,-78.1961,0.0615,216.6463,57.6279,0.0503,366.5948,12343.29,0.0211,0.000409,-0.0026,0.0082,-0.0055,ROTATE1
194.8185,100.2231,-145.8288,0.1153,263.1823,46.5361,0.0538,316.0603,7472.6836,0.042,0.001725,0.0016,0.0298,-0.0168,ROTATE1
194.3986,80.6816,-99.2443,0.0663,232.701,30.4814,0.049,270.9198,2772.448,0.0527,0.001557,0.0011,0.02,-0.0227,ROTATE1
257.9157,138.0672,-38.6735,0.0437,295.091,62.39,0.0227,256.379,800.8964,0.0596,0.001151,0.0009,0.0131,-0.0193,ROTATE1
308.7294,204.46,-5.7545,0.0312,370.3388,75.2478,0.0125,275.5919,2965.0825,0.0636,0.000827,0.0035,0.0065,-0.0151,ROTATE1
349.3804,251.793,-2.5723,0.0186,430.6658,60.3269,0.0126,318.3958,5247.5732,0.055,0.001157,0.0055,-0.0058,-0.0105,ROTATE1
381.9012,290.6906,-21.8922,0.0186,480.4465,49.7808,0.0,361.8486,8001.8086,0.0357,0.000321,0.0047,-0.0238,-0.0023,ROTATE1
407.9179,325.6463,-54.7013,0.0351,524.8187,44.3722,0.0165,420.2722,6564.5249,0.0295,9.4e-05,0.0051,-0.009,-0.003,ROTATE1
428.7312,342.042,-67.436,0.0566,552.5856,27.7668,0.0214,471.7711,4279.689,0.032,0.000195,0.003,0.0021,-0.016,ROTATE1
445.3818,339.8493,-62.5551,0.0696,563.7159,11.1303,0.013,510.4465,2416.9702,0.0397,0.000418,-0.0054,0.0102,-0.0308,ROTATE1
458.7024,296.5326,-44.1284,0.0918,547.9843,15.7316,0.0222,533.9103,875.2491,0.0543,0.000657,-0.0197,0.0156,-0.0451,ROTATE1
469.3588,280.4667,-48.6684,0.0951,548.9333,0.9491,0.0033,547.6076,161.0978,0.0696,0.0005,-0.0313,0.0179,-0.0587,ROTATE1
477.8839,258.2608,-58.5097,0.0873,546.347,2.5863,0.0078,551.9133,39.0107,0.0801,0.000216,-0.0362,0.0201,-0.0679,ROTATE1
484.704,226.4399,-62.214,0.0776,538.5941,7.7529,0.0098,549.1149,66.5696,0.0843,8.9e-05,-0.0353,0.0208,-0.0724,ROTATE1
490.1601,208.7613,-78.015,0.0676,538.4464,0.1477,0.0099,544.061,21.1536,0.0839,0.000101,-0.0315,0.0198,-0.0734,ROTATE1
494.525,189.7466,-102.2213,0.0661,539.4515,1.0051,0.0015,542.3545,19.4126,0.0787,0.000126,-0.0228,0.0171,-0.0721,ROTATE1
498.0168,163.4816,-119.9958,0.0691,537.723,1.7285,0.0031,540.1124,10.0195,0.0735,6.3e-05,-0.0143,0.0142,-0.0702,ROTATE1
500.8104,143.7478,-125.2873,0.0878,535.8837,1.8393,0.0187,538.0197,1.4425,0.0736,6.6e-05,-0.005,0.0079,-0.0719,ROTATE1
503.0452,86.8326,-114.9392,0.1103,523.2642,12.6196,0.0225,534.9538,35.5217,0.0802,0.000289,0.0016,-0.001,-0.078,ROTATE1
504.833,21.2692,-86.7295,0.1158,512.6702,10.5939,0.0055,529.7985,105.8167,0.0898,0.000418,0.0092,-0.0108,-0.086,ROTATE1
506.2633,-18.2315,-49.3992,0.1092,508.9943,3.6759,0.0066,523.7071,136.6384,0.0985,0.000306,0.0171,-0.0217,-0.092,ROTATE1
507.4075,-34.0415,-6.7662,0.0958,508.5932,0.4011,0.0135,517.8811,109.0932,0.1038,0.000107,0.0246,-0.0331,-0.0937,ROTATE1
508.3229,-26.7613,33.3276,0.0764,510.1167,1.5236,0.0194,512.7277,29.774,0.1015,0.000201,0.028,-0.0402,-0.0875,ROTATE1
509.0552,-8.5372,52.9184,0.0549,511.8696,1.7528,0.0215,510.4488,2.5245,0.0904,0.000497,0.0298,-0.0412,-0.0732,ROTATE1
509.6411,18.5609,55.8034,0.026,513.0229,1.1534,0.0289,510.5193,2.8578,0.0725,0.000875,0.0282,-0.0359,-0.055,ROTATE1
510.1097,40.4362,53.4896,0.0097,514.498,1.475,0.0163,511.6201,4.347,0.0526,0.000996,0.0231,-0.0252,-0.0365,ROTATE1
510.4847,71.2709,32.0261,0.0295,516.4299,1.9319,0.0197,513.1874,4.6848,0.0393,0.000553,0.0155,-0.0103,-0.0188,ROTATE1
510.7846,101.9854,-15.4541,0.0414,521.0958,4.6659,0.0119,515.3832,10.4858,0.0323,0.00023,0.0064,0.0052,-0.005,ROTATE1
511.0246,114.6415,-77.0758,0.0415,529.3671,8.2713,0.0001,518.8827,34.8797,0.0296,0.000137,-0.0041,0.0185,0.0012,ROTATE1
508.1697,102.1819,-120.7763,0.0263,532.226,2.8589,0.0152,522.7233,48.8704,0.0297,0.000137,-0.0098,0.0247,0.0009,ROTATE1
502.4357,75.7456,-122.2741,0.0251,522.6184,9.6075,0.0012,524.3474,32.7037,0.0327,5.2e-05,-0.0113,0.0239,-0.0035,ROTATE1
490.6236,39.0433,-104.7162,0.0303,503.1912,19.4272,0.0052,521.6996,102.673,0.0329,5.1e-05,-0.011,0.0176,-0.0118,ROTATE1
476.1707,16.5659,-75.5886,0.0279,482.4175,20.7737,0.0025,513.964,351.3774,0.0302,3.5e-05,-0.0089,0.0088,-0.0199,ROTATE1
468.2241,13.7965,-55.5334,0.0189,471.7077,10.7098,0.0089,502.4321,528.0623,0.0257,1.4e-05,-0.005,0.0008,-0.0228,ROTATE1
446.8168,26.9622,-67.6579,0.0088,452.7138,18.9938,0.0102,486.5297,592.0229,0.0222,6e-05,-0.0042,-0.0034,-0.0207,ROTATE1
414.1909,29.3354,-80.9139,0.0164,423.0387,29.6751,0.0077,466.6138,741.1214,0.0205,6.2e-05,-0.0065,-0.0038,-0.0143,ROTATE1
424.2715,-7.0442,-75.5655,0.0335,431.0059,7.9672,0.0171,452.1767,518.6962,0.0211,7.6e-05,-0.0119,-0.0016,-0.0068,ROTATE1
441.8141,-51.626,-80.3024,0.0401,452.0104,21.0045,0.0066,446.0953,298.8169,0.0235,0.000133,-0.0176,0.003,0.0025,ROTATE1
455.8481,-93.3227,-67.2106,0.0295,470.1318,18.1214,0.0106,445.7801,283.0695,0.0256,0.000131,-0.0214,0.0026,0.0095,ROTATE1
467.0754,-138.8644,-13.5935,0.0467,487.4706,17.3387,0.0173,452.7315,572.7514,0.0332,0.000105,-0.0247,-0.0041,0.0141,ROTATE1
476.0572,-192.7321,58.9689,0.0613,516.9656,29.4951,0.0146,471.5168,868.7341,0.0422,0.000125,-0.0269,-0.0147,0.0172,ROTATE1
483.2427,-212.2357,126.8689,0.0572,542.8289,25.8632,0.0041,493.8814,1057.4116,0.0469,0.000133,-0.0248,-0.0201,0.0253,ROTATE1
488.991,-160.3855,134.9076,0.0763,532.011,10.8178,0.0191,509.8816,741.5438,0.0542,0.000243,-0.0207,-0.0159,0.0345,ROTATE1
493.5897,-101.7802,71.1792,0.0975,508.976,23.0351,0.0212,517.6504,365.3442,0.0678,0.000311,-0.0158,0.0022,0.0414,ROTATE1
497.2687,-69.7023,0.759,0.1041,502.1306,6.8454,0.0066,520.5824,222.7558,0.0793,0.000355,-0.0087,0.0285,0.0459,ROTATE1
500.2118,-44.7494,-57.7615,0.0969,505.5203,3.3897,0.0072,518.2933,260.2733,0.0864,0.000301,0.0016,0.0556,0.0494,ROTATE1
502.5663,-31.1245,-92.3186,0.073,511.9222,6.4019,0.0239,512.112,109.7844,0.0896,0.000156,0.0112,0.0718,0.0461,ROTATE1
504.45,-18.5496,-113.8424,0.0615,517.4687,5.5465,0.0115,509.2036,27.87,0.0866,0.00027,0.0183,0.0737,0.0392,ROTATE1
505.9568,-6.099,-134.7145,0.0538,523.6196,6.1509,0.0076,512.1323,60.8467,0.0779,0.000384,0.0219,0.0646,0.0356,ROTATE1
507.1624,4.9145,-154.3185,0.0316,530.1434,6.5238,0.0222,517.7349,74.3312,0.0634,0.000464,0.0228,0.0505,0.0296,ROTATE1
496.283,-15.8653,-114.6142,0.0357,509.5929,20.5505,0.0041,518.5494,57.0869,0.0511,0.000243,0.0199,0.0273,0.0189,ROTATE1
499.4233,-42.6891,-68.1726,0.0557,505.8592,3.7338,0.0201,517.3368,79.041,0.0477,0.000139,0.0192,0.0052,0.0116,ROTATE1
501.9355,-59.2763,-32.6287,0.0654,506.4756,0.6165,0.0097,515.1381,97.7964,0.0485,0.000164,0.0179,-0.0166,0.0042,ROTATE1
503.9453,-11.396,-16.1623,0.0512,504.3332,2.1425,0.0143,511.2809,91.8801,0.0479,0.000159,0.0159,-0.0314,0.0045,ROTATE1
505.5531,62.6832,-25.4799,0.0609,510.0612,5.728,0.0098,507.2644,4.8865,0.0538,0.000105,0.0138,-0.0405,0.0136,ROTATE1
506.8394,152.5434,-40.8214,0.05,530.8691,20.808,0.0109,511.5196,97.1317,0.0567,3.4e-05,0.0125,-0.0376,0.0257,ROTATE1
507.8684,184.5535,-50.1977,0.0264,542.6879,11.8187,0.0237,518.8854,230.7607,0.0508,0.000183,0.0096,-0.0312,0.0299,ROTATE1
508.6916,121.4303,-84.1176,0.0467,529.7058,12.9821,0.0204,523.5314,201.7909,0.0471,0.000129,0.0123,-0.0255,0.0316,ROTATE1
509.3502,142.0318,-119.7159,0.0251,542.1647,12.4589,0.0216,531.0977,140.2671,0.0418,0.000195,0.0139,-0.0217,0.0249,ROTATE1
509.877,132.516,-155.4134,0.0096,549.2617,7.097,0.0155,538.9379,56.2784,0.0316,0.000224,0.0107,-0.0172,0.013,ROTATE1
510.2985,78.116,-195.4932,0.0301,552.0184,2.7567,0.0205,543.1677,59.586,0.0276,0.000141,0.0054,-0.0102,0.0016,ROTATE1
510.6357,20.4834,-227.7946,0.0463,559.5165,7.4982,0.0162,546.5334,101.6688,0.0316,0.000195,-0.0016,0.0002,-0.0052,ROTATE1
510.9055,-11.1258,-251.0419,0.0653,569.3595,9.843,0.019,554.4642,86.3445,0.0353,0.000362,-0.0139,0.0171,-0.0117,ROTATE1
511.1212,17.2337,-239.096,0.0631,564.543,4.8165,0.0022,558.9398,56.3741,0.0429,0.000438,-0.0209,0.0321,-0.0159,ROTATE1
511.2939,48.287,-242.7237,0.0639,568.0386,3.4955,0.0008,562.6952,40.0955,0.0537,0.000187,-0.0157,0.0435,-0.0195,ROTATE1
511.432,63.0327,-257.9415,0.0586,576.2548,8.2162,0.0053,567.5425,30.573,0.0594,4.8e-05,-0.0047,0.0487,-0.0214,ROTATE1
511.5425,79.7481,-270.7938,0.0451,584.2643,8.0095,0.0135,572.492,49.1154,0.0592,5.5e-05,0.0074,0.0449,-0.023,ROTATE1
511.6309,73.1516,-271.0975,0.0436,583.619,0.6453,0.0015,575.3439,63.7814,0.0548,7.7e-05,0.0177,0.0334,-0.0247,ROTATE1
511.7016,25.9713,-262.5155,0.0448,575.6973,7.9217,0.0012,577.5748,35.4977,0.0512,7e-05,0.02,0.0191,-0.029,ROTATE1
511.7581,-31.1511,-246.7124,0.0435,568.9761,6.7212,0.0012,577.7623,32.062,0.0471,3.3e-05,0.013,0.0044,-0.0321,ROTATE1
511.8034,-77.3271,-226.6324,0.0366,565.0527,3.9235,0.007,575.5219,58.895,0.0427,1e-05,0.0005,-0.0066,-0.0322,ROTATE1
511.8396,-71.8805,-204.0685,0.042,555.6892,9.3635,0.0054,569.8068,89.6148,0.0421,8e-06,-0.0134,-0.0136,-0.0288,ROTATE1
511.8686,-26.8856,-188.4516,0.0457,546.1193,9.5699,0.0038,562.3069,107.431,0.0425,1e-05,-0.0242,-0.0183,-0.0236,ROTATE1
511.5761,48.4634,-195.1894,0.0458,549.6887,3.5695,0.0001,557.1052,76.3563,0.0427,1.2e-05,-0.0264,-0.0226,-0.0198,ROTATE1
503.3203,119.2895,-219.2641,0.0677,561.8167,12.1279,0.0218,555.6733,50.5617,0.0476,0.000113,-0.0256,-0.0293,-0.0215,ROTATE1
476.8719,171.1316,-233.6331,0.0953,557.9222,3.8944,0.0276,554.2472,31.945,0.0593,0.000406,-0.0239,-0.04,-0.031,ROTATE1
460.135,194.8521,-225.1065,0.1226,548.0552,9.8671,0.0273,552.7204,36.8663,0.0754,0.000888,-0.0212,-0.0512,-0.0479,ROTATE1
470.5049,156.5973,-199.9664,0.14,534.6813,13.3738,0.0174,550.4329,87.9998,0.0943,0.001189,-0.0181,-0.0618,-0.0679,ROTATE1
478.8008,168.6435,-164.2825,0.1003,533.5537,1.1276,0.0397,547.2058,134.4565,0.1052,0.000609,-0.0164,-0.0705,-0.0754,ROTATE1
485.4375,144.0835,-149.8448,0.0858,528.0749,5.4788,0.0145,540.4575,119.4194,0.1088,0.00039,-0.0108,-0.0732,-0.0779,ROTATE1
490.7469,120.5981,-172.3321,0.0816,533.9239,5.849,0.0042,535.6578,43.9165,0.106,0.000494,-0.0025,-0.0722,-0.0749,ROTATE1
494.9944,119.7535,-190.4,0.0794,543.7026,9.7787,0.0022,534.7873,25.3634,0.0974,0.000506,0.0054,-0.0709,-0.0629,ROTATE1
498.3924,142.1653,-199.1669,0.0848,555.2238,11.5212,0.0054,538.8958,92.0114,0.0864,5.3e-05,0.0111,-0.0701,-0.0462,ROTATE1
501.1108,159.7697,-190.571,0.091,559.4244,4.2007,0.0062,544.0699,143.8174,0.0845,1.6e-05,0.0133,-0.0711,-0.0407,ROTATE1
503.2855,153.8002,-161.5068,0.0935,550.4864,8.938,0.0026,548.5522,80.7925,0.086,2.9e-05,0.0088,-0.0755,-0.0372,ROTATE1
505.0253,129.1682,-120.1492,0.0877,534.9494,15.537,0.0059,548.7573,74.9602,0.0873,2.4e-05,0.0004,-0.0787,-0.0347,ROTATE1
506.4171,103.8033,-97.6944,0.0725,526.0966,8.8528,0.0152,545.2361,160.1527,0.0859,5.4e-05,-0.0075,-0.0768,-0.0345,ROTATE1
425.0399,171.8802,-92.3305,0.0633,467.6822,58.4144,0.0092,527.7278,1036.5828,0.0816,0.000137,-0.0122,-0.0718,-0.0229,ROTATE1
442.4288,239.901,-79.4957,0.0827,509.5246,41.8424,0.0194,517.7479,802.3193,0.0799,0.000117,-0.01,-0.0599,-0.0008,ROTATE1
456.34,284.6833,-114.0121,0.0745,549.8087,40.2841,0.0082,517.6123,793.5176,0.0761,7.1e-05,-0.0019,-0.04,0.0203,ROTATE1
460.1251,290.5248,-139.266,0.0537,561.707,11.8984,0.0208,522.9638,1093.6328,0.0693,9.9e-05,0.0073,-0.0208,0.0197,ROTATE1
330.922,270.3979,-89.6909,0.0207,436.6565,125.0506,0.033,505.0758,2261.4805,0.059,0.000462,0.0119,-0.0067,0.0226,ROTATE1
269.5126,274.6777,-30.9871,0.0333,386.0636,50.5929,0.0126,488.752,4548.1411,0.053,0.000554,0.0141,-0.001,0.0123,ROTATE1
318.0069,263.7016,50.5103,0.0522,416.1949,30.1313,0.0189,470.0861,5166.3325,0.0469,0.000341,0.0113,-0.0042,-0.0096,ROTATE1
356.8024,265.8363,92.8426,0.0352,454.529,38.3341,0.017,451.0302,3580.4727,0.039,0.000154,0.006,-0.0111,-0.0286,ROTATE1
387.8388,268.6472,85.7772,0.0467,479.5289,24.9999,0.0115,434.5946,1022.9066,0.0376,0.000121,0.004,-0.0118,-0.0282,ROTATE1
412.668,243.8083,51.578,0.067,482.0764,2.5475,0.0203,443.6786,1390.4423,0.0469,0.000151,0.0072,-0.0082,-0.0363,ROTATE1
432.5312,205.6779,12.4156,0.0586,479.1042,2.9722,0.0084,462.2867,631.2779,0.0519,0.000116,0.0106,0.0014,-0.0424,ROTATE1
448.4219,203.0048,-4.1769,0.0221,492.2505,13.1464,0.0365,477.4978,154.5756,0.0459,0.000257,0.0132,0.0083,-0.0393,ROTATE1
461.1344,201.1289,-5.9197,0.0304,503.123,10.8725,0.0082,487.2166,85.9377,0.0449,0.000282,0.0153,0.0077,-0.0361,ROTATE1
471.3044,210.7937,-5.2201,0.036,516.3227,13.1996,0.0056,494.5754,189.399,0.0428,0.000293,0.0164,-0.0015,-0.0295,ROTATE1
479.4404,185.185,2.3239,0.0364,513.967,2.3557,0.0004,500.9535,192.6807,0.0367,0.000147,0.0187,-0.0099,-0.0213,ROTATE1
485.9492,131.0855,11.681,0.0382,503.4546,10.5124,0.0018,505.8236,74.7357,0.0326,3.4e-05,0.0216,-0.0167,-0.0149,ROTATE1
491.1562,82.0434,12.8136,0.0471,498.1263,5.3283,0.0089,506.9987,48.3591,0.0376,2.9e-05,0.0246,-0.0189,-0.0183,ROTATE1
495.3219,41.8972,12.3227,0.0433,497.2434,0.8828,0.0038,505.8228,63.0054,0.0402,1.9e-05,0.0226,-0.0191,-0.0228,ROTATE1
498.6544,11.524,-0.3231,0.0399,498.7877,1.5443,0.0034,502.3158,38.5552,0.041,1.5e-05,0.0172,-0.0183,-0.0274,ROTATE1
501.3204,4.4411,-15.8741,0.028,501.5914,2.8037,0.0119,499.8406,5.3838,0.0393,4.1e-05,0.0082,-0.02,-0.0247,ROTATE1
503.4532,14.6841,-34.793,0.0405,504.8676,3.2763,0.0125,500.1232,7.746,0.0398,4.1e-05,-0.0029,-0.0211,-0.0154,ROTATE1
505.1595,20.4848,-17.1844,0.0608,505.8666,0.999,0.0203,501.6713,11.149,0.0425,0.000111,-0.0137,-0.0201,0.0021,ROTATE1
506.5245,39.7285,-35.6444,0.0717,509.3289,3.4623,0.0109,504.0884,13.113,0.0482,0.00025,-0.0119,-0.0169,0.0231,ROTATE1
507.6165,58.3765,-42.778,0.0363,512.7497,3.4208,0.0354,506.8809,14.6993,0.0475,0.000264,-0.01,-0.0151,0.0359,ROTATE1
508.4901,68.3918,-61.0256,0.0302,516.6853,3.9356,0.0061,509.8996,19.216,0.0479,0.000247,-0.0078,-0.014,0.0415,ROTATE1
509.1889,71.8197,-72.1048,0.0245,519.2596,2.5743,0.0057,512.778,23.3885,0.0447,0.000336,-0.0041,-0.013,0.0403,ROTATE1
509.748,79.6308,-78.7026,0.0291,521.8987,2.6391,0.0046,515.9844,20.1912,0.0384,0.000292,-0.0015,-0.012,0.0345,ROTATE1
510.1953,77.814,-94.3433,0.0362,524.6475,2.7488,0.0071,519.0482,16.9552,0.0313,2e-05,-0.0031,-0.013,0.0272,ROTATE1
510.5531,66.7793,-105.6934,0.0444,525.6378,0.9903,0.0082,521.6257,11.0616,0.0329,4.7e-05,-0.0013,-0.0127,0.0288,ROTATE1
510.8394,54.2141,-112.6079,0.0505,525.9055,0.2677,0.0061,523.4698,6.4427,0.037,9.1e-05,0.003,-0.0118,0.0331,ROTATE1
511.0684,43.8775,-113.3519,0.0572,525.3235,0.582,0.0067,524.6826,2.114,0.0435,0.0001,0.0082,-0.0117,0.0396,ROTATE1
511.2516,54.0489,-107.119,0.063,525.1418,0.1816,0.0058,525.3312,0.1854,0.0503,8.9e-05,0.0146,-0.0119,0.0464,ROTATE1
511.3982,90.6204,-99.4765,0.0653,528.8059,3.6641,0.0023,526.1629,1.8149,0.0561,6e-05,0.0168,-0.0106,0.0522,ROTATE1
509.9123,124.6838,-90.8874,0.0639,532.7449,3.939,0.0014,527.5844,8.4038,0.06,3e-05,0.0162,-0.0091,0.0567,ROTATE1
449.9017,146.6689,-82.935,0.0655,480.4181,52.3268,0.0017,518.4868,370.0071,0.063,9e-06,0.0093,-0.0068,0.0601,ROTATE1
310.5557,144.3133,-88.273,0.0739,353.6429,126.7752,0.0083,484.1507,4616.3955,0.0663,1.5e-05,-0.0003,-0.0031,0.0632,ROTATE1
146.0446,140.5881,-96.4434,0.0906,224.4891,129.1538,0.0167,424.0202,14149.4873,0.0718,0.0001,-0.0109,-0.0004,0.0681,ROTATE1
14.4357,153.5424,-94.0984,0.0967,180.6604,43.8288,0.0061,354.3911,18950.0645,0.0781,0.000176,-0.0175,0.0001,0.0746,ROTATE1
-90.8515,183.1308,-73.6663,0.0896,217.2961,36.6357,0.007,291.3013,12366.7363,0.0833,0.000135,-0.0171,-0.0,0.0798,ROTATE1
-175.0812,204.4046,-20.6174,0.0574,269.9254,52.6294,0.0323,249.2028,3532.8062,0.0816,0.000204,-0.0095,-0.0023,0.0777,ROTATE1
-242.4649,175.7924,41.1467,0.0288,302.3,32.3745,0.0286,238.9342,1809.678,0.0726,0.000669,-0.0006,-0.008,0.0661,ROTATE1
-277.8313,123.3808,86.9861,0.0211,316.1956,13.8956,0.0077,257.2755,2625.408,0.0587,0.000943,0.0076,-0.0124,0.0473,ROTATE1
-263.312,69.7484,111.5514,0.0172,294.3497,21.8459,0.0039,280.0134,1209.3206,0.0428,0.000747,0.0107,-0.0129,0.025,ROTATE1
-227.7089,21.455,117.6755,0.0168,257.2143,37.1354,0.0003,287.997,462.85,0.0282,0.000231,0.0083,-0.0104,0.0041,ROTATE1
-203.8109,-13.2516,114.6123,0.0253,234.2018,23.0125,0.0085,280.8523,925.2719,0.0218,2.1e-05,0.004,-0.0048,-0.0104,ROTATE1
-208.2175,-48.4044,103.118,0.034,237.3412,3.1394,0.0087,267.8605,1043.1287,0.0229,4e-05,-0.0006,0.0041,-0.0173,ROTATE1
-206.624,-76.7736,75.1287,0.034,232.8776,4.4635,0.0,251.1969,542.9571,0.0255,5.8e-05,-0.004,0.0134,-0.0177,ROTATE1
-129.9554,-97.1407,41.4467,0.0347,167.4592,65.4185,0.0007,225.8188,928.8783,0.029,4.9e-05,-0.006,0.0214,-0.0153,ROTATE1
-47.1394,-105.6345,7.8636,0.0313,115.9422,51.517,0.0034,197.5644,2348.0042,0.0319,1.2e-05,-0.0081,0.026,-0.0128,ROTATE1
8.0729,-107.2732,-9.2872,0.0229,107.9767,7.9655,0.0084,172.3194,3047.4248,0.0314,1.9e-05,-0.0105,0.0265,-0.0096,ROTATE1
29.4083,-99.7529,-13.0485,0.0198,104.813,3.1637,0.0031,145.8137,2410.7314,0.0285,3.7e-05,-0.0123,0.0238,-0.0063,ROTATE1
4.6829,-76.9836,-5.3482,0.0247,77.3111,27.5019,0.0049,114.7004,865.1916,0.0267,3e-05,-0.0129,0.02,-0.0073,ROTATE1
-67.1568,-55.1462,-1.7911,0.0533,86.9158,9.6047,0.0286,98.5917,203.4025,0.0304,0.000145,-0.0118,0.0199,-0.015,ROTATE1
-145.0598,-55.7983,-24.9953,0.0824,157.4184,70.5026,0.0291,106.887,766.4995,0.0406,0.000582,-0.0091,0.0256,-0.0262,ROTATE1
-218.4478,-76.8511,-52.6994,0.0807,237.4927,80.0743,0.0017,132.7902,3506.856,0.0522,0.000707,-0.0066,0.0317,-0.0383,ROTATE1
-277.1583,-92.5184,-66.2439,0.0631,299.6075,62.1148,0.0176,171.7491,7398.1147,0.0609,0.000446,-0.0051,0.0346,-0.0483,ROTATE1
-324.1266,-76.5085,-51.0451,0.0481,336.9232,37.3157,0.015,223.6715,8374.9668,0.0655,0.000195,-0.0053,0.032,-0.0539,ROTATE1
-361.7013,-39.7474,-28.6173,0.0452,365.0023,28.0791,0.0029,279.2888,5536.1338,0.0639,0.000245,-0.0068,0.0218,-0.0534,ROTATE1
-391.761,43.4083,-11.8158,0.0326,394.3357,29.3334,0.0127,326.6722,2967.6211,0.0539,0.000274,-0.0089,0.0072,-0.047,ROTATE1
-415.8088,107.2548,-22.0214,0.0543,429.9832,35.6475,0.0217,365.1703,2029.5479,0.0487,0.000102,-0.0077,-0.0056,-0.0444,ROTATE1
-435.0471,109.3132,-50.8796,0.0804,451.4466,21.4635,0.0261,395.5382,1736.3633,0.0521,0.00025,-0.0033,-0.0146,-0.0481,ROTATE1
-450.4377,76.5537,-78.7693,0.0661,463.6369,12.1902,0.0143,420.8809,1334.4519,0.0557,0.000272,0.0029,-0.0219,-0.0491,ROTATE1
-427.6501,39.4867,-101.8592,0.072,441.3832,22.2537,0.0059,436.1571,560.674,0.0611,0.000275,0.0104,-0.0263,-0.052,ROTATE1
-444.5201,-6.8638,-124.9905,0.0792,461.8093,20.4261,0.0072,449.6518,160.3669,0.0704,9.1e-05,0.0159,-0.0338,-0.0576,ROTATE1
-458.0161,-40.941,-121.8424,0.0792,475.7104,13.9011,0.0,458.7973,135.1663,0.0754,3e-05,0.0176,-0.043,-0.0569,ROTATE1
-468.8128,-64.5372,-101.5708,0.0732,484.0115,8.3011,0.006,465.3102,209.0922,0.0739,2.4e-05,0.0165,-0.0509,-0.0497,ROTATE1
-456.3128,-65.0266,-75.2629,0.0597,467.0271,16.9844,0.0135,465.9883,208.6619,0.0727,5.1e-05,0.0145,-0.0542,-0.0439,ROTATE1
-425.3127,-69.8026,-67.5572,0.0371,436.2652,30.7619,0.0226,464.9647,263.225,0.0657,0.000255,0.0108,-0.0481,-0.0401,ROTATE1
-379.2408,-104.7983,-91.9114,0.0641,404.047,32.2181,0.027,453.4123,869.9672,0.0626,0.00021,0.009,-0.0299,-0.0392,ROTATE1
-405.7927,-176.1168,-74.3541,0.0827,448.5681,44.5211,0.0187,447.9838,745.7501,0.0634,0.000235,0.0053,-0.0268,-0.0432,ROTATE1
-427.0341,-169.4059,-39.0833,0.0862,461.0683,12.5002,0.0034,443.3951,499.3362,0.066,0.000313,0.001,-0.028,-0.0459,ROTATE1
-444.0273,-146.2154,16.4709,0.091,467.7718,6.7035,0.0049,443.5441,506.4643,0.0722,0.000392,-0.0019,-0.0335,-0.049,ROTATE1
-457.6218,-120.0567,72.2955,0.0951,478.6,10.8282,0.0041,452.011,669.9622,0.0838,0.000115,-0.0029,-0.05,-0.0466,ROTATE1
-468.4975,-111.5641,116.6332,0.0915,495.5197,16.9196,0.0036,470.3056,253.7626,0.0893,1.9e-05,-0.0019,-0.0754,-0.0392,ROTATE1
-477.198,-115.3919,142.3222,0.0874,511.1642,15.6445,0.0041,482.8248,336.4128,0.0903,1e-05,0.0038,-0.0829,-0.0275,ROTATE1
-484.1584,-107.8573,160.0047,0.0762,521.1948,10.0307,0.0112,494.8501,391.5881,0.0883,4.2e-05,0.0106,-0.0843,-0.0171,ROTATE1
-489.7267,-80.6608,172.9975,0.0577,525.6107,4.4158,0.0185,506.4179,300.3703,0.0816,0.000184,0.0157,-0.0786,-0.0088,ROTATE1
-494.1814,-44.2505,185.7855,0.0387,529.8015,4.1908,0.019,516.6581,150.099,0.0703,0.000388,0.0185,-0.0672,-0.0031,ROTATE1
-497.7451,-10.7567,209.3003,0.0234,540.0671,10.2656,0.0153,525.5676,90.9485,0.0567,0.000552,0.0178,-0.0534,0.0001,ROTATE1
-500.5961,17.1509,243.9527,0.0074,557.1387,17.0716,0.016,534.7626,164.2563,0.0407,0.000592,0.0145,-0.0375,0.0019,ROTATE1
-502.8769,43.6926,286.0465,0.0127,580.1869,23.0482,0.0053,546.5609,400.9116,0.028,0.000335,0.0098,-0.0206,0.0012,ROTATE1
-504.7015,53.4416,331.2341,0.0214,606.0492,25.8623,0.0087,562.6486,762.0845,0.0207,0.000115,0.0064,-0.0074,-0.0032,ROTATE1
-506.1612,39.4658,367.3842,0.0361,626.68,20.6308,0.0147,582.0244,990.8812,0.0202,9.7e-05,0.0036,0.0055,-0.0085,ROTATE1
-507.3289,19.2007,396.3042,0.0902,644.0562,17.3762,0.0541,602.8221,975.8377,0.0335,0.000897,0.004,0.0271,-0.0122,ROTATE1
-508.2632,4.1137,364.5152,0.1511,625.4756,18.5806,0.0609,616.4896,474.2791,0.0623,0.002696,0.0052,0.0581,-0.0117,ROTATE1
-509.0105,7.4222,293.4122,0.1687,587.5692,37.9064,0.0176,617.966,375.8004,0.0935,0.003494,0.0057,0.0895,-0.0083,ROTATE1
-509.6084,18.4753,229.8454,0.1708,559.3488,28.2204,0.0021,608.6259,947.3577,0.1233,0.002757,0.0044,0.1211,-0.001,ROTATE1
-510.0867,38.5677,170.7013,0.1727,539.2725,20.0762,0.0019,591.1444,1538.5442,0.1507,0.000974,0.0035,0.1495,0.0073,ROTATE1
-510.4694,55.4386,113.9985,0.1737,525.9734,13.2991,0.0011,567.5279,1270.3246,0.1674,7e-05,0.0017,0.1664,0.0153,ROTATE1
-510.7755,64.2008,54.0613,0.1799,517.6254,8.3481,0.0062,545.9579,631.5233,0.1732,1.5e-05,0.0004,0.1719,0.0197,ROTATE1
-511.0204,97.5263,-13.3447,0.1857,520.4146,2.7892,0.0058,532.527,235.3252,0.1766,3e-05,-0.0018,0.1746,0.0248,ROTATE1
-511.2163,165.5617,-37.1789,0.1721,538.6419,18.2273,0.0136,528.3856,81.7709,0.1768,2.8e-05,-0.0071,0.1735,0.0293,ROTATE1
-511.3731,234.8462,-35.0025,0.167,563.8088,25.1669,0.0051,533.2928,284.9454,0.1757,4.2e-05,-0.0136,0.1718,0.0254,ROTATE1
-511.4985,290.2738,-26.1207,0.1659,588.7036,24.8948,0.0011,545.8389,730.8979,0.1741,5.8e-05,-0.0208,0.1697,0.0164,ROTATE1
-511.5988,302.8566,-59.806,0.1773,597.5217,8.8181,0.0114,561.8181,850.584,0.1736,5.3e-05,-0.0256,0.1688,0.0058,ROTATE1
-511.679,232.8009,-121.6166,0.1861,575.1541,22.3676,0.0088,572.766,423.4474,0.1737,5.5e-05,-0.0249,0.1684,-0.0114,ROTATE1
-511.7432,151.2595,-199.6933,0.1705,569.7701,5.384,0.0156,578.9916,153.593,0.1734,5.7e-05,-0.0177,0.168,-0.0302,ROTATE1
-511.7946,67.3419,-262.1547,0.1406,578.9592,9.189,0.0299,582.0217,98.3079,0.1681,0.000236,-0.008,0.1596,-0.0446,ROTATE1
-511.8357,15.2017,-285.9675,0.0761,586.5017,7.5425,0.0644,581.5814,93.1987,0.1501,0.001604,0.0005,0.142,-0.0434,ROTATE1
-511.8685,-23.2668,-268.9178,0.0336,578.6774,7.8243,0.0426,577.8124,29.8624,0.1214,0.003346,0.0059,0.1134,-0.0396,ROTATE1
-511.8948,-56.2291,-215.9561,0.007,558.4219,20.2554,0.0266,574.466,92.4491,0.0856,0.00384,0.0084,0.0782,-0.0292,ROTATE1
-511.9159,-73.227,-145.5274,0.0205,537.2134,21.2085,0.0135,567.9547,323.1928,0.0555,0.002344,0.0083,0.0444,-0.0149,ROTATE1
-511.9327,-73.216,-75.5219,0.0342,522.6272,14.5862,0.0137,556.6883,582.9586,0.0343,0.000537,0.0065,0.0196,0.006,ROTATE1
-511.9461,-50.5134,-23.6488,0.0355,514.9754,7.6518,0.0014,542.383,548.5442,0.0262,0.000121,0.0051,0.0065,0.0161,ROTATE1
-511.9569,-35.0888,5.2529,0.0414,513.1849,1.7905,0.0059,529.2845,284.0252,0.0277,0.000154,0.0047,0.0038,0.0255,ROTATE1
-493.8561,60.8102,24.971,0.0762,498.2121,14.9727,0.0348,517.2426,162.3185,0.0416,0.000347,0.0028,0.0042,0.04,ROTATE1
-497.4849,131.3294,70.5487,0.071,519.3417,21.1295,0.0052,513.6683,70.6569,0.0517,0.000329,0.0012,0.0046,0.0504,ROTATE1
-389.6661,207.4604,141.9921,0.1531,463.7254,55.6163,0.0822,501.8879,414.6857,0.0755,0.001761,0.0006,-0.0058,0.0722,ROTATE1
-362.3141,268.3652,192.9781,0.0975,490.4406,26.7152,0.0557,496.9809,382.5591,0.0878,0.001386,0.0015,-0.0106,0.0845,ROTATE1
-304.4325,285.514,198.5074,0.0844,462.1716,28.2689,0.0131,486.7783,468.2887,0.0964,0.000884,0.0061,0.0011,0.0815,ROTATE1
-336.921,271.8706,126.5278,0.0938,451.0418,11.1299,0.0095,477.3442,608.5598,0.1,0.000791,0.0076,0.0186,0.0635,ROTATE1
-371.9368,230.6152,74.2098,0.0963,443.8778,7.164,0.0024,462.2514,252.0105,0.105,0.0006,0.0074,0.0374,0.042,ROTATE1
-399.9495,192.9172,49.0303,0.0831,446.7444,2.8666,0.0132,458.8552,288.1354,0.091,3.7e-05,0.0053,0.0631,0.0061,ROTATE1
-422.3596,166.5212,54.7524,0.0597,457.2906,10.5462,0.0233,452.2253,45.1418,0.0835,0.000167,0.0009,0.075,-0.0207,ROTATE1
-440.2877,155.3545,86.6613,0.043,474.8667,17.5761,0.0168,454.7643,121.4364,0.0752,0.000426,-0.0081,0.0648,-0.0315,ROTATE1
-454.6301,134.693,120.6259,0.0504,489.2661,14.3994,0.0074,462.4091,298.2968,0.0665,0.000404,-0.01,0.0511,-0.0373,ROTATE1
-466.1041,87.8856,124.5664,0.0695,490.4016,1.1354,0.0191,471.7139,299.751,0.0611,0.0002,-0.0097,0.0432,-0.0398,ROTATE1
-475.2833,22.8429,81.8906,0.0905,482.8271,7.5744,0.0211,478.9304,147.6784,0.0626,0.000274,-0.0071,0.0438,-0.0419,ROTATE1
-482.6266,-40.0788,9.3937,0.0916,484.379,1.5518,0.001,484.3481,30.6084,0.069,0.000399,-0.0024,0.0522,-0.0404,ROTATE1
-488.5013,-83.1224,-84.935,0.0823,502.7492,18.3702,0.0093,489.9246,49.252,0.0769,0.000238,0.0033,0.0635,-0.0343,ROTATE1
-493.201,-103.5167,-170.348,0.0649,531.96,29.2107,0.0174,498.4634,329.6488,0.0798,0.000118,0.0062,0.0705,-0.0204,ROTATE1
-496.9608,-120.8071,-218.7159,0.0528,556.2383,24.2784,0.0122,511.6308,810.8602,0.0764,0.000231,0.008,0.0671,-0.0024,ROTATE1
-499.9687,-133.4644,-251.5384,0.0548,575.372,19.1337,0.0021,530.1397,1114.9387,0.0693,0.000233,0.0081,0.0536,0.0179,ROTATE1
-502.3749,-138.3778,-276.4307,0.0585,589.8669,14.4949,0.0036,551.2373,964.4894,0.0627,0.000114,0.0069,0.0353,0.0356,ROTATE1
-504.3,-135.3022,-300.2446,0.0687,602.3055,12.4387,0.0102,571.1486,619.4063,0.06,3.6e-05,0.0057,0.0155,0.0491,ROTATE1
-505.84,-120.5668,-327.1769,0.0833,614.3738,12.0682,0.0146,587.6313,414.2599,0.0636,0.000127,0.0058,-0.0011,0.0597,ROTATE1
-507.072,-94.8691,-349.4072,0.0951,623.063,8.6892,0.0118,600.9962,289.6156,0.0721,0.00023,0.0072,-0.016,0.0683,ROTATE1
-508.0576,-66.0671,-336.8257,0.1051,613.1385,9.9244,0.01,608.5496,130.73,0.0822,0.000288,0.0089,-0.033,0.072,ROTATE1
-508.846,-34.8193,-301.0856,0.1239,592.2746,20.864,0.0188,609.0311,113.6646,0.0952,0.000353,0.0118,-0.053,0.0727,ROTATE1
-509.4768,-12.8148,-252.3466,0.1453,568.6912,23.5834,0.0213,602.3082,384.8829,0.1105,0.000479,0.0137,-0.0751,0.0728,ROTATE1
-509.9815,5.9513,-208.571,0.1542,551.0157,17.6754,0.009,589.6366,721.3812,0.1247,0.00051,0.0153,-0.0984,0.0692,ROTATE1
-510.3852,28.1704,-158.1881,0.1534,535.0795,15.9363,0.0008,572.0399,783.5689,0.1364,0.000364,0.0171,-0.1198,0.0584,ROTATE1
-510.7082,-1.2637,-131.2254,0.1446,527.2993,7.7802,0.0088,554.8721,551.359,0.1443,0.00012,0.0171,-0.1334,0.0463,ROTATE1
-510.9665,-40.2078,-116.2772,0.1436,525.5701,1.7292,0.001,541.5311,265.3102,0.1482,2.1e-05,0.0134,-0.141,0.0343,ROTATE1
-511.1732,-88.6038,-94.4468,0.1402,527.3224,1.7523,0.0035,533.2573,89.6995,0.1472,3.1e-05,0.0084,-0.1433,0.0192,ROTATE1
-511.3386,-123.6549,-89.5356,0.134,533.6425,6.3201,0.0061,529.7827,14.5841,0.1432,4e-05,0.0014,-0.1415,0.0041,ROTATE1
-511.4709,-162.8364,-101.0972,0.1306,546.204,12.5615,0.0034,532.0076,57.9543,0.1386,3e-05,-0.0043,-0.1371,-0.0081,ROTATE1
-511.5767,-229.3504,-122.309,0.1288,573.8221,27.6181,0.0018,541.3122,316.6353,0.1355,3.2e-05,-0.0074,-0.1334,-0.0167,ROTATE1
-511.6613,-285.8803,-136.6785,0.1436,601.8354,28.0134,0.0148,556.5653,767.0289,0.1354,3.2e-05,-0.0065,-0.133,-0.0218,ROTATE1
-511.7291,-331.1042,-128.8521,0.1639,622.9763,21.1409,0.0203,575.6961,1112.0981,0.1402,0.000166,-0.0047,-0.1378,-0.0209,ROTATE1
-511.7833,-319.5271,-71.6192,0.18,607.5764,15.4,0.0161,590.4828,743.0189,0.1494,0.000391,-0.002,-0.1465,-0.0098,ROTATE1
-511.8266,-279.378,-16.8485,0.179,583.3544,24.2219,0.0009,597.913,305.852,0.1591,0.000403,-0.0015,-0.1549,0.0081,ROTATE1
-511.8613,-231.9367,33.4306,0.1631,562.9513,20.4031,0.016,595.7388,429.5145,0.1659,0.000176,-0.0003,-0.1608,0.0249,ROTATE1
-511.889,-197.0931,80.957,0.1451,554.4638,8.4875,0.0179,586.2645,673.0422,0.1662,0.000163,0.0009,-0.1602,0.0377,ROTATE1
-511.9112,-172.8058,121.2593,0.1334,553.7316,0.7322,0.0118,572.4155,423.3735,0.1601,0.00034,0.0035,-0.1529,0.0462,ROTATE1
-511.929,-147.5602,155.295,0.128,554.9431,1.2114,0.0054,561.8889,126.3631,0.1497,0.000359,0.0075,-0.1421,0.0458,ROTATE1
-511.9432,-114.9044,191.9485,0.1177,558.6887,3.7457,0.0103,556.9557,11.9211,0.1375,0.000243,0.0109,-0.1302,0.0421,ROTATE1
-511.9545,-79.2361,221.2869,0.093,563.3326,4.6439,0.0247,557.032,12.8589,0.1234,0.000311,0.0123,-0.1161,0.0394,ROTATE1
-511.9636,-47.1732,227.8108,0.0547,562.3431,0.9895,0.0382,558.6078,14.6982,0.1054,0.000833,0.0118,-0.0976,0.0368,ROTATE1
-511.9709,-28.2542,205.4236,0.018,552.3689,9.9742,0.0368,558.3353,17.6533,0.0823,0.001671,0.0104,-0.0741,0.032,ROTATE1
-504.5424,-32.369,166.1264,0.0256,532.1736,20.1953,0.0076,553.7814,131.5009,0.0618,0.001475,0.0083,-0.0473,0.02,ROTATE1
-301.237,-128.2952,74.9636,0.0858,335.8913,196.2823,0.0602,509.2219,7636.3584,0.0554,0.000926,0.0061,-0.018,-0.0037,ROTATE1
-223.3802,-205.0362,12.3178,0.061,303.4638,32.4275,0.0248,457.2481,12816.7705,0.049,0.000609,0.0037,-0.0007,-0.0236,ROTATE1
-154.4417,-234.9289,-38.077,0.0315,283.7141,19.7497,0.0295,401.5223,13525.2246,0.0444,0.000642,0.0012,0.0053,-0.0345,ROTATE1
-21.1565,-191.3088,-53.9804,0.0749,199.9013,83.8128,0.0434,331.0288,12135.1602,0.0558,0.000559,-0.001,-0.0069,-0.0326,ROTATE1
43.0436,-136.6033,-39.7124,0.0952,148.628,51.2733,0.0203,254.3197,4813.04,0.0697,0.000495,-0.0013,-0.0277,-0.0225,ROTATE1
39.6317,-85.3389,-14.4199,0.107,95.191,53.437,0.0118,206.1796,6229.1772,0.0739,0.000703,0.0,-0.0552,0.0,ROTATE1
-7.9165,-44.5836,24.9641,0.1076,51.7066,43.4844,0.0006,155.8282,6573.4531,0.0832,0.000809,0.0026,-0.076,0.0189,ROTATE1
-82.5832,-18.9419,68.1369,0.0998,108.7263,57.0197,0.0077,120.8306,2521.3796,0.0969,0.000142,0.0061,-0.092,0.0291,ROTATE1
-168.4666,-1.6629,99.4657,0.0766,195.6456,86.9192,0.0232,119.9795,2389.676,0.0972,0.000128,0.0088,-0.0929,0.0265,ROTATE1
-237.1732,-18.8522,116.3101,0.0549,264.8294,69.1838,0.0217,143.2198,5881.7158,0.0892,0.00042,0.0079,-0.0853,0.0177,ROTATE1
-292.1386,-13.5005,122.7231,0.0386,317.1564,52.327,0.0162,187.6128,9500.4092,0.0755,0.000681,0.0051,-0.0723,0.008,ROTATE1
-336.1109,-35.241,123.7753,0.0312,359.9066,42.7502,0.0074,249.2529,7943.8477,0.0602,0.000635,0.0029,-0.0562,-0.0033,ROTATE1
-371.2887,-89.8647,135.6359,0.0336,405.374,45.4673,0.0024,308.5824,5349.0728,0.047,0.000287,0.0038,-0.0397,-0.0132,ROTATE1
-399.431,-127.8293,140.1337,0.0306,442.1797,36.8057,0.003,357.8892,3936.6118,0.0378,8.1e-05,0.0069,-0.0267,-0.0186,ROTATE1
-421.9448,-142.2415,105.9351,0.0396,457.7033,15.5236,0.009,396.464,2709.1399,0.0347,1.4e-05,0.0133,-0.0208,-0.0168,ROTATE1
-439.9558,-86.5151,67.8512,0.0337,453.4862,4.217,0.0059,423.73,1358.0745,0.0337,1e-05,0.0161,-0.0195,-0.0112,ROTATE1
-454.3647,-15.3871,50.5185,0.0584,457.4233,3.9371,0.0247,443.2333,390.0595,0.0392,0.000101,0.0121,-0.0245,-0.0007,ROTATE1
-465.8917,54.4716,64.821,0.0739,473.523,16.0996,0.0155,456.8631,101.1152,0.0472,0.000271,0.0006,-0.0328,0.0101,ROTATE1
-475.1134,101.7835,95.9037,0.058,495.2677,21.7447,0.016,467.4807,240.244,0.0527,0.000209,-0.0122,-0.0387,0.0161,ROTATE1
-482.4907,111.6331,126.1355,0.0354,511.0473,15.7796,0.0225,478.1495,486.9106,0.0519,0.000233,-0.0246,-0.0372,0.0166,ROTATE1
-434.1238,112.7377,149.8615,0.0313,472.8972,38.1501,0.0041,482.0317,355.7012,0.0514,0.000251,-0.0311,-0.0304,0.0096,ROTATE1
-372.3084,109.2527,159.808,0.0375,419.6288,53.2684,0.0061,474.4728,956.2752,0.0472,0.000263,-0.0304,-0.0179,-0.002,ROTATE1
-348.8593,132.0771,180.8339,0.0432,414.5456,5.0832,0.0057,462.6773,1535.2157,0.0411,8.6e-05,-0.0265,-0.0035,-0.0145,ROTATE1
-381.4874,171.868,208.3265,0.0508,467.409,52.8634,0.0076,457.1056,1296.2223,0.0396,4.6e-05,-0.0223,0.0082,-0.026,ROTATE1
-407.5899,201.66,230.0924,0.0574,509.6458,42.2368,0.0066,456.8253,1266.2958,0.044,8.6e-05,-0.0188,0.0163,-0.0353,ROTATE1
-428.4719,203.9811,229.4614,0.0729,527.1139,17.4681,0.0155,467.6685,2085.155,0.0523,0.000151,-0.0133,0.0234,-0.0434,ROTATE1
-445.1776,195.6755,216.6598,0.0989,532.3659,5.252,0.026,490.216,1952.3519,0.0646,0.000389,-0.0061,0.0332,-0.0519,ROTATE1
-458.5421,175.7248,210.2497,0.1231,534.1769,1.811,0.0242,514.1423,621.194,0.0806,0.000726,0.0026,0.048,-0.061,ROTATE1
-469.2336,142.658,227.9779,0.1412,540.8377,6.6608,0.0181,528.828,111.2514,0.0987,0.000954,0.0093,0.0667,-0.0692,ROTATE1
-477.7869,97.4576,261.2042,0.1512,553.178,12.3403,0.01,537.5345,80.4417,0.1174,0.000813,0.014,0.0864,-0.0768,ROTATE1
-484.6295,60.6223,287.7946,0.1555,566.892,13.714,0.0043,545.4901,167.805,0.134,0.000432,0.0168,0.1037,-0.0822,ROTATE1
-490.1036,99.9198,217.6044,0.1686,545.4697,21.4223,0.0131,548.1109,126.4878,0.1479,0.000231,0.0126,0.1174,-0.0884,ROTATE1
-433.9517,111.4421,135.5117,0.1768,468.0778,77.392,0.0082,534.8911,1193.9528,0.1587,0.00016,0.0088,0.1273,-0.094,ROTATE1
-307.5926,107.8974,29.6562,0.1866,327.3141,140.7636,0.0097,492.1863,7980.8242,0.1677,0.000172,0.0074,0.1343,-0.0999,ROTATE1
-243.8366,96.8617,-64.7375,0.207,270.2395,57.0746,0.0205,435.5986,13886.7344,0.1789,0.000302,0.0073,0.1365,-0.1139,ROTATE1
-297.4693,51.2425,-103.565,0.2017,319.123,48.8834,0.0053,386.0448,10696.8799,0.1881,0.00021,0.004,0.1284,-0.1328,ROTATE1
-340.3754,-14.6592,-96.052,0.1811,353.9722,34.8492,0.0206,347.7453,4352.498,0.1906,0.000138,0.0049,0.1116,-0.1471,ROTATE1
-374.7003,-87.3461,-76.8385,0.1604,392.344,38.3718,0.0208,332.5986,1624.9037,0.1874,0.000272,0.0054,0.0881,-0.1574,ROTATE1
-402.1603,-151.6144,-50.8302,0.126,432.7858,40.4417,0.0344,353.6929,3181.843,0.1752,0.000879,0.0051,0.0616,-0.1595,ROTATE1
-424.1282,-189.3446,-30.2704,0.068,465.4594,32.6736,0.058,392.7369,2762.8679,0.1474,0.002203,0.0026,0.0404,-0.1404,ROTATE1
-441.7026,-184.2538,-19.1351,0.0488,478.9747,13.5154,0.0192,424.7072,2144.3569,0.1169,0.002625,0.0004,0.0324,-0.1057,ROTATE1
-455.7621,-174.0937,-14.7362,0.0601,488.1033,9.1285,0.0113,451.5334,1227.8342,0.0926,0.001858,-0.003,0.0341,-0.0696,ROTATE1
-467.0096,-175.7312,-15.7796,0.0653,499.2279,11.1246,0.0052,472.9102,525.1425,0.0736,0.000729,-0.008,0.0416,-0.035,ROTATE1
-476.0077,-180.2287,-15.5518,0.0699,509.2225,9.9947,0.0046,488.1976,233.1623,0.0624,5.7e-05,-0.0127,0.0513,-0.0053,ROTATE1
-483.2062,-175.0923,-12.6633,0.0734,514.1069,4.8843,0.0034,497.9271,169.3528,0.0635,7.4e-05,-0.0161,0.0587,0.013,ROTATE1
-488.9649,-161.0989,-5.0806,0.0804,514.845,0.7381,0.0071,505.1011,103.2908,0.0698,4.8e-05,-0.0175,0.0634,0.0218,ROTATE1
-493.572,-131.8697,0.1105,0.0896,510.8845,3.9605,0.0092,509.6574,31.4357,0.0757,7.3e-05,-0.0178,0.0673,0.0289,ROTATE1
-497.2576,-93.2364,-2.1022,0.098,505.9274,4.9571,0.0084,510.9973,10.6681,0.0823,0.000107,-0.0172,0.0722,0.0351,ROTATE1
-500.2061,-52.5798,-12.8349,0.1023,503.1257,2.8017,0.0043,509.7779,20.9436,0.0887,0.000115,-0.0164,0.0771,0.0405,ROTATE1
-502.5648,-12.3201,-31.6804,0.0943,503.7131,0.5874,0.0081,507.6991,20.2307,0.0929,5.7e-05,-0.0152,0.0796,0.0453,ROTATE1
-504.4519,13.094,-47.2537,0.0777,506.8294,3.1163,0.0165,506.096,7.5993,0.0924,7.1e-05,-0.0144,0.0774,0.0479,ROTATE1
-505.9615,26.8908,-57.1686,0.0606,509.8906,3.0612,0.0171,505.8972,5.8537,0.0866,0.000238,-0.0131,0.071,0.0473,ROTATE1
-507.1692,23.3908,-49.4755,0.0403,510.1133,0.2227,0.0203,506.7344,8.7077,0.075,0.000507,-0.0115,0.0596,0.0437,ROTATE1
-508.1353,18.6282,-18.1179,0.0349,508.7994,1.3139,0.0054,507.8691,5.6683,0.0616,0.000498,-0.0097,0.0444,0.04,ROTATE1
-508.9083,12.3401,31.3588,0.0548,510.0228,1.2234,0.0198,509.131,1.5489,0.0537,0.000231,-0.0066,0.036,0.0379,ROTATE1
-509.5266,56.5252,18.7058,0.1002,512.9935,2.9707,0.0454,510.3639,1.9532,0.0582,0.000528,-0.0034,0.0381,0.0425,ROTATE1
-510.0213,136.9514,75.9521,0.0709,533.5224,20.5289,0.0293,515.0902,86.8329,0.0602,0.000555,-0.0053,0.0368,0.046,ROTATE1
-510.4171,161.1861,148.4648,0.0683,555.4713,21.9489,0.0025,524.1618,325.7095,0.0658,0.000458,-0.0083,0.0388,0.0508,ROTATE1
-510.7336,173.227,206.3562,0.084,577.4421,21.9708,0.0157,537.8904,657.7914,0.0756,0.000237,-0.0117,0.0485,0.0551,ROTATE1
-509.8525,188.4941,233.2225,0.1079,591.5001,14.058,0.0239,554.1859,811.7289,0.0863,0.000245,-0.016,0.0595,0.0581,ROTATE1
-452.8258,208.7078,233.6749,0.1136,550.6488,40.8513,0.0057,561.7169,418.1524,0.089,0.000349,-0.0199,0.0652,0.0545,ROTATE1
-464.6606,225.3225,231.2243,0.1218,565.813,15.1642,0.0082,568.1751,220.8143,0.0991,0.000396,-0.0165,0.0817,0.0442,ROTATE1
-474.1285,216.9392,185.4107,0.1593,553.3874,12.4257,0.0375,567.7583,232.0983,0.1173,0.000598,-0.0104,0.1055,0.0283,ROTATE1
-481.7028,201.9295,131.5785,0.1818,538.6335,14.7539,0.0225,559.9966,322.7497,0.1369,0.000826,-0.0022,0.1285,0.009,ROTATE1
-487.7623,181.7686,91.5722,0.1852,528.5237,10.1097,0.0033,547.4013,163.7218,0.1524,0.000885,0.0064,0.1461,-0.0121,ROTATE1
-492.6098,155.1899,65.1109,0.1754,520.5648,7.9589,0.0098,541.3845,269.45,0.1647,0.000539,0.0159,0.1583,-0.0357,ROTATE1
-496.4879,104.1144,71.3731,0.1512,512.2833,8.2816,0.0242,530.6786,204.8579,0.1706,0.000173,0.023,0.1592,-0.0518,ROTATE1
-499.5903,42.4853,82.9329,0.1283,508.206,4.0773,0.0229,521.6422,121.0684,0.1644,0.000467,0.0293,0.1473,-0.0611,ROTATE1
-502.0722,-20.2868,77.6713,0.1043,508.4495,0.2435,0.024,515.6055,61.6949,0.1489,0.000887,0.0345,0.1276,-0.0634,ROTATE1
-504.0578,-50.595,58.0901,0.0894,509.9103,1.4608,0.0149,511.8828,20.947,0.1297,0.000963,0.0392,0.1069,-0.0575,ROTATE1
-505.6462,-101.9323,111.1565,0.0932,527.6591,17.7487,0.0037,513.3016,53.6365,0.1133,0.000543,0.0363,0.0926,-0.0399,ROTATE1
-506.917,-169.2458,83.3689,0.1076,540.8876,13.2285,0.0145,519.0225,172.8978,0.1046,0.000186,0.0317,0.087,-0.0161,ROTATE1
-507.9336,-195.131,1.4358,0.1084,544.1274,3.2399,0.0007,526.2068,223.936,0.1006,6.1e-05,0.0248,0.0852,0.0111,ROTATE1
-508.7469,-186.4548,-72.767,0.0994,546.7027,2.5753,0.009,533.8574,186.356,0.0996,5.7e-05,0.0155,0.0808,0.0385,ROTATE1
-509.3975,-159.4201,-125.8105,0.09,548.3875,1.6848,0.0094,541.5529,54.6684,0.0997,5.5e-05,0.0053,0.0699,0.0598,ROTATE1
-509.918,-119.3205,-154.214,0.0904,545.9265,2.4611,0.0004,545.2063,6.5387,0.0992,6.3e-05,0.0014,0.0506,0.0731,ROTATE1
-510.3344,-84.1001,-169.7243,0.0941,544.3531,1.5733,0.0037,545.8994,2.4735,0.0965,4.7e-05,-0.0054,0.0253,0.0819,ROTATE1
-510.6675,-39.1926,-169.917,0.0954,539.6195,4.7336,0.0013,544.9979,8.9202,0.0939,1.2e-05,-0.0115,-0.0002,0.0861,ROTATE1
-510.934,-37.2416,-178.6867,0.1032,542.5582,2.9387,0.0078,544.1689,8.8422,0.0946,2.3e-05,-0.0143,-0.021,0.0875,ROTATE1
-511.1472,16.5786,-193.2431,0.1095,546.7076,4.1494,0.0063,543.833,6.459,0.0985,4.7e-05,-0.0157,-0.0376,0.0875,ROTATE1
-511.3178,72.6598,-198.0757,0.1203,553.1359,6.4282,0.0108,545.2749,20.8122,0.1045,9.3e-05,-0.0177,-0.0524,0.087,ROTATE1
-511.4542,120.3434,-186.2512,0.1298,557.4563,4.3204,0.0095,547.8955,43.452,0.1116,0.000149,-0.0158,-0.0668,0.0859,ROTATE1
-497.579,100.4091,-146.1072,0.139,528.218,29.2383,0.0092,545.6151,101.9949,0.1203,0.00017,-0.0168,-0.0811,0.0849,ROTATE1
-466.5882,22.1929,-106.3452,0.1337,479.0682,49.1497,0.0053,532.9172,824.5863,0.1265,0.000109,-0.0198,-0.0924,0.0822,ROTATE1
-475.6706,-84.6457,-54.1636,0.1407,486.1698,7.1016,0.007,520.8097,1077.0217,0.1327,5.4e-05,-0.0216,-0.1048,0.0766,ROTATE1
-482.9365,-170.1165,25.3316,0.1437,512.6489,26.4791,0.003,512.7123,815.7764,0.1374,2.5e-05,-0.0225,-0.1147,0.0704,ROTATE1
-488.7492,-137.8151,83.3465,0.1404,514.6022,1.9532,0.0033,504.1414,342.6257,0.1395,1.1e-05,-0.0222,-0.1159,0.0723,ROTATE1
-493.3994,-58.5083,106.4554,0.1485,508.1327,6.4695,0.008,500.1244,213.7391,0.1414,2.3e-05,-0.0165,-0.1111,0.0807,ROTATE1
-497.1195,19.1621,107.8424,0.1354,509.0432,0.9104,0.0131,506.1193,105.0361,0.1417,1.8e-05,-0.009,-0.1053,0.0878,ROTATE1
-500.0956,70.5172,87.7708,0.1137,512.6129,3.5697,0.0217,511.408,5.9029,0.1363,0.000146,-0.0032,-0.0941,0.0937,ROTATE1
-502.4765,89.9481,60.8979,0.1014,514.0835,1.4706,0.0123,511.6949,6.9442,0.1279,0.000308,0.0019,-0.0821,0.0968,ROTATE1
-504.3812,91.2897,31.0839,0.0845,513.5177,0.5658,0.017,511.478,5.8713,0.1167,0.000528,0.0053,-0.075,0.0878,ROTATE1
-505.9049,71.3037,-2.5329,0.0736,510.9114,2.6063,0.0109,512.0337,3.3885,0.1017,0.000474,0.0065,-0.0721,0.0664,ROTATE1
-507.124,37.4867,-29.6388,0.0786,509.3706,1.5408,0.005,512.0992,3.0139,0.0903,0.000225,0.0054,-0.0722,0.0411,ROTATE1
-508.0992,-5.4513,-45.2641,0.0893,510.1405,0.7699,0.0107,511.6047,3.4839,0.0855,9.2e-05,0.0032,-0.0754,0.0182,ROTATE1
-508.8793,-36.0235,-39.3238,0.0965,511.6661,1.5256,0.0072,511.1213,2.0221,0.0845,6.4e-05,0.0005,-0.0802,0.0008,ROTATE1
-509.5035,-42.0313,-17.4059,0.0946,511.5304,0.1357,0.0019,510.7238,0.749,0.0865,8.1e-05,-0.0008,-0.0849,-0.008,ROTATE1
-510.0028,-26.3188,0.094,0.0861,510.6814,0.849,0.0086,510.6778,0.7402,0.089,4.1e-05,-0.0018,-0.0876,-0.0092,ROTATE1
-510.4022,-8.9207,-0.6873,0.0745,510.4806,0.2008,0.0116,510.8998,0.357,0.0882,6.1e-05,-0.0016,-0.0871,-0.0058,ROTATE1
-510.7218,-3.9647,-13.5498,0.0649,510.9169,0.4362,0.0096,511.0551,0.2176,0.0833,0.000145,-0.0004,-0.0829,-0.0014,ROTATE1
-510.9774,-4.2686,-33.1461,0.061,512.0692,1.1523,0.0039,511.1357,0.3421,0.0762,0.00016,0.0022,-0.0759,0.0006,ROTATE1
-511.1819,0.1757,-68.8419,0.0791,515.7967,3.7275,0.0181,511.989,3.9279,0.0731,8.4e-05,0.0091,-0.0714,0.0003,ROTATE1
-511.3456,-34.5094,-92.3391,0.092,520.7607,4.964,0.0129,514.0048,14.9109,0.0743,0.00012,0.0151,-0.0715,-0.0042,ROTATE1
-511.4764,-60.2888,-134.2151,0.0961,532.2185,11.4578,0.0041,518.3524,59.8733,0.0786,0.000197,0.0205,-0.0745,-0.0088,ROTATE1
-511.5811,-81.0592,-138.3158,0.113,536.113,3.8945,0.0169,523.3916,86.51,0.0882,0.000303,0.0226,-0.0836,-0.0118,ROTATE1
-333.2899,-167.2473,-182.7151,0.0815,415.2573,120.8557,0.0315,504.0292,2024.5735,0.0923,0.000146,0.0225,-0.084,-0.0212,ROTATE1
-240.3632,-200.4385,-153.6659,0.1408,348.6592,66.5981,0.0593,470.6017,5707.4502,0.1047,0.000429,0.016,-0.0969,-0.028,ROTATE1
-235.178,-170.7164,-116.1764,0.1511,312.9693,35.6899,0.0104,429.0435,8446.7734,0.1165,0.000688,0.009,-0.1098,-0.0274,ROTATE1
-270.0768,-135.6263,-71.138,0.1549,310.478,2.4913,0.0038,384.6954,7162.5557,0.1282,0.000761,0.0021,-0.1227,-0.0268,ROTATE1
-318.4615,-115.9729,-26.4448,0.1414,339.9511,29.4731,0.0135,345.463,1438.3273,0.1339,0.000717,-0.0001,-0.1286,-0.0267,ROTATE1
-357.1692,-96.6283,6.0004,0.1315,370.0579,30.1068,0.0099,336.4231,503.3395,0.1439,6.9e-05,0.0018,-0.1423,-0.0172,ROTATE1
-388.1353,-96.112,48.1035,0.1378,402.7412,32.6833,0.0063,347.2395,1236.0189,0.1433,7.4e-05,0.0074,-0.1418,-0.0132,ROTATE1
-412.9083,-104.7927,84.4234,0.1331,434.2834,31.5422,0.0047,371.5023,1927.7731,0.1397,7e-05,0.0159,-0.1372,-0.0127,ROTATE1
-432.7266,-111.7186,95.5043,0.1216,457.006,22.7226,0.0114,400.8079,1786.3365,0.1331,4.5e-05,0.0253,-0.1293,-0.0106,ROTATE1
-448.5813,-121.3624,72.0035,0.1126,470.2537,13.2477,0.009,426.8685,1331.0179,0.1273,8.2e-05,0.033,-0.1221,-0.008,ROTATE1
-461.265,-122.0118,40.4246,0.1087,478.8387,8.585,0.0039,448.6246,752.3817,0.1228,0.000127,0.0398,-0.1152,-0.0061,ROTATE1
-471.412,-131.2032,8.196,0.1138,489.3984,10.5597,0.005,465.9561,363.4471,0.118,7.5e-05,0.0454,-0.1082,-0.0043,ROTATE1
-479.5296,-147.8594,-0.3307,0.118,501.8079,12.4095,0.0043,479.4609,237.5056,0.115,2e-05,0.0485,-0.1037,-0.0051,ROTATE1
-486.0237,-184.1594,22.9167,0.1014,520.2489,18.441,0.0166,492.1095,309.4057,0.1109,3.1e-05,0.05,-0.0986,-0.0048,ROTATE1
-491.219,-223.7963,29.5927,0.0846,540.6076,20.3587,0.0168,506.1803,486.2962,0.1053,0.000138,0.0517,-0.0911,-0.006,ROTATE1
-495.3752,-263.687,6.3148,0.0583,561.2195,20.6119,0.0263,522.6565,671.1816,0.0952,0.000476,0.0498,-0.0797,-0.0094,ROTATE1
-498.7001,-293.0184,-54.2638,0.0346,580.9528,19.7333,0.0237,540.9673,794.3661,0.0794,0.000892,0.0409,-0.066,-0.0109,ROTATE1
-501.3601,-239.0647,-109.0954,0.0502,566.0527,14.9001,0.0156,553.8163,448.4336,0.0658,0.00058,0.0262,-0.0536,-0.0111,ROTATE1
-503.4881,-175.9111,-108.2701,0.0754,544.2126,21.8401,0.0253,558.6091,218.5551,0.0606,0.000318,0.0068,-0.0469,-0.013,ROTATE1
-505.1905,-130.2695,-73.9754,0.0909,526.9345,17.2781,0.0154,555.8745,346.9219,0.0619,0.000384,-0.0153,-0.0466,-0.0153,ROTATE1
-506.5524,-97.2406,-11.8116,0.0945,515.9366,10.9979,0.0036,546.8179,578.1927,0.0691,0.000542,-0.0345,-0.0529,-0.0194,ROTATE1
-507.6419,-69.5769,58.5257,0.0909,515.7194,0.2172,0.0036,533.7712,368.3604,0.0804,0.000272,-0.0457,-0.0597,-0.0262,ROTATE1
-508.5135,-44.2803,116.3237,0.0798,523.5245,7.8051,0.0111,525.2655,108.5934,0.0863,5.4e-05,-0.048,-0.0608,-0.0341,ROTATE1
-509.2108,-11.4805,157.584,0.0711,533.1605,9.636,0.0087,523.0551,44.375,0.0854,7.6e-05,-0.0426,-0.0553,-0.0433,ROTATE1
-509.7686,20.5156,196.464,0.0717,546.702,13.5415,0.0007,527.0086,137.5702,0.0816,9.3e-05,-0.033,-0.0439,-0.0528,ROTATE1
-510.2149,27.3719,228.8025,0.0722,559.8384,13.1364,0.0004,535.7889,251.5167,0.0771,5.8e-05,-0.0246,-0.0302,-0.0605,ROTATE1
-510.5719,13.0069,251.3076,0.0745,569.2173,9.3789,0.0023,546.4886,279.9691,0.0739,1e-05,-0.0189,-0.0156,-0.0658,ROTATE1
-499.7763,-19.6945,268.9461,0.0801,567.8875,1.3298,0.0056,555.3612,187.3597,0.0739,1.1e-05,-0.0146,0.0008,-0.0695,ROTATE1
-478.1679,-53.5431,287.385,0.0918,560.4476,7.4399,0.0117,560.8187,64.1769,0.0781,5.6e-05,-0.0103,0.0192,-0.0703,ROTATE1
-442.8,-80.6563,294.6174,0.1118,537.9374,22.5102,0.02,559.0657,125.9581,0.0861,0.000211,-0.0068,0.0393,-0.0687,ROTATE1
-384.2868,-108.8188,287.7033,0.1332,492.2307,45.7067,0.0214,545.5441,836.3889,0.0983,0.000468,-0.0013,0.0634,-0.0662,ROTATE1
-315.8357,-60.9676,234.4158,0.1359,398.0201,94.2106,0.0027,511.3047,3904.6321,0.1106,0.000488,0.0042,0.0846,-0.0661,ROTATE1
-240.3311,4.5822,155.4357,0.1189,286.2522,111.7679,0.017,454.9776,10221.2969,0.1183,0.000256,0.0059,0.0973,-0.0657,ROTATE1
-205.7774,59.7939,97.1392,0.1104,235.2778,50.9743,0.0085,389.9437,13420.6934,0.1221,0.000113,0.0062,0.1019,-0.0661,ROTATE1
-201.3219,98.1539,45.1832,0.1046,228.4868,6.791,0.0059,328.0535,10423.5371,0.1206,0.000151,0.0061,0.0996,-0.0668,ROTATE1
-196.2044,141.9356,-19.4503,0.1061,242.9407,14.4539,0.0015,278.1955,3995.7253,0.1152,0.000133,0.0071,0.0925,-0.0676,ROTATE1
-259.3635,118.561,-56.1508,0.15,290.6528,47.7121,0.0439,256.7221,694.0663,0.118,0.00028,0.0066,0.0858,-0.0784,ROTATE1
-309.8908,39.405,-81.7988,0.17,322.9182,32.2654,0.02,264.0553,1342.2697,0.1282,0.000716,0.0075,0.0809,-0.0952,ROTATE1
-350.3127,-42.6135,-92.0609,0.1496,364.7055,41.7873,0.0204,289.9408,2532.6743,0.136,0.000683,0.0064,0.0739,-0.1097,ROTATE1
-382.6501,-105.6814,-73.7175,0.1151,403.7622,39.0568,0.0345,324.9959,3139.5608,0.1381,0.000569,0.0039,0.0653,-0.1182,ROTATE1
-408.5201,-140.7858,-51.4927,0.0918,435.1561,31.3938,0.0233,363.4389,2742.135,0.1353,0.000785,-0.0013,0.0556,-0.1226,ROTATE1
-429.2161,-160.8598,-22.3786,0.0744,458.9152,23.7591,0.0173,397.0914,2373.2239,0.1202,0.001254,-0.0044,0.044,-0.1116,ROTATE1
-445.7729,-180.3129,17.5565,0.0626,481.1803,22.2651,0.0118,428.7438,1685.1998,0.0987,0.00096,-0.0059,0.0333,-0.0926,ROTATE1
-459.0183,-201.2066,72.3671,0.0455,506.3782,25.1979,0.0171,457.0784,1267.5892,0.0779,0.000575,-0.0062,0.0245,-0.0735,ROTATE1
-469.6147,-202.6028,137.6093,0.0094,529.6434,23.2652,0.0361,482.2546,1118.3596,0.0567,0.000789,-0.0068,0.0166,-0.0518,ROTATE1
-478.0917,-189.0041,192.6468,0.0398,549.0055,19.3621,0.0304,505.0245,1047.3729,0.0463,0.000493,-0.0077,0.0141,-0.0285,ROTATE1
-484.8734,-144.622,221.2268,0.0756,552.231,3.2255,0.0358,523.6876,719.5358,0.0466,0.000506,-0.0093,0.019,-0.0031,ROTATE1
-490.2987,-64.0445,223.7315,0.1076,542.7249,9.5061,0.032,535.9966,279.1336,0.0556,0.001118,-0.0128,0.0287,0.025,ROTATE1
-494.639,17.0207,225.5477,0.115,543.9018,1.1769,0.0074,543.5013,59.8617,0.0695,0.00161,-0.018,0.0427,0.0496,ROTATE1
-498.1112,76.0915,223.8944,0.106,551.3922,7.4904,0.009,547.8511,14.9861,0.0888,0.000781,-0.0219,0.0596,0.0611,ROTATE1
-500.8889,118.6389,221.7093,0.0997,560.464,9.0718,0.0063,550.1428,41.2849,0.1008,0.000182,-0.0244,0.0724,0.0639,ROTATE1
-483.3487,150.2267,219.4393,0.0898,551.6771,8.7869,0.0099,550.032,40.8713,0.1036,7.1e-05,-0.0239,0.0799,0.0575,ROTATE1
-489.0789,140.822,218.4889,0.0845,553.865,2.1879,0.0053,552.2601,28.1668,0.099,0.00012,-0.021,0.0834,0.0418,ROTATE1
-493.6631,135.0857,211.1974,0.1095,553.6748,0.1902,0.025,554.2147,10.7747,0.0979,9e-05,-0.017,0.0895,0.0282,ROTATE1
-497.3305,158.2061,195.0548,0.1409,557.1473,3.4725,0.0314,555.3656,9.5768,0.1049,0.000397,-0.0142,0.1006,0.0197,ROTATE1
-479.4707,210.0805,172.2095,0.1735,551.0735,6.0738,0.0326,553.4876,4.5354,0.1196,0.001115,-0.0132,0.1179,0.0126,ROTATE1
-458.6109,257.9519,126.3238,0.1929,541.1293,9.9443,0.0194,551.3781,29.975,0.1403,0.001585,-0.0133,0.1393,0.0065,ROTATE1
-419.745,273.2397,64.7278,0.1944,505.0103,36.1189,0.0015,541.6071,363.2586,0.1622,0.001067,-0.012,0.1608,-0.0004,ROTATE1
-242.6397,292.048,46.1885,0.1355,382.4911,122.5193,0.0589,507.3703,4225.5566,0.1674,0.000628,-0.0148,0.1589,0.0153,ROTATE1
-91.7149,318.5603,78.3102,0.0953,340.6241,41.867,0.0402,464.0657,7415.5742,0.1583,0.001444,-0.01,0.15,0.0111,ROTATE1
-173.9094,326.1826,89.1388,0.0952,380.2437,39.6197,0.0001,429.8997,6139.4106,0.1427,0.001949,-0.0018,0.1332,0.0041,ROTATE1
-241.5276,312.1586,87.6641,0.1082,404.3062,24.0625,0.013,402.5351,3047.1907,0.1257,0.001396,0.0065,0.1123,-0.0061,ROTATE1
-238.8377,291.3737,89.0657,0.1298,387.1367,17.1696,0.0216,378.9604,438.6098,0.1128,0.000288,0.0141,0.0929,-0.0159,ROTATE1
-88.6733,217.0834,89.2307,0.1986,250.8989,136.2378,0.0688,352.6419,3023.4048,0.1254,0.001498,0.0287,0.0977,-0.0635,ROTATE1
31.4583,122.3917,77.097,0.244,148.0314,102.8675,0.0454,314.1234,9883.9336,0.1551,0.003244,0.0375,0.1068,-0.101,ROTATE1
100.301,70.7102,59.3339,0.2435,136.3112,11.7203,0.0005,265.3369,12952.8662,0.1848,0.003205,0.0428,0.1205,-0.1317,ROTATE1
168.2502,17.2901,39.7296,0.2153,173.7397,37.4286,0.0282,219.2236,8641.9395,0.2062,0.001757,0.0443,0.131,-0.1522,ROTATE1
227.0001,-30.1773,28.1899,0.1838,230.7258,56.9861,0.0315,187.9414,2050.8652,0.217,0.000575,0.044,0.1365,-0.1625,ROTATE1
260.8907,-63.4325,27.0863,0.1396,269.8542,39.1284,0.0442,191.7325,2585.707,0.2052,0.001567,0.0394,0.1317,-0.1519,ROTATE1
311.1094,-51.3241,31.5722,0.0909,316.8912,47.037,0.0487,225.5044,4196.1479,0.1746,0.002943,0.0312,0.1205,-0.1199,ROTATE1
351.2844,-5.8155,33.3421,0.0719,352.9111,36.0199,0.019,268.8244,3974.9309,0.1403,0.002927,0.0218,0.1034,-0.0826,ROTATE1
383.4244,67.5288,23.1768,0.0698,390.0149,37.1038,0.0021,312.0795,3233.1389,0.1112,0.00195,0.0156,0.0865,-0.0423,ROTATE1
409.1364,137.9043,-30.0398,0.0892,432.7963,42.7814,0.0195,352.4936,3190.666,0.0923,0.000634,0.0094,0.069,0.0005,ROTATE1
429.7061,200.4078,-57.1287,0.1047,477.5712,44.775,0.0155,394.0369,3227.8462,0.0853,0.000169,0.0067,0.0392,0.0379,ROTATE1
446.1617,262.7231,-92.7655,0.1322,526.0125,48.4413,0.0275,435.8612,3771.7954,0.0935,0.000534,0.0111,0.0003,0.0572,ROTATE1
459.3263,229.8285,-135.4905,0.1935,531.1868,5.1743,0.0613,471.5164,2941.7583,0.1179,0.001845,0.02,-0.0508,0.0482,ROTATE1
469.8579,175.3284,-146.333,0.2982,522.4174,8.7695,0.1047,497.9968,1430.2272,0.1635,0.005799,0.0263,-0.1205,0.0315,ROTATE1
478.2832,134.1096,-183.7758,0.3354,529.6355,7.2181,0.0372,517.3647,405.0916,0.2128,0.008176,0.0335,-0.1928,0.0016,ROTATE1
485.0234,116.5158,-208.2738,0.3328,540.5568,10.9213,0.0026,529.9618,37.2752,0.2584,0.00664,0.0386,-0.2476,-0.0297,ROTATE1
487.9781,127.9752,-187.1346,0.3175,538.0703,2.4865,0.0153,532.3734,41.4898,0.2955,0.002778,0.0376,-0.2885,-0.0471,ROTATE1
465.2107,153.402,-132.4046,0.2977,507.4289,30.6414,0.0198,527.6218,143.0756,0.3163,0.000262,0.0341,-0.3106,-0.0329,ROTATE1
474.5654,200.7122,-68.0143,0.2774,519.7343,12.3053,0.0203,527.0851,149.8131,0.3122,0.000482,0.0325,-0.3047,-0.0082,ROTATE1
482.0492,258.6761,-32.2708,0.2501,548.0202,28.2859,0.0273,530.7621,222.6476,0.2951,0.000854,0.0309,-0.285,0.025,ROTATE1
488.0363,309.3377,-34.0416,0.2256,578.8161,30.7959,0.0245,538.4139,606.7469,0.2737,0.001076,0.0297,-0.2598,0.0588,ROTATE1
492.8259,349.867,-55.5208,0.212,606.9324,28.1163,0.0136,552.1864,1355.9987,0.2526,0.001006,0.0299,-0.2334,0.0839,ROTATE1
496.6576,382.2905,-72.8198,0.2079,630.9656,24.0332,0.0041,576.8937,1586.1334,0.2346,0.000675,0.0299,-0.2104,0.0974,ROTATE1
499.723,408.2293,-59.7965,0.2094,648.0354,17.0698,0.0015,602.554,1286.4736,0.221,0.000251,0.0295,-0.1932,0.1026,ROTATE1
502.1753,428.9803,-16.3059,0.2026,660.6588,12.6234,0.0068,625.0817,859.4245,0.2115,5.9e-05,0.028,-0.1808,0.1057,ROTATE1
504.1371,445.5812,46.3646,0.185,674.423,13.7643,0.0175,644.203,552.6117,0.2034,9.4e-05,0.0264,-0.17,0.1078,ROTATE1
505.7065,458.8618,105.0011,0.1622,690.8824,16.4594,0.0229,660.993,428.6797,0.1934,0.00032,0.0249,-0.1574,0.1086,ROTATE1
506.9621,469.4863,133.029,0.1434,703.651,12.7686,0.0188,675.5302,400.9637,0.1805,0.000612,0.0239,-0.1415,0.1084,ROTATE1
507.9666,477.986,138.1482,0.1263,711.0454,7.3944,0.0171,688.1321,343.2287,0.1639,0.000757,0.0239,-0.122,0.1057,ROTATE1
508.7701,484.7856,127.8686,0.1034,714.293,3.2476,0.0229,698.859,214.0848,0.144,0.000795,0.024,-0.1007,0.099,ROTATE1
481.8067,490.2254,117.3449,0.0767,697.3008,16.9922,0.0267,703.4345,74.2116,0.1224,0.000897,0.0236,-0.081,0.088,ROTATE1
436.0954,494.5772,103.1415,0.0431,667.4009,29.9,0.0336,698.7382,280.3299,0.0986,0.001271,0.0224,-0.0626,0.0723,ROTATE1
379.6138,498.0587,80.7632,0.0232,631.4204,35.9805,0.0199,684.2921,973.1504,0.0745,0.001428,0.0205,-0.0461,0.0525,ROTATE1
333.3223,500.8438,62.7981,0.0311,604.89,26.5305,0.0079,663.061,1640.184,0.0555,0.000907,0.0177,-0.0337,0.0291,ROTATE1
303.7078,485.0375,49.8072,0.0431,574.4394,30.4506,0.012,635.0903,1903.6373,0.0434,0.000334,0.0137,-0.0263,0.0055,ROTATE1
295.5475,458.7863,46.5083,0.0489,547.7191,26.7203,0.0057,605.174,1761.3639,0.0379,8.7e-05,0.0095,-0.0222,-0.0145,ROTATE1
297.4224,433.1321,50.3597,0.0539,527.8254,19.8937,0.0051,577.2589,1404.2332,0.04,0.000129,0.0052,-0.0216,-0.0296,ROTATE1
292.5098,407.8651,59.0097,0.0968,505.3692,22.4561,0.0428,552.0486,1215.6057,0.0548,0.000499,0.001,-0.0226,-0.0485,ROTATE1
131.6078,276.2546,100.1952,0.1465,321.988,183.3812,0.0497,495.4682,8041.3984,0.0778,0.001538,-0.0044,-0.0267,-0.0721,ROTATE1
187.1988,163.0537,133.9968,0.1282,282.1082,39.8799,0.0183,437.002,12480.3105,0.0949,0.001515,-0.0091,-0.0275,-0.0896,ROTATE1
235.1778,125.6023,177.6037,0.0795,320.3554,38.2472,0.0487,391.5292,10682.168,0.101,0.001102,-0.0132,-0.0261,-0.0961,ROTATE1
223.5953,139.8256,195.6517,0.0329,328.3682,8.0128,0.0466,351.6378,6173.3784,0.0968,0.001568,-0.0161,-0.0189,-0.0915,ROTATE1
210.3169,178.5167,179.1745,0.0409,328.9452,0.577,0.008,316.353,304.6815,0.0856,0.002067,-0.0181,-0.0068,-0.0739,ROTATE1
201.3785,221.4165,152.249,0.0446,335.7951,6.8499,0.0036,319.1144,366.3043,0.0652,0.001247,-0.0185,0.0089,-0.0472,ROTATE1
253.9372,232.3395,140.5273,0.0403,371.771,35.9759,0.0043,337.047,325.3788,0.0476,0.000268,-0.019,0.0193,-0.027,ROTATE1
305.5466,224.631,138.8219,0.0437,403.8432,32.0722,0.0034,353.7445,883.1954,0.0405,1.7e-05,-0.0195,0.0267,-0.0183,ROTATE1
346.8342,227.8391,134.5481,0.0431,436.2428,32.3997,0.0006,375.3194,1650.1207,0.0425,3e-06,-0.0202,0.0283,-0.0197,ROTATE1
357.7361,239.3182,140.4197,0.0444,452.7317,16.4889,0.0013,400.0768,1805.6133,0.0432,2e-06,-0.0208,0.0237,-0.026,ROTATE1
345.5014,239.2764,149.7327,0.0475,446.1438,6.5879,0.0031,422.1465,916.5472,0.0438,5e-06,-0.0213,0.0173,-0.033,ROTATE1
349.2948,228.1836,153.858,0.0483,444.6874,1.4564,0.0008,436.7298,297.9553,0.0454,4e-06,-0.0211,0.0135,-0.0371,ROTATE1
334.5015,214.4032,154.8583,0.0525,426.4283,18.2592,0.0042,441.2468,82.4702,0.0472,1.1e-05,-0.02,0.0112,-0.0406,ROTATE1
298.7293,191.0631,154.8929,0.0632,386.9575,39.4707,0.0107,431.3897,569.7659,0.0512,4.3e-05,-0.0189,0.0078,-0.0465,ROTATE1
247.2959,143.8474,153.4924,0.0776,324.6649,62.2926,0.0144,405.7764,2100.6646,0.0578,0.000129,-0.0186,0.006,-0.0541,ROTATE1
190.318,130.781,72.2221,0.0589,241.9518,82.7131,0.0187,364.938,5474.6851,0.0601,0.000103,-0.0184,0.0112,-0.0543,ROTATE1
252.2075,122.2092,29.7089,0.0441,281.8268,39.875,0.0148,332.3658,4523.2393,0.0593,0.000125,-0.0198,0.0108,-0.0525,ROTATE1
304.1629,127.4705,35.6765,0.0414,331.7177,49.8909,0.0027,313.4237,2394.9722,0.057,0.000175,-0.0213,0.0053,-0.0479,ROTATE1
345.7272,125.1701,51.3818,0.0434,371.2613,39.5436,0.002,310.2845,1972.7102,0.0531,0.000189,-0.0234,-0.0004,-0.0401,ROTATE1
378.9786,118.1299,59.8336,0.0397,401.4468,30.1855,0.0037,325.6409,3357.647,0.0455,4.7e-05,-0.0243,-0.0056,-0.03,ROTATE1
405.5798,115.1101,64.6356,0.0462,426.5244,25.0776,0.0065,362.5554,2629.6899,0.043,5e-06,-0.025,-0.0158,-0.0288,ROTATE1
426.8607,97.1194,50.2179,0.0394,440.6405,14.1161,0.0069,394.3182,1536.8536,0.042,6e-06,-0.0234,-0.0169,-0.0288,ROTATE1
443.8855,56.9111,34.8993,0.0284,448.8777,8.2371,0.011,417.7502,799.3785,0.0394,3.7e-05,-0.0206,-0.0118,-0.0287,ROTATE1
457.5052,36.5258,41.1788,0.0125,460.8046,11.9269,0.0158,435.6588,417.1527,0.0332,0.00014,-0.0167,-0.0052,-0.0258,ROTATE1
468.4011,20.0487,43.0118,0.0079,470.7988,9.9942,0.0047,449.5292,237.6367,0.0269,0.00022,-0.013,0.0001,-0.0199,ROTATE1
477.1178,-1.7298,33.0376,0.0241,478.2634,7.4645,0.0163,459.877,189.8465,0.0225,0.000127,-0.008,0.0041,-0.0077,ROTATE1
484.0911,-12.7463,11.0363,0.0336,484.3846,6.1212,0.0095,468.6258,159.4211,0.0213,9.3e-05,-0.0043,0.0042,0.0059,ROTATE1
489.6698,19.6811,-14.0335,0.044,490.266,5.8814,0.0104,476.9035,106.563,0.0244,0.000177,-0.0019,0.0006,0.0193,ROTATE1
494.1327,67.5042,-25.8174,0.0517,499.3901,9.1241,0.0077,484.6205,96.3041,0.0323,0.000235,-0.001,-0.0067,0.0292,ROTATE1
497.703,114.3534,-20.8352,0.0544,511.096,11.7059,0.0027,492.68,133.3308,0.0416,0.000128,-0.0015,-0.0145,0.0368,ROTATE1
500.5593,159.314,15.6319,0.055,525.533,14.437,0.0006,502.1339,218.25,0.0477,6.5e-05,-0.0042,-0.0219,0.0406,ROTATE1
502.8444,181.0855,65.568,0.0581,538.4641,12.9311,0.0031,512.9498,302.2347,0.0526,2.3e-05,-0.0074,-0.0269,0.0437,ROTATE1
504.6724,203.7216,117.9981,0.067,556.8844,18.4203,0.0089,526.2736,407.8521,0.0572,2.8e-05,-0.0105,-0.0296,0.0472,ROTATE1
506.1348,237.7866,164.111,0.0712,582.7927,25.9083,0.0042,542.954,623.9517,0.0611,4.6e-05,-0.011,-0.0279,0.0523,ROTATE1
507.3047,265.8699,176.4982,0.0566,599.33,16.5374,0.0146,560.6008,745.205,0.0616,4e-05,-0.0104,-0.0201,0.0552,ROTATE1
508.2406,250.0241,153.3954,0.0457,586.8141,12.5159,0.0109,572.8571,486.4666,0.0597,7.9e-05,-0.0104,-0.0069,0.0526,ROTATE1
508.9894,195.1443,108.4757,0.0641,555.8043,31.0098,0.0185,576.3251,296.0235,0.0609,8.1e-05,-0.0113,0.0102,0.044,ROTATE1
509.5884,126.7217,56.4587,0.0745,528.1347,27.6696,0.0104,570.5751,651.8364,0.0624,0.000108,-0.0119,0.0295,0.0291,ROTATE1
510.0676,44.2711,10.8732,0.0731,512.1006,16.0341,0.0014,556.4367,1105.9421,0.0628,0.000116,-0.0135,0.0475,0.0113,ROTATE1
510.451,-40.4363,-23.3264,0.074,512.5811,0.4805,0.0009,539.087,821.6243,0.0663,0.000121,-0.0156,0.061,-0.0014,ROTATE1
510.7577,-114.6209,-45.858,0.0702,525.4658,12.8847,0.0038,526.8173,252.6117,0.0712,1.5e-05,-0.015,0.0668,-0.001,ROTATE1
511.003,-118.7061,-33.0895,0.0974,525.6521,0.1863,0.0272,520.7869,48.4677,0.0778,9.8e-05,-0.0138,0.0608,0.016,ROTATE1
511.1993,-54.8961,24.1221,0.1461,514.704,10.9481,0.0487,518.1007,37.8546,0.0922,0.000822,-0.0135,0.0485,0.0479,ROTATE1
511.3563,27.0987,66.2008,0.1634,516.3353,1.6313,0.0173,518.9476,30.5604,0.1102,0.001439,-0.0128,0.0376,0.0846,ROTATE1
511.4819,84.054,80.1232,0.1473,524.4984,8.1631,0.0162,521.3312,22.9351,0.1249,0.001237,-0.0107,0.0288,0.115,ROTATE1
511.5824,110.9807,78.7642,0.134,529.3742,4.8758,0.0133,522.1128,31.8431,0.1376,0.000493,-0.0114,0.024,0.1342,ROTATE1
511.6628,119.9908,67.7301,0.135,529.8906,0.5164,0.001,522.9606,40.7179,0.1452,0.000114,-0.0121,0.0276,0.1409,ROTATE1
511.7272,131.4458,47.0434,0.145,530.4298,0.5392,0.0101,526.1057,28.35,0.1449,0.000113,-0.013,0.037,0.1383,ROTATE1
511.7786,159.8879,24.9254,0.1537,536.7521,6.3223,0.0087,530.189,15.2535,0.143,5.7e-05,-0.0149,0.0462,0.1338,ROTATE1
511.8198,204.3447,12.7215,0.1558,551.2514,14.4993,0.0021,535.5396,68.8729,0.1447,8.3e-05,-0.0186,0.0537,0.1328,ROTATE1
511.8527,244.4882,7.3522,0.121,567.2934,16.042,0.0348,543.1234,205.4164,0.1421,0.000166,-0.0228,0.0594,0.1263,ROTATE1
511.8791,127.4531,16.9505,0.0835,527.78,39.5134,0.0375,542.7014,217.3005,0.1318,0.000737,-0.0233,0.0649,0.0954,ROTATE1
472.497,17.1875,69.1979,0.0586,477.8464,49.9336,0.0249,532.1847,917.8143,0.1145,0.001474,-0.0231,0.0643,0.0666,ROTATE1
427.8039,-21.7813,112.1583,0.1512,442.798,35.0484,0.0926,513.3939,2158.5425,0.114,0.001437,-0.0193,0.0701,0.0629,ROTATE1
444.64,47.1125,88.5392,0.1673,455.8108,13.0128,0.016,494.3058,2170.7087,0.1163,0.001649,-0.0168,0.0753,0.0629,ROTATE1
458.1089,132.4962,54.6876,0.1791,480.0101,24.1993,0.0119,476.8491,841.4067,0.128,0.002299,-0.0128,0.0839,0.072,ROTATE1
468.884,208.3939,27.4595,0.1738,513.8427,33.8325,0.0054,474.0616,588.5493,0.146,0.001997,-0.0112,0.0905,0.1052,ROTATE1
477.5041,269.112,-7.2387,0.1495,548.1641,34.3214,0.0243,488.1252,1486.1365,0.1642,0.000142,-0.0102,0.0997,0.1297,ROTATE1
484.4001,311.5896,-40.941,0.115,577.4147,29.2506,0.0345,515.0485,1944.8855,0.1569,0.00054,-0.0133,0.0996,0.1194,ROTATE1
489.917,306.0185,-81.559,0.079,583.3677,5.953,0.0359,540.5599,1525.7378,0.1393,0.001421,-0.0139,0.0965,0.0952,ROTATE1
494.3305,233.7648,-109.1691,0.0611,557.6078,25.7599,0.0179,556.0794,609.755,0.1157,0.001768,-0.0131,0.0858,0.0627,ROTATE1
497.8613,148.2744,-116.6572,0.0554,532.4097,25.1981,0.0057,559.7928,351.2286,0.092,0.001259,-0.0124,0.0721,0.028,ROTATE1
500.6859,70.3164,-105.1882,0.0589,516.4255,15.9841,0.0034,553.445,660.0333,0.0739,0.000488,-0.011,0.0601,-0.0026,ROTATE1
502.9456,16.25,-74.6756,0.0648,508.7188,7.7068,0.0059,539.7059,756.448,0.0638,6.7e-05,-0.009,0.0528,-0.0242,ROTATE1
504.7534,14.3875,-48.0217,0.0856,507.2367,1.4821,0.0208,524.4797,354.1904,0.0652,0.000113,-0.0066,0.0531,-0.0351,ROTATE1
506.1996,25.9256,-53.6892,0.0994,509.6986,2.4619,0.0138,514.8978,86.5807,0.0728,0.000286,-0.0016,0.0608,-0.0357,ROTATE1
507.3566,35.3842,-81.1608,0.1079,515.0241,5.3255,0.0085,511.4207,13.1609,0.0833,0.000362,0.0035,0.0737,-0.0333,ROTATE1
508.2821,37.3324,-127.2099,0.0999,525.2874,10.2632,0.0081,513.1931,43.4666,0.0915,0.00023,0.0077,0.0852,-0.0287,ROTATE1
509.0226,23.4503,-161.9898,0.0811,534.6911,9.4037,0.0187,518.3876,104.9129,0.0948,9.8e-05,0.0091,0.0903,-0.0253,ROTATE1
478.5993,2.254,-175.295,0.0635,509.6967,24.9944,0.0176,518.8796,94.9086,0.0904,0.000257,0.0068,0.0852,-0.0251,ROTATE1
404.1764,-23.7843,-165.0797,0.0625,437.2362,72.4605,0.001,504.3871,1201.1459,0.083,0.000342,-0.001,0.0724,-0.0301,ROTATE1
277.0099,-57.5431,-139.9138,0.063,315.6288,121.6075,0.0005,464.5081,6714.1172,0.074,0.000217,-0.0107,0.057,-0.0342,ROTATE1
119.2079,-61.7938,-126.4623,0.0589,184.4497,131.179,0.004,396.3405,17015.0117,0.0658,6.1e-05,-0.0205,0.0418,-0.0384,ROTATE1
25.6069,-21.0288,-125.1511,0.0367,129.4632,54.9866,0.0223,315.2949,20863.1523,0.0569,0.000105,-0.0268,0.0286,-0.0311,ROTATE1
55.9449,43.0769,-124.024,0.0386,142.7144,13.2512,0.0019,241.8985,13874.5059,0.0519,0.000139,-0.0278,0.0209,-0.0177,ROTATE1
136.0372,100.2584,-118.4254,0.0497,206.3552,63.6408,0.0112,195.7223,4363.5601,0.0494,0.000111,-0.0227,0.0157,0.0021,ROTATE1
211.2266,141.5755,-110.4185,0.0567,277.2229,70.8678,0.007,188.0411,2757.5166,0.0481,8.3e-05,-0.0143,0.012,0.0225,ROTATE1
271.3782,159.9541,-118.8692,0.0537,336.6917,59.4688,0.003,218.4895,6247.2354,0.0471,6.5e-05,-0.0064,0.0117,0.0407,ROTATE1
319.4994,165.6602,-149.8547,0.0474,389.8456,53.1539,0.0063,270.566,7822.7217,0.0492,3.9e-05,-0.0007,0.0152,0.0448,ROTATE1
357.9964,165.5344,-194.2244,0.0392,439.6432,49.7976,0.0082,329.9517,6744.2725,0.0494,3.6e-05,0.0017,0.0188,0.043,ROTATE1
388.794,158.1525,-242.492,0.03,484.7426,45.0994,0.0093,385.6292,5381.1094,0.0454,9.6e-05,-0.0002,0.0233,0.0352,ROTATE1
413.4321,149.397,-284.8186,0.0205,523.8007,39.0581,0.0094,434.9448,4416.9736,0.0382,0.000141,-0.0035,0.0252,0.0252,ROTATE1
433.1426,136.8926,-317.4487,0.0099,554.1893,30.3885,0.0106,478.4443,3437.8853,0.0294,0.000177,-0.0058,0.0215,0.016,ROTATE1
448.9109,126.0797,-336.3371,0.0258,574.9258,20.7366,0.0159,515.4603,2359.4907,0.0251,9.5e-05,-0.0071,0.0109,0.0103,ROTATE1
461.5256,126.3825,-328.5634,0.0472,580.4587,5.5329,0.0215,543.6234,1261.6423,0.0267,0.000151,-0.0078,-0.004,0.0089,ROTATE1
471.6174,128.7342,-288.0039,0.0734,567.399,13.0597,0.0262,560.1547,408.0239,0.0354,0.00051,-0.0068,-0.0242,0.0072,ROTATE1
447.5408,129.8842,-183.65,0.1013,500.8892,66.5099,0.0278,555.5724,825.1844,0.0515,0.001074,-0.0083,-0.0477,0.0089,ROTATE1
460.4295,157.1667,-75.3762,0.0975,492.3193,8.5699,0.0037,543.1984,1471.8772,0.069,0.000843,-0.0089,-0.0669,0.0114,ROTATE1
470.7405,145.774,-60.9197,0.0352,496.546,4.2267,0.0624,527.5224,1460.1053,0.0709,0.000695,-0.0045,-0.0663,0.0046,ROTATE1
478.9893,128.9317,-76.6608,0.0304,501.9273,5.3813,0.0048,511.8161,783.9904,0.0675,0.000901,0.0008,-0.0576,-0.0034,ROTATE1
485.5883,159.661,-63.9286,0.0197,515.1451,13.2179,0.0106,501.3654,59.0965,0.0568,0.001235,0.0035,-0.0456,-0.0021,ROTATE1
490.8676,198.6351,-53.1429,0.0116,532.1945,17.0494,0.0081,507.6264,209.9373,0.0389,0.000927,0.008,-0.0265,-0.0034,ROTATE1
495.0909,229.1299,-53.3956,0.0189,548.1484,15.9539,0.0073,518.7922,366.8056,0.0232,7.2e-05,0.0112,-0.0038,-0.0074,ROTATE1
498.4696,275.8758,-68.1383,0.014,573.7789,25.6306,0.005,534.2389,633.9359,0.0189,4.2e-05,0.0063,0.0015,-0.0033,ROTATE1
501.1726,305.1444,-74.9388,0.0351,591.5259,17.747,0.0211,552.1586,760.3737,0.0199,6.7e-05,-0.0011,-0.002,-0.0033,ROTATE1
503.335,317.9999,-63.5323,0.0475,598.754,7.2281,0.0124,568.8804,640.9841,0.0254,0.000189,-0.0073,-0.0049,-0.0116,ROTATE1
505.0648,308.8187,-49.2915,0.0603,594.0447,4.7093,0.0128,581.2504,345.4451,0.0351,0.000299,-0.0127,-0.0091,-0.0235,ROTATE1
506.4488,280.93,-40.3457,0.0651,580.5513,13.4935,0.0049,587.731,84.3962,0.0444,0.000341,-0.0181,-0.0159,-0.0346,ROTATE1
507.5559,261.7784,-37.089,0.0508,572.2906,8.2607,0.0143,587.4333,93.0568,0.0518,0.00011,-0.0212,-0.0192,-0.042,ROTATE1
508.4416,249.2571,-18.515,0.0427,566.5552,5.7354,0.0081,582.4391,151.9446,0.0533,6.8e-05,-0.022,-0.0167,-0.0444,ROTATE1
509.1502,232.3713,-6.2339,0.0377,559.7045,6.8506,0.005,574.6293,141.0878,0.0513,0.000106,-0.0208,-0.0112,-0.0448,ROTATE1
509.717,217.0408,-52.4496,0.0324,556.4792,3.2253,0.0053,567.1161,75.1336,0.0458,0.00013,-0.0184,-0.0064,-0.0408,ROTATE1
510.1705,202.1045,-88.019,0.0227,555.7585,0.7207,0.0098,562.1576,40.2451,0.0373,9e-05,-0.0162,-0.0023,-0.0328,ROTATE1
510.5333,167.9086,-95.0215,0.0277,545.7716,9.9869,0.005,556.8538,45.2796,0.0326,5e-05,-0.0143,0.0028,-0.0274,ROTATE1
510.8235,158.7175,-94.7078,0.0254,543.2325,2.5391,0.0023,552.1893,41.8066,0.0292,2.8e-05,-0.0129,0.0069,-0.0229,ROTATE1
511.0557,154.8803,-97.0444,0.0109,542.7554,0.4771,0.0145,548.7994,36.8195,0.0238,5.2e-05,-0.0113,0.0077,-0.0176,ROTATE1
511.2415,147.3042,-95.2449,0.0239,540.4979,2.2576,0.013,545.6032,28.5908,0.0221,3.4e-05,-0.0074,0.0042,-0.0134,ROTATE1
511.39,135.1309,-81.4178,0.0552,535.1719,5.3259,0.0313,541.4858,12.7744,0.0286,0.000211,0.0014,-0.0053,-0.0127,ROTATE1
511.5089,118.1953,-55.8561,0.0738,527.9502,7.2217,0.0186,537.9216,33.0396,0.0379,0.000535,0.0126,-0.0202,-0.0137,ROTATE1
511.604,115.5781,-16.1786,0.0658,524.7463,3.2039,0.008,534.2243,48.4464,0.0459,0.000595,0.0222,-0.0336,-0.0157,ROTATE1
511.6801,112.6938,20.929,0.0505,524.361,0.3854,0.0153,530.5455,39.8136,0.0539,0.000291,0.0277,-0.0425,-0.0176,ROTATE1
511.741,102.5956,53.3526,0.0177,524.6439,0.2829,0.0329,527.3746,16.9153,0.0526,0.000372,0.0277,-0.041,-0.014,ROTATE1
496.1928,96.9453,72.7664,0.0462,510.7843,13.8596,0.0285,522.4972,36.0135,0.0508,0.000375,0.02,-0.0273,-0.0035,ROTATE1
406.4449,95.225,46.1569,0.0951,419.9948,90.7895,0.0489,500.9061,1665.2357,0.0551,0.000644,0.0055,-0.002,0.0123,ROTATE1
380.4559,73.0425,5.588,0.1004,387.4443,32.5505,0.0052,473.4456,3372.2043,0.062,0.000984,-0.0086,0.0211,0.0306,ROTATE1
406.7616,36.8277,-16.0983,0.0761,408.7425,21.2982,0.0243,450.3219,3156.325,0.0671,0.000971,-0.0198,0.0358,0.0464,ROTATE1
427.8062,-8.6347,1.1682,0.0609,427.8949,19.1524,0.0152,430.9722,1777.7562,0.0758,0.000415,-0.0262,0.0379,0.0563,ROTATE1
444.6418,-45.9953,53.2627,0.0756,450.1764,22.2816,0.0147,418.8506,430.5889,0.0816,0.000206,-0.0261,0.0272,0.0629,ROTATE1
458.1104,-86.0587,115.3383,0.0632,480.1813,30.0049,0.0123,430.8879,1037.7225,0.0752,0.000196,-0.0177,0.0094,0.0629,ROTATE1
468.8852,-87.1063,175.8706,0.0751,508.3023,28.121,0.0119,455.0595,1274.5867,0.0702,4.5e-05,-0.0076,-0.0066,0.0637,ROTATE1
477.505,-0.5913,237.9621,0.0958,533.5142,25.2118,0.0207,480.0138,1453.842,0.0741,0.000153,-0.0015,-0.0128,0.0708,ROTATE1
484.4009,98.1519,273.3166,0.0691,564.7831,31.269,0.0267,507.3915,1598.1964,0.0758,0.000121,0.0009,-0.0069,0.0717,ROTATE1
489.9176,128.8403,241.8689,0.0669,561.3552,3.4279,0.0022,529.6273,1031.4719,0.074,0.000133,0.0004,0.0117,0.0598,ROTATE1
494.331,69.7097,160.4795,0.1136,524.3818,36.9734,0.0468,538.4673,469.8482,0.0841,0.000322,-0.0002,0.0371,0.0394,ROTATE1
497.8617,-32.8791,80.5242,0.1378,505.4023,18.9795,0.0241,537.8873,506.1863,0.0966,0.000725,-0.0004,0.0639,0.0109,ROTATE1
500.6862,-108.1939,13.5537,0.1386,512.422,7.0197,0.0008,533.6689,614.2628,0.1052,0.001004,0.0034,0.088,-0.0209,ROTATE1
502.9459,-135.6239,-40.8914,0.1222,522.5136,10.0916,0.0164,525.215,374.0627,0.1158,0.000688,0.0083,0.1054,-0.0399,ROTATE1
504.7536,-141.6272,-83.4287,0.1016,530.8434,8.3298,0.0205,519.1127,81.9363,0.1228,0.000201,0.0124,0.1124,-0.0437,ROTATE1
506.1997,-136.5549,-108.8617,0.0728,535.4776,4.6342,0.0289,521.3318,125.0213,0.1146,0.000617,0.0126,0.1059,-0.0356,ROTATE1
507.3567,-124.6283,-113.63,0.0459,534.6539,0.8237,0.0269,527.1821,75.5409,0.0962,0.001116,0.0105,0.0914,-0.0206,ROTATE1
508.2822,-103.5401,-99.4603,0.05,528.1702,6.4838,0.0042,530.3317,22.2437,0.0785,0.000869,0.0075,0.0718,0.0009,ROTATE1
509.0227,-8.6134,-135.0901,0.0812,526.7139,1.4562,0.0311,531.1718,11.9311,0.0703,0.000422,0.009,0.0629,0.0133,ROTATE1
509.615,-42.7376,-135.5283,0.0301,529.0576,2.3436,0.0511,530.8146,12.676,0.056,0.000345,0.0088,0.0479,0.0126,ROTATE1
510.0889,-80.6463,-87.6852,0.0431,523.816,5.2416,0.013,528.4823,12.6838,0.05,0.000287,0.0074,0.037,0.0053,ROTATE1
510.468,-104.7108,-75.3481,0.0452,526.5162,2.7002,0.0022,526.8547,3.1903,0.0499,0.000288,0.0068,0.0357,-0.0003,ROTATE1
510.7713,-94.6061,-87.2848,0.0489,526.7412,0.225,0.0037,526.569,2.7651,0.0497,0.000288,0.0068,0.04,-0.0054,ROTATE1
511.0139,-56.4974,-102.8684,0.0583,524.3177,2.4235,0.0094,526.0897,3.5448,0.0451,8.4e-05,0.0014,0.0342,-0.0035,ROTATE1
511.208,-10.2636,-110.7416,0.0553,523.166,1.1517,0.003,524.9114,2.1044,0.0502,3.4e-05,-0.0027,0.0371,0.0065,ROTATE1
511.3633,25.9954,-114.9277,0.0391,524.7633,1.5973,0.0162,525.1009,1.8329,0.0494,4.8e-05,-0.0044,0.0402,0.018,ROTATE1
511.4875,49.5307,-158.9015,0.0187,537.887,13.1237,0.0203,527.375,28.9575,0.0441,0.000204,-0.0028,0.0359,0.0229,ROTATE1
511.5869,48.6433,-150.7337,0.0416,535.5446,2.3425,0.0229,529.1357,39.1253,0.0426,0.000198,-0.0039,0.0308,0.012,ROTATE1
511.6664,36.7115,-153.1651,0.0666,535.3595,0.1851,0.025,531.3441,37.353,0.0443,0.000261,0.0021,0.0258,-0.0074,ROTATE1
511.73,7.4192,-164.1602,0.0676,537.4674,2.1079,0.0011,534.2044,23.2947,0.0467,0.00034,0.007,0.0223,-0.0273,ROTATE1
511.7809,-44.7334,-157.1907,0.0519,537.2426,0.2248,0.0158,536.7003,1.0849,0.0493,0.000327,0.0114,0.0174,-0.0408,ROTATE1
511.8216,-75.8711,-163.365,0.0538,542.5918,5.3492,0.002,537.6412,6.8599,0.0563,9.5e-05,0.0109,0.013,-0.0519,ROTATE1
511.8542,-99.1594,-176.6139,0.0531,550.4723,7.8805,0.0007,540.6268,29.9948,0.0586,4.9e-05,0.0126,0.0093,-0.0553,ROTATE1
511.8802,-121.7744,-178.8286,0.0502,555.7248,5.2525,0.0029,544.6998,53.4466,0.0553,3.9e-05,0.0075,0.0085,-0.0532,ROTATE1
511.9011,-142.257,-161.066,0.0416,555.1775,0.5473,0.0087,548.2418,52.3957,0.0501,2e-05,0.0032,0.0094,-0.0471,ROTATE1
511.9177,-138.6212,-144.2591,0.0412,549.6238,5.5537,0.0004,550.718,22.4496,0.048,3.1e-05,-0.0007,0.0136,-0.0426,ROTATE1
505.1967,-121.6032,-127.4885,0.0405,535.0367,14.587,0.0007,549.207,56.1398,0.0453,2.8e-05,-0.0034,0.0169,-0.0394,ROTATE1
446.0917,-106.5013,-94.6502,0.0722,468.2937,66.743,0.0317,532.7713,1095.079,0.0491,0.000146,-0.0082,0.0136,-0.0424,ROTATE1
331.4077,-104.6292,-27.2858,0.1033,348.6013,119.6924,0.0311,491.3466,6057.4185,0.0597,0.000619,-0.0141,0.0033,-0.0511,ROTATE1
189.6574,-102.619,35.5683,0.103,218.5537,130.0477,0.0003,424.0219,15593.1172,0.072,0.000776,-0.0191,-0.01,-0.0628,ROTATE1
82.9166,-82.1952,83.7859,0.0753,143.7055,74.8481,0.0276,342.8382,21562.6113,0.0788,0.000541,-0.0233,-0.0226,-0.0697,ROTATE1
28.5145,-56.3749,123.0787,0.0461,138.3458,5.3597,0.0292,263.5,16243.4326,0.08,0.00046,-0.0254,-0.0254,-0.0705,ROTATE1
-35.8759,-38.2749,134.8692,0.0206,144.7126,6.3668,0.0255,198.7838,6489.2378,0.0697,0.001045,-0.0243,-0.0197,-0.0585,ROTATE1
44.0555,-31.7731,132.7141,0.0391,143.3996,1.313,0.0184,157.7435,929.3521,0.0568,0.000842,-0.0182,-0.0065,-0.0349,ROTATE1
137.6413,-20.7591,100.2682,0.0642,171.5511,28.1515,0.0251,148.3429,139.5362,0.0491,0.000367,-0.0103,0.0107,-0.0081,ROTATE1
212.5099,-3.7291,44.8895,0.0768,217.2313,45.6802,0.0125,163.0481,868.1151,0.0494,0.000382,-0.003,0.0277,0.0153,ROTATE1
272.4048,22.9292,-15.9321,0.0779,273.832,56.6007,0.0011,190.1453,2466.429,0.0557,0.000502,0.0027,0.0371,0.0362,ROTATE1
320.3207,60.8246,-59.152,0.0801,331.3668,57.5348,0.0023,227.4762,4648.7139,0.0676,0.000234,0.007,0.0418,0.0519,ROTATE1
358.6535,103.9941,-93.7091,0.0818,385.0045,53.6377,0.0017,275.7971,5863.0591,0.0761,3.9e-05,0.0078,0.0435,0.0611,ROTATE1
389.3197,140.614,-127.3829,0.078,433.0918,48.0873,0.0038,328.1053,5901.7905,0.0789,3e-06,0.0066,0.0428,0.0654,ROTATE1
413.8526,169.7443,-170.0844,0.0641,478.556,45.4642,0.0138,380.3702,5238.6431,0.0764,4e-05,0.0043,0.0403,0.0643,ROTATE1
433.479,177.9736,-216.2113,0.0385,516.0678,37.5118,0.0256,428.8174,4304.2036,0.0685,0.000264,0.0014,0.0361,0.0576,ROTATE1
449.1801,174.9758,-247.6534,0.0148,541.9515,25.8837,0.0237,470.9343,3190.9109,0.0555,0.000642,-0.0013,0.0289,0.0463,ROTATE1
461.741,172.7868,-254.9071,0.0228,555.0114,13.0599,0.0079,504.9357,1971.8217,0.0437,0.000578,-0.0034,0.0175,0.0338,ROTATE1
471.7897,184.5076,-243.6944,0.029,562.1526,7.1412,0.0062,530.7479,927.9987,0.0339,0.00029,-0.005,0.0037,0.0229,ROTATE1
479.8286,181.6342,-237.5556,0.0141,565.384,3.2314,0.0148,548.1135,321.5689,0.0239,8.4e-05,-0.0046,-0.007,0.0135,ROTATE1
486.2598,134.8292,-278.2288,0.0119,576.228,10.844,0.0023,560.1455,129.4995,0.0185,4.1e-05,-0.0033,-0.01,0.0061,ROTATE1
491.4047,114.2259,-302.7424,0.0232,588.3699,12.1418,0.0113,569.4292,136.4316,0.0202,4e-05,-0.0037,-0.0129,-0.0,ROTATE1
495.5206,118.2745,-216.5283,0.2713,553.5468,34.8231,0.2482,569.1363,145.2213,0.0699,0.010184,-0.0078,-0.0623,-0.0106,ROTATE1
498.8134,191.304,-107.6195,0.2062,544.9716,8.5753,0.0652,565.7001,240.4461,0.1053,0.012306,-0.0066,-0.0983,-0.0125,ROTATE1
501.4476,232.99,-52.255,0.1522,555.3959,10.4244,0.054,563.7025,257.6707,0.133,0.010319,-0.0027,-0.1255,-0.0168,ROTATE1
503.555,250.0139,-40.904,0.1217,563.6911,8.2952,0.0305,561.1951,220.0056,0.1549,0.006929,0.0015,-0.1499,-0.0234,ROTATE1
505.2408,256.3142,-42.1857,0.1099,568.1064,4.4153,0.0119,557.1424,65.4407,0.1723,0.003564,0.0057,-0.1654,-0.0319,ROTATE1
506.5896,248.9264,-54.8236,0.1057,567.1005,1.006,0.0042,559.8531,75.3398,0.1391,0.001389,0.0122,-0.1264,-0.0389,ROTATE1
507.6685,217.6474,-65.4432,0.104,556.2198,10.8806,0.0017,562.1028,28.6269,0.1187,0.000319,0.0116,-0.0976,-0.0557,ROTATE1
508.5317,175.7898,-72.1702,0.0999,542.8767,13.3431,0.004,559.5989,87.2895,0.1082,5.6e-05,0.0059,-0.079,-0.0684,ROTATE1
509.2223,124.1318,-77.7893,0.0918,529.8748,13.002,0.0081,552.8356,214.9036,0.1023,3.7e-05,-0.0003,-0.067,-0.0752,ROTATE1
509.7747,60.4836,-87.5221,0.0818,520.7578,9.117,0.01,543.3659,284.3864,0.0966,7.8e-05,-0.0039,-0.0579,-0.0769,ROTATE1
510.2167,-12.66,-112.2458,0.0722,522.571,1.8132,0.0097,534.46,178.8914,0.0899,0.000137,-0.0056,-0.0522,-0.0729,ROTATE1
510.5702,-73.7499,-149.1935,0.0689,537.0099,14.439,0.0032,530.618,70.7329,0.0829,0.000136,-0.0044,-0.0491,-0.0664,ROTATE1
510.8531,-125.178,-174.0454,0.057,554.0146,17.0046,0.0119,532.8456,145.1955,0.0743,0.000139,-0.001,-0.0474,-0.0559,ROTATE1
511.0793,-151.9049,-130.8051,0.0455,548.9874,5.0272,0.0114,536.6682,180.9299,0.0651,0.000158,0.0025,-0.0458,-0.0422,ROTATE1
511.2604,-158.4614,-62.5191,0.0462,538.8931,10.0942,0.0007,540.2952,118.1364,0.058,0.000123,0.0046,-0.0447,-0.0247,ROTATE1
511.4052,-146.2035,-2.934,0.053,531.9016,6.9915,0.0068,542.1613,65.9148,0.0541,7.3e-05,0.0063,-0.0429,-0.0051,ROTATE1
511.521,-113.6597,53.1715,0.0567,526.6873,5.2143,0.0037,540.0968,104.2342,0.0517,2.5e-05,0.0061,-0.0366,0.016,ROTATE1
511.6137,-64.0184,86.1122,0.0698,522.7449,3.9424,0.0131,533.8429,86.5991,0.0542,7.8e-05,0.0045,-0.0266,0.0357,ROTATE1
511.6879,23.1009,77.5148,0.0745,518.0412,4.7037,0.0047,527.6536,52.3599,0.06,0.000112,0.0026,-0.015,0.0516,ROTATE1
511.7472,120.8776,32.4118,0.1039,526.8274,8.7862,0.0294,525.2405,21.4079,0.0716,0.000326,0.0038,-0.0007,0.0673,ROTATE1
511.7946,199.099,-36.8893,0.1245,550.3953,23.5679,0.0205,528.9392,125.4057,0.0859,0.000611,0.0058,0.014,0.0826,ROTATE1
508.442,261.6761,-89.0396,0.1243,578.719,28.3237,0.0001,539.3456,511.7049,0.0994,0.000553,0.0055,0.0279,0.0941,ROTATE1
461.0974,311.7377,-123.6754,0.1061,570.1638,8.5552,0.0182,548.8293,556.5997,0.1067,0.000334,0.006,0.0376,0.0988,ROTATE1
363.9498,346.7308,-151.6091,0.0667,525.04,45.1238,0.0395,550.2291,478.2453,0.1051,0.000445,0.0076,0.041,0.0959,ROTATE1
277.5567,338.369,-170.581,0.0221,469.7118,55.3282,0.0446,538.806,1534.8361,0.0887,0.001555,0.0077,0.0355,0.0798,ROTATE1
212.8766,311.2015,-174.9492,0.0308,415.6562,54.0557,0.0088,511.8582,3814.9641,0.07,0.001619,0.0072,0.0237,0.0525,ROTATE1
186.1919,258.7581,-154.0656,0.0634,354.0612,61.5949,0.0325,466.9266,5882.0181,0.0578,0.000889,0.0103,0.0048,0.021,ROTATE1
183.4473,197.6127,-128.2306,0.0772,298.5746,55.4867,0.0138,412.6087,6468.4873,0.052,0.000464,0.0123,-0.0149,-0.0096,ROTATE1
185.9859,140.2589,-103.6845,0.0743,254.9781,43.5965,0.0029,358.5964,5992.4805,0.0536,0.000518,0.0121,-0.0305,-0.0327,ROTATE1
163.7856,87.629,-82.0507,0.0616,203.0687,51.9094,0.0127,305.2678,5516.981,0.0614,0.00027,0.009,-0.0388,-0.0458,ROTATE1
105.4348,38.1563,-53.7843,0.0384,124.3589,78.7098,0.0232,247.0083,6231.2969,0.0629,0.000188,0.0039,-0.0394,-0.0478,ROTATE1
10.9228,4.5751,-29.9493,0.0106,32.2056,92.1533,0.0277,182.6372,9023.627,0.0524,0.000624,-0.0015,-0.0318,-0.0392,ROTATE1
-93.6618,-5.7837,-16.2813,0.02,95.2421,63.0365,0.0094,141.9707,6209.1475,0.041,0.00058,-0.0038,-0.02,-0.024,ROTATE1
-177.3294,12.3824,-20.7532,0.0364,178.9685,83.7264,0.0164,126.7688,3697.6848,0.0334,0.000305,-0.0051,-0.0056,-0.0073,ROTATE1
-244.2635,63.6591,-38.9713,0.0301,255.4132,76.4447,0.0063,137.2377,5733.6284,0.0271,0.000109,-0.005,0.0072,0.0055,ROTATE1
-297.8108,122.271,-51.1708,0.0164,325.9754,70.5622,0.0137,177.561,11198.8721,0.0227,8.7e-05,-0.004,0.0141,0.0095,ROTATE1
-340.6487,121.0293,-67.0616,0.0351,367.6776,41.7023,0.0187,244.6553,9700.4473,0.0276,6.5e-05,-0.0038,0.0159,0.0034,ROTATE1
-374.9189,44.3422,-104.1087,0.0703,391.6236,23.946,0.0352,303.9316,6041.835,0.0377,0.000317,0.001,0.0223,-0.0101,ROTATE1
-197.5383,-65.8388,-159.0182,0.0623,261.9979,129.6257,0.008,320.5375,2994.6113,0.0429,0.000411,0.008,0.0228,-0.0241,ROTATE1
-55.6337,-155.071,-176.0552,0.0564,241.1173,20.8806,0.0059,317.6784,3399.7153,0.0481,0.000388,0.0139,0.0199,-0.0372,ROTATE1
27.6711,-193.5068,-188.1817,0.0281,271.3354,30.2181,0.0284,306.7504,3696.0598,0.0505,0.000262,0.0167,0.0166,-0.0406,ROTATE1
124.5338,-181.6398,-188.0891,0.0432,289.619,18.2836,0.0152,291.1387,2768.604,0.0521,0.000223,0.0153,0.0073,-0.0339,ROTATE1
202.0239,-141.9806,-166.2025,0.08,297.6498,8.0308,0.0368,272.3439,404.3957,0.054,0.000308,0.0043,-0.0158,-0.0222,ROTATE1
237.016,-83.9876,-102.412,0.101,271.5119,26.1379,0.021,274.2467,379.5054,0.0617,0.000676,-0.01,-0.0402,-0.0126,ROTATE1
212.7378,-32.8463,-31.6202,0.0984,217.5686,53.9433,0.0026,269.537,780.2939,0.0701,0.000868,-0.0218,-0.0605,-0.0065,ROTATE1
145.5965,9.0792,26.9976,0.0789,148.3565,69.2121,0.0195,244.9412,3111.6372,0.0803,0.000426,-0.0276,-0.0725,-0.0093,ROTATE1
66.9834,32.1758,61.1449,0.068,96.2329,52.1236,0.0108,206.264,5639.3179,0.0853,0.000157,-0.0264,-0.0709,-0.0212,ROTATE1
1.143,1.3344,60.9191,0.0726,60.9444,35.2885,0.0046,158.9229,5951.417,0.0838,0.000181,-0.0205,-0.059,-0.0371,ROTATE1
-68.0293,-49.0418,60.7821,0.0663,103.5739,42.6295,0.0063,125.3353,2900.7305,0.0768,0.000135,-0.0131,-0.0417,-0.0511,ROTATE1
-156.8235,-99.0241,59.1226,0.048,194.666,91.0921,0.0183,120.7547,2139.7017,0.0668,0.000107,-0.0061,-0.0247,-0.0569,ROTATE1
-227.8588,-125.1849,62.3543,0.0299,267.3555,72.6895,0.0181,144.5545,5719.2549,0.0569,0.000254,-0.0017,-0.0136,-0.0544,ROTATE1
-284.687,-96.2104,80.6678,0.0157,311.1438,43.7883,0.0142,187.5367,8955.1855,0.0465,0.00046,0.0005,-0.0099,-0.044,ROTATE1
-330.1496,-44.8965,102.6436,0.0167,348.6405,37.4967,0.001,245.0759,7630.1846,0.0353,0.000376,0.0022,-0.0098,-0.0315,ROTATE1
-366.5197,-16.314,114.1524,0.026,384.2312,35.5907,0.0093,301.2074,4347.7207,0.0272,0.000136,0.0051,-0.01,-0.0222,ROTATE1
-395.6158,-19.895,109.9001,0.0239,411.0787,26.8475,0.0021,344.4899,2618.4695,0.0224,3e-05,0.0067,-0.0114,-0.0163,ROTATE1
-418.8926,-26.4566,97.9107,0.0129,430.9959,19.9173,0.011,377.218,1854.0553,0.019,2.5e-05,0.0076,-0.0119,-0.0106,ROTATE1
-437.5141,-46.2903,78.4567,0.0134,446.8969,15.9009,0.0005,404.3686,1214.7668,0.0186,2.9e-05,0.0067,-0.0109,-0.0075,ROTATE1
-452.4113,-63.2197,64.7247,0.0234,461.3697,14.4728,0.0101,426.9145,735.1502,0.0199,3.1e-05,0.0058,-0.0099,-0.0013,ROTATE1
-435.3697,-72.8164,53.2391,0.0423,444.616,16.7537,0.0189,438.9915,287.5936,0.0232,0.000114,0.0045,-0.0098,0.0107,ROTATE1
-409.0239,-63.55,48.9132,0.0497,416.8112,27.8047,0.0074,440.1379,228.8468,0.0283,0.000228,0.0053,-0.0089,0.0237,ROTATE1
-413.0472,-47.3963,44.5368,0.0507,418.1363,1.325,0.001,437.566,302.3316,0.0359,0.000223,0.0078,-0.0064,0.0332,ROTATE1
-432.8378,-86.2264,40.3263,0.0429,443.1814,25.0451,0.0078,436.8229,290.6728,0.0418,9.6e-05,0.0124,-0.0053,0.0237,ROTATE1
-448.6702,-145.7092,68.9861,0.0118,476.7549,33.5735,0.0311,439.9,479.6086,0.0395,0.000203,0.0127,-0.0057,0.0183,ROTATE1
-384.4393,-193.4893,50.7607,0.0588,433.3686,43.3863,0.047,437.6505,478.6321,0.0428,0.000265,0.0099,0.0059,0.0041,ROTATE1
-384.8015,-213.1914,29.318,0.0642,440.8881,7.5195,0.0054,442.4659,370.686,0.0457,0.000339,0.0039,0.0189,-0.0104,ROTATE1
-410.2411,-198.9687,29.6075,0.0464,456.9059,16.0178,0.0177,450.2198,233.8799,0.0448,0.000333,-0.0028,0.0274,-0.0201,ROTATE1
-430.5929,-174.7563,41.2297,0.0367,466.5296,9.6238,0.0098,454.8894,255.3689,0.0436,0.000344,-0.0085,0.0348,-0.01,ROTATE1
-446.8743,-146.53,76.9057,0.0369,476.5314,10.0018,0.0003,454.8447,253.422,0.0486,0.000126,-0.0104,0.0416,-0.0036,ROTATE1
-459.8995,-115.6115,96.7995,0.0351,483.9873,7.4559,0.0019,464.9684,228.5453,0.0439,0.000119,-0.0089,0.0334,0.0093,ROTATE1
-470.3196,-76.2705,118.7053,0.0479,491.0281,7.0408,0.0128,474.9965,147.8327,0.0406,2.9e-05,-0.0047,0.0191,0.0235,ROTATE1
-478.6557,-32.0789,137.8173,0.0595,499.1331,8.105,0.0116,483.442,127.5687,0.0432,8.7e-05,0.0008,0.005,0.0341,ROTATE1
-485.3245,10.7463,152.5007,0.0645,508.8338,9.7007,0.005,491.9028,127.7273,0.0488,0.000138,0.0063,-0.0093,0.0414,ROTATE1
-490.6596,49.3377,174.6193,0.0629,523.1376,14.3038,0.0016,501.224,188.7095,0.054,0.000123,0.0112,-0.0228,0.0443,ROTATE1
-494.9277,86.2482,203.6674,0.0527,542.1002,18.9625,0.0101,512.8466,328.3765,0.0575,3.9e-05,0.0145,-0.0321,0.0439,ROTATE1
-498.3421,102.8142,235.7995,0.0385,560.8182,18.7181,0.0143,526.8046,498.5974,0.0556,9e-05,0.0168,-0.0346,0.0392,ROTATE1
-501.0737,127.1608,259.1678,0.0092,578.2842,17.466,0.0293,542.6348,624.8906,0.0456,0.000417,0.0151,-0.0287,0.0304,ROTATE1
-503.259,151.8099,274.9373,0.0265,593.2169,14.9327,0.0173,559.5114,623.2783,0.038,0.00036,0.0098,-0.016,0.0208,ROTATE1
-505.0072,180.9135,279.1499,0.0544,604.7203,11.5034,0.0278,575.8279,501.2063,0.0363,0.000287,0.0029,0.003,0.0121,ROTATE1
-506.4057,208.1902,280.4762,0.0624,615.1884,10.4681,0.008,590.4456,369.8665,0.0382,0.000365,-0.0031,0.0226,0.0032,ROTATE1
-507.5246,196.6928,279.0153,0.0727,611.6525,3.5359,0.0103,600.6125,180.8918,0.045,0.000556,-0.0063,0.0419,-0.0053,ROTATE1
-508.4197,182.2949,267.2935,0.0925,602.634,9.0185,0.0198,605.4824,58.2826,0.0617,0.000472,-0.0051,0.0592,-0.0112,ROTATE1
-509.1357,164.9171,227.1442,0.1058,581.3875,21.2466,0.0133,603.1165,138.7103,0.0776,0.000363,-0.0011,0.0748,-0.0156,ROTATE1
-509.7086,148.4025,180.1029,0.112,560.5918,20.7957,0.0061,594.2908,421.9737,0.0891,0.000359,0.0035,0.0865,-0.0186,ROTATE1
-510.1669,150.6626,143.8448,0.1216,551.0543,9.5375,0.0096,581.464,543.9849,0.1009,0.000288,0.0051,0.0985,-0.0197,ROTATE1
-510.5335,147.077,95.404,0.1419,539.7944,11.2598,0.0203,567.0924,502.443,0.1148,0.000273,0.0031,0.1124,-0.0211,ROTATE1
-510.8268,158.2553,62.2138,0.1341,538.3859,1.4086,0.0078,554.2428,249.5013,0.1231,0.000179,-0.0017,0.1208,-0.0209,ROTATE1
-511.0615,158.8043,35.9273,0.1309,536.3706,2.0153,0.0032,545.2394,84.9566,0.1281,0.000107,-0.007,0.1262,-0.0183,ROTATE1
-511.2492,164.7997,-7.5863,0.1423,537.2078,0.8372,0.0114,540.5626,28.8461,0.1341,5.9e-05,-0.0098,0.1325,-0.0138,ROTATE1
-511.3994,191.5491,-61.2972,0.1353,549.525,12.3171,0.007,540.2567,22.8024,0.1369,2e-05,-0.0101,0.1353,-0.0067,ROTATE1
-509.5945,253.2362,-104.8065,0.1258,578.6186,29.0936,0.0095,548.0215,256.7933,0.1337,2.9e-05,-0.0094,0.1326,0.0006,ROTATE1
-510.0756,228.4139,-115.4858,0.1119,570.6899,7.9286,0.014,554.4824,299.2529,0.1293,0.000105,-0.0082,0.1261,-0.0054,ROTATE1
-510.4605,157.9062,-134.1449,0.1229,550.9075,19.7824,0.011,557.3898,227.7486,0.1276,0.00011,-0.0055,0.1207,-0.0174,ROTATE1
-510.7684,79.8281,-169.1659,0.1177,543.943,6.9645,0.0052,558.7368,180.635,0.1227,6.2e-05,-0.0038,0.1122,-0.031,ROTATE1
-511.0147,14.4843,-203.4953,0.0928,550.2328,6.2899,0.0249,558.8784,178.1069,0.1142,0.000137,-0.0029,0.1018,-0.0432,ROTATE1
-511.2118,-32.45,-221.4118,0.0615,558.0445,7.8116,0.0313,554.7635,83.379,0.1014,0.0005,-0.0029,0.0884,-0.0486,ROTATE1
-511.3694,-55.6975,-220.4576,0.0374,559.645,1.6005,0.0241,552.5546,32.5351,0.0865,0.001073,-0.003,0.0757,-0.0391,ROTATE1
-511.4955,-43.358,-207.1567,0.0271,553.5535,6.0914,0.0103,553.0838,31.912,0.0673,0.001146,-0.0047,0.0594,-0.0227,ROTATE1
-511.5964,-18.0833,-195.7066,0.0256,548.0502,5.5034,0.0016,553.9052,19.594,0.0489,0.000647,-0.0067,0.0415,-0.0057,ROTATE1
-511.6772,3.124,-185.0497,0.0174,544.1201,3.9301,0.0082,552.6826,34.5519,0.0338,0.000233,-0.0077,0.0242,0.0061,ROTATE1
-511.7417,14.2836,-174.0522,0.0242,540.7197,3.4003,0.0068,549.2177,45.4184,0.0263,4.2e-05,-0.0068,0.0079,0.0111,ROTATE1
-511.7934,8.7206,-161.1043,0.0396,536.6219,4.0978,0.0154,544.6131,34.2009,0.0268,5.2e-05,-0.004,-0.0071,0.0104,ROTATE1
-511.8347,-16.186,-142.2491,0.0518,531.4805,5.1414,0.0122,540.1985,33.2187,0.0317,0.000153,-0.0012,-0.0211,0.0045,ROTATE1
-511.8678,-55.5738,-120.5524,0.0559,528.8005,2.6801,0.0041,536.3486,32.0499,0.0378,0.000225,0.0018,-0.0338,-0.0028,ROTATE1
-511.8942,-79.8059,-96.4294,0.0566,526.9756,1.8248,0.0007,532.9197,25.7836,0.0456,0.000152,0.0043,-0.0442,-0.0067,ROTATE1
-461.2404,-71.576,-70.6435,0.0649,472.0766,54.899,0.0083,519.191,565.516,0.0537,6.8e-05,0.0053,-0.0498,-0.0001,ROTATE1
-414.9954,-33.392,-46.293,0.0503,418.9025,53.1741,0.0146,495.6472,1961.9932,0.0559,2.6e-05,0.0047,-0.0509,0.0061,ROTATE1
-434.3963,-13.0199,-16.3344,0.043,434.8983,15.9958,0.0073,476.3307,2070.147,0.0541,5.3e-05,0.0033,-0.0495,0.0102,ROTATE1
-423.2452,-38.0503,12.3794,0.0351,425.1324,9.7658,0.008,455.5971,1613.9014,0.05,0.000107,0.0014,-0.0457,0.0144,ROTATE1
-360.843,-45.659,33.9973,0.0493,365.3057,59.8267,0.0142,423.2631,1179.9402,0.0485,9.7e-05,-0.0011,-0.0394,0.0236,ROTATE1
-290.8088,-7.7241,48.2134,0.054,294.8796,70.4261,0.0047,387.8237,2743.9026,0.0463,4.4e-05,-0.0041,-0.0328,0.0256,ROTATE1
-291.3502,20.4176,72.6551,0.0437,300.9661,6.0865,0.0103,364.2364,3503.2141,0.045,4.1e-05,-0.0082,-0.0287,0.0271,ROTATE1
-327.7989,56.131,84.2929,0.0689,343.0862,42.1201,0.0252,345.874,2256.8828,0.0502,0.000127,-0.0108,-0.021,0.0393,ROTATE1
-304.3454,121.5579,43.8093,0.0401,330.6383,12.4478,0.0288,326.9752,689.7628,0.0512,0.000101,-0.0161,-0.0132,0.0434,ROTATE1
-320.1763,107.8526,28.9162,0.0343,339.0888,8.4505,0.0058,321.7318,397.7715,0.0482,0.000148,-0.0197,-0.0049,0.0311,ROTATE1
-358.5411,82.1508,16.9798,0.0393,368.2238,29.135,0.005,336.4006,470.6897,0.0452,0.000149,-0.0209,0.0034,0.0158,ROTATE1
-389.2328,41.2832,2.5932,0.0543,391.4246,23.2008,0.015,354.4924,497.7862,0.0474,0.00016,-0.0187,0.0149,0.0011,ROTATE1
-413.7863,4.3734,-14.9192,0.0573,414.0782,22.6536,0.003,368.6908,980.2671,0.0451,8.2e-05,-0.0157,0.0234,-0.0207,ROTATE1
-433.429,-23.0388,-32.6197,0.051,435.2649,21.1867,0.0064,389.6161,1139.2242,0.0472,7.9e-05,-0.0097,0.0289,-0.0339,ROTATE1
-449.1432,-47.0373,-46.7708,0.0487,454.015,18.7501,0.0023,412.6013,929.7465,0.0501,3.8e-05,-0.0039,0.0314,-0.0378,ROTATE1
-461.7146,-72.0048,-57.526,0.046,470.823,16.808,0.0027,433.1212,792.7618,0.0515,1.6e-05,0.0008,0.0319,-0.04,ROTATE1
-471.7717,-100.9101,-60.7239,0.0379,486.2497,15.4267,0.0081,452.0862,649.8978,0.0482,4.1e-05,0.0036,0.0283,-0.0384,ROTATE1
-479.8173,-142.6656,-59.0854,0.0303,504.0528,17.8031,0.0076,470.0811,577.2668,0.0428,5.9e-05,0.0052,0.0212,-0.0358,ROTATE1
-486.2538,-188.2231,-53.0027,0.0206,524.0992,20.0464,0.0097,487.848,602.7651,0.0367,0.000106,0.0067,0.0123,-0.0307,ROTATE1
-491.4031,-235.6722,-37.924,0.0277,546.3118,22.2126,0.0071,506.3073,716.689,0.0325,7.6e-05,0.0064,0.001,-0.0221,ROTATE1
-495.5225,-269.5565,-23.3236,0.0557,564.577,18.2652,0.028,525.0581,792.3407,0.0344,0.000144,0.0055,-0.0118,-0.0065,ROTATE1
-498.818,-286.6546,-19.6182,0.0727,575.6519,11.0748,0.017,542.9386,683.3569,0.0414,0.000386,0.0047,-0.0228,0.0125,ROTATE1
-501.4544,-280.9737,-22.5665,0.0841,575.2495,0.4023,0.0114,557.1779,386.9773,0.0522,0.00061,0.0034,-0.0308,0.0334,ROTATE1
-503.5635,-268.8883,-14.5657,0.0895,571.0423,4.2072,0.0054,566.5665,118.4362,0.066,0.0005,0.0016,-0.0366,0.0522,ROTATE1
-505.2508,-249.7138,5.7006,0.0982,563.6203,7.422,0.0086,570.0282,26.1385,0.0801,0.000216,0.0015,-0.0441,0.0661,ROTATE1
-506.6006,-229.5867,34.7417,0.0991,557.2802,6.3401,0.0009,568.5688,50.5679,0.0887,9.5e-05,0.0031,-0.0509,0.0714,ROTATE1
-507.6805,-225.4912,63.5434,0.108,559.1275,1.8473,0.0089,565.264,47.4397,0.0958,6.8e-05,0.0047,-0.0587,0.0739,ROTATE1
-508.5444,-198.4242,108.4566,0.1224,556.5541,2.5734,0.0144,561.5248,28.6891,0.1035,0.000124,0.0052,-0.0691,0.0756,ROTATE1
-509.2355,-172.6738,157.759,0.1195,560.3793,3.8253,0.003,559.3923,6.2874,0.1094,0.000101,0.0049,-0.0787,0.0756,ROTATE1
-509.7884,-150.9703,183.7603,0.1063,562.5336,2.1543,0.0132,559.175,4.6385,0.1111,7.5e-05,0.0034,-0.0808,0.0759,ROTATE1
-510.2307,-125.3793,186.7802,0.093,557.6219,4.9117,0.0133,559.2433,4.3982,0.1098,0.00011,0.002,-0.0782,0.0768,ROTATE1
-510.5846,-106.166,187.6022,0.0824,554.2224,3.3995,0.0106,558.2623,8.4751,0.1047,0.000234,0.0018,-0.0738,0.0739,ROTATE1
-510.8677,-109.4578,196.6849,0.0777,558.2578,4.0354,0.0047,558.603,7.7754,0.0958,0.000237,0.003,-0.0691,0.0652,ROTATE1
-511.0941,-128.3006,197.1761,0.0788,562.6337,4.376,0.001,559.0539,10.1904,0.0876,0.000116,0.0064,-0.0657,0.0549,ROTATE1
-511.2753,-143.5967,183.3815,0.0685,561.8285,0.8052,0.0102,558.9129,9.2885,0.0801,6.3e-05,0.0097,-0.0602,0.0495,ROTATE1
-511.4203,-125.9649,148.8333,0.0926,547.3292,14.4993,0.024,556.8544,31.5539,0.08,6e-05,0.0117,-0.056,0.0518,ROTATE1
-511.5362,-94.2188,110.976,0.1027,531.8478,15.4813,0.0101,552.3795,135.2083,0.0841,0.000146,0.012,-0.0514,0.0593,ROTATE1
-511.629,-104.6406,41.0246,0.0684,523.829,8.0188,0.0343,545.4937,243.9084,0.0822,0.000183,0.0133,-0.0439,0.0632,ROTATE1
-511.7032,-151.4969,-12.8428,0.0696,533.8131,9.9841,0.0012,539.7296,179.2138,0.0804,0.000209,0.0129,-0.0398,0.0666,ROTATE1
-511.7625,-131.9069,1.5413,0.09,528.491,5.3221,0.0203,533.062,62.3464,0.0847,0.000181,0.0104,-0.045,0.0675,ROTATE1
-511.81,-90.4068,30.6831,0.0917,520.6384,7.8526,0.0017,527.7239,24.0097,0.0845,0.000178,0.0074,-0.0528,0.0607,ROTATE1
-511.848,-59.6473,56.1933,0.0795,518.3665,2.2719,0.0122,525.0276,30.8504,0.0798,9.5e-05,0.0043,-0.0605,0.048,ROTATE1
-511.8784,-46.2335,80.8203,0.0636,520.2778,1.9113,0.0159,524.3174,34.5708,0.0789,0.000121,0.0001,-0.0671,0.0394,ROTATE1
-511.9027,-41.4743,98.5344,0.0436,522.947,2.6693,0.02,522.1442,12.1896,0.0737,0.000326,-0.003,-0.0651,0.0326,ROTATE1
-511.9222,-27.7575,97.7494,0.0292,521.9097,1.0373,0.0144,520.8279,2.4116,0.0615,0.000521,-0.0031,-0.0554,0.0253,ROTATE1
-509.6534,-3.9373,86.7901,0.0192,517.0054,4.9043,0.0099,520.1013,4.7987,0.047,0.000486,-0.0018,-0.0419,0.0187,ROTATE1
-508.1102,18.0971,70.9227,0.0117,513.3552,3.6502,0.0076,519.099,12.2942,0.0334,0.000341,0.0007,-0.0274,0.0137,ROTATE1
-505.2538,32.6433,52.5663,0.013,509.0287,4.3265,0.0013,516.8492,27.237,0.0233,0.000141,0.0034,-0.0132,0.0099,ROTATE1
-476.2218,27.6334,23.8624,0.0223,477.6194,31.4093,0.0093,507.7837,245.4129,0.0191,4.1e-05,0.0059,-0.0014,0.0054,ROTATE1
-444.4837,14.4129,-4.9569,0.0262,444.745,32.8744,0.004,492.3507,762.104,0.0185,3e-05,0.0075,0.0065,-0.0018,ROTATE1
-415.6557,0.8679,-29.5687,0.0216,416.707,28.0379,0.0046,472.2911,1382.5363,0.0189,3.2e-05,0.008,0.0095,-0.009,ROTATE1
-388.2527,-8.7182,-49.0862,0.0271,391.4405,25.2666,0.0055,447.9081,1758.1182,0.022,2.5e-05,0.0069,0.0063,-0.0151,ROTATE1
-379.4991,-29.1402,-78.4158,0.0368,388.61,2.8304,0.0097,423.8244,1134.1993,0.0268,3e-05,0.0062,-0.001,-0.0198,ROTATE1
-379.9774,-74.809,-68.4545,0.0532,393.275,4.665,0.0164,406.9555,457.5131,0.033,0.000127,0.0045,-0.0136,-0.0228,ROTATE1
-391.1288,-94.0285,-57.6949,0.0474,406.3887,13.1137,0.0059,399.2842,113.1204,0.0372,0.000141,0.0029,-0.0253,-0.0225,ROTATE1
-371.8624,-99.804,-50.1809,0.0425,388.2791,18.1096,0.0048,393.5987,44.3064,0.0414,8e-05,0.0017,-0.0344,-0.021,ROTATE1
-399.89,-87.2182,-28.8604,0.0567,410.3071,22.028,0.0142,397.372,84.9713,0.0473,5.1e-05,0.0011,-0.0426,-0.0176,ROTATE1
-422.312,-85.0933,-3.5852,0.0632,430.8145,20.5074,0.0065,405.8129,222.0485,0.0526,5.2e-05,-0.0006,-0.0499,-0.0143,ROTATE1
-440.2496,-85.334,15.8475,0.0613,448.7234,17.9089,0.0019,416.9025,435.8907,0.0542,6.4e-05,-0.0014,-0.0526,-0.0118,ROTATE1
-454.5997,-98.3704,32.2842,0.0682,466.2401,17.5167,0.0069,428.8729,757.3341,0.0584,7.7e-05,-0.0015,-0.0569,-0.012,ROTATE1
-430.0016,-130.1869,57.3836,0.0766,452.9271,13.3131,0.0083,441.8024,376.3101,0.0652,4.6e-05,-0.0016,-0.0633,-0.0145,ROTATE1
-420.6201,-162.8183,63.3975,0.0655,455.4671,2.54,0.011,450.8344,133.6863,0.067,2.8e-05,-0.0011,-0.0644,-0.0176,ROTATE1
-438.8961,-175.889,65.5555,0.0658,477.3513,21.8842,0.0003,460.1418,107.528,0.0675,2.6e-05,0.0007,-0.0649,-0.0173,ROTATE1
-453.5168,-162.8706,70.2601,0.0731,486.9711,9.6198,0.0073,467.7913,166.8988,0.0698,1.9e-05,0.0028,-0.0673,-0.012,ROTATE1
-465.2135,-131.8215,87.3455,0.0717,491.355,4.3839,0.0013,472.8143,252.2365,0.0705,1.8e-05,0.0049,-0.0677,-0.0035,ROTATE1
-474.5708,-111.3072,100.0733,0.0526,497.6157,6.2607,0.0192,481.752,216.275,0.0657,5.3e-05,0.0075,-0.0627,0.0048,ROTATE1
-482.0566,-94.6832,109.0336,0.0325,503.2214,5.6057,0.02,491.3029,79.0637,0.0591,0.00023,0.0103,-0.0555,0.0116,ROTATE1
-488.0453,-70.8841,106.8332,0.0204,504.6049,1.3834,0.0121,496.7536,45.8123,0.0501,0.000438,0.0127,-0.0444,0.0142,ROTATE1
-492.8362,-46.8198,79.1384,0.0205,501.3408,3.2641,0.0,499.6275,22.6215,0.0395,0.000397,0.0152,-0.031,0.012,ROTATE1
-496.669,4.4473,59.7982,0.0277,500.2756,1.0651,0.0073,501.4117,5.8354,0.0307,0.00014,0.0173,-0.0212,0.0071,ROTATE1
-499.7352,31.7203,70.598,0.0504,505.6931,5.4175,0.0227,503.0272,4.0098,0.0303,0.000122,0.0184,-0.0205,0.0006,ROTATE1
-502.1882,47.7138,102.6034,0.0673,514.7786,9.0854,0.0169,505.3386,26.2787,0.0373,0.000346,0.0182,-0.0276,-0.0067,ROTATE1
-504.1505,68.3929,140.3483,0.0827,527.7717,12.9932,0.0154,509.972,105.352,0.0497,0.000547,0.0177,-0.0396,-0.0162,ROTATE1
-505.7204,105.4549,161.4287,0.0803,541.233,13.4612,0.0024,517.9504,222.2471,0.0617,0.00042,0.0152,-0.0508,-0.027,ROTATE1
-506.9763,163.3702,189.0492,0.0866,565.203,23.97,0.0063,530.9359,437.7068,0.0735,0.000175,0.0095,-0.058,-0.0401,ROTATE1
-507.9811,188.3899,232.8425,0.0692,589.7043,24.5013,0.0174,547.7381,718.6974,0.0772,5.8e-05,0.0068,-0.0553,-0.0495,ROTATE1
-508.7849,176.4276,266.199,0.0741,600.7084,11.0042,0.0049,564.9241,767.2445,0.0786,3.8e-05,0.0023,-0.0421,-0.0593,ROTATE1
-509.4279,138.3358,263.0904,0.0919,589.8052,10.9033,0.0178,577.3307,461.0728,0.0804,6.7e-05,-0.0025,-0.019,-0.0668,ROTATE1
-509.9423,82.1093,258.2817,0.1137,577.4881,12.3171,0.0217,584.5818,147.89,0.0871,0.000243,-0.0064,0.0093,-0.0721,ROTATE1
-510.3539,15.8249,264.5254,0.1368,575.0523,2.4358,0.0232,586.5516,87.0644,0.0972,0.000637,-0.0033,0.0431,-0.0736,ROTATE1
-510.6831,-21.4057,248.7078,0.1606,568.4285,6.6238,0.0238,582.2965,132.6599,0.1154,0.000952,-0.0006,0.0776,-0.0757,ROTATE1
-510.9465,-10.7964,164.585,0.167,536.9088,31.5197,0.0064,569.5366,314.0529,0.134,0.000798,0.0012,0.1072,-0.0744,ROTATE1
-466.3072,18.2972,83.2742,0.1702,474.0377,62.8711,0.0032,546.3831,1519.8123,0.1497,0.000461,0.0017,0.1301,-0.0702,ROTATE1
-356.5583,62.2347,6.1194,0.177,362.0005,112.0372,0.0068,503.2856,6268.2974,0.1623,0.00019,0.001,0.148,-0.0634,ROTATE1
-185.6872,107.594,-59.4357,0.1627,222.6855,139.3151,0.0143,432.8122,16018.9941,0.1675,3.4e-05,-0.0028,0.1564,-0.0571,ROTATE1
-46.1529,188.4721,-140.6017,0.1538,239.6261,16.9406,0.0089,367.0517,15480.3721,0.1661,6e-05,-0.0077,0.1567,-0.0533,ROTATE1
39.7277,211.4089,-183.697,0.1443,282.8721,43.246,0.0095,316.2444,8545.9414,0.1616,0.000134,-0.0084,0.1486,-0.058,ROTATE1
64.0353,173.5177,-187.9076,0.1543,263.663,19.209,0.01,274.1694,2348.8533,0.1584,0.00012,-0.006,0.1314,-0.0735,ROTATE1
44.5282,107.1142,-163.6167,0.1639,200.5658,63.0972,0.0096,241.8825,847.0446,0.1558,5e-05,-0.0007,0.107,-0.0958,ROTATE1
-19.1306,41.4132,-128.9746,0.1617,136.8046,63.7612,0.0022,224.7063,2686.5923,0.1556,4.8e-05,0.0042,0.0839,-0.1183,ROTATE1
-85.6201,-15.3382,-98.7078,0.1464,131.5648,5.2398,0.0153,203.094,3910.052,0.1541,6.2e-05,0.0082,0.0644,-0.1352,ROTATE1
-170.8961,-62.283,-84.0944,0.1249,200.3909,68.8261,0.0215,186.5978,2366.4807,0.1502,0.000198,0.0116,0.0523,-0.1397,ROTATE1
-239.1169,-59.4639,-83.5599,0.0957,260.1828,59.7919,0.0292,185.9018,2261.137,0.1385,0.000653,0.013,0.0477,-0.1287,ROTATE1
-293.6935,-33.093,-83.3667,0.0702,307.0847,46.9019,0.0254,207.2055,4701.3394,0.1198,0.001105,0.0125,0.0464,-0.1085,ROTATE1
-337.3548,2.3568,-69.6496,0.0562,344.4777,37.393,0.014,248.7402,5753.6831,0.0987,0.001118,0.0109,0.0435,-0.0872,ROTATE1
-372.2838,25.8823,-40.4759,0.0586,375.3711,30.8934,0.0024,297.5014,3837.0859,0.0811,0.000675,0.0081,0.0369,-0.071,ROTATE1
-400.2271,38.0028,-3.512,0.064,402.0426,26.6715,0.0054,337.8318,2510.229,0.069,0.000202,0.0047,0.0293,-0.061,ROTATE1
-422.5817,44.846,29.0435,0.0664,425.946,23.9034,0.0023,370.9844,1758.0813,0.0631,2.6e-05,0.0018,0.0234,-0.0575,ROTATE1
-440.4653,50.2455,52.8536,0.067,446.4614,20.5155,0.0007,398.8597,1303.7676,0.0625,1.9e-05,-0.0004,0.0211,-0.0583,ROTATE1
-454.7723,55.6339,67.1641,0.0696,463.0594,16.5979,0.0026,422.5761,974.1392,0.0651,1.4e-05,-0.0014,0.0236,-0.0599,ROTATE1
-466.2178,61.3196,75.7094,0.0732,476.2889,13.2295,0.0036,442.7597,698.1137,0.0681,1e-05,-0.0013,0.03,-0.0599,ROTATE1
-455.6086,63.5432,82.9894,0.0757,467.4443,8.8445,0.0025,455.84,317.3096,0.0704,1.3e-05,-0.0004,0.0374,-0.0587,ROTATE1
-410.8775,65.8971,91.0478,0.078,425.9724,41.472,0.0023,455.8453,316.9937,0.0727,1.6e-05,0.0007,0.0442,-0.0572,ROTATE1
-431.102,126.9208,66.4288,0.1029,454.2803,28.308,0.0249,457.4091,297.4268,0.0799,0.00014,0.0031,0.0573,-0.0526,ROTATE1
-447.2816,93.4397,27.9962,0.2262,457.7943,3.5139,0.1233,456.356,289.9624,0.1112,0.00342,0.0042,0.0772,-0.0768,ROTATE1
-460.2253,5.8424,-2.2155,0.1643,460.2677,2.4734,0.0619,453.1518,203.2919,0.1294,0.003363,0.0039,0.0841,-0.094,ROTATE1
-470.5802,-40.5948,19.4838,0.132,472.7296,12.4619,0.0323,454.2089,237.9776,0.1407,0.00266,0.0034,0.0875,-0.1054,ROTATE1
-478.8642,-73.7852,39.7871,0.0963,486.1463,13.4166,0.0357,466.2437,137.6814,0.1443,0.002256,0.0029,0.0878,-0.1099,ROTATE1
-485.4914,-105.2251,56.7578,0.0743,499.9956,13.8493,0.022,475.3867,253.3008,0.1386,0.002861,0.0013,0.0798,-0.1125,ROTATE1
-490.7931,-144.1832,65.7937,0.0666,515.7475,15.7519,0.0077,486.9774,382.8579,0.1067,0.001345,-0.0002,0.063,-0.0843,ROTATE1
-495.0345,-185.9434,80.76,0.0621,534.9358,19.1883,0.0045,501.9109,477.1664,0.0863,0.000661,-0.0006,0.0586,-0.0599,ROTATE1
-498.4276,-223.7735,89.5736,0.0604,553.6498,18.714,0.0017,518.095,580.3149,0.0719,0.000172,-0.0008,0.0571,-0.0384,ROTATE1
-501.1421,-244.9094,97.4714,0.0611,566.2372,12.5875,0.0007,534.1132,583.1237,0.0649,2.7e-05,-0.0,0.0572,-0.0186,ROTATE1
-503.3137,-232.9619,100.8521,0.0951,563.7083,2.5289,0.0339,546.8557,363.1237,0.0691,0.000174,0.0001,0.0594,0.0049,ROTATE1
-505.0509,-168.9383,119.5504,0.1429,545.8103,17.898,0.0479,552.8683,133.6471,0.0843,0.001031,-0.0005,0.0639,0.0365,ROTATE1
-506.4407,-62.9444,132.231,0.1747,527.1899,18.6204,0.0318,551.3191,198.8078,0.1068,0.002058,-0.0013,0.0693,0.0711,ROTATE1
-507.5526,8.7851,132.6004,0.1717,524.6614,2.5285,0.0029,545.5214,306.2348,0.1291,0.001974,-0.0019,0.0751,0.1016,ROTATE1
-508.4421,47.7,120.271,0.1604,524.6463,0.0151,0.0113,537.2032,238.368,0.149,0.000851,-0.004,0.0819,0.1238,ROTATE1
-509.1537,61.6693,104.7574,0.1478,523.4641,1.1822,0.0127,529.1544,70.8335,0.1595,0.000159,-0.006,0.0866,0.1336,ROTATE1
-509.7229,48.0667,100.2934,0.1277,521.7151,1.749,0.0201,524.3353,3.1953,0.1565,0.000297,-0.0053,0.0871,0.1295,ROTATE1
-510.1783,27.9565,101.5254,0.136,520.9327,0.7823,0.0083,523.0839,2.3151,0.1487,0.000255,-0.0019,0.0862,0.1208,ROTATE1
-486.0583,16.4277,99.1328,0.1541,496.3364,24.5963,0.0181,517.4189,112.811,0.1452,0.000142,0.0018,0.0873,0.1156,ROTATE1
-389.7904,14.6359,99.1219,0.1648,402.4623,93.8741,0.0107,492.9821,2148.2119,0.1461,0.000172,0.0045,0.0894,0.1151,ROTATE1
-221.2042,20.165,83.0037,0.1693,237.1235,165.3388,0.0045,435.714,11775.4727,0.1504,0.000261,0.0065,0.0909,0.1194,ROTATE1
-74.5665,44.7414,57.753,0.1824,104.3904,132.7331,0.013,352.2491,25284.9062,0.1613,0.000242,0.0072,0.0935,0.1309,ROTATE1
42.7437,89.2306,25.6087,0.1872,102.2004,2.19,0.0048,268.5026,25085.4648,0.1716,0.000143,0.0065,0.0958,0.1417,ROTATE1
136.5918,163.9845,-9.9912,0.1774,213.6541,111.4537,0.0098,211.9661,12109.1162,0.1762,6.7e-05,0.0062,0.0929,0.1491,ROTATE1
211.6703,231.6626,-28.3555,0.1197,315.0808,101.4267,0.0577,194.4898,6672.4648,0.1672,0.000599,0.0061,0.0863,0.1427,ROTATE1
216.1644,287.727,-32.5094,0.0696,361.3457,46.2649,0.0501,219.3343,11259.8691,0.1472,0.002105,0.0063,0.0797,0.1202,ROTATE1
75.4096,331.0722,-21.2169,0.061,340.214,21.1317,0.0086,266.499,9315.3213,0.123,0.002757,0.0062,0.0727,0.0849,ROTATE1
-21.7223,316.6765,-7.1047,0.0761,317.5002,22.7139,0.0151,309.5589,2582.5803,0.1008,0.001878,0.0054,0.0657,0.0424,ROTATE1
-97.1591,271.2912,-5.0119,0.101,288.2082,29.292,0.0249,324.4698,611.8697,0.0855,0.00047,0.0046,0.0627,-0.0045,ROTATE1
-180.1273,213.4674,-15.9345,0.1099,279.7643,8.4439,0.0089,317.4065,944.0651,0.0835,0.000351,0.0056,0.062,-0.0415,ROTATE1
-246.5018,158.9489,-25.782,0.0977,294.4361,14.6718,0.0122,304.0245,484.3854,0.0891,0.000321,0.007,0.0602,-0.0628,ROTATE1
-299.6014,107.7372,-23.7662,0.0858,319.2697,24.8337,0.0118,299.8357,251.3865,0.0941,0.00014,0.0076,0.0585,-0.0728,ROTATE1
-342.0811,69.6992,-21.9099,0.0756,349.7964,30.5267,0.0103,306.2949,646.4728,0.094,0.000144,0.0073,0.0573,-0.0739,ROTATE1
-376.0649,46.2,-29.3279,0.0656,380.0255,30.2291,0.01,324.6584,1331.0686,0.0869,0.000246,0.0053,0.0549,-0.0663,ROTATE1
-244.8051,41.6443,-26.6904,0.0899,249.7522,130.2733,0.0243,318.656,2014.1318,0.0829,0.000126,0.0019,0.0489,-0.0324,ROTATE1
-165.2222,80.6124,-5.918,0.0536,183.9341,65.8181,0.0363,296.5556,5038.3818,0.0741,0.000177,-0.0022,0.0425,-0.0069,ROTATE1
-173.8621,117.8024,21.0281,0.0199,211.0631,27.129,0.0337,274.9142,5928.6416,0.0609,0.000563,-0.0054,0.0345,0.0097,ROTATE1
-191.0491,106.595,58.7881,0.0172,226.5354,15.4724,0.0027,250.262,4667.5444,0.0492,0.000766,-0.0075,0.0241,0.0181,ROTATE1
-194.1424,80.5979,106.3774,0.0273,235.5917,9.0563,0.0101,221.3753,508.4333,0.0416,0.00075,-0.0088,0.0115,0.0209,ROTATE1
-226.6327,62.0721,164.7894,0.0292,287.0032,51.4116,0.0019,228.8255,1153.2839,0.0294,0.000166,-0.0084,0.0032,-0.0012,ROTATE1
-264.2999,41.6202,178.0503,0.1393,321.3854,34.3822,0.1101,256.3158,1707.9886,0.0466,0.00217,0.0009,0.0236,-0.0207,ROTATE1
-313.8399,28.268,121.0277,0.1182,337.5534,16.168,0.0211,281.6138,1978.3461,0.0662,0.002668,0.0104,0.0433,-0.0292,ROTATE1
-353.472,35.3519,80.2941,0.1077,364.1968,26.6434,0.0106,309.1461,1977.5833,0.0843,0.002202,0.0176,0.0643,-0.0291,ROTATE1
-385.1776,48.9753,53.7603,0.0925,391.9828,27.786,0.0152,340.4243,1289.5884,0.0974,0.001395,0.0222,0.0845,-0.0236,ROTATE1
-410.5421,75.2771,21.2176,0.0936,417.9254,25.9426,0.0012,366.6088,1234.4835,0.1103,0.000302,0.0255,0.1039,-0.0151,ROTATE1
-430.8336,98.4748,-36.7822,0.0946,443.4725,25.5471,0.001,391.0262,1410.8494,0.1013,0.000102,0.0212,0.0976,-0.0038,ROTATE1
-447.0669,103.1892,-103.2882,0.0942,470.3034,26.831,0.0004,417.5762,1391.0566,0.0965,3.2e-05,0.0171,0.0944,0.0,ROTATE1
-460.0535,95.7326,-156.5337,0.0871,495.2946,24.9912,0.0071,443.7957,1341.7517,0.0924,8e-06,0.015,0.0903,-0.0013,ROTATE1
-470.4428,78.7142,-185.802,0.074,511.8933,16.5987,0.0131,467.7778,1157.1499,0.0887,6.2e-05,0.0146,0.0858,-0.0067,ROTATE1
-478.7542,51.9933,-197.7416,0.0577,520.5869,8.6935,0.0163,488.3102,796.2787,0.0815,0.000198,0.0145,0.0772,-0.0152,ROTATE1
-485.4034,9.854,-200.4558,0.039,525.2581,4.6713,0.0186,504.6673,399.6702,0.0704,0.000401,0.0137,0.0639,-0.0219,ROTATE1
-490.7227,-33.4168,-201.2146,0.015,531.4252,6.1671,0.024,516.8916,157.2583,0.0546,0.000651,0.0118,0.0459,-0.0224,ROTATE1
-494.9782,-69.2366,-201.4373,0.0231,538.8637,7.4385,0.0081,525.6054,84.5962,0.0418,0.000472,0.0089,0.0254,-0.0159,ROTATE1
-498.3825,-95.2174,-200.9186,0.0491,545.7287,6.865,0.026,532.3725,82.1874,0.0368,0.000251,0.0054,0.0044,-0.0045,ROTATE1
-501.106,-118.6583,-192.0974,0.0767,549.6257,3.897,0.0276,538.1803,80.2114,0.0406,0.000468,0.0013,-0.0164,0.0116,ROTATE1
-503.2848,-163.186,-172.4998,0.0976,556.4903,6.8646,0.021,544.4267,74.8481,0.0523,0.000981,-0.0025,-0.0375,0.0283,ROTATE1
-505.0279,-207.5457,-152.3123,0.1292,566.8575,10.3672,0.0316,551.5132,91.4502,0.0752,0.001363,-0.0058,-0.0588,0.0461,ROTATE1
-506.4223,-222.0553,-119.1749,0.1662,565.6631,1.1944,0.037,556.873,70.7641,0.1038,0.001661,-0.0083,-0.0806,0.0647,ROTATE1
-507.5378,-200.8599,-71.743,0.1682,550.5328,15.1302,0.0019,557.8339,53.0412,0.1276,0.001325,-0.0092,-0.0992,0.0795,ROTATE1
-508.4303,-179.0973,-64.96,0.1596,542.9521,7.5807,0.0085,556.4991,82.0785,0.1442,0.000738,-0.0069,-0.1109,0.0913,ROTATE1
-509.1442,-165.6216,-96.8118,0.1368,544.0872,1.1351,0.0228,554.0185,106.7363,0.152,0.000254,-0.0024,-0.1128,0.1007,ROTATE1
-509.7154,-176.8723,-167.1807,0.1455,564.8389,20.7516,0.0086,553.6148,97.0215,0.1553,0.000148,0.0047,-0.1132,0.1047,ROTATE1
-510.1723,-175.3728,-192.132,0.1945,572.6658,7.827,0.049,555.0153,138.6161,0.1609,0.0004,0.0123,-0.12,0.1045,ROTATE1
-510.5378,-150.4076,-202.4369,0.2164,569.4313,3.2345,0.022,558.795,161.8753,0.1706,0.000913,0.0181,-0.1299,0.1071,ROTATE1
-510.8303,-113.9824,-228.8526,0.2252,571.2382,1.8068,0.0087,564.4523,110.6374,0.1837,0.001313,0.0199,-0.145,0.109,ROTATE1
-511.0642,-80.8265,-260.3977,0.2466,579.2465,8.0084,0.0214,571.4842,22.017,0.2056,0.001184,0.0184,-0.1705,0.112,ROTATE1
-511.2514,-66.0643,-289.562,0.2603,591.2602,12.0137,0.0138,576.7684,63.4801,0.2286,0.000531,0.014,-0.1972,0.1132,ROTATE1
-500.8355,-94.4077,-280.2964,0.2753,581.6486,9.6116,0.015,578.5649,61.6495,0.2448,0.000473,0.0092,-0.2177,0.1075,ROTATE1
-459.8559,-132.6637,-227.6778,0.2982,530.004,51.6446,0.0229,570.6795,454.4173,0.2611,0.000615,0.0036,-0.2403,0.0957,ROTATE1
-386.9941,-183.6059,-139.7922,0.3112,450.5746,79.4294,0.0131,546.5468,2757.0054,0.2783,0.000563,-0.0011,-0.2638,0.0817,ROTATE1
-306.3141,-249.2848,-20.115,0.3089,395.4438,55.1308,0.0023,509.7862,5758.2363,0.2908,0.000394,-0.004,-0.2815,0.0678,ROTATE1
-325.3075,-301.8278,85.1986,0.2895,451.867,56.4232,0.0194,481.9076,4324.3447,0.2966,0.000175,-0.0035,-0.2905,0.0583,ROTATE1
-362.646,-274.1466,169.4401,0.2655,485.1582,33.2912,0.024,462.6095,1964.3877,0.2947,0.000274,-0.0016,-0.2867,0.063,ROTATE1
-392.5168,-207.5111,233.149,0.2448,501.4865,16.3283,0.0207,456.906,1325.7379,0.284,0.000654,0.0034,-0.2696,0.0769,ROTATE1
-397.5072,-137.5026,262.6067,0.2041,495.8641,5.6224,0.0407,465.9639,1539.2211,0.2626,0.001322,0.0099,-0.2403,0.0916,ROTATE1
-397.1745,-104.7927,257.1885,0.1503,484.639,11.225,0.0538,483.8029,296.1239,0.2308,0.002405,0.0163,-0.2027,0.1001,ROTATE1
-405.824,-97.506,226.0414,0.1146,474.6528,9.9863,0.0357,488.36,88.1204,0.1959,0.003196,0.0201,-0.1635,0.103,ROTATE1
-414.8873,-100.7955,184.4425,0.0964,465.0916,9.5612,0.0183,484.3468,178.2478,0.1621,0.003064,0.0226,-0.129,0.0946,ROTATE1
-434.2255,-100.0176,152.7977,0.0937,471.0652,5.9736,0.0027,478.2625,117.7558,0.1318,0.001716,0.0228,-0.1027,0.079,ROTATE1
-437.1679,-88.8172,131.5507,0.0942,465.0912,5.974,0.0005,472.108,52.611,0.1098,0.00047,0.0211,-0.0861,0.0646,ROTATE1
-433.0187,-80.2413,118.7593,0.0977,456.1224,8.9688,0.0035,466.4046,39.7853,0.0993,6.1e-05,0.018,-0.0802,0.0549,ROTATE1
-425.1243,-74.9993,117.0793,0.1044,447.2842,8.8382,0.0067,460.9309,69.3358,0.0973,1.5e-05,0.0136,-0.0819,0.0491,ROTATE1
-407.9495,-68.8088,120.3603,0.1034,430.8643,16.4199,0.001,454.0854,199.8136,0.0987,2e-05,0.0091,-0.0861,0.046,ROTATE1
-387.2283,-56.5564,123.3508,0.0989,410.3167,20.5475,0.0045,441.9357,377.6761,0.0997,1.4e-05,0.0055,-0.0889,0.0441,ROTATE1
-360.317,-42.4576,124.3088,0.09,383.5149,26.8018,0.0089,425.6205,686.8522,0.0989,2.6e-05,0.0029,-0.0893,0.0422,ROTATE1
-339.7755,-29.0849,121.1126,0.078,361.8862,21.6288,0.012,406.7733,957.9739,0.095,9.8e-05,0.001,-0.0857,0.0407,ROTATE1
-312.2642,-29.671,119.8776,0.0738,335.7974,26.0887,0.0042,384.4759,1140.089,0.0888,0.000132,0.0001,-0.0809,0.0355,ROTATE1
-284.8113,-52.9899,133.9458,0.073,319.166,16.6314,0.0008,362.1362,1063.7295,0.0828,0.000102,-0.0025,-0.0764,0.0273,ROTATE1
-284.3991,-62.8951,146.6973,0.0802,326.1268,6.9608,0.0072,345.2982,575.2755,0.079,3.7e-05,-0.006,-0.0742,0.0213,ROTATE1
-143.3943,-83.7692,126.6953,0.0468,208.8801,117.2467,0.0334,310.3713,2785.2629,0.0704,0.000146,-0.0092,-0.0669,0.0113,ROTATE1
-145.0654,-82.256,112.85,0.0469,201.3583,7.5219,0.0,278.2657,3600.5071,0.0642,0.000206,-0.0117,-0.0614,0.0075,ROTATE1
-98.543,-40.8892,99.0488,0.0722,145.5792,55.7791,0.0253,240.2221,5012.3521,0.0638,0.0002,-0.0128,-0.0556,0.0161,ROTATE1
-65.8875,12.4043,102.739,0.0705,122.6798,22.8994,0.0017,200.9248,4984.8882,0.0633,0.000192,-0.0113,-0.051,0.0261,ROTATE1
-87.6756,39.8328,104.0225,0.0436,141.7545,19.0747,0.0269,164.0504,1190.2797,0.056,0.000159,-0.0081,-0.0437,0.0264,ROTATE1
-172.5405,27.21,98.1086,0.0321,200.3395,58.585,0.0115,162.3423,1048.8007,0.0531,0.000248,-0.0045,-0.0409,0.0255,ROTATE1
-240.4324,1.6086,100.2775,0.0345,260.5109,60.1714,0.0024,174.1728,2531.8052,0.0506,0.000303,-0.0012,-0.0389,0.0195,ROTATE1
-294.7459,2.5932,113.197,0.034,315.7459,55.235,0.0006,208.2061,5218.6074,0.0429,0.000206,0.0003,-0.037,0.0083,ROTATE1
-338.1967,20.3214,133.4639,0.0391,364.1464,48.4005,0.0051,256.4995,6286.8892,0.0367,1.7e-05,0.0007,-0.0348,-0.0003,ROTATE1
-366.6074,15.6352,167.1117,0.0515,403.2019,39.0555,0.0125,308.7889,5223.7432,0.0382,4.9e-05,-0.0022,-0.0366,-0.0037,ROTATE1
-395.6859,39.7988,199.2925,0.0557,444.8244,41.6225,0.0042,357.6859,4181.7041,0.043,8.1e-05,-0.0041,-0.0415,0.0007,ROTATE1
-418.9487,52.1203,223.0715,0.0561,477.4887,32.6643,0.0004,401.0815,3280.4739,0.0473,8.2e-05,-0.0061,-0.0463,0.0039,ROTATE1
-437.559,62.9994,247.8041,0.0588,506.7876,29.2989,0.0027,439.2899,2598.9209,0.0522,4.9e-05,-0.0074,-0.0512,0.0035,ROTATE1
-452.4472,74.9245,274.9245,0.0482,534.7015,27.9139,0.0107,473.4008,2126.731,0.0541,1.4e-05,-0.0085,-0.053,0.0009,ROTATE1
-464.3578,87.4552,288.749,0.0296,553.7621,19.0607,0.0185,503.5129,1526.0065,0.0497,0.000113,-0.0065,-0.0482,-0.0018,ROTATE1
-473.8862,81.6079,274.7023,0.034,553.7954,0.0333,0.0043,525.3071,867.8196,0.0453,0.000136,-0.0058,-0.0368,-0.0105,ROTATE1
-481.509,78.227,238.4244,0.055,542.9701,10.8253,0.0211,538.4033,301.3846,0.0451,0.000132,-0.0055,-0.0195,-0.0199,ROTATE1
-487.6072,75.0816,187.3426,0.0681,527.7265,15.2436,0.0131,542.5911,106.735,0.047,0.000197,-0.0064,0.0003,-0.0306,ROTATE1
-492.4857,70.8684,137.3897,0.0758,516.1787,11.5478,0.0077,538.8866,220.0851,0.0525,0.000332,-0.0086,0.0166,-0.0424,ROTATE1
-496.3886,66.8728,98.7024,0.0787,510.5054,5.6733,0.0029,530.2352,262.0806,0.0623,0.000268,-0.0138,0.0258,-0.0534,ROTATE1
-499.5109,68.592,74.6401,0.0798,509.6932,0.8123,0.0011,521.4147,157.6591,0.0715,8.4e-05,-0.021,0.0252,-0.0605,ROTATE1
-502.0087,86.7361,75.6964,0.0873,515.0397,5.3465,0.0074,515.8287,41.6569,0.078,3.8e-05,-0.0296,0.0154,-0.0655,ROTATE1
-504.007,123.0733,98.604,0.0887,528.1031,13.0634,0.0015,515.904,43.4718,0.0821,2.5e-05,-0.0354,0.0038,-0.0703,ROTATE1
-505.6056,142.4336,123.8738,0.0866,539.6935,11.5904,0.0021,520.6069,134.5267,0.0842,1.7e-05,-0.0379,-0.003,-0.0735,ROTATE1
-506.8845,202.2094,150.4866,0.0898,566.0978,26.4043,0.0032,531.7255,404.3809,0.0864,1.2e-05,-0.0379,-0.0066,-0.0765,ROTATE1
-507.9076,259.08,191.308,0.1051,601.4078,35.31,0.0153,550.0684,941.9597,0.0915,4.7e-05,-0.0361,-0.0032,-0.0825,ROTATE1
-508.726,293.5609,255.4433,0.1192,640.4932,39.0854,0.0141,575.1591,1702.3438,0.0979,0.000156,-0.0321,0.0063,-0.0908,ROTATE1
-509.3808,319.7175,306.7515,0.1255,675.1182,34.6251,0.0064,604.5621,2393.3201,0.1052,0.000238,-0.0281,0.0183,-0.0985,ROTATE1
-509.9047,292.6334,347.7981,0.1585,683.0817,7.9634,0.033,633.2397,1962.3909,0.1196,0.00053,-0.0197,0.0358,-0.1086,ROTATE1
-510.3237,231.9005,353.8197,0.1907,662.8699,20.2117,0.0322,652.5941,861.7786,0.1398,0.000955,-0.0058,0.0607,-0.1192,ROTATE1
-510.659,189.0172,303.8183,0.2213,623.5428,39.3271,0.0306,657.0212,486.9668,0.163,0.001503,0.0063,0.0921,-0.1262,ROTATE1
-510.9272,162.37,211.5546,0.23,576.3384,47.2044,0.0087,644.1902,1569.6392,0.1852,0.001524,0.0163,0.1243,-0.1293,ROTATE1
-448.7324,151.9648,135.1406,0.221,492.6632,83.6752,0.009,607.6992,4638.8252,0.2043,0.000703,0.0225,0.1528,-0.1299,ROTATE1
-358.3797,147.4718,78.05,0.211,395.3172,97.346,0.0099,550.1463,9211.209,0.2148,0.000181,0.0223,0.1699,-0.1276,ROTATE1
-260.8912,134.3962,40.04,0.1961,296.1921,99.1251,0.0149,476.8108,14190.3301,0.2159,0.000134,0.0163,0.1754,-0.1243,ROTATE1
-176.1036,118.5732,20.8476,0.1799,213.323,82.8691,0.0162,394.7668,17038.2148,0.2076,0.000319,0.012,0.167,-0.122,ROTATE1
-107.4798,103.7367,26.6781,0.1647,151.7397,61.5834,0.0152,309.8471,15045.6357,0.1945,0.000416,0.009,0.1515,-0.1205,ROTATE1
-7.2994,90.2706,33.5206,0.1624,96.5696,55.17,0.0022,230.6283,11183.1338,0.1828,0.000345,0.0081,0.1363,-0.1206,ROTATE1
96.5573,81.179,27.1384,0.1675,129.0342,32.4646,0.0051,177.3717,4986.6553,0.1741,0.000157,0.008,0.1258,-0.1196,ROTATE1
179.6427,68.5588,2.5451,0.1598,192.2974,63.2632,0.0077,156.5928,1775.7893,0.1669,4.9e-05,0.008,0.12,-0.1152,ROTATE1
246.1111,91.6908,-31.3921,0.1429,264.5058,72.2084,0.0169,166.8294,3356.3813,0.1595,7.5e-05,0.0076,0.1163,-0.1082,ROTATE1
299.2857,101.5995,-57.248,0.1474,321.2036,56.6978,0.0045,200.7221,6928.4009,0.156,8.7e-05,0.0069,0.113,-0.1066,ROTATE1
341.8255,70.3109,-72.1234,0.1533,356.3567,35.1531,0.0059,252.6795,6903.7021,0.1542,7.7e-05,0.0055,0.1054,-0.1097,ROTATE1
375.8573,20.1737,-70.2362,0.153,382.8953,26.5386,0.0002,303.4518,4659.481,0.1513,3.3e-05,0.003,0.0908,-0.1156,ROTATE1
403.0827,-40.6298,-49.4796,0.155,408.1356,25.2403,0.0019,346.6194,2516.7207,0.1503,2e-05,0.0002,0.0715,-0.1264,ROTATE1
424.863,-109.1601,-23.4118,0.1516,439.2865,31.1509,0.0034,381.5755,1663.6996,0.1521,7e-06,-0.0019,0.0525,-0.1391,ROTATE1
442.2873,-178.6187,2.4143,0.1329,476.9995,37.713,0.0186,412.7347,1784.9978,0.1492,6.7e-05,-0.0038,0.0365,-0.1431,ROTATE1
456.2267,-245.295,28.8439,0.1036,518.7913,41.7918,0.0293,445.2217,2343.5012,0.1392,0.000379,-0.0069,0.0257,-0.1362,ROTATE1
467.3783,-276.0891,125.472,0.0687,557.1453,38.3539,0.0349,480.0716,2857.4436,0.1224,0.001051,-0.0108,0.0033,-0.1072,ROTATE1
476.2995,-230.5525,202.7745,0.0615,566.6862,9.5409,0.0072,511.7817,2317.3687,0.1037,0.00123,-0.0127,-0.0137,-0.0725,ROTATE1
483.4365,-286.842,222.1446,0.0237,604.4315,37.7454,0.0378,544.8107,1892.137,0.0781,0.001396,-0.0125,-0.0188,-0.0468,ROTATE1
489.1461,-331.8736,199.4157,0.0294,623.8354,19.4039,0.0057,574.1779,1359.0128,0.0574,0.00084,-0.0138,-0.0182,-0.0242,ROTATE1
493.7138,-367.8989,178.9857,0.0338,641.201,17.3656,0.0043,598.6599,1044.5309,0.0434,0.000329,-0.0138,-0.0163,-0.0015,ROTATE1
497.3679,-382.3847,159.1385,0.0621,647.2388,6.0377,0.0284,616.6786,847.1461,0.0421,0.000269,-0.0135,0.0031,0.0083,ROTATE1
500.2912,-370.3547,133.6952,0.0866,636.654,10.5848,0.0244,630.6722,231.2808,0.0471,0.000564,-0.0147,0.0216,0.0191,ROTATE1
502.6299,-344.0869,95.6093,0.0969,616.5823,20.0717,0.0104,633.1023,127.366,0.0618,0.000736,-0.0174,0.0309,0.041,ROTATE1
504.5008,-299.3414,48.8749,0.1075,588.6553,27.927,0.0106,626.0663,455.793,0.0774,0.000702,-0.017,0.0352,0.0645,ROTATE1
505.9975,-226.8387,3.0437,0.1163,554.5255,34.1298,0.0088,608.7311,1133.0907,0.0939,0.000352,-0.0151,0.0362,0.0843,ROTATE1
507.1949,-136.4022,-27.4463,0.1187,525.933,28.5925,0.0024,584.47,1619.0261,0.1052,0.000145,-0.011,0.0339,0.0981,ROTATE1
501.1872,-52.078,-49.0133,0.0927,506.2638,19.6693,0.0261,558.392,1617.5715,0.1064,0.000106,-0.0074,0.029,0.1012,ROTATE1
445.3279,5.6594,-62.0763,0.0733,449.6693,56.5945,0.0193,525.0094,2190.0774,0.1017,0.000285,-0.0049,0.0228,0.0984,ROTATE1
390.2592,23.1838,-64.336,0.0474,396.2056,53.4637,0.0259,486.5194,3216.5259,0.0897,0.000723,-0.0042,0.0155,0.0879,ROTATE1
377.4324,11.6939,-48.2688,0.0272,380.686,15.5196,0.0202,451.7515,3322.8972,0.0719,0.001045,-0.0062,0.0079,0.0701,ROTATE1
375.274,-9.0917,-22.6307,0.0283,376.0657,4.6203,0.0011,421.778,2469.5784,0.0538,0.000658,-0.0104,0.0021,0.0496,ROTATE1
377.7036,-30.3015,3.1548,0.0333,378.9302,2.8646,0.005,396.3113,760.6439,0.0419,0.000299,-0.0155,-0.0012,0.0348,ROTATE1
390.5754,-38.8256,22.027,0.0395,393.118,14.1877,0.0062,385.0011,65.3482,0.0351,5.6e-05,-0.0207,-0.0024,0.0253,ROTATE1
414.3665,-41.2105,36.3966,0.0449,417.9984,24.8804,0.0054,389.3596,239.0074,0.0346,4.5e-05,-0.025,-0.0017,0.0226,ROTATE1
433.8901,-41.2371,51.236,0.0481,438.8465,20.8481,0.0032,400.9918,578.4452,0.0388,5.3e-05,-0.0268,0.0023,0.026,ROTATE1
449.509,-31.7835,62.8388,0.0519,454.9915,16.145,0.0038,416.7769,788.2062,0.0435,4.3e-05,-0.0252,0.0082,0.0321,ROTATE1
462.0041,-11.7611,60.3898,0.0566,466.0826,11.0912,0.0047,434.2074,684.1212,0.0482,3.4e-05,-0.0216,0.0139,0.0386,ROTATE1
472.0002,23.7036,47.7275,0.0617,474.9988,8.9162,0.0051,450.5836,411.0618,0.0526,3.6e-05,-0.016,0.0189,0.0446,ROTATE1
479.997,61.3379,30.3007,0.0593,484.848,9.8492,0.0023,463.9535,254.7583,0.0555,2.4e-05,-0.0112,0.0224,0.0486,ROTATE1
476.7914,94.7828,2.7687,0.0566,486.1291,1.281,0.0027,473.41,137.6118,0.0572,1.1e-05,-0.0103,0.0246,0.0502,ROTATE1
419.7112,123.6637,-19.0975,0.0469,437.9669,48.1622,0.0098,470.0051,309.4133,0.0562,2.5e-05,-0.0116,0.0246,0.0483,ROTATE1
352.8378,120.8716,-33.0062,0.0344,374.4247,63.5422,0.0125,451.6735,1797.4115,0.0518,0.000101,-0.0137,0.0228,0.043,ROTATE1
330.9202,92.166,-43.683,0.0228,346.2816,28.143,0.0116,425.9301,3247.3608,0.044,0.000189,-0.0158,0.0191,0.0353,ROTATE1
321.1049,66.8578,-48.4402,0.0202,331.5491,14.7326,0.0026,395.2703,3394.6265,0.0362,0.000194,-0.0165,0.0145,0.0282,ROTATE1
313.1496,53.5894,-53.2115,0.0235,322.1272,9.4218,0.0033,362.4699,1737.6793,0.0296,9.8e-05,-0.0141,0.0094,0.0234,ROTATE1
309.504,52.8215,-57.9161,0.0267,319.2759,2.8513,0.0032,338.7317,407.3632,0.0255,2.4e-05,-0.011,0.005,0.0214,ROTATE1
298.0376,56.9791,-58.0954,0.0322,308.9467,10.3292,0.0055,325.6361,158.5,0.0251,1.7e-05,-0.0081,0.0023,0.023,ROTATE1
285.427,69.202,-56.2044,0.0364,299.0258,9.921,0.0042,316.185,125.5499,0.0278,3.4e-05,-0.0059,0.0014,0.0269,ROTATE1
295.1385,89.7772,-51.3385,0.0434,312.7336,13.7078,0.0069,312.4219,66.5602,0.0325,4.9e-05,-0.0036,0.0032,0.0316,ROTATE1
338.5076,102.5374,-54.2615,0.0524,357.8347,45.101,0.0091,319.5634,409.1849,0.0382,8e-05,-0.0016,0.0081,0.0363,ROTATE1
373.203,132.5206,-68.9779,0.0472,401.9952,44.1606,0.0052,336.1072,1494.4716,0.0423,5.3e-05,0.0003,0.012,0.0398,ROTATE1
400.9593,103.604,-78.3605,0.0176,421.4766,19.4814,0.0296,358.6132,2298.0005,0.0394,0.000146,-0.0003,0.0129,0.0363,ROTATE1
414.0143,35.8769,-99.579,0.0229,427.3301,5.8535,0.0053,384.274,1873.7927,0.0367,0.000191,-0.0027,0.013,0.0255,ROTATE1
389.2021,-73.6985,-105.7944,0.0448,410.0027,17.3274,0.0219,403.7278,604.1285,0.037,0.000195,-0.0053,0.0086,0.0088,ROTATE1
333.7429,-161.3588,-103.6324,0.0319,384.9164,25.0862,0.0129,409.1442,224.3285,0.0329,0.000136,-0.0069,0.0004,-0.0058,ROTATE1
369.3912,-231.487,-102.5434,0.0182,447.8295,62.9131,0.0137,418.311,429.3865,0.0271,0.000105,-0.008,-0.0064,-0.0124,ROTATE1
397.9099,-228.5209,-101.7785,0.0565,470.0137,22.1842,0.0383,428.0185,867.7814,0.0349,0.000199,-0.0068,-0.0097,-0.0042,ROTATE1
420.7248,-171.3511,-110.1009,0.0716,467.4321,2.5816,0.015,436.0389,1114.0461,0.0446,0.000346,-0.0043,-0.0122,0.0136,ROTATE1
438.9767,-108.2996,-123.7682,0.0626,468.7728,1.3407,0.009,447.7929,1054.614,0.0482,0.000398,-0.0022,-0.0118,0.0344,ROTATE1
453.5782,-71.9366,-132.1771,0.0526,477.89,9.1172,0.0099,466.3876,99.3273,0.0523,0.000332,-0.0017,-0.0125,0.0495,ROTATE1
465.2595,-54.7493,-125.301,0.0543,484.9373,7.0473,0.0016,473.8092,44.1854,0.0595,4.8e-05,-0.0021,-0.0159,0.0561,ROTATE1
474.6045,-38.1807,-102.169,0.0575,486.9761,2.0387,0.0032,477.2017,64.4688,0.0597,4.7e-05,-0.0027,-0.0209,0.0539,ROTATE1
482.0805,-4.8164,-81.9664,0.0525,489.0228,2.0467,0.005,481.5198,54.6814,0.0559,1.4e-05,-0.0035,-0.0259,0.0478,ROTATE1
488.0613,25.1688,-65.82,0.0571,493.1223,4.0995,0.0046,486.3897,25.3917,0.0548,5e-06,-0.0044,-0.034,0.0413,ROTATE1
492.8459,98.0631,-20.4029,0.078,502.9212,9.799,0.0209,491.3959,40.5385,0.0599,8.6e-05,-0.006,-0.0429,0.0401,ROTATE1
496.6736,162.1036,32.8464,0.0622,523.4894,20.5682,0.0159,499.1064,178.7433,0.0615,7.8e-05,-0.0064,-0.0476,0.0368,ROTATE1
499.7358,164.7548,65.5928,0.0406,530.2664,6.777,0.0216,507.7644,268.5419,0.0581,0.000151,-0.007,-0.0476,0.0311,ROTATE1
502.1855,148.6288,84.9523,0.0258,530.5636,0.2972,0.0147,516.0726,233.2276,0.0527,0.000324,-0.0077,-0.0458,0.0241,ROTATE1
504.1453,145.5343,72.8431,0.1553,529.763,0.8006,0.1295,523.4008,111.6682,0.0724,0.00204,-0.0045,-0.0052,0.0208,ROTATE1
505.7131,132.4306,-19.2849,0.1363,523.121,6.642,0.019,527.4407,11.4806,0.0841,0.002715,-0.0011,0.0349,0.0105,ROTATE1
506.9674,117.0351,-83.4279,0.1096,526.9472,3.8262,0.0267,528.1322,7.9285,0.0935,0.00266,0.0014,0.0676,0.0086,ROTATE1
507.9708,99.7093,-123.183,0.0781,532.1187,5.1715,0.0315,528.5027,10.0588,0.1011,0.00209,0.0033,0.0899,0.0101,ROTATE1
508.7736,84.3237,-145.9651,0.0549,535.9728,3.8541,0.0232,529.5845,19.1993,0.1069,0.00135,0.0045,0.1044,0.0138,ROTATE1
509.4157,68.2058,-153.9815,0.0321,536.5321,0.5593,0.0228,530.9384,27.0139,0.0822,0.00139,0.001,0.0777,0.0159,ROTATE1
509.9295,53.799,-148.5102,0.0244,533.833,2.6991,0.0077,533.0807,11.8775,0.0598,0.000972,-0.0021,0.0512,0.0222,ROTATE1
510.3405,50.3736,-146.3894,0.0218,533.3055,0.5275,0.0026,534.3524,2.7464,0.0423,0.000458,-0.0043,0.0288,0.0229,ROTATE1
510.6693,54.9583,-150.7146,0.0316,535.2742,1.9687,0.0098,534.9835,1.5201,0.033,0.000137,-0.0043,0.0117,0.0243,ROTATE1
510.9323,76.951,-157.2842,0.0352,540.1033,4.8291,0.0036,535.8096,5.8844,0.029,2.6e-05,-0.0021,-0.0032,0.0239,ROTATE1
511.1427,103.1795,-153.6868,0.0422,543.629,3.5258,0.007,537.229,15.994,0.031,5.4e-05,0.0012,-0.0152,0.0217,ROTATE1
511.311,124.0093,-146.6744,0.0462,546.1965,2.5675,0.004,539.7017,23.6565,0.0354,7.2e-05,0.0046,-0.0249,0.0171,ROTATE1
511.4457,139.4324,-138.2364,0.0486,547.8389,1.6423,0.0024,542.6084,20.2682,0.0408,4.2e-05,0.0067,-0.0333,0.0098,ROTATE1
511.5535,140.4865,-132.386,0.056,546.7627,1.0762,0.0074,544.9061,7.6823,0.0456,4.8e-05,0.0066,-0.0395,-0.0035,ROTATE1
511.6396,128.2611,-128.7963,0.0606,542.9683,3.7944,0.0046,545.4791,3.4916,0.0507,4.5e-05,0.0047,-0.0421,-0.0175,ROTATE1
511.7086,104.1026,-130.6652,0.0602,538.2903,4.678,0.0004,544.4113,12.0027,0.0543,3.5e-05,0.0016,-0.0416,-0.0294,ROTATE1
511.7638,74.7884,-131.3134,0.0606,533.6091,4.6812,0.0004,541.8939,28.3651,0.0572,2.1e-05,-0.0011,-0.0404,-0.0387,ROTATE1
511.8079,34.1307,-140.3257,0.0613,531.7928,1.8163,0.0007,538.6846,31.4037,0.0597,4e-06,-0.0029,-0.0393,-0.0447,ROTATE1
511.8432,-17.2455,-154.5918,0.0533,534.9575,3.1647,0.008,536.3236,15.5564,0.0592,9e-06,-0.0024,-0.0386,-0.0446,ROTATE1
511.8715,-63.712,-150.0016,0.0467,537.189,2.2315,0.0066,535.1677,5.5399,0.0564,3.2e-05,-0.0039,-0.0378,-0.0413,ROTATE1
511.894,-75.8696,-135.9857,0.0313,535.0549,2.1341,0.0154,534.5206,3.1737,0.0506,0.000122,-0.0062,-0.0357,-0.032,ROTATE1
511.9121,-52.6363,-130.3823,0.0303,530.8711,4.1838,0.001,533.973,5.3716,0.0446,0.000148,-0.0063,-0.0307,-0.0176,ROTATE1
511.9266,-13.3559,-137.7652,0.0376,530.3079,0.5632,0.0074,533.6761,7.0194,0.0398,7.9e-05,-0.0052,-0.0239,-0.001,ROTATE1
511.9381,29.8621,-155.0528,0.0336,535.7367,5.4288,0.0041,533.8319,7.5159,0.0359,3.6e-05,-0.004,-0.0163,0.0128,ROTATE1
511.9474,63.6491,-179.7266,0.0323,546.2994,10.5627,0.0012,535.654,33.0294,0.033,7e-06,0.0007,-0.0092,0.0247,ROTATE1
511.9548,95.1693,-207.1188,0.0307,560.4044,14.105,0.0017,540.7239,129.7705,0.0329,7e-06,0.0067,-0.0056,0.0301,ROTATE1
511.9607,128.7198,-225.02,0.0258,573.8524,13.448,0.0049,549.3201,255.9591,0.032,1.5e-05,0.0093,-0.0068,0.0278,ROTATE1
501.9967,169.0821,-223.0192,0.032,574.7408,0.8884,0.0062,558.2067,233.936,0.0309,7e-06,0.009,-0.0119,0.02,ROTATE1
439.9505,206.0782,-207.8122,0.0535,528.4038,46.337,0.0215,556.7401,308.4474,0.0349,9.2e-05,0.0064,-0.021,0.0083,ROTATE1
338.8385,216.5188,-175.3404,0.083,438.6755,89.7283,0.0295,535.2155,2611.1821,0.045,0.000451,0.001,-0.0333,-0.0087,ROTATE1
183.649,197.3963,-128.6817,0.1153,298.7494,139.9261,0.0324,482.8844,10928.9844,0.0619,0.001113,-0.0058,-0.0452,-0.0321,ROTATE1
44.5192,134.3108,-52.6766,0.1424,150.984,147.7654,0.0271,398.3107,24152.8125,0.0852,0.001604,-0.0124,-0.0556,-0.0591,ROTATE1
-66.7847,68.4049,30.0962,0.1437,100.2258,50.7582,0.0013,303.4077,26691.6445,0.1076,0.001222,-0.0157,-0.0636,-0.0834,ROTATE1
-155.8277,14.1739,90.5707,0.1254,180.7934,80.5676,0.0182,233.8856,14740.5264,0.122,0.000494,-0.0149,-0.0661,-0.1003,ROTATE1
-227.0622,-77.014,114.5816,0.0594,265.7392,84.9459,0.0661,199.2983,5359.3979,0.1172,0.000951,-0.0076,-0.0611,-0.0973,ROTATE1
-79.2529,-150.0175,54.7153,0.0421,178.2695,87.4697,0.0173,175.2024,2889.1223,0.1026,0.001866,0.003,-0.0489,-0.074,ROTATE1
-11.2117,-114.5827,7.9566,0.0558,115.4045,62.865,0.0137,168.0865,3436.3364,0.0853,0.001687,0.0123,-0.0367,-0.0398,ROTATE1
48.8619,-69.6255,-12.2941,0.0723,85.9439,29.4607,0.0165,165.2301,3856.6438,0.071,0.000834,0.0183,-0.0282,-0.0022,ROTATE1
105.227,-25.8942,-12.3322,0.0709,109.0657,23.1218,0.0013,150.8846,4233.2954,0.0601,0.000122,0.0205,-0.0249,0.0311,ROTATE1
134.6348,4.369,9.6468,0.0612,135.0506,25.9849,0.0097,124.7468,961.9383,0.0605,0.000122,0.0158,-0.0271,0.0474,ROTATE1
136.8515,10.1608,31.6393,0.0453,140.8284,5.7778,0.0159,117.2586,384.6529,0.0611,0.0001,0.0083,-0.033,0.0476,ROTATE1
137.1437,13.2599,42.2052,0.0387,144.1024,3.274,0.0067,122.9982,495.1407,0.0577,0.000183,0.0025,-0.0351,0.0437,ROTATE1
148.0619,21.9204,41.6704,0.0409,155.3681,11.2657,0.0022,136.883,237.3093,0.0514,0.000158,-0.0022,-0.0314,0.0384,ROTATE1
155.1807,40.2832,34.4238,0.0474,163.978,8.61,0.0065,147.8655,108.7613,0.0467,6.2e-05,-0.0061,-0.0244,0.0364,ROTATE1
226.4008,134.6235,12.4859,0.1597,263.6982,99.7201,0.1123,173.595,2097.3496,0.0664,0.002186,-0.006,-0.0154,0.0603,ROTATE1
262.5301,210.0956,21.4637,0.1334,336.9316,73.2335,0.0263,212.8157,5680.1284,0.084,0.002684,-0.005,-0.0143,0.0809,ROTATE1
312.4209,237.3953,53.646,0.0473,396.0319,59.1003,0.0861,263.2016,8910.7246,0.0857,0.00254,-0.0037,-0.0168,0.0813,ROTATE1
352.3336,115.5162,69.9574,0.0854,377.3288,18.7031,0.0381,307.5937,7219.457,0.0946,0.002058,-0.005,-0.0226,0.0588,ROTATE1
384.2638,52.6567,91.1972,0.0448,398.4323,21.1035,0.0406,354.4846,2545.9448,0.0941,0.002108,-0.0064,-0.0246,0.0419,ROTATE1
409.8079,22.5223,103.5828,0.0254,423.2956,24.8633,0.0195,386.4041,825.6486,0.0673,0.001471,-0.0084,-0.0258,0.0054,ROTATE1
430.2432,11.9584,102.9225,0.0171,442.5441,19.2485,0.0082,407.5266,520.3256,0.044,0.000559,-0.0096,-0.0185,-0.0236,ROTATE1
446.5915,12.8949,97.3692,0.0198,457.2647,14.7206,0.0026,419.7731,838.6986,0.0385,0.000645,-0.011,-0.0087,-0.0319,ROTATE1
459.67,15.9472,99.2516,0.0236,470.5335,13.2688,0.0038,438.4141,646.2336,0.0261,9.6e-05,-0.0102,0.0033,-0.0172,ROTATE1
470.1329,25.1983,101.4263,0.027,481.609,11.0755,0.0034,455.0494,422.9527,0.0226,1.3e-05,-0.0089,0.0112,-0.007,ROTATE1
478.5032,40.5681,92.616,0.0285,489.0694,7.4604,0.0015,468.2042,279.7167,0.0232,1.8e-05,-0.0073,0.0176,0.0001,ROTATE1
485.1995,63.4669,63.3147,0.0228,493.4119,4.3426,0.0057,478.3777,171.6145,0.0243,1e-05,-0.0043,0.0207,0.0037,ROTATE1
490.5565,83.2767,16.1424,0.0206,497.8365,4.4246,0.0021,486.492,92.349,0.0245,8e-06,0.0009,0.0194,0.0039,ROTATE1
494.842,60.512,-29.0736,0.0343,499.3752,1.5387,0.0136,492.2604,41.335,0.0266,2.3e-05,0.0069,0.0139,-0.0016,ROTATE1
498.2705,14.7221,-58.5682,0.0358,501.9168,2.5416,0.0015,496.322,20.7974,0.0284,3.6e-05,0.0119,0.0046,-0.0083,ROTATE1
501.0133,-27.0911,-63.1608,0.0506,505.705,3.7882,0.0149,499.6491,16.8159,0.0328,0.000115,0.0133,-0.0049,-0.0198,ROTATE1
503.2075,-51.8947,-46.9412,0.0597,508.0496,2.3445,0.009,502.5767,14.5785,0.0402,0.000185,0.0116,-0.0114,-0.0321,ROTATE1
504.9629,-47.4314,-30.1436,0.0523,508.0806,0.031,0.0074,504.6254,11.946,0.0465,9.8e-05,0.0078,-0.0128,-0.0409,ROTATE1
506.3672,-19.2514,-22.8867,0.0682,507.2496,0.831,0.0159,506.2003,5.33,0.0533,0.000116,0.0061,-0.0087,-0.0485,ROTATE1
503.6375,-15.3667,-38.525,0.0685,505.3425,1.9071,0.0002,506.8854,1.338,0.0599,5.7e-05,0.0059,0.0015,-0.0567,ROTATE1
477.4413,-22.6371,-65.1294,0.0623,482.3945,22.948,0.0061,502.2233,99.2857,0.0622,3.6e-05,0.0073,0.0117,-0.0584,ROTATE1
430.5218,-35.2535,-86.1941,0.048,440.4784,41.9161,0.0143,488.7091,672.3499,0.0599,7e-05,0.0077,0.0189,-0.0549,ROTATE1
370.6331,-42.2996,-95.2553,0.0363,385.0087,55.4697,0.0117,464.0947,2142.1863,0.0567,0.000159,0.0073,0.023,-0.0502,ROTATE1
307.2564,-41.0397,-92.5605,0.0301,323.5092,61.4995,0.0062,427.3467,4372.1533,0.049,0.000215,0.0035,0.0246,-0.0408,ROTATE1
234.6489,-42.6505,-85.514,0.0288,253.3611,70.1482,0.0013,376.9504,6669.8955,0.0411,0.000159,-0.0021,0.0235,-0.0315,ROTATE1
151.5035,-45.0392,-66.6081,0.0238,171.5182,81.8429,0.005,314.7751,9020.9199,0.0334,6.9e-05,-0.008,0.0206,-0.0226,ROTATE1
84.5216,-33.4626,-43.9771,0.0202,100.9833,70.5349,0.0036,246.8761,10391.7686,0.0278,3.1e-05,-0.0124,0.0163,-0.0131,ROTATE1
77.4891,6.6518,-18.6848,0.061,79.9871,20.9962,0.0408,185.8718,8424.5059,0.0328,0.000211,-0.0179,0.0117,0.0031,ROTATE1
147.4944,82.7621,-8.3572,0.0595,169.334,89.347,0.0014,155.0367,3739.5903,0.0387,0.000318,-0.0211,0.0042,0.0172,ROTATE1
176.4362,141.6847,11.658,0.0446,226.5837,57.2497,0.0149,149.6812,2801.168,0.0418,0.000296,-0.0232,-0.0057,0.025,ROTATE1
169.5614,164.2477,37.0795,0.029,238.963,12.3792,0.0157,163.1702,4118.0908,0.0429,0.000263,-0.0228,-0.0123,0.0304,ROTATE1
222.8242,189.1951,54.2605,0.0497,297.3038,58.3409,0.0207,202.4343,5401.3428,0.0488,0.000135,-0.0188,-0.014,0.039,ROTATE1
280.6562,225.8279,57.7834,0.057,364.8357,67.5318,0.0072,259.4041,4431.9678,0.048,0.000118,-0.0104,-0.0121,0.0397,ROTATE1
326.9218,268.153,30.7455,0.0438,423.9448,59.1091,0.0132,310.3262,5631.1118,0.0448,8.5e-05,-0.0033,-0.0059,0.0374,ROTATE1
363.9343,280.0818,10.6589,0.0112,459.3556,35.4109,0.0326,356.8806,6503.1953,0.0381,0.000266,0.003,0.0012,0.0332,ROTATE1
393.5443,260.256,9.849,0.0362,471.9188,12.5632,0.025,403.4717,4198.3047,0.0396,0.000248,0.0065,0.0037,0.0225,ROTATE1
417.2324,207.1423,30.4042,0.0631,466.8139,5.1049,0.0269,437.3737,1597.0791,0.0422,0.000331,0.0064,0.0023,0.0003,ROTATE1
436.1828,143.8389,58.4077,0.0702,462.9865,3.8274,0.0071,457.0039,290.5837,0.0449,0.000437,0.004,-0.0004,-0.0248,ROTATE1
432.5587,88.8961,84.0074,0.0618,449.5184,13.4681,0.0084,462.1187,57.0482,0.0485,0.000481,0.0019,-0.002,-0.045,ROTATE1
414.0001,54.3106,108.0778,0.046,431.3079,18.2105,0.0157,456.5091,213.9145,0.0555,0.000155,0.0008,0.0006,-0.0541,ROTATE1
394.8501,39.4047,125.6123,0.0338,416.2184,15.0895,0.0122,445.369,366.9899,0.055,0.000174,0.0015,0.0069,-0.0511,ROTATE1
380.5551,35.2925,142.1117,0.0324,407.7542,8.4642,0.0015,433.5571,418.4673,0.0489,0.000225,0.0034,0.0155,-0.0399,ROTATE1
361.5191,38.0934,151.5081,0.0394,393.8297,13.9244,0.007,419.7257,369.5949,0.0427,0.000114,0.0064,0.024,-0.0252,ROTATE1
391.6122,-11.4784,113.7065,0.0968,407.9473,14.1176,0.0574,411.4115,150.6938,0.0497,0.000578,0.0118,0.0409,-0.0159,ROTATE1
415.6866,-79.1327,55.1871,0.1131,426.7352,18.7879,0.0163,410.497,117.6472,0.0631,0.001198,0.0162,0.0588,-0.0109,ROTATE1
434.9462,-105.5687,-7.3128,0.1147,447.6342,20.899,0.0016,416.7801,347.4572,0.0793,0.001298,0.0181,0.0763,-0.0059,ROTATE1
450.3538,-113.7049,-62.4128,0.1052,468.6606,21.0264,0.0095,428.9614,721.0962,0.0938,0.000781,0.0181,0.0911,-0.0026,ROTATE1
462.6799,-113.6577,-96.6552,0.0636,486.141,17.4804,0.0416,447.4237,787.295,0.0987,0.000348,0.016,0.0953,0.0019,ROTATE1
472.5408,-57.8824,-22.7929,0.0893,476.618,9.5229,0.0258,461.1578,457.4538,0.0972,0.000363,0.0112,0.0869,0.0197,ROTATE1
480.4296,32.4378,24.275,0.0684,482.1349,5.5169,0.0209,472.2377,185.7139,0.0882,0.000398,0.0077,0.0725,0.0344,ROTATE1
486.7405,89.4253,39.9138,0.0604,496.494,14.3592,0.008,482.0097,86.8297,0.0774,0.000295,0.0069,0.0574,0.0426,ROTATE1
491.7893,126.2683,40.8435,0.0453,509.3806,12.8866,0.0151,490.1537,134.6985,0.0654,0.000203,0.0071,0.0441,0.045,ROTATE1
495.8283,143.4428,36.0154,0.036,517.4154,8.0348,0.0093,496.4086,240.9945,0.0599,0.000345,0.0071,0.0396,0.041,ROTATE1
499.0596,153.4417,35.1717,0.0272,523.299,5.8836,0.0088,505.7448,220.1154,0.0475,0.000231,0.0058,0.0351,0.0261,ROTATE1
501.6445,145.3534,33.6999,0.0366,523.3646,0.0656,0.0094,513.9907,102.7259,0.0411,0.000126,0.0034,0.0331,0.0099,ROTATE1
503.7125,123.2515,30.9037,0.0558,519.4923,3.8723,0.0192,518.5904,26.3957,0.0402,9.4e-05,0.0002,0.0317,-0.0085,ROTATE1
505.3669,78.7949,17.8948,0.0722,511.7857,7.7066,0.0164,519.0714,18.4611,0.0456,0.000265,-0.0017,0.0306,-0.0259,ROTATE1
506.6904,18.1391,-1.1467,0.0736,507.0163,4.7694,0.0013,516.9916,42.6521,0.0531,0.000347,-0.0019,0.0291,-0.0406,ROTATE1
507.7492,-46.645,-37.5986,0.0552,511.2717,4.2554,0.0184,514.5861,35.4526,0.0587,0.000183,0.0007,0.0263,-0.0511,ROTATE1
508.5963,-103.6441,-45.0539,0.0487,521.0011,9.7294,0.0065,514.1134,28.0471,0.0611,9.9e-05,0.0037,0.0263,-0.0541,ROTATE1
509.2739,-139.5903,-55.3962,0.0281,530.9559,9.9548,0.0206,516.4061,73.7378,0.0556,0.000281,0.0049,0.0246,-0.0483,ROTATE1
509.816,-144.1066,-57.5076,0.0238,532.9036,1.9478,0.0043,520.6297,106.0629,0.0459,0.000333,0.0036,0.0225,-0.037,ROTATE1
510.2497,-118.2415,-58.8842,0.0296,527.0704,5.8333,0.0058,524.6405,61.2077,0.0371,0.000155,0.001,0.0221,-0.0216,ROTATE1
510.5967,-84.9151,-67.0105,0.0318,521.9291,5.1413,0.0021,526.772,22.3896,0.0324,7.3e-05,-0.002,0.0238,-0.0065,ROTATE1
510.8742,-53.8696,-81.6271,0.0403,520.1513,1.7778,0.0085,526.6021,24.4667,0.0307,3e-05,-0.0051,0.0226,0.008,ROTATE1
511.0963,-15.7488,-99.2236,0.0409,520.8769,0.7256,0.0006,524.5863,23.1676,0.0333,4.2e-05,-0.0054,0.022,0.0187,ROTATE1
511.2739,28.0197,-111.9601,0.0342,524.1385,3.2617,0.0067,522.8333,6.2989,0.0353,2e-05,-0.0029,0.0194,0.0267,ROTATE1
511.416,52.2064,-131.2087,0.0283,530.554,6.4155,0.0059,523.53,14.1449,0.0351,2.4e-05,0.0011,0.0142,0.0303,ROTATE1
511.5297,58.1807,-145.0295,0.0366,534.8656,4.3116,0.0083,526.1173,32.6375,0.036,2.1e-05,0.0048,0.0065,0.0318,ROTATE1
511.6206,40.9508,-141.6017,0.0456,532.4319,2.4337,0.0091,528.5734,27.4613,0.0371,3.5e-05,0.0085,-0.0035,0.0315,ROTATE1
488.7434,3.5107,-115.9282,0.0451,502.3164,30.1155,0.0005,524.8613,139.7203,0.038,4.4e-05,0.0098,-0.0129,0.0312,ROTATE1
459.6228,-34.0977,-72.077,0.0398,466.4878,35.8286,0.0053,513.3312,688.1639,0.0391,4e-05,0.008,-0.0181,0.032,ROTATE1
419.4483,-45.1813,-49.5241,0.0452,424.7715,41.7163,0.0054,492.1747,1749.8027,0.0425,1.3e-05,0.0051,-0.0193,0.0356,ROTATE1
331.5399,-30.0638,-60.6786,0.0531,338.385,86.3865,0.0079,452.8785,4571.3633,0.0458,1.8e-05,0.0002,-0.0154,0.0399,ROTATE1
214.16,-5.4729,-99.1679,0.0428,236.0694,102.3157,0.0103,393.606,9193.6279,0.0452,1.9e-05,-0.0054,-0.009,0.0414,ROTATE1
143.5499,-22.5377,-134.2937,0.0359,197.8619,38.2075,0.0069,332.7151,10785.4912,0.0433,3.3e-05,-0.0097,-0.0064,0.0402,ROTATE1
168.0399,-69.0552,-127.1162,0.0523,221.7309,23.869,0.0165,283.7637,7273.728,0.0458,4.1e-05,-0.0126,-0.0114,0.0383,ROTATE1
236.8288,-120.641,-94.1617,0.0668,281.9727,60.2418,0.0145,255.2039,2482.0698,0.0502,0.00011,-0.0146,-0.0189,0.0391,ROTATE1
291.8599,-128.6097,-74.5669,0.0692,327.5406,45.568,0.0024,253.0351,2140.0669,0.0534,0.00017,-0.0133,-0.0262,0.0408,ROTATE1
335.8848,-89.8659,-72.0629,0.0579,355.0881,27.5475,0.0113,276.8388,3598.845,0.0564,0.000142,-0.0095,-0.033,0.0426,ROTATE1
371.1047,-66.1489,-65.2441,0.0457,382.5587,27.4706,0.0122,313.7782,3222.1968,0.0584,7.7e-05,-0.0051,-0.0373,0.0422,ROTATE1
399.2807,-66.6848,-49.3671,0.0431,407.81,25.2513,0.0026,350.994,1911.0322,0.0565,0.000113,-0.0008,-0.0371,0.0394,ROTATE1
421.8214,-76.4541,-32.3812,0.039,429.9152,22.1052,0.0042,380.5826,1328.472,0.051,0.000123,0.002,-0.0356,0.0326,ROTATE1
439.854,-77.4351,-14.4956,0.0331,446.8533,16.9381,0.0059,404.4451,1074.7258,0.0438,6.8e-05,0.0015,-0.0335,0.025,ROTATE1
454.2801,-58.4669,-7.5371,0.0287,458.0891,11.2358,0.0045,425.0453,738.6716,0.0379,3.9e-05,-0.0012,-0.0283,0.0206,ROTATE1
465.821,-28.7829,-14.0953,0.0302,466.9221,8.8331,0.0016,441.9179,443.6979,0.0348,3e-05,-0.0048,-0.0194,0.0207,ROTATE1
475.0536,-5.045,-25.295,0.0299,475.7534,8.8312,0.0004,455.5066,255.343,0.0322,1.4e-05,-0.0082,-0.0088,0.023,ROTATE1
477.7023,15.2608,-31.911,0.028,479.0101,3.2567,0.0018,465.3256,138.4291,0.03,3e-06,-0.01,0.0015,0.0243,ROTATE1
471.3868,22.5149,-38.56,0.0289,473.4969,5.5132,0.0009,470.6543,55.1428,0.0291,1e-06,-0.0102,0.0104,0.0233,ROTATE1
455.6251,27.0494,-46.9699,0.0287,458.8377,14.6592,0.0002,470.804,51.4696,0.0291,1e-06,-0.0094,0.0159,0.0214,ROTATE1
466.897,81.8114,-43.5447,0.0403,476.0063,17.1686,0.0116,472.6209,50.5677,0.0312,2.1e-05,-0.0076,0.0152,0.024,ROTATE1
475.9145,133.6741,-9.4076,0.0074,494.4207,18.4144,0.033,476.3543,129.7129,0.0267,0.000114,-0.0055,0.012,0.0204,ROTATE1
483.1284,99.6237,-66.7886,0.0823,497.7938,3.3731,0.0749,480.1111,206.1192,0.0375,0.000614,-0.0018,0.025,0.0129,ROTATE1
488.8997,8.3615,-134.7996,0.0887,507.2117,9.4179,0.0065,486.8541,298.7909,0.0495,0.000981,0.0016,0.0384,0.0089,ROTATE1
493.5166,-36.4608,-184.1741,0.0624,528.0228,20.8111,0.0263,500.6911,289.3182,0.0562,0.000882,0.0022,0.0452,0.0108,ROTATE1
497.2102,-58.9905,-205.883,0.0641,541.3738,13.351,0.0017,513.7645,327.5518,0.061,0.000822,0.0021,0.0505,0.014,ROTATE1
500.165,-44.8643,-229.9814,0.0804,552.3308,10.957,0.0163,525.3466,416.0423,0.0756,0.000109,0.0016,0.0551,0.0283,ROTATE1
502.5289,-18.7758,-250.7507,0.0726,561.9286,9.5978,0.0079,538.1736,367.3292,0.0736,9.8e-05,0.0006,0.041,0.046,ROTATE1
504.42,-1.0675,-219.9662,0.0441,550.2961,11.6325,0.0284,546.7905,130.7428,0.0647,0.000148,-0.0028,0.0176,0.0528,ROTATE1
505.9329,11.2897,-186.373,0.0341,539.287,11.0092,0.01,549.0433,66.4832,0.0591,0.000302,-0.0033,0.0036,0.0538,ROTATE1
507.1432,41.1943,-166.514,0.0367,535.3673,3.9197,0.0026,547.842,90.6824,0.0536,0.000367,-0.003,-0.0043,0.0497,ROTATE1
508.1115,76.0867,-152.1237,0.0331,535.8246,0.4573,0.0037,544.5408,104.6376,0.0441,0.000217,-0.0018,-0.0094,0.0406,ROTATE1
508.886,119.8818,-143.6552,0.0367,542.1932,6.3685,0.0036,540.5936,29.6924,0.0369,1.5e-05,-0.001,-0.0126,0.0334,ROTATE1
509.5057,164.2211,-141.2148,0.0286,553.6301,11.4369,0.0081,541.2604,44.4098,0.0338,9e-06,0.0023,-0.0081,0.0323,ROTATE1
510.0015,196.5612,-152.9469,0.0344,567.5655,13.9354,0.0058,546.9161,150.0351,0.0339,9e-06,0.0061,-0.0103,0.0299,ROTATE1
510.3981,196.0459,-155.7919,0.0311,568.5167,0.9512,0.0033,553.546,172.7218,0.0328,8e-06,0.0075,-0.0141,0.02,ROTATE1
510.7153,171.5711,-149.9897,0.0482,559.2528,9.2639,0.0171,558.2316,94.4707,0.0358,4.6e-05,0.0062,-0.0186,0.0058,ROTATE1
510.9691,139.0194,-141.3793,0.0597,548.0912,11.1616,0.0115,559.4113,62.1985,0.0404,0.000139,0.0038,-0.0235,-0.0115,ROTATE1
511.1722,99.9686,-130.9784,0.0673,537.0718,11.0194,0.0076,556.0996,144.3574,0.0481,0.000196,0.0013,-0.0277,-0.0291,ROTATE1
511.3347,58.4312,-118.3484,0.0721,528.0944,8.9774,0.0048,548.2054,212.6034,0.0557,0.000216,-0.0017,-0.0268,-0.0468,ROTATE1
511.4646,34.1324,-113.435,0.0456,525.0034,3.091,0.0265,539.5027,162.0233,0.0586,0.000107,-0.0023,-0.0234,-0.0529,ROTATE1
511.5686,20.6809,-110.3761,0.0386,523.749,1.2545,0.007,532.402,83.2253,0.0567,0.000162,-0.001,-0.0178,-0.0529,ROTATE1
511.6517,18.2854,-114.5196,0.028,524.6299,0.881,0.0106,527.7097,24.0586,0.0503,0.000284,0.0011,-0.0113,-0.0482,ROTATE1
511.7183,27.4158,-126.172,0.0345,527.7562,3.1262,0.0064,525.8466,3.0581,0.0438,0.000233,0.0047,-0.0039,-0.0421,ROTATE1
511.7715,31.767,-133.8813,0.0468,529.9466,2.1904,0.0123,526.217,5.2723,0.0387,4.9e-05,0.007,0.0026,-0.0369,ROTATE1
511.8141,30.6574,-136.6051,0.055,530.6171,0.6705,0.0082,527.3397,7.5893,0.0406,8.9e-05,0.009,0.0066,-0.0386,ROTATE1
511.8481,23.854,-136.2278,0.0586,530.2033,0.4138,0.0036,528.6306,4.9842,0.0446,0.000137,0.0112,0.008,-0.0422,ROTATE1
511.8754,19.4926,-137.826,0.0595,530.4643,0.261,0.0009,529.7975,1.0941,0.0509,8.7e-05,0.0123,0.0073,-0.0484,ROTATE1
494.3691,14.9347,-125.5358,0.0748,510.2774,20.1869,0.0152,526.3017,64.2469,0.059,8.3e-05,0.01,0.0026,-0.057,ROTATE1
386.0109,10.7696,-87.7724,0.1094,396.0106,114.2668,0.0346,499.5146,2739.1926,0.0715,0.000405,0.0038,-0.0074,-0.0684,ROTATE1
206.4087,-7.5405,-17.4179,0.1527,207.2795,188.7311,0.0434,434.847,15444.0918,0.091,0.00129,-0.0054,-0.0219,-0.085,ROTATE1
62.727,-42.1106,69.8094,0.16,102.8656,104.4139,0.0073,349.3795,28363.166,0.1113,0.001622,-0.0135,-0.0368,-0.102,ROTATE1
-52.2184,-83.2541,143.7069,0.1176,174.0968,71.2312,0.0424,278.106,22869.7148,0.1229,0.000959,-0.0176,-0.0493,-0.11,ROTATE1
-144.1747,-93.6939,176.2999,0.0257,246.2652,72.1685,0.0919,225.3035,9503.668,0.1131,0.002289,-0.0164,-0.0505,-0.0982,ROTATE1
-58.3742,-92.7051,154.6118,0.0496,189.4903,56.7749,0.0239,183.9995,2225.981,0.1011,0.002949,-0.0085,-0.0369,-0.0712,ROTATE1
55.6976,-80.6828,77.6301,0.0811,125.0535,64.4369,0.0316,167.5543,2542.0708,0.0868,0.002292,0.0013,-0.0132,-0.0329,ROTATE1
146.9549,-64.1088,-1.3834,0.083,160.3359,35.2824,0.0019,179.0483,1583.4531,0.0714,0.000986,0.0082,0.0126,0.0069,ROTATE1
219.9608,-54.187,-68.0286,0.0751,236.5309,76.1951,0.0079,191.5352,2083.4785,0.0629,0.00049,0.0111,0.0345,0.0384,ROTATE1
278.3655,-36.6309,-113.5948,0.0737,302.8745,66.3436,0.0014,202.857,3835.5073,0.0725,0.000144,0.0106,0.0443,0.0548,ROTATE1
325.0893,-13.0266,-130.2883,0.0711,350.468,47.5935,0.0027,235.0525,7121.0195,0.0768,2.1e-05,0.007,0.0413,0.0619,ROTATE1
362.4683,9.7569,-137.6807,0.0588,387.8588,37.3908,0.0123,287.6136,6608.3447,0.0723,6.2e-05,0.0032,0.0324,0.0622,ROTATE1
392.3716,14.2555,-141.232,0.043,417.2591,29.4003,0.0157,338.9982,4089.6289,0.0643,0.000147,0.0006,0.0226,0.059,ROTATE1
416.2941,6.2169,-144.7981,0.0332,440.8015,23.5424,0.0098,379.8524,2393.4399,0.056,0.000247,-0.0015,0.0146,0.0536,ROTATE1
435.4322,1.8766,-144.4541,0.0309,458.772,17.9705,0.0023,411.0319,1481.8208,0.0474,0.000236,-0.0031,0.0083,0.0462,ROTATE1
450.7426,7.1201,-139.8789,0.0315,472.0018,13.2299,0.0007,435.3386,900.8718,0.0395,0.000112,-0.0037,0.0025,0.038,ROTATE1
462.991,13.5336,-130.875,0.035,481.3233,9.3215,0.0035,454.0316,523.4982,0.0347,1.9e-05,-0.0021,-0.0039,0.0322,ROTATE1
472.7897,28.155,-117.6782,0.0378,488.0276,6.7043,0.0027,468.1852,283.8747,0.0337,6e-06,-0.0002,-0.0108,0.0298,ROTATE1
480.6286,48.2302,-104.4081,0.0338,494.1974,6.1698,0.004,478.8644,155.1824,0.0338,6e-06,0.0019,-0.0165,0.0283,ROTATE1
486.8998,16.0498,-158.2953,0.0674,512.2367,18.0393,0.0336,489.5574,182.8438,0.0411,0.000177,0.0084,-0.0037,0.0233,ROTATE1
491.9167,31.8555,-200.6143,0.0484,532.2057,19.9691,0.0189,501.5981,340.0009,0.0445,0.000158,0.0096,0.0054,0.0247,ROTATE1
495.9303,66.8313,-212.754,0.0331,543.7623,11.5566,0.0153,514.086,457.4052,0.0441,0.000166,0.0086,0.0133,0.0244,ROTATE1
499.1411,91.7963,-217.3032,0.015,552.0771,8.3148,0.0181,526.8959,446.1693,0.0395,0.000305,0.0072,0.0187,0.0214,ROTATE1
456.7066,93.937,-132.9519,0.1306,484.8519,67.2252,0.1155,525.0267,582.3775,0.0589,0.001581,0.0001,0.001,0.004,ROTATE1
400.2372,132.5465,-46.2678,0.1026,424.1451,60.7067,0.028,507.4084,2274.675,0.0659,0.001898,-0.0098,-0.0302,-0.0032,ROTATE1
411.8617,141.5903,17.7139,0.0758,435.8803,11.7351,0.0268,488.1434,2803.8052,0.0714,0.001826,-0.0129,-0.0505,-0.0163,ROTATE1
431.8862,152.8316,56.9742,0.0521,461.6593,25.779,0.0237,471.7227,2055.7556,0.0752,0.001593,-0.0145,-0.0629,-0.0274,ROTATE1
447.9059,154.6497,72.5794,0.0312,479.3787,17.7195,0.0209,457.183,564.7119,0.0784,0.001246,-0.0156,-0.067,-0.0352,ROTATE1
460.7216,148.701,76.7729,0.0334,490.1739,10.7952,0.0022,458.2475,628.1453,0.059,0.000731,-0.0121,-0.0452,-0.029,ROTATE1
470.9742,141.0077,77.5121,0.0296,497.7027,7.5288,0.0037,472.959,490.466,0.0444,0.000311,-0.0102,-0.0261,-0.0283,ROTATE1
479.1762,132.7905,72.8315,0.0294,502.5411,4.8385,0.0002,486.2912,212.7743,0.0351,7.4e-05,-0.009,-0.0116,-0.0281,ROTATE1
485.7379,123.6199,50.4215,0.026,503.7514,1.2103,0.0034,494.7096,81.5308,0.0299,6e-06,-0.007,-0.0014,-0.0274,ROTATE1
490.9872,125.2209,24.7122,0.0211,507.306,3.5546,0.0049,500.295,35.0606,0.0279,1.7e-05,-0.0051,0.0037,-0.0262,ROTATE1
495.1866,130.5986,-1.6365,0.021,512.1216,4.8156,0.0001,504.6845,23.2786,0.0254,1.4e-05,-0.0019,0.0062,-0.0235,ROTATE1
498.5462,137.1477,-23.7248,0.0109,517.6105,5.489,0.0101,508.6661,31.0925,0.0217,3.9e-05,0.0006,0.007,-0.0201,ROTATE1
501.2339,156.3025,-26.533,0.0082,525.7089,8.0984,0.0027,513.2997,60.2109,0.0174,4.6e-05,0.0005,0.0051,-0.0146,ROTATE1
503.384,183.9608,-14.7483,0.0166,536.1478,10.4389,0.0085,519.7789,104.4033,0.0156,2.8e-05,-0.0011,0.0005,-0.0091,ROTATE1
505.1041,210.7249,3.617,0.0215,547.3099,11.1621,0.0049,527.7798,160.8665,0.0156,2.8e-05,-0.0025,-0.0054,-0.0056,ROTATE1
506.4801,218.6393,22.9874,0.0173,552.1356,4.8256,0.0042,535.7826,166.427,0.0149,2.3e-05,-0.0038,-0.0103,-0.0041,ROTATE1
507.581,196.1239,40.5368,0.0455,545.6613,6.4742,0.0281,541.3928,88.4267,0.0218,0.000159,-0.004,-0.0125,-0.0111,ROTATE1
508.4617,148.3335,43.5075,0.0709,531.4405,14.2208,0.0254,542.5391,57.7257,0.0344,0.000445,-0.0022,-0.0121,-0.0249,ROTATE1
509.1662,90.7074,48.6498,0.0826,519.466,11.9745,0.0117,539.2026,144.8978,0.0475,0.000673,-0.0001,-0.0093,-0.042,ROTATE1
509.7299,55.7222,31.6636,0.0879,513.7432,5.7228,0.0054,532.4893,216.3198,0.0608,0.000687,0.0023,-0.0061,-0.0592,ROTATE1
510.1808,3.584,5.3277,0.0888,510.2212,3.522,0.0009,524.1064,168.0262,0.0751,0.000261,0.0058,-0.0051,-0.0746,ROTATE1
510.5415,-33.5453,-11.4003,0.0778,511.7694,1.5482,0.011,517.3281,59.5978,0.0816,4.5e-05,0.0088,-0.0051,-0.0808,ROTATE1
510.8301,-60.9831,-22.6015,0.0624,514.9535,3.1841,0.0154,514.0306,10.0205,0.0799,9.2e-05,0.0112,-0.0054,-0.0787,ROTATE1
511.0609,-81.0302,-14.2937,0.0417,517.6423,2.6888,0.0208,513.6659,6.5876,0.0717,0.000317,0.0127,-0.0052,-0.0702,ROTATE1
496.5144,-95.7273,-6.6881,0.0229,505.7025,11.9398,0.0187,512.0577,16.6836,0.0587,0.000572,0.0121,-0.0048,-0.0572,ROTATE1
468.8615,-96.71,4.687,0.0174,478.7545,26.9479,0.0055,505.7644,198.2238,0.0444,0.000528,0.0068,-0.0011,-0.0412,ROTATE1
413.4517,-68.093,3.9996,0.0209,419.0405,59.714,0.0035,487.2187,1351.2734,0.0331,0.000286,0.0005,0.003,-0.0257,ROTATE1
326.1332,-37.5306,-8.8972,0.0176,328.4061,90.6344,0.0034,449.9092,4849.7158,0.0241,8.1e-05,-0.0055,0.006,-0.0138,ROTATE1
165.0753,-17.4214,-27.824,0.0163,168.3079,160.0982,0.0012,380.0423,14910.6387,0.019,6e-06,-0.0108,0.0064,-0.0074,ROTATE1
29.6603,-6.6746,-37.2686,0.027,48.096,120.2119,0.0106,288.521,25414.0664,0.0198,1.5e-05,-0.0133,0.0052,-0.0077,ROTATE1
-78.6718,-48.1616,-19.0149,0.0709,94.1825,46.0865,0.0439,211.6066,19813.9727,0.0305,0.00042,-0.0124,-0.0029,-0.0189,ROTATE1
-165.3374,-104.7105,13.0631,0.045,196.1413,101.9587,0.0259,167.0268,9268.6787,0.0353,0.00042,-0.0125,-0.0113,-0.0252,ROTATE1
-234.67,-83.5965,54.7161,0.0415,255.0534,58.9121,0.0034,152.3562,5394.5317,0.0401,0.000342,-0.0122,-0.0164,-0.0179,ROTATE1
-290.136,-15.0116,90.7073,0.0606,304.3551,49.3017,0.0191,179.5657,9224.0186,0.049,0.000234,-0.01,-0.0188,-0.0044,ROTATE1
-334.5088,35.322,120.3752,0.0501,357.2589,52.9038,0.0105,241.3982,8258.876,0.0536,0.000116,-0.0069,-0.0182,0.0102,ROTATE1
-370.007,64.9232,138.9283,0.0507,400.5262,43.2673,0.0006,302.667,5234.8696,0.0496,4.2e-05,-0.0029,-0.0116,0.0327,ROTATE1
-398.4056,93.4854,146.0614,0.0563,434.5118,33.9855,0.0056,350.3411,4169.1143,0.0518,4.1e-05,0.0036,-0.0026,0.0491,ROTATE1
-418.1245,110.9727,133.0585,0.056,452.6009,18.0891,0.0003,389.8506,2883.5784,0.0547,1.5e-05,0.0102,0.0074,0.05,ROTATE1
-418.1402,120.2469,110.9312,0.0565,449.0059,3.595,0.0005,418.7808,1284.5984,0.0539,8e-06,0.0139,0.0187,0.0436,ROTATE1
-399.8091,116.8507,85.6793,0.0553,425.2556,23.7503,0.0013,432.3801,351.054,0.055,5e-06,0.0143,0.0306,0.0352,ROTATE1
-396.1504,99.7368,60.7934,0.0564,413.0114,12.2442,0.0012,434.8771,216.9147,0.0561,0.0,0.0128,0.0414,0.0242,ROTATE1
-384.7359,83.3519,38.216,0.0554,395.512,17.4994,0.001,427.0771,465.9708,0.0559,0.0,0.0096,0.0491,0.0126,ROTATE1
-363.8138,75.2315,13.2728,0.0528,371.7478,23.7643,0.0026,410.9066,686.457,0.0553,2e-06,0.0051,0.0528,0.0033,ROTATE1
-341.8979,63.3196,-9.738,0.0539,347.8482,23.8996,0.0011,390.675,782.1005,0.0548,2e-06,0.0017,0.0519,-0.0091,ROTATE1
-326.562,-24.8006,-28.181,0.1328,328.7126,19.1355,0.0789,371.3664,937.9821,0.0703,0.00098,0.0009,0.06,-0.0291,ROTATE1
-363.6496,-71.5686,-41.6761,0.0771,372.9611,44.2485,0.0558,363.3564,527.4689,0.0744,0.000934,-0.0012,0.0627,-0.0344,ROTATE1
-393.3197,-68.8455,-36.619,0.0539,400.9751,28.014,0.0231,364.449,602.5121,0.0741,0.000945,-0.0031,0.0614,-0.0375,ROTATE1
-417.0558,-68.1983,-35.0733,0.0445,424.0479,23.0728,0.0095,374.909,1192.8523,0.0724,0.001028,-0.0049,0.0585,-0.0403,ROTATE1
-436.0446,-75.7774,-24.6774,0.0248,443.2675,19.2196,0.0197,393.9929,1616.7776,0.0666,0.001379,-0.006,0.053,-0.0372,ROTATE1
-451.2357,-71.7281,5.6487,0.0195,456.936,13.6685,0.0053,419.6375,899.1945,0.044,0.000433,-0.0085,0.0305,-0.019,ROTATE1
-463.3885,-58.3325,59.7283,0.0398,470.8493,13.9134,0.0203,439.2151,604.703,0.0365,0.000161,-0.0075,0.0086,-0.0121,ROTATE1
-473.1108,-44.9754,100.9077,0.0422,485.8385,14.9891,0.0024,456.1878,458.9179,0.0341,0.000101,-0.0047,-0.0087,-0.0041,ROTATE1
-480.8887,-31.0616,125.8261,0.0266,498.0471,12.2087,0.0156,470.9877,383.7279,0.0306,7.8e-05,-0.0003,-0.0202,0.0028,ROTATE1
-487.1109,-21.668,131.6484,0.0177,505.0523,7.0052,0.0089,483.3447,309.4315,0.0292,0.000103,0.0026,-0.0242,0.0096,ROTATE1
-492.0887,-14.8156,131.5468,0.021,509.5836,4.5312,0.0033,493.8742,196.7733,0.0295,9.7e-05,0.004,-0.0201,0.0142,ROTATE1
-496.071,-3.5275,136.3156,0.0232,514.4714,4.8878,0.0022,502.5986,99.4783,0.0261,7.3e-05,0.0034,-0.0108,0.0181,ROTATE1
-499.2568,-1.8751,139.4337,0.0218,518.3654,3.894,0.0014,509.1039,50.6963,0.0221,8e-06,0.002,-0.0,0.0176,ROTATE1
-501.8054,-6.1751,129.047,0.028,518.1698,0.1956,0.0062,513.1285,26.4867,0.0223,1.1e-05,0.0015,0.0089,0.0169,ROTATE1
-503.8443,-7.0182,98.7657,0.0347,513.4813,4.6885,0.0067,514.8143,10.6249,0.0257,2.6e-05,0.0019,0.016,0.0166,ROTATE1
-505.4755,12.4198,69.8532,0.0392,510.4304,3.0509,0.0046,514.9836,8.9679,0.0294,4.5e-05,0.0029,0.0217,0.0172,ROTATE1
-506.7804,45.4515,56.0107,0.0368,511.8881,1.4577,0.0024,514.467,10.5649,0.0321,4.1e-05,0.0031,0.0249,0.0186,ROTATE1
-507.8243,64.858,62.2679,0.0321,515.7222,3.8341,0.0047,513.9384,7.5611,0.0342,1.5e-05,0.0018,0.0247,0.021,ROTATE1
-508.6594,61.6989,79.1425,0.0272,518.4638,2.7416,0.0049,513.9971,8.0726,0.034,1.7e-05,-0.0012,0.0224,0.0233,ROTATE1
-509.3275,55.9498,85.6077,0.0333,519.4937,1.0298,0.0061,515.1996,12.6157,0.0337,1.7e-05,-0.0043,0.0196,0.0261,ROTATE1
-509.862,58.0911,85.1706,0.0327,520.1807,0.687,0.0006,517.1497,9.2261,0.0324,1e-05,-0.0063,0.0175,0.0263,ROTATE1
-510.2896,65.8635,79.9333,0.0329,520.6946,0.5139,0.0002,518.911,3.1003,0.0316,5e-06,-0.0068,0.0165,0.026,ROTATE1
-510.6317,65.8783,81.3154,0.0352,521.2455,0.5509,0.0023,520.0156,0.9363,0.0323,7e-06,-0.0069,0.0169,0.0265,ROTATE1
-510.9053,57.7683,84.5398,0.037,521.0647,0.1808,0.0018,520.5358,0.4042,0.0342,3e-06,-0.0068,0.018,0.0282,ROTATE1
-511.1243,44.6271,87.4037,0.0396,520.4604,0.6043,0.0026,520.7291,0.1507,0.0355,7e-06,-0.0071,0.0185,0.0294,ROTATE1
-511.2994,33.0204,84.6355,0.0451,519.3078,1.1526,0.0055,520.5546,0.4641,0.038,1.8e-05,-0.0074,0.0194,0.0317,ROTATE1
-498.6958,24.5539,77.5115,0.054,505.2805,14.0273,0.0089,517.4718,37.6159,0.0422,4.6e-05,-0.0077,0.0222,0.035,ROTATE1
-428.5473,34.4931,63.6155,0.0685,434.6141,70.6664,0.0145,500.1455,1107.6458,0.0489,0.000131,-0.0067,0.0262,0.0406,ROTATE1
-301.2628,62.9757,50.6518,0.0756,311.9148,122.6994,0.0071,458.3155,6356.5381,0.0566,0.000186,-0.0057,0.0302,0.0473,ROTATE1
-167.0321,108.5681,45.9964,0.0619,204.4564,107.4583,0.0137,395.1147,14478.6895,0.061,0.000115,-0.004,0.0335,0.0507,ROTATE1
-126.7507,124.017,39.4877,0.0404,181.6734,22.783,0.0214,327.5879,15945.4639,0.0601,0.000148,-0.0002,0.0362,0.0425,ROTATE1
-203.8006,112.2792,34.7621,0.0473,235.2652,53.5917,0.0069,273.5848,8418.8926,0.0588,0.000171,0.0025,0.0373,0.028,ROTATE1
-260.0436,76.214,24.8034,0.0489,272.1148,36.8496,0.0015,241.0849,2176.9919,0.0548,0.000156,0.0043,0.0385,0.0118,ROTATE1
-307.8349,51.5681,4.1209,0.0483,312.1515,40.0367,0.0006,241.1322,2183.708,0.0494,4.8e-05,0.0057,0.0397,-0.0047,ROTATE1
-345.8398,38.0701,-19.1283,0.035,348.4543,36.3028,0.0133,269.9318,3388.8718,0.044,2.9e-05,0.0069,0.0393,-0.0164,ROTATE1
-372.4156,36.2623,-29.0089,0.0158,375.2997,26.8454,0.0192,308.6571,2551.7954,0.039,0.000162,0.0057,0.0345,-0.0155,ROTATE1
-386.5012,38.6317,-24.3102,0.0093,389.1871,13.8874,0.0064,339.4415,1823.8594,0.0314,0.000267,0.0055,0.0262,-0.0085,ROTATE1
-403.3229,39.8023,-9.6513,0.0245,405.397,16.2099,0.0152,366.0979,1076.7429,0.0266,0.000192,0.0055,0.0135,-0.0015,ROTATE1
-416.177,37.0043,11.9664,0.0409,417.9902,12.5933,0.0163,387.2657,585.1891,0.0251,0.000136,0.0048,-0.0028,0.0056,ROTATE1
-435.3416,46.8472,46.2763,0.0543,440.2936,22.3034,0.0134,405.6335,508.9389,0.029,0.000272,0.0036,-0.0187,0.0129,ROTATE1
-450.6733,67.9121,76.4492,0.0597,462.1287,21.8351,0.0054,422.9993,661.6802,0.0377,0.000349,0.0011,-0.0306,0.0207,ROTATE1
-462.9386,96.3016,97.3656,0.0543,482.7693,20.6406,0.0054,441.7158,797.212,0.0467,0.000162,-0.0022,-0.0364,0.0277,ROTATE1
-472.7509,122.9538,106.0268,0.0379,499.8527,17.0834,0.0164,460.6069,852.5065,0.0494,7.2e-05,-0.0054,-0.036,0.0315,ROTATE1
-478.5414,140.7286,109.034,0.0193,510.5828,10.7301,0.0186,479.1254,645.8527,0.0451,0.00022,-0.0078,-0.0304,0.0307,ROTATE1
-475.4425,147.4704,110.4647,0.009,509.8976,0.6853,0.0102,493.0462,339.8673,0.036,0.000381,-0.009,-0.0207,0.0238,ROTATE1
-469.5602,140.6107,104.7124,0.0299,501.2213,8.6762,0.0208,500.8647,100.9257,0.0301,0.000242,-0.0084,-0.0082,0.0113,ROTATE1
-459.1075,123.0448,93.3574,0.0494,484.3918,16.8296,0.0195,501.1893,89.6034,0.0291,0.000197,-0.0062,0.0051,-0.0044,ROTATE1
-441.7954,97.789,79.064,0.0619,459.3441,25.0477,0.0125,493.0875,373.8116,0.0339,0.000374,-0.0029,0.017,-0.0198,ROTATE1
-425.3613,87.6031,69.8106,0.0637,439.8637,19.4804,0.0018,478.9437,679.1013,0.0428,0.000431,0.0011,0.0272,-0.032,ROTATE1
-442.6891,172.4793,64.4547,0.0572,479.455,39.5913,0.0065,472.8552,450.4553,0.0524,0.000152,0.0034,0.0353,-0.0234,ROTATE1
-325.7856,240.3803,49.9419,0.0525,407.9377,71.5173,0.0048,454.1985,784.3102,0.0569,3e-05,0.0047,0.0417,-0.0219,ROTATE1
-363.0285,236.123,34.7004,0.0724,434.4513,26.5136,0.0199,444.2104,580.2112,0.0615,4.5e-05,0.0047,0.0461,-0.024,ROTATE1
-288.6197,281.2672,49.901,0.0532,406.0821,28.3692,0.0192,433.558,711.6844,0.0598,5.5e-05,0.0025,0.0458,-0.0218,ROTATE1
-310.1707,281.5856,50.4489,0.0641,421.9496,15.8675,0.0109,429.9752,717.8461,0.0599,5.6e-05,0.0007,0.0453,-0.0226,ROTATE1
-350.5366,262.031,47.1435,0.0946,440.1803,18.2307,0.0305,422.1202,187.323,0.0673,0.00024,0.0015,0.046,-0.0462,ROTATE1
-382.8293,215.1717,20.796,0.1359,439.6471,0.5332,0.0413,428.4621,168.3134,0.084,0.000857,0.0048,0.0504,-0.0658,ROTATE1
-408.6634,141.3873,-44.8757,0.1807,434.7528,4.8943,0.0449,428.5224,169.0504,0.1057,0.002231,0.0101,0.0581,-0.0868,ROTATE1
-429.3307,32.4411,-111.5318,0.1887,444.7658,10.013,0.008,436.2591,61.25,0.1328,0.002324,0.0168,0.0678,-0.1126,ROTATE1
-445.8646,-58.1721,-155.4973,0.1721,475.7716,31.0058,0.0167,447.0235,216.6727,0.1544,0.001222,0.0222,0.0699,-0.135,ROTATE1
-459.0917,-141.8752,-179.4072,0.1571,512.9139,37.1423,0.0149,461.5703,864.0084,0.1669,0.000351,0.0258,0.0618,-0.1496,ROTATE1
-469.6733,-201.0595,-172.2258,0.1178,539.1472,26.2333,0.0393,481.4703,1575.509,0.1633,0.000627,0.0275,0.0424,-0.1492,ROTATE1
-478.1387,-250.532,-169.14,0.0774,565.6777,26.5305,0.0404,507.6553,1871.5283,0.1426,0.001614,0.0274,0.0176,-0.1317,ROTATE1
-484.9109,-276.2475,-195.1151,0.0408,591.2032,25.5255,0.0367,536.9427,1618.8079,0.113,0.002388,0.0276,-0.0059,-0.0991,ROTATE1
-490.3288,-261.0323,-221.4109,0.0628,597.9824,6.7792,0.0221,561.3849,1018.1771,0.0912,0.001718,0.0271,-0.0253,-0.06,ROTATE1
-494.663,-232.3759,-229.7256,0.0868,592.8439,5.1385,0.024,577.3709,490.6727,0.0771,0.000655,0.0264,-0.0415,-0.0215,ROTATE1
-498.1304,-207.2476,-210.1117,0.1117,578.9926,13.8513,0.0249,585.34,135.4826,0.0759,0.000562,0.0241,-0.0574,0.0077,ROTATE1
-500.9044,-187.0668,-222.8112,0.1104,579.2616,0.269,0.0013,588.0568,58.1699,0.0825,0.000756,0.0213,-0.0711,0.0299,ROTATE1
-503.1235,-159.2972,-267.8021,0.119,591.7996,12.538,0.0086,588.1761,58.9775,0.0981,0.000428,0.0182,-0.0855,0.0424,ROTATE1
-504.8988,-119.594,-310.0229,0.1449,604.4334,12.6338,0.0259,589.4662,90.9403,0.1146,0.000347,0.0134,-0.1018,0.0491,ROTATE1
-506.319,-62.3815,-265.0496,0.1736,574.8928,29.5406,0.0287,585.876,118.2459,0.1319,0.000589,0.0063,-0.1178,0.0572,ROTATE1
-507.4552,-16.6364,-187.8241,0.1645,541.3552,33.5375,0.0091,578.3485,448.5267,0.1425,0.000609,-0.0002,-0.1265,0.0642,ROTATE1
-508.3642,6.2377,-110.103,0.1377,520.1882,21.1671,0.0269,566.5338,985.2985,0.1479,0.000378,-0.0053,-0.1328,0.063,ROTATE1
-509.0914,4.8558,-53.973,0.123,511.9675,8.2207,0.0147,550.5674,1198.1974,0.1487,0.000334,-0.0096,-0.1368,0.0545,ROTATE1
-509.6731,-8.7435,-29.4659,0.1129,510.599,1.3685,0.0101,531.8005,585.1869,0.1423,0.000547,-0.0113,-0.1335,0.0431,ROTATE1
-510.1385,-22.226,-33.7321,0.1008,511.7354,1.1364,0.0121,519.1691,134.7665,0.1278,0.000485,-0.01,-0.1227,0.028,ROTATE1
-510.5108,-37.1933,-53.3544,0.0975,514.6371,2.9017,0.0033,513.8254,11.8747,0.1144,0.000218,-0.0071,-0.1125,0.0131,ROTATE1
-510.8087,-71.9359,-71.2898,0.1099,520.7518,6.1147,0.0124,513.9382,13.3601,0.1088,8.2e-05,-0.0051,-0.1079,0.0011,ROTATE1
-511.0469,-132.5675,-76.7194,0.1178,533.5063,12.7545,0.0078,518.2459,70.6088,0.1078,5.7e-05,-0.0042,-0.1066,-0.0077,ROTATE1
-511.2375,-194.8227,-86.6474,0.1119,553.9201,20.4138,0.0059,526.9102,238.3745,0.1076,5.5e-05,-0.0028,-0.1065,-0.0115,ROTATE1
-511.39,-241.3832,-115.5148,0.0935,577.1735,23.2534,0.0185,539.9977,526.3156,0.1061,8.4e-05,-0.0013,-0.105,-0.012,ROTATE1
-496.2527,-269.1316,-166.9993,0.0799,588.7166,11.5431,0.0135,554.8137,652.8769,0.1026,0.000194,0.0005,-0.1014,-0.0089,ROTATE1
-447.5677,-277.8427,-213.2026,0.0922,568.3035,20.4131,0.0123,564.324,366.7837,0.099,0.000192,-0.0006,-0.0974,0.0003,ROTATE1
-302.2636,-262.9055,-214.5714,0.1114,454.4485,113.855,0.0192,548.5125,2341.3579,0.0978,0.000151,-0.002,-0.0963,0.0087,ROTATE1
-155.114,-260.29,-171.779,0.1184,348.3092,106.1393,0.0071,507.3902,8660.7441,0.0991,0.000194,-0.0026,-0.0977,0.0119,ROTATE1
-47.1662,-274.7101,-125.892,0.1059,305.8416,42.4676,0.0125,453.1239,12866.334,0.1016,0.000191,-0.0032,-0.1002,0.0112,ROTATE1
-17.5111,-310.2994,-88.1448,0.0982,323.0508,17.2092,0.0077,399.9907,9749.9229,0.1052,8.6e-05,-0.0032,-0.1038,0.0067,ROTATE1
-116.4089,-350.6395,-13.9971,0.1121,369.7229,46.672,0.0139,360.2746,2689.9438,0.1092,4.6e-05,0.0001,-0.1085,0.0009,ROTATE1
-195.5271,-324.3741,67.7711,0.1159,384.7627,15.0398,0.0038,346.3374,841.8883,0.1101,5.3e-05,0.0046,-0.1074,0.0075,ROTATE1
-258.8217,-276.5711,125.4825,0.1014,399.0315,14.2688,0.0145,356.4819,1293.5334,0.1067,4.3e-05,0.0087,-0.0993,0.0188,ROTATE1
-309.4574,-237.435,152.8391,0.0738,418.9261,19.8946,0.0276,379.0988,1048.9773,0.1003,0.000218,0.013,-0.0883,0.0292,ROTATE1
-343.169,-245.948,149.4932,0.0558,447.888,28.9619,0.018,404.0662,743.7206,0.0918,0.000541,0.0151,-0.0762,0.0394,ROTATE1
-351.9321,-271.571,141.9508,0.0478,466.6444,18.7565,0.008,423.4505,915.2826,0.079,0.000681,0.0156,-0.0603,0.0469,ROTATE1
-383.9457,-227.9505,133.1763,0.0947,465.9524,0.692,0.0468,439.6885,713.5435,0.0747,0.000438,0.015,-0.0442,0.055,ROTATE1
-326.6628,-194.5635,146.7379,0.074,407.5482,58.4042,0.0206,441.3918,586.6429,0.0692,0.000266,0.0114,-0.036,0.0554,ROTATE1
-363.7303,-157.3071,149.7591,0.0611,423.6425,16.0943,0.0129,442.3351,547.8185,0.0667,0.000268,0.007,-0.0302,0.0569,ROTATE1
-393.3842,-101.4957,138.5416,0.0725,429.2392,5.5966,0.0114,438.6054,562.0414,0.07,0.00024,0.0043,-0.0227,0.0637,ROTATE1
-417.1074,-60.4122,111.6458,0.065,435.9965,6.7573,0.0075,432.4758,368.5929,0.0735,0.000135,0.005,-0.0132,0.0693,ROTATE1
-436.0859,-53.9454,76.1823,0.0566,445.9649,9.9684,0.0084,428.4783,164.8673,0.0659,4.4e-05,0.0069,-0.0051,0.0612,ROTATE1
-442.3218,-60.75,34.2927,0.0642,447.7892,1.8242,0.0076,436.5265,87.0628,0.0639,2.7e-05,0.0107,0.0033,0.0606,ROTATE1
-411.22,-52.2032,4.6248,0.083,414.5461,33.2431,0.0188,434.7072,147.1816,0.0683,8e-05,0.0134,0.0028,0.0649,ROTATE1
-408.3416,-45.4531,8.0154,0.0907,410.9417,3.6043,0.0077,431.0477,240.7692,0.0719,0.000164,0.0155,-0.01,0.0631,ROTATE1
-393.6389,-43.6906,27.6155,0.087,397.0178,13.924,0.0037,423.2519,406.7044,0.0763,0.00018,0.0151,-0.0257,0.0625,ROTATE1
-370.5455,-53.2838,41.4236,0.0786,376.6418,20.3759,0.0084,409.3873,545.8008,0.0807,8.4e-05,0.014,-0.0413,0.0619,ROTATE1
-392.9896,-38.2958,63.117,0.0791,399.8639,23.222,0.0005,399.8022,177.1259,0.0837,2.2e-05,0.0128,-0.0554,0.0584,ROTATE1
-379.8729,-36.6929,80.428,0.0703,390.0237,9.8402,0.0088,394.8978,128.7203,0.0811,5.1e-05,0.0119,-0.0625,0.0497,ROTATE1
-322.8077,-72.9949,31.9268,0.0245,332.4942,57.5295,0.0458,379.2083,609.9193,0.0679,0.000498,0.0101,-0.0505,0.0324,ROTATE1
-320.3274,-84.3366,42.0664,0.0277,333.904,1.4098,0.0031,366.5855,797.6451,0.056,0.000608,0.0061,-0.0432,0.0206,ROTATE1
-358.6619,-56.4286,77.7844,0.0708,371.3125,37.4085,0.0431,365.5197,780.7519,0.0545,0.000548,0.0003,-0.0442,0.0151,ROTATE1
-389.3295,-25.5773,133.1369,0.0858,412.2585,40.946,0.015,367.9986,975.6063,0.0558,0.000621,-0.0046,-0.0471,0.0124,ROTATE1
-413.8636,25.5569,201.3783,0.0748,460.9658,48.7072,0.0109,382.187,2405.854,0.0567,0.00065,-0.0073,-0.0488,0.0112,ROTATE1
-433.4909,73.8456,253.5839,0.0614,507.6143,46.6486,0.0134,417.211,3831.7,0.0641,0.000393,-0.0082,-0.0589,0.0218,ROTATE1
-449.1927,115.4139,290.8702,0.0447,547.4485,39.8342,0.0167,459.9199,4011.9988,0.0675,0.000191,-0.0059,-0.061,0.0266,ROTATE1
-461.7542,143.9562,309.5712,0.0194,574.26,26.8115,0.0253,500.5094,3408.9656,0.0572,0.000546,-0.0013,-0.0503,0.0254,ROTATE1
-471.8033,153.8774,301.0507,0.011,580.4379,6.1779,0.0084,534.1453,1997.6611,0.0423,0.000587,0.0024,-0.0356,0.0181,ROTATE1
-479.8427,164.2457,306.5843,0.0237,592.6378,12.1999,0.0127,560.4797,917.3857,0.032,0.000339,0.0037,-0.0231,0.0077,ROTATE1
-486.2741,172.8153,338.5081,0.0452,617.1834,24.5456,0.0215,582.3935,521.2823,0.0288,0.000191,0.0038,-0.0128,-0.0072,ROTATE1
-491.4193,153.2522,358.9159,0.0492,627.5347,10.3513,0.0039,598.4108,428.0445,0.0297,0.000222,0.0045,-0.0017,-0.0211,ROTATE1
-495.5355,123.9518,363.5452,0.0706,626.9645,0.5701,0.0214,608.9517,363.3456,0.0399,0.000431,0.0035,0.0116,-0.0328,ROTATE1
-498.8284,105.1114,350.3924,0.0961,618.5895,8.375,0.0255,616.582,161.0948,0.0569,0.000604,0.0009,0.0303,-0.0395,ROTATE1
-501.4627,94.6298,327.4858,0.1218,606.3552,12.2344,0.0258,619.3255,59.821,0.0766,0.00084,-0.0025,0.0547,-0.0419,ROTATE1
-503.5702,87.7632,309.3168,0.1372,597.4631,8.8921,0.0154,615.3815,138.9405,0.095,0.00104,-0.0077,0.0812,-0.0402,ROTATE1
-505.2561,70.2168,296.9315,0.1442,590.2394,7.2237,0.007,607.9224,180.1868,0.114,0.000744,-0.0134,0.1048,-0.0395,ROTATE1
-506.6049,35.4109,286.689,0.1426,583.175,7.0644,0.0016,599.1644,153.451,0.1284,0.000324,-0.0167,0.1203,-0.0408,ROTATE1
-507.6839,-5.3681,264.7668,0.146,572.6022,10.5728,0.0034,589.9669,134.5012,0.1384,7.7e-05,-0.0167,0.1294,-0.0448,ROTATE1
-508.5471,-55.7695,225.201,0.1506,558.9686,13.6335,0.0046,580.4896,183.1464,0.1441,1.9e-05,-0.0129,0.1336,-0.0505,ROTATE1
-509.2377,-97.1531,172.2576,0.16,546.2916,12.6771,0.0093,570.2553,254.6878,0.1487,3.9e-05,-0.007,0.1377,-0.0542,ROTATE1
-509.7902,-119.5662,111.6155,0.1636,535.3879,10.9037,0.0037,559.285,297.6161,0.1526,6.5e-05,-0.002,0.1419,-0.0545,ROTATE1
-510.2321,-120.4374,51.633,0.158,526.7902,8.5977,0.0057,548.0081,267.4833,0.1556,4.1e-05,0.0007,0.1465,-0.0504,ROTATE1
-510.5857,-99.003,0.0939,0.1445,520.0955,6.6947,0.0135,537.5067,192.0539,0.1553,4.7e-05,0.0017,0.148,-0.0454,ROTATE1
-510.8686,-82.4087,-36.7967,0.1251,518.7792,1.3163,0.0194,529.4689,105.4682,0.1502,0.0002,0.0024,0.1441,-0.0413,ROTATE1
-511.0949,-63.3301,-53.153,0.1034,517.7392,1.04,0.0217,523.7584,43.7753,0.1389,0.000491,0.0025,0.133,-0.0385,ROTATE1
-511.2759,-26.3453,-45.3912,0.0843,513.9625,3.7767,0.0191,519.4733,17.5564,0.1231,0.000715,0.001,0.1175,-0.0349,ROTATE1
-511.4207,50.805,2.1152,0.0841,513.9424,0.0201,0.0001,516.9038,6.3647,0.1083,0.000556,-0.0019,0.103,-0.0275,ROTATE1
-511.5366,143.0409,65.3297,0.1029,535.1619,21.2195,0.0188,519.9171,61.9194,0.1,0.00023,-0.0078,0.0934,-0.0138,ROTATE1
-511.6292,216.8296,123.2825,0.1151,569.1907,34.0288,0.0122,529.9994,445.5868,0.098,0.000145,-0.015,0.0902,0.0039,ROTATE1
-511.7034,275.8605,149.5229,0.1308,600.247,31.0563,0.0157,546.5009,1130.1697,0.1035,0.000325,-0.0203,0.0953,0.0218,ROTATE1
-497.0377,305.5009,112.862,0.1395,594.2349,6.0121,0.0087,562.5554,1116.3811,0.1145,0.000389,-0.0216,0.1062,0.0333,ROTATE1
-441.2833,325.7289,53.399,0.1355,551.0732,43.1617,0.004,569.9816,614.956,0.1248,0.000188,-0.0186,0.1167,0.035,ROTATE1
-422.2736,337.4581,-3.1214,0.115,540.5577,10.5155,0.0205,571.0607,544.4623,0.1272,0.000106,-0.0121,0.1207,0.0231,ROTATE1
-440.2188,287.4509,-43.9065,0.1191,527.5873,12.9704,0.0041,562.7401,852.5162,0.128,8.9e-05,-0.0052,0.119,-0.0007,ROTATE1
-454.5751,229.9232,-76.4283,0.1153,515.116,12.4714,0.0038,545.7138,734.8808,0.1249,0.00011,-0.0001,0.1127,-0.0251,ROTATE1
-466.0601,191.4292,-103.377,0.1049,514.3384,0.7776,0.0103,529.7345,205.5674,0.1179,9.9e-05,0.0007,0.102,-0.0448,ROTATE1
-475.248,157.1652,-101.4298,0.0801,510.7344,3.604,0.0248,521.6667,121.6114,0.1069,0.000201,-0.0014,0.0866,-0.0585,ROTATE1
-482.5984,129.1791,-91.5282,0.0566,507.9034,2.831,0.0235,515.1359,45.4713,0.0952,0.000558,-0.0054,0.0736,-0.0586,ROTATE1
-488.4788,126.5995,-80.5913,0.0411,511.0126,3.1092,0.0155,511.821,6.8751,0.0796,0.000786,-0.01,0.0622,-0.0453,ROTATE1
-493.183,141.6265,-63.7855,0.0247,517.0649,6.0523,0.0164,512.2108,10.0516,0.0615,0.000806,-0.0142,0.0482,-0.0314,ROTATE1
-496.9464,144.1481,-30.5441,0.0237,518.3313,1.2664,0.0009,513.0093,16.0007,0.0452,0.000449,-0.0152,0.0307,-0.0223,ROTATE1
-499.9571,125.9403,19.8272,0.0391,515.9566,2.3747,0.0154,514.0538,15.6121,0.037,0.000146,-0.0145,0.0149,-0.0178,ROTATE1
-502.3657,102.3616,81.9587,0.0357,519.1979,3.2413,0.0034,516.3126,8.2365,0.0329,5.3e-05,-0.012,0.0013,-0.0183,ROTATE1
-470.5425,90.6268,131.2419,0.0275,496.838,22.3599,0.0082,513.4777,70.4345,0.0302,3.8e-05,-0.0088,-0.0065,-0.0223,ROTATE1
-394.1809,87.5233,157.6029,0.0215,433.4485,63.3894,0.006,496.7545,1069.1277,0.0295,4.7e-05,-0.0058,-0.0066,-0.0191,ROTATE1
-212.9479,166.0249,155.9574,0.0514,311.8233,121.6252,0.0299,455.4528,6110.0986,0.0351,0.000105,-0.0044,0.0024,-0.0084,ROTATE1
-271.9864,212.7074,163.2878,0.0432,381.9476,70.1243,0.0082,428.651,5740.2271,0.0359,0.000114,-0.0051,0.0131,-0.0072,ROTATE1
-250.111,193.7503,140.2896,0.1048,346.0865,35.8611,0.0616,394.0287,4265.1592,0.0497,0.000874,0.001,0.0359,-0.0099,ROTATE1
-168.1669,182.494,112.5848,0.1104,272.506,73.5805,0.0056,349.1624,3091.7776,0.0663,0.001238,0.0056,0.0567,-0.0119,ROTATE1
-93.3492,181.4421,98.7178,0.0897,226.6727,45.8333,0.0208,307.8072,2961.4421,0.0799,0.00076,0.0087,0.0702,-0.019,ROTATE1
-117.9075,192.5724,84.568,0.1043,241.1183,14.4456,0.0146,293.6662,3647.73,0.0905,0.000605,0.0128,0.08,-0.0363,ROTATE1
-196.726,167.5517,56.8263,0.1349,264.5825,23.4642,0.0306,270.1932,1707.2012,0.1088,0.000217,0.0192,0.0935,-0.049,ROTATE1
-259.7808,135.6476,17.9392,0.1399,293.6122,29.0297,0.005,259.6984,554.7903,0.1158,0.000358,0.018,0.0964,-0.0582,ROTATE1
-310.2246,109.4618,-16.9799,0.131,329.4079,35.7957,0.0089,271.0787,1364.3534,0.12,0.000382,0.0167,0.0963,-0.0671,ROTATE1
-350.5797,87.7507,-47.8558,0.1215,364.5497,35.1418,0.0096,298.6541,1956.9365,0.1263,0.000158,0.017,0.0969,-0.0787,ROTATE1
-382.8638,57.1287,-71.9378,0.1182,393.7301,29.1804,0.0033,329.1765,2171.1382,0.1291,6.6e-05,0.0168,0.0938,-0.0865,ROTATE1
-408.691,-4.4252,-84.0065,0.1072,417.2589,23.5288,0.011,359.7118,1955.9622,0.1236,0.000125,0.0158,0.0852,-0.0866,ROTATE1
-429.3528,-59.8776,-70.0552,0.0898,439.132,21.873,0.0174,388.8157,1496.6055,0.1135,0.000199,0.0139,0.0721,-0.0849,ROTATE1
-445.8823,-107.2927,-58.4035,0.0838,462.3134,23.1814,0.0059,415.3969,1164.5732,0.1041,0.000225,0.013,0.0598,-0.0831,ROTATE1
-459.1058,-180.8592,-59.1509,0.0612,496.9779,34.6645,0.0226,441.8825,1277.0916,0.092,0.000387,0.0096,0.049,-0.0769,ROTATE1
-469.6846,-247.0874,-77.4895,0.0306,536.3398,39.362,0.0306,470.4044,1784.3,0.0745,0.000698,0.0044,0.0393,-0.0618,ROTATE1
-478.1477,-300.0699,-114.4479,0.0277,575.9909,39.6511,0.0029,502.1508,2441.2798,0.0586,0.000671,-0.0017,0.0285,-0.0394,ROTATE1
-484.9182,-340.9278,-156.9927,0.0676,613.208,37.2171,0.0399,536.966,2901.6477,0.0542,0.000473,-0.0024,0.0166,-0.0106,ROTATE1
-490.3345,-331.361,-205.6035,0.1102,626.4989,13.2909,0.0427,569.8031,2311.9985,0.0595,0.000898,0.0007,0.0001,0.0236,ROTATE1
-494.6676,-249.4138,-244.8453,0.1355,605.6835,20.8154,0.0252,591.5443,1036.0997,0.0743,0.001832,0.0075,-0.0199,0.0566,ROTATE1
-498.1341,-151.7279,-250.3169,0.1617,577.7694,27.9141,0.0262,599.8302,395.8875,0.1005,0.002289,0.0176,-0.0431,0.0852,ROTATE1
-500.9073,-66.2917,-224.166,0.1725,552.7686,25.0009,0.0108,595.1857,703.6132,0.1295,0.001426,0.0273,-0.0659,0.1063,ROTATE1
-503.1258,27.5135,-228.4828,0.1752,553.2603,0.4918,0.0027,583.1962,846.4506,0.151,0.000614,0.034,-0.0873,0.1167,ROTATE1
-504.9007,-0.7454,-138.5269,0.1895,523.5599,29.7004,0.0143,562.6083,758.864,0.1669,0.000325,0.0231,-0.1073,0.1214,ROTATE1
-506.3205,-69.7807,-47.8652,0.1787,513.3429,10.217,0.0108,544.1403,532.1145,0.1755,8.1e-05,0.0122,-0.1213,0.1214,ROTATE1
-507.4564,-126.6183,7.7109,0.1607,523.0714,9.7285,0.018,533.2006,275.0339,0.1753,8.7e-05,0.0021,-0.1264,0.1179,ROTATE1
-508.3651,-149.0947,42.0906,0.1547,531.447,8.3756,0.0061,528.9363,180.8837,0.1718,0.000158,-0.006,-0.1267,0.1134,ROTATE1
-509.0921,-131.1351,58.0725,0.1529,528.9079,2.5391,0.0018,524.0658,38.8308,0.1673,0.000206,-0.0157,-0.1232,0.1117,ROTATE1
-509.6737,-103.5175,66.4736,0.1551,524.3109,4.597,0.0022,524.216,38.769,0.1604,9e-05,-0.0115,-0.1153,0.1105,ROTATE1
-510.1389,-80.7046,77.3102,0.1567,522.2373,2.0735,0.0016,525.9949,12.7427,0.156,7e-06,-0.0078,-0.1101,0.1101,ROTATE1
-510.5112,-84.5824,95.745,0.1572,526.2537,4.0164,0.0005,526.6313,10.6417,0.1553,2e-06,-0.0063,-0.1112,0.1078,ROTATE1
-510.8089,-99.4378,118.5085,0.1563,533.7208,7.4672,0.0009,527.0861,15.8489,0.1556,2e-06,-0.0063,-0.1142,0.1046,ROTATE1
-511.0471,-138.2003,139.9443,0.1517,547.5883,13.8674,0.0046,530.8221,85.2945,0.1554,4e-06,-0.0052,-0.1189,0.0984,ROTATE1
-511.2377,-126.254,153.7804,0.1504,548.5914,1.0032,0.0013,535.6783,116.3824,0.1545,8e-06,-0.0051,-0.1233,0.0919,ROTATE1
-511.3902,-99.2282,172.7056,0.1409,548.8109,0.2194,0.0095,540.993,86.497,0.1513,3.4e-05,-0.0058,-0.125,0.0848,ROTATE1
-511.5121,-79.7169,191.8645,0.1236,552.0973,3.2864,0.0173,546.1617,40.9927,0.1446,0.000135,-0.0061,-0.1212,0.0785,ROTATE1
-511.6097,-74.9454,195.5103,0.098,552.798,0.7007,0.0256,549.9772,4.2879,0.1329,0.000405,-0.0038,-0.1114,0.0722,ROTATE1
-511.6878,-73.2032,178.0458,0.0763,546.7023,6.0957,0.0217,549.7999,5.2601,0.1178,0.000749,-0.0009,-0.0965,0.0669,ROTATE1
-511.7502,-56.7313,157.8241,0.0752,538.5306,8.1717,0.0011,547.7878,26.3189,0.1028,0.000674,0.0012,-0.0821,0.0608,ROTATE1
-511.8002,-39.9194,155.0249,0.0763,536.2515,2.2791,0.0012,545.2759,46.4172,0.0899,0.000357,0.0025,-0.0714,0.0538,ROTATE1
-511.8401,-33.9262,171.7043,0.0777,540.9378,4.6863,0.0014,543.0441,35.8935,0.0807,7.5e-05,0.0027,-0.0647,0.0469,ROTATE1
-511.8721,-32.4159,187.4978,0.0658,546.0946,5.1568,0.0119,541.7034,16.9294,0.0743,1.9e-05,0.001,-0.0603,0.0417,ROTATE1
-492.1446,-29.1202,192.4014,0.0441,529.2188,16.8758,0.0217,538.2067,30.8775,0.0678,0.000158,-0.0021,-0.0556,0.0374,ROTATE1
-448.8594,-25.3025,168.6899,0.0268,480.1783,49.0405,0.0173,526.5363,568.1144,0.0582,0.00039,-0.004,-0.0461,0.032,ROTATE1
-406.1563,-21.0076,132.2894,0.0221,427.6736,52.5047,0.0048,504.8206,2032.4324,0.0473,0.000467,-0.0042,-0.0317,0.0279,ROTATE1
-364.4094,-20.2623,93.0815,0.0126,376.6549,51.0187,0.0095,471.9641,3977.2778,0.0343,0.000353,-0.0041,-0.0166,0.0239,ROTATE1
-327.4525,-43.8661,74.4621,0.0414,338.665,37.9899,0.0288,430.4782,4710.8564,0.0294,0.00014,-0.0056,-0.0122,0.0141,ROTATE1
-291.6214,-78.046,87.4759,0.0539,314.3028,24.3622,0.0126,387.495,3612.7,0.0313,0.000213,-0.0077,-0.0146,0.0028,ROTATE1
-272.669,-90.2868,92.6401,0.0453,301.7984,12.5044,0.0086,351.8189,2090.6609,0.035,0.000235,-0.0097,-0.0219,-0.0038,ROTATE1
-180.6227,-86.4138,79.6058,0.0231,215.4739,86.3245,0.0222,309.379,2856.7207,0.0352,0.000229,-0.0114,-0.0275,-0.007,ROTATE1
-137.0388,-78.5623,61.8753,0.0154,169.6473,45.8266,0.0077,267.9775,4142.4131,0.0358,0.000206,-0.0116,-0.0311,-0.0082,ROTATE1
-89.7248,-72.2624,29.7346,0.0355,118.9812,50.6661,0.0202,224.0407,5652.6064,0.0346,0.000198,-0.007,-0.027,0.0014,ROTATE1
20.9764,-42.0474,15.5908,0.0549,49.5083,69.473,0.0194,171.0818,7310.8291,0.0348,0.000206,-0.0016,-0.0225,0.0166,ROTATE1
51.4155,-24.066,2.6195,0.0422,56.8295,7.3212,0.0127,122.088,4103.791,0.0342,0.000195,0.0034,-0.0197,0.0241,ROTATE1
8.9012,-19.0997,0.3394,0.0446,21.0747,35.7548,0.0024,83.2082,2888.7041,0.0385,0.000173,0.0063,-0.024,0.0259,ROTATE1
-81.0603,-29.0173,1.4246,0.0419,86.1093,65.0345,0.0027,66.5006,1116.8987,0.0438,4e-05,0.0073,-0.0297,0.0241,ROTATE1
-167.2483,-31.2076,18.4116,0.0458,171.1283,85.019,0.0039,76.93,2646.6724,0.0459,2.2e-05,0.0064,-0.0357,0.0182,ROTATE1
-236.1986,-36.866,46.7668,0.0442,243.5898,72.4616,0.0016,115.7463,6544.6758,0.0438,2e-06,0.0058,-0.0401,0.0095,ROTATE1
-291.3589,-52.4991,88.3478,0.0388,308.9522,65.3624,0.0054,166.1709,10773.5078,0.0431,6e-06,0.0066,-0.0415,0.0053,ROTATE1
-335.4871,-70.1618,84.172,0.0281,352.9295,43.9772,0.0107,232.5418,9133.584,0.0397,4e-05,0.0078,-0.0382,0.0032,ROTATE1
-370.7897,-94.37,95.8532,0.0333,394.4345,41.505,0.0053,294.2068,6284.355,0.038,4.4e-05,0.0082,-0.0365,0.0038,ROTATE1
-399.0318,-110.6867,133.0201,0.0551,434.9393,40.5049,0.0218,346.9691,4431.9604,0.0399,8.7e-05,0.0071,-0.038,0.0068,ROTATE1
-421.6254,-116.2337,164.9911,0.0794,467.4402,32.5009,0.0243,391.7391,3192.8062,0.0469,0.000346,0.0073,-0.0439,0.0117,ROTATE1
-439.7003,-92.4338,152.0428,0.107,474.339,6.8988,0.0275,424.8165,2092.5073,0.0606,0.000868,0.0077,-0.0561,0.0188,ROTATE1
-454.1603,-62.6533,183.753,0.1134,493.9152,19.5762,0.0064,453.0136,1218.8055,0.0776,0.000922,0.0058,-0.0713,0.0282,ROTATE1
-465.7282,27.1867,205.7056,0.0822,509.8595,15.9443,0.0312,476.0986,645.8752,0.0874,0.000438,0.0074,-0.0789,0.036,ROTATE1
-474.9826,105.6494,219.0051,0.044,533.6042,23.7448,0.0382,495.8316,579.0465,0.0852,0.000602,0.0095,-0.0763,0.0359,ROTATE1
-482.386,180.3945,240.1697,0.0145,568.2604,34.6562,0.0295,515.9956,1060.4303,0.0722,0.001426,0.0053,-0.0631,0.0302,ROTATE1
-488.3088,224.4375,247.3076,0.0412,591.59,23.3296,0.0267,539.4459,1306.3635,0.059,0.001203,-0.0018,-0.0374,0.0179,ROTATE1
-493.0471,239.4,243.793,0.0735,599.869,8.2789,0.0324,560.6366,1172.8962,0.0511,0.000591,-0.0039,-0.0052,-0.0005,ROTATE1
-496.8376,231.5044,207.2406,0.1023,585.9954,13.8736,0.0288,575.8638,553.9783,0.0551,0.000908,-0.0061,0.0242,-0.0221,ROTATE1
-499.8701,183.5566,140.4769,0.1162,550.724,35.2714,0.0139,579.2877,311.4827,0.0696,0.001421,-0.0051,0.0459,-0.0436,ROTATE1
-502.2961,124.4734,74.8346,0.108,522.8721,27.8519,0.0082,570.2101,841.3042,0.0883,0.000761,-0.0021,0.0542,-0.0645,ROTATE1
-504.2369,72.1537,56.3458,0.1013,512.4801,10.392,0.0068,554.3881,1166.0986,0.1003,0.000207,-0.0016,0.051,-0.0808,ROTATE1
-505.7895,56.4917,63.4735,0.0867,512.8774,0.3973,0.0146,536.9898,794.3235,0.1029,9.4e-05,-0.0061,0.0411,-0.0885,ROTATE1
-507.0316,65.2778,70.6226,0.0828,516.0715,3.1941,0.0039,523.005,205.9553,0.099,0.000159,-0.0117,0.0295,-0.0898,ROTATE1
-508.0253,88.5816,72.2668,0.0807,520.7292,4.6577,0.0021,517.006,17.3351,0.0919,0.000116,-0.0183,0.0211,-0.0862,ROTATE1
-508.8202,111.8496,48.7853,0.0853,523.2479,2.5187,0.0046,517.0812,18.2396,0.0874,5.2e-05,-0.0197,0.0217,-0.081,ROTATE1
-509.4562,115.1922,5.0189,0.1041,522.3409,0.907,0.0188,519.0534,15.6491,0.0879,6.9e-05,-0.0155,0.0301,-0.0786,ROTATE1
-509.9649,119.0569,-38.7661,0.102,525.111,2.7701,0.0021,521.5001,9.373,0.091,9.9e-05,-0.0092,0.0403,-0.0789,ROTATE1
-510.3719,120.2986,-74.891,0.1085,529.6791,4.5681,0.0066,524.2216,9.4514,0.0961,0.000121,-0.0049,0.0497,-0.081,ROTATE1
-464.6007,121.0702,-118.2628,0.1208,494.4673,35.2118,0.0123,518.9693,156.4887,0.1041,0.000132,-0.0027,0.0583,-0.0859,ROTATE1
-418.7306,146.2561,-160.8259,0.1288,471.7956,22.6717,0.0079,508.6788,492.0039,0.1128,0.000106,-0.0025,0.0631,-0.0933,ROTATE1
-437.3845,155.4955,-173.9263,0.158,495.7161,23.9204,0.0292,503.3538,459.9241,0.1236,0.000383,-0.0043,0.0596,-0.1065,ROTATE1
-452.3076,110.2121,-172.3411,0.1671,496.4174,0.7014,0.0091,497.6151,341.9387,0.1367,0.000498,-0.0047,0.0536,-0.123,ROTATE1
-464.246,50.8978,-164.7416,0.1538,495.232,1.1854,0.0134,490.7257,89.9908,0.1457,0.000316,-0.0032,0.044,-0.1363,ROTATE1
-473.7968,10.7745,-153.5027,0.1224,498.1592,2.9272,0.0313,491.4641,97.697,0.146,0.000301,-0.0017,0.0318,-0.1409,ROTATE1
-480.5156,-7.8304,-137.1084,0.097,499.7552,1.596,0.0255,497.056,2.8065,0.1397,0.000682,-0.0008,0.0189,-0.1378,ROTATE1
-476.5312,11.0857,-108.9055,0.078,488.943,10.8121,0.019,495.7014,13.7765,0.1237,0.00112,0.0007,0.0084,-0.1226,ROTATE1
-461.1437,36.1185,-75.3087,0.0757,468.6464,20.2966,0.0022,490.1472,129.2187,0.1054,0.000867,0.0025,-0.0008,-0.1046,ROTATE1
-442.5275,46.1104,-49.0626,0.079,447.6202,21.0262,0.0033,480.6248,395.0801,0.0904,0.000314,0.0043,-0.0068,-0.0895,ROTATE1
-417.0251,50.9915,-29.3907,0.086,421.1578,26.4625,0.007,465.2245,803.6861,0.0831,6e-05,0.0061,-0.0094,-0.0821,ROTATE1
-380.7263,36.8807,-20.8407,0.0867,383.0758,38.082,0.0007,441.8886,1370.3328,0.0811,1.9e-05,0.0083,-0.0087,-0.0798,ROTATE1
-316.7873,23.6483,-17.2382,0.0746,318.1361,64.9397,0.012,407.7272,2823.4473,0.0804,2.5e-05,0.0093,-0.0053,-0.0792,ROTATE1
-247.7767,40.8061,-5.5093,0.0586,251.1748,66.9613,0.016,364.2329,5091.1963,0.077,0.000104,0.0084,-0.0006,-0.0761,ROTATE1
-186.6683,86.8387,4.9988,0.0546,205.9393,45.2356,0.004,315.8968,6375.4995,0.0721,0.000179,0.0066,0.0053,-0.071,ROTATE1
-201.8252,118.2553,9.3959,0.0503,234.1069,28.1676,0.0043,278.4866,4097.9189,0.065,0.000185,0.0039,0.0052,-0.064,ROTATE1
-263.8602,13.5636,-4.3145,0.1292,264.2438,30.137,0.0789,254.7202,1385.8678,0.0735,0.000845,0.0031,0.0088,-0.0723,ROTATE1
-299.11,-10.7054,-20.036,0.0978,299.9714,35.7276,0.0315,251.0872,977.8881,0.0781,0.000941,0.0024,0.0148,-0.0757,ROTATE1
-274.3818,-22.7705,-16.81,0.0891,275.8377,24.1337,0.0086,256.0198,1076.0735,0.0842,0.000852,0.0017,0.0174,-0.0814,ROTATE1
-279.0055,-41.1696,12.1582,0.0728,282.2885,6.4508,0.0163,271.2897,479.3015,0.0879,0.00069,0.0001,0.0153,-0.0855,ROTATE1
-242.0825,-47.0919,37.6422,0.0399,249.4765,32.812,0.0329,274.3636,288.5033,0.0858,0.000864,-0.0004,0.0198,-0.0826,ROTATE1
-155.2004,-14.0891,44.3606,0.0317,162.0294,87.4471,0.0082,253.9207,2373.9041,0.0663,0.00069,-0.0031,0.0222,-0.0581,ROTATE1
-38.604,30.8412,51.5135,0.0357,71.3799,90.6495,0.004,208.2024,6523.8354,0.0539,0.000524,-0.0053,0.0221,-0.0394,ROTATE1
71.5136,65.3605,63.0264,0.0314,115.5791,44.1991,0.0043,176.1507,6297.4307,0.0423,0.000243,-0.007,0.0238,-0.0225,ROTATE1
159.6078,81.2727,78.193,0.0294,195.433,79.8539,0.002,158.7796,3816.9895,0.0336,1.4e-05,-0.0071,0.0276,-0.0109,ROTATE1
230.0831,79.8057,98.5919,0.0313,262.731,67.298,0.0019,161.4305,4325.9546,0.0319,4e-06,-0.0064,0.0286,-0.0081,ROTATE1
286.4634,47.0539,119.3517,0.03,313.8792,51.1483,0.0013,191.8004,8051.6719,0.0316,5e-06,-0.0062,0.0273,-0.0104,ROTATE1
331.5676,1.9775,126.5376,0.0413,354.8982,41.019,0.0113,248.5041,7256.3242,0.0327,1.9e-05,-0.0058,0.0278,-0.0144,ROTATE1
367.6509,-28.0555,96.3707,0.0511,381.1058,26.2076,0.0098,301.6094,4418.9766,0.0366,7.1e-05,-0.0008,0.031,-0.0175,ROTATE1
396.5176,-58.3038,33.7028,0.0624,402.1958,21.09,0.0113,342.962,2477.7786,0.0432,0.00015,0.0036,0.0355,-0.022,ROTATE1
419.611,-39.4993,-14.1409,0.034,421.7032,19.5074,0.0283,374.7564,1419.5225,0.0437,0.000138,0.0063,0.0364,-0.0142,ROTATE1
438.0857,-23.4182,-45.6471,0.0187,441.0795,19.3764,0.0153,400.1965,910.8693,0.0415,0.000221,0.0078,0.0311,-0.0072,ROTATE1
452.8654,50.9405,-67.6458,0.0511,460.7147,19.6351,0.0325,421.3598,785.087,0.0435,0.000236,0.0097,0.018,0.0047,ROTATE1
464.6892,94.268,-116.4166,0.045,488.237,27.5223,0.0062,442.786,896.4391,0.0422,0.000223,0.009,0.0023,0.0026,ROTATE1
474.1483,116.2738,-152.7927,0.0622,511.5484,23.3114,0.0172,464.6566,1034.259,0.0422,0.000221,0.008,-0.0182,0.0044,ROTATE1
481.7155,111.9628,-157.9248,0.0874,519.1587,7.6103,0.0253,484.1476,879.4533,0.0529,0.000503,0.0079,-0.04,-0.0045,ROTATE1
487.7693,106.5796,-144.2242,0.095,519.691,0.5323,0.0076,499.87,513.9556,0.0682,0.000392,0.0097,-0.0581,-0.0124,ROTATE1
492.6123,100.5918,-123.9887,0.0923,517.8405,1.8505,0.0028,511.2952,141.3819,0.0764,0.000382,0.0101,-0.0706,-0.0239,ROTATE1
496.4867,99.5891,-107.9504,0.0838,517.7551,0.0854,0.0084,517.1988,8.54,0.0842,0.000136,0.0082,-0.0804,-0.0217,ROTATE1
456.7175,75.3306,-70.3728,0.1459,468.2072,49.5479,0.0621,508.5305,407.0512,0.1009,0.000521,0.0074,-0.0921,-0.0345,ROTATE1
467.7709,43.602,6.5643,0.1235,469.8445,1.6373,0.0223,498.6677,586.5051,0.1081,0.000536,0.0073,-0.0988,-0.0374,ROTATE1
476.6136,36.2004,66.1858,0.1022,482.547,12.7025,0.0214,491.2389,494.897,0.1095,0.000506,0.007,-0.1004,-0.0365,ROTATE1
483.6878,27.2665,109.958,0.0815,496.7777,14.2307,0.0206,487.0263,341.7573,0.1074,0.000599,0.0077,-0.0984,-0.0336,ROTATE1
489.3471,45.8007,126.2039,0.0599,507.4305,10.6528,0.0216,484.9614,231.9084,0.1026,0.000915,0.011,-0.0927,-0.0258,ROTATE1
493.8746,69.4531,130.9631,0.0527,515.6425,8.2119,0.0073,494.4484,274.0292,0.084,0.000692,0.0133,-0.0781,-0.0017,ROTATE1
497.4966,91.0718,133.0611,0.0493,522.9744,7.3319,0.0034,505.0744,202.7928,0.0691,0.000398,0.0135,-0.0604,0.0146,ROTATE1
500.3941,128.52,139.5239,0.053,535.1436,12.1692,0.0037,515.5937,171.4705,0.0593,0.000136,0.0119,-0.0447,0.0275,ROTATE1
502.7122,144.4503,140.6723,0.0326,541.6402,6.4966,0.0204,524.5662,155.8402,0.0495,8.3e-05,0.0086,-0.031,0.0336,ROTATE1
504.5667,137.1822,112.0659,0.0148,534.7571,6.8831,0.0179,530.0316,88.0149,0.0405,0.000221,0.003,-0.0209,0.0313,ROTATE1
506.0502,120.4395,87.9902,0.0217,527.5744,7.1827,0.007,532.4179,42.1184,0.0343,0.000224,-0.0031,-0.0149,0.0285,ROTATE1
507.2371,106.6047,82.4953,0.0338,524.8423,2.7321,0.0121,532.7915,35.6205,0.0312,0.000169,-0.0083,-0.0133,0.0253,ROTATE1
508.1865,103.9432,88.7306,0.0474,526.2422,1.3998,0.0136,531.0112,39.9235,0.0301,0.000125,-0.0117,-0.0141,0.023,ROTATE1
508.9461,110.8951,98.7689,0.0644,530.169,3.9268,0.0169,528.717,12.207,0.0364,0.000319,-0.0131,-0.0187,0.0274,ROTATE1
509.5538,122.5099,111.0589,0.0744,535.7124,5.5434,0.01,528.9081,14.6609,0.0483,0.000371,-0.0137,-0.0256,0.0381,ROTATE1
510.0399,143.7423,113.5096,0.076,541.929,6.2166,0.0016,531.7789,39.9718,0.0592,0.000264,-0.0133,-0.029,0.0491,ROTATE1
510.4288,170.0532,103.567,0.0658,547.8885,5.9595,0.0102,536.3882,61.0067,0.0656,0.000103,-0.0122,-0.0281,0.0572,ROTATE1
510.74,186.6676,90.2849,0.0538,551.2272,3.3387,0.0121,541.3852,59.4875,0.0669,6.4e-05,-0.0114,-0.0246,0.0602,ROTATE1
510.9889,188.4809,79.0748,0.0346,550.3522,0.8751,0.0192,545.4219,34.1137,0.0609,0.000235,-0.0103,-0.0187,0.0564,ROTATE1
511.188,176.3379,74.1692,0.0236,545.8107,4.5415,0.011,547.4415,11.2103,0.0508,0.000375,-0.0086,-0.0124,0.0483,ROTATE1
511.3473,146.8953,71.126,0.0228,536.7618,9.0489,0.0007,546.408,26.8759,0.0401,0.00029,-0.0075,-0.0084,0.0385,ROTATE1
511.4747,117.0694,68.2164,0.0194,529.1172,7.6445,0.0034,542.6538,72.1377,0.0308,0.000158,-0.0072,-0.006,0.0293,ROTATE1
511.5767,90.6586,57.5575,0.0228,522.7261,6.3912,0.0034,536.9536,104.3674,0.0247,2.7e-05,-0.0068,-0.0042,0.0231,ROTATE1
511.6582,77.9988,49.4585,0.0317,519.927,2.7991,0.0089,530.8685,89.4163,0.0241,1.7e-05,-0.0071,-0.0018,0.0224,ROTATE1
511.7234,92.5303,49.4512,0.031,522.3679,2.4409,0.0006,526.1801,37.2327,0.0256,2.4e-05,-0.0086,0.0006,0.0234,ROTATE1
511.7756,122.0305,55.5359,0.0426,529.0463,6.6785,0.0116,524.6369,14.0999,0.0295,6.5e-05,-0.0101,0.0045,0.0269,ROTATE1
511.8174,153.7056,68.5725,0.0418,538.7807,9.7344,0.0008,526.5696,46.3593,0.034,5.5e-05,-0.0108,0.0077,0.031,ROTATE1
511.8508,178.7614,90.6924,0.0329,549.7017,10.921,0.0089,531.9647,121.3164,0.036,2.6e-05,-0.0107,0.0096,0.0329,ROTATE1
511.8775,188.7716,115.0508,0.0272,557.5751,7.8734,0.0057,539.4944,166.8185,0.0351,3.7e-05,-0.0104,0.011,0.0315,ROTATE1
511.8989,198.6142,135.4906,0.03,565.5491,7.974,0.0028,548.1306,169.3406,0.0349,3.9e-05,-0.009,0.0135,0.0304,ROTATE1
511.916,205.9601,149.1613,0.0391,571.6001,6.051,0.0091,556.6414,134.2292,0.0342,3e-05,-0.0078,0.0172,0.0273,ROTATE1
511.9297,209.1025,154.729,0.0433,574.2272,2.6271,0.0043,563.7307,82.0229,0.0345,3.5e-05,-0.0063,0.0218,0.0244,ROTATE1
511.9406,209.4851,162.177,0.0488,576.4274,2.2002,0.0055,569.0758,46.3317,0.0377,6.5e-05,-0.0047,0.0282,0.0234,ROTATE1
511.9494,209.8693,163.9853,0.0514,577.0862,0.6588,0.0026,572.978,17.4847,0.0425,5.8e-05,-0.0034,0.0342,0.0246,ROTATE1
511.9564,202.4173,158.0445,0.0512,572.7567,4.3295,0.0002,574.4196,4.3788,0.0468,2.3e-05,-0.0026,0.0394,0.0247,ROTATE1
511.962,184.3558,150.1794,0.0473,564.4874,8.2693,0.004,572.9969,20.4948,0.0484,9e-06,-0.0017,0.0423,0.0227,ROTATE1
511.9665,151.1877,143.6872,0.048,552.8232,11.6642,0.0007,568.7162,83.2634,0.0493,3e-06,-0.0011,0.0446,0.0191,ROTATE1
511.9701,121.0002,138.1342,0.047,543.9076,8.9156,0.001,562.2122,152.1626,0.049,4e-06,-0.0011,0.0457,0.0145,ROTATE1
511.973,95.3564,129.6355,0.044,536.6698,7.2378,0.003,554.1289,173.0589,0.0475,5e-06,-0.0017,0.0459,0.0093,ROTATE1
511.9753,73.657,118.7271,0.0419,530.6978,5.972,0.002,545.7172,142.7061,0.0456,5e-06,-0.0041,0.0447,0.005,ROTATE1
511.9771,51.36,112.9005,0.0467,526.7873,3.9105,0.0047,538.1771,87.0573,0.0455,5e-06,-0.0088,0.0435,0.003,ROTATE1
511.9785,21.3724,117.5954,0.0516,525.7447,1.0426,0.0049,532.7614,45.7392,0.0462,1.1e-05,-0.015,0.0419,0.0038,ROTATE1
511.9797,-8.449,132.595,0.0598,528.9386,3.1939,0.0082,529.7676,14.8518,0.0488,4.1e-05,-0.0212,0.0409,0.0088,ROTATE1
511.9807,-46.4967,145.6448,0.0689,534.3207,5.3821,0.0091,529.2978,9.2491,0.0538,9.2e-05,-0.0263,0.0423,0.0156,ROTATE1
511.9814,-98.1692,152.1908,0.0703,543.0693,8.7486,0.0014,531.7721,40.6656,0.0595,8.7e-05,-0.0272,0.0436,0.0252,ROTATE1
511.9821,-54.3698,155.562,0.0855,537.8487,5.2206,0.0152,533.9844,38.1867,0.0672,0.000129,-0.0225,0.045,0.039,ROTATE1
511.9825,3.8354,149.2965,0.0818,533.3201,4.5286,0.0037,535.4995,22.401,0.0733,8.7e-05,-0.0149,0.0474,0.0497,ROTATE1
511.9829,46.2434,128.1247,0.0771,529.7932,3.5269,0.0046,535.6704,20.2751,0.0767,4.1e-05,-0.0077,0.0519,0.0526,ROTATE1
511.9832,73.8478,93.9091,0.0791,525.7369,4.0563,0.002,533.9536,36.6984,0.0788,2.6e-05,-0.0018,0.057,0.0496,ROTATE1
511.9835,99.3783,43.5961,0.0851,523.3581,2.3788,0.0059,530.0114,26.9912,0.0817,1.1e-05,0.0015,0.0647,0.0402,ROTATE1
511.9836,126.5651,-9.4325,0.0864,527.4798,4.1217,0.0013,527.9376,11.6878,0.0819,1.2e-05,0.0018,0.0726,0.0234,ROTATE1
511.9838,153.9552,-66.4085,0.0713,538.739,11.2592,0.0151,529.0214,28.0531,0.0798,3e-05,0.0022,0.0755,0.0059,ROTATE1
511.9839,174.2798,-102.7424,0.0477,550.5061,11.7671,0.0236,533.1639,103.0915,0.0739,0.0002,0.0035,0.0687,-0.0096,ROTATE1
511.984,168.3895,-82.8315,0.0483,545.2923,5.2138,0.0006,537.0751,106.1818,0.0677,0.000288,0.0044,0.0524,-0.0234,ROTATE1
511.9841,135.9772,-38.4152,0.0623,531.1245,14.1678,0.0141,538.6283,73.2199,0.0632,0.000213,0.0042,0.0307,-0.0354,ROTATE1
511.9842,104.8599,2.7554,0.0624,522.6193,8.5052,0.0001,537.6562,98.6746,0.0584,8.3e-05,0.0041,0.0109,-0.0453,ROTATE1
511.9842,78.2973,23.6418,0.0601,518.4759,4.1434,0.0023,533.6036,155.5936,0.0561,4.5e-05,0.0024,-0.0024,-0.0524,ROTATE1
511.9843,55.7191,31.5353,0.0311,515.9719,2.504,0.029,526.6968,112.9261,0.0528,0.000146,-0.0001,-0.0081,-0.0515,ROTATE1
511.9843,61.7159,47.2845,0.026,517.8538,1.882,0.005,521.2091,29.2922,0.0484,0.000265,-0.0013,-0.0086,-0.0469,ROTATE1
511.9843,82.0883,55.3026,0.0805,521.4641,3.6103,0.0544,519.277,5.9091,0.052,0.000419,-0.0005,0.0103,-0.043,ROTATE1
511.9843,73.2082,-13.1642,0.0689,517.3593,4.1048,0.0116,518.225,3.3037,0.0533,0.000453,-0.0009,0.0223,-0.041,ROTATE1
511.9844,36.9415,-56.8438,0.0467,516.4532,0.9061,0.0221,517.8204,3.7553,0.0506,0.000445,-0.0014,0.0295,-0.0349,ROTATE1
511.9844,26.3564,-84.0032,0.026,519.499,3.0458,0.0207,518.5259,3.1377,0.0496,0.000488,-0.0012,0.0318,-0.0332,ROTATE1
511.9844,11.2976,-90.6119,0.029,520.0636,0.5646,0.003,518.9678,3.325,0.0502,0.000462,0.0,0.0315,-0.0337,ROTATE1
511.9844,-2.2026,-82.1989,0.0315,518.5455,1.5181,0.0025,518.3841,1.7737,0.0404,0.000253,0.0,0.0124,-0.03,ROTATE1
511.9844,-10.5527,-73.131,0.0325,517.2886,1.257,0.001,518.3699,1.8035,0.0332,5.1e-05,-0.0,-0.0032,-0.021,ROTATE1
511.9844,-21.1515,-58.0173,0.0391,515.6951,1.5935,0.0066,518.2184,2.4767,0.0316,1.9e-05,-0.0023,-0.0177,-0.0143,ROTATE1
511.9844,-23.9087,-47.2201,0.0555,514.7129,0.9822,0.0164,517.2611,3.6901,0.0375,9.2e-05,-0.0062,-0.0296,-0.0051,ROTATE1
511.9844,-24.7332,-27.8042,0.0627,513.335,1.3779,0.0072,515.9154,3.3913,0.0443,0.000159,-0.0121,-0.0383,0.0047,ROTATE1
511.9844,-33.7366,-6.5934,0.0637,513.137,0.1979,0.0009,514.8337,2.3816,0.0507,0.00016,-0.0176,-0.0448,0.0112,ROTATE1
511.9844,-56.8674,12.7878,0.0668,515.2916,2.1546,0.0031,514.4343,1.0587,0.0576,9.9e-05,-0.0219,-0.0508,0.0143,ROTATE1
511.9844,-87.9283,36.9646,0.0624,520.7934,5.5018,0.0044,515.454,7.7887,0.0622,1.4e-05,-0.0233,-0.0552,0.0125,ROTATE1
511.9844,-122.4208,65.5717,0.0533,530.4852,9.6918,0.0091,518.6084,42.9156,0.0618,2e-05,-0.022,-0.0561,0.006,ROTATE1
511.9844,-149.6835,95.0292,0.0405,541.8152,11.33,0.0128,524.3044,112.6194,0.0573,9.1e-05,-0.0192,-0.0533,0.0011,ROTATE1
511.9844,-150.6093,115.7859,0.0282,546.093,4.2778,0.0123,530.8956,139.1808,0.0502,0.000203,-0.0153,-0.0465,0.0015,ROTATE1
511.9844,-132.5499,127.0193,0.036,543.9038,2.1891,0.0078,536.6181,91.5797,0.0441,0.00015,-0.0099,-0.0351,0.0067,ROTATE1
511.9844,-108.2306,126.3248,0.0575,538.3306,5.5732,0.0215,540.1255,29.7798,0.0431,0.000118,-0.0025,-0.0201,0.0182,ROTATE1
511.9844,-86.6813,110.6318,0.0753,530.9247,7.4059,0.0178,540.2134,28.1159,0.0475,0.000285,0.0058,-0.0026,0.032,ROTATE1
511.9844,-73.1982,85.7023,0.0874,524.2431,6.6816,0.0121,536.699,66.262,0.0569,0.000506,0.015,0.0169,0.0436,ROTATE1
511.9844,-74.5554,56.4399,0.0971,520.4536,3.7895,0.0097,531.5712,75.1004,0.0707,0.000475,0.024,0.0358,0.0513,ROTATE1
511.9844,-84.8943,20.3145,0.1009,519.3724,1.0812,0.0038,526.6649,50.3717,0.0837,0.000249,0.0308,0.0505,0.0568,ROTATE1
511.9844,-96.128,-14.9484,0.0979,521.145,1.7725,0.003,523.2277,17.4342,0.0917,8.8e-05,0.0329,0.06,0.0601,ROTATE1
511.9844,-104.9336,-47.1119,0.0936,524.7462,3.6013,0.0043,521.9921,4.5199,0.0954,2.1e-05,0.0314,0.0643,0.0622,ROTATE1
511.9844,-100.5688,-72.6458,0.0854,526.8012,2.055,0.0082,522.5037,7.8703,0.095,2.8e-05,0.027,0.0625,0.0649,ROTATE1
498.1938,-87.5332,-88.8885,0.071,513.5759,13.2253,0.0144,521.1281,21.0786,0.0898,0.000115,0.0194,0.0556,0.0664,ROTATE1
454.7113,-68.4921,-96.0202,0.0524,469.7589,43.8171,0.0186,511.2054,449.7628,0.0801,0.000275,0.0093,0.0454,0.0632,ROTATE1
389.6159,-47.3937,-89.8411,0.0404,402.6389,67.1199,0.012,487.5042,2225.5933,0.0686,0.000395,0.0009,0.0334,0.0569,ROTATE1
310.7115,-44.1493,-66.0479,0.0327,320.7072,81.9318,0.0076,446.6964,5847.1738,0.0564,0.000378,-0.0052,0.0215,0.0489,ROTATE1
244.8098,-39.8195,-33.6477,0.0601,250.299,70.4082,0.0274,391.396,9220.0684,0.0513,0.000186,-0.0126,0.0133,0.046,ROTATE1
236.1197,-26.6462,3.1975,0.071,237.64,12.659,0.0109,336.2088,7917.0366,0.0513,0.000186,-0.016,0.0075,0.0476,ROTATE1
241.1927,0.9174,37.6767,0.087,244.1194,6.4794,0.016,291.0809,4009.478,0.0583,0.000393,-0.0151,0.0039,0.0555,ROTATE1
261.076,49.9527,66.532,0.0929,274.0118,29.8924,0.0059,265.3555,916.9122,0.0688,0.000459,-0.0129,0.0037,0.0666,ROTATE1
311.2577,78.4746,76.2037,0.0725,329.9191,55.9073,0.0204,267.1979,1134.4485,0.0767,0.000139,-0.0107,0.0074,0.0745,ROTATE1
351.403,72.8547,67.1942,0.0599,365.1122,35.1931,0.0125,290.1605,2467.4966,0.0767,0.00014,-0.005,0.0129,0.0733,ROTATE1
383.5193,54.4494,46.2773,0.0626,390.1197,25.0074,0.0026,320.6564,2984.1792,0.075,0.000171,-0.0017,0.0209,0.0676,ROTATE1
409.2123,38.7408,26.2499,0.0667,411.8794,21.7597,0.0041,354.2084,2351.1836,0.0709,0.000139,0.0001,0.0309,0.0589,ROTATE1
429.7667,30.2895,10.2937,0.0691,430.9557,19.0763,0.0024,385.5972,1257.6565,0.0662,2e-05,0.0003,0.0407,0.0495,ROTATE1
446.2103,23.1003,-1.9307,0.0709,446.812,15.8563,0.0018,408.9758,840.5385,0.0658,1.6e-05,-0.0005,0.0481,0.0446,ROTATE1
459.3651,16.1647,-17.0102,0.0768,459.9641,13.1521,0.006,427.9462,615.822,0.0692,2.2e-05,-0.0016,0.0528,0.0446,ROTATE1
469.889,12.6692,-41.855,0.0848,471.9195,11.9554,0.0079,444.3062,448.7351,0.0737,4.2e-05,-0.0013,0.0559,0.0479,ROTATE1
478.3081,19.9041,-69.634,0.0897,483.7599,11.8404,0.005,458.6822,343.084,0.0783,6.3e-05,-0.0002,0.0583,0.052,ROTATE1
485.0433,36.8014,-98.9635,0.0933,496.4022,12.6423,0.0036,471.7715,302.5612,0.0831,6.8e-05,0.0024,0.0601,0.0569,ROTATE1
490.4315,63.4036,-123.7551,0.0911,509.7631,13.3609,0.0022,484.3618,308.124,0.0871,3.4e-05,0.005,0.0602,0.0622,ROTATE1
494.7421,93.4479,-138.9854,0.079,522.321,12.5579,0.0121,496.8332,321.7198,0.0876,2.6e-05,0.0057,0.0578,0.0651,ROTATE1
498.1906,73.6896,-171.0195,0.0788,531.8568,9.5358,0.0002,508.8206,299.2141,0.0864,3.8e-05,0.0072,0.0599,0.0593,ROTATE1
411.0618,25.7142,-188.7188,0.0691,453.0428,78.814,0.0098,502.6772,758.0966,0.0823,7.9e-05,0.0069,0.0456,0.0329,ROTATE1
321.262,7.0182,-148.1688,0.0264,353.8538,99.1891,0.0427,474.1675,4367.1021,0.0689,0.0005,0.005,0.0283,0.0182,ROTATE1
273.3471,27.8052,-116.6007,0.0204,298.4752,55.3785,0.006,431.91,8501.5449,0.0548,0.000671,0.0046,0.0137,0.0051,ROTATE1
260.6214,54.6035,-99.8805,0.0186,284.3962,14.079,0.0018,384.325,8954.4463,0.0427,0.000668,0.0062,0.0024,-0.0046,ROTATE1
288.5659,83.2297,-90.97,0.0213,313.804,29.4079,0.0026,340.7144,3694.0757,0.0312,0.000366,0.0056,-0.0117,-0.0062,ROTATE1
333.2496,111.84,-95.226,0.0284,364.186,50.382,0.0071,322.9431,964.9026,0.023,1.4e-05,0.0038,-0.0055,0.0108,ROTATE1
368.9966,137.7658,-103.7933,0.0309,407.3217,43.1356,0.0026,333.6367,2083.4053,0.0239,2.3e-05,0.0008,0.0048,0.0139,ROTATE1
397.5941,158.2407,-100.9065,0.0264,439.6628,32.3411,0.0046,361.8741,3287.0918,0.0251,2.1e-05,-0.0052,0.0102,0.0142,ROTATE1
420.4722,190.5738,-87.0502,0.0308,469.7797,30.117,0.0044,398.9509,3040.5659,0.0275,1.3e-05,-0.0129,0.0101,0.0123,ROTATE1
438.7746,217.0028,-80.1402,0.0252,496.02,26.2403,0.0056,435.394,2146.949,0.0283,5e-06,-0.0188,0.0074,0.0087,ROTATE1
453.4166,244.546,-84.684,0.0218,522.0735,26.0535,0.0034,466.9715,1638.3606,0.027,1.2e-05,-0.0201,-0.0005,0.0068,ROTATE1
465.1302,263.2431,-93.7191,0.0179,542.6106,20.5371,0.0038,494.0293,1338.869,0.0244,1.9e-05,-0.0178,-0.0091,0.0043,ROTATE1
474.501,265.2289,-105.4128,0.0195,553.7232,11.1126,0.0015,516.8414,940.0051,0.023,2.1e-05,-0.0125,-0.0138,0.0003,ROTATE1
481.9977,241.4237,-110.8458,0.0308,550.3581,3.3651,0.0114,532.9571,462.0033,0.023,2.1e-05,-0.0058,-0.0167,-0.0048,ROTATE1
487.995,222.1702,-111.6204,0.0307,547.6841,2.674,0.0002,543.2899,125.7439,0.0241,3.1e-05,-0.0007,-0.0198,-0.0081,ROTATE1
492.7929,191.3331,-135.2745,0.0635,545.6669,2.0172,0.0328,548.0086,14.5808,0.0325,0.00027,0.0038,-0.0252,-0.0184,ROTATE1
496.6312,151.6196,-105.5321,0.0766,529.8755,15.7914,0.013,545.4615,68.0273,0.0442,0.000479,0.0068,-0.03,-0.031,ROTATE1
499.7019,130.1644,-85.1632,0.0623,523.3522,6.5234,0.0143,539.3873,115.2455,0.0528,0.000348,0.0082,-0.0342,-0.0385,ROTATE1
502.1584,119.994,-88.7087,0.0517,523.8615,0.5093,0.0106,534.088,111.302,0.057,0.000235,0.0103,-0.0357,-0.0422,ROTATE1
504.1236,123.0109,-91.2732,0.0598,526.8805,3.019,0.0081,529.9274,67.4097,0.0628,6.5e-05,0.0116,-0.0379,-0.0484,ROTATE1
505.6958,95.8399,-88.1467,0.0615,522.1909,4.6896,0.0017,525.2321,7.7881,0.0624,6.5e-05,0.0101,-0.0357,-0.0499,ROTATE1
506.9535,62.7032,-86.9236,0.0601,518.1595,4.0314,0.0014,522.8889,7.9896,0.0591,1.4e-05,0.0084,-0.0336,-0.0475,ROTATE1
507.9597,37.0907,-75.8201,0.0616,514.9247,3.2347,0.0016,521.2034,17.7914,0.0589,1.4e-05,0.007,-0.0328,-0.0481,ROTATE1
508.7646,13.9475,-65.4874,0.0565,513.1516,1.7731,0.0051,519.0614,24.7566,0.0599,3e-06,0.004,-0.0336,-0.0492,ROTATE1
509.4086,8.858,-57.768,0.0418,512.7502,0.4014,0.0148,516.2354,12.5089,0.0563,5.6e-05,0.0016,-0.0324,-0.0455,ROTATE1
509.9238,24.5708,-46.0332,0.0365,512.5866,0.1636,0.0053,514.3146,4.3883,0.0513,0.000104,0.0008,-0.032,-0.039,ROTATE1
510.3359,43.7785,-38.6734,0.0382,513.6681,1.0815,0.0017,513.4163,0.7082,0.0469,0.000104,-0.0017,-0.0322,-0.0326,ROTATE1
502.475,46.2291,-47.8012,0.0446,506.8562,6.8119,0.0065,511.8026,6.2559,0.0435,5e-05,-0.0044,-0.0331,-0.0267,ROTATE1
464.0206,45.7739,-55.3816,0.0462,469.5503,37.3059,0.0016,503.0823,286.8993,0.0415,1.4e-05,-0.0058,-0.034,-0.0226,ROTATE1
378.2134,54.3691,-50.4678,0.0426,385.4197,84.1306,0.0036,477.6161,2388.5793,0.0416,1.4e-05,-0.0057,-0.0349,-0.0215,ROTATE1
235.502,78.8109,-49.1086,0.0309,253.1481,132.2716,0.0117,425.7285,9528.8408,0.0405,3e-05,-0.0056,-0.0347,-0.0188,ROTATE1
86.0016,123.3769,-64.8463,0.0342,163.7778,89.3704,0.0033,355.7504,16808.8691,0.0397,3.7e-05,-0.0049,-0.0344,-0.0116,ROTATE1
-33.5987,179.1171,-93.627,0.0445,204.8849,41.1071,0.0103,295.3561,13146.8955,0.0397,3.6e-05,-0.0025,-0.0343,-0.0018,ROTATE1
-122.1446,210.6812,-116.7954,0.038,270.0871,65.2021,0.0065,255.4635,5614.458,0.038,2.6e-05,0.0004,-0.0341,0.0037,ROTATE1
-123.0438,199.1793,-120.705,0.046,263.4044,6.6826,0.008,231.0605,1653.8385,0.0387,3.4e-05,0.0039,-0.0329,0.002,ROTATE1
3.9618,143.6685,-129.3234,0.0662,193.3413,70.0631,0.0201,219.0991,1697.738,0.0458,0.000123,0.007,-0.032,-0.0088,ROTATE1
105.5663,78.8629,-127.3369,0.077,183.2438,10.0975,0.0109,222.9923,1327.6121,0.0543,0.000218,0.0101,-0.0321,-0.0259,ROTATE1
171.1468,40.6153,-116.1039,0.0696,210.7628,27.519,0.0074,224.1679,1290.5669,0.0594,0.00022,0.0113,-0.0324,-0.0428,ROTATE1
209.0112,37.6954,-97.5331,0.0649,233.7078,22.945,0.0047,216.892,834.1163,0.0648,0.000105,0.0108,-0.0337,-0.053,ROTATE1
208.6996,53.2532,-75.0702,0.0672,228.0942,5.6136,0.0023,209.83,376.6609,0.069,1.9e-05,0.008,-0.0365,-0.057,ROTATE1
185.4472,65.9057,-54.9031,0.0707,204.3246,23.7696,0.0035,212.0266,323.5221,0.0699,1.7e-05,0.0052,-0.0397,-0.0566,ROTATE1
185.0046,57.5402,-40.7756,0.0742,197.9905,6.3342,0.0035,214.976,188.5355,0.0693,1e-05,0.0028,-0.0416,-0.0551,ROTATE1
190.1256,26.6853,-24.433,0.0766,193.5376,4.4529,0.0023,211.531,265.0378,0.0707,1.8e-05,0.0011,-0.0437,-0.0554,ROTATE1
198.863,-7.2768,-5.7151,0.066,199.0781,5.5405,0.0106,204.605,149.7213,0.0709,1.6e-05,-0.0002,-0.045,-0.0544,ROTATE1
208.9435,-31.2933,7.2435,0.0505,211.398,12.3199,0.0155,201.2658,37.4514,0.0676,8.6e-05,-0.0008,-0.0448,-0.0493,ROTATE1
248.3798,-31.094,12.0292,0.0338,250.6074,39.2094,0.0167,210.5223,436.8156,0.0602,0.000258,-0.0005,-0.0431,-0.0389,ROTATE1
301.1007,-26.5065,-0.4829,0.019,302.2655,51.6581,0.0148,231.3773,1653.8379,0.0491,0.000437,0.0015,-0.038,-0.0251,ROTATE1
343.2774,-25.6958,-27.7801,0.0163,345.3569,43.0914,0.0026,261.7412,3043.7744,0.0371,0.000357,0.0041,-0.0299,-0.0113,ROTATE1
377.0188,-32.0785,-60.3772,0.0154,383.1679,37.811,0.0009,298.5591,3851.7683,0.027,0.000182,0.0068,-0.0208,-0.0008,ROTATE1
404.012,-37.7284,-85.4674,0.017,414.6731,31.5052,0.0016,339.2142,3376.0149,0.0203,4.7e-05,0.0091,-0.0136,0.0064,ROTATE1
425.6064,-52.6578,-103.6395,0.0209,441.1971,26.524,0.0039,377.3321,2432.908,0.0177,4e-06,0.0102,-0.0094,0.0101,ROTATE1
442.882,-77.445,-123.1335,0.0308,466.1589,24.9618,0.0099,410.1108,1809.5076,0.0201,3.2e-05,0.0112,-0.0083,0.0139,ROTATE1
456.7025,-98.2278,-152.2693,0.0377,491.3368,25.1779,0.0069,439.3067,1438.0237,0.0243,7.3e-05,0.0122,-0.0073,0.0189,ROTATE1
467.7589,-102.0698,-194.3717,0.0329,516.7175,25.3808,0.0048,466.0167,1292.7761,0.0278,5.9e-05,0.0125,-0.0068,0.023,ROTATE1
476.604,-105.5183,-229.2099,0.0202,539.2798,22.5623,0.0127,490.938,1217.9675,0.0285,4.7e-05,0.0113,-0.0082,0.0234,ROTATE1
483.6801,-109.699,-243.0866,0.073,552.3327,13.0529,0.0528,513.1652,982.9518,0.0389,0.000323,0.0093,-0.0191,0.0266,ROTATE1
489.3409,-72.1999,-168.2662,0.0829,522.4757,29.857,0.0099,524.4285,431.5081,0.0493,0.000588,0.0044,-0.0323,0.0277,ROTATE1
472.1915,-7.8286,-114.2536,0.0944,485.8806,36.5951,0.0114,523.3373,508.4926,0.0607,0.000837,-0.0,-0.0475,0.0316,ROTATE1
455.422,44.684,-71.2497,0.091,463.1224,22.7582,0.0033,512.6183,1109.9968,0.0723,0.000732,-0.0024,-0.0611,0.037,ROTATE1
466.7345,72.7409,-48.181,0.078,474.8196,11.6972,0.013,499.7262,1087.3718,0.0839,6.3e-05,-0.0022,-0.0694,0.0451,ROTATE1
356.4751,123.349,-79.2105,0.0866,385.4397,89.3799,0.0086,466.3476,2032.0338,0.0866,3.3e-05,0.0017,-0.0605,0.0555,ROTATE1
377.7769,134.8386,-77.5059,0.0804,408.5388,23.0992,0.0062,443.5602,1551.0676,0.0861,3.8e-05,0.006,-0.0539,0.0626,ROTATE1
401.3122,137.0115,-53.5734,0.0745,427.4268,18.888,0.0058,431.8695,1108.2483,0.0821,3.5e-05,0.0091,-0.0481,0.0631,ROTATE1
423.4466,119.5436,-18.6713,0.0749,440.3934,12.9665,0.0004,427.3237,906.7663,0.0789,1.9e-05,0.0102,-0.0452,0.0615,ROTATE1
441.1542,95.9661,21.4661,0.0819,451.9815,11.5882,0.007,422.756,556.3319,0.0797,2e-05,0.0086,-0.0465,0.0613,ROTATE1
455.3202,74.5666,65.2729,0.0827,465.9799,13.9983,0.0008,438.8641,392.0204,0.0789,1.2e-05,0.0033,-0.0546,0.0557,ROTATE1
466.6531,59.4158,96.4464,0.0767,480.2054,14.2256,0.006,453.1974,344.4734,0.0782,1.2e-05,-0.0005,-0.0558,0.0539,ROTATE1
475.7194,56.8951,109.3822,0.0682,491.4371,11.2317,0.0085,465.9995,340.2114,0.0769,2.8e-05,-0.0039,-0.0521,0.055,ROTATE1
482.9724,56.3411,95.3057,0.0562,495.4996,4.0625,0.012,477.0207,261.6607,0.0731,9.9e-05,-0.0064,-0.0414,0.0562,ROTATE1
488.7748,41.8604,54.7821,0.0461,493.6134,1.8862,0.0101,485.3471,122.0038,0.066,0.000178,-0.0066,-0.0264,0.0546,ROTATE1
493.4167,16.5039,15.3632,0.0619,493.9316,0.3183,0.0158,490.9374,30.473,0.0618,0.000108,-0.0058,-0.0085,0.055,ROTATE1
497.1302,-1.1937,-8.4438,0.0679,497.2034,3.2717,0.006,494.337,3.733,0.0601,6.8e-05,-0.0048,0.0075,0.0554,ROTATE1
500.1011,-10.0987,-10.2519,0.0779,500.3081,3.1047,0.01,496.1112,6.0341,0.062,0.000115,-0.0034,0.0216,0.0565,ROTATE1
502.4778,0.3054,-2.5484,0.0911,502.4843,2.1762,0.0132,497.5081,12.1311,0.069,0.000228,-0.0009,0.0314,0.061,ROTATE1
504.3791,48.9943,18.0769,0.1145,507.0754,4.5911,0.0234,500.2006,20.1546,0.0827,0.000351,0.0022,0.0387,0.0727,ROTATE1
505.9001,138.4986,45.5428,0.1108,526.4893,19.4138,0.0037,506.7121,108.1139,0.0924,0.000328,0.0085,0.0409,0.0817,ROTATE1
507.117,213.1957,74.2123,0.0927,555.0923,28.6031,0.0181,518.2899,424.1154,0.0974,0.000183,0.0153,0.0428,0.0851,ROTATE1
508.0905,272.9535,90.1324,0.0726,583.7665,28.6742,0.0201,534.9816,938.2723,0.0964,0.000228,0.0214,0.0445,0.0806,ROTATE1
508.8693,320.7596,88.9403,0.0752,608.0667,24.3001,0.0026,556.098,1349.4385,0.0932,0.000302,0.0256,0.0492,0.0663,ROTATE1
509.4923,355.5483,55.4897,0.0863,623.7596,15.693,0.0111,579.4349,1239.8049,0.0875,0.000189,0.0277,0.0551,0.0403,ROTATE1
509.9907,368.045,12.9761,0.0891,629.0596,5.3,0.0028,599.9489,750.8527,0.0832,6.2e-05,0.0215,0.0636,0.0127,ROTATE1
510.3895,369.7704,-11.5722,0.091,630.3661,1.3065,0.002,615.0037,306.8243,0.0828,5.6e-05,0.0091,0.0707,-0.011,ROTATE1
510.7085,361.5694,-1.6171,0.1009,625.7461,4.62,0.0099,623.3996,64.2606,0.0885,6.9e-05,-0.0062,0.0755,-0.0302,ROTATE1
510.9637,351.2711,24.3563,0.1188,620.5389,5.2072,0.0178,625.894,12.6551,0.0972,0.00014,-0.0201,0.0766,-0.0478,ROTATE1
511.1678,319.5857,46.96,0.1593,604.6758,15.8631,0.0405,622.0773,87.2193,0.1118,0.000674,-0.0304,0.0777,-0.0688,ROTATE1
510.5718,239.2623,57.7118,0.2189,566.7986,37.8772,0.0596,609.6251,533.5584,0.1378,0.002189,-0.033,0.082,-0.0999,ROTATE1
428.7824,105.7036,53.0319,0.2584,444.7921,122.0065,0.0395,572.5103,4503.9941,0.1713,0.003543,-0.0271,0.0895,-0.1382,ROTATE1
295.1479,-17.8371,27.5974,0.2659,296.9714,147.8207,0.0075,506.7554,14797.8066,0.2043,0.003258,-0.0142,0.1009,-0.1741,ROTATE1
205.5652,-116.6697,7.3654,0.2077,236.4807,60.4908,0.0583,429.9437,20918.1211,0.222,0.001482,-0.0015,0.1068,-0.1933,ROTATE1
227.0303,-195.7358,26.5423,0.1144,300.9314,64.4508,0.0932,369.1948,14450.2715,0.2131,0.00293,0.0078,0.1063,-0.1826,ROTATE1
284.0211,-213.3636,46.2495,0.0878,358.2332,57.3018,0.0266,327.4818,4924.874,0.1868,0.005376,0.0135,0.1032,-0.145,ROTATE1
329.6137,-158.794,36.134,0.1162,367.6499,9.4167,0.0284,312.0533,2257.189,0.1584,0.00454,0.0158,0.1027,-0.0913,ROTATE1
366.0879,-90.7915,3.6728,0.1292,377.1961,9.5463,0.0131,328.0982,2802.9736,0.131,0.001649,0.0133,0.1012,-0.0372,ROTATE1
395.2672,-20.8675,-32.993,0.1197,397.1903,19.9942,0.0096,360.2402,1045.8557,0.1135,0.000191,0.0092,0.1035,0.0037,ROTATE1
418.6107,6.5278,-62.5507,0.0989,423.3085,26.1182,0.0207,384.7156,538.8262,0.1104,0.000224,0.0051,0.107,0.0207,ROTATE1
437.2854,4.1035,-82.6343,0.078,445.0436,21.7351,0.0209,402.0777,825.0135,0.1084,0.000327,0.0018,0.1052,0.0205,ROTATE1
430.419,1.9891,-89.0887,0.0513,439.5466,5.4969,0.0268,416.457,661.9773,0.0954,0.000799,-0.0016,0.0933,0.014,ROTATE1
407.5289,10.5975,-79.9584,0.037,415.4341,24.1125,0.0143,424.1046,295.4173,0.077,0.000914,-0.0048,0.0754,0.0085,ROTATE1
369.5513,25.5999,-59.7449,0.0235,375.2239,40.2102,0.0135,419.7113,609.106,0.0577,0.000751,-0.0088,0.054,0.005,ROTATE1
398.0379,-41.1638,11.7791,0.0472,400.3341,25.1102,0.0238,415.1165,660.5005,0.0474,0.000327,-0.0102,0.0332,-0.0053,ROTATE1
399.821,-14.5248,-13.1423,0.0864,400.3005,0.0336,0.0391,406.1678,445.1987,0.0491,0.00044,-0.0093,0.0328,-0.0124,ROTATE1
422.2537,-10.348,-17.8482,0.0859,422.7574,22.4568,0.0005,402.81,266.1375,0.056,0.000662,-0.0084,0.0392,-0.0176,ROTATE1
440.1998,-10.3815,-33.563,0.0679,441.5995,18.8421,0.018,408.0431,507.8041,0.0622,0.00058,-0.0063,0.0459,-0.0228,ROTATE1
454.5568,-25.5052,-36.8723,0.0549,456.7624,15.1629,0.013,424.3508,501.1574,0.0685,0.000252,-0.0036,0.0544,-0.0276,ROTATE1
466.0423,-33.826,-31.2884,0.0458,468.3146,11.5522,0.0091,437.9469,587.507,0.0682,0.000264,-0.0042,0.0643,-0.0196,ROTATE1
475.2307,-37.9796,-27.7995,0.0425,477.5557,9.2411,0.0033,453.3979,379.0945,0.0594,0.000253,-0.0066,0.0572,-0.0106,ROTATE1
482.5815,-37.4243,-43.2552,0.0373,485.9593,8.4036,0.0052,466.0383,243.5951,0.0497,0.000116,-0.0106,0.0462,-0.0037,ROTATE1
488.462,-58.2144,-73.4229,0.0293,497.3681,11.4088,0.008,477.192,196.0495,0.042,7.3e-05,-0.0133,0.0379,-0.0002,ROTATE1
493.1665,-97.7653,-111.1696,0.0263,514.9077,17.5396,0.003,488.8211,261.8351,0.0362,5.6e-05,-0.0151,0.0309,0.0055,ROTATE1
496.9301,-133.5122,-135.8607,0.025,532.1871,17.2794,0.0013,501.5956,390.667,0.0321,4.6e-05,-0.0158,0.0253,0.0088,ROTATE1
499.9409,-151.1785,-155.4792,0.0204,544.9493,12.7621,0.0045,515.0743,469.3167,0.0277,3.1e-05,-0.0161,0.0174,0.011,ROTATE1
502.3496,-165.9897,-160.6864,0.0236,552.9266,7.9774,0.0032,528.4678,406.9553,0.0249,9e-06,-0.0153,0.009,0.0078,ROTATE1
504.2766,-176.598,-143.6648,0.0265,553.2823,0.3557,0.0029,539.6506,211.6131,0.0244,5e-06,-0.0142,0.0008,0.0031,ROTATE1
505.8182,-157.244,-141.5631,0.028,548.2863,4.996,0.0015,546.3263,59.5208,0.0247,7e-06,-0.0092,-0.0043,-0.0045,ROTATE1
507.0514,-140.5765,-160.5849,0.0413,550.1367,1.8505,0.0133,549.9162,9.5538,0.028,5.1e-05,0.0009,-0.0042,-0.0097,ROTATE1
508.038,-104.7112,-214.9023,0.0586,561.4713,11.3346,0.0173,553.2206,20.4045,0.0356,0.000169,0.0138,0.0012,-0.0102,ROTATE1
508.8273,-60.0627,-274.0843,0.0535,581.0636,19.5923,0.0051,558.848,143.7657,0.0416,0.000169,0.0258,0.0078,-0.0037,ROTATE1
509.4587,-49.9595,-317.1768,0.0394,602.2004,21.1368,0.0141,568.6317,417.7362,0.0442,0.000118,0.0326,0.0101,0.0061,ROTATE1
509.9639,-72.1614,-326.8165,0.0325,609.9831,7.7827,0.007,580.9711,524.6774,0.0451,9.2e-05,0.0311,0.0065,0.0148,ROTATE1
510.368,-112.9354,-301.8313,0.047,603.5992,6.3839,0.0145,591.6635,322.604,0.0462,8.9e-05,0.0216,-0.0053,0.021,ROTATE1
510.6913,-143.3139,-260.7401,0.0531,591.0413,12.5579,0.0061,597.5775,105.3922,0.0451,6.6e-05,0.0075,-0.0204,0.0209,ROTATE1
510.9499,-142.4011,-241.7702,0.0533,582.9243,8.1171,0.0002,597.9496,93.6554,0.045,6.5e-05,-0.0052,-0.0329,0.0192,ROTATE1
511.1568,-104.6365,-253.7568,0.0633,580.1918,2.7324,0.01,593.548,133.7346,0.0498,0.000103,-0.016,-0.0422,0.0183,ROTATE1
510.1223,-49.8311,-279.4335,0.0711,583.7731,3.5812,0.0077,588.306,71.3427,0.0575,7.3e-05,-0.0225,-0.0495,0.0177,ROTATE1
470.8229,-12.9149,-281.0218,0.0947,548.4653,35.3077,0.0237,577.2792,220.4311,0.0671,0.000236,-0.0256,-0.0592,0.0146,ROTATE1
423.7739,7.2868,-247.6956,0.1135,490.9079,57.5575,0.0188,557.2524,1273.4835,0.0792,0.000481,-0.0279,-0.0714,0.0124,ROTATE1
423.3066,36.7764,-198.2065,0.1121,468.8569,22.0509,0.0013,534.439,2183.9756,0.0909,0.000426,-0.0303,-0.0826,0.0158,ROTATE1
441.0422,88.8867,-146.4058,0.1073,473.1318,4.2749,0.0049,513.027,2058.5513,0.0997,0.00025,-0.0307,-0.0911,0.0195,ROTATE1
455.2307,140.1937,-107.584,0.095,488.3273,15.1955,0.0123,493.9378,815.1696,0.1045,6.7e-05,-0.0302,-0.0953,0.0234,ROTATE1
466.5814,195.455,-76.8953,0.0955,511.6774,23.3501,0.0004,486.5803,229.3246,0.1047,6.4e-05,-0.0281,-0.0943,0.0313,ROTATE1
475.662,241.5171,-49.6913,0.0811,535.7743,24.0969,0.0144,495.5536,629.0696,0.0982,0.000118,-0.0217,-0.0878,0.0365,ROTATE1
482.9265,227.2325,-43.4749,0.0486,535.4836,0.2907,0.0325,508.8788,627.8447,0.0855,0.000409,-0.0126,-0.0771,0.0291,ROTATE1
488.7381,188.6391,-78.5237,0.0252,529.7316,5.752,0.0234,520.1989,331.1004,0.0691,0.000771,-0.0049,-0.0626,0.018,ROTATE1
493.3874,155.4831,-113.0314,0.012,529.5113,0.2203,0.0132,528.4357,77.4409,0.0525,0.001012,0.0008,-0.0481,0.01,ROTATE1
497.1068,129.0365,-129.6345,0.0182,529.6892,0.1779,0.0062,532.038,8.6105,0.037,0.000639,0.0037,-0.0343,0.0004,ROTATE1
500.0823,95.2292,-123.0795,0.0276,523.7361,5.9531,0.0094,529.6304,13.8061,0.0263,0.000154,0.0027,-0.0239,-0.0071,ROTATE1
502.4627,61.0146,-94.5355,0.0301,514.9064,8.8297,0.0025,525.5149,33.3764,0.0226,4.4e-05,-0.0001,-0.0204,-0.0083,ROTATE1
495.9639,42.0804,-68.6753,0.0297,502.4612,12.4452,0.0005,520.0609,106.3679,0.0235,5.2e-05,-0.0016,-0.0221,-0.0045,ROTATE1
497.2899,30.3644,-55.0652,0.0281,501.2498,1.2114,0.0015,514.4086,127.3281,0.0267,1.9e-05,-0.0015,-0.0249,-0.0014,ROTATE1
486.2569,19.0102,-49.2147,0.024,489.1107,12.1392,0.0041,506.2928,142.7601,0.0279,5e-06,0.0006,-0.0253,0.0031,ROTATE1
462.4899,2.7207,-68.1186,0.0298,467.4874,21.6233,0.0057,495.0431,256.5224,0.0283,5e-06,0.0046,-0.0172,0.0093,ROTATE1
471.0232,-21.7828,-121.2605,0.0554,486.869,19.3816,0.0256,489.4356,159.5318,0.0334,0.000125,0.0093,-0.0021,0.0151,ROTATE1
459.7842,-13.0669,-61.7959,0.1443,464.1023,22.7667,0.089,481.7638,195.0975,0.0563,0.002058,0.007,-0.0231,0.0245,ROTATE1
470.2242,52.7559,-24.4805,0.1047,473.8073,9.7049,0.0396,476.2753,101.6945,0.0716,0.002134,0.006,-0.0365,0.0319,ROTATE1
478.5763,86.3453,-5.2344,0.0838,486.3314,12.5241,0.021,475.7195,88.6611,0.0836,0.001567,0.0061,-0.0472,0.0377,ROTATE1
485.2579,116.6013,4.0562,0.0645,499.0867,12.7554,0.0193,482.0393,144.3728,0.0906,0.001011,0.0056,-0.0605,0.0413,ROTATE1
490.6032,145.506,-0.7738,0.0464,511.7266,12.6399,0.0181,487.0108,291.2587,0.0888,0.00115,0.0031,-0.0765,0.0427,ROTATE1
494.8795,162.2923,-13.7815,0.0234,520.9937,9.2671,0.023,498.3892,287.8002,0.0646,0.000801,0.0055,-0.0539,0.0342,ROTATE1
498.3005,169.0182,-26.9752,0.0172,526.8759,5.8821,0.0063,509.0029,216.594,0.0471,0.000621,0.0041,-0.0382,0.0244,ROTATE1
501.0373,147.0083,-42.6895,0.0232,523.9009,2.9749,0.0061,516.5168,101.7263,0.035,0.000318,-0.0004,-0.0263,0.0131,ROTATE1
503.2267,101.1879,-66.7985,0.0347,517.6274,6.2736,0.0115,520.2249,27.4615,0.029,0.000108,-0.0048,-0.0171,-0.0012,ROTATE1
504.9782,40.416,-98.7419,0.0326,516.1264,1.501,0.0021,521.1049,15.6025,0.0262,4.2e-05,-0.0074,-0.01,-0.0136,ROTATE1
506.3795,-25.2922,-141.3467,0.0124,526.3447,10.2183,0.0202,522.175,19.946,0.024,7.4e-05,-0.0075,-0.005,-0.0182,ROTATE1
507.5005,-78.5619,-174.3398,0.0103,542.3312,15.9865,0.0021,525.2661,87.2256,0.0227,0.0001,-0.0042,-0.0007,-0.0189,ROTATE1
508.3973,-113.9308,-195.1813,0.0169,556.3665,14.0353,0.0066,531.7592,238.1392,0.0214,0.000105,-0.0003,0.0034,-0.0135,ROTATE1
509.1147,-155.5384,-244.7356,0.0244,585.9057,29.5392,0.0075,545.4149,598.088,0.0193,6.8e-05,0.0029,0.0062,-0.0026,ROTATE1
509.6887,-160.5495,-219.201,0.0358,577.5879,8.3178,0.0114,557.7072,482.4443,0.02,8.6e-05,0.0062,0.0081,0.0103,ROTATE1
510.1478,-150.8052,-190.3327,0.0422,564.9952,12.5927,0.0065,565.4373,236.592,0.0259,0.000138,0.0074,0.0091,0.0207,ROTATE1
510.5151,-124.5254,-169.2787,0.0534,552.0757,12.9195,0.0112,567.3862,161.7217,0.0346,0.000166,0.0066,0.0096,0.032,ROTATE1
510.809,-79.2766,-147.8417,0.058,537.6502,14.4255,0.0046,563.6429,300.2689,0.0428,0.000147,0.0054,0.0108,0.0406,ROTATE1
511.0441,-7.1681,-119.1921,0.0645,524.8087,12.8415,0.0065,551.4235,353.4483,0.0508,0.000109,0.0034,0.0128,0.0485,ROTATE1
511.2321,62.1467,-111.6537,0.0668,526.9602,2.1515,0.0023,541.298,233.698,0.057,7.7e-05,0.001,0.0149,0.0548,ROTATE1
511.3826,108.4986,-119.9354,0.0672,536.3475,9.3873,0.0004,535.5685,93.4606,0.062,2.9e-05,0.0001,0.0169,0.0595,ROTATE1
511.503,121.2208,-135.0577,0.066,542.7433,6.3959,0.0012,533.702,45.775,0.0645,1.1e-05,0.0009,0.0189,0.0616,ROTATE1
511.5992,126.7548,-147.9056,0.0646,547.4273,4.684,0.0014,535.6574,76.5105,0.0658,1e-06,0.0032,0.0198,0.0625,ROTATE1
511.6763,128.1163,-151.987,0.0583,548.9321,1.5048,0.0063,540.4821,64.9376,0.0646,1.1e-05,0.0064,0.0185,0.0613,ROTATE1
496.7317,127.3743,-147.8896,0.0538,533.702,15.23,0.0045,541.8304,35.7451,0.062,2.6e-05,0.0094,0.016,0.0588,ROTATE1
433.0041,119.6744,-139.746,0.0431,470.4715,63.2305,0.0107,528.6552,874.5659,0.0572,6.9e-05,0.0118,0.0121,0.0541,ROTATE1
330.6064,102.7583,-127.075,0.0331,368.7925,101.679,0.01,493.8651,4735.7349,0.0506,0.000126,0.0132,0.0069,0.0474,ROTATE1
188.6914,77.5348,-110.1225,0.024,231.8255,136.9671,0.0091,430.7447,13910.7246,0.0424,0.000162,0.0134,0.0004,0.0386,ROTATE1
48.5531,57.7966,-91.0636,0.0194,118.2811,113.5443,0.0046,344.6145,23225.3652,0.0347,0.000158,0.0121,-0.0055,0.0293,ROTATE1
-63.5575,54.1435,-73.079,0.0198,110.9577,7.3234,0.0005,260.0657,19845.1367,0.0279,8.2e-05,0.01,-0.011,0.0195,ROTATE1
-153.246,52.4742,-49.7257,0.0267,169.4418,58.4841,0.0068,199.8597,9008.7949,0.0246,2.5e-05,0.007,-0.0162,0.0101,ROTATE1
-224.9968,47.6731,-25.1306,0.0386,231.3609,61.919,0.0119,172.3734,2744.1035,0.0257,4.9e-05,0.0026,-0.0217,0.001,ROTATE1
-282.3975,32.2822,-0.142,0.0444,284.2367,52.8758,0.0058,182.8556,4429.9961,0.0298,0.000102,-0.0024,-0.0262,-0.0068,ROTATE1
-328.318,14.6539,-0.1042,0.0443,328.6448,44.4081,0.0001,224.9284,6076.8047,0.0348,9.7e-05,-0.0074,-0.0272,-0.0154,ROTATE1
-365.0544,0.9262,19.4792,0.0914,365.5749,36.9301,0.0472,275.8518,4842.0347,0.0491,0.00049,-0.0091,-0.0356,-0.0293,ROTATE1
-394.4435,-45.7903,88.1364,0.0824,406.756,41.1812,0.0091,323.3147,3751.8784,0.0602,0.000487,-0.0107,-0.0439,-0.0374,ROTATE1
-417.9548,-32.4478,142.6154,0.0583,442.8072,36.0512,0.0241,365.6039,3128.0894,0.0642,0.000379,-0.0116,-0.0464,-0.0278,ROTATE1
-436.7639,56.0792,160.3048,0.0822,468.6205,25.8133,0.024,402.4807,2566.5513,0.0717,0.000309,-0.0111,-0.0447,-0.0079,ROTATE1
-451.8111,125.1321,155.397,0.0483,493.9023,25.2818,0.0339,435.5322,2055.3857,0.0725,0.000267,-0.0089,-0.0449,0.0074,ROTATE1
-443.9989,145.3307,148.8863,0.0111,490.3297,3.5727,0.0372,460.4832,1054.5828,0.0565,0.000691,-0.0086,-0.0348,0.0204,ROTATE1
-457.5991,126.1677,140.4028,0.031,495.0032,4.6736,0.0198,478.1326,404.0865,0.0462,0.000581,-0.006,-0.0207,0.0237,ROTATE1
-462.3043,98.1342,127.5254,0.0439,489.5082,5.495,0.013,487.4728,93.1518,0.0433,0.000545,-0.0015,-0.0076,0.0095,ROTATE1
-463.6622,73.9636,102.6078,0.0545,480.6055,8.9027,0.0105,489.8698,25.7567,0.0378,0.000237,0.004,0.0046,-0.0137,ROTATE1
-464.8923,58.5365,70.7862,0.0566,473.8798,6.7257,0.0022,485.8652,57.6043,0.0394,0.000283,0.0091,0.0168,-0.0296,ROTATE1
-462.1513,49.2042,42.9665,0.0503,466.7451,7.1346,0.0063,481.1483,104.4849,0.0473,8.5e-05,0.0124,0.0257,-0.036,ROTATE1
-445.0304,50.3509,22.2732,0.0419,448.4232,18.3219,0.0084,471.8323,193.4926,0.0495,3.3e-05,0.013,0.0299,-0.0366,ROTATE1
-458.4243,32.6026,22.6154,0.0679,460.1383,11.7151,0.026,465.9584,123.8519,0.0543,7.2e-05,0.011,0.025,-0.0424,ROTATE1
-469.1395,-11.5617,38.4923,0.0668,470.8579,10.7196,0.0011,464.0089,81.9449,0.0567,9.8e-05,0.0073,0.0164,-0.0478,ROTATE1
-474.2616,-36.5994,47.0751,0.0595,477.9955,7.1375,0.0073,464.832,100.9054,0.0573,9.9e-05,0.003,0.0075,-0.0522,ROTATE1
-481.8093,-53.6451,60.6945,0.0564,488.5712,10.5757,0.0031,469.1972,193.8279,0.0585,8.8e-05,-0.0012,-0.0008,-0.0564,ROTATE1
-487.8474,-70.6505,74.1806,0.0541,498.4871,9.9159,0.0023,479.21,178.8397,0.061,3e-05,-0.0045,-0.0064,-0.0603,ROTATE1
-445.5623,-115.0735,38.5663,0.1397,461.7954,36.6916,0.0856,479.5414,166.6374,0.0753,0.001055,-0.0054,0.0152,-0.0659,ROTATE1
-458.8498,-164.5432,23.4593,0.1072,488.0246,26.2291,0.0325,482.9748,154.1618,0.0834,0.001179,-0.0082,0.0348,-0.064,ROTATE1
-469.4799,-171.397,20.1925,0.0685,500.196,12.1714,0.0387,487.4149,188.8028,0.0852,0.001106,-0.0115,0.0463,-0.0603,ROTATE1
-477.9839,-158.6458,32.0102,0.0391,504.6402,4.4442,0.0293,490.6287,237.5494,0.0817,0.001353,-0.0144,0.0518,-0.0544,ROTATE1
-484.7871,-137.8322,52.6207,0.0263,506.7398,2.0996,0.0128,492.2792,274.3879,0.0762,0.001784,-0.0153,0.0509,-0.0479,ROTATE1
-490.2297,-126.8002,79.1059,0.0356,512.5048,5.765,0.0093,502.4211,67.4934,0.0554,0.000872,-0.0155,0.0236,-0.028,ROTATE1
-494.5837,-101.3714,107.5066,0.0475,516.1849,3.6802,0.0118,508.0531,32.2102,0.0434,0.000203,-0.0108,-0.0037,-0.016,ROTATE1
-498.067,-82.8159,115.1615,0.0473,517.8719,1.687,0.0002,511.5883,26.6475,0.0392,6.2e-05,-0.0043,-0.023,-0.0064,ROTATE1
-500.8536,-55.8652,113.3355,0.0453,516.5464,1.3256,0.002,513.9695,16.2384,0.0404,6.8e-05,0.0027,-0.0353,0.0013,ROTATE1
-503.0829,-29.0672,110.5309,0.0385,515.9015,0.6449,0.0068,515.8019,3.1734,0.0428,2.4e-05,0.0077,-0.0406,0.0076,ROTATE1
-504.8663,-23.4881,120.1403,0.0371,519.4953,3.5938,0.0014,517.2,1.7727,0.0431,2e-05,0.0112,-0.0407,0.0067,ROTATE1
-506.293,-34.2905,138.9279,0.0385,526.1268,6.6315,0.0014,519.1884,13.5506,0.0413,1.7e-05,0.0124,-0.0385,0.005,ROTATE1
-507.4344,-53.3668,154.5361,0.0252,533.122,6.9952,0.0133,522.2384,42.7306,0.0369,4.3e-05,0.013,-0.0335,0.0028,ROTATE1
-508.3475,-68.1872,147.4288,0.0143,533.6684,0.5464,0.0109,525.6628,50.6532,0.0307,9.2e-05,0.0129,-0.0247,0.0005,ROTATE1
-509.078,-81.106,94.4431,0.0298,524.0784,9.59,0.0155,527.2982,29.4242,0.029,7.7e-05,0.013,-0.0122,-0.0017,ROTATE1
-509.6624,-102.3035,31.742,0.0477,520.7968,3.2816,0.0179,527.5585,25.633,0.0311,0.00013,0.0121,0.0036,-0.0055,ROTATE1
-510.1299,-131.321,-29.8127,0.0426,527.6045,6.8077,0.0051,527.854,25.1361,0.0319,0.000145,0.0107,0.0172,-0.0097,ROTATE1
-510.504,-154.7505,-65.3814,0.0156,537.4354,9.8309,0.027,528.7167,37.202,0.03,0.000185,0.0079,0.0189,-0.011,ROTATE1
-510.8032,-172.3379,-58.4957,0.0499,542.2563,4.821,0.0343,530.4343,66.0125,0.0371,0.000165,0.0037,0.0084,-0.0113,ROTATE1
-511.0425,-184.2047,-12.3778,0.0708,543.3683,1.1119,0.0208,534.2922,76.5067,0.0453,0.000313,-0.0017,-0.0105,-0.0079,ROTATE1
-511.234,-174.62,21.6884,0.059,540.6688,2.6995,0.0118,538.2667,32.4175,0.0476,0.000344,-0.0048,-0.0289,0.0022,ROTATE1
-511.3872,-149.8398,22.4944,0.0527,533.3619,7.3069,0.0063,539.4181,13.1666,0.0496,0.00034,-0.0076,-0.0403,0.0167,ROTATE1
-476.7754,-112.9781,24.0424,0.0523,490.5679,42.794,0.0004,530.0446,401.7871,0.057,5.7e-05,-0.0095,-0.0424,0.0281,ROTATE1
-427.7547,-75.5293,43.3933,0.0485,436.5338,54.0341,0.0038,508.9001,1673.7272,0.0567,6.1e-05,-0.009,-0.0373,0.0365,ROTATE1
-386.1757,-47.0235,55.0084,0.0455,392.8979,43.6359,0.003,478.8061,3221.7661,0.0516,2.1e-05,-0.0058,-0.0272,0.0418,ROTATE1
-357.3905,-23.3406,57.2036,0.027,362.6914,30.2065,0.0185,443.2106,3885.8516,0.0452,9e-05,-0.0048,-0.0166,0.0407,ROTATE1
-378.6062,-15.6163,54.816,0.0356,382.8725,20.1811,0.0086,413.1127,2082.655,0.0418,8.6e-05,-0.0063,-0.0094,0.0375,ROTATE1
-380.0037,7.5195,51.9528,0.0475,383.6124,0.7399,0.0119,391.7216,599.2677,0.0408,6.9e-05,-0.0081,-0.0007,0.0358,ROTATE1
-358.628,59.2531,33.556,0.0559,365.0356,18.5768,0.0084,377.4219,135.5894,0.0423,0.0001,-0.0101,0.011,0.0358,ROTATE1
-323.9087,104.565,5.0573,0.0418,340.406,24.6296,0.0141,366.9236,251.5086,0.0415,9.8e-05,-0.0119,0.0218,0.0307,ROTATE1
-331.9707,122.9801,-10.5542,0.0417,354.1751,13.7692,0.0001,365.2203,277.5297,0.0445,4.7e-05,-0.0121,0.0246,0.018,ROTATE1
-367.9765,95.9622,-2.534,0.0733,380.2918,26.1167,0.0316,364.7042,260.3738,0.052,0.00014,-0.0096,0.0236,-0.0027,ROTATE1
-396.7812,45.4073,5.6603,0.0706,399.4111,19.1192,0.0028,367.864,419.7994,0.0566,0.000184,-0.0062,0.0196,-0.0244,ROTATE1
-419.825,-2.8867,4.397,0.0551,419.8579,20.4468,0.0155,378.8284,838.6549,0.0565,0.000184,-0.003,0.0135,-0.0438,ROTATE1
-438.26,-46.2312,-10.8136,0.0444,440.8243,20.9664,0.0106,398.912,908.7438,0.057,0.000169,-0.0012,0.0074,-0.0559,ROTATE1
-453.008,-78.7475,-15.6822,0.0436,460.0688,19.2445,0.0009,420.0908,807.9571,0.0574,0.000158,-0.0006,-0.0013,-0.0556,ROTATE1
-464.8064,-85.9042,0.6105,0.0476,472.6784,12.6096,0.004,438.5681,702.8463,0.0522,0.0001,-0.0005,-0.0121,-0.0419,ROTATE1
-474.2451,-68.8828,24.679,0.0586,479.8566,7.1781,0.011,454.6572,478.2796,0.0499,3.6e-05,0.0001,-0.0239,-0.0257,ROTATE1
-481.7961,-41.5656,57.5964,0.0668,487.0036,7.147,0.0082,468.0863,264.9974,0.0522,8.2e-05,0.0003,-0.0375,-0.011,ROTATE1
-487.8369,-16.0087,92.8177,0.0661,496.8463,9.8427,0.0007,479.2907,156.2416,0.0565,9e-05,0.0014,-0.0516,0.001,ROTATE1
-492.6695,-0.307,125.5479,0.055,508.4148,11.5685,0.0111,488.9599,158.4943,0.0588,5.2e-05,0.0028,-0.0574,0.0101,ROTATE1
-493.9294,11.5982,144.8852,0.0322,514.8713,6.4565,0.0228,497.3985,168.547,0.0557,0.000159,0.004,-0.0543,0.0115,ROTATE1
-496.9998,22.216,147.4582,0.0109,518.8894,4.0181,0.0213,505.2051,138.4325,0.0462,0.000468,0.004,-0.0437,0.0075,ROTATE1
-497.8717,26.4385,137.5822,0.0287,517.2079,1.6815,0.0177,511.2459,64.4955,0.0386,0.000386,0.0037,-0.0277,-0.001,ROTATE1
-495.6536,14.9164,119.5782,0.0488,510.0921,7.1158,0.0201,513.8951,16.2735,0.0351,0.000243,0.0026,-0.0089,-0.0118,ROTATE1
-485.5292,-4.3044,100.8407,0.0593,495.9092,14.1829,0.0105,511.394,68.7096,0.036,0.00028,0.0016,0.0101,-0.0224,ROTATE1
-467.389,-19.206,82.9569,0.0645,475.0823,20.8269,0.0052,503.4362,266.6726,0.0424,0.000398,0.0006,0.0265,-0.031,ROTATE1
-437.6237,-24.2273,65.5593,0.0651,443.1698,31.9125,0.0006,488.2923,715.9818,0.0533,0.000185,-0.0002,0.0384,-0.0361,ROTATE1
-405.549,-26.7443,48.3537,0.0692,409.2961,33.8737,0.004,466.7099,1331.0388,0.0614,4.9e-05,-0.0011,0.0473,-0.0381,ROTATE1
-372.0329,-25.1205,28.2611,0.0637,373.9495,35.3466,0.0055,439.4814,1934.1418,0.0643,1e-05,-0.0018,0.0539,-0.0298,ROTATE1
-195.2295,82.3005,34.137,0.0385,214.6002,159.3493,0.0252,383.2196,8246.2402,0.0602,0.000121,-0.0036,0.0456,-0.0137,ROTATE1
-231.393,168.2373,49.744,0.0394,290.3807,75.7805,0.0009,346.2792,6917.7139,0.0552,0.000179,-0.0013,0.0432,-0.005,ROTATE1
-201.0269,206.1304,25.1296,0.075,289.0208,1.3598,0.0356,315.4495,4745.3872,0.0571,0.000234,-0.0005,0.0426,-0.0088,ROTATE1
-231.8996,184.795,2.3911,0.1004,296.5339,7.513,0.0254,292.897,2546.8958,0.0634,0.000539,0.0003,0.0416,-0.0188,ROTATE1
-287.9197,141.1141,-4.9152,0.1076,320.6791,24.1453,0.0073,282.2429,1273.8549,0.0722,0.000854,0.0,0.0385,-0.0387,ROTATE1
-332.7358,85.9038,-6.1509,0.1198,343.701,23.0219,0.0121,308.0631,447.4849,0.0884,0.000815,0.0009,0.048,-0.0682,ROTATE1
-368.5886,14.3355,-20.2832,0.125,369.4245,25.7235,0.0053,323.8719,888.0787,0.1056,0.000309,-0.0012,0.0508,-0.0916,ROTATE1
-397.2709,-53.0285,-45.0766,0.1105,403.3213,33.8968,0.0146,346.732,1385.0186,0.1126,7.7e-05,-0.0013,0.0512,-0.1,ROTATE1
-420.2167,-98.8509,-67.1644,0.082,436.8806,33.5593,0.0285,374.8013,1718.5159,0.109,0.000222,-0.0013,0.0479,-0.0977,ROTATE1
-438.5734,-116.5276,-81.2346,0.0525,461.0036,24.123,0.0295,402.8662,1831.2024,0.0979,0.000738,0.0002,0.0433,-0.0877,ROTATE1
-453.2587,-101.9158,-104.6065,0.0387,476.2067,15.2031,0.0138,429.3673,1504.553,0.0817,0.001082,0.0042,0.0357,-0.0725,ROTATE1
-465.007,-82.4733,-107.1571,0.032,484.2685,8.0618,0.0067,452.3361,861.1859,0.0631,0.000855,0.0058,0.0255,-0.056,ROTATE1
-474.4056,-72.2193,-103.9131,0.0285,490.9931,6.7246,0.0035,469.8705,372.1136,0.0467,0.000377,0.0062,0.015,-0.0424,ROTATE1
-481.9245,-65.4223,-96.6774,0.0239,495.8607,4.8676,0.0046,481.6665,150.3987,0.0351,9.8e-05,0.0066,0.009,-0.0323,ROTATE1
-487.9396,-66.4316,-96.1763,0.0303,501.745,5.8844,0.0064,489.8148,79.2426,0.0307,2.3e-05,0.0063,0.0073,-0.0282,ROTATE1
-492.7516,-78.1046,-101.7535,0.0333,509.1741,7.4291,0.003,496.4083,73.6893,0.0296,1.1e-05,0.0039,0.0097,-0.0265,ROTATE1
-496.6013,-95.4775,-102.1434,0.026,515.909,6.7349,0.0073,502.7364,80.2251,0.0284,1.1e-05,0.0028,0.0122,-0.0247,ROTATE1
-499.6811,-121.6507,-99.5804,0.0248,523.8285,7.9195,0.0012,509.3035,98.4931,0.0277,1.3e-05,0.0017,0.0104,-0.0238,ROTATE1
-502.1448,-168.3206,-90.2299,0.0497,537.2361,13.4077,0.0249,517.5786,149.921,0.0328,8e-05,-0.0012,0.0009,-0.0254,ROTATE1
-504.1159,-237.0565,-57.7058,0.0766,560.0523,22.8162,0.0269,529.24,324.5952,0.0421,0.000377,-0.006,-0.0157,-0.0262,ROTATE1
-505.6927,-292.0452,-6.5365,0.1018,584.0019,23.9496,0.0252,544.2056,619.8721,0.0558,0.000887,-0.0126,-0.0389,-0.0253,ROTATE1
-506.9542,-336.0362,72.9614,0.113,612.5734,28.5715,0.0112,563.5385,1020.8054,0.0732,0.001061,-0.0159,-0.0639,-0.0213,ROTATE1
-507.9633,-362.3696,153.1441,0.1176,642.4886,29.9152,0.0046,587.2705,1388.8452,0.0917,0.000644,-0.0151,-0.0855,-0.0121,ROTATE1
-508.7707,-331.88,206.459,0.1147,641.574,0.9146,0.0029,608.1381,1042.478,0.1047,0.000227,-0.0115,-0.0991,0.0023,ROTATE1
-509.4165,-275.204,245.7547,0.0957,628.9975,12.5765,0.019,621.9271,476.916,0.1085,7e-05,-0.0054,-0.1022,0.018,ROTATE1
-509.9332,-222.7726,259.6476,0.0707,614.0654,14.9321,0.025,627.9398,165.4604,0.1023,0.00031,0.0024,-0.0909,0.0339,ROTATE1
-510.3466,-174.1775,252.4493,0.0737,595.4176,18.6478,0.003,624.5086,318.001,0.0945,0.000389,0.0086,-0.0685,0.0487,ROTATE1
-488.6773,-127.8201,212.7907,0.1048,548.1089,47.3087,0.0311,605.6327,1064.4285,0.0919,0.000297,0.0125,-0.0385,0.0635,ROTATE1
-406.1106,-94.0467,184.9701,0.1136,456.0532,92.0557,0.0088,568.5285,3904.1582,0.0917,0.000287,0.0173,-0.0092,0.0753,ROTATE1
-418.2197,-78.3717,166.9104,0.0928,457.0656,1.0124,0.0207,534.1422,4475.2319,0.0911,0.000283,0.0213,0.0164,0.0808,ROTATE1
-436.9758,-63.4255,136.5159,0.0902,462.1766,5.111,0.0026,503.7644,3310.6848,0.095,0.000185,0.0238,0.0349,0.0829,ROTATE1
-451.9806,-55.0529,93.8596,0.065,464.8945,2.7179,0.0252,477.6598,1251.3442,0.0933,0.000271,0.0252,0.0446,0.076,ROTATE1
-463.9845,-63.208,61.4408,0.0557,472.2836,7.3891,0.0093,462.4947,34.5303,0.0834,0.00043,0.024,0.0452,0.0641,ROTATE1
-473.5876,-92.5289,38.987,0.0526,484.1144,11.8308,0.003,468.1069,88.2168,0.0713,0.00029,0.0206,0.0441,0.0512,ROTATE1
-481.2701,-143.4825,9.3052,0.0541,502.2895,18.175,0.0015,477.1518,215.7153,0.0635,0.000196,0.0166,0.0429,0.0432,ROTATE1
-487.4161,-193.9579,-17.059,0.0325,524.8668,22.5773,0.0217,489.6898,469.0069,0.052,0.000114,0.0109,0.0369,0.0338,ROTATE1
-481.0641,-257.5663,-22.1628,0.0216,546.1266,21.2598,0.0108,505.9361,719.1234,0.0433,0.000189,0.0038,0.0299,0.0284,ROTATE1
-481.4669,-251.253,-22.8365,0.0651,543.5623,2.5643,0.0435,520.1919,572.5438,0.0452,0.00025,-0.0036,0.0247,0.0332,ROTATE1
-487.5735,-201.4055,-19.4629,0.0897,527.8929,15.6694,0.0246,528.9476,247.4259,0.0526,0.000581,-0.0093,0.0201,0.0432,ROTATE1
-492.4588,-121.4807,-14.1203,0.1092,507.4176,20.4753,0.0195,529.9733,196.9506,0.0636,0.0011,-0.0147,0.0139,0.0575,ROTATE1
-496.3671,-55.8814,11.2381,0.0907,499.6292,7.7885,0.0185,524.9257,350.4107,0.0753,0.000916,-0.0165,0.0094,0.0711,ROTATE1
-489.6062,-32.3333,35.703,0.0762,491.9698,7.6593,0.0145,514.0944,360.4153,0.0862,0.000221,-0.0164,0.0084,0.0839,ROTATE1
-479.2443,-18.2604,29.6718,0.0693,480.5091,11.4608,0.0069,501.4837,253.3096,0.087,0.000189,-0.0128,0.0117,0.0844,ROTATE1
-453.4799,-13.352,7.5312,0.0618,453.7389,26.7702,0.0075,486.6529,349.7812,0.0815,0.000284,-0.0094,0.0163,0.0771,ROTATE1
-435.462,-13.816,-16.6532,0.0489,435.9993,17.7396,0.0129,472.3692,572.6812,0.0694,0.000196,-0.0055,0.0204,0.0635,ROTATE1
-450.7696,-11.1559,-42.0976,0.0396,452.8685,16.8692,0.0093,463.0171,412.6541,0.0592,0.000178,0.002,0.0216,0.052,ROTATE1
-463.0157,5.4596,-80.2406,0.0594,469.9488,17.0803,0.0198,458.6129,235.2146,0.0558,0.000108,0.0106,0.0206,0.0473,ROTATE1
-472.8126,35.1896,-110.6049,0.053,486.8506,16.9018,0.0064,459.8812,297.191,0.0525,6.3e-05,0.0158,0.0111,0.0433,ROTATE1
-480.6501,43.9985,-106.859,0.0497,494.3472,7.4966,0.0033,468.0029,461.265,0.0501,4.1e-05,0.02,-0.0035,0.0373,ROTATE1
-486.92,27.2395,-94.4872,0.0552,496.7504,2.4032,0.0055,480.1531,274.0751,0.0514,4.5e-05,0.0225,-0.0202,0.0302,ROTATE1
-491.936,0.1947,-75.5804,0.0787,497.7082,0.9578,0.0235,489.121,106.398,0.0592,0.000105,0.0181,-0.0373,0.0233,ROTATE1
-423.5176,-3.5255,-55.9768,0.1371,427.2154,70.4929,0.0584,480.5744,726.2998,0.0747,0.001077,0.0124,-0.0557,0.0339,ROTATE1
-285.6703,46.2077,-64.9221,0.1229,296.5764,130.6389,0.0142,442.5195,6041.2993,0.0887,0.00125,0.009,-0.0652,0.0459,ROTATE1
-126.1394,17.5099,-94.1252,0.0576,158.3581,138.2183,0.0653,375.3217,17138.0742,0.0903,0.001137,0.0089,-0.0671,0.046,ROTATE1
-20.3803,-33.9202,-116.0157,0.0612,122.5789,35.7792,0.0036,300.4874,21364.6992,0.0915,0.001059,0.0102,-0.0678,0.0428,ROTATE1
-53.2667,-129.5361,9.5843,0.06,140.3881,17.8092,0.0012,229.0234,13604.7402,0.0877,0.00121,0.0127,-0.0638,0.0435,ROTATE1
-75.8727,-139.5602,78.1362,0.0669,177.0282,36.6401,0.0069,178.9859,3785.6821,0.0737,0.000613,0.0149,-0.0568,0.03,ROTATE1
-156.0732,-101.2356,123.6871,0.092,223.3965,46.3683,0.0251,164.3499,1200.4246,0.0675,0.000159,0.0167,-0.0542,0.024,ROTATE1
-227.2586,-52.9073,172.1934,0.0907,289.9934,66.597,0.0012,190.677,3657.3872,0.0742,0.000203,0.0157,-0.0542,0.0347,ROTATE1
-284.2068,-1.7133,184.3766,0.0942,338.779,48.7856,0.0034,233.917,5247.0571,0.0808,0.000206,0.0161,-0.0486,0.0546,ROTATE1
-329.7655,62.0169,188.4419,0.0678,384.8399,46.0609,0.0264,282.8074,5662.7979,0.0823,0.000151,0.0176,-0.0411,0.0667,ROTATE1
-366.2124,91.7604,193.1254,0.04,424.0624,39.2225,0.0278,332.2142,4974.5073,0.077,0.000432,0.0189,-0.0317,0.0662,ROTATE1
-395.3699,94.4177,190.6316,0.0268,448.9682,24.9058,0.0133,377.3286,3297.2402,0.0639,0.00072,0.0195,-0.018,0.0539,ROTATE1
-418.6959,82.1529,157.0834,0.0217,454.6763,5.7081,0.0051,410.2651,1883.4717,0.0501,0.000742,0.0179,-0.0048,0.0372,ROTATE1
-437.3568,79.8161,120.7698,0.0245,460.6917,6.0154,0.0028,434.6477,775.4767,0.0362,0.00029,0.0149,0.0054,0.0183,ROTATE1
-452.2854,87.5122,68.6377,0.0251,465.7592,5.0674,0.0006,450.8315,210.9801,0.0276,4.1e-05,0.0121,0.0144,0.0056,ROTATE1
-464.2283,102.8098,11.7258,0.0257,475.621,9.8618,0.0006,461.1432,84.2336,0.0248,3e-06,0.0094,0.0209,-0.0012,ROTATE1
-473.7827,113.5572,-45.6943,0.0183,489.3396,13.7186,0.0075,469.2176,148.3992,0.0231,8e-06,0.0067,0.0212,-0.0047,ROTATE1
-481.4261,122.2458,-93.8961,0.0142,505.5014,16.1618,0.004,479.3826,266.0854,0.0216,2.1e-05,0.0054,0.0184,-0.0058,ROTATE1
-480.994,130.1716,-122.245,0.0197,513.0728,7.5714,0.0054,489.8588,313.4715,0.0206,1.9e-05,0.004,0.0122,-0.0078,ROTATE1
-461.0515,150.2404,-129.1898,0.0358,501.8273,11.2455,0.0162,497.0724,173.9261,0.0227,5.6e-05,0.0017,0.0031,-0.013,ROTATE1
-421.4193,173.583,-117.9456,0.0695,470.7828,31.0445,0.0337,496.1048,219.1856,0.0315,0.000416,-0.0025,-0.0092,-0.0245,ROTATE1
-439.5355,153.0195,-71.1752,0.1256,470.8209,0.0381,0.056,492.401,324.1696,0.053,0.001689,-0.0092,-0.0256,-0.0439,ROTATE1
-454.0284,118.5375,-38.8683,0.1162,470.8542,0.0333,0.0094,485.4716,334.6821,0.0734,0.001773,-0.0129,-0.0372,-0.0616,ROTATE1
-465.6227,53.5237,-22.3852,0.1121,469.2232,1.631,0.0041,476.7017,158.2073,0.0918,0.001154,-0.0144,-0.0437,-0.0789,ROTATE1
-474.8982,-14.6216,-10.2301,0.0968,475.2333,6.0102,0.0153,471.3829,4.0892,0.104,0.000383,-0.0133,-0.0454,-0.0917,ROTATE1
-482.3185,-67.6004,9.9253,0.0862,487.134,11.9006,0.0106,474.6531,42.9421,0.1074,0.000198,-0.0113,-0.0425,-0.0968,ROTATE1
-488.2548,-101.0272,42.5371,0.0774,500.4085,13.2745,0.0088,480.5706,137.6559,0.0977,0.000219,-0.0082,-0.0324,-0.0912,ROTATE1
-493.0038,-103.9187,84.411,0.0667,510.8592,10.4507,0.0107,488.5716,238.2371,0.0878,0.000246,-0.0087,-0.0245,-0.0833,ROTATE1
-496.8031,-82.7787,126.4788,0.059,519.2903,8.4312,0.0077,498.5851,251.8235,0.0772,0.000182,-0.011,-0.019,-0.0733,ROTATE1
-499.8425,-59.623,153.9143,0.0547,526.3906,7.1002,0.0043,508.8166,192.7096,0.0688,0.000136,-0.0136,-0.0147,-0.0654,ROTATE1
-502.274,-47.5765,163.5752,0.0552,530.3768,3.9862,0.0005,517.4651,116.8545,0.0626,7.4e-05,-0.0135,-0.0107,-0.0597,ROTATE1
-504.2192,-50.7424,153.2789,0.0602,529.4395,0.9373,0.005,523.2713,53.6347,0.0591,1.9e-05,-0.0108,-0.0064,-0.0567,ROTATE1
-505.7753,-54.0346,142.4106,0.0587,528.2133,1.2263,0.0015,526.7421,15.6607,0.0575,5e-06,-0.0076,-0.0011,-0.0557,ROTATE1
-507.0203,-53.487,129.2941,0.0588,525.9728,2.2405,0.0001,528.0786,2.8872,0.0575,5e-06,-0.0056,0.0073,-0.0551,ROTATE1
-496.1318,-52.849,98.2634,0.0726,508.5229,17.4499,0.0138,524.505,66.0321,0.0611,3.6e-05,-0.0055,0.0195,-0.0544,ROTATE1
-407.4961,-63.4605,31.5139,0.0834,413.6103,94.9126,0.0108,501.1518,1973.2904,0.0667,9.7e-05,-0.0064,0.0329,-0.0535,ROTATE1
-223.6,-74.9309,-62.2295,0.0852,243.8937,169.7166,0.0018,444.0426,11788.1357,0.0717,0.000131,-0.005,0.0452,-0.0517,ROTATE1
-76.4832,-95.3103,-146.743,0.0669,190.964,52.9297,0.0183,376.5927,18631.4668,0.0734,9.9e-05,-0.0036,0.0476,-0.0527,ROTATE1
32.4916,-110.1389,-163.9913,0.073,200.1984,9.2345,0.0061,311.4378,16146.417,0.0762,4.9e-05,-0.0027,0.0342,-0.0549,ROTATE1
34.7464,-105.8299,-110.6805,0.0875,157.0269,43.1715,0.0145,241.1386,8204.4863,0.0792,6.2e-05,-0.0023,0.0104,-0.0562,ROTATE1
-0.6873,-108.5451,-52.835,0.0826,120.7231,36.3038,0.0049,182.5612,1723.861,0.079,6.1e-05,-0.0014,-0.0151,-0.0569,ROTATE1
-102.9498,-85.3642,-2.6024,0.0576,133.7628,13.0397,0.025,160.535,962.6315,0.0735,0.000115,-0.0047,-0.0384,-0.0527,ROTATE1
-184.7599,-56.207,43.0056,0.028,197.8507,64.0879,0.0296,161.9124,1054.0427,0.0657,0.00046,-0.0069,-0.0487,-0.0406,ROTATE1
-197.5173,-30.8031,67.0388,0.0098,210.8462,12.9955,0.0182,164.0419,1235.2467,0.0531,0.000914,-0.007,-0.0413,-0.0267,ROTATE1
-195.817,-9.0894,69.1529,0.0231,207.8678,2.9784,0.0132,174.2101,1506.1541,0.0402,0.000692,-0.0065,-0.0241,-0.0135,ROTATE1
-158.8129,8.6598,53.9849,0.0575,167.961,39.9068,0.0344,183.6577,852.5345,0.0352,0.000368,-0.0074,-0.0012,0.0015,ROTATE1
-30.5222,3.6528,-8.109,0.0574,31.7916,136.1694,0.0001,163.2635,4551.3726,0.0352,0.000366,-0.0085,0.0194,0.01,ROTATE1
-41.3959,16.3535,-29.9216,0.0435,53.6317,21.8401,0.0139,134.4196,5883.9775,0.0383,0.000361,-0.011,0.0322,0.0131,ROTATE1
-49.0792,27.964,-36.2091,0.0315,67.0959,13.4642,0.0121,105.6696,4795.7065,0.0426,0.000189,-0.0138,0.037,0.0138,ROTATE1
-78.9446,43.1994,-30.6173,0.023,95.0571,27.9612,0.0084,83.1075,2220.2866,0.0426,0.000189,-0.0156,0.0354,0.0139,ROTATE1
-119.0432,65.9314,-24.7063,0.0209,138.3063,43.2492,0.0021,77.1765,1354.4675,0.0353,0.000185,-0.0166,0.0268,0.0122,ROTATE1
-155.7627,113.5888,-32.9244,0.0202,195.5721,57.2658,0.0008,109.9326,2673.0508,0.0278,7.8e-05,-0.0158,0.0184,0.0122,ROTATE1
-160.1633,186.2898,-58.3396,0.0187,252.5068,56.9346,0.0014,149.7076,4522.5171,0.0229,2.1e-05,-0.0128,0.0131,0.0125,ROTATE1
-203.0681,167.3881,-83.5748,0.1042,276.1163,23.6095,0.0854,191.5117,4605.8237,0.0374,0.001116,-0.0054,0.01,-0.0103,ROTATE1
-256.2233,33.7792,-111.8536,0.1051,281.6072,5.4909,0.001,228.8217,2976.5278,0.0538,0.001723,-0.0014,0.0036,-0.0331,ROTATE1
-307.3786,-28.1391,-101.0735,0.0886,324.7911,43.1839,0.0165,266.1187,1788.8802,0.0674,0.001565,0.0013,-0.0074,-0.0508,ROTATE1
-348.3029,-56.9082,-39.0432,0.1077,355.0744,30.2833,0.0191,298.0192,1358.5007,0.0849,0.001139,0.0027,-0.0241,-0.0694,ROTATE1
-381.0423,-80.8359,27.1061,0.1081,390.4644,35.39,0.0003,325.6107,1892.1576,0.1027,5.2e-05,0.0031,-0.0414,-0.0878,ROTATE1
-407.2339,-111.8562,82.4943,0.094,430.2982,39.8338,0.014,356.4471,2643.2305,0.1007,6.3e-05,-0.0003,-0.0557,-0.0809,ROTATE1
-428.1871,-137.66,126.5892,0.0681,467.2465,36.9483,0.0259,393.5749,2599.8538,0.0933,0.000216,-0.0006,-0.0604,-0.0707,ROTATE1
-444.9496,-149.0499,135.3901,0.0306,488.3918,21.1453,0.0376,426.2951,2381.0522,0.0817,0.000865,-0.0005,-0.054,-0.0609,ROTATE1
-458.3597,-144.6743,122.6714,0.0204,496.057,7.6653,0.0102,454.4915,1544.8792,0.0642,0.001176,-0.0002,-0.0374,-0.0482,ROTATE1
-469.0878,-140.4363,109.7028,0.0273,501.7971,5.7401,0.0069,476.7581,676.7477,0.0481,0.000804,-0.001,-0.0204,-0.0379,ROTATE1
-477.6702,-147.4115,116.256,0.0381,513.2392,11.442,0.0107,493.3463,236.0483,0.0369,0.000276,-0.0027,-0.0081,-0.0317,ROTATE1
-484.5362,-163.6824,141.8329,0.038,530.739,17.4998,0.0001,506.0448,218.1978,0.0309,4.5e-05,-0.0042,-0.0002,-0.0288,ROTATE1
-490.029,-172.4178,144.7195,0.0274,539.2587,8.5198,0.0106,516.2182,273.0066,0.0302,4.7e-05,-0.0043,0.0066,-0.0268,ROTATE1
-494.4232,-154.978,113.8693,0.0533,530.5079,8.7508,0.0259,523.1084,185.0764,0.0368,9e-05,-0.0035,0.0148,-0.0213,ROTATE1
-497.9385,-109.5793,60.7986,0.0711,513.4656,17.0424,0.0179,525.4421,107.3933,0.0456,0.000232,-0.0024,0.0261,-0.0106,ROTATE1
-500.7508,-60.9134,12.0701,0.0712,504.5865,8.8791,0.0,523.7115,161.6076,0.0522,0.000308,-0.0012,0.0394,0.0035,ROTATE1
-503.0007,-5.4213,-22.1627,0.0568,503.5179,1.0686,0.0144,518.2673,203.6479,0.0559,0.000257,-0.0004,0.0503,0.0161,ROTATE1
-504.8005,41.5754,-36.777,0.044,507.8431,4.3253,0.0128,511.9842,97.7753,0.0593,0.000112,-0.0007,0.0542,0.0232,ROTATE1
-506.2404,79.251,-40.6466,0.0419,514.0157,6.1726,0.002,508.6857,19.0953,0.057,0.000159,-0.0015,0.0516,0.024,ROTATE1
-507.3923,101.2539,-33.3142,0.0413,518.4681,4.4524,0.0006,509.6862,32.6639,0.051,0.000133,-0.0028,0.0459,0.0218,ROTATE1
-508.3139,123.3875,-10.067,0.0249,523.1719,4.7037,0.0164,513.4033,50.0179,0.0418,0.000103,-0.0028,0.0383,0.0156,ROTATE1
-509.0511,135.2194,19.5839,0.0169,527.0681,3.8962,0.008,518.1134,45.634,0.0338,0.000118,-0.0026,0.0313,0.0089,ROTATE1
-509.6409,133.5692,50.0547,0.0275,529.2259,2.1578,0.0106,522.39,30.9469,0.0305,9.4e-05,-0.0019,0.0279,0.0025,ROTATE1
-510.1127,110.8492,74.0437,0.0414,527.2428,1.9831,0.0139,525.0353,14.6333,0.0304,9.2e-05,-0.0003,0.0266,-0.0054,ROTATE1
-510.4902,73.1543,93.935,0.0527,524.1904,3.0524,0.0112,526.1798,4.8406,0.0327,0.000162,0.0033,0.0287,-0.0129,ROTATE1
-510.7921,54.5516,108.1074,0.0578,524.9492,0.7589,0.0052,526.5353,3.2076,0.0393,0.000233,0.0037,0.0353,-0.0143,ROTATE1
-464.8243,53.6131,110.1578,0.0623,480.6982,44.251,0.0045,517.2613,337.3514,0.0484,0.000157,0.0033,0.0447,-0.0122,ROTATE1
-383.2626,64.428,98.0887,0.0673,400.8274,79.8708,0.005,491.5816,2360.646,0.0563,7.9e-05,0.0037,0.0534,-0.0088,ROTATE1
-267.0507,92.0299,70.2897,0.0763,291.0777,109.7497,0.009,444.3486,7915.7056,0.0633,6.6e-05,0.0036,0.0619,-0.0014,ROTATE1
-111.2437,131.1896,39.2787,0.0815,176.4332,114.6445,0.0052,374.7971,16159.0908,0.069,7.6e-05,0.0013,0.0682,0.0066,ROTATE1
13.4019,166.5548,19.6667,0.0708,168.2465,8.1867,0.0107,303.4566,15093.1221,0.0717,4.5e-05,-0.0012,0.0704,0.0099,ROTATE1
113.1184,202.4313,14.8833,0.0579,232.3698,64.1233,0.013,253.7909,7354.1904,0.0708,6.5e-05,-0.003,0.0689,0.0124,ROTATE1
192.8916,257.5888,10.6817,0.0487,321.9833,89.6135,0.0092,238.0221,3711.6333,0.067,0.000146,-0.0044,0.0652,0.0129,ROTATE1
256.7102,300.9648,-6.0484,0.0495,395.6216,73.6383,0.0008,258.9309,7678.9985,0.0617,0.000161,-0.0035,0.0587,0.006,ROTATE1
307.765,296.4187,-30.4731,0.0909,428.383,32.7613,0.0414,309.3209,9521.4785,0.0636,0.00025,-0.0006,0.049,-0.0148,ROTATE1
332.187,231.5912,-49.8441,0.1418,408.0038,20.3791,0.0509,357.2724,5189.4062,0.0778,0.001262,0.005,0.039,-0.0452,ROTATE1
277.0777,136.7917,-63.444,0.1514,315.4508,92.5531,0.0096,373.8885,2142.9893,0.0965,0.001917,0.011,0.0303,-0.0781,ROTATE1
161.7559,76.5834,-70.5209,0.121,192.3621,123.0886,0.0303,347.9643,7522.4585,0.1109,0.001372,0.0155,0.0202,-0.1032,ROTATE1
115.2829,50.8323,-71.2323,0.0937,144.7346,47.6275,0.0274,297.7869,12810.9004,0.1198,0.0006,0.0164,0.0099,-0.1171,ROTATE1
74.6544,41.5877,-65.6358,0.0835,107.7538,36.9808,0.0101,233.6611,12510.2207,0.1183,0.000693,0.0158,0.0018,-0.1167,ROTATE1
66.8392,31.3764,-52.9618,0.0765,90.8675,16.8863,0.0071,170.2338,6486.1182,0.1052,0.000762,0.0148,-0.0039,-0.1037,ROTATE1
64.8401,25.4012,-38.4194,0.07,79.5331,11.3345,0.0064,123.0502,1687.5603,0.089,0.000319,0.0134,-0.0086,-0.0874,ROTATE1
65.6721,26.2803,-19.4918,0.0646,73.3717,6.1614,0.0054,99.2522,653.975,0.0777,0.000104,0.0123,-0.0117,-0.0756,ROTATE1
62.6158,25.1555,2.7847,0.065,67.5373,5.8344,0.0005,83.8127,203.0333,0.0719,5.2e-05,0.0123,-0.014,-0.0692,ROTATE1
52.1395,17.065,22.5215,0.065,59.304,8.2334,0.0,74.1227,114.6376,0.0682,2.1e-05,0.0131,-0.0147,-0.0651,ROTATE1
38.0179,4.377,32.3953,0.0651,50.1395,9.1644,0.0001,65.9771,107.2476,0.066,4e-06,0.0142,-0.0132,-0.0627,ROTATE1
28.7205,-10.3046,34.7256,0.0671,46.2269,3.9127,0.002,59.3159,104.1371,0.0654,1e-06,0.0152,-0.0094,-0.0621,ROTATE1
27.7702,-26.5812,35.5524,0.0666,52.3614,6.1345,0.0004,55.1138,56.6396,0.0658,1e-06,0.0156,-0.004,-0.0628,ROTATE1
24.2224,-42.2025,36.8607,0.0614,61.0449,8.6835,0.0053,53.8153,31.1204,0.0651,4e-06,0.0153,0.002,-0.0625,ROTATE1
-83.0221,68.6349,-13.7115,0.0688,108.5883,47.5434,0.0075,63.6722,527.9533,0.0658,6e-06,0.0115,0.0098,-0.0374,ROTATE1
-3.4958,157.3048,-11.5067,0.0302,157.7638,49.1755,0.0387,85.1971,1798.6537,0.0588,0.000212,0.0045,0.0082,-0.0206,ROTATE1
-4.7716,154.772,13.5947,0.067,155.4411,2.3227,0.0369,107.0399,2004.6541,0.0588,0.000211,0.001,0.0036,-0.0207,ROTATE1
-106.2173,21.4176,-14.0368,0.1284,109.2605,46.1806,0.0614,118.4197,1278.1919,0.0712,0.001015,0.0011,-0.002,-0.033,ROTATE1
-185.852,-85.2659,-29.8825,0.0848,206.6499,97.3894,0.0435,147.5407,1328.6987,0.0758,0.001011,0.0028,-0.0038,-0.0376,ROTATE1
-251.0816,-159.8159,-45.7029,0.056,301.1176,94.4677,0.0289,186.0466,4259.7114,0.0733,0.001073,0.0071,-0.0087,-0.061,ROTATE1
-303.2653,-205.1746,-53.153,0.0413,369.9887,68.8711,0.0147,228.4916,9065.0928,0.0755,0.000902,0.0132,-0.0077,-0.0731,ROTATE1
-345.0122,-247.8678,-41.6755,0.0377,426.8591,56.8704,0.0036,282.7752,12921.0449,0.0696,0.001139,0.014,-0.0073,-0.067,ROTATE1
-378.4098,-282.1974,-0.4904,0.0297,472.0482,45.1891,0.008,355.3327,8799.835,0.0499,0.000377,0.0091,-0.0068,-0.0465,ROTATE1
-405.1278,-297.8954,56.7702,0.0282,506.0564,34.0082,0.0015,415.2141,5336.2764,0.0386,9.9e-05,0.0008,-0.0104,-0.0279,ROTATE1
-426.5023,-308.1601,112.6099,0.0484,538.0965,32.0401,0.0201,462.6098,3506.3406,0.0371,5.6e-05,-0.0076,-0.0121,-0.009,ROTATE1
-443.6018,-307.4093,155.591,0.0737,561.6864,23.5899,0.0254,500.9493,2283.9236,0.0435,0.000279,-0.0151,-0.0113,0.0126,ROTATE1
-457.2814,-279.6899,192.9072,0.0601,569.6894,8.003,0.0136,529.5153,1315.072,0.048,0.000307,-0.0194,-0.0111,0.0307,ROTATE1
-468.2252,-253.3863,237.4476,0.0853,582.9415,13.2521,0.0251,551.694,733.5546,0.0591,0.000394,-0.0209,-0.0083,0.0521,ROTATE1
-476.9801,-223.8903,267.5363,0.0857,590.9421,8.0005,0.0005,568.6712,336.8542,0.0706,0.000211,-0.0197,-0.0021,0.0666,ROTATE1
-483.9841,-210.9654,303.3728,0.0782,608.9188,17.9767,0.0075,582.8356,273.2338,0.0766,8.8e-05,-0.0161,0.0026,0.0736,ROTATE1
-489.5873,-198.5723,328.8763,0.0925,622.3233,13.4045,0.0143,594.963,348.5577,0.0804,0.000123,-0.011,0.0076,0.0777,ROTATE1
-494.0698,-200.1672,315.5886,0.1125,619.4901,2.8332,0.0199,604.9232,241.9177,0.0908,0.000138,-0.0067,0.019,0.0873,ROTATE1
-497.6559,-204.3244,269.3865,0.1286,601.6468,17.8433,0.0161,608.6642,133.4308,0.0995,0.000342,-0.0007,0.0323,0.0926,ROTATE1
-500.5247,-195.9283,205.3279,0.155,575.3889,26.2579,0.0264,605.5536,282.389,0.1134,0.000727,0.0066,0.0455,0.1021,ROTATE1
-502.8198,-159.4551,138.6249,0.1694,545.4086,29.9803,0.0144,592.8515,842.2667,0.1316,0.000775,0.0127,0.0587,0.1161,ROTATE1
-504.6558,-104.3391,74.6186,0.1673,520.7034,24.7051,0.0021,572.5276,1296.5555,0.1465,0.000501,0.0166,0.0697,0.1275,ROTATE1
-497.7434,-39.8181,18.6574,0.1686,499.682,21.0215,0.0013,548.5659,1342.5958,0.1578,0.00024,0.0184,0.0756,0.1371,ROTATE1
-456.5135,24.3736,-24.9647,0.1655,457.8448,41.8372,0.0031,519.8055,1597.9844,0.1651,2.7e-05,0.0148,0.075,0.1457,ROTATE1
-381.7077,73.4051,-55.603,0.1653,392.6586,65.1862,0.0002,483.2595,2877.7375,0.1672,3e-06,0.0052,0.0686,0.1508,ROTATE1
-281.6287,107.8085,-58.6293,0.1592,307.2048,85.4538,0.0061,435.6187,6034.645,0.1652,1e-05,-0.0067,0.0605,0.1515,ROTATE1
-197.7498,121.2562,-38.169,0.1445,235.0849,72.1199,0.0147,378.495,9366.4063,0.1606,7.4e-05,-0.0171,0.0536,0.1489,ROTATE1
-149.0592,138.1206,-11.1634,0.1277,203.5204,31.5645,0.0168,319.2627,9043.9053,0.1525,0.000211,-0.0224,0.0525,0.1402,ROTATE1
-197.5661,111.9277,-8.7994,0.1082,227.2391,23.7187,0.0195,273.1415,4769.4131,0.141,0.000438,-0.0233,0.0576,0.122,ROTATE1
-260.4529,90.6578,-41.7177,0.1193,278.9174,51.6783,0.0111,250.3933,1401.7399,0.1318,0.000329,-0.0207,0.0666,0.1056,ROTATE1
-310.7623,88.1387,-37.1554,0.0808,325.1495,46.2321,0.0385,253.9823,1861.0475,0.1161,0.000453,-0.0172,0.0672,0.0887,ROTATE1
-351.0099,54.4454,8.1819,0.0522,355.3015,30.152,0.0285,278.0256,3264.6621,0.0976,0.000766,-0.0147,0.0641,0.0696,ROTATE1
-383.2079,-19.1593,25.9299,0.0547,384.5617,29.2602,0.0025,314.2339,3113.4097,0.083,0.000741,-0.0131,0.0578,0.0563,ROTATE1
-408.9663,-74.4931,21.6533,0.0555,416.2589,31.6972,0.0008,352.0378,2252.4771,0.0725,0.000654,-0.0105,0.0462,0.0531,ROTATE1
-429.5731,-73.4226,13.6258,0.0534,436.0155,19.7566,0.0022,383.4575,1606.4172,0.0593,0.000116,-0.0074,0.0312,0.0483,ROTATE1
-412.8397,-49.3756,5.0319,0.0513,415.8123,20.2032,0.0021,401.59,807.031,0.0534,2e-06,-0.0035,0.0237,0.0454,ROTATE1
-370.6499,-25.9505,-4.012,0.0369,371.5789,44.2335,0.0143,404.8455,548.0419,0.0504,4.7e-05,0.0004,0.0173,0.0452,ROTATE1
-359.7762,-15.6854,-0.6534,0.0268,360.1185,11.4604,0.0101,399.9568,841.9574,0.0448,0.000123,0.0003,0.0065,0.0406,ROTATE1
-390.2209,-8.8639,19.9179,0.036,390.8294,30.7109,0.0092,394.8709,779.6012,0.0409,0.0001,-0.0026,-0.006,0.0329,ROTATE1
-332.1611,33.5432,59.9875,0.1443,339.1971,51.6324,0.1083,375.5073,685.9888,0.0591,0.001878,-0.0058,-0.024,0.0477,ROTATE1
-303.3695,116.619,100.8681,0.0768,340.3049,1.1078,0.0675,360.4058,380.8752,0.0642,0.001903,-0.008,-0.0339,0.0502,ROTATE1
-335.3487,154.4358,120.1695,0.0726,388.2652,47.9604,0.0042,363.743,500.0002,0.0713,0.001718,-0.0092,-0.0383,0.0564,ROTATE1
-313.9009,137.308,136.9512,0.0157,368.9755,19.2898,0.0569,365.5144,499.7107,0.0691,0.001935,-0.0093,-0.0318,0.0519,ROTATE1
-342.7207,92.1058,116.4891,0.0353,373.5113,4.5358,0.0196,362.0508,372.3337,0.0689,0.001944,-0.0072,-0.0197,0.0458,ROTATE1
-361.7985,40.769,78.5413,0.0468,372.4634,1.0479,0.0115,368.704,245.2937,0.0495,0.000525,-0.0027,0.0038,0.0194,ROTATE1
-391.8388,29.1683,53.9049,0.0227,396.6033,24.1399,0.0242,379.9637,112.8842,0.0386,0.000402,0.0014,0.0154,0.0091,ROTATE1
-415.871,-4.256,44.6958,0.0174,418.2876,21.6844,0.0053,385.9682,356.7917,0.0276,0.00014,0.0044,0.0232,-0.0032,ROTATE1
-435.0968,-21.561,38.1004,0.0258,437.2937,19.006,0.0084,399.6318,639.2068,0.0296,0.000108,0.0065,0.0232,0.002,ROTATE1
-450.4775,-27.7832,30.0272,0.0338,452.3312,15.0375,0.008,415.3958,809.6907,0.0293,0.000105,0.0072,0.0207,0.0124,ROTATE1
-462.782,-28.9172,15.8624,0.0315,463.9558,11.6246,0.0024,433.6943,577.8312,0.0262,3.5e-05,0.0058,0.0151,0.0193,ROTATE1
-472.6256,-30.7869,-1.832,0.0271,473.6308,9.675,0.0043,449.0998,384.3373,0.0271,3.2e-05,0.0038,0.0137,0.0221,ROTATE1
-480.5005,-38.6295,-12.3781,0.0201,482.2097,8.5789,0.0071,461.8842,250.2705,0.0277,2.3e-05,0.0025,0.0102,0.0248,ROTATE1
-486.8004,-60.2536,-19.9462,0.011,490.9205,8.7108,0.0091,472.6096,182.919,0.0247,6.9e-05,0.002,0.0056,0.0215,ROTATE1
-491.8403,-81.7623,-39.632,0.012,500.1626,9.2421,0.001,482.1758,160.9963,0.0203,6.5e-05,0.002,0.0013,0.0174,ROTATE1
-495.8722,-85.2286,-65.0181,0.0272,507.3268,7.1642,0.0152,490.85,145.8745,0.0195,4.9e-05,0.0021,-0.0055,0.0162,ROTATE1
-499.0978,-70.736,-81.7613,0.0423,510.6732,3.3463,0.0151,498.2585,110.2794,0.0225,0.000132,0.0024,-0.0138,0.0163,ROTATE1
-501.6782,-52.9044,-74.3778,0.0716,509.9137,0.7595,0.0293,503.7994,55.2339,0.0328,0.000507,0.0016,-0.0265,0.0177,ROTATE1
-503.7426,-40.1048,-31.8773,0.1064,506.3409,3.5728,0.0348,506.8835,13.8411,0.0519,0.00113,0.0002,-0.0446,0.0238,ROTATE1
-505.3941,-26.3026,17.1794,0.1027,506.3696,0.0286,0.0036,508.1248,3.3188,0.07,0.001,-0.0018,-0.0623,0.0296,ROTATE1
-506.7153,-3.7889,50.0998,0.0888,509.2001,2.8305,0.014,508.4995,3.2823,0.0824,0.000551,-0.0036,-0.0747,0.0334,ROTATE1
-507.7722,15.1064,63.1111,0.067,511.9022,2.7021,0.0218,508.7453,4.5926,0.0873,0.000253,-0.0046,-0.0806,0.033,ROTATE1
-508.6178,19.2945,58.2889,0.0525,512.3104,0.4082,0.0144,509.2246,6.6317,0.0835,0.00043,-0.004,-0.0778,0.0266,ROTATE1
-509.2942,8.5387,46.5061,0.0578,511.4844,0.8259,0.0053,510.2533,4.9317,0.0738,0.000363,-0.0027,-0.069,0.0166,ROTATE1
-509.8354,2.1778,41.4236,0.054,511.5201,0.0356,0.0038,511.2834,1.1748,0.064,0.000179,-0.0015,-0.0605,0.0063,ROTATE1
-510.2683,4.0391,28.4014,0.0532,511.0741,0.446,0.0007,511.6582,0.1751,0.0569,2.9e-05,0.0003,-0.0553,-0.0011,ROTATE1
-510.6147,23.9157,26.918,0.0766,511.8827,0.8086,0.0233,511.6543,0.1732,0.0588,8.2e-05,0.0015,-0.0577,-0.0026,ROTATE1
-510.8917,45.1794,48.7438,0.0881,515.1966,3.3139,0.0115,512.2316,2.2635,0.0659,0.000195,0.0022,-0.0647,0.0004,ROTATE1
-511.1134,54.6623,72.6294,0.0858,519.1338,3.9372,0.0022,513.7614,9.3395,0.0715,0.000229,0.0024,-0.0706,0.0016,ROTATE1
-511.2907,45.3361,74.6004,0.0801,518.6895,0.4443,0.0057,515.1953,11.1359,0.0768,0.000155,0.0022,-0.0744,-0.0031,ROTATE1
-511.4326,29.3657,49.0616,0.0659,514.6189,4.0706,0.0142,515.9043,7.3027,0.0793,6.2e-05,0.0022,-0.0748,-0.0109,ROTATE1
-500.5679,17.0895,10.4586,0.0622,500.9687,13.6501,0.0037,513.7215,43.9176,0.0764,0.00011,0.0027,-0.0704,-0.0205,ROTATE1
-386.82,25.0122,-11.3862,0.0684,387.795,113.1738,0.0062,488.2411,2565.7336,0.0725,8.1e-05,0.0043,-0.065,-0.0286,ROTATE1
-320.7654,21.5441,-40.1621,0.0592,323.987,63.808,0.0091,449.2118,6247.46,0.0672,5.2e-05,0.0059,-0.0565,-0.0349,ROTATE1
-301.1529,16.5728,-66.2953,0.0653,308.8087,15.1783,0.0061,407.2357,7462.6396,0.0642,1e-05,0.0086,-0.0498,-0.038,ROTATE1
-311.6411,7.6864,-92.6175,0.0682,325.2034,16.3947,0.003,369.3526,5067.1372,0.0647,1.2e-05,0.0108,-0.0457,-0.0422,ROTATE1
-310.5348,-21.5384,-117.9753,0.0786,332.8872,7.6838,0.0103,335.7363,738.4615,0.0679,3.9e-05,0.0106,-0.0423,-0.0497,ROTATE1
-258.1153,-80.0057,-122.3958,0.0877,296.6567,36.2305,0.0091,317.5086,169.6346,0.0718,0.000102,0.0058,-0.0405,-0.0576,ROTATE1
-175.4735,-146.1765,-107.3198,0.0916,252.3411,44.3156,0.0039,303.1794,805.2753,0.0783,0.000107,-0.0,-0.0442,-0.0626,ROTATE1
-44.0507,-209.0505,-85.7621,0.0949,230.2124,22.1288,0.0034,287.4601,1616.6809,0.0842,9.3e-05,-0.0073,-0.05,-0.0649,ROTATE1
67.1563,-269.6404,-72.6878,0.0928,287.2272,57.0148,0.0021,279.8649,1274.093,0.0891,3.3e-05,-0.0152,-0.0555,-0.0664,ROTATE1
156.1219,-318.1124,-26.2877,0.0816,355.3316,68.1045,0.0112,284.3538,1830.7155,0.0897,2.2e-05,-0.0213,-0.0595,-0.0632,ROTATE1
191.6507,-356.8899,24.2042,0.0736,405.8155,50.4839,0.0081,306.1855,4274.4062,0.0869,6.5e-05,-0.02,-0.0635,-0.0528,ROTATE1
170.5612,-377.0838,94.004,0.0725,424.4055,18.59,0.001,340.5984,5305.5073,0.0831,8.8e-05,-0.0159,-0.0635,-0.0322,ROTATE1
52.2177,-340.2233,124.6282,0.0811,366.0748,58.3307,0.0086,367.7709,2259.9551,0.0803,5.3e-05,-0.0081,-0.0557,-0.0047,ROTATE1
-35.5758,-283.8661,106.6182,0.1083,305.3082,60.7666,0.0272,371.3871,1729.738,0.0834,0.000169,0.0031,-0.0442,0.029,ROTATE1
-60.9201,-221.8367,73.4164,0.1083,241.4803,63.8279,0.0,348.6169,4534.8545,0.0888,0.000264,0.0158,-0.0329,0.06,ROTATE1
-118.0642,-184.8881,48.8706,0.0983,224.7467,16.7336,0.01,312.4031,5637.8428,0.0937,0.000211,0.0241,-0.02,0.0819,ROTATE1
-160.8388,-152.873,42.6246,0.0982,225.9561,1.2093,0.0002,272.7132,3048.2654,0.0988,9.9e-05,0.0289,-0.0107,0.093,ROTATE1
-191.2086,-120.3359,55.3435,0.0885,232.6034,6.6473,0.0097,246.0189,914.163,0.1003,5.5e-05,0.029,-0.0095,0.0949,ROTATE1
-245.0012,-98.3593,74.8341,0.0749,274.409,41.8056,0.0136,239.8391,334.1295,0.0936,0.000127,0.0245,-0.0129,0.0884,ROTATE1
-298.401,-82.8968,90.0486,0.0742,322.5272,48.1182,0.0006,256.0485,1438.3108,0.0868,0.000113,0.0185,-0.0159,0.0826,ROTATE1
-337.4052,-61.2112,96.9107,0.0776,356.3436,33.8164,0.0034,282.3679,2561.4636,0.0827,8.6e-05,0.0123,-0.0156,0.0798,ROTATE1
-356.9554,-38.8565,94.4036,0.0719,371.2668,14.9232,0.0058,311.43,2661.0012,0.0774,3.4e-05,0.0075,-0.0116,0.0754,ROTATE1
-370.8143,-25.8383,83.9166,0.0665,381.0681,9.8013,0.0053,341.123,1506.4963,0.073,1.4e-05,0.0043,-0.005,0.0717,ROTATE1
-381.0952,-17.28,70.8364,0.0638,388.0077,6.9396,0.0027,363.8427,539.7968,0.0708,2.5e-05,0.0023,0.0017,0.0699,ROTATE1
-333.2262,-34.0459,59.3379,0.0498,340.1761,47.8315,0.014,367.3725,297.9645,0.0659,8.7e-05,0.0005,0.0064,0.0653,ROTATE1
-331.5591,-38.2023,50.7797,0.0559,337.5936,2.5826,0.0061,363.6225,436.9312,0.0616,6.1e-05,-0.0004,0.008,0.061,ROTATE1
-307.7379,-21.2994,55.2081,0.0599,313.3755,24.218,0.004,352.0442,796.1385,0.0592,3.5e-05,-0.0001,0.0053,0.0585,ROTATE1
-294.7372,-13.3801,55.7915,0.0422,300.2695,13.1061,0.0177,335.8845,902.6492,0.0543,5.8e-05,0.0013,-0.0001,0.053,ROTATE1
-316.8273,-32.3885,35.0613,0.0369,320.4026,20.1331,0.0053,322.3635,224.404,0.0489,7.2e-05,0.004,-0.0045,0.0472,ROTATE1
-329.3399,-32.7264,8.0053,0.0364,331.0587,10.6561,0.0005,320.54,172.7422,0.0463,9.6e-05,0.0059,-0.0097,0.0435,ROTATE1
-353.9782,-44.9936,-34.4458,0.0205,358.485,27.4263,0.0159,324.7183,385.0842,0.0392,0.00016,0.0062,-0.0081,0.0358,ROTATE1
-385.5826,-57.3824,-41.4816,0.0408,392.0298,33.5448,0.0203,340.4492,1018.0621,0.0354,6e-05,0.0034,-0.0079,0.0316,ROTATE1
-410.8661,-52.6215,-8.804,0.0629,414.3156,22.2858,0.0221,363.2584,1266.1719,0.0395,0.000185,-0.001,-0.013,0.0329,ROTATE1
-431.0928,-35.741,58.1349,0.0714,436.4609,22.1453,0.0084,386.47,1431.7898,0.0464,0.000339,-0.0055,-0.023,0.0339,ROTATE1
-447.2743,-14.8772,126.5267,0.0759,465.0641,28.6032,0.0046,413.2711,1334.8156,0.0543,0.000431,-0.0077,-0.0332,0.0343,ROTATE1
-460.2194,18.5264,188.6807,0.0709,497.7404,32.6764,0.005,441.1222,1385.8436,0.0644,0.000157,-0.0066,-0.0489,0.0351,ROTATE1
-470.5755,30.1055,233.5602,0.0613,526.211,28.4706,0.0097,467.9584,1631.67,0.0685,3.1e-05,-0.0017,-0.0588,0.0311,ROTATE1
-478.8604,28.2063,258.8794,0.0523,545.0884,18.8774,0.009,494.113,1561.9078,0.0663,7.2e-05,0.0041,-0.0603,0.0243,ROTATE1
-485.4883,46.74,285.3223,0.0459,565.0596,19.9712,0.0063,519.8327,1242.3357,0.0613,0.000125,0.0079,-0.0574,0.0175,ROTATE1
-490.7907,48.3014,307.1922,0.0415,581.0126,15.9529,0.0045,543.0224,853.2479,0.0544,0.000113,0.0089,-0.0516,0.0084,ROTATE1
-495.0325,46.1192,332.7913,0.0461,598.2761,17.2635,0.0046,563.1295,649.4532,0.0494,4.7e-05,0.0059,-0.0457,-0.0008,ROTATE1
-498.426,34.8329,359.9455,0.0443,615.7943,17.5182,0.0018,581.0462,610.5663,0.046,1.3e-05,0.0015,-0.0387,-0.0119,ROTATE1
-501.1408,11.6319,352.5377,0.044,612.8297,2.9646,0.0003,594.5944,370.4572,0.0444,3e-06,-0.0032,-0.0273,-0.0225,ROTATE1
-503.3127,-6.0163,308.327,0.0586,590.2757,22.554,0.0146,599.6377,174.2924,0.0469,3.6e-05,-0.0064,-0.0099,-0.0315,ROTATE1
-505.0501,-11.9412,240.7616,0.0667,559.6288,30.6469,0.0081,595.361,406.765,0.0519,8.4e-05,-0.0089,0.0091,-0.036,ROTATE1
-506.4401,0.5971,185.4812,0.0554,539.3377,20.2911,0.0113,583.5732,893.8361,0.0538,7.6e-05,-0.0099,0.025,-0.0378,ROTATE1
-507.5521,34.2558,182.4599,0.0372,540.4389,1.1012,0.0182,568.5021,831.1735,0.0524,0.000111,-0.0104,0.0302,-0.0374,ROTATE1
-508.4417,73.889,211.4336,0.0424,555.5868,15.1479,0.0052,557.0536,340.4783,0.0521,0.000117,-0.0104,0.0246,-0.0361,ROTATE1
-509.1533,108.5393,239.1093,0.0357,572.8797,17.2929,0.0068,553.5744,157.7249,0.0475,0.000141,-0.0108,0.0156,-0.0349,ROTATE1
-509.7227,144.5315,243.6656,0.0426,583.1633,10.2836,0.0069,558.2812,303.34,0.0427,4.8e-05,-0.0103,0.0097,-0.0344,ROTATE1
-510.1781,172.8658,226.7637,0.0651,584.4537,1.2903,0.0225,567.3045,287.1489,0.0446,0.000112,-0.0096,0.0113,-0.0358,ROTATE1
-510.5425,187.5426,212.7923,0.0816,584.0432,0.4105,0.0165,576.0253,122.7805,0.0535,0.000297,-0.0102,0.0225,-0.0394,ROTATE1
-510.834,197.2591,205.0744,0.1007,584.7376,0.6945,0.0191,581.8555,20.4237,0.0651,0.000582,-0.0119,0.0402,-0.0466,ROTATE1
-511.0672,182.2323,207.0502,0.118,580.7479,3.9897,0.0173,583.4291,2.0797,0.0816,0.000697,-0.0118,0.0553,-0.0583,ROTATE1
-485.0319,143.639,208.1433,0.1289,547.0025,33.7454,0.0109,576.197,215.1412,0.0988,0.000542,-0.0101,0.0648,-0.0729,ROTATE1
-434.8474,99.6893,206.0084,0.1305,491.3956,55.6069,0.0016,557.5853,1293.3677,0.1119,0.000343,-0.007,0.0705,-0.0856,ROTATE1
-393.8685,69.0389,205.6067,0.1258,449.6364,41.7592,0.0047,530.704,2761.3523,0.1208,0.000119,-0.0023,0.0742,-0.0945,ROTATE1
-350.6479,58.1999,200.9041,0.126,408.2936,41.3428,0.0002,495.4152,3928.9878,0.1258,1.8e-05,0.0033,0.0787,-0.0976,ROTATE1
-283.7434,58.0787,182.5327,0.1334,342.3472,65.9464,0.0074,447.7351,4885.2231,0.1289,8e-06,0.007,0.0847,-0.0959,ROTATE1
-201.6822,51.4036,160.7668,0.1333,262.9905,79.3567,0.0,390.9326,6514.0181,0.1298,1.1e-05,0.0084,0.09,-0.0923,ROTATE1
-118.9676,37.6041,144.0884,0.1264,190.6013,72.3892,0.007,330.7738,8902.9004,0.129,1.3e-05,0.0075,0.0934,-0.0881,ROTATE1
-36.6429,22.8177,127.9707,0.1236,135.055,55.5462,0.0028,267.8575,9779.9473,0.1285,1.7e-05,0.0046,0.0968,-0.0841,ROTATE1
73.0826,-1.2709,118.0766,0.1244,138.8696,3.8146,0.0008,213.9727,6259.4917,0.1282,1.9e-05,0.0017,0.0974,-0.0831,ROTATE1
160.8629,-24.4886,103.9456,0.1182,193.0836,54.214,0.0062,184.12,2159.5757,0.1252,2.4e-05,-0.0017,0.0964,-0.0794,ROTATE1
231.0872,-13.2315,64.069,0.1205,240.1692,47.0856,0.0023,179.5557,1522.9343,0.1226,8e-06,-0.0036,0.0994,-0.0689,ROTATE1
287.2667,18.1961,23.5615,0.1149,288.8051,48.6359,0.0056,199.1965,3499.8586,0.1203,1.2e-05,-0.0052,0.1026,-0.0582,ROTATE1
332.2102,57.5443,-10.9633,0.1015,337.3354,48.5303,0.0134,239.6526,4856.8096,0.1159,6.1e-05,-0.0047,0.1026,-0.0492,ROTATE1
368.165,105.8386,-60.5894,0.0915,387.8381,50.5027,0.01,289.4463,4737.7461,0.1093,0.000123,-0.0032,0.1002,-0.0411,ROTATE1
396.9289,142.0771,-97.0309,0.0861,432.6124,44.7743,0.0053,337.3521,4684.9395,0.1029,0.000173,0.0015,0.0904,-0.0416,ROTATE1
419.94,134.2023,-111.5154,0.0667,454.7478,22.1354,0.0194,380.2678,3710.6316,0.0921,0.000258,0.0061,0.0686,-0.0472,ROTATE1
438.3489,108.8587,-83.9529,0.0804,459.3997,4.6519,0.0137,414.3867,2125.8193,0.0852,0.000134,0.009,0.0395,-0.0556,ROTATE1
453.076,80.737,-33.3311,0.1081,461.4188,2.0191,0.0277,439.2034,764.9755,0.0866,0.000184,0.0096,0.0138,-0.0697,ROTATE1
395.3296,2.3896,-24.7492,0.1205,396.1107,65.3081,0.0124,440.8579,605.9553,0.0924,0.000376,0.0089,-0.0015,-0.0855,ROTATE1
328.8261,-69.2258,-48.6463,0.1041,339.5369,56.5738,0.0164,422.2428,2299.0239,0.096,0.000383,0.0041,-0.0056,-0.0917,ROTATE1
281.3422,-84.9932,-75.9639,0.0612,303.5585,35.9784,0.043,392.0049,3990.5723,0.0949,0.000453,-0.0024,-0.003,-0.0906,ROTATE1
273.6862,-68.0445,-28.1399,0.053,283.4185,20.14,0.0081,356.8087,4201.5879,0.0894,0.000731,-0.0057,-0.0018,-0.0849,ROTATE1
321.3459,-79.2356,-14.3338,0.0497,331.2807,47.8622,0.0033,330.7811,1465.8313,0.0777,0.00084,-0.0073,0.0077,-0.0736,ROTATE1
359.4736,-102.2885,-21.3514,0.0432,374.3528,43.0721,0.0065,326.4295,973.0024,0.0623,0.000472,-0.009,0.0101,-0.0572,ROTATE1
389.9757,-112.7996,-30.2061,0.0312,407.0838,32.731,0.012,339.9389,2057.1616,0.0477,0.000101,-0.0109,0.0092,-0.0397,ROTATE1
414.3775,-128.2959,-53.2899,0.0398,437.045,29.9612,0.0086,366.6362,2965.6299,0.0434,5.9e-05,-0.0121,0.0087,-0.0347,ROTATE1
433.8989,-108.0617,-75.7007,0.0236,453.5153,16.4703,0.0162,400.6555,1932.8746,0.0375,8.4e-05,-0.0142,0.0161,-0.0279,ROTATE1
449.516,-66.6244,-89.2887,0.0267,463.1154,9.6001,0.0031,427.0225,1055.3331,0.0329,5.6e-05,-0.0168,0.01,-0.0175,ROTATE1
462.0097,-33.3745,-64.784,0.0558,467.7219,4.6064,0.0292,445.6963,483.0921,0.0354,0.000134,-0.019,-0.0032,-0.0065,ROTATE1
472.0046,5.5098,-35.9679,0.0581,473.4051,5.6832,0.0022,458.9605,162.5222,0.0408,0.000204,-0.0194,-0.0183,-0.0004,ROTATE1
480.0006,34.6141,-17.4087,0.0529,481.5618,8.1567,0.0052,467.8639,89.3576,0.0434,0.000226,-0.0192,-0.0314,0.0088,ROTATE1
486.3974,49.1788,-9.4957,0.0405,488.9695,7.4076,0.0124,474.9547,86.99,0.0468,0.000138,-0.0179,-0.0406,0.0118,ROTATE1
491.5148,52.7055,-12.2997,0.0269,494.4855,5.5161,0.0136,481.2288,95.8831,0.0468,0.000137,-0.0152,-0.0426,0.0115,ROTATE1
495.6087,47.9519,-21.6866,0.0212,498.3951,3.9096,0.0057,487.3634,80.6988,0.0399,0.000203,-0.0112,-0.0369,0.0094,ROTATE1
498.8839,35.0709,-31.7649,0.0242,501.1228,2.7277,0.003,492.9069,48.8655,0.0331,0.000141,-0.0079,-0.0311,0.0073,ROTATE1
501.504,19.0411,-30.4494,0.0289,502.7882,1.6654,0.0047,497.1522,24.6287,0.0283,4.3e-05,-0.0059,-0.027,0.0051,ROTATE1
503.6001,-2.489,-10.1595,0.0334,503.7087,0.9205,0.0045,500.1,11.1449,0.0269,1.7e-05,-0.0049,-0.0259,0.0047,ROTATE1
505.2769,-19.435,32.0505,0.0463,506.6653,2.9566,0.0129,502.536,7.5268,0.0308,7.7e-05,-0.0053,-0.0291,0.0075,ROTATE1
506.6184,-50.923,78.306,0.0367,515.1575,8.4922,0.0096,505.8885,24.7185,0.0339,5.6e-05,-0.0067,-0.0315,0.0094,ROTATE1
507.6917,-71.6446,88.4292,0.0171,520.2917,5.1342,0.0196,509.7223,46.9687,0.0325,9.2e-05,-0.0089,-0.0269,0.0057,ROTATE1
508.5502,-60.3626,98.6246,0.0099,521.5302,1.2385,0.0072,513.4706,51.1874,0.0287,0.000177,-0.0095,-0.0211,0.0058,ROTATE1
509.2371,-64.2151,101.8184,0.0209,523.2714,1.7412,0.011,517.3832,36.031,0.0262,0.000178,-0.0091,-0.0117,0.0078,ROTATE1
509.7865,-74.3064,87.686,0.0449,522.5826,0.6888,0.0239,520.5667,8.3287,0.0259,0.000167,-0.0084,0.0025,0.0109,ROTATE1
510.2261,-61.017,56.9457,0.0778,517.0073,5.5753,0.0329,520.9366,4.8737,0.0341,0.000615,-0.007,0.018,0.0205,ROTATE1
510.5778,-20.6292,5.5253,0.1153,511.0242,5.9831,0.0375,519.0832,21.0063,0.0538,0.00149,-0.003,0.0298,0.0425,ROTATE1
510.8591,41.056,-49.111,0.1278,514.8539,3.8297,0.0125,517.7479,21.6031,0.0773,0.001645,0.0028,0.0408,0.0645,ROTATE1
511.0842,90.2104,-93.1951,0.1139,527.2858,12.4319,0.0139,518.5508,33.0508,0.0959,0.000931,0.0093,0.0466,0.0822,ROTATE1
511.2642,106.6496,-112.4217,0.0898,534.2321,6.9463,0.0242,520.8807,73.5518,0.1049,0.000336,0.0157,0.0457,0.0919,ROTATE1
511.4083,107.7197,-107.5092,0.0777,533.573,0.6591,0.012,524.1938,91.7936,0.1049,0.000336,0.0209,0.0397,0.0936,ROTATE1
511.5235,110.2007,-89.3199,0.0739,530.8282,2.7448,0.0038,528.1546,50.2213,0.0966,0.000439,0.0242,0.03,0.0877,ROTATE1
511.6157,123.595,-73.034,0.066,531.3759,0.5477,0.0079,531.459,5.9959,0.0843,0.000279,0.0246,0.0212,0.0773,ROTATE1
511.6895,152.0822,-63.221,0.0488,537.5425,6.1667,0.0172,533.5103,5.7067,0.0712,0.000185,0.0231,0.0141,0.0658,ROTATE1
511.7484,182.5251,-56.708,0.0275,546.2762,8.7337,0.0213,535.9192,32.3937,0.0588,0.000344,0.0207,0.0093,0.054,ROTATE1
511.7957,208.5607,-47.7133,0.0124,554.7152,8.439,0.0151,540.1476,84.0714,0.0457,0.000532,0.0176,0.0055,0.0409,ROTATE1
511.8334,218.8861,-28.1644,0.013,557.3848,2.6696,0.0006,545.459,97.9149,0.0335,0.000439,0.0144,0.002,0.0254,ROTATE1
511.8636,210.0526,2.4779,0.0229,553.2925,4.0923,0.01,549.8423,51.3077,0.0249,0.000176,0.0105,-0.0018,0.0088,ROTATE1
511.8878,186.189,31.6229,0.0284,545.6147,7.6777,0.0055,551.4567,22.0191,0.0208,4.8e-05,0.005,-0.0047,-0.0053,ROTATE1
511.9071,165.5731,50.0983,0.0275,540.3454,5.2693,0.0009,550.2705,39.9369,0.0208,4.8e-05,-0.001,-0.0034,-0.0142,ROTATE1
511.9226,151.0366,62.4005,0.0251,537.3738,2.9716,0.0024,546.8022,57.2217,0.0234,3.1e-05,-0.0053,0.0011,-0.018,ROTATE1
485.4787,153.5137,67.0548,0.0305,513.5682,23.8056,0.0054,538.0389,178.9281,0.0269,7e-06,-0.0088,0.008,-0.0177,ROTATE1
404.9236,167.3547,54.3407,0.0562,441.5015,72.0667,0.0257,515.6808,1496.3998,0.0335,0.000132,-0.0119,0.0203,-0.0149,ROTATE1
243.3888,180.4025,32.7601,0.0659,304.7235,136.778,0.0097,467.5025,7896.6392,0.041,0.00028,-0.0157,0.0334,-0.0115,ROTATE1
92.3111,199.247,24.9112,0.0605,221.0006,83.7229,0.0054,403.6335,14908.8145,0.0476,0.000275,-0.0182,0.0421,-0.0105,ROTATE1
40.2082,169.1539,27.7665,0.0601,176.0702,44.9304,0.0004,331.3728,16466.9219,0.0546,0.000156,-0.0202,0.0482,-0.0135,ROTATE1
94.851,112.9794,34.3132,0.0606,151.4544,24.6158,0.0005,258.95,11056.96,0.0607,1e-05,-0.0215,0.0513,-0.0199,ROTATE1
97.3058,52.046,41.1974,0.0737,117.7897,33.6646,0.0131,194.2077,4185.625,0.0642,2.7e-05,-0.0216,0.0502,-0.0291,ROTATE1
141.4478,-9.332,11.8329,0.0861,142.2483,24.4585,0.0124,161.7126,1226.9038,0.0682,0.000107,-0.0154,0.0538,-0.0347,ROTATE1
215.5551,-44.0499,-28.3337,0.0771,221.8269,79.5787,0.009,161.8779,1246.609,0.0715,0.0001,-0.0075,0.0583,-0.0358,ROTATE1
274.8409,-43.1868,-56.1982,0.0591,283.8325,62.0056,0.018,183.4304,3716.4004,0.0713,0.000104,-0.0011,0.0597,-0.0334,ROTATE1
322.2696,-21.5151,-68.3367,0.0412,330.1371,46.3046,0.0179,219.1669,6539.3813,0.0675,0.000248,0.0045,0.0581,-0.0293,ROTATE1
360.2126,-3.9027,-73.8725,0.0367,367.7302,37.593,0.0045,269.155,6399.3145,0.0601,0.000374,0.0092,0.0528,-0.0242,ROTATE1
390.567,7.6997,-81.4292,0.0409,399.0395,31.3094,0.0042,320.5132,3914.5796,0.051,0.00023,0.0104,0.039,-0.0243,ROTATE1
414.8505,18.4004,-81.3684,0.0512,423.1552,24.1157,0.0104,360.7789,2452.533,0.0458,6.7e-05,0.0102,0.0229,-0.03,ROTATE1
434.2773,11.7953,-72.3072,0.0645,440.4137,17.2585,0.0132,392.0952,1556.0159,0.0469,0.0001,0.0097,0.0078,-0.0391,ROTATE1
449.8187,-10.9731,-63.2583,0.0702,454.3775,13.9638,0.0057,416.9432,946.6481,0.0527,0.000168,0.0084,-0.0039,-0.0486,ROTATE1
462.2518,-12.7847,-34.9379,0.0595,463.7466,9.3691,0.0107,436.1465,531.6084,0.0573,0.000106,0.0067,-0.019,-0.0484,ROTATE1
472.1984,15.5722,-27.694,0.0203,473.266,9.5195,0.0392,450.9918,311.4123,0.0531,0.000308,0.0049,-0.0212,-0.0446,ROTATE1
449.2212,53.5546,-20.1427,0.0274,452.8504,20.4156,0.0071,456.9308,121.8557,0.0484,0.000417,0.0003,-0.0226,-0.0386,ROTATE1
461.7738,61.0781,-20.6486,0.0277,466.2531,13.4027,0.0003,462.0987,57.9663,0.041,0.000397,-0.0036,-0.0211,-0.0309,ROTATE1
471.8159,58.7125,-29.3563,0.0225,476.3604,10.1073,0.0052,466.4953,67.392,0.0315,0.000204,-0.0056,-0.0171,-0.022,ROTATE1
479.8496,45.1981,-56.1163,0.0219,485.2294,8.869,0.0006,470.7919,117.6137,0.024,9e-06,-0.0071,-0.0075,-0.0207,ROTATE1
486.2766,23.7366,-86.6431,0.0167,494.5052,9.2758,0.0052,475.0397,210.8096,0.0232,1.7e-05,-0.0094,-0.0092,-0.0182,ROTATE1
491.4182,-2.9076,-104.1801,0.0417,502.3482,7.843,0.025,484.9393,163.4865,0.0261,7.3e-05,-0.0107,-0.0136,-0.0153,ROTATE1
495.5314,-45.0354,-104.1941,0.0614,508.366,6.0178,0.0197,493.3619,132.4744,0.0328,0.000277,-0.0139,-0.0222,-0.0116,ROTATE1
498.822,-107.1127,-111.5146,0.0589,522.2375,13.8716,0.0025,502.5373,157.2373,0.0401,0.000339,-0.0183,-0.032,-0.0069,ROTATE1
501.4545,-143.8339,-107.2898,0.0667,532.5936,10.356,0.0077,512.0101,188.2666,0.0491,0.000333,-0.0211,-0.0433,-0.0004,ROTATE1
503.5605,-160.7203,-84.4506,0.0711,535.2906,2.6971,0.0045,520.1672,168.8407,0.06,0.000101,-0.0221,-0.055,0.0017,ROTATE1
505.2453,-164.2387,-61.8136,0.0602,534.8533,0.4373,0.0109,526.6682,106.2109,0.0637,2.1e-05,-0.0195,-0.0596,0.003,ROTATE1
506.5931,-148.8441,-55.054,0.0515,530.8692,3.9841,0.0087,531.1688,22.4905,0.0617,4.6e-05,-0.013,-0.0581,0.0078,ROTATE1
507.6714,-94.4065,-55.5245,0.0609,519.3513,11.5179,0.0094,530.5916,34.1345,0.0621,4.4e-05,-0.0049,-0.0556,0.0162,ROTATE1
508.534,-14.4909,-54.5258,0.0823,511.6541,7.6973,0.0215,526.4037,87.5206,0.0652,0.000112,0.0018,-0.0519,0.0276,ROTATE1
509.2241,69.0792,-51.0644,0.0915,516.4191,4.7651,0.0092,522.6294,77.4181,0.0693,0.000227,0.0075,-0.0467,0.0428,ROTATE1
509.7762,145.4852,-52.4484,0.0982,532.7181,16.299,0.0067,522.2023,67.7071,0.0769,0.000321,0.0114,-0.0458,0.0586,ROTATE1
510.2178,193.8444,-60.0368,0.0985,549.0923,16.3742,0.0003,525.847,184.0147,0.0863,0.000196,0.0126,-0.0499,0.0687,ROTATE1
510.5711,203.0412,-62.4732,0.077,553.0023,3.91,0.0215,532.5771,277.7625,0.0895,7.4e-05,0.0116,-0.0561,0.0657,ROTATE1
510.8538,174.6329,-48.9161,0.0707,542.0895,10.9128,0.0063,538.6642,171.2514,0.0872,0.000129,0.0094,-0.0615,0.0506,ROTATE1
511.0799,118.7126,-24.836,0.0714,525.2734,16.816,0.0007,540.4351,105.0091,0.0832,0.000159,0.0077,-0.0652,0.0278,ROTATE1
511.2608,51.7295,2.3125,0.0669,513.8763,11.3971,0.0045,536.6668,219.9718,0.0769,0.000127,0.006,-0.0641,0.0029,ROTATE1
511.4055,-1.7883,25.5968,0.054,512.0488,1.8275,0.013,529.2581,255.4129,0.068,6e-05,0.0054,-0.0584,-0.0186,ROTATE1
511.5213,-33.0025,37.6962,0.0309,513.9691,1.9203,0.023,521.4515,128.4625,0.0588,0.000233,0.0067,-0.0489,-0.0274,ROTATE1
511.614,-42.4801,35.7226,0.0205,514.6159,0.6468,0.0104,515.9567,22.4298,0.0487,0.000398,0.0103,-0.0355,-0.0263,ROTATE1
511.688,-34.2747,9.5062,0.0293,512.9228,1.6931,0.0089,513.4866,0.809,0.0403,0.0003,0.0142,-0.0198,-0.0181,ROTATE1
511.7473,-21.3073,-25.5388,0.0363,512.827,0.0958,0.007,513.2767,0.8216,0.0342,0.000124,0.0172,-0.0038,-0.0083,ROTATE1
511.7947,-5.4865,-56.1217,0.0345,514.8918,2.0648,0.0018,513.8453,0.7185,0.0303,3e-05,0.0173,0.0102,0.0014,ROTATE1
511.8327,10.4108,-75.2192,0.035,517.435,2.5432,0.0005,514.5385,2.812,0.0311,3.4e-05,0.0141,0.0209,0.0078,ROTATE1
511.863,29.638,-88.8066,0.0349,520.3545,2.9195,0.0001,515.6863,8.2587,0.034,6e-06,0.0089,0.0279,0.0108,ROTATE1
508.1154,38.3448,-100.1047,0.0314,519.3,1.0544,0.0035,516.9617,7.7165,0.0344,3e-06,0.0031,0.0307,0.0107,ROTATE1
486.7924,39.0165,-107.9868,0.0266,500.1502,19.1498,0.0048,514.4263,54.3945,0.0325,1e-05,-0.0016,0.03,0.0099,ROTATE1
448.1433,33.7132,-113.7801,0.0228,463.5891,36.5611,0.0038,504.1658,465.9562,0.0302,2.3e-05,-0.0041,0.0282,0.0068,ROTATE1
392.3834,26.4987,-116.0085,0.0169,410.0303,53.5588,0.0059,482.6848,1741.6084,0.0265,4e-05,-0.0041,0.0253,0.0022,ROTATE1
312.1973,14.6552,-112.363,0.0117,332.1255,77.9048,0.0053,445.0391,4574.2222,0.0219,4.9e-05,-0.0038,0.0207,-0.0018,ROTATE1
209.261,4.5116,-95.3342,0.0219,229.9981,102.1275,0.0102,387.1786,9371.9824,0.02,2.7e-05,-0.0056,0.014,-0.0062,ROTATE1
65.0088,-12.8313,-65.4392,0.0599,93.1293,136.8687,0.0379,305.7745,17485.8281,0.0266,0.000292,-0.0096,0.0049,-0.0167,ROTATE1
-50.393,-58.7838,-15.267,0.0967,78.9181,14.2113,0.0369,228.8403,16878.625,0.0414,0.001053,-0.0127,-0.0077,-0.033,ROTATE1
-142.7144,-149.427,32.1989,0.1149,209.1234,130.2053,0.0182,188.6589,8775.8682,0.061,0.00163,-0.0138,-0.0211,-0.0525,ROTATE1
-216.5715,-178.3416,127.3685,0.0915,308.1099,98.9865,0.0234,183.8557,7489.9687,0.077,0.001074,-0.0144,-0.0409,-0.0535,ROTATE1
-275.6572,-188.6546,204.2917,0.0801,391.5514,83.4416,0.0115,216.1664,14647.6641,0.0886,0.000334,-0.0094,-0.0516,-0.039,ROTATE1
-318.632,-174.6768,234.8333,0.1001,432.6489,41.0974,0.0201,284.0703,16382.0293,0.0967,0.00013,-0.0006,-0.0468,-0.0091,ROTATE1
-188.4494,-157.5414,170.8292,0.1245,299.1907,133.4582,0.0244,328.1248,6069.4658,0.1022,0.000254,0.0065,-0.0277,0.0301,ROTATE1
-68.3814,-141.4019,89.6383,0.1328,180.8467,118.344,0.0082,322.4695,7543.3843,0.1058,0.000395,0.0096,-0.0035,0.0731,ROTATE1
26.1043,-122.3434,26.7669,0.1307,127.9289,52.9178,0.002,286.4333,13772.7451,0.1136,0.000417,0.0125,0.0248,0.0994,ROTATE1
110.6834,-94.181,-9.8083,0.1297,145.6608,17.7319,0.001,237.2552,13107.6748,0.1236,0.000145,0.0118,0.0421,0.1134,ROTATE1
174.0811,-56.4542,-25.7186,0.1229,184.8046,39.1438,0.0068,187.6864,3565.0806,0.1281,1.4e-05,0.0095,0.045,0.1181,ROTATE1
216.1993,-21.4352,-35.8092,0.1088,220.1906,35.386,0.0141,171.8863,1040.1008,0.125,7.6e-05,0.0079,0.0368,0.1175,ROTATE1
265.5063,2.68,-41.5849,0.0875,268.7565,48.5659,0.0213,189.4683,2591.6848,0.1159,0.000263,0.0074,0.0244,0.1123,ROTATE1
299.4613,14.2596,-42.1429,0.0676,302.7481,33.9916,0.0199,224.4321,3178.2583,0.1033,0.000527,0.0064,0.0152,0.1018,ROTATE1
317.7097,16.6702,-39.2612,0.0561,320.5601,17.812,0.0115,259.412,2561.8013,0.0886,0.000616,0.0048,0.0103,0.0878,ROTATE1
329.0052,19.0924,-38.4027,0.0527,331.7887,11.2286,0.0034,288.8088,1632.0542,0.0746,0.000441,0.003,0.0084,0.0739,ROTATE1
335.3792,25.6739,-41.0972,0.0522,338.8618,7.0732,0.0005,312.543,628.1088,0.0632,0.000178,0.0013,0.0088,0.0624,ROTATE1
356.269,29.7141,-83.3121,0.1031,367.085,28.2232,0.0509,332.2087,452.883,0.0664,0.000369,0.0036,0.0238,0.0567,ROTATE1
387.4121,29.9057,-158.4684,0.0894,419.6364,52.5514,0.0138,355.5864,1261.5017,0.0707,0.000456,0.0047,0.0348,0.0564,ROTATE1
346.4359,-10.5098,-140.5935,0.0706,374.0252,45.6112,0.0188,366.2794,969.7903,0.0736,0.000405,0.0044,0.0258,0.0335,ROTATE1
370.5456,-21.9266,-68.8311,0.0325,377.5216,3.4964,0.0381,375.426,673.4852,0.0696,0.000639,0.0041,0.0178,0.0209,ROTATE1
380.7896,-3.6132,-31.9023,0.0177,382.1407,4.6192,0.0148,384.0818,340.1922,0.0627,0.00107,0.0036,0.0137,0.0143,ROTATE1
407.0286,14.0688,-24.6313,0.0258,408.0158,25.8751,0.0082,392.2679,329.9685,0.0472,0.000775,-0.0008,0.0012,0.0055,ROTATE1
428.0197,16.7426,-30.83,0.0475,429.4551,21.4393,0.0217,394.2317,452.8826,0.0388,0.000349,-0.0043,-0.0039,-0.0015,ROTATE1
444.8127,31.8784,-33.039,0.0569,447.1758,17.7206,0.0093,408.8618,717.7966,0.0361,0.000204,-0.0073,0.0119,0.0177,ROTATE1
458.247,42.6027,-38.9375,0.0566,461.8674,14.6916,0.0002,425.731,798.7043,0.0409,0.000263,-0.0101,0.0254,0.028,ROTATE1
468.9945,52.6259,-34.475,0.05,473.1954,11.328,0.0067,443.9419,537.6194,0.0474,0.000129,-0.0125,0.0325,0.0319,ROTATE1
477.5925,66.1601,-32.6518,0.0445,483.2576,10.0622,0.0055,458.9902,362.1749,0.0511,2.4e-05,-0.013,0.034,0.0357,ROTATE1
484.4709,83.0187,-39.359,0.0384,493.1057,9.8481,0.006,471.7204,258.4275,0.0493,5.1e-05,-0.0113,0.0321,0.0353,ROTATE1
489.9736,95.4744,-48.7622,0.0327,501.5648,8.459,0.0058,482.5981,197.751,0.0444,7.1e-05,-0.0079,0.0288,0.0325,ROTATE1
494.3758,97.8139,-65.8535,0.0341,508.2437,6.6789,0.0014,491.8734,157.3057,0.0399,4.2e-05,-0.005,0.0267,0.0288,ROTATE1
497.8975,96.9698,-80.4734,0.0344,513.5962,5.3525,0.0003,499.9536,116.6183,0.0368,1.8e-05,-0.0023,0.0253,0.0265,ROTATE1
500.7149,95.5446,-94.5225,0.0323,518.4387,4.8425,0.0021,506.9898,79.6982,0.0344,5e-06,-0.0009,0.0241,0.0245,ROTATE1
502.9688,100.8076,-105.2618,0.0296,523.66,5.2213,0.0027,513.1007,59.3811,0.0326,3e-06,-0.0003,0.0215,0.024,ROTATE1
504.7719,125.9773,-110.9625,0.0402,531.9564,8.2964,0.0106,519.179,66.9277,0.0341,1.2e-05,-0.0003,0.0177,0.0274,ROTATE1
506.2144,165.5225,-109.0357,0.0281,543.6354,11.679,0.0121,526.2573,112.5321,0.0329,1.8e-05,0.0009,0.0125,0.0286,ROTATE1
507.3684,197.1086,-119.216,0.0111,557.2136,13.5781,0.017,534.9808,196.0298,0.0283,9.1e-05,0.0022,0.0095,0.0244,ROTATE1
508.2916,223.7306,-139.7541,0.0273,572.6666,15.453,0.0162,545.8264,307.7178,0.0273,8.7e-05,0.0033,0.0082,0.0153,ROTATE1
509.0302,224.9564,-164.3939,0.0497,580.2951,7.6285,0.0224,557.1534,318.7647,0.0313,0.000171,0.003,0.0101,0.001,ROTATE1
509.621,209.1807,-178.3026,0.0838,579.0181,1.277,0.0341,566.5658,198.8079,0.04,0.00063,0.0016,0.0122,-0.0235,ROTATE1
510.0937,176.0446,-181.7952,0.0808,569.418,9.6002,0.003,571.7223,68.6854,0.0506,0.000823,-0.0003,0.014,-0.045,ROTATE1
510.4719,140.7357,-177.7987,0.082,558.57,10.848,0.0012,571.9935,61.1077,0.0647,0.000509,-0.001,0.0142,-0.0621,ROTATE1
510.7744,103.4542,-161.3171,0.0745,545.5424,13.0276,0.0076,566.5687,171.5214,0.0742,0.000159,-0.001,0.0118,-0.0726,ROTATE1
511.0164,79.6071,-137.6443,0.0576,535.1831,10.3593,0.0168,557.5463,249.4462,0.0757,9.2e-05,-0.0002,0.0067,-0.0751,ROTATE1
477.4225,84.9169,-115.3217,0.0416,498.4398,36.7433,0.016,541.4307,596.2405,0.0673,0.000241,0.0015,0.0018,-0.0667,ROTATE1
383.8817,108.1054,-95.3792,0.0397,410.06,88.3798,0.0019,509.559,2875.4341,0.0591,0.000289,0.0019,-0.0038,-0.0576,ROTATE1
204.7054,139.7375,-70.2377,0.0553,257.6125,152.4474,0.0156,449.3675,11467.4121,0.0537,0.000158,0.0006,-0.0123,-0.0503,ROTATE1
61.3643,168.2087,-25.3652,0.0731,180.8401,76.7724,0.0178,376.4271,18718.582,0.0535,0.000147,-0.0009,-0.0208,-0.0478,ROTATE1
-53.3085,178.2139,17.8235,0.0843,186.868,6.0279,0.0112,306.7641,16011.4785,0.0588,0.000306,-0.0009,-0.0257,-0.0522,ROTATE1
-145.0468,178.8148,18.5056,0.0853,230.9887,44.1207,0.001,253.2739,6950.7437,0.0676,0.000311,-0.0,-0.0221,-0.0611,ROTATE1
-218.4375,171.5425,-4.3486,0.1009,277.7781,46.7894,0.0155,226.8175,1454.5194,0.0798,0.000228,0.0011,-0.0151,-0.0741,ROTATE1
-277.15,88.8684,-24.1664,0.1317,292.0509,14.2728,0.0309,233.7052,2068.4915,0.0951,0.000414,0.0027,-0.0077,-0.0914,ROTATE1
-324.12,-31.3053,-25.2487,0.1229,326.6057,34.5548,0.0088,262.8583,2385.7466,0.105,0.000373,0.0025,-0.0001,-0.1036,ROTATE1
-297.5429,-119.8286,-14.2927,0.0796,321.084,5.5217,0.0434,289.7015,1188.332,0.1041,0.000417,0.0008,0.0044,-0.1036,ROTATE1
-244.1281,-147.4598,-1.1779,0.0284,285.2092,35.8748,0.0512,300.5456,385.3361,0.0927,0.001362,-0.0014,0.0021,-0.0922,ROTATE1
-180.7181,-123.1741,12.8826,0.0095,219.0818,66.1274,0.0189,288.8063,1471.1241,0.0744,0.0024,-0.0021,-0.0012,-0.0704,ROTATE1
-80.1463,-68.4611,18.1124,0.0346,106.9505,112.1312,0.0252,251.7863,6712.8374,0.055,0.001683,-0.0019,-0.0008,-0.0373,ROTATE1
38.2798,-5.9283,15.5336,0.0502,41.7347,65.2159,0.0156,194.812,11171.5186,0.0405,0.000553,0.001,0.0015,-0.0032,ROTATE1
133.0207,97.6542,26.5675,0.0604,167.1428,125.4081,0.0101,164.0238,7187.7993,0.0366,0.000312,0.0045,0.0047,0.0243,ROTATE1
208.8135,180.5203,26.1759,0.0431,277.2649,110.1221,0.0172,162.4349,6812.8032,0.0396,0.000298,0.0092,0.0094,0.0365,ROTATE1
269.4476,168.1475,28.8376,0.0458,318.9157,41.6508,0.0027,182.4017,10669.6035,0.0468,7.2e-05,0.0135,0.0129,0.0272,ROTATE1
317.955,136.218,24.9326,0.0434,346.803,27.8874,0.0025,230.3722,12635.418,0.0486,4.1e-05,0.015,0.0155,0.0131,ROTATE1
356.7609,112.1088,19.4804,0.051,374.4679,27.6648,0.0076,296.9189,5242.8506,0.0487,4.2e-05,0.0152,0.0194,-0.0044,ROTATE1
387.8056,70.4245,13.4312,0.0752,394.377,19.9091,0.0242,342.3657,1708.6858,0.0517,0.000146,0.0136,0.0222,-0.0303,ROTATE1
412.6414,-5.976,19.4419,0.0867,413.1423,18.7654,0.0115,369.5412,1124.4226,0.0604,0.0003,0.0092,0.0227,-0.0536,ROTATE1
432.51,-22.8308,26.5785,0.0635,433.9269,20.7845,0.0232,392.5434,911.8353,0.064,0.000247,0.0027,0.0231,-0.0581,ROTATE1
448.4049,-10.4803,25.3878,0.0483,449.2453,15.3184,0.0152,413.0319,716.6425,0.065,0.00021,-0.0024,0.023,-0.0592,ROTATE1
461.1208,4.2314,19.5321,0.0495,461.5536,12.3084,0.0011,430.449,586.7216,0.0646,0.000219,-0.0072,0.0205,-0.0602,ROTATE1
471.2935,13.2632,9.4788,0.0542,471.5754,10.0217,0.0047,445.8887,426.3745,0.0604,0.000201,-0.0106,0.02,-0.0556,ROTATE1
479.4317,1.3418,-5.3013,0.0624,479.4629,7.8875,0.0083,459.1528,261.4181,0.0556,4e-05,-0.0127,0.0199,-0.0502,ROTATE1
485.9423,-20.5953,-22.5911,0.0661,486.9029,7.44,0.0037,469.748,175.9034,0.0561,5e-05,-0.0136,0.021,-0.0502,ROTATE1
491.1507,-25.4981,-29.9322,0.0706,492.7221,5.8193,0.0044,478.4434,121.7835,0.0606,6e-05,-0.0175,0.0238,-0.0523,ROTATE1
495.3174,-3.2953,-40.7989,0.0571,497.0058,4.2837,0.0135,485.5338,83.3695,0.0621,3.5e-05,-0.0218,0.0233,-0.052,ROTATE1
498.6508,39.245,-55.8048,0.0417,503.2961,6.2903,0.0154,491.878,67.2536,0.0596,0.0001,-0.0253,0.02,-0.0481,ROTATE1
501.3176,65.0554,-64.2657,0.0309,509.5896,6.2935,0.0107,497.9033,62.8625,0.0533,0.000223,-0.0266,0.015,-0.0413,ROTATE1
503.4509,86.063,-65.9782,0.0148,514.9979,5.4082,0.0161,503.5223,65.532,0.043,0.00038,-0.0253,0.0082,-0.0309,ROTATE1
505.1576,113.2192,-70.3888,0.0124,522.4532,7.4554,0.0024,509.4686,78.5217,0.0314,0.00028,-0.0186,-0.0001,-0.0185,ROTATE1
506.523,139.4535,-84.0548,0.024,532.0507,9.5975,0.0116,516.4775,100.323,0.0247,0.000115,-0.0098,-0.0048,-0.0058,ROTATE1
507.6153,163.2909,-94.4907,0.0334,541.5401,9.4894,0.0094,524.1263,132.6958,0.0231,7e-05,0.0001,-0.0087,0.0044,ROTATE1
508.4891,172.4984,-94.9894,0.0418,545.2888,3.7487,0.0084,531.2661,129.0255,0.0253,0.000123,0.0092,-0.014,0.0121,ROTATE1
509.1882,160.2237,-79.704,0.0543,539.7194,5.5694,0.0125,536.2104,65.9395,0.0332,0.000207,0.0156,-0.0219,0.0127,ROTATE1
502.3162,108.4165,-44.5039,0.0706,515.8065,23.9129,0.0163,534.8811,109.5847,0.0448,0.000265,0.0191,-0.0327,0.0056,ROTATE1
455.7686,41.4894,0.5782,0.0872,457.6535,58.153,0.0167,520.0016,1079.405,0.0574,0.000378,0.0201,-0.0462,-0.0069,ROTATE1
378.0274,-36.2866,43.3907,0.0893,382.2357,75.4177,0.0021,488.1408,3767.3965,0.0686,0.000341,0.018,-0.0583,-0.021,ROTATE1
250.7438,-94.1793,76.0438,0.0872,278.4328,103.8029,0.0021,434.7696,9061.2168,0.0777,0.000183,0.0141,-0.067,-0.0334,ROTATE1
98.195,-124.3497,94.9788,0.0803,184.7324,93.7004,0.0069,363.7722,14321.4121,0.0829,4.8e-05,0.0093,-0.0709,-0.041,ROTATE1
-23.844,-130.0704,101.8924,0.0748,166.9398,17.7926,0.0055,293.9988,12578.8086,0.0838,3e-05,0.0039,-0.0712,-0.0431,ROTATE1
-121.4752,-120.6,101.1327,0.0712,198.8175,31.8777,0.0036,242.2317,6354.2969,0.0806,4.9e-05,-0.0007,-0.0681,-0.0423,ROTATE1
-199.5802,-154.4144,81.6218,0.0935,265.2134,66.3959,0.0223,218.8272,1991.9313,0.0814,6.6e-05,-0.0017,-0.0559,-0.0513,ROTATE1
-262.0641,-220.4784,-18.8151,0.0903,342.9903,77.7769,0.0031,231.7387,4197.9536,0.082,7.5e-05,0.0019,-0.0421,-0.0593,ROTATE1
-312.0513,-215.7734,-71.1396,0.0442,385.9987,43.0084,0.0461,271.992,6894.9424,0.0748,0.000308,0.005,-0.0364,-0.0534,ROTATE1
-352.041,-145.9874,-63.4617,0.0984,386.3581,0.3594,0.0542,315.8756,5377.8994,0.0795,0.000397,0.0062,-0.0385,-0.0332,ROTATE1
-384.0328,-82.165,-29.3662,0.1035,393.8206,7.4625,0.0051,354.8763,2331.4165,0.086,0.000456,0.0065,-0.0419,-0.0118,ROTATE1
-406.8919,-46.2476,-0.2961,0.077,409.5118,15.6912,0.0265,383.7359,487.6602,0.0827,0.00045,0.0047,-0.0511,0.0163,ROTATE1
-394.7729,-36.9168,17.4413,0.0595,396.8787,12.6331,0.0175,394.5136,74.0072,0.0765,0.000508,-0.0004,-0.059,0.0417,ROTATE1
-347.4496,-31.271,25.9811,0.0449,349.8201,47.0586,0.0146,387.2779,406.6526,0.0767,0.000499,-0.003,-0.0563,0.0516,ROTATE1
-308.0722,-21.823,25.4474,0.0348,309.8907,39.9294,0.0101,371.9844,1370.3466,0.0639,0.000594,-0.0015,-0.0435,0.0453,ROTATE1
-273.4077,-12.7334,16.9923,0.0293,274.231,35.6597,0.0055,348.0665,2614.0596,0.0491,0.000301,0.0015,-0.0279,0.0371,ROTATE1
-265.8231,-15.093,10.022,0.0077,266.4397,7.7913,0.0216,319.4521,2372.7534,0.0352,0.000295,0.004,-0.0159,0.0279,ROTATE1
-315.0584,-54.4775,30.0113,0.0224,321.1391,54.6993,0.0147,304.3041,944.8864,0.0278,0.000155,0.004,-0.0114,0.0187,ROTATE1
-354.4467,-69.0289,43.7591,0.0191,363.7477,42.6086,0.0033,307.0897,1229.493,0.0226,8.5e-05,0.0028,-0.0095,0.0129,ROTATE1
-385.9574,-77.7231,63.9291,0.0191,398.8621,35.1144,0.0001,324.8839,2595.7231,0.0195,4.9e-05,0.0006,-0.0103,0.0086,ROTATE1
-411.1659,-83.3097,82.3527,0.019,427.5277,28.6656,0.0002,355.5432,3249.7349,0.0175,2.6e-05,-0.0021,-0.0119,0.0063,ROTATE1
-266.2578,-162.3884,58.1009,0.0992,317.2364,110.2913,0.0803,365.7026,1852.1195,0.0358,0.001009,-0.0052,0.0032,-0.0068,ROTATE1
-292.125,-187.3045,58.687,0.0709,351.9434,34.707,0.0284,371.8634,1454.8453,0.0455,0.001125,-0.0061,0.0216,-0.006,ROTATE1
-336.1,-173.3592,64.8089,0.056,383.6884,31.7451,0.0148,375.8516,1453.733,0.0528,0.000954,-0.0064,0.0351,-0.0029,ROTATE1
-371.28,-135.2999,81.7909,0.0543,403.5401,19.8517,0.0017,376.7872,1500.2922,0.0599,0.000678,-0.006,0.0451,0.0031,ROTATE1
-399.424,-92.1587,112.8702,0.0514,425.1734,21.6333,0.003,376.3163,1453.3962,0.0664,0.000316,-0.0053,0.0499,0.0094,ROTATE1
-421.9392,-31.5394,155.0587,0.0737,450.6336,25.4602,0.0223,402.9958,1148.1251,0.0613,8.4e-05,-0.005,0.0358,0.0368,ROTATE1
-439.9514,19.8372,198.722,0.0633,483.1574,32.5239,0.0103,429.2386,1223.3479,0.0598,6.4e-05,-0.0043,0.0203,0.0498,ROTATE1
-454.3611,52.6604,250.9588,0.0521,521.7255,38.568,0.0112,456.846,1756.9801,0.059,7.2e-05,-0.0024,0.0062,0.0547,ROTATE1
-465.8889,56.7283,302.817,0.0568,558.5416,36.8161,0.0047,487.8463,2296.0566,0.0595,6.9e-05,0.0009,-0.0058,0.0564,ROTATE1
-475.1111,60.9201,338.6661,0.0628,586.6315,28.09,0.006,520.1379,2419.4341,0.0618,5.3e-05,0.0054,-0.0116,0.0584,ROTATE1
-482.4889,91.9017,353.7579,0.0971,605.2984,18.6669,0.0343,551.0709,1946.8767,0.0664,0.000253,0.0107,-0.0103,0.0626,ROTATE1
-488.3911,164.9651,336.8876,0.11,615.8187,10.5203,0.0129,577.6031,1158.9248,0.0758,0.000543,0.0145,-0.0004,0.0701,ROTATE1
-493.1129,215.144,301.4726,0.099,616.7114,0.8927,0.011,596.6003,479.4602,0.0852,0.000451,0.0159,0.0199,0.0714,ROTATE1
-496.8903,204.7933,256.5281,0.1109,595.5224,21.189,0.0119,603.9965,135.2958,0.096,0.000305,0.0145,0.0469,0.0632,ROTATE1
-499.9122,160.7815,215.2287,0.1087,567.5265,27.9959,0.0021,600.1755,326.3994,0.1051,3.4e-05,0.0108,0.071,0.0523,ROTATE1
-502.3298,119.9877,193.1517,0.1003,551.3981,16.1284,0.0085,589.3954,680.7874,0.1058,2.6e-05,0.0058,0.0885,0.0356,ROTATE1
-504.2638,76.3058,174.7526,0.1021,539.1132,12.2849,0.0018,574.0543,811.4601,0.1042,2.2e-05,0.0013,0.1004,0.0169,ROTATE1
-505.8111,35.1822,148.1552,0.1073,528.2354,10.8779,0.0052,556.3591,554.2904,0.1058,1.6e-05,-0.0014,0.1051,0.0099,ROTATE1
-507.0489,8.9488,109.8867,0.1315,518.8966,9.3387,0.0242,541.034,293.365,0.11,0.000125,-0.0006,0.1063,0.0203,ROTATE1
-371.1454,18.4997,44.8625,0.1772,374.3044,144.5923,0.0457,502.3896,4219.354,0.1237,0.000841,0.0031,0.1114,0.0424,ROTATE1
-368.5725,-12.0534,11.965,0.1011,368.9636,5.3407,0.0761,465.9026,5968.1865,0.1238,0.000834,0.0033,0.1117,0.0404,ROTATE1
-397.258,-69.8114,-17.4811,0.0926,403.7241,34.7605,0.0085,438.8248,4936.2539,0.1219,0.000931,0.0046,0.1095,0.0356,ROTATE1
-406.7752,-135.121,-34.7162,0.0743,430.0337,26.3095,0.0183,419.1845,2967.1191,0.1153,0.001299,0.0057,0.1032,0.0336,ROTATE1
-299.092,-164.5,-50.1823,0.0811,345.0138,85.0198,0.0069,384.4079,869.4655,0.1053,0.001379,0.0056,0.0931,0.0307,ROTATE1
-138.3455,-165.4937,-86.5052,0.085,232.4022,112.6116,0.0038,356.0275,4664.7471,0.0868,8.6e-05,0.0047,0.0802,0.0172,ROTATE1
-8.2795,-148.9387,-134.2073,0.0888,200.6562,31.7461,0.0039,322.366,8326.2324,0.0844,4e-05,0.0073,0.0738,0.0281,ROTATE1
95.7733,-68.6604,-190.3502,0.1038,223.8749,23.2187,0.015,286.3961,7648.6729,0.0866,9.7e-05,0.0102,0.0674,0.0484,ROTATE1
179.0155,-20.5252,-213.8208,0.0133,279.6197,55.7448,0.0905,256.3134,2626.5356,0.0744,0.000993,0.0095,0.0547,0.0481,ROTATE1
67.9968,-17.7889,-174.8316,0.0514,188.4306,91.1891,0.0381,224.9967,993.8621,0.0684,0.001055,0.003,0.0384,0.0301,ROTATE1
-48.0026,-41.5686,-120.7341,0.0567,136.4145,52.0161,0.0053,205.7992,2183.7104,0.0628,0.000996,-0.0054,0.0204,0.0117,ROTATE1
-140.8021,-44.3393,-72.381,0.0323,164.4086,27.9942,0.0245,198.5497,2468.5,0.0515,0.000919,-0.0118,0.0024,-0.0013,ROTATE1
-215.0417,-31.0464,-34.7392,0.0338,220.0309,55.6223,0.0015,197.7809,2431.9243,0.0375,0.000238,-0.0177,-0.0122,-0.0128,ROTATE1
-274.4333,-7.8402,-18.3601,0.0463,275.1585,55.1276,0.0125,196.8886,2289.0698,0.0441,9.3e-05,-0.0194,-0.0155,-0.0055,ROTATE1
-321.9467,14.6247,-15.8349,0.055,322.6674,47.5089,0.0087,223.736,4718.043,0.0448,0.000105,-0.0162,-0.0132,0.0141,ROTATE1
-359.9573,33.4966,-20.9648,0.0636,362.1199,39.4525,0.0086,268.8771,4985.3369,0.0462,0.000145,-0.0116,-0.0105,0.0359,ROTATE1
-390.3659,51.5785,-26.1187,0.0727,394.6239,32.504,0.0092,314.9202,3845.0972,0.0543,0.000182,-0.0068,-0.0089,0.0521,ROTATE1
-410.4114,73.3847,-27.7169,0.0779,417.841,23.217,0.0052,354.4822,2597.6907,0.0631,0.000132,-0.0035,-0.01,0.0618,ROTATE1
-394.3104,93.1828,-26.0954,0.0724,406.0107,11.8303,0.0055,380.6526,1185.389,0.0683,6.6e-05,-0.0012,-0.0135,0.0666,ROTATE1
-391.9015,113.9806,-36.3888,0.066,409.759,3.7483,0.0064,398.0709,378.9729,0.0705,2.6e-05,0.0009,-0.0142,0.0687,ROTATE1
-415.9212,165.4095,-86.5892,0.08,455.9039,46.1449,0.0141,416.8277,437.5919,0.0738,2.4e-05,0.0035,-0.0073,0.0711,ROTATE1
-432.9807,234.7245,-132.0307,0.0799,509.9019,53.998,0.0001,439.8833,1539.991,0.0752,2.9e-05,0.0059,-0.0083,0.0721,ROTATE1
-413.347,281.2202,-125.5558,0.0825,515.4656,5.5637,0.0026,459.4083,2204.1326,0.0761,3.7e-05,0.0076,-0.0122,0.0714,ROTATE1
-392.6464,253.623,-102.0572,0.1431,478.447,37.0187,0.0606,473.8955,1496.4874,0.0903,0.00073,0.01,-0.0189,0.0317,ROTATE1
-416.5171,128.489,-45.2364,0.1638,438.2263,40.2207,0.0207,479.589,895.8339,0.1098,0.00131,0.0091,-0.0371,-0.0077,ROTATE1
-435.6137,35.5787,13.0609,0.1266,437.2594,0.9669,0.0372,475.86,1128.0917,0.1192,0.001102,0.0075,-0.0587,-0.0421,ROTATE1
-450.891,-15.4526,22.3331,0.0889,451.7081,14.4487,0.0377,464.2213,877.5239,0.121,0.000973,0.0068,-0.0664,-0.0711,ROTATE1
-463.1128,-36.3246,15.0759,0.0582,464.7797,13.0716,0.0308,454.0841,249.6267,0.1161,0.001441,0.0058,-0.0668,-0.0936,ROTATE1
-472.8902,-29.0003,25.5607,0.0701,474.4676,9.6879,0.012,453.2882,213.3808,0.1015,0.001506,0.003,-0.0546,-0.0815,ROTATE1
-480.7122,-42.9096,19.1892,0.0481,483.0048,8.5372,0.022,462.244,264.4187,0.0784,0.000765,0.0022,-0.036,-0.0648,ROTATE1
-486.9697,-37.8277,23.5576,0.0332,489.0045,5.9997,0.0149,472.593,175.6967,0.0597,0.00036,0.0002,-0.026,-0.0435,ROTATE1
-491.9758,-38.1184,19.9242,0.0417,493.8524,4.8478,0.0085,481.0218,107.8084,0.0503,0.000165,-0.003,-0.0222,-0.026,ROTATE1
-495.9806,-36.3916,22.0081,0.0445,497.8007,3.9483,0.0028,487.626,67.7382,0.0475,0.000152,-0.0063,-0.0221,-0.0153,ROTATE1
-499.1845,-46.0133,33.8315,0.0488,502.441,4.6404,0.0044,493.2206,45.706,0.0433,3.2e-05,-0.0091,-0.032,-0.0013,ROTATE1
-501.7476,-71.8075,53.2058,0.0505,509.6448,7.2038,0.0017,498.5487,50.3962,0.0438,3.7e-05,-0.011,-0.0406,0.0071,ROTATE1
-503.7981,-90.7148,50.8397,0.0288,514.4185,4.7736,0.0217,503.6315,56.7133,0.0429,5.9e-05,-0.0105,-0.0398,0.0068,ROTATE1
-505.4385,-91.2187,38.7311,0.033,515.0621,0.6437,0.0042,507.8734,45.7249,0.0411,7.6e-05,-0.01,-0.0381,0.0065,ROTATE1
-506.7508,-82.9656,37.8286,0.0392,514.889,0.1732,0.0063,511.2911,23.596,0.0401,7.3e-05,-0.0086,-0.0369,0.0073,ROTATE1
-507.8006,-78.8756,38.5348,0.0389,515.3327,0.4437,0.0003,513.8694,4.5504,0.0381,5.4e-05,-0.0064,-0.0345,0.0108,ROTATE1
-508.6405,-89.2973,34.7435,0.0358,517.587,2.2543,0.0031,515.4579,1.2219,0.0351,1.5e-05,-0.004,-0.031,0.0157,ROTATE1
-499.228,-101.8848,27.5135,0.038,510.2608,7.3261,0.0022,514.6263,5.7162,0.037,5e-06,-0.0031,-0.032,0.0182,ROTATE1
-467.8605,-106.0547,23.5483,0.0506,480.3078,29.953,0.0125,507.6754,192.9159,0.0405,2.7e-05,-0.0018,-0.034,0.0213,ROTATE1
-456.2884,-106.7969,11.0668,0.0526,468.7506,11.5572,0.0021,498.4478,400.3873,0.0432,4.9e-05,0.0003,-0.0339,0.0259,ROTATE1
-449.0714,-89.5094,8.6222,0.0555,457.9862,10.7645,0.0028,486.9785,539.2507,0.0465,6.4e-05,0.0018,-0.034,0.031,ROTATE1
-446.3602,-65.7731,15.6977,0.0548,451.4532,6.533,0.0007,473.7517,429.3373,0.0503,4e-05,0.0026,-0.0343,0.036,ROTATE1
-423.0194,-33.5716,29.4613,0.0569,425.3709,26.0822,0.0021,456.7737,342.6425,0.0541,5e-06,0.0018,-0.0337,0.0417,ROTATE1
-363.2936,4.3615,41.1878,0.0618,365.647,59.7239,0.0049,433.8416,1366.8048,0.0563,9e-06,-0.0001,-0.0307,0.0465,ROTATE1
-267.7068,57.5735,42.894,0.068,277.167,88.48,0.0062,395.5248,4564.2915,0.0594,2.5e-05,-0.0023,-0.0269,0.0518,ROTATE1
-157.3436,117.7963,44.3527,0.0602,201.4948,75.6722,0.0078,344.2266,8682.0293,0.0603,2.1e-05,-0.0043,-0.023,0.0547,ROTATE1
-53.2592,175.0089,51.7822,0.058,190.1212,11.3736,0.0022,291.9602,8400.4395,0.061,1.5e-05,-0.0062,-0.0199,0.0568,ROTATE1
59.7895,222.8384,61.0757,0.0549,238.6671,48.5459,0.0031,254.6194,4014.4487,0.0606,1.9e-05,-0.0085,-0.0175,0.0571,ROTATE1
150.2285,274.4395,78.1168,0.0427,322.4715,83.8044,0.0122,245.9843,2395.2397,0.0567,6.8e-05,-0.0105,-0.0163,0.0528,ROTATE1
222.5797,318.5047,83.6528,0.0189,397.473,75.0015,0.0239,270.0455,6211.5894,0.0469,0.000233,-0.011,-0.0165,0.0383,ROTATE1
237.5012,308.3382,84.0973,0.0672,398.1854,0.7124,0.0483,309.3836,7008.2266,0.0483,0.000278,-0.0109,-0.0165,0.0137,ROTATE1
173.9635,251.9643,73.0685,0.1026,314.7829,83.4025,0.0355,334.316,3547.729,0.0573,0.00077,-0.0084,-0.0132,-0.0177,ROTATE1
58.7489,171.612,37.0704,0.1159,185.1387,129.6442,0.0133,323.6103,6054.1479,0.0695,0.001308,-0.0036,-0.0083,-0.0507,ROTATE1
-49.2134,73.6865,2.7594,0.1085,88.6525,96.4862,0.0074,276.8465,14908.0654,0.0826,0.001296,0.0017,-0.0047,-0.0795,ROTATE1
-126.8707,-8.5258,-18.0143,0.0895,128.4266,39.774,0.019,223.0372,13508.1738,0.0967,0.000294,0.005,-0.0039,-0.0959,ROTATE1
-181.7184,-66.4519,-18.9708,0.0692,194.4154,65.9888,0.0203,182.2832,5875.7505,0.0971,0.000271,0.0074,-0.0055,-0.0958,ROTATE1
-210.9373,-72.5146,0.1765,0.0458,223.0536,28.6383,0.0234,163.9374,2360.3926,0.0858,0.000663,0.008,-0.011,-0.0824,ROTATE1
-217.9967,-40.6148,21.5568,0.0321,222.7932,0.2605,0.0137,171.4683,2906.5806,0.069,0.000776,0.0072,-0.018,-0.0624,ROTATE1
-208.7317,-12.245,41.2236,0.0299,213.1156,9.6776,0.0022,196.3609,1262.1497,0.0533,0.000523,0.0059,-0.0227,-0.0447,ROTATE1
-213.0823,-4.5804,54.2413,0.0395,219.9253,6.8098,0.0096,214.6606,115.3112,0.0433,0.000199,0.0049,-0.0231,-0.0344,ROTATE1
-246.1971,-29.4987,51.7493,0.0464,253.3005,33.3752,0.0069,226.4377,193.247,0.0387,4.6e-05,0.0039,-0.0196,-0.0307,ROTATE1
-298.6733,-67.6208,41.2557,0.04,308.9989,55.6984,0.0064,243.6267,1258.7659,0.0376,3.5e-05,0.0025,-0.0144,-0.0315,ROTATE1
-341.3386,-95.0373,33.6608,0.0216,355.9174,46.9185,0.0183,270.2515,2984.916,0.0355,7.6e-05,0.0011,-0.01,-0.0325,ROTATE1
-367.8521,-102.6861,35.5755,0.0113,383.5691,27.6517,0.0104,304.3422,3738.0093,0.0317,0.000173,-0.0004,-0.0076,-0.0291,ROTATE1
-377.0848,-93.7176,47.5261,0.0148,391.452,7.8829,0.0036,338.6476,2653.5322,0.0268,0.000194,-0.002,-0.007,-0.02,ROTATE1
-376.5366,-76.6272,63.9458,0.0131,389.539,1.913,0.0017,365.8953,972.2578,0.0202,0.00011,-0.0027,-0.0072,-0.0086,ROTATE1
-403.6293,41.0951,46.6379,0.0654,408.3877,18.8487,0.0523,385.773,290.8146,0.0253,0.000416,-0.004,-0.0023,0.0116,ROTATE1
-425.3034,115.4105,67.976,0.058,445.8961,37.5084,0.0074,403.7688,511.6522,0.0325,0.000575,-0.0076,-0.0029,0.0263,ROTATE1
-442.6428,141.6909,104.312,0.0269,476.3297,30.4336,0.0311,422.3209,1138.8817,0.0357,0.000481,-0.0108,0.0001,0.0303,ROTATE1
-456.5142,136.709,133.6715,0.029,494.937,18.6074,0.0021,443.0179,1574.5588,0.0385,0.000395,-0.0137,0.0067,0.0287,ROTATE1
-454.352,123.3453,140.4591,0.044,491.3029,3.6341,0.0149,463.3707,1054.6135,0.0447,0.000234,-0.017,0.016,0.0254,ROTATE1
-432.1035,108.2419,137.5235,0.0556,466.2,25.1029,0.0117,474.9331,317.8984,0.0427,0.000168,-0.0191,0.0218,0.0107,ROTATE1
-302.236,144.6435,173.0876,0.1251,377.1308,89.0693,0.0695,461.1801,1873.1824,0.0561,0.001299,-0.0232,0.0145,0.0219,ROTATE1
-320.8357,201.9492,216.0669,0.0617,436.353,59.2222,0.0635,453.1847,1886.6322,0.0631,0.001086,-0.0215,0.0183,0.0295,ROTATE1
-359.0685,219.2031,238.5036,0.0318,483.5951,47.2421,0.0298,450.9164,1717.7937,0.0636,0.001049,-0.0183,0.0203,0.0295,ROTATE1
-389.6548,213.3031,218.6403,0.0897,495.1088,11.5137,0.0579,451.6776,1781.5931,0.0728,0.001024,-0.013,0.0275,0.0211,ROTATE1
-414.1239,175.9862,165.7279,0.1519,479.5159,15.5929,0.0622,454.3407,1887.3148,0.0921,0.001847,-0.0062,0.0404,0.0042,ROTATE1
-433.6991,125.8702,80.5854,0.177,458.7289,20.7869,0.025,470.6603,432.5614,0.1024,0.002962,0.0069,0.0778,-0.0382,ROTATE1
-449.3593,97.7462,10.9246,0.1678,459.9972,1.2682,0.0091,475.3892,197.541,0.1237,0.003035,0.0139,0.1008,-0.0675,ROTATE1
-461.8874,77.6907,-38.1291,0.1507,469.9252,9.928,0.0172,472.6552,182.57,0.1474,0.00093,0.0192,0.1193,-0.0841,ROTATE1
-471.9099,66.9557,-74.4345,0.1306,482.4133,12.4881,0.0201,470.1161,94.3344,0.1556,0.000254,0.0221,0.1256,-0.0888,ROTATE1
-479.9279,60.9708,-111.3445,0.1134,496.4332,14.0199,0.0172,473.4996,203.7332,0.1479,0.000548,0.0232,0.1207,-0.0821,ROTATE1
-486.3423,53.7766,-150.935,0.0924,512.0568,15.6237,0.021,484.1651,343.6772,0.131,0.000708,0.0226,0.1072,-0.0717,ROTATE1
-491.4739,44.3244,-195.6949,0.0693,530.8557,18.7988,0.0231,498.3368,462.0236,0.1113,0.000809,0.0213,0.0888,-0.0631,ROTATE1
-495.5791,29.6127,-232.2996,0.0536,548.1229,17.2672,0.0157,513.9764,551.7142,0.0919,0.000787,0.0193,0.0666,-0.0566,ROTATE1
-498.8633,8.1933,-259.1491,0.0607,562.2187,14.0959,0.0071,529.9374,563.1777,0.0779,0.000487,0.016,0.041,-0.0539,ROTATE1
-501.4906,-16.0735,-273.7724,0.076,571.579,9.3602,0.0154,544.9666,459.598,0.0704,0.000179,0.0114,0.0128,-0.0527,ROTATE1
-503.5925,-37.5713,-276.9336,0.0889,575.942,4.363,0.0128,557.7437,271.6295,0.0697,0.00015,0.0062,-0.0168,-0.0524,ROTATE1
-505.274,-52.9445,-255.8687,0.101,568.8354,7.1066,0.0122,565.3395,93.9435,0.076,0.000306,0.0015,-0.0446,-0.051,ROTATE1
-506.6192,-69.5494,-215.1387,0.113,554.7836,14.0518,0.012,566.6718,55.1716,0.0879,0.000337,-0.003,-0.0686,-0.0479,ROTATE1
-507.6954,-93.5301,-157.5954,0.1167,539.7581,15.0255,0.0038,562.1796,175.8958,0.0991,0.000229,-0.0065,-0.087,-0.0423,ROTATE1
-508.5563,-118.7429,-110.6982,0.1069,533.8384,5.9196,0.0098,554.6315,261.8965,0.1053,9.6e-05,-0.0088,-0.0979,-0.0352,ROTATE1
-509.2451,-137.6349,-82.2336,0.0885,533.8879,0.0494,0.0184,546.2206,186.3863,0.1052,9.9e-05,-0.0097,-0.1006,-0.0272,ROTATE1
-509.7961,-145.4454,-65.7025,0.0725,534.194,0.3061,0.0159,539.2924,65.0283,0.0995,0.000276,-0.0097,-0.0966,-0.0175,ROTATE1
-510.2368,-139.3438,-50.2026,0.0655,531.299,2.895,0.007,534.5955,7.7508,0.09,0.000381,-0.0085,-0.0877,-0.007,ROTATE1
-420.627,-133.547,-24.6496,0.0679,442.0062,89.2928,0.0024,515.045,1334.759,0.0803,0.000241,-0.0067,-0.0777,0.0041,ROTATE1
-261.8891,-130.5969,-0.0978,0.0684,292.6456,149.3605,0.0005,466.8065,8829.4668,0.0726,6.8e-05,-0.0048,-0.069,0.0152,ROTATE1
-107.1144,-136.2651,13.553,0.0602,173.8544,118.7912,0.0082,394.7998,19908.7129,0.0669,1.6e-05,-0.0031,-0.0617,0.0233,ROTATE1
16.7054,-133.0339,-8.1576,0.0537,134.3266,39.5278,0.0065,314.8264,23196.0703,0.0632,3.1e-05,-0.0016,-0.0543,0.03,ROTATE1
115.7612,-168.9865,13.1771,0.0782,205.2577,70.9311,0.0244,249.6181,11972.9297,0.0657,6.8e-05,0.0036,-0.0536,0.0356,ROTATE1
3.8902,-191.0923,13.5729,0.0514,191.6132,13.6445,0.0267,199.5395,2735.3442,0.0624,9.7e-05,0.0088,-0.0476,0.0366,ROTATE1
-99.2879,-184.027,4.0489,0.0668,209.1421,17.5288,0.0154,182.8388,741.1224,0.0621,9.3e-05,0.0142,-0.0406,0.0414,ROTATE1
-181.8303,-139.3716,9.5735,0.0899,229.2997,20.1576,0.0231,193.9279,1033.734,0.068,0.000212,0.0188,-0.0352,0.0518,ROTATE1
-247.8642,-80.5723,15.8776,0.0897,261.1143,31.8146,0.0002,219.2854,583.0703,0.0752,0.000214,0.0213,-0.0324,0.0609,ROTATE1
-300.6914,-30.4328,25.0864,0.0818,303.2669,42.1526,0.0079,238.8872,1570.0612,0.0759,0.000221,0.018,-0.0248,0.0674,ROTATE1
-342.9531,9.4975,36.5598,0.0692,345.027,41.7602,0.0126,269.57,2434.7954,0.0795,9.7e-05,0.0131,-0.0218,0.0745,ROTATE1
-368.7281,35.4449,44.8853,0.049,373.1373,28.1103,0.0202,302.369,2773.949,0.0759,0.000237,0.0077,-0.0185,0.0728,ROTATE1
-397.3825,44.7434,46.977,0.0286,402.6433,29.506,0.0205,337.0378,2515.1895,0.0637,0.000496,0.0026,-0.0135,0.0616,ROTATE1
-419.2997,39.1478,42.2879,0.0134,423.2412,20.5978,0.0152,369.4632,1797.114,0.0484,0.000633,-0.0012,-0.0075,0.0462,ROTATE1
-437.8398,33.2339,36.7147,0.0129,440.6315,17.3904,0.0004,396.9361,1178.9508,0.0346,0.000473,-0.0037,-0.0019,0.0321,ROTATE1
-452.6718,31.0309,34.8342,0.014,455.0693,14.4378,0.0011,418.9445,831.564,0.0236,0.000197,-0.0051,0.0025,0.021,ROTATE1
-464.5374,35.3934,29.5643,0.0169,466.8209,11.7516,0.0029,437.6812,519.2682,0.0171,3.5e-05,-0.0061,0.0049,0.0143,ROTATE1
-464.2987,42.8335,22.1077,0.0182,466.7942,0.0268,0.0014,450.5114,278.636,0.0151,4e-06,-0.007,0.0044,0.0118,ROTATE1
-473.839,28.3762,-0.8014,0.0404,474.6886,7.8944,0.0222,460.8009,140.9363,0.0205,0.000103,-0.0067,-0.0031,0.0045,ROTATE1
-481.4712,4.4697,-0.3161,0.0178,481.492,6.8035,0.0226,468.973,78.4169,0.0215,9.2e-05,-0.005,-0.0072,0.0005,ROTATE1
-476.1238,0.2914,-11.2091,0.0153,476.2559,5.2362,0.0025,473.2103,32.4078,0.0217,8.8e-05,-0.0028,-0.011,-0.0014,ROTATE1
-477.8678,-0.095,-15.5111,0.0179,478.1195,1.8636,0.0026,475.47,23.9566,0.0219,8.7e-05,-0.0004,-0.015,-0.0035,ROTATE1
-484.6943,-6.276,-18.2995,0.0169,485.0802,6.9607,0.001,479.1273,13.9984,0.0217,8.9e-05,0.0017,-0.0181,-0.0072,ROTATE1
-417.8461,-57.7771,-39.8958,0.0265,423.7041,61.3761,0.0096,468.9304,520.4256,0.0189,1.5e-05,0.0022,-0.0143,-0.0065,ROTATE1
-334.7112,-119.5123,-49.3198,0.043,358.8137,64.8905,0.0165,444.3946,2312.0042,0.0239,0.000106,0.0015,-0.0181,-0.0098,ROTATE1
-287.9034,-152.9754,-49.6465,0.0332,329.7797,29.034,0.0098,415.0994,3878.0859,0.0275,9.5e-05,-0.0003,-0.0215,-0.0118,ROTATE1
-270.6571,-169.8397,-40.4297,0.0419,322.0797,7.7,0.0087,383.8914,3840.377,0.0323,9.5e-05,-0.0021,-0.0259,-0.0096,ROTATE1
-293.3944,-170.3093,-28.925,0.0584,340.4735,18.3938,0.0165,354.9701,1333.1256,0.0406,0.000116,-0.0033,-0.0317,-0.0018,ROTATE1
-337.1155,-151.8662,-6.6337,0.0829,369.8029,29.3295,0.0245,344.1899,316.0419,0.0519,0.000306,-0.004,-0.0418,0.0144,ROTATE1
-372.0924,-93.1148,21.043,0.1064,384.1432,14.3402,0.0235,349.2558,566.8604,0.0646,0.000724,-0.0025,-0.0471,0.0376,ROTATE1
-400.0739,-19.4012,61.1969,0.1116,405.1921,21.0489,0.0052,364.3383,889.2888,0.0802,0.000724,0.0002,-0.0532,0.0578,ROTATE1
-422.4592,38.3415,104.5075,0.0946,436.8794,31.6873,0.0169,387.2982,1057.4163,0.0908,0.00036,0.0033,-0.0564,0.07,ROTATE1
-440.3673,79.8232,137.8029,0.0741,468.2785,31.3991,0.0205,412.8592,1277.1021,0.0939,0.000196,0.0059,-0.0566,0.0741,ROTATE1
-454.6939,99.6555,152.7798,0.0516,489.9178,21.6392,0.0225,436.8822,1516.8341,0.0877,0.000491,0.0092,-0.0516,0.0699,ROTATE1
-466.1551,105.2556,152.0426,0.0336,501.494,11.5763,0.018,460.3524,1244.6417,0.0731,0.000794,0.0111,-0.0447,0.0557,ROTATE1
-475.3241,115.8482,138.0685,0.0273,508.347,6.853,0.0062,480.9833,671.17,0.0562,0.000633,0.0129,-0.0363,0.0379,ROTATE1
-482.6592,135.3661,128.261,0.0221,517.431,9.084,0.0053,497.0937,288.2825,0.0417,0.000361,0.0143,-0.0281,0.0229,ROTATE1
-488.5274,138.7241,127.1494,0.0213,523.5173,6.0864,0.0008,508.1414,139.8093,0.0312,0.000124,0.0149,-0.0192,0.0081,ROTATE1
-493.2219,135.6449,120.7352,0.0294,525.5896,2.0723,0.0081,515.2758,83.3775,0.0267,2.1e-05,0.0131,-0.0097,-0.0044,ROTATE1
-496.9775,124.9253,115.3413,0.0497,525.2586,0.331,0.0203,520.0287,42.7312,0.0299,0.000107,0.0094,-0.001,-0.0169,ROTATE1
-499.982,98.7653,116.9324,0.0654,522.886,2.3726,0.0158,522.9365,8.6164,0.0376,0.000299,0.0037,0.0068,-0.03,ROTATE1
-502.3856,57.2716,128.9865,0.0759,521.8322,1.0538,0.0105,523.8168,2.0233,0.0483,0.000429,-0.0017,0.0128,-0.0449,ROTATE1
-504.3085,6.011,138.3017,0.0811,522.9633,1.131,0.0052,523.7059,2.1387,0.0603,0.000355,-0.0059,0.0176,-0.0571,ROTATE1
-505.8468,-48.5474,131.3664,0.084,524.8762,1.9129,0.0029,523.5632,1.6826,0.0712,0.000156,-0.0072,0.0221,-0.067,ROTATE1
-507.0775,-99.0504,117.7025,0.0786,529.8985,5.0223,0.0054,524.4912,8.2737,0.077,4.1e-05,-0.0071,0.025,-0.0721,ROTATE1
-508.062,-137.2997,113.0776,0.068,538.298,8.3995,0.0106,527.5736,36.3825,0.0775,3e-05,-0.0057,0.0269,-0.0721,ROTATE1
-508.8495,-160.6398,112.0121,0.0552,545.2336,6.9357,0.0128,532.2538,70.2599,0.0734,0.000112,-0.0044,0.0289,-0.0671,ROTATE1
-509.4796,-172.4056,105.7159,0.0503,548.1506,2.9169,0.0049,537.2914,78.1614,0.0672,0.000168,-0.002,0.0325,-0.0576,ROTATE1
-509.9837,-164.0338,81.304,0.0593,541.8494,6.3011,0.009,540.686,39.9655,0.0623,0.0001,0.0,0.0373,-0.0426,ROTATE1
-510.387,-124.974,32.0807,0.0836,526.4432,15.4062,0.0243,539.995,56.7852,0.0633,0.000137,0.0002,0.0463,-0.0224,ROTATE1
-510.7096,-49.6479,-22.2667,0.1055,513.6,12.8432,0.0219,535.0554,171.1482,0.0708,0.000433,-0.0017,0.0588,0.0006,ROTATE1
-510.9677,21.1035,-69.6165,0.1022,516.1199,2.5198,0.0033,529.2326,188.235,0.0802,0.000494,-0.0052,0.0707,0.0205,ROTATE1
-443.4335,70.4078,-101.3901,0.0897,460.2939,55.826,0.0125,511.6613,758.4155,0.0881,0.000271,-0.0106,0.078,0.0347,ROTATE1
-273.2343,102.0356,-111.0371,0.072,312.0857,148.2082,0.0177,465.7086,6430.5796,0.0906,0.000151,-0.017,0.078,0.0413,ROTATE1
-116.1906,111.0285,-97.764,0.048,188.11,123.9757,0.024,398.0419,16526.2539,0.0835,0.000453,-0.0217,0.0696,0.0391,ROTATE1
9.4444,105.7697,-72.0768,0.0347,128.3413,59.7687,0.0134,320.9902,22466.2266,0.0693,0.000632,-0.023,0.0553,0.0327,ROTATE1
109.9524,127.372,-66.374,0.0486,180.883,52.5417,0.0139,253.9428,14281.7578,0.0586,0.000387,-0.0176,0.0428,0.0309,ROTATE1
190.3588,204.2945,-82.6898,0.0281,291.2221,110.3391,0.0205,220.1284,4900.1411,0.0463,0.000227,-0.0095,0.0302,0.0262,ROTATE1
254.6839,198.4981,-110.03,0.0673,341.1334,49.9113,0.0392,225.938,6103.6025,0.0453,0.000182,-0.0001,0.0213,0.0075,ROTATE1
116.9284,154.2735,-126.7209,0.1064,231.3671,109.7663,0.0391,234.5894,5748.46,0.057,0.00079,0.0071,0.0141,-0.0175,ROTATE1
28.4177,87.8563,-115.9548,0.1069,148.2289,83.1382,0.0005,238.5669,4966.5352,0.0714,0.00098,0.0125,0.0065,-0.0428,ROTATE1
-36.6721,25.91,-98.0576,0.1037,107.8493,40.3797,0.0032,223.9601,7505.1123,0.0825,0.000962,0.0124,-0.0031,-0.0713,ROTATE1
-131.7377,-28.9032,-78.0898,0.0921,155.8468,47.9976,0.0116,196.8851,6795.1045,0.0953,0.000225,0.0097,-0.0113,-0.0923,ROTATE1
-207.7901,-83.6007,-59.1281,0.0662,231.6505,75.8037,0.0258,174.9885,2395.8567,0.095,0.000237,0.006,-0.02,-0.0917,ROTATE1
-264.5634,-129.9931,-43.0744,0.0389,297.905,66.2545,0.0274,188.2961,4604.7471,0.0815,0.00066,0.0041,-0.0253,-0.0762,ROTATE1
-300.6507,-119.1882,-27.1189,0.0256,324.5491,26.6441,0.0132,223.5601,6753.0947,0.0653,0.000892,0.0014,-0.0261,-0.0533,ROTATE1
-326.5862,-67.2849,-13.217,0.0348,333.7072,9.1581,0.0092,268.7317,4461.2969,0.0515,0.000594,-0.0017,-0.0243,-0.0272,ROTATE1
-363.6689,-21.6061,-5.8954,0.0304,364.3579,30.6507,0.0044,310.4339,2002.4958,0.0392,0.000202,-0.0045,-0.0204,-0.0042,ROTATE1
-390.7883,9.8964,-1.607,0.0245,390.9168,26.559,0.0059,342.2872,1041.9994,0.0308,3e-05,-0.0072,-0.0153,0.012,ROTATE1
-409.0525,26.7671,1.6769,0.0196,409.9308,19.0139,0.0048,364.6923,1061.1824,0.027,2.7e-05,-0.0089,-0.0106,0.0213,ROTATE1
-429.642,39.3137,11.3697,0.0197,431.5867,21.6559,0.0001,386.0999,1175.5748,0.0258,3.6e-05,-0.0087,-0.0077,0.0227,ROTATE1
-442.8355,60.7228,26.5645,0.024,447.768,16.1813,0.0043,408.912,866.7734,0.0236,1.6e-05,-0.0071,-0.0073,0.0208,ROTATE1
-431.2871,86.8314,42.7297,0.0177,442.0114,5.7566,0.0064,424.4427,447.6697,0.0211,7e-06,-0.0046,-0.0079,0.018,ROTATE1
-408.4735,121.1839,54.0525,0.0084,429.4855,12.526,0.0093,432.1565,168.4565,0.0179,2.7e-05,-0.001,-0.0081,0.0133,ROTATE1
-406.7194,155.5377,57.3764,0.0258,439.2092,9.7237,0.0174,438.0121,45.319,0.0191,3.7e-05,0.0023,-0.0074,0.005,ROTATE1
-420.3193,174.5958,64.4824,0.044,459.6846,20.4755,0.0182,443.6317,99.4211,0.024,0.000137,0.0042,-0.0045,-0.0071,ROTATE1
-417.7585,167.3048,73.0265,0.0664,455.9013,3.7834,0.0225,445.2584,123.4616,0.0325,0.000426,0.0046,0.0019,-0.0239,ROTATE1
-402.6287,141.4219,72.0056,0.0875,432.7758,23.1255,0.0211,443.4113,149.1044,0.0464,0.000793,0.0045,0.0109,-0.0427,ROTATE1
-424.503,109.5626,21.2638,0.1262,438.9293,6.1535,0.0387,445.3,110.7692,0.07,0.001223,0.0039,0.0289,-0.0609,ROTATE1
-423.6024,110.2719,-85.3889,0.0991,445.971,7.0417,0.0271,446.6524,101.6106,0.0847,0.000786,0.0019,0.0463,-0.0654,ROTATE1
-398.5413,96.6832,-115.1486,0.1056,425.9601,20.0109,0.0064,439.9075,107.7832,0.097,0.000391,-0.0022,0.0587,-0.0726,ROTATE1
-378.933,54.1559,-112.4689,0.0814,398.9641,26.996,0.0241,428.52,262.2211,0.1,0.000244,-0.005,0.0609,-0.0748,ROTATE1
-294.9277,79.2497,-87.4908,0.1279,317.6751,81.289,0.0465,405.4999,2185.9912,0.1081,0.000304,-0.0054,0.0602,-0.0835,ROTATE1
-289.8172,87.2592,-66.1301,0.0964,309.8085,7.8666,0.0315,379.6758,3126.9692,0.1021,0.000229,-0.0055,0.0468,-0.0838,ROTATE1
-302.51,99.6823,-67.3416,0.0872,325.5515,15.743,0.0092,355.5919,2253.8108,0.0997,0.000266,-0.003,0.0331,-0.0914,ROTATE1
-332.0799,112.6677,-87.7326,0.0812,361.4804,35.9289,0.0061,342.696,1104.1035,0.0948,0.000304,0.0037,0.0235,-0.0909,ROTATE1
-368.0639,123.6467,-112.308,0.0892,404.1938,42.7134,0.008,343.7419,1226.1852,0.0964,0.000272,0.0094,0.0194,-0.0934,ROTATE1
-396.8511,107.9799,-121.4714,0.1105,428.8423,24.6486,0.0213,365.9753,2044.3824,0.0929,0.000101,0.0118,0.0133,-0.0905,ROTATE1
-419.8809,78.1183,-114.2209,0.1189,442.096,13.2536,0.0084,392.4328,1872.3135,0.0974,0.000214,0.0129,0.0077,-0.0953,ROTATE1
-438.3047,39.704,-98.4767,0.1156,450.9824,8.8864,0.0033,417.519,1033.9861,0.1031,0.000227,0.0124,0.0016,-0.1014,ROTATE1
-453.0438,-26.7962,-78.4907,0.1052,460.573,9.5906,0.0104,437.3375,383.8779,0.1079,0.000109,0.0106,-0.0045,-0.1069,ROTATE1
-464.835,-78.312,-57.9207,0.0981,474.9307,14.3577,0.007,451.4849,246.6778,0.1097,5.5e-05,0.0086,-0.0079,-0.1089,ROTATE1
-474.268,-126.8839,-38.3991,0.1008,492.4471,17.5164,0.0026,464.2059,317.899,0.1077,6.7e-05,0.0067,-0.0091,-0.1071,ROTATE1
-481.8144,-176.8353,-33.5474,0.085,514.3358,21.8886,0.0157,478.6538,513.988,0.1009,9.9e-05,0.0064,-0.0065,-0.1003,ROTATE1
-487.8515,-219.0776,-40.1692,0.064,536.2906,21.9549,0.021,495.7154,734.1481,0.0906,0.000222,0.0073,-0.0041,-0.0899,ROTATE1
-492.6812,-241.5496,-44.9728,0.0399,550.5484,14.2578,0.0242,513.7105,764.658,0.0776,0.000524,0.0091,-0.0041,-0.0759,ROTATE1
-496.545,-253.2709,-50.5564,0.034,559.6955,9.1471,0.0059,530.6635,599.4037,0.0647,0.000655,0.0128,-0.0052,-0.0604,ROTATE1
-499.636,-274.9417,-66.9076,0.0352,574.2001,14.5046,0.0012,547.0141,419.0506,0.0516,0.000398,0.0184,-0.0048,-0.0439,ROTATE1
-502.1088,-317.9784,-93.7073,0.0333,601.6682,27.4681,0.0019,564.4806,497.8118,0.0413,0.000135,0.0232,-0.0046,-0.0292,ROTATE1
-504.087,-353.439,-125.2065,0.0298,628.2512,26.583,0.0035,582.8727,813.9462,0.0344,1.1e-05,0.0246,-0.0045,-0.0124,ROTATE1
-505.6696,-345.3731,-140.6902,0.0538,628.3137,0.0625,0.024,598.4257,776.0543,0.0372,7.2e-05,0.0219,-0.0061,0.0044,ROTATE1
-506.9357,-330.8422,-148.3772,0.0857,623.2625,5.0511,0.0319,611.1391,437.7912,0.0475,0.000434,0.0182,-0.0127,0.0229,ROTATE1
-507.9485,-295.1176,-162.5049,0.123,609.5194,13.7431,0.0373,618.203,115.5191,0.0651,0.001234,0.0139,-0.0263,0.0463,ROTATE1
-508.7589,-243.7565,-175.032,0.1525,590.6683,18.8511,0.0294,616.0031,207.6311,0.0889,0.001989,0.0085,-0.0473,0.0716,ROTATE1
-509.4071,-214.4334,-164.1131,0.1661,576.5504,14.1179,0.0136,605.6628,382.0103,0.1162,0.001735,0.0022,-0.0722,0.0894,ROTATE1
-509.9257,-193.8717,-133.0405,0.1714,561.5249,15.0255,0.0053,592.3051,490.6007,0.1397,0.001011,-0.0028,-0.0921,0.1037,ROTATE1
-510.3405,-148.9099,-94.1761,0.1703,539.8988,21.6261,0.0011,575.6324,570.2322,0.1567,0.000329,-0.0067,-0.1028,0.1168,ROTATE1
-498.0568,-82.306,-66.9565,0.1555,509.2328,30.666,0.0149,555.575,820.0508,0.1632,6e-05,-0.0097,-0.1025,0.1247,ROTATE1
-447.0735,-27.4511,-70.7215,0.1264,453.4643,55.7685,0.0291,528.1343,1906.0677,0.1579,0.00028,-0.0115,-0.0908,0.1255,ROTATE1
-362.1339,3.3579,-85.6709,0.1072,372.1447,81.3195,0.0192,487.2531,4632.5186,0.1462,0.000643,-0.0106,-0.0711,0.1242,ROTATE1
-246.8977,15.3957,-92.1149,0.0956,263.9709,108.1738,0.0116,427.7423,9958.708,0.131,0.000797,-0.008,-0.0536,0.1178,ROTATE1
-111.9307,18.2916,-77.8513,0.0893,137.5641,126.4069,0.0063,347.2754,17808.6426,0.1148,0.000573,-0.0069,-0.041,0.1066,ROTATE1
12.8523,16.7989,-48.9842,0.085,53.3557,84.2084,0.0043,256.0999,21527.4004,0.1007,0.000221,-0.008,-0.032,0.0949,ROTATE1
112.6787,18.7172,-12.3248,0.0784,114.8857,61.53,0.0066,188.3842,13139.7393,0.0911,9.6e-05,-0.0102,-0.0282,0.0857,ROTATE1
192.5399,14.3957,4.6433,0.0675,193.1331,78.2474,0.0109,152.5819,5108.8584,0.0832,9.3e-05,-0.012,-0.0218,0.078,ROTATE1
256.4288,-12.1897,-0.1948,0.0623,256.7184,63.5853,0.0052,151.1314,4794.1328,0.0765,0.000104,-0.0135,-0.0114,0.0713,ROTATE1
307.5399,-40.6862,-23.8558,0.0629,311.1354,54.417,0.0006,185.8457,8672.4941,0.0712,8.1e-05,-0.0139,0.0008,0.0664,ROTATE1
348.4288,-54.4271,-45.9128,0.0692,355.6303,44.4949,0.0063,246.3006,7272.3408,0.0681,3.4e-05,-0.0126,0.0092,0.0639,ROTATE1
381.1399,-36.3823,-76.0552,0.1302,390.3533,34.723,0.061,301.3941,4933.3101,0.0784,0.000677,-0.0079,0.0141,0.0752,ROTATE1
407.3088,18.1379,-82.9317,0.1112,416.0614,25.7082,0.019,345.9797,3231.0596,0.0872,0.000791,-0.0044,0.0052,0.0831,ROTATE1
428.2439,13.9947,-81.8203,0.0755,436.2147,20.1533,0.0357,381.879,1977.2546,0.0898,0.000688,0.0005,-0.0062,0.0848,ROTATE1
444.992,23.8052,-89.4875,0.0814,454.5246,18.3099,0.0059,410.5568,1209.3805,0.0935,0.000544,0.0054,-0.0177,0.0882,ROTATE1
458.3905,49.0254,-96.7306,0.1003,471.0437,16.5191,0.0189,433.6396,804.9159,0.0997,0.000397,0.0094,-0.0288,0.0929,ROTATE1
469.1093,96.2766,-102.5783,0.1046,489.7499,18.7062,0.0044,453.5189,664.6625,0.0946,0.00019,0.01,-0.0359,0.0866,ROTATE1
477.6843,148.4587,-107.2095,0.0968,511.582,21.8321,0.0079,472.623,693.3492,0.0917,0.000127,0.0098,-0.0346,0.084,ROTATE1
484.5443,181.3201,-108.5645,0.0709,528.627,17.0449,0.0258,491.1054,713.9247,0.0908,0.00016,0.0068,-0.0311,0.0845,ROTATE1
490.0323,197.353,-106.4391,0.0381,538.8962,10.2693,0.0328,507.9798,618.3423,0.0821,0.000622,0.0022,-0.0248,0.0772,ROTATE1
494.4228,192.7417,-92.1138,0.0175,538.5983,0.2979,0.0206,521.4907,350.4419,0.0656,0.001118,-0.0039,-0.0158,0.0604,ROTATE1
497.9351,177.5247,-67.7285,0.022,532.9554,5.6429,0.0045,530.1318,100.5658,0.0491,0.00092,-0.0094,-0.007,0.0392,ROTATE1
500.745,169.6979,-31.2516,0.0231,529.6409,3.3145,0.0012,533.7435,18.7502,0.0343,0.000382,-0.0132,0.0018,0.0194,ROTATE1
502.9929,184.5114,-2.7231,0.0275,535.7739,6.133,0.0044,535.173,12.2956,0.0257,4.9e-05,-0.0146,0.0103,0.0073,ROTATE1
504.7912,219.531,13.6465,0.0395,550.6307,14.8568,0.012,537.5198,51.8036,0.0259,5.6e-05,-0.0138,0.0173,0.0036,ROTATE1
506.2298,265.9779,21.7078,0.0377,572.2623,21.6315,0.0019,544.2526,247.6473,0.03,5.3e-05,-0.0109,0.0229,0.0059,ROTATE1
507.3807,291.6761,21.3538,0.0325,585.6331,13.3708,0.0052,554.7882,453.5929,0.0321,3.8e-05,-0.0064,0.0272,0.0058,ROTATE1
508.3015,286.3846,21.508,0.0502,583.8229,1.8102,0.0177,565.6246,378.2911,0.0375,5.8e-05,-0.0022,0.03,-0.0011,ROTATE1
509.0381,250.5983,31.0752,0.075,568.2297,15.5932,0.0248,572.1157,159.301,0.047,0.00023,-0.0008,0.0319,-0.0161,ROTATE1
509.6273,200.1787,50.007,0.1005,549.8111,18.4186,0.0255,571.9518,166.4525,0.0592,0.000642,-0.0011,0.0335,-0.0379,ROTATE1
510.0988,153.7773,53.7681,0.1162,535.4803,14.3307,0.0158,564.5954,378.3503,0.0749,0.000954,-0.0009,0.0375,-0.0621,ROTATE1
498.4165,125.1812,47.8457,0.1219,516.1188,19.3616,0.0057,550.6925,566.5406,0.0928,0.000717,-0.0009,0.0435,-0.0817,ROTATE1
464.1801,102.3419,31.5578,0.121,476.3747,39.744,0.0009,529.2029,989.8406,0.1069,0.000313,0.0004,0.052,-0.0929,ROTATE1
419.1284,81.2329,6.2744,0.1214,426.974,49.4007,0.0005,500.9518,1977.2463,0.1162,6.6e-05,0.0045,0.0607,-0.0981,ROTATE1
362.7496,57.055,-24.9305,0.1178,368.0545,58.9195,0.0036,464.6005,3710.7195,0.1197,5e-06,0.0083,0.0672,-0.098,ROTATE1
279.9935,31.994,-49.8288,0.1165,286.1868,81.8677,0.0014,414.7418,6586.3271,0.1197,5e-06,0.0087,0.071,-0.0956,ROTATE1
182.0167,3.5234,-61.9349,0.1129,192.2977,93.8891,0.0036,349.9775,10232.7354,0.1179,1e-05,0.0065,0.0713,-0.0933,ROTATE1
167.429,-11.6251,-65.851,0.0877,180.2885,12.0092,0.0252,290.7603,9289.6758,0.1113,0.000147,0.0001,0.072,-0.082,ROTATE1
212.5338,-4.8876,-84.5371,0.0911,228.7816,48.493,0.0034,251.1218,4775.9033,0.1052,0.000171,-0.0071,0.0736,-0.0689,ROTATE1
272.4239,15.1462,-127.8047,0.0868,301.2942,72.5126,0.0043,237.7698,2366.4297,0.099,0.000168,-0.0121,0.0757,-0.051,ROTATE1
320.336,43.3013,-174.4437,0.0661,367.3156,66.0214,0.0207,253.9955,4990.7393,0.0889,0.000222,-0.0142,0.0742,-0.0304,ROTATE1
358.6657,62.4067,-206.9519,0.0361,418.7657,51.4501,0.0299,299.2892,7607.7485,0.0735,0.000427,-0.0145,0.0687,-0.0106,ROTATE1
389.3294,70.6847,-226.8178,0.0205,456.0921,37.3264,0.0156,354.4499,6650.25,0.0601,0.000769,-0.0102,0.0577,-0.0036,ROTATE1
413.8604,68.8478,-248.3605,0.0128,487.5484,31.4562,0.0078,406.2032,4356.3794,0.0445,0.000781,-0.0054,0.0411,-0.0006,ROTATE1
433.4852,44.8095,-251.0915,0.0446,502.9555,15.4072,0.0318,446.5355,2400.7102,0.036,0.000351,-0.0023,0.0188,-0.0078,ROTATE1
449.1851,13.757,-233.8419,0.0584,506.595,3.6395,0.0138,474.3914,1091.0332,0.0345,0.000268,-0.0003,-0.0029,-0.0177,ROTATE1
447.2887,2.3368,-195.2704,0.0615,488.0606,18.5344,0.0031,488.2503,317.4899,0.0396,0.000388,0.0015,-0.0215,-0.0228,ROTATE1
439.9309,-0.9399,-149.3945,0.0604,464.6061,23.4545,0.0011,489.9531,219.5703,0.0475,0.000339,0.0014,-0.0368,-0.0253,ROTATE1
425.451,-12.9207,-114.2937,0.0588,440.725,23.8811,0.0015,480.5885,615.3978,0.0567,3.8e-05,-0.0001,-0.047,-0.029,ROTATE1
401.2108,-30.8147,-86.2318,0.0536,411.5284,29.1967,0.0053,462.303,1134.8433,0.0585,7e-06,-0.0025,-0.0504,-0.0279,ROTATE1
357.2593,-48.9642,-58.5917,0.0453,365.3282,46.2002,0.0083,434.0497,1825.0588,0.0559,3.5e-05,-0.0046,-0.0482,-0.0262,ROTATE1
289.1137,-60.7776,-33.0234,0.0294,297.2729,68.0552,0.0159,395.8921,3527.1992,0.0495,0.000128,-0.0064,-0.0413,-0.0252,ROTATE1
252.0316,-52.5909,-15.5687,0.0219,257.9304,39.3425,0.0075,354.557,4680.9692,0.0418,0.000198,-0.0076,-0.0333,-0.0188,ROTATE1
258.244,-25.1446,-2.53,0.0529,259.4776,1.5472,0.031,318.3075,3689.9741,0.0406,0.000163,-0.0067,-0.0268,-0.0026,ROTATE1
282.614,18.3218,4.4229,0.0481,283.2418,23.7642,0.0048,292.6501,1539.5715,0.0395,0.00014,-0.0034,-0.0199,0.0129,ROTATE1
262.7537,47.9825,0.5414,0.035,267.0994,16.1423,0.0132,273.0044,227.7665,0.0375,0.000133,-0.0001,-0.0138,0.0257,ROTATE1
312.5998,19.9422,-14.3043,0.0337,313.5617,46.4623,0.0012,276.2621,428.3402,0.0383,0.000122,0.0043,-0.0062,0.0342,ROTATE1
352.4767,-14.4868,-47.4528,0.0216,355.9515,42.3898,0.0121,295.8664,1246.8818,0.0383,0.000124,0.007,-0.0069,0.0314,ROTATE1
384.3783,-28.9801,-25.9217,0.0567,386.3398,30.3883,0.0351,321.2388,1975.3789,0.039,0.000149,0.0073,-0.0103,0.0305,ROTATE1
409.8995,-15.8403,-3.2092,0.0598,410.218,23.8782,0.0031,346.6341,2625.1633,0.0413,0.000213,0.0057,-0.017,0.0296,ROTATE1
430.3165,10.7809,-1.3611,0.0439,430.4537,20.2357,0.0159,379.3049,1697.7712,0.0431,0.000203,0.0029,-0.0205,0.0306,ROTATE1
446.6501,19.3903,-13.7389,0.0239,447.2818,16.8282,0.02,406.049,1042.2654,0.0412,0.000255,-0.0014,-0.0238,0.0295,ROTATE1
459.7169,19.631,-27.1505,0.0276,460.9362,13.6544,0.0037,427.0459,701.965,0.0424,0.000213,-0.006,-0.0204,0.0343,ROTATE1
470.1704,26.9236,-24.7579,0.0407,471.591,10.6548,0.0131,444.0961,476.7097,0.0392,0.000163,-0.0091,-0.0159,0.0325,ROTATE1
478.5332,28.7513,-30.3344,0.0475,480.3549,8.7639,0.0068,458.1235,313.3367,0.0368,8.6e-05,-0.0104,-0.0105,0.0328,ROTATE1
485.2235,26.6948,-55.8113,0.0289,489.1517,8.7967,0.0186,469.8631,214.9433,0.0337,7.9e-05,-0.0104,-0.0041,0.0303,ROTATE1
490.5757,3.3559,-62.3803,0.0106,494.5372,5.3856,0.0182,479.3142,145.3995,0.0311,0.00016,-0.0094,-0.0024,0.0274,ROTATE1
494.8574,-38.1153,-58.0855,0.0081,499.7105,5.1732,0.0026,487.0691,100.9132,0.0272,0.000248,-0.0067,-0.0007,0.0217,ROTATE1
498.2828,-74.8266,-47.9028,0.0124,506.1418,6.4313,0.0044,493.9792,78.0024,0.0215,0.000222,-0.0041,0.0041,0.0149,ROTATE1
501.0232,-90.4519,-47.9035,0.0355,511.3712,5.2294,0.0231,500.1825,62.8941,0.0191,0.000121,-0.0025,0.0119,0.0112,ROTATE1
503.2154,-81.474,-63.4821,0.0589,513.7059,2.3347,0.0234,505.0933,51.0186,0.0251,0.000382,-0.002,0.0167,0.0154,ROTATE1
504.9692,-52.548,-98.2451,0.0814,517.1144,3.4085,0.0225,509.6087,37.2446,0.0393,0.000773,-0.0021,0.0254,0.0267,ROTATE1
506.3723,1.0022,-154.4742,0.0989,529.4111,12.2968,0.0175,515.5489,60.7913,0.0574,0.00096,-0.0008,0.0367,0.0433,ROTATE1
507.4947,67.8549,-214.8512,0.1128,555.2623,25.8512,0.0139,525.3729,262.0112,0.0775,0.000766,0.003,0.0477,0.0607,ROTATE1
508.3927,131.5621,-270.8091,0.1158,590.8547,35.5923,0.003,541.2697,827.6666,0.0936,0.000449,0.0093,0.0544,0.0745,ROTATE1
509.111,176.1059,-308.2442,0.1062,620.6624,29.8077,0.0096,562.661,1478.7659,0.103,0.000151,0.0168,0.0543,0.084,ROTATE1
509.6857,208.766,-314.1703,0.0907,634.0865,13.4242,0.0156,586.0554,1536.8904,0.1049,8.4e-05,0.0235,0.0474,0.088,ROTATE1
510.1454,211.9878,-310.5082,0.0719,633.7212,0.3654,0.0188,606.9174,914.3574,0.0995,0.000266,0.0273,0.0365,0.086,ROTATE1
510.5132,208.3934,-304.7753,0.058,630.0314,3.6898,0.0139,621.8712,263.9423,0.0885,0.000455,0.0272,0.0232,0.0793,ROTATE1
510.8075,197.8147,-299.1921,0.0485,624.1561,5.8752,0.0095,628.5316,28.2217,0.075,0.000445,0.023,0.0107,0.0697,ROTATE1
511.0429,190.7424,-293.6068,0.0433,619.4776,4.6785,0.0051,628.2946,32.1755,0.0625,0.000293,0.017,0.0016,0.0593,ROTATE1
511.2312,186.6314,-278.0573,0.0425,611.1501,8.3275,0.0009,623.7073,63.2092,0.0528,0.000121,0.0105,-0.0064,0.0492,ROTATE1
430.0412,183.3301,-245.999,0.0428,528.2621,82.888,0.0003,602.6155,1420.2441,0.047,3.5e-05,0.0032,-0.0148,0.0401,ROTATE1
280.4455,174.0266,-209.0617,0.0359,390.6939,137.5682,0.0069,554.7479,7960.772,0.0426,1.6e-05,-0.0045,-0.0203,0.0307,ROTATE1
121.9564,152.4807,-191.3369,0.035,273.3743,117.3196,0.0009,484.5916,17909.5879,0.0399,1.3e-05,-0.0123,-0.0233,0.0201,ROTATE1
-4.8349,119.872,-183.4195,0.038,219.1698,54.2045,0.003,404.53,21950.6387,0.0388,1.1e-05,-0.0186,-0.0253,0.0083,ROTATE1
-106.2679,70.8039,-174.1356,0.0474,215.9381,3.2317,0.0094,325.4876,14277.9482,0.0398,2.2e-05,-0.0222,-0.0264,-0.0044,ROTATE1
-170.4425,26.1556,-151.1741,0.0555,229.3215,13.3834,0.0082,265.6995,4329.4146,0.0424,6.3e-05,-0.0227,-0.0281,-0.0151,ROTATE1
-193.0321,-32.563,-124.6612,0.0614,232.0822,2.7607,0.0058,233.9772,424.4132,0.0474,0.000101,-0.0193,-0.0308,-0.026,ROTATE1
-127.3913,-108.8192,-108.1383,0.0518,199.4093,32.6729,0.0096,219.1842,134.1419,0.0508,6.2e-05,-0.0131,-0.0343,-0.0321,ROTATE1
-19.6974,-174.6116,-95.8294,0.0445,200.1511,0.7418,0.0073,215.3804,192.125,0.0521,3.6e-05,-0.0067,-0.0375,-0.0337,ROTATE1
42.6358,-172.1455,-82.5854,0.0391,195.6329,4.5182,0.0054,211.3194,253.5638,0.0505,6.2e-05,-0.0011,-0.0391,-0.0276,ROTATE1
107.7961,-138.2664,-70.5089,0.0447,188.9686,6.6644,0.0056,203.2488,223.526,0.0483,5.9e-05,0.0022,-0.0383,-0.0171,ROTATE1
151.4025,-89.7163,-61.3697,0.0515,186.3813,2.5873,0.0068,194.1086,30.6129,0.0463,2.3e-05,0.0023,-0.038,-0.0013,ROTATE1
184.8595,-42.2043,-52.6457,0.0533,196.7888,10.4075,0.0018,193.5845,26.1555,0.0466,2.7e-05,0.0007,-0.0386,0.0131,ROTATE1
200.7657,3.9366,-43.8853,0.05,205.5439,8.7552,0.0033,194.6631,44.9736,0.0477,2.7e-05,-0.0016,-0.0392,0.0241,ROTATE1
217.2563,39.7555,-36.0614,0.045,223.7884,18.2445,0.005,200.2942,182.7331,0.0489,1.2e-05,-0.0037,-0.0396,0.0277,ROTATE1
226.4551,65.5169,-22.2772,0.0446,236.7924,13.004,0.0005,209.859,332.0185,0.0489,1.2e-05,-0.0044,-0.0406,0.024,ROTATE1
230.0484,63.2229,-0.4124,0.0485,238.5783,1.7858,0.0039,220.2984,277.7567,0.0483,1.1e-05,-0.0042,-0.0423,0.0151,ROTATE1
239.2512,49.8971,26.9201,0.0453,245.8771,7.2989,0.0032,230.116,201.6846,0.0467,5e-06,-0.0036,-0.0431,0.0055,ROTATE1
251.9947,34.0708,52.5767,0.0345,259.6661,13.7889,0.0108,240.9405,138.3997,0.0436,2.2e-05,-0.0032,-0.0419,-0.0019,ROTATE1
262.0552,26.041,74.6832,0.0255,273.731,14.0649,0.009,250.929,194.8341,0.0397,7.2e-05,-0.0033,-0.0385,-0.0041,ROTATE1
289.9316,66.5922,139.7247,0.0559,328.6607,54.9297,0.0304,269.3026,1025.719,0.042,0.000115,-0.0064,-0.0402,-0.0052,ROTATE1
248.5328,114.73,180.1579,0.0429,327.7017,0.959,0.013,287.1273,1201.2924,0.0408,0.000106,-0.0077,-0.0225,-0.0031,ROTATE1
265.3325,153.7496,135.1294,0.0376,335.1123,7.4106,0.0053,304.9743,1002.9722,0.0393,0.000101,-0.0058,-0.0075,0.0033,ROTATE1
275.1941,153.5372,93.9504,0.0466,328.8346,6.2777,0.0091,318.808,514.8951,0.0417,0.000102,-0.0033,0.0083,0.0034,ROTATE1
322.5522,127.636,51.4353,0.0556,350.68,21.8454,0.0089,334.1978,74.8244,0.0477,5.1e-05,-0.0009,0.024,0.0038,ROTATE1
360.4386,97.3307,10.9858,0.0522,373.5103,22.8303,0.0034,343.1678,297.3269,0.047,4.1e-05,0.0033,0.0442,0.0084,ROTATE1
390.7478,43.7146,-7.202,0.0184,393.2514,19.7411,0.0338,356.2777,579.2908,0.0421,0.000177,0.0036,0.0385,0.0105,ROTATE1
414.9951,22.3498,-7.9085,0.03,415.6718,22.4203,0.0116,372.3896,935.633,0.0406,0.0002,0.0004,0.0349,0.0117,ROTATE1
434.393,-1.2671,-52.5362,0.0471,437.5602,21.8884,0.0171,394.1347,932.8148,0.0407,0.000201,-0.0024,0.0308,0.0207,ROTATE1
449.9113,-19.4449,-83.5633,0.0415,458.0186,20.4584,0.0056,415.6024,910.5187,0.0378,0.000149,-0.0058,0.022,0.0267,ROTATE1
462.3259,-38.0059,-97.9663,0.0367,474.1172,16.0985,0.0048,435.7238,836.0934,0.0347,9.8e-05,-0.0071,0.0081,0.0287,ROTATE1
472.2576,-35.7954,-100.1418,0.0443,484.0836,9.9664,0.0077,453.8902,613.0267,0.0399,3.7e-05,-0.0049,0.0008,0.0342,ROTATE1
480.203,7.5887,-103.4009,0.0671,491.268,7.1844,0.0228,469.0095,371.723,0.0474,0.00011,-0.002,-0.0065,0.0417,ROTATE1
486.5593,97.7116,-111.252,0.0594,508.5907,17.3227,0.0077,483.2156,285.4315,0.0498,0.000133,0.0019,-0.0147,0.045,ROTATE1
491.6443,180.5661,-120.0297,0.0704,537.3317,28.7411,0.011,499.0782,492.5422,0.0556,0.00017,0.0077,-0.022,0.0496,ROTATE1
495.7123,246.8498,-127.9081,0.0616,568.3538,31.0221,0.0088,517.9255,972.5309,0.0606,8.1e-05,0.0124,-0.0245,0.0531,ROTATE1
498.9667,285.983,-124.9171,0.0388,588.5222,20.1683,0.0229,538.8133,1303.9546,0.0595,0.000122,0.0132,-0.0274,0.0462,ROTATE1
501.5703,281.727,-101.5556,0.0578,584.1715,4.3506,0.019,557.3939,918.075,0.0576,0.000108,0.0115,-0.0326,0.0275,ROTATE1
503.6531,258.5347,-71.1382,0.0614,570.5851,13.5864,0.0036,569.7928,322.7911,0.058,0.00011,0.0085,-0.0373,0.0069,ROTATE1
505.3194,234.0434,-35.9293,0.0695,558.0456,12.5395,0.0082,573.9357,122.4832,0.0578,0.000106,0.0048,-0.0384,-0.0178,ROTATE1
506.6524,203.6066,-7.5841,0.0794,546.0859,11.9597,0.0099,569.4821,251.5392,0.0614,0.000183,0.0025,-0.0368,-0.0422,ROTATE1
507.7188,177.1103,19.914,0.0864,538.092,7.9939,0.007,559.396,274.3731,0.0709,0.000116,0.0036,-0.0338,-0.0593,ROTATE1
508.5719,147.8414,51.1843,0.0902,532.0923,5.9996,0.0037,548.9802,192.2165,0.0774,0.000113,0.0064,-0.0271,-0.0708,ROTATE1
509.2544,115.6168,75.2193,0.1016,527.6033,4.4891,0.0114,540.3839,116.359,0.0854,0.000115,0.0092,-0.0181,-0.0815,ROTATE1
509.8004,93.3685,83.2911,0.1031,524.9301,2.6732,0.0015,533.7607,57.8695,0.0921,8.1e-05,0.0107,-0.0067,-0.089,ROTATE1
510.2372,92.1354,71.461,0.1089,523.3905,1.5396,0.0058,529.2216,28.3926,0.098,7e-05,0.0115,0.0076,-0.0938,ROTATE1
510.5867,99.8708,39.8188,0.1066,521.7839,1.6066,0.0023,525.96,13.0817,0.1021,4.2e-05,0.013,0.0241,-0.0946,ROTATE1
510.8662,104.3779,-4.7325,0.1099,521.4417,0.3422,0.0033,523.8299,5.1062,0.106,1e-05,0.0151,0.0408,-0.0936,ROTATE1
511.0898,105.3961,-52.4516,0.1105,524.4734,3.0317,0.0006,523.2039,1.9495,0.1078,7e-06,0.0161,0.0536,-0.0903,ROTATE1
511.2688,102.0981,-88.3425,0.1054,528.795,4.3217,0.0051,523.9769,7.0082,0.1083,4e-06,0.0158,0.0612,-0.0872,ROTATE1
511.4119,98.8972,-108.6365,0.1017,532.0946,3.2996,0.0037,525.7177,17.0884,0.1069,1e-05,0.0131,0.0645,-0.0837,ROTATE1
501.7014,100.5115,-122.6624,0.1009,526.1682,5.9265,0.0009,526.5946,13.2651,0.1057,1.6e-05,0.0082,0.0638,-0.0832,ROTATE1
460.0642,103.4186,-136.7424,0.0973,490.9715,35.1967,0.0036,520.5005,224.6182,0.1032,2e-05,0.0029,0.0588,-0.0839,ROTATE1
400.392,90.4943,-139.1814,0.095,433.4449,57.5266,0.0022,502.2948,1405.7521,0.1001,1.3e-05,-0.0019,0.0515,-0.0848,ROTATE1
311.7105,63.6579,-141.3108,0.1012,348.1157,85.3292,0.0061,466.1589,4713.7412,0.0992,7e-06,-0.0047,0.0447,-0.0874,ROTATE1
165.2028,21.3482,-144.883,0.1352,220.7686,127.347,0.034,403.8937,12010.5664,0.1059,0.00022,-0.0081,0.0353,-0.0978,ROTATE1
29.7622,-52.0714,-115.0251,0.2004,129.7228,91.0458,0.0652,324.6047,17767.5469,0.1258,0.001603,-0.0152,0.019,-0.12,ROTATE1
-78.5902,-144.0572,-30.3607,0.2614,166.8852,37.1624,0.061,259.7874,13005.7754,0.1586,0.00404,-0.0231,-0.0015,-0.1528,ROTATE1
-165.2722,-217.6457,43.0333,0.225,276.6522,109.767,0.0364,228.4289,6047.9209,0.1846,0.003436,-0.0248,-0.0256,-0.1764,ROTATE1
-234.6177,-276.5166,91.0798,0.1535,373.9016,97.2495,0.0715,233.5861,7388.8022,0.1951,0.002128,-0.0202,-0.054,-0.1776,ROTATE1
-290.0942,-323.6133,122.5138,0.1131,451.5416,77.64,0.0404,279.7407,14726.6221,0.1907,0.002735,-0.01,-0.0783,-0.1474,ROTATE1
-334.4754,-342.7156,106.7798,0.1358,490.6421,39.1005,0.0227,351.9245,13910.9238,0.1778,0.003151,0.0067,-0.0858,-0.086,ROTATE1
-233.7522,-276.5381,60.1613,0.1682,367.0597,123.5825,0.0324,391.9594,5506.0322,0.1591,0.001423,0.0244,-0.0788,-0.0037,ROTATE1
-86.6424,-202.2461,10.5416,0.1552,220.276,146.7837,0.013,380.6842,8614.7881,0.1452,0.000363,0.0356,-0.0637,0.0675,ROTATE1
2.4517,-153.2469,-22.1917,0.1271,154.8648,65.4112,0.0281,336.8768,16885.3848,0.1399,0.000386,0.0377,-0.0438,0.1126,ROTATE1
47.2114,-140.26,-30.1721,0.1078,151.0369,3.8279,0.0193,276.7759,17550.9551,0.1388,0.000448,0.0348,-0.0251,0.1302,ROTATE1
58.0722,-151.7674,-31.2065,0.1053,165.4677,14.4308,0.0025,211.741,6651.5679,0.1327,0.000633,0.0285,-0.0138,0.1286,ROTATE1
68.9047,-155.4983,-32.1777,0.1201,173.0982,7.6304,0.0147,172.9487,620.6031,0.1231,0.000321,0.0202,-0.0074,0.1205,ROTATE1
79.8487,-146.5268,-43.4328,0.1368,172.4306,0.6675,0.0167,163.3796,81.1152,0.1194,0.000139,0.0124,-0.001,0.1176,ROTATE1
94.9665,-121.6027,-58.365,0.1478,164.9615,7.4691,0.011,165.399,63.0373,0.1235,0.000271,0.0067,0.006,0.1222,ROTATE1
121.9669,-85.504,-67.6013,0.1494,163.5751,1.3864,0.0016,167.9066,16.1605,0.1319,0.000285,0.0026,0.0117,0.1309,ROTATE1
142.5329,-47.8157,-68.1436,0.1459,165.0622,1.4871,0.0034,167.8255,16.5825,0.14,0.000118,-0.0002,0.0147,0.1391,ROTATE1
155.3263,-9.5776,-62.5211,0.1389,167.7107,2.6486,0.007,166.748,9.864,0.1437,2.5e-05,-0.0012,0.0136,0.1429,ROTATE1
162.6517,28.2973,-54.8888,0.1287,173.9801,6.2694,0.0102,167.058,13.7703,0.1421,5.8e-05,-0.0014,0.0094,0.1416,ROTATE1
164.8432,65.4316,-40.2204,0.1154,181.8578,7.8777,0.0132,170.4372,45.2793,0.1357,0.000152,-0.0012,0.0041,0.1354,ROTATE1
165.134,97.6484,-20.7482,0.0929,192.9635,11.1057,0.0226,176.3149,102.8016,0.1244,0.000353,-0.0012,-0.0006,0.1242,ROTATE1
75.3322,42.1219,-43.9892,0.1113,96.8723,96.0913,0.0184,162.6769,1153.7085,0.1174,0.000247,0.0002,0.0075,0.0751,ROTATE1
-30.2593,-64.69,-58.007,0.0611,92.0067,4.8656,0.0502,147.5361,1918.2529,0.1019,0.000548,0.0029,0.0129,0.037,ROTATE1
-126.6074,-99.1176,-71.6806,0.0299,176.045,84.0383,0.0311,147.9491,1940.7761,0.0821,0.001049,0.0049,0.0181,0.0088,ROTATE1
-174.7109,-112.9566,-72.0945,0.0344,220.1834,44.1384,0.0044,155.6142,2695.6204,0.0659,0.001019,0.0059,0.0225,-0.0083,ROTATE1
-150.0969,-117.9403,-64.5787,0.0608,201.5177,18.6656,0.0264,157.325,2835.1255,0.0595,0.000838,0.0072,0.0264,-0.0149,ROTATE1
-81.6087,-105.671,-52.4098,0.0843,143.4334,58.0843,0.0235,166.6372,2056.0964,0.0541,0.000395,0.0063,0.0175,0.0219,ROTATE1
9.8036,-66.8305,-50.3716,0.114,84.2599,59.1735,0.0298,165.0879,2296.9568,0.0647,0.000992,0.0042,0.0195,0.0536,ROTATE1
91.2648,-12.9644,-35.8785,0.1186,98.9172,14.6573,0.0045,149.6623,2910.7095,0.0824,0.001017,-0.0001,0.0191,0.0792,ROTATE1
175.4087,46.4847,-5.7466,0.1184,181.5546,82.6374,0.0001,141.9366,2059.8015,0.0992,0.000533,-0.0045,0.0169,0.0966,ROTATE1
242.7238,108.9784,39.8996,0.1162,269.0411,87.4866,0.0022,155.4412,4398.5576,0.1103,0.000172,-0.01,0.014,0.1075,ROTATE1
296.576,153.0015,84.0853,0.0976,344.1469,75.1057,0.0186,195.5839,9880.248,0.113,6.2e-05,-0.0137,0.0121,0.1098,ROTATE1
339.6577,186.6512,121.3745,0.0804,406.1253,61.9784,0.0172,259.957,12123.2773,0.1062,0.000228,-0.0162,0.0047,0.1044,ROTATE1
374.123,205.1866,158.3965,0.0744,455.1472,49.022,0.006,331.203,9480.3633,0.0974,0.000323,-0.0172,0.0051,0.0949,ROTATE1
401.6953,226.8368,139.5047,0.0792,481.9498,26.8026,0.0048,391.282,5936.8584,0.0896,0.000239,-0.0179,0.0135,0.0834,ROTATE1
423.7531,242.2257,119.2038,0.0709,502.4436,20.4938,0.0083,437.9626,3240.5972,0.0805,8.5e-05,-0.0181,0.0244,0.0692,ROTATE1
441.3994,251.3368,121.0099,0.0567,522.1561,19.7126,0.0142,473.5644,1630.5409,0.0723,7.2e-05,-0.0198,0.0332,0.0563,ROTATE1
455.5164,246.6163,137.3985,0.0397,535.9041,13.7479,0.017,499.5202,824.4788,0.0642,0.000206,-0.0221,0.0391,0.0407,ROTATE1
466.81,230.0962,158.9251,0.0335,544.1627,8.2587,0.0062,517.3233,512.3292,0.056,0.000306,-0.0217,0.0397,0.0248,ROTATE1
475.8449,203.0863,183.3713,0.0412,548.9057,4.743,0.0077,530.7144,282.2394,0.0484,0.000185,-0.0187,0.0358,0.0069,ROTATE1
483.0728,157.7503,218.5596,0.0523,553.1842,4.2785,0.0111,540.8625,120.3847,0.0447,7.3e-05,-0.0127,0.0308,-0.0107,ROTATE1
488.8551,111.5127,245.5602,0.0788,558.3137,5.1295,0.0265,548.0941,59.0123,0.0491,0.000257,-0.0042,0.0314,-0.0298,ROTATE1
493.481,73.6821,265.2481,0.1022,565.0744,6.7607,0.0234,553.9282,52.9228,0.0616,0.000647,0.004,0.037,-0.0462,ROTATE1
497.1817,39.1238,268.9547,0.1103,566.6188,1.5444,0.0081,558.4194,45.8897,0.077,0.000727,0.0111,0.0471,-0.0588,ROTATE1
500.1422,13.7522,237.5357,0.1274,553.8543,12.7645,0.0171,559.4091,30.9762,0.0942,0.000684,0.0167,0.0612,-0.0685,ROTATE1
502.5107,-10.8202,182.4223,0.1247,534.7073,19.147,0.0027,555.7137,131.6059,0.1087,0.000309,0.0204,0.0767,-0.0724,ROTATE1
504.4054,-37.7405,126.6003,0.1215,521.418,13.2893,0.0032,548.3346,311.0411,0.1172,9e-05,0.0217,0.0879,-0.0731,ROTATE1
505.9212,-54.4643,85.324,0.0957,515.9485,5.4695,0.0258,538.5094,368.2344,0.1159,0.000136,0.0225,0.0907,-0.0682,ROTATE1
507.1339,-68.8902,65.5842,0.0965,515.9766,0.0281,0.0008,528.381,209.1662,0.1132,0.000198,0.0221,0.0879,-0.0671,ROTATE1
508.104,-90.8496,43.8924,0.1023,518.025,2.0483,0.0059,521.2151,49.4875,0.1081,0.000156,0.0201,0.0824,-0.0661,ROTATE1
508.8801,-114.1453,14.6608,0.1235,521.7308,3.7058,0.0212,518.6198,6.3969,0.1079,0.000148,0.0175,0.0794,-0.0701,ROTATE1
509.5009,-135.8038,-22.1026,0.1298,527.7522,6.0214,0.0064,519.8866,19.9062,0.1096,0.000204,0.0142,0.0791,-0.0738,ROTATE1
502.707,-138.4118,-67.304,0.1152,525.7395,2.0127,0.0146,521.8448,19.8211,0.1135,0.000157,0.0098,0.0824,-0.0767,ROTATE1
478.6156,-108.195,-105.1276,0.0857,501.8275,23.912,0.0295,519.015,85.0643,0.1113,0.000249,0.0047,0.0837,-0.0724,ROTATE1
410.1019,-62.306,-127.0614,0.0561,433.832,67.9955,0.0296,502.1764,1252.5579,0.1021,0.000756,0.0001,0.0776,-0.0654,ROTATE1
276.4659,-5.8511,-136.0991,0.0439,308.2054,125.6266,0.0123,459.4713,6877.3076,0.0861,0.001089,-0.0038,0.0651,-0.0552,ROTATE1
118.7727,65.3254,-142.4637,0.0627,196.6476,111.5579,0.0188,393.2504,15374.9092,0.0727,0.000637,-0.0073,0.0507,-0.0492,ROTATE1
-7.3818,95.2322,-169.0334,0.1087,194.1545,2.4931,0.046,326.9334,15394.1309,0.0714,0.000532,-0.0098,0.0418,-0.0546,ROTATE1
-108.3055,85.6264,-206.2393,0.1292,248.1866,54.0321,0.0205,276.2052,7943.4023,0.0801,0.001083,-0.0107,0.0371,-0.069,ROTATE1
-189.0444,28.0386,-214.6477,0.127,287.3979,39.2113,0.0022,246.9184,2141.4976,0.0943,0.001207,-0.0118,0.0315,-0.0866,ROTATE1
-110.9761,-25.416,-160.7681,0.0783,196.9976,90.4003,0.0488,224.6768,1394.0062,0.1012,0.000703,-0.0143,0.0238,-0.0946,ROTATE1
-16.784,-49.4172,-116.777,0.0682,127.9087,69.089,0.01,210.929,2920.6921,0.1023,0.000623,-0.0138,0.0186,-0.0969,ROTATE1
-11.9991,-76.9962,-102.2841,0.0565,128.5863,0.6776,0.0117,197.8154,4048.5132,0.0918,0.000924,-0.0111,0.014,-0.0877,ROTATE1
31.5007,-80.1314,-108.1054,0.0413,138.2032,9.6169,0.0152,175.8187,3767.9324,0.0743,0.000847,-0.0087,0.011,-0.0688,ROTATE1
96.8037,-52.1863,-121.4156,0.0313,163.8173,25.6142,0.0101,151.1026,695.8712,0.0551,0.000294,-0.0055,0.0144,-0.0463,ROTATE1
125.0148,-27.7647,-123.8356,0.0262,178.1428,14.3254,0.0051,147.3316,406.6143,0.0447,0.000246,-0.002,0.02,-0.0355,ROTATE1
106.2712,-10.0743,-87.806,0.0322,138.2207,39.9221,0.006,149.394,343.5123,0.0375,0.000115,-0.0027,0.0146,-0.0237,ROTATE1
87.3107,44.2843,14.1583,0.0458,98.9178,39.3029,0.0137,143.4603,731.2818,0.0353,5.1e-05,-0.0044,0.001,-0.0115,ROTATE1
73.208,124.7025,86.6986,0.0217,168.6024,69.6846,0.0241,149.5402,815.2139,0.0314,6.6e-05,-0.0036,-0.0091,-0.0042,ROTATE1
153.6008,119.5839,75.3307,0.0644,208.73,40.1276,0.0426,158.5227,1394.4471,0.0381,0.000239,-0.0,-0.0053,-0.0096,ROTATE1
225.2775,93.264,61.499,0.0498,251.4562,42.7262,0.0146,173.1854,2829.7908,0.0428,0.000216,0.0021,-0.0009,-0.0117,ROTATE1
282.6189,40.5955,60.5523,0.0619,291.8698,40.4136,0.0121,203.9153,4458.1611,0.0487,0.000231,0.0044,0.0115,-0.0203,ROTATE1
328.492,-6.3642,38.6387,0.0748,330.8178,38.948,0.0129,250.2953,3323.0156,0.0545,0.000332,0.0043,0.03,-0.0336,ROTATE1
365.1905,-23.1164,-3.3547,0.0695,365.9367,35.1189,0.0053,289.7621,3105.2268,0.0641,7e-05,0.0001,0.0433,-0.0453,ROTATE1
394.5493,-47.1368,-26.2681,0.0538,398.2223,32.2856,0.0157,327.6606,2708.4146,0.062,8.7e-05,-0.0071,0.0382,-0.0465,ROTATE1
418.0363,-69.9282,-38.5332,0.0376,425.5927,27.3703,0.0162,362.4879,2252.1914,0.0595,0.00017,-0.0121,0.0322,-0.0466,ROTATE1
436.8259,-86.6145,-48.7141,0.0302,447.9866,22.394,0.0074,393.7112,1741.9197,0.0532,0.000301,-0.0148,0.0258,-0.0416,ROTATE1
451.8576,-100.0978,-64.3681,0.0292,467.2667,19.28,0.001,421.001,1288.1521,0.0441,0.00024,-0.0153,0.0167,-0.0357,ROTATE1
463.883,-114.0095,-83.357,0.0232,484.9062,17.6395,0.006,444.7949,932.3629,0.0348,0.000112,-0.0135,0.0076,-0.0307,ROTATE1
473.5033,-129.1576,-103.6825,0.0206,501.6345,16.7283,0.0026,465.4773,716.9465,0.0282,3.5e-05,-0.0099,0.0046,-0.0255,ROTATE1
481.1995,-145.1667,-127.0491,0.0281,518.4282,16.7938,0.0075,484.0444,614.811,0.0262,1.4e-05,-0.0071,0.0042,-0.0245,ROTATE1
487.3565,-158.6396,-148.6737,0.0211,533.6542,15.226,0.007,501.1779,553.4462,0.0244,1.3e-05,-0.006,0.004,-0.023,ROTATE1
492.2821,-161.7523,-169.9452,0.0107,545.3319,11.6777,0.0104,516.791,469.5985,0.0207,3.2e-05,-0.0058,0.0033,-0.0179,ROTATE1
496.2226,-161.1706,-191.7843,0.0117,555.8723,10.5404,0.001,530.9843,370.2927,0.0184,4.2e-05,-0.0069,0.0022,-0.0129,ROTATE1
499.3749,-160.5896,-213.7993,0.0171,566.4578,10.5855,0.0054,543.9489,281.6037,0.0177,4.1e-05,-0.0083,-0.0003,-0.0062,ROTATE1
501.8969,-153.7498,-237.0988,0.0298,575.9821,9.5242,0.0127,555.4597,224.0698,0.0181,4.8e-05,-0.0079,-0.0051,0.004,ROTATE1
503.9144,-138.353,-254.7884,0.0518,581.3677,5.3856,0.022,565.0023,172.156,0.0242,0.000237,-0.0053,-0.0123,0.0156,ROTATE1
505.5284,-120.3043,-261.3776,0.0734,581.6789,0.3112,0.0216,572.2717,97.548,0.0368,0.000527,-0.0016,-0.0225,0.0262,ROTATE1
506.8196,-94.9965,-255.8427,0.0908,575.6266,6.0523,0.0173,576.2226,30.4014,0.0526,0.000734,0.0029,-0.0346,0.0385,ROTATE1
507.8525,-66.3972,-237.3242,0.1016,564.4869,11.1396,0.0109,575.8285,38.721,0.0695,0.000677,0.0075,-0.047,0.0504,ROTATE1
508.6789,-35.1365,-207.375,0.1072,550.4482,14.0388,0.0055,570.7217,141.4685,0.085,0.000407,0.0113,-0.0579,0.0611,ROTATE1
509.34,-7.9311,-175.6062,0.1042,538.8207,11.6275,0.003,562.2123,249.9256,0.0954,0.000152,0.0139,-0.0652,0.0683,ROTATE1
509.8689,17.6395,-151.3506,0.1002,532.1508,6.6699,0.004,552.3066,256.7529,0.1008,3.1e-05,0.0162,-0.0677,0.0728,ROTATE1
510.292,45.4897,-133.7836,0.0965,529.4953,2.6555,0.0036,543.0804,166.9363,0.1019,1.3e-05,0.0167,-0.0672,0.0747,ROTATE1
510.6305,70.5261,-120.0988,0.0921,529.2836,0.2117,0.0045,536.0397,63.7871,0.1,2.9e-05,0.0152,-0.0651,0.0743,ROTATE1
510.9013,85.9303,-104.8197,0.0903,528.5748,0.7089,0.0018,531.665,14.2736,0.0966,2.6e-05,0.0125,-0.0626,0.0723,ROTATE1
511.1179,87.1036,-77.5464,0.0885,524.2538,4.321,0.0017,528.7516,6.5304,0.0935,1.8e-05,0.0088,-0.0608,0.0702,ROTATE1
511.2912,80.0766,-30.2621,0.0868,518.408,5.8458,0.0017,526.0031,18.0634,0.0908,1.1e-05,0.0032,-0.0592,0.0683,ROTATE1
511.4299,88.3894,18.9591,0.0884,519.3579,0.95,0.0016,523.9756,20.3453,0.0892,3e-06,-0.0016,-0.0544,0.0695,ROTATE1
452.7189,144.9084,32.811,0.0978,476.476,42.8819,0.0094,513.4141,354.4064,0.0904,1.5e-05,-0.0039,-0.0427,0.0748,ROTATE1
342.2626,212.2049,17.7644,0.0981,403.1007,73.3753,0.0003,488.3193,2112.4963,0.0919,2.5e-05,-0.0054,-0.0301,0.0809,ROTATE1
301.9382,238.2295,-12.5009,0.0844,384.8068,18.2939,0.0138,460.4299,3219.3862,0.0911,3.3e-05,-0.006,-0.0154,0.0849,ROTATE1
281.3037,256.7555,-50.8351,0.0592,384.2387,0.5681,0.0252,433.596,2988.0583,0.0856,0.000202,-0.0041,-0.002,0.0835,ROTATE1
309.6086,238.9669,-79.5462,0.0196,399.1118,14.8731,0.0396,409.5468,1176.5059,0.0718,0.000882,-0.002,0.0065,0.0712,ROTATE1
312.6588,198.2267,-100.212,0.0213,383.5254,15.5865,0.0017,390.9567,70.432,0.0565,0.001024,-0.0008,0.0045,0.0478,ROTATE1
258.0114,144.7313,-98.0883,0.0375,311.6703,71.8551,0.0163,372.6706,963.8234,0.0444,0.000602,-0.0016,-0.0021,0.024,ROTATE1
307.2779,65.6413,-77.5082,0.0588,323.6294,11.9591,0.0212,360.4351,1265.6667,0.0393,0.000298,-0.0034,-0.0134,0.0001,ROTATE1
302.7535,-39.8495,-61.1659,0.0739,311.4305,12.1989,0.0152,345.8735,1420.594,0.0422,0.00045,-0.0055,-0.0242,-0.0233,ROTATE1
256.4372,-130.6483,-67.6546,0.0545,295.6454,15.7851,0.0195,325.1802,930.0894,0.0492,0.000329,-0.0076,-0.0315,-0.0359,ROTATE1
207.3123,-206.9187,-86.6143,0.0404,305.4435,9.7982,0.0141,309.5638,83.2924,0.053,0.000174,-0.0102,-0.0358,-0.0368,ROTATE1
163.1655,-188.2287,-96.379,0.0415,267.0991,38.3445,0.001,300.6496,363.5923,0.0538,0.000152,-0.01,-0.0376,-0.0302,ROTATE1
137.5261,-133.6767,-87.65,0.051,210.8683,56.2308,0.0095,278.0973,1361.5112,0.0523,0.000147,-0.0095,-0.0373,-0.0182,ROTATE1
122.4896,-88.9976,-71.6513,0.0482,167.5058,43.3625,0.0028,249.3124,2756.8164,0.0471,2.9e-05,-0.0093,-0.0372,-0.0024,ROTATE1
160.448,-53.9043,-34.8679,0.1148,172.8149,5.3091,0.0666,224.7463,2894.3481,0.0592,0.000789,-0.0102,-0.0504,0.0189,ROTATE1
230.7553,40.7359,35.8557,0.0818,237.0507,64.2358,0.033,211.0678,1435.1165,0.0675,0.000753,-0.0088,-0.0583,0.0321,ROTATE1
253.8292,71.7762,46.3689,0.0327,267.8268,30.7761,0.0491,211.2133,1451.5114,0.0657,0.000856,-0.0073,-0.0554,0.034,ROTATE1
300.8009,79.2522,48.3358,0.0311,314.799,46.9723,0.0016,231.9995,3165.4246,0.0617,0.001036,-0.0057,-0.0512,0.0334,ROTATE1
328.7626,91.2643,73.6405,0.0431,349.0515,34.2524,0.012,268.3086,3755.4199,0.0607,0.001068,-0.0055,-0.0495,0.0342,ROTATE1
342.4413,103.3208,98.3936,0.033,370.9751,21.9237,0.0101,307.9406,2468.9976,0.0443,0.000369,-0.0047,-0.0344,0.0266,ROTATE1
342.5249,119.3348,99.4087,0.0269,376.0933,5.1182,0.0061,335.7492,1619.5657,0.0334,2.8e-05,-0.0061,-0.0201,0.0232,ROTATE1
284.7137,141.021,86.1301,0.026,329.1917,46.9016,0.001,348.0222,554.85,0.032,3.7e-05,-0.0081,-0.0117,0.0221,ROTATE1
236.971,149.2136,62.1259,0.0314,286.8442,42.3475,0.0054,342.4312,1051.3846,0.0321,3.7e-05,-0.0092,-0.0011,0.0188,ROTATE1
214.0205,143.374,40.7195,0.0265,260.8045,26.0397,0.0049,324.7818,2063.7002,0.0288,8e-06,-0.0089,0.011,0.0134,ROTATE1
189.0133,135.7617,46.7256,0.0164,237.3617,23.4428,0.0101,298.0591,2451.2876,0.0254,2.4e-05,-0.0089,0.0167,0.0069,ROTATE1
195.2388,112.5469,62.4242,0.0187,233.8413,3.5203,0.0023,269.6087,1248.7776,0.0238,3e-05,-0.0086,0.0166,-0.0013,ROTATE1
258.5879,34.9406,20.9988,0.0199,261.7814,27.94,0.0012,256.1266,369.237,0.0226,3.1e-05,-0.0045,0.0117,-0.0015,ROTATE1
309.2672,-29.285,10.6865,0.0659,310.8344,49.053,0.046,260.9247,756.0895,0.0295,0.000343,-0.0019,0.0067,0.0107,ROTATE1
349.8106,-42.9155,-26.6664,0.0804,353.4407,42.6063,0.0145,279.4519,2124.6714,0.0402,0.000743,-0.0002,0.0047,0.027,ROTATE1
382.2454,-22.5668,-52.1831,0.082,386.4503,33.0096,0.0016,309.2696,3170.9902,0.0534,0.000806,0.0012,0.0029,0.045,ROTATE1
408.1932,1.7778,-57.2559,0.0719,412.193,25.7427,0.0101,344.9399,2879.3772,0.064,0.000521,0.0016,-0.0027,0.0615,ROTATE1
428.9514,43.9066,-41.3828,0.0749,433.1739,20.9809,0.003,379.2184,1878.3383,0.075,3.4e-05,-0.002,-0.0109,0.0699,ROTATE1
445.558,103.1003,-25.1688,0.0521,458.023,24.8491,0.0228,408.6562,1318.5135,0.0722,0.000115,-0.0054,-0.0207,0.0619,ROTATE1
458.8433,139.5959,-26.0069,0.0347,480.313,22.2899,0.0173,434.0307,1091.8384,0.0631,0.000299,-0.0068,-0.03,0.0431,ROTATE1
469.4715,150.7548,-29.068,0.0446,493.9388,13.6258,0.0098,455.5283,894.7065,0.0556,0.000241,-0.0059,-0.0344,0.0189,ROTATE1
477.9741,160.207,-29.8607,0.0411,504.9923,11.0535,0.0035,474.0882,663.9843,0.0495,0.000193,-0.0044,-0.0323,-0.0017,ROTATE1
484.7762,172.4156,-25.026,0.0412,515.1324,10.1402,0.0001,490.4799,397.4271,0.0427,3.2e-05,-0.003,-0.0263,-0.0206,ROTATE1
490.2178,175.3356,-4.8865,0.0528,520.6534,5.5209,0.0117,503.006,211.923,0.0429,3.5e-05,-0.0009,-0.0232,-0.0347,ROTATE1
494.5712,155.331,25.894,0.088,519.0364,1.6169,0.0351,510.7506,100.3435,0.0535,0.000315,0.0004,-0.0241,-0.0477,ROTATE1
498.0538,116.7398,62.8183,0.0998,515.395,3.6415,0.0118,515.0419,29.7146,0.0646,0.000605,0.0012,-0.0264,-0.0587,ROTATE1
500.84,72.3043,95.3515,0.103,514.9374,0.4576,0.0032,517.0309,5.5616,0.0769,0.000637,0.0036,-0.027,-0.0713,ROTATE1
503.0688,17.7185,114.0906,0.1131,516.1481,1.2108,0.0101,517.234,4.9553,0.0913,0.000435,0.0067,-0.0256,-0.0862,ROTATE1
504.852,-46.0471,127.0787,0.1179,522.6326,6.4845,0.0048,517.6299,8.2892,0.1044,0.000111,0.0114,-0.0214,-0.1003,ROTATE1
506.2784,-105.4939,129.1036,0.1182,533.024,10.3914,0.0003,520.4274,47.463,0.1104,5.9e-05,0.0168,-0.0112,-0.107,ROTATE1
507.4196,-141.9295,119.7704,0.1134,540.3366,7.3126,0.0049,525.4157,96.7896,0.1131,3e-05,0.0219,0.0034,-0.1085,ROTATE1
508.3326,-146.0405,90.4757,0.0999,536.5778,3.7589,0.0134,529.7438,81.0162,0.1125,4.4e-05,0.0249,0.0189,-0.1039,ROTATE1
509.063,-122.2011,53.7993,0.0927,526.2819,10.2959,0.0072,531.7706,42.337,0.1084,0.000106,0.0265,0.0348,-0.0931,ROTATE1
509.6473,-101.6047,18.0988,0.098,519.9918,6.2901,0.0053,531.2424,53.1057,0.1044,9.4e-05,0.0247,0.0513,-0.0824,ROTATE1
510.1147,-88.1681,-11.8491,0.0971,517.8137,2.178,0.0009,528.2003,79.2827,0.1002,4.9e-05,0.0201,0.063,-0.0722,ROTATE1
510.4886,-79.9689,-39.9918,0.0859,518.2596,0.4459,0.0113,523.785,50.0927,0.0947,2.5e-05,0.0146,0.0685,-0.0624,ROTATE1
510.7878,-67.4938,-71.4528,0.0768,520.1587,1.899,0.0091,520.5011,9.208,0.0901,6.3e-05,0.0091,0.0699,-0.0554,ROTATE1
511.0271,-64.1982,-94.7341,0.0716,523.6838,3.5251,0.0052,519.9815,4.2805,0.0859,0.000112,0.0032,0.0678,-0.052,ROTATE1
511.2186,-62.7336,-112.4748,0.0666,527.1912,3.5074,0.005,521.4214,12.603,0.0796,0.000118,-0.0019,0.0636,-0.0473,ROTATE1
500.3655,-65.765,-128.0298,0.0608,520.6556,6.5355,0.0058,521.9897,9.7941,0.0723,7.4e-05,-0.0056,0.0582,-0.0419,ROTATE1
470.1424,-73.3026,-144.152,0.0562,497.179,23.4766,0.0046,517.7736,112.3505,0.0664,5.4e-05,-0.0089,0.0531,-0.0384,ROTATE1
419.8702,-76.8796,-166.3685,0.0518,458.1266,39.0525,0.0044,505.3672,668.8488,0.0614,5e-05,-0.0113,0.0477,-0.0367,ROTATE1
362.2024,-66.3693,-187.0854,0.0419,413.0332,45.0934,0.0099,483.2371,1817.1221,0.0555,7e-05,-0.0131,0.0411,-0.0345,ROTATE1
290.3713,-56.7548,-207.9996,0.028,361.6634,51.3698,0.0139,450.1315,3290.7856,0.0478,0.000137,-0.0123,0.0314,-0.0321,ROTATE1
199.1627,-50.2851,-219.6309,0.0337,300.7193,60.9441,0.0057,406.1443,4825.9824,0.0423,0.000113,-0.0108,0.0196,-0.0312,ROTATE1
56.9301,-51.475,-228.961,0.0462,241.4826,59.2367,0.0126,355.005,5975.9873,0.0403,7.3e-05,-0.0084,0.0056,-0.0315,ROTATE1
-56.8559,-47.3143,-200.7407,0.0719,213.9347,27.5479,0.0257,306.1667,5444.1572,0.0444,0.00023,-0.0077,-0.0146,-0.031,ROTATE1
-147.8847,-24.6234,-128.1988,0.0587,197.259,16.6757,0.0132,263.0118,3669.8989,0.0477,0.000259,-0.0097,-0.0296,-0.0209,ROTATE1
-220.7078,-86.7237,-94.334,0.0859,255.2094,57.9503,0.0272,241.721,1282.3475,0.0593,0.000339,-0.0122,-0.0385,-0.0303,ROTATE1
-278.9662,-171.7789,-95.6391,0.0528,341.2873,86.0779,0.0331,249.8346,2503.0454,0.0631,0.000202,-0.0131,-0.0404,-0.0336,ROTATE1
-325.573,-215.7544,-115.0832,0.0396,407.1754,65.8882,0.0133,282.9731,6342.1582,0.0618,0.000254,-0.0122,-0.0407,-0.0211,ROTATE1
-362.8584,-200.5285,-132.6353,0.0946,435.2815,28.1061,0.055,327.2425,8068.6865,0.0663,0.000428,-0.0077,-0.0358,0.0022,ROTATE1
-321.2117,-162.2072,-138.3988,0.1238,385.5417,49.7399,0.0293,364.899,3951.2886,0.0793,0.000908,0.0016,-0.0372,0.0196,ROTATE1
-211.2569,-117.5283,-131.5597,0.1252,275.2278,110.3139,0.0013,368.9027,3137.0828,0.0872,0.001258,0.0097,-0.0423,0.0552,ROTATE1
-109.9086,-89.9382,-119.0165,0.113,185.2936,89.9342,0.0121,337.704,8753.6621,0.0992,0.00101,0.0143,-0.051,0.0831,ROTATE1
-21.53,-69.1037,-103.4913,0.1043,126.2906,59.003,0.0088,281.527,13571.6768,0.1122,0.000136,0.0147,-0.0572,0.0949,ROTATE1
55.1385,-50.0861,-87.3399,0.0921,114.7917,11.4989,0.0121,217.4291,10295.1729,0.1117,0.000154,0.0117,-0.0601,0.0929,ROTATE1
119.5514,-45.8845,-78.5907,0.0759,150.2479,35.4562,0.0162,170.3703,3330.9402,0.1021,0.000289,0.0066,-0.0579,0.0834,ROTATE1
157.3068,-42.1232,-76.5226,0.0597,179.9319,29.684,0.0162,151.3111,786.9562,0.089,0.00037,0.0013,-0.0522,0.0718,ROTATE1
166.4235,-40.2767,-80.2681,0.0455,189.1084,9.1765,0.0143,152.0741,841.1385,0.0755,0.000451,-0.0028,-0.0453,0.06,ROTATE1
159.792,-37.1839,-81.4801,0.0461,183.1805,5.9278,0.0007,163.4521,772.2448,0.0639,0.000323,-0.0057,-0.0401,0.0488,ROTATE1
95.0836,-24.0315,-64.8122,0.0479,117.5543,65.6262,0.0018,164.0046,719.694,0.055,0.000136,-0.0089,-0.0375,0.0376,ROTATE1
14.6637,-26.7502,8.3971,0.0791,31.6403,85.914,0.0311,140.2831,3623.1958,0.0557,0.000164,-0.0073,-0.0382,0.0378,ROTATE1
-8.3659,6.5967,59.5021,0.0634,60.4483,28.808,0.0157,116.3864,4012.4543,0.0564,0.000172,-0.005,-0.0352,0.0404,ROTATE1
-9.2708,14.493,70.9579,0.0334,73.0138,12.5655,0.0299,93.1675,2791.8748,0.054,0.000248,-0.0006,-0.0305,0.0396,ROTATE1
-14.7667,34.2975,53.9382,0.0392,65.6026,7.4112,0.0058,69.6519,770.3854,0.0526,0.000277,0.0048,-0.0228,0.0409,ROTATE1
39.4773,59.4505,30.6881,0.0459,77.6826,12.0799,0.0067,61.6775,260.765,0.0522,0.000281,0.0086,-0.0122,0.0462,ROTATE1
133.61,96.0417,12.4442,0.0493,165.0166,87.334,0.0034,88.3528,1504.541,0.0463,0.000103,0.0067,-0.0015,0.0434,ROTATE1
209.2848,176.4396,12.7679,0.0654,274.033,109.0164,0.0161,131.0697,6419.5,0.0467,0.000118,0.0035,0.0025,0.0445,ROTATE1
269.8247,189.6673,17.6737,0.0366,330.2899,56.2569,0.0288,182.5249,11035.502,0.0473,0.000103,-0.0005,0.0006,0.0451,ROTATE1
318.2567,184.462,30.3983,0.0275,369.1038,38.8138,0.0092,243.2252,11579.1504,0.045,0.000163,-0.0029,-0.0056,0.0382,ROTATE1
357.0022,169.8414,39.5968,0.0332,397.3218,28.218,0.0057,307.153,6760.6626,0.0424,0.000184,-0.0017,-0.0138,0.0264,ROTATE1
387.9987,156.6075,48.3837,0.0357,421.2005,23.8787,0.0025,358.3898,2696.2693,0.0397,0.000176,0.0012,-0.0207,0.0131,ROTATE1
412.7958,159.4985,56.1976,0.0344,446.0923,24.8918,0.0012,392.8016,1627.225,0.0335,1e-05,0.0044,-0.0259,-0.0037,ROTATE1
432.6335,141.6144,113.3424,0.085,469.1193,23.027,0.0506,420.5675,1239.615,0.0432,0.000446,0.0045,-0.0385,-0.0164,ROTATE1
448.5037,144.5291,170.2833,0.1397,501.0396,31.9202,0.0546,446.9547,1308.7782,0.0656,0.001756,-0.0024,-0.0593,-0.0238,ROTATE1
461.1999,155.9545,225.3985,0.068,536.4994,35.4598,0.0717,474.7902,1644.9275,0.0726,0.001498,-0.0103,-0.0639,-0.0272,ROTATE1
471.3568,157.6573,255.547,0.0484,558.8715,22.3721,0.0196,502.3244,1726.3557,0.0751,0.001337,-0.0173,-0.0588,-0.0318,ROTATE1
479.4823,155.7103,236.6407,0.0634,556.9091,1.9623,0.015,524.4878,1198.629,0.0809,0.001,-0.0224,-0.0457,-0.0373,ROTATE1
485.9827,146.0057,197.4313,0.0748,544.4961,12.413,0.0114,539.5631,438.2963,0.0788,0.001,-0.0251,-0.0204,-0.042,ROTATE1
491.1831,123.7608,152.5107,0.0774,528.9963,15.4998,0.0026,545.1544,132.5517,0.0664,0.000105,-0.0218,0.0151,-0.0469,ROTATE1
495.3434,94.968,96.3804,0.0885,513.4911,15.5051,0.0111,540.5529,296.9077,0.0705,0.000186,-0.0169,0.0387,-0.0522,ROTATE1
498.6716,73.4088,38.6481,0.0824,505.5253,7.9658,0.0061,529.8836,361.3458,0.0773,7e-05,-0.0129,0.0515,-0.0553,ROTATE1
501.3341,37.4145,23.6403,0.0527,503.2838,2.2415,0.0297,519.1586,241.7525,0.0751,0.000148,-0.0102,0.0465,-0.0561,ROTATE1
503.4642,3.4566,21.4623,0.05,503.9333,0.6495,0.0026,511.046,93.9021,0.0702,0.00025,-0.0062,0.0421,-0.0537,ROTATE1
505.1682,-9.3659,-15.9927,0.0697,505.5081,1.5748,0.0197,506.3483,13.5253,0.0686,0.000237,-0.0013,0.0445,-0.049,ROTATE1
506.5315,-30.7396,-51.3473,0.0576,510.0545,4.5464,0.012,505.661,5.5961,0.0625,0.000144,0.0035,0.04,-0.0439,ROTATE1
507.6221,-50.3948,-71.3528,0.0425,515.0835,5.029,0.0151,507.5727,19.6947,0.0545,8.1e-05,0.0083,0.0343,-0.0372,ROTATE1
508.4945,-60.8471,-85.1416,0.0372,519.1514,4.0679,0.0053,510.7462,32.7581,0.0514,0.000131,0.0118,0.0389,-0.0269,ROTATE1
509.1925,-33.7558,-96.9258,0.0407,519.4334,0.282,0.0035,513.8461,28.9587,0.0495,0.00015,0.0113,0.0406,-0.0139,ROTATE1
509.7509,14.6735,-102.7344,0.0415,520.2073,0.7739,0.0008,516.786,14.504,0.0439,5e-05,0.0079,0.0351,-0.001,ROTATE1
510.1976,51.8294,-99.3406,0.0337,522.3566,2.1494,0.0077,519.2465,5.5941,0.0391,1e-05,0.0024,0.0316,0.009,ROTATE1
510.555,71.6323,-87.1944,0.0245,522.8771,0.5204,0.0092,520.8051,2.3348,0.0355,3.8e-05,-0.0034,0.0291,0.0158,ROTATE1
510.8409,80.3714,-68.168,0.0118,521.5983,1.2787,0.0127,521.2946,1.6741,0.0304,0.000124,-0.0075,0.0233,0.0163,ROTATE1
511.0696,55.494,-32.2563,0.0219,515.0847,6.5137,0.0101,520.4248,7.9374,0.0267,0.000103,-0.0092,0.0126,0.0125,ROTATE1
511.2526,21.1109,-22.2644,0.0127,512.1724,2.9122,0.0092,518.8178,18.9659,0.0209,6.5e-05,-0.009,0.0054,0.005,ROTATE1
511.3989,22.8949,-30.2021,0.0151,512.8013,0.6289,0.0024,516.9068,20.0488,0.0172,2.6e-05,-0.0064,-0.0022,-0.0005,ROTATE1
511.516,26.9159,-22.8617,0.0123,512.7336,0.0677,0.0028,514.8781,12.2873,0.0148,1.4e-05,-0.0032,-0.0082,-0.0022,ROTATE1
511.6097,28.314,-7.6894,0.0146,512.4503,0.2833,0.0023,513.0485,1.0863,0.0153,1.2e-05,-0.0006,-0.0118,-0.0045,ROTATE1
511.6847,25.22,12.4047,0.0122,512.456,0.0057,0.0025,512.5228,0.0509,0.0134,1e-06,0.0022,-0.01,-0.0058,ROTATE1
511.7446,18.0603,28.3519,0.0084,512.8475,0.3915,0.0038,512.6578,0.0292,0.0125,6e-06,0.004,-0.0102,-0.0031,ROTATE1
511.7926,11.4764,38.9503,0.0152,513.4009,0.5534,0.0068,512.7777,0.1212,0.0126,6e-06,0.0051,-0.0079,0.0014,ROTATE1
511.831,10.3811,41.6259,0.0303,513.6257,0.2248,0.0151,512.9562,0.2328,0.0161,5.6e-05,0.0067,-0.0033,0.0058,ROTATE1
511.8617,30.6174,29.0538,0.0494,513.599,0.0267,0.0192,513.1859,0.2115,0.0231,0.000229,0.009,0.0043,0.0153,ROTATE1
511.8862,62.5595,1.0587,0.0631,515.696,2.097,0.0136,513.8339,0.9452,0.0333,0.00042,0.0114,0.0141,0.0253,ROTATE1
511.9059,97.1664,-45.1687,0.0686,523.0001,7.3041,0.0055,515.8644,13.4318,0.0453,0.000401,0.0133,0.0254,0.0337,ROTATE1
511.9216,120.5644,-97.6287,0.0538,534.912,11.9119,0.0148,520.1666,66.272,0.053,0.000175,0.0134,0.0345,0.0364,ROTATE1
511.9342,134.8609,-126.8092,0.0181,544.3754,9.4634,0.0357,526.3165,137.1074,0.0506,0.000309,0.0112,0.0357,0.0315,ROTATE1
511.9442,147.7637,-133.9255,0.0183,549.4152,5.0397,0.0002,533.4797,160.1579,0.0444,0.000479,0.0081,0.0329,0.0209,ROTATE1
511.9523,148.7172,-124.2154,0.0334,547.3951,2.0201,0.0151,539.8195,95.4394,0.0384,0.000398,0.0045,0.0233,0.0051,ROTATE1
511.9587,136.2269,-99.3192,0.034,539.0026,8.3925,0.0006,543.02,28.751,0.0315,0.000172,0.0015,0.01,-0.0098,ROTATE1
511.9639,123.4971,-63.5272,0.0381,530.4661,8.5366,0.0041,542.1309,46.3329,0.0284,7.2e-05,-0.0007,-0.0038,-0.0211,ROTATE1
511.968,117.2602,-18.8812,0.0383,525.5641,4.9019,0.0002,538.3687,86.062,0.0324,5.4e-05,-0.0019,-0.0131,-0.0261,ROTATE1
469.5681,114.3113,27.0701,0.0317,484.0393,41.5248,0.0066,525.2935,481.0309,0.0351,7e-06,-0.0021,-0.0202,-0.0277,ROTATE1
399.4701,110.0616,71.3967,0.0281,420.4609,63.5784,0.0036,499.9066,1936.8147,0.0341,1.5e-05,-0.0015,-0.0211,-0.0262,ROTATE1
297.4199,112.0211,116.3736,0.02,338.4525,82.0084,0.0082,459.7966,5235.7852,0.0313,4.7e-05,-0.0006,-0.0193,-0.0239,ROTATE1
135.5359,116.4638,130.527,0.0182,221.2941,117.1584,0.0018,397.9622,11790.1465,0.0273,5.6e-05,0.0004,-0.0112,-0.0184,ROTATE1
6.0287,124.9867,108.5122,0.0459,165.6288,55.6653,0.0278,325.9752,14147.3174,0.0288,9.9e-05,0.0021,0.0037,-0.0146,ROTATE1
-97.577,128.6456,62.3442,0.044,173.0831,7.4543,0.002,263.7839,9957.9063,0.0312,0.000137,0.0012,0.0165,-0.0133,ROTATE1
-180.4616,131.8758,36.4222,0.0383,226.4602,53.3771,0.0056,224.9838,3821.5286,0.0333,0.000141,-0.0015,0.0235,-0.0145,ROTATE1
-246.7693,130.3038,41.4065,0.0504,282.1147,55.6545,0.0121,213.7162,1772.325,0.0394,0.000127,-0.0048,0.0253,-0.0205,ROTATE1
-299.8155,117.9899,75.469,0.0421,330.9177,48.803,0.0083,235.6409,4027.3843,0.0442,1.6e-05,-0.009,0.0196,-0.0272,ROTATE1
-342.2524,137.5607,113.7627,0.018,386.0072,55.0896,0.0241,279.7166,5626.3896,0.0386,0.000121,-0.0129,0.0123,-0.0253,ROTATE1
-345.8144,173.2235,127.1383,0.0349,407.1341,21.1268,0.0169,326.5268,4408.0996,0.0368,0.000115,-0.0134,0.0102,-0.0192,ROTATE1
-260.2984,193.2445,121.8919,0.0562,346.3471,60.787,0.0213,350.5042,1909.0901,0.0403,0.000177,-0.0102,0.0172,-0.0129,ROTATE1
-162.5481,180.5362,100.6041,0.089,262.938,83.4091,0.0328,346.6688,2492.521,0.048,0.00057,-0.0036,0.0325,-0.0107,ROTATE1
-68.2572,139.9133,63.5896,0.1171,168.1619,94.7761,0.0281,314.1177,7756.2671,0.063,0.001292,0.0056,0.0534,-0.0164,ROTATE1
39.5536,113.99,30.0966,0.1016,124.3544,43.8075,0.0155,261.7871,11186.1768,0.0797,0.000904,0.013,0.0686,-0.0274,ROTATE1
121.196,129.6045,3.7961,0.0872,177.483,53.1286,0.0144,215.8569,6272.8799,0.0902,0.000404,0.018,0.0775,-0.0388,ROTATE1
166.0443,154.6649,-13.5319,0.069,227.3215,49.8385,0.0182,192.0518,2326.9436,0.0928,0.000256,0.0194,0.0767,-0.0478,ROTATE1
222.8448,144.16,-11.5911,0.0737,265.662,38.3405,0.0047,192.5965,2405.3667,0.0897,0.000316,0.0161,0.0679,-0.0533,ROTATE1
251.3508,134.2812,-11.1479,0.0755,285.1893,19.5274,0.0018,216.002,3452.8242,0.0814,0.000138,0.0105,0.056,-0.0538,ROTATE1
303.4775,98.3499,-25.984,0.0821,320.0726,34.8833,0.0066,255.1457,2406.8804,0.0775,4.1e-05,0.0068,0.0468,-0.058,ROTATE1
345.1789,64.2237,-46.4372,0.0758,354.1604,34.0877,0.0063,290.4811,1912.7683,0.0752,1.8e-05,0.004,0.0391,-0.063,ROTATE1
378.54,37.8102,-66.6372,0.0632,386.2159,32.0555,0.0126,322.26,1938.0684,0.0741,3.7e-05,0.0016,0.0334,-0.066,ROTATE1
405.2289,16.8232,-83.3973,0.0541,414.0635,27.8477,0.0092,351.9403,2102.0552,0.0701,0.000102,0.0008,0.0287,-0.0636,ROTATE1
426.58,-1.0602,-87.0647,0.0481,435.3755,21.312,0.0059,381.9776,1700.9664,0.0647,0.000163,-0.0003,0.0201,-0.0595,ROTATE1
417.8328,-16.6544,-82.7924,0.0506,426.2818,9.0937,0.0025,403.2194,875.8792,0.0584,0.000102,-0.0023,0.0079,-0.0541,ROTATE1
377.3693,-36.5017,-74.4027,0.0513,386.3622,39.9196,0.0007,409.6598,409.8762,0.0535,2.7e-05,-0.0037,-0.0043,-0.0497,ROTATE1
329.7486,-61.3545,-65.0784,0.0464,341.6631,44.699,0.0049,400.7493,1145.2633,0.0501,7e-06,-0.0043,-0.0134,-0.0462,ROTATE1
306.2926,-90.4742,-100.0408,0.0342,334.6773,6.9858,0.0122,384.872,1730.8219,0.0461,3.9e-05,-0.0036,-0.0166,-0.0423,ROTATE1
347.431,-104.4981,-116.0952,0.036,380.9281,46.2508,0.0018,373.9825,1105.2302,0.0437,5.3e-05,-0.0035,-0.0204,-0.0373,ROTATE1
380.3417,-115.1922,-108.0543,0.0527,411.831,30.9029,0.0167,371.0924,836.3358,0.0441,5.9e-05,-0.0045,-0.0254,-0.0325,ROTATE1
406.6702,-142.7913,-94.5653,0.0602,441.2625,29.4315,0.0075,382.0724,1653.9114,0.0459,9.7e-05,-0.0058,-0.0311,-0.0287,ROTATE1
427.7331,-170.2737,-79.6335,0.058,467.2153,25.9528,0.0022,407.1829,2146.6577,0.0482,0.000121,-0.0066,-0.0378,-0.0237,ROTATE1
444.5833,-193.472,-66.1818,0.0539,489.3524,22.1371,0.004,438.1179,1488.6399,0.0522,7.3e-05,-0.0087,-0.0472,-0.0181,ROTATE1
458.0636,-202.2901,-58.4829,0.0494,504.1466,14.7941,0.0045,462.7616,1099.1521,0.0549,1.5e-05,-0.0089,-0.051,-0.0105,ROTATE1
468.8477,-194.1165,-65.1363,0.0454,511.6075,7.4609,0.004,482.7169,659.3376,0.0534,2.9e-05,-0.0071,-0.0494,-0.0017,ROTATE1
477.4751,-169.8651,-78.156,0.0509,512.7816,1.1742,0.0055,497.0207,291.824,0.0515,1.8e-05,-0.0051,-0.0444,0.0119,ROTATE1
484.377,-131.9764,-87.4529,0.0614,509.5948,3.1869,0.0104,505.4966,73.933,0.0522,2.8e-05,-0.0037,-0.037,0.0268,ROTATE1
489.8984,-94.4374,-102.2967,0.0646,509.2971,0.2977,0.0032,509.4855,8.7837,0.0544,5.4e-05,-0.0017,-0.029,0.0406,ROTATE1
494.3156,-70.6718,-114.7436,0.0539,512.3558,3.0587,0.0107,511.1273,2.035,0.0553,4.8e-05,0.0,-0.0244,0.0472,ROTATE1
497.8494,-65.0531,-113.0824,0.0546,514.6587,2.3029,0.0007,511.7376,4.1106,0.0571,2.6e-05,0.0019,-0.0269,0.046,ROTATE1
500.6764,-59.4268,-87.0409,0.0587,511.6488,3.0099,0.0041,511.511,3.8428,0.0586,1.6e-05,0.0029,-0.0301,0.0451,ROTATE1
502.938,-40.7665,-79.114,0.0715,510.752,0.8969,0.0128,511.7425,3.1701,0.0607,4.4e-05,0.0038,-0.0324,0.0464,ROTATE1
504.7473,-4.5413,-87.5693,0.0806,512.3073,1.5554,0.009,512.3445,1.6754,0.0639,0.00011,0.004,-0.0337,0.0494,ROTATE1
506.1947,18.417,-106.4679,0.0806,517.598,5.2907,0.0,513.3929,6.096,0.0692,0.000117,0.004,-0.0311,0.0557,ROTATE1
507.3527,29.0461,-117.4806,0.0755,521.5861,3.9881,0.0051,514.7784,17.2816,0.0734,6.5e-05,0.0035,-0.0253,0.0666,ROTATE1
508.279,20.165,-98.647,0.0682,518.1558,3.4304,0.0072,516.0798,15.9104,0.0753,2.4e-05,0.0026,-0.0255,0.0691,ROTATE1
509.0201,9.9507,-87.4613,0.0565,516.5753,1.5805,0.0118,517.2445,8.9258,0.0723,8.3e-05,0.0025,-0.0281,0.0636,ROTATE1
473.0192,-5.2832,-73.7191,0.0451,478.7584,37.8169,0.0114,510.5347,255.2654,0.0652,0.000166,0.0042,-0.0293,0.0549,ROTATE1
428.6685,11.9047,-66.0096,0.0596,433.8844,44.874,0.0146,493.792,1140.0232,0.061,0.000107,0.0064,-0.0313,0.0499,ROTATE1
395.6629,22.73,-49.5702,0.0485,399.4033,34.4811,0.0112,469.3554,2170.2195,0.0556,6.8e-05,0.0059,-0.0305,0.0444,ROTATE1
418.9272,9.8778,-28.1624,0.124,419.9889,20.5856,0.0755,449.722,1795.8658,0.0667,0.000848,0.0056,-0.0269,0.0585,ROTATE1
437.5387,-8.3603,-39.4924,0.1438,439.3969,19.408,0.0198,434.2864,685.0573,0.0842,0.00171,0.0044,-0.0181,0.0798,ROTATE1
452.4278,9.318,-106.7627,0.1253,464.9474,25.5504,0.0185,431.5242,469.8946,0.1003,0.001484,0.0053,-0.0092,0.0973,ROTATE1
464.3391,-14.18,-122.4883,0.0797,480.4324,15.485,0.0456,440.8338,860.5148,0.1043,0.001222,0.0045,-0.0102,0.1015,ROTATE1
473.8682,-25.5596,-120.0688,0.0749,489.5108,9.0784,0.0048,458.8553,666.3341,0.1095,0.000745,0.0072,-0.0111,0.1064,ROTATE1
481.4915,-9.9383,-109.055,0.0809,493.7872,4.2764,0.0061,473.6149,390.4156,0.1009,0.000792,0.0113,-0.009,0.0977,ROTATE1
487.5901,27.4681,-111.3034,0.0856,500.8862,7.099,0.0047,485.9128,153.7479,0.0893,0.000336,0.0146,-0.0105,0.0858,ROTATE1
492.4689,77.2089,-122.8427,0.0773,513.3977,12.5115,0.0083,495.6029,123.0245,0.0797,1.3e-05,0.0127,-0.0134,0.0766,ROTATE1
496.372,107.5046,-132.771,0.0594,524.9482,11.5505,0.018,504.506,169.9592,0.0756,7.9e-05,0.0105,-0.0084,0.0734,ROTATE1
499.4945,110.1756,-137.4106,0.0354,529.6368,4.6886,0.024,512.5312,186.8953,0.0677,0.000341,0.0063,-0.0036,0.0665,ROTATE1
501.9925,97.6123,-138.1285,0.0295,529.7208,0.084,0.0059,519.7179,124.075,0.0574,0.000493,0.0018,0.0001,0.0569,ROTATE1
503.9909,84.6367,-134.6309,0.0225,528.4843,1.2365,0.007,525.2375,38.0519,0.0448,0.000419,-0.0016,0.0015,0.0445,ROTATE1
505.5896,79.3438,-136.4266,0.0125,529.6494,1.1651,0.01,528.4879,3.3437,0.0318,0.000248,-0.0023,0.0018,0.0312,ROTATE1
506.8686,71.025,-132.9194,0.0079,528.7985,0.8509,0.0045,529.2579,0.2641,0.0215,0.000105,-0.0005,0.0013,0.0195,ROTATE1
507.8917,69.3138,-128.9605,0.0166,528.5728,0.2257,0.0087,529.0452,0.284,0.0178,5.7e-05,0.0035,0.003,0.0121,ROTATE1
508.7103,72.1948,-122.9778,0.0168,528.3198,0.2531,0.0002,528.765,0.2195,0.0153,2.4e-05,0.0069,0.0047,0.0052,ROTATE1
509.3651,52.3464,-105.401,0.0364,522.7833,5.5365,0.0195,527.6248,6.0598,0.018,9.5e-05,0.0062,0.0068,-0.006,ROTATE1
509.889,10.5334,-92.1802,0.0645,518.2614,4.5219,0.0281,525.3472,17.5869,0.0284,0.000411,0.0052,0.0123,-0.0192,ROTATE1
510.3081,-14.4452,-90.6066,0.0544,518.4907,0.2292,0.01,523.2856,20.3567,0.0377,0.000375,0.0093,0.0218,-0.0208,ROTATE1
494.8027,73.4251,-146.2166,0.0867,521.1528,2.6622,0.0323,521.8016,13.4732,0.0518,0.000569,0.0091,0.0299,-0.0062,ROTATE1
498.239,103.2276,-172.9358,0.0501,537.4056,16.2528,0.0366,523.6188,50.3711,0.0584,0.000281,0.0008,0.0355,-0.0084,ROTATE1
481.0725,93.4602,-190.5392,0.0482,525.8049,11.6008,0.0019,524.2231,50.8221,0.0608,0.0002,-0.0016,0.0414,-0.0049,ROTATE1
425.4986,74.19,-216.397,0.0598,483.0952,42.7097,0.0116,517.1898,332.5485,0.0599,0.000196,-0.0034,0.0442,-0.0008,ROTATE1
330.9551,36.5177,-259.0176,0.0583,421.8471,61.2481,0.0015,497.8611,1776.6589,0.0606,0.00019,-0.0099,0.0447,-0.0059,ROTATE1
237.2204,-4.9484,-304.3954,0.0554,385.9463,35.9008,0.0029,470.8198,3441.9114,0.0544,2e-05,-0.0129,0.045,-0.0247,ROTATE1
154.8919,-36.2149,-345.9163,0.0351,380.7376,5.2087,0.0202,439.4862,3196.343,0.0514,8.2e-05,-0.0075,0.0444,-0.0205,ROTATE1
107.9948,-35.9157,-379.133,0.0362,395.8468,15.1092,0.0011,413.4946,1411.4758,0.049,0.00012,-0.0061,0.0394,-0.0112,ROTATE1
83.7802,-2.8076,-392.9689,0.0602,401.8104,5.9636,0.024,397.2376,205.6431,0.0491,0.000122,-0.0088,0.0277,0.0066,ROTATE1
133.1242,31.3102,-378.5314,0.0698,402.4778,0.6674,0.0096,393.3638,75.0033,0.0514,0.000186,-0.0175,0.0131,0.0219,ROTATE1
73.8212,14.195,-331.522,0.058,339.9381,62.5397,0.0119,384.1621,550.1896,0.0519,0.000191,-0.0238,-0.0061,0.0243,ROTATE1
-6.6586,-23.3408,-289.6489,0.0674,290.6641,49.274,0.0094,366.1474,1971.6924,0.0583,0.000142,-0.0262,-0.0253,0.0183,ROTATE1
-56.0488,-61.6446,-229.1972,0.0893,243.8706,46.7934,0.0219,335.7522,3861.7356,0.069,0.000123,-0.0265,-0.0447,0.0052,ROTATE1
-92.8734,-106.1313,-188.1046,0.0738,235.1014,8.7692,0.0156,302.4104,3903.4399,0.0717,0.000105,-0.0207,-0.0567,-0.0096,ROTATE1
-63.055,-125.0269,-165.3462,0.0763,216.6726,18.4288,0.0026,265.2494,1989.9932,0.073,0.000107,-0.0075,-0.0662,-0.0152,ROTATE1
10.4185,-126.9403,-143.9457,0.0871,192.205,24.4677,0.0108,235.7027,1068.405,0.0788,6.8e-05,0.003,-0.073,-0.0071,ROTATE1
62.1129,-136.5428,-113.4628,0.0913,188.0845,4.1205,0.0042,215.1868,496.8523,0.0836,5.1e-05,0.0094,-0.078,0.0029,ROTATE1
75.7935,-160.9311,-75.214,0.0922,193.1337,5.0492,0.0008,205.0394,326.5987,0.0841,5.9e-05,0.0165,-0.079,0.0151,ROTATE1
88.7879,-179.8543,-40.015,0.1003,204.5289,11.3951,0.0082,198.9249,108.5192,0.0895,6.1e-05,0.0212,-0.0818,0.0282,ROTATE1
118.4491,-185.0522,-30.5307,0.0955,221.8257,17.2968,0.0048,199.9555,149.3496,0.0933,1.9e-05,0.0245,-0.0785,0.0388,ROTATE1
178.1186,-161.1074,-46.6527,0.1067,244.6596,22.8339,0.0112,210.4465,426.9663,0.0972,3.3e-05,0.0277,-0.0714,0.0511,ROTATE1
235.3949,-93.2172,-64.2753,0.1096,261.2116,16.552,0.0029,225.0719,628.4722,0.1009,4.3e-05,0.0302,-0.0642,0.0647,ROTATE1
234.1628,-33.0206,-57.1077,0.0683,243.2774,17.9343,0.0414,235.1006,390.1752,0.0961,0.000218,0.0302,-0.06,0.0601,ROTATE1
221.5553,-20.3352,6.3732,0.0614,222.5778,20.6996,0.0068,238.7104,221.5824,0.0883,0.000394,0.0258,-0.0525,0.0588,ROTATE1
245.1286,9.9349,52.1142,0.0551,250.8039,28.2262,0.0063,244.5061,160.2245,0.0802,0.000539,0.0189,-0.0471,0.0543,ROTATE1
269.7779,53.3073,69.2038,0.0553,283.5682,32.7643,0.0002,252.2878,404.8353,0.07,0.000417,0.0115,-0.039,0.0472,ROTATE1
318.2192,107.8709,66.8568,0.0675,342.5922,59.024,0.0122,268.5639,1754.9736,0.0615,3.2e-05,0.0041,-0.027,0.0421,ROTATE1
356.9722,179.8967,59.8761,0.0758,404.1994,61.6072,0.0083,300.7483,4270.6523,0.063,6.1e-05,-0.0016,-0.0125,0.0565,ROTATE1
387.9747,246.3142,54.7852,0.0848,462.8136,58.6143,0.0091,348.7955,5993.0298,0.0677,0.000134,-0.0037,-0.0025,0.0657,ROTATE1
412.7766,299.4483,56.6438,0.0689,513.0909,50.2773,0.0159,401.2529,6719.3828,0.0705,9.5e-05,-0.0032,0.0016,0.07,ROTATE1
432.6182,341.9555,59.9963,0.042,554.6995,41.6086,0.0269,455.4791,5718.1353,0.0678,0.000204,-0.002,-0.0003,0.0669,ROTATE1
448.4914,363.0175,60.4221,0.0236,580.1526,25.4531,0.0184,502.9912,4020.7415,0.059,0.000518,0.0022,-0.0054,0.0548,ROTATE1
461.19,352.0797,40.4658,0.0444,581.6302,1.4776,0.0208,538.4774,2046.3259,0.0528,0.000465,0.0087,-0.0062,0.0326,ROTATE1
471.3489,326.6387,-12.5868,0.0551,573.6036,8.0267,0.0107,560.6354,657.118,0.0468,0.000225,0.0118,-0.0005,0.0069,ROTATE1
479.476,289.8423,-46.9132,0.0607,562.2336,11.37,0.0055,570.4639,108.9341,0.0452,0.000163,0.0105,0.0075,-0.0171,ROTATE1
472.7652,257.8519,-47.2274,0.0488,540.5784,21.6552,0.0118,567.6396,229.8838,0.0465,0.000161,0.0072,0.0131,-0.034,ROTATE1
455.7809,231.9065,-20.4819,0.0435,511.7972,28.7811,0.0053,553.9686,635.3462,0.0505,4.3e-05,0.002,0.0132,-0.043,ROTATE1
456.6841,211.0346,43.1613,0.0504,504.9345,6.8627,0.0069,538.6295,727.8915,0.0517,3.4e-05,-0.0041,0.0038,-0.0412,ROTATE1
467.7442,199.9277,126.4259,0.0629,524.1557,19.2212,0.0125,528.7399,427.348,0.0533,5.4e-05,-0.0082,-0.0145,-0.0354,ROTATE1
476.5922,205.0047,151.6658,0.0277,540.5271,16.3714,0.0352,524.3986,211.9233,0.0467,0.000131,-0.0068,-0.0192,-0.0303,ROTATE1
483.6707,201.6131,164.617,0.0407,549.2576,8.7305,0.013,526.1345,280.1468,0.045,0.000134,-0.0045,-0.0185,-0.0287,ROTATE1
489.3334,188.7686,151.6873,0.074,545.976,3.2816,0.0333,532.9702,271.046,0.0511,0.000264,-0.0011,-0.005,-0.0314,ROTATE1
493.8636,170.1899,88.7999,0.0973,529.8597,16.1163,0.0233,537.9552,90.9311,0.0605,0.000602,0.0016,0.0177,-0.0393,ROTATE1
497.4878,145.1238,25.3211,0.1017,518.8412,11.0185,0.0044,536.8923,124.7852,0.0683,0.00088,0.0055,0.0449,-0.0497,ROTATE1
500.3871,120.874,-28.2868,0.092,515.556,3.2852,0.0097,531.8981,188.2484,0.0811,0.000498,0.0053,0.0572,-0.0564,ROTATE1
502.7066,103.768,-72.1138,0.0869,518.3455,2.7896,0.0051,525.7157,126.4903,0.0904,9.2e-05,0.005,0.0671,-0.06,ROTATE1
504.5621,77.2269,-86.0786,0.0808,517.6451,0.7004,0.0061,520.0494,25.3152,0.0917,5.5e-05,0.0021,0.0683,-0.0607,ROTATE1
506.0466,54.3221,-76.8035,0.0631,514.7162,2.9289,0.0177,517.0208,2.583,0.0849,0.000166,-0.0026,0.0621,-0.0568,ROTATE1
507.2342,41.1202,-45.049,0.0522,510.8882,3.828,0.0109,515.4303,6.912,0.075,0.000225,-0.0086,0.0533,-0.0507,ROTATE1
508.1842,40.8587,-13.583,0.0495,510.005,0.8832,0.0027,514.32,11.5629,0.0665,0.000225,-0.0141,0.0454,-0.0447,ROTATE1
508.9442,49.8807,-10.9133,0.0487,511.4992,1.4942,0.0008,512.9508,8.0386,0.0589,0.000147,-0.0187,0.0386,-0.0385,ROTATE1
509.5523,74.6889,-9.04,0.0426,515.0764,3.5772,0.0061,512.437,4.2709,0.0512,4.5e-05,-0.0215,0.0336,-0.0307,ROTATE1
510.0387,101.948,-17.0976,0.0447,520.4087,5.3323,0.0021,513.5755,14.6453,0.0476,1.2e-05,-0.0213,0.0336,-0.0244,ROTATE1
501.6872,119.6678,-30.6093,0.0452,516.6695,3.7392,0.0005,514.7318,13.7786,0.0462,7e-06,-0.0189,0.0347,-0.022,ROTATE1
487.8623,121.4467,-44.4281,0.0528,504.7106,11.9589,0.0076,513.6729,28.2736,0.0468,1.3e-05,-0.0156,0.0356,-0.0238,ROTATE1
492.6867,100.9574,-56.1331,0.0639,506.047,1.3364,0.0111,512.5824,37.7705,0.0499,6.1e-05,-0.0124,0.0361,-0.0294,ROTATE1
496.5463,73.2753,-56.4659,0.0547,505.09,0.957,0.0092,510.5851,43.7647,0.0523,5e-05,-0.0105,0.035,-0.0353,ROTATE1
499.6339,50.4452,-51.9852,0.0476,504.8576,0.2323,0.0071,507.4749,21.3518,0.0529,4.2e-05,-0.0094,0.0319,-0.0402,ROTATE1
502.104,35.7531,-45.5413,0.0368,505.4312,0.5736,0.0108,505.2273,0.2272,0.0512,8e-05,-0.0088,0.0286,-0.0413,ROTATE1
504.0801,32.1243,-42.4861,0.0313,506.8864,1.4551,0.0054,505.6624,0.5349,0.0469,0.000139,-0.0074,0.0254,-0.0386,ROTATE1
505.6609,34.5651,-43.4952,0.0224,508.7038,1.8174,0.0089,506.1938,2.073,0.0386,0.000132,-0.0056,0.0218,-0.0308,ROTATE1
506.9257,42.8114,-46.6961,0.019,510.8688,2.165,0.0034,507.3495,4.8647,0.0314,0.000105,-0.0032,0.0194,-0.024,ROTATE1
499.0718,54.3117,-51.3319,0.0172,504.6359,6.233,0.0018,507.3052,5.0936,0.0253,5.6e-05,-0.0013,0.0169,-0.0185,ROTATE1
461.9324,62.5712,-57.1499,0.0197,469.6411,34.9947,0.0025,500.1472,236.8705,0.0219,2.5e-05,-0.0,0.014,-0.0162,ROTATE1
388.5147,68.732,-60.948,0.0207,399.2273,70.4139,0.001,478.6154,1801.1348,0.0198,3e-06,0.0004,0.01,-0.0154,ROTATE1
300.6211,73.6106,-63.1116,0.0263,315.8712,83.356,0.0057,440.0488,5429.8271,0.0206,1e-05,0.0008,0.0049,-0.0178,ROTATE1
212.525,72.8135,-63.6455,0.0336,233.494,82.3773,0.0073,384.5739,9882.2461,0.0235,3.5e-05,0.0009,-0.0006,-0.0216,ROTATE1
122.1013,66.5539,-63.1852,0.0372,152.7433,80.7507,0.0036,314.1954,12795.2227,0.0275,4.8e-05,0.0009,-0.0057,-0.026,ROTATE1
10.8123,63.2681,-62.895,0.0386,89.864,62.8793,0.0014,238.24,12258.2324,0.0313,4.6e-05,0.0012,-0.0095,-0.0296,ROTATE1
-93.7502,59.6114,-63.6629,0.0515,128.0452,38.1812,0.0128,184.0035,6561.8369,0.0374,6.7e-05,0.001,-0.0117,-0.0355,ROTATE1
-177.4001,42.911,-61.474,0.0784,192.5908,64.5456,0.027,159.3475,2490.8445,0.0479,0.00027,0.0017,-0.0139,-0.0456,ROTATE1
-244.3201,-1.3087,-41.2824,0.095,247.7867,55.1959,0.0166,162.206,2947.4333,0.0602,0.000524,0.0011,-0.019,-0.0568,ROTATE1
-297.8561,-38.7282,-21.6259,0.1057,301.1409,53.3541,0.0106,191.8855,5909.2295,0.0738,0.000645,-0.0012,-0.025,-0.0691,ROTATE1
-340.6849,-85.6357,16.818,0.1293,351.6853,50.5444,0.0236,244.2498,6192.729,0.092,0.000683,-0.0053,-0.0348,-0.0843,ROTATE1
-374.9479,-169.5992,69.8482,0.1496,417.407,65.7217,0.0202,302.1221,6139.5029,0.1116,0.000633,-0.0098,-0.0472,-0.0999,ROTATE1
-402.3583,-238.0794,144.8567,0.1106,489.4461,72.0391,0.039,361.4932,7233.21,0.118,0.000372,-0.0143,-0.0591,-0.0998,ROTATE1
-424.2867,-254.351,218.2822,0.0854,540.7039,51.2578,0.0252,420.0766,7638.6562,0.1161,0.000476,-0.0152,-0.0685,-0.082,ROTATE1
-441.8293,-228.2558,277.0226,0.1145,569.2587,28.5547,0.0291,473.7002,6385.0835,0.1179,0.000451,-0.0111,-0.0776,-0.0488,ROTATE1
-455.8635,-180.8703,324.015,0.1368,587.8021,18.5434,0.0223,520.9235,3781.3579,0.1193,0.000494,-0.0016,-0.0792,-0.0035,ROTATE1
-467.0908,-124.6025,361.6089,0.1438,603.7057,15.9036,0.0071,558.1833,1620.5115,0.1182,0.00043,0.0108,-0.0695,0.0494,ROTATE1
-459.132,-90.0195,331.9059,0.1377,573.6438,30.0619,0.0062,575.0228,439.786,0.1236,0.000465,0.0239,-0.0454,0.089,ROTATE1
-399.165,-48.4625,267.5841,0.1419,482.9933,90.6505,0.0042,563.4808,1764.8942,0.1349,0.000111,0.0323,-0.0131,0.1115,ROTATE1
-327.557,-6.1012,198.686,0.1374,383.154,99.8394,0.0045,526.2598,6876.3657,0.1395,8e-06,0.0353,0.0232,0.1172,ROTATE1
-287.6519,28.5784,139.0207,0.1169,320.7602,62.3938,0.0205,472.8514,11712.4375,0.1355,9.3e-05,0.0324,0.0559,0.1079,ROTATE1
-312.7121,37.8158,104.7384,0.0913,331.9474,11.1872,0.0256,418.4997,9304.5527,0.125,0.000361,0.0256,0.0774,0.0882,ROTATE1
-352.5697,32.3527,92.3595,0.0714,365.8994,33.9521,0.0199,376.9508,3317.6648,0.1118,0.000728,0.0161,0.0828,0.0677,ROTATE1
-384.4557,24.3634,94.9563,0.0616,396.7575,30.8581,0.0098,359.7037,849.6595,0.0957,0.000792,0.0086,0.0795,0.0475,ROTATE1
-409.9646,15.9876,85.7776,0.0985,419.1472,22.3897,0.0369,366.9023,1394.5621,0.0879,0.000386,0.0038,0.0804,0.0321,ROTATE1
-430.3717,27.2838,36.4096,0.109,432.77,13.6228,0.0105,389.3043,1334.6036,0.0864,0.000304,-0.0009,0.0821,0.0255,ROTATE1
-446.6973,11.1708,8.712,0.0887,446.9219,14.1519,0.0203,412.2992,811.8328,0.0859,0.0003,-0.0054,0.0829,0.0191,ROTATE1
-459.7579,-4.9915,2.8634,0.0636,459.7939,12.872,0.0252,431.0781,479.7474,0.0843,0.000355,-0.009,0.0813,0.0139,ROTATE1
-470.2063,-23.6057,13.6126,0.0491,470.9952,11.2013,0.0145,445.9256,342.3923,0.0818,0.000494,-0.0118,0.0785,0.0102,ROTATE1
-478.565,-27.2095,41.4776,0.0394,481.1291,10.1339,0.0097,458.322,293.162,0.07,0.000658,-0.0153,0.0664,0.0065,ROTATE1
-485.252,-24.4989,67.832,0.0255,490.5822,9.4531,0.0139,469.8845,237.0343,0.0532,0.00047,-0.0158,0.0504,-0.0,ROTATE1
-490.6016,-22.0554,72.725,0.028,496.4527,5.8705,0.0026,479.7906,174.6209,0.0411,0.000197,-0.0134,0.0385,-0.0006,ROTATE1
-494.8813,-13.4037,72.805,0.029,500.3875,3.9348,0.001,487.9094,113.5797,0.0342,7.8e-05,-0.0106,0.0321,0.0014,ROTATE1
-498.305,-4.5761,85.9815,0.0256,505.6893,5.3018,0.0034,494.8482,71.44,0.0295,2.6e-05,-0.0083,0.0275,0.0045,ROTATE1
-501.044,11.736,113.3321,0.0259,513.8356,8.1463,0.0004,501.3895,63.1132,0.0268,2e-06,-0.006,0.0224,0.0085,ROTATE1
-503.2352,31.292,146.1094,0.0221,524.9503,11.1147,0.0039,508.2631,103.5299,0.0261,6e-06,-0.005,0.0189,0.0123,ROTATE1
-504.9882,26.4961,183.1782,0.017,537.8376,12.8873,0.0051,516.54,182.0553,0.0239,1.7e-05,-0.0049,0.0163,0.0103,ROTATE1
-506.3905,11.1125,216.4144,0.0146,550.8085,12.9709,0.0023,526.6242,263.0489,0.021,2.1e-05,-0.0047,0.0133,0.0107,ROTATE1
-507.5124,-9.5069,232.669,0.0352,558.3853,7.5767,0.0205,537.1635,266.0717,0.0229,5.3e-05,-0.0032,0.0141,0.0131,ROTATE1
-508.4099,-17.5743,241.3321,0.0407,563.0548,4.6696,0.0055,547.0073,194.4046,0.0259,0.000105,-0.0012,0.0178,0.0141,ROTATE1
-489.2186,-17.125,245.0125,0.0418,547.4114,15.6434,0.0011,551.4995,76.9549,0.0298,0.000137,0.0005,0.0229,0.0155,ROTATE1
-452.2311,-18.65,255.0257,0.0355,519.5179,27.8935,0.0063,547.8356,230.7655,0.0335,9.6e-05,0.0024,0.0257,0.0208,ROTATE1
-388.4068,-12.1232,263.9862,0.0479,469.7824,49.7355,0.0124,531.6304,1184.8484,0.0402,2.2e-05,0.0052,0.0308,0.025,ROTATE1
-326.0192,-11.7923,295.6827,0.0336,440.2906,29.4918,0.0142,508.0115,2152.4202,0.0399,2.5e-05,0.005,0.0319,0.0225,ROTATE1
-315.9654,-12.2088,338.9431,0.0421,463.5359,23.2453,0.0085,488.1077,1545.9198,0.0402,2.6e-05,0.0044,0.0344,0.018,ROTATE1
-316.4442,2.4829,373.5513,0.0574,489.575,26.0391,0.0153,476.5404,709.1608,0.0433,7.5e-05,0.0047,0.0391,0.0161,ROTATE1
-331.6429,55.4145,401.2379,0.0797,523.4975,33.9225,0.0222,477.3363,780.1073,0.0521,0.00025,0.0051,0.0472,0.0198,ROTATE1
-326.8831,108.3097,423.3872,0.0947,545.7474,22.2499,0.0151,492.5293,1473.8845,0.0615,0.000521,0.0051,0.0557,0.024,ROTATE1
-323.4314,112.7946,441.1067,0.0974,558.4851,12.7377,0.0026,516.1682,1239.345,0.0743,0.00046,0.0069,0.0667,0.0306,ROTATE1
-318.9452,96.2607,455.2822,0.1055,564.1578,5.6727,0.0081,536.2926,740.924,0.0869,0.000288,0.0094,0.0778,0.037,ROTATE1
-318.878,56.9117,466.6227,0.1106,568.0307,3.8729,0.0052,551.9837,259.6678,0.0976,0.000112,0.0116,0.0877,0.0403,ROTATE1
-330.8087,14.4825,475.695,0.1178,579.5946,11.5639,0.0071,563.2031,123.9717,0.1052,7.2e-05,0.0147,0.0961,0.0391,ROTATE1
-347.8032,-28.4359,482.9529,0.1243,595.8348,16.2402,0.0066,573.2206,175.647,0.1111,8.8e-05,0.0189,0.1035,0.034,ROTATE1
-380.6425,-81.5143,488.7592,0.1298,624.8351,29.0002,0.0055,586.4906,488.9378,0.1176,7.8e-05,0.0253,0.1106,0.0266,ROTATE1
-406.914,-157.2146,493.4043,0.1392,658.5919,33.7568,0.0094,605.3774,1072.1938,0.1244,9.6e-05,0.0331,0.1169,0.0183,ROTATE1
-427.9312,-228.1717,497.1203,0.1574,694.4897,35.8979,0.0181,630.6693,1741.7643,0.1337,0.000189,0.0432,0.1245,0.0141,ROTATE1
-443.6075,-284.9373,500.0931,0.1759,726.6843,32.1945,0.0186,660.0872,2198.4038,0.1453,0.00036,0.0546,0.1327,0.0156,ROTATE1
-448.8485,-330.3499,502.4714,0.1936,750.3823,23.698,0.0177,690.9967,2047.9763,0.1592,0.000546,0.0658,0.1415,0.0228,ROTATE1
-449.2413,-359.7518,493.4428,0.2105,758.1061,7.7239,0.0169,717.6509,1362.7959,0.1753,0.00064,0.0767,0.1502,0.0389,ROTATE1
-450.1837,-360.8296,468.3324,0.2266,743.1006,15.0056,0.016,734.5526,509.0717,0.1928,0.000599,0.0858,0.1587,0.0618,ROTATE1
-462.5469,-353.148,429.9471,0.2448,723.5453,19.5553,0.0183,740.3637,178.5284,0.2103,0.000583,0.0939,0.166,0.0848,ROTATE1
-472.4376,-356.6934,388.5827,0.2456,708.113,15.4323,0.0007,736.6495,335.3293,0.2242,0.000402,0.0996,0.1699,0.1047,ROTATE1
-480.35,-375.4766,353.6099,0.245,704.8112,3.3018,0.0005,727.5353,417.277,0.2345,0.000195,0.1058,0.1698,0.1211,ROTATE1
-486.68,-389.4188,323.9442,0.2389,702.4559,2.3553,0.0062,716.4052,232.2776,0.2402,5.2e-05,0.1106,0.1663,0.1324,ROTATE1
-491.744,-409.157,301.8116,0.2352,707.3273,4.8713,0.0037,709.2505,55.0414,0.2419,1.7e-05,0.1157,0.1586,0.1401,ROTATE1
-495.7952,-420.7443,287.5805,0.2445,711.0142,3.687,0.0093,706.7443,8.5145,0.2418,1.7e-05,0.1206,0.1465,0.1481,ROTATE1
-499.0362,-416.9298,272.3394,0.2634,705.0081,6.0062,0.0189,706.1234,8.3571,0.2454,9.4e-05,0.1261,0.1339,0.16,ROTATE1
-501.629,-398.8439,245.6091,0.2783,686.3176,18.6904,0.0149,702.4246,72.7855,0.2521,0.000267,0.1304,0.122,0.1754,ROTATE1
-503.7032,-368.0938,206.9654,0.289,657.301,29.0166,0.0107,693.3937,398.4545,0.2621,0.000405,0.1349,0.1117,0.1931,ROTATE1
-505.3625,-331.7688,168.1911,0.2794,627.4951,29.8059,0.0096,677.4272,973.2214,0.2709,0.000242,0.1392,0.0999,0.2086,ROTATE1
-506.69,-301.8307,144.0935,0.251,607.124,20.3712,0.0284,656.6492,1304.3859,0.2722,0.00018,0.1425,0.0843,0.2145,ROTATE1
-507.752,-276.7052,136.5435,0.2485,594.1565,12.9675,0.0025,634.4789,1126.213,0.2692,0.000268,0.1449,0.0624,0.2149,ROTATE1
-508.6016,-239.6204,132.3067,0.2824,577.58,16.5765,0.0339,612.7313,763.3027,0.2701,0.000286,0.1465,0.0341,0.2189,ROTATE1
-509.2813,-174.4963,133.5079,0.3203,554.6537,22.9262,0.0379,592.2018,619.153,0.2763,0.00068,0.1459,0.0007,0.2284,ROTATE1
-509.825,-97.7064,140.1907,0.338,537.7002,16.9536,0.0177,574.2429,641.5911,0.288,0.001301,0.1438,-0.0323,0.2423,ROTATE1
-510.26,-22.4402,140.2369,0.3334,529.6558,8.0444,0.0046,558.7492,582.907,0.3045,0.001167,0.141,-0.0617,0.2597,ROTATE1
-459.6549,28.2698,132.6989,0.315,479.2607,50.3951,0.0184,535.7701,1067.8162,0.3178,0.000384,0.1379,-0.0853,0.2717,ROTATE1
-395.8771,54.8064,117.0935,0.2971,416.4532,62.8074,0.0179,503.5447,2527.0308,0.3208,0.00021,0.1339,-0.1031,0.2714,ROTATE1
-325.2204,65.8639,103.2748,0.287,347.5227,68.9305,0.0101,462.1185,5157.0479,0.3141,0.000393,0.1304,-0.1169,0.2593,ROTATE1
