gx,gy,gz,lin_acc_mag,gyro_mag,gyro_diff,lin_acc_diff,gyro_avg,gyro_var,lin_acc_avg,lin_acc_var,lin_ax_avg,lin_ay_avg,lin_az_avg,label
-57.1387,26.5996,-14.8073,0.4364,64.7428,143.6531,0.0168,331.7981,29654.4961,0.4617,0.000247,0.0335,0.201,0.414,ROTATE
56.6859,-1.5922,-13.1615,0.4213,58.2156,6.5272,0.0151,238.3703,28402.4121,0.4498,0.000356,0.0331,0.1884,0.407,ROTATE
147.7456,-21.955,-9.4135,0.4061,149.6643,91.4487,0.0153,172.3775,13979.9971,0.4363,0.000444,0.032,0.1789,0.3966,ROTATE
220.5934,-34.5171,-2.1183,0.3803,223.2876,73.6233,0.0257,140.8612,4811.3716,0.4195,0.000628,0.0285,0.1723,0.3813,ROTATE
212.4872,-30.0606,8.7241,0.3619,214.7802,8.5074,0.0184,142.1381,4990.3584,0.4012,0.000729,0.023,0.1678,0.3635,ROTATE
181.4648,-18.1922,17.5136,0.3407,183.2134,31.5669,0.0213,165.8322,3568.3762,0.3821,0.000847,0.0179,0.1645,0.3441,ROTATE
175.0031,-3.7663,23.7953,0.319,176.6535,6.5598,0.0216,189.5198,714.4255,0.3616,0.000915,0.0143,0.1621,0.3227,ROTATE
204.2056,8.712,33.3862,0.3045,207.1001,30.4466,0.0145,201.007,326.5915,0.3413,0.000759,0.0129,0.16,0.3009,ROTATE
261.6238,19.4977,43.5777,0.289,265.944,58.8439,0.0156,209.5383,997.887,0.323,0.000668,0.0153,0.1591,0.2803,ROTATE
311.696,18.0263,50.3216,0.2647,316.2461,50.3021,0.0243,229.8314,2857.8901,0.3036,0.000668,0.0197,0.1577,0.2581,ROTATE
351.7536,2.8492,54.8916,0.2409,356.0222,39.7762,0.0239,264.3932,4413.5493,0.2836,0.000781,0.0245,0.1562,0.2347,ROTATE
383.7998,-7.63,56.3383,0.2232,387.9878,31.9655,0.0177,306.66,4142.5376,0.2645,0.000894,0.0283,0.1554,0.2109,ROTATE
409.4367,-11.4634,48.2863,0.2044,412.4335,24.4457,0.0187,347.7267,2711.2358,0.2444,0.000893,0.031,0.1551,0.1845,ROTATE
429.9463,-15.0207,22.1728,0.1866,430.7796,18.3461,0.0179,380.6938,1666.2791,0.2239,0.000745,0.0327,0.1552,0.1548,ROTATE
446.3539,-57.0416,-23.4305,0.1644,450.5935,19.8139,0.0222,407.5633,1090.8004,0.2039,0.00072,0.0336,0.1552,0.121,ROTATE
459.48,-119.8926,-46.6132,0.1335,477.1466,26.5531,0.0308,431.7882,941.0257,0.1824,0.000975,0.0329,0.1506,0.0863,ROTATE
469.9809,-154.8891,-43.8405,0.1177,496.7843,19.6377,0.0158,453.5475,928.7614,0.1613,0.001035,0.0297,0.1432,0.0533,ROTATE
478.3816,-110.4769,-16.8693,0.1011,491.2623,5.522,0.0166,469.3133,626.6108,0.1407,0.000962,0.025,0.132,0.0258,ROTATE
485.1022,-82.5409,9.7233,0.1003,492.1704,0.9081,0.0008,481.5915,283.3781,0.1234,0.000569,0.0187,0.1187,-0.0001,ROTATE
490.4786,-53.1765,24.8786,0.1146,493.9797,1.8094,0.0143,490.2687,46.6035,0.1135,0.00015,0.0125,0.1053,-0.0237,ROTATE
494.7798,-43.5974,25.4685,0.1612,497.3494,3.3696,0.0466,494.3092,5.8671,0.119,0.000494,0.0082,0.0964,-0.053,ROTATE
498.2207,-41.2811,52.2498,0.1811,502.651,5.3017,0.02,495.4826,17.1823,0.1317,0.001106,0.007,0.0772,-0.0875,ROTATE
500.9734,-31.5811,94.0999,0.2036,510.7118,8.0608,0.0225,499.3725,44.8748,0.1522,0.001534,0.0083,0.0632,-0.1257,ROTATE
503.1757,-27.6305,74.4705,0.2267,509.4066,1.3052,0.0231,502.8197,42.7539,0.1774,0.001468,0.0134,0.0567,-0.1614,ROTATE
504.9374,-28.4513,32.6952,0.2374,506.7941,2.6125,0.0107,505.3826,23.7158,0.202,0.000793,0.0198,0.0515,-0.192,ROTATE
506.3468,-29.2735,-4.5657,0.2423,507.2128,0.4188,0.0049,507.3553,7.5878,0.2182,0.000521,0.0253,0.0432,-0.2119,ROTATE
507.4743,-26.8157,-43.2651,0.2424,510.0208,2.8079,0.0001,508.8292,2.4103,0.2305,0.000213,0.0295,0.0431,-0.2238,ROTATE
508.3763,-14.2807,-82.7746,0.2381,515.2689,5.2482,0.0043,509.7406,9.1648,0.2374,3.3e-05,0.0329,0.035,-0.2307,ROTATE
509.098,-3.1995,-119.7103,0.2517,522.9929,7.7239,0.0136,512.4579,36.8833,0.2424,2.6e-05,0.0331,0.0157,-0.2369,ROTATE
509.6753,-10.1253,-140.2057,0.2883,528.7051,5.7122,0.0366,516.8401,64.0581,0.2525,0.000339,0.0309,-0.0114,-0.2471,ROTATE
510.1371,-13.2377,-144.949,0.3058,530.4953,1.7902,0.0175,521.4966,61.1313,0.2652,0.000723,0.0281,-0.0406,-0.2575,ROTATE
510.5066,-13.1402,-145.7248,0.3278,531.0605,0.5652,0.022,525.7045,35.3794,0.2823,0.001109,0.0242,-0.0714,-0.2693,ROTATE
510.8021,-11.1746,-143.0642,0.3537,530.5762,0.4844,0.0259,528.766,8.973,0.3054,0.001201,0.0197,-0.1038,-0.284,ROTATE
511.0386,-10.9272,-140.3982,0.3762,530.0863,0.4899,0.0226,530.1847,0.6432,0.3303,0.001006,0.0157,-0.1385,-0.2969,ROTATE
511.2278,-25.6355,-138.5248,0.3956,530.2831,0.1968,0.0194,530.5003,0.1076,0.3518,0.001043,0.0124,-0.1739,-0.3025,ROTATE
511.3791,-55.9022,-129.8043,0.417,530.5495,0.2664,0.0214,530.5111,0.108,0.3741,0.000973,0.0087,-0.2126,-0.3039,ROTATE
511.5002,-98.7655,-90.9309,0.4408,528.8246,1.7249,0.0238,530.064,0.4165,0.3967,0.000926,0.0055,-0.2545,-0.2993,ROTATE
511.597,-174.6405,-30.6291,0.459,541.4508,12.6262,0.0182,532.2389,21.5659,0.4177,0.00089,-0.0005,-0.2971,-0.2874,ROTATE
511.6745,-218.9249,30.5905,0.4657,557.382,15.9312,0.0066,537.6979,117.2728,0.4356,0.000686,-0.0086,-0.3368,-0.2691,ROTATE
511.7365,-249.2368,87.863,0.4815,575.9454,18.5634,0.0159,546.8304,315.4478,0.4528,0.000491,-0.017,-0.3737,-0.2486,ROTATE
511.7861,-266.0457,131.0373,0.4998,591.5032,15.5578,0.0183,559.0212,512.9507,0.4694,0.000403,-0.0237,-0.4071,-0.2271,ROTATE
511.8257,-266.3803,148.3705,0.5112,595.7666,4.2634,0.0113,572.4096,421.3788,0.4834,0.00039,-0.0288,-0.4356,-0.203,ROTATE
511.8575,-273.0637,162.7776,0.5182,602.5433,6.7767,0.007,584.6281,262.0049,0.4953,0.000372,-0.0299,-0.4599,-0.1744,ROTATE
511.8829,-285.4134,171.3877,0.521,610.6215,8.0782,0.0029,595.276,135.2887,0.5063,0.000207,-0.0308,-0.4817,-0.1394,ROTATE
511.9032,-259.4526,164.0008,0.5117,596.8725,13.749,0.0093,599.4614,43.5465,0.5124,5.4e-05,-0.0335,-0.4965,-0.0974,ROTATE
511.9194,-220.6152,136.735,0.4943,573.9591,22.9134,0.0174,595.9526,148.6418,0.5113,8.6e-05,-0.0389,-0.5018,-0.051,ROTATE
511.9324,-185.2922,100.5443,0.483,553.6399,20.3192,0.0113,587.5273,435.7215,0.5056,0.000214,-0.0461,-0.4992,-0.0058,ROTATE
511.9428,-168.2994,64.7198,0.456,542.7696,10.8703,0.027,575.5725,648.3594,0.4932,0.000521,-0.052,-0.4869,0.032,ROTATE
511.9512,-153.1333,52.0071,0.4671,536.8878,5.8818,0.0111,560.8258,484.5079,0.4824,0.000386,-0.0565,-0.473,0.0648,ROTATE
511.9578,-145.316,50.2182,0.4743,534.546,2.3418,0.0072,548.3605,207.3763,0.475,0.000172,-0.0599,-0.4601,0.0936,ROTATE
511.9631,-126.3309,47.5558,0.4674,529.4595,5.0865,0.0069,539.4606,68.5593,0.4696,8e-05,-0.0634,-0.4464,0.1226,ROTATE
511.9674,-85.7272,39.479,0.4615,520.5942,8.8652,0.0058,532.8514,55.8556,0.4653,3.8e-05,-0.0671,-0.4314,0.152,ROTATE
511.9708,-23.163,27.5613,0.4501,513.2351,7.3591,0.0114,526.9445,78.2502,0.4641,6.5e-05,-0.0725,-0.4174,0.1824,ROTATE
511.9735,24.0008,9.0491,0.4428,512.6157,0.6194,0.0072,522.0901,75.9742,0.4592,0.00013,-0.0768,-0.3996,0.2081,ROTATE
511.9757,65.1882,-8.7326,0.4361,516.183,3.5673,0.0068,518.4175,38.435,0.4516,0.000134,-0.0793,-0.3782,0.2307,ROTATE
511.9774,89.9724,-22.8986,0.4297,520.3271,4.1441,0.0063,516.591,11.4432,0.4441,0.000122,-0.0794,-0.3582,0.248,ROTATE
511.9789,101.0717,-28.8908,0.4201,522.6591,2.332,0.0096,517.004,15.4319,0.4358,0.000107,-0.0778,-0.3383,0.2616,ROTATE
511.98,107.173,-38.6251,0.4032,524.5012,1.842,0.017,519.2572,18.7555,0.4264,0.000191,-0.076,-0.3155,0.2743,ROTATE
511.9809,113.0259,-45.0438,0.3856,526.2397,1.7385,0.0175,521.9821,12.26,0.4149,0.000338,-0.0735,-0.2885,0.2862,ROTATE
511.9816,116.6426,-45.2007,0.3745,527.0424,0.8027,0.0111,524.1539,5.9387,0.4026,0.000424,-0.07,-0.2599,0.2962,ROTATE
511.9821,105.2891,-35.9512,0.3694,523.9313,3.1111,0.0051,524.8747,2.5001,0.3906,0.000353,-0.0665,-0.2288,0.306,ROTATE
511.9826,79.6656,-9.8203,0.369,518.2367,5.6946,0.0004,523.9902,9.5487,0.3803,0.000166,-0.064,-0.1963,0.3163,ROTATE
511.983,58.8263,25.3625,0.366,515.9752,2.2615,0.003,522.285,19.4371,0.3729,4.8e-05,-0.062,-0.166,0.3254,ROTATE
511.9833,45.7391,58.2431,0.3531,517.3115,1.3364,0.0129,520.4994,18.068,0.3664,5.2e-05,-0.0601,-0.1382,0.3316,ROTATE
511.9835,46.1726,79.5726,0.3396,520.1835,2.8719,0.0135,519.1276,7.644,0.3594,0.000133,-0.0585,-0.1115,0.3348,ROTATE
511.9837,25.2068,73.8144,0.3417,517.8912,2.2923,0.0021,517.9196,1.8754,0.3539,0.000146,-0.0579,-0.0862,0.3367,ROTATE
511.9839,-9.6127,69.9421,0.3504,516.8286,1.0626,0.0087,517.638,2.0141,0.3502,8.9e-05,-0.0583,-0.0654,0.3379,ROTATE
511.984,-64.1495,64.3756,0.3585,519.9875,3.1589,0.0081,518.4405,1.9212,0.3487,5e-05,-0.0589,-0.0457,0.3396,ROTATE
511.9841,-129.979,62.7755,0.3502,531.9426,11.9551,0.0083,521.3667,29.5653,0.3481,4.6e-05,-0.0584,-0.0254,0.3411,ROTATE
511.9841,-158.7926,38.6891,0.3279,537.438,5.4954,0.0223,524.8176,69.0344,0.3457,0.000108,-0.0559,-0.0023,0.3393,ROTATE
511.9842,-178.506,16.0044,0.3106,542.4467,5.0086,0.0173,529.7287,97.4774,0.3395,0.000313,-0.0504,0.0219,0.332,ROTATE
511.9843,-209.4204,-3.7465,0.3115,553.1716,10.7249,0.0009,536.9973,121.276,0.3317,0.000385,-0.0417,0.052,0.3208,ROTATE
511.9843,-245.8863,-26.244,0.3272,568.5743,15.4028,0.0157,546.7147,168.4043,0.3255,0.000207,-0.0315,0.0855,0.3078,ROTATE
511.9843,-261.6247,-51.1796,0.3516,577.2303,8.6559,0.0245,555.7722,228.9637,0.3258,0.000222,-0.0216,0.1197,0.2982,ROTATE
511.9843,-228.456,-73.3468,0.3712,565.4201,11.8102,0.0195,561.3686,149.0323,0.3344,0.000558,-0.0131,0.1507,0.2954,ROTATE
511.9844,-182.0898,-94.9212,0.3676,551.6292,13.791,0.0036,563.2051,93.023,0.3458,0.000535,-0.006,0.1782,0.2947,ROTATE
511.9844,-149.875,-108.4682,0.3476,544.3857,7.2434,0.02,561.4479,140.6347,0.353,0.000248,-0.0004,0.199,0.2906,ROTATE
511.9844,-134.1656,-108.0777,0.3278,540.1937,4.1921,0.0198,555.7718,188.6077,0.3532,0.000242,0.0042,0.2132,0.2803,ROTATE
511.9844,-132.6169,-102.5965,0.319,538.7405,1.4532,0.0088,548.0739,95.2688,0.3466,0.000432,0.0074,0.2231,0.2635,ROTATE
511.9844,-128.8841,-98.9741,0.325,537.1545,1.5859,0.006,542.4207,26.9786,0.3374,0.00032,0.0092,0.2317,0.2432,ROTATE
511.9844,-118.4323,-102.8855,0.3272,535.4808,1.6738,0.0021,539.191,9.2213,0.3293,9.3e-05,0.0102,0.2404,0.2231,ROTATE
511.9844,-101.8302,-114.5866,0.3182,534.4413,1.0395,0.0089,537.2021,4.3807,0.3235,1.6e-05,0.0106,0.2485,0.2054,ROTATE
511.9844,-92.2517,-120.4911,0.3011,534.0005,0.4408,0.0171,535.9635,3.1068,0.3181,8.4e-05,0.0104,0.2543,0.1898,ROTATE
511.9844,-84.542,-115.0179,0.2814,531.5115,2.489,0.0197,534.5177,3.4382,0.3106,0.000297,0.0097,0.256,0.1746,ROTATE
511.9844,-76.2398,-95.4956,0.2678,526.3648,5.1467,0.0136,532.3597,10.6849,0.2991,0.00049,0.0086,0.2535,0.1575,ROTATE
511.9844,-68.4919,-70.3277,0.2672,521.311,5.0538,0.0006,529.5258,25.1206,0.2871,0.000394,0.0072,0.2497,0.1404,ROTATE
511.9844,-47.9779,-47.4434,0.2728,516.4114,4.8995,0.0056,525.9198,41.6825,0.278,0.000159,0.0066,0.2472,0.1261,ROTATE
511.9844,-17.4198,-26.1266,0.2719,512.9464,3.465,0.0009,521.709,44.5541,0.2722,2.6e-05,0.007,0.2476,0.1114,ROTATE
511.9844,14.2829,-18.0607,0.2853,512.5019,0.4445,0.0135,517.9071,27.8362,0.273,4.3e-05,0.0087,0.2539,0.0974,ROTATE
511.9844,50.7982,-15.061,0.2918,514.7187,2.2168,0.0065,515.5779,10.1375,0.2778,8.5e-05,0.0109,0.2635,0.0827,ROTATE
511.9844,19.1386,-37.7613,0.3202,513.7316,0.9871,0.0284,514.062,1.9477,0.2884,0.00031,0.0141,0.2786,0.0608,ROTATE
511.9844,-31.261,-77.9591,0.3401,518.8284,5.0967,0.0199,514.5454,5.1538,0.3019,0.000614,0.0192,0.2954,0.0291,ROTATE
511.9844,-75.1557,-81.4454,0.3193,523.8413,5.0129,0.0208,516.7244,17.1772,0.3114,0.000405,0.0228,0.3061,0.0,ROTATE
511.9844,-96.4652,-72.9876,0.3153,526.0805,2.2392,0.004,519.4401,23.7436,0.3173,0.000237,0.0256,0.3121,-0.0268,ROTATE
511.9844,-97.7596,-83.8463,0.3196,527.9348,1.8542,0.0043,522.0834,26.7305,0.3229,7.7e-05,0.0283,0.3163,-0.0516,ROTATE
511.9844,-82.2233,-108.9489,0.3306,529.8666,1.9318,0.011,525.3103,14.4828,0.325,8.3e-05,0.0297,0.3153,-0.0709,ROTATE
511.9844,-64.1162,-143.3341,0.3469,535.5218,5.6552,0.0163,528.649,15.7878,0.3263,0.000132,0.0276,0.3127,-0.0862,ROTATE
511.9844,-42.4086,-189.0923,0.3611,547.4326,11.9108,0.0142,533.3672,59.4677,0.3347,0.000294,0.0259,0.3151,-0.1057,ROTATE
511.9844,-18.68,-226.9801,0.3604,560.3542,12.9217,0.0007,540.222,147.5205,0.3437,0.000269,0.0235,0.3146,-0.131,ROTATE
511.9844,12.0435,-247.6528,0.3598,568.8629,8.5086,0.0006,548.4076,214.3808,0.3518,0.00014,0.0191,0.3098,-0.1593,ROTATE
511.9844,41.3036,-260.5973,0.364,575.973,7.1102,0.0041,557.6288,212.5652,0.3585,3.5e-05,0.0136,0.3011,-0.1884,ROTATE
511.9844,51.746,-279.4122,0.3678,585.5569,9.5839,0.0039,567.6359,170.6745,0.3626,9e-06,0.0074,0.2885,-0.215,ROTATE
511.9844,55.6968,-297.1017,0.3824,594.5583,9.0014,0.0146,577.0611,145.1688,0.3669,6.8e-05,-0.0022,0.2744,-0.2404,ROTATE
511.9844,43.4731,-325.3344,0.3825,608.1615,13.6032,0.0001,586.6225,191.3714,0.3713,8.9e-05,-0.0117,0.2592,-0.2629,ROTATE
511.9844,10.0097,-341.3832,0.3793,615.4435,7.282,0.0032,595.9386,207.6298,0.3752,6.1e-05,-0.0199,0.2411,-0.2838,ROTATE
511.9844,-21.361,-341.9128,0.3787,616.0265,0.583,0.0006,603.9493,144.4379,0.3782,2.9e-05,-0.0268,0.2192,-0.3034,ROTATE
511.9844,-36.6482,-333.4427,0.3815,612.0908,3.9357,0.0028,609.2561,61.8763,0.3809,2e-06,-0.0327,0.1949,-0.3219,ROTATE
511.9844,-36.3998,-327.2448,0.3914,608.7217,3.3691,0.0098,612.0888,10.704,0.3827,2.1e-05,-0.0364,0.168,-0.3389,ROTATE
511.9844,-38.2855,-330.1927,0.3985,610.4269,1.7052,0.0071,612.5419,7.9663,0.3859,6e-05,-0.0414,0.1414,-0.3544,ROTATE
511.9844,-29.4877,-333.1448,0.3929,611.5415,1.1146,0.0056,611.7615,5.8736,0.3886,5.4e-05,-0.0464,0.1142,-0.3664,ROTATE
511.9844,-4.1996,-330.4503,0.3873,609.3792,2.1623,0.0056,610.432,1.6032,0.3903,3.2e-05,-0.0498,0.0865,-0.3749,ROTATE
511.9844,4.7778,-319.4258,0.3838,603.4763,5.9029,0.0035,608.7091,7.7609,0.3908,2.5e-05,-0.0508,0.0566,-0.3803,ROTATE
511.9844,-3.5652,-302.9594,0.386,594.9161,8.5602,0.0021,605.948,38.1868,0.3897,2.8e-05,-0.0498,0.0241,-0.3826,ROTATE
511.9844,-25.7397,-272.7582,0.3928,580.6785,14.2375,0.0068,599.9984,126.4853,0.3886,1.4e-05,-0.0483,-0.0089,-0.3827,ROTATE
511.9844,-46.9074,-239.1378,0.3996,567.0231,13.6555,0.0067,591.0946,238.0341,0.3899,3.2e-05,-0.047,-0.0394,-0.3828,ROTATE
511.9844,-58.4665,-202.8477,0.4047,553.7992,13.2239,0.0051,579.9786,325.7936,0.3934,6.2e-05,-0.048,-0.0674,-0.3829,ROTATE
511.9844,-50.9295,-174.5282,0.4079,543.3065,10.4927,0.0032,567.9447,339.5186,0.3982,6.3e-05,-0.0513,-0.0937,-0.382,ROTATE
511.9844,-33.1592,-156.8194,0.4078,536.4885,6.818,0.0001,556.2592,255.3743,0.4026,3.3e-05,-0.0549,-0.119,-0.379,ROTATE
507.7563,6.7539,-141.1993,0.4114,527.0667,9.4218,0.0036,545.5367,191.5841,0.4063,1.6e-05,-0.058,-0.1433,-0.3739,ROTATE
506.4425,55.2062,-121.2751,0.4178,523.6787,3.3879,0.0064,536.8679,119.6574,0.4099,2e-05,-0.0612,-0.1665,-0.3679,ROTATE
480.929,91.6869,-88.5575,0.4157,497.5356,26.1432,0.0021,525.6152,245.1064,0.4121,1.6e-05,-0.0633,-0.1876,-0.3602,ROTATE
441.0776,123.2776,-52.2148,0.4079,460.9482,36.5874,0.0078,509.1436,747.5584,0.4121,1.6e-05,-0.064,-0.204,-0.3516,ROTATE
403.5309,159.6721,-19.7937,0.4058,434.4239,26.5243,0.0021,488.7306,1297.9264,0.4117,2.1e-05,-0.0635,-0.2181,-0.3428,ROTATE
399.5747,179.0033,49.9932,0.398,440.6829,6.259,0.0079,471.4539,1167.2261,0.4091,5.1e-05,-0.0617,-0.23,-0.3318,ROTATE
422.0566,183.5214,86.7102,0.3831,468.3274,27.6445,0.0149,460.3836,501.1431,0.4021,0.000122,-0.0554,-0.2355,-0.3205,ROTATE
440.0422,174.2359,87.2181,0.3391,481.2507,12.9233,0.044,457.1266,301.5691,0.3868,0.000645,-0.0464,-0.2326,-0.305,ROTATE
454.4307,185.0481,54.8651,0.3096,493.7208,12.47,0.0295,463.6812,523.5128,0.3671,0.00136,-0.037,-0.2275,-0.2853,ROTATE
465.9414,210.051,28.9952,0.3053,511.9214,18.2006,0.0043,479.1806,577.5052,0.347,0.001421,-0.0275,-0.2191,-0.2673,ROTATE
475.15,188.3376,-15.5976,0.32,511.353,0.5684,0.0148,493.3146,288.3314,0.3314,0.000804,-0.018,-0.2063,-0.2584,ROTATE
482.5169,138.6576,-49.6874,0.3126,504.4971,6.8559,0.0074,500.5486,136.1386,0.3173,0.000142,-0.0133,-0.1973,-0.248,ROTATE
488.4104,94.5948,-73.3781,0.3105,502.869,1.6281,0.0021,504.8723,44.0399,0.3116,2.3e-05,-0.0128,-0.1961,-0.2415,ROTATE
493.1252,47.3009,-90.4681,0.31,503.5815,0.7125,0.0005,506.8444,15.6126,0.3117,2.3e-05,-0.0133,-0.1994,-0.2387,ROTATE
496.8971,18.3376,-88.5182,0.2919,505.0529,1.4714,0.0181,505.4707,9.2123,0.309,8.6e-05,-0.0155,-0.2066,-0.2268,ROTATE
499.9146,39.3388,-72.024,0.2692,506.6059,1.553,0.0227,504.5213,1.6484,0.2989,0.000276,-0.0179,-0.2184,-0.1964,ROTATE
502.3285,84.6242,-65.5129,0.261,513.6021,6.9962,0.0082,506.3423,14.8245,0.2885,0.000417,-0.0163,-0.2296,-0.1631,ROTATE
504.2597,128.5212,-75.626,0.2652,525.8468,12.2447,0.0042,510.9379,67.378,0.2795,0.000348,-0.0122,-0.2404,-0.1296,ROTATE
505.8047,151.9795,-83.432,0.2761,534.6934,8.8466,0.0109,517.1603,130.7022,0.2727,0.000117,-0.0076,-0.2513,-0.0966,ROTATE
507.0406,171.0961,-81.7987,0.2851,541.3456,6.6522,0.009,524.4188,165.6851,0.2713,7.2e-05,-0.0026,-0.2608,-0.07,ROTATE
508.0294,190.0956,-76.1609,0.2913,547.7505,6.4049,0.0062,532.6476,143.3844,0.2758,0.000132,0.0028,-0.2694,-0.0551,ROTATE
508.8204,204.914,-70.9912,0.3043,553.1073,5.3568,0.013,540.5487,92.1301,0.2844,0.000176,0.0067,-0.2801,-0.0456,ROTATE
509.4532,214.4812,-61.3961,0.3185,556.1603,3.053,0.0141,546.6115,60.8884,0.2951,0.000221,0.0103,-0.2924,-0.033,ROTATE
509.9595,223.4568,-54.9294,0.3172,559.472,3.3117,0.0013,551.5671,41.0002,0.3033,0.00018,0.0161,-0.3013,-0.0182,ROTATE
510.3645,228.7467,-54.981,0.3198,561.9785,2.5065,0.0026,555.6937,24.755,0.3102,0.00012,0.0229,-0.3083,-0.0071,ROTATE
510.6885,183.7786,-65.6879,0.3166,546.7104,15.2681,0.0032,555.4857,28.233,0.3153,3.1e-05,0.0303,-0.3129,-0.0052,ROTATE
438.532,93.0573,-74.7941,0.3134,454.4933,92.2171,0.0033,535.7629,1678.0049,0.3171,5e-06,0.0369,-0.3142,-0.0044,ROTATE
353.8131,20.4646,-73.6915,0.3108,361.9848,92.5085,0.0025,496.9278,6126.3965,0.3156,1e-05,0.0418,-0.3121,-0.0048,ROTATE
264.788,-29.4721,-60.9845,0.3126,273.3137,88.6711,0.0018,439.6961,12069.2305,0.3147,1e-05,0.0434,-0.3109,-0.0036,ROTATE
199.9085,-40.6902,-49.0126,0.3066,209.8126,63.5011,0.006,369.263,14687.0879,0.312,1.1e-05,0.0432,-0.3074,0.0038,ROTATE
169.8706,-42.2146,-39.6788,0.3038,179.4784,30.3342,0.0028,295.8166,10198.833,0.3094,1.3e-05,0.0417,-0.3042,0.0197,ROTATE
122.6527,-56.3311,-23.3024,0.3005,136.9667,42.5117,0.0033,232.3112,6176.8999,0.3069,2e-05,0.039,-0.3007,0.0386,ROTATE
160.4722,-69.7711,-24.2076,0.2619,176.6503,39.6836,0.0386,195.2444,2059.5291,0.2971,0.000325,0.0357,-0.2893,0.054,ROTATE
230.7746,-79.995,-42.4911,0.2358,247.9146,71.2642,0.0261,190.1645,1369.5891,0.2817,0.000792,0.0317,-0.2719,0.0646,ROTATE
287.0166,-89.2241,-52.1553,0.2427,305.0568,57.1422,0.0068,209.2134,3569.5679,0.2689,0.00081,0.026,-0.257,0.072,ROTATE
332.0101,-77.2606,-44.6118,0.2497,343.7879,38.7311,0.007,242.0753,5934.8931,0.2581,0.000524,0.0205,-0.243,0.0818,ROTATE
368.005,-56.4553,-40.0144,0.2486,374.4543,30.6664,0.001,289.5728,4974.1616,0.2477,7.5e-05,0.0178,-0.2279,0.093,ROTATE
396.8009,-42.6549,-31.9615,0.2608,400.3647,25.9104,0.0121,334.3157,2876.9106,0.2475,6.8e-05,0.0164,-0.221,0.1077,ROTATE
419.8376,-34.1364,-19.0536,0.2745,421.6538,21.2891,0.0138,369.0635,1702.0573,0.2553,0.000127,0.0155,-0.2216,0.1236,ROTATE
438.267,-37.706,-4.4085,0.2756,439.9081,18.2542,0.0011,396.0338,1159.0798,0.2619,0.000135,0.017,-0.2208,0.1385,ROTATE
453.0105,-40.1054,9.5607,0.2858,454.8828,14.9747,0.0102,418.2527,812.1117,0.2691,0.000168,0.0172,-0.2188,0.1547,ROTATE
464.8053,-42.5531,12.9361,0.28,466.9283,12.0456,0.0058,436.7476,560.2563,0.2754,6.9e-05,0.0162,-0.2136,0.1713,ROTATE
474.2411,-43.3175,10.1645,0.2824,476.3238,9.3954,0.0024,451.9394,377.9792,0.2797,1.8e-05,0.0154,-0.2036,0.188,ROTATE
481.7898,-37.8165,8.6253,0.2917,483.3486,7.0248,0.0093,464.2783,239.5952,0.2831,3e-05,0.0152,-0.188,0.207,ROTATE
449.1787,-14.2626,10.1753,0.306,449.5203,33.8283,0.0143,466.2007,160.6778,0.2892,8.6e-05,0.0139,-0.1701,0.2295,ROTATE
430.8211,12.59,18.9215,0.314,431.4201,18.1001,0.008,461.5082,354.9768,0.2948,0.000175,0.0129,-0.1502,0.2505,ROTATE
447.0538,32.6345,23.5028,0.3186,448.8591,17.4389,0.0045,457.8944,368.0416,0.3026,0.000184,0.0089,-0.1343,0.2691,ROTATE
460.0399,44.3169,22.146,0.3086,462.6999,13.8408,0.01,455.1696,297.3072,0.3078,8.3e-05,0.0037,-0.123,0.2812,ROTATE
470.4288,37.3817,17.9855,0.3051,472.2543,9.5545,0.0035,452.9507,191.9502,0.3105,2.6e-05,-0.0011,-0.1164,0.2875,ROTATE
478.74,29.7928,22.9759,0.3073,480.216,7.9617,0.0022,459.0899,300.5867,0.3107,2.4e-05,-0.0053,-0.1106,0.2902,ROTATE
485.3889,28.8468,31.9182,0.3101,487.2918,7.0757,0.0028,470.2642,181.6674,0.3099,2.1e-05,-0.0086,-0.1042,0.2915,ROTATE
490.708,30.1368,44.4502,0.3131,493.6379,6.3461,0.003,479.22,119.0915,0.3088,7e-06,-0.0094,-0.0963,0.2927,ROTATE
494.9633,0.5188,63.0727,0.3179,498.966,5.3281,0.0048,486.4732,89.8802,0.3107,2e-05,-0.0109,-0.0884,0.297,ROTATE
498.3675,-38.7599,86.1019,0.3181,507.2337,8.2677,0.0002,493.4691,86.7023,0.3133,1.8e-05,-0.0141,-0.0771,0.3028,ROTATE
501.0909,-67.2642,107.7565,0.3135,516.941,9.7073,0.0047,500.8141,107.8108,0.3145,9e-06,-0.0157,-0.0628,0.3072,ROTATE
503.2696,-76.1739,124.8302,0.3112,524.0852,7.1442,0.0023,508.1728,125.3993,0.3147,8e-06,-0.0155,-0.045,0.3098,ROTATE
505.0126,-17.9766,117.5017,0.313,518.8135,5.2717,0.0019,513.2079,80.4397,0.3147,8e-06,-0.0139,-0.023,0.3109,ROTATE
506.407,18.6593,112.3951,0.323,519.0653,0.2518,0.01,517.2277,30.5758,0.3158,1.8e-05,-0.0108,0.0046,0.3122,ROTATE
487.1787,40.765,89.3786,0.3318,496.9843,22.081,0.0088,515.1779,88.357,0.3185,6.1e-05,-0.0072,0.0328,0.3139,ROTATE
414.3867,26.8401,78.4029,0.3382,422.5917,74.3926,0.0065,496.308,1446.1025,0.3234,0.00011,-0.005,0.0601,0.316,ROTATE
293.8687,8.5752,62.8629,0.338,300.6395,121.9522,0.0002,451.6189,6951.9009,0.3288,9.3e-05,-0.0037,0.0836,0.3168,ROTATE
132.695,-12.4148,40.706,0.3323,139.3523,161.2872,0.0057,375.7267,19791.3262,0.3327,3.1e-05,-0.0021,0.1023,0.3156,ROTATE
3.756,-34.6319,11.4616,0.3191,36.6721,102.6802,0.0132,279.248,29365.5977,0.3319,4.9e-05,0.0003,0.1141,0.3109,ROTATE
-99.3952,-64.2149,-16.7619,0.2961,119.5153,82.8432,0.023,203.7542,19287.3691,0.3247,0.000253,0.0038,0.1183,0.3021,ROTATE
-181.9162,-98.2219,-42.7095,0.2683,211.1046,91.5892,0.0278,161.4568,7931.1299,0.3108,0.000658,0.007,0.1125,0.2892,ROTATE
-247.933,-130.8306,-63.7645,0.2309,287.4949,76.3903,0.0374,158.8279,7226.9727,0.2893,0.001325,0.009,0.0958,0.2717,ROTATE
-300.7464,-156.0989,-79.1022,0.1971,347.9546,60.4597,0.0339,200.5483,12564.3018,0.2623,0.001929,0.0095,0.0708,0.2501,ROTATE
-342.9971,-180.1197,-81.0599,0.1593,395.804,47.8494,0.0378,272.3747,9659.1494,0.2303,0.002385,0.0087,0.0396,0.2229,ROTATE
-376.7977,-199.2083,-75.7292,0.1318,432.8918,37.0878,0.0275,335.05,6210.9116,0.1975,0.002382,0.0083,0.0091,0.1922,ROTATE
-403.8381,-200.6698,-73.2021,0.1159,456.8503,23.9584,0.0159,384.1991,3689.8423,0.167,0.001779,0.0092,-0.0172,0.1609,ROTATE
-425.4705,-174.3358,-67.2961,0.1262,464.7009,7.8506,0.0102,419.6403,1859.5295,0.1461,0.000857,0.0109,-0.0385,0.1363,ROTATE
-442.7764,-133.1905,-47.5587,0.1203,464.8145,0.1136,0.0059,443.0123,693.6528,0.1307,0.000233,0.0132,-0.0564,0.1141,ROTATE
-456.6212,-95.5493,-17.997,0.107,466.8581,2.0436,0.0133,457.2231,159.7058,0.1202,7.3e-05,0.0163,-0.0688,0.0932,ROTATE
-467.6969,-64.7363,6.468,0.1026,472.2002,5.3421,0.0044,465.0848,24.3603,0.1144,7.4e-05,0.0198,-0.0787,0.073,ROTATE
-476.5576,-42.2078,22.7182,0.1039,478.9621,6.7619,0.0013,469.5071,29.7576,0.112,9e-05,0.0226,-0.0874,0.0504,ROTATE
-483.6461,-30.6881,32.6621,0.1178,485.7181,6.756,0.0139,473.7106,60.0277,0.1103,5.4e-05,0.0247,-0.0949,0.0202,ROTATE
-489.3168,-27.663,45.7765,0.1386,492.2313,6.5132,0.0208,479.1939,82.7356,0.114,0.000181,0.0258,-0.1013,-0.0116,ROTATE
-493.8535,-29.221,64.2025,0.1505,498.8658,6.6345,0.0118,485.5955,88.7171,0.1227,0.000362,0.0259,-0.1066,-0.0403,ROTATE
-497.4828,-27.6987,78.187,0.1585,504.3506,5.4848,0.008,492.0256,81.8349,0.1339,0.000413,0.0248,-0.1101,-0.0663,ROTATE
-500.3862,-36.509,97.2402,0.1975,511.0527,6.7021,0.039,498.4437,78.9183,0.1526,0.000693,0.0229,-0.1144,-0.0948,ROTATE
-502.709,-17.8259,103.3422,0.1922,513.5306,2.4778,0.0053,504.0062,61.1115,0.1675,0.000543,0.0214,-0.117,-0.1158,ROTATE
-464.9047,-22.2732,104.9581,0.1892,477.1254,36.4052,0.003,500.985,168.7699,0.1776,0.000369,0.02,-0.1148,-0.1324,ROTATE
-426.6831,-26.1873,94.6852,0.2034,437.8465,39.2789,0.0142,488.7812,816.2321,0.1882,0.000243,0.0189,-0.1084,-0.1509,ROTATE
-407.8152,-32.6155,83.4294,0.2081,417.5374,20.3091,0.0048,471.4185,1481.4231,0.1981,4.9e-05,0.0171,-0.1006,-0.1681,ROTATE
-389.5959,-23.1736,72.9592,0.199,397.0454,20.492,0.0091,448.617,1753.6145,0.1984,4.9e-05,0.015,-0.0883,-0.175,ROTATE
-361.9767,9.6986,40.6611,0.1891,364.3824,32.663,0.01,418.7874,1440.1493,0.1978,5.8e-05,0.0119,-0.0709,-0.1822,ROTATE
-343.5783,54.687,-7.3461,0.1883,347.9808,16.4016,0.0007,392.9585,1095.0681,0.1976,6.1e-05,0.0088,-0.0516,-0.1884,ROTATE
-364.2939,104.9027,1.7981,0.2334,379.1013,31.1205,0.0451,381.2095,592.4468,0.2036,0.000275,0.0046,-0.0499,-0.1957,ROTATE
-377.6726,96.5722,43.5229,0.2459,392.2461,13.1448,0.0125,376.1512,327.2782,0.2112,0.000572,0.0021,-0.0516,-0.2032,ROTATE
-365.2787,83.1546,62.4527,0.2287,379.7941,12.452,0.0172,372.701,230.7147,0.2171,0.000569,0.002,-0.0515,-0.2094,ROTATE
-386.7355,70.7299,64.134,0.2198,398.3469,18.5528,0.0089,379.4938,302.2744,0.2232,0.000376,0.0035,-0.0541,-0.2151,ROTATE
-411.7884,55.8746,61.5697,0.2221,420.0982,21.7513,0.0023,393.9173,225.3659,0.23,8.7e-05,0.0059,-0.06,-0.2212,ROTATE
-431.8307,47.0809,56.2339,0.2333,438.0144,17.9163,0.0112,405.6999,431.5441,0.23,8.7e-05,0.0084,-0.0499,-0.2234,ROTATE
-447.8646,41.4241,50.3684,0.2421,452.5877,14.5732,0.0088,417.7682,689.3909,0.2292,6.5e-05,0.0096,-0.0363,-0.2255,ROTATE
-460.6917,35.6799,44.7603,0.2527,464.2342,11.6465,0.0105,434.6562,547.5946,0.234,0.000152,0.009,-0.0242,-0.2319,ROTATE
-470.9533,18.1627,50.3864,0.2691,473.9891,9.755,0.0165,449.7847,364.4655,0.2439,0.000261,0.0061,-0.0138,-0.2427,ROTATE
-479.1627,-5.4136,69.4372,0.2822,484.198,10.2089,0.0131,462.6047,260.7106,0.2559,0.000315,0.001,-0.004,-0.2553,ROTATE
-485.7301,-5.2715,107.1092,0.2876,497.4273,13.2293,0.0054,474.4872,241.102,0.2667,0.000296,-0.0043,0.0048,-0.2663,ROTATE
-490.9841,9.7703,143.4155,0.2888,511.5944,14.1671,0.0013,486.2886,281.2999,0.2761,0.000186,-0.0081,0.0156,-0.2752,ROTATE
-495.1873,27.3975,182.2324,0.2996,528.3651,16.7707,0.0108,499.1148,373.5957,0.2855,9.9e-05,-0.0111,0.0288,-0.283,ROTATE
-498.5498,45.7961,223.139,0.3113,548.1243,19.7592,0.0117,513.9418,507.8819,0.2939,0.000108,-0.0122,0.0478,-0.2879,ROTATE
-501.2399,56.6619,265.5706,0.3223,570.0699,21.9456,0.0109,531.1163,666.0563,0.3019,0.000177,-0.0107,0.0733,-0.2896,ROTATE
-503.3919,67.3639,300.8409,0.3363,590.2936,20.2236,0.014,549.6895,794.4941,0.3117,0.000277,-0.0077,0.1048,-0.2897,ROTATE
-505.1135,60.8036,325.9071,0.3587,604.1954,13.9019,0.0224,568.2097,755.429,0.3256,0.00042,-0.0054,0.1402,-0.29,ROTATE
-506.4908,40.471,337.4038,0.3809,609.928,5.7326,0.0222,584.5223,519.8949,0.3419,0.000631,-0.0037,0.1786,-0.2873,ROTATE
-507.5927,23.9487,334.42,0.3994,608.326,1.602,0.0185,596.5626,223.287,0.3595,0.000795,-0.0024,0.2182,-0.2811,ROTATE
-508.4741,11.2746,320.9047,0.4179,601.3758,6.9503,0.0185,602.8237,48.3459,0.3787,0.000834,-0.0013,0.2578,-0.2723,ROTATE
-509.1793,3.3322,303.0738,0.4334,592.5609,8.8149,0.0155,603.2772,37.8046,0.3981,0.000698,-0.0005,0.2957,-0.2617,ROTATE
-509.7434,-8.9874,282.5715,0.4421,582.8943,9.6665,0.0087,599.017,102.579,0.4148,0.000498,0.0004,0.3291,-0.2487,ROTATE
-510.1948,-24.6337,262.7885,0.4498,574.4243,8.47,0.0077,591.9163,149.3085,0.4285,0.000324,0.0007,0.3567,-0.235,ROTATE
-510.5558,-48.4663,240.8433,0.4561,566.5878,7.8365,0.0064,583.5686,154.0756,0.4399,0.000178,0.0001,0.3791,-0.2212,ROTATE
-510.8447,-70.7793,221.1684,0.4622,561.1483,5.4395,0.0061,575.5231,126.4604,0.4487,0.000103,-0.0018,0.3972,-0.2067,ROTATE
-511.0757,-89.4766,201.0535,0.4632,556.4413,4.707,0.001,568.2992,89.0417,0.4547,6.3e-05,-0.0036,0.4119,-0.1898,ROTATE
-511.2606,-92.2625,187.0928,0.4617,552.1806,4.2607,0.0015,562.1565,60.6667,0.4586,2.6e-05,-0.0047,0.4242,-0.1709,ROTATE
-511.4085,-103.8256,175.0398,0.4534,550.4156,1.765,0.0083,557.3547,35.0796,0.4593,1.5e-05,-0.0044,0.4331,-0.1491,ROTATE
-511.5268,-136.623,162.1381,0.4486,553.7276,3.312,0.0049,554.7827,14.0456,0.4578,3.4e-05,-0.0019,0.4389,-0.1256,ROTATE
-511.6214,-115.2047,147.4167,0.4484,544.7571,8.9705,0.0002,551.5045,15.297,0.4551,4e-05,0.0019,0.442,-0.1036,ROTATE
-511.6971,-93.9481,122.8428,0.4497,534.5564,10.2007,0.0013,547.1274,48.7116,0.4524,2.5e-05,0.0068,0.4436,-0.0834,ROTATE
-511.7577,-60.4897,86.7023,0.4446,522.5632,11.9932,0.0052,541.204,129.1979,0.4489,8e-06,0.0111,0.4435,-0.0645,ROTATE
-511.8062,-29.7043,74.9713,0.4285,518.1202,4.4429,0.016,534.7449,177.0792,0.444,6.3e-05,0.0128,0.4408,-0.0448,ROTATE
-511.8449,-15.2697,130.0801,0.4011,528.3363,10.2161,0.0274,529.6666,87.4359,0.4345,0.000336,0.0091,0.4313,-0.0158,ROTATE
-511.8759,-3.1751,166.561,0.4367,538.3026,9.9662,0.0356,528.3757,55.141,0.4321,0.000292,0.0053,0.4234,0.0299,ROTATE
-511.9008,18.1974,151.8613,0.477,534.2615,4.041,0.0403,528.3168,54.4259,0.4376,0.000603,0.0004,0.4179,0.0854,ROTATE
-511.9206,28.7079,138.0234,0.4711,530.9777,3.2838,0.0058,529.9996,46.3891,0.4429,0.00079,-0.0049,0.4094,0.1415,ROTATE
-511.9365,36.9507,126.6968,0.4718,528.6742,2.3035,0.0007,532.1105,14.0609,0.4515,0.000842,-0.0082,0.4004,0.197,ROTATE
-511.9492,48.8887,119.7669,0.4717,528.0399,0.6343,0.0002,532.0511,14.5224,0.4657,0.000214,-0.0074,0.3948,0.2424,ROTATE
-511.9593,58.6141,115.4104,0.4685,528.0696,0.0297,0.0031,530.0046,5.6885,0.472,7e-06,-0.007,0.3844,0.2712,ROTATE
-511.9675,64.0694,114.3939,0.4588,528.4899,0.4202,0.0098,528.8502,1.1906,0.4684,2.5e-05,-0.0058,0.3677,0.2882,ROTATE
-511.974,62.4024,111.7839,0.4437,527.7377,0.7522,0.0151,528.2023,0.113,0.4629,0.000115,-0.0033,0.3511,0.3006,ROTATE
-511.9792,50.4469,109.3834,0.4199,525.9585,1.7792,0.0237,527.6592,0.7804,0.4525,0.000361,-0.0005,0.3311,0.3076,ROTATE
-511.9833,41.37,109.1911,0.4113,525.1296,0.8289,0.0086,527.077,1.6923,0.4404,0.000481,0.0024,0.3087,0.3129,ROTATE
-506.3492,56.4116,102.7591,0.4124,519.7415,5.3881,0.0011,525.4114,9.4831,0.4292,0.000354,0.0059,0.286,0.3182,ROTATE
-507.4793,75.8012,85.8292,0.4077,520.2382,0.4967,0.0048,523.7611,10.2166,0.419,0.000168,0.0091,0.2658,0.3223,ROTATE
-508.3835,92.8378,53.4227,0.4045,519.5446,0.6935,0.0031,522.1225,7.9246,0.4112,2.7e-05,0.0117,0.2476,0.3273,ROTATE
-509.1068,103.6296,17.9225,0.3927,519.8558,0.3112,0.0118,520.9019,4.5194,0.4057,5e-05,0.0128,0.2327,0.3318,ROTATE
-509.6854,106.085,-9.2557,0.3826,520.6908,0.835,0.0101,520.0142,0.1656,0.4,0.000118,0.0125,0.2183,0.3345,ROTATE
-481.089,105.6492,-26.5546,0.3717,493.2682,27.4226,0.0109,514.7195,115.1868,0.3918,0.000181,0.0102,0.2017,0.3348,ROTATE
-436.8181,96.6038,-35.9343,0.3573,448.8135,44.4547,0.0144,500.4346,773.7566,0.3818,0.000268,0.0059,0.1812,0.3345,ROTATE
-422.1388,97.133,-41.0037,0.346,435.1061,13.7074,0.0113,483.5469,1269.0857,0.3701,0.000283,0.0006,0.1574,0.3333,ROTATE
-411.8267,104.1877,-39.7998,0.3327,426.6618,8.4442,0.0133,464.9081,1305.1953,0.3581,0.000315,-0.0052,0.1326,0.3311,ROTATE
-411.3676,107.2657,-35.0992,0.3232,426.5691,0.0927,0.0096,446.0837,622.4727,0.3462,0.000297,-0.0109,0.1091,0.327,ROTATE
-404.9441,115.5345,-27.1356,0.3335,421.9766,4.5925,0.0104,431.8254,90.1296,0.3386,0.000141,-0.016,0.0871,0.3254,ROTATE
-385.1834,143.2838,-9.971,0.3014,411.0912,10.8855,0.0322,424.2809,61.4737,0.3274,0.000222,-0.0223,0.066,0.3186,ROTATE
-409.3186,149.9021,27.1576,0.2811,436.7492,25.6581,0.0202,424.6096,69.0205,0.3144,0.000411,-0.0288,0.0447,0.3084,ROTATE
-391.5486,134.3279,63.0542,0.2654,418.7244,18.0248,0.0157,423.0221,72.5851,0.3009,0.000642,-0.0343,0.0249,0.2965,ROTATE
-345.1827,113.8686,88.634,0.2439,374.1298,44.5946,0.0215,412.5342,438.1647,0.2851,0.000942,-0.039,0.0087,0.2811,ROTATE
-307.6774,53.3261,119.1416,0.2328,334.2211,39.9087,0.0111,394.9832,1338.8809,0.2649,0.000612,-0.0423,-0.0057,0.2608,ROTATE
-324.8013,25.6203,102.1414,0.2426,341.4456,7.2245,0.0097,381.054,1666.2201,0.2532,0.000309,-0.0399,-0.0045,0.249,ROTATE
-362.241,27.3806,72.9881,0.2231,370.5341,29.0885,0.0195,367.811,892.5861,0.2416,0.000199,-0.0341,0.0026,0.2373,ROTATE
-392.1928,25.2107,62.4967,0.2116,397.9405,27.4064,0.0115,363.6542,538.4294,0.2308,0.000149,-0.0274,0.0082,0.2272,ROTATE
-416.1542,36.7686,67.113,0.2118,423.1317,25.1912,0.0002,373.4547,1127.9484,0.2244,0.000145,-0.0219,0.01,0.2216,ROTATE
-435.3234,44.7524,55.4342,0.225,441.1147,17.983,0.0132,394.8333,1278.6232,0.2228,0.000128,-0.0177,0.0083,0.2204,ROTATE
-450.6587,25.7988,24.5442,0.2282,452.0634,10.9486,0.0032,416.9569,874.178,0.2199,4.8e-05,-0.0165,-0.0129,0.2156,ROTATE
-462.927,-8.9985,-11.7615,0.2365,463.1638,11.1004,0.0082,435.4828,526.9689,0.2226,9.4e-05,-0.0175,-0.0447,0.212,ROTATE
-472.7416,-58.3269,-38.2623,0.2558,477.8605,14.6967,0.0194,451.4668,348.7688,0.2315,0.000212,-0.0167,-0.0799,0.2094,ROTATE
-480.5933,-104.0303,-65.3911,0.2718,496.0526,18.1921,0.0159,466.051,373.0738,0.2435,0.000315,-0.0124,-0.1172,0.2053,ROTATE
-486.8746,-147.8898,-102.7754,0.2805,519.1157,23.063,0.0088,481.6512,568.5162,0.2546,0.000399,-0.0059,-0.1558,0.1938,ROTATE
-491.8997,-198.6213,-133.6328,0.307,547.0589,27.9432,0.0265,500.6503,888.0962,0.2703,0.000561,0.0012,-0.1953,0.1794,ROTATE
-495.9197,-249.4314,-146.7906,0.3376,574.195,27.1361,0.0306,522.8566,1195.6965,0.2905,0.000828,0.0098,-0.2333,0.1643,ROTATE
-499.1358,-270.9201,-164.5138,0.3859,591.269,17.074,0.0483,545.5382,1212.3617,0.3166,0.00173,0.0194,-0.2717,0.1545,ROTATE
-501.7086,-246.3955,-150.4829,0.4324,578.8501,12.4189,0.0465,562.0978,670.3152,0.3487,0.002981,0.0265,-0.3127,0.1489,ROTATE
-503.7669,-207.9383,-134.1113,0.4396,561.2533,17.5968,0.0072,570.5253,229.9428,0.3805,0.002693,0.0337,-0.3511,0.1402,ROTATE
-505.4135,-164.535,-118.8828,0.4451,544.6537,16.5995,0.0055,570.0443,253.4444,0.4081,0.001683,0.041,-0.3843,0.1255,ROTATE
-506.7308,-118.5936,-105.8969,0.4451,531.0883,13.5655,0.0,561.4229,479.1847,0.4296,0.000499,0.0476,-0.4098,0.1066,ROTATE
-507.7846,-58.6311,-99.2081,0.444,520.6967,10.3915,0.0011,547.3084,433.5322,0.4412,2.3e-05,0.0525,-0.4269,0.0766,ROTATE
-508.6277,-34.5268,-65.9946,0.425,514.0521,6.6447,0.019,534.3488,287.8024,0.4398,5.9e-05,0.0583,-0.4309,0.0377,ROTATE
-509.3022,-52.4527,-20.8051,0.4062,512.4186,1.6334,0.0188,524.5819,143.8258,0.4331,0.000239,0.0626,-0.4263,0.004,ROTATE
-509.8417,-72.8621,11.5341,0.4007,515.151,2.7324,0.0055,518.6813,46.2216,0.4242,0.000341,0.0654,-0.4171,-0.0219,ROTATE
-510.2734,-87.8897,25.3054,0.4001,518.4052,3.2542,0.0005,516.1447,9.0161,0.4152,0.000289,0.0663,-0.4068,-0.0427,ROTATE
-510.6187,-86.8993,17.4255,0.399,518.2534,0.1517,0.0011,515.6561,5.5225,0.4062,9.5e-05,0.0653,-0.3962,-0.0583,ROTATE
-510.895,-67.5319,-4.0939,0.3933,515.3552,2.8983,0.0057,515.9167,4.9581,0.3999,1.7e-05,0.0631,-0.3876,-0.0726,ROTATE
-511.116,-65.0005,-18.1501,0.4021,515.5522,0.197,0.0088,516.5435,2.1447,0.399,9e-06,0.0608,-0.3835,-0.0886,ROTATE
-511.2928,-88.3629,-3.5014,0.4262,518.884,3.3318,0.0241,517.29,2.2952,0.4041,0.00013,0.0613,-0.3848,-0.1041,ROTATE
-511.4342,-93.0716,35.927,0.425,521.074,2.19,0.0012,517.8238,4.6253,0.4091,0.000189,0.0623,-0.3867,-0.1164,ROTATE
-511.5474,-66.5698,86.2635,0.4204,523.0236,1.9496,0.0045,518.7778,9.0859,0.4134,0.000176,0.0626,-0.388,-0.1279,ROTATE
-511.6379,-30.2965,137.8827,0.4071,530.7568,7.7332,0.0134,521.8582,25.9542,0.4162,9.5e-05,0.063,-0.3877,-0.1373,ROTATE
-511.7103,5.4597,184.5343,0.3888,543.9946,13.2378,0.0183,527.5466,83.6473,0.4135,0.000198,0.062,-0.3816,-0.1452,ROTATE
-511.7682,32.724,214.1149,0.3726,555.7183,11.7236,0.0162,534.9135,173.0969,0.4028,0.000385,0.0573,-0.3653,-0.1563,ROTATE
-511.8146,51.9511,233.4107,0.3583,564.9192,9.2009,0.0144,543.6825,237.9632,0.3894,0.000505,0.0508,-0.3424,-0.1729,ROTATE
-511.8517,44.8484,247.0004,0.3634,570.0989,5.1797,0.0051,553.0975,203.527,0.378,0.000318,0.0428,-0.3149,-0.1971,ROTATE
-511.8813,7.9162,249.1754,0.3621,569.3624,0.7365,0.0013,560.8187,96.9987,0.3691,0.00012,0.0335,-0.2843,-0.2245,ROTATE
-511.9051,-74.4108,236.1965,0.384,568.6586,0.7038,0.0219,565.7514,28.3495,0.3681,8.5e-05,0.0237,-0.2538,-0.257,ROTATE
-511.9241,-143.5036,217.6635,0.374,574.4885,5.8299,0.0099,569.5055,9.3908,0.3684,8.8e-05,0.0134,-0.2268,-0.284,ROTATE
-511.9393,-186.0717,194.9433,0.3581,578.539,4.0505,0.0159,572.2294,14.0849,0.3683,8.9e-05,0.0036,-0.2026,-0.3045,ROTATE
-511.9514,-213.6605,163.7171,0.3436,578.4016,0.1375,0.0145,573.89,18.0386,0.3644,0.000191,-0.0058,-0.1786,-0.3158,ROTATE
-511.9611,-216.7721,117.2987,0.3168,568.2018,10.1997,0.0268,573.6579,20.3558,0.3553,0.000561,-0.0147,-0.1559,-0.3178,ROTATE
-507.1252,-183.7677,55.2577,0.2843,542.2176,25.9843,0.0325,568.3698,185.0906,0.3354,0.001007,-0.0226,-0.132,-0.3059,ROTATE
-508.1001,-133.8579,12.3812,0.2809,525.5825,16.6351,0.0034,558.5885,448.0794,0.3167,0.000954,-0.0299,-0.1132,-0.2932,ROTATE
-508.8801,-96.1801,-5.3982,0.2861,517.9177,7.6649,0.0052,546.4642,552.3005,0.3023,0.000592,-0.0363,-0.0979,-0.2832,ROTATE
-508.4072,-67.7941,-11.7154,0.2898,513.0411,4.8765,0.0037,533.3922,400.8434,0.2916,0.000167,-0.0411,-0.0869,-0.275,ROTATE
-506.8289,-52.6196,-14.4317,0.2862,509.7574,3.2837,0.0036,521.7032,133.5904,0.2854,8e-06,-0.0439,-0.08,-0.2704,ROTATE
-507.8631,-60.9957,6.3578,0.3204,511.5524,1.795,0.0342,515.5703,32.4168,0.2927,0.000201,-0.0454,-0.085,-0.2762,ROTATE
-508.6905,-48.9528,29.3393,0.3078,511.882,0.3296,0.0127,512.8301,7.5801,0.298,0.00019,-0.0444,-0.0879,-0.2812,ROTATE
-509.3524,-21.1498,41.6777,0.2931,511.4921,0.3899,0.0146,511.545,1.11,0.2995,0.000164,-0.0414,-0.0862,-0.2836,ROTATE
-509.8819,-8.6323,48.2328,0.2896,512.2309,0.7388,0.0036,511.383,0.7302,0.2994,0.000165,-0.0373,-0.0811,-0.2853,ROTATE
-510.3055,-11.3527,50.1581,0.2886,512.8903,0.6594,0.001,512.0095,0.2635,0.2999,0.000153,-0.0322,-0.0728,-0.288,ROTATE
-510.6444,-8.2072,52.7171,0.2945,513.424,0.5338,0.006,512.3839,0.4818,0.2947,4.7e-05,-0.0283,-0.0546,-0.2864,ROTATE
-510.9155,-5.3376,62.9799,0.2977,514.8103,1.3863,0.0032,512.9695,1.2659,0.2927,1.1e-05,-0.0263,-0.031,-0.2879,ROTATE
-511.1324,1.2393,88.4527,0.3003,518.7309,3.9206,0.0026,514.4173,5.3721,0.2941,2.1e-05,-0.0263,-0.0068,-0.2908,ROTATE
-511.3059,15.3758,107.0684,0.2967,522.6221,3.8912,0.0037,516.4955,13.5607,0.2956,1.6e-05,-0.0272,0.0167,-0.2918,ROTATE
-511.4448,52.8975,115.1454,0.3009,526.9083,4.2863,0.0042,519.2991,24.7863,0.298,6e-06,-0.0296,0.0396,-0.292,ROTATE
-511.5558,94.918,125.0257,0.3059,535.0983,8.1899,0.005,523.634,49.0145,0.3003,1e-05,-0.0308,0.0656,-0.2893,ROTATE
-511.6447,125.9782,135.1549,0.3186,543.9831,8.8848,0.0127,529.4686,82.2184,0.3045,5.8e-05,-0.0307,0.0938,-0.2851,ROTATE
-511.7157,132.5044,149.7802,0.3306,549.4037,5.4207,0.012,535.6031,101.0087,0.3105,0.000155,-0.0292,0.1245,-0.2789,ROTATE
-511.7726,136.266,166.0742,0.3526,555.0317,5.628,0.022,542.0851,100.7861,0.3217,0.000345,-0.0258,0.1593,-0.2733,ROTATE
-511.8181,133.5972,184.7749,0.3728,560.3104,5.2786,0.0202,548.7654,76.5243,0.3361,0.000573,-0.0234,0.196,-0.2677,ROTATE
-511.8544,126.6934,209.87,0.3907,567.5311,7.2208,0.0179,555.252,67.5206,0.353,0.000699,-0.0213,0.2308,-0.2631,ROTATE
-511.8835,113.7297,222.6241,0.3914,569.6672,2.136,0.0008,560.3888,57.2953,0.3676,0.000544,-0.0192,0.2629,-0.2532,ROTATE
-511.9068,97.2869,221.0805,0.4074,566.03,3.6372,0.016,563.7141,28.4682,0.383,0.000351,-0.0117,0.2965,-0.2365,ROTATE
-511.9255,64.6201,203.1394,0.4106,554.535,11.4949,0.0032,563.6147,30.2327,0.3946,0.000185,-0.0061,0.3253,-0.215,ROTATE
-511.9404,48.593,177.199,0.4168,543.9152,10.6199,0.0061,560.3357,94.9114,0.4034,0.000111,0.0022,0.3505,-0.1904,ROTATE
-511.9523,28.6213,147.6374,0.4332,533.5833,10.3318,0.0165,553.5461,181.5964,0.4119,0.000184,0.0117,0.3755,-0.1604,ROTATE
-511.9619,-14.9717,109.1818,0.4355,523.6886,9.8947,0.0022,544.3505,223.352,0.4207,0.000134,0.0228,0.3973,-0.1285,ROTATE
-511.9695,-22.0086,80.3954,0.4331,518.7105,4.9781,0.0024,534.8865,171.2671,0.4258,0.000103,0.028,0.4102,-0.1007,ROTATE
-511.9756,4.4962,63.8476,0.4282,515.9609,2.7496,0.0049,527.1717,106.1714,0.4293,4.5e-05,0.0329,0.4193,-0.074,ROTATE
-511.9805,61.0095,61.9312,0.4251,519.3088,3.3478,0.0031,522.2504,38.2489,0.431,1.4e-05,0.035,0.4254,-0.0476,ROTATE
-511.9844,114.8607,74.1356,0.428,529.9218,10.613,0.0029,521.5181,23.7956,0.43,1.4e-05,0.0344,0.427,-0.0228,ROTATE
-511.9875,149.9229,89.9772,0.4296,541.0212,11.0995,0.0017,524.9847,86.911,0.4288,7e-06,0.0308,0.4268,-0.0034,ROTATE
-484.8619,134.0009,102.9693,0.4301,513.4685,27.5527,0.0005,523.9363,104.4632,0.4282,3e-06,0.0273,0.4264,0.0148,ROTATE
-404.9426,117.9069,72.1598,0.4308,427.8874,85.5811,0.0006,506.3215,1626.5405,0.4287,4e-06,0.0286,0.4262,0.029,ROTATE
-339.7354,94.2974,17.2653,0.4251,353.0017,74.8857,0.0057,473.0601,5187.8794,0.4287,4e-06,0.0316,0.4252,0.0412,ROTATE
-345.3602,66.4129,-44.294,0.4112,354.4662,1.4645,0.0139,437.969,6122.7476,0.4254,5.4e-05,0.0374,0.4209,0.0457,ROTATE
-378.6881,16.4616,-96.1039,0.3967,391.0392,36.573,0.0145,407.9726,3539.4917,0.4188,0.000171,0.0411,0.4141,0.0447,ROTATE
-405.3505,-35.2151,-107.0644,0.3761,420.7279,29.6887,0.0207,389.4245,1002.1212,0.408,0.000393,0.0421,0.4027,0.0473,ROTATE
-426.6804,-48.0877,-94.8953,0.3681,439.7428,19.0149,0.0079,391.7956,1207.0067,0.3955,0.00045,0.0354,0.3869,0.0617,ROTATE
-443.7443,-26.8858,-67.3443,0.3609,449.63,9.8872,0.0073,411.1212,1201.4978,0.3826,0.000348,0.0249,0.3672,0.0837,ROTATE
-457.3954,3.5882,-40.1317,0.3639,459.1667,9.5367,0.003,432.0613,582.7246,0.3731,0.000165,0.0112,0.3476,0.1145,ROTATE
-468.3163,25.7987,-32.3804,0.3659,470.1428,10.9761,0.002,447.882,285.907,0.367,2.6e-05,-0.0004,0.3293,0.1503,ROTATE
-477.0531,33.8859,-34.7606,0.3648,479.5166,9.3738,0.001,459.6397,200.3421,0.3647,6e-06,-0.0099,0.3143,0.1807,ROTATE
-484.0424,42.4274,-43.8584,0.3638,487.8737,8.3571,0.0011,469.2659,187.9317,0.3638,3e-06,-0.0165,0.302,0.2009,ROTATE
-489.634,53.3732,-58.7024,0.3556,496.0203,8.1466,0.0082,478.544,167.8941,0.3628,1.4e-05,-0.02,0.2921,0.2134,ROTATE
-494.1072,58.9986,-75.4088,0.3441,503.2983,7.2781,0.0114,487.3703,137.4491,0.3588,6.7e-05,-0.0224,0.2811,0.2211,ROTATE
-497.6857,100.7832,-88.1958,0.3611,515.39,12.0917,0.017,496.4198,153.2194,0.3579,5.8e-05,-0.023,0.2669,0.2353,ROTATE
-500.5486,157.5078,-88.7629,0.3502,532.1996,16.8096,0.0109,506.9564,241.0956,0.355,5.1e-05,-0.0263,0.2481,0.2495,ROTATE
-502.8389,206.6469,-82.6384,0.3324,549.89,17.6904,0.0178,519.3597,383.0839,0.3487,9.8e-05,-0.0308,0.2257,0.2605,ROTATE
-504.6711,220.8675,-67.3045,0.3082,554.9822,5.0922,0.0242,531.152,388.8715,0.3392,0.000326,-0.0364,0.202,0.2672,ROTATE
-504.4838,196.0471,-38.2561,0.2886,542.5881,12.3941,0.0196,539.0101,198.115,0.3281,0.000711,-0.0423,0.1776,0.2711,ROTATE
-505.987,151.894,4.367,0.2928,528.3121,14.276,0.0042,541.5944,102.7438,0.3145,0.000555,-0.0494,0.1531,0.2689,ROTATE
-507.1896,113.0308,32.1092,0.298,520.6229,7.6892,0.0052,539.2791,167.6914,0.304,0.000244,-0.0533,0.1356,0.266,ROTATE
-508.1517,95.5778,18.4061,0.3349,517.3896,3.2333,0.0369,532.779,198.752,0.3045,0.000274,-0.0525,0.1337,0.2679,ROTATE
-508.9213,76.306,-0.6032,0.3211,514.6104,2.7792,0.0138,524.7047,100.9794,0.3071,0.00032,-0.0493,0.1351,0.2706,ROTATE
-509.537,57.9323,0.0955,0.3023,512.8198,1.7906,0.0188,518.751,29.8192,0.3098,0.000249,-0.0449,0.1352,0.2744,ROTATE
-510.0296,41.4614,6.6389,0.2884,511.7552,1.0646,0.0139,515.4396,10.359,0.3089,0.000282,-0.0398,0.1347,0.2744,ROTATE
-510.4237,22.4473,14.3424,0.2732,511.1183,0.6369,0.0152,513.5387,5.1068,0.304,0.000489,-0.0337,0.1276,0.2726,ROTATE
-510.739,2.6422,22.9177,0.2566,511.2597,0.1414,0.0165,512.3127,1.6766,0.2883,0.000501,-0.0303,0.1029,0.2652,ROTATE
-510.9911,-22.3456,31.7435,0.2615,512.4636,1.2039,0.0049,511.8834,0.4409,0.2764,0.000287,-0.0276,0.0707,0.2619,ROTATE
-511.1929,-49.0671,30.6511,0.2875,514.4563,1.9927,0.0259,512.2106,1.4824,0.2734,0.000169,-0.0233,0.0356,0.2647,ROTATE
-511.3543,-78.4506,13.4271,0.3106,517.5114,3.0551,0.0231,513.3619,5.7351,0.2779,0.000381,-0.0174,-0.0004,0.2718,ROTATE
-511.4835,-103.0261,-18.9583,0.3297,522.1007,4.5894,0.019,515.5583,15.1774,0.2892,0.000785,-0.0113,-0.0359,0.2825,ROTATE
-511.5868,-117.1146,-46.8542,0.3435,526.9081,4.8074,0.0138,518.688,27.4502,0.3066,0.000861,-0.0054,-0.0699,0.2956,ROTATE
-511.6694,-123.8011,-62.0552,0.3609,530.0784,3.1703,0.0174,522.2109,33.2387,0.3264,0.000651,-0.0006,-0.1022,0.3079,ROTATE
-511.7355,-129.444,-71.1035,0.3715,532.6206,2.5422,0.0105,525.8439,29.6861,0.3432,0.000472,0.0024,-0.1323,0.3144,ROTATE
-511.7884,-133.4427,-73.5766,0.3724,533.9924,1.3718,0.001,529.14,18.2148,0.3556,0.000277,0.0039,-0.1616,0.3141,ROTATE
-511.8307,-153.826,-78.9269,0.3677,540.2431,6.2507,0.0047,532.7686,19.7941,0.3632,0.000114,0.0052,-0.1904,0.3063,ROTATE
-511.8646,-164.3639,-76.8571,0.3681,543.0726,2.8295,0.0004,536.0015,23.7084,0.3681,1.6e-05,0.0068,-0.2197,0.2912,ROTATE
-511.8917,-168.9693,-68.7138,0.3731,543.42,0.3474,0.005,538.6698,20.5791,0.3706,5e-06,0.0113,-0.2482,0.2693,ROTATE
-511.9133,-178.6942,-82.4679,0.4123,548.4413,5.0213,0.0392,541.8339,22.3456,0.3788,0.000287,0.0189,-0.2789,0.2496,ROTATE
-511.9307,-151.2553,-95.0806,0.4489,542.2098,6.2314,0.0365,543.4774,7.3749,0.394,0.001028,0.0285,-0.3119,0.2343,ROTATE
-511.9445,-104.7668,-91.0614,0.4621,530.4295,11.7803,0.0132,541.5146,35.4799,0.4129,0.00146,0.0382,-0.3457,0.2191,ROTATE
-511.9556,-74.7165,-78.571,0.4507,523.3111,7.1184,0.0114,537.5624,85.6476,0.4294,0.001071,0.0484,-0.3736,0.2027,ROTATE
-511.9645,-92.4045,-48.2224,0.4375,522.4669,0.8442,0.0132,533.3717,106.7983,0.4423,0.000285,0.0525,-0.3951,0.1874,ROTATE
-511.9716,-119.8892,-11.5092,0.4296,525.9476,3.4807,0.0079,528.873,52.165,0.4458,0.000126,0.0531,-0.4084,0.1651,ROTATE
-511.9773,-155.7645,18.5864,0.4243,535.4706,9.5231,0.0053,527.5251,23.4798,0.4408,0.000192,0.0518,-0.4139,0.1373,ROTATE
-511.9818,-182.5272,41.1629,0.4254,545.1018,9.6312,0.0012,530.4596,74.9694,0.4335,9.6e-05,0.0498,-0.4148,0.1111,ROTATE
-511.9855,-188.5936,58.4928,0.4312,548.7423,3.6405,0.0058,535.5458,105.7308,0.4296,2.2e-05,0.0468,-0.4164,0.0911,ROTATE
-511.9884,-174.0124,67.3755,0.4304,544.9329,3.8094,0.0009,540.0391,68.9537,0.4282,8e-06,0.0474,-0.4186,0.074,ROTATE
-511.9907,-141.7099,74.0379,0.419,536.3747,8.5582,0.0114,542.1245,27.5762,0.4261,2e-05,0.0474,-0.4189,0.0597,ROTATE
-511.9926,-107.0336,81.8459,0.4033,529.4255,6.9492,0.0157,540.9155,49.5127,0.4219,0.000105,0.0469,-0.4163,0.0465,ROTATE
-493.6347,-72.9331,71.1799,0.3624,504.0446,25.3808,0.0409,532.704,250.471,0.4093,0.00065,0.0485,-0.4045,0.0327,ROTATE
-483.8077,-43.0121,38.5658,0.3553,487.2446,16.8001,0.0071,520.4045,461.0589,0.3941,0.000905,0.0505,-0.3896,0.0156,ROTATE
-457.4681,-52.1566,9.6214,0.3467,460.5322,26.7123,0.0086,503.5243,772.7277,0.3774,0.000811,0.0524,-0.3721,-0.0051,ROTATE
-440.7995,-67.5034,-20.906,0.3437,446.428,14.1042,0.003,485.535,885.2803,0.3623,0.000464,0.0557,-0.3553,-0.0261,ROTATE
-455.0396,-88.8215,-38.6873,0.3476,465.2386,18.8106,0.004,472.6976,417.5955,0.3512,4.7e-05,0.0588,-0.3421,-0.0448,ROTATE
-466.4317,-87.7228,-34.0436,0.3542,475.8285,10.5899,0.0065,467.0544,191.1825,0.3495,2e-05,0.0588,-0.3387,-0.0597,ROTATE
-475.5453,-59.1032,-8.888,0.3561,479.2865,3.458,0.002,465.4628,137.0457,0.3497,2.2e-05,0.0573,-0.3376,-0.0701,ROTATE
-482.8363,-25.7513,22.8333,0.3488,484.0613,4.7748,0.0073,470.1686,179.22,0.3501,2e-05,0.0553,-0.337,-0.0766,ROTATE
-488.669,5.9864,52.8979,0.339,491.5602,7.4989,0.0098,479.195,76.5402,0.3491,3.6e-05,0.0515,-0.3346,-0.084,ROTATE
-493.3352,30.1141,75.8215,0.33,500.0354,8.4752,0.009,486.1544,76.0154,0.3456,9.6e-05,0.047,-0.3281,-0.0948,ROTATE
-497.0682,39.1288,95.3728,0.3238,507.6454,7.61,0.0062,492.5177,106.5705,0.3396,0.00014,0.0416,-0.317,-0.1096,ROTATE
-500.0545,-71.097,132.3826,0.3579,522.1441,14.4987,0.034,501.0893,173.6308,0.3399,0.000152,0.037,-0.3045,-0.1381,ROTATE
-502.4436,-127.2369,170.328,0.3451,545.5735,23.4294,0.0128,513.3917,360.0606,0.3392,0.000141,0.0294,-0.2933,-0.1614,ROTATE
-504.3549,-145.0802,209.7749,0.3253,565.1793,19.6057,0.0198,528.1155,584.3368,0.3364,0.000172,0.021,-0.2832,-0.1768,ROTATE
-505.8839,-128.6766,251.373,0.3057,579.3657,14.1865,0.0196,543.9816,700.222,0.3316,0.000328,0.0127,-0.2732,-0.1859,ROTATE
-507.1071,-110.5413,286.9422,0.3018,593.0538,13.6881,0.0039,561.0633,625.9901,0.3272,0.000474,0.0048,-0.2631,-0.1938,ROTATE
-508.0857,-87.6549,314.2319,0.2856,603.8014,10.7476,0.0162,577.3947,421.6419,0.3127,0.000422,-0.0038,-0.2494,-0.1878,ROTATE
-508.8686,-57.1146,321.3824,0.2651,604.5626,0.7612,0.0205,589.1926,227.5543,0.2967,0.000409,-0.0097,-0.23,-0.1856,ROTATE
-509.4949,-34.8792,306.1528,0.2552,595.4252,9.1375,0.0099,595.2417,83.403,0.2827,0.000394,-0.0159,-0.2068,-0.1893,ROTATE
-474.3678,-23.8033,286.0285,0.2593,554.44,40.9852,0.0042,590.2567,341.0982,0.2734,0.000311,-0.0232,-0.1833,-0.1983,ROTATE
-467.7349,-12.4989,250.4603,0.2334,530.7189,23.7211,0.0259,577.7897,893.0557,0.2597,0.000283,-0.0282,-0.1506,-0.2043,ROTATE
-476.5879,7.1102,199.1589,0.229,516.576,14.1428,0.0044,560.3445,1202.8228,0.2484,0.000209,-0.0334,-0.1196,-0.2099,ROTATE
-457.2828,19.4944,138.1427,0.229,478.091,38.485,0.0001,535.0502,1525.1006,0.2412,0.000177,-0.0393,-0.0931,-0.2151,ROTATE
-396.6263,28.3831,86.8767,0.228,407.0203,71.0707,0.0009,497.3692,2654.5493,0.2358,0.000143,-0.0444,-0.0735,-0.2175,ROTATE
-322.8322,31.0252,52.242,0.2722,328.5003,78.52,0.0442,452.1813,5664.5303,0.2383,0.000291,-0.0502,-0.0665,-0.2226,ROTATE
-331.2939,1.592,62.9311,0.3014,337.2218,8.7215,0.0292,413.4819,5576.395,0.2519,0.000896,-0.0536,-0.0826,-0.2298,ROTATE
-367.4352,30.0424,59.5042,0.2564,373.4326,36.2108,0.045,384.8532,2951.9016,0.2574,0.000766,-0.0534,-0.0963,-0.2301,ROTATE
-396.3481,82.6527,52.3471,0.2432,408.2444,34.8118,0.0132,370.8839,1127.5306,0.2603,0.000636,-0.0516,-0.1088,-0.229,ROTATE
-419.4785,130.0128,45.4715,0.2433,441.5124,33.2679,0.0001,377.7823,1816.4506,0.2633,0.000476,-0.0481,-0.1164,-0.2304,ROTATE
-437.9828,156.829,32.3709,0.2444,466.3391,24.8267,0.0011,405.35,2139.1877,0.2577,0.000501,-0.041,-0.111,-0.2279,ROTATE
-452.7862,176.4069,16.5124,0.2487,486.2175,19.8784,0.0043,435.1492,1630.8149,0.2472,2.5e-05,-0.0367,-0.0917,-0.2249,ROTATE
-464.629,183.9693,5.188,0.2544,499.7516,13.5342,0.0057,460.413,1065.4628,0.2468,1.9e-05,-0.0331,-0.0741,-0.2312,ROTATE
-474.1032,152.0629,-1.184,0.2555,497.8939,1.8577,0.0011,478.3429,480.6332,0.2493,2.5e-05,-0.027,-0.0556,-0.2397,ROTATE
-481.6826,119.8003,-2.6253,0.2621,496.3639,1.5301,0.0065,489.3132,153.9391,0.253,3.7e-05,-0.0217,-0.0391,-0.2477,ROTATE
-487.746,92.0028,-4.2534,0.2651,496.3656,0.0017,0.0031,495.3185,22.2607,0.2572,3.4e-05,-0.0174,-0.0252,-0.2544,ROTATE
-492.5968,56.4147,2.1661,0.2711,495.8215,0.5441,0.0059,497.2393,2.0561,0.2617,3.8e-05,-0.0139,-0.0115,-0.2604,ROTATE
-496.4775,45.0599,23.0453,0.2837,499.0505,3.229,0.0126,497.0991,1.4301,0.2675,9.1e-05,-0.0128,0.004,-0.2664,ROTATE
-499.582,56.7604,48.655,0.2883,505.1447,6.0943,0.0046,498.5492,12.1473,0.2741,0.000106,-0.0151,0.021,-0.2714,ROTATE
-502.0656,75.7833,74.4834,0.2945,513.1868,8.0421,0.0062,501.9138,42.7235,0.2805,0.000118,-0.0175,0.0414,-0.2749,ROTATE
-504.0525,116.1767,121.2836,0.311,531.2962,18.1094,0.0166,508.9,160.4258,0.2897,0.000172,-0.0213,0.0646,-0.2795,ROTATE
-505.642,125.8445,155.0394,0.3149,543.6431,12.3469,0.0039,518.4642,276.158,0.2985,0.000153,-0.0231,0.0899,-0.2817,ROTATE
-506.9136,99.4287,166.9003,0.3199,542.8657,0.7775,0.005,527.2273,243.0736,0.3057,0.000149,-0.0216,0.116,-0.2798,ROTATE
-507.9308,68.6742,171.8952,0.3324,540.6088,2.2568,0.0125,534.3201,131.0505,0.3145,0.000152,-0.0175,0.1425,-0.2772,ROTATE
-508.7447,36.9331,168.8787,0.3429,537.313,3.2958,0.0105,539.1454,20.2358,0.3242,0.000139,-0.012,0.1694,-0.273,ROTATE
-509.3958,12.3059,158.1279,0.3497,533.5165,3.7964,0.0068,539.5894,14.0535,0.332,0.000174,-0.0041,0.1966,-0.2644,ROTATE
-507.5666,-4.0897,141.3148,0.3553,526.8875,6.629,0.0057,536.2383,31.8047,0.34,0.00016,0.0016,0.2219,-0.2552,ROTATE
-479.322,-19.0561,122.9831,0.3603,495.2147,31.6728,0.005,526.7081,268.7831,0.3481,9.6e-05,0.0056,0.2439,-0.2464,ROTATE
-464.2607,-36.6793,103.9771,0.3628,477.1736,18.0411,0.0025,514.0211,559.9094,0.3542,5.2e-05,0.0086,0.2621,-0.2367,ROTATE
-473.8086,-46.1965,75.4005,0.355,481.9896,4.8159,0.0078,502.9564,534.1829,0.3566,2.1e-05,0.0095,0.275,-0.226,ROTATE
-481.4469,-57.0104,36.7079,0.3473,486.1982,4.2087,0.0077,493.4927,314.0045,0.3562,2.8e-05,0.0071,0.2827,-0.2159,ROTATE
-487.5575,-58.1552,4.1132,0.3501,491.0308,4.8326,0.0028,486.3214,40.7462,0.3551,3.5e-05,0.0041,0.2889,-0.2057,ROTATE
-492.446,-47.7679,-10.0032,0.3551,494.8584,3.8276,0.005,486.2502,39.4992,0.3541,2.8e-05,-0.0008,0.2947,-0.1953,ROTATE
-496.3568,-31.2799,-3.4151,0.3571,497.3531,2.4947,0.002,490.286,31.3894,0.3529,1.3e-05,-0.0081,0.3003,-0.184,ROTATE
-499.4854,-22.5927,19.3523,0.3623,500.3705,3.0173,0.0052,493.9622,24.448,0.3544,2.8e-05,-0.0153,0.3076,-0.1741,ROTATE
-501.9883,-19.2023,46.7256,0.3703,504.5238,4.1534,0.008,497.6273,21.2686,0.359,4.7e-05,-0.0193,0.3174,-0.1656,ROTATE
-492.7563,-19.2149,75.2617,0.3687,498.8409,5.6829,0.0016,499.1894,10.4203,0.3627,3.7e-05,-0.022,0.3252,-0.1585,ROTATE
-413.7801,-29.9313,77.6063,0.3585,422.0575,76.7834,0.0102,484.6292,984.5343,0.3634,2.8e-05,-0.0217,0.3298,-0.1507,ROTATE
-263.4991,-41.6794,63.7569,0.3469,274.2879,147.7696,0.0116,440.0161,7810.5186,0.3613,7.1e-05,-0.018,0.3318,-0.141,ROTATE
-108.4024,-34.6123,50.6024,0.3261,124.5379,149.75,0.0208,364.8496,21337.291,0.3541,0.000267,-0.0141,0.3293,-0.1276,ROTATE
15.675,-13.218,45.3944,0.3064,49.8104,74.7275,0.0197,273.9069,29014.8867,0.3413,0.000506,-0.0117,0.3215,-0.1116,ROTATE
114.9369,37.4569,49.9468,0.2775,130.7982,80.9879,0.0289,200.2984,17573.627,0.3231,0.000837,-0.011,0.308,-0.0947,ROTATE
194.3464,79.0218,40.9012,0.2547,213.7472,82.9489,0.0228,158.6363,6038.6509,0.3023,0.00109,-0.0101,0.2903,-0.0828,ROTATE
257.874,100.6862,15.2584,0.2329,277.2535,63.5063,0.0218,159.2294,6177.2456,0.2795,0.001136,-0.0103,0.2669,-0.0798,ROTATE
308.696,114.1521,-18.1964,0.2073,329.6287,52.3752,0.0257,200.2476,10061.2354,0.2558,0.001182,-0.0099,0.2399,-0.0833,ROTATE
349.3537,138.7529,-35.8259,0.1711,377.6028,47.9741,0.0361,265.8061,7528.0225,0.2287,0.00137,-0.0093,0.2087,-0.0878,ROTATE
381.8799,157.9242,-58.5263,0.1389,417.3698,39.7671,0.0323,323.1204,5191.9844,0.201,0.001739,-0.0073,0.1763,-0.0927,ROTATE
407.9008,174.7581,-84.8679,0.1039,451.803,34.4332,0.0349,370.7316,3844.5054,0.1708,0.002137,-0.0059,0.1391,-0.0948,ROTATE
428.7175,180.6752,-102.4568,0.0887,476.3818,24.5788,0.0152,410.5572,2743.1873,0.142,0.001882,-0.0047,0.0977,-0.0928,ROTATE
445.3709,174.0152,-104.9249,0.0951,489.5363,13.1544,0.0064,442.5388,1658.0201,0.1195,0.000965,-0.002,0.0523,-0.0881,ROTATE
458.6936,191.7153,-71.468,0.1287,502.2571,12.7209,0.0336,467.4696,906.3929,0.111,0.000378,0.0017,-0.0012,-0.0741,ROTATE
469.3518,221.6097,-40.2088,0.1621,520.5946,18.3375,0.0334,488.1146,542.6341,0.1157,0.000722,0.0071,-0.0548,-0.0575,ROTATE
477.8783,246.3847,-35.1108,0.1955,538.8004,18.2057,0.0334,505.5141,489.9969,0.134,0.001633,0.0124,-0.1049,-0.038,ROTATE
484.6995,250.2046,-45.6949,0.2361,547.3792,8.5789,0.0406,519.7135,469.1733,0.1635,0.002439,0.0178,-0.1526,-0.0178,ROTATE
490.1565,210.2293,-40.8246,0.2767,534.8985,12.4807,0.0406,528.7859,250.8474,0.1998,0.002748,0.0239,-0.1977,-0.0024,ROTATE
494.5221,149.0116,-27.766,0.2939,517.2306,17.6679,0.0172,531.7806,127.8288,0.2329,0.002414,0.0319,-0.2303,0.0068,ROTATE
498.0146,101.7999,-10.9596,0.3107,508.4308,8.7998,0.0168,529.3478,205.9285,0.2626,0.001739,0.0379,-0.2579,0.022,ROTATE
500.8085,73.0024,13.6667,0.3354,506.2858,2.145,0.0247,522.8449,252.1427,0.2906,0.001116,0.0417,-0.2813,0.0435,ROTATE
503.0437,65.2676,46.6646,0.3616,509.402,3.1162,0.0262,515.2495,110.2089,0.3157,0.000903,0.043,-0.299,0.0729,ROTATE
504.8318,60.0484,83.9629,0.3721,515.2774,5.8754,0.0105,511.3253,17.5931,0.3347,0.000873,0.0407,-0.3087,0.1105,ROTATE
506.2624,65.7294,111.6953,0.3831,522.5876,7.3102,0.011,512.3967,34.8385,0.3526,0.000689,0.0361,-0.316,0.1465,ROTATE
507.4068,65.0272,134.9594,0.3931,529.0598,6.4722,0.01,516.5225,70.202,0.3691,0.000395,0.0319,-0.3219,0.1754,ROTATE
508.3223,50.6968,148.8206,0.4001,532.0802,3.0204,0.007,521.6814,71.0382,0.382,0.000193,0.0281,-0.324,0.1991,ROTATE
509.0547,39.6606,157.5878,0.403,534.3628,2.2826,0.0029,526.6736,48.1235,0.3903,0.000129,0.0252,-0.3209,0.2192,ROTATE
509.6407,26.5097,161.9827,0.3986,535.4202,1.0574,0.0043,530.7021,21.2205,0.3956,4.9e-05,0.023,-0.3122,0.2393,ROTATE
510.1094,17.9328,169.9862,0.3986,537.9856,2.5654,0.0,533.7817,9.1774,0.3987,1e-05,0.0194,-0.298,0.2606,ROTATE
510.4844,12.4243,181.5327,0.3977,541.9435,3.9579,0.0009,536.3585,11.4015,0.3996,3e-06,0.0145,-0.2782,0.2826,ROTATE
510.7844,10.3582,191.4324,0.3994,545.5771,3.6335,0.0017,539.0579,17.4507,0.3995,3e-06,0.0085,-0.2543,0.3041,ROTATE
511.0244,17.4928,196.2553,0.3995,547.6934,2.1163,0.0001,541.724,20.8485,0.3988,0.0,0.0026,-0.2276,0.3241,ROTATE
511.2164,32.7849,203.0199,0.3931,551.0301,3.3367,0.0064,544.8459,20.4749,0.3977,6e-06,-0.0034,-0.2004,0.3404,ROTATE
511.37,64.031,189.3471,0.3916,549.0461,1.984,0.0015,547.058,9.6969,0.3963,1.1e-05,-0.0093,-0.174,0.3534,ROTATE
511.4929,82.4498,152.5121,0.399,540.0768,8.9693,0.0073,546.6847,14.0735,0.3965,1.2e-05,-0.0151,-0.1492,0.3651,ROTATE
511.5912,85.2724,112.0347,0.402,530.6116,9.4651,0.003,543.6916,56.5382,0.3971,1.6e-05,-0.0203,-0.1257,0.3746,ROTATE
511.6699,73.471,83.4684,0.4034,523.6134,6.9982,0.0014,538.8756,110.7682,0.3978,2.2e-05,-0.0256,-0.1036,0.382,ROTATE
511.7328,56.6456,70.6216,0.4048,519.6793,3.9341,0.0014,532.6055,115.6068,0.4001,2.2e-05,-0.0311,-0.0834,0.3889,ROTATE
511.7831,24.5196,48.9035,0.4061,514.6987,4.9806,0.0014,525.736,78.4884,0.403,6e-06,-0.0356,-0.0625,0.3953,ROTATE
511.8234,-13.4156,22.3478,0.4063,512.4866,2.212,0.0002,520.2179,42.0167,0.4045,3e-06,-0.0387,-0.0426,0.3993,ROTATE
511.8556,-41.1418,-4.1999,0.4121,513.5236,1.0369,0.0058,516.8003,17.6937,0.4065,9e-06,-0.0403,-0.0239,0.403,ROTATE
511.8813,-51.8072,-71.1349,0.4388,519.3907,5.8671,0.0267,515.9557,9.0388,0.4136,0.000165,-0.0396,0.001,0.4103,ROTATE
511.902,-47.8395,-95.5579,0.4385,522.9374,3.5468,0.0004,516.6074,15.59,0.4204,0.000227,-0.0374,0.0179,0.4173,ROTATE
511.9185,-31.1029,-79.7588,0.4247,519.0273,3.9101,0.0137,517.4731,15.2831,0.4241,0.000177,-0.0348,0.0334,0.4205,ROTATE
511.9316,-7.1323,-79.8352,0.4094,518.1685,0.8589,0.0154,518.6095,9.1154,0.4247,0.000156,-0.0319,0.0515,0.4196,ROTATE
511.9422,5.8098,-95.6057,0.379,520.8253,2.6569,0.0304,520.0699,2.7914,0.4181,0.000499,-0.0287,0.0707,0.4102,ROTATE
511.9507,-2.4803,-114.497,0.355,524.6038,3.7785,0.024,521.1125,5.7235,0.4013,0.000928,-0.0271,0.0829,0.39,ROTATE
511.9574,-10.5061,-124.2101,0.3518,526.9145,2.3107,0.0032,521.9079,11.1574,0.384,0.000842,-0.0265,0.1017,0.3676,ROTATE
511.9628,-23.5174,-128.0587,0.3449,528.2594,1.3449,0.0069,523.7543,14.157,0.368,0.00056,-0.0266,0.1201,0.3452,ROTATE
511.9671,-47.2702,-132.2251,0.3431,530.875,2.6156,0.0018,526.2956,11.5993,0.3547,0.000166,-0.0274,0.1365,0.325,ROTATE
511.9706,-37.1911,-118.4676,0.3645,526.8127,4.0623,0.0215,527.493,4.234,0.3518,5.9e-05,-0.0293,0.1481,0.3172,ROTATE
511.9734,8.3221,-78.4209,0.3578,518.0114,8.8013,0.0067,526.1746,18.8065,0.3524,6.4e-05,-0.0323,0.155,0.3146,ROTATE
511.9756,40.0264,-33.2805,0.335,514.6151,3.3963,0.0228,523.7147,39.3703,0.349,0.000113,-0.0346,0.1642,0.3056,ROTATE
511.9774,52.2118,7.1443,0.3228,514.6823,0.0672,0.0122,520.9993,44.1829,0.3446,0.000228,-0.0351,0.1762,0.2921,ROTATE
511.9788,45.835,45.4467,0.3236,516.0315,1.3492,0.0008,518.0306,20.7997,0.3407,0.000301,-0.0346,0.1917,0.2747,ROTATE
511.9799,46.0868,78.5168,0.3352,520.0118,3.9803,0.0116,516.6704,4.3096,0.3349,0.00016,-0.0324,0.215,0.2465,ROTATE
511.9808,60.2413,90.204,0.3599,523.3452,3.3334,0.0247,517.7372,11.7224,0.3353,0.00018,-0.0266,0.2487,0.2134,ROTATE
511.9815,36.1462,75.0039,0.3736,518.7072,4.6379,0.0137,518.5556,9.2913,0.343,0.000414,-0.0161,0.2862,0.1681,ROTATE
511.9821,-34.6362,59.4593,0.389,516.5857,2.1215,0.0154,518.9363,6.9221,0.3563,0.00058,-0.0064,0.3214,0.1196,ROTATE
511.9826,-84.3871,82.055,0.3903,525.3383,8.7526,0.0012,520.7977,9.9671,0.3696,0.00042,0.0014,0.3507,0.0739,ROTATE
511.9829,-106.8565,108.119,0.4094,534.0735,8.7352,0.0191,523.61,37.1842,0.3844,0.000279,0.0088,0.3763,0.0315,ROTATE
511.9832,-123.8509,124.3702,0.4193,541.2336,7.16,0.0099,527.1877,86.4886,0.3963,0.000261,0.0153,0.3946,-0.0077,ROTATE
484.7679,-135.1713,138.0899,0.4158,521.862,19.3716,0.0035,527.8187,77.3794,0.4048,0.000162,0.0178,0.4029,-0.0289,ROTATE
416.6768,-77.3495,172.8469,0.3781,457.6883,64.1737,0.0377,516.0392,897.0403,0.4026,0.00025,0.0217,0.4005,-0.0294,ROTATE
435.7383,-45.789,143.8619,0.4149,461.1516,3.4633,0.0367,503.2018,1317.4774,0.4075,0.000225,0.0279,0.405,-0.0296,ROTATE
450.9875,-14.2093,91.2677,0.415,460.3493,0.8023,0.0001,488.4569,1276.7214,0.4086,0.000235,0.0332,0.4059,-0.0272,ROTATE
463.1869,28.8325,9.6766,0.4023,464.1843,3.8351,0.0127,473.0471,600.015,0.4052,0.000208,0.038,0.4024,-0.0235,ROTATE
472.9464,67.7441,-68.1931,0.3852,482.6157,18.4313,0.0171,465.1978,80.1364,0.3991,0.000229,0.042,0.3961,-0.0211,ROTATE
480.754,96.3547,-118.567,0.3753,504.447,21.8313,0.0098,474.5496,289.5023,0.3985,0.000254,0.0437,0.3935,-0.0367,ROTATE
487.0001,96.2963,-159.9442,0.3687,521.5594,17.1125,0.0067,486.6312,549.6223,0.3893,0.000293,0.0417,0.381,-0.0555,ROTATE
491.997,80.8651,-201.6366,0.37,537.8267,16.2672,0.0014,502.1266,695.5614,0.3803,0.000154,0.0375,0.3665,-0.0811,ROTATE
495.9945,63.2015,-252.4406,0.3731,560.1171,22.2905,0.003,521.3132,712.0936,0.3744,3.4e-05,0.0314,0.3526,-0.1111,ROTATE
499.1925,36.5206,-297.9837,0.3617,582.5128,22.3957,0.0114,541.2926,762.4957,0.3697,2.2e-05,0.0242,0.3376,-0.1415,ROTATE
501.7509,5.6946,-315.6964,0.3632,592.8326,10.3198,0.0015,558.9697,709.7697,0.3673,1.8e-05,0.0169,0.3211,-0.171,ROTATE
503.7976,-37.685,-330.7664,0.3655,603.8531,11.0205,0.0023,575.4285,561.8778,0.3667,1.8e-05,0.0091,0.3014,-0.2016,ROTATE
505.4349,-85.9636,-332.8257,0.371,611.2505,7.3973,0.0055,590.1133,320.0993,0.3669,2e-05,0.0021,0.2787,-0.2313,ROTATE
506.7448,-136.0959,-333.3011,0.3749,621.6125,10.362,0.0039,602.4123,187.3192,0.3673,2.5e-05,-0.0051,0.253,-0.2597,ROTATE
507.7928,-161.6861,-322.2722,0.376,622.7803,1.1678,0.001,610.4658,126.2332,0.3701,2.5e-05,-0.0137,0.2214,-0.2898,ROTATE
508.6311,-163.2051,-292.5396,0.3933,609.0328,13.7475,0.0173,613.7059,53.9604,0.3761,8.7e-05,-0.0245,0.1875,-0.3186,ROTATE
509.3018,-161.6328,-275.3942,0.4017,601.1285,7.9043,0.0084,613.1609,65.8864,0.3834,0.000142,-0.0339,0.156,-0.3429,ROTATE
509.8383,-182.1407,-253.3872,0.3889,597.7587,3.3698,0.0128,610.4625,105.321,0.3869,0.000105,-0.0413,0.1225,-0.3604,ROTATE
510.2675,-186.7719,-218.2504,0.3922,585.5681,12.1906,0.0033,603.2536,152.4358,0.3904,7e-05,-0.0495,0.0865,-0.3746,ROTATE
500.5046,-173.1175,-182.2191,0.3979,560.0699,25.4981,0.0058,590.7115,291.841,0.3948,2e-05,-0.0569,0.055,-0.384,ROTATE
473.9725,-148.2596,-149.1346,0.4016,518.5287,41.5413,0.0037,572.6107,939.1424,0.3965,2.6e-05,-0.063,0.025,-0.3876,ROTATE
423.4342,-110.0077,-122.3171,0.4026,454.2683,64.2603,0.001,543.2387,2714.7603,0.3966,2.8e-05,-0.0692,-0.0053,-0.3881,ROTATE
379.938,-41.0593,-103.2505,0.4042,395.8528,58.4156,0.0016,502.8576,4834.1606,0.3997,1.8e-05,-0.0772,-0.0318,-0.3893,ROTATE
364.6035,49.9213,-100.5317,0.4027,381.4899,14.3629,0.0015,462.0419,4746.0625,0.4018,4e-06,-0.083,-0.0528,-0.3886,ROTATE
394.0797,118.5589,-116.3566,0.398,427.661,46.1711,0.0047,435.5602,2359.2883,0.4018,4e-06,-0.084,-0.0697,-0.3861,ROTATE
417.6606,182.2409,-110.8759,0.3684,468.9836,41.3226,0.0296,425.6511,1107.7694,0.3952,0.000184,-0.079,-0.0887,-0.3756,ROTATE
436.5254,231.8177,-98.4695,0.339,503.9743,34.9907,0.0294,435.5923,2072.0571,0.3824,0.000642,-0.0701,-0.105,-0.3589,ROTATE
451.6172,248.6635,-119.1537,0.3615,529.1401,25.1658,0.0225,462.2498,2795.8281,0.3739,0.000562,-0.0575,-0.1175,-0.3483,ROTATE
463.6906,212.3621,-153.8136,0.3812,532.6962,3.5562,0.0197,492.4911,1569.4021,0.3696,0.000389,-0.0444,-0.1339,-0.3401,ROTATE
473.3494,151.6584,-185.4071,0.3904,530.5051,2.1911,0.0092,513.0599,594.7521,0.3681,0.000312,-0.0349,-0.1549,-0.3311,ROTATE
481.0764,127.3736,-193.4257,0.3502,533.9214,3.4163,0.0402,526.0474,124.5728,0.3644,0.000363,-0.0308,-0.176,-0.3141,ROTATE
487.258,147.9864,-172.0281,0.3358,537.5073,3.5859,0.0144,532.754,8.4155,0.3638,0.000397,-0.0282,-0.2016,-0.293,ROTATE
492.2033,179.636,-162.0787,0.34,548.4548,10.9476,0.0042,536.617,40.1841,0.3595,0.000491,-0.0261,-0.2314,-0.2633,ROTATE
496.1595,201.5525,-177.9755,0.3456,564.3341,15.8793,0.0057,542.9445,150.7195,0.3524,0.000385,-0.0234,-0.2577,-0.23,ROTATE
499.3245,205.5077,-204.9898,0.3464,577.5632,13.2291,0.0007,552.3561,270.8831,0.3436,2.6e-05,-0.0195,-0.2798,-0.1937,ROTATE
501.8565,203.0717,-237.4481,0.3518,591.1681,13.6049,0.0054,563.8055,373.1009,0.3439,3e-05,-0.0136,-0.2981,-0.1673,ROTATE
503.8821,197.8261,-279.9835,0.362,609.4449,18.2768,0.0102,578.193,444.3715,0.3491,5.5e-05,-0.0079,-0.3141,-0.147,ROTATE
505.5026,176.1609,-320.5993,0.3746,623.9787,14.5338,0.0126,593.2977,458.6111,0.3561,0.00012,-0.0023,-0.3302,-0.1269,ROTATE
506.799,138.185,-342.4669,0.3835,627.0757,3.097,0.0089,605.8461,361.5611,0.3636,0.000191,0.0046,-0.3459,-0.1061,ROTATE
507.8361,87.1417,-349.4298,0.3889,622.5692,4.5065,0.0054,614.8473,176.4868,0.3721,0.000187,0.0131,-0.3606,-0.0856,ROTATE
508.6657,39.9165,-343.8376,0.3897,615.2711,7.2981,0.0008,619.6678,41.1436,0.3797,0.000108,0.0221,-0.3721,-0.062,ROTATE
509.3295,134.3301,-321.1794,0.4036,616.942,1.6709,0.0139,621.1673,19.4795,0.388,8.9e-05,0.0306,-0.3815,-0.0286,ROTATE
509.8605,209.8609,-291.4342,0.4209,623.6451,6.7031,0.0173,621.1005,19.1221,0.3973,0.000183,0.0398,-0.3896,0.0084,ROTATE
510.2853,236.5263,-258.6911,0.4154,619.0774,4.5677,0.0055,619.5009,10.2415,0.4037,0.000169,0.05,-0.3947,0.0378,ROTATE
510.6251,201.2835,-218.9467,0.4029,590.9236,28.1538,0.0125,613.1718,131.6339,0.4065,0.000118,0.059,-0.3956,0.062,ROTATE
510.897,136.1768,-166.1105,0.3998,554.2134,36.7101,0.0031,600.9603,676.8492,0.4085,6.6e-05,0.0675,-0.3935,0.0838,ROTATE
511.1145,93.4289,-106.829,0.4045,530.4521,23.7614,0.0047,583.6623,1320.8279,0.4087,6.5e-05,0.0739,-0.3875,0.1014,ROTATE
511.2885,77.0994,-49.1913,0.4185,519.4035,11.0486,0.014,562.814,1392.2905,0.4082,5.4e-05,0.0759,-0.3784,0.1221,ROTATE
511.4276,73.8577,-2.1812,0.4254,516.7378,2.6657,0.0069,542.3461,764.8443,0.4102,9.9e-05,0.0734,-0.3681,0.1537,ROTATE
511.539,76.7205,49.8894,0.4217,519.6606,2.9229,0.0037,528.0935,192.6791,0.414,0.000101,0.0689,-0.3556,0.1917,ROTATE
511.6281,88.2983,50.7428,0.4231,521.6653,2.0047,0.0014,521.5839,22.1178,0.4186,5.5e-05,0.0637,-0.3435,0.2259,ROTATE
511.6993,113.8043,64.6661,0.4079,528.1755,6.5101,0.0152,521.1285,14.8713,0.4193,3.7e-05,0.0597,-0.3276,0.2518,ROTATE
511.7563,141.8403,84.8923,0.3862,537.7917,9.6162,0.0218,524.8062,56.2832,0.4129,0.000215,0.0567,-0.3036,0.2708,ROTATE
511.802,173.166,102.9076,0.3782,550.0161,12.2244,0.0079,531.4619,126.0731,0.4034,0.000335,0.0541,-0.2711,0.289,ROTATE
511.8385,190.1609,117.326,0.3693,558.4847,8.4687,0.0089,539.2267,183.9745,0.393,0.000391,0.0516,-0.2339,0.3045,ROTATE
511.8677,191.4475,122.6983,0.362,560.1031,1.6184,0.0073,546.9142,150.3615,0.3807,0.000251,0.0474,-0.1917,0.3184,ROTATE
511.891,179.9049,119.0212,0.3563,555.4856,4.6176,0.0057,552.3762,64.9933,0.3704,0.000116,0.0418,-0.1482,0.331,ROTATE
511.9097,182.0739,95.5982,0.3563,551.6715,3.8141,0.0001,555.1522,14.8448,0.3644,7.1e-05,0.0354,-0.107,0.3421,ROTATE
511.9247,192.831,59.1067,0.3588,550.222,1.4495,0.0025,555.1934,14.4285,0.3605,2.4e-05,0.0279,-0.0707,0.3489,ROTATE
511.9366,212.2023,23.701,0.3585,554.6807,4.4587,0.0003,554.4326,11.7357,0.3584,4e-06,0.0197,-0.0391,0.3528,ROTATE
511.9462,215.2962,-26.6455,0.3663,556.0138,1.3331,0.0077,553.6147,5.1357,0.3592,1.3e-05,0.0114,-0.0112,0.3568,ROTATE
511.9538,184.8526,-51.9851,0.3658,546.7812,9.2326,0.0004,551.8738,10.7444,0.3611,1.7e-05,0.003,0.0131,0.3594,ROTATE
500.0693,131.329,-66.3444,0.3633,521.2659,25.5153,0.0025,545.7927,161.125,0.3626,1.1e-05,-0.0047,0.0326,0.36,ROTATE
476.8336,71.9632,-74.5505,0.3651,487.9619,33.3041,0.0017,533.3407,671.0299,0.3638,8e-06,-0.0113,0.0489,0.3596,ROTATE
438.2075,11.7955,-79.631,0.3648,445.5402,42.4217,0.0003,511.5126,1645.2708,0.3651,1e-06,-0.0154,0.0613,0.3591,ROTATE
449.4441,-64.3417,-81.0173,0.3705,461.1981,15.6579,0.0057,492.5495,1395.9084,0.3659,6e-06,-0.0167,0.0689,0.3588,ROTATE
461.9522,-99.364,-55.1701,0.3967,475.7276,14.5295,0.0262,478.3387,662.3425,0.3721,0.000157,-0.0152,0.077,0.3636,ROTATE
471.9586,-100.8256,-54.8455,0.4107,485.7147,9.9871,0.014,471.2285,254.119,0.3815,0.00035,-0.0119,0.0903,0.37,ROTATE
479.9638,-63.4605,-84.592,0.4174,491.4756,5.7609,0.0067,471.9312,279.6131,0.392,0.000444,-0.006,0.1089,0.3751,ROTATE
486.3679,-13.3402,-119.6392,0.3889,501.0442,9.5686,0.0285,483.032,186.6008,0.3968,0.000274,-0.0022,0.1284,0.3732,ROTATE
491.4912,16.7622,-134.0645,0.3468,509.7233,8.6791,0.0421,492.7371,139.5537,0.3921,0.000614,-0.0013,0.1471,0.3615,ROTATE
495.5898,29.9191,-128.9891,0.3159,512.9743,3.251,0.0309,500.1864,108.1056,0.3759,0.00151,-0.003,0.1593,0.3394,ROTATE
498.8688,35.3697,-139.9225,0.2984,519.3259,6.3516,0.0174,506.9087,94.2946,0.3535,0.001966,-0.0061,0.1681,0.3098,ROTATE
501.4919,29.2676,-142.0193,0.2833,522.0347,2.7088,0.0152,513.0205,55.0637,0.3266,0.001415,-0.0124,0.171,0.2764,ROTATE
503.5904,26.3203,-129.6123,0.2823,520.6683,1.3664,0.001,516.9453,22.671,0.3053,0.000579,-0.019,0.1723,0.2496,ROTATE
505.2692,34.6625,-105.3773,0.2835,517.3035,3.3648,0.0012,518.4613,9.967,0.2927,0.00017,-0.0248,0.1768,0.2305,ROTATE
506.6123,41.8644,-74.905,0.282,513.8282,3.4753,0.0015,518.6321,8.2095,0.2859,4e-05,-0.0293,0.1856,0.2148,ROTATE
507.6867,48.0384,-44.5802,0.2866,511.8993,1.9289,0.0046,517.1468,14.9732,0.2835,3e-06,-0.0331,0.1955,0.2014,ROTATE
508.5463,39.9807,-30.1017,0.2928,511.0028,0.8965,0.0062,514.9404,12.8765,0.2854,1.6e-05,-0.0341,0.2099,0.1868,ROTATE
509.2339,15.0252,-41.6782,0.305,511.1575,0.1547,0.0122,513.0382,5.5587,0.29,7e-05,-0.0326,0.2287,0.1691,ROTATE
509.784,-7.5111,-56.4332,0.3114,512.9531,1.7956,0.0064,512.1682,1.1647,0.2955,0.000122,-0.0292,0.2494,0.1488,ROTATE
510.2241,-64.7151,-94.0403,0.3328,522.8386,9.8856,0.0214,513.9703,20.1378,0.3057,0.00026,-0.023,0.2748,0.1232,ROTATE
510.5762,-140.6315,-115.0948,0.337,541.9521,19.1135,0.0042,519.9808,139.7497,0.3158,0.000281,-0.0169,0.2969,0.0949,ROTATE
510.8578,-214.3021,-110.6508,0.3359,564.9289,22.9768,0.0011,530.766,411.3738,0.3244,0.000181,-0.0119,0.3131,0.0696,ROTATE
511.0831,-237.6604,-88.0956,0.3289,570.4816,5.5527,0.007,542.6309,509.1665,0.3292,8.7e-05,-0.0057,0.3232,0.0485,ROTATE
511.2634,-186.4064,-24.4984,0.2862,544.7365,25.7452,0.0427,548.9875,293.4916,0.3241,0.000368,-0.0016,0.3205,0.0406,ROTATE
511.4076,-130.047,54.7482,0.2649,530.5161,14.2203,0.0212,550.5231,222.6194,0.3106,0.00087,0.0001,0.3074,0.037,ROTATE
470.3823,-89.7439,131.7017,0.2814,496.6476,33.8685,0.0165,541.4621,706.3401,0.2994,0.000777,0.0036,0.2965,0.0335,ROTATE
403.934,-45.3045,130.4332,0.3318,426.8817,69.7659,0.0504,513.8527,2459.657,0.2986,0.000721,0.0102,0.2955,0.03,ROTATE
368.0722,5.1127,92.1372,0.3402,379.4635,47.4182,0.0084,475.6491,3970.8645,0.3009,0.000878,0.0155,0.2975,0.0251,ROTATE
396.8546,59.3714,61.0816,0.3326,405.8935,26.43,0.0076,447.8805,3218.3247,0.3102,0.000949,0.0225,0.308,0.0096,ROTATE
419.8806,108.8565,-35.6472,0.3213,435.2243,29.3308,0.0113,428.8221,1521.4092,0.3214,0.000438,0.0311,0.3196,-0.0036,ROTATE
438.3014,134.5039,-130.9178,0.309,476.8006,41.5764,0.0123,424.8527,1045.9817,0.327,0.000117,0.0375,0.3243,-0.0129,ROTATE
453.038,132.4032,-207.1342,0.3151,515.4402,38.6396,0.0061,442.5644,2372.6724,0.3236,0.000129,0.0386,0.3198,-0.0238,ROTATE
464.8273,121.8194,-268.1074,0.323,550.2599,34.8197,0.0079,476.7237,2729.1335,0.3202,6.3e-05,0.0351,0.3141,-0.0402,ROTATE
474.2587,111.8836,-316.8859,0.333,581.2538,30.9939,0.01,511.7957,2681.0081,0.3203,6.5e-05,0.028,0.3086,-0.0662,ROTATE
481.8038,118.3725,-334.9587,0.347,598.6187,17.3649,0.0139,544.4746,1948.1052,0.3254,0.000181,0.0171,0.3031,-0.101,ROTATE
487.84,135.823,-328.1233,0.367,603.4075,4.7888,0.02,569.796,1085.595,0.337,0.000338,0.0054,0.2983,-0.142,ROTATE
492.6689,164.6678,-317.2674,0.3806,608.6844,5.2769,0.0136,588.4448,449.3658,0.3501,0.00045,-0.0056,0.2912,-0.1837,ROTATE
496.532,180.253,-316.4326,0.3808,615.7635,7.0792,0.0002,601.5455,135.3807,0.3617,0.000358,-0.0148,0.28,-0.2224,ROTATE
499.6225,176.7462,-311.3618,0.3754,614.6608,1.1027,0.0054,608.2269,42.79,0.3701,0.000159,-0.0221,0.2646,-0.2541,ROTATE
502.0948,158.9813,-301.8175,0.3772,607.0157,7.6451,0.0018,609.9064,21.7992,0.3762,2.5e-05,-0.0285,0.2465,-0.2797,ROTATE
504.0728,131.1476,-280.9697,0.3838,591.8048,15.2109,0.0065,607.5858,73.5006,0.3796,9e-06,-0.0347,0.2256,-0.3,ROTATE
505.6551,105.1993,-251.9132,0.3901,574.6427,17.1621,0.0064,600.7775,243.9562,0.3815,2.7e-05,-0.0404,0.1993,-0.3191,ROTATE
506.921,76.2032,-222.5243,0.3967,558.8317,15.811,0.0066,589.3912,421.2808,0.3846,6.3e-05,-0.0441,0.1712,-0.3381,ROTATE
507.9337,54.5719,-198.3288,0.4045,548.0046,10.8271,0.0078,576.0599,458.4172,0.3905,9.1e-05,-0.046,0.1448,-0.3567,ROTATE
508.7438,46.3982,-170.6506,0.4104,538.6044,9.4002,0.0059,562.3776,360.1434,0.3971,9.2e-05,-0.046,0.1184,-0.3738,ROTATE
460.2826,50.5123,-142.6236,0.4114,484.5132,54.0912,0.001,540.9193,939.0666,0.4026,6.6e-05,-0.0442,0.0906,-0.3878,ROTATE
357.8354,61.3036,-128.377,0.4096,385.0779,99.4353,0.0018,503.0063,4131.5303,0.4065,3e-05,-0.041,0.0682,-0.3972,ROTATE
233.3183,80.7835,-107.4985,0.4079,269.2942,115.7837,0.0018,445.0988,11079.2334,0.4088,6e-06,-0.04,0.048,-0.4028,ROTATE
101.5547,96.8268,-81.3144,0.4192,162.1752,107.1189,0.0114,367.933,19015.8945,0.4117,1.5e-05,-0.0417,0.0309,-0.4078,ROTATE
-21.1563,115.2739,-52.189,0.4119,128.294,33.8812,0.0073,285.8709,17941.332,0.412,1.5e-05,-0.0435,0.0183,-0.409,ROTATE
-119.325,133.4566,25.73,0.3807,180.8623,52.5683,0.0312,225.1407,8566.7871,0.4058,0.000174,-0.0506,0.0008,-0.4015,ROTATE
-41.7663,119.4247,102.4622,0.3583,162.8041,18.0582,0.0224,180.686,2251.7529,0.3956,0.000518,-0.0538,-0.0104,-0.3908,ROTATE
68.9839,96.971,102.251,0.3274,156.8994,5.9047,0.0309,158.207,289.3277,0.3795,0.001159,-0.0504,-0.0085,-0.3749,ROTATE
157.584,93.7268,96.207,0.3064,207.0585,50.1591,0.021,167.1836,682.8915,0.3569,0.001402,-0.0455,-0.008,-0.3527,ROTATE
228.4641,106.9596,124.9562,0.2896,281.5142,74.4557,0.0169,197.8277,2055.6484,0.3325,0.001107,-0.0413,-0.0099,-0.3285,ROTATE
285.1681,99.7583,130.7587,0.2802,329.1966,47.6824,0.0093,227.4946,4569.5205,0.3124,0.000785,-0.0301,0.002,-0.3104,ROTATE
330.5314,102.8191,112.3132,0.2752,363.919,34.7224,0.005,267.7175,5836.9858,0.2958,0.000363,-0.0223,0.0097,-0.2946,ROTATE
366.822,99.3866,87.8631,0.269,390.0718,26.1528,0.0062,314.352,4200.1904,0.2841,0.00017,-0.0193,0.0065,-0.2832,ROTATE
395.8545,90.2249,68.0436,0.2667,411.6689,21.5971,0.0023,355.2741,2117.3081,0.2761,6.8e-05,-0.0154,0.0029,-0.2755,ROTATE
419.0805,75.9643,53.0036,0.2646,429.1951,17.5262,0.0021,384.8102,1249.6802,0.2711,3.3e-05,-0.0111,-0.001,-0.2706,ROTATE
437.6613,65.587,41.0217,0.255,444.4455,15.2505,0.0096,407.86,811.0856,0.2661,4.4e-05,-0.0084,-0.0107,-0.265,ROTATE
452.5259,63.8728,30.1361,0.247,458.0039,13.5584,0.008,426.6771,573.725,0.2604,6.8e-05,-0.0065,-0.024,-0.2583,ROTATE
464.4176,69.3013,15.6839,0.2432,469.8217,11.8177,0.0038,442.627,423.626,0.2553,8.6e-05,-0.0037,-0.0384,-0.2513,ROTATE
473.931,82.5317,-8.1654,0.2475,481.1328,11.3111,0.0043,456.5198,335.4737,0.2514,5.8e-05,-0.0005,-0.0531,-0.2448,ROTATE
481.5417,90.941,-28.1511,0.264,490.8616,9.7289,0.0165,468.8531,269.9072,0.2513,5.5e-05,0.0023,-0.0691,-0.2406,ROTATE
487.6302,95.3278,-36.724,0.2623,498.2161,7.3545,0.0017,479.6072,207.5476,0.2528,7.4e-05,0.0048,-0.0909,-0.2334,ROTATE
492.5011,151.0935,31.6521,0.3092,516.1282,17.9121,0.0469,491.2321,245.827,0.2652,0.000549,0.0115,-0.1226,-0.2296,ROTATE
496.3977,197.2967,23.8998,0.2885,534.7036,18.5753,0.0207,504.2084,363.7134,0.2743,0.000477,0.0199,-0.1456,-0.2268,ROTATE
499.5151,207.9686,4.8667,0.2965,541.1006,6.3971,0.008,516.202,385.5768,0.2841,0.000336,0.0283,-0.1695,-0.2226,ROTATE
502.0089,199.9686,-5.7035,0.3231,540.4008,0.6999,0.0266,526.1099,276.1,0.2959,0.00042,0.0357,-0.1952,-0.2181,ROTATE
504.004,183.4937,-6.5566,0.3333,536.4075,3.9933,0.0102,533.7482,83.3525,0.3101,0.000272,0.0424,-0.2157,-0.2179,ROTATE
505.6001,147.623,-4.9578,0.3537,526.7339,9.6735,0.0205,535.8693,26.6009,0.319,0.000573,0.0443,-0.2282,-0.2171,ROTATE
506.877,96.1547,16.8775,0.3635,516.1926,10.5413,0.0097,532.1671,90.057,0.334,0.000557,0.0423,-0.2546,-0.2094,ROTATE
507.8984,71.9863,45.577,0.3713,514.9952,1.1974,0.0079,526.946,105.8101,0.349,0.00033,0.0389,-0.2836,-0.1931,ROTATE
508.7156,33.2671,71.8491,0.3818,514.8403,0.1549,0.0105,521.8339,72.7801,0.3607,0.000274,0.0365,-0.3102,-0.1705,ROTATE
509.3694,16.42,77.3012,0.3837,515.4631,0.6228,0.0019,517.645,20.8733,0.3708,0.000127,0.034,-0.3348,-0.1429,ROTATE
509.8924,1.7453,74.5284,0.3877,515.3133,0.1498,0.004,515.361,0.2218,0.3776,7.9e-05,0.0315,-0.3564,-0.1095,ROTATE
510.3108,-11.4069,72.0821,0.3911,515.5027,0.1895,0.0034,515.223,0.0685,0.3832,4.5e-05,0.0299,-0.3717,-0.0776,ROTATE
510.6455,-30.0442,74.0032,0.3973,516.8539,1.3512,0.0062,515.5947,0.4519,0.3883,3e-05,0.0276,-0.3819,-0.0489,ROTATE
510.9133,-52.2416,76.6276,0.4112,519.2623,2.4084,0.0139,516.4791,2.2463,0.3942,9.2e-05,0.0227,-0.3905,-0.0176,ROTATE
511.1275,-69.4089,80.3177,0.4183,522.0344,2.772,0.0072,517.7933,6.4848,0.4011,0.000138,0.0163,-0.3973,0.0153,ROTATE
511.2989,-100.0115,83.7604,0.4032,527.6786,5.6442,0.0151,520.2664,18.6823,0.4042,9.3e-05,0.0097,-0.3976,0.0497,ROTATE
511.436,-90.4561,74.2177,0.3969,524.6498,3.0288,0.0063,522.0958,14.6399,0.4054,6.8e-05,0.0052,-0.3942,0.0815,ROTATE
511.5457,-83.468,61.5523,0.4056,521.9527,2.6971,0.0087,523.1155,8.1087,0.407,5.3e-05,0.0014,-0.3878,0.1145,ROTATE
511.6335,-80.6494,49.6512,0.4282,520.3253,1.6274,0.0227,523.3281,6.6512,0.4105,0.000127,-0.0013,-0.3792,0.1494,ROTATE
511.7036,-78.457,52.7053,0.4421,520.3594,0.0342,0.0139,522.9932,7.9669,0.4152,0.000293,-0.0033,-0.3693,0.1832,ROTATE
511.7598,-66.8,57.1486,0.4364,519.2556,1.1039,0.0057,521.3085,3.5322,0.4218,0.00031,-0.0047,-0.3591,0.2153,ROTATE
511.8047,-48.7525,52.3595,0.4205,516.7808,2.4747,0.0159,519.7347,2.9227,0.4266,0.000164,-0.0074,-0.3444,0.2469,ROTATE
511.8407,-40.7864,36.4533,0.407,514.7556,2.0253,0.0135,518.2953,4.8254,0.4269,0.000152,-0.0082,-0.3262,0.2718,ROTATE
469.4225,-41.9666,21.2907,0.4099,471.7754,42.9802,0.0029,508.5854,342.5385,0.4232,0.000195,-0.0082,-0.3049,0.2906,ROTATE
420.3599,-45.3108,9.2763,0.4132,422.8966,48.8788,0.0032,489.0928,1403.364,0.4174,0.00011,-0.0077,-0.2819,0.3058,ROTATE
368.8942,-54.0861,-3.2039,0.4129,372.8518,50.0448,0.0003,459.8121,3066.4355,0.4127,2e-05,-0.008,-0.2618,0.3176,ROTATE
320.356,-78.8595,-24.8444,0.4127,330.8535,41.9984,0.0002,422.6266,4360.6504,0.4111,6e-06,-0.0091,-0.2466,0.3279,ROTATE
270.6504,-116.1345,-37.0161,0.4023,296.8317,34.0218,0.0104,379.0418,3928.3384,0.4102,1.7e-05,-0.0102,-0.2346,0.3358,ROTATE
211.6672,-142.6013,-46.3879,0.3837,259.4031,37.4286,0.0186,336.5673,3267.0386,0.4049,0.00013,-0.0093,-0.2221,0.3382,ROTATE
129.7713,-157.0998,-57.8822,0.3604,211.8284,47.5747,0.0232,294.3537,3106.4585,0.3944,0.000401,-0.0054,-0.2098,0.3337,ROTATE
2.4858,-169.4611,-70.8964,0.3443,183.7105,28.1179,0.0161,256.5255,2891.4741,0.3807,0.000646,0.0004,-0.198,0.3248,ROTATE
-100.4114,-180.472,-87.7359,0.3404,224.3884,40.6779,0.0039,235.2325,1539.7087,0.3662,0.000557,0.0074,-0.188,0.3139,ROTATE
-182.7291,-190.0401,-105.7043,0.3381,284.0397,59.6513,0.0022,232.674,1250.6992,0.3534,0.00029,0.014,-0.1811,0.3029,ROTATE
-248.5833,-190.7758,-116.1447,0.329,334.1836,50.1438,0.0091,247.6301,2944.9622,0.3424,0.000106,0.0196,-0.1786,0.2914,ROTATE
-301.2666,-148.3238,-187.9126,0.3133,384.8022,50.6186,0.0157,282.2249,5255.0459,0.333,0.000122,0.025,-0.1694,0.2851,ROTATE
-298.6289,-80.4903,-191.7176,0.3029,363.8868,20.9154,0.0104,318.2602,3349.2234,0.3247,0.00021,0.0292,-0.1647,0.2778,ROTATE
-220.4375,-56.4579,-168.3897,0.2576,283.0818,80.805,0.0453,329.9988,1696.5514,0.3082,0.000789,0.0328,-0.1585,0.2616,ROTATE
-170.5875,-31.2288,-167.893,0.2347,241.3781,41.7036,0.0228,321.4665,2772.0278,0.2875,0.001261,0.035,-0.1486,0.243,ROTATE
-52.0138,-10.3768,-184.4894,0.2044,191.9621,49.416,0.0303,293.0222,5284.8818,0.2626,0.001677,0.0358,-0.1371,0.2203,ROTATE
13.1202,-9.3046,-194.2947,0.1845,194.9593,2.9972,0.0199,255.0536,4081.8235,0.2368,0.001718,0.0335,-0.137,0.1886,ROTATE
61.4837,-24.7874,-188.1545,0.178,199.4913,4.532,0.0065,222.1745,1249.2921,0.2119,0.000912,0.0305,-0.1357,0.157,ROTATE
39.6713,-51.8205,-172.6642,0.1503,184.5863,14.9049,0.0277,202.4754,401.8735,0.1904,0.000791,0.0292,-0.1338,0.1273,ROTATE
-4.0286,-78.2346,-150.1689,0.1642,169.3741,15.2123,0.0139,188.0746,110.9462,0.1763,0.000337,0.0287,-0.1351,0.1061,ROTATE
13.8459,-42.8095,-114.1257,0.174,122.6746,46.6995,0.0098,174.2171,771.3265,0.1702,0.000142,0.0301,-0.1365,0.0956,ROTATE
-91.3233,68.1493,-107.3568,0.1648,156.5559,33.8814,0.0092,166.5364,688.6694,0.1663,9.2e-05,0.0353,-0.1299,0.0949,ROTATE
-77.6742,114.9975,-69.5886,0.1643,155.2427,1.3132,0.0004,157.6867,418.6572,0.1635,5.7e-05,0.0411,-0.1242,0.0954,ROTATE
-45.4394,120.7793,-40.9834,0.1582,135.3958,19.847,0.0061,147.8486,276.5282,0.1651,2.6e-05,0.0463,-0.1195,0.1024,ROTATE
2.2422,103.6672,-10.0648,0.1552,104.1787,31.217,0.003,134.8095,395.2533,0.1633,4.2e-05,0.0513,-0.1135,0.1048,ROTATE
104.1907,78.0275,17.3388,0.1496,131.3188,27.14,0.0056,136.5384,365.25,0.1584,3.3e-05,0.0543,-0.1065,0.1036,ROTATE
185.7494,46.9564,32.9991,0.1378,194.4137,63.0949,0.0118,144.1099,897.6917,0.153,8.1e-05,0.0546,-0.103,0.0989,ROTATE
250.9964,21.6432,48.7524,0.1314,256.6017,62.188,0.0063,164.3817,2992.8372,0.1464,0.000105,0.0544,-0.0964,0.0957,ROTATE
303.194,10.2208,56.8957,0.1287,308.6555,52.0538,0.0027,199.0337,5787.0244,0.1405,0.000105,0.0538,-0.0869,0.0957,ROTATE
344.9521,16.1267,47.3041,0.1332,348.5537,39.8983,0.0045,247.9087,6070.0166,0.1361,5.4e-05,0.0535,-0.0761,0.0979,ROTATE
378.3586,24.7701,35.737,0.1462,380.8489,32.2952,0.0131,297.8147,4395.3857,0.1355,3.8e-05,0.0525,-0.0645,0.1044,ROTATE
405.0837,48.8442,29.2865,0.1574,409.0676,28.2187,0.0112,340.7455,2889.4224,0.1394,0.000118,0.0492,-0.0547,0.1154,ROTATE
426.4639,76.1285,35.9073,0.1661,434.691,25.6234,0.0087,376.3633,1969.9084,0.1463,0.0002,0.0443,-0.0442,0.13,ROTATE
443.568,103.884,53.9915,0.1631,458.7587,24.0677,0.003,406.384,1509.5964,0.1532,0.000146,0.0369,-0.0371,0.1423,ROTATE
457.2513,122.0104,72.9526,0.1764,478.8396,20.0809,0.0133,432.4412,1211.7141,0.1619,9.9e-05,0.0293,-0.0266,0.1555,ROTATE
468.1979,140.3677,67.0589,0.1981,493.3652,14.5257,0.0218,454.9444,915.3136,0.1722,0.000205,0.0197,-0.0136,0.1683,ROTATE
476.9552,183.7535,66.3096,0.2025,515.4111,22.0458,0.0044,476.2131,773.2626,0.1812,0.000264,0.0118,0.0024,0.1782,ROTATE
483.9611,227.0966,65.9196,0.2113,538.6432,23.2322,0.0088,497.0036,775.7076,0.1903,0.000318,0.0056,0.0223,0.186,ROTATE
489.5657,260.2116,60.3232,0.2197,557.6949,19.0516,0.0084,516.7908,828.326,0.2016,0.000215,0.0008,0.0464,0.1936,ROTATE
494.0495,271.6912,45.8679,0.2268,565.6897,7.9948,0.0071,534.1608,716.7695,0.2117,0.000112,-0.0052,0.0705,0.1968,ROTATE
495.7115,269.4654,35.1818,0.2351,565.3134,0.3763,0.0083,548.5505,370.9481,0.2191,0.00013,-0.0101,0.0912,0.1966,ROTATE
486.4348,236.1067,28.2642,0.251,541.4463,23.8671,0.0159,553.7575,134.2849,0.2288,0.000185,-0.0162,0.111,0.1977,ROTATE
442.7822,178.5229,19.8239,0.2656,477.8279,63.6184,0.0146,541.5944,1093.717,0.2397,0.000277,-0.0236,0.1298,0.199,ROTATE
375.9602,106.2339,12.7278,0.2886,390.8883,86.9396,0.023,508.2331,4471.3604,0.2534,0.000486,-0.0323,0.1477,0.2027,ROTATE
308.2932,37.4121,3.6479,0.2941,310.5763,80.312,0.0056,457.2104,9021.4385,0.2669,0.000495,-0.0393,0.1623,0.2075,ROTATE
268.8845,-1.814,-4.8286,0.3179,268.934,41.6423,0.0238,397.9345,10260.166,0.2834,0.00054,-0.0438,0.1744,0.2188,ROTATE
191.2482,-40.2012,-11.5816,0.301,195.7707,73.1633,0.0169,328.7994,9535.4238,0.2935,0.000291,-0.0463,0.1821,0.2252,ROTATE
113.2986,-67.6016,-17.0872,0.2834,133.0358,62.7349,0.0176,259.841,8002.9443,0.297,0.000143,-0.0466,0.1832,0.2288,ROTATE
23.8045,-90.4625,-13.3603,0.2619,94.4914,38.5444,0.0215,200.5616,6522.3179,0.2917,0.000347,-0.0447,0.1769,0.2273,ROTATE
-83.3564,-122.8794,4.0617,0.2314,148.54,54.0486,0.0305,168.1544,3592.6926,0.2791,0.000914,-0.0421,0.1657,0.2206,ROTATE
-169.0851,-177.416,27.64,0.1954,246.6378,98.0977,0.0361,163.6951,2773.4302,0.2546,0.001417,-0.0389,0.1524,0.2002,ROTATE
-237.6681,-206.0703,54.6808,0.1654,319.2821,72.6444,0.0299,188.3974,6798.9219,0.2275,0.001842,-0.034,0.1352,0.1797,ROTATE
-292.5345,-215.4906,77.629,0.1301,371.5359,52.2538,0.0354,236.0974,10618.5879,0.1968,0.002176,-0.0283,0.1146,0.1572,ROTATE
-336.4276,-219.4519,73.0251,0.0863,408.2589,36.723,0.0438,298.851,8598.042,0.1617,0.002538,-0.0214,0.092,0.1307,ROTATE
-371.5421,-239.0053,56.1451,0.0225,445.3305,37.0717,0.0638,358.209,4847.2393,0.1199,0.003699,-0.0139,0.064,0.0988,ROTATE
-399.6336,-244.5667,43.2129,0.0613,470.5181,25.1876,0.0389,402.9851,2875.3787,0.0931,0.002529,-0.0043,0.0277,0.0688,ROTATE
-422.1069,-222.1627,41.8328,0.1108,478.8324,8.3143,0.0494,434.8952,1606.4529,0.0822,0.001425,0.0047,-0.0129,0.043,ROTATE
-440.0855,-176.4865,55.5819,0.1304,477.4014,1.4311,0.0196,456.0683,716.629,0.0822,0.001431,0.0134,-0.0512,0.0195,ROTATE
-454.4684,-148.2454,60.3249,0.1425,481.8271,4.4257,0.0121,470.7819,175.6932,0.0935,0.002027,0.0217,-0.0837,-0.0081,ROTATE
-465.9747,-142.9088,66.0412,0.1874,491.8504,10.0233,0.0449,480.0858,48.3512,0.1265,0.001695,0.0294,-0.1088,-0.039,ROTATE
-475.1798,-159.5239,67.1829,0.226,505.7245,13.8741,0.0386,487.1271,111.9308,0.1594,0.001744,0.0349,-0.1238,-0.0742,ROTATE
-482.5438,-164.116,71.2557,0.2604,514.6455,8.921,0.0344,494.2897,198.3192,0.1893,0.002414,0.0386,-0.1311,-0.1175,ROTATE
-488.4351,-149.021,87.6452,0.2888,518.129,3.4835,0.0284,502.4352,188.5879,0.221,0.002692,0.0407,-0.1369,-0.1644,ROTATE
-493.148,-123.5793,113.4818,0.3035,520.9078,2.7787,0.0148,510.2515,110.8026,0.2532,0.001783,0.0407,-0.1445,-0.2031,ROTATE
-496.9184,-98.0447,131.8948,0.3117,523.3898,2.4821,0.0081,516.5594,37.817,0.2781,0.000983,0.0413,-0.148,-0.2312,ROTATE
-499.9348,-73.767,130.8002,0.3316,522.001,1.3889,0.0199,519.8146,9.6636,0.2992,0.000568,0.0415,-0.1449,-0.2572,ROTATE
-502.3478,-79.5667,121.1527,0.3553,522.8405,0.8395,0.0237,521.4536,3.4645,0.3182,0.000536,0.041,-0.136,-0.2824,ROTATE
-504.2783,-75.6596,114.1534,0.3553,522.5437,0.2968,0.0,522.3365,0.712,0.3315,0.000461,0.039,-0.1223,-0.3031,ROTATE
-502.5289,-67.0308,112.0883,0.3743,519.2227,3.321,0.0191,521.9995,2.1294,0.3456,0.000472,0.037,-0.1056,-0.3252,ROTATE
-504.4231,-70.8997,114.1301,0.3928,522.0106,2.788,0.0184,521.7237,1.6668,0.3618,0.000422,0.0324,-0.0902,-0.3479,ROTATE
-505.9385,-87.1322,121.2759,0.3981,527.5165,5.5059,0.0053,522.8268,7.1459,0.3751,0.000326,0.026,-0.0783,-0.3653,ROTATE
-507.1508,-78.5495,80.2707,0.3785,519.4375,8.079,0.0196,522.1462,8.9801,0.3798,0.000227,0.0219,-0.0556,-0.3732,ROTATE
-495.2081,-62.4365,40.4041,0.3682,500.7613,18.6762,0.0104,517.7897,81.4321,0.3824,0.000127,0.0178,-0.0348,-0.3781,ROTATE
-493.4915,-46.5492,14.7014,0.3727,495.9,4.8613,0.0046,513.1252,155.0954,0.382,0.000133,0.0121,-0.0138,-0.3794,ROTATE
-497.1932,-22.6331,-30.4951,0.3685,498.6414,2.7414,0.0042,508.4514,159.4162,0.3772,0.000123,0.0067,0.0101,-0.3751,ROTATE
-500.1546,31.2685,-64.768,0.3536,505.2991,6.6577,0.0149,504.0079,68.9633,0.3683,6.8e-05,0.0002,0.0332,-0.3661,ROTATE
-373.733,85.6367,-28.2519,0.3795,384.4583,120.8408,0.026,477.0121,2150.9937,0.3685,7.3e-05,-0.0048,0.0376,-0.3661,ROTATE
-313.1364,95.4719,-11.9421,0.3596,327.585,56.8734,0.02,442.3768,5304.2769,0.3668,8.5e-05,-0.006,0.0425,-0.364,ROTATE
-285.7341,104.1869,-14.8912,0.3606,304.5006,23.0843,0.001,404.0969,7067.9463,0.3644,8e-05,-0.0044,0.047,-0.3611,ROTATE
-298.9842,87.3651,-22.2036,0.3635,312.2775,7.7768,0.0029,366.8241,5577.1118,0.3634,7.6e-05,-0.0015,0.0465,-0.3601,ROTATE
-341.5874,62.7077,-30.9816,0.3692,348.6747,36.3972,0.0057,335.4992,826.6768,0.3665,5.4e-05,0.0038,0.0453,-0.3636,ROTATE
-375.6699,29.938,-36.2353,0.3797,378.5989,29.9242,0.0105,334.3273,717.422,0.3665,5.5e-05,0.0059,0.0506,-0.3629,ROTATE
-402.9359,-33.6933,-42.7476,0.3803,406.5956,27.9966,0.0006,350.1295,1503.1619,0.3707,6.6e-05,0.0056,0.0563,-0.3663,ROTATE
-424.7487,-105.039,-29.52,0.3763,438.5386,31.943,0.004,376.937,1931.3513,0.3738,4.2e-05,0.0031,0.0601,-0.3688,ROTATE
-442.199,-163.375,6.2184,0.35,471.4552,32.9166,0.0263,408.7726,1868.4127,0.3711,0.000127,-0.0013,0.0665,-0.3649,ROTATE
-456.1592,-173.95,52.9278,0.3225,491.0612,19.6061,0.0275,437.2499,1689.3894,0.3618,0.000511,-0.0052,0.0744,-0.3536,ROTATE
-467.3273,-166.0194,91.4267,0.3137,504.2976,13.2364,0.0088,462.3896,1268.4757,0.3486,0.000734,-0.009,0.0839,-0.3374,ROTATE
-476.2619,-149.103,131.6663,0.3131,516.1328,11.8352,0.0006,484.2971,743.6091,0.3351,0.000605,-0.0128,0.0982,-0.3184,ROTATE
-483.4095,-128.6543,162.3424,0.3183,525.9199,9.787,0.0052,501.7733,365.9123,0.3235,0.000187,-0.0155,0.1191,-0.2976,ROTATE
-489.1276,-107.6734,174.6552,0.3315,530.4185,4.4987,0.0132,513.566,207.116,0.3198,4.6e-05,-0.0171,0.1441,-0.2814,ROTATE
-493.7021,-86.2044,179.7117,0.3457,532.4183,1.9998,0.0142,521.8374,108.4885,0.3245,0.000157,-0.0198,0.1733,-0.2697,ROTATE
-497.3617,-69.2385,178.7631,0.3617,533.028,0.6097,0.016,527.5835,38.9882,0.3341,0.000319,-0.0226,0.2057,-0.2585,ROTATE
-500.2893,-70.6845,178.7105,0.3744,535.9321,2.9041,0.0127,531.5433,11.0239,0.3463,0.000406,-0.0254,0.2367,-0.2481,ROTATE
-502.6315,-84.3789,184.1121,0.3787,541.8998,5.9678,0.0043,534.7393,15.9362,0.3584,0.000313,-0.0279,0.2649,-0.2365,ROTATE
-504.5052,-97.7844,191.5116,0.3788,548.4195,6.5197,0.0,538.3395,36.6702,0.3679,0.000161,-0.0294,0.2898,-0.2213,ROTATE
-506.0042,-99.715,196.8155,0.38,552.0142,3.5947,0.0013,542.2587,51.697,0.3747,4.6e-05,-0.0297,0.3117,-0.2021,ROTATE
-507.2033,-87.1782,195.9368,0.3892,550.6782,1.336,0.0092,545.7887,36.3721,0.3802,2.4e-05,-0.028,0.3308,-0.1805,ROTATE
-508.1627,-76.8676,188.3526,0.4052,547.3706,3.3076,0.016,548.0765,12.2082,0.3864,0.000104,-0.0251,0.3497,-0.1562,ROTATE
-508.9301,-76.1753,180.6196,0.4089,545.3769,1.9937,0.0037,548.7719,5.552,0.3924,0.000157,-0.0215,0.3668,-0.1311,ROTATE
-509.5441,-99.9278,212.205,0.3777,560.9382,15.5613,0.0312,551.2756,28.8625,0.3922,0.000163,-0.0133,0.3752,-0.1066,ROTATE
-510.0353,-104.286,210.7265,0.3933,561.6202,0.6819,0.0156,553.1968,46.4644,0.3949,0.000127,-0.0045,0.3844,-0.0815,ROTATE
-510.4282,-75.3413,166.2687,0.4035,542.0872,19.533,0.0102,551.4786,66.9281,0.3977,0.000127,0.0052,0.3916,-0.0581,ROTATE
-510.7426,-18.2199,114.9181,0.4011,523.8283,18.2589,0.0023,546.7701,194.2914,0.3969,0.000117,0.0122,0.3935,-0.036,ROTATE
-510.9941,19.2553,86.9907,0.3998,518.7033,5.125,0.0014,541.4354,322.9937,0.3951,8.7e-05,0.0135,0.3932,-0.0134,ROTATE
-511.1953,-2.1676,51.9645,0.4084,513.8342,4.8691,0.0087,532.0146,310.5359,0.4012,2.4e-05,0.0078,0.3989,0.0135,ROTATE
-511.3562,-33.1185,12.2934,0.4302,512.575,1.2592,0.0218,522.2056,114.6012,0.4086,0.000126,0.0003,0.4014,0.0486,ROTATE
-511.485,-73.7041,-33.2746,0.4568,517.8381,5.2631,0.0265,517.3558,15.8398,0.4193,0.000471,-0.0089,0.4006,0.0956,ROTATE
-511.588,-110.1164,-66.2697,0.4684,527.4842,9.6461,0.0116,518.087,27.4434,0.4327,0.000707,-0.0166,0.3962,0.1497,ROTATE
-511.6703,-132.3025,-78.9908,0.4704,534.3688,6.8846,0.002,521.2201,70.5709,0.4468,0.000574,-0.0193,0.3868,0.2059,ROTATE
-486.3456,-122.667,-70.6395,0.475,506.5266,27.8422,0.0047,519.7585,100.7043,0.4602,0.00026,-0.0195,0.3708,0.261,ROTATE
-463.7171,-91.2993,-44.6397,0.4782,474.7229,31.8037,0.0031,512.1881,438.7144,0.4698,5.4e-05,-0.0203,0.3491,0.3068,ROTATE
-473.3737,-65.4425,-9.4711,0.4578,477.9698,3.2469,0.0203,504.2144,602.9296,0.47,4.9e-05,-0.022,0.3252,0.3347,ROTATE
-481.099,-62.3509,10.32,0.4506,485.2323,7.2625,0.0073,495.7641,495.2892,0.4664,0.00011,-0.0231,0.3033,0.3518,ROTATE
-487.2792,-70.2213,12.5903,0.4447,492.4739,7.2416,0.0059,487.3851,129.1815,0.4613,0.000175,-0.0243,0.2834,0.3625,ROTATE
-492.2233,-86.9896,9.8004,0.4344,499.947,7.4731,0.0103,486.0692,85.7307,0.4532,0.000215,-0.0258,0.265,0.3662,ROTATE
-496.1786,-30.5979,0.0122,0.4946,497.1212,2.8258,0.0602,490.5488,64.3452,0.4564,0.000423,-0.0262,0.2474,0.3808,ROTATE
-499.3429,11.4623,-6.7934,0.4631,499.5207,2.3995,0.0315,494.859,30.2198,0.4575,0.00043,-0.0272,0.2272,0.3937,ROTATE
-501.8743,30.4136,-5.3034,0.4381,502.823,3.3023,0.025,498.3771,11.9927,0.455,0.00049,-0.0289,0.2024,0.4039,ROTATE
-503.8995,12.759,7.5666,0.3959,504.1178,1.2948,0.0422,500.7059,6.1908,0.4452,0.001073,-0.0314,0.1739,0.4066,ROTATE
-505.5196,-23.2647,24.0377,0.3756,506.6252,2.5074,0.0202,502.0416,11.2992,0.4334,0.00188,-0.0339,0.1441,0.4059,ROTATE
-506.8157,-63.7742,46.4114,0.3689,512.9165,6.2913,0.0067,505.2006,20.1304,0.4083,0.001332,-0.0355,0.1142,0.3889,ROTATE
-475.7807,-61.0819,66.0572,0.4001,484.2126,28.7039,0.0312,502.139,92.4043,0.3957,0.000587,-0.0344,0.087,0.383,ROTATE
-376.6808,-20.6811,76.777,0.4027,384.9816,99.2309,0.0026,478.5707,2282.0176,0.3886,0.000188,-0.0323,0.0692,0.3802,ROTATE
-361.5165,27.1207,20.4716,0.3931,363.1099,21.8717,0.0096,450.3692,4022.3984,0.3881,0.000181,-0.0264,0.0691,0.3801,ROTATE
-391.6132,23.7966,0.4898,0.3285,392.3358,29.2259,0.0646,427.5113,3540.541,0.3787,0.000771,-0.0196,0.0639,0.3719,ROTATE
-415.6906,14.7873,1.9106,0.3011,415.9579,23.6221,0.0274,408.1196,1732.3881,0.3651,0.00177,-0.0146,0.0561,0.3594,ROTATE
-434.9525,21.9298,-1.4684,0.2884,435.5074,19.5495,0.0127,398.3785,629.4909,0.3428,0.002202,-0.0108,0.0469,0.3376,ROTATE
-450.362,15.972,-11.1091,0.2758,450.782,15.2746,0.0126,411.5386,969.632,0.3174,0.001736,-0.0079,0.0291,0.3128,ROTATE
-462.6896,-9.0818,-16.5467,0.2767,463.0744,12.2924,0.0008,431.5316,632.0363,0.2941,0.000381,-0.0087,-0.0072,0.2906,ROTATE
-472.5517,-58.8092,-37.9279,0.2711,477.705,14.6306,0.0056,448.6054,459.6591,0.2826,0.000118,-0.008,-0.0411,0.275,ROTATE
-480.4413,-113.6036,-56.7892,0.2764,496.9453,19.2403,0.0053,464.8029,451.4802,0.2777,3.3e-05,-0.0059,-0.0736,0.2621,ROTATE
-486.7531,-176.5798,-68.4908,0.3046,522.3026,25.3572,0.0282,482.1619,639.7433,0.2809,0.000144,-0.0031,-0.1065,0.2552,ROTATE
-491.8025,-206.6076,-81.5957,0.3643,539.6427,17.3401,0.0597,499.934,787.7638,0.2986,0.001215,0.0031,-0.1444,0.2579,ROTATE
-495.842,-201.4892,-81.4391,0.3959,541.3774,1.7347,0.0316,515.5946,614.2945,0.3224,0.002443,0.012,-0.1838,0.2622,ROTATE
-499.0736,-196.2601,-87.4794,0.3835,543.3646,1.9872,0.0123,528.7266,308.9584,0.3449,0.002157,0.0212,-0.2189,0.2625,ROTATE
-501.6589,-202.8987,-94.9148,0.3629,549.3981,6.0335,0.0206,539.2172,82.3611,0.3622,0.000982,0.0296,-0.2498,0.2556,ROTATE
-503.7271,-222.319,-96.1756,0.3578,558.9423,9.5441,0.005,546.545,49.2586,0.3729,0.000208,0.0361,-0.2791,0.238,ROTATE
-505.3817,-238.6458,-85.253,0.3694,565.3588,6.4165,0.0116,551.6882,84.069,0.3739,0.000195,0.0409,-0.3017,0.21,ROTATE
-506.7054,-225.2448,-99.3992,0.3709,563.3522,2.0065,0.0015,556.0833,70.7003,0.3689,7.5e-05,0.0482,-0.3161,0.1777,ROTATE
-507.7643,-173.8739,-111.0131,0.3911,548.0699,15.2823,0.0202,557.0243,50.3049,0.3704,0.000129,0.0531,-0.332,0.1503,ROTATE
-508.6114,-87.5117,-107.0668,0.3898,527.0742,20.9957,0.0013,552.5594,198.1407,0.3758,0.000164,0.0588,-0.3472,0.1256,ROTATE
-509.2891,-71.6593,-73.9628,0.3665,519.5969,7.4772,0.0233,544.6904,345.3762,0.3775,0.000113,0.0621,-0.356,0.103,ROTATE
-509.8313,-110.2181,-43.4296,0.373,523.4139,3.817,0.0065,536.3014,280.1029,0.3783,0.000104,0.0655,-0.3618,0.0823,ROTATE
-510.265,-161.2339,7.1407,0.3825,535.1801,11.7662,0.0095,530.667,102.2583,0.3806,9.1e-05,0.0705,-0.3676,0.0578,ROTATE
-510.612,-225.8527,37.5001,0.3917,559.5894,24.4093,0.0092,532.9709,203.6795,0.3807,9.4e-05,0.074,-0.3699,0.0279,ROTATE
-510.8896,-278.0916,62.9375,0.4097,585.0677,25.4783,0.018,544.5696,605.0113,0.3847,0.000229,0.0743,-0.3747,0.0012,ROTATE
-511.1117,-288.3983,93.2,0.4147,594.218,9.1502,0.005,559.4938,750.5438,0.3943,0.000251,0.0764,-0.3842,-0.0199,ROTATE
-511.2894,-262.9124,125.8569,0.405,588.5403,5.6777,0.0097,572.5192,489.2728,0.4007,0.000142,0.0768,-0.3903,-0.0404,ROTATE
-511.4315,-212.8799,151.7918,0.3924,574.3873,14.153,0.0125,580.3605,149.6427,0.4027,8.5e-05,0.0703,-0.392,-0.0573,ROTATE
-511.5452,-160.7477,166.5834,0.3824,561.4876,12.8997,0.0101,580.7401,134.4482,0.4008,0.00014,0.0649,-0.3879,-0.0726,ROTATE
-511.6362,-115.2013,164.9917,0.3722,549.7865,11.7011,0.0102,573.6839,272.5379,0.3933,0.000232,0.0607,-0.3751,-0.0922,ROTATE
-511.7089,-92.7298,161.6153,0.3673,544.5772,5.2093,0.0049,563.7557,259.0806,0.3838,0.000187,0.0561,-0.3559,-0.1199,ROTATE
-511.7672,-94.7775,165.111,0.3551,546.0312,1.454,0.0122,555.2539,126.7775,0.3739,0.000163,0.0501,-0.3324,-0.152,ROTATE
-495.795,-125.847,162.0763,0.3509,536.5807,9.4504,0.0042,547.6927,66.1252,0.3656,0.000131,0.043,-0.305,-0.1863,ROTATE
-497.6672,-138.6776,154.5423,0.3451,539.2471,2.6664,0.0058,543.2445,22.5448,0.3581,0.000102,0.0338,-0.2777,-0.2158,ROTATE
-485.19,-139.8734,151.8807,0.3501,527.2966,11.9506,0.005,538.7466,44.6212,0.3537,5.6e-05,0.0232,-0.2528,-0.2411,ROTATE
-483.5739,-147.9737,144.5983,0.3494,525.974,1.3226,0.0006,535.0259,56.6064,0.3501,1e-05,0.0126,-0.2279,-0.2619,ROTATE
-489.2591,-147.3008,121.488,0.3454,525.1965,0.7775,0.004,530.859,34.3434,0.3482,6e-06,0.0035,-0.2059,-0.2785,ROTATE
-493.8073,-145.8688,96.3842,0.3467,523.8447,1.3518,0.0013,528.3118,31.1474,0.3473,4e-06,-0.0041,-0.1894,-0.2895,ROTATE
-497.4459,-143.0357,69.4417,0.3398,522.2392,1.6055,0.0068,524.9102,3.0356,0.3463,1.3e-05,-0.0095,-0.175,-0.2977,ROTATE
-500.3567,-129.1379,32.1878,0.3277,517.7543,4.4849,0.0121,523.0018,8.4959,0.3418,5.9e-05,-0.0117,-0.1617,-0.3007,ROTATE
-404.1697,-93.9447,18.594,0.2844,415.3607,102.3936,0.0434,500.8791,1834.6351,0.3288,0.000538,-0.0112,-0.1564,-0.2886,ROTATE
-303.7389,-65.4777,19.8689,0.3145,311.351,104.0097,0.0301,458.11,7071.3516,0.3226,0.000486,-0.0092,-0.156,-0.2817,ROTATE
-290.6943,-34.7196,14.8045,0.3111,293.1344,18.2166,0.0034,411.9679,9521.4375,0.3155,0.000346,-0.0067,-0.1555,-0.2739,ROTATE
-306.8367,-2.2788,8.3342,0.3061,306.9583,13.8239,0.005,368.9117,7441.0557,0.3088,0.0002,-0.0041,-0.1543,-0.267,ROTATE
-347.8694,28.7269,3.3955,0.302,349.07,42.1117,0.004,335.1749,1950.7992,0.3036,0.00011,-0.002,-0.1508,-0.263,ROTATE
-338.0361,23.4378,-9.1492,0.3071,338.9712,10.0988,0.0051,319.897,434.3137,0.3082,1.8e-05,-0.0002,-0.1421,-0.2727,ROTATE
-372.8289,43.2534,-23.4288,0.3017,376.0601,37.0889,0.0054,332.8388,883.0744,0.3056,1.2e-05,0.0007,-0.1292,-0.2762,ROTATE
-400.6631,65.1058,-37.8118,0.2949,407.6757,31.6156,0.0068,355.7471,1163.1104,0.3024,1.9e-05,0.0013,-0.1157,-0.2787,ROTATE
-422.9305,85.6253,-47.5213,0.294,434.12,26.4443,0.0008,381.1794,1268.7024,0.3,2.4e-05,0.002,-0.102,-0.2815,ROTATE
-440.7444,74.0096,-51.0483,0.2926,449.821,15.701,0.0015,401.3296,1598.8047,0.2981,3e-05,0.0046,-0.0853,-0.2845,ROTATE
-454.9955,48.5952,-50.6074,0.3028,460.3733,10.5522,0.0103,425.61,928.7832,0.2972,1.8e-05,0.0067,-0.0689,-0.2877,ROTATE
-466.3964,-2.1832,-59.514,0.3016,470.1833,9.81,0.0012,444.4347,480.7321,0.2972,1.8e-05,0.0092,-0.0536,-0.291,ROTATE
-475.5172,-63.2091,-67.6737,0.2976,484.4499,14.2666,0.0041,459.7895,294.96,0.2977,1.6e-05,0.0101,-0.0376,-0.2943,ROTATE
-482.8137,-52.7454,-54.4077,0.2795,488.7242,4.2744,0.0181,470.7104,211.3543,0.2948,7.2e-05,0.0074,-0.0184,-0.2932,ROTATE
-488.651,-18.6244,-8.1481,0.2635,489.0736,0.3494,0.016,478.5609,129.8932,0.289,0.000233,0.0035,0.0032,-0.2864,ROTATE
-493.3208,7.5348,31.8722,0.2878,494.4067,5.3331,0.0243,485.3675,67.6225,0.286,0.000186,0.0003,0.032,-0.2794,ROTATE
-497.0566,18.9154,57.5602,0.3206,500.7357,6.329,0.0328,491.478,31.4082,0.2898,0.000362,-0.0027,0.0671,-0.2761,ROTATE
-500.0453,11.0854,70.6669,0.3296,505.1356,4.3999,0.009,495.6152,41.7192,0.2962,0.000626,-0.0054,0.1037,-0.2726,ROTATE
-502.4362,3.1027,79.3867,0.3345,508.6787,3.5431,0.0049,499.6061,50.4261,0.3072,0.000742,-0.0037,0.1381,-0.2718,ROTATE
-504.349,7.9509,90.05,0.3396,512.3867,3.7079,0.005,504.2687,39.1684,0.3224,0.000339,-0.0041,0.1655,-0.2753,ROTATE
-505.8792,21.3014,99.7212,0.3637,516.0541,3.6674,0.0241,508.5981,28.7514,0.3376,0.000209,-0.0062,0.1857,-0.2812,ROTATE
-507.1033,0.8036,112.0457,0.3714,519.3348,3.2808,0.0077,512.318,25.606,0.3478,0.000277,-0.0066,0.2056,-0.2796,ROTATE
-508.0827,-43.9821,123.7741,0.3641,524.788,5.4531,0.0073,516.2484,30.9403,0.3547,0.000217,-0.0065,0.2237,-0.2737,ROTATE
-508.8661,-88.4826,164.5505,0.3665,542.0801,17.2921,0.0023,522.9287,108.3086,0.361,0.000123,-0.0067,0.2427,-0.2645,ROTATE
-509.4929,-108.0861,185.2592,0.3782,552.7989,10.7188,0.0117,531.0111,199.201,0.3688,3e-05,-0.0057,0.2666,-0.2499,ROTATE
-509.9943,-120.8564,188.7417,0.3799,557.0673,4.2684,0.0017,539.2137,222.9588,0.372,3.9e-05,-0.0014,0.2923,-0.2244,ROTATE
-510.3954,-127.3601,174.1715,0.3751,554.1298,2.9375,0.0047,546.1727,139.9938,0.3727,4e-05,0.0019,0.3126,-0.1959,ROTATE
-510.7164,-99.7318,149.6028,0.3684,541.4413,12.6885,0.0067,549.5034,41.9158,0.3736,2.8e-05,0.0055,0.3301,-0.1675,ROTATE
-510.9731,-64.9136,121.6635,0.373,529.2535,12.1878,0.0046,546.9381,106.3259,0.3749,1.6e-05,0.0073,0.345,-0.1406,ROTATE
-511.1785,-19.7246,96.9871,0.3789,520.6716,8.5818,0.0058,540.5127,196.1556,0.3751,1.7e-05,0.009,0.3548,-0.117,ROTATE
-511.3428,22.9609,82.0553,0.3846,518.3934,2.2783,0.0058,532.778,179.3708,0.376,3e-05,0.0078,0.3622,-0.0978,ROTATE
-507.9117,47.1344,76.3161,0.3884,515.7714,2.622,0.0037,525.1063,87.1803,0.3787,5.3e-05,0.0048,0.3686,-0.0846,ROTATE
-508.7294,72.3138,88.2623,0.3761,521.3685,5.5971,0.0122,521.0917,20.4909,0.3802,3.1e-05,0.0026,0.3728,-0.0732,ROTATE
-509.3835,86.9291,104.6317,0.3706,527.2343,5.8658,0.0055,520.6879,14.5512,0.3797,3.9e-05,0.003,0.3743,-0.0614,ROTATE
-509.9068,115.3683,113.8585,0.3809,535.05,7.8157,0.0103,523.5635,47.5363,0.3801,3.9e-05,0.0072,0.3763,-0.0474,ROTATE
-510.3254,147.8353,82.2024,0.4029,537.6287,2.5786,0.022,527.4106,66.956,0.3838,0.000126,0.0129,0.3811,-0.0348,ROTATE
-510.6603,143.9807,41.9744,0.4083,532.2277,5.401,0.0054,530.7018,33.6703,0.3878,0.000226,0.0189,0.386,-0.0242,ROTATE
-510.9283,110.1252,6.142,0.3986,522.6978,9.5298,0.0098,530.9677,28.9901,0.3923,0.000202,0.0228,0.3911,-0.015,ROTATE
-511.1426,61.4564,-17.1551,0.3867,515.1097,7.5881,0.0118,528.5428,70.6176,0.3955,0.000104,0.0239,0.3946,-0.005,ROTATE
-511.3141,13.6776,-32.2647,0.3787,512.5136,2.5961,0.0081,524.0355,93.2198,0.395,0.000118,0.0205,0.3938,0.0061,ROTATE
-511.4513,-2.2329,-58.0399,0.391,514.7388,2.2252,0.0124,519.4575,52.5928,0.3927,0.000103,0.0157,0.39,0.0241,ROTATE
-511.561,-5.1457,-84.0788,0.3926,518.45,3.7112,0.0015,516.702,12.5875,0.3895,4.4e-05,0.0092,0.3838,0.0493,ROTATE
-511.6488,-9.2478,-105.288,0.3811,522.4515,4.0015,0.0115,516.6527,12.0066,0.386,2.9e-05,0.0021,0.3752,0.078,ROTATE
-511.7191,0.5736,-105.2148,0.3654,522.424,0.0275,0.0157,518.1156,16.052,0.3818,9.6e-05,-0.0051,0.3626,0.1086,ROTATE
-496.2565,48.8714,-90.7093,0.3558,506.8403,15.5837,0.0095,516.9809,33.9144,0.3772,0.000208,-0.0141,0.3463,0.1392,ROTATE
-498.8708,98.7034,-77.63,0.3498,514.4326,7.5923,0.0061,516.9197,34.204,0.3689,0.000252,-0.0225,0.3257,0.1645,ROTATE
-501.4967,134.7065,-70.0259,0.3434,523.9736,9.541,0.0063,518.0244,42.4668,0.3591,0.000173,-0.0281,0.3045,0.1839,ROTATE
-496.8161,158.9495,-66.9363,0.3361,525.9008,1.9272,0.0073,518.7143,50.4785,0.3501,0.000101,-0.0308,0.2861,0.1978,ROTATE
-477.3404,164.9534,-64.8365,0.3215,509.1829,16.7179,0.0146,516.066,58.8824,0.3413,0.000141,-0.0319,0.2718,0.2038,ROTATE
-447.7848,155.5815,-58.9317,0.3145,477.6921,31.4908,0.0071,510.2364,302.3865,0.3331,0.000175,-0.0314,0.2612,0.2041,ROTATE
-460.6279,116.887,-38.1798,0.2569,476.7581,0.934,0.0575,502.7015,466.2497,0.3145,0.000934,-0.0295,0.2456,0.1941,ROTATE
-470.9023,82.9846,-24.1282,0.2678,478.7667,2.0086,0.0109,493.6602,408.5775,0.2994,0.000973,-0.0293,0.2303,0.1887,ROTATE
-396.1343,46.7002,-20.0057,0.2774,399.379,79.3878,0.0095,468.3558,1338.1621,0.2876,0.000661,-0.0265,0.218,0.1853,ROTATE
-409.0887,40.2102,-11.3295,0.275,411.2162,11.8373,0.0023,448.7625,1273.8772,0.2783,0.000377,-0.0233,0.205,0.186,ROTATE
-429.671,38.9088,10.1801,0.2767,431.5492,20.3329,0.0017,439.5338,1080.5842,0.2708,5.9e-05,-0.0194,0.1931,0.1879,ROTATE
-446.1368,38.1895,23.3503,0.2867,448.3767,16.8276,0.01,433.8576,786.8741,0.2767,3.6e-05,-0.0166,0.1904,0.1996,ROTATE
-459.3094,38.5641,37.5678,0.2938,462.454,14.0772,0.007,430.595,536.4144,0.2819,5.2e-05,-0.0129,0.1891,0.2084,ROTATE
-469.8475,30.595,58.4573,0.2941,474.4576,12.0036,0.0003,445.6107,500.8393,0.2853,6.6e-05,-0.0129,0.1844,0.2171,ROTATE
-478.278,7.7542,80.7315,0.2938,485.1057,10.6481,0.0003,460.3886,357.8273,0.289,4.6e-05,-0.0135,0.1802,0.2252,ROTATE
-485.0224,-5.4811,93.5415,0.2801,493.9907,8.8849,0.0136,472.877,261.3457,0.2897,3e-05,-0.0122,0.1707,0.2327,ROTATE
-490.4179,-17.1817,102.1644,0.2847,501.241,7.2503,0.0046,483.4498,190.4123,0.2893,3.4e-05,-0.0104,0.1565,0.2414,ROTATE
-494.7343,-31.1704,97.5409,0.2915,505.2206,3.9796,0.0068,492.0031,123.8819,0.2888,3e-05,-0.0078,0.1389,0.251,ROTATE
-498.1874,-15.6832,82.8796,0.2925,505.2779,0.0573,0.001,498.1671,59.5612,0.2885,2.7e-05,-0.0044,0.1195,0.2605,ROTATE
-500.95,-10.1903,84.8349,0.3034,508.1847,2.9068,0.0109,502.783,24.2055,0.2905,6.2e-05,-0.0034,0.0976,0.2717,ROTATE
-503.16,-13.0241,66.8367,0.3102,507.7467,0.438,0.0068,505.5342,6.1033,0.2965,8.3e-05,-0.003,0.0759,0.2844,ROTATE
-504.928,-31.2912,38.5444,0.3263,507.3629,0.3839,0.016,506.7585,1.5867,0.3048,0.000164,-0.0034,0.051,0.2977,ROTATE
-506.3424,-42.6204,7.7105,0.3416,508.1915,0.8286,0.0153,507.3527,1.1712,0.3148,0.000299,-0.0046,0.0231,0.3107,ROTATE
-507.4739,-41.8088,-31.341,0.3541,510.1568,1.9654,0.0126,508.3285,0.9306,0.3271,0.000357,-0.0045,-0.0061,0.3241,ROTATE
-508.3791,-27.0096,-73.6009,0.3671,514.3889,4.2321,0.013,509.5694,6.7325,0.3399,0.000402,-0.0025,-0.0361,0.3355,ROTATE
-509.1033,-18.392,-117.8057,0.3691,522.8792,8.4902,0.0021,512.5958,32.3386,0.3516,0.000259,-0.0001,-0.0648,0.3436,ROTATE
-509.6826,-19.9355,-166.9633,0.3754,536.7034,13.8243,0.0063,518.464,108.6621,0.3615,0.000147,0.0025,-0.0946,0.3466,ROTATE
-510.1461,11.1953,-220.7832,0.3731,555.9852,19.2818,0.0023,528.0227,277.7567,0.3678,5.5e-05,0.0053,-0.1271,0.3414,ROTATE
-510.5169,53.5813,-261.1109,0.3682,575.9144,19.9291,0.0049,541.1742,499.6788,0.3706,1e-05,0.0084,-0.1615,0.3281,ROTATE
-510.8135,43.2869,-220.1825,0.3782,557.9288,17.9855,0.01,549.8822,336.5027,0.3728,1.4e-05,0.005,-0.194,0.3126,ROTATE
-511.0508,32.7608,-153.5147,0.4091,534.6148,23.314,0.0308,552.2293,231.7794,0.3808,0.00021,-0.0028,-0.2291,0.2994,ROTATE
-511.2407,10.6711,-116.6399,0.4246,524.4862,10.1286,0.0156,549.7858,331.5345,0.3906,0.000492,-0.0093,-0.2626,0.2858,ROTATE
-511.3925,-5.4912,-97.7182,0.4322,520.6739,3.8123,0.0076,542.7236,443.4742,0.4025,0.000636,-0.0151,-0.2922,0.2734,ROTATE
-511.514,-40.8274,-77.4746,0.4368,518.9564,1.7175,0.0046,531.332,206.3567,0.4162,0.000448,-0.0216,-0.3193,0.2629,ROTATE
-511.6112,-88.24,-63.6453,0.4441,523.0516,4.0952,0.0074,524.3566,29.935,0.4294,0.000143,-0.0196,-0.3456,0.2505,ROTATE
-511.689,-129.2952,-59.3162,0.4603,531.0944,8.0427,0.0162,523.6525,17.4725,0.4396,0.000147,-0.012,-0.3679,0.2377,ROTATE
-511.7512,-145.4767,-51.8342,0.4702,534.5461,3.4517,0.0099,525.6644,37.0195,0.4487,0.000206,-0.0038,-0.3858,0.2277,ROTATE
-511.8009,-131.8814,-48.3236,0.4597,530.7241,3.822,0.0105,527.6745,33.118,0.4542,0.000145,0.0052,-0.3974,0.219,ROTATE
-487.2158,-110.8395,-52.4495,0.439,502.4097,28.3144,0.0207,524.3651,134.6272,0.4547,0.000131,0.0155,-0.4037,0.2074,ROTATE
-490.4351,-98.631,-55.4315,0.4247,503.3163,0.9066,0.0143,520.4182,207.3136,0.4508,0.000273,0.0257,-0.4065,0.1898,ROTATE
-494.7481,-89.1329,-53.7765,0.4147,505.5811,2.2648,0.0101,515.3155,202.5076,0.4417,0.000432,0.0343,-0.4059,0.1645,ROTATE
-498.1985,-63.097,-60.0149,0.4125,505.7517,0.1706,0.0022,509.5566,113.6729,0.4301,0.000307,0.0425,-0.4034,0.135,ROTATE
-500.9588,-31.0401,-60.2057,0.412,505.5175,0.2342,0.0005,504.5153,1.908,0.4206,0.000106,0.0491,-0.4023,0.1054,ROTATE
-503.1671,6.8992,-59.9708,0.4184,506.7753,1.2578,0.0064,505.3884,1.2805,0.4165,2.2e-05,0.0525,-0.4044,0.0782,ROTATE
-504.9337,47.4975,-40.7735,0.4277,508.7991,2.0238,0.0093,506.4849,1.546,0.4171,3.4e-05,0.0526,-0.409,0.0532,ROTATE
-506.3469,82.7074,6.5874,0.4316,513.0995,4.3005,0.0039,507.9886,7.8722,0.4204,6.3e-05,0.0495,-0.4145,0.0278,ROTATE
-507.4775,113.1003,69.3418,0.4339,524.5316,11.4321,0.0023,511.7446,47.4982,0.4247,6.8e-05,0.0412,-0.4194,-0.0038,ROTATE
-508.382,92.474,153.8953,0.4554,539.1544,14.6228,0.0215,518.472,144.7448,0.4334,0.000149,0.0323,-0.4246,-0.0461,ROTATE
-509.1056,13.8604,208.4913,0.4397,550.3174,11.163,0.0157,527.1804,244.3714,0.4377,9.4e-05,0.0217,-0.4215,-0.0903,ROTATE
-509.6845,-37.7335,237.893,0.4175,563.7333,13.4159,0.0222,538.1673,323.3084,0.4356,0.000151,0.012,-0.4101,-0.1302,ROTATE
-510.1476,-49.1493,246.6301,0.3861,568.7641,5.0308,0.0314,549.3002,260.9223,0.4265,0.000555,0.004,-0.3916,-0.1612,ROTATE
-510.5181,-30.757,236.179,0.3576,563.3429,5.4212,0.0285,557.0624,117.4132,0.4113,0.001261,-0.0015,-0.3678,-0.1814,ROTATE
-507.9332,-9.1149,213.6339,0.3441,551.1068,12.2361,0.0135,559.4529,54.6534,0.389,0.001278,-0.0068,-0.3384,-0.1905,ROTATE
-465.6841,-14.1482,182.1696,0.3446,500.2476,50.8593,0.0005,549.439,638.7367,0.37,0.000797,-0.0101,-0.3105,-0.1985,ROTATE
-474.9473,-21.4154,113.0732,0.3188,488.6912,11.5564,0.0258,534.4305,1110.6759,0.3502,0.00048,-0.012,-0.2784,-0.2075,ROTATE
-482.3578,-33.2886,59.0773,0.3401,487.101,1.5902,0.0213,518.0978,1056.1796,0.341,0.000158,-0.0145,-0.261,-0.2157,ROTATE
-427.5831,-30.6278,54.2743,0.3568,432.1008,55.0002,0.0168,491.8495,1436.8776,0.3409,0.000154,-0.0146,-0.2553,-0.2236,ROTATE
-398.0634,-11.0053,48.5976,0.331,401.1699,30.9309,0.0258,461.8621,1479.9037,0.3383,0.000164,-0.014,-0.2498,-0.2266,ROTATE
-419.9476,16.8176,20.6781,0.317,420.7926,19.6227,0.0141,445.9711,1270.032,0.3327,0.000216,-0.0121,-0.2442,-0.2246,ROTATE
-438.3581,57.2947,-4.6169,0.3063,442.1106,21.3181,0.0106,436.655,821.2212,0.3303,0.00031,-0.011,-0.2465,-0.2191,ROTATE
-453.0865,108.5201,-24.981,0.2979,466.5705,24.4599,0.0085,432.5489,474.3896,0.3218,0.00043,-0.0082,-0.2369,-0.2169,ROTATE
-464.8692,168.7036,-33.4505,0.3004,495.6644,29.0939,0.0025,445.2616,1109.4504,0.3105,0.000148,-0.0066,-0.219,-0.219,ROTATE
-474.2953,209.8629,-26.7635,0.3082,519.3408,23.6763,0.0078,468.8958,1259.6052,0.306,4.5e-05,-0.0055,-0.203,-0.2276,ROTATE
-481.8363,226.756,-17.7108,0.3176,532.8209,13.4802,0.0094,491.3015,1112.0925,0.3061,4.7e-05,-0.0045,-0.1878,-0.2396,ROTATE
-487.869,213.7079,-9.9561,0.3193,532.7161,0.1049,0.0016,509.4225,642.8054,0.3087,7.5e-05,-0.0027,-0.1687,-0.2557,ROTATE
-492.6952,175.1726,-14.1805,0.3133,523.1014,9.6146,0.0059,520.7287,185.1385,0.3118,4.7e-05,0.0003,-0.147,-0.2716,ROTATE
-496.5562,129.6131,-22.4319,0.3137,513.6835,9.4179,0.0004,524.3325,56.4342,0.3144,1.5e-05,0.0041,-0.1231,-0.286,ROTATE
-499.645,84.0123,-41.4049,0.3184,508.3478,5.3357,0.0046,522.134,97.719,0.3165,6e-06,0.0102,-0.0983,-0.2979,ROTATE
-502.116,40.7942,-45.5114,0.3111,505.822,2.5258,0.0072,516.7342,98.935,0.3152,1e-05,0.0156,-0.0729,-0.3042,ROTATE
-504.0928,1.2041,-48.856,0.304,506.4562,0.6342,0.0071,511.4822,41.395,0.3121,2.2e-05,0.0193,-0.0485,-0.306,ROTATE
-505.6742,-29.7242,-48.5317,0.3089,508.8667,2.4105,0.0049,508.6353,7.6568,0.3112,2.3e-05,0.0205,-0.0243,-0.3076,ROTATE
-506.9394,-70.1137,-42.7441,0.3173,513.547,4.6803,0.0084,508.6079,7.384,0.312,2.9e-05,0.0195,0.0007,-0.309,ROTATE
-507.9515,-48.9816,-27.0359,0.3365,511.0233,2.5237,0.0191,509.143,8.251,0.3156,0.000127,0.014,0.0254,-0.312,ROTATE
-508.7612,-32.2884,5.8681,0.3521,509.8185,1.2048,0.0156,509.9423,5.4975,0.3238,0.000323,0.0094,0.0509,-0.3178,ROTATE
-509.409,-46.187,20.207,0.3641,511.8975,2.079,0.012,511.0306,2.6471,0.3358,0.000426,0.0061,0.0762,-0.3255,ROTATE
-509.9272,-83.2715,21.4656,0.3658,517.1273,5.2298,0.0017,512.6827,6.415,0.3472,0.000332,0.0035,0.0998,-0.3312,ROTATE
-510.3417,-117.9047,27.1881,0.3566,524.4896,7.3623,0.0093,514.8713,29.3564,0.355,0.000111,0.0003,0.1205,-0.3325,ROTATE
-510.6734,-146.9675,34.0661,0.3617,532.4916,8.002,0.0052,519.1649,70.0548,0.36,2.6e-05,-0.0005,0.1444,-0.3281,ROTATE
-510.9387,-190.0396,33.3123,0.3667,546.1531,13.6615,0.005,526.4318,145.4481,0.363,1.3e-05,0.0021,0.1713,-0.3169,ROTATE
-511.151,-189.0379,4.4873,0.3575,545.0053,1.1478,0.0092,533.0534,128.3487,0.3616,1.7e-05,-0.0024,0.1909,-0.3042,ROTATE
-511.3208,-183.7241,-25.8008,0.3659,543.9385,1.0668,0.0085,538.4156,72.5645,0.3617,1.7e-05,-0.0086,0.2102,-0.2917,ROTATE
-511.4566,-186.0543,-48.1562,0.3705,546.3727,2.4341,0.0046,542.7922,27.286,0.3645,2e-05,-0.0157,0.23,-0.2804,ROTATE
-511.5653,-183.8497,-62.2031,0.3665,547.1462,0.7735,0.004,545.7231,1.2664,0.3654,1.8e-05,-0.0237,0.2456,-0.2679,ROTATE
-511.6522,-158.6954,-69.525,0.3621,540.1907,6.9555,0.0044,544.5306,5.9291,0.3645,2e-05,-0.0366,0.2552,-0.2558,ROTATE
-511.7218,-127.0501,-68.6825,0.3484,531.7125,8.4782,0.0136,541.8721,31.6773,0.3627,5.8e-05,-0.0424,0.2673,-0.2394,ROTATE
-511.7774,-96.6057,-65.0116,0.3508,524.8574,6.8551,0.0024,538.0558,74.16,0.3597,7.5e-05,-0.0447,0.2791,-0.2198,ROTATE
-511.8219,-64.147,-63.4749,0.3477,519.7169,5.1405,0.0031,532.7247,99.1687,0.3551,5.9e-05,-0.0438,0.2898,-0.1973,ROTATE
-410.6888,-30.3301,-57.0612,0.3418,415.7418,103.9751,0.0058,506.4438,2103.8901,0.3502,4.4e-05,-0.0409,0.2989,-0.1742,ROTATE
-226.1542,5.1359,-54.4083,0.339,232.6636,183.0782,0.0028,444.9384,13084.3262,0.3456,1.9e-05,-0.0362,0.3062,-0.1522,ROTATE
-78.5265,37.0681,-51.936,0.3286,101.182,131.4816,0.0105,358.8323,27797.8125,0.3416,6e-05,-0.0319,0.3113,-0.1346,ROTATE
-60.8712,99.0857,-30.577,0.2925,120.2424,19.0604,0.0361,277.9093,27121.4473,0.3299,0.000389,-0.031,0.3042,-0.1229,ROTATE
-151.0969,163.4967,28.0728,0.2749,224.387,104.1446,0.0176,218.8434,12511.4111,0.3154,0.00072,-0.0309,0.2923,-0.1137,ROTATE
-223.2776,165.6255,60.8708,0.2857,284.5873,60.2003,0.0108,192.6125,4934.0078,0.3041,0.000629,-0.0306,0.2831,-0.106,ROTATE
-265.3846,159.6785,74.3497,0.3063,318.5186,33.9313,0.0206,209.7834,7488.8149,0.2976,0.000344,-0.0324,0.2777,-0.1008,ROTATE
-314.7076,155.1897,71.6642,0.3181,358.1347,39.6162,0.0118,261.174,6890.5928,0.2955,0.000232,-0.0349,0.2774,-0.0937,ROTATE
-315.9786,148.6705,52.9594,0.3246,353.1998,4.9349,0.0064,307.7655,2441.2329,0.3019,0.000358,-0.0353,0.2875,-0.0827,ROTATE
-274.711,135.4333,28.9832,0.3269,307.6497,45.5501,0.0024,324.418,773.5352,0.3123,0.000229,-0.036,0.3011,-0.0729,ROTATE
-233.9188,121.2622,11.1959,0.3115,263.7193,43.9304,0.0154,320.2444,1175.6848,0.3175,6e-05,-0.038,0.3081,-0.0652,ROTATE
-169.2382,114.9504,12.3974,0.2836,204.9606,58.7587,0.0279,297.5328,3317.3445,0.313,0.000244,-0.0386,0.3054,-0.0554,ROTATE
-74.1718,103.5197,29.2648,0.2709,130.6683,74.2923,0.0127,252.0396,6081.9409,0.3035,0.000502,-0.0361,0.296,-0.0552,ROTATE
-46.6906,19.197,34.5899,0.2674,61.1964,69.4719,0.0035,193.6389,7908.8447,0.2921,0.000543,-0.0302,0.2816,-0.0645,ROTATE
51.7507,-56.0643,39.7563,0.2657,86.0343,24.8379,0.0018,149.3158,5660.3643,0.2798,0.00029,-0.023,0.2665,-0.0741,ROTATE
143.7974,-109.9202,40.4176,0.254,185.4554,99.4211,0.0117,133.663,3058.9351,0.2683,9.1e-05,-0.0154,0.2521,-0.0843,ROTATE
217.4348,-123.3924,52.4497,0.2213,255.4497,69.9943,0.0326,143.7608,4906.6992,0.2559,0.000331,-0.0087,0.2371,-0.0944,ROTATE
276.3447,-108.0858,82.3347,0.1807,307.9415,52.4918,0.0406,179.2155,9006.4424,0.2378,0.00109,-0.0033,0.2176,-0.0957,ROTATE
323.4727,-82.5655,113.9678,0.147,352.7609,44.8195,0.0337,237.5284,8843.9531,0.2137,0.001983,0.0004,0.195,-0.0872,ROTATE
361.175,-51.4961,144.6555,0.1112,392.4595,39.6986,0.0358,298.8134,5298.7383,0.1828,0.002592,0.0038,0.1656,-0.0768,ROTATE
391.3369,-22.0188,170.9119,0.0774,427.5983,35.1388,0.0337,347.242,3700.5142,0.1475,0.002556,0.0069,0.1313,-0.0655,ROTATE
415.4664,20.11,202.1233,0.0439,462.4614,34.8632,0.0336,388.6443,2956.2998,0.112,0.002356,0.0094,0.094,-0.056,ROTATE
434.77,63.5317,239.7955,0.0539,500.5628,38.1014,0.01,427.1686,2674.7402,0.0867,0.001447,0.0097,0.0566,-0.05,ROTATE
450.2129,113.0941,271.752,0.0683,537.8951,37.3323,0.0144,464.1954,2648.5254,0.0709,0.000539,0.0093,0.0255,-0.0496,ROTATE
462.5672,160.4659,230.7204,0.0706,541.2482,3.3531,0.0023,493.9531,1921.2209,0.0628,0.000149,0.008,0.0028,-0.053,ROTATE
472.4507,172.2384,174.6138,0.0724,532.321,8.9272,0.0018,514.8977,896.3705,0.0618,0.000123,0.0074,-0.018,-0.0553,ROTATE
480.3574,173.6157,153.4942,0.1129,533.3349,1.0139,0.0404,529.0724,213.5219,0.0756,0.000389,0.0082,-0.0407,-0.059,ROTATE
486.6828,164.3801,142.7891,0.155,533.1695,0.1654,0.0421,535.5937,11.7919,0.0958,0.001147,0.0108,-0.0634,-0.0631,ROTATE
491.7432,146.2072,136.575,0.1896,530.8867,2.2828,0.0347,534.192,13.1993,0.1201,0.002166,0.0129,-0.0943,-0.0628,ROTATE
495.7914,121.6439,123.4319,0.2212,525.2064,5.6802,0.0316,530.9837,9.0961,0.1502,0.002813,0.0158,-0.133,-0.0625,ROTATE
499.03,53.312,100.9393,0.2518,511.9198,13.2866,0.0306,526.9034,64.7765,0.1861,0.00238,0.0195,-0.1718,-0.067,ROTATE
501.6209,-24.0223,76.5827,0.2658,508.0015,3.9183,0.0139,521.8368,102.2894,0.2167,0.001641,0.0235,-0.2042,-0.0667,ROTATE
503.6936,-54.4335,46.9568,0.2618,508.7978,0.7963,0.0039,516.9625,86.8471,0.238,0.00083,0.0266,-0.2282,-0.0593,ROTATE
505.3518,-65.5311,19.6248,0.2685,509.9607,1.1629,0.0067,512.7772,40.3593,0.2538,0.000298,0.0284,-0.2459,-0.0489,ROTATE
506.6783,-73.3718,9.403,0.2853,512.0496,2.0889,0.0168,510.1458,2.6442,0.2666,0.000119,0.0274,-0.2609,-0.0339,ROTATE
507.7395,-69.3287,6.2599,0.3096,512.4891,0.4396,0.0243,510.2597,3.1,0.2782,0.00031,0.0236,-0.2753,-0.0149,ROTATE
508.5885,-58.2629,8.3766,0.3315,511.9834,0.5057,0.022,511.0561,2.0401,0.2914,0.000675,0.0201,-0.2897,0.0022,ROTATE
509.2677,-71.9697,28.4826,0.3318,515.116,3.1326,0.0003,512.3198,2.7198,0.3054,0.000633,0.0143,-0.3032,0.0217,ROTATE
509.811,-92.5227,39.1017,0.341,519.612,4.496,0.0092,514.2501,8.5162,0.3199,0.000406,0.0092,-0.3158,0.0407,ROTATE
510.2457,-103.6619,41.672,0.3459,522.3342,2.7222,0.0049,516.307,16.3877,0.332,0.000155,0.0056,-0.3251,0.059,ROTATE
510.5935,-99.6233,40.347,0.3489,521.7838,0.5504,0.003,518.1659,16.0162,0.3398,5.1e-05,0.0037,-0.3289,0.0799,ROTATE
510.8717,-93.3955,41.9307,0.3441,521.0286,0.7552,0.0048,519.975,6.7379,0.3423,3.4e-05,-0.0002,-0.326,0.1016,ROTATE
511.0942,-95.2508,52.7508,0.3479,522.5636,1.535,0.0038,521.4645,1.1376,0.3456,8e-06,-0.0031,-0.3238,0.118,ROTATE
511.2723,-105.0475,74.935,0.3556,527.3041,4.7405,0.0077,523.0028,4.9049,0.3485,1.6e-05,-0.007,-0.3212,0.1331,ROTATE
511.4147,-107.8505,91.1886,0.352,530.5583,3.2542,0.0037,524.6476,13.527,0.3497,1.5e-05,-0.0107,-0.316,0.148,ROTATE
511.5287,-98.7179,91.654,0.3423,528.9681,1.5902,0.0097,526.0846,13.5553,0.3484,2.4e-05,-0.0131,-0.3082,0.1607,ROTATE
482.7854,-99.8868,59.1639,0.3308,496.5476,32.4205,0.0115,521.1884,158.9562,0.3457,7.5e-05,-0.0127,-0.3008,0.1689,ROTATE
393.044,-129.7313,20.378,0.329,414.402,82.1455,0.0017,499.5561,1971.2832,0.3419,0.000116,-0.011,-0.2914,0.1776,ROTATE
304.4383,-164.6007,-13.8664,0.3353,346.3644,68.0376,0.0063,463.3681,5201.2578,0.3379,7.1e-05,-0.0105,-0.2789,0.189,ROTATE
231.2381,-179.0805,-29.2556,0.3396,293.9333,52.4311,0.0043,416.0431,7800.3252,0.3354,2.5e-05,-0.011,-0.2672,0.2007,ROTATE
190.0624,-179.7176,-40.9889,0.3363,264.7682,29.1651,0.0033,363.2031,7034.6704,0.3342,1.5e-05,-0.0142,-0.2571,0.2112,ROTATE
100.528,-153.5147,-61.0755,0.3373,193.3982,71.3701,0.0009,302.5732,5569.2832,0.3355,1.2e-05,-0.0191,-0.2495,0.2225,ROTATE
11.2162,-138.7461,-81.676,0.3276,161.3916,32.0065,0.0097,251.9711,4494.0249,0.3352,1.6e-05,-0.0234,-0.2428,0.2297,ROTATE
0.2448,-110.2,-116.3877,0.3343,160.2816,1.11,0.0067,214.7546,3008.3284,0.335,1.7e-05,-0.0229,-0.2344,0.2377,ROTATE
102.5927,-43.7631,-164.7539,0.3638,198.9581,38.6765,0.0295,195.7596,1443.5681,0.3399,0.000155,-0.02,-0.2245,0.2524,ROTATE
184.4711,24.5707,-234.2031,0.349,299.1394,100.1813,0.0148,202.6338,2581.354,0.3424,0.000162,-0.0129,-0.2095,0.2668,ROTATE
249.9737,26.7378,-289.7625,0.2936,383.6197,84.4803,0.0553,240.6781,7668.1064,0.3337,0.000556,-0.0068,-0.199,0.265,ROTATE
302.3759,1.3371,-316.1038,0.2903,437.4409,53.8212,0.0034,295.888,11105.8281,0.3262,0.00087,-0.0,-0.1925,0.2612,ROTATE
344.2975,5.5728,-298.0393,0.318,455.4111,17.9702,0.0277,354.9139,9033.4834,0.3229,0.00086,0.0046,-0.191,0.2582,ROTATE
377.8349,11.7676,-260.4471,0.3157,459.0538,3.6427,0.0022,406.933,3632.0796,0.3133,0.000444,0.0096,-0.1912,0.2461,ROTATE
403.3554,2.361,-216.1764,0.3022,457.639,1.4148,0.0135,438.6329,817.5247,0.304,0.000126,0.0122,-0.1943,0.233,ROTATE
408.7906,13.6169,-161.6911,0.3173,439.8172,17.8217,0.0151,449.8724,86.1888,0.3087,0.000118,0.0159,-0.1891,0.2423,ROTATE
429.4294,46.2435,-114.2342,0.3329,446.7634,6.9461,0.0156,451.7369,53.7372,0.3172,9.5e-05,0.0187,-0.1769,0.2607,ROTATE
445.9404,81.3698,-89.7623,0.3173,462.1052,15.3418,0.0156,453.0757,70.745,0.3171,9.5e-05,0.022,-0.1585,0.2712,ROTATE
459.1492,92.474,-82.9161,0.2952,475.6517,13.5465,0.022,456.3953,154.5127,0.313,0.000173,0.0241,-0.1363,0.2783,ROTATE
469.7162,76.1511,-93.1235,0.2735,484.8756,9.2239,0.0217,461.8426,286.7556,0.3072,0.000428,0.0254,-0.1144,0.2823,ROTATE
478.1699,59.149,-105.1707,0.2828,493.1591,8.2835,0.0093,472.511,272.0627,0.3003,0.000479,0.0261,-0.0936,0.2832,ROTATE
484.9328,47.1504,-108.4834,0.2867,499.1509,5.9918,0.0039,482.9885,171.6338,0.2911,0.00022,0.0261,-0.0756,0.2792,ROTATE
490.3431,37.9578,-105.9555,0.2883,503.0942,3.9433,0.0016,491.1863,98.0549,0.2853,5.1e-05,0.0249,-0.0609,0.2771,ROTATE
494.6714,32.5569,-100.8206,0.2889,505.8898,2.7957,0.0006,497.2339,56.455,0.2841,3.2e-05,0.0232,-0.0492,0.2784,ROTATE
498.134,27.2955,-92.6096,0.2883,507.4043,1.5144,0.0007,501.7397,26.2947,0.287,5e-06,0.0217,-0.0387,0.2831,ROTATE
500.9041,14.7239,-74.1627,0.2874,506.5785,0.8257,0.0009,504.4235,9.0493,0.2879,1e-06,0.0212,-0.0282,0.2853,ROTATE
503.1201,-32.2521,-101.0739,0.2477,514.1848,7.6063,0.0397,507.4303,13.5049,0.2801,0.000263,0.0251,-0.0063,0.2764,ROTATE
444.3149,-74.3048,-174.5841,0.2977,483.132,31.0528,0.05,503.4379,111.8865,0.282,0.000308,0.0284,0.0119,0.2776,ROTATE
457.8488,-57.2532,-147.6548,0.357,484.464,1.332,0.0593,499.1527,164.323,0.2956,0.001238,0.0312,0.0237,0.291,ROTATE
468.6759,-19.9213,-94.6895,0.3607,478.5604,5.9036,0.0038,493.3839,202.2355,0.3101,0.001866,0.0338,0.0332,0.3052,ROTATE
477.3376,11.4786,-53.4578,0.351,480.4588,1.8984,0.0098,488.16,173.5385,0.3228,0.001935,0.0362,0.0438,0.3171,ROTATE
484.267,21.5672,-16.9413,0.3489,485.0429,4.5841,0.0021,482.3316,6.0537,0.343,0.000533,0.0337,0.0459,0.3379,ROTATE
489.8105,8.7382,-6.8249,0.3394,489.9359,4.893,0.0094,483.6924,15.6389,0.3514,5.4e-05,0.0314,0.0552,0.3445,ROTATE
494.2452,-25.672,5.5557,0.3326,494.9427,5.0067,0.0068,485.7882,36.4414,0.3465,9.4e-05,0.0289,0.0729,0.3356,ROTATE
497.7931,-75.8345,19.0539,0.3239,503.8967,8.954,0.0087,490.8554,65.9,0.3392,0.000102,0.0254,0.0957,0.3219,ROTATE
500.6313,-93.8832,24.4025,0.3864,509.9424,6.0457,0.0625,496.7521,82.3738,0.3462,0.000471,0.0221,0.1236,0.3204,ROTATE
502.902,-65.7941,-19.3405,0.4033,507.5562,2.3862,0.0169,501.2548,58.0244,0.3571,0.001001,0.0209,0.1611,0.3141,ROTATE
504.7185,4.5991,-85.7755,0.4342,511.9759,4.4197,0.031,505.6628,35.9591,0.3761,0.001769,0.0226,0.2031,0.3101,ROTATE
506.1717,89.4512,-137.9673,0.4475,532.2088,20.2329,0.0132,513.116,98.3626,0.399,0.001883,0.0257,0.2463,0.307,ROTATE
507.3342,160.1641,-183.952,0.4367,562.9199,30.7111,0.0108,524.9206,438.0998,0.4216,0.000526,0.0289,0.2887,0.2992,ROTATE
508.2643,208.975,-225.9772,0.419,594.1959,31.276,0.0178,541.7714,1069.097,0.4281,0.000238,0.0313,0.3243,0.2727,ROTATE
509.0083,244.4363,-254.6724,0.3989,619.4324,25.2365,0.02,564.1466,1540.5592,0.4273,0.000283,0.0296,0.3465,0.2411,ROTATE
509.6035,258.0428,-269.7879,0.4079,631.7178,12.2853,0.0089,588.095,1335.8508,0.422,0.000321,0.0237,0.3638,0.201,ROTATE
510.0797,266.6404,-293.1272,0.4273,645.9117,14.194,0.0194,610.8356,862.6195,0.418,0.000181,0.0159,0.3815,0.1525,ROTATE
510.4607,269.2343,-325.4018,0.4511,662.5281,16.6164,0.0238,630.7572,540.9905,0.4209,0.000322,0.0077,0.4004,0.1046,ROTATE
510.7654,260.2187,-353.6777,0.4633,673.5599,11.0318,0.0122,646.63,388.114,0.4297,0.000604,-0.002,0.42,0.0564,ROTATE
511.0092,243.8593,-376.2078,0.4647,679.8015,6.2416,0.0014,658.7038,314.4652,0.4429,0.000486,-0.0107,0.4377,0.0106,ROTATE
511.2043,220.3531,-399.3912,0.4576,685.1267,5.3252,0.0071,669.3856,194.3491,0.4528,0.000186,-0.0188,0.4473,-0.0323,ROTATE
511.3603,205.1981,-421.913,0.4639,693.9785,8.8518,0.0063,678.999,112.6903,0.4601,2.6e-05,-0.0269,0.4497,-0.0729,ROTATE
511.4851,191.9866,-437.5491,0.4855,699.9465,5.968,0.0216,686.4826,90.187,0.467,9.2e-05,-0.0358,0.4459,-0.1183,ROTATE
511.585,198.7018,-423.5018,0.5087,693.2209,6.7255,0.0231,690.4149,50.4066,0.4761,0.000354,-0.0452,0.4363,-0.1688,ROTATE
511.6649,234.4708,-386.1452,0.5269,682.5581,10.6628,0.0183,690.9662,39.9198,0.4885,0.00069,-0.0561,0.4215,-0.2239,ROTATE
459.6288,288.4985,-335.1849,0.5381,637.8392,44.7189,0.0111,681.5087,508.1496,0.5046,0.000731,-0.0655,0.4048,-0.28,ROTATE
350.2686,330.9145,-288.9823,0.5344,561.8748,75.9645,0.0036,655.0879,2641.4478,0.5187,0.000378,-0.0723,0.3846,-0.3314,ROTATE
207.068,351.1691,-190.0921,0.4984,449.8131,112.0616,0.036,605.0612,8163.8672,0.5213,0.000234,-0.0782,0.3535,-0.3696,ROTATE
212.3951,322.3478,-49.6768,0.4655,389.214,60.5992,0.0329,544.2599,12230.6387,0.5127,0.00075,-0.0829,0.3134,-0.3928,ROTATE
174.6598,274.3064,62.6554,0.5001,331.1732,58.0407,0.0346,473.9828,12547.6836,0.5073,0.000712,-0.0812,0.2861,-0.408,ROTATE
198.6528,191.3857,152.5212,0.5069,315.205,15.9683,0.0068,409.456,8056.2725,0.5011,0.000484,-0.0756,0.2661,-0.416,ROTATE
261.3192,111.218,224.4139,0.4754,361.9651,46.7601,0.0314,369.4741,2262.5012,0.4893,0.000253,-0.0693,0.2505,-0.4137,ROTATE
311.4522,52.465,254.7623,0.4598,405.7819,43.8168,0.0156,360.6678,1157.729,0.4816,0.00035,-0.0553,0.2491,-0.407,ROTATE
351.5587,31.2064,230.1317,0.4369,421.3407,15.5588,0.0229,367.0932,1689.7061,0.4758,0.000664,-0.0373,0.2576,-0.397,ROTATE
383.6438,38.462,197.7023,0.3834,433.2991,11.9584,0.0535,387.5183,1891.1152,0.4525,0.00171,-0.0227,0.2524,-0.374,ROTATE
409.3119,70.2039,182.8306,0.3307,453.7531,20.454,0.0527,415.228,954.8556,0.4173,0.002845,-0.0132,0.2374,-0.3425,ROTATE
429.8464,144.5757,177.5551,0.3028,487.0276,33.2745,0.0278,440.2405,792.8813,0.3827,0.003595,-0.0058,0.2192,-0.3136,ROTATE
446.274,218.0074,149.7191,0.3072,518.7519,31.7243,0.0043,462.8345,1277.7224,0.3522,0.002616,-0.0026,0.1975,-0.2914,ROTATE
458.3255,265.3965,97.6502,0.3316,538.5472,19.7953,0.0244,486.2758,1530.3652,0.3311,0.000822,0.001,0.1754,-0.2801,ROTATE
437.7385,264.5485,41.3983,0.3522,513.142,25.4052,0.0206,502.2444,858.4222,0.3249,0.000324,0.0069,0.1546,-0.2836,ROTATE
421.8533,216.37,-8.0313,0.3507,474.1737,38.9683,0.0014,506.3285,529.0532,0.3289,0.000435,0.0154,0.1345,-0.2964,ROTATE
428.1358,171.0335,-43.0688,0.3214,463.0417,11.132,0.0293,501.5313,806.2839,0.3326,0.000297,0.0247,0.1111,-0.3089,ROTATE
444.9055,150.4237,-57.1144,0.2759,473.107,10.0653,0.0455,492.4024,825.2244,0.3264,0.000772,0.0323,0.0815,-0.311,ROTATE
458.3213,222.7358,-20.5853,0.278,509.9935,36.8865,0.0021,486.6917,428.6317,0.3156,0.00112,0.036,0.0399,-0.3052,ROTATE
469.0539,280.5855,-19.3401,0.2791,546.913,36.9195,0.0011,493.4459,968.4113,0.301,0.000907,0.0429,0.0122,-0.2932,ROTATE
477.64,323.3559,-30.1315,0.2954,577.5872,30.6741,0.0164,514.1285,1882.3083,0.29,0.000296,0.0515,-0.0176,-0.2809,ROTATE
484.5089,346.416,-45.4395,0.3376,597.3422,19.755,0.0421,540.9886,2023.7758,0.2932,0.000541,0.0612,-0.0462,-0.2803,ROTATE
490.004,324.0109,-51.311,0.3666,589.6777,7.6644,0.029,564.3027,1032.7725,0.3113,0.00123,0.0721,-0.0746,-0.2917,ROTATE
494.4001,264.6306,-47.9926,0.3625,562.818,26.8597,0.0041,574.8676,331.6987,0.3282,0.001246,0.0848,-0.0936,-0.3001,ROTATE
497.917,187.2045,-26.9565,0.3448,532.6288,30.1891,0.0177,572.0108,524.0681,0.3414,0.000645,0.0912,-0.1287,-0.2992,ROTATE
500.7305,124.873,15.3723,0.3525,516.295,16.3338,0.0077,559.7523,988.4286,0.3528,0.000116,0.0922,-0.1652,-0.2911,ROTATE
502.9813,105.5827,60.7509,0.3588,517.5215,1.2265,0.0063,543.7882,807.6649,0.3571,5.9e-05,0.0902,-0.2041,-0.2686,ROTATE
504.7819,87.0412,95.1726,0.3669,520.9979,3.4763,0.0081,530.0522,301.6988,0.3571,6e-05,0.0859,-0.2417,-0.2362,ROTATE
506.2224,92.9767,107.41,0.3733,525.7782,4.7803,0.0065,522.6443,35.7558,0.3593,0.000102,0.0807,-0.2784,-0.2003,ROTATE
507.3748,95.5376,111.8342,0.3974,528.2646,2.4865,0.0241,521.7715,21.3734,0.3698,0.000241,0.0763,-0.315,-0.1651,ROTATE
508.2968,83.9113,131.3424,0.4191,531.6555,3.3908,0.0217,524.8436,25.4761,0.3831,0.00049,0.0723,-0.3478,-0.1273,ROTATE
509.0343,70.7385,162.2333,0.4323,538.9244,7.2689,0.0133,529.1241,36.0845,0.3978,0.00064,0.0685,-0.3759,-0.0905,ROTATE
509.6243,65.597,184.921,0.4382,546.0913,7.1669,0.0058,534.1428,55.2673,0.4121,0.000571,0.065,-0.399,-0.052,ROTATE
510.0963,43.2214,193.8774,0.441,547.4073,1.316,0.0029,538.4686,57.7508,0.4256,0.000256,0.0619,-0.4174,-0.0149,ROTATE
510.474,4.1552,207.9363,0.4358,551.2155,3.8081,0.0052,543.0588,48.3533,0.4333,5.9e-05,0.057,-0.4259,0.0223,ROTATE
510.7761,-39.8352,233.1491,0.4314,562.8832,11.6678,0.0044,549.3043,61.9409,0.4357,1.3e-05,0.0513,-0.4245,0.0611,ROTATE
511.0177,-71.7119,259.763,0.4304,577.7184,14.8351,0.0011,557.0632,141.6647,0.4353,1.6e-05,0.0428,-0.4145,0.1051,ROTATE
511.2111,-67.1195,267.9198,0.4331,581.0532,3.3348,0.0028,564.0555,183.7998,0.4343,1.5e-05,0.0324,-0.3966,0.1528,ROTATE
511.3657,-43.6831,256.9046,0.4403,573.9365,7.1168,0.0071,569.3613,119.7422,0.4342,1.3e-05,0.0195,-0.3741,0.202,ROTATE
511.4895,-29.8996,238.4237,0.4264,565.1206,8.8159,0.0139,572.1424,49.7501,0.4323,2.1e-05,0.0078,-0.3474,0.2456,ROTATE
511.5885,-38.6291,213.2639,0.4238,555.6046,9.516,0.0026,570.6866,85.1842,0.4308,3.3e-05,-0.0017,-0.3171,0.2844,ROTATE
511.6677,-54.1626,193.8861,0.4294,549.8447,5.7599,0.0057,565.1119,131.0948,0.4306,3.3e-05,-0.0078,-0.2858,0.3169,ROTATE
511.731,-67.6114,159.6058,0.4304,540.2906,9.5541,0.0009,556.9594,137.0258,0.43,3.2e-05,-0.0118,-0.253,0.3424,ROTATE
439.0223,-89.4985,114.3221,0.4347,462.4069,77.8837,0.0043,534.6534,1369.8633,0.4289,1.4e-05,-0.0133,-0.221,0.3629,ROTATE
323.7804,-114.2831,31.4327,0.4308,344.7932,117.6136,0.0038,490.588,6451.8306,0.4298,1.2e-05,-0.0104,-0.1828,0.3842,ROTATE
276.5587,-115.864,-77.2538,0.4296,309.6406,35.1526,0.0013,441.3952,9734.8584,0.431,4e-06,-0.004,-0.1408,0.4016,ROTATE
285.0313,-85.9131,-164.2031,0.4409,339.9802,30.3396,0.0113,399.4223,7677.875,0.4333,1.8e-05,0.0037,-0.1034,0.4159,ROTATE
330.4219,-29.668,-233.7625,0.4484,405.8371,65.8568,0.0075,372.5316,2994.2212,0.4369,4.9e-05,0.011,-0.0781,0.4267,ROTATE
366.7344,32.2344,-289.41,0.4369,468.2855,62.4485,0.0115,373.7073,3211.0879,0.4373,4.8e-05,0.0174,-0.0622,0.4317,ROTATE
395.7844,51.1406,-298.5311,0.4044,498.3788,30.0933,0.0325,404.4245,5208.9385,0.432,0.000228,0.0187,-0.0653,0.4254,ROTATE
405.9588,59.4406,-258.4374,0.3838,484.8975,13.4813,0.0206,439.4758,3478.7273,0.4229,0.000608,0.0146,-0.0812,0.4128,ROTATE
364.9045,63.1181,-197.6843,0.3649,419.7836,65.1139,0.0189,455.4365,1321.6649,0.4077,0.000984,0.0087,-0.0968,0.3945,ROTATE
307.608,64.9133,-136.7631,0.3517,342.8419,76.9417,0.0133,442.8375,3206.4182,0.3883,0.000906,0.0033,-0.1036,0.3736,ROTATE
270.0583,73.8275,-94.0792,0.3374,295.3521,47.4898,0.0143,408.2508,6231.0459,0.3684,0.000558,-0.0014,-0.0983,0.3544,ROTATE
251.2966,80.1964,-77.1102,0.3151,274.8226,20.5295,0.0223,363.5395,6167.9551,0.3506,0.000549,-0.0044,-0.0805,0.3396,ROTATE
202.5279,59.3071,-87.1632,0.2406,228.325,46.4975,0.0745,312.225,4245.8188,0.3219,0.001926,-0.0037,-0.0513,0.3147,ROTATE
152.2661,0.3613,-129.9774,0.2427,200.198,28.127,0.0021,268.3079,2513.3472,0.2975,0.002214,-0.003,-0.0224,0.2934,ROTATE
188.3348,-62.8578,-150.5476,0.2282,249.17,48.972,0.0145,249.5735,1124.5598,0.2728,0.001978,-0.0026,0.0,0.2707,ROTATE
193.7491,-104.6863,-137.3756,0.2496,259.5573,10.3873,0.0214,242.4146,674.1082,0.2552,0.000943,-0.0019,0.0119,0.2541,ROTATE
177.118,-114.6553,-105.1942,0.2656,235.7593,23.798,0.0161,234.6019,411.8731,0.2453,0.000151,0.0004,0.0162,0.2444,ROTATE
187.9319,-149.3648,-87.0554,0.215,255.3564,19.5971,0.0507,240.0082,460.9154,0.2402,0.000304,0.0069,0.0229,0.2373,ROTATE
252.7424,-203.9981,-109.0943,0.2573,342.6303,87.2739,0.0424,268.4946,1438.7263,0.2431,0.000353,0.0132,0.03,0.2386,ROTATE
304.5908,-174.1204,-109.5692,0.2901,367.558,24.9277,0.0327,292.1722,2766.1172,0.2555,0.000596,0.0229,0.0385,0.2489,ROTATE
346.0695,-145.3119,-108.5116,0.2787,390.7102,23.1522,0.0114,318.4028,3807.2715,0.2613,0.000662,0.0327,0.051,0.2523,ROTATE
379.2525,-108.3339,-103.5436,0.2726,407.7867,17.0765,0.0061,352.8083,2855.4385,0.2627,0.000682,0.0405,0.0647,0.2513,ROTATE
405.7989,-63.6421,-91.4099,0.2776,420.8073,13.0207,0.005,385.8985,785.8773,0.2753,0.000113,0.0424,0.0693,0.2629,ROTATE
427.036,-2.945,-96.0529,0.2958,437.7152,16.9079,0.0181,404.9155,586.7986,0.2829,7.4e-05,0.0449,0.0782,0.2677,ROTATE
444.0257,70.0878,-123.4111,0.3112,466.156,28.4408,0.0154,424.6351,668.8988,0.2872,0.000206,0.0432,0.095,0.2659,ROTATE
457.6174,132.1952,-169.9758,0.3056,505.748,39.592,0.0056,447.6427,1225.2325,0.2926,0.00023,0.0402,0.1173,0.2619,ROTATE
468.4908,183.6343,-209.9275,0.2901,545.2291,39.4811,0.0155,475.1312,2056.5403,0.2961,0.000139,0.0362,0.1424,0.2531,ROTATE
477.1896,219.9762,-247.7201,0.2841,580.9171,35.688,0.006,507.1531,2679.0544,0.2974,9.8e-05,0.0317,0.1671,0.24,ROTATE
484.1486,263.2216,-287.6886,0.2942,621.6511,40.734,0.0101,543.9402,2983.394,0.297,0.0001,0.0274,0.1906,0.2226,ROTATE
489.7157,309.221,-327.4853,0.3137,665.3463,43.6952,0.0195,583.7783,3134.1284,0.2976,0.000115,0.0234,0.2136,0.2017,ROTATE
494.1695,349.7737,-349.5007,0.3235,699.0678,33.7215,0.0098,622.4423,3079.813,0.3011,0.000224,0.0186,0.236,0.1813,ROTATE
497.7325,382.2158,-359.2381,0.3274,723.1034,24.0356,0.0039,658.0171,2648.3992,0.3086,0.000282,0.0128,0.2589,0.1613,ROTATE
500.5829,408.1696,-358.2342,0.3233,738.5915,15.4881,0.0041,689.552,1763.5125,0.3164,0.000144,0.0052,0.2808,0.1373,ROTATE
502.8632,428.9325,-344.7155,0.3132,745.4417,6.8502,0.0101,714.3101,853.1722,0.3202,3.3e-05,-0.0046,0.2963,0.1122,ROTATE
504.6874,445.5429,-325.2818,0.3129,747.6805,2.2388,0.0004,730.777,325.2406,0.3201,3.5e-05,-0.0139,0.305,0.0861,ROTATE
506.1468,458.8312,-305.8473,0.3163,748.5007,0.8202,0.0035,740.6635,89.2281,0.3186,3.3e-05,-0.0219,0.3101,0.0565,ROTATE
507.3143,469.4619,-287.4029,0.3319,748.5738,0.0731,0.0156,745.7576,14.1212,0.3195,5.3e-05,-0.0294,0.3137,0.0214,ROTATE
508.2484,477.9664,-268.8942,0.3619,747.7114,0.8624,0.0299,747.5816,1.287,0.3272,0.000349,-0.0371,0.3175,-0.0203,ROTATE
508.9956,484.77,-251.3685,0.4002,746.5015,1.2098,0.0384,747.7936,0.5595,0.3446,0.001072,-0.0447,0.3241,-0.0721,ROTATE
509.5934,462.0035,-239.6135,0.4325,728.3867,18.1148,0.0323,743.9348,60.9922,0.3686,0.001841,-0.0547,0.3296,-0.1308,ROTATE
510.0716,400.7622,-238.769,0.4483,691.2264,37.1603,0.0158,732.48,481.2438,0.395,0.00187,-0.0654,0.3334,-0.1876,ROTATE
510.4541,348.5754,-234.8089,0.4636,661.2136,30.0128,0.0153,715.0079,1139.948,0.4213,0.001324,-0.0755,0.3309,-0.2419,ROTATE
510.7602,276.3103,-216.744,0.4854,619.8398,41.3738,0.0218,689.4337,2083.3948,0.446,0.000828,-0.0833,0.3216,-0.2918,ROTATE
479.555,206.567,-148.5983,0.5052,542.8853,76.9545,0.0198,648.7103,4068.9441,0.467,0.000669,-0.0919,0.308,-0.3339,ROTATE
383.6565,154.9099,-86.4318,0.5171,422.6817,120.2036,0.0119,587.5694,9278.8486,0.4839,0.000647,-0.0978,0.2945,-0.3676,ROTATE
252.7377,128.2529,-48.5204,0.5168,287.5403,135.1415,0.0003,506.8321,18614.8867,0.4976,0.000423,-0.1004,0.2814,-0.3963,ROTATE
108.5527,102.9742,-9.832,0.5154,149.9468,137.5935,0.0014,404.5788,28865.8379,0.508,0.000147,-0.103,0.2731,-0.4154,ROTATE
-15.5579,62.4075,56.5625,0.499,85.6508,64.296,0.0164,297.741,28527.0723,0.5107,5.4e-05,-0.1075,0.2676,-0.4214,ROTATE
78.5006,-5.8615,147.6469,0.4382,167.321,81.6702,0.0608,222.6281,14267.8535,0.4973,0.000919,-0.1062,0.2545,-0.4136,ROTATE
153.563,-42.0611,220.5144,0.4409,271.9877,104.6667,0.0027,192.4893,5842.4912,0.482,0.001245,-0.1029,0.2487,-0.3996,ROTATE
225.2473,-53.2239,271.774,0.4137,356.9737,84.986,0.0272,206.376,9253.7373,0.4614,0.001513,-0.0925,0.2469,-0.3773,ROTATE
282.5947,-74.1822,251.6661,0.4141,385.6145,28.6408,0.0004,253.5096,12820.6035,0.4412,0.000968,-0.0787,0.2413,-0.3588,ROTATE
328.4726,-111.9583,222.8235,0.41,412.4066,26.7921,0.0041,318.8607,7964.1748,0.4234,0.000177,-0.0628,0.2339,-0.3453,ROTATE
365.175,-133.8572,193.3807,0.3902,434.3577,21.9511,0.0198,372.268,3186.8833,0.4138,0.000261,-0.0496,0.2344,-0.3363,ROTATE
394.5369,-136.092,149.967,0.3668,443.4755,9.1178,0.0234,406.5656,1013.4321,0.3989,0.000336,-0.0381,0.2242,-0.3271,ROTATE
418.0264,-120.5955,114.5518,0.3487,449.9016,6.4261,0.0181,425.1512,551.7384,0.386,0.000629,-0.0359,0.2057,-0.3242,ROTATE
436.818,-93.4264,93.482,0.3341,456.3741,6.4725,0.0146,439.3031,233.8068,0.3699,0.000752,-0.0359,0.1839,-0.3183,ROTATE
451.8513,-79.6505,78.4388,0.3116,465.4744,9.1003,0.0225,449.9167,113.4627,0.3503,0.000726,-0.0351,0.1611,-0.3078,ROTATE
463.8779,-38.8517,83.3666,0.2869,472.9082,7.4338,0.0247,457.6268,111.3232,0.3296,0.000783,-0.0351,0.1331,-0.2974,ROTATE
473.4992,10.5468,101.9839,0.2726,484.4724,11.5641,0.0144,465.8262,148.1789,0.3108,0.000802,-0.0352,0.1009,-0.2888,ROTATE
439.3806,26.7156,183.984,0.3439,477.0945,7.3778,0.0713,471.2647,93.2776,0.3098,0.000733,-0.0265,0.0542,-0.2954,ROTATE
356.1795,6.7287,227.5903,0.3176,422.7369,54.3576,0.0263,464.5373,474.663,0.3065,0.000616,-0.0172,0.0244,-0.298,ROTATE
281.7186,-8.967,229.5473,0.3128,363.5075,59.2294,0.0048,444.1439,2100.0,0.3068,0.000619,-0.0085,0.0036,-0.3023,ROTATE
199.0499,-3.2674,218.9097,0.2998,295.8936,67.614,0.0131,408.741,5076.7891,0.3093,0.000544,0.0001,-0.008,-0.307,ROTATE
166.2805,5.6017,181.2434,0.284,246.028,49.8656,0.0157,361.0521,6950.6147,0.3116,0.000396,0.0088,-0.0095,-0.3099,ROTATE
74.9025,43.4595,117.7354,0.2512,146.1531,99.8749,0.0328,294.8638,9112.8711,0.2931,0.000574,0.0108,0.0157,-0.2912,ROTATE
143.7127,61.1645,62.3977,0.243,168.19,22.0369,0.0082,243.9544,6460.0508,0.2782,0.000733,0.0125,0.0256,-0.2757,ROTATE
217.367,67.6222,9.8963,0.2412,227.8577,59.6676,0.0018,216.8245,2917.2485,0.2639,0.000561,0.0145,0.0271,-0.2612,ROTATE
276.2905,77.6353,-18.2955,0.2356,287.5733,59.7156,0.0056,215.1604,2665.1741,0.251,0.000297,0.0167,0.0197,-0.248,ROTATE
323.4293,88.0207,-47.9114,0.2413,338.5995,51.0262,0.0056,233.6747,5179.2759,0.2425,2.5e-05,0.0181,0.0085,-0.2391,ROTATE
361.1403,69.176,-72.8854,0.2579,374.8599,36.2603,0.0166,279.4161,5541.647,0.2438,5.6e-05,0.0158,-0.0139,-0.2408,ROTATE
391.3091,32.6189,-92.6145,0.2572,403.4405,28.5807,0.0007,326.4662,3930.1028,0.2467,8.3e-05,0.0124,-0.0359,-0.242,ROTATE
415.4442,-14.9049,-111.0604,0.2527,430.2911,26.8506,0.0045,366.9529,2502.127,0.249,8e-05,0.0092,-0.0588,-0.24,ROTATE
434.7522,-54.5677,-132.4296,0.2488,457.7387,27.4476,0.0039,400.986,1732.0667,0.2516,3.7e-05,0.007,-0.0785,-0.2363,ROTATE
450.1987,-74.2135,-151.203,0.2582,480.6754,22.9367,0.0094,429.4011,1416.3131,0.255,1.3e-05,0.0054,-0.1013,-0.2309,ROTATE
462.5558,-75.2833,-160.5374,0.261,495.3763,14.7009,0.0027,453.5045,1110.9403,0.2556,1.8e-05,0.0053,-0.125,-0.2197,ROTATE
472.4415,-68.5923,-165.9487,0.2785,505.4155,10.0392,0.0175,473.8994,732.6581,0.2598,0.000105,0.0041,-0.1504,-0.2087,ROTATE
480.3501,-81.5144,-175.7183,0.2965,517.936,12.5205,0.018,491.4284,432.9005,0.2686,0.000286,0.0033,-0.1747,-0.2012,ROTATE
486.677,-96.5178,-176.5747,0.313,526.6392,8.7031,0.0165,505.2085,263.9699,0.2814,0.000437,0.0011,-0.2017,-0.1929,ROTATE
491.7385,-108.1017,-176.5879,0.3182,533.5504,6.9112,0.0052,515.7835,192.4174,0.2934,0.000456,-0.0017,-0.2281,-0.1808,ROTATE
495.7877,-120.822,-170.0766,0.3263,537.8935,4.3431,0.0081,524.2869,134.5893,0.3065,0.000291,-0.0045,-0.2538,-0.167,ROTATE
499.027,-137.342,-165.5363,0.3329,543.4087,5.5152,0.0067,531.8856,78.7527,0.3174,0.000156,-0.0069,-0.2772,-0.147,ROTATE
501.6185,-159.2361,-143.1696,0.3388,545.4125,2.0038,0.0059,537.3809,46.2323,0.3258,8.9e-05,-0.0112,-0.2992,-0.1174,ROTATE
503.6917,-150.3076,-117.6982,0.3499,538.6562,6.7562,0.011,539.7843,17.7045,0.3332,0.000117,-0.0157,-0.3168,-0.0851,ROTATE
505.3502,-132.6149,-85.9773,0.3719,529.4881,9.1682,0.022,538.9718,30.4742,0.344,0.000255,-0.0202,-0.3349,-0.0521,ROTATE
506.6771,-124.5669,-55.7475,0.3981,524.7346,4.7535,0.0262,536.34,63.8552,0.3583,0.000572,-0.0246,-0.354,-0.0207,ROTATE
507.7385,-125.0754,-33.0136,0.4198,523.9582,0.7764,0.0217,532.4499,69.391,0.3757,0.000898,-0.0274,-0.373,0.0089,ROTATE
508.5877,-124.8228,-27.8203,0.4408,524.4198,0.4616,0.0209,528.2513,31.0543,0.3961,0.001057,-0.0294,-0.3918,0.0369,ROTATE
509.2671,-116.3301,-42.6,0.456,524.1187,0.3011,0.0153,525.3439,4.3642,0.4173,0.000898,-0.0306,-0.4093,0.0652,ROTATE
509.8105,-96.8828,-62.03,0.4666,522.6287,1.4899,0.0106,523.972,0.5216,0.4363,0.000612,-0.0315,-0.4226,0.0941,ROTATE
510.2453,-76.6657,-80.4708,0.4648,522.2102,0.4185,0.0018,523.4671,0.7712,0.4496,0.000305,-0.0314,-0.4285,0.1254,ROTATE
456.2338,-53.6232,-108.3954,0.4593,471.9897,50.2205,0.0054,513.0734,422.679,0.4575,8.4e-05,-0.0311,-0.4276,0.1549,ROTATE
387.9339,-35.2454,-139.4101,0.4543,413.7271,58.2626,0.005,490.9349,1880.7537,0.4602,2.3e-05,-0.0294,-0.4205,0.1809,ROTATE
356.5596,-23.8963,-197.4687,0.4513,408.2887,5.4384,0.003,467.7689,2489.9353,0.4593,3.4e-05,-0.0254,-0.41,0.2025,ROTATE
387.6446,42.2704,-260.375,0.464,468.8819,60.5932,0.0127,457.0195,1772.7142,0.4587,2.8e-05,-0.0197,-0.3893,0.2351,ROTATE
412.5126,96.5664,-310.7,0.449,525.3819,56.5,0.015,457.6539,1857.0295,0.4556,3e-05,-0.012,-0.3699,0.2593,ROTATE
432.407,122.5375,-347.96,0.444,568.3901,43.0082,0.005,476.9339,3896.709,0.4525,4.4e-05,-0.005,-0.3541,0.2774,ROTATE
448.3224,126.2081,-332.8899,0.4481,572.4833,4.0932,0.0041,508.6852,3915.4829,0.4513,4.6e-05,0.0012,-0.3418,0.2925,ROTATE
461.0548,108.9602,-324.9869,0.4039,574.5089,2.0255,0.0442,541.9293,1660.9775,0.4418,0.000404,0.007,-0.3233,0.3008,ROTATE
471.2408,80.7557,-308.7927,0.3959,569.1592,5.3496,0.0081,561.9847,339.8689,0.4282,0.000542,0.0104,-0.3117,0.2932,ROTATE
479.3895,43.6702,-267.4154,0.3922,550.6653,18.4939,0.0037,567.0414,71.9714,0.4168,0.000586,0.0109,-0.2984,0.2903,ROTATE
485.9085,15.2893,-212.5167,0.4109,530.5696,20.0957,0.0187,559.4773,280.4295,0.4102,0.000401,0.0126,-0.2806,0.2975,ROTATE
491.1237,1.2283,-186.9133,0.3986,525.4908,5.0789,0.0124,550.0787,389.2825,0.4003,4.3e-05,0.0164,-0.2547,0.3059,ROTATE
495.2958,-2.4267,-174.2744,0.4073,525.0671,0.4237,0.0087,540.1904,297.2541,0.401,5e-05,0.0195,-0.2327,0.3226,ROTATE
498.6335,6.3305,-153.0758,0.4041,521.6394,3.4277,0.0032,530.6864,107.9182,0.4026,4.4e-05,0.0238,-0.2096,0.3397,ROTATE
501.3037,24.53,-120.7481,0.3943,516.2241,5.4153,0.0098,523.7982,22.4711,0.403,3.5e-05,0.029,-0.1841,0.3551,ROTATE
473.9867,17.8803,-94.1235,0.363,483.5725,32.6516,0.0314,514.3988,248.5725,0.3934,0.000252,0.034,-0.1548,0.3583,ROTATE
481.5863,-88.0958,-168.8019,0.402,517.8613,34.2888,0.039,512.8729,224.0353,0.3941,0.000261,0.0505,-0.0982,0.3656,ROTATE
455.4659,-140.561,-166.4103,0.363,504.8752,12.9861,0.039,508.8345,190.7796,0.3853,0.000342,0.0617,-0.0519,0.3626,ROTATE
464.8602,-208.2832,-141.8814,0.3437,528.779,23.9038,0.0193,510.2624,235.5041,0.3732,0.000471,0.0711,-0.0141,0.3553,ROTATE
473.5975,-261.7453,-99.4113,0.3418,550.1707,21.3917,0.0019,517.0518,500.8355,0.3627,0.000469,0.0783,0.0129,0.3483,ROTATE
481.2749,-267.94,-30.8634,0.3699,551.6973,1.5266,0.0281,530.6767,331.0876,0.3641,0.000477,0.083,0.0225,0.351,ROTATE
487.4168,-234.7739,6.453,0.3785,541.0504,10.6469,0.0085,535.3146,298.254,0.3594,0.000209,0.0739,0.002,0.3498,ROTATE
492.3303,-163.1597,4.9718,0.3864,518.6858,22.3646,0.0079,538.0767,160.6169,0.3641,0.00033,0.0697,-0.0069,0.3562,ROTATE
496.2611,-82.984,-32.6351,0.3759,504.2088,14.477,0.0105,533.1626,348.586,0.3705,0.000234,0.0669,-0.007,0.3634,ROTATE
499.4058,-27.0747,-69.2081,0.3539,504.9049,0.6961,0.022,524.1095,368.471,0.3729,0.000118,0.0654,-0.0001,0.3658,ROTATE
501.9215,2.9496,-85.179,0.3349,509.1064,4.2016,0.019,515.5912,188.7113,0.3659,0.000356,0.0645,0.0182,0.3589,ROTATE
503.9341,33.5784,-87.7432,0.3303,512.6168,3.5103,0.0046,509.9045,28.5083,0.3563,0.000485,0.0626,0.036,0.3482,ROTATE
505.5442,100.0846,-141.407,0.3239,534.4041,21.7874,0.0064,513.0482,123.2495,0.3438,0.000357,0.059,0.0551,0.3328,ROTATE
506.8322,164.1927,-166.3975,0.3102,558.1454,23.7413,0.0138,523.8356,398.0075,0.3306,0.000205,0.0539,0.0749,0.315,ROTATE
507.8627,229.2885,-216.8149,0.3145,597.9184,39.773,0.0043,542.4382,1077.9277,0.3228,8.7e-05,0.051,0.0997,0.299,ROTATE
508.687,266.3183,-270.2488,0.3132,634.6041,36.6857,0.0012,567.5377,1924.6488,0.3184,5.7e-05,0.0484,0.1265,0.2845,ROTATE
509.3465,262.8234,-287.3584,0.3031,641.159,6.5549,0.0101,593.2462,1744.4792,0.313,4.5e-05,0.0434,0.1512,0.2676,ROTATE
509.8741,232.8837,-249.9398,0.3095,613.7396,27.4194,0.0064,609.1133,884.2325,0.3101,1.6e-05,0.0355,0.1741,0.251,ROTATE
510.2961,211.5101,-209.8331,0.3313,590.9049,22.8347,0.0218,615.6652,388.0687,0.3143,8.8e-05,0.0266,0.2004,0.2365,ROTATE
510.6338,195.3612,-192.7415,0.3421,579.7087,11.1962,0.0108,612.0233,570.3893,0.3198,0.000211,0.0145,0.2254,0.2211,ROTATE
510.9039,182.2984,-191.0901,0.3431,575.1269,4.5818,0.001,600.1278,599.1777,0.3258,0.000275,0.0017,0.2506,0.2023,ROTATE
511.12,176.8606,-188.119,0.3416,572.6361,2.4908,0.0016,586.4232,225.8096,0.3335,0.000163,-0.009,0.2757,0.1811,ROTATE
511.2929,175.5885,-192.9077,0.3471,573.9905,1.3544,0.0055,578.4734,44.2875,0.341,2.7e-05,-0.0157,0.2989,0.1562,ROTATE
511.4312,173.2301,-205.0918,0.3567,577.6099,3.6193,0.0097,575.8145,6.458,0.3461,3.2e-05,-0.021,0.317,0.1282,ROTATE
511.5419,154.7591,-200.4203,0.3733,570.7834,6.8264,0.0166,574.0294,5.3006,0.3524,0.000138,-0.026,0.3339,0.0989,ROTATE
511.6304,130.5104,-182.2112,0.3925,558.5692,12.2143,0.0192,570.7178,41.897,0.3622,0.000346,-0.0314,0.3512,0.0712,ROTATE
511.7012,111.3458,-163.5471,0.4023,548.6198,9.9494,0.0098,565.9146,115.7546,0.3744,0.000434,-0.0365,0.3679,0.0463,ROTATE
511.7578,101.0704,-142.9127,0.3947,540.8654,7.7544,0.0077,559.2896,184.3116,0.3839,0.000276,-0.0408,0.3798,0.0258,ROTATE
511.8031,100.1563,-121.1083,0.3824,535.3886,5.4767,0.0123,550.8452,160.1299,0.389,0.000102,-0.0432,0.3859,0.0088,ROTATE
511.8394,110.4938,-97.0054,0.3657,532.5396,2.849,0.0167,543.1965,89.1394,0.3875,0.00016,-0.0434,0.3846,-0.0053,ROTATE
511.8684,113.1638,-68.4512,0.3639,528.6784,3.8612,0.0018,537.2184,48.2924,0.3818,0.000234,-0.0429,0.3781,-0.0209,ROTATE
511.8916,114.3311,-36.8047,0.3656,525.7939,2.8845,0.0017,532.6532,27.5568,0.3744,0.000148,-0.0407,0.3692,-0.0375,ROTATE
509.1852,117.2086,-3.1125,0.3691,522.5104,3.2835,0.0035,528.9822,21.1679,0.3693,4.6e-05,-0.0394,0.3614,-0.0566,ROTATE
473.2106,126.2981,30.535,0.3694,490.7259,31.7845,0.0003,520.0497,225.8778,0.3667,5e-06,-0.0391,0.3549,-0.077,ROTATE
383.1216,132.7854,62.3624,0.3682,410.2477,80.4782,0.0012,495.5912,2007.7581,0.3672,5e-06,-0.0403,0.3501,-0.099,ROTATE
242.1785,131.7814,90.5962,0.3766,290.2145,120.0332,0.0084,447.8985,7950.1279,0.3698,1.4e-05,-0.0397,0.3468,-0.119,ROTATE
91.3428,131.3033,118.6769,0.3691,199.1689,91.0455,0.0075,382.5735,14842.5107,0.3705,1e-05,-0.0382,0.3423,-0.1346,ROTATE
38.1868,113.3489,136.854,0.36,181.7559,17.413,0.0091,314.4226,14347.0371,0.3687,2.8e-05,-0.0355,0.3376,-0.1429,ROTATE
132.9463,58.4416,133.9457,0.3539,197.5641,15.8082,0.0061,255.7902,7423.8936,0.3656,6.2e-05,-0.0348,0.3337,-0.1448,ROTATE
158.9789,46.2908,123.2097,0.3382,206.3923,8.8281,0.0158,215.0191,1478.2216,0.3596,0.000174,-0.0324,0.329,-0.1409,ROTATE
229.58,54.5857,108.7115,0.3016,259.8168,53.4245,0.0366,208.9396,711.7594,0.3446,0.000564,-0.0289,0.3181,-0.1282,ROTATE
286.0609,84.603,117.5536,0.2713,320.6358,60.819,0.0303,233.233,2597.707,0.325,0.001134,-0.027,0.3031,-0.1135,ROTATE
331.2456,117.8636,138.3772,0.2558,377.8409,57.205,0.0155,272.45,4712.0454,0.3041,0.001413,-0.0246,0.2852,-0.1026,ROTATE
367.3933,144.5409,155.1424,0.2622,424.1923,46.3514,0.0064,317.7756,6141.2007,0.2858,0.000933,-0.0188,0.2665,-0.1002,ROTATE
396.3116,153.5452,160.2046,0.2793,454.2075,30.0152,0.0172,367.3387,4926.1865,0.274,0.000254,-0.0119,0.2509,-0.106,ROTATE
413.5805,142.6924,154.0512,0.2918,463.8337,9.6262,0.0125,408.1421,2811.3403,0.2721,0.000162,-0.0054,0.2414,-0.1209,ROTATE
322.2082,183.9383,169.7159,0.2674,407.9889,55.8449,0.0244,425.6126,974.6551,0.2713,0.000165,0.0006,0.2309,-0.1384,ROTATE
274.5916,206.5632,147.7384,0.265,374.0261,33.9628,0.0024,424.8497,1049.8799,0.2732,0.000122,0.0072,0.2255,-0.1522,ROTATE
200.4639,124.6443,133.7501,0.2802,271.3136,102.7125,0.0152,394.274,4829.5854,0.2768,9.4e-05,0.0139,0.2158,-0.1704,ROTATE
262.768,95.3186,118.2251,0.3018,303.496,32.1824,0.0216,364.1317,4850.7485,0.2812,0.000198,0.0201,0.204,-0.1892,ROTATE
312.6113,68.8236,92.2925,0.2771,333.1372,29.6412,0.0247,337.9923,2371.5144,0.2783,0.00017,0.0269,0.1895,-0.199,ROTATE
352.4859,65.1995,65.7903,0.2579,364.4525,31.3153,0.0192,329.2851,1455.8237,0.2764,0.000226,0.0351,0.1803,-0.2041,ROTATE
384.3856,56.4034,28.7979,0.2623,389.5677,25.1151,0.0044,332.3934,1772.609,0.2759,0.00024,0.0408,0.169,-0.2138,ROTATE
409.9054,28.3289,-15.2836,0.2647,411.1673,21.5997,0.0024,360.3641,1485.1638,0.2728,0.000251,0.0441,0.1621,-0.2147,ROTATE
430.3212,21.8944,-49.7956,0.2462,433.7457,22.5783,0.0185,386.4141,1236.7363,0.2616,0.0001,0.0438,0.1541,-0.2067,ROTATE
446.6538,-12.6939,-78.8021,0.2431,453.7296,19.9839,0.0031,410.5326,993.6263,0.2548,7.5e-05,0.041,0.1459,-0.2045,ROTATE
459.72,-37.402,-100.6479,0.2436,472.0926,18.3629,0.0005,432.0606,863.4245,0.252,9e-05,0.0375,0.1358,-0.2082,ROTATE
470.1729,-65.8528,-110.034,0.2405,487.3465,15.2539,0.0031,451.6164,731.1738,0.2476,7.6e-05,0.0336,0.1222,-0.2115,ROTATE
478.5352,-89.4385,-113.3928,0.2518,499.8531,12.5066,0.0113,469.3535,554.6994,0.245,1.5e-05,0.0288,0.1097,-0.2159,ROTATE
485.225,-111.2383,-123.0111,0.257,512.7855,12.9325,0.0052,485.1615,428.4927,0.2472,3.9e-05,0.0254,0.0983,-0.2245,ROTATE
490.5769,-120.5656,-126.987,0.2578,520.8911,8.1055,0.0007,498.5937,305.7951,0.2501,4.9e-05,0.0208,0.0886,-0.2324,ROTATE
494.8584,-150.8369,-178.5677,0.234,547.287,26.3959,0.0237,513.6326,413.3711,0.2482,8.8e-05,0.0163,0.0732,-0.2356,ROTATE
498.2836,-197.3789,-220.7355,0.2469,579.6284,32.3414,0.0128,532.089,805.6299,0.2495,7.5e-05,0.011,0.0603,-0.2403,ROTATE
501.0238,-234.8125,-234.8477,0.2517,601.095,21.4666,0.0048,552.3374,1140.1663,0.2495,7.5e-05,0.0046,0.0456,-0.2435,ROTATE
503.2159,-252.5344,-225.0532,0.2665,606.3405,5.2455,0.0148,571.0485,1060.4622,0.2514,0.000118,-0.0039,0.0305,-0.2479,ROTATE
483.7383,-250.1681,-204.5832,0.2816,581.757,24.5836,0.0152,583.2216,432.0588,0.2561,0.00027,-0.0138,0.0142,-0.2545,ROTATE
448.0032,-231.3814,-189.629,0.2873,538.7053,43.0516,0.0056,581.5052,567.1935,0.2668,0.000253,-0.0258,0.0047,-0.2645,ROTATE
421.2526,-215.8176,-157.1751,0.2808,498.7334,39.972,0.0065,565.3262,1674.9652,0.2736,0.000167,-0.0376,-0.0029,-0.2702,ROTATE
384.6083,-188.1791,-147.7901,0.2694,452.9645,45.7689,0.0113,535.7001,3066.4114,0.2771,6.2e-05,-0.0472,-0.0108,-0.2723,ROTATE
312.321,-181.4995,-142.4383,0.2611,388.2978,64.6667,0.0083,492.0916,4512.1826,0.276,8.9e-05,-0.0534,-0.02,-0.2696,ROTATE
236.1599,-156.7215,-131.1507,0.2629,312.3038,75.994,0.0017,438.2009,6464.7378,0.2723,0.000103,-0.0581,-0.0283,-0.264,ROTATE
155.5655,-114.8459,-98.658,0.2679,217.0797,95.224,0.0051,373.8758,10085.709,0.2684,4.7e-05,-0.0627,-0.0358,-0.258,ROTATE
41.9899,-61.9518,-65.4952,0.2771,99.4524,117.6273,0.0092,294.0197,15652.458,0.2677,3.2e-05,-0.067,-0.0442,-0.255,ROTATE
-68.8081,-3.1833,-35.0961,0.281,77.3074,22.1451,0.0038,218.8882,14347.877,0.27,6.1e-05,-0.0708,-0.0505,-0.2555,ROTATE
-157.4465,58.1502,-3.3488,0.2745,167.8751,90.5678,0.0065,174.8037,7184.9775,0.2727,4.2e-05,-0.0744,-0.0523,-0.257,ROTATE
-228.3572,120.8983,33.6241,0.2556,260.5648,92.6896,0.0189,164.4559,4767.6382,0.2712,7.9e-05,-0.0757,-0.0501,-0.2555,ROTATE
-285.0858,197.678,67.6899,0.2337,353.4578,92.893,0.0219,191.7315,10614.1699,0.2644,0.000312,-0.0741,-0.04,-0.25,ROTATE
-330.4686,260.5393,130.9769,0.2228,440.7325,87.2747,0.0109,259.9875,16652.5039,0.2535,0.000507,-0.0702,-0.0304,-0.241,ROTATE
-366.7749,275.9877,202.8409,0.1739,501.8341,61.1015,0.0489,344.8929,14467.1299,0.2321,0.001164,-0.064,-0.019,-0.2216,ROTATE
-395.8199,259.0683,237.0603,0.0392,529.1383,27.3042,0.1348,417.1455,9768.9082,0.185,0.006035,-0.0541,-0.0059,-0.1746,ROTATE
-419.0559,254.6703,246.317,0.1006,548.7593,19.621,0.0614,474.7844,5007.5996,0.154,0.005505,-0.0433,0.0086,-0.1075,ROTATE
-437.6447,268.0143,226.8973,0.1529,561.1123,12.353,0.0524,516.3153,1829.2551,0.1379,0.003976,-0.0307,0.0211,-0.0344,ROTATE
-452.5158,288.8052,190.9741,0.1825,569.7808,8.6685,0.0295,542.1249,592.2772,0.1298,0.002865,-0.0171,0.0333,0.0433,ROTATE
-464.4126,285.3473,144.8168,0.2084,563.9806,5.8002,0.0259,554.5543,208.6524,0.1367,0.003663,-0.0064,0.0382,0.118,ROTATE
-473.9301,222.8341,124.3441,0.2441,538.2622,25.7184,0.0358,556.379,129.2146,0.1777,0.002387,-0.0025,0.0356,0.1717,ROTATE
-464.3253,165.5423,110.3565,0.2748,505.1543,33.1079,0.0306,547.658,566.342,0.2125,0.001869,-0.0009,0.0321,0.208,ROTATE
-473.8603,123.9932,88.7165,0.2758,497.7836,7.3707,0.001,534.9923,867.2092,0.2371,0.001355,-0.0025,0.0216,0.2349,ROTATE
-481.4882,76.5571,89.0263,0.2948,495.5982,2.1854,0.019,520.1558,715.4182,0.2596,0.000919,-0.0055,0.0129,0.259,ROTATE
-487.5906,35.5019,83.5085,0.2897,495.9623,0.3641,0.005,506.5522,263.3006,0.2758,0.000311,-0.0076,0.0055,0.2755,ROTATE
-492.4725,8.4515,89.8256,0.3052,500.6688,4.7065,0.0155,499.0334,12.5867,0.2881,0.000134,-0.0077,-0.0019,0.2873,ROTATE
-496.378,-2.8544,98.7261,0.3289,506.1088,5.44,0.0237,499.2243,15.0694,0.2989,0.000316,-0.0077,-0.015,0.2977,ROTATE
-499.5024,-2.3992,105.2809,0.3519,510.4826,4.3738,0.023,501.7641,33.5533,0.3141,0.000539,-0.0071,-0.0283,0.3119,ROTATE
-502.0019,-1.4099,110.2716,0.3696,513.9725,3.4899,0.0177,505.439,42.2538,0.3291,0.000857,-0.0061,-0.0447,0.3255,ROTATE
-504.0015,-13.9155,61.2298,0.3899,507.8979,6.0746,0.0203,507.8261,19.8033,0.3491,0.000886,-0.0011,-0.0468,0.3454,ROTATE
-505.6012,-13.3886,23.3463,0.3906,506.317,1.5809,0.0007,508.9557,8.7372,0.3662,0.000553,0.0061,-0.0501,0.362,ROTATE
-506.881,-22.8328,11.927,0.3877,507.5352,1.2181,0.0029,509.241,7.4384,0.378,0.000229,0.014,-0.0572,0.3724,ROTATE
-507.9048,-27.1162,4.0041,0.3806,508.6439,1.1087,0.0071,508.8733,7.0662,0.3837,6.2e-05,0.0217,-0.0681,0.3754,ROTATE
-508.7238,-34.3023,-4.7029,0.3784,509.9007,1.2568,0.0022,508.0589,1.4137,0.3854,2.5e-05,0.0282,-0.0846,0.3717,ROTATE
-509.3791,-38.0669,-21.0499,0.3887,511.233,1.3324,0.0103,508.7259,2.9786,0.3852,2.3e-05,0.0297,-0.1193,0.3609,ROTATE
-509.9033,-37.0535,-43.193,0.4236,513.0692,1.8361,0.0349,510.0764,3.7671,0.3918,0.000269,0.0278,-0.1573,0.3533,ROTATE
-510.3226,-15.2366,-57.4794,0.4442,513.7755,0.7063,0.0206,511.3244,3.6545,0.4031,0.000688,0.0258,-0.196,0.3474,ROTATE
-510.6581,13.7608,-69.9367,0.4486,515.6085,1.8331,0.0043,512.7174,3.9478,0.4167,0.000815,0.0242,-0.2336,0.3411,ROTATE
-510.9265,34.4992,-76.8056,0.4588,517.8176,2.2091,0.0102,514.3008,5.0565,0.4328,0.000618,0.0224,-0.2706,0.3339,ROTATE
-511.1412,33.7713,-69.707,0.4644,516.9767,0.8409,0.0056,515.4495,3.2868,0.4479,0.000199,0.0216,-0.3059,0.3223,ROTATE
-511.3129,22.4951,-64.0718,0.4546,515.8024,1.1743,0.0098,515.9961,1.8797,0.4541,5.1e-05,0.0238,-0.3358,0.299,ROTATE
-511.4503,-0.9445,-77.0575,0.4365,517.2235,1.4211,0.0181,516.6857,0.7191,0.4526,9.1e-05,0.0266,-0.3607,0.2638,ROTATE
-511.5603,-11.44,-99.0835,0.4823,521.1932,3.9697,0.0458,517.8027,3.3029,0.4593,0.000219,0.0299,-0.3914,0.2281,ROTATE
-511.6482,6.7261,-69.6824,0.5157,516.4153,4.7778,0.0334,517.5222,3.6091,0.4707,0.000724,0.033,-0.4227,0.1939,ROTATE
-511.7186,6.6903,-37.5584,0.5167,513.1387,3.2767,0.0011,516.7546,6.8035,0.4812,0.00103,0.0351,-0.4492,0.1596,ROTATE
-511.7748,6.646,1.6751,0.5021,511.8207,1.3179,0.0146,515.9583,10.8567,0.4907,0.000887,0.0359,-0.4708,0.1249,ROTATE
-511.8199,-8.3301,29.2245,0.488,512.7213,0.9005,0.0141,515.0578,11.8214,0.501,0.000196,0.0375,-0.488,0.0919,ROTATE
-511.8559,-29.2016,53.0827,0.4861,515.4289,2.7076,0.0019,513.905,2.9913,0.5017,0.00017,0.0375,-0.4935,0.0559,ROTATE
-511.8847,-52.505,66.7412,0.4849,518.8806,3.4517,0.0011,514.3981,6.4392,0.4956,0.00015,0.0373,-0.4906,0.0188,ROTATE
-511.9078,-55.204,70.7898,0.4758,519.7194,0.8388,0.0091,515.7142,10.0532,0.4874,7.2e-05,0.0367,-0.4837,-0.016,ROTATE
-511.9262,-47.182,67.5881,0.4584,518.5198,1.1996,0.0175,517.054,6.8006,0.4787,0.000121,0.0355,-0.4732,-0.0487,ROTATE
-511.941,-32.8456,56.7611,0.4348,516.1242,2.3956,0.0236,517.7346,2.7558,0.468,0.000375,0.0344,-0.4581,-0.0775,ROTATE
-511.9528,-25.164,11.4214,0.4246,512.6981,3.4261,0.0102,517.1884,6.4676,0.4557,0.000535,0.0361,-0.4368,-0.1098,ROTATE
-511.9622,-34.2093,-37.3098,0.4441,514.4586,1.7605,0.0195,516.304,6.6031,0.4475,0.000324,0.0402,-0.4167,-0.1445,ROTATE
-511.9698,-51.8143,-74.4009,0.4488,519.9359,5.4773,0.0048,516.3473,6.9063,0.4421,0.000135,0.0439,-0.3991,-0.1769,ROTATE
-511.9758,-67.8421,-85.3176,0.442,523.451,3.5151,0.0068,517.3336,15.0822,0.4389,7.1e-05,0.0444,-0.3837,-0.2044,ROTATE
-511.9807,-68.6924,-58.9041,0.4388,519.9159,3.5351,0.0032,518.0919,15.5483,0.4397,6.7e-05,0.0402,-0.3718,-0.2293,ROTATE
-511.9845,-60.0821,-3.617,0.4358,515.5105,4.4054,0.0031,518.6544,10.746,0.4419,2e-05,0.0336,-0.3622,-0.2486,ROTATE
-511.9876,-50.8906,47.7001,0.4274,516.717,1.2065,0.0084,519.106,7.7717,0.4386,5e-05,0.0259,-0.3459,-0.2652,ROTATE
-511.9901,-48.9156,85.9913,0.4142,521.4605,4.7435,0.0132,519.411,8.6497,0.4316,0.0001,0.0195,-0.3219,-0.2832,ROTATE
-511.9921,-51.5888,109.99,0.3965,526.2082,4.7477,0.0176,519.9625,14.3217,0.4226,0.000242,0.0172,-0.2936,-0.2996,ROTATE
-511.9937,-44.271,122.6513,0.3674,528.3378,2.1296,0.0292,521.6469,25.5135,0.4083,0.000594,0.0174,-0.2615,-0.3098,ROTATE
-312.2387,-78.6324,131.7367,0.3536,347.8946,180.4432,0.0137,488.1236,4932.1455,0.3918,0.000769,0.0158,-0.2277,-0.3157,ROTATE
-308.0503,-82.4497,129.405,0.3619,344.1491,3.7455,0.0083,453.61,7723.1743,0.3787,0.000523,0.0123,-0.1925,-0.3228,ROTATE
-348.8403,-62.6723,116.1646,0.3492,372.9766,28.8275,0.0127,423.9133,7220.8877,0.3657,0.000277,0.007,-0.1593,-0.3259,ROTATE
-381.4722,-18.4222,110.4598,0.3383,397.5699,24.5933,0.0109,398.1856,4604.918,0.3541,0.000102,0.0005,-0.1301,-0.3266,ROTATE
-353.9153,-12.6096,102.8522,0.3357,368.7731,28.7968,0.0025,366.2726,371.5836,0.3477,9.4e-05,-0.0059,-0.1043,-0.3298,ROTATE
-315.9885,-28.8658,92.8599,0.3478,330.6129,38.1602,0.0121,362.8163,546.4095,0.3466,8.6e-05,-0.0103,-0.0827,-0.3355,ROTATE
-246.5845,-65.9489,82.1067,0.3554,268.1319,62.4811,0.0076,347.6129,2038.6013,0.3453,5.3e-05,-0.0134,-0.0665,-0.3379,ROTATE
-224.1645,-98.3279,55.0291,0.342,250.891,17.2408,0.0134,323.1957,3184.7651,0.3438,5e-05,-0.0142,-0.0496,-0.3391,ROTATE
-207.4941,-96.9342,9.7545,0.3087,229.2274,21.6636,0.0333,289.5273,2710.9063,0.3379,0.000256,-0.0159,-0.0322,-0.335,ROTATE
-182.8422,-74.4223,51.6411,0.3193,204.0509,25.1765,0.0106,256.5828,1830.8324,0.3346,0.000313,-0.0222,-0.0307,-0.3314,ROTATE
-248.6737,-56.6129,98.5535,0.2968,273.4163,69.3654,0.0225,245.1435,660.5551,0.3244,0.000461,-0.0269,-0.0275,-0.3211,ROTATE
-301.339,-20.3247,126.0116,0.2765,327.2571,53.8408,0.0203,256.9685,1763.559,0.3087,0.000479,-0.03,-0.023,-0.3054,ROTATE
-343.4712,-3.7285,143.1124,0.2793,372.1122,44.8552,0.0027,281.2128,3820.0034,0.2961,0.000273,-0.0327,-0.0211,-0.2927,ROTATE
-377.1769,7.9672,153.5024,0.2745,407.2946,35.1824,0.0048,316.8262,5190.5171,0.2893,0.000288,-0.0332,-0.0196,-0.2857,ROTATE
-404.1415,-2.4731,160.3363,0.278,434.7922,27.4976,0.0034,362.9745,3300.3921,0.281,6.5e-05,-0.0292,-0.0007,-0.2782,ROTATE
-425.7132,-25.9035,158.8815,0.2784,455.133,20.3409,0.0005,399.3178,2074.0581,0.2773,3e-06,-0.0274,0.0205,-0.2734,ROTATE
-442.9706,-47.9509,147.9427,0.2723,469.4777,14.3446,0.0062,427.762,1210.9204,0.2765,7e-06,-0.0298,0.043,-0.269,ROTATE
-456.7765,-70.5701,125.9073,0.2525,479.0381,9.5605,0.0197,449.1471,660.066,0.2711,9.2e-05,-0.0329,0.0662,-0.2577,ROTATE
-467.8212,-29.703,111.0196,0.2579,481.7305,2.6924,0.0054,464.0343,300.447,0.2678,0.000113,-0.0362,0.0916,-0.2454,ROTATE
-476.6569,20.8283,131.0032,0.2738,494.7701,13.0396,0.0159,476.0299,174.4706,0.267,9.9e-05,-0.0391,0.1186,-0.2321,ROTATE
-483.7255,50.4751,153.5307,0.2894,510.0096,15.2395,0.0156,487.0052,197.6017,0.2692,0.000169,-0.0407,0.1461,-0.2182,ROTATE
-489.3804,67.9457,171.3558,0.3033,522.9461,12.9365,0.0139,497.6989,280.1535,0.2754,0.000361,-0.0385,0.1765,-0.2028,ROTATE
-493.9044,74.7253,181.0159,0.325,531.3117,8.3656,0.0217,508.1536,327.1718,0.2899,0.000539,-0.0351,0.2111,-0.1888,ROTATE
-497.5235,70.1928,182.1658,0.345,534.454,3.1423,0.02,518.6983,214.687,0.3073,0.000638,-0.0309,0.2464,-0.1727,ROTATE
-500.4188,53.3198,167.5983,0.3563,530.4255,4.0285,0.0114,525.8293,76.8284,0.3238,0.000622,-0.0251,0.2799,-0.1516,ROTATE
-502.735,27.2309,146.7786,0.3651,524.4312,5.9943,0.0087,528.7137,18.8472,0.339,0.000497,-0.0176,0.3099,-0.1264,ROTATE
-504.588,-3.9528,130.1229,0.3628,521.111,3.3201,0.0023,528.3467,23.6196,0.3509,0.000215,-0.0083,0.3329,-0.0987,ROTATE
-506.0704,-15.781,126.0671,0.365,521.7751,0.6641,0.0022,526.4393,26.8606,0.3588,5.8e-05,0.0014,0.3485,-0.0704,ROTATE
-507.2563,26.0002,98.9724,0.38,517.4752,4.2999,0.015,523.0436,18.5538,0.3659,6e-05,0.0125,0.3604,-0.0443,ROTATE
-508.2051,123.197,86.1654,0.3855,529.9758,12.5007,0.0055,522.9537,17.2584,0.3717,8.5e-05,0.0193,0.369,-0.0194,ROTATE
-508.9641,200.9545,88.8823,0.398,554.371,24.3951,0.0125,528.9416,178.3757,0.3783,0.000171,0.0209,0.3754,0.011,ROTATE
-509.5712,236.3761,74.5403,0.4361,566.6505,12.2795,0.0381,538.0495,367.5498,0.3929,0.000578,0.0166,0.3853,0.048,ROTATE
-510.057,221.1696,35.251,0.4714,557.0608,9.5897,0.0353,545.1066,337.0611,0.4142,0.001202,0.0098,0.3969,0.0919,ROTATE
-510.4456,188.8232,-20.7211,0.4897,544.6451,12.4157,0.0183,550.5406,154.8758,0.4361,0.001628,-0.0001,0.4042,0.144,ROTATE
-510.7565,140.4211,-58.8206,0.469,532.9635,11.6816,0.0207,551.1382,131.7276,0.4528,0.001052,-0.0073,0.4039,0.1937,ROTATE
-511.0052,71.2962,-84.2315,0.5256,522.7852,10.1783,0.0566,544.821,250.5089,0.4784,0.000856,-0.0098,0.3994,0.2528,ROTATE
-511.2042,86.6057,-133.504,0.5601,535.4004,12.6152,0.0346,538.571,133.8909,0.5032,0.001221,-0.0118,0.3867,0.3112,ROTATE
-500.8946,112.3596,-149.9438,0.5351,534.7927,0.6077,0.0251,534.1174,48.5368,0.5159,0.001061,-0.0144,0.361,0.3586,ROTATE
-503.1157,151.6314,-155.255,0.5246,547.9248,13.1321,0.0105,534.7733,64.069,0.5229,0.00089,-0.018,0.3297,0.3977,ROTATE
-504.8925,209.3458,-178.4259,0.5384,574.959,27.0342,0.0139,543.1724,315.8475,0.5367,0.000165,-0.0232,0.3015,0.4395,ROTATE
-506.314,256.5704,-218.7095,0.5423,608.2895,33.3304,0.0038,560.2733,788.3271,0.5401,0.000135,-0.0323,0.2725,0.4627,ROTATE
-507.4512,285.7188,-259.5051,0.5023,637.5616,29.2722,0.04,580.7055,1441.8164,0.5285,0.000207,-0.0408,0.239,0.4678,ROTATE
-508.361,230.3376,-229.5884,0.3965,603.4875,34.0742,0.1057,594.4445,935.2625,0.5008,0.002915,-0.0488,0.1947,0.4555,ROTATE
-460.2544,153.67,-166.7051,0.368,513.0684,90.4191,0.0285,587.4732,1778.2605,0.4695,0.005348,-0.0565,0.1487,0.4364,ROTATE
-360.916,80.2204,-99.7485,0.3491,382.9432,130.1252,0.0189,549.07,8638.6426,0.4316,0.005863,-0.0647,0.1029,0.4085,ROTATE
-268.5891,22.6107,-49.3644,0.3426,274.0222,108.9209,0.0065,482.2166,18598.1289,0.3917,0.003406,-0.0707,0.0602,0.3766,ROTATE
-177.8275,-18.4677,-25.3197,0.3562,180.5679,93.4543,0.0136,390.8178,23616.3652,0.3625,0.000361,-0.0747,0.0283,0.3528,ROTATE
-119.0245,-73.9804,-23.8589,0.3332,142.159,38.4089,0.023,298.5522,18423.9766,0.3498,0.00014,-0.0779,0.0175,0.3405,ROTATE
-128.1696,-161.5843,-16.6371,0.2711,206.9148,64.7558,0.062,237.3214,7150.8101,0.3304,0.000937,-0.0775,0.0123,0.3209,ROTATE
-204.9357,-231.6674,1.1185,0.2384,309.3052,102.3904,0.0327,222.5938,3729.1028,0.3083,0.002071,-0.0742,0.0087,0.299,ROTATE
-266.3486,-287.734,-5.399,0.2765,392.1244,82.8192,0.0381,246.2143,8390.3252,0.2951,0.001863,-0.0647,0.0074,0.2873,ROTATE
-315.4789,-255.3434,-31.2161,0.3523,407.0646,14.9402,0.0758,291.5136,10650.9736,0.2943,0.001769,-0.0514,-0.0011,0.2882,ROTATE
-354.7831,-178.0185,-36.8447,0.3761,398.6467,8.418,0.0238,342.8111,5853.6753,0.3029,0.002732,-0.0387,-0.0176,0.2977,ROTATE
-386.2265,-114.2335,-31.2945,0.3723,403.9796,5.3329,0.0038,382.2241,1355.0474,0.3231,0.003085,-0.0249,-0.0342,0.3179,ROTATE
-411.3812,-75.49,-36.0731,0.3631,419.8029,15.8233,0.0092,404.3236,85.6575,0.3481,0.001348,-0.011,-0.0525,0.3419,ROTATE
-431.5049,-53.867,-23.8241,0.3491,435.5063,15.7035,0.014,413.0,175.0858,0.3626,0.000113,-0.0042,-0.0797,0.3515,ROTATE
-447.6039,-44.1217,4.3876,0.334,449.7947,14.2883,0.0151,421.546,365.775,0.3589,0.000242,-0.0003,-0.1068,0.34,ROTATE
-460.4832,-38.2786,33.5663,0.3166,463.289,13.4943,0.0174,434.4745,442.2485,0.347,0.0004,0.005,-0.1298,0.3182,ROTATE
-470.7865,-51.4229,56.803,0.3028,476.981,13.692,0.0137,449.0748,404.453,0.3331,0.00047,0.0084,-0.1538,0.2907,ROTATE
-479.0292,-78.9664,69.6862,0.3133,490.4701,13.4891,0.0105,463.2082,376.0441,0.3232,0.000269,0.0111,-0.1806,0.2629,ROTATE
-485.6234,-99.6982,86.374,0.3268,503.2199,12.7498,0.0134,476.7509,359.3472,0.3187,0.000117,0.0144,-0.2049,0.2389,ROTATE
-490.8987,-95.8648,88.2117,0.3412,507.8906,4.6707,0.0145,488.3701,272.95,0.3202,0.000169,0.016,-0.2286,0.2198,ROTATE
-495.119,-125.4356,82.7225,0.3548,517.4166,9.5259,0.0136,499.1956,198.6852,0.3278,0.000349,0.0176,-0.2522,0.2065,ROTATE
-498.4952,-140.2735,66.3998,0.3611,522.0948,4.6783,0.0062,508.2184,123.4516,0.3395,0.00031,0.0182,-0.275,0.1963,ROTATE
-501.1961,-141.4906,39.748,0.3669,522.2998,0.205,0.0059,514.5844,59.5829,0.3502,0.00021,0.0205,-0.2963,0.1823,ROTATE
-503.3569,-117.8956,1.5109,0.3743,516.9814,5.3184,0.0074,517.3366,27.3267,0.3597,0.000126,0.0271,-0.3164,0.1625,ROTATE
-505.0855,-69.929,-41.3882,0.3741,511.5803,5.4011,0.0003,518.0746,15.5637,0.3662,5.7e-05,0.0369,-0.334,0.133,ROTATE
-506.4684,-46.662,-65.7262,0.3672,512.8426,1.2623,0.0069,517.1598,20.115,0.3687,2.5e-05,0.0459,-0.3471,0.093,ROTATE
-507.5747,-58.7921,-75.2309,0.3688,516.4768,3.6342,0.0016,516.0362,14.0749,0.3702,1.1e-05,0.0544,-0.3558,0.0468,ROTATE
-508.4598,-95.1868,-71.8285,0.3906,522.2559,5.7791,0.0218,516.0274,13.9652,0.375,6.9e-05,0.0608,-0.3629,-0.001,ROTATE
-509.1678,-156.5869,-72.3003,0.4034,537.586,15.3301,0.0127,520.1483,89.7558,0.3808,0.000196,0.07,-0.3648,-0.0499,ROTATE
-509.7343,-225.0258,-98.6496,0.4072,565.8599,28.2739,0.0038,531.0042,375.1318,0.3874,0.000283,0.0749,-0.3626,-0.0961,ROTATE
-510.1874,-269.6769,-147.2072,0.3979,595.5558,29.696,0.0093,547.5469,868.8856,0.3936,0.000185,0.0776,-0.3593,-0.1315,ROTATE
-510.5499,-275.8759,-187.9595,0.385,609.998,14.4421,0.0129,566.2511,1105.995,0.3968,6.6e-05,0.076,-0.3562,-0.1535,ROTATE
-510.8399,-238.3945,-191.7645,0.3845,595.4519,14.5461,0.0006,580.8903,675.1105,0.3956,8.7e-05,0.0718,-0.3503,-0.1673,ROTATE
-511.072,-143.3,-157.9366,0.3842,553.781,41.6709,0.0003,584.1293,436.5495,0.3918,8.6e-05,0.0612,-0.3443,-0.1757,ROTATE
-511.2576,-38.9837,-116.2305,0.3756,525.7505,28.0305,0.0086,576.1075,987.062,0.3854,5.1e-05,0.0528,-0.3363,-0.1797,ROTATE
-511.4061,29.3724,-72.9782,0.3865,517.4212,8.3293,0.0108,560.4805,1356.0281,0.3832,1.5e-05,0.0476,-0.3258,-0.1926,ROTATE
-510.2123,58.251,-36.2544,0.3893,514.805,2.6162,0.0029,541.4419,920.4147,0.384,2.1e-05,0.0476,-0.3089,-0.2167,ROTATE
-510.5699,81.5946,-23.2379,0.3986,517.5706,2.7656,0.0093,525.8656,208.3471,0.3868,5.5e-05,0.0515,-0.2866,-0.2468,ROTATE
-510.8559,119.36,-15.0466,0.3902,524.8304,7.2599,0.0084,520.0755,19.1827,0.388,5.5e-05,0.0557,-0.2617,-0.2747,ROTATE
-511.0847,146.4568,5.3409,0.3855,531.6819,6.8515,0.0046,521.2618,38.2761,0.39,2.1e-05,0.0586,-0.2379,-0.3,ROTATE
-482.2334,119.3936,34.7758,0.4105,498.0093,33.6727,0.0249,517.3794,128.3893,0.3948,7.9e-05,0.0597,-0.2157,-0.3232,ROTATE
-390.3055,3.0523,63.0394,0.4369,395.3753,102.634,0.0264,493.4935,2533.5278,0.4043,0.000337,0.0593,-0.1956,-0.3469,ROTATE
-377.685,-92.005,52.6472,0.418,392.2787,3.0966,0.0188,468.4351,3838.5527,0.4082,0.000353,0.0587,-0.1714,-0.363,ROTATE
-364.7042,-152.9571,1.3333,0.3811,395.483,3.2043,0.037,442.5656,3597.6379,0.4064,0.000432,0.056,-0.1424,-0.373,ROTATE
-296.6228,-156.1376,-53.1802,0.3154,339.3997,56.0833,0.0657,404.1092,2659.0396,0.3924,0.001804,0.0481,-0.1204,-0.3682,ROTATE
-197.6576,-82.8507,-3.216,0.3016,214.3434,125.0563,0.0138,347.376,4879.1514,0.3706,0.002913,0.0428,-0.1092,-0.3499,ROTATE
-137.248,-9.1743,38.7459,0.2875,142.907,71.4364,0.0141,296.8824,10230.2715,0.3407,0.002523,0.0389,-0.097,-0.3229,ROTATE
-93.1359,34.4418,51.4186,0.2793,111.8231,31.0839,0.0081,240.7913,12113.3535,0.313,0.001311,0.0333,-0.0894,-0.2967,ROTATE
-73.1274,49.6128,63.5068,0.2774,108.8217,3.0014,0.002,183.459,7523.6484,0.2922,0.000207,0.0292,-0.0894,-0.2759,ROTATE
-116.1426,46.4528,75.121,0.2881,145.9114,37.0897,0.0108,144.7613,1444.6028,0.2868,7.3e-05,0.0306,-0.0848,-0.2713,ROTATE
-195.3141,21.031,88.45,0.2901,215.4374,69.526,0.002,144.9801,1475.2429,0.2845,2.6e-05,0.0301,-0.0719,-0.2732,ROTATE
-258.6512,-6.6659,106.8818,0.2857,279.944,64.5066,0.0044,172.3875,4366.2666,0.2841,2.5e-05,0.0272,-0.0661,-0.2749,ROTATE
-309.321,-36.4577,126.1898,0.2825,336.0544,56.1104,0.0031,217.2337,6978.8369,0.2848,2e-05,0.0241,-0.0637,-0.2764,ROTATE
-349.8568,-78.2068,130.455,0.2728,381.49,45.4356,0.0098,271.7674,7050.3032,0.2838,3.7e-05,0.0214,-0.0567,-0.277,ROTATE
-382.2855,-100.5623,106.0484,0.2574,409.2691,27.7792,0.0154,324.439,4889.4072,0.2777,0.000135,0.0192,-0.0432,-0.2723,ROTATE
-408.2284,-110.4811,39.1981,0.2385,424.7269,15.4578,0.019,366.2969,2772.5903,0.2674,0.000306,0.0172,-0.0285,-0.2634,ROTATE
-428.9827,-126.4067,-9.7415,0.2361,447.325,22.5981,0.0024,399.7731,1473.6815,0.2575,0.000336,0.0148,-0.011,-0.2551,ROTATE
-445.5862,-145.3192,-28.6995,0.2363,469.5619,22.2368,0.0002,426.4746,922.7906,0.2482,0.000215,0.0116,0.0085,-0.2467,ROTATE
-458.8689,-124.5835,-14.7377,0.2496,475.7089,6.147,0.0134,445.3184,647.7824,0.2436,7.3e-05,0.0067,0.0256,-0.2412,ROTATE
-469.4951,-92.5793,18.3755,0.2593,478.8886,3.1797,0.0096,459.2423,419.39,0.2439,8.4e-05,0.0001,0.0399,-0.2393,ROTATE
-477.9961,-67.3853,55.991,0.2643,485.9589,7.0703,0.005,471.4887,173.9101,0.2491,0.000133,-0.0076,0.059,-0.2399,ROTATE
-484.7969,-61.1239,80.7147,0.2712,495.2565,9.2976,0.0069,481.075,78.2193,0.2561,0.000148,-0.0134,0.0841,-0.2385,ROTATE
-490.2375,-55.9178,96.9342,0.2919,502.8478,7.5912,0.0207,487.7321,102.2021,0.2672,0.000201,-0.0188,0.1122,-0.2379,ROTATE
-494.59,-48.928,104.388,0.3124,507.8485,5.0007,0.0205,494.1601,112.9058,0.2798,0.000389,-0.0232,0.143,-0.2354,ROTATE
-498.072,-41.8612,109.2104,0.3334,511.62,3.7715,0.021,500.7064,84.3781,0.2946,0.00066,-0.0263,0.1753,-0.2321,ROTATE
-500.8576,-20.6233,119.434,0.3568,515.3136,3.6936,0.0234,506.5773,49.0873,0.3131,0.000906,-0.0246,0.209,-0.2292,ROTATE
-503.0861,-46.0955,109.5597,0.3412,516.9369,1.6233,0.0155,510.9134,26.1182,0.3271,0.000516,-0.022,0.237,-0.2211,ROTATE
-504.8689,-56.6295,110.5071,0.3475,519.9147,2.9778,0.0062,514.3268,17.6613,0.3383,0.000226,-0.0188,0.2615,-0.2101,ROTATE
-506.2951,-68.7068,118.0526,0.3527,524.3965,4.4818,0.0052,517.6364,18.5945,0.3463,6.9e-05,-0.0145,0.2835,-0.1942,ROTATE
-507.4361,-79.1123,131.6764,0.357,530.1781,5.7816,0.0043,521.348,29.0381,0.351,3.6e-05,-0.0097,0.3025,-0.1735,ROTATE
-508.3489,-65.6461,107.9193,0.342,523.8077,6.3704,0.0149,523.0468,20.0794,0.3481,3.7e-05,-0.0064,0.3132,-0.1468,ROTATE
-509.0791,6.8706,74.5354,0.3394,514.5525,9.2552,0.0027,522.5699,26.8165,0.3477,4.2e-05,-0.0049,0.3226,-0.1232,ROTATE
-509.6633,86.2278,47.319,0.3742,519.0674,4.5149,0.0348,522.4005,27.8313,0.3531,0.000154,-0.0047,0.3364,-0.1007,ROTATE
-510.1306,171.3791,0.8239,0.4184,538.1494,19.082,0.0442,525.151,69.0744,0.3662,0.000835,-0.0062,0.3554,-0.0828,ROTATE
-510.5045,221.4908,-61.1377,0.4382,559.8311,21.6817,0.0198,531.0817,269.3893,0.3824,0.001591,-0.0088,0.3756,-0.068,ROTATE
-510.8036,216.4926,-86.8227,0.4106,561.5403,1.7093,0.0276,538.6281,387.4044,0.3961,0.001235,-0.0156,0.3913,-0.0574,ROTATE
-511.0429,180.6222,-69.6675,0.3753,546.4822,15.0582,0.0353,545.014,243.0342,0.4033,0.000626,-0.0211,0.3993,-0.051,ROTATE
-511.2343,111.7322,-72.4028,0.4383,528.2866,18.1956,0.063,546.8579,160.9499,0.4162,0.000536,-0.0187,0.4131,-0.034,ROTATE
-465.3718,111.3889,-90.4222,0.4277,486.9852,41.3014,0.0106,536.6251,758.0195,0.418,0.000559,-0.0173,0.4157,-0.015,ROTATE
-474.6974,108.0955,-117.7409,0.4385,500.8844,13.8992,0.0107,524.8358,766.8067,0.4181,0.000561,-0.0161,0.4155,0.0085,ROTATE
-482.158,88.8607,-89.9146,0.3864,498.4548,2.4297,0.0521,512.2186,477.361,0.4132,0.000727,-0.0152,0.41,0.0294,ROTATE
-488.1264,59.2011,-41.8254,0.3893,493.479,4.9758,0.0029,501.618,200.4244,0.416,0.000546,-0.0152,0.41,0.059,ROTATE
-492.9011,44.0171,-18.2572,0.4242,495.1993,1.7203,0.0349,495.0005,22.6304,0.4132,0.000452,-0.021,0.4003,0.0877,ROTATE
-496.7209,46.595,-41.7183,0.4449,500.6427,5.4435,0.0207,497.7321,8.6871,0.4166,0.000599,-0.0251,0.3945,0.1206,ROTATE
-499.7767,43.9135,-72.2652,0.4379,506.8801,6.2373,0.007,498.9312,21.999,0.4165,0.000594,-0.0284,0.3846,0.1494,ROTATE
-502.2214,34.2964,-85.2309,0.411,510.5555,3.6754,0.0269,501.3513,43.1213,0.4215,0.000394,-0.0315,0.3766,0.1819,ROTATE
-504.1771,26.4215,-69.5629,0.3858,509.6387,0.9167,0.0252,504.5833,34.0174,0.4207,0.000441,-0.0358,0.3605,0.2093,ROTATE
-467.4573,-22.5722,-12.3066,0.3638,468.1638,41.475,0.0219,499.1762,252.4447,0.4087,0.000941,-0.0409,0.3346,0.226,ROTATE
-271.569,-84.0671,22.9391,0.3725,285.2073,182.9565,0.0086,456.0891,7552.0532,0.3942,0.000731,-0.0446,0.3082,0.2377,ROTATE
-137.877,-122.7693,35.1326,0.3551,187.9273,97.2799,0.0174,392.2985,17349.0156,0.3776,0.000381,-0.0451,0.2833,0.2441,ROTATE
-41.6704,-126.0592,27.5779,0.3561,135.6019,52.3254,0.001,317.3078,22107.0977,0.3667,0.00013,-0.0422,0.2665,0.2479,ROTATE
-2.6426,-99.1099,21.4748,0.3506,101.4442,34.1578,0.0055,235.6689,17363.3672,0.3596,5.9e-05,-0.0375,0.2567,0.2488,ROTATE
15.6485,-45.6129,17.3705,0.341,51.2557,50.1885,0.0096,152.2873,6401.7495,0.3551,0.000104,-0.0317,0.251,0.2488,ROTATE
41.9969,6.1441,14.5745,0.335,44.8765,6.3791,0.006,104.2211,2865.2627,0.3476,6.8e-05,-0.0263,0.2444,0.2455,ROTATE
14.3756,43.6371,9.8096,0.3305,46.9796,2.1031,0.0045,76.0316,1324.5845,0.3427,9e-05,-0.0232,0.2404,0.2429,ROTATE
-41.2995,58.8722,-1.1054,0.3175,71.9222,24.9426,0.013,63.2956,456.0327,0.3349,0.000121,-0.0213,0.2371,0.2352,ROTATE
-135.4396,60.0196,-0.0781,0.2992,148.1427,76.2204,0.0183,72.6353,1517.5437,0.3247,0.000222,-0.019,0.2343,0.2234,ROTATE
-210.7517,53.6282,13.7938,0.273,217.9048,69.7622,0.0262,105.9652,4535.8936,0.3111,0.000516,-0.0168,0.2291,0.2094,ROTATE
-271.0013,37.7276,36.3694,0.2494,276.0214,58.1166,0.0237,152.1942,7436.2358,0.2939,0.000869,-0.0143,0.2192,0.1952,ROTATE
-319.2011,11.0602,56.1393,0.2343,324.2889,48.2675,0.0151,207.656,8069.5195,0.2747,0.000942,-0.012,0.2028,0.1844,ROTATE
-357.7609,-19.8644,66.2395,0.2366,364.3832,40.0943,0.0023,266.1482,5876.1318,0.2585,0.000604,-0.0093,0.1827,0.1812,ROTATE
-388.6087,-17.6196,60.3698,0.2387,393.6644,29.2813,0.0021,315.2525,3931.9106,0.2464,0.000204,-0.0072,0.1595,0.1847,ROTATE
-413.287,4.4606,53.6271,0.2615,416.7755,23.1111,0.0228,355.0267,2515.9968,0.2441,0.000103,-0.007,0.1358,0.1982,ROTATE
-433.0296,62.3653,30.7173,0.2853,438.5745,21.799,0.0237,387.5373,1606.7375,0.2513,0.000385,-0.0083,0.1119,0.2198,ROTATE
-448.8237,90.8704,52.6426,0.3139,460.9461,22.3716,0.0286,414.8687,1137.428,0.2672,0.000858,-0.0106,0.0936,0.2465,ROTATE
-461.4589,101.2901,40.9984,0.3172,474.2203,13.2742,0.0033,436.8362,849.6227,0.2833,0.00091,-0.0119,0.0774,0.2705,ROTATE
-471.5671,83.4852,21.4394,0.3159,479.3798,5.1595,0.0012,453.9792,544.9695,0.2987,0.000486,-0.0134,0.0631,0.291,ROTATE
-479.6537,51.6944,-3.8329,0.319,482.4466,3.0668,0.0031,467.1135,257.7165,0.3102,0.000159,-0.0142,0.0501,0.3053,ROTATE
-486.123,18.193,-28.2069,0.3224,487.2804,4.8338,0.0034,476.8546,81.2725,0.3177,8e-06,-0.0147,0.0374,0.3141,ROTATE
-491.2984,6.7544,-49.3405,0.3207,493.816,6.5356,0.0017,483.4286,44.9768,0.319,5e-06,-0.0141,0.0187,0.3167,ROTATE
-495.4387,-14.7308,-79.5412,0.3237,501.9993,8.1833,0.003,488.9844,66.1256,0.3203,7e-06,-0.0133,-0.0053,0.3179,ROTATE
-498.751,-38.0097,-117.7517,0.3245,513.8704,11.871,0.0009,495.8825,123.954,0.3221,4e-06,-0.0108,-0.0328,0.3173,ROTATE
-501.4008,-58.464,-165.1857,0.3255,531.1376,17.2672,0.0009,505.6207,241.6001,0.3234,3e-06,-0.0062,-0.0631,0.3134,ROTATE
-503.5206,-111.0243,-206.5986,0.341,555.4659,24.3284,0.0155,519.2578,485.2648,0.3271,5.1e-05,0.0039,-0.0997,0.3062,ROTATE
-505.2165,-100.607,-189.7507,0.3397,548.9725,6.4934,0.0014,530.2892,410.71,0.3309,6e-05,0.0128,-0.134,0.2972,ROTATE
-506.5732,-108.2231,-163.2068,0.3559,543.1069,5.8657,0.0162,538.5106,215.9129,0.3373,0.000133,0.019,-0.1635,0.2909,ROTATE
-507.6585,-115.8972,-131.9967,0.3735,537.1894,5.9175,0.0176,543.1744,73.0821,0.3471,0.000266,0.022,-0.193,0.2854,ROTATE
-508.5268,-116.8303,-105.913,0.3968,532.4156,4.7737,0.0233,543.4301,67.1898,0.3614,0.000464,0.0219,-0.2223,0.2827,ROTATE
-509.2215,-116.9923,-78.771,0.4057,528.3925,4.0232,0.0089,538.0154,54.1245,0.3743,0.000606,0.0164,-0.2417,0.2843,ROTATE
-509.7772,-129.7282,-58.2449,0.4118,529.2397,0.8472,0.0061,534.0688,29.9398,0.3887,0.00044,0.0143,-0.2592,0.2886,ROTATE
-510.2217,-126.892,-53.4616,0.4227,528.4751,0.7646,0.0109,531.1425,11.2969,0.4021,0.000275,0.0145,-0.2777,0.2902,ROTATE
-510.5774,-140.6042,-59.7755,0.412,532.9465,4.4714,0.0107,530.2939,3.9146,0.4098,7.2e-05,0.0171,-0.2928,0.2854,ROTATE
-510.8619,-160.5177,-53.7985,0.4019,538.1823,5.2358,0.0101,531.4473,14.1293,0.4108,5e-05,0.0224,-0.3059,0.2701,ROTATE
-511.0895,-128.6111,-25.6545,0.4272,527.6471,10.5352,0.0253,531.2982,15.129,0.4151,8e-05,0.028,-0.3252,0.2514,ROTATE
-511.2716,-77.9982,31.7014,0.4404,518.1577,9.4894,0.0132,529.0817,43.9035,0.4208,0.000173,0.0328,-0.3496,0.2243,ROTATE
-511.4173,-46.9548,82.4299,0.4489,520.1414,1.9838,0.0085,527.4149,57.0376,0.4261,0.000302,0.0343,-0.3729,0.1969,ROTATE
-511.5338,-26.0264,109.3252,0.4381,523.733,3.5916,0.0108,525.5723,50.234,0.4313,0.000264,0.0344,-0.3923,0.1717,ROTATE
-511.6271,-25.2805,118.1758,0.4144,525.7061,1.9731,0.0237,523.077,12.2091,0.4338,0.000142,0.0326,-0.4054,0.1442,ROTATE
-511.7017,-53.8713,112.1406,0.3937,526.6082,0.9022,0.0207,522.8693,10.4827,0.4271,0.00041,0.0284,-0.4089,0.1072,ROTATE
-509.6082,-96.2501,71.475,0.3749,523.5201,3.0881,0.0188,523.9418,4.9773,0.414,0.000748,0.0209,-0.4022,0.0716,ROTATE
-455.3866,-106.0064,8.4612,0.3591,467.6386,55.8815,0.0158,513.4412,525.8354,0.3961,0.000785,0.0151,-0.3902,0.0378,ROTATE
-415.7906,-75.4707,-45.3123,0.3792,425.0068,42.6318,0.0201,493.696,1678.9049,0.3843,0.000349,0.0098,-0.3824,0.0051,ROTATE
-435.0324,-55.0078,4.7971,0.4545,438.5226,13.5158,0.0752,476.2593,1778.7578,0.3923,0.001088,0.002,-0.3914,-0.0173,ROTATE
-450.426,-13.7281,71.2064,0.4397,456.2262,17.7036,0.0147,462.1829,1153.8746,0.4015,0.001453,-0.0001,-0.3998,-0.0325,ROTATE
-462.7408,2.8581,92.037,0.405,471.8135,15.5873,0.0347,451.8416,313.03,0.4075,0.001278,0.002,-0.4018,-0.0543,ROTATE
-472.5926,8.5927,108.6702,0.3973,485.0019,13.1884,0.0077,455.3142,470.9826,0.4152,0.000772,0.0041,-0.405,-0.0782,ROTATE
-480.4741,2.6554,114.9862,0.3956,494.0488,9.0469,0.0018,469.1226,396.6771,0.4184,0.00058,0.0064,-0.4039,-0.0984,ROTATE
-486.7793,0.815,104.2139,0.389,497.8105,3.7617,0.0066,480.9802,233.4017,0.4053,0.000322,0.0126,-0.3863,-0.1173,ROTATE
-491.8234,2.8364,88.4024,0.3804,499.7132,1.9027,0.0086,489.6776,105.3904,0.3934,6.9e-05,0.0155,-0.3678,-0.1378,ROTATE
-495.8587,11.7847,55.4625,0.3831,499.09,0.6232,0.0027,495.1329,29.524,0.3891,4.4e-05,0.0157,-0.3565,-0.1521,ROTATE
-499.087,-5.566,55.9732,0.3734,502.2467,3.1567,0.0097,498.5818,7.2226,0.3843,5.7e-05,0.0165,-0.3414,-0.1703,ROTATE
-501.6696,-44.4247,60.3598,0.3717,507.2368,4.9901,0.0017,501.2194,11.1377,0.3795,4e-05,0.0163,-0.3214,-0.1943,ROTATE
-503.7357,-54.9147,3.4128,0.3988,506.7316,0.5053,0.0271,503.0037,11.7067,0.3815,9.3e-05,0.0178,-0.3054,-0.2229,ROTATE
-505.3885,-10.8912,-7.6104,0.4027,505.5631,1.1684,0.0039,504.1737,9.4826,0.3859,0.000163,0.008,-0.2909,-0.2495,ROTATE
-506.7108,42.1339,72.3617,0.3995,513.5828,8.0197,0.0032,507.0722,13.6188,0.3892,0.000187,-0.0046,-0.2715,-0.2745,ROTATE
-507.7686,80.979,159.9206,0.3867,538.4805,24.8976,0.0127,514.319,153.7419,0.3919,0.000131,-0.013,-0.2521,-0.2958,ROTATE
-508.6149,110.6114,183.1584,0.3856,551.7889,13.3085,0.0011,523.2294,345.1148,0.3946,5e-05,-0.0159,-0.2337,-0.3135,ROTATE
-509.2919,127.1891,171.1673,0.3963,552.1355,0.3466,0.0107,532.3102,375.3311,0.3941,4.7e-05,-0.017,-0.2083,-0.3304,ROTATE
-509.8336,124.3981,156.4807,0.3908,547.6234,4.5121,0.0054,540.7223,208.3868,0.3918,2.9e-05,-0.0057,-0.178,-0.3454,ROTATE
-507.5106,100.8123,145.8877,0.3823,537.5996,10.0238,0.0085,545.5256,39.9552,0.3883,2.3e-05,0.0087,-0.1457,-0.3559,ROTATE
-478.3397,55.8373,115.2446,0.366,495.1848,42.4148,0.0163,536.8665,461.8866,0.3842,0.000105,0.0219,-0.1155,-0.3621,ROTATE
-418.8499,21.5792,58.7925,0.36,423.5062,71.6786,0.0061,511.2099,2329.2026,0.3791,0.000196,0.0292,-0.0865,-0.3653,ROTATE
-377.5018,-0.6897,8.8153,0.3666,377.6053,45.9008,0.0067,476.3039,4345.8271,0.3732,0.000133,0.0303,-0.06,-0.3656,ROTATE
-361.2764,-27.4112,-30.7228,0.377,363.6151,13.9902,0.0104,439.5022,4513.9214,0.3704,6.6e-05,0.0283,-0.0403,-0.3665,ROTATE
-390.893,-63.8071,-63.6251,0.3789,401.1444,37.5294,0.0019,412.2112,2138.7642,0.3697,5.1e-05,0.0254,-0.0309,-0.3671,ROTATE
-415.1144,-104.0644,-95.472,0.369,438.4795,37.3351,0.0099,400.8701,771.2244,0.3703,4.8e-05,0.0196,-0.0259,-0.3687,ROTATE
-408.6728,-131.839,-132.0776,0.3521,449.2655,10.7859,0.0169,406.022,1110.6267,0.3687,9.1e-05,0.0153,-0.0241,-0.3676,ROTATE
-361.2538,-126.8931,-162.9433,0.3323,416.1211,33.1444,0.0198,413.7251,910.1854,0.3619,0.000308,0.0134,-0.0229,-0.3609,ROTATE
-372.8562,-99.1582,-163.7515,0.3162,419.1284,3.0074,0.0161,424.8278,290.5522,0.3497,0.000531,0.0091,-0.0182,-0.3489,ROTATE
-313.6725,-71.8078,-165.3762,0.303,361.7957,57.3328,0.0132,416.9581,911.049,0.3345,0.000567,0.0033,-0.0098,-0.3336,ROTATE
-292.7474,-51.0494,-155.4666,0.2954,335.3758,26.4199,0.0075,396.3373,1724.3311,0.3198,0.000418,-0.0044,-0.0005,-0.3188,ROTATE
-312.9292,-35.6926,-124.2483,0.2859,338.5798,3.204,0.0096,374.2001,1341.1853,0.3066,0.000264,-0.0124,0.009,-0.3054,ROTATE
-352.7433,-10.2385,-82.2674,0.2704,362.3543,23.7745,0.0155,363.4468,902.1429,0.2942,0.00024,-0.0212,0.0181,-0.2926,ROTATE
-384.5947,38.6467,-37.2389,0.2642,388.3212,25.9669,0.0062,357.2853,367.8374,0.2838,0.000214,-0.0255,0.0238,-0.2815,ROTATE
-410.0757,81.4767,12.0776,0.2666,418.266,29.9448,0.0024,368.5794,979.9413,0.2765,0.000147,-0.0269,0.0276,-0.2737,ROTATE
-430.4606,79.3314,55.609,0.2745,441.228,22.962,0.0079,389.7498,1366.8207,0.2723,5.8e-05,-0.0253,0.0347,-0.2686,ROTATE
-446.7685,45.362,86.2341,0.2775,457.2703,16.0423,0.0029,413.4879,1191.4504,0.2706,2.4e-05,-0.022,0.0465,-0.2649,ROTATE
-459.8148,7.2865,96.8372,0.2694,469.9576,12.6873,0.0081,435.0086,843.1454,0.2704,2.4e-05,-0.0178,0.0624,-0.2609,ROTATE
-433.4362,-18.649,88.451,0.2581,442.7621,27.1955,0.0113,445.8968,300.6728,0.2692,4.5e-05,-0.0134,0.0841,-0.2521,ROTATE
-348.4771,-24.9192,51.5077,0.259,353.1435,89.6187,0.0009,432.8723,1698.9797,0.2677,6.3e-05,-0.0106,0.1103,-0.2387,ROTATE
-297.5348,-10.576,9.4249,0.2552,297.8719,55.2716,0.0037,404.2011,4508.001,0.2638,6.9e-05,-0.0109,0.1353,-0.2209,ROTATE
-254.7466,27.2205,-37.7351,0.2474,258.9608,38.911,0.0078,364.5392,6590.6123,0.2578,5e-05,-0.0135,0.1574,-0.199,ROTATE
-222.0348,33.042,-35.0724,0.251,227.2032,31.7576,0.0036,315.9883,5783.0488,0.2541,1.9e-05,-0.0137,0.1647,-0.1908,ROTATE
-238.9091,30.0836,-22.1298,0.2404,241.8105,14.6073,0.0106,275.798,2053.9343,0.2506,4.1e-05,-0.0123,0.1635,-0.1873,ROTATE
-253.3866,39.3419,-15.982,0.2358,256.9202,15.1098,0.0046,256.5533,558.3867,0.246,5e-05,-0.0095,0.1561,-0.1873,ROTATE
-248.9468,42.936,-9.3918,0.2308,252.7968,4.1234,0.005,247.5383,138.4943,0.2411,5.5e-05,-0.005,0.1459,-0.1895,ROTATE
-301.5575,40.2488,-0.1385,0.2369,304.2316,51.4348,0.0061,256.5925,673.2481,0.239,4.6e-05,0.0002,0.1333,-0.1982,ROTATE
-343.646,30.9459,7.5611,0.2506,345.1194,40.8877,0.0137,280.1757,1511.7355,0.2389,4.4e-05,0.0023,0.1322,-0.1989,ROTATE
-377.3168,14.3599,13.0926,0.2597,377.8169,32.6975,0.0091,307.377,2384.207,0.2428,0.000115,0.0013,0.1346,-0.202,ROTATE
-404.2534,-27.284,15.8991,0.2535,405.4849,27.6681,0.0062,337.0899,2917.2056,0.2463,0.000116,-0.0014,0.1395,-0.2027,ROTATE
-425.8027,-83.4241,21.3318,0.2328,434.4221,28.9372,0.0206,373.415,2071.3423,0.2467,0.000104,-0.0049,0.1463,-0.1976,ROTATE
-443.0422,-128.2018,35.9686,0.214,462.6184,28.1963,0.0188,405.0923,1702.0701,0.2421,0.000277,-0.008,0.1536,-0.185,ROTATE
-456.8337,-158.7426,58.3436,0.2072,487.1348,24.5164,0.0068,433.4954,1522.1753,0.2334,0.000432,-0.0107,0.1604,-0.1662,ROTATE
-467.867,-170.2316,82.0999,0.2073,504.5976,17.4628,0.0001,458.8516,1270.3245,0.2229,0.000321,-0.0122,0.1672,-0.1436,ROTATE
-476.6936,-158.4884,107.0393,0.2103,513.6271,9.0295,0.0031,480.48,833.007,0.2143,9.2e-05,-0.0134,0.1738,-0.1217,ROTATE
-473.3549,-144.3439,123.1346,0.2227,509.9629,3.6642,0.0124,495.5881,354.3338,0.2123,3.3e-05,-0.0148,0.1828,-0.1037,ROTATE
-389.6558,-134.9157,120.9889,0.2342,429.735,80.2278,0.0115,489.0115,961.0065,0.2163,0.000113,-0.0149,0.1955,-0.0872,ROTATE
-247.9184,-127.5357,102.7536,0.2418,297.1316,132.6035,0.0076,451.0108,6879.8311,0.2233,0.000178,-0.0139,0.2087,-0.073,ROTATE
-95.9378,-114.3973,82.4685,0.2403,170.5634,126.5682,0.0015,384.204,17572.5215,0.2299,0.000141,-0.013,0.2201,-0.0602,ROTATE
25.6466,-81.3366,60.0373,0.223,104.297,66.2664,0.0172,302.338,23189.9961,0.2324,6.7e-05,-0.0101,0.2266,-0.0464,ROTATE
122.9142,-34.5662,31.7455,0.2073,131.5693,27.2723,0.0157,226.6593,14673.498,0.2293,0.000165,-0.0059,0.2263,-0.032,ROTATE
200.7282,24.6502,-11.1849,0.1833,202.5452,70.9758,0.024,181.2213,4477.2314,0.2191,0.00048,-0.0023,0.2174,-0.0191,ROTATE
262.9794,94.4327,-72.1323,0.1339,288.5806,86.0355,0.0494,179.5111,4092.4722,0.1976,0.001365,-0.0029,0.1966,-0.0094,ROTATE
312.7804,114.7368,-108.9527,0.0845,350.5236,61.943,0.0494,215.5031,8630.0879,0.1664,0.002586,-0.0054,0.1637,-0.0093,ROTATE
352.6212,90.5113,-118.7403,0.0703,382.9272,32.4036,0.0141,271.2292,8657.502,0.1359,0.002858,-0.01,0.124,-0.0175,ROTATE
384.4939,81.6278,-113.236,0.0593,409.0489,26.1217,0.011,326.7252,5475.584,0.1063,0.002133,-0.0151,0.0797,-0.0273,ROTATE
409.992,88.3366,-97.2794,0.069,430.5346,21.4857,0.0097,372.3231,2467.5671,0.0834,0.000702,-0.0209,0.0334,-0.0381,ROTATE
430.3905,96.4849,-74.5923,0.0972,447.3358,16.8011,0.0282,404.0741,1182.2651,0.0761,0.000176,-0.0236,-0.0111,-0.0449,ROTATE
446.7093,117.2848,-47.6895,0.1336,464.3051,16.9693,0.0364,426.8304,816.442,0.0859,0.000728,-0.0236,-0.0517,-0.0416,ROTATE
459.7643,150.5466,-22.3672,0.173,484.3013,19.9963,0.0394,447.1052,680.4608,0.1064,0.001775,-0.0228,-0.0907,-0.0312,ROTATE
470.2083,173.881,-2.6844,0.2083,501.3359,17.0345,0.0353,465.5626,638.3247,0.1362,0.002519,-0.0214,-0.1294,-0.0213,ROTATE
478.5635,180.3204,8.2494,0.2331,511.4749,10.139,0.0248,481.7506,552.4702,0.1691,0.002416,-0.0186,-0.1662,-0.0115,ROTATE
485.2477,169.2376,15.7964,0.2583,514.1559,2.681,0.0252,495.1146,347.0179,0.2013,0.001939,-0.0147,-0.2001,-0.0033,ROTATE
471.3451,141.012,23.4527,0.2751,492.545,21.6109,0.0167,500.7626,126.5929,0.2296,0.001312,-0.0111,-0.2287,0.0062,ROTATE
466.3386,140.2002,1.8684,0.2566,486.9612,5.5838,0.0185,501.2946,110.2109,0.2463,0.000539,-0.007,-0.2424,0.0263,ROTATE
475.4677,189.782,-52.8021,0.2636,514.66,27.6988,0.007,503.9594,138.836,0.2573,0.000188,-0.0022,-0.2456,0.0547,ROTATE
482.7711,246.8006,-118.6448,0.2817,555.0271,40.3671,0.0181,512.6698,573.2498,0.267,9.5e-05,0.0036,-0.2473,0.0824,ROTATE
488.6138,293.803,-157.2534,0.3141,591.4324,36.4053,0.0324,528.1251,1574.6493,0.2782,0.000398,0.0086,-0.2518,0.1083,ROTATE
493.2879,298.1924,-117.8152,0.3395,588.3299,3.1025,0.0254,547.2821,1679.3932,0.2911,0.000981,0.0127,-0.2592,0.1299,ROTATE
480.071,248.3758,-52.3522,0.3465,543.0464,45.2835,0.007,558.4991,829.4374,0.3091,0.001034,0.0165,-0.2751,0.1382,ROTATE
461.5255,195.9131,8.162,0.3325,501.4523,41.5941,0.014,555.8575,1088.9543,0.3228,0.00054,0.0193,-0.2904,0.1388,ROTATE
466.6892,154.6868,50.6609,0.3171,494.2604,7.1919,0.0154,543.7042,1699.9563,0.3299,0.000158,0.0198,-0.2967,0.1421,ROTATE
475.7482,128.9119,67.2412,0.3062,497.4696,3.2093,0.0109,524.9117,1318.73,0.3283,0.000218,0.0201,-0.2897,0.1504,ROTATE
482.9955,121.3983,57.5242,0.3028,501.3294,3.8598,0.0034,507.5116,322.8183,0.321,0.000269,0.0209,-0.2728,0.1633,ROTATE
488.7933,126.0343,37.8319,0.3044,506.1964,4.8669,0.0016,500.1416,16.3034,0.3126,0.000124,0.0211,-0.2518,0.1798,ROTATE
493.4315,140.9212,15.0905,0.3055,513.3821,7.1857,0.0011,502.5276,45.329,0.3072,2.6e-05,0.0197,-0.2327,0.1967,ROTATE
497.1421,160.1432,-7.9995,0.3003,522.3601,8.978,0.0052,508.1475,78.7418,0.3038,4e-06,0.0173,-0.217,0.2103,ROTATE
500.1106,165.2395,-35.5121,0.2861,527.8975,5.5374,0.0142,514.233,96.9166,0.2998,5e-05,0.0149,-0.2042,0.2182,ROTATE
502.4854,145.2073,-65.044,0.2712,527.0744,0.8231,0.0149,519.3821,70.0833,0.2935,0.000172,0.0127,-0.1936,0.2199,ROTATE
504.3852,99.9752,-89.3415,0.2698,521.9017,5.1727,0.0014,522.5231,26.7139,0.2866,0.000213,0.0111,-0.1856,0.218,ROTATE
505.905,41.2739,-99.1388,0.2799,517.1769,4.7248,0.0101,523.2821,15.1426,0.2815,0.000124,0.0107,-0.1793,0.2167,ROTATE
501.1834,-69.3809,-104.8361,0.2481,516.7099,0.467,0.0318,522.1521,22.3344,0.271,0.000167,0.0137,-0.1727,0.2083,ROTATE
473.4655,-126.8141,-105.0063,0.2926,501.2761,15.4338,0.0445,516.8278,74.5459,0.2723,0.000212,0.0135,-0.1673,0.2138,ROTATE
481.1693,-142.4544,-116.5957,0.3058,515.1812,13.9052,0.0133,514.4492,48.4316,0.2792,0.000389,0.0146,-0.1592,0.2272,ROTATE
487.3323,-159.7166,-160.8141,0.3155,537.4601,22.2789,0.0097,517.5609,133.5416,0.2884,0.00055,0.0232,-0.1351,0.2472,ROTATE
454.344,-123.2358,-147.7231,0.3805,493.394,44.0661,0.065,512.8043,227.6944,0.3085,0.001828,0.0326,-0.1225,0.2752,ROTATE
465.8721,-91.198,-109.241,0.3706,487.1216,6.2724,0.0099,506.8866,321.5444,0.333,0.001269,0.0386,-0.1154,0.3066,ROTATE
475.0945,-65.9303,-63.1116,0.3489,483.7816,3.34,0.0216,503.3877,409.7743,0.3443,0.000866,0.046,-0.1082,0.3219,ROTATE
482.4725,-51.738,-33.7674,0.334,486.4122,2.6305,0.0149,497.6339,406.4844,0.3499,0.000559,0.0519,-0.1011,0.3302,ROTATE
488.3749,-46.3248,-4.0951,0.3307,490.5841,4.172,0.0033,488.2587,11.3051,0.3529,0.000387,0.0491,-0.109,0.3319,ROTATE
493.0968,-41.5004,48.2864,0.3576,497.1904,6.6063,0.0268,489.018,21.4095,0.3484,0.000219,0.0438,-0.1081,0.3281,ROTATE
496.8743,-38.1754,87.5822,0.3508,505.9764,8.7859,0.0067,492.789,63.9875,0.3444,0.000106,0.0393,-0.1004,0.3268,ROTATE
499.8964,-36.8247,112.3189,0.3466,513.6808,7.7044,0.0043,498.7688,99.2966,0.3439,0.000103,0.0354,-0.0894,0.3298,ROTATE
502.314,-15.2472,122.6989,0.3591,517.3073,3.6265,0.0126,504.9478,99.3141,0.349,0.000104,0.0306,-0.0783,0.3378,ROTATE
504.248,37.5866,122.4591,0.3703,520.2645,2.9572,0.0112,510.8839,69.7344,0.3569,6.6e-05,0.0253,-0.0622,0.3488,ROTATE
505.7953,112.0974,129.3798,0.3757,533.9792,13.7148,0.0054,518.2416,84.775,0.3605,0.000124,0.0198,-0.036,0.3557,ROTATE
507.0331,170.6279,114.907,0.3788,547.1746,13.1954,0.0031,526.4813,154.2196,0.3661,0.00014,0.0136,-0.0088,0.3632,ROTATE
508.0234,224.1024,116.2568,0.3759,567.2965,20.1219,0.0029,537.2044,339.64,0.372,4.9e-05,0.009,0.018,0.3691,ROTATE
508.8156,256.4194,127.5367,0.3663,583.8749,16.5784,0.0096,550.5179,518.8369,0.3734,2e-05,0.0052,0.0442,0.369,ROTATE
509.4494,264.4574,137.0794,0.3652,590.1416,6.2667,0.0011,564.4933,454.4766,0.3724,3.1e-05,0.0018,0.0692,0.3645,ROTATE
509.9564,254.2472,147.8322,0.3706,588.6863,1.4553,0.0054,575.4348,265.5992,0.3714,2.8e-05,-0.0017,0.0938,0.3574,ROTATE
510.362,247.1009,160.3502,0.3835,589.2711,0.5848,0.0129,583.8541,73.2761,0.3723,4.6e-05,-0.0068,0.1239,0.3476,ROTATE
510.6865,240.9057,159.7239,0.3895,586.8117,2.4594,0.006,587.7571,4.9613,0.375,9.5e-05,-0.0143,0.1588,0.334,ROTATE
510.9461,227.6402,146.8354,0.3974,578.3135,8.4982,0.0078,586.6448,18.5461,0.3812,0.000141,-0.0225,0.1968,0.319,ROTATE
511.1537,202.2903,134.8808,0.402,566.0321,12.2814,0.0046,581.8229,77.8268,0.3886,0.000122,-0.0308,0.2365,0.2998,ROTATE
511.3199,171.6979,112.8952,0.4092,551.0658,14.9663,0.0072,574.2988,200.994,0.3963,8.2e-05,-0.0376,0.2744,0.2771,ROTATE
511.4528,146.5177,71.3943,0.4147,536.7947,14.2711,0.0055,563.8036,327.3222,0.4026,7.7e-05,-0.0422,0.3062,0.2523,ROTATE
511.5591,115.6735,31.7498,0.4237,525.4343,11.3604,0.009,551.5281,365.2003,0.4094,8.6e-05,-0.0459,0.3336,0.2274,ROTATE
511.6442,75.7013,9.753,0.4485,517.3061,8.1282,0.0249,539.3266,307.0606,0.4196,0.000259,-0.0504,0.3617,0.2005,ROTATE
511.7122,20.811,5.368,0.486,512.1634,5.1427,0.0374,528.5529,195.918,0.4364,0.000795,-0.0562,0.3927,0.1738,ROTATE
511.7667,-33.0418,-3.19,0.5192,512.8422,0.6788,0.0333,520.9081,85.4746,0.4584,0.001535,-0.0619,0.4264,0.1459,ROTATE
511.8102,-56.2053,-4.6863,0.5129,514.9084,2.0663,0.0064,516.5309,23.037,0.4781,0.00136,-0.0659,0.4556,0.118,ROTATE
488.3482,-51.7799,27.1666,0.485,491.8365,23.072,0.0278,509.8113,83.9933,0.4903,0.000627,-0.0676,0.4752,0.0911,ROTATE
345.0223,-44.4926,73.1489,0.4814,355.4866,136.3498,0.0036,477.4474,3788.5586,0.4969,0.000251,-0.0657,0.4869,0.0649,ROTATE
308.4835,-57.7629,83.3691,0.5041,324.7292,30.7575,0.0227,439.9605,6806.8291,0.5005,0.000224,-0.0571,0.4943,0.0446,ROTATE
349.1837,-121.7947,105.1109,0.471,384.4626,59.7334,0.0332,414.2847,5701.2358,0.4909,0.000236,-0.0477,0.4867,0.0359,ROTATE
381.7438,-157.4889,130.22,0.4558,432.9992,48.5366,0.0151,397.9028,3477.8882,0.4795,0.000255,-0.0396,0.4767,0.0273,ROTATE
407.7919,-162.6348,149.4916,0.4397,463.7802,30.781,0.0162,392.2916,2549.6626,0.4704,0.000484,-0.0315,0.4687,0.0183,ROTATE
428.6304,-147.4454,159.8527,0.413,480.6423,16.8621,0.0267,417.3227,3213.356,0.4567,0.000931,-0.0244,0.4555,0.014,ROTATE
445.3012,-111.4094,163.2946,0.3887,487.2067,6.5644,0.0243,449.8182,1419.4404,0.4336,0.000873,-0.0219,0.4326,0.0103,ROTATE
458.6379,-80.9369,134.1201,0.3992,484.6521,2.5546,0.0104,469.8561,406.3313,0.4193,0.000626,-0.0188,0.4186,-0.0033,ROTATE
469.3072,-72.5058,92.0367,0.3658,483.7118,0.9404,0.0334,479.9986,70.1701,0.4013,0.000606,-0.0133,0.3986,-0.0252,ROTATE
477.8427,-19.5359,108.8762,0.3572,490.4786,6.7669,0.0086,485.3383,11.0165,0.3848,0.000428,-0.0094,0.3764,-0.0529,ROTATE
484.671,23.415,136.9635,0.3504,504.1956,13.717,0.0068,490.049,55.5355,0.3723,0.000348,-0.005,0.3553,-0.0854,ROTATE
490.1337,49.7695,148.3458,0.3688,514.5042,10.3085,0.0184,495.5085,143.7249,0.3683,0.000281,0.0023,0.3392,-0.1255,ROTATE
494.5038,59.5969,130.9766,0.3957,515.0153,0.5111,0.0269,501.5811,159.3791,0.3676,0.00024,0.0112,0.3207,-0.1702,ROTATE
498.0,38.7619,98.4719,0.4094,509.12,5.8953,0.0137,506.6628,81.0604,0.3763,0.000513,0.0187,0.306,-0.2113,ROTATE
500.7969,30.7689,61.1525,0.4253,505.4541,3.6659,0.0159,509.6578,19.9969,0.3899,0.000734,0.0282,0.2943,-0.2482,ROTATE
503.0344,56.7714,33.5002,0.3398,507.3351,1.8809,0.0855,510.2857,14.7147,0.3878,0.00092,0.0364,0.2822,-0.2602,ROTATE
504.8244,147.814,25.9126,0.3783,526.6575,19.3225,0.0385,512.7164,58.8547,0.3897,0.000862,0.052,0.2596,-0.2817,ROTATE
506.2564,220.6481,-8.848,0.3758,552.3218,25.6643,0.0024,520.1777,315.8448,0.3857,0.000878,0.0634,0.2351,-0.295,ROTATE
507.402,278.9153,-54.9659,0.3729,581.6114,29.2896,0.003,534.676,836.0095,0.3784,0.000745,0.0718,0.2123,-0.3007,ROTATE
508.3185,325.5291,-93.1727,0.3831,610.7684,29.157,0.0103,555.7388,1379.5927,0.37,0.000239,0.0764,0.1837,-0.3066,ROTATE
509.0517,324.9764,-109.7413,0.4054,613.8293,3.061,0.0223,577.0377,1132.2673,0.3831,0.000136,0.0798,0.1466,-0.3399,ROTATE
509.6382,278.0437,-93.2399,0.4287,587.9907,25.8386,0.0233,589.3043,498.1586,0.3932,0.000445,0.0725,0.1059,-0.3628,ROTATE
510.1075,206.6943,-36.1669,0.4417,551.5798,36.4109,0.013,589.1559,509.2241,0.4064,0.000683,0.0665,0.0555,-0.3862,ROTATE
510.4828,129.8961,27.8664,0.4398,527.4868,24.093,0.0019,578.331,1141.2782,0.4198,0.000502,0.0621,-0.0017,-0.4053,ROTATE
510.7832,64.1981,90.3338,0.4191,522.6672,4.8195,0.0207,560.7108,1240.0599,0.427,0.000182,0.0589,-0.0586,-0.4113,ROTATE
511.0234,-30.4196,113.0452,0.4392,524.2609,1.5937,0.0201,542.7971,620.5613,0.4337,7.4e-05,0.0598,-0.1065,-0.4113,ROTATE
511.2156,-126.7357,110.608,0.4224,538.1798,13.9189,0.0167,532.8349,117.0871,0.4324,9.3e-05,0.063,-0.1453,-0.3989,ROTATE
511.3694,-130.6855,172.127,0.4412,555.1622,16.9824,0.0188,533.5514,146.0011,0.4323,9.1e-05,0.0662,-0.1786,-0.3855,ROTATE
511.4924,-146.8796,209.986,0.445,572.0946,16.9324,0.0038,542.473,356.1668,0.4334,0.000111,0.0671,-0.2057,-0.3736,ROTATE
511.5908,-153.4662,210.8138,0.4284,574.2121,2.1175,0.0166,552.7819,372.9133,0.4352,7.1e-05,0.0663,-0.2262,-0.364,ROTATE
511.6696,-156.8042,175.451,0.4177,563.1841,11.028,0.0108,560.5665,171.2644,0.4309,0.000112,0.0608,-0.2461,-0.3467,ROTATE
511.7325,-159.8246,120.3515,0.4076,549.4529,13.7311,0.01,562.8212,90.6503,0.428,0.000197,0.0514,-0.2668,-0.3278,ROTATE
511.7829,-156.8753,91.3437,0.3913,543.0242,6.4288,0.0163,560.3936,151.4093,0.418,0.000332,0.0396,-0.2865,-0.2951,ROTATE
511.8232,-138.4221,82.7593,0.3862,536.631,6.3932,0.005,553.3008,186.6519,0.4062,0.00025,0.0265,-0.3069,-0.2532,ROTATE
511.8555,-99.9471,87.9825,0.391,528.8916,7.7394,0.0048,544.2367,136.2003,0.3988,0.000142,0.0132,-0.3293,-0.2096,ROTATE
511.8813,-66.467,85.4047,0.405,523.1962,5.6954,0.014,536.2391,88.98,0.3962,7.2e-05,0.0006,-0.3519,-0.1686,ROTATE
511.9019,-60.5236,78.0613,0.419,521.3446,1.8516,0.014,530.6175,66.8258,0.3985,0.000145,-0.0096,-0.3725,-0.1327,ROTATE
511.9184,-72.5939,54.9084,0.4024,519.9473,1.3973,0.0167,526.0021,37.5096,0.4007,0.000132,-0.0165,-0.3851,-0.1042,ROTATE
511.9316,-87.4408,8.3923,0.3966,519.4135,0.5339,0.0058,522.5587,11.7396,0.4028,8.9e-05,-0.0203,-0.3929,-0.0794,ROTATE
505.0484,-113.8339,-30.0392,0.4034,518.5888,0.8246,0.0068,520.498,2.6243,0.4053,5.5e-05,-0.0215,-0.399,-0.0546,ROTATE
451.2544,-101.1702,-68.9377,0.4108,467.5664,51.0224,0.0074,509.3721,437.7343,0.4064,6e-05,-0.0227,-0.4023,-0.0245,ROTATE
463.4004,-26.4768,-157.5501,0.3887,490.1663,22.5999,0.022,503.1365,443.9554,0.4004,5.4e-05,-0.0221,-0.3891,0.0295,ROTATE
473.1172,67.4342,-228.4401,0.4317,529.6906,39.5243,0.043,505.0851,524.6617,0.4062,0.000216,-0.0172,-0.3842,0.085,ROTATE
480.8906,128.938,-285.1521,0.4428,573.753,44.0624,0.011,515.953,1308.5457,0.4155,0.000378,-0.0107,-0.3821,0.1341,ROTATE
487.1094,186.5535,-330.5217,0.4359,617.513,43.76,0.0069,535.7379,2978.6025,0.422,0.00039,-0.0033,-0.3759,0.1784,ROTATE
492.0844,239.8991,-363.6986,0.4,657.2482,39.7352,0.0358,573.6742,3562.9185,0.4198,0.000457,0.0052,-0.363,0.2103,ROTATE
496.0644,262.463,-388.7932,0.3802,682.7349,25.4866,0.0199,612.1879,3063.7417,0.4181,0.000575,0.0104,-0.3584,0.2149,ROTATE
499.2484,240.336,-377.544,0.3741,670.4848,12.2501,0.0061,640.3468,1589.3646,0.4066,0.000793,0.0102,-0.347,0.2115,ROTATE
501.7956,243.7251,-302.6008,0.4281,634.6401,35.8447,0.0541,652.5242,560.642,0.4036,0.000615,0.0079,-0.3382,0.2195,ROTATE
503.8334,253.452,-208.5806,0.4089,601.3251,33.315,0.0193,649.2867,829.2733,0.3982,0.000384,0.0063,-0.3265,0.2267,ROTATE
505.4636,249.5522,-131.4239,0.3719,578.8281,22.4969,0.0369,633.6027,1563.4869,0.3926,0.00049,0.0053,-0.3108,0.2378,ROTATE
506.7678,220.9261,-85.0797,0.33,559.3394,19.4888,0.042,608.9235,1574.6383,0.3826,0.001144,0.0058,-0.289,0.2475,ROTATE
507.8111,155.8597,-69.0888,0.304,535.6656,23.6738,0.0259,581.9597,1162.9744,0.3686,0.002167,0.0068,-0.2602,0.2575,ROTATE
508.6458,97.9346,-62.2648,0.3009,521.717,13.9486,0.0032,559.375,823.6993,0.3431,0.001728,0.0088,-0.2195,0.2592,ROTATE
509.3135,56.2883,-62.3743,0.2966,516.1968,5.5201,0.0042,542.3494,554.7365,0.3207,0.000792,0.0096,-0.1779,0.2621,ROTATE
508.8727,28.4619,-63.3682,0.2971,513.5922,2.6046,0.0005,529.3022,283.7626,0.3057,0.000154,0.0098,-0.1408,0.267,ROTATE
477.7575,-1.0899,-67.6883,0.2919,482.5299,31.0623,0.0052,513.9403,304.8586,0.2981,1.7e-05,0.0103,-0.1095,0.2737,ROTATE
440.7466,-31.7188,-72.6038,0.2901,447.8113,34.7186,0.0018,496.3694,776.3347,0.2953,1.5e-05,0.0111,-0.0827,0.281,ROTATE
454.9942,-113.1188,-53.5174,0.2842,471.8895,24.0782,0.0058,486.404,668.3778,0.292,2.2e-05,0.0157,-0.0558,0.2839,ROTATE
466.3922,-163.8138,-49.2264,0.3414,496.7694,24.88,0.0572,482.5185,497.2462,0.3009,0.000426,0.0237,-0.0288,0.2958,ROTATE
475.5107,-149.1416,-32.8718,0.3626,499.4338,2.6644,0.0212,479.6868,353.3381,0.314,0.001012,0.031,-0.0078,0.3102,ROTATE
482.8054,-124.7914,-23.3818,0.3613,499.2201,0.2138,0.0013,483.0248,416.8888,0.3279,0.001168,0.0399,0.0061,0.3242,ROTATE
488.6412,-104.3394,-4.9492,0.3602,499.6814,0.4613,0.001,493.3988,116.7584,0.3419,0.000894,0.0458,0.0182,0.3381,ROTATE
493.3099,-80.484,-1.5031,0.3556,499.8346,0.1532,0.0046,498.9879,1.2744,0.3562,6.1e-05,0.047,0.03,0.3515,ROTATE
497.0448,-2.2622,-37.3431,0.4079,498.4507,1.3838,0.0523,499.3241,0.2348,0.3695,0.000374,0.044,0.045,0.3627,ROTATE
500.0327,100.5871,-83.3932,0.3823,516.8219,18.3712,0.0256,502.8018,49.3731,0.3735,0.000382,0.041,0.068,0.3618,ROTATE
502.4231,182.8666,-136.1833,0.3911,551.7382,34.9163,0.0088,513.3054,415.4372,0.3794,0.000379,0.0359,0.0931,0.3632,ROTATE
504.3353,248.6901,-165.8623,0.3658,586.2689,34.5307,0.0253,530.6229,1143.1547,0.3805,0.00034,0.0322,0.1244,0.3554,ROTATE
505.8651,296.7771,-200.9086,0.3648,619.952,33.683,0.001,554.6463,1972.3806,0.3824,0.000262,0.0282,0.1564,0.3443,ROTATE
507.089,314.8248,-229.305,0.3627,639.4018,19.4498,0.0021,582.8365,1982.8004,0.3734,0.000127,0.0246,0.1854,0.3182,ROTATE
508.0681,319.4005,-250.0346,0.3571,650.1285,10.7267,0.0056,609.4979,1306.0291,0.3683,0.000139,0.0192,0.2116,0.2937,ROTATE
508.8513,318.3047,-250.2371,0.353,650.2816,0.1531,0.0041,629.2065,583.0237,0.3607,2.4e-05,0.0107,0.2405,0.2626,ROTATE
509.478,318.1282,-241.2491,0.3519,647.2823,2.9993,0.0011,641.4093,130.7366,0.3579,2.6e-05,0.001,0.2639,0.2366,ROTATE
509.9792,307.1494,-238.1649,0.3546,641.2036,6.0787,0.0027,645.6595,20.5967,0.3559,1.5e-05,-0.0092,0.2836,0.21,ROTATE
510.3803,285.9914,-237.3225,0.3626,631.3486,9.855,0.008,644.049,51.1313,0.3558,1.5e-05,-0.0215,0.2997,0.1861,ROTATE
510.7011,253.1588,-237.733,0.3763,617.5937,13.7549,0.0137,637.542,141.3745,0.3597,8.3e-05,-0.0339,0.3156,0.164,ROTATE
510.9578,222.7926,-227.3677,0.3866,602.0054,15.5883,0.0103,627.8867,268.2611,0.3664,0.000174,-0.0447,0.3323,0.1419,ROTATE
511.1631,191.9466,-195.9723,0.3996,580.1175,21.8879,0.013,614.4537,468.9584,0.3759,0.000262,-0.0544,0.3499,0.1205,ROTATE
511.3274,182.0229,-161.8684,0.3983,566.3828,13.7347,0.0013,599.4896,564.0854,0.3847,0.000194,-0.0625,0.3645,0.0998,ROTATE
511.4588,185.4027,-137.6041,0.3799,561.1588,5.224,0.0185,585.4516,457.8715,0.3882,8.9e-05,-0.0698,0.3722,0.0795,ROTATE
511.5639,197.7159,-131.5646,0.3779,564.0021,2.8434,0.002,574.7333,228.3826,0.3885,8.2e-05,-0.0734,0.3758,0.059,ROTATE
511.648,219.1102,-134.1579,0.3808,572.5306,8.5285,0.0029,568.8384,45.8494,0.3873,9.2e-05,-0.0741,0.3769,0.0348,ROTATE
497.7184,237.4819,-127.4482,0.3823,566.0073,6.5233,0.0016,566.0163,14.0447,0.3838,5.5e-05,-0.0751,0.3738,0.006,ROTATE
447.1341,236.1887,-117.9211,0.3788,519.2488,46.7585,0.0035,556.5895,362.5931,0.3799,2e-06,-0.0765,0.3684,-0.0227,ROTATE
405.1167,209.4322,-82.1462,0.3911,463.389,55.8598,0.0123,537.0356,1713.3285,0.3822,2.2e-05,-0.0782,0.3673,-0.0534,ROTATE
339.534,175.5739,-30.5138,0.4045,383.4587,79.9303,0.0134,500.9269,4981.2236,0.3875,9e-05,-0.0821,0.3669,-0.0849,ROTATE
277.3928,136.5622,9.2295,0.3952,309.3238,74.1349,0.0093,448.2855,8527.0439,0.3904,8.5e-05,-0.084,0.3634,-0.1105,ROTATE
324.3111,85.0873,67.9649,0.3229,342.1064,32.7826,0.0723,403.5053,6004.897,0.3785,0.000841,-0.0842,0.3463,-0.1246,ROTATE
361.8458,22.0104,143.2969,0.3386,389.8087,47.7023,0.0157,377.6173,2692.9146,0.3705,0.001095,-0.0818,0.3349,-0.1344,ROTATE
391.8735,-18.2479,171.875,0.3793,428.2976,38.489,0.0407,370.599,1686.0006,0.3681,0.00102,-0.0763,0.3291,-0.1453,ROTATE
415.8957,-51.5264,163.65,0.3716,449.895,21.5974,0.0077,383.8863,2733.9458,0.3615,0.000714,-0.0675,0.3223,-0.1485,ROTATE
435.1134,-66.9055,148.5575,0.3484,464.6175,14.7224,0.0232,414.945,1960.8906,0.3522,0.000434,-0.0605,0.3109,-0.1527,ROTATE
450.4876,-60.4744,143.6773,0.3282,476.6964,12.0789,0.0202,441.863,937.8624,0.3532,0.000376,-0.0541,0.3081,-0.1624,ROTATE
462.787,-42.0327,150.8356,0.3154,488.559,11.8627,0.0128,461.6131,441.9694,0.3486,0.000598,-0.0501,0.2979,-0.1721,ROTATE
472.6265,-21.8136,141.0935,0.3251,493.7195,5.1605,0.0097,474.6974,254.9489,0.3378,0.000402,-0.0471,0.2821,-0.1777,ROTATE
480.498,-13.404,103.9529,0.352,491.797,1.9225,0.0268,483.0778,120.1641,0.3338,0.000197,-0.0446,0.2687,-0.1918,ROTATE
486.7953,-22.267,45.4186,0.366,489.4163,2.3806,0.0141,488.0376,35.4427,0.3373,0.00035,-0.042,0.261,-0.2083,ROTATE
491.8331,-36.6292,-11.8308,0.3539,493.3371,3.9208,0.0121,491.3658,4.2581,0.3425,0.000362,-0.0381,0.2541,-0.2246,ROTATE
495.8634,-39.119,-53.3052,0.3217,500.2522,6.9151,0.0322,493.7044,13.0069,0.3437,0.0003,-0.0329,0.2434,-0.2383,ROTATE
499.0876,-26.7921,-73.8567,0.2993,505.2337,4.9815,0.0224,496.0072,34.2886,0.3386,0.000599,-0.0279,0.2253,-0.249,ROTATE
501.667,0.8507,-77.2947,0.2856,507.5874,2.3537,0.0136,499.1653,47.5898,0.3253,0.000948,-0.0242,0.1985,-0.2542,ROTATE
503.7305,41.8118,3.1705,0.3513,505.4727,2.1147,0.0657,502.3766,26.2254,0.3224,0.000743,-0.009,0.1547,-0.2725,ROTATE
419.6437,54.8182,69.8145,0.3549,428.9289,76.5439,0.0036,489.495,922.8605,0.3226,0.000756,0.0016,0.117,-0.2899,ROTATE
438.1119,67.3139,47.3297,0.3557,445.7727,16.8438,0.0007,478.5991,1163.3237,0.3294,0.000929,0.0128,0.1003,-0.3064,ROTATE
452.8864,84.0387,-27.3862,0.3397,461.431,15.6583,0.016,469.8386,1003.6448,0.3374,0.000704,0.023,0.0933,-0.3192,ROTATE
464.706,70.4403,-121.4871,0.3318,485.4612,24.0302,0.0079,465.4133,747.8805,0.3467,8.8e-05,0.0316,0.0899,-0.3308,ROTATE
474.1617,76.1554,-199.5897,0.3156,520.0624,34.6012,0.0162,468.3312,1015.7203,0.3396,0.000226,0.0252,0.0984,-0.3224,ROTATE
481.7262,77.543,-255.4218,0.2997,550.7389,30.6765,0.016,492.6933,1469.9075,0.3285,0.000374,0.0213,0.0985,-0.3114,ROTATE
487.7779,59.8469,-290.0312,0.3038,570.6373,19.8984,0.0041,517.6661,1621.0085,0.3181,0.000241,0.0147,0.0774,-0.3052,ROTATE
492.6192,33.6963,-301.1781,0.3136,578.3747,7.7374,0.0098,541.0549,1178.601,0.3129,0.000125,0.0071,0.0449,-0.305,ROTATE
496.4922,9.1414,-293.3549,0.3252,576.754,1.6207,0.0116,559.3135,481.98,0.3116,8.2e-05,-0.0004,0.0056,-0.3059,ROTATE
499.5907,-15.3744,-277.8746,0.3414,571.8754,4.8787,0.0161,569.6761,98.0282,0.3167,0.000229,-0.0068,-0.0349,-0.3092,ROTATE
502.0694,-21.1339,-254.034,0.3556,563.0751,8.8002,0.0142,572.1432,28.9321,0.3279,0.000348,-0.0139,-0.0723,-0.3151,ROTATE
504.0524,-29.0977,-227.0647,0.3589,553.6008,9.4743,0.0033,568.736,85.6335,0.3389,0.000302,-0.0196,-0.1102,-0.3162,ROTATE
505.6388,-44.7563,-183.7487,0.3613,539.8494,13.7515,0.0024,561.0309,174.5723,0.3485,0.000183,-0.0233,-0.1481,-0.3106,ROTATE
506.908,-29.6957,-131.5114,0.3783,524.531,15.3184,0.017,550.5863,282.4886,0.3591,0.000141,-0.0248,-0.1848,-0.3017,ROTATE
507.9232,-30.6472,-102.6185,0.4087,519.0914,5.4396,0.0303,540.0295,278.7847,0.3726,0.000388,-0.029,-0.2199,-0.2941,ROTATE
508.7355,-36.1646,-75.2979,0.434,515.5477,3.5436,0.0254,530.524,202.0824,0.3882,0.00084,-0.0315,-0.256,-0.2868,ROTATE
509.3853,-34.3348,-56.2696,0.4475,513.6326,1.9151,0.0134,522.5304,88.7408,0.406,0.001055,-0.0336,-0.2901,-0.2802,ROTATE
509.9051,-39.9991,-13.6532,0.4481,511.6537,1.9789,0.0006,516.8913,20.6124,0.4233,0.00071,-0.0369,-0.3199,-0.2728,ROTATE
510.321,-30.6149,25.6837,0.442,511.8832,0.2295,0.0061,514.3618,7.5568,0.436,0.000213,-0.041,-0.3447,-0.2604,ROTATE
510.6537,-0.7919,38.9876,0.4505,512.1404,0.2572,0.0085,512.9716,2.1371,0.4444,3.5e-05,-0.0422,-0.3686,-0.239,ROTATE
510.9198,30.8946,23.3619,0.4616,512.3859,0.2454,0.0111,512.3392,0.4785,0.4499,4.2e-05,-0.0436,-0.3917,-0.2092,ROTATE
511.1327,59.1063,-3.5323,0.4611,514.551,2.1651,0.0005,512.5229,1.0886,0.4527,5.8e-05,-0.0449,-0.4111,-0.1752,ROTATE
511.3031,81.1225,-29.7102,0.4581,518.5503,3.9993,0.003,513.9022,6.301,0.4547,5.6e-05,-0.0448,-0.4262,-0.1436,ROTATE
511.4393,89.5293,-60.5213,0.4565,522.7318,4.1815,0.0015,516.0719,16.3707,0.4576,1.6e-05,-0.0444,-0.4385,-0.1167,ROTATE
511.5483,74.4047,-88.8608,0.4506,524.5131,1.7813,0.006,518.5464,21.407,0.4576,1.6e-05,-0.043,-0.445,-0.0932,ROTATE
511.6356,33.1706,-115.7355,0.4415,525.6101,1.097,0.009,521.1913,16.8005,0.4536,4.8e-05,-0.0401,-0.4454,-0.0715,ROTATE
511.7053,21.9615,-143.6978,0.4293,531.9528,6.3427,0.0122,524.6717,19.0309,0.4472,0.000114,-0.0359,-0.4416,-0.0437,ROTATE
511.7611,74.5348,-192.7176,0.4249,551.9012,19.9485,0.0045,531.3418,115.3358,0.4406,0.000146,-0.027,-0.4336,-0.002,ROTATE
511.8058,131.0841,-256.5741,0.4261,587.3317,35.4304,0.0013,544.2618,560.5565,0.4345,9.9e-05,-0.0145,-0.4234,0.0431,ROTATE
511.8415,163.6954,-307.6593,0.4279,619.219,31.8873,0.0017,563.2029,1247.5034,0.4299,3.6e-05,-0.0012,-0.4125,0.0889,ROTATE
511.8701,180.8001,-348.5274,0.4206,645.1132,25.8942,0.0072,587.1036,1735.4775,0.4258,9e-06,0.0111,-0.4006,0.1311,ROTATE
511.893,184.9838,-381.222,0.4094,664.5176,19.4044,0.0113,613.6165,1622.8033,0.4218,4.4e-05,0.0202,-0.3892,0.1591,ROTATE
511.9113,189.8308,-383.5307,0.445,667.2216,2.704,0.0356,636.6807,903.7971,0.4258,0.000134,0.022,-0.386,0.1773,ROTATE
511.9259,230.6147,-315.3339,0.4657,643.9617,23.2599,0.0208,648.0067,299.0577,0.4337,0.00039,0.0196,-0.3876,0.1928,ROTATE
496.8751,249.0824,-225.3953,0.4522,599.7749,44.1868,0.0136,644.1178,583.4491,0.4386,0.000428,0.0162,-0.3882,0.2028,ROTATE
497.8626,238.5971,-142.0537,0.4201,570.0658,29.7091,0.0321,629.1083,1454.7064,0.4385,0.000432,0.0136,-0.3827,0.2126,ROTATE
500.687,220.5933,-84.6836,0.3818,553.6426,16.4232,0.0383,606.9333,1851.2272,0.4329,0.000875,0.0135,-0.3688,0.2248,ROTATE
499.6277,188.0434,-59.775,0.3456,537.179,16.4637,0.0361,580.9248,1420.9829,0.4131,0.001976,0.0164,-0.3415,0.2291,ROTATE
489.999,131.3535,-51.2481,0.3202,509.8815,27.2975,0.0255,554.1088,916.5819,0.384,0.0023,0.0193,-0.3044,0.2295,ROTATE
473.5524,69.3828,-49.4079,0.3012,481.1517,28.7298,0.019,530.3842,1001.1906,0.3538,0.001828,0.0217,-0.2642,0.2312,ROTATE
435.8232,7.7,-48.7982,0.2851,438.6142,42.5375,0.0161,504.0938,1679.427,0.3268,0.001163,0.0229,-0.2284,0.2306,ROTATE
356.1398,-66.3056,-9.7979,0.3158,362.3921,76.2221,0.0307,465.8437,3741.2141,0.3136,0.000408,0.0233,-0.2093,0.2315,ROTATE
372.4743,-83.582,12.9367,0.367,381.9561,19.564,0.0512,434.7991,3167.1304,0.3178,0.000755,0.03,-0.1898,0.2504,ROTATE
400.3763,-77.3187,28.3056,0.3484,408.7549,26.7989,0.0186,414.5738,1766.2533,0.3235,0.000908,0.0349,-0.1753,0.2665,ROTATE
422.698,-78.0737,59.3788,0.3283,433.9296,25.1747,0.02,405.1294,865.4623,0.3289,0.000784,0.0378,-0.1641,0.2797,ROTATE
440.5553,-64.9434,98.5312,0.3189,456.0866,22.157,0.0095,408.6239,1148.3319,0.3357,0.000375,0.0394,-0.1528,0.2936,ROTATE
454.8411,-78.9547,129.9625,0.309,479.5878,23.5013,0.0099,432.063,1178.6395,0.3343,0.000436,0.0404,-0.132,0.304,ROTATE
466.2698,-107.3825,165.9606,0.3024,506.44,26.8521,0.0066,456.9598,1163.0349,0.3214,0.000259,0.0333,-0.1195,0.296,ROTATE
475.4127,-139.4279,199.3716,0.2904,534.0472,27.6073,0.012,482.0182,1258.8621,0.3098,0.000172,0.0273,-0.1041,0.2898,ROTATE
482.7271,-171.4486,221.7785,0.2861,558.2166,24.1693,0.0043,506.8756,1339.7057,0.3013,0.000143,0.0246,-0.0836,0.2872,ROTATE
488.5785,-194.4339,222.751,0.2882,571.0792,12.8627,0.002,529.8741,1119.2878,0.2952,7.9e-05,0.0241,-0.0601,0.2856,ROTATE
493.2597,-195.7815,184.0539,0.3069,561.704,9.3752,0.0187,546.2974,546.4497,0.2948,6.8e-05,0.0244,-0.0304,0.2879,ROTATE
497.0046,-163.5533,146.9025,0.3255,543.4553,18.2487,0.0186,553.7005,175.5372,0.2994,0.000224,0.0256,0.0064,0.2929,ROTATE
500.0006,-113.2114,100.5439,0.3468,522.4237,21.0316,0.0214,551.3758,288.5302,0.3107,0.00053,0.0269,0.0447,0.3015,ROTATE
502.3974,-76.4441,55.6632,0.356,511.2193,11.2044,0.0092,541.9763,513.3288,0.3247,0.000625,0.0266,0.0793,0.3104,ROTATE
504.3148,-46.7678,21.7775,0.3598,506.9466,4.2727,0.0038,529.1498,424.8288,0.339,0.0004,0.0251,0.1097,0.318,ROTATE
505.8487,-35.6642,-5.428,0.3509,507.1335,0.1868,0.0089,518.2357,190.6996,0.3478,0.000144,0.0231,0.1353,0.3184,ROTATE
507.0759,-41.7376,-21.5362,0.3434,509.2463,2.1128,0.0075,511.3939,32.8458,0.3514,3.5e-05,0.0194,0.1577,0.3116,ROTATE
508.0576,-39.6714,-47.5227,0.352,511.8151,2.5688,0.0086,509.2722,4.0482,0.3524,3e-05,0.0156,0.1809,0.2988,ROTATE
508.843,-6.559,-78.8932,0.3639,514.9644,3.1492,0.0119,510.0212,9.2091,0.354,5.2e-05,0.0116,0.207,0.2824,ROTATE
509.4713,27.4185,-111.4864,0.371,522.247,7.2827,0.007,513.0812,27.8487,0.3562,9.7e-05,0.008,0.2358,0.2618,ROTATE
509.9739,30.1441,-142.6985,0.3789,530.4196,8.1725,0.008,517.7385,59.2072,0.3618,0.000163,0.0066,0.2649,0.2416,ROTATE
510.376,13.6497,-175.5213,0.3957,539.8867,9.4672,0.0168,523.8666,105.3393,0.3723,0.000216,0.0076,0.2944,0.2232,ROTATE
510.6977,-9.4771,-194.9139,0.4066,546.7114,6.8246,0.0109,530.8458,131.9591,0.3832,0.000249,0.009,0.3214,0.204,ROTATE
510.955,-34.7442,-203.1811,0.4081,550.9671,4.2557,0.0014,538.0464,110.6405,0.3921,0.00022,0.0102,0.3441,0.1834,ROTATE
511.1609,-56.9766,-199.123,0.4113,551.5267,0.5596,0.0033,543.9023,62.7687,0.4001,0.00014,0.0094,0.3629,0.1642,ROTATE
511.3256,-60.2657,-173.7328,0.4137,543.3865,8.1402,0.0024,546.4957,19.7394,0.4071,3.8e-05,0.0055,0.3787,0.1458,ROTATE
511.4574,-18.4938,-135.5581,0.416,529.4399,13.9466,0.0023,544.4064,64.818,0.4111,1.2e-05,0.0005,0.39,0.1268,ROTATE
502.9878,28.9456,-102.5465,0.4115,514.1501,15.2899,0.0044,537.8941,204.434,0.4121,7e-06,-0.0044,0.3971,0.1054,ROTATE
457.4777,56.8159,-78.7497,0.4114,467.6702,46.4799,0.0002,521.2347,878.9969,0.4128,3e-06,-0.0094,0.4027,0.0812,ROTATE
376.3197,62.7652,-61.0779,0.4151,386.3761,81.2941,0.0038,488.2046,3241.856,0.4135,3e-06,-0.0132,0.4073,0.0551,ROTATE
276.2526,68.4903,-51.7686,0.4134,289.286,97.09,0.0018,437.3845,7963.8799,0.4135,3e-06,-0.0155,0.4102,0.029,ROTATE
175.8896,52.2453,-45.1055,0.4135,188.9477,100.3383,0.0002,369.286,13975.8047,0.413,2e-06,-0.0172,0.4114,0.0047,ROTATE
115.3617,-10.435,-45.0313,0.4101,124.278,64.6697,0.0034,291.3116,15704.4609,0.4127,3e-06,-0.02,0.4109,-0.0185,ROTATE
194.6862,-110.748,-18.4906,0.3554,224.7437,100.4657,0.0548,242.7263,8009.7148,0.4015,0.000535,-0.0195,0.3988,-0.0347,ROTATE
249.4865,-190.9984,19.1731,0.3337,314.788,90.0443,0.0217,228.4087,4716.249,0.3852,0.001153,-0.0153,0.3815,-0.0462,ROTATE
301.9861,-187.2518,56.7635,0.3059,359.8346,45.0466,0.0277,242.5184,7230.5078,0.3637,0.001789,-0.0105,0.3601,-0.0431,ROTATE
343.9857,-159.2265,75.8389,0.3275,386.5628,26.7282,0.0215,282.0414,9244.2324,0.3465,0.00126,-0.0063,0.3432,-0.0396,ROTATE
377.5855,-148.9562,51.9774,0.34,409.2192,22.6564,0.0126,339.0297,4253.5503,0.3325,0.000262,0.0004,0.3298,-0.0349,ROTATE
404.4653,-139.1149,17.2007,0.3322,428.0666,18.8473,0.0078,379.6942,1573.2013,0.3279,0.000136,0.0051,0.3255,-0.0327,ROTATE
425.9691,-109.8045,-8.6613,0.3152,439.9792,11.9127,0.017,404.7325,830.58,0.3242,0.000148,0.0071,0.3218,-0.0322,ROTATE
443.1722,-85.0748,-20.7228,0.3025,451.7397,11.7605,0.0127,423.1135,531.4895,0.3235,0.000175,0.0086,0.3189,-0.0474,ROTATE
450.6753,-66.7317,-28.847,0.2972,456.5013,4.7617,0.0053,437.1012,291.5925,0.3174,0.000273,0.0111,0.3095,-0.0644,ROTATE
419.0902,-42.6823,-37.4651,0.2915,422.9208,33.5805,0.0056,439.8415,168.819,0.3077,0.000211,0.0128,0.2965,-0.0775,ROTATE
437.6691,68.2511,-47.5596,0.2511,445.5046,22.5838,0.0404,443.3292,135.3398,0.2915,0.000469,0.0153,0.2803,-0.075,ROTATE
452.5321,98.2227,-51.7664,0.2546,465.9536,20.449,0.0035,448.524,208.4823,0.2794,0.000482,0.0155,0.2626,-0.0883,ROTATE
464.4226,85.4751,-91.3881,0.2926,480.9846,15.0309,0.0379,454.373,382.941,0.2774,0.000406,0.0184,0.2548,-0.1014,ROTATE
473.935,112.1988,-139.6449,0.29,506.6593,25.6747,0.0026,464.4046,828.1733,0.276,0.000358,0.0206,0.2486,-0.1109,ROTATE
481.5449,152.6965,-163.5565,0.2836,530.9919,24.3327,0.0064,486.0189,903.5933,0.2744,0.000318,0.0213,0.2398,-0.124,ROTATE
487.6328,165.0854,-180.1421,0.2886,545.4265,14.4346,0.005,506.0032,881.793,0.2819,0.000194,0.0196,0.2329,-0.1556,ROTATE
492.5031,163.5402,-190.2324,0.2829,552.7143,7.2878,0.0057,523.3553,696.2889,0.2875,1.4e-05,0.0183,0.228,-0.1711,ROTATE
496.3994,160.5071,-188.6828,0.2804,554.7758,2.0615,0.0025,538.1136,316.8758,0.2851,1.3e-05,0.0125,0.2127,-0.1857,ROTATE
499.5164,153.3213,-172.0869,0.2821,550.1254,4.6503,0.0017,546.8068,72.2862,0.2835,8e-06,0.0054,0.1941,-0.2035,ROTATE
472.7913,143.2914,-149.0477,0.2802,516.0225,34.1029,0.0019,543.8129,202.8352,0.2829,9e-06,-0.001,0.1757,-0.219,ROTATE
386.4049,132.9582,-120.4975,0.2856,426.0355,89.987,0.0054,519.9347,2406.4492,0.2823,4e-06,-0.0068,0.1573,-0.2318,ROTATE
246.252,120.4915,-87.7511,0.287,287.8516,138.1839,0.0014,466.9622,10157.9717,0.2831,8e-06,-0.0121,0.1404,-0.2438,ROTATE
94.6016,109.1651,-54.9572,0.2911,154.5535,133.2981,0.0041,386.9177,21728.4492,0.2852,1.4e-05,-0.0166,0.1289,-0.2531,ROTATE
-26.7187,112.8165,-26.1688,0.2908,118.8539,35.6996,0.0003,300.6634,23332.9316,0.2869,1.6e-05,-0.0204,0.1235,-0.2579,ROTATE
-123.775,120.4563,-8.9476,0.2857,172.9451,54.0912,0.005,232.0479,12611.3271,0.288,6e-06,-0.0222,0.1226,-0.2595,ROTATE
-201.42,132.9525,14.2326,0.2594,241.7622,68.817,0.0264,195.1933,3745.6997,0.2828,0.000141,-0.0238,0.1252,-0.2521,ROTATE
-263.536,134.9714,35.9704,0.2263,298.2656,56.5034,0.0331,197.276,4149.0298,0.2707,0.00063,-0.024,0.1284,-0.2364,ROTATE
-313.2288,113.1709,48.8076,0.1885,336.6038,38.3382,0.0378,233.6861,6340.7368,0.2501,0.001475,-0.0222,0.1282,-0.2128,ROTATE
-352.983,81.0742,47.3773,0.1378,365.2597,28.6559,0.0507,282.9673,4737.1382,0.2195,0.002733,-0.018,0.1221,-0.1802,ROTATE
-384.7864,45.6156,31.3269,0.0888,388.7451,23.4854,0.049,326.1273,2691.1685,0.1801,0.003725,-0.0149,0.1112,-0.1381,ROTATE
-410.2292,17.8894,6.9521,0.0596,410.6779,21.9327,0.0292,359.9104,1556.1342,0.1402,0.003779,-0.0112,0.096,-0.0914,ROTATE
-430.5833,8.1084,-7.0164,0.0692,430.7168,20.0389,0.0096,386.4006,1097.0934,0.1088,0.002317,-0.0078,0.0785,-0.0431,ROTATE
-446.8666,-0.7196,-5.0944,0.0927,446.8963,16.1795,0.0235,408.4591,846.5145,0.0896,0.00073,-0.0051,0.0586,0.0043,ROTATE
-459.8933,-16.3819,14.437,0.1198,460.4114,13.5151,0.0271,427.4894,650.9293,0.086,0.000435,-0.0039,0.038,0.0475,ROTATE
-470.3146,-40.8149,41.5777,0.1514,473.9097,13.4984,0.0316,444.5224,491.5516,0.0985,0.001132,-0.0018,0.0168,0.0856,ROTATE
-478.6517,-60.2957,67.7247,0.196,487.1649,13.2552,0.0446,459.8198,392.1264,0.1258,0.001984,0.0013,-0.0044,0.121,ROTATE
-485.3214,-76.5834,82.3704,0.2269,498.1834,11.0185,0.0308,473.3131,335.0128,0.1574,0.002391,0.0053,-0.0255,0.1532,ROTATE
-490.6571,-78.5417,76.3057,0.2452,502.7283,4.5449,0.0183,484.4796,243.8044,0.1879,0.002166,0.0097,-0.0458,0.181,ROTATE
-494.9257,-73.5646,57.7414,0.2778,503.6837,0.9554,0.0326,493.134,126.8091,0.2195,0.00186,0.0143,-0.0677,0.2075,ROTATE
-498.3405,-81.7173,54.0713,0.3119,507.8825,4.1989,0.0341,499.9286,50.2324,0.2515,0.001613,0.0166,-0.0943,0.2311,ROTATE
-501.0724,-87.8114,56.8508,0.3367,511.8754,3.9929,0.0248,504.8707,21.7711,0.2797,0.001654,0.0166,-0.1252,0.2469,ROTATE
-503.2579,-88.171,65.2619,0.3628,515.0745,3.1991,0.0261,508.2489,22.2387,0.3069,0.001739,0.0145,-0.16,0.2581,ROTATE
-505.0063,-74.743,70.9407,0.3824,515.413,0.3384,0.0196,510.7858,19.9721,0.3343,0.001365,0.0111,-0.1954,0.2681,ROTATE
-506.4051,-56.6225,63.2776,0.3899,513.4747,1.9382,0.0075,512.744,7.4954,0.3567,0.000842,0.007,-0.2273,0.2732,ROTATE
-507.5241,-29.6418,48.7908,0.3962,510.7249,2.7499,0.0063,513.3125,3.2608,0.3736,0.000466,0.0039,-0.2525,0.2745,ROTATE
-508.4193,0.4834,33.0639,0.4016,509.4935,1.2314,0.0054,512.8361,5.5378,0.3866,0.000182,0.0021,-0.2725,0.2736,ROTATE
-509.1354,24.8805,27.3418,0.4057,510.4757,0.9823,0.0041,511.9164,4.804,0.3951,6.9e-05,0.001,-0.2901,0.267,ROTATE
-509.7083,34.7357,43.6265,0.4115,512.7499,2.2741,0.0058,511.3837,2.2141,0.401,5.6e-05,-0.0007,-0.3083,0.2538,ROTATE
-510.1667,30.3573,67.1637,0.4185,515.4634,2.7136,0.0069,511.7815,4.5102,0.4067,6e-05,-0.0024,-0.3274,0.2377,ROTATE
-510.5333,27.1046,92.5122,0.4193,519.5551,4.0916,0.0008,513.5475,13.2537,0.4113,4.8e-05,-0.0042,-0.3455,0.2196,ROTATE
-510.8267,38.2649,77.3629,0.3901,518.0667,1.4883,0.0293,515.2622,11.1113,0.409,0.000114,-0.0034,-0.352,0.2068,ROTATE
-511.0613,66.0244,57.5435,0.391,518.5115,0.4448,0.001,516.8693,6.058,0.4061,0.000168,-0.0012,-0.3562,0.1942,ROTATE
-511.2491,78.3883,47.7191,0.3884,519.4203,0.9089,0.0026,518.2034,2.1858,0.4015,0.000204,0.0019,-0.3581,0.18,ROTATE
-511.3993,92.1763,45.7816,0.4006,521.6528,2.2324,0.0122,519.4413,1.5316,0.3979,0.000133,0.0049,-0.3611,0.1634,ROTATE
-511.5194,106.6754,45.569,0.4131,524.5076,2.8549,0.0125,520.4318,5.6815,0.3967,8.6e-05,0.0072,-0.3669,0.1418,ROTATE
-511.6155,132.5716,34.2552,0.4059,529.6216,5.114,0.0073,522.7428,16.1128,0.3998,8.5e-05,0.0075,-0.3805,0.1114,ROTATE
-511.6924,128.3104,30.3198,0.4413,528.4052,1.2165,0.0354,524.7216,15.0291,0.4099,0.000312,0.0069,-0.3988,0.084,ROTATE
-511.754,124.3046,17.934,0.4284,526.9396,1.4655,0.0129,526.2254,8.1311,0.4179,0.000225,0.0066,-0.4122,0.0576,ROTATE
-511.8032,127.1655,0.6878,0.4276,527.3652,0.4255,0.0008,527.3679,2.904,0.4233,0.000155,0.0073,-0.4208,0.0319,ROTATE
-511.8425,131.8668,-16.4966,0.4247,528.8135,1.4484,0.0029,528.2291,0.9442,0.4256,0.000129,0.0089,-0.4239,0.0068,ROTATE
-511.874,137.0278,-25.0098,0.4301,530.4876,1.6741,0.0054,528.4022,1.5465,0.4304,3.3e-05,0.0088,-0.4275,-0.0201,ROTATE
-511.8992,142.5972,-24.3235,0.4323,531.9459,1.4583,0.0022,529.1104,3.5566,0.4286,6e-06,0.008,-0.4227,-0.0522,ROTATE
-511.9194,147.4278,-26.4775,0.4382,533.3831,1.4371,0.006,530.399,4.6046,0.4306,2.1e-05,0.0052,-0.4194,-0.0842,ROTATE
-511.9355,140.011,-22.357,0.4358,531.207,2.1761,0.0025,531.1674,2.3039,0.4322,2.2e-05,0.0018,-0.4137,-0.1165,ROTATE
-511.9484,120.2275,-20.07,0.4316,526.2591,4.9479,0.0041,530.6566,5.7531,0.4336,9e-06,0.0005,-0.4063,-0.1456,ROTATE
-511.9587,94.4258,-9.5716,0.4149,520.6818,5.5773,0.0168,528.6954,21.8002,0.4305,6.7e-05,-0.0017,-0.3936,-0.1704,ROTATE
-511.967,82.0531,3.9427,0.4047,518.5156,2.1662,0.0102,526.0093,33.1975,0.425,0.00017,-0.0018,-0.3772,-0.1921,ROTATE
-511.9736,80.9519,13.6229,0.3987,518.513,0.0026,0.006,523.0353,24.7173,0.4171,0.000212,0.0017,-0.357,-0.2122,ROTATE
-505.9539,77.949,23.9233,0.3911,512.4819,6.0311,0.0075,519.2903,19.6119,0.4082,0.000198,0.0069,-0.3344,-0.2303,ROTATE
-494.26,61.1686,34.223,0.3818,499.2051,13.2768,0.0093,513.8795,61.3051,0.3982,0.000128,0.0114,-0.3092,-0.2471,ROTATE
-474.2892,18.1411,31.8941,0.3692,475.7065,23.4987,0.0126,504.8844,262.5755,0.3891,0.000158,0.0212,-0.2848,-0.2611,ROTATE
-444.1064,-41.5246,10.7746,0.3587,446.1736,29.5329,0.0104,490.416,705.4709,0.3799,0.000209,0.029,-0.2618,-0.2716,ROTATE
-426.3758,-84.1322,-21.3991,0.354,435.1235,11.0501,0.0048,473.7381,880.883,0.371,0.000193,0.0325,-0.2418,-0.2782,ROTATE
-427.0819,-110.1745,-56.688,0.351,444.6919,9.5684,0.003,460.1801,565.5841,0.3629,0.000127,0.0328,-0.2269,-0.2808,ROTATE
-430.7436,-115.9459,-86.4817,0.3432,454.3816,9.6897,0.0078,451.2154,187.3524,0.3552,7.4e-05,0.0301,-0.2168,-0.2794,ROTATE
-446.9949,-94.4442,-108.4353,0.3402,469.5555,15.174,0.003,449.9852,133.1487,0.3494,4.7e-05,0.0257,-0.2077,-0.2795,ROTATE
-459.9959,-80.6397,-121.4045,0.3456,482.533,12.9774,0.0055,457.2571,289.2341,0.3468,2.5e-05,0.0219,-0.2005,-0.2818,ROTATE
-470.3967,-65.1993,-125.9236,0.3495,491.3052,8.7722,0.0038,468.4934,296.854,0.3459,1.6e-05,0.0201,-0.1937,-0.2854,ROTATE
-478.7174,-37.4438,-113.1264,0.3472,493.3254,2.0202,0.0023,478.2201,212.2681,0.3451,1e-05,0.0179,-0.1848,-0.2903,ROTATE
-485.3739,-13.8019,-87.1011,0.3483,493.3203,0.0051,0.0011,486.0079,83.5669,0.3461,1e-05,0.0168,-0.1726,-0.2989,ROTATE
-490.6991,-8.4915,-61.884,0.3589,494.6588,1.3385,0.0106,491.0285,19.1916,0.3499,2.2e-05,0.0146,-0.1581,-0.3105,ROTATE
-494.9593,-17.2807,-44.7228,0.3641,497.276,2.6172,0.0052,493.9771,3.8686,0.3536,4.5e-05,0.0129,-0.1382,-0.3228,ROTATE
-498.3674,-25.3527,-34.222,0.3496,500.184,2.9079,0.0145,495.7529,6.9923,0.3536,4.5e-05,0.0121,-0.1115,-0.3319,ROTATE
-501.0939,2.9147,-33.762,0.2959,502.2385,2.0545,0.0537,497.5356,11.0486,0.3434,0.000598,0.013,-0.0761,-0.3301,ROTATE
-503.2751,52.0255,-33.1377,0.2958,507.0411,4.8026,0.0001,500.2797,18.0357,0.3329,0.000934,0.0136,-0.0367,-0.3252,ROTATE
-505.0201,111.5548,-28.6539,0.308,517.9873,10.9462,0.0122,504.9454,52.6602,0.3227,0.000819,0.0131,0.0042,-0.3165,ROTATE
-506.4161,168.0345,-24.42,0.3253,534.1246,16.1373,0.0173,512.3151,156.8695,0.3149,0.000417,0.0129,0.0448,-0.3061,ROTATE
-507.5329,199.5588,-25.7423,0.3775,545.9634,11.8387,0.0522,521.4709,270.0478,0.3205,0.000928,0.0133,0.0832,-0.3062,ROTATE
-508.4263,170.4596,-33.2594,0.4529,537.2708,8.6926,0.0754,528.4774,196.9066,0.3519,0.003325,0.0154,0.1167,-0.3302,ROTATE
-509.1411,69.8645,-67.6669,0.4959,518.3478,18.923,0.043,530.7388,120.4111,0.3919,0.005242,0.0204,0.1485,-0.3616,ROTATE
-509.7128,-12.824,-103.421,0.4446,520.2572,1.9094,0.0513,531.1927,109.6576,0.4192,0.003642,0.0254,0.1764,-0.3787,ROTATE
-510.1703,-59.7373,-125.4056,0.4122,528.7427,8.4855,0.0324,530.1164,107.9805,0.4366,0.001587,0.0281,0.2021,-0.3838,ROTATE
-510.5362,-79.6961,-119.837,0.3819,530.4334,1.6907,0.0303,527.0104,48.1279,0.4375,0.001486,0.027,0.2244,-0.3704,ROTATE
-510.8289,-89.7038,-137.3914,0.4045,536.5346,6.1012,0.0226,526.8632,45.1931,0.4278,0.001562,0.0252,0.2528,-0.3367,ROTATE
-511.0632,-93.5974,-164.8475,0.4132,545.0878,8.5532,0.0087,532.2112,68.5177,0.4113,0.000404,0.0206,0.281,-0.2909,ROTATE
-511.2505,-95.7217,-197.6343,0.4211,556.4163,11.3284,0.0079,539.443,104.8168,0.4066,0.00018,0.0152,0.3101,-0.254,ROTATE
-511.4005,-78.9461,-203.1199,0.3663,555.8962,0.52,0.0548,544.8737,106.5671,0.3974,0.000414,0.0071,0.3297,-0.2121,ROTATE
-511.5204,-84.4194,-158.6272,0.3643,542.1645,13.7318,0.002,547.2199,60.8261,0.3939,0.000573,0.0016,0.348,-0.1754,ROTATE
-511.6163,-76.7011,-123.908,0.3716,531.9656,10.1989,0.0073,546.3061,83.6944,0.3873,0.000606,-0.0045,0.3568,-0.1405,ROTATE
-511.693,-84.1171,-85.5889,0.3813,525.5767,6.3889,0.0097,542.4039,154.1116,0.3809,0.000438,-0.0112,0.3624,-0.1062,ROTATE
-511.7544,-89.375,-65.2024,0.3911,523.576,2.0007,0.0097,535.8358,142.6007,0.3749,0.0001,-0.0176,0.3659,-0.0684,ROTATE
-511.8035,-97.1719,-57.3307,0.3941,524.0916,0.5156,0.0031,529.4749,49.2404,0.3805,0.000128,-0.0205,0.3752,-0.0402,ROTATE
-511.8428,-123.1844,-55.6208,0.3974,529.3875,5.2959,0.0033,526.9195,10.5067,0.3871,8.9e-05,-0.024,0.3832,-0.0087,ROTATE
-511.8743,-166.3944,-51.2622,0.4183,540.6757,11.2881,0.0208,528.6615,40.2259,0.3964,0.000148,-0.0274,0.3908,0.0278,ROTATE
-511.8994,-193.1405,-40.6567,0.4291,548.6321,7.9565,0.0109,533.2726,96.8259,0.406,0.000225,-0.03,0.3953,0.0675,ROTATE
-511.9195,-223.0343,-27.2628,0.4298,559.0609,10.4288,0.0007,540.3696,160.6615,0.4137,0.000233,-0.0316,0.3947,0.1058,ROTATE
-511.9356,-258.0493,7.6679,0.4386,573.3466,14.2856,0.0088,550.2206,228.1216,0.4226,0.000201,-0.0349,0.3928,0.1431,ROTATE
-511.9485,-288.2082,30.6312,0.4377,588.2971,14.9506,0.0009,562.0025,292.4697,0.4307,5.4e-05,-0.036,0.3871,0.1791,ROTATE
-511.9588,-304.3697,54.4143,0.4307,598.0833,9.7862,0.007,573.484,330.0428,0.4332,1.7e-05,-0.0349,0.3732,0.2116,ROTATE
-511.967,-314.5926,77.6877,0.4265,605.8995,7.8162,0.0042,584.9374,285.4903,0.4327,2.2e-05,-0.0314,0.3534,0.2417,ROTATE
-511.9736,-324.8741,86.7064,0.4306,612.5179,6.6184,0.0041,595.6288,189.4009,0.4328,2.1e-05,-0.0254,0.3307,0.2714,ROTATE
-511.9789,-335.8243,81.0151,0.4306,617.6276,5.1097,0.0001,604.485,108.4568,0.4312,1.3e-05,-0.0139,0.302,0.3011,ROTATE
-511.9831,-330.5282,50.7559,0.4276,611.5159,6.1116,0.003,609.1288,44.3689,0.4292,3e-06,-0.0008,0.2676,0.3291,ROTATE
-511.9865,-280.2413,20.3984,0.4366,584.0218,27.4941,0.009,606.3165,138.1319,0.4304,1.2e-05,0.0131,0.2317,0.356,ROTATE
-511.9892,-200.4337,89.2813,0.4291,557.0258,26.996,0.0075,596.5418,528.4666,0.4309,9e-06,0.0185,0.2009,0.3762,ROTATE
-511.9914,-166.8344,134.0531,0.4158,554.9226,2.1032,0.0132,585.0228,691.1622,0.4279,4.6e-05,0.0209,0.1728,0.3885,ROTATE
-511.9931,-166.4269,153.7269,0.4124,559.8811,4.9585,0.0034,573.4734,471.5816,0.4243,7.9e-05,0.0223,0.146,0.3966,ROTATE
-511.9945,-169.9541,158.4815,0.4193,562.2625,2.3813,0.0069,563.6227,110.2366,0.4226,7.9e-05,0.0228,0.1243,0.4023,ROTATE
-511.9956,-176.7695,139.0602,0.4231,559.2179,3.0446,0.0038,558.662,6.2837,0.4199,3.3e-05,0.0221,0.1058,0.4044,ROTATE
-511.9965,-179.3906,105.045,0.413,552.5901,6.6277,0.01,557.7748,12.3347,0.4167,1.6e-05,0.0282,0.0817,0.4058,ROTATE
-511.9972,-164.1969,61.3423,0.4046,541.1696,11.4205,0.0084,555.0243,58.2886,0.4145,4e-05,0.0354,0.0524,0.4074,ROTATE
-511.9977,-124.6544,22.6238,0.405,527.4393,13.7303,0.0004,548.5359,163.6575,0.413,5.5e-05,0.0415,0.0196,0.4072,ROTATE
-511.9982,-57.411,-6.3697,0.4051,515.2463,12.1931,0.0001,539.1327,259.1926,0.4102,5.1e-05,0.0453,-0.0188,0.4027,ROTATE
-511.9986,10.7868,-16.602,0.3764,512.3812,2.8651,0.0287,529.7653,233.8901,0.4008,0.000159,0.0468,-0.0669,0.3848,ROTATE
-511.9988,-24.608,-11.8597,0.3437,512.7271,0.3458,0.0327,521.7927,124.1934,0.387,0.00059,0.0463,-0.1225,0.349,ROTATE
-511.9991,-122.0864,-11.8972,0.3699,526.4881,13.761,0.0262,518.8564,44.8879,0.38,0.000538,0.0434,-0.181,0.3096,ROTATE
-511.9993,-200.0692,-12.4896,0.4053,549.8426,23.3545,0.0354,523.337,202.1071,0.3801,0.000541,0.0374,-0.2371,0.2744,ROTATE
-466.7494,-212.6928,-14.1386,0.4222,513.121,36.7216,0.0169,522.912,209.708,0.3835,0.000758,0.0313,-0.2864,0.2424,ROTATE
-438.912,-182.9293,-10.2015,0.4197,475.6164,37.5046,0.0024,515.559,580.837,0.3922,0.000935,0.0263,-0.3242,0.2166,ROTATE
-453.5296,-132.634,0.2482,0.4205,472.5262,3.0902,0.0007,507.5189,884.9537,0.4075,0.00039,0.0231,-0.3514,0.2029,ROTATE
-465.2237,-107.551,21.8111,0.4193,477.9916,5.4655,0.0011,497.8195,893.2822,0.4174,3.7e-05,0.0216,-0.3707,0.1848,ROTATE
-474.5789,-142.5939,56.2051,0.4207,498.7156,20.7239,0.0014,487.5941,247.6046,0.4205,1e-06,0.0251,-0.3865,0.1469,ROTATE
-482.0632,-163.2376,98.3516,0.4221,518.3671,19.6516,0.0014,488.6434,305.5753,0.4205,1e-06,0.0273,-0.3994,0.1075,ROTATE
-488.0505,-172.2401,138.9656,0.4142,535.8838,17.5167,0.0079,500.6969,572.6796,0.4194,7e-06,0.0295,-0.4079,0.0738,ROTATE
-492.8404,-121.5515,153.9194,0.371,530.4315,5.4523,0.0433,512.278,456.671,0.4095,0.000378,0.0327,-0.4031,0.0542,ROTATE
-496.6723,-5.1412,140.4199,0.3559,516.1663,14.2653,0.0151,519.9129,166.2928,0.3968,0.000772,0.0357,-0.3922,0.0437,ROTATE
-499.7379,58.1777,139.2953,0.3508,522.04,5.8737,0.0051,524.5778,55.5717,0.3828,0.000885,0.0377,-0.3774,0.0267,ROTATE
-502.1903,64.6765,162.7081,0.3527,531.8384,9.7984,0.0019,527.272,51.1418,0.3689,0.000564,0.0407,-0.3621,0.0076,ROTATE
-504.1522,64.5287,182.6321,0.3525,540.0814,8.243,0.0002,528.1115,68.4204,0.3566,5.5e-05,0.0429,-0.3472,-0.0168,ROTATE
-505.7218,54.3074,204.3307,0.3424,548.1376,8.0563,0.0102,531.6527,135.0128,0.3509,2.1e-05,0.0421,-0.3384,-0.0537,ROTATE
-506.9774,9.1834,228.5146,0.3349,556.1738,8.0362,0.0075,539.6542,143.2794,0.3467,4.9e-05,0.0406,-0.3284,-0.0958,ROTATE
-507.9819,-48.7439,242.2179,0.3321,564.8815,8.7077,0.0028,548.2225,135.0943,0.3429,7.4e-05,0.0361,-0.3162,-0.1197,ROTATE
-508.7856,-103.7233,231.6118,0.3335,568.5642,3.6827,0.0014,555.5677,110.2113,0.3391,5.8e-05,0.0317,-0.3018,-0.145,ROTATE
-509.4284,-94.7817,180.4145,0.3507,548.6805,19.8837,0.0172,557.2875,68.7749,0.3387,4.9e-05,0.0245,-0.2874,-0.1724,ROTATE
-509.9427,-60.2223,151.4097,0.3511,535.3441,13.3364,0.0003,554.7288,141.787,0.3404,7.3e-05,0.0178,-0.2708,-0.2005,ROTATE
-510.3542,-26.4028,139.1371,0.3509,529.6392,5.7049,0.0001,549.4219,239.1041,0.3437,7.9e-05,0.0105,-0.2516,-0.228,ROTATE
-510.6833,10.8152,130.1816,0.3426,527.1259,2.5133,0.0084,541.8707,233.7069,0.3458,4.8e-05,0.0046,-0.2294,-0.2528,ROTATE
-510.9467,56.9272,123.1953,0.3608,528.6627,1.5369,0.0182,533.8904,62.4041,0.3512,3.3e-05,0.0024,-0.2038,-0.2806,ROTATE
-511.1573,57.5168,108.4062,0.3594,525.6823,2.9804,0.0014,529.2908,10.9732,0.3529,4.4e-05,0.0028,-0.1738,-0.3028,ROTATE
-511.3259,51.4134,100.0844,0.3668,523.5593,2.123,0.0075,526.9339,4.6597,0.3561,7.1e-05,0.0031,-0.1463,-0.3215,ROTATE
-511.4607,25.8745,135.9269,0.3642,529.8468,6.2875,0.0027,526.9754,4.8913,0.3587,7.2e-05,0.0049,-0.1184,-0.3359,ROTATE
-511.5685,-14.8192,123.6852,0.3602,526.5169,3.3299,0.004,526.8536,4.9139,0.3623,8e-06,0.0064,-0.0948,-0.3478,ROTATE
-511.6548,-32.0585,89.1013,0.3575,520.3436,6.1733,0.0027,525.1898,9.9671,0.3616,1.2e-05,0.0037,-0.0738,-0.3527,ROTATE
-511.7239,-37.9155,65.3654,0.3543,517.2732,3.0704,0.0031,523.5079,19.6245,0.3606,2e-05,-0.0,-0.0546,-0.3555,ROTATE
-511.7791,-35.0293,33.5423,0.3573,514.072,3.2012,0.0029,521.6105,33.8313,0.3587,1.1e-05,-0.0022,-0.0377,-0.3562,ROTATE
-511.8233,-41.4703,1.2339,0.3665,513.5021,0.5699,0.0092,518.3416,22.7272,0.3592,1.7e-05,-0.0044,-0.0266,-0.3577,ROTATE
-511.8586,-80.145,-32.5566,0.3689,519.117,5.6149,0.0024,516.8616,7.2899,0.3609,3.2e-05,-0.0058,-0.0138,-0.3602,ROTATE
-511.8869,-94.2004,-48.0203,0.3838,522.6929,3.5759,0.0149,517.3314,11.445,0.3661,0.000107,-0.0077,-0.0017,-0.3657,ROTATE
-511.9095,-117.3853,-35.2319,0.3881,526.3762,3.6833,0.0043,519.152,24.4914,0.3729,0.00013,-0.0103,0.0061,-0.3724,ROTATE
-511.9276,-142.4489,9.2489,0.3743,531.4575,5.0813,0.0138,522.6292,37.5247,0.3763,7e-05,-0.0149,0.0166,-0.3752,ROTATE
-511.9421,-171.4935,60.9741,0.3689,543.3347,11.8771,0.0054,528.5956,71.0084,0.3768,6.2e-05,-0.0201,0.0332,-0.3738,ROTATE
-511.9537,-204.1073,96.5793,0.3648,559.539,16.2043,0.0041,536.6801,179.1801,0.376,7.7e-05,-0.027,0.0562,-0.3682,ROTATE
-511.963,-229.9577,112.9259,0.3351,572.4848,12.9458,0.0297,546.6384,297.2784,0.3662,0.000304,-0.0332,0.0872,-0.3479,ROTATE
-511.9704,-228.9193,118.2501,0.3045,573.1499,0.6651,0.0306,555.9932,268.2273,0.3495,0.000691,-0.0392,0.1281,-0.3103,ROTATE
-478.6451,-189.4229,105.8188,0.3181,525.5281,47.6218,0.0136,554.8073,332.0457,0.3383,0.000639,-0.0458,0.1757,-0.265,ROTATE
-391.091,-133.9696,82.3644,0.3503,421.5258,104.0023,0.0322,530.4455,3265.0183,0.3346,0.000467,-0.0527,0.2238,-0.2198,ROTATE
-365.2353,-83.0507,57.6447,0.37,378.9685,42.5572,0.0198,494.3314,6380.5586,0.3356,0.000535,-0.0602,0.2663,-0.1783,ROTATE
-358.6351,-33.1093,40.3283,0.3712,362.411,16.5575,0.0012,452.3167,6874.3271,0.3428,0.000736,-0.0674,0.2996,-0.1454,ROTATE
-389.3081,34.5719,35.622,0.3677,392.4601,30.0491,0.0036,416.1787,3364.802,0.3555,0.000406,-0.072,0.3234,-0.127,ROTATE
-413.8465,109.4701,44.8445,0.3587,430.4226,37.9625,0.009,397.1576,652.1207,0.3636,6.3e-05,-0.075,0.3353,-0.1178,ROTATE
-398.271,181.9792,58.4349,0.3572,441.7588,11.3362,0.0015,401.2042,914.8374,0.365,3.4e-05,-0.0761,0.3394,-0.1096,ROTATE
-421.0168,182.7115,83.9105,0.3656,466.5614,24.8026,0.0084,418.7228,1363.3649,0.3641,2.8e-05,-0.072,0.3354,-0.1178,ROTATE
-439.2134,134.1879,106.8315,0.3668,471.5165,4.9551,0.0012,440.5439,810.4362,0.3632,1.9e-05,-0.0659,0.3307,-0.129,ROTATE
-453.7708,85.9285,108.5433,0.3581,474.4189,2.9023,0.0087,456.9356,308.8393,0.3613,1.7e-05,-0.0583,0.3278,-0.135,ROTATE
-465.4166,24.3646,98.4315,0.3483,476.335,1.9161,0.0098,466.1181,159.2006,0.3592,4.5e-05,-0.0492,0.3265,-0.1367,ROTATE
-474.7333,-19.5927,82.7952,0.345,482.2972,5.9622,0.0032,474.2258,27.1433,0.3568,7.8e-05,-0.0391,0.3263,-0.133,ROTATE
-482.1866,-44.0991,65.6268,0.3432,488.6262,6.329,0.0018,478.6388,37.3949,0.3523,7.9e-05,-0.0315,0.3311,-0.1058,ROTATE
-488.1493,-51.9887,53.4921,0.346,493.8157,5.1895,0.0028,483.0986,53.4274,0.3481,2.7e-05,-0.0241,0.3362,-0.0727,ROTATE
-492.9194,-61.3816,46.1812,0.3543,498.8687,5.053,0.0083,487.9886,64.1873,0.3473,1.5e-05,-0.0176,0.3412,-0.0413,ROTATE
-471.298,-73.324,36.7387,0.3602,478.3806,20.4881,0.0059,488.3976,55.3214,0.3497,4.2e-05,-0.013,0.3468,-0.0115,ROTATE
-479.4384,-71.6123,2.1972,0.3383,484.7621,6.3816,0.0219,488.8906,50.2787,0.3484,6.2e-05,-0.0125,0.3461,0.0146,ROTATE
-485.9507,-70.6149,16.7546,0.346,491.3403,6.5782,0.0077,489.4334,51.1702,0.3489,5.7e-05,-0.0134,0.3455,0.0368,ROTATE
-491.1606,-61.0638,37.535,0.3503,496.3632,5.0229,0.0042,489.943,56.6739,0.3498,5.5e-05,-0.0164,0.3442,0.055,ROTATE
-495.3285,-59.3135,72.1405,0.3533,504.0562,7.693,0.0031,490.9805,79.5004,0.3496,5.3e-05,-0.0205,0.3413,0.0701,ROTATE
-498.6628,-50.7696,118.7249,0.3436,515.1094,11.0533,0.0098,498.3262,110.2299,0.3463,2.7e-05,-0.0214,0.3339,0.0862,ROTATE
-501.3302,-51.5,128.6237,0.3384,520.1234,5.0139,0.0052,505.3985,118.4391,0.3463,2.7e-05,-0.0182,0.3277,0.1055,ROTATE
-503.4642,-65.8875,133.6739,0.3372,525.0582,4.9348,0.0012,512.142,110.7374,0.3446,4.1e-05,-0.0139,0.3178,0.1259,ROTATE
-505.1713,-73.835,133.5735,0.3422,527.723,2.6649,0.005,518.414,70.1584,0.3429,3.3e-05,-0.0076,0.3056,0.1491,ROTATE
-506.537,-75.2149,121.3713,0.3468,526.2775,1.4455,0.0046,522.8583,21.5442,0.3416,1.2e-05,0.0004,0.2907,0.1747,ROTATE
-507.6296,-62.7782,90.7627,0.3449,519.4871,6.7905,0.0019,523.7338,11.0417,0.3419,1.4e-05,0.0078,0.2748,0.1992,ROTATE
-508.5037,-18.4538,43.5539,0.3433,510.699,8.788,0.0016,521.849,38.863,0.3429,1e-05,0.0156,0.2582,0.2211,ROTATE
-509.203,60.0214,10.5119,0.351,512.8359,2.1369,0.0077,519.4045,47.0748,0.3456,1e-05,0.0234,0.2437,0.2409,ROTATE
-509.7624,123.314,46.0845,0.358,526.4863,13.6503,0.0071,519.1572,43.2044,0.3488,2.8e-05,0.0249,0.2325,0.2572,ROTATE
-510.2099,143.598,71.3176,0.3581,534.809,8.3228,0.0,520.8635,79.1492,0.351,3.9e-05,0.0227,0.223,0.2693,ROTATE
-491.8273,140.6753,78.6072,0.3482,517.5546,17.2545,0.0099,520.4769,80.8106,0.3517,3.3e-05,0.0174,0.2156,0.2767,ROTATE
-416.3744,132.8684,85.6389,0.3435,445.3713,72.1832,0.0047,507.4114,1019.1517,0.3517,3.2e-05,0.0102,0.2107,0.2809,ROTATE
-322.087,126.1103,90.1236,0.3369,357.4438,87.9275,0.0066,476.333,4545.4536,0.3489,6.8e-05,0.0029,0.2051,0.282,ROTATE
-286.1665,78.8789,111.3895,0.2845,317.0501,40.3938,0.0524,434.4458,7362.0532,0.3342,0.000665,0.0015,0.1907,0.2742,ROTATE
-331.3332,-3.0625,120.6179,0.2656,352.6184,35.5683,0.0189,398.0076,5358.9033,0.3157,0.001151,0.0028,0.1791,0.2598,ROTATE
-367.4666,-68.55,120.5787,0.2715,392.7722,40.1538,0.0059,373.0512,1883.2668,0.3004,0.001097,0.0055,0.1661,0.25,ROTATE
-396.3732,-104.0056,121.4848,0.2881,427.4196,34.6474,0.0166,369.4608,1415.5189,0.2893,0.000633,0.0093,0.1518,0.2454,ROTATE
-419.4986,-115.317,124.0722,0.2947,452.4058,24.9862,0.0066,388.4532,2401.9004,0.2809,0.000116,0.0122,0.134,0.2448,ROTATE
-437.9989,-107.9755,141.0672,0.3024,472.6538,20.248,0.0077,419.5739,1831.6676,0.2845,0.000193,0.014,0.1191,0.255,ROTATE
-452.7991,-85.9741,149.5318,0.3139,484.5393,11.8855,0.0115,445.9581,1083.0327,0.2941,0.000201,0.0157,0.1002,0.2738,ROTATE
-464.6393,-57.9918,141.788,0.3219,489.2408,4.7015,0.008,465.2519,519.7136,0.3042,0.000152,0.0173,0.0833,0.2906,ROTATE
-474.1114,-32.5497,125.7241,0.3225,491.5767,2.3359,0.0006,478.0833,207.4111,0.3111,0.00012,0.018,0.0661,0.3025,ROTATE
-481.6891,-8.1585,111.4574,0.3213,494.4833,2.9066,0.0012,486.4988,58.5158,0.3164,5.9e-05,0.0188,0.0481,0.3112,ROTATE
-487.7513,14.2982,103.5222,0.3224,498.8212,4.3379,0.0011,491.7323,23.1584,0.3204,1.1e-05,0.0198,0.0281,0.3168,ROTATE
-492.601,28.6292,102.9896,0.3285,504.0658,5.2445,0.0061,495.6376,27.9824,0.3233,7e-06,0.0203,0.0039,0.3201,ROTATE
-496.4808,38.6315,102.2448,0.3457,508.3696,4.3038,0.0172,499.4633,37.5829,0.3281,8.4e-05,0.02,-0.0234,0.3239,ROTATE
-499.5847,71.5614,101.599,0.3805,514.8089,6.4393,0.0348,504.1098,50.6512,0.3397,0.000493,0.0183,-0.0522,0.3329,ROTATE
-502.0677,77.4054,100.4292,0.3343,517.8317,3.0228,0.0462,508.7794,47.97,0.3423,0.000424,0.0164,-0.0799,0.3304,ROTATE
-504.0542,79.8212,116.6059,0.3812,523.4873,5.6556,0.0469,513.7126,47.0646,0.3541,0.000509,0.0131,-0.1087,0.3347,ROTATE
-463.7777,98.6726,136.6816,0.3752,493.4652,30.0221,0.006,511.5925,105.9492,0.3634,0.000381,0.0093,-0.1333,0.3359,ROTATE
-466.6847,73.9474,167.1296,0.305,501.1937,7.7285,0.0702,510.1573,123.439,0.3552,0.000935,0.0046,-0.1579,0.3141,ROTATE
-475.7477,79.7705,160.0131,0.3098,508.2356,7.0419,0.0049,508.8427,118.1219,0.3411,0.00102,0.0015,-0.1677,0.2946,ROTATE
-482.9982,101.6664,111.2292,0.3007,505.9597,2.2759,0.0092,506.4683,97.9862,0.3344,0.001293,0.0015,-0.1688,0.2867,ROTATE
-488.7986,108.1487,76.1834,0.2917,506.3833,0.4236,0.009,503.0475,28.3565,0.3165,0.000898,0.0035,-0.168,0.2664,ROTATE
-493.4388,103.0002,59.1561,0.287,507.5336,1.1503,0.0047,505.8612,6.1005,0.2988,7.1e-05,0.005,-0.1691,0.2444,ROTATE
-497.1511,95.897,52.7155,0.2879,509.0524,1.5188,0.0009,507.433,1.3098,0.2954,7.5e-05,0.0078,-0.1702,0.2385,ROTATE
-500.1208,81.7208,39.5536,0.3012,508.2948,0.7576,0.0133,507.4448,1.3294,0.2937,3.7e-05,0.0084,-0.1865,0.2219,ROTATE
-502.4967,57.9422,20.9867,0.3201,506.2614,2.0334,0.0189,507.5051,1.1647,0.2976,0.000152,0.0069,-0.2115,0.2055,ROTATE
-504.3973,43.7007,4.2393,0.3354,506.3047,0.0432,0.0153,507.4894,1.201,0.3063,0.000355,0.0053,-0.2341,0.1951,ROTATE
-505.9179,40.6855,-14.6273,0.3486,507.7619,1.4573,0.0133,507.5351,1.2134,0.3186,0.000486,0.0052,-0.2565,0.1877,ROTATE
-507.1343,41.1422,-28.6768,0.3536,509.6079,1.846,0.005,507.6462,1.6,0.3318,0.000369,0.0057,-0.2775,0.1804,ROTATE
-508.1075,23.9262,12.0054,0.3311,508.8121,0.7958,0.0225,507.7496,1.777,0.3378,0.000146,0.0052,-0.2917,0.1674,ROTATE
-508.886,-9.5621,33.3856,0.3453,510.0695,1.2574,0.0142,508.5112,1.8304,0.3428,7e-05,0.0058,-0.3056,0.1505,ROTATE
-509.5088,-42.2685,1.0585,0.3799,511.2601,1.1906,0.0347,509.5023,1.3856,0.3517,0.000255,0.0054,-0.3246,0.128,ROTATE
-510.007,-53.0335,-13.3376,0.3897,512.9304,1.6703,0.0097,510.536,2.0617,0.3599,0.000474,0.0038,-0.3426,0.1003,ROTATE
-510.4056,-49.4549,-15.542,0.4098,513.0314,0.101,0.0201,511.2208,2.666,0.3711,0.000837,0.0018,-0.3614,0.0734,ROTATE
-510.7245,-35.8171,-14.0836,0.4216,512.1725,0.8589,0.0119,511.8928,1.2352,0.3893,0.000699,0.0035,-0.3839,0.0517,ROTATE
-510.9796,-11.9255,1.9738,0.4197,511.1225,1.05,0.002,512.1034,0.6446,0.4041,0.000275,0.0053,-0.4018,0.0291,ROTATE
-511.1837,22.7596,28.4978,0.4096,512.483,1.3605,0.0101,512.348,0.4714,0.4101,0.000129,0.0112,-0.4087,0.0062,ROTATE
-483.8313,38.692,50.1201,0.4024,487.9568,24.5262,0.0073,507.3533,94.4425,0.4126,5.1e-05,0.0194,-0.41,-0.017,ROTATE
-487.6963,27.0911,67.9867,0.3986,493.157,5.2002,0.0038,503.3784,112.5014,0.4104,8.4e-05,0.0266,-0.4045,-0.0441,ROTATE
-492.557,-1.7271,84.8925,0.3995,499.8221,6.6652,0.0009,500.9083,93.462,0.4059,6.2e-05,0.0314,-0.3958,-0.0712,ROTATE
-496.4456,-65.3473,79.6577,0.4036,507.0245,7.2024,0.0041,500.0887,79.4058,0.4027,1.5e-05,0.0314,-0.3883,-0.0951,ROTATE
-499.5565,-115.9028,83.5981,0.4109,519.5948,12.5703,0.0073,501.511,122.7568,0.403,1.9e-05,0.0272,-0.3842,-0.1154,ROTATE
-502.0452,-152.791,88.5472,0.4064,532.1983,12.6035,0.0044,510.3594,196.0622,0.4038,2.1e-05,0.0211,-0.3815,-0.1298,ROTATE
-504.0362,-168.7297,91.3784,0.3935,539.3256,7.1273,0.0129,519.5931,219.4249,0.4028,3.5e-05,0.0157,-0.3779,-0.1379,ROTATE
-505.6289,-178.8963,105.8933,0.3945,546.6973,7.3716,0.001,528.9681,200.2827,0.4018,4.6e-05,0.0136,-0.3735,-0.1466,ROTATE
-506.9031,-176.8451,118.5209,0.3885,549.7929,3.0956,0.0059,537.5219,117.5476,0.3988,7.1e-05,0.012,-0.3651,-0.1581,ROTATE
-507.9225,-168.9917,126.3449,0.3806,550.0059,0.213,0.0079,543.604,47.45,0.3927,7.1e-05,0.0102,-0.3521,-0.171,ROTATE
-494.7693,-171.3372,131.729,0.3644,539.9125,10.0934,0.0162,545.1469,21.777,0.3843,0.000123,0.0085,-0.3358,-0.184,ROTATE
-456.831,-181.4791,126.1582,0.3382,507.489,32.4235,0.0262,538.7795,258.079,0.3733,0.000409,0.0082,-0.3177,-0.1939,ROTATE
-403.8492,-156.5395,112.1734,0.3146,447.4167,60.0724,0.0236,518.9235,1520.7104,0.3573,0.000752,0.0044,-0.2966,-0.1982,ROTATE
-350.8606,-107.7723,81.4044,0.2865,375.9583,71.4583,0.0281,484.1565,4209.1895,0.3369,0.001143,0.0025,-0.274,-0.1956,ROTATE
-278.9885,-33.0616,34.1766,0.2708,283.0118,92.9466,0.0157,430.7577,8582.3652,0.3149,0.00115,0.0011,-0.2522,-0.1884,ROTATE
-189.2408,45.7695,-40.9712,0.2613,198.9612,84.0506,0.0094,362.5674,12295.417,0.2943,0.000809,0.0,-0.2313,-0.1815,ROTATE
-48.9957,113.1844,-134.5301,0.2486,182.5092,16.452,0.0127,297.5714,10354.6738,0.2763,0.000518,-0.0013,-0.2116,-0.1771,ROTATE
63.2003,171.2819,-210.0241,0.2509,278.2838,95.7746,0.0023,263.7449,4794.1221,0.2636,0.000193,-0.0023,-0.2,-0.1713,ROTATE
152.9571,225.588,-257.7443,0.2688,375.1239,96.8401,0.0178,263.578,4756.7778,0.2601,8.1e-05,-0.002,-0.1983,-0.1675,ROTATE
224.7626,282.8673,-256.661,0.2641,443.1783,68.0544,0.0046,295.6113,10106.3652,0.2587,6e-05,-0.0011,-0.2025,-0.1587,ROTATE
282.2069,328.6907,-247.7101,0.2519,499.0377,55.8594,0.0122,355.6266,12912.7432,0.2568,6.4e-05,0.0005,-0.2081,-0.1475,ROTATE
328.1624,365.3495,-243.6868,0.2363,548.2281,49.1904,0.0155,428.7704,8987.8779,0.2544,0.000129,0.0034,-0.214,-0.1357,ROTATE
364.9268,368.2639,-242.262,0.2445,572.2593,24.0313,0.0082,487.5655,5119.5908,0.2531,0.000145,0.0094,-0.2118,-0.1359,ROTATE
394.3383,285.1956,-240.8908,0.2319,543.0172,29.2422,0.0126,521.1441,2078.4204,0.2457,0.000131,0.014,-0.205,-0.1323,ROTATE
409.0675,195.5502,-206.5033,0.2086,498.2166,44.8006,0.0233,532.1517,846.6525,0.2346,0.000217,0.0196,-0.1954,-0.126,ROTATE
429.6509,144.8339,-202.012,0.1182,496.3724,1.8441,0.0904,531.6187,883.092,0.2079,0.002154,0.0282,-0.1721,-0.1065,ROTATE
446.1176,146.4578,-187.8002,0.1385,505.7072,9.3347,0.0203,523.1146,889.8784,0.1884,0.002572,0.0364,-0.1557,-0.076,ROTATE
459.291,169.4881,-161.6996,0.1426,515.5785,9.8713,0.0041,511.7783,289.6855,0.168,0.001944,0.0414,-0.1427,-0.0307,ROTATE
469.8297,198.6967,-140.5722,0.1401,529.1321,13.5536,0.0025,509.0014,147.0321,0.1496,0.000945,0.0468,-0.1265,0.0129,ROTATE
478.2606,223.2511,-116.2921,0.1309,540.4611,11.3289,0.0092,517.4503,250.3284,0.1341,7.8e-05,0.0501,-0.1068,0.0492,ROTATE
485.0054,241.0884,-89.1712,0.1324,548.9129,8.4518,0.0015,527.9584,249.0331,0.1369,2e-05,0.0481,-0.1005,0.0738,ROTATE
490.4012,243.2801,-66.1338,0.1437,551.4093,2.4964,0.0112,537.0988,176.4519,0.1379,2.8e-05,0.0444,-0.0887,0.0917,ROTATE
494.7178,240.7022,-47.2914,0.1552,552.1954,0.7861,0.0115,544.4222,75.777,0.1405,7.7e-05,0.0396,-0.0743,0.108,ROTATE
498.1711,244.3586,-14.8956,0.169,555.0743,2.879,0.0138,549.6107,24.7939,0.1462,0.000206,0.0332,-0.0575,0.1254,ROTATE
500.9338,248.8807,2.8366,0.189,559.3607,4.2863,0.02,553.3905,12.7761,0.1579,0.00039,0.027,-0.0377,0.1454,ROTATE
503.1439,263.5327,13.638,0.2029,568.1454,8.7848,0.0139,557.237,37.5123,0.172,0.000468,0.0211,-0.0151,0.1648,ROTATE
504.912,287.8824,21.5354,0.215,581.6152,13.4697,0.0121,563.2782,113.0828,0.1862,0.000475,0.0151,0.0107,0.181,ROTATE
506.3265,293.4372,-2.4779,0.2369,585.2162,3.6011,0.0219,569.8824,141.1575,0.2026,0.000529,0.0133,0.0399,0.1943,ROTATE
507.4581,296.4216,-39.2698,0.2568,589.0005,3.7843,0.0199,576.6676,124.3634,0.2201,0.000584,0.0109,0.071,0.2045,ROTATE
508.3634,295.9873,-64.5065,0.2728,591.7794,2.7789,0.016,583.1514,68.0915,0.2369,0.000664,0.007,0.1003,0.2112,ROTATE
509.0876,294.1398,-63.9646,0.2827,591.4219,0.3575,0.0099,587.8067,15.0646,0.2528,0.000598,0.0017,0.1279,0.2154,ROTATE
509.667,290.5587,-49.9092,0.2922,588.7917,2.6302,0.0096,589.242,5.5317,0.2683,0.000383,-0.0054,0.1536,0.2177,ROTATE
510.1305,286.447,-32.3836,0.3074,585.9468,2.8449,0.0152,589.3881,4.4406,0.2824,0.000294,-0.0164,0.1773,0.2174,ROTATE
510.5013,284.8983,-15.0756,0.3205,584.8126,1.1342,0.0131,588.5505,7.896,0.2951,0.000292,-0.0258,0.1991,0.2143,ROTATE
510.7979,293.7155,10.102,0.3312,589.3092,4.4966,0.0107,588.0565,5.6819,0.3068,0.000316,-0.0338,0.2207,0.2081,ROTATE
511.0352,302.5224,31.3316,0.3469,594.6919,5.3827,0.0157,588.7105,11.7947,0.3197,0.000356,-0.0403,0.2437,0.2003,ROTATE
511.225,318.5304,42.309,0.3565,603.8234,9.1315,0.0096,591.7169,48.4356,0.3325,0.000312,-0.0453,0.2672,0.1898,ROTATE
511.3769,316.2493,46.341,0.3653,603.0485,0.7749,0.0088,595.1371,55.7601,0.3441,0.000266,-0.0501,0.2887,0.1776,ROTATE
511.4984,290.3338,45.0697,0.3759,589.8777,13.1708,0.0106,596.1501,38.9471,0.3552,0.000235,-0.0555,0.3081,0.1651,ROTATE
471.5894,250.1452,40.1745,0.3905,535.3346,54.5431,0.0146,585.3552,652.7633,0.367,0.000229,-0.0626,0.3266,0.1526,ROTATE
405.3996,199.9974,33.1271,0.3981,453.2606,82.074,0.0076,557.069,3325.0132,0.3772,0.000237,-0.0702,0.3425,0.1392,ROTATE
402.7322,136.9011,25.6079,0.3962,426.1348,27.1258,0.0018,521.5312,5053.6392,0.3852,0.00016,-0.076,0.3553,0.1252,ROTATE
424.5826,72.849,21.6832,0.388,431.3323,5.1975,0.0082,487.188,4172.3369,0.3897,6.1e-05,-0.0795,0.3633,0.1146,ROTATE
442.063,10.2729,39.8903,0.3709,443.978,12.6457,0.0171,458.0081,1585.2549,0.3887,9.3e-05,-0.0819,0.3648,0.1057,ROTATE
456.0473,-82.8442,73.8435,0.3658,469.3561,25.3781,0.0051,444.8123,241.0053,0.3838,0.000173,-0.0813,0.3632,0.0926,ROTATE
467.2347,-158.2285,106.5748,0.3817,504.6808,35.3247,0.0159,455.0964,837.8151,0.3806,0.000123,-0.0776,0.3634,0.0796,ROTATE
476.1847,-187.8671,123.7536,0.3916,526.6506,21.9698,0.0099,475.1996,1289.9236,0.3796,9.7e-05,-0.0725,0.3652,0.0696,ROTATE
483.3446,-191.0625,118.5998,0.393,533.0974,6.4468,0.0014,495.5526,1161.2427,0.3806,0.000118,-0.0667,0.3695,0.0558,ROTATE
489.0726,-131.3406,103.2579,0.3898,516.8216,16.2758,0.0032,510.1213,507.4824,0.3844,0.000102,-0.0584,0.377,0.0415,ROTATE
493.6549,-55.235,91.2876,0.3807,505.054,11.7676,0.0091,517.2609,129.284,0.3874,2.6e-05,-0.0501,0.3824,0.0298,ROTATE
497.3208,16.6651,88.9113,0.3773,505.4809,0.4269,0.0034,517.4209,125.3601,0.3865,4e-05,-0.0417,0.383,0.0139,ROTATE
500.2535,77.0915,88.6291,0.3877,513.8597,8.3788,0.0104,514.8627,104.3148,0.3857,3.4e-05,-0.0324,0.3821,-0.0097,ROTATE
502.5997,132.3669,66.7095,0.4102,524.0016,10.1418,0.0224,513.0436,51.209,0.3892,0.000131,-0.0223,0.3827,-0.0395,ROTATE
504.4767,149.3529,39.5707,0.4303,527.6068,3.6052,0.0201,515.2006,86.1187,0.3972,0.000404,-0.0133,0.3804,-0.0864,ROTATE
505.9782,91.7292,33.091,0.4541,515.2894,12.3173,0.0238,517.2477,61.339,0.4119,0.00078,-0.0038,0.3765,-0.1426,ROTATE
507.1795,72.199,32.4415,0.3875,513.3188,1.9706,0.0666,518.8152,34.2776,0.414,0.000656,0.0027,0.3694,-0.1737,ROTATE
508.1405,85.5123,4.8407,0.4145,515.3082,1.9894,0.027,519.1049,31.7422,0.4193,0.00049,0.0066,0.3619,-0.2054,ROTATE
508.9093,92.3818,-36.1868,0.4266,518.4906,3.1824,0.0121,518.0027,25.8074,0.4226,0.000473,0.0083,0.3507,-0.2338,ROTATE
509.5243,90.146,-78.7713,0.4355,523.3987,4.9081,0.0089,517.1611,12.4751,0.4236,0.000493,0.009,0.3419,-0.2483,ROTATE
510.0163,87.2418,-120.3171,0.4383,531.2288,7.83,0.0029,520.349,41.1915,0.4205,0.000341,0.008,0.334,-0.2527,ROTATE
510.4099,69.6966,-147.5287,0.4343,535.855,4.6263,0.004,524.8563,59.0788,0.4298,7.4e-05,0.0067,0.3246,-0.2797,ROTATE
510.7249,45.4104,-156.3354,0.4195,536.0436,0.1885,0.0148,529.0033,48.6785,0.4309,4.7e-05,0.0038,0.3065,-0.3001,ROTATE
510.9768,31.0721,-148.6215,0.4225,533.0582,2.9854,0.003,531.9169,21.3747,0.43,5.7e-05,-0.001,0.286,-0.318,ROTATE
511.1783,5.442,-171.0972,0.4147,539.0799,6.0217,0.0078,535.0531,7.2889,0.4259,8.1e-05,-0.0058,0.2594,-0.3342,ROTATE
511.3395,-14.3026,-189.7215,0.4214,545.5886,6.5087,0.0067,537.9251,18.315,0.4225,4.2e-05,-0.0094,0.2292,-0.3515,ROTATE
511.4685,-33.1265,-204.8272,0.4204,551.9525,6.3639,0.001,541.1445,46.4466,0.4197,7e-06,-0.012,0.1969,-0.3671,ROTATE
511.5717,-64.4668,-209.243,0.4173,556.4568,4.5043,0.0031,545.2272,71.4678,0.4193,8e-06,-0.0137,0.165,-0.3814,ROTATE
511.6542,-83.8141,-203.8632,0.4219,557.1131,0.6562,0.0045,550.0382,46.9602,0.4191,7e-06,-0.0147,0.1295,-0.3947,ROTATE
511.7203,-93.1419,-201.9437,0.4307,557.9555,0.8424,0.0089,553.8134,21.2285,0.4223,2e-05,-0.0168,0.0941,-0.4078,ROTATE
511.7731,-113.6948,-210.4268,0.4186,564.905,6.9495,0.0121,557.6766,17.3795,0.4218,2.2e-05,-0.0192,0.0605,-0.4142,ROTATE
511.8154,-120.6089,-211.1133,0.4163,566.6307,1.7257,0.0023,560.6122,18.2437,0.421,2.7e-05,-0.0219,0.0287,-0.4172,ROTATE
511.8492,-139.009,-210.15,0.4113,570.5051,3.8745,0.005,563.4219,26.4701,0.4198,4.2e-05,-0.0247,-0.0025,-0.417,ROTATE
511.8762,-158.7103,-192.195,0.4093,569.3375,1.1676,0.002,565.8668,19.5314,0.4173,5.6e-05,-0.028,-0.0317,-0.413,ROTATE
496.5103,-198.5089,-154.5279,0.4025,556.6033,12.7343,0.0068,565.5963,24.1032,0.4116,3.2e-05,-0.0299,-0.0587,-0.404,ROTATE
451.1833,-221.3134,-102.1536,0.3972,512.817,43.7863,0.0053,555.1787,472.6122,0.4073,4.5e-05,-0.033,-0.0892,-0.3935,ROTATE
437.1216,-213.1913,-61.476,0.3981,490.2093,22.6077,0.0009,539.8944,1056.9791,0.4037,3.3e-05,-0.0385,-0.1171,-0.382,ROTATE
452.0942,-158.5249,-46.9902,0.4035,481.3807,8.8286,0.0054,522.0695,1236.6215,0.4021,1.9e-05,-0.0466,-0.1412,-0.3714,ROTATE
464.0722,-101.6887,-42.3921,0.4043,476.9704,4.4103,0.0008,503.5961,855.2892,0.4011,8e-06,-0.0549,-0.1634,-0.3604,ROTATE
473.6547,-56.6572,-32.0543,0.4107,478.107,1.1366,0.0064,487.8968,176.8104,0.4028,2.4e-05,-0.064,-0.184,-0.3514,ROTATE
464.3237,-24.6289,-16.4153,0.4065,465.2661,12.8408,0.0042,478.3867,64.5942,0.4046,1.7e-05,-0.0716,-0.1985,-0.3444,ROTATE
473.8559,-4.0625,-0.5104,0.4066,473.8736,8.6074,0.0001,475.1195,30.0389,0.4063,6e-06,-0.0765,-0.2102,-0.3387,ROTATE
481.4816,29.5406,7.6823,0.3927,482.4481,8.5745,0.0139,475.333,32.8944,0.4042,3.7e-05,-0.0774,-0.2198,-0.3299,ROTATE
487.5822,42.5262,5.1615,0.3287,489.4604,7.0123,0.064,477.831,66.0346,0.389,0.000948,-0.0742,-0.2206,-0.3113,ROTATE
492.4626,41.2835,-59.5052,0.3012,497.7596,8.2992,0.0275,481.7615,130.0,0.3671,0.001919,-0.0684,-0.2171,-0.2875,ROTATE
496.367,36.8268,-148.9573,0.3067,519.5427,21.7831,0.0055,492.6169,243.2257,0.3472,0.001941,-0.0612,-0.2159,-0.2638,ROTATE
499.4905,25.2427,-221.5658,0.3177,547.0095,27.4667,0.011,507.244,550.7196,0.3294,0.001092,-0.054,-0.2207,-0.2363,ROTATE
501.9893,55.5473,-237.7433,0.3261,558.212,11.2025,0.0084,522.3969,717.6908,0.3161,0.000114,-0.0492,-0.2349,-0.1967,ROTATE
503.9883,137.2691,-215.7509,0.346,565.1508,6.9388,0.0199,537.5349,637.1479,0.3195,0.000249,-0.0452,-0.2617,-0.1583,ROTATE
505.5875,212.2121,-203.6788,0.3551,584.9255,19.7747,0.0092,554.9681,465.9904,0.3303,0.000319,-0.0409,-0.2921,-0.1231,ROTATE
506.8669,248.8635,-186.4274,0.3636,594.6447,9.7192,0.0084,569.9885,304.233,0.3417,0.0003,-0.0362,-0.3205,-0.0899,ROTATE
507.8904,248.1439,-166.9357,0.3708,589.4028,5.2419,0.0072,578.4672,202.1212,0.3523,0.000241,-0.0304,-0.3445,-0.0568,ROTATE
508.7092,230.9433,-149.1204,0.3732,578.2359,11.1669,0.0024,582.4719,104.0393,0.3617,0.000102,-0.0218,-0.3586,-0.0361,ROTATE
509.3643,200.8671,-136.9339,0.3699,564.4027,13.8332,0.0034,582.3223,109.3121,0.3665,4.3e-05,-0.0145,-0.3648,-0.0228,ROTATE
509.8883,162.2999,-129.5127,0.3649,550.546,13.8568,0.005,575.4464,262.6259,0.3685,1.3e-05,-0.0086,-0.3673,-0.008,ROTATE
510.3075,126.365,-123.9695,0.3609,540.1392,10.4068,0.004,564.5453,319.3976,0.3679,2e-05,-0.0041,-0.3665,0.0126,ROTATE
510.6429,97.2107,-120.6881,0.349,533.6401,6.4991,0.0119,553.3928,262.4663,0.3636,7.1e-05,0.0011,-0.3601,0.0351,ROTATE
510.9112,69.4248,-130.9224,0.341,531.9687,1.6713,0.008,544.1393,145.2016,0.3571,0.000113,0.0066,-0.3497,0.0592,ROTATE
511.1259,128.7555,-121.3879,0.3973,540.8906,8.9219,0.0563,539.4369,43.0788,0.3626,0.000373,0.0122,-0.3413,0.102,ROTATE
511.2976,145.92,-108.0041,0.3901,542.5705,1.6799,0.0071,537.8419,17.8162,0.3676,0.000498,0.018,-0.3348,0.137,ROTATE
511.4349,143.1391,-71.322,0.3925,535.8557,6.7148,0.0024,536.9852,16.8156,0.374,0.000572,0.0242,-0.3285,0.169,ROTATE
511.5448,102.1957,-22.9826,0.3977,522.1592,13.6965,0.0052,534.689,53.2668,0.3837,0.000465,0.0277,-0.3252,0.1982,ROTATE
511.6328,36.4409,23.7795,0.3836,513.4797,8.6795,0.0142,530.9911,128.0794,0.3922,2.7e-05,0.0292,-0.3212,0.2228,ROTATE
511.7031,-11.3066,48.4643,0.3755,514.1174,0.6376,0.0081,525.6365,136.7522,0.3879,5.9e-05,0.0284,-0.3111,0.2286,ROTATE
511.7594,-34.3453,77.7902,0.3701,518.776,4.6586,0.0054,520.8776,66.1665,0.3839,0.000105,0.0252,-0.2925,0.2443,ROTATE
511.8044,-20.9544,88.1009,0.3878,519.7543,0.9783,0.0177,517.6573,11.1799,0.3829,9.3e-05,0.0219,-0.2693,0.266,ROTATE
511.8404,-26.0572,59.6307,0.3892,515.9606,3.7937,0.0014,516.4176,6.1654,0.3812,5.4e-05,0.0163,-0.2408,0.2887,ROTATE
511.8692,26.0136,31.4202,0.3943,513.4919,2.4687,0.0052,516.42,6.151,0.3834,8.2e-05,0.0105,-0.2102,0.3145,ROTATE
511.8922,77.9452,8.3518,0.3927,517.8599,4.368,0.0016,517.1686,4.9449,0.3868,7.6e-05,0.0057,-0.1771,0.3394,ROTATE
511.9107,107.3406,-6.8967,0.3915,523.089,5.2291,0.0012,518.0312,10.6944,0.3911,6e-06,0.0028,-0.1439,0.3597,ROTATE
511.9254,113.1568,-11.1705,0.3922,524.4014,1.3124,0.0007,518.9606,17.3527,0.392,3e-06,-0.0019,-0.1075,0.3727,ROTATE
511.9372,109.3661,-10.7833,0.3961,523.6,0.8015,0.0038,520.4884,17.5232,0.3934,3e-06,-0.004,-0.0696,0.3828,ROTATE
511.9467,111.8804,-11.061,0.3968,524.1459,0.546,0.0008,522.6193,5.8681,0.3939,5e-06,-0.0056,-0.0315,0.3885,ROTATE
511.9542,125.2231,-20.4644,0.3911,527.4435,3.2976,0.0057,524.5359,2.3188,0.3935,6e-06,-0.0067,0.0048,0.3902,ROTATE
511.9603,146.3878,-65.4465,0.3792,536.4848,9.0413,0.0119,527.2151,23.277,0.3911,4e-05,-0.0079,0.0352,0.3874,ROTATE
511.4026,146.3978,-90.0135,0.3821,539.5066,3.0218,0.0029,530.2362,42.783,0.389,5.2e-05,-0.0089,0.0631,0.3821,ROTATE
451.8502,121.8588,-86.4077,0.3845,475.9038,63.6028,0.0024,520.697,533.3788,0.3867,4.1e-05,-0.0107,0.089,0.3745,ROTATE
368.5052,82.4183,-47.423,0.3853,380.5756,95.3283,0.0008,491.9829,3633.302,0.3844,1.6e-05,-0.0132,0.1104,0.3664,ROTATE
299.7291,43.9628,-1.304,0.3781,302.9389,77.6367,0.0072,447.0819,8513.2402,0.3818,8e-06,-0.0154,0.1272,0.3585,ROTATE
245.4614,13.3327,34.1224,0.3609,248.1802,54.7587,0.0172,389.421,11502.2637,0.3782,8.1e-05,-0.0169,0.1417,0.3497,ROTATE
202.8223,-35.3932,52.3417,0.347,212.4364,35.7439,0.0139,324.007,8982.8457,0.3712,0.000223,-0.0165,0.1506,0.3386,ROTATE
264.6547,-68.0396,72.4796,0.3517,282.7097,70.2733,0.0047,285.3681,3216.4478,0.3646,0.000221,-0.0176,0.1557,0.329,ROTATE
314.1206,-84.3035,35.3587,0.3851,327.153,44.4433,0.0334,274.6837,1638.5935,0.3646,0.000219,-0.0164,0.1658,0.3238,ROTATE
353.6934,-80.5959,-5.1787,0.3818,362.7968,35.6438,0.0033,286.6552,2888.3892,0.3653,0.000241,-0.0141,0.1773,0.3184,ROTATE
385.3516,-59.8861,-52.2336,0.3862,393.4597,30.6629,0.0044,315.7111,4029.5188,0.3704,0.000299,-0.0116,0.1937,0.3145,ROTATE
410.6782,-55.3245,-98.0994,0.3652,425.8413,32.3816,0.0211,358.3922,2500.4495,0.374,0.000182,-0.0107,0.2108,0.3072,ROTATE
430.9394,-66.2503,-137.9389,0.3482,457.3019,31.4605,0.017,393.3105,2092.2144,0.3733,0.000216,-0.0073,0.2279,0.2935,ROTATE
447.1484,-61.9065,-157.2011,0.3411,478.0024,20.7006,0.0071,423.4805,1741.1716,0.3645,0.000318,-0.006,0.2374,0.2746,ROTATE
460.1156,-36.6127,-160.4359,0.3291,488.6579,10.6555,0.012,448.6526,1220.651,0.3539,0.000397,-0.0082,0.2449,0.254,ROTATE
470.4894,-2.8589,-149.4425,0.3219,493.6613,5.0034,0.0071,468.693,614.9404,0.3411,0.000228,-0.0124,0.2472,0.2339,ROTATE
478.7884,6.266,-129.6821,0.2892,496.0797,2.4184,0.0327,482.7406,200.3572,0.3259,0.00042,-0.0172,0.2493,0.2067,ROTATE
485.4276,-16.5466,-117.7113,0.2877,499.7697,3.69,0.0015,491.2342,56.7881,0.3138,0.000466,-0.0205,0.2536,0.1764,ROTATE
490.739,-52.3591,-103.9784,0.2898,504.3588,4.5891,0.0022,496.5055,28.4368,0.3035,0.000327,-0.0234,0.2601,0.1432,ROTATE
494.9881,-84.9717,-88.8952,0.2946,510.035,5.6763,0.0047,500.7809,34.4505,0.2966,0.000165,-0.025,0.2685,0.1086,ROTATE
498.3873,-120.3148,-77.0349,0.3089,518.4592,8.4242,0.0144,505.7405,62.2201,0.294,6.1e-05,-0.0251,0.2807,0.0724,ROTATE
501.1068,-146.38,-73.4405,0.3218,527.1893,8.7301,0.0128,511.9624,96.8523,0.3005,0.000168,-0.0233,0.2941,0.0496,ROTATE
500.7698,-123.5353,-75.0617,0.3289,521.2155,5.9739,0.0071,516.2516,65.8465,0.3088,0.000227,-0.0215,0.3051,0.0377,ROTATE
489.4346,-71.9313,-75.8869,0.3286,500.4789,20.7366,0.0002,515.4756,86.7122,0.3166,0.000173,-0.0182,0.3145,0.0288,ROTATE
453.882,-11.4763,-68.5095,0.325,459.1668,41.3121,0.0036,505.3019,611.4249,0.3227,5.4e-05,-0.0138,0.3215,0.0201,ROTATE
465.5025,-59.1654,-36.6826,0.3249,470.679,11.5122,0.0002,495.7459,725.2332,0.3258,7e-06,-0.0049,0.3189,-0.0122,ROTATE
305.2302,-93.123,28.9445,0.3307,320.4296,150.2495,0.0058,454.394,4964.6733,0.3276,5e-06,0.0039,0.3137,-0.0465,ROTATE
149.4122,-85.7234,97.6431,0.3187,198.0068,122.4228,0.012,389.7522,13039.9717,0.3256,1.7e-05,0.0112,0.306,-0.0791,ROTATE
77.4611,-67.9787,121.9833,0.3126,159.6911,38.3158,0.0061,321.5947,16528.0684,0.3224,3.8e-05,0.0187,0.2997,-0.103,ROTATE
120.7595,-43.3517,112.1179,0.2965,170.3896,10.6986,0.0161,263.8392,13979.752,0.3167,0.000139,0.0251,0.2921,-0.1163,ROTATE
199.0045,-4.2876,64.0349,0.2919,209.0972,38.7075,0.0046,211.5229,3285.5444,0.3101,0.000204,0.0273,0.2909,-0.0962,ROTATE
261.6004,21.4324,-24.3596,0.2896,263.6049,54.5077,0.0023,200.1579,1326.7537,0.3018,0.000135,0.0288,0.2895,-0.0687,ROTATE
311.6772,29.6366,-121.8877,0.2767,335.9727,72.3678,0.0129,227.7511,4253.5747,0.2934,0.000135,0.0307,0.2867,-0.0442,ROTATE
351.7386,14.4436,-199.9101,0.2523,404.8367,68.864,0.0244,276.7802,7195.1494,0.2814,0.000255,0.0315,0.2773,-0.0298,ROTATE
383.7878,2.983,-262.3281,0.2353,464.8849,60.0482,0.017,335.6793,8538.9385,0.2692,0.000485,0.0304,0.2637,-0.0326,ROTATE
409.4271,-0.748,-309.4031,0.2575,513.1875,48.3026,0.0222,396.4973,7937.3311,0.2623,0.000361,0.0248,0.2453,-0.0589,ROTATE
429.9386,-1.3796,-314.2912,0.3301,532.5674,19.3799,0.0726,450.2899,5214.6289,0.2704,0.001066,0.0161,0.226,-0.1105,ROTATE
446.3478,6.4838,-308.2924,0.3701,542.5058,9.9384,0.04,491.5965,2595.4634,0.2891,0.002699,0.0046,0.2081,-0.1723,ROTATE
459.4751,20.6089,-314.4026,0.3758,557.1276,14.6218,0.0057,522.0547,1021.1758,0.3138,0.003323,-0.0084,0.1938,-0.2334,ROTATE
469.977,31.4559,-326.3003,0.373,573.0093,15.8818,0.0028,543.6795,419.1414,0.3413,0.002035,-0.0194,0.1821,-0.284,ROTATE
478.3784,34.4147,-340.834,0.392,588.386,15.3767,0.0189,558.7192,406.7304,0.3682,0.00042,-0.0263,0.1692,-0.3242,ROTATE
485.0996,21.8443,-352.6797,0.4094,600.1515,11.7654,0.0175,572.236,430.5693,0.3841,0.000218,-0.0316,0.1478,-0.3502,ROTATE
490.4766,-7.3527,-356.8813,0.4162,606.6182,6.4667,0.0068,585.0585,325.8019,0.3933,0.000301,-0.0347,0.1196,-0.3687,ROTATE
494.7782,-46.4228,-332.105,0.4173,597.7075,8.9106,0.0011,593.1745,135.9043,0.4016,0.000286,-0.0385,0.0875,-0.3855,ROTATE
498.2194,-51.6257,-284.3059,0.4516,575.9493,21.7582,0.0343,593.7625,113.5731,0.4173,0.000377,-0.0454,0.0536,-0.4078,ROTATE
500.9724,-43.3475,-239.8979,0.4709,557.1385,18.8108,0.0193,587.513,336.9985,0.4331,0.000574,-0.0541,0.0192,-0.4268,ROTATE
478.0873,-30.9499,-197.8433,0.4628,518.3313,38.8073,0.0081,571.149,994.4924,0.4438,0.000525,-0.0617,-0.0109,-0.4374,ROTATE
436.4386,-16.3193,-146.0465,0.4522,460.5155,57.8158,0.0106,541.9285,2336.9922,0.451,0.000335,-0.0676,-0.0364,-0.4429,ROTATE
359.404,5.0508,-87.8028,0.4525,370.0082,90.5073,0.0003,496.3886,5552.166,0.458,5.9e-05,-0.0721,-0.0598,-0.4471,ROTATE
251.3857,51.5313,-35.6579,0.4545,259.0786,110.9296,0.0019,433.0145,11533.1055,0.4586,5.3e-05,-0.0734,-0.0795,-0.4449,ROTATE
139.4086,114.9063,-6.6294,0.4527,180.7821,78.2965,0.0017,357.7431,15510.2109,0.4549,1.6e-05,-0.0736,-0.0943,-0.4385,ROTATE
68.6769,176.2719,-29.4567,0.4368,191.4576,10.6755,0.0159,292.3684,11608.8232,0.4497,4.2e-05,-0.0701,-0.1044,-0.4316,ROTATE
157.3384,189.3644,-57.6997,0.3911,252.8705,61.413,0.0457,250.8394,4541.4893,0.4375,0.000579,-0.0627,-0.1099,-0.4185,ROTATE
228.2676,197.8072,-35.6067,0.3442,304.1407,51.2702,0.0469,237.6659,2095.9143,0.4159,0.001805,-0.0517,-0.1198,-0.3934,ROTATE
285.0109,205.6301,-36.5697,0.2911,353.3445,49.2037,0.0532,256.5191,4325.0781,0.3832,0.003555,-0.0396,-0.1271,-0.3569,ROTATE
330.4056,237.9416,-87.0495,0.3185,416.3672,63.0227,0.0275,303.6361,6068.1309,0.3563,0.002705,-0.0246,-0.1308,-0.3284,ROTATE
366.7214,195.8783,-166.4865,0.3468,447.8511,31.4839,0.0283,354.9148,5081.4126,0.3384,0.001105,-0.0131,-0.1374,-0.3076,ROTATE
395.774,122.0307,-235.5892,0.3852,476.4775,28.6264,0.0384,399.6362,3954.2993,0.3372,0.000985,-0.0069,-0.1517,-0.3008,ROTATE
419.0161,54.984,-234.1276,0.4164,483.1288,6.6513,0.0312,435.4338,2243.156,0.3516,0.002021,-0.0089,-0.1677,-0.3081,ROTATE
437.6097,21.1559,-155.474,0.3788,464.8893,18.2396,0.0376,457.7428,571.259,0.3691,0.001128,-0.0136,-0.1921,-0.3111,ROTATE
452.4847,117.4872,-78.8948,0.3065,474.0992,9.2099,0.0722,469.2892,149.0588,0.3667,0.001394,-0.0174,-0.2196,-0.2814,ROTATE
464.3846,196.3867,-73.6252,0.2981,509.5503,35.4511,0.0085,481.629,229.0606,0.357,0.002163,-0.017,-0.2418,-0.2478,ROTATE
473.9046,231.05,-109.7158,0.3179,538.5232,28.9729,0.0198,494.0381,717.156,0.3435,0.002128,-0.0132,-0.2615,-0.2097,ROTATE
481.5206,235.5087,-135.8789,0.3454,552.9824,14.4592,0.0275,508.0089,1193.0566,0.3293,0.000866,-0.0045,-0.2791,-0.1674,ROTATE
487.6133,234.6976,-134.8719,0.3698,557.7097,4.7274,0.0243,526.5729,970.6061,0.3275,0.000701,0.0056,-0.2956,-0.1389,ROTATE
492.4875,225.3112,-120.0537,0.384,554.727,2.9827,0.0143,542.6985,318.4032,0.343,0.001011,0.012,-0.3138,-0.1357,ROTATE
496.3869,200.4677,-101.8024,0.3809,544.9321,9.7949,0.0031,549.7749,49.5651,0.3596,0.000619,0.0137,-0.3341,-0.1306,ROTATE
499.5064,160.3867,-90.5263,0.37,532.3773,12.5549,0.0109,548.5457,83.2696,0.37,0.000184,0.0138,-0.3488,-0.122,ROTATE
502.002,113.0969,-86.7398,0.3582,521.8436,10.5337,0.0118,542.3179,183.1485,0.3726,8.4e-05,0.0152,-0.3548,-0.1115,ROTATE
492.8766,81.9494,-84.1106,0.3492,506.6732,15.1704,0.0089,532.1106,285.6879,0.3685,0.000175,0.0178,-0.3544,-0.0955,ROTATE
464.6982,75.397,-77.7791,0.3472,477.1569,29.5162,0.0021,516.5966,546.6849,0.3611,0.000163,0.0215,-0.3509,-0.0723,ROTATE
474.1555,162.7145,-74.2014,0.3616,506.7596,29.6026,0.0144,508.9621,347.1724,0.3572,7e-05,0.0302,-0.347,-0.0279,ROTATE
481.7213,180.9747,-54.0174,0.3902,517.4216,10.662,0.0287,505.9709,242.884,0.3613,0.000239,0.0392,-0.3514,0.0103,ROTATE
487.7739,146.4892,-41.9701,0.3902,511.0224,6.3991,0.0,503.8067,192.9156,0.3677,0.000363,0.0473,-0.3568,0.0442,ROTATE
492.616,115.1819,-36.5011,0.3856,507.2177,3.8048,0.0047,503.9156,193.5874,0.375,0.000306,0.0549,-0.3595,0.0785,ROTATE
496.4897,96.1831,-34.5259,0.3802,506.8976,0.32,0.0054,509.8638,16.7798,0.3816,0.000114,0.0602,-0.3587,0.1115,ROTATE
499.5886,70.9496,-21.2082,0.3788,505.0469,1.8507,0.0014,509.5212,19.3756,0.385,2.3e-05,0.0585,-0.3574,0.1248,ROTATE
502.0678,42.7003,10.0647,0.3907,503.9808,1.0661,0.0119,506.8331,5.8057,0.3851,2.5e-05,0.0535,-0.3489,0.148,ROTATE
504.0511,15.1165,49.5642,0.3961,506.7076,2.7268,0.0054,505.9701,1.554,0.3863,4.2e-05,0.0464,-0.337,0.1781,ROTATE
505.6378,-26.5724,92.6327,0.3939,514.7392,8.0316,0.0022,507.4745,14.3591,0.3879,5.1e-05,0.0373,-0.3229,0.2065,ROTATE
506.9071,-70.108,106.6967,0.4018,522.7371,7.9979,0.0079,510.6423,50.8468,0.3923,5.9e-05,0.0315,-0.3083,0.2346,ROTATE
507.9226,-91.152,138.4355,0.3914,534.2831,11.546,0.0105,516.4896,122.1719,0.3948,1.6e-05,0.0272,-0.2882,0.2631,ROTATE
508.735,-75.9528,169.7265,0.3836,541.6523,7.3692,0.0077,524.0238,160.745,0.3934,3.6e-05,0.0249,-0.2584,0.2901,ROTATE
509.3849,-40.6591,183.5687,0.3853,542.9766,1.3243,0.0017,531.2776,119.9982,0.3912,4.2e-05,0.0237,-0.2212,0.315,ROTATE
509.9048,-3.6273,179.9019,0.392,540.7224,2.2542,0.0066,536.4742,56.1298,0.3908,4.1e-05,0.0228,-0.1804,0.3379,ROTATE
510.3207,21.495,156.6027,0.4026,534.2412,6.4812,0.0106,538.7751,14.0914,0.391,4.4e-05,0.0185,-0.135,0.3585,ROTATE
510.6534,33.4366,120.2822,0.4123,525.6926,8.5486,0.0097,537.057,41.3341,0.3952,0.000117,0.0135,-0.0899,0.3786,ROTATE
491.4071,43.1931,59.8726,0.41,496.9219,28.7708,0.0022,528.111,279.2444,0.4004,0.000107,0.0071,-0.052,0.3934,ROTATE
481.6132,66.6795,-0.1144,0.4166,486.2072,10.7147,0.0066,516.7571,457.3215,0.4067,7.5e-05,0.0016,-0.0206,0.4041,ROTATE
475.5624,86.4217,-53.4696,0.4154,486.2997,0.0925,0.0012,505.8725,409.5112,0.4114,2.5e-05,-0.0032,0.0036,0.4103,ROTATE
470.9999,80.2061,-74.3663,0.419,483.5332,2.7665,0.0036,495.7309,245.5115,0.4147,1e-05,-0.0076,0.0224,0.4134,ROTATE
436.1937,43.1868,-68.4681,0.4175,443.6416,39.8915,0.0015,479.3207,339.3343,0.4157,9e-06,-0.0108,0.0391,0.413,ROTATE
390.3737,-13.0068,-59.8495,0.4059,395.149,48.4926,0.0116,458.9662,1280.0393,0.4149,2.1e-05,-0.0102,0.0558,0.4103,ROTATE
322.6052,-64.9742,-71.0108,0.3822,336.6576,58.4915,0.0238,429.0562,3228.8982,0.408,0.000188,-0.0073,0.0696,0.4011,ROTATE
292.6811,-127.67,-108.3618,0.3746,337.2004,0.5428,0.0075,399.2364,3371.8101,0.3999,0.000333,-0.0009,0.0835,0.3901,ROTATE
320.7917,-142.5829,-154.5832,0.3947,383.5794,46.379,0.02,379.2456,1600.0178,0.395,0.000242,0.0062,0.096,0.3824,ROTATE
359.0303,-130.0132,-163.3009,0.3979,415.2991,31.7197,0.0032,373.5771,998.4878,0.3911,0.000126,0.0118,0.1015,0.3772,ROTATE
389.6211,-100.2043,-158.147,0.3948,432.2684,16.9693,0.0031,381.001,1539.2378,0.3888,8e-05,0.0155,0.1071,0.3734,ROTATE
414.0937,-52.9541,-176.8457,0.382,453.3786,21.1102,0.0129,404.3452,1648.7224,0.3888,8e-05,0.0171,0.116,0.3703,ROTATE
433.6719,-30.8976,-205.1453,0.3395,480.7396,27.361,0.0424,433.053,1090.1189,0.3818,0.000476,0.0158,0.1225,0.3605,ROTATE
449.3344,-28.44,-209.1694,0.303,496.4494,15.7098,0.0366,455.627,894.8258,0.3634,0.001349,0.0135,0.1231,0.3409,ROTATE
461.8644,-34.8676,-173.6918,0.2788,494.6749,1.7745,0.0242,471.5022,622.4847,0.3396,0.001978,0.0101,0.1225,0.3162,ROTATE
471.8884,-44.9316,-131.3222,0.2657,491.877,2.7979,0.0131,483.4239,255.5259,0.3138,0.001794,0.0049,0.1198,0.2897,ROTATE
479.9076,-45.6015,-99.7546,0.2729,492.2822,0.4052,0.0072,491.2047,30.1363,0.292,0.000723,-0.0018,0.117,0.2669,ROTATE
486.323,-36.4437,-83.2568,0.2802,494.7422,2.46,0.0074,494.0052,2.8927,0.2801,0.000157,-0.0088,0.1192,0.2523,ROTATE
491.4553,-22.1612,-75.7117,0.2761,497.7466,3.0044,0.0041,494.2646,4.4302,0.2747,2.7e-05,-0.0139,0.1282,0.241,ROTATE
495.5611,-18.8227,-63.9537,0.2593,500.0252,2.2786,0.0168,495.3347,9.8884,0.2708,5.6e-05,-0.0162,0.1419,0.2283,ROTATE
498.8458,-26.9957,-40.2317,0.2458,501.193,1.1678,0.0135,497.1978,10.89,0.2669,0.000161,-0.0167,0.1564,0.2136,ROTATE
501.4735,-37.3684,-11.5729,0.2501,502.997,1.804,0.0043,499.3408,8.1911,0.2623,0.000189,-0.0154,0.17,0.1968,ROTATE
503.5757,-42.9822,10.8104,0.2667,505.5223,2.5253,0.0166,501.4968,6.9555,0.2596,0.000121,-0.0125,0.1845,0.179,ROTATE
505.2574,-38.9233,15.6546,0.2865,506.9962,1.4739,0.0198,503.3467,6.7691,0.2616,0.000207,-0.0079,0.2026,0.1615,ROTATE
506.6028,-133.5386,-28.2419,0.334,524.6681,17.6719,0.0475,508.2753,71.1915,0.2766,0.001029,0.0061,0.2342,0.1322,ROTATE
507.6792,-209.2309,-23.2311,0.3326,549.5957,24.9276,0.0014,517.9559,308.9214,0.294,0.001164,0.0189,0.2589,0.1252,ROTATE
508.5402,-210.0722,-20.1973,0.3351,550.5919,0.9962,0.0025,527.4748,386.5795,0.311,0.000828,0.0311,0.2821,0.1167,ROTATE
509.2291,-185.6234,-19.761,0.339,542.3659,8.226,0.004,534.8436,280.2474,0.3254,0.000384,0.0423,0.3009,0.1094,ROTATE
509.7802,-145.1394,-34.5463,0.3336,531.1635,11.2024,0.0054,539.6771,104.4986,0.3348,5e-06,0.052,0.313,0.103,ROTATE
510.221,-93.6271,-59.3995,0.3336,522.1301,9.0334,0.0,539.1694,120.7665,0.3348,5e-06,0.0516,0.3113,0.1106,ROTATE
510.5737,-47.6829,-99.0228,0.3376,522.2687,0.1387,0.0041,533.704,126.2811,0.3358,5e-06,0.0528,0.3165,0.0975,ROTATE
510.8558,-12.6057,-159.237,0.3337,535.2466,12.9779,0.0039,530.6349,60.2978,0.3355,6e-06,0.0541,0.3195,0.0834,ROTATE
511.0815,24.8529,-226.8989,0.3284,559.7367,24.4901,0.0053,534.1091,190.0871,0.3334,9e-06,0.0555,0.3209,0.062,ROTATE
511.2621,46.6917,-283.9192,0.3231,586.6678,26.9312,0.0053,545.21,617.6062,0.3313,2.5e-05,0.0557,0.3212,0.0313,ROTATE
511.4066,58.6846,-329.5353,0.331,611.2071,24.5392,0.0079,563.0254,1064.8042,0.3308,2.4e-05,0.0536,0.3198,-0.008,ROTATE
511.5222,49.6883,-360.2908,0.3489,627.6411,16.434,0.0179,584.0999,1123.4866,0.333,7.5e-05,0.0473,0.3169,-0.0532,ROTATE
511.6146,33.8975,-377.7295,0.3708,636.8502,9.2091,0.0218,604.4205,789.7468,0.3404,0.000305,0.0378,0.314,-0.1023,ROTATE
511.6886,33.0805,-371.7492,0.3948,633.338,3.5121,0.0241,619.1408,340.9746,0.3537,0.000691,0.0245,0.3119,-0.1513,ROTATE
511.7478,54.9394,-357.0494,0.4087,626.4091,6.9289,0.0138,627.0891,77.4665,0.3708,0.000815,0.0117,0.3087,-0.197,ROTATE
511.7951,89.8203,-343.2708,0.4155,622.7654,3.6437,0.0068,629.4008,25.414,0.3877,0.00061,0.0008,0.3004,-0.2388,ROTATE
511.833,113.1375,-329.8604,0.4218,619.3391,3.4263,0.0063,627.7404,42.2851,0.4023,0.000329,-0.0066,0.2857,-0.2773,ROTATE
511.8633,115.7319,-316.3601,0.4326,612.7656,6.5735,0.0108,622.9235,47.3336,0.4147,0.00016,-0.0126,0.2663,-0.3121,ROTATE
511.8875,94.8042,-308.435,0.4416,605.1023,7.6633,0.0089,617.2763,57.2693,0.424,0.000139,-0.0174,0.2436,-0.3424,ROTATE
511.9069,48.5934,-288.5636,0.4491,589.6431,15.4592,0.0075,609.9231,139.237,0.4321,0.000152,-0.0244,0.2197,-0.3685,ROTATE
489.5818,14.881,-242.6947,0.4574,546.6374,43.0057,0.0082,594.6975,675.449,0.4405,0.000154,-0.0327,0.1969,-0.3906,ROTATE
377.9779,11.1579,-185.987,0.4632,421.4059,125.2315,0.0058,555.1109,4992.8989,0.4488,0.000119,-0.0417,0.1764,-0.4088,ROTATE
232.9167,38.0763,-133.1802,0.4685,270.9926,150.4134,0.0053,486.7563,15800.375,0.4559,9.3e-05,-0.0493,0.158,-0.4234,ROTATE
83.9334,84.4673,-84.6504,0.4652,146.1001,124.8925,0.0033,394.9558,27781.2227,0.4607,4.7e-05,-0.0541,0.1395,-0.4347,ROTATE
-35.2533,133.7082,-16.6485,0.4533,139.2762,6.8239,0.012,304.8824,25161.7949,0.4615,3e-05,-0.0555,0.1233,-0.4407,ROTATE
-130.6026,175.5009,57.8,0.436,226.2708,86.9946,0.0173,240.8091,10603.2695,0.4572,0.000139,-0.0548,0.1125,-0.4396,ROTATE
-206.8821,218.3164,121.7244,0.4064,324.4674,98.1966,0.0296,221.4214,5104.0859,0.4459,0.000519,-0.0503,0.1098,-0.429,ROTATE
-267.9057,238.4969,161.3107,0.3704,393.2879,68.8205,0.036,245.8804,9921.998,0.4263,0.001172,-0.0427,0.1125,-0.4081,ROTATE
-316.7246,208.1506,214.308,0.3228,435.3953,42.1074,0.0476,303.7395,11766.2754,0.3978,0.002198,-0.0375,0.1143,-0.3782,ROTATE
-355.7797,155.2361,273.7057,0.2705,474.9655,39.5703,0.0523,370.8774,7712.8179,0.3612,0.003485,-0.0303,0.118,-0.339,ROTATE
-387.0237,113.9514,271.6865,0.2377,486.4009,11.4353,0.0328,422.9034,3493.0347,0.3216,0.003844,-0.0197,0.1261,-0.293,ROTATE
-262.519,108.808,243.6085,0.2207,374.3,112.1008,0.0171,432.8699,1928.2302,0.2844,0.003061,-0.0102,0.1334,-0.2465,ROTATE
-176.1933,100.4964,221.7587,0.2162,300.5338,73.7663,0.0045,414.3191,4773.3213,0.2536,0.001561,-0.0029,0.1363,-0.2086,ROTATE
-123.9609,58.769,209.9007,0.2038,250.7557,49.7781,0.0123,377.3912,8671.4082,0.2298,0.000532,0.0068,0.1418,-0.1775,ROTATE
-149.85,54.6808,193.9143,0.184,251.0932,0.3375,0.0198,332.6167,7952.7412,0.2125,0.000321,0.0138,0.1491,-0.1486,ROTATE
-162.9019,67.1447,169.0408,0.188,244.1725,6.9206,0.004,284.1711,2440.3181,0.2025,0.000214,0.0171,0.1547,-0.1263,ROTATE
-226.684,78.2001,120.8202,0.1993,268.5114,24.3389,0.0113,263.0133,417.0655,0.1983,0.000132,0.0194,0.1595,-0.1112,ROTATE
-283.7472,57.5132,65.553,0.2042,296.8458,28.3344,0.0048,262.2757,363.8926,0.1959,6.9e-05,0.022,0.166,-0.0976,ROTATE
-329.3978,37.7262,17.3049,0.183,332.0024,35.1566,0.0212,278.5251,1045.6718,0.1917,7.2e-05,0.025,0.1703,-0.0836,ROTATE
-365.9182,33.7966,-20.5154,0.1555,368.0479,36.0454,0.0275,301.916,1950.8998,0.186,0.000291,0.0287,0.1682,-0.073,ROTATE
-395.1346,28.5873,-43.8874,0.1312,398.5909,30.543,0.0242,332.7997,2199.4412,0.1747,0.000761,0.0318,0.1591,-0.0622,ROTATE
-418.5077,14.7292,-58.6818,0.1183,422.8583,24.2675,0.0129,363.669,2042.0385,0.1585,0.001011,0.0337,0.1455,-0.0469,ROTATE
-437.2061,8.249,-72.7079,0.1172,443.2874,20.429,0.0012,392.9573,1558.979,0.141,0.00063,0.0345,0.1303,-0.0221,ROTATE
-452.1649,13.4836,-82.2445,0.1251,459.7815,16.4942,0.0079,418.5132,1055.8723,0.1295,0.000195,0.033,0.1174,0.0068,ROTATE
-464.1319,25.3368,-83.6174,0.1399,472.2841,12.5026,0.0148,439.3604,690.1776,0.1263,7.1e-05,0.0296,0.1079,0.0361,ROTATE
-473.7055,42.4632,-85.2971,0.1543,483.1931,10.9091,0.0145,456.2809,455.7055,0.131,0.000202,0.026,0.1016,0.0656,ROTATE
-409.6144,74.8362,-33.3095,0.1349,417.7247,65.4684,0.0195,455.2542,528.5529,0.1343,0.000162,0.0221,0.0833,0.0924,ROTATE
-368.9446,119.1971,28.493,0.1585,388.7672,28.9575,0.0236,444.3502,1265.1173,0.1425,0.000153,0.0167,0.0613,0.1167,ROTATE
-345.1776,151.6389,97.0725,0.1613,389.3135,0.5463,0.0028,430.2565,1624.6678,0.1498,0.00011,0.0102,0.0398,0.1347,ROTATE
-345.6046,159.6705,160.3299,0.1624,413.0894,23.7759,0.0011,418.4176,1190.1866,0.1543,0.000102,0.0025,0.0189,0.1471,ROTATE
-378.8837,170.9739,163.2733,0.2002,446.5905,33.5011,0.0378,411.0971,456.1649,0.1634,0.000439,-0.0044,0.0146,0.1598,ROTATE
-405.5069,197.4323,108.2561,0.2098,463.8262,17.2357,0.0096,420.3174,918.4386,0.1784,0.000481,-0.0061,0.0316,0.1695,ROTATE
-426.8055,212.0614,49.858,0.2052,479.1856,15.3594,0.0046,438.401,1085.4299,0.1878,0.000457,-0.0038,0.0525,0.1733,ROTATE
-443.8444,204.9617,29.1646,0.1838,489.7527,10.5671,0.0213,458.4889,727.3903,0.1923,0.0003,-0.001,0.0659,0.1759,ROTATE
-457.4755,171.4975,31.7191,0.1631,489.593,0.1597,0.0207,473.7896,274.5492,0.1924,0.000292,0.0044,0.0752,0.1753,ROTATE
-468.3804,127.2042,41.7253,0.1497,487.1367,2.4564,0.0133,481.8988,96.46,0.1823,0.000542,0.0108,0.0634,0.1678,ROTATE
-477.1043,74.8603,45.4646,0.1471,485.0769,2.0598,0.0026,486.149,15.0924,0.1698,0.000482,0.0126,0.0417,0.161,ROTATE
-484.0835,17.957,39.2936,0.1611,486.0074,0.9305,0.014,487.5134,3.5371,0.161,0.000169,0.0115,0.017,0.1573,ROTATE
-489.6668,-40.1126,21.7536,0.1845,491.7884,5.7809,0.0234,487.9205,6.0236,0.1611,0.000175,0.0117,-0.0028,0.1585,ROTATE
-494.1334,-93.5244,-8.0284,0.2258,502.9703,11.1819,0.0413,490.5959,43.6052,0.1737,0.000854,0.0115,-0.0264,0.169,ROTATE
-497.7067,-131.2477,-39.5477,0.2875,516.2383,13.268,0.0617,496.4163,138.8418,0.2012,0.002573,0.0102,-0.058,0.1889,ROTATE
-500.5654,-143.7825,-62.21,0.3564,524.5085,8.2703,0.0689,504.3026,208.7669,0.2431,0.005052,0.0094,-0.0988,0.2177,ROTATE
-502.8523,-107.8447,-100.2461,0.3946,523.9658,0.5427,0.0382,511.8942,161.5196,0.2898,0.006119,0.0112,-0.1426,0.2482,ROTATE
-504.6818,-81.6164,-129.2,0.4152,527.3117,3.3459,0.0206,518.9989,77.7334,0.3359,0.004921,0.0141,-0.1914,0.2726,ROTATE
-506.1454,-78.1244,-143.51,0.4289,531.8663,4.5546,0.0137,524.7781,26.0645,0.3765,0.002577,0.0175,-0.2393,0.2873,ROTATE
-507.3163,-84.0901,-154.5487,0.4375,536.9603,5.094,0.0086,528.9225,23.9836,0.4065,0.000838,0.0224,-0.2799,0.2902,ROTATE
-508.2531,-98.544,-169.0389,0.4468,544.6157,7.6555,0.0093,532.944,53.1703,0.4246,0.000333,0.0276,-0.3136,0.2804,ROTATE
-509.0025,-105.6602,-177.8593,0.4747,549.4374,4.8217,0.028,538.0383,65.5038,0.4406,0.000399,0.031,-0.3464,0.267,ROTATE
-509.602,-98.3344,-167.1843,0.499,545.2655,4.1719,0.0243,541.629,40.0449,0.4574,0.000671,0.0322,-0.378,0.2525,ROTATE
-510.0816,-75.4675,-140.8599,0.5119,534.528,10.7375,0.0129,542.1614,30.7842,0.474,0.000827,0.0332,-0.4067,0.2387,ROTATE
-510.4653,-30.0459,-117.0036,0.5118,524.564,9.964,0.0001,539.6821,81.161,0.4888,0.000626,0.0336,-0.4308,0.2265,ROTATE
-510.7722,17.907,-97.7622,0.5062,520.3522,4.2118,0.0056,534.8294,127.4734,0.5007,0.000191,0.0345,-0.45,0.2148,ROTATE
-493.3803,50.785,-74.6036,0.4867,501.5665,18.7857,0.0195,525.2552,214.4139,0.5031,9e-05,0.0357,-0.4608,0.1971,ROTATE
-453.0292,48.4999,-42.7516,0.4661,457.6193,43.9472,0.0206,507.726,741.9808,0.4965,0.000317,0.0392,-0.4617,0.1762,ROTATE
-403.3859,21.4405,-1.6575,0.4535,403.9587,53.6606,0.0126,481.6121,2069.9082,0.4848,0.000504,0.0413,-0.4567,0.1544,ROTATE
-367.8556,-6.7695,23.774,0.4417,368.6852,35.2735,0.0117,450.4364,3279.5066,0.4708,0.000534,0.0421,-0.4487,0.1338,ROTATE
-356.0001,-15.3343,41.9598,0.4388,358.7922,9.893,0.0029,418.1244,2937.5276,0.4574,0.000308,0.0414,-0.44,0.1164,ROTATE
-387.2001,-26.6112,78.3522,0.4208,395.9434,37.1512,0.0181,396.9998,1197.1605,0.4442,0.00023,0.0384,-0.4305,0.1019,ROTATE
-412.1601,-24.0171,115.7318,0.4181,428.7734,32.83,0.0027,391.2306,630.8439,0.4346,0.000178,0.0363,-0.4238,0.0874,ROTATE
-432.1281,-10.3887,128.3292,0.4002,450.9002,22.1268,0.0178,400.6189,1222.3959,0.4239,0.000229,0.0373,-0.4153,0.0607,ROTATE
-448.1025,3.8453,137.3852,0.4027,468.706,17.8058,0.0025,420.623,1545.449,0.4161,0.000195,0.0374,-0.4096,0.0383,ROTATE
-460.882,7.4325,152.3519,0.3956,485.4674,16.7614,0.0072,445.9581,979.9323,0.4075,0.000101,0.0354,-0.4032,0.0161,ROTATE
-471.1056,39.4898,168.1159,0.3828,501.7598,16.2924,0.0128,467.1214,654.5204,0.3999,0.00013,0.033,-0.3971,-0.0079,ROTATE
-479.2845,64.6356,179.6271,0.3836,515.9044,14.1446,0.0008,484.5475,532.6909,0.393,6.9e-05,0.0271,-0.3893,-0.035,ROTATE
-485.8276,78.2178,191.4236,0.3909,528.0051,12.1008,0.0073,499.9686,446.1675,0.3911,5.6e-05,0.0172,-0.3835,-0.0561,ROTATE
-491.0621,81.293,204.5826,0.3969,538.1492,10.1441,0.006,513.8571,349.3574,0.3899,3.5e-05,0.0075,-0.3743,-0.0892,ROTATE
-495.2497,68.4938,211.413,0.3985,542.8251,4.6758,0.0016,525.3287,224.3928,0.3905,4.3e-05,-0.0002,-0.3629,-0.1286,ROTATE
-498.5997,38.02,204.4054,0.3937,540.2118,2.6133,0.0048,533.0192,98.4529,0.3927,2.8e-05,-0.0066,-0.3502,-0.1678,ROTATE
-501.2798,-71.984,185.4493,0.416,539.3093,0.9025,0.0222,537.7001,25.8716,0.3992,7.7e-05,-0.011,-0.3343,-0.2099,ROTATE
-503.4238,-159.9872,151.6938,0.4135,549.5839,10.2745,0.0025,542.0159,16.6921,0.4037,8.4e-05,-0.0144,-0.3156,-0.2449,ROTATE
-505.1391,-225.5772,123.2894,0.3911,566.7899,17.2061,0.0224,547.744,103.6412,0.4025,0.000105,-0.0174,-0.2976,-0.2667,ROTATE
-506.5113,-223.2149,97.1565,0.3579,561.9769,4.813,0.0332,551.5743,124.6453,0.3944,0.000435,-0.021,-0.2788,-0.2765,ROTATE
-507.609,-194.8876,49.7877,0.3222,546.0099,15.9669,0.0356,552.734,103.6715,0.3801,0.001273,-0.0238,-0.2561,-0.2795,ROTATE
-508.4872,-112.1257,-37.1948,0.276,522.0296,23.9803,0.0462,549.2781,244.2355,0.3521,0.002401,-0.0229,-0.2268,-0.2674,ROTATE
-509.1898,-18.1506,-103.3402,0.2827,519.8873,2.1423,0.0067,543.3387,381.7042,0.326,0.001928,-0.0228,-0.2032,-0.2526,ROTATE
-509.7518,-17.1267,-89.2659,0.3479,517.7921,2.0953,0.0652,533.5392,306.2075,0.3173,0.001101,-0.0242,-0.1919,-0.2507,ROTATE
-510.2014,-18.7357,-43.1596,0.3686,512.3664,5.4257,0.0207,523.6171,135.6761,0.3195,0.001294,-0.0193,-0.19,-0.2555,ROTATE
-510.5612,-18.4073,-27.1871,0.3608,511.6158,0.7506,0.0078,516.7382,16.8757,0.3272,0.001574,-0.0125,-0.1899,-0.2655,ROTATE
-510.8489,-23.3821,-16.9747,0.3734,511.6654,0.0497,0.0126,514.6654,12.126,0.3467,0.001097,-0.0094,-0.1973,-0.2839,ROTATE
-511.0792,-31.8557,-5.7485,0.3761,512.1032,0.4378,0.0028,513.1085,5.5616,0.3654,0.000103,-0.0047,-0.1975,-0.3052,ROTATE
-511.2633,-47.5096,19.6075,0.3789,513.8402,1.737,0.0028,512.3182,0.6569,0.3716,4e-05,0.0008,-0.1817,-0.321,ROTATE
-511.4107,-96.6201,69.061,0.384,525.0198,11.1796,0.0051,514.8489,26.5182,0.3746,6e-05,-0.0011,-0.1548,-0.3381,ROTATE
-511.5285,-116.6617,129.3769,0.3777,540.3793,15.3595,0.0063,520.6016,121.6942,0.378,1.2e-05,-0.008,-0.1273,-0.3527,ROTATE
-511.6228,-89.8419,119.5453,0.3594,533.0296,7.3497,0.0182,524.8744,118.3572,0.3752,6.9e-05,-0.0128,-0.0947,-0.3595,ROTATE
-511.6983,-46.5173,125.3956,0.3287,528.8885,4.1411,0.0307,528.2314,77.6892,0.3657,0.000412,-0.0188,-0.0575,-0.3565,ROTATE
-511.7586,-18.9044,157.0696,0.3314,535.6539,6.7654,0.0027,532.5942,28.2526,0.3562,0.000523,-0.0243,-0.0153,-0.349,ROTATE
-511.8069,1.2546,185.3369,0.3469,544.3323,8.6783,0.0156,536.4567,29.4157,0.3488,0.000332,-0.0266,0.0326,-0.3382,ROTATE
-511.8455,5.4287,204.3696,0.3691,551.1644,6.8322,0.0222,538.6138,64.949,0.3471,0.000244,-0.0264,0.0832,-0.3274,ROTATE
-511.8764,-0.8321,227.58,0.3987,560.1882,9.0237,0.0297,544.0455,122.3001,0.355,0.000686,-0.0287,0.1338,-0.3204,ROTATE
-511.9011,-11.4532,246.9515,0.4045,568.4708,8.2826,0.0058,551.9619,133.0022,0.3701,0.000809,-0.0293,0.1827,-0.3147,ROTATE
-511.9209,-22.8844,269.8143,0.4127,579.1256,10.6548,0.0082,560.6562,151.794,0.3864,0.000606,-0.0274,0.2287,-0.3046,ROTATE
-511.9367,-64.9482,304.1358,0.4194,598.9958,19.8702,0.0067,571.589,272.9603,0.4009,0.000302,-0.0239,0.2722,-0.285,ROTATE
-511.9494,-98.0429,286.1368,0.412,594.6249,4.3709,0.0074,580.2811,220.1065,0.4095,5.1e-05,-0.0087,0.3098,-0.2545,ROTATE
-511.9595,-22.9781,200.7001,0.4389,550.3736,44.2513,0.0269,578.3182,314.4,0.4175,0.000137,0.0088,0.3445,-0.2219,ROTATE
-511.9676,61.4957,133.6788,0.4356,532.6937,17.6799,0.0034,571.1627,660.1245,0.4237,0.00013,0.0216,0.3732,-0.1872,ROTATE
-511.9741,108.0528,110.7055,0.4237,534.8351,2.1414,0.0119,562.3046,832.9166,0.4259,0.000101,0.0271,0.3945,-0.1455,ROTATE
-511.9792,91.2172,81.9051,0.4364,526.4521,8.383,0.0128,547.7959,610.2444,0.4293,0.000103,0.025,0.4099,-0.0944,ROTATE
-511.9834,67.5925,41.1865,0.4791,518.0657,8.3864,0.0427,532.484,113.9759,0.4427,0.000358,0.012,0.4262,-0.033,ROTATE
-494.8117,74.9803,-16.8226,0.5196,500.7432,17.3226,0.0405,522.5579,152.938,0.4589,0.001277,-0.004,0.4384,0.045,ROTATE
-498.2494,124.6717,-71.1269,0.516,518.5118,17.7687,0.0036,519.7216,127.6207,0.475,0.001562,-0.016,0.4444,0.1217,ROTATE
-500.9995,192.1999,-108.7671,0.5212,547.514,29.0022,0.0052,522.2574,229.991,0.4945,0.001083,-0.0227,0.4446,0.195,ROTATE
-503.1996,214.3755,-124.5731,0.4874,560.9681,13.454,0.0338,529.1605,478.5214,0.5047,0.000315,-0.0271,0.4346,0.247,ROTATE
-504.9597,117.6004,-118.871,0.4005,531.9252,29.0428,0.0869,531.9325,447.7476,0.489,0.002106,-0.0334,0.4128,0.2568,ROTATE
-506.3677,-8.3196,-131.4655,0.3687,523.2214,8.7038,0.0319,536.4281,248.1586,0.4588,0.003901,-0.0368,0.3826,0.2485,ROTATE
-507.4942,-109.0557,-152.0005,0.3683,540.8768,17.6553,0.0004,540.9011,167.9104,0.4292,0.004011,-0.0379,0.3476,0.2464,ROTATE
-508.3954,-189.6446,-154.1911,0.3947,564.0973,23.2205,0.0264,544.2178,255.7766,0.4039,0.001917,-0.0361,0.3067,0.251,ROTATE
-509.1163,-204.1563,-118.281,0.441,561.1324,2.9649,0.0463,544.2506,256.8818,0.3946,0.000711,-0.0327,0.2616,0.2737,ROTATE
-506.4149,-92.7907,-51.4092,0.4585,517.4061,43.7263,0.0175,541.3468,362.192,0.4062,0.001386,-0.0294,0.2184,0.3229,ROTATE
-471.2507,-9.595,2.3727,0.4403,471.3543,46.0518,0.0182,530.9733,1168.6681,0.4206,0.001131,-0.0285,0.1807,0.3693,ROTATE
-479.4005,17.5958,31.4106,0.4111,480.7506,9.3963,0.0292,518.9481,1508.9121,0.4291,0.000528,-0.0295,0.1503,0.3982,ROTATE
-485.9204,18.5548,48.7316,0.3927,488.7103,7.9597,0.0184,503.8707,1056.7605,0.4287,0.000556,-0.0325,0.1277,0.4077,ROTATE
-473.302,9.5813,62.0884,0.383,477.4532,11.2571,0.0097,487.1349,260.4702,0.4171,0.000809,-0.0347,0.1136,0.3998,ROTATE
-481.0416,-21.5693,74.4739,0.2925,487.25,9.7968,0.0905,481.1037,40.8278,0.3839,0.00247,-0.031,0.1032,0.3684,ROTATE
-487.2332,-109.2742,58.3885,0.2721,502.7388,15.4888,0.0204,487.3806,76.034,0.3503,0.003205,-0.0254,0.0951,0.336,ROTATE
-492.1866,-118.9975,30.2639,0.305,507.2711,4.5323,0.0329,492.6847,118.2355,0.3291,0.002425,-0.017,0.0876,0.3163,ROTATE
-496.1493,-119.9261,11.5361,0.2959,510.5677,3.2967,0.0091,497.0562,159.9273,0.3097,0.00146,-0.0088,0.076,0.2993,ROTATE
-499.3194,-108.6503,13.6039,0.295,511.1847,0.6169,0.0009,503.8025,77.4824,0.2921,0.000118,-0.0002,0.0592,0.2841,ROTATE
-501.8555,-87.1421,16.08,0.2866,509.6188,1.5659,0.0084,508.2762,9.4372,0.2909,0.000122,0.0051,0.0358,0.2847,ROTATE
-503.8844,-80.5762,25.5484,0.2723,510.9254,1.3066,0.0143,509.9135,2.0275,0.2909,0.000121,0.0087,0.0039,0.2853,ROTATE
-505.5075,-88.6422,43.3731,0.2713,515.05,4.1246,0.001,511.4693,3.4872,0.2842,0.000113,0.0104,-0.0355,0.2756,ROTATE
-506.806,-128.7981,71.2078,0.2795,527.7422,12.6922,0.0082,514.9042,44.4876,0.2809,8e-05,0.0125,-0.0753,0.2637,ROTATE
-507.8448,-190.8916,102.2975,0.2876,552.0967,24.3544,0.0081,523.0866,251.4245,0.2795,4.7e-05,0.0144,-0.116,0.2461,ROTATE
-508.6758,-243.8414,128.6318,0.3178,578.5809,26.4843,0.0301,536.8791,640.8402,0.2857,0.000291,0.0172,-0.1584,0.2284,ROTATE
-509.3407,-251.4357,125.3648,0.3476,581.6908,3.1099,0.0299,551.0321,707.4305,0.3008,0.000795,0.0244,-0.2016,0.213,ROTATE
-509.8725,-228.5048,83.5637,0.3688,564.949,16.7418,0.0212,561.0119,387.6278,0.3203,0.001167,0.0329,-0.2432,0.1975,ROTATE
-510.298,-201.1601,26.8791,0.3764,549.1739,15.7751,0.0076,565.2982,175.9087,0.3396,0.00109,0.0419,-0.2818,0.1773,ROTATE
-510.6384,-129.6749,-25.253,0.382,527.4514,21.7225,0.0056,560.3693,403.2343,0.3585,0.000552,0.0512,-0.3157,0.1519,ROTATE
-510.9107,-36.2024,-50.9899,0.3899,514.7236,12.7278,0.0078,547.5978,590.4948,0.3729,0.000208,0.0593,-0.3427,0.1137,ROTATE
-511.1286,-11.8463,-19.0013,0.3854,511.6188,3.1047,0.0045,533.5834,420.52,0.3805,5.4e-05,0.0635,-0.3596,0.0656,ROTATE
-511.3029,-55.5177,11.0865,0.3877,514.4276,2.8088,0.0023,523.4791,195.0511,0.3843,2.2e-05,0.0662,-0.3683,0.0113,ROTATE
-511.4423,-101.8485,22.1661,0.394,521.9557,7.5281,0.0063,518.0354,33.8371,0.3878,1.6e-05,0.0664,-0.3727,-0.0394,ROTATE
-511.5539,-127.6882,3.5016,0.3786,527.2607,5.3051,0.0155,517.9973,33.125,0.3871,2.6e-05,0.0701,-0.3691,-0.079,ROTATE
-511.6431,-132.4912,7.62,0.4183,528.5742,1.3134,0.0397,520.7674,45.682,0.3928,0.000187,0.0697,-0.3711,-0.1048,ROTATE
-511.7145,-151.5929,53.7554,0.4372,536.397,7.8229,0.0189,525.723,53.2414,0.4032,0.000462,0.0695,-0.3762,-0.1261,ROTATE
-511.7716,-157.4994,119.4324,0.4476,548.6167,12.2197,0.0105,532.5609,85.7922,0.4151,0.000666,0.0685,-0.3822,-0.1444,ROTATE
-511.8173,-135.5339,169.5991,0.4301,555.9588,7.3421,0.0175,539.3615,126.5425,0.4223,0.00057,0.0676,-0.3825,-0.1621,ROTATE
-511.8538,-131.899,201.7011,0.3979,565.7517,9.7929,0.0322,547.0597,177.2834,0.4262,0.000291,0.0612,-0.3779,-0.1826,ROTATE
-511.8831,-123.0004,213.1734,0.3652,567.9756,2.2239,0.0328,554.9399,134.3366,0.4156,0.000912,0.0547,-0.3559,-0.2032,ROTATE
-511.9064,-78.2378,230.9294,0.3558,567.0077,0.9679,0.0093,561.0621,57.2141,0.3993,0.001269,0.0428,-0.3265,-0.2208,ROTATE
-493.9658,-39.8215,259.7654,0.3695,559.523,7.4847,0.0137,563.2433,21.9524,0.3837,0.000736,0.0272,-0.2917,-0.2405,ROTATE
-478.1445,-47.0978,277.2842,0.3909,554.7314,4.7916,0.0215,562.9979,25.7699,0.3759,0.000255,0.0102,-0.2508,-0.269,ROTATE
-484.9156,-104.4939,250.2492,0.4149,555.5959,0.8645,0.024,560.9667,31.0854,0.3792,0.00045,-0.0056,-0.2036,-0.3055,ROTATE
-490.3325,-170.6295,153.0619,0.3999,541.2654,14.3304,0.015,555.6247,70.3513,0.3862,0.000447,-0.0181,-0.1543,-0.3395,ROTATE
-494.666,-187.8286,53.0933,0.3515,531.7828,9.4827,0.0483,548.5797,108.4922,0.3853,0.000502,-0.0266,-0.1074,-0.3594,ROTATE
-498.1328,-166.6129,-14.9473,0.3205,525.4708,6.312,0.031,541.7692,144.9634,0.3755,0.001197,-0.0304,-0.0712,-0.3638,ROTATE
-444.2343,-110.9434,-36.2484,0.2456,459.3109,66.1599,0.0749,522.6852,1107.033,0.3465,0.003681,-0.032,-0.0583,-0.3374,ROTATE
-360.2406,-56.7579,-20.1206,0.3078,365.239,94.0719,0.0621,484.6138,4398.8359,0.3251,0.002586,-0.0313,-0.0627,-0.3137,ROTATE
-390.5925,-46.4844,-2.5184,0.338,393.3569,28.1178,0.0303,455.0321,4547.4414,0.3127,0.001347,-0.0303,-0.0755,-0.2985,ROTATE
-414.874,-48.4625,15.5759,0.3553,417.9852,24.6283,0.0172,432.2726,3125.8059,0.3134,0.001407,-0.0295,-0.0921,-0.2965,ROTATE
-434.2992,-46.5607,41.6076,0.355,438.7651,20.7799,0.0002,414.9315,1096.3409,0.3203,0.001695,-0.0301,-0.1012,-0.3017,ROTATE
-449.8393,-27.2298,64.5236,0.3481,455.2584,16.4932,0.0069,414.1209,1027.0286,0.3408,0.000313,-0.0303,-0.0931,-0.3257,ROTATE
-462.2715,-28.6338,79.4064,0.34,469.9151,14.6567,0.0082,435.0562,733.4554,0.3473,5.3e-05,-0.0322,-0.0766,-0.3361,ROTATE
-472.2172,-30.1071,87.2095,0.3356,481.1455,11.2304,0.0044,452.6139,502.262,0.3468,6.3e-05,-0.0343,-0.0552,-0.3385,ROTATE
-480.1737,-72.2981,108.2832,0.3443,497.5129,16.3674,0.0087,468.5194,412.6321,0.3446,4.5e-05,-0.0361,-0.0252,-0.3384,ROTATE
-486.539,-98.5729,125.5953,0.3205,512.0654,14.5525,0.0238,483.1794,399.9031,0.3377,9.1e-05,-0.0375,0.0071,-0.3318,ROTATE
-491.6312,-67.8771,119.0231,0.293,510.3676,1.6979,0.0275,494.2013,270.3434,0.3267,0.000347,-0.0365,0.0376,-0.319,ROTATE
-495.705,-3.6798,129.8748,0.2873,512.4494,2.0818,0.0058,502.7082,146.6113,0.3162,0.000512,-0.0355,0.0679,-0.3034,ROTATE
-498.964,51.3124,159.8029,0.3017,526.4361,13.9867,0.0144,511.7663,84.1749,0.3094,0.000432,-0.0358,0.1012,-0.2858,ROTATE
-501.5712,79.7749,199.3673,0.3227,545.6052,19.1691,0.021,521.3847,180.0427,0.3051,0.000205,-0.0377,0.1353,-0.2644,ROTATE
-503.6569,104.6106,233.7283,0.3519,565.0156,19.4104,0.0291,531.9747,431.2541,0.3113,0.000556,-0.0374,0.1733,-0.2484,ROTATE
-505.3255,112.1416,250.292,0.373,574.9571,9.9415,0.0211,544.8927,540.5038,0.3273,0.000995,-0.0377,0.2167,-0.2347,ROTATE
-506.6604,101.7289,253.8867,0.3945,575.7708,0.8137,0.0215,557.5569,360.2987,0.3488,0.001116,-0.0353,0.2621,-0.2199,ROTATE
-507.7283,82.8363,253.3875,0.4104,573.4589,2.3119,0.0159,566.9615,128.726,0.3705,0.00096,-0.0287,0.3037,-0.2022,ROTATE
-508.5827,63.794,242.5069,0.4151,567.0411,6.4178,0.0047,571.2487,19.1286,0.389,0.00056,-0.0186,0.3389,-0.1812,ROTATE
-509.2661,41.4446,220.4367,0.4187,556.4728,10.5682,0.0036,569.5402,52.1042,0.4023,0.000283,-0.0088,0.3677,-0.1536,ROTATE
-509.8129,32.1869,189.5025,0.4238,544.8453,11.6275,0.0051,563.5178,131.9336,0.4125,0.0001,-0.0,0.3902,-0.1229,ROTATE
-510.2503,24.812,164.352,0.4324,536.6401,8.2052,0.0086,555.6917,185.1397,0.4201,5.8e-05,0.0081,0.4069,-0.0891,ROTATE
-510.6003,-2.5347,147.3941,0.4444,531.4547,5.1854,0.012,547.2908,168.9164,0.4269,0.000111,0.0148,0.4196,-0.052,ROTATE
-510.8802,35.3253,135.1059,0.4414,529.6226,1.8321,0.003,539.8071,97.3293,0.4321,9.8e-05,0.0204,0.428,-0.0163,ROTATE
-511.1042,92.6353,120.7254,0.4464,533.2761,3.6535,0.005,535.1678,28.7874,0.4377,7.1e-05,0.0249,0.4343,0.0159,ROTATE
-511.2834,154.3957,109.0334,0.4426,545.1027,11.8266,0.0038,535.2192,29.7943,0.4415,2.3e-05,0.0289,0.4368,0.0445,ROTATE
-511.4267,200.2884,145.7674,0.4158,568.2612,23.1585,0.0268,541.5435,207.7491,0.4381,0.000127,0.0315,0.4311,0.0665,ROTATE
-511.5414,213.8433,183.0764,0.4123,583.884,15.6227,0.0035,552.0294,435.9828,0.4317,0.000212,0.0336,0.4217,0.0827,ROTATE
-498.6081,205.7496,175.208,0.4467,567.1339,16.7501,0.0344,559.5316,324.9163,0.4328,0.000237,0.0365,0.4195,0.0978,ROTATE
-501.2865,173.3685,124.6164,0.4463,544.8615,22.2724,0.0004,561.8487,224.7202,0.4328,0.000236,0.0384,0.4167,0.1091,ROTATE
-503.4292,140.6666,92.2837,0.4236,530.7959,14.0656,0.0227,558.9873,353.3022,0.429,0.000219,0.0389,0.4089,0.1221,ROTATE
-505.1433,119.4208,70.2739,0.4223,523.803,6.9929,0.0013,550.0956,504.6266,0.4302,0.000192,0.0381,0.4027,0.1425,ROTATE
-506.5147,98.0898,41.1816,0.4208,517.5661,6.2369,0.0015,536.8321,312.0078,0.4319,0.000143,0.0359,0.395,0.1648,ROTATE
-507.6118,69.6124,8.7578,0.4088,512.4376,5.1285,0.0121,525.8928,127.719,0.4243,0.000149,0.0313,0.3767,0.1861,ROTATE
-508.4894,36.8525,-24.5907,0.3963,510.4158,2.0218,0.0124,519.0037,56.2044,0.4144,0.000109,0.0247,0.3523,0.2117,ROTATE
-509.1915,8.382,-48.9631,0.3875,511.6089,1.1931,0.0088,515.1663,24.6039,0.4071,0.000184,0.0166,0.3275,0.2369,ROTATE
-491.9939,-4.2257,-62.183,0.383,495.926,15.6829,0.0045,509.5909,52.6381,0.3993,0.000194,0.0072,0.3001,0.2578,ROTATE
-473.8201,6.2038,-66.9745,0.3907,478.5703,17.3556,0.0077,501.7917,171.545,0.3932,7.9e-05,-0.0023,0.271,0.2792,ROTATE
-466.8405,43.6631,-67.8796,0.3902,473.7659,4.8045,0.0005,494.0574,246.1477,0.3895,1.9e-05,-0.0109,0.2436,0.2996,ROTATE
-466.363,97.9523,-68.7318,0.3853,481.4698,7.7039,0.0049,488.2682,190.8026,0.3873,9e-06,-0.0166,0.2208,0.3156,ROTATE
-419.381,155.8181,-74.2886,0.3615,453.518,27.9518,0.0237,476.65,188.378,0.3821,0.000114,-0.0198,0.2049,0.3213,ROTATE
-376.6455,180.0795,-75.3434,0.3369,424.2253,29.2927,0.0246,462.3099,458.0964,0.3729,0.000438,-0.0208,0.1928,0.3185,ROTATE
-321.1883,182.9948,-67.2435,0.3115,375.7269,48.4984,0.0255,441.7411,1481.4663,0.3571,0.000879,-0.0216,0.1824,0.3062,ROTATE
-250.0225,164.0177,-55.6698,0.2748,304.1582,71.5687,0.0366,407.8196,3911.4949,0.334,0.00148,-0.0224,0.1712,0.2858,ROTATE
-260.5055,116.233,-19.4046,0.2434,285.9191,18.239,0.0314,368.7095,4268.9678,0.3056,0.001792,-0.0236,0.1549,0.2622,ROTATE
-258.6606,85.0707,-5.8362,0.2516,272.3535,13.5656,0.0082,332.4766,3374.5449,0.2837,0.001267,-0.0203,0.1432,0.2437,ROTATE
-309.3285,67.3535,-1.347,0.2466,316.5793,44.2258,0.005,310.9474,1278.0199,0.2656,0.000648,-0.0147,0.1364,0.2267,ROTATE
-349.8628,49.6984,-15.0589,0.2388,353.6958,37.1165,0.0077,306.5412,784.813,0.2511,0.000159,-0.0081,0.1318,0.2126,ROTATE
-382.2903,26.0587,-26.2159,0.2344,384.0731,30.3773,0.0045,322.5242,1730.4622,0.243,3.6e-05,-0.0019,0.1287,0.2053,ROTATE
-408.2322,-4.8874,-32.8571,0.2297,409.5815,25.5084,0.0047,347.2567,2366.5776,0.2402,6.3e-05,0.0035,0.1285,0.2026,ROTATE
-428.9858,-38.1974,-28.6013,0.2276,431.6317,22.0501,0.0021,379.1123,1653.5286,0.2354,4.6e-05,0.0036,0.119,0.202,ROTATE
-445.5886,-60.3704,-14.8466,0.2333,449.9047,18.273,0.0056,405.7774,1162.7407,0.2328,1.5e-05,-0.0002,0.1022,0.2067,ROTATE
-458.8709,-65.5339,18.9602,0.231,463.9145,14.0098,0.0023,427.8211,810.3018,0.2312,6e-06,-0.0057,0.0811,0.2132,ROTATE
-469.4967,-86.4177,41.4869,0.2414,479.183,15.2685,0.0104,446.8431,593.2982,0.2326,2.3e-05,-0.0099,0.0564,0.2219,ROTATE
-477.9974,-112.6967,37.0958,0.2475,492.5019,13.3189,0.0061,463.4272,457.5272,0.2362,5.3e-05,-0.0114,0.0279,0.2303,ROTATE
-484.7979,-144.8448,18.2735,0.2545,506.3033,13.8014,0.007,478.3615,399.9744,0.2415,7.7e-05,-0.0103,-0.0037,0.2366,ROTATE
-490.2383,-178.2321,-3.1968,0.2839,521.6422,15.3389,0.0294,492.709,406.8096,0.2517,0.00032,-0.0068,-0.0376,0.2436,ROTATE
-494.5907,-193.2451,-14.2668,0.313,531.194,9.5519,0.0291,506.1649,356.1443,0.2681,0.000717,-0.0016,-0.0766,0.2512,ROTATE
-498.0725,-204.0086,-40.2822,0.3605,539.7392,8.5452,0.0476,518.2761,289.3053,0.2919,0.001717,0.0074,-0.1192,0.2614,ROTATE
-500.858,-189.5475,-76.6289,0.3839,540.9797,1.2405,0.0233,527.9717,165.5299,0.3192,0.002271,0.0163,-0.1617,0.2706,ROTATE
-503.0864,-155.1067,-110.125,0.3899,537.849,3.1307,0.006,534.2808,51.3329,0.3462,0.001703,0.0252,-0.2024,0.2758,ROTATE
-504.8691,-114.1354,-135.5437,0.3907,535.0624,2.7866,0.0008,536.9649,12.3038,0.3676,0.000866,0.0352,-0.2405,0.2719,ROTATE
-506.2953,-76.2927,-155.1475,0.3881,535.0012,0.0612,0.0026,537.7263,5.8347,0.3826,0.000127,0.0449,-0.2717,0.2608,ROTATE
-507.4362,-75.6279,-149.1492,0.3806,534.2814,0.7198,0.0075,536.6348,6.2063,0.3866,1.5e-05,0.0471,-0.295,0.2408,ROTATE
-508.349,-102.4211,-130.76,0.3886,534.7962,0.5148,0.0079,535.3981,1.5773,0.3876,1.3e-05,0.0474,-0.313,0.2205,ROTATE
-509.0792,-119.7337,-115.933,0.4021,535.6662,0.87,0.0136,534.9615,0.1996,0.39,4.8e-05,0.0462,-0.3281,0.204,ROTATE
-509.6634,-131.5557,-101.462,0.4102,536.058,0.3918,0.0081,535.1606,0.3984,0.3939,0.000114,0.044,-0.3411,0.1912,ROTATE
-510.1307,-147.1946,-85.8946,0.4141,537.8452,1.7872,0.0039,535.7294,1.5112,0.3991,0.000162,0.0429,-0.3524,0.1816,ROTATE
-510.5045,-159.4338,-66.1188,0.4112,538.8931,1.0479,0.0029,536.6517,2.2429,0.4052,8.5e-05,0.0453,-0.3632,0.1727,ROTATE
-510.8036,-170.8533,-46.5357,0.4132,540.6263,1.7332,0.002,537.8177,3.3542,0.4102,1.8e-05,0.0505,-0.3734,0.16,ROTATE
-511.0429,-159.2139,-3.1786,0.4059,535.2794,5.3469,0.0074,537.7404,3.711,0.4109,8e-06,0.055,-0.3797,0.1448,ROTATE
-511.2343,-160.2867,32.6634,0.3603,536.7675,1.4881,0.0456,537.8822,3.3141,0.4009,0.000422,0.0595,-0.3764,0.1191,ROTATE
-511.3875,-167.7638,18.687,0.3476,538.5267,1.7592,0.0127,538.0185,3.3783,0.3876,0.000779,0.0639,-0.3687,0.0917,ROTATE
-511.5099,-142.3954,-3.891,0.3594,530.9745,7.5521,0.0118,536.4348,10.6409,0.3773,0.00072,0.0671,-0.3629,0.0685,ROTATE
-511.608,-104.5507,-13.6285,0.3853,522.3594,8.6152,0.0259,532.7815,33.404,0.3717,0.000443,0.067,-0.3612,0.0442,ROTATE
-511.6864,-69.3531,7.766,0.4186,516.4233,5.936,0.0333,529.0103,71.4519,0.3742,0.000643,0.0662,-0.3668,0.0154,ROTATE
-511.7491,-39.6449,64.6972,0.435,517.3437,0.9204,0.0164,525.1255,71.5475,0.3892,0.001121,0.0631,-0.3822,-0.0064,ROTATE
-511.7993,-30.3878,121.439,0.432,526.8865,9.5427,0.0031,522.7975,30.8298,0.406,0.000856,0.0573,-0.3985,-0.0297,ROTATE
-492.4832,-57.1071,160.4387,0.4245,521.0964,5.79,0.0075,520.8219,14.1326,0.4191,0.000319,0.0505,-0.4071,-0.0665,ROTATE
-496.3865,-102.9388,179.0291,0.4194,537.6313,16.5349,0.0051,523.8763,60.8419,0.4259,4.4e-05,0.0439,-0.4047,-0.1072,ROTATE
-499.5092,-156.6261,183.5701,0.4035,554.7424,17.1111,0.0159,531.5401,181.5427,0.4229,0.000124,0.0373,-0.3909,-0.1424,ROTATE
-502.0074,-175.7196,177.2467,0.3767,560.6293,5.8868,0.0269,540.1972,235.5264,0.4112,0.000386,0.0318,-0.3699,-0.1689,ROTATE
-479.1372,-89.8507,171.6474,0.3336,516.8253,43.804,0.0431,538.1849,305.2911,0.3915,0.001118,0.0252,-0.3492,-0.1716,ROTATE
-392.0598,30.5163,174.2742,0.319,430.132,86.6933,0.0146,519.9921,2250.9927,0.3704,0.001507,0.0218,-0.3308,-0.161,ROTATE
-416.0478,30.8349,143.9912,0.3237,441.3389,11.2068,0.0047,500.7336,3055.1399,0.3513,0.001098,0.0194,-0.3138,-0.1524,ROTATE
-435.2382,44.2211,127.7305,0.3026,455.7443,14.4054,0.0211,480.934,2484.5308,0.3311,0.00062,0.0179,-0.2966,-0.142,ROTATE
-442.2,55.6894,120.45,0.3055,461.682,5.9377,0.003,461.1445,896.7677,0.3169,0.000133,0.0162,-0.2823,-0.138,ROTATE
-456.16,55.0546,112.8194,0.3185,473.1185,11.4365,0.013,452.4032,228.9615,0.3139,6.8e-05,0.0173,-0.2679,-0.1579,ROTATE
-467.328,32.0999,100.1836,0.3306,479.0226,5.904,0.0121,462.1812,175.8681,0.3162,0.000114,0.0161,-0.2537,-0.185,ROTATE
-476.2624,-1.9263,82.7907,0.3414,483.4086,4.386,0.0107,470.5952,108.3127,0.3197,0.000217,0.0151,-0.2418,-0.2053,ROTATE
-483.4099,-49.0098,103.5669,0.3484,496.803,13.3944,0.007,478.8069,134.1401,0.3289,0.000238,0.0116,-0.233,-0.2289,ROTATE
-489.1279,-141.6078,137.1566,0.3389,527.3622,30.5592,0.0095,491.943,374.4546,0.3356,0.000105,0.0121,-0.2265,-0.2459,ROTATE
-493.7023,-142.4238,102.8316,0.369,524.0237,3.3384,0.0301,502.124,405.7641,0.3456,0.000168,0.0072,-0.2236,-0.263,ROTATE
-497.3619,-122.8578,101.1184,0.3506,522.1952,1.8286,0.0183,510.7585,305.0439,0.3496,0.000112,0.0035,-0.2172,-0.2735,ROTATE
-500.2895,-95.5518,102.176,0.3469,519.4802,2.715,0.0037,517.9728,118.607,0.3507,9.9e-05,-0.0016,-0.2053,-0.283,ROTATE
-502.6316,-60.6758,103.197,0.3394,516.6911,2.7891,0.0075,521.9504,13.4817,0.349,0.00012,-0.0041,-0.1892,-0.2904,ROTATE
-504.5053,-32.9344,100.1545,0.341,515.4039,1.2872,0.0016,519.5588,10.4758,0.3494,0.000112,-0.0095,-0.1655,-0.3039,ROTATE
-506.0042,-24.0975,91.5923,0.3496,514.7913,0.6126,0.0086,517.7123,7.625,0.3455,2e-05,-0.0099,-0.1336,-0.3148,ROTATE
-507.2034,-39.1218,105.0926,0.3548,519.4518,4.6605,0.0052,517.1636,3.91,0.3464,3.2e-05,-0.0121,-0.099,-0.3277,ROTATE
-508.1627,-61.7381,109.871,0.3505,523.5576,4.1057,0.0043,517.9791,10.3481,0.3471,3.4e-05,-0.0114,-0.0668,-0.3367,ROTATE
-508.9301,-90.1217,127.8687,0.3457,532.4305,8.8729,0.0047,521.127,41.8754,0.3483,2.2e-05,-0.0119,-0.036,-0.3433,ROTATE
-509.5441,-113.2755,141.7824,0.3372,540.8963,8.4658,0.0085,526.2255,87.495,0.3475,3.5e-05,-0.012,-0.009,-0.3452,ROTATE
-508.9166,-114.9954,101.0853,0.3317,531.4492,9.4471,0.0054,529.5571,55.7049,0.344,7.2e-05,-0.014,0.0101,-0.3428,ROTATE
-504.877,-130.5369,73.6214,0.3202,526.6505,4.7987,0.0115,530.9968,34.8986,0.3371,0.000113,-0.016,0.0209,-0.3357,ROTATE
-472.0172,-129.4545,45.2565,0.3186,491.5352,35.1153,0.0016,524.5923,294.256,0.3307,0.000105,-0.0205,0.0283,-0.3287,ROTATE
-465.445,-108.1918,13.5708,0.3014,478.0468,13.4885,0.0172,513.7156,596.9633,0.3218,0.000153,-0.0233,0.0333,-0.319,ROTATE
-422.6092,-102.7003,-21.0652,0.3176,435.4189,42.6279,0.0162,492.6201,1230.2615,0.3179,9.4e-05,-0.027,0.037,-0.3143,ROTATE
-440.4873,-104.0071,-11.9647,0.3313,452.7579,17.3391,0.0138,476.8818,998.8279,0.3178,9.2e-05,-0.0293,0.0332,-0.3143,ROTATE
-454.7899,-85.6994,7.4751,0.3074,462.8543,10.0963,0.0239,464.1227,380.0007,0.3153,0.000106,-0.0298,0.0308,-0.3118,ROTATE
-466.2319,-52.9158,38.8207,0.2961,470.8283,7.974,0.0113,459.9813,221.5524,0.3108,0.000157,-0.0331,0.0326,-0.3066,ROTATE
-475.3855,-38.7701,85.1722,0.3085,484.5089,13.6806,0.0123,461.2736,274.93,0.3122,0.000138,-0.0386,0.0373,-0.3064,ROTATE
-482.7084,-45.4942,100.5753,0.3297,495.1692,10.6603,0.0213,473.2237,228.2139,0.3146,0.000188,-0.0426,0.0488,-0.3054,ROTATE
-488.5667,-91.0985,96.7727,0.337,506.3214,11.1522,0.0073,483.9364,248.7739,0.3158,0.000231,-0.0477,0.0776,-0.2987,ROTATE
-493.2534,-133.9507,79.9838,0.3294,517.3384,11.0171,0.0076,494.8332,264.2811,0.3201,0.000235,-0.0546,0.1105,-0.2912,ROTATE
-497.0027,-158.9387,63.7495,0.3158,525.6779,8.3394,0.0136,505.8031,218.9727,0.3241,0.000108,-0.0592,0.1419,-0.2803,ROTATE
-500.0021,-160.4603,51.0528,0.3067,527.5945,1.9167,0.0091,514.4203,149.0013,0.3237,0.000119,-0.0628,0.1714,-0.262,ROTATE
-502.4017,-138.2933,36.3078,0.3055,522.3512,5.2433,0.0013,519.8566,57.9058,0.3189,0.000155,-0.0673,0.1963,-0.2369,ROTATE
-504.3214,-87.2252,18.8025,0.3113,512.1541,10.1971,0.0059,521.0232,31.77,0.3137,7.5e-05,-0.0699,0.2167,-0.2115,ROTATE
-505.8571,32.6167,37.3639,0.2761,508.2827,3.8714,0.0353,519.212,58.2385,0.3031,0.000196,-0.0734,0.224,-0.1879,ROTATE
-507.0857,92.2496,104.1161,0.2552,525.8193,17.5367,0.0209,519.2404,58.6076,0.2909,0.000475,-0.0757,0.2252,-0.1664,ROTATE
-508.0685,129.8028,126.1335,0.3115,539.3441,13.5248,0.0563,521.5903,119.9592,0.2919,0.000509,-0.0754,0.2399,-0.1429,ROTATE
-508.8548,148.7485,95.6849,0.3636,538.716,0.6281,0.0521,524.8632,167.7891,0.3035,0.001365,-0.075,0.2616,-0.126,ROTATE
-509.4839,65.0113,29.7636,0.4164,514.4766,24.2394,0.0528,525.3278,156.8456,0.3245,0.003458,-0.0712,0.2846,-0.1302,ROTATE
-509.9871,-35.0472,-24.4766,0.4127,511.7756,2.701,0.0036,526.0263,134.9831,0.3519,0.003797,-0.0632,0.3172,-0.1314,ROTATE
-510.3897,-106.9815,-69.2251,0.4064,526.0558,14.2803,0.0063,526.0736,134.9724,0.3821,0.001606,-0.0547,0.3534,-0.1298,ROTATE
-510.7117,-156.1571,-97.1988,0.4005,542.8251,16.7693,0.006,526.7698,155.3891,0.3999,0.000359,-0.0482,0.3729,-0.1306,ROTATE
-510.9694,-173.0257,-99.4215,0.3813,548.5547,5.7296,0.0192,528.7375,217.891,0.4034,0.000153,-0.0418,0.3792,-0.1227,ROTATE
-511.1755,-188.683,-86.1091,0.3761,551.6489,3.0942,0.0051,536.172,226.9301,0.3954,0.000204,-0.0395,0.3805,-0.0899,ROTATE
-511.3404,-203.9871,-73.1967,0.378,555.3715,3.7226,0.0018,544.8912,105.5924,0.3884,0.000156,-0.0395,0.3797,-0.0574,ROTATE
-511.4723,-217.9459,-60.473,0.3805,559.2507,3.8792,0.0026,551.5302,31.8014,0.3833,7.7e-05,-0.0406,0.3776,-0.0264,ROTATE
-511.5779,-234.6411,-66.3159,0.3732,566.7152,7.4645,0.0073,556.3082,39.9336,0.3778,9e-06,-0.0446,0.3728,0.0026,ROTATE
-511.6623,-245.1098,-84.1183,0.3725,573.5443,6.829,0.0007,561.3061,62.3475,0.376,9e-06,-0.0485,0.3695,0.0307,ROTATE
-511.7298,-255.5347,-92.5478,0.3817,579.4225,5.8783,0.0092,566.8608,78.4812,0.3772,1.4e-05,-0.052,0.3666,0.0597,ROTATE
-511.7839,-254.7371,-93.0726,0.3813,579.2031,0.2195,0.0004,571.6271,59.8285,0.3778,1.7e-05,-0.054,0.3626,0.0838,ROTATE
-511.8271,-251.821,-60.1518,0.3734,573.5844,5.6187,0.0079,574.4939,21.741,0.3764,1.7e-05,-0.0571,0.3533,0.1097,ROTATE
-511.8617,-269.1568,-58.8308,0.3916,581.2992,7.7148,0.0182,577.4107,10.3942,0.3801,4.8e-05,-0.0567,0.3475,0.1375,ROTATE
-511.8893,-270.7786,-46.0584,0.4075,580.9243,0.3749,0.0159,578.8867,7.6948,0.3871,0.000138,-0.057,0.3442,0.1635,ROTATE
-482.3708,-264.9135,-33.8717,0.4076,551.3693,29.5551,0.0001,573.276,127.5997,0.3923,0.000189,-0.057,0.339,0.1856,ROTATE
-410.9529,-262.4839,-21.7036,0.4057,488.1098,63.2595,0.0019,555.0573,1239.312,0.3972,0.000177,-0.0574,0.3325,0.2081,ROTATE
-296.5749,-254.6871,-15.6473,0.3991,391.2378,96.872,0.0066,518.5881,5208.022,0.4023,3.8e-05,-0.0561,0.3293,0.2233,ROTATE
-134.863,-214.5997,-13.0366,0.3759,253.7933,137.4445,0.0232,453.0869,14154.3379,0.3992,0.000145,-0.0558,0.3205,0.2307,ROTATE
-5.4935,-171.761,-7.1699,0.3589,171.9984,81.7949,0.017,371.3017,19999.1914,0.3894,0.000362,-0.0556,0.3078,0.2318,ROTATE
98.0021,-121.4432,10.5735,0.3415,156.4118,15.5866,0.0174,292.3102,16510.2051,0.3762,0.000581,-0.0555,0.2951,0.2266,ROTATE
180.7985,-67.3296,38.5025,0.3271,196.7329,40.3211,0.0144,234.0348,7273.6943,0.3605,0.000642,-0.0546,0.282,0.2178,ROTATE
247.0357,-10.6918,63.0551,0.3076,255.1801,58.4473,0.0195,206.8233,1680.0945,0.3422,0.000568,-0.0526,0.2681,0.2059,ROTATE
300.0255,38.4591,111.7535,0.2731,322.4643,67.2842,0.0345,220.5575,3724.7988,0.3216,0.000871,-0.0509,0.2528,0.1921,ROTATE
342.4172,88.9391,177.2372,0.2482,395.6927,73.2285,0.0249,265.2964,7386.1055,0.2995,0.001182,-0.0503,0.2374,0.1751,ROTATE
376.3307,173.5482,244.1866,0.2401,481.0103,85.3175,0.0081,330.2161,10106.8652,0.2792,0.001124,-0.0489,0.2276,0.1515,ROTATE
403.4614,177.3323,238.4399,0.2366,501.0803,20.07,0.0035,391.0855,8677.1367,0.2612,0.000702,-0.0444,0.223,0.1132,ROTATE
285.3191,127.8971,196.5144,0.2306,369.3001,131.7802,0.006,413.9096,4557.0654,0.2457,0.00022,-0.0375,0.2194,0.0678,ROTATE
209.6803,54.9427,147.649,0.2039,262.2685,107.0316,0.0267,401.8704,7338.6797,0.2319,0.000229,-0.0283,0.2165,0.0286,ROTATE
223.2005,-9.8052,107.813,0.1784,248.069,14.1995,0.0255,372.3456,11190.3066,0.2179,0.000553,-0.017,0.2115,-0.0035,ROTATE
226.4385,-48.1973,83.6348,0.1594,246.1548,1.9143,0.019,325.3746,9807.252,0.2018,0.000879,-0.0072,0.1992,-0.0255,ROTATE
223.729,-64.6204,60.6609,0.1483,240.6454,5.5094,0.0111,273.2875,2355.5022,0.1841,0.000895,-0.0013,0.1815,-0.0307,ROTATE
238.3519,-65.3994,35.7944,0.1358,249.7398,9.0944,0.0125,249.3755,50.9315,0.1651,0.00057,0.0011,0.1628,-0.0272,ROTATE
248.7472,-58.007,16.0793,0.1124,255.9268,6.187,0.0235,248.1071,24.6607,0.1468,0.000493,0.0022,0.1441,-0.0269,ROTATE
301.3946,-79.8244,74.1603,0.074,320.4846,64.5579,0.0383,262.5903,862.5996,0.126,0.000919,0.0043,0.1148,-0.035,ROTATE
343.5125,-100.1814,149.3907,0.0664,387.7561,67.2715,0.0076,290.9105,3139.8337,0.1074,0.001059,0.0078,0.0843,-0.0428,ROTATE
377.2069,-90.5201,206.0751,0.0578,439.256,51.5,0.0086,330.6327,5457.9473,0.0893,0.000889,0.0118,0.0578,-0.0485,ROTATE
404.1624,-47.3286,234.8069,0.0504,469.8101,30.5541,0.0074,374.6467,6086.0508,0.0722,0.000466,0.0161,0.0349,-0.051,ROTATE
425.7268,57.4215,205.7049,0.0777,476.293,6.4829,0.0273,418.72,3391.1079,0.0653,0.000102,0.0206,0.0278,-0.0467,ROTATE
442.9783,146.2653,152.0983,0.1033,490.6702,14.3772,0.0255,452.7571,1337.9126,0.0711,0.000341,0.0246,0.0405,-0.0395,ROTATE
456.7795,188.9591,93.638,0.1194,503.1115,12.4413,0.0161,475.8282,467.7242,0.0817,0.00069,0.0293,0.0565,-0.0416,ROTATE
467.8205,194.8798,44.3698,0.1364,508.7267,5.6152,0.0171,489.7223,223.6355,0.0974,0.000928,0.0337,0.0637,-0.055,ROTATE
476.6533,178.3382,2.1177,0.1613,508.9277,0.201,0.0249,497.5458,156.8982,0.1196,0.000809,0.0389,0.0635,-0.0776,ROTATE
483.7195,153.2737,-34.5433,0.181,508.5967,0.3309,0.0197,504.0066,49.2452,0.1403,0.000784,0.0443,0.0457,-0.1095,ROTATE
489.3725,115.144,-65.7753,0.199,507.0207,1.576,0.018,507.2767,4.797,0.1594,0.000833,0.0486,0.0169,-0.1403,ROTATE
493.8949,50.037,-120.064,0.2144,510.736,3.7152,0.0154,508.8016,1.3954,0.1784,0.000755,0.0509,-0.0154,-0.1642,ROTATE
497.5128,-3.1704,-172.0324,0.225,526.4259,15.6899,0.0106,512.3414,50.9873,0.1961,0.000523,0.0515,-0.0446,-0.18,ROTATE
500.4071,-35.1925,-224.2416,0.2144,549.4817,23.0558,0.0105,520.4523,258.7516,0.2068,0.000235,0.0508,-0.0711,-0.1846,ROTATE
502.7226,-50.7322,-269.8464,0.2214,572.8184,23.3367,0.0069,533.2965,614.1075,0.2148,7.9e-05,0.0486,-0.0984,-0.1808,ROTATE
504.575,-82.0576,-293.6927,0.2785,589.5632,16.7448,0.0571,549.805,836.6807,0.2307,0.000587,0.0448,-0.1314,-0.1784,ROTATE
506.0569,-118.9773,-293.3792,0.3232,596.9259,7.3627,0.0447,567.043,678.3298,0.2525,0.00177,0.0394,-0.1697,-0.1753,ROTATE
507.2424,-118.5413,-278.1784,0.3516,590.5337,6.3922,0.0284,579.8646,294.3501,0.2778,0.002943,0.0332,-0.2125,-0.1689,ROTATE
508.1908,-119.7393,-260.124,0.3826,583.3179,7.2158,0.031,586.6318,66.3158,0.3115,0.003204,0.0256,-0.26,-0.1638,ROTATE
508.9495,-118.9977,-238.171,0.4107,574.3827,8.9352,0.0281,586.9446,58.0638,0.3493,0.002117,0.0175,-0.3062,-0.1618,ROTATE
509.5565,-119.8544,-206.7212,0.4258,562.8024,11.5803,0.0151,581.5925,144.6167,0.3788,0.001414,0.0115,-0.3443,-0.1528,ROTATE
510.0421,-123.871,-169.052,0.4348,551.4214,11.381,0.009,572.4916,196.8273,0.4011,0.000926,0.0073,-0.375,-0.1381,ROTATE
510.4306,-132.4718,-134.7572,0.4401,544.2864,7.135,0.0052,563.2421,205.2788,0.4188,0.000427,0.0045,-0.3999,-0.1194,ROTATE
510.7413,-142.0712,-93.8401,0.4361,538.3743,5.912,0.004,554.2534,167.5562,0.4295,0.00011,0.0024,-0.4164,-0.0967,ROTATE
510.99,-133.8601,-59.2659,0.4436,531.5465,6.8278,0.0076,545.6862,116.2423,0.4361,3.6e-05,0.0003,-0.4281,-0.0683,ROTATE
511.1888,-104.5475,-45.2158,0.4639,523.7258,7.8207,0.0203,537.8708,93.022,0.4437,0.000112,-0.0039,-0.4395,-0.0375,ROTATE
498.3042,-78.038,-48.4883,0.4778,506.7032,17.0226,0.0138,528.9272,170.595,0.4523,0.000254,-0.0091,-0.4502,-0.009,ROTATE
451.8309,-62.2866,-47.3656,0.4788,458.5567,48.1465,0.001,511.7813,819.833,0.46,0.000305,-0.0133,-0.4584,0.0161,ROTATE
375.9616,-44.8012,-37.1269,0.4744,380.4374,78.1193,0.0044,480.1939,3130.875,0.4677,0.000172,-0.0166,-0.465,0.0393,ROTATE
351.0286,1.0997,-37.0984,0.4659,352.9853,27.4522,0.0085,444.4816,4564.5015,0.4722,3.7e-05,-0.0175,-0.4662,0.0637,ROTATE
383.2198,75.8766,-61.2037,0.4499,395.4245,42.4393,0.016,418.8214,3131.4487,0.4694,0.000115,-0.0171,-0.4591,0.0867,ROTATE
408.9727,150.4732,-93.9317,0.4491,445.7847,50.3602,0.0008,406.6378,1583.7698,0.4636,0.00015,-0.0146,-0.448,0.1107,ROTATE
429.5751,201.491,-117.986,0.4438,488.9316,43.1469,0.0053,412.7127,2362.2034,0.4566,0.000134,-0.0118,-0.4367,0.1291,ROTATE
446.0569,209.9147,-115.4919,0.4396,506.3293,17.3977,0.0042,437.8911,3272.728,0.4497,8e-05,-0.0085,-0.4272,0.1393,ROTATE
459.2424,162.8412,-113.2435,0.4098,500.2449,6.0844,0.0299,467.343,1741.1121,0.4385,0.00022,-0.0054,-0.4161,0.1373,ROTATE
469.7908,135.5792,-120.6917,0.3909,503.6384,3.3935,0.0189,488.9858,501.7198,0.4267,0.000506,-0.0014,-0.4036,0.1373,ROTATE
478.2296,140.4633,-127.4628,0.3887,514.4708,10.8324,0.0022,502.723,69.6398,0.4146,0.000548,0.0013,-0.3893,0.14,ROTATE
484.9805,164.8926,-122.0952,0.3882,526.5956,12.1248,0.0004,510.2558,88.836,0.4034,0.000392,0.0025,-0.3734,0.1485,ROTATE
490.3813,177.3672,-109.1043,0.3766,532.7632,6.1677,0.0116,515.5426,159.1194,0.3908,0.000114,0.0036,-0.355,0.1595,ROTATE
494.7019,162.4969,-101.2147,0.3625,530.4523,2.311,0.0142,521.5841,120.2759,0.3814,0.000114,0.0041,-0.3385,0.1743,ROTATE
498.1584,127.7694,-95.2155,0.3515,523.0228,7.4295,0.0109,525.4609,41.2504,0.3735,0.000212,0.0044,-0.325,0.1836,ROTATE
500.9236,98.6655,-84.5412,0.3402,517.5003,5.5225,0.0113,526.0668,29.4011,0.3638,0.000294,0.0046,-0.3102,0.1893,ROTATE
503.1358,88.3168,-80.9454,0.3291,517.2018,0.2985,0.0111,524.1881,41.5332,0.352,0.000276,0.0054,-0.2918,0.1951,ROTATE
504.9055,79.9847,-93.447,0.3119,519.6725,2.4707,0.0172,521.5699,24.0499,0.339,0.000309,0.0063,-0.2701,0.2023,ROTATE
506.3213,66.1534,-117.4138,0.3004,523.95,4.2775,0.0115,520.2694,7.7124,0.3266,0.000343,0.0077,-0.2471,0.2106,ROTATE
507.4539,52.1883,-149.7373,0.3043,531.6525,7.7025,0.0039,521.9954,29.132,0.3172,0.00023,0.0096,-0.2252,0.2209,ROTATE
508.36,45.4975,-180.4117,0.3189,541.3394,9.687,0.0147,526.7632,77.1969,0.3129,0.000106,0.0124,-0.2077,0.2323,ROTATE
509.0849,40.0668,-190.5388,0.3257,545.0485,3.709,0.0068,532.3325,94.7652,0.3122,8.6e-05,0.0156,-0.1951,0.2424,ROTATE
509.6648,34.1597,-185.3154,0.3177,543.3846,1.6638,0.008,537.075,64.6488,0.3134,9e-05,0.018,-0.1852,0.2516,ROTATE
510.1287,23.8527,-180.0773,0.2986,541.5054,1.8793,0.019,540.5861,21.7934,0.313,0.0001,0.0204,-0.1754,0.258,ROTATE
503.2499,-7.7709,-168.8868,0.2676,530.8895,10.6159,0.0311,540.4335,24.6131,0.3057,0.000444,0.0237,-0.1672,0.2545,ROTATE
504.9968,-40.073,-171.8689,0.2803,534.9453,4.0558,0.0127,539.1547,28.8375,0.298,0.000479,0.0299,-0.1521,0.2534,ROTATE
494.8349,-12.599,-154.6857,0.35,518.602,16.3433,0.0698,533.8654,78.3958,0.3028,0.000844,0.0353,-0.1393,0.2649,ROTATE
498.2648,-5.9667,-136.9048,0.3116,516.7653,1.8367,0.0384,528.5415,90.4112,0.3016,0.000813,0.0447,-0.1243,0.2691,ROTATE
501.0088,-26.9015,-112.6051,0.3102,514.2114,2.5539,0.0013,523.0827,68.0705,0.3039,0.000821,0.0525,-0.1123,0.2756,ROTATE
503.2039,-36.8275,-73.2716,0.3146,509.8423,4.3691,0.0043,518.8732,73.2238,0.3133,0.000491,0.057,-0.1007,0.2907,ROTATE
504.96,-43.6932,-35.5798,0.3029,508.0941,1.7482,0.0117,513.503,15.9603,0.3178,0.000274,0.057,-0.0941,0.2979,ROTATE
506.3649,-43.9421,-8.3701,0.2993,508.3369,0.2428,0.0036,511.45,11.8833,0.3077,3.2e-05,0.0557,-0.0822,0.2909,ROTATE
507.4888,11.1245,10.6352,0.3788,507.7221,0.6148,0.0795,509.6414,5.7411,0.3211,0.000859,0.0469,-0.0734,0.308,ROTATE
508.3879,51.3121,31.1082,0.3589,511.9169,4.1948,0.0199,509.1824,2.389,0.3309,0.001026,0.0395,-0.0618,0.3212,ROTATE
509.1072,76.0934,29.8646,0.3406,515.628,3.7111,0.0183,510.3395,9.2719,0.3361,0.000964,0.0354,-0.045,0.3297,ROTATE
509.6826,87.5872,29.9011,0.3201,518.0174,2.3894,0.0205,512.3242,16.1144,0.3395,0.000783,0.0321,-0.0242,0.3355,ROTATE
510.143,92.3135,33.7834,0.3107,519.5276,1.5103,0.0094,514.5624,18.303,0.3418,0.00062,0.0291,-0.0015,0.3385,ROTATE
510.5113,92.529,33.7705,0.312,519.9268,0.3991,0.0013,517.0033,8.7421,0.3285,0.000346,0.0287,0.024,0.3239,ROTATE
510.8059,105.9075,30.1445,0.3181,522.5397,2.613,0.0061,519.1279,5.1842,0.3203,0.000116,0.0268,0.0514,0.3124,ROTATE
511.0416,121.8167,23.825,0.3313,525.8997,3.3599,0.0132,521.1823,7.6854,0.3185,5.4e-05,0.0238,0.0807,0.3044,ROTATE
511.2302,113.1065,20.3318,0.352,523.9874,1.9123,0.0207,522.3762,5.8303,0.3248,0.000238,0.0211,0.1122,0.3009,ROTATE
511.381,119.182,29.3311,0.3546,525.9042,1.9169,0.0025,523.6516,5.0703,0.3336,0.000298,0.0166,0.1445,0.2965,ROTATE
511.5017,125.9613,21.3836,0.3533,527.2167,1.3125,0.0013,525.1095,2.7119,0.3419,0.000214,0.0137,0.1768,0.2882,ROTATE
511.5983,128.4471,-7.3493,0.3506,527.5276,0.3109,0.0027,526.1071,1.5653,0.3484,7.4e-05,0.0112,0.2071,0.2759,ROTATE
511.6755,113.6921,-35.8764,0.3606,525.3807,2.147,0.0099,526.0033,1.6515,0.3542,1.2e-05,0.0067,0.2364,0.2595,ROTATE
511.7373,88.3974,-78.0011,0.3734,525.1412,0.2394,0.0128,526.2341,0.9341,0.3585,6.6e-05,0.001,0.2642,0.2371,ROTATE
511.7867,76.7429,-102.9102,0.3902,527.6416,2.5004,0.0168,526.5815,1.1878,0.3656,0.000213,-0.003,0.2934,0.2107,ROTATE
511.8263,78.3131,-117.3407,0.4156,530.9124,3.2708,0.0255,527.3207,4.3119,0.3781,0.000528,-0.008,0.3254,0.1814,ROTATE
511.8579,80.7442,-115.7569,0.4415,530.9594,0.047,0.0259,528.007,6.4802,0.3963,0.000851,-0.0136,0.3609,0.1484,ROTATE
511.8832,88.7673,-84.0462,0.461,526.2773,4.682,0.0195,528.1863,5.6669,0.4164,0.001032,-0.0188,0.3946,0.1161,ROTATE
511.9034,100.8919,-52.7619,0.4697,524.4122,1.8652,0.0086,528.0405,6.64,0.4356,0.000861,-0.0217,0.4239,0.0824,ROTATE
511.9196,106.9323,-26.4252,0.4657,523.6359,0.7763,0.004,527.2394,9.8466,0.4507,0.000401,-0.0231,0.445,0.0495,ROTATE
468.9701,118.2021,3.1724,0.4612,483.6474,39.9885,0.0045,517.7864,297.8427,0.4598,9.4e-05,-0.023,0.4569,0.0192,ROTATE
477.573,84.6835,29.1785,0.4707,485.8998,2.2525,0.0095,508.7745,385.2739,0.4656,1.6e-05,-0.0199,0.4635,-0.0052,ROTATE
484.4553,30.5968,62.8678,0.4487,489.4747,3.5748,0.022,501.414,344.3234,0.4632,6.4e-05,-0.0153,0.4608,-0.0301,ROTATE
489.9611,-26.2475,83.6099,0.4477,497.7363,8.2617,0.001,496.0788,212.7811,0.4588,8.4e-05,-0.0117,0.4544,-0.054,ROTATE
494.3658,-74.8512,101.5004,0.4464,510.1985,12.4622,0.0013,493.3914,93.5538,0.4549,9e-05,-0.0089,0.447,-0.0767,ROTATE
497.8895,-105.0153,97.9628,0.46,518.1881,7.9896,0.0135,500.2995,149.8181,0.4547,8.7e-05,-0.0052,0.4424,-0.0981,ROTATE
500.7085,-128.6591,51.0234,0.4734,519.4858,1.2977,0.0134,507.0167,136.8504,0.4552,0.000106,-0.0029,0.438,-0.1199,ROTATE
502.9637,-112.3867,14.0312,0.4496,515.558,3.9278,0.0238,512.2334,62.6831,0.4554,0.000104,-0.0016,0.4321,-0.1414,ROTATE
504.7678,-80.9156,-10.325,0.4212,511.3164,4.2416,0.0284,514.9494,13.4416,0.4501,0.000298,-0.0015,0.4203,-0.1587,ROTATE
506.2112,-32.7825,-17.135,0.3977,507.5609,3.7556,0.0236,514.4219,19.5673,0.4404,0.00075,-0.0023,0.4035,-0.1733,ROTATE
507.3658,32.0053,-15.558,0.3827,508.6123,1.0514,0.015,512.5067,19.8128,0.4249,0.0011,-0.0042,0.379,-0.188,ROTATE
508.2896,69.0855,-11.5933,0.3779,513.094,4.4817,0.0048,511.2283,8.5058,0.4058,0.000707,-0.0068,0.3455,-0.2074,ROTATE
509.0285,85.0965,0.041,0.3784,516.0925,2.9985,0.0005,511.3352,9.4772,0.3916,0.000271,-0.0094,0.3121,-0.2293,ROTATE
509.6197,90.4678,13.4078,0.3778,517.761,1.6685,0.0006,512.6241,16.0739,0.3829,5.8e-05,-0.0109,0.2817,-0.2526,ROTATE
510.0927,97.5711,12.5887,0.3787,519.4931,1.7321,0.0009,515.0106,14.688,0.3791,3e-06,-0.0114,0.2556,-0.2752,ROTATE
510.471,111.56,-4.6321,0.3782,522.5397,3.0466,0.0004,517.796,10.079,0.3782,0.0,-0.0106,0.2329,-0.2956,ROTATE
510.7737,140.298,-22.8401,0.3568,530.1839,7.6442,0.0215,521.2141,24.6662,0.374,7.4e-05,-0.0028,0.2012,-0.3115,ROTATE
418.3252,133.3291,-34.2658,0.4223,440.3939,89.79,0.0655,506.0743,1096.5894,0.3827,0.00046,0.0103,0.1672,-0.3366,ROTATE
378.1352,125.8976,-44.5752,0.4129,401.0279,39.366,0.0094,482.7277,2731.1602,0.3898,0.000587,0.0242,0.1394,-0.356,ROTATE
404.905,108.9025,-95.1601,0.4005,429.9573,28.9294,0.0124,464.8205,2697.0974,0.3941,0.000567,0.0388,0.1152,-0.3704,ROTATE
426.3209,119.3345,-153.0687,0.3864,468.4232,38.4659,0.0141,453.9972,1916.248,0.3958,0.000526,0.0514,0.0921,-0.3807,ROTATE
443.4536,130.4457,-202.6362,0.3635,504.7065,36.2833,0.0229,448.9017,1243.688,0.3971,0.000428,0.0559,0.0812,-0.3846,ROTATE
457.1598,154.3784,-238.4684,0.3441,538.2332,33.5267,0.0194,468.4696,2442.3306,0.3815,0.000618,0.0547,0.0738,-0.3699,ROTATE
468.1247,175.9371,-267.2966,0.3163,567.0468,28.8137,0.0278,501.6734,2373.6548,0.3622,0.000896,0.0513,0.0576,-0.3527,ROTATE
476.8967,178.1997,-286.4998,0.3046,584.1812,17.1344,0.0117,532.5182,1755.123,0.343,0.000897,0.0438,0.0284,-0.3355,ROTATE
483.9142,146.7191,-284.0623,0.3168,579.9921,4.1891,0.0122,554.832,886.3398,0.3291,0.000465,0.0333,-0.0146,-0.3188,ROTATE
489.5283,106.0847,-244.6467,0.372,557.4441,22.548,0.0552,565.3795,273.9416,0.3308,0.000593,0.023,-0.0705,-0.309,ROTATE
494.0195,88.5365,-142.1174,0.4345,521.6238,35.8203,0.0626,562.0576,498.4344,0.3488,0.002384,0.014,-0.1328,-0.309,ROTATE
497.6125,63.0636,-39.3002,0.4616,503.1299,18.4939,0.027,549.2742,1024.5356,0.3779,0.00387,0.0081,-0.1948,-0.3156,ROTATE
500.4869,46.0946,45.7692,0.4569,504.6847,1.5548,0.0046,533.3749,925.6932,0.4084,0.003118,0.006,-0.2497,-0.3192,ROTATE
502.7864,55.0226,104.8373,0.4427,516.5389,11.8542,0.0142,520.6843,386.6984,0.4335,0.001042,0.0088,-0.2923,-0.3175,ROTATE
504.626,72.0462,124.7229,0.4393,524.7798,8.2408,0.0034,514.1514,77.1181,0.447,0.000109,0.0123,-0.3221,-0.3059,ROTATE
506.0977,71.1901,105.4784,0.4369,521.8511,2.9287,0.0024,514.1969,77.8057,0.4475,9.8e-05,0.0159,-0.3451,-0.2785,ROTATE
507.275,50.6177,68.1452,0.4328,514.3286,7.5225,0.0041,516.4366,48.2972,0.4417,6.8e-05,0.0171,-0.3648,-0.2406,ROTATE
508.2169,24.7754,45.3818,0.4276,510.8402,3.4883,0.0051,517.6677,25.4241,0.4358,2.7e-05,0.0164,-0.3814,-0.1999,ROTATE
508.9704,2.3297,49.3335,0.4276,511.3611,0.5208,0.0,516.6321,32.0517,0.4328,2.2e-05,0.0133,-0.3974,-0.1579,ROTATE
509.5732,-9.7706,57.8981,0.4276,512.945,1.584,0.0001,514.2652,15.8914,0.4305,1.4e-05,0.0087,-0.4101,-0.1132,ROTATE
510.0555,-20.9884,64.4528,0.4312,514.5399,1.5948,0.0036,512.8029,2.2592,0.4294,5e-06,0.0026,-0.4188,-0.0671,ROTATE
510.4413,-48.5626,63.406,0.426,516.6517,2.1118,0.0052,513.2675,4.5403,0.428,3e-06,-0.0034,-0.4217,-0.019,ROTATE
510.7499,-85.3969,52.4842,0.4269,520.4927,3.8411,0.0009,515.1981,10.0757,0.4279,3e-06,-0.0092,-0.4201,0.0311,ROTATE
510.9968,-103.9582,34.853,0.438,522.6277,2.135,0.0111,517.4514,13.0937,0.4299,1.9e-05,-0.0148,-0.4145,0.0831,ROTATE
503.6475,-106.2884,-0.2051,0.4457,514.7407,7.887,0.0078,517.8105,10.3728,0.4336,5.5e-05,-0.0189,-0.4057,0.1329,ROTATE
423.3711,-108.3307,-26.9453,0.4555,437.8409,76.8998,0.0097,502.4708,1051.9526,0.4384,0.000126,-0.0214,-0.3961,0.1766,ROTATE
328.5125,-112.124,-88.5406,0.4421,358.2341,79.6068,0.0133,470.7873,4168.7305,0.4416,8.8e-05,-0.0218,-0.3825,0.2141,ROTATE
365.2069,-52.8398,-173.2325,0.4264,407.6489,49.4148,0.0157,448.2184,3962.5442,0.4415,9.1e-05,-0.0175,-0.3563,0.2522,ROTATE
394.5624,18.9938,-240.986,0.4336,462.7251,55.0762,0.0071,436.2379,2753.7515,0.4407,0.0001,-0.0105,-0.3291,0.2839,ROTATE
418.0468,96.1294,-295.1888,0.4337,520.7114,57.9864,0.0001,437.4321,2946.9419,0.4383,9.9e-05,-0.0008,-0.3025,0.3093,ROTATE
436.8343,169.6504,-338.5511,0.4231,578.1196,57.4082,0.0105,465.4879,6118.3809,0.4318,4.3e-05,0.0085,-0.2746,0.3292,ROTATE
451.8643,229.1672,-369.4377,0.4207,627.0432,48.9236,0.0024,519.2496,6147.4038,0.4275,2.8e-05,0.0159,-0.2534,0.3436,ROTATE
463.8884,264.5556,-356.0439,0.3906,641.8328,14.7896,0.0301,566.0864,4468.1016,0.4203,0.000249,0.0186,-0.2468,0.3396,ROTATE
473.5076,270.8414,-304.2976,0.3637,624.6291,17.2037,0.0269,598.4672,1968.3187,0.4064,0.00066,0.0182,-0.2411,0.3264,ROTATE
481.2029,254.4138,-232.0944,0.341,591.7351,32.894,0.0227,612.672,566.4154,0.3878,0.001022,0.0143,-0.2323,0.31,ROTATE
487.3593,209.1841,-150.963,0.3159,551.4225,40.3126,0.0251,607.3326,1049.4315,0.3664,0.001348,0.0104,-0.2181,0.2939,ROTATE
486.6687,155.1567,-83.9235,0.298,517.6516,33.771,0.0179,585.4542,2101.605,0.3419,0.00109,0.0077,-0.1955,0.2789,ROTATE
486.2568,100.8722,-32.1201,0.2848,497.6471,20.0045,0.0132,556.6171,2176.3335,0.3207,0.000817,0.0066,-0.1651,0.2715,ROTATE
484.068,43.304,3.8821,0.2624,486.0166,11.6305,0.0225,528.8946,1479.5554,0.3004,0.000717,0.0087,-0.1293,0.2664,ROTATE
399.1012,-46.8005,1.2244,0.2544,401.8377,84.1788,0.008,490.9151,2476.0161,0.2831,0.000511,0.0123,-0.0868,0.2628,ROTATE
421.6779,-96.0061,1.6295,0.2808,432.472,30.6343,0.0264,467.125,1860.9352,0.2761,0.000248,0.017,-0.0486,0.2655,ROTATE
439.7392,-157.508,-2.7245,0.2948,467.1046,34.6326,0.0139,457.0156,1248.1488,0.2754,0.000221,0.0257,-0.0108,0.2688,ROTATE
454.1882,-176.0845,1.3766,0.3339,487.1289,20.0243,0.0392,454.912,1094.9031,0.2853,0.000791,0.0333,0.0199,0.2795,ROTATE
465.7475,-148.5426,30.2638,0.3721,489.7974,2.6685,0.0381,455.6682,1144.231,0.3072,0.001712,0.0386,0.0401,0.3013,ROTATE
474.9949,-66.5841,40.3642,0.3943,481.3344,8.463,0.0222,471.5675,443.6511,0.3352,0.001889,0.0427,0.051,0.328,ROTATE
482.3928,28.0265,32.1913,0.4019,484.2774,2.943,0.0076,481.9285,62.9165,0.3594,0.001601,0.0449,0.0642,0.3504,ROTATE
488.3111,113.6024,12.3687,0.3884,501.504,17.2266,0.0135,488.8084,48.2735,0.3781,0.000584,0.0417,0.0751,0.3675,ROTATE
493.0458,171.3913,-7.805,0.3589,522.0441,20.5401,0.0294,495.7914,219.8683,0.3831,0.000242,0.0382,0.0903,0.3685,ROTATE
496.8335,213.2693,-19.869,0.3378,541.038,18.9939,0.0211,506.0396,517.1082,0.3763,0.000581,0.0341,0.1127,0.3543,ROTATE
499.8637,257.528,-37.2202,0.3256,563.5332,22.4952,0.0123,522.4793,785.8773,0.3625,0.00084,0.0297,0.1395,0.3288,ROTATE
502.2878,297.8442,-68.1574,0.3208,587.9198,24.3866,0.0048,543.2078,920.8208,0.3463,0.000616,0.0247,0.1682,0.2955,ROTATE
504.2272,321.1691,-105.6009,0.3198,607.0801,19.1603,0.0009,564.3231,943.0602,0.3326,0.000215,0.0185,0.198,0.2582,ROTATE
505.7786,309.9978,-127.9308,0.3258,606.8583,0.2218,0.006,581.2858,659.6698,0.326,4.1e-05,0.0116,0.2271,0.2234,ROTATE
507.0198,295.1389,-137.7102,0.3369,602.6111,4.2472,0.011,593.6005,274.9942,0.3258,3.7e-05,0.0047,0.2571,0.1895,ROTATE
508.0127,287.9111,-149.5807,0.3475,602.7803,0.1692,0.0106,601.4499,49.4263,0.3302,0.000112,-0.0028,0.2855,0.1538,ROTATE
508.807,281.7383,-162.3083,0.3574,603.8253,1.045,0.01,604.631,3.8226,0.3375,0.000189,-0.0106,0.3107,0.1155,ROTATE
509.4425,264.3312,-186.2966,0.3697,603.4146,0.4108,0.0122,603.8979,2.3815,0.3474,0.000235,-0.0176,0.332,0.0759,ROTATE
509.9509,250.7431,-205.9686,0.3859,604.4378,1.0233,0.0162,603.4138,0.4527,0.3595,0.000292,-0.0244,0.3504,0.0328,ROTATE
510.3576,241.6851,-216.5592,0.4104,604.793,0.3552,0.0245,603.8502,0.5138,0.3742,0.000492,-0.0327,0.3662,-0.0146,ROTATE
510.683,234.9325,-214.7161,0.4382,601.742,3.051,0.0278,603.6425,1.1307,0.3923,0.00084,-0.0426,0.3784,-0.0649,ROTATE
510.9433,246.5147,-195.5698,0.4683,600.0667,1.6753,0.0302,602.8907,3.1162,0.4145,0.001261,-0.0523,0.3872,-0.1182,ROTATE
511.0327,265.3555,-168.7308,0.4935,600.0318,0.0349,0.0252,602.2142,4.2384,0.4393,0.001495,-0.0609,0.3917,-0.1738,ROTATE
387.5418,272.5969,-134.9659,0.496,492.6597,107.3721,0.0025,579.8586,1903.917,0.4613,0.001084,-0.0668,0.3891,-0.2272,ROTATE
207.6335,257.0057,-92.7227,0.4957,343.1634,149.4963,0.0003,527.5327,10246.501,0.4784,0.000512,-0.0697,0.3795,-0.2751,ROTATE
91.0568,190.6514,-32.3469,0.4815,213.742,129.4214,0.0142,449.9327,22816.2617,0.487,0.000116,-0.0707,0.3685,-0.3071,ROTATE
14.4798,119.9899,37.5162,0.4986,126.5492,87.1927,0.017,355.2292,30254.8398,0.4931,3.6e-05,-0.0713,0.3601,-0.3281,ROTATE
113.9807,10.2263,132.4098,0.4755,175.0101,48.4609,0.023,270.2249,17539.2246,0.4895,8.5e-05,-0.0704,0.3499,-0.3348,ROTATE
193.5815,-77.8627,208.3248,0.4704,294.8484,119.8383,0.0051,230.6626,6199.8691,0.4843,0.000123,-0.0646,0.3461,-0.3323,ROTATE
257.2621,-138.2152,224.7473,0.4575,368.5085,73.6601,0.0129,235.7316,7443.1899,0.4767,0.000182,-0.0557,0.3479,-0.3201,ROTATE
308.2065,-164.3128,221.1728,0.4257,413.4095,44.9009,0.0318,275.6651,12065.6768,0.4655,0.000573,-0.0458,0.3453,-0.3077,ROTATE
348.9621,-160.1377,227.8789,0.3949,446.4834,33.0739,0.0308,339.652,9360.0225,0.4448,0.000922,-0.0343,0.3328,-0.2923,ROTATE
381.5666,-136.9352,217.9469,0.3761,460.2664,13.783,0.0188,396.7032,3593.3555,0.4249,0.001282,-0.0245,0.3187,-0.2796,ROTATE
407.6501,-116.0263,188.4075,0.3633,463.8298,3.5635,0.0128,430.4995,1277.4821,0.4035,0.00117,-0.0213,0.299,-0.2694,ROTATE
391.692,-89.3554,150.4073,0.3531,428.9864,34.8434,0.0103,442.5951,363.0608,0.3826,0.000659,-0.0206,0.2747,-0.2645,ROTATE
411.4005,-58.9999,105.5446,0.3384,428.8018,0.1846,0.0147,445.6736,221.2744,0.3652,0.000375,-0.0183,0.2489,-0.2653,ROTATE
431.5173,-36.375,74.82,0.33,439.4637,10.6619,0.0084,444.2696,226.8847,0.3522,0.000276,-0.0163,0.2236,-0.2696,ROTATE
447.6107,-27.3062,62.8529,0.3251,452.8261,13.3624,0.0049,442.7816,188.1339,0.342,0.000204,-0.014,0.1975,-0.276,ROTATE
442.4073,-32.5075,59.5479,0.3235,447.579,5.2471,0.0016,439.5314,93.5674,0.334,0.000118,-0.0116,0.172,-0.2832,ROTATE
382.1602,-34.0654,47.8352,0.3005,386.646,60.933,0.023,431.0633,558.9934,0.3235,0.000159,-0.0096,0.1472,-0.286,ROTATE
338.5688,9.4665,74.4026,0.3381,346.7769,39.8691,0.0376,414.6584,1709.6869,0.3235,0.000158,-0.0016,0.1138,-0.2987,ROTATE
191.7269,15.6451,48.4689,0.3354,198.3765,148.4004,0.0027,366.4409,8617.2715,0.3245,0.000176,0.0084,0.0961,-0.3066,ROTATE
182.4097,30.2473,10.6408,0.3173,185.2064,13.1701,0.0181,312.9169,10829.1641,0.323,0.000184,0.0181,0.0834,-0.3089,ROTATE
166.0403,51.4103,-34.1655,0.3003,177.1431,8.0633,0.017,258.8298,7963.8779,0.3183,0.000265,0.0269,0.0755,-0.3064,ROTATE
210.6759,80.0251,-89.0668,0.275,242.3247,65.1816,0.0253,229.9655,3917.8196,0.3132,0.000551,0.0349,0.0695,-0.3027,ROTATE
254.0876,114.267,-151.2909,0.2496,317.0275,74.7027,0.0254,224.0156,2669.3962,0.2955,0.000924,0.0338,0.0777,-0.283,ROTATE
305.667,90.6355,-223.4328,0.2361,389.319,72.2916,0.0135,262.2041,6544.6035,0.2757,0.000917,0.0297,0.0757,-0.2633,ROTATE
346.9305,49.6396,-281.1462,0.2171,449.2973,59.9782,0.019,315.0223,9569.8818,0.2556,0.000854,0.0241,0.0693,-0.2446,ROTATE
379.9413,12.6336,-320.1795,0.1967,497.021,47.7237,0.0204,378.9979,8299.5752,0.2349,0.00072,0.0207,0.0528,-0.2264,ROTATE
406.3499,-17.4869,-343.0498,0.1969,532.0801,35.0591,0.0001,436.949,5892.1689,0.2193,0.000444,0.0164,0.028,-0.2123,ROTATE
427.4768,-28.7958,-320.8961,0.248,535.2943,3.2141,0.0511,480.6024,3044.6782,0.219,0.000424,0.008,-0.0044,-0.2112,ROTATE
444.3783,-33.2335,-303.895,0.2824,539.3781,4.0839,0.0344,510.6142,1168.359,0.2282,0.001085,-0.0006,-0.0465,-0.2148,ROTATE
457.8995,-16.4993,-272.4504,0.2952,533.0792,6.2989,0.0128,527.3705,236.5662,0.2438,0.001714,-0.0079,-0.0936,-0.217,ROTATE
468.7165,6.7787,-240.2947,0.3227,526.7662,6.313,0.0275,533.3196,17.0291,0.269,0.001879,-0.0151,-0.1401,-0.222,ROTATE
477.3701,27.4917,-222.1608,0.3422,527.2508,0.4846,0.0195,532.3537,23.155,0.2981,0.001063,-0.0207,-0.1849,-0.2257,ROTATE
484.293,45.6934,-206.8755,0.3566,528.6067,1.3559,0.0144,531.0162,22.4448,0.3198,0.000773,-0.0208,-0.2275,-0.2177,ROTATE
489.8313,61.9234,-184.8567,0.3661,527.2012,1.4055,0.0095,528.5809,5.4403,0.3366,0.000641,-0.0198,-0.2646,-0.2018,ROTATE
494.2619,78.9263,-164.1478,0.3816,526.753,0.4482,0.0155,527.3156,0.4605,0.3538,0.000407,-0.0184,-0.2977,-0.1838,ROTATE
497.8064,102.1848,-135.5839,0.4055,525.9619,0.7911,0.0239,527.1547,0.7408,0.3704,0.000473,-0.0182,-0.3293,-0.1601,ROTATE
500.642,139.6697,-100.8546,0.4309,529.4542,3.4922,0.0253,527.5953,1.6022,0.3881,0.00073,-0.019,-0.3603,-0.1316,ROTATE
502.9105,177.9357,-69.4118,0.4659,537.9573,8.5032,0.035,529.4655,19.3742,0.41,0.001262,-0.02,-0.3929,-0.1014,ROTATE
504.7253,201.0736,-53.3795,0.4854,545.919,7.9617,0.0195,533.209,58.478,0.4339,0.001445,-0.0202,-0.4245,-0.0708,ROTATE
506.1771,201.7933,-45.3879,0.4904,546.8052,0.8862,0.005,537.2195,71.0289,0.4556,0.001065,-0.0195,-0.451,-0.0395,ROTATE
507.3386,177.0159,-38.3322,0.4776,538.6989,8.1063,0.0128,539.7669,39.6307,0.47,0.000452,-0.0182,-0.4673,-0.0063,ROTATE
508.2678,132.6846,-32.6439,0.4631,526.3145,12.3843,0.0145,539.139,54.1592,0.4765,0.000113,-0.0148,-0.4726,0.0274,ROTATE
509.0111,82.0383,-30.0276,0.4603,516.4536,9.861,0.0028,534.8383,138.3092,0.4754,0.000142,-0.011,-0.4671,0.0649,ROTATE
509.6058,33.2806,-60.544,0.465,514.2676,2.1859,0.0047,528.5079,158.3098,0.4713,0.000126,-0.0081,-0.4558,0.1032,ROTATE
457.6909,-0.2567,-85.8289,0.4739,465.669,48.5986,0.0088,512.2807,617.7755,0.468,4.4e-05,-0.0073,-0.443,0.1403,ROTATE
424.0621,-20.8023,-106.2975,0.4844,437.6763,27.9927,0.0105,492.0762,1183.1333,0.4693,7.7e-05,-0.0081,-0.4312,0.1777,ROTATE
441.6465,5.5738,-187.438,0.4595,479.808,42.1317,0.0249,482.7749,892.2684,0.4686,8.8e-05,-0.0075,-0.4077,0.2205,ROTATE
455.7141,39.684,-252.3504,0.4514,522.4279,42.6199,0.0081,483.9698,978.4626,0.4668,0.00013,-0.0034,-0.3835,0.2556,ROTATE
466.9682,75.6847,-304.2804,0.4546,562.4713,40.0434,0.0032,493.6105,1934.425,0.4648,0.000155,0.0008,-0.3586,0.287,ROTATE
475.9714,100.5822,-332.6368,0.4626,589.3325,26.8612,0.0079,518.3433,2999.113,0.4625,0.000134,0.0072,-0.3327,0.3162,ROTATE
483.174,118.0564,-308.322,0.4797,585.1981,4.1344,0.0172,547.8475,1721.0908,0.4616,9.7e-05,0.0142,-0.3112,0.3398,ROTATE
488.9361,150.5263,-249.1638,0.4757,569.0337,16.1644,0.004,565.6927,566.5367,0.4648,0.000126,0.0196,-0.303,0.3515,ROTATE
493.5458,171.4211,-189.1467,0.4486,555.652,13.3817,0.0271,572.3375,168.1779,0.4642,0.000142,0.0218,-0.2922,0.3597,ROTATE
478.8523,175.4369,-135.7361,0.4259,527.7328,27.9192,0.0226,565.3898,498.3554,0.4585,0.000385,0.0244,-0.2767,0.3641,ROTATE
467.5412,158.7276,-87.2826,0.4006,501.4055,26.3273,0.0254,547.8044,893.2567,0.4461,0.000899,0.0261,-0.2555,0.3634,ROTATE
452.0986,132.5665,-46.5605,0.3845,473.4288,27.9767,0.0161,525.4506,1220.2495,0.4271,0.001069,0.028,-0.2248,0.36,ROTATE
428.532,109.6469,-21.1703,0.3634,442.8434,30.5854,0.0211,500.2125,1568.1804,0.4046,0.000902,0.0288,-0.1891,0.3539,ROTATE
371.7444,85.3144,-8.7456,0.3382,381.5087,61.3347,0.0252,465.3839,2558.5562,0.3825,0.000909,0.0288,-0.1533,0.3466,ROTATE
336.8423,27.5765,-21.9027,0.2633,338.6783,42.8305,0.0749,427.5729,3562.2754,0.35,0.002315,0.0287,-0.1069,0.327,ROTATE
267.1551,-36.9606,-49.5628,0.2846,274.216,64.4622,0.0212,382.1351,5111.0933,0.3268,0.002121,0.0288,-0.0648,0.3132,ROTATE
183.7085,-83.7248,-3.9534,0.3019,201.9264,72.2896,0.0173,327.8346,6990.6709,0.3103,0.001307,0.0268,-0.0432,0.3025,ROTATE
167.5793,-117.3892,38.1436,0.3179,208.1297,6.2033,0.0161,280.8918,5007.4932,0.3012,0.000672,0.0251,-0.0323,0.296,ROTATE
110.2384,-152.5895,62.6523,0.2977,198.397,9.7327,0.0202,244.2695,3002.6228,0.2931,0.000335,0.0244,-0.0256,0.2892,ROTATE
67.1126,-189.4091,76.0781,0.2946,214.8669,16.4699,0.0031,219.5072,779.7515,0.2993,0.000119,0.0242,-0.033,0.2952,ROTATE
52.6682,-221.0991,79.825,0.2754,240.8958,26.0289,0.0192,212.8432,228.2262,0.2975,0.000187,0.0239,-0.0415,0.2933,ROTATE
58.0252,-227.8949,94.3913,0.2714,253.4023,12.5065,0.004,223.1384,427.4092,0.2914,0.000282,0.0244,-0.0386,0.2875,ROTATE
148.817,-210.0753,109.3943,0.2709,279.7235,26.3212,0.0005,237.4571,817.7067,0.282,0.000137,0.0249,-0.032,0.279,ROTATE
221.4505,-173.1384,94.7342,0.2886,296.6341,16.9106,0.0176,257.1046,826.9307,0.2802,9.3e-05,0.0308,-0.0185,0.277,ROTATE
279.5573,-135.2764,23.6154,0.2834,311.4637,14.8296,0.0052,276.4239,687.8737,0.2779,4.8e-05,0.0352,-0.0078,0.2743,ROTATE
326.0427,-126.7367,-41.7795,0.2894,352.2947,40.831,0.006,298.7037,1090.3118,0.2808,6.5e-05,0.0384,-0.0014,0.2769,ROTATE
363.231,-60.8394,-121.9705,0.2986,387.9626,35.6679,0.0091,325.6158,1549.0421,0.2862,8.2e-05,0.044,0.0167,0.2808,ROTATE
392.9817,12.3285,-196.9983,0.2994,439.7669,51.8043,0.0008,357.6245,2709.3662,0.2919,3.8e-05,0.048,0.0462,0.2812,ROTATE
416.7823,103.4191,-241.8767,0.3088,492.8563,53.0894,0.0094,396.8689,4082.8081,0.2959,7.7e-05,0.0445,0.0747,0.2768,ROTATE
435.8227,134.0384,-251.9201,0.3257,520.9333,28.077,0.0169,438.7628,3947.2981,0.3044,0.000151,0.0404,0.1108,0.2717,ROTATE
451.0551,150.2182,-244.7299,0.3389,534.7045,13.7712,0.0132,475.2447,2961.9817,0.3143,0.000248,0.0359,0.1566,0.2625,ROTATE
463.2409,160.8058,-247.2183,0.3323,549.1517,14.4472,0.0066,507.4825,1491.5205,0.321,0.000218,0.0293,0.1952,0.2478,ROTATE
472.9896,171.0509,-270.7527,0.3225,571.2133,22.0616,0.0099,533.7718,695.6367,0.3256,0.000103,0.0234,0.2237,0.2311,ROTATE
480.7886,163.6157,-319.0022,0.3187,599.7418,28.5284,0.0038,555.1489,774.2477,0.3276,5.2e-05,0.0183,0.2459,0.212,ROTATE
487.0277,116.9457,-357.6018,0.3246,615.4278,15.686,0.0059,574.0477,909.6466,0.3274,5.3e-05,0.0118,0.264,0.1889,ROTATE
492.0191,54.5659,-388.4814,0.3562,629.2678,13.84,0.0316,592.9604,852.2279,0.3309,0.000181,0.005,0.2841,0.1628,ROTATE
496.0121,17.5934,-391.4008,0.3985,632.0855,2.8177,0.0422,609.5472,499.4185,0.3441,0.00092,-0.0021,0.3119,0.1334,ROTATE
499.2066,33.8341,-368.705,0.4087,621.5266,10.5589,0.0102,619.6099,132.9646,0.3613,0.001363,-0.0096,0.3408,0.1029,ROTATE
501.7622,72.4485,-329.8296,0.4001,604.8154,16.7112,0.0086,620.6246,96.762,0.3776,0.001035,-0.0177,0.3661,0.0692,ROTATE
501.1191,107.6182,-279.5543,0.3978,583.8259,20.9894,0.0023,614.3043,322.2422,0.3923,0.00034,-0.0248,0.3861,0.0334,ROTATE
467.2891,133.5352,-223.2903,0.4049,534.8358,48.9902,0.007,595.4178,1183.8123,0.402,1.7e-05,-0.0325,0.3973,-0.0028,ROTATE
396.7719,151.1875,-156.8948,0.4195,452.6606,82.1752,0.0147,559.5328,3703.1042,0.4062,5.9e-05,-0.0414,0.3993,-0.0366,ROTATE
273.7331,184.1031,-70.4658,0.4336,337.3266,115.334,0.0141,502.6928,9578.7979,0.4112,0.000183,-0.0509,0.4002,-0.0673,ROTATE
116.5865,228.57,15.518,0.4386,257.0554,80.2712,0.005,433.1408,14723.0654,0.4189,0.00025,-0.0591,0.4032,-0.0919,ROTATE
-9.1308,253.2966,84.0894,0.4306,267.0461,9.9907,0.008,369.7849,11685.3828,0.4254,0.000145,-0.0648,0.4061,-0.1076,ROTATE
-109.7046,217.6061,133.9871,0.4113,278.1008,11.0547,0.0193,318.4379,5281.7041,0.4267,9.9e-05,-0.0672,0.4054,-0.1148,ROTATE
-148.4637,135.9724,169.771,0.3874,263.3479,14.7529,0.024,280.5753,851.9678,0.4203,0.000357,-0.065,0.399,-0.1147,ROTATE
-60.1772,48.1779,236.2511,0.3448,248.5096,14.8383,0.0426,262.812,97.9319,0.4025,0.001147,-0.0579,0.3831,-0.1089,ROTATE
46.8301,-20.1858,266.9947,0.3509,271.821,23.3114,0.0061,265.7651,98.816,0.385,0.001112,-0.0457,0.3676,-0.1032,ROTATE
139.8609,-71.9643,257.1582,0.3393,301.447,29.626,0.0116,272.6453,305.7906,0.3667,0.00078,-0.0322,0.3506,-0.1001,ROTATE
214.2856,-86.7402,233.6703,0.3104,328.7005,27.2535,0.0289,282.7652,825.8628,0.3465,0.00061,-0.0192,0.3319,-0.0954,ROTATE
273.8254,-77.9953,251.5113,0.2676,379.8967,51.1962,0.0428,306.075,2094.0183,0.3226,0.000949,-0.0086,0.3082,-0.0934,ROTATE
321.4572,-51.5306,286.2372,0.2381,433.4995,53.6028,0.0295,343.0729,3309.8159,0.3012,0.001824,-0.0021,0.2871,-0.0906,ROTATE
359.5626,-2.5651,313.671,0.2391,477.1597,43.6602,0.0011,384.1407,4203.7393,0.2789,0.001603,0.0006,0.2652,-0.0862,ROTATE
390.047,40.1917,300.8024,0.2519,494.2005,17.0408,0.0128,422.6913,3772.5664,0.2614,0.000713,0.0041,0.246,-0.0869,ROTATE
377.1032,46.9096,275.0951,0.2756,469.1318,25.0687,0.0237,450.7776,1648.2139,0.2545,0.000226,0.0089,0.2332,-0.0982,ROTATE
353.6263,53.3308,226.7511,0.2926,423.4523,45.6795,0.017,459.4888,716.8448,0.2595,0.000457,0.0166,0.2334,-0.1087,ROTATE
352.7042,61.5178,169.3134,0.306,396.0451,27.4072,0.0135,451.9979,1330.6625,0.2731,0.000614,0.0276,0.2402,-0.1243,ROTATE
384.5603,45.5142,101.8632,0.3199,400.4176,4.3725,0.0139,436.6495,1500.5703,0.2892,0.000562,0.0395,0.246,-0.1454,ROTATE
296.6107,37.7301,61.3874,0.3069,305.2374,95.1802,0.013,398.8569,2863.6885,0.3002,0.000226,0.0493,0.2469,-0.1619,ROTATE
207.2167,43.4622,41.9443,0.2888,215.8403,89.3971,0.0181,348.1985,6008.7197,0.3029,0.000124,0.0576,0.2422,-0.1704,ROTATE
84.4359,57.2635,26.643,0.2936,105.4437,110.3966,0.0048,284.5968,12616.9004,0.3031,0.00012,0.0648,0.2346,-0.1791,ROTATE
75.6612,98.5827,15.1831,0.2019,125.1946,19.7509,0.0917,230.4267,12280.1709,0.2822,0.001732,0.0717,0.2137,-0.1677,ROTATE
102.4415,128.4912,6.059,0.2525,164.4413,39.2467,0.0506,183.2315,5144.2148,0.2687,0.001443,0.0754,0.1974,-0.1642,ROTATE
76.0844,159.5742,-3.7278,0.2401,176.8238,12.3825,0.0124,157.5487,1515.7344,0.2554,0.001137,0.0772,0.1841,-0.1575,ROTATE
-41.5325,191.2062,1.174,0.2302,195.6685,18.8447,0.0098,153.5144,1110.4988,0.2437,0.000902,0.075,0.172,-0.1535,ROTATE
-135.626,206.6744,18.2861,0.2244,247.8772,52.2087,0.0058,182.0011,1617.7159,0.2298,0.000286,0.0683,0.156,-0.1512,ROTATE
-210.9008,205.452,37.7351,0.2022,296.8394,48.9622,0.0223,216.33,2431.4106,0.2299,0.000283,0.0566,0.1477,-0.1649,ROTATE
-271.1206,203.0585,52.1006,0.1693,342.7151,45.8757,0.0329,251.9848,3816.2976,0.2132,0.000638,0.0428,0.1311,-0.1606,ROTATE
-319.2965,186.2374,80.9367,0.1064,378.3985,35.6834,0.0629,292.2997,4257.2544,0.1865,0.002062,0.0299,0.1061,-0.1488,ROTATE
-357.8372,155.2243,127.165,0.0623,410.2597,31.8612,0.0441,335.2179,3330.6714,0.1529,0.003638,0.0216,0.068,-0.125,ROTATE
-388.6698,119.5576,173.3039,0.0903,442.0322,31.7725,0.0281,374.0489,2578.9973,0.1261,0.002679,0.0175,0.0243,-0.0849,ROTATE
-413.3358,127.3586,142.8119,0.1591,455.4799,13.4477,0.0688,405.777,1706.2601,0.1175,0.001666,0.021,-0.0169,-0.0275,ROTATE
-433.0687,103.5868,78.3682,0.1958,452.1286,3.3513,0.0366,427.6598,861.7376,0.1228,0.002327,0.0286,-0.0513,0.035,ROTATE
-448.8549,69.1351,21.7165,0.235,454.6669,2.5383,0.0392,442.9135,289.6049,0.1485,0.00413,0.0366,-0.0845,0.0929,ROTATE
-461.4839,41.6237,-2.68,0.2754,463.365,8.6981,0.0404,453.5345,47.1973,0.1911,0.004046,0.0433,-0.1078,0.1463,ROTATE
-471.5872,21.4177,-39.2096,0.305,473.6988,10.3338,0.0296,459.8679,61.9451,0.2341,0.002764,0.0485,-0.1243,0.1915,ROTATE
-479.6697,17.706,-82.5927,0.3195,487.0504,13.3516,0.0145,466.182,166.0047,0.2661,0.002072,0.048,-0.1417,0.2193,ROTATE
-486.1358,24.5805,-128.621,0.3261,503.4636,16.4132,0.0067,476.449,299.0782,0.2922,0.001122,0.046,-0.1652,0.2363,ROTATE
-491.3087,42.9706,-143.6843,0.3316,513.6885,10.2249,0.0055,488.2533,342.2015,0.3115,0.000406,0.0431,-0.1823,0.2485,ROTATE
-495.4469,53.839,-139.1474,0.3402,517.4247,3.7362,0.0086,499.0652,271.613,0.3245,0.000142,0.0393,-0.1961,0.2548,ROTATE
-498.7575,49.24,-119.0492,0.3472,515.1275,2.2972,0.007,507.3509,125.8685,0.3329,9.7e-05,0.0356,-0.2095,0.2557,ROTATE
-501.406,38.8732,-85.3675,0.3501,510.1046,5.0229,0.0029,511.9618,23.7029,0.3391,8.2e-05,0.0331,-0.2223,0.2535,ROTATE
-503.5248,35.0048,-47.8127,0.3493,506.9997,3.105,0.0008,512.669,13.6835,0.3437,4.8e-05,0.0301,-0.2338,0.2497,ROTATE
-505.2199,49.8007,-25.3033,0.3475,508.2986,1.299,0.0018,511.591,16.1336,0.3469,1.2e-05,0.0271,-0.2447,0.2435,ROTATE
-494.329,76.7625,-16.6614,0.3481,500.531,7.7676,0.0006,508.2123,22.3762,0.3484,1e-06,0.0253,-0.2556,0.2342,ROTATE
-461.4726,128.9631,-20.8604,0.3454,479.6078,20.9232,0.0027,501.1083,125.99,0.3481,3e-06,0.0255,-0.2675,0.2192,ROTATE
-410.1593,195.408,-19.9008,0.3363,454.7648,24.843,0.0091,490.0404,416.8486,0.3453,2.2e-05,0.0276,-0.2763,0.2033,ROTATE
-368.9493,166.9451,6.22,0.3175,405.0099,49.7549,0.0188,469.6424,1389.2859,0.339,0.000133,0.026,-0.2778,0.1913,ROTATE
-397.5595,156.9749,3.051,0.2939,427.4388,22.429,0.0236,453.4705,1185.1207,0.3282,0.00041,0.0252,-0.2725,0.1806,ROTATE
-420.4476,169.0611,-37.0373,0.2894,454.6753,27.2364,0.0044,444.2993,658.3618,0.3165,0.000494,0.0255,-0.2655,0.17,ROTATE
-438.7581,192.6302,-87.4611,0.3099,487.098,32.4228,0.0205,445.7974,773.1263,0.3094,0.000286,0.0251,-0.2638,0.1579,ROTATE
-453.4064,187.9979,-96.8095,0.3567,500.2926,13.1945,0.0468,454.9029,1268.078,0.3135,0.000573,0.0203,-0.2757,0.1406,ROTATE
-465.1252,156.6483,-57.9601,0.3985,494.2059,6.0867,0.0418,472.7421,760.9223,0.3297,0.001752,0.017,-0.302,0.1165,ROTATE
-474.5001,91.3655,7.6038,0.4086,483.2762,10.9297,0.0102,483.9096,247.9259,0.3526,0.002215,0.0117,-0.3355,0.0866,ROTATE
-482.0001,29.6831,60.7768,0.4046,486.7227,3.4465,0.0041,490.3191,37.498,0.3757,0.001425,0.0045,-0.3675,0.0541,ROTATE
-488.0001,-13.6129,84.0933,0.3989,495.3797,8.657,0.0057,491.9754,37.8016,0.3935,0.000352,-0.0036,-0.3901,0.0236,ROTATE
-492.8,-3.2841,90.559,0.401,501.0625,5.6827,0.0021,492.1294,40.4578,0.4023,1.5e-05,-0.0111,-0.3999,-0.0061,ROTATE
-496.64,22.1383,101.3191,0.4043,507.3529,6.2905,0.0032,494.7588,79.0329,0.4035,1.1e-05,-0.0176,-0.3998,-0.0347,ROTATE
-499.712,53.7326,114.3459,0.4035,515.436,8.0831,0.0008,501.1908,96.802,0.4024,5e-06,-0.0234,-0.395,-0.0618,ROTATE
-502.1696,80.7798,130.6486,0.4028,525.1369,9.7009,0.0007,508.8736,110.5943,0.4021,4e-06,-0.0298,-0.3881,-0.0907,ROTATE
-504.1357,110.1488,139.3814,0.3977,534.521,9.3841,0.0051,516.7019,144.4533,0.4018,5e-06,-0.0369,-0.3784,-0.1209,ROTATE
-505.7086,126.2097,127.7332,0.3898,536.6431,2.1221,0.0078,523.818,124.4263,0.3996,2.9e-05,-0.0427,-0.3642,-0.1503,ROTATE
-506.9669,120.8803,91.2366,0.3969,529.1045,7.5386,0.0071,528.1683,56.871,0.3981,2.4e-05,-0.046,-0.3481,-0.1809,ROTATE
-507.9735,102.8667,51.908,0.4191,520.8772,8.2273,0.0222,529.2565,33.8966,0.4012,9.6e-05,-0.0476,-0.3343,-0.2118,ROTATE
-508.7788,58.359,27.8389,0.4391,512.871,8.0062,0.02,526.8033,78.1816,0.4085,0.000329,-0.0473,-0.3244,-0.2406,ROTATE
-509.423,14.3122,20.1305,0.4414,510.0215,2.8495,0.0023,521.9034,98.5863,0.4173,0.000445,-0.0459,-0.3183,-0.2644,ROTATE
-509.9384,-16.9909,24.0232,0.436,510.7866,0.7651,0.0054,516.7321,53.1095,0.4265,0.00028,-0.0443,-0.3155,-0.283,ROTATE
-510.3507,-39.7396,30.5967,0.4257,512.8092,2.0226,0.0103,513.4731,14.951,0.4323,7.2e-05,-0.0428,-0.3115,-0.2963,ROTATE
-510.6806,-59.2135,30.7179,0.4148,515.0189,2.2097,0.0109,512.3015,3.092,0.4314,9.8e-05,-0.041,-0.3032,-0.3037,ROTATE
-506.4851,-77.5427,29.7494,0.4037,513.2495,1.7694,0.0111,512.3771,3.2011,0.4243,0.00019,-0.0389,-0.2907,-0.3061,ROTATE
-505.6006,-89.3373,28.437,0.3921,514.2195,0.97,0.0116,513.2167,2.0652,0.4145,0.000242,-0.0366,-0.2754,-0.307,ROTATE
-506.8805,-92.7698,32.1871,0.3799,516.3043,2.0847,0.0122,514.3203,1.5729,0.4032,0.000262,-0.0344,-0.2588,-0.3068,ROTATE
-507.9044,-67.3753,10.8153,0.3321,512.4678,3.8365,0.0477,514.252,1.7979,0.3845,0.000821,-0.0315,-0.2332,-0.303,ROTATE
-472.4297,-38.9315,-33.2009,0.2965,475.1924,37.2754,0.0357,506.2867,243.3645,0.3608,0.001628,-0.0305,-0.2042,-0.2942,ROTATE
-410.7063,-13.0733,-77.4545,0.3134,418.1504,57.042,0.0169,487.2669,1425.5156,0.3428,0.001386,-0.0308,-0.1776,-0.2895,ROTATE
-430.9651,-16.5055,-104.2729,0.3435,443.7073,25.5569,0.0301,473.1644,1460.8351,0.3331,0.000806,-0.029,-0.1577,-0.2904,ROTATE
-447.1721,-34.07,-101.6215,0.3487,459.8375,16.1302,0.0052,461.8711,996.6077,0.3268,0.000378,-0.0263,-0.1437,-0.292,ROTATE
-460.1376,-41.531,-90.3034,0.3432,470.7506,10.9131,0.0055,453.5276,430.7591,0.3291,0.000421,-0.0239,-0.1427,-0.2952,ROTATE
-470.5101,-40.6654,-79.4834,0.3392,478.9061,8.1555,0.004,454.2704,465.1482,0.3376,0.000156,-0.0186,-0.1472,-0.3029,ROTATE
-478.8081,-38.2386,-75.2523,0.3372,486.1916,7.2855,0.002,467.8786,222.8264,0.3424,1.6e-05,-0.0119,-0.1496,-0.3075,ROTATE
-485.4465,-41.3846,-55.6394,0.3378,490.3741,4.1825,0.0006,477.212,120.0731,0.3412,1.8e-05,-0.0075,-0.1464,-0.3078,ROTATE
-490.7572,-51.1327,-34.0177,0.3325,494.5851,4.211,0.0054,484.1615,71.7676,0.338,1.2e-05,-0.0041,-0.135,-0.309,ROTATE
-495.0057,-60.4468,-19.1236,0.3282,499.0493,4.4642,0.0043,489.8212,48.0942,0.335,1.7e-05,-0.0024,-0.1155,-0.3128,ROTATE
-498.4046,-77.0918,-4.1801,0.3256,504.3488,5.2996,0.0025,494.9098,40.5833,0.3323,2.3e-05,-0.0038,-0.0899,-0.3171,ROTATE
-501.1237,-135.4797,23.2059,0.3232,519.6328,15.2839,0.0024,501.598,102.8948,0.3295,2.7e-05,-0.0063,-0.0588,-0.3199,ROTATE
-503.299,-178.9525,69.3835,0.3243,538.6538,19.0211,0.0011,511.254,259.0886,0.3268,1.1e-05,-0.0117,-0.0214,-0.3207,ROTATE
-505.0392,-229.6151,91.2474,0.3167,562.2399,23.5861,0.0076,524.785,540.3449,0.3236,1.5e-05,-0.0171,0.0174,-0.3175,ROTATE
-506.4313,-212.6046,110.9823,0.3275,560.3486,1.8914,0.0108,537.0448,510.5308,0.3235,1.4e-05,-0.0241,0.0574,-0.3121,ROTATE
-507.5451,-198.1462,139.4421,0.3377,562.4127,2.0641,0.0102,548.6576,290.5756,0.3259,4.7e-05,-0.0311,0.0995,-0.3027,ROTATE
-508.4361,-208.417,151.6224,0.358,570.03,7.6174,0.0203,558.737,111.849,0.3329,0.000204,-0.0374,0.1437,-0.2905,ROTATE
-509.1489,-233.1273,156.8979,0.3825,581.5479,11.5178,0.0244,567.3158,61.6532,0.3445,0.000546,-0.041,0.1899,-0.2757,ROTATE
-509.7191,-252.3456,158.1215,0.4033,590.334,8.7862,0.0208,572.9346,130.8969,0.3618,0.000784,-0.0442,0.2383,-0.2593,ROTATE
-510.1753,-255.5452,157.2253,0.417,591.8632,1.5291,0.0137,579.2375,131.1462,0.3797,0.000838,-0.0445,0.2842,-0.2391,ROTATE
-510.5402,-237.8987,150.8771,0.4238,583.1046,8.7585,0.0069,583.3759,60.3954,0.3969,0.000578,-0.0428,0.3245,-0.2167,ROTATE
-510.8322,-213.3565,146.4173,0.4272,572.633,10.4716,0.0034,583.8965,47.5839,0.4108,0.000268,-0.0411,0.3575,-0.1906,ROTATE
-511.0657,-179.9414,148.0432,0.4356,561.6796,10.9534,0.0084,579.9229,129.4094,0.4214,0.000118,-0.0376,0.3841,-0.1603,ROTATE
-511.2526,-159.4656,164.7877,0.4406,560.3245,1.3551,0.005,573.921,148.5275,0.4289,7.1e-05,-0.0323,0.4045,-0.1267,ROTATE
-511.4021,-76.2725,195.5364,0.416,552.7966,7.5279,0.0246,566.1077,112.343,0.4287,7.5e-05,-0.0178,0.4139,-0.0933,ROTATE
-511.5217,41.3789,198.1448,0.4359,550.1163,2.6802,0.0199,559.51,62.1789,0.4311,7.5e-05,-0.004,0.4226,-0.0708,ROTATE
-511.6173,135.5,181.4627,0.448,559.5009,9.3846,0.0121,556.8836,20.8382,0.4352,0.000112,0.0034,0.4311,-0.0479,ROTATE
-511.6939,163.4375,141.5327,0.4707,555.4943,4.0066,0.0227,555.6466,15.0936,0.4423,0.000315,0.0038,0.4395,-0.0183,ROTATE
-511.7551,137.0937,52.8824,0.5031,532.4326,23.0617,0.0324,550.0682,87.3758,0.4547,0.000899,0.0013,0.4489,0.0182,ROTATE
-511.8041,85.2187,-45.2878,0.5122,520.8231,11.6096,0.0091,543.6735,216.0498,0.474,0.000889,-0.01,0.4622,0.0589,ROTATE
-511.8433,63.2031,-129.4084,0.5116,531.7186,10.8956,0.0006,539.994,222.7922,0.4891,0.000653,-0.0217,0.4648,0.1196,ROTATE
-511.8746,57.6937,-177.5923,0.4775,544.8699,13.1513,0.0341,537.0677,142.88,0.495,0.000307,-0.0304,0.4541,0.1763,ROTATE
-511.8997,9.2644,-181.5301,0.4194,543.213,1.657,0.0581,534.6114,76.4916,0.4848,0.001227,-0.0361,0.4291,0.2126,ROTATE
-511.9197,-94.9885,-163.8116,0.3865,545.8195,2.6065,0.0329,537.2888,93.4977,0.4615,0.002547,-0.0411,0.39,0.2363,ROTATE
-511.9358,-178.3908,-126.1305,0.3983,556.6062,10.7867,0.0118,544.4454,62.6886,0.4387,0.002311,-0.0471,0.3413,0.2641,ROTATE
-511.9486,-230.2626,-72.4169,0.4069,566.0004,9.3942,0.0086,551.3018,76.2082,0.4177,0.001009,-0.0519,0.2902,0.2852,ROTATE
-511.9589,-240.2976,-0.1054,0.4265,565.5483,0.4521,0.0196,555.4375,91.4231,0.4075,0.000206,-0.0531,0.2416,0.3111,ROTATE
-511.9671,-124.2162,60.5594,0.4971,530.29,35.2583,0.0706,552.8529,181.3344,0.4231,0.00154,-0.0515,0.2005,0.3588,ROTATE
-511.9737,-54.1574,105.1038,0.4647,525.4492,4.8408,0.0323,548.7789,305.0348,0.4387,0.001376,-0.0483,0.1689,0.3975,ROTATE
-511.9789,-27.9446,133.2862,0.4326,529.7816,4.3324,0.0322,543.4139,336.1776,0.4456,0.00101,-0.0458,0.1447,0.4174,ROTATE
-511.9832,-39.8995,144.3321,0.4127,533.4327,3.6511,0.0198,536.9004,211.646,0.4467,0.000925,-0.0438,0.1265,0.4258,ROTATE
-511.9865,-44.5946,144.4375,0.4147,533.8362,0.4034,0.002,530.558,9.157,0.4444,0.001043,-0.0417,0.1134,0.4274,ROTATE
-511.9892,-45.1757,142.8031,0.3417,533.4478,0.3884,0.073,531.1895,10.4139,0.4133,0.00163,-0.0388,0.0996,0.399,ROTATE
-511.9914,-136.9343,165.6613,0.3154,555.2745,21.8268,0.0263,537.1545,84.2596,0.3834,0.002124,-0.037,0.0781,0.3727,ROTATE
-511.9931,-156.5724,191.3384,0.3584,568.5616,13.287,0.043,544.9106,210.5122,0.3686,0.001547,-0.0307,0.0533,0.3615,ROTATE
-511.9945,-126.7798,202.9676,0.3669,565.1613,3.4003,0.0085,551.2563,225.9147,0.3594,0.001073,-0.0229,0.0248,0.3546,ROTATE
-511.9956,-86.5926,203.9272,0.3671,557.8746,7.2867,0.0001,556.064,150.8694,0.3499,0.000383,-0.015,-0.0094,0.3452,ROTATE
-511.9965,-39.8616,197.9574,0.3807,550.3785,7.4961,0.0136,559.4501,43.5698,0.3577,0.000498,-0.0078,-0.0495,0.3498,ROTATE
-511.9972,15.4482,193.7784,0.3821,547.6585,2.72,0.0014,557.9269,65.5709,0.371,8.2e-05,-0.0,-0.0875,0.3559,ROTATE
-511.9977,64.2836,177.8571,0.3647,545.8088,1.8497,0.0174,553.3763,51.6137,0.3723,5.6e-05,0.0049,-0.1252,0.3457,ROTATE
-511.9982,101.4269,168.0045,0.3462,548.3202,2.5114,0.0184,550.0081,17.6045,0.3681,0.000169,0.0079,-0.1614,0.3255,ROTATE
-511.9986,62.2134,152.7817,0.3564,537.9175,10.4026,0.0101,546.0167,18.5333,0.366,0.000192,0.0116,-0.1962,0.3027,ROTATE
-511.9988,-6.5793,113.491,0.3685,524.4676,13.45,0.0121,540.8345,80.7461,0.3636,0.000144,0.0135,-0.2299,0.2735,ROTATE
-511.9991,-30.5416,69.7615,0.3736,517.6317,6.8359,0.0051,534.8291,143.0429,0.3619,9.3e-05,0.0127,-0.2626,0.2397,ROTATE
-511.9993,-3.577,29.1624,0.3745,512.8416,4.7901,0.001,528.2357,172.1498,0.3638,0.000119,0.0112,-0.293,0.2058,ROTATE
-511.9994,23.9509,-8.8576,0.3705,512.6359,0.2057,0.0041,521.0988,89.2087,0.3687,4.3e-05,0.0109,-0.3201,0.1705,ROTATE
-511.9995,51.0045,-43.8298,0.3762,516.3972,3.7614,0.0057,516.7948,18.531,0.3726,8e-06,0.0117,-0.343,0.1264,ROTATE
-511.9996,101.788,-59.542,0.3912,525.4043,9.0071,0.0151,516.9821,21.5463,0.3772,5.3e-05,0.0155,-0.3601,0.0753,ROTATE
-511.9997,159.1147,-31.5805,0.406,537.0833,11.679,0.0148,520.8724,87.1388,0.3837,0.000174,0.0232,-0.3716,0.0179,ROTATE
-511.9998,46.1699,-18.4863,0.4027,514.4095,22.6738,0.0033,521.186,82.4952,0.3893,0.000198,0.0314,-0.3776,-0.0356,ROTATE
-511.9998,-46.7578,-29.4203,0.409,514.9715,0.562,0.0064,521.6532,75.38,0.397,0.000145,0.0377,-0.3812,-0.083,ROTATE
-511.9998,-116.8031,-55.2925,0.4122,528.0569,13.0854,0.0032,523.9851,72.6186,0.4042,5.2e-05,0.04,-0.3814,-0.1208,ROTATE
-511.9999,-174.705,-97.9402,0.3906,549.78,21.7231,0.0216,528.8602,181.5238,0.4041,5.5e-05,0.0427,-0.3734,-0.1463,ROTATE
-511.9999,-203.6046,-146.4865,0.3707,570.1378,20.3578,0.0199,535.4711,465.0628,0.3971,0.000228,0.0417,-0.3597,-0.1608,ROTATE
-511.9999,-159.8337,-160.858,0.3789,559.9697,10.1681,0.0081,544.5831,413.3514,0.3923,0.000265,0.0373,-0.3473,-0.1762,ROTATE
-511.9999,-127.5263,-135.9801,0.4016,544.883,15.0867,0.0227,550.5655,202.2114,0.3908,0.000224,0.0326,-0.3362,-0.1939,ROTATE
-508.8437,-121.2367,-80.8747,0.4148,529.3024,15.5806,0.0132,550.8146,191.246,0.3913,0.000247,0.0284,-0.3249,-0.2134,ROTATE
-509.4749,-111.7519,-23.0904,0.4102,522.098,7.2043,0.0046,545.2782,325.3082,0.3952,0.000303,0.021,-0.3153,-0.2351,ROTATE
-509.9799,-95.7984,19.7464,0.394,519.2753,2.8228,0.0163,535.1057,233.4586,0.3999,0.000162,0.0158,-0.3041,-0.2567,ROTATE
-510.384,-85.5012,45.6596,0.3754,519.5065,0.2313,0.0186,527.0131,92.9909,0.3992,0.000193,0.0147,-0.2864,-0.2748,ROTATE
-510.7072,-37.976,41.5027,0.35,513.7961,5.7104,0.0254,520.7957,25.4054,0.3889,0.00057,0.0153,-0.2601,-0.2856,ROTATE
-510.9658,72.0161,13.4928,0.2865,516.1922,2.3961,0.0634,518.1736,8.2959,0.3632,0.001872,0.0165,-0.2266,-0.2812,ROTATE
-511.1726,160.0098,-16.9839,0.2502,535.9002,19.708,0.0364,520.9341,60.442,0.3312,0.002961,0.0202,-0.19,-0.269,ROTATE
-401.4693,230.4047,-46.5902,0.2747,465.2253,70.6749,0.0245,510.1241,563.7284,0.3073,0.002242,0.0232,-0.159,-0.2606,ROTATE
-218.7786,261.4738,-38.1972,0.3181,343.0621,122.1632,0.0435,474.8352,4882.7563,0.2959,0.001209,0.0251,-0.1386,-0.2592,ROTATE
-72.626,248.0321,4.7047,0.332,258.4891,84.5731,0.0139,423.7738,11333.0264,0.2923,0.000873,0.0266,-0.1289,-0.2605,ROTATE
28.1742,219.8788,31.87,0.333,223.9558,34.5333,0.001,365.3265,14194.1582,0.3016,0.001112,0.0304,-0.1196,-0.2747,ROTATE
23.7237,179.0218,11.6054,0.3153,180.9594,42.9964,0.0177,294.3383,10134.0068,0.3146,0.00045,0.0347,-0.1103,-0.2914,ROTATE
13.6509,139.2956,-33.4469,0.285,143.9038,37.0556,0.0303,230.0741,4689.7432,0.3167,0.000302,0.0398,-0.0983,-0.2964,ROTATE
37.8832,122.1802,-88.7325,0.2595,155.6811,11.7773,0.0255,192.5978,1838.8766,0.305,0.000819,0.0448,-0.0821,-0.2883,ROTATE
88.8191,113.7254,-126.6048,0.2422,191.9663,36.2852,0.0173,179.2933,793.614,0.287,0.001138,0.0489,-0.0672,-0.274,ROTATE
138.1021,122.8147,-139.7276,0.2327,231.6883,39.722,0.0095,180.8398,941.3216,0.2669,0.000902,0.0517,-0.0643,-0.2528,ROTATE
175.2567,129.6018,-129.9321,0.2348,253.7595,22.0712,0.0022,195.3998,1792.7813,0.2508,0.000381,0.0534,-0.0713,-0.2325,ROTATE
140.271,120.9752,-110.0957,0.2357,215.4809,38.2786,0.0009,209.7152,1138.1326,0.241,9.6e-05,0.0549,-0.0829,-0.2177,ROTATE
81.3762,95.2708,-89.4359,0.2238,153.9395,61.5413,0.012,209.3669,1176.2595,0.2338,3.5e-05,0.0567,-0.0941,-0.2056,ROTATE
52.1353,83.9947,-66.83,0.1985,119.3292,34.6104,0.0253,194.8394,2526.0151,0.2251,0.000195,0.0584,-0.0998,-0.1929,ROTATE
20.4708,83.1333,-39.914,0.1896,94.4633,24.8658,0.0089,167.3945,3516.2944,0.2165,0.000362,0.0588,-0.1013,-0.1819,ROTATE
-49.2265,86.5223,-9.8406,0.1831,100.0309,5.5676,0.0064,136.6488,1986.7826,0.2061,0.00041,0.0595,-0.1009,-0.1692,ROTATE
-75.55,84.2303,16.4557,0.1711,114.3387,14.3077,0.0121,116.4203,434.2415,0.1932,0.000314,0.0592,-0.0987,-0.1547,ROTATE
-98.2212,73.5811,27.4052,0.1619,125.7483,11.4096,0.0091,110.7821,138.3157,0.1808,0.000169,0.0586,-0.091,-0.1442,ROTATE
-151.5489,47.5524,9.6523,0.1821,159.1272,33.3789,0.0202,118.7417,527.7994,0.1776,9.7e-05,0.0601,-0.0802,-0.1444,ROTATE
-223.6391,-2.7393,-1.4251,0.1971,223.6604,64.5332,0.0149,144.5811,1943.8246,0.1791,0.000142,0.0618,-0.0703,-0.15,ROTATE
-281.3113,-52.3946,2.4506,0.1824,286.1595,62.499,0.0147,181.8068,4170.0146,0.1789,0.00014,0.0607,-0.0602,-0.1554,ROTATE
-261.6709,-77.3094,6.9886,0.1608,272.9418,13.2176,0.0216,213.5274,3914.5449,0.1769,0.00019,0.0598,-0.0504,-0.1583,ROTATE
-195.8305,-86.9288,5.3377,0.1402,214.3238,58.6181,0.0206,231.2425,2059.812,0.1725,0.000395,0.0542,-0.0463,-0.1568,ROTATE
-89.1019,-85.2337,15.7264,0.1355,124.303,90.0207,0.0046,224.2777,3258.3894,0.1632,0.000563,0.0477,-0.0454,-0.1491,ROTATE
-94.8565,-95.4463,36.2124,0.1465,139.3524,15.0494,0.011,207.4161,4416.4604,0.1531,0.000287,0.0403,-0.0429,-0.141,ROTATE
-137.3821,-107.3446,49.1668,0.1318,181.1465,41.7941,0.0147,186.4135,2873.2668,0.143,0.000103,0.0341,-0.0361,-0.1335,ROTATE
-182.8744,-103.0881,39.9834,0.1116,213.7028,32.5563,0.0203,174.5657,1384.4072,0.1331,0.00014,0.0279,-0.0243,-0.1263,ROTATE
-189.2495,-79.683,39.7149,0.0755,209.146,4.5568,0.036,173.5302,1306.3534,0.1202,0.000627,0.0222,-0.0188,-0.1151,ROTATE
-240.7871,-53.7964,54.3032,0.0958,252.6288,43.4828,0.0203,199.1953,1414.3114,0.1123,0.000636,0.0185,-0.0174,-0.1078,ROTATE
-295.0297,-21.0715,61.5831,0.0793,302.1242,49.4953,0.0165,231.7497,1757.1611,0.0988,0.000437,0.0151,-0.0139,-0.0952,ROTATE
-337.1456,8.7084,62.9384,0.0817,343.0805,40.9564,0.0024,264.1365,2675.033,0.0888,0.000177,0.0112,-0.011,-0.0859,ROTATE
-372.1165,28.6886,57.0257,0.0917,377.5522,34.4717,0.01,296.9063,3665.0835,0.0848,5.9e-05,0.0075,-0.0112,-0.0824,ROTATE
-400.0932,40.8821,43.3768,0.1098,404.5089,26.9567,0.0181,335.9789,2913.7026,0.0917,0.00012,0.0083,-0.003,-0.0888,ROTATE
-422.4745,43.0807,27.4171,0.1318,425.5495,21.0406,0.0219,370.563,1932.7701,0.0989,0.000386,0.0068,0.0097,-0.0965,ROTATE
-440.3796,36.0614,11.1524,0.1452,441.9944,16.4449,0.0135,398.5371,1233.933,0.112,0.000566,0.0059,0.0202,-0.1094,ROTATE
-454.7037,18.6804,-1.7687,0.154,455.0907,13.0963,0.0088,420.9391,756.6571,0.1265,0.000525,0.0046,0.0285,-0.123,ROTATE
-466.163,-0.7494,-17.2712,0.1591,466.4834,11.3927,0.0051,438.7254,478.6774,0.14,0.000313,0.0034,0.0375,-0.1346,ROTATE
-475.3304,3.9255,-53.6795,0.1632,478.3679,11.8845,0.0042,453.4972,340.6241,0.1507,0.000125,0.0012,0.0455,-0.1431,ROTATE
-482.6643,3.7935,-64.2967,0.1641,486.9428,8.5749,0.0008,465.7758,257.3661,0.1571,4.8e-05,0.0,0.0592,-0.1435,ROTATE
-488.5314,18.7067,-59.6311,0.1862,492.5127,5.5699,0.0222,475.8795,185.1427,0.1653,0.000122,-0.001,0.0798,-0.1405,ROTATE
-493.2252,7.9528,-48.7955,0.2198,495.6968,3.1841,0.0335,484.0007,111.2987,0.1785,0.000516,-0.0011,0.1072,-0.1373,ROTATE
-496.9801,-6.3846,-42.7708,0.2534,498.8581,3.1613,0.0336,490.4757,52.1507,0.1973,0.001207,0.0004,0.1379,-0.1357,ROTATE
-499.9841,-29.2764,-37.1073,0.2796,502.2133,3.3552,0.0262,495.2447,27.6414,0.2206,0.001787,0.0022,0.1725,-0.1347,ROTATE
-502.3873,-55.2399,-36.8171,0.2965,506.7543,4.541,0.0169,499.207,24.6511,0.2471,0.001597,0.0025,0.2047,-0.1367,ROTATE
-504.3098,-60.2607,-31.1255,0.3125,508.8502,2.0959,0.016,502.4745,23.61,0.2723,0.001075,0.0022,0.233,-0.1398,ROTATE
-505.8478,-88.6335,-31.4973,0.3186,514.5192,5.669,0.0061,506.239,29.2662,0.2921,0.000559,0.0021,0.2566,-0.1384,ROTATE
-507.0783,-94.3412,-30.626,0.3317,516.6881,2.1689,0.0131,509.805,27.4908,0.3078,0.000327,0.0018,0.2769,-0.1328,ROTATE
-508.0626,-75.1261,-11.682,0.3413,513.7198,2.9683,0.0096,512.1063,13.733,0.3201,0.000241,-0.0006,0.2941,-0.124,ROTATE
-508.8501,-69.0509,7.3919,0.3505,513.567,0.1528,0.0092,513.4689,6.5743,0.3309,0.000197,-0.0034,0.3098,-0.1134,ROTATE
-509.4801,-46.3876,12.2135,0.3481,511.7332,1.8338,0.0024,514.0455,2.5779,0.338,0.000137,-0.0062,0.3223,-0.0987,ROTATE
-509.9841,-9.3694,7.4083,0.3519,510.1239,1.6093,0.0038,513.1664,4.8359,0.3447,5.5e-05,-0.0092,0.3334,-0.083,ROTATE
-510.3873,32.3732,-0.6171,0.3607,511.4133,1.2894,0.0088,512.1115,1.8572,0.3505,3.9e-05,-0.0125,0.3428,-0.0666,ROTATE
-510.7098,66.7486,-3.2343,0.3745,515.0634,3.6501,0.0138,512.3801,3.0105,0.3571,9.3e-05,-0.0123,0.3523,-0.0516,ROTATE
-477.0491,101.8707,-6.2031,0.3812,487.8442,27.2192,0.0067,507.2356,96.665,0.3633,0.000163,-0.0107,0.3606,-0.0369,ROTATE
-423.9955,107.4997,-46.4406,0.3973,439.8694,47.9748,0.0162,492.8629,793.6834,0.3731,0.000252,-0.0027,0.3716,-0.0281,ROTATE
-427.6496,88.3373,-66.0743,0.3464,441.6486,1.7791,0.051,479.1678,1071.1204,0.372,0.000303,0.0023,0.3706,-0.0271,ROTATE
-444.5197,67.5042,-34.3032,0.3309,450.9227,9.2741,0.0155,467.0697,876.3583,0.3661,0.000581,0.0066,0.3641,-0.0315,ROTATE
-458.0157,23.4659,-0.5645,0.3459,458.6168,7.6941,0.015,455.7803,302.5196,0.3603,0.000615,0.0109,0.3582,-0.0332,ROTATE
-468.8126,-25.3961,9.7922,0.3651,469.602,10.9852,0.0192,452.1319,121.7979,0.3571,0.000522,0.013,0.3549,-0.0265,ROTATE
-477.45,-65.7606,-3.5538,0.4032,481.9706,12.3685,0.0381,460.5521,198.8933,0.3583,0.000622,0.0087,0.3549,-0.0065,ROTATE
-484.36,-90.146,-29.7836,0.4191,493.5768,11.6062,0.0159,470.9377,237.6882,0.3728,0.001122,0.0057,0.3664,0.0264,ROTATE
-489.888,-92.373,-57.8207,0.4236,501.8628,8.2861,0.0046,481.1258,245.0434,0.3914,0.000942,0.0005,0.3793,0.0693,ROTATE
-494.3104,-90.3328,-75.2659,0.4254,508.1021,6.2393,0.0017,491.0229,191.3049,0.4073,0.000506,-0.0079,0.3849,0.1168,ROTATE
-497.8483,-93.7631,-80.7971,0.4257,513.0035,4.9014,0.0004,499.7032,120.817,0.4194,7.1e-05,-0.0169,0.3823,0.1603,ROTATE
-500.6786,-99.6511,-73.7658,0.4248,515.8011,2.7976,0.0009,506.4693,63.9766,0.4237,6e-06,-0.0262,0.3697,0.1972,ROTATE
-502.9429,-102.7334,-59.5345,0.4269,516.7689,0.9678,0.0021,511.1077,30.4347,0.4253,1e-06,-0.0342,0.3538,0.2282,ROTATE
-504.7543,-100.793,-51.0557,0.4379,517.2454,0.4765,0.011,514.1843,11.4104,0.4282,2.4e-05,-0.0411,0.3387,0.2557,ROTATE
-506.2035,-94.1656,-54.979,0.4465,517.8145,0.569,0.0086,516.1268,2.8745,0.4324,7.2e-05,-0.0458,0.3262,0.2784,ROTATE
-507.3628,-68.0075,-73.1144,0.4734,517.0955,0.719,0.0269,516.9451,0.4416,0.4419,0.000309,-0.0485,0.3167,0.3027,ROTATE
-508.2902,-1.4623,-100.954,0.4823,518.2208,1.1254,0.0089,517.429,0.2712,0.4534,0.000445,-0.0508,0.308,0.3271,ROTATE
-509.0322,54.5427,-120.0257,0.4611,525.8278,7.6069,0.0213,519.2408,11.0094,0.4603,0.00027,-0.0534,0.297,0.346,ROTATE
-509.6257,90.7748,-123.3737,0.435,532.1461,6.3184,0.0261,522.2209,34.6414,0.4597,0.000298,-0.056,0.2804,0.3585,ROTATE
-510.1006,100.748,-108.9458,0.3999,531.2457,0.9005,0.0351,524.9071,39.8313,0.4503,0.00089,-0.0594,0.2582,0.3631,ROTATE
-510.4805,68.1953,-78.0379,0.3455,520.8942,10.3514,0.0545,525.6669,30.2702,0.4247,0.002329,-0.0636,0.2321,0.3492,ROTATE
-510.7844,-47.3969,-34.5303,0.3249,514.1395,6.7547,0.0205,524.8507,45.0913,0.3933,0.002667,-0.0656,0.2049,0.3286,ROTATE
-511.0275,-95.7582,1.082,0.3548,519.923,5.7834,0.0299,523.6697,48.3621,0.372,0.001592,-0.0645,0.1864,0.3151,ROTATE
-511.222,-114.8878,11.9406,0.3814,524.1085,4.1855,0.0266,522.0622,31.4465,0.3613,0.000702,-0.0591,0.1775,0.3087,ROTATE
-511.3776,-123.7259,7.7243,0.3922,526.1889,2.0804,0.0108,521.0509,16.9623,0.3598,0.000592,-0.0519,0.1748,0.3095,ROTATE
-511.5021,-114.9369,3.9045,0.388,524.2711,1.9178,0.0041,521.7262,18.5753,0.3683,0.000639,-0.0424,0.1723,0.322,ROTATE
-511.6017,-102.2495,0.5111,0.3765,521.7197,2.5513,0.0115,523.2422,4.7654,0.3786,0.00017,-0.034,0.1681,0.3365,ROTATE
-511.6813,-98.4621,8.2245,0.3557,521.1336,0.5861,0.0208,523.4843,3.3926,0.3788,0.000162,-0.0276,0.1519,0.3441,ROTATE
-511.7451,-105.1041,35.6608,0.3392,523.6426,2.509,0.0165,523.3912,3.311,0.3703,0.000402,-0.0238,0.1257,0.345,ROTATE
-511.7961,-105.6802,77.6974,0.3278,528.3373,4.6948,0.0114,523.8209,6.4538,0.3575,0.000503,-0.0204,0.0949,0.3413,ROTATE
-511.8369,-95.4035,104.6204,0.3443,531.0595,2.7222,0.0165,525.1786,15.0496,0.3487,0.000274,-0.0178,0.0653,0.3396,ROTATE
-511.8695,-76.329,125.0213,0.3497,532.416,1.3565,0.0053,527.3178,18.5566,0.3434,9.1e-05,-0.0153,0.0377,0.3392,ROTATE
-511.8956,-81.2695,152.5983,0.3558,540.3036,7.8876,0.0061,531.1519,29.9345,0.3434,9.1e-05,-0.0136,0.0158,0.3417,ROTATE
-511.9164,-81.6625,158.7818,0.3624,542.1613,1.8577,0.0066,534.8556,29.1809,0.348,0.000138,-0.0108,-0.0046,0.3469,ROTATE
-511.9332,-80.7862,155.3098,0.3591,541.0389,1.1224,0.0033,537.3959,21.8769,0.3543,4.2e-05,-0.0068,-0.026,0.3518,ROTATE
-511.9465,-71.9602,148.6854,0.3544,537.9357,3.1031,0.0047,538.7711,12.014,0.3563,1.9e-05,-0.0029,-0.0499,0.3506,ROTATE
-511.9572,-51.2401,138.0202,0.3616,532.7056,5.2301,0.0072,538.829,11.2912,0.3586,1e-05,0.0024,-0.0751,0.348,ROTATE
-511.9658,-40.5889,115.4818,0.3598,526.3957,6.3099,0.0017,536.0475,34.0367,0.3595,8e-06,0.0101,-0.1038,0.3412,ROTATE
-511.9726,-53.518,64.8635,0.3818,518.8328,7.5629,0.0219,531.3817,64.0611,0.3633,9.1e-05,0.0174,-0.1348,0.3341,ROTATE
-511.9781,-55.0425,13.2221,0.3807,515.0981,3.7347,0.0011,526.1936,71.5235,0.3676,0.000129,0.0239,-0.1678,0.3222,ROTATE
-511.9825,-54.7028,-34.788,0.3767,516.0704,0.9723,0.004,521.8205,45.32,0.3721,9e-05,0.0346,-0.1996,0.3067,ROTATE
-511.986,-27.4404,-81.0616,0.3866,519.0892,3.0189,0.0099,519.0973,15.6985,0.3771,8.5e-05,0.0425,-0.2333,0.287,ROTATE
-511.9888,-18.7898,-84.243,0.3836,519.2133,0.1241,0.003,517.6608,2.9842,0.3819,1.1e-05,0.0459,-0.2645,0.2653,ROTATE
-511.991,-32.1381,-50.0351,0.3951,515.433,3.7803,0.0116,516.9808,3.2398,0.3845,3.9e-05,0.0476,-0.292,0.2409,ROTATE
-511.9928,-45.5323,-13.6468,0.4013,514.1946,1.2384,0.0062,516.8001,4.0508,0.3886,7.5e-05,0.0478,-0.3147,0.2192,ROTATE
-511.9943,-78.9446,36.1951,0.404,519.3077,5.1131,0.0026,517.4476,4.7827,0.3941,6.4e-05,0.0432,-0.3351,0.1997,ROTATE
-511.9954,-110.4276,79.6185,0.4032,529.7855,10.4778,0.0007,519.5868,30.1123,0.3974,5.8e-05,0.039,-0.3502,0.181,ROTATE
-511.9963,-108.9108,128.723,0.4109,539.0468,9.2612,0.0077,523.5535,90.0876,0.4029,2.6e-05,0.0367,-0.365,0.1634,ROTATE
-511.9971,-83.7568,186.2128,0.4256,551.209,12.1622,0.0147,530.7087,178.6673,0.409,8e-05,0.0322,-0.3795,0.1459,ROTATE
-511.9977,-39.2898,251.3671,0.4394,571.7261,20.5171,0.0138,542.215,328.2141,0.4166,0.000195,0.0274,-0.3944,0.1277,ROTATE
-511.9981,25.8432,303.4905,0.4384,595.7487,24.0226,0.0011,557.5032,562.7064,0.4235,0.000209,0.0236,-0.4064,0.1138,ROTATE
-511.9985,92.1245,331.5706,0.4266,616.9023,21.1536,0.0117,574.9266,811.1296,0.4282,0.000107,0.0196,-0.4157,0.0979,ROTATE
-511.9988,124.4621,351.5689,0.4259,633.4305,16.5283,0.0007,593.8033,881.869,0.4312,4e-05,0.0161,-0.4228,0.0761,ROTATE
-511.999,129.4041,372.9895,0.4273,646.5366,13.1061,0.0014,612.8688,711.6799,0.4315,3.6e-05,0.0133,-0.4259,0.0445,ROTATE
-511.9992,62.2983,389.6416,0.4336,646.4092,0.1274,0.0062,627.8055,375.0229,0.4304,2.3e-05,0.0087,-0.4239,0.0043,ROTATE
-511.9994,-22.9645,369.7946,0.3994,631.9958,14.4133,0.0342,635.0549,120.4527,0.4226,0.000142,0.0015,-0.4127,-0.0431,ROTATE
-511.9995,-67.1904,322.8669,0.3711,609.0164,22.9794,0.0283,633.4777,187.6622,0.4115,0.000545,-0.0076,-0.3954,-0.0876,ROTATE
-511.9996,-76.1492,271.4842,0.3519,584.5048,24.5116,0.0192,623.6926,571.5817,0.3966,0.000995,-0.0189,-0.3728,-0.1219,ROTATE
-511.9997,-35.0693,219.9686,0.3276,558.3544,26.1504,0.0242,606.0561,1009.9824,0.3767,0.001361,-0.0299,-0.3452,-0.1432,ROTATE
-511.9997,21.3633,160.8592,0.311,537.0994,21.255,0.0166,584.1942,1157.3696,0.3522,0.000977,-0.0385,-0.3135,-0.1535,ROTATE
-497.3467,112.6906,116.4155,0.3286,523.0731,14.0263,0.0176,562.4096,972.9604,0.338,0.000442,-0.046,-0.2994,-0.1485,ROTATE
-410.8117,186.3056,109.3949,0.3803,464.1587,58.9144,0.0517,533.4381,1629.8208,0.3399,0.000577,-0.0518,-0.2981,-0.1534,ROTATE
-362.0494,198.5476,104.8003,0.3922,426.0094,38.1493,0.0119,501.7391,2411.6113,0.3479,0.001031,-0.0537,-0.2992,-0.167,ROTATE
-331.9801,169.4725,75.8965,0.3816,380.384,45.6254,0.0106,466.145,3449.0188,0.3587,0.001058,-0.0526,-0.2991,-0.1867,ROTATE
-327.9341,153.378,43.5641,0.3596,364.6415,15.7425,0.022,431.6534,3313.0313,0.3684,0.000509,-0.0508,-0.2998,-0.2024,ROTATE
-348.8442,152.6493,9.22,0.3429,380.8925,16.251,0.0167,403.2172,1348.2371,0.3713,0.000313,-0.0473,-0.2887,-0.2259,ROTATE
-381.4753,162.2382,-29.8302,0.3282,415.6134,34.7209,0.0147,393.5081,541.9312,0.3609,0.00056,-0.0422,-0.2687,-0.236,ROTATE
-407.5803,178.7812,-71.7048,0.3237,450.8059,35.1925,0.0045,398.4675,962.6763,0.3472,0.000453,-0.0377,-0.2481,-0.2394,ROTATE
-428.4642,178.2562,-96.9857,0.3278,474.0919,23.2859,0.0041,417.209,1689.8375,0.3364,0.000177,-0.0343,-0.233,-0.2396,ROTATE
-445.1714,170.1518,-103.7136,0.3145,487.7353,13.6434,0.0133,441.8278,1525.8756,0.3274,8.4e-05,-0.0306,-0.221,-0.2393,ROTATE
-458.5371,156.0152,-95.2427,0.3281,493.6276,5.8923,0.0137,464.3748,811.5294,0.3245,2.8e-05,-0.0273,-0.2109,-0.2446,ROTATE
-469.2297,117.0559,-90.7723,0.3309,492.0551,1.5725,0.0027,479.6631,255.5007,0.325,3.3e-05,-0.0243,-0.201,-0.2535,ROTATE
-477.7838,73.8572,-95.5304,0.3277,492.8065,0.7515,0.0032,488.0633,52.9405,0.3258,3.3e-05,-0.0211,-0.1893,-0.263,ROTATE
-484.627,31.167,-95.6243,0.3249,494.9533,2.1468,0.0027,492.2355,5.987,0.3252,3.2e-05,-0.018,-0.1739,-0.2723,ROTATE
-490.1016,-25.9382,-93.1151,0.3172,499.5426,4.5893,0.0077,494.597,7.0386,0.3258,2.2e-05,-0.0143,-0.1561,-0.2838,ROTATE
-494.4813,-71.7506,-86.9233,0.3085,507.1642,7.6216,0.0087,497.3043,31.108,0.3218,6.5e-05,-0.011,-0.1351,-0.2902,ROTATE
-497.985,-68.5411,-80.4511,0.2977,509.077,1.9128,0.0108,500.7087,41.7262,0.3152,0.000121,-0.0091,-0.1124,-0.2928,ROTATE
-500.788,-36.3579,-65.4609,0.2772,506.3553,2.7217,0.0205,503.4185,28.2712,0.3051,0.000277,-0.0081,-0.0872,-0.2903,ROTATE
-424.5679,4.4981,-46.3344,0.2839,427.1124,79.2429,0.0067,489.8503,994.3667,0.2969,0.000221,-0.0067,-0.0611,-0.2879,ROTATE
-297.9012,36.5641,-21.1519,0.2983,300.8812,126.2312,0.0145,450.118,6538.7896,0.2931,0.000125,-0.0058,-0.0342,-0.2885,ROTATE
-149.9023,32.8388,1.7004,0.3011,153.4665,147.4147,0.0028,379.3785,18484.2793,0.2916,8.8e-05,-0.0027,-0.0084,-0.2891,ROTATE
-17.5249,15.2835,22.6384,0.2967,32.4532,121.0133,0.0044,284.0537,30104.5625,0.2915,8.6e-05,0.0016,0.0134,-0.2898,ROTATE
88.3769,-18.5294,37.6701,0.28,97.841,65.3878,0.0167,202.3509,20480.6426,0.292,7.1e-05,0.0058,0.0281,-0.2899,ROTATE
173.0984,2.9014,43.5986,0.2717,178.5282,80.6872,0.0083,152.634,8018.8281,0.2896,0.000135,0.0081,0.0367,-0.2869,ROTATE
240.8756,-19.9132,48.4601,0.2649,246.5076,67.9794,0.0067,141.7593,5267.5718,0.2829,0.000196,0.0073,0.0384,-0.2801,ROTATE
295.0974,-54.4399,51.7525,0.2624,304.507,57.9994,0.0025,171.9674,9624.9932,0.2752,0.000154,0.003,0.0287,-0.2728,ROTATE
338.4748,-42.3676,45.9707,0.245,344.1998,39.6928,0.0174,234.3167,7777.5127,0.2648,0.000136,-0.0029,0.0093,-0.2618,ROTATE
373.1767,-47.0972,60.7016,0.2143,381.0035,36.8037,0.0307,290.9492,5148.5532,0.2516,0.000427,-0.0123,-0.0144,-0.2461,ROTATE
400.9383,-59.6278,85.2206,0.177,414.2095,33.206,0.0372,338.0855,3437.6484,0.2327,0.001101,-0.0204,-0.038,-0.2233,ROTATE
423.1475,-77.8678,111.0296,0.1579,444.3476,30.1381,0.0191,377.6535,2453.0466,0.2113,0.001555,-0.0254,-0.0609,-0.1962,ROTATE
440.9149,-108.9505,136.0112,0.1425,474.1046,29.757,0.0155,411.573,2092.9946,0.1873,0.001406,-0.0297,-0.0803,-0.1615,ROTATE
455.1288,-98.2104,124.9965,0.1285,482.0909,7.9862,0.014,439.1512,1419.1602,0.164,0.000892,-0.0342,-0.0922,-0.1231,ROTATE
466.4999,-60.1402,123.9347,0.1163,486.4142,4.3234,0.0122,460.2334,745.2311,0.1444,0.000459,-0.0353,-0.099,-0.0853,ROTATE
475.5968,-31.0434,137.7509,0.1109,496.1162,9.702,0.0054,476.6147,310.7592,0.1312,0.000296,-0.0351,-0.1043,-0.0523,ROTATE
482.8743,-15.3566,145.7913,0.1071,504.6371,8.5208,0.0039,488.6726,114.1832,0.1211,0.000167,-0.0345,-0.106,-0.0189,ROTATE
488.6964,-9.3634,142.0862,0.1216,509.019,4.3819,0.0146,495.6555,105.7724,0.1169,5.8e-05,-0.033,-0.1033,0.0136,ROTATE
493.354,-25.5751,140.3752,0.1454,513.5732,4.5542,0.0237,501.952,93.5362,0.1203,0.000182,-0.031,-0.098,0.0455,ROTATE
497.0801,-49.0882,141.6783,0.1743,519.2023,5.6291,0.029,508.5095,61.7649,0.1319,0.000628,-0.0297,-0.0922,0.0775,ROTATE
500.0609,-54.0049,126.9864,0.2039,518.7514,0.4509,0.0296,513.0366,31.5313,0.1505,0.001233,-0.0302,-0.0853,0.113,ROTATE
486.4207,-35.6196,113.3047,0.2301,500.7113,18.0401,0.0262,512.2514,47.187,0.1751,0.001521,-0.0307,-0.0787,0.1492,ROTATE
490.5459,-2.18,63.3782,0.2424,494.628,6.0833,0.0122,509.3732,98.9305,0.1992,0.001272,-0.0309,-0.0719,0.181,ROTATE
478.8649,30.6685,7.4494,0.2633,479.9037,14.7242,0.0209,502.6393,223.7472,0.2228,0.000956,-0.0309,-0.0655,0.2096,ROTATE
485.4888,53.8504,-49.3405,0.2956,490.9518,11.0481,0.0324,496.9893,164.2771,0.2471,0.000959,-0.0306,-0.0602,0.2371,ROTATE
490.7879,47.1959,-110.1849,0.3076,505.2137,14.2619,0.012,494.2817,75.7565,0.2678,0.000889,-0.0305,-0.05,0.2606,ROTATE
495.0272,14.4849,-190.5479,0.318,530.632,25.4182,0.0104,500.2658,295.9469,0.2854,0.000801,-0.0302,-0.0402,0.28,ROTATE
498.4187,4.0254,-254.8383,0.3181,559.8035,29.1716,0.0001,513.301,828.6227,0.3005,0.000416,-0.0291,-0.0319,0.2967,ROTATE
501.1318,8.0109,-261.3051,0.3184,565.2235,5.42,0.0003,530.3649,853.5598,0.3116,8e-05,-0.0272,-0.0242,0.309,ROTATE
503.3024,12.3744,-250.1691,0.3312,562.1841,3.0394,0.0129,544.6113,542.4118,0.3187,5.6e-05,-0.0247,-0.0146,0.3173,ROTATE
505.0388,32.4026,-235.1634,0.3525,558.0465,4.1376,0.0213,555.1779,156.4259,0.3277,0.00018,-0.0225,-0.0079,0.3266,ROTATE
506.4279,93.9627,-234.9276,0.3974,566.1176,8.0711,0.0449,562.275,9.4912,0.3435,0.000882,-0.0219,0.0028,0.3422,ROTATE
507.5392,128.5608,-228.4296,0.3838,571.2302,5.1126,0.0136,564.5604,19.0858,0.3567,0.000904,-0.0203,0.018,0.3546,ROTATE
508.4283,123.8612,-228.7468,0.3516,571.1094,0.1208,0.0322,565.7375,26.1901,0.3633,0.000573,-0.0195,0.0398,0.3589,ROTATE
509.1395,102.4889,-229.9287,0.3394,567.9738,3.1357,0.0121,566.8955,23.3239,0.3649,0.000478,-0.0195,0.067,0.3553,ROTATE
509.7085,57.113,-222.3336,0.3403,559.0142,8.9595,0.0009,567.0891,20.0484,0.3625,0.000563,-0.0198,0.0977,0.3441,ROTATE
510.1637,11.4404,-199.8981,0.3534,548.0485,10.9658,0.0131,563.4752,79.3087,0.3537,0.000259,-0.0204,0.1304,0.3228,ROTATE
510.5278,-25.2195,-177.1216,0.3669,540.9683,7.0801,0.0136,557.4229,131.9615,0.3503,0.000101,-0.0234,0.1663,0.3025,ROTATE
510.8192,-53.9475,-161.6129,0.3784,538.4842,2.4841,0.0115,550.8978,123.6551,0.3557,0.00023,-0.0262,0.2014,0.2878,ROTATE
511.0522,-79.4705,-141.2622,0.3864,536.1389,2.3453,0.008,544.5308,68.364,0.3651,0.000278,-0.0278,0.2337,0.2755,ROTATE
511.2386,-98.8983,-118.7129,0.3853,534.0773,2.0616,0.0012,539.5434,23.3915,0.3741,0.000155,-0.0273,0.264,0.2597,ROTATE
511.3878,-137.1093,-96.9266,0.4124,538.2482,4.171,0.0271,537.5834,5.4181,0.3859,0.000224,-0.025,0.2958,0.2415,ROTATE
511.5071,-116.5718,-87.5569,0.4531,531.8785,6.3697,0.0407,535.7654,6.3306,0.4031,0.000759,-0.021,0.3259,0.2325,ROTATE
511.6026,-51.9762,-79.9955,0.4765,520.421,11.4575,0.0233,532.1527,38.8914,0.4228,0.001328,-0.0152,0.3556,0.2255,ROTATE
511.679,-5.4559,-79.1589,0.4782,517.7946,2.6264,0.0017,528.4839,63.4845,0.4411,0.001342,-0.0087,0.3844,0.2144,ROTATE
511.7401,-18.7148,-102.6615,0.4948,522.2715,4.4769,0.0166,526.1227,59.3712,0.463,0.000815,-0.0017,0.4142,0.2037,ROTATE
511.7889,-20.8687,-134.3761,0.4843,529.5473,7.2758,0.0105,524.3826,29.2831,0.4774,0.000188,0.0037,0.4331,0.1966,ROTATE
511.828,-10.7449,-158.8571,0.48,536.0214,6.4741,0.0043,525.2112,44.4512,0.4827,4.3e-05,0.0074,0.4462,0.181,ROTATE
511.8593,17.1165,-182.6638,0.4706,543.7454,7.7239,0.0094,529.8761,86.8044,0.4816,6.3e-05,0.0093,0.4532,0.1612,ROTATE
511.8843,59.4839,-201.6811,0.4565,553.3888,9.6434,0.014,536.9949,117.5044,0.4772,0.000168,0.0106,0.4554,0.1398,ROTATE
511.9044,111.9996,-213.9449,0.4435,566.0056,12.6168,0.013,545.7417,165.9664,0.467,0.000228,0.0111,0.4503,0.1152,ROTATE
511.9204,176.8747,-238.9496,0.4356,591.9832,25.9775,0.0079,558.2289,385.2397,0.4572,0.00027,0.0113,0.4461,0.0805,ROTATE
511.9332,237.131,-256.1972,0.4148,619.6319,27.6487,0.0208,574.951,761.0435,0.4442,0.000357,0.0098,0.438,0.0443,ROTATE
511.9435,292.1017,-279.064,0.3886,652.1397,32.5078,0.0262,596.6298,1287.9326,0.4278,0.000568,0.0073,0.4247,0.0075,ROTATE
511.9517,324.0345,-325.6512,0.3534,687.8528,35.7131,0.0352,623.5226,1855.0793,0.4072,0.001086,0.0052,0.4004,-0.0373,ROTATE
511.9582,278.6588,-362.921,0.3569,686.6321,1.2208,0.0035,647.6479,1407.9681,0.3898,0.001028,0.0029,0.3709,-0.0857,ROTATE
511.9635,227.9427,-392.7368,0.3854,684.3293,2.3027,0.0286,666.1171,716.2469,0.3798,0.000512,0.0,0.3371,-0.139,ROTATE
511.9677,146.2417,-416.5894,0.3965,676.0505,8.2789,0.011,677.4009,176.4825,0.3761,0.000309,-0.0049,0.2956,-0.2013,ROTATE
511.971,67.6277,-399.0403,0.4241,652.6262,23.4243,0.0276,677.4982,171.6044,0.3832,0.000687,-0.013,0.2513,-0.2686,ROTATE
511.9737,35.6428,-340.6166,0.4724,615.9603,36.6659,0.0483,663.1197,700.8011,0.4071,0.001532,-0.0239,0.2101,-0.3322,ROTATE
511.9758,21.2674,-285.5152,0.5076,586.5922,29.3681,0.0352,643.1117,1361.2063,0.4372,0.002141,-0.0366,0.1693,-0.391,ROTATE
511.9775,16.0733,-259.8215,0.5078,574.3575,12.2347,0.0002,621.1173,1483.1033,0.4617,0.002004,-0.0468,0.1273,-0.4356,ROTATE
495.5914,-4.1383,-254.7447,0.4799,557.2458,17.1118,0.0279,597.3564,1130.907,0.4784,0.000941,-0.0524,0.0933,-0.4632,ROTATE
498.87,-16.7387,-242.4395,0.4445,554.913,2.3328,0.0354,577.8138,498.3311,0.4824,0.000565,-0.0548,0.0621,-0.4736,ROTATE
501.4929,-27.441,-205.6922,0.4408,542.7314,12.1815,0.0037,563.168,238.9543,0.4761,0.000852,-0.0581,0.0342,-0.4698,ROTATE
503.5912,-34.3809,-165.36,0.4504,531.1592,11.5723,0.0096,552.0814,211.2152,0.4647,0.000655,-0.0624,0.0078,-0.4588,ROTATE
505.2698,-23.8172,-138.6443,0.4546,524.4875,6.6717,0.0042,542.1074,164.7735,0.454,0.00019,-0.069,-0.0188,-0.4464,ROTATE
506.6128,10.1806,-140.8186,0.4385,525.9183,1.4308,0.0161,535.8419,132.1001,0.4457,3.6e-05,-0.0769,-0.0488,-0.434,ROTATE
507.6871,88.232,-167.233,0.405,541.7545,15.8362,0.0335,533.2101,59.4248,0.4378,0.000305,-0.0816,-0.0799,-0.4195,ROTATE
508.5466,165.8793,-197.8301,0.3864,570.3265,28.572,0.0186,538.7292,286.3584,0.427,0.000714,-0.0783,-0.1102,-0.4011,ROTATE
509.2341,198.7628,-199.0266,0.4082,581.754,11.4275,0.0218,548.8481,542.7304,0.4185,0.000604,-0.0694,-0.1445,-0.3821,ROTATE
509.7842,227.7947,-178.9744,0.394,586.3464,4.5925,0.0142,561.2199,552.2053,0.4064,0.000318,-0.0587,-0.1735,-0.3589,ROTATE
510.2242,256.767,-244.9139,0.3452,621.4828,35.1364,0.0488,580.3328,663.9831,0.3878,0.000514,-0.0455,-0.1921,-0.3313,ROTATE
510.5763,260.7605,-298.3311,0.3311,646.2861,24.8033,0.0141,601.2391,799.2177,0.373,0.000879,-0.0304,-0.2029,-0.31,ROTATE
510.8579,224.3646,-341.0649,0.3429,653.9423,7.6562,0.0118,617.9623,883.9596,0.3643,0.000948,-0.0211,-0.2162,-0.2911,ROTATE
511.0832,183.173,-375.2519,0.363,659.9791,6.0367,0.0201,633.6073,730.0656,0.3552,0.00048,-0.0162,-0.2288,-0.2689,ROTATE
511.2635,149.7446,-383.8547,0.3682,656.6263,3.3527,0.0051,647.6633,191.7513,0.3501,0.000186,-0.012,-0.2442,-0.247,ROTATE
436.4108,131.3926,-367.715,0.3639,585.6046,71.0218,0.0043,640.4877,773.4354,0.3538,0.000206,-0.0097,-0.2651,-0.2297,ROTATE
383.8536,128.8078,-337.8845,0.3482,527.3528,58.2517,0.0157,616.701,2760.8042,0.3572,9.7e-05,-0.0098,-0.2881,-0.2058,ROTATE
409.4798,124.2681,-305.1732,0.3344,525.592,1.7608,0.0138,591.0309,3484.6392,0.3555,0.000157,-0.007,-0.3063,-0.1697,ROTATE
429.9807,184.8989,-269.2729,0.3489,539.9805,14.3884,0.0145,567.0312,2479.1155,0.3527,0.000147,0.001,-0.3188,-0.1076,ROTATE
446.3815,250.316,-268.3528,0.3482,577.8648,37.8843,0.0007,551.2789,648.9972,0.3487,8.7e-05,0.0173,-0.3249,-0.0472,ROTATE
459.5021,302.6497,-266.2822,0.3373,611.2653,33.4005,0.0109,556.4111,1106.6804,0.3434,3.9e-05,0.0383,-0.3257,0.0064,ROTATE
452.5641,335.2854,-262.3351,0.3303,621.3295,10.0642,0.007,575.2064,1427.4193,0.3398,5.6e-05,0.0589,-0.3226,0.0533,ROTATE
464.4482,346.5221,-259.765,0.3243,635.0335,13.704,0.006,597.0947,1171.8613,0.3378,9.4e-05,0.0766,-0.316,0.0863,ROTATE
473.9554,327.202,-251.0339,0.3187,628.2618,6.7717,0.0055,614.751,401.9882,0.3317,0.000105,0.0882,-0.3067,0.0893,ROTATE
481.5612,290.5554,-232.9271,0.3162,608.7518,19.5101,0.0025,620.9284,98.9082,0.3254,5.9e-05,0.0903,-0.2992,0.0901,ROTATE
481.3209,244.5787,-206.1761,0.3113,577.9248,30.827,0.005,614.2603,405.6309,0.3202,4.3e-05,0.0865,-0.2935,0.094,ROTATE
470.4317,192.2942,-176.3409,0.3017,537.9398,39.985,0.0096,597.5823,1282.4469,0.3145,5.8e-05,0.0817,-0.2876,0.0969,ROTATE
420.8329,51.4354,-140.8571,0.2799,446.7512,91.1886,0.0219,559.9258,4133.9282,0.3056,0.000199,0.0773,-0.2817,0.0884,ROTATE
439.0632,-27.3767,-114.8169,0.3173,454.6525,7.9013,0.0374,525.204,4210.856,0.3053,0.000192,0.0733,-0.2707,0.11,ROTATE
453.6474,67.2518,-56.6191,0.3558,462.0872,7.4347,0.0385,495.871,2751.1362,0.3132,0.000615,0.0729,-0.2589,0.1431,ROTATE
465.3148,156.1983,-27.1109,0.3352,491.5799,29.4927,0.0206,478.6021,1110.0383,0.318,0.000688,0.0734,-0.2425,0.1744,ROTATE
474.6487,200.618,-14.8138,0.3237,515.5176,23.9377,0.0114,474.1176,658.288,0.3224,0.000623,0.0744,-0.226,0.2032,ROTATE
482.1159,219.66,-7.7666,0.3052,529.8552,14.3376,0.0185,490.7385,853.5866,0.3274,0.000294,0.0756,-0.2058,0.2413,ROTATE
488.0896,217.7874,2.9929,0.2944,534.4827,4.6275,0.0108,506.7045,720.9437,0.3229,0.000471,0.0764,-0.187,0.2508,ROTATE
492.8686,213.6237,23.2694,0.2884,537.6765,3.1937,0.006,521.8224,286.1041,0.3094,0.00031,0.0736,-0.1646,0.2502,ROTATE
496.6917,204.7989,58.0874,0.2993,540.3882,2.7118,0.0108,531.584,76.8304,0.3022,0.000146,0.0683,-0.1438,0.2548,ROTATE
499.7503,197.6954,83.473,0.3228,543.8764,3.4882,0.0235,537.2558,23.256,0.302,0.000138,0.0608,-0.1202,0.2671,ROTATE
502.1971,203.2845,108.3659,0.3644,552.5121,8.6357,0.0416,541.7872,38.32,0.3139,0.000774,0.0487,-0.0943,0.2905,ROTATE
504.1546,184.1057,123.9334,0.3251,550.8414,1.6708,0.0393,545.059,33.3403,0.32,0.000686,0.0374,-0.0666,0.3061,ROTATE
505.7206,161.0658,136.9092,0.3174,548.1237,2.7177,0.0076,547.1484,19.9529,0.3258,0.000455,0.0285,-0.0327,0.318,ROTATE
506.9733,141.1526,134.7774,0.3488,543.2411,4.8826,0.0314,547.719,13.5408,0.3357,0.000322,0.0209,0.0067,0.3294,ROTATE
507.9756,156.7346,124.1813,0.3626,545.9175,2.6763,0.0138,548.1272,11.0702,0.3437,0.00037,0.0136,0.0482,0.3342,ROTATE
508.7773,202.9314,95.3294,0.3787,555.9885,10.071,0.0161,548.8224,19.1013,0.3465,0.000521,0.0104,0.09,0.329,ROTATE
509.4188,246.0827,64.6916,0.3752,569.4288,13.4402,0.0035,552.5399,89.3906,0.3566,0.000493,0.007,0.1318,0.3271,ROTATE
509.9319,264.8818,36.5471,0.3786,575.7852,6.3564,0.0034,558.0722,162.9519,0.3688,0.000135,0.0014,0.1697,0.3235,ROTATE
442.5111,250.2929,-20.728,0.3775,508.8146,66.9706,0.0011,551.1869,556.8148,0.3745,3.7e-05,-0.005,0.2012,0.312,ROTATE
353.0745,222.1968,-62.4886,0.3975,421.8268,86.9878,0.02,526.3688,3282.1274,0.3815,6.5e-05,-0.0134,0.2294,0.3014,ROTATE
285.4627,174.6325,-66.8753,0.4158,341.2591,80.5677,0.0183,483.4229,8115.4297,0.3889,0.000243,-0.0234,0.2534,0.2921,ROTATE
256.4327,121.5779,-50.5315,0.4066,288.2574,53.0017,0.0092,427.1886,11091.6484,0.3952,0.000229,-0.0322,0.2707,0.2853,ROTATE
230.5868,70.6529,-43.2127,0.3979,245.009,43.2484,0.0087,361.0334,8936.8281,0.3991,0.000161,-0.0376,0.2793,0.2823,ROTATE
261.9538,10.763,-50.667,0.403,267.0258,22.0168,0.0051,312.6756,3997.9844,0.4041,4.5e-05,-0.0401,0.282,0.2865,ROTATE
311.9599,-25.2678,-60.3711,0.4401,318.7509,51.725,0.0371,292.0605,1197.5835,0.4127,0.000222,-0.0384,0.2848,0.2957,ROTATE
351.9648,-39.5486,-84.4719,0.4418,364.1138,45.3629,0.0017,296.6314,1730.9242,0.4179,0.000362,-0.034,0.2853,0.303,ROTATE
383.9687,-39.667,-103.3463,0.4205,399.6072,35.4934,0.0213,318.9013,3341.7524,0.4206,0.000331,-0.0296,0.2876,0.3052,ROTATE
409.5719,-40.2742,-125.9551,0.3925,430.3904,30.7831,0.028,355.9776,3361.0481,0.4196,0.000385,-0.0271,0.2922,0.2988,ROTATE
430.0544,-59.0225,-149.2485,0.353,459.0268,28.6364,0.0394,394.3778,2427.8162,0.4096,0.001115,-0.0262,0.2968,0.2785,ROTATE
446.4404,-121.6555,-177.4207,0.3217,495.5676,36.5408,0.0314,429.7411,2081.2388,0.3859,0.001913,-0.0254,0.2959,0.2416,ROTATE
459.5492,-167.5494,-193.7834,0.301,526.1277,30.5601,0.0207,462.1439,2027.9817,0.3577,0.001937,-0.0248,0.2916,0.2003,ROTATE
470.0363,-196.5302,-193.5767,0.2927,545.0047,18.877,0.0083,491.2234,1773.3785,0.3322,0.001343,-0.0254,0.2854,0.1636,ROTATE
478.4259,-219.221,-183.952,0.2941,557.4832,12.4785,0.0014,516.642,1265.2146,0.3125,0.000518,-0.0265,0.2799,0.1335,ROTATE
485.1376,-236.5299,-177.7585,0.2997,568.2455,10.7623,0.0056,538.4857,656.7476,0.3018,0.000108,-0.0271,0.2785,0.1117,ROTATE
490.507,-247.574,-178.3193,0.3022,577.6571,9.4116,0.0025,554.9036,325.6851,0.2979,1.5e-05,-0.0279,0.2799,0.0962,ROTATE
494.8025,-255.5967,-183.2054,0.3034,586.2792,8.6221,0.0012,566.934,212.231,0.2984,1.8e-05,-0.0284,0.2845,0.0821,ROTATE
498.2389,-241.3117,-178.3675,0.3007,581.6255,4.6537,0.0026,574.2581,105.5776,0.3,1e-05,-0.0281,0.2897,0.069,ROTATE
500.988,-201.7962,-152.2065,0.2981,561.1395,20.4861,0.0026,574.9894,83.1832,0.3008,3e-06,-0.0274,0.2933,0.0582,ROTATE
503.1873,-145.1839,-125.2746,0.3031,538.4882,22.6513,0.005,569.0379,305.135,0.3015,4e-06,-0.0261,0.2964,0.0469,ROTATE
504.9467,-89.1846,-99.1884,0.3025,522.2676,16.2206,0.0006,557.96,605.0496,0.3016,4e-06,-0.0236,0.2982,0.0362,ROTATE
435.9636,20.0336,-50.407,0.3096,439.325,82.9425,0.0071,528.5692,2395.6829,0.3028,1.5e-05,-0.0221,0.3003,0.0236,ROTATE
366.2334,88.6019,-27.1068,0.3148,377.7724,61.5527,0.0052,487.7985,4718.376,0.3056,3.5e-05,-0.0195,0.3032,0.0056,ROTATE
395.3836,87.6659,1.2364,0.3307,404.9877,27.2153,0.0159,456.5682,4038.7891,0.3122,0.000107,-0.0127,0.307,-0.0247,ROTATE
418.7038,74.9733,53.5485,0.3357,428.7205,23.7328,0.005,434.6147,2369.7532,0.3187,0.000159,-0.006,0.3065,-0.0615,ROTATE
437.3599,82.0443,81.0451,0.338,452.3088,23.5883,0.0023,420.6229,699.9927,0.3258,0.000131,0.0008,0.3062,-0.0953,ROTATE
452.2848,109.0042,85.1392,0.3399,472.961,20.6522,0.0018,427.3501,1132.639,0.3318,8.2e-05,0.0087,0.3053,-0.1226,ROTATE
464.2247,146.7283,42.3957,0.3357,488.7036,15.7426,0.0041,449.5363,901.6707,0.336,9e-06,0.0165,0.3038,-0.1414,ROTATE
473.7767,179.5796,-37.7928,0.3319,508.0762,19.3727,0.0038,470.154,765.0494,0.3362,7e-06,0.0208,0.3012,-0.1477,ROTATE
481.4182,199.4449,-132.6342,0.3242,537.7114,29.6352,0.0077,491.9522,859.3423,0.3339,3.1e-05,0.0245,0.2974,-0.1494,ROTATE
487.5315,211.1309,-208.5074,0.3151,570.7351,33.0237,0.0091,515.6375,1225.3794,0.3294,7.8e-05,0.0259,0.287,-0.157,ROTATE
492.4221,182.5141,-269.2059,0.323,590.1379,19.4028,0.0079,539.0729,1421.9685,0.326,5.2e-05,0.0245,0.2707,-0.1737,ROTATE
496.3345,142.7425,-303.6647,0.352,599.1124,8.9745,0.029,561.1546,1147.9017,0.3292,0.000158,0.0189,0.2516,-0.2022,ROTATE
499.4645,136.6347,-300.6412,0.3938,598.7645,0.3479,0.0418,579.2922,538.3652,0.3416,0.000836,0.0089,0.2328,-0.2414,ROTATE
501.9685,148.7234,-316.4473,0.4083,611.7433,12.9788,0.0145,594.0986,183.9573,0.3584,0.001382,-0.0025,0.2108,-0.2832,ROTATE
503.9717,129.9506,-296.8766,0.4095,599.1747,12.5687,0.0013,599.7865,47.587,0.3773,0.001172,-0.0154,0.1874,-0.3217,ROTATE
505.5742,102.4292,-284.2857,0.396,588.9952,10.1794,0.0135,599.558,52.2059,0.3919,0.000439,-0.0262,0.1637,-0.3511,ROTATE
506.8563,49.8746,-264.4629,0.3675,573.874,15.1212,0.0286,594.5104,158.6209,0.395,0.00023,-0.0336,0.1372,-0.3657,ROTATE
507.8819,-26.6628,-229.7235,0.3652,558.0571,15.8169,0.0023,586.3688,354.4853,0.3893,0.000375,-0.0365,0.1046,-0.371,ROTATE
508.7024,-93.699,-164.6757,0.4061,542.8404,15.2167,0.0409,572.5883,414.7539,0.3889,0.000359,-0.0403,0.0688,-0.3775,ROTATE
509.3588,-109.9998,-113.1374,0.4593,533.2414,9.599,0.0532,559.4017,409.1344,0.3988,0.001168,-0.0423,0.0304,-0.3908,ROTATE
509.8839,-97.153,-76.6443,0.4873,524.6853,8.5561,0.028,546.5397,309.5922,0.4171,0.002399,-0.0456,-0.0127,-0.409,ROTATE
488.8603,-69.1849,-51.7436,0.4843,496.4356,28.2497,0.003,531.0519,422.3736,0.4404,0.002264,-0.0485,-0.0548,-0.4299,ROTATE
464.4601,-46.3667,-64.0386,0.46,471.1412,25.2944,0.0243,513.6688,692.2029,0.4594,0.000848,-0.0523,-0.0979,-0.4423,ROTATE
471.3493,-37.5902,-56.4653,0.4401,476.2054,5.0642,0.0199,500.3417,625.0985,0.4662,0.000308,-0.0517,-0.133,-0.4411,ROTATE
440.2357,-7.4347,-46.8941,0.4391,442.7887,33.4167,0.001,482.2512,743.8253,0.4621,0.000429,-0.05,-0.1573,-0.43,ROTATE
411.6011,48.9616,-32.6215,0.4557,415.7846,27.0041,0.0166,460.471,792.8824,0.4558,0.000271,-0.0482,-0.175,-0.4171,ROTATE
424.0996,87.5162,5.6622,0.4835,433.0723,17.2877,0.0278,447.7984,523.7357,0.4556,0.000262,-0.0478,-0.1937,-0.4093,ROTATE
441.6766,130.1911,16.5735,0.476,460.7631,27.6908,0.0075,445.7228,444.067,0.4589,0.000331,-0.0479,-0.206,-0.4069,ROTATE
455.7382,151.8997,13.0088,0.4573,480.5622,19.7991,0.0187,446.5941,500.2272,0.4623,0.000249,-0.048,-0.2174,-0.4046,ROTATE
466.9874,167.0042,-56.3055,0.3982,499.1372,18.575,0.0591,457.8639,922.4793,0.4541,0.000895,-0.0468,-0.221,-0.3936,ROTATE
475.9868,158.7846,-136.3288,0.3783,519.963,20.8258,0.02,478.6996,905.4811,0.4386,0.001807,-0.0428,-0.223,-0.375,ROTATE
483.1863,148.3589,-180.9036,0.3715,536.8478,16.8848,0.0068,499.4547,734.5807,0.4162,0.001806,-0.0382,-0.2244,-0.3476,ROTATE
488.946,153.1715,-176.6448,0.3753,541.9714,5.1237,0.0038,515.6964,532.9161,0.3961,0.001022,-0.0328,-0.2318,-0.317,ROTATE
493.5536,166.5403,-148.8408,0.3751,541.7421,0.2294,0.0001,527.9323,271.9916,0.3797,9.1e-05,-0.0286,-0.242,-0.2866,ROTATE
497.2398,178.4135,-116.9695,0.3653,541.0737,0.6684,0.0098,536.3196,70.3529,0.3731,2e-05,-0.0251,-0.2615,-0.2601,ROTATE
500.1887,184.9777,-97.8787,0.3472,542.2045,1.1309,0.0182,540.7679,3.9844,0.3669,0.00011,-0.0212,-0.2777,-0.2354,ROTATE
502.5479,184.7009,-95.5249,0.3293,543.8693,1.6647,0.0179,542.1722,0.8626,0.3584,0.000317,-0.0162,-0.2866,-0.2129,ROTATE
504.4352,180.7639,-102.3012,0.3205,545.5236,1.6543,0.0087,542.8826,2.5962,0.3475,0.000428,-0.0106,-0.2883,-0.1926,ROTATE
505.945,175.7361,-111.1409,0.3194,547.0063,1.4827,0.0012,543.9354,4.6285,0.3363,0.000309,-0.0052,-0.2872,-0.1738,ROTATE
507.1529,170.2607,-120.2627,0.3234,548.321,1.3148,0.004,545.3849,4.7362,0.3279,0.000104,-0.0007,-0.2873,-0.1565,ROTATE
508.1192,159.6461,-133.0008,0.327,548.9638,0.6428,0.0036,546.7368,3.4473,0.3239,1.4e-05,0.0038,-0.2912,-0.1389,ROTATE
508.8923,154.0356,-135.8663,0.3274,548.7786,0.1852,0.0004,547.7186,1.6725,0.3235,1.1e-05,0.0082,-0.2993,-0.1174,ROTATE
509.5107,166.5848,-123.4555,0.3259,550.0845,1.3058,0.0015,548.6309,0.9962,0.3246,9e-06,0.0128,-0.3079,-0.0933,ROTATE
497.8836,193.1741,-103.3207,0.322,543.948,6.1365,0.0039,548.0192,4.48,0.3251,4e-06,0.0177,-0.3145,-0.0702,ROTATE
432.4975,181.1174,-99.7909,0.3014,479.3911,64.5569,0.0205,534.2332,756.3716,0.3207,9.7e-05,0.0245,-0.3132,-0.0578,ROTATE
448.3949,195.3127,-101.2671,0.3214,499.4597,20.0686,0.02,524.3324,856.7863,0.3196,8.8e-05,0.0283,-0.3093,-0.0108,ROTATE
461.1128,215.1501,-85.9418,0.3327,516.0432,16.5834,0.0113,517.7853,708.1403,0.3207,0.000109,0.0341,-0.3082,0.0218,ROTATE
471.2871,181.6607,-55.5347,0.3527,508.1302,7.913,0.02,509.3944,447.7305,0.3261,0.00028,0.0403,-0.3102,0.0495,ROTATE
479.4266,153.8005,-15.1215,0.3631,503.7192,4.4109,0.0104,501.3487,150.6479,0.3343,0.000484,0.0456,-0.3149,0.0752,ROTATE
485.9381,104.6904,25.5965,0.3549,497.7461,5.9732,0.0082,505.0197,43.3404,0.345,0.000238,0.0486,-0.3236,0.1077,ROTATE
491.1474,34.9867,71.8741,0.3462,497.61,0.136,0.0087,504.6497,48.0015,0.3499,0.000103,0.0529,-0.3298,0.104,ROTATE
495.3148,-26.0169,95.318,0.3449,505.0735,7.4634,0.0013,502.4557,17.262,0.3524,4.3e-05,0.0531,-0.3281,0.115,ROTATE
498.6487,-64.1698,109.0763,0.3532,514.457,9.3835,0.0083,503.7211,38.0268,0.3525,4.3e-05,0.0509,-0.3191,0.1343,ROTATE
501.3159,-84.3514,115.3642,0.3677,521.2885,6.8315,0.0145,507.235,87.4021,0.3534,6.6e-05,0.0464,-0.3055,0.1617,ROTATE
503.4496,-77.8124,117.607,0.3709,522.8266,1.5381,0.0032,512.2511,92.8524,0.3566,0.000117,0.0412,-0.2871,0.1971,ROTATE
505.1566,-65.1187,110.3731,0.3721,521.1581,1.6685,0.0012,516.9608,43.6665,0.3617,0.000116,0.0356,-0.2644,0.2355,ROTATE
506.5221,-53.4918,98.4703,0.3782,518.7701,2.388,0.0061,519.7001,8.5558,0.3684,6.9e-05,0.0306,-0.2384,0.272,ROTATE
507.6146,-45.5216,92.2763,0.3881,517.9379,0.8322,0.01,520.3963,3.1942,0.3754,5.2e-05,0.0264,-0.2099,0.3039,ROTATE
508.4886,-42.3673,94.1335,0.3931,518.861,0.923,0.005,519.9108,3.2706,0.3805,7.7e-05,0.024,-0.1771,0.3309,ROTATE
509.1877,-37.8626,89.8068,0.4013,518.4313,0.4297,0.0082,519.0316,1.2352,0.3865,0.000108,0.0213,-0.1441,0.3539,ROTATE
509.7471,-22.8651,65.2517,0.4062,514.4149,4.0164,0.005,517.683,2.7749,0.3934,9.7e-05,0.0185,-0.1127,0.3731,ROTATE
510.1945,22.6548,12.0639,0.4085,510.8398,3.5752,0.0022,516.097,9.3891,0.3994,6e-05,0.0133,-0.0849,0.3876,ROTATE
489.965,50.2645,-16.8552,0.4084,492.8249,18.0149,0.0,511.0743,91.8028,0.4035,3.4e-05,0.0082,-0.0571,0.3975,ROTATE
436.6345,61.2585,-32.7685,0.4025,442.1268,50.6981,0.0059,495.7275,794.905,0.4054,9e-06,0.0039,-0.0309,0.4026,ROTATE
369.6451,48.6412,-39.1867,0.3972,374.8854,67.2414,0.0052,467.0184,2788.1592,0.4046,1.8e-05,0.0005,-0.0079,0.4031,ROTATE
266.3348,11.9223,-40.3431,0.3912,269.6367,105.2487,0.006,418.0627,7734.1187,0.4016,4.4e-05,-0.0024,0.0113,0.4003,ROTATE
134.5147,-34.1684,-35.0682,0.3736,143.1484,126.4883,0.0177,344.5244,15720.2969,0.3946,0.000143,-0.0019,0.0291,0.3929,ROTATE
5.2118,-86.3504,-34.8671,0.3522,93.2698,49.8786,0.0213,264.6134,17561.7012,0.3833,0.000337,0.0009,0.0416,0.3808,ROTATE
-98.2306,-134.4959,-44.9749,0.3324,172.5142,79.2443,0.0198,210.6909,10048.3203,0.3693,0.000587,0.0049,0.0487,0.3658,ROTATE
-180.9845,-179.3405,-65.8643,0.3138,263.1663,90.6521,0.0186,188.3471,4707.8408,0.3526,0.000769,0.0098,0.049,0.3489,ROTATE
-247.1876,-219.1068,-59.8196,0.3091,335.6901,72.5238,0.0048,201.5578,7553.7119,0.3362,0.000581,0.0136,0.0387,0.3328,ROTATE
-117.5188,-239.7417,-96.7744,0.3295,283.993,51.6971,0.0204,229.7267,7437.0078,0.3274,0.000233,0.0192,0.0386,0.3237,ROTATE
8.3818,-233.0902,-167.8289,0.3459,287.3462,3.3532,0.0165,268.5419,2870.2896,0.3261,0.000177,0.0239,0.0332,0.3228,ROTATE
109.1023,-200.8878,-192.2912,0.327,298.7225,11.3763,0.0189,293.7836,571.053,0.325,0.000168,0.0282,0.0261,0.3221,ROTATE
189.6787,-170.0165,-201.8392,0.3086,324.9965,26.274,0.0184,306.1497,425.4981,0.324,0.000196,0.0314,0.0221,0.3211,ROTATE
254.1399,-138.9851,-199.9089,0.2936,351.9482,26.9517,0.015,309.4013,659.8976,0.3209,0.000326,0.0359,0.0259,0.3175,ROTATE
305.7088,-114.1349,-189.1646,0.2815,377.1842,25.236,0.0121,328.0395,1102.302,0.3113,0.00053,0.0375,0.0175,0.3085,ROTATE
346.9639,-89.5236,-171.1661,0.2732,397.1099,19.9257,0.0083,349.9922,1243.3335,0.2968,0.00037,0.0378,0.0144,0.294,ROTATE
379.968,-67.1595,-157.1673,0.2609,416.6385,19.5286,0.0124,373.5754,1049.7944,0.2836,0.000271,0.0369,0.0152,0.2807,ROTATE
400.4338,-47.0338,-147.4838,0.2417,429.3145,12.676,0.0192,394.439,763.8898,0.2702,0.000317,0.0372,0.0202,0.2665,ROTATE
422.7439,-33.6739,-141.6746,0.2335,447.1219,17.8075,0.0082,413.4738,595.5709,0.2582,0.000332,0.0378,0.0289,0.2529,ROTATE
440.592,-18.0298,-140.1334,0.2378,462.6919,15.5699,0.0043,430.5753,524.2054,0.2494,0.000229,0.0387,0.0411,0.2417,ROTATE
454.8705,-5.0863,-153.5755,0.236,480.1234,17.4315,0.0018,447.178,515.5704,0.2419,9.7e-05,0.0402,0.0575,0.2299,ROTATE
457.8777,-2.6659,-164.0198,0.222,486.3759,6.2525,0.0139,461.1255,441.8003,0.2342,4.4e-05,0.0419,0.0732,0.2169,ROTATE
454.9084,-9.4296,-155.3064,0.2099,480.7813,5.5946,0.0121,471.4189,210.7278,0.2278,0.00011,0.0424,0.0869,0.2046,ROTATE
466.3236,-77.375,-215.6795,0.2296,519.5789,38.7976,0.0198,485.9103,346.5363,0.2271,0.000104,0.0474,0.1056,0.1923,ROTATE
475.4558,-99.0187,-221.303,0.2269,533.7021,14.1232,0.0027,500.1124,493.8307,0.2249,7.7e-05,0.0509,0.1215,0.1797,ROTATE
482.7615,-116.1806,-230.0455,0.2369,547.2454,13.5433,0.01,513.5367,678.0103,0.2251,8.1e-05,0.0537,0.1365,0.1682,ROTATE
488.6061,-90.732,-224.0614,0.2527,545.1346,2.1108,0.0158,525.2885,592.0502,0.2312,0.000194,0.057,0.1509,0.1644,ROTATE
493.2817,-43.4481,-217.0085,0.2707,540.6545,4.48,0.018,537.2631,99.704,0.2434,0.000266,0.0605,0.1679,0.165,ROTATE
497.0223,33.1478,-218.4849,0.2917,543.9353,3.2808,0.0211,542.1344,22.3322,0.2558,0.000543,0.0586,0.1822,0.1692,ROTATE
500.0147,112.9089,-218.4879,0.3043,557.2253,13.29,0.0126,546.839,31.5251,0.2712,0.000608,0.0576,0.2014,0.1715,ROTATE
502.4087,174.549,-218.4716,0.312,574.9884,17.7631,0.0077,552.3876,159.1825,0.2863,0.000478,0.0556,0.2216,0.17,ROTATE
504.3238,216.661,-223.9617,0.3147,592.8266,17.8382,0.0027,561.926,384.7419,0.2987,0.00026,0.0517,0.2447,0.1585,ROTATE
505.856,232.5226,-241.1787,0.3122,606.7324,13.9058,0.0026,575.1416,521.1168,0.307,7e-05,0.0469,0.2651,0.1401,ROTATE
507.0817,234.94,-271.9242,0.3146,621.5073,14.775,0.0024,590.656,515.6095,0.3116,1.4e-05,0.0423,0.2827,0.1141,ROTATE
508.0622,230.2582,-319.5675,0.3144,642.8604,21.353,0.0002,607.783,543.8123,0.3136,2e-06,0.038,0.2959,0.0854,ROTATE
508.8467,230.4066,-358.054,0.3122,663.4869,20.6265,0.0022,625.4827,636.02,0.3136,1e-06,0.0323,0.304,0.0566,ROTATE
509.4742,210.8815,-388.8432,0.306,674.7103,11.2234,0.0062,641.8595,639.2098,0.3119,1e-05,0.0257,0.3069,0.0283,ROTATE
509.9763,172.4333,-400.4277,0.327,670.9332,3.7771,0.021,654.6996,396.6142,0.3148,4.7e-05,0.0155,0.311,-0.0032,ROTATE
510.3779,139.6217,-378.5546,0.3537,650.6024,20.3309,0.0267,660.5186,145.7652,0.3227,0.000287,0.0016,0.3151,-0.0387,ROTATE
510.6992,122.2536,-323.9875,0.3889,617.0312,33.5712,0.0353,655.3527,434.9478,0.3376,0.00093,-0.0148,0.3221,-0.0779,ROTATE
490.2438,124.481,-264.6025,0.422,570.8318,46.1994,0.0331,636.8218,1507.0767,0.3595,0.001746,-0.0311,0.3331,-0.1184,ROTATE
461.8419,149.6223,-219.3226,0.4385,532.7169,38.1149,0.0164,608.423,2581.0493,0.386,0.001718,-0.0485,0.3456,-0.1584,ROTATE
426.7454,165.1416,-182.1519,0.437,492.5066,40.2103,0.0015,572.7377,3213.4309,0.408,0.001056,-0.062,0.3525,-0.1927,ROTATE
365.2151,163.1695,-143.1934,0.4241,424.8655,67.6411,0.0128,527.5904,4335.8076,0.4221,0.000319,-0.0712,0.353,-0.2181,ROTATE
279.4659,146.6731,-91.5953,0.4187,328.6394,96.2261,0.0055,469.912,7325.3804,0.4281,6.5e-05,-0.0774,0.3478,-0.2356,ROTATE
140.4102,131.2791,-36.6481,0.4166,195.6842,132.9552,0.0021,394.8825,14699.1699,0.427,8.3e-05,-0.0811,0.3374,-0.2478,ROTATE
9.9281,122.9858,17.7971,0.4111,124.6628,71.0214,0.0055,313.2717,18842.9238,0.4215,7.7e-05,-0.0808,0.3269,-0.2532,ROTATE
-94.4575,118.873,57.7846,0.4049,162.4564,37.7936,0.0062,247.2617,12609.6221,0.4151,4.3e-05,-0.0791,0.3203,-0.2517,ROTATE
-177.966,108.7672,93.6902,0.39,228.6483,66.1919,0.015,208.0182,4830.2417,0.4083,0.000107,-0.0771,0.3172,-0.2449,ROTATE
-244.7728,87.645,131.1896,0.3683,291.2148,62.5666,0.0216,200.5333,3248.6592,0.3982,0.000302,-0.0743,0.3138,-0.2329,ROTATE
-298.2182,65.3597,163.3611,0.3432,346.2555,55.0406,0.0252,230.6476,6584.0781,0.3835,0.000624,-0.0699,0.3097,-0.2142,ROTATE
-340.9746,61.0065,167.5295,0.3281,384.7747,38.5193,0.015,282.6699,6382.2329,0.3669,0.000809,-0.0648,0.3059,-0.19,ROTATE
-375.1797,45.424,154.1798,0.2878,408.1599,23.3852,0.0403,331.8106,4226.7104,0.3435,0.001223,-0.059,0.295,-0.1632,ROTATE
-402.5437,-31.9389,182.2782,0.2309,443.0428,34.8828,0.0569,374.6895,2734.1333,0.3117,0.002314,-0.0514,0.2732,-0.139,ROTATE
-424.435,-43.6293,210.5414,0.1675,475.7901,32.7473,0.0634,411.6046,2022.0719,0.2715,0.004216,-0.04,0.2457,-0.1008,ROTATE
-441.948,-10.4003,222.2706,0.1514,494.8034,19.0133,0.0161,441.3141,1669.7181,0.2331,0.004602,-0.028,0.2161,-0.0589,ROTATE
-455.9584,28.7641,225.2196,0.1336,509.3617,14.5583,0.0178,466.2316,1335.5909,0.1942,0.003265,-0.0169,0.1797,-0.0185,ROTATE
-467.1667,51.0426,213.4319,0.1149,516.1427,6.781,0.0187,487.8281,692.9406,0.1597,0.001578,-0.0074,0.1436,0.0176,ROTATE
-476.1334,60.6153,191.3955,0.1051,516.7296,0.5869,0.0098,502.5655,241.6638,0.1345,0.000524,-0.0003,0.1147,0.0539,ROTATE
-464.5661,63.4954,165.2789,0.0981,497.1624,19.5672,0.0071,506.8399,85.8476,0.1206,0.000379,0.002,0.0895,0.0726,ROTATE
-453.4904,55.1744,147.4638,0.0943,480.0451,17.1173,0.0038,503.8883,191.7527,0.1092,0.000198,0.0015,0.0644,0.0826,ROTATE
-458.536,31.7677,151.4429,0.0886,483.9416,3.8965,0.0057,498.8043,239.4881,0.1002,8.3e-05,-0.0011,0.0399,0.0862,ROTATE
-469.2288,11.4235,127.7887,0.0966,486.4526,2.511,0.008,492.8662,174.6163,0.0966,2.9e-05,-0.0026,0.0267,0.0896,ROTATE
-477.7831,-21.4424,97.4528,0.107,488.0917,1.6391,0.0103,487.1386,32.4789,0.0969,3.6e-05,-0.0018,0.0154,0.094,ROTATE
-484.6264,-32.2758,89.3435,0.1156,493.8489,5.7573,0.0086,486.476,20.9503,0.1004,9.3e-05,0.001,0.003,0.0988,ROTATE
-490.1011,-37.9457,106.3279,0.1324,502.936,9.0871,0.0168,491.0541,45.9057,0.108,0.000232,0.005,-0.0124,0.104,ROTATE
-494.4809,-52.3378,124.6592,0.1646,512.631,9.695,0.0322,496.7921,95.9765,0.1232,0.000565,0.0107,-0.0296,0.1131,ROTATE
-497.9847,-69.214,136.2493,0.2081,520.9061,8.2751,0.0435,503.6827,143.4117,0.1455,0.001367,0.0156,-0.0617,0.1244,ROTATE
-500.7878,-79.6306,130.6338,0.2422,523.6359,2.7298,0.0341,510.7916,123.8856,0.1726,0.002206,0.0194,-0.0995,0.1343,ROTATE
-503.0302,-74.017,86.9758,0.2762,515.832,7.8039,0.0341,515.1883,52.2258,0.2047,0.002674,0.0229,-0.1399,0.1438,ROTATE
-504.8242,-73.3042,48.4588,0.3074,512.415,3.417,0.0311,517.0841,20.1465,0.2397,0.002511,0.0264,-0.1788,0.1548,ROTATE
-506.2593,-83.6309,15.5764,0.3269,513.3569,0.9418,0.0196,517.2292,18.9378,0.2722,0.001852,0.0297,-0.2148,0.1629,ROTATE
-507.4075,-62.9391,-3.6545,0.3441,511.3091,2.0477,0.0171,515.3098,19.5592,0.2994,0.001326,0.0326,-0.2485,0.1616,ROTATE
-508.326,-39.9762,-18.6861,0.3585,510.2378,1.0714,0.0144,512.6302,3.659,0.3226,0.00083,0.0336,-0.2797,0.1526,ROTATE
-509.0608,-39.6748,-25.7458,0.3643,511.2532,1.0154,0.0058,511.7144,1.1492,0.3402,0.000437,0.0321,-0.3071,0.1313,ROTATE
-509.6486,-20.1554,-0.5622,0.4196,510.0473,1.2059,0.0553,511.2409,1.3826,0.3627,0.000977,0.0285,-0.34,0.1069,ROTATE
-510.1189,5.0632,35.8346,0.4268,511.4011,1.3538,0.0072,510.8497,0.3392,0.3827,0.001146,0.0252,-0.3701,0.0785,ROTATE
-510.4951,33.0599,56.7895,0.4217,514.707,3.3059,0.0051,511.5293,2.8109,0.3982,0.000912,0.0229,-0.3922,0.0508,ROTATE
-510.7961,58.8323,68.0191,0.4265,518.6525,3.9456,0.0048,513.2123,9.7932,0.4118,0.000572,0.0219,-0.4095,0.0257,ROTATE
-511.0369,73.8096,73.2434,0.4266,521.5085,2.856,0.0002,515.2633,18.5844,0.4243,9e-06,0.0238,-0.4222,0.0062,ROTATE
-511.2295,71.9352,76.2166,0.4289,521.8613,0.3528,0.0023,517.6261,16.2672,0.4261,6e-06,0.0288,-0.4229,-0.0192,ROTATE
-511.3836,52.0231,79.2202,0.4384,520.0917,1.7696,0.0095,519.3642,6.7118,0.4284,3e-05,0.0342,-0.4223,-0.0476,ROTATE
-511.5069,17.0498,81.2199,0.4462,518.1956,1.8962,0.0078,520.0619,2.1602,0.4333,6.1e-05,0.0394,-0.4224,-0.0761,ROTATE
-511.6055,-25.1352,82.8884,0.4485,518.8858,0.6902,0.0023,520.1086,2.0374,0.4377,7.8e-05,0.0437,-0.4212,-0.1037,ROTATE
-511.6844,-57.6957,80.1482,0.4307,521.1271,2.2413,0.0179,520.0323,1.8471,0.4385,6.3e-05,0.0455,-0.417,-0.1248,ROTATE
-511.7475,-81.9596,72.5123,0.4339,523.3173,2.1901,0.0033,520.3235,3.2515,0.4395,4.7e-05,0.0449,-0.4136,-0.1406,ROTATE
-511.798,-84.4865,66.588,0.4292,522.981,0.3362,0.0047,520.9014,4.3193,0.4377,6.5e-05,0.0422,-0.4087,-0.1505,ROTATE
-511.8384,-70.9454,61.261,0.4293,520.3506,2.6304,0.0,521.3324,2.7299,0.4343,5.3e-05,0.0396,-0.4013,-0.1604,ROTATE
-511.8708,-14.1813,50.1963,0.4418,514.5215,5.829,0.0125,520.4595,10.0484,0.433,2.2e-05,0.0366,-0.3912,-0.1782,ROTATE
-511.8966,17.7612,53.3227,0.4399,514.9727,0.4512,0.0018,519.2286,14.4651,0.4348,2.7e-05,0.0317,-0.3858,-0.1944,ROTATE
-511.9173,23.2121,103.23,0.4359,522.7375,7.7648,0.004,519.1127,13.5708,0.4352,2.7e-05,0.0251,-0.3778,-0.2115,ROTATE
-511.9338,12.9197,156.0965,0.4373,535.3591,12.6215,0.0014,521.5883,57.2384,0.4368,1.8e-05,0.0195,-0.3656,-0.2355,ROTATE
-511.9471,-8.2674,180.1522,0.4147,542.7826,7.4235,0.0226,526.0747,126.6438,0.4339,9.6e-05,0.0131,-0.3458,-0.2584,ROTATE
-511.9577,-27.2952,182.0468,0.3852,544.0466,1.264,0.0295,531.9797,129.6776,0.4226,0.000431,0.0064,-0.3206,-0.2699,ROTATE
-511.9661,-17.2518,182.2999,0.3556,543.728,0.3186,0.0296,537.7308,66.3599,0.4057,0.000985,0.0008,-0.2863,-0.2823,ROTATE
-511.9729,39.6548,175.1868,0.3356,542.5672,1.1608,0.02,541.6967,10.3502,0.3857,0.001386,-0.0032,-0.2469,-0.2923,ROTATE
-511.9783,89.7739,159.2338,0.3501,543.6328,1.0656,0.0146,543.3514,0.3286,0.3682,0.000801,-0.0072,-0.2059,-0.3013,ROTATE
-511.9827,111.0816,137.584,0.3769,541.6592,1.9735,0.0268,543.1268,0.7861,0.3607,0.000327,-0.0115,-0.1696,-0.3135,ROTATE
-511.9861,98.7465,113.7172,0.405,533.678,7.9812,0.0281,541.053,14.1723,0.3646,0.000584,-0.0159,-0.1381,-0.3328,ROTATE
-511.9889,28.166,97.0112,0.4302,521.8593,11.8187,0.0252,536.6793,67.2914,0.3796,0.001204,-0.0187,-0.1125,-0.3591,ROTATE
-511.9911,-36.2078,74.3996,0.4201,518.634,3.2253,0.0101,531.8927,102.5725,0.3965,0.000859,-0.0214,-0.0906,-0.3839,ROTATE
-511.9929,-56.8913,38.2134,0.3909,516.5594,2.0746,0.0292,526.478,92.7097,0.4046,0.000369,-0.0251,-0.0713,-0.3966,ROTATE
-511.9943,-31.4036,-4.5105,0.3631,512.9763,3.5831,0.0278,520.7415,50.1665,0.4018,0.000554,-0.0289,-0.0542,-0.3964,ROTATE
-511.9955,65.2146,-33.699,0.2891,517.231,4.2547,0.074,517.452,8.3398,0.3786,0.002557,-0.0274,-0.0414,-0.3749,ROTATE
-501.8714,144.081,-62.6748,0.3032,525.892,8.6609,0.0142,518.2585,18.051,0.3533,0.002519,-0.0267,-0.0279,-0.3508,ROTATE
-503.8971,173.7773,-93.0742,0.3598,541.0856,15.1937,0.0565,522.7489,102.0749,0.3412,0.001489,-0.024,-0.0204,-0.3396,ROTATE
-505.5177,145.45,-68.4688,0.3773,530.4637,10.6219,0.0176,525.5297,98.5837,0.3385,0.001249,-0.0179,-0.0234,-0.3368,ROTATE
-506.8141,116.085,-37.3531,0.3646,521.2787,9.185,0.0127,527.1902,67.923,0.3388,0.001265,-0.0102,-0.0255,-0.3373,ROTATE
-507.8513,84.9868,-32.3731,0.3728,515.93,5.3488,0.0082,526.9301,73.3767,0.3555,0.000721,-0.0045,-0.0209,-0.3543,ROTATE
-508.6811,41.1894,-45.6423,0.3787,512.3829,3.5471,0.0059,524.2282,108.1853,0.3706,5.4e-05,0.0021,-0.0119,-0.3691,ROTATE
-509.3448,-3.3454,-63.7138,0.3757,513.3253,0.9424,0.003,518.6761,44.2999,0.3738,2.5e-05,0.0063,0.0043,-0.3714,ROTATE
-509.8759,-36.2169,-40.3304,0.3532,512.7491,0.5762,0.0225,515.1332,10.9839,0.369,8.4e-05,0.006,0.0322,-0.365,ROTATE
-510.3007,-61.0704,-15.8175,0.3354,514.1854,1.4363,0.0179,513.7145,1.5974,0.3632,0.000273,0.0043,0.0622,-0.3548,ROTATE
-510.6406,-70.3688,-1.754,0.3067,515.4693,1.2839,0.0287,513.6224,1.2231,0.35,0.000717,-0.0008,0.0879,-0.3358,ROTATE
-510.9124,-18.9513,12.2406,0.3032,511.4103,4.059,0.0035,513.4279,1.8566,0.3349,0.00076,-0.0076,0.1191,-0.3071,ROTATE
-511.1299,-7.561,38.0112,0.3495,512.5972,1.1869,0.0462,513.2822,1.9713,0.3296,0.000441,-0.0112,0.1655,-0.2707,ROTATE
-511.304,-40.2988,58.2058,0.3921,516.1818,3.5846,0.0427,513.9688,3.1246,0.3374,0.001051,-0.0123,0.2195,-0.2337,ROTATE
-511.4432,-71.0703,72.6647,0.4241,521.4454,5.2636,0.0319,515.4208,12.1868,0.3551,0.002238,-0.0132,0.2761,-0.1967,ROTATE
-511.5545,-96.425,80.8724,0.437,526.8075,5.3621,0.0129,517.6884,32.9756,0.3812,0.002431,-0.0117,0.3353,-0.1603,ROTATE
-511.6436,-116.5213,83.1666,0.4454,531.2938,4.4863,0.0084,521.6652,46.2996,0.4096,0.001233,-0.0083,0.385,-0.1261,ROTATE
-511.7149,-130.3014,75.6583,0.4544,533.4368,2.143,0.0089,525.833,40.1969,0.4306,0.00047,-0.0061,0.4169,-0.0937,ROTATE
-511.7719,-139.4067,66.2017,0.4578,534.5347,1.098,0.0034,529.5036,23.2381,0.4437,0.000149,-0.0014,0.4365,-0.0592,ROTATE
-511.8175,-132.091,47.4019,0.4554,530.7091,3.8256,0.0024,531.3563,7.109,0.45,6e-05,0.0085,0.4459,-0.0241,ROTATE
-511.854,-102.6478,28.8247,0.4449,522.8403,7.8688,0.0105,530.5629,16.8456,0.4516,2.9e-05,0.0196,0.4485,0.0044,ROTATE
-511.8832,-13.5776,44.041,0.4143,513.9537,8.8866,0.0306,527.0949,59.8849,0.4454,0.00026,0.0258,0.4417,0.0318,ROTATE
-511.9066,25.1223,64.2328,0.4181,516.532,2.5782,0.0038,523.714,62.7254,0.4381,0.000339,0.0252,0.4268,0.0724,ROTATE
-511.9253,51.1572,59.6237,0.4808,517.9185,1.3865,0.0627,520.3907,34.9813,0.4427,0.000606,0.0179,0.4109,0.1285,ROTATE
-472.0965,57.1664,42.3552,0.501,477.4275,40.4909,0.0202,509.7344,269.2977,0.4518,0.00117,0.005,0.3936,0.1875,ROTATE
-426.6709,56.3112,19.4623,0.492,430.8106,46.6169,0.009,491.3285,1141.9583,0.4613,0.001395,-0.0106,0.3734,0.2491,ROTATE
-443.7368,36.8146,5.9105,0.4776,445.3005,14.4899,0.0144,477.5978,1274.7614,0.4739,0.000847,-0.0222,0.3539,0.3067,ROTATE
-457.3894,16.9923,-9.8185,0.4628,457.8102,12.5097,0.0147,465.8535,911.9676,0.4829,0.000169,-0.028,0.3339,0.345,ROTATE
-468.3115,-23.2561,-21.2767,0.4271,469.3711,11.5609,0.0357,456.144,278.0161,0.4721,0.000674,-0.0299,0.3069,0.3558,ROTATE
-477.0492,-107.0705,-39.8776,0.3839,490.5408,21.1697,0.0432,458.7667,417.1681,0.4487,0.001515,-0.0305,0.2756,0.3515,ROTATE
-484.0394,-180.2533,-57.6177,0.3968,519.7164,29.1756,0.0129,476.5478,687.6655,0.4296,0.001316,-0.0297,0.2419,0.3519,ROTATE
-489.6315,-178.4964,-66.0129,0.4863,525.3168,5.6003,0.0895,492.5511,711.9651,0.4314,0.001494,-0.0275,0.2075,0.3725,ROTATE
-494.1052,-75.5659,-66.0697,0.4754,504.1977,21.119,0.0109,501.8286,411.6371,0.4339,0.001677,-0.0246,0.1748,0.3911,ROTATE
-497.6841,-5.9433,-40.3995,0.4463,499.3565,4.8412,0.0291,507.8256,166.1967,0.4377,0.001684,-0.0225,0.143,0.4087,ROTATE
-500.5473,17.3422,-0.529,0.4114,500.8479,1.4914,0.0349,509.8871,111.9318,0.4432,0.001213,-0.024,0.1106,0.4259,ROTATE
-488.7285,14.8863,47.2174,0.3883,491.2297,9.6183,0.0231,504.1898,129.7685,0.4415,0.001383,-0.0276,0.0785,0.4315,ROTATE
-493.3828,-31.166,94.0646,0.311,503.2355,12.0059,0.0773,499.7735,21.1769,0.4065,0.003161,-0.0299,0.0482,0.4001,ROTATE
-457.6156,-127.3328,115.5048,0.3197,488.8425,14.393,0.0087,496.7025,31.728,0.3753,0.002746,-0.032,0.0229,0.3716,ROTATE
-468.4925,-144.6319,79.8851,0.3372,496.7748,7.9323,0.0175,496.1861,30.0536,0.3535,0.001554,-0.0313,0.0137,0.351,ROTATE
-477.194,-130.8618,39.0424,0.3257,496.3499,0.4249,0.0115,495.2865,24.9031,0.3364,0.000746,-0.0233,0.0105,0.3344,ROTATE
-484.1552,-128.0113,9.6808,0.2863,500.886,4.5362,0.0394,497.2178,24.1528,0.316,0.000293,-0.0146,0.0085,0.3145,ROTATE
-489.7242,-139.7434,23.4697,0.2594,509.8125,8.9265,0.0269,498.5331,46.9053,0.3057,0.000822,-0.0067,0.0017,0.3036,ROTATE
-494.1793,-145.851,22.0632,0.2524,515.7252,5.9127,0.007,503.9097,58.33,0.2922,0.001168,0.0024,-0.0135,0.2872,ROTATE
-497.7435,-157.6902,24.26,0.2879,522.6885,6.9633,0.0354,509.0924,91.8167,0.2823,0.000669,0.0083,-0.05,0.2701,ROTATE
-500.5948,-173.4646,42.4236,0.3259,531.493,8.8045,0.038,516.1211,110.298,0.2824,0.000672,0.0109,-0.0964,0.2563,ROTATE
-502.8758,-192.5342,59.8639,0.3452,541.7908,10.2977,0.0193,524.3021,128.7357,0.2942,0.00132,0.0161,-0.1446,0.2481,ROTATE
-504.7007,-200.7399,62.3192,0.3576,546.7202,4.9294,0.0124,531.6836,132.774,0.3138,0.001498,0.0228,-0.1883,0.244,ROTATE
-506.1605,-193.3294,59.4929,0.3558,545.0818,1.6384,0.0018,537.5549,83.2707,0.3345,0.000671,0.0294,-0.2291,0.2365,ROTATE
-507.3284,-206.401,82.1881,0.3471,553.8397,8.7579,0.0087,543.7852,53.2927,0.3463,0.000128,0.0363,-0.2645,0.2113,ROTATE
-508.2628,-230.9115,134.1817,0.3641,574.1566,20.3169,0.017,552.3179,134.7524,0.354,4.9e-05,0.0425,-0.295,0.1741,ROTATE
-509.0102,-227.6417,143.111,0.4001,575.6674,1.5107,0.0359,559.0931,175.724,0.365,0.000338,0.0517,-0.3248,0.1345,ROTATE
-509.6082,-150.4946,100.7044,0.4169,540.8239,34.8435,0.0168,557.9139,210.4686,0.3768,0.000726,0.0606,-0.3529,0.091,ROTATE
-510.0865,-110.0582,79.0698,0.3847,527.7813,13.0425,0.0322,554.4538,347.158,0.3826,0.000617,0.0712,-0.3687,0.0469,ROTATE
-510.4692,-152.5278,58.9715,0.388,536.0234,8.2421,0.0033,550.8905,402.3213,0.3908,0.000305,0.0799,-0.3798,0.017,ROTATE
-510.7754,-168.0785,35.9209,0.3827,538.9176,2.8942,0.0054,543.8427,273.0576,0.3945,0.000162,0.0854,-0.3835,-0.0052,ROTATE
-511.0203,-187.7222,21.8336,0.3886,544.8468,5.9292,0.0059,537.6786,32.7014,0.3922,0.000157,0.0876,-0.3798,-0.0299,ROTATE
-511.2162,-219.4621,-7.4081,0.3804,556.3817,11.5349,0.0082,540.7902,91.0018,0.3849,1e-05,0.085,-0.3687,-0.0579,ROTATE
-511.373,-241.6384,-60.7359,0.3739,568.8412,12.4595,0.0065,549.0021,147.0913,0.3827,2.9e-05,0.0786,-0.3605,-0.0862,ROTATE
-511.4984,-247.3201,-136.0793,0.3776,584.2221,15.3809,0.0037,558.6419,268.5667,0.3806,2.4e-05,0.0746,-0.3489,-0.119,ROTATE
-511.5987,-215.8811,-163.676,0.3955,578.9022,5.3199,0.0179,566.6388,208.9027,0.3832,6.1e-05,0.0707,-0.3397,-0.1536,ROTATE
-511.679,-174.4455,-143.5408,0.413,559.3304,19.5717,0.0175,569.5355,116.2159,0.3881,0.000209,0.0627,-0.3331,-0.1849,ROTATE
-511.7432,-135.1877,-86.4451,0.4169,536.311,23.0194,0.0039,565.5214,286.2711,0.3954,0.000309,0.056,-0.3293,-0.2097,ROTATE
-511.7945,-99.1939,-12.4811,0.4061,521.468,14.8431,0.0108,556.0468,582.4389,0.4018,0.000199,0.049,-0.3251,-0.2296,ROTATE
-511.8356,-50.7989,48.9182,0.3843,516.6713,4.7966,0.0218,542.5366,551.229,0.4032,0.000141,0.0427,-0.3145,-0.2465,ROTATE
-511.8685,-19.9047,85.2127,0.3706,519.2945,2.6232,0.0138,530.6151,252.654,0.3982,0.000317,0.0392,-0.293,-0.2627,ROTATE
-506.4354,-33.7425,106.5108,0.3877,518.6135,0.681,0.0171,522.4717,50.2319,0.3931,0.000269,0.037,-0.2632,-0.2835,ROTATE
-469.1234,-74.7596,120.4118,0.3817,490.066,28.5474,0.006,513.2227,136.407,0.3861,0.000133,0.0362,-0.2286,-0.3029,ROTATE
-442.7705,-109.639,115.2357,0.3885,470.4739,19.5921,0.0068,503.0238,384.285,0.3825,4.2e-05,0.0348,-0.1932,-0.3234,ROTATE
-456.6164,-158.7112,110.8573,0.3973,495.9608,25.4869,0.0088,498.8817,339.8546,0.3851,7.8e-05,0.0322,-0.1637,-0.344,ROTATE
-467.6931,-188.9189,105.7421,0.3699,515.3723,19.4115,0.0274,498.0973,310.291,0.385,8.2e-05,0.0267,-0.1409,-0.3557,ROTATE
-476.5545,-188.4664,105.6437,0.3392,523.2441,7.8718,0.0307,499.0234,351.7228,0.3753,0.000406,0.0195,-0.1197,-0.3542,ROTATE
-467.3968,-155.1138,95.0462,0.3149,501.5514,21.6927,0.0243,501.3205,331.6773,0.3619,0.00095,0.011,-0.0989,-0.3472,ROTATE
-437.9112,-109.5629,69.3588,0.2963,456.7065,44.8448,0.0185,498.567,531.8746,0.3435,0.00133,0.0035,-0.0787,-0.3332,ROTATE
-413.0414,-55.2691,21.2558,0.2611,417.2646,39.442,0.0353,482.8277,1604.8103,0.3163,0.001369,-0.0036,-0.0541,-0.3097,ROTATE
-324.2019,-7.9527,-45.3516,0.2616,327.4552,89.8094,0.0005,445.2443,4808.5957,0.2946,0.000924,-0.0082,-0.0237,-0.2902,ROTATE
-361.7615,-61.4153,-33.9813,0.3827,368.5078,41.0526,0.1212,414.2971,3811.7708,0.3033,0.002003,-0.0103,-0.0151,-0.3005,ROTATE
-391.8092,-100.8229,27.8493,0.3469,405.5309,37.0231,0.0358,395.093,1935.6813,0.3097,0.002316,-0.0118,-0.0192,-0.3062,ROTATE
-415.8474,-125.2396,81.9201,0.3314,441.9558,36.4249,0.0156,392.1429,1606.9563,0.3167,0.002324,-0.0126,-0.0252,-0.3124,ROTATE
-435.0779,-142.8792,122.4142,0.3203,474.0174,32.0616,0.011,403.4934,2692.5884,0.3286,0.001567,-0.0134,-0.0315,-0.324,ROTATE
-450.4623,-160.6471,146.3407,0.3144,500.1394,26.122,0.0059,438.0303,2211.522,0.3392,0.000597,-0.0158,-0.0382,-0.3352,ROTATE
-462.7699,-182.2552,160.1851,0.3036,522.5248,22.3854,0.0108,468.8336,1723.863,0.3233,0.00022,-0.019,-0.0205,-0.3189,ROTATE
-472.6159,-197.7291,148.3887,0.2894,533.3683,10.8436,0.0143,494.4011,1101.6648,0.3118,0.000206,-0.0227,0.0065,-0.3076,ROTATE
-480.4927,-216.2927,125.261,0.2765,541.6144,8.246,0.0129,514.3329,600.1064,0.3009,0.000259,-0.0276,0.0359,-0.2944,ROTATE
-486.7942,-191.4592,106.115,0.2752,533.7468,7.8676,0.0013,526.2787,207.7146,0.2918,0.000233,-0.0313,0.0663,-0.2792,ROTATE
-491.8354,-140.058,135.7795,0.2902,529.1071,4.6396,0.015,532.0723,39.0965,0.287,0.000108,-0.0336,0.0991,-0.2619,ROTATE
-495.8683,-95.6245,166.3955,0.3165,531.7112,2.6041,0.0263,533.9095,17.5159,0.2896,0.000221,-0.0351,0.1356,-0.2451,ROTATE
-499.0946,-91.8559,197.6414,0.3341,544.6054,12.8942,0.0176,536.157,35.2867,0.2985,0.000538,-0.0382,0.1776,-0.2274,ROTATE
-501.6757,-83.6222,224.3475,0.3581,555.8804,11.275,0.0239,539.0102,98.9917,0.3148,0.000884,-0.041,0.2195,-0.2142,ROTATE
-503.7406,-65.9852,252.5436,0.3626,567.3508,11.4704,0.0045,545.731,208.9196,0.3323,0.000721,-0.0444,0.256,-0.2026,ROTATE
-505.3925,-33.8538,269.8224,0.3698,573.9092,6.5584,0.0072,554.6914,232.1622,0.3482,0.000394,-0.0489,0.2842,-0.193,ROTATE
-506.714,-32.5331,268.511,0.3772,574.3828,0.4736,0.0074,563.2257,131.2607,0.3603,0.000214,-0.048,0.3088,-0.1758,ROTATE
-507.7712,-39.7014,255.1713,0.3897,569.6667,4.7161,0.0125,568.238,45.0921,0.3714,0.000125,-0.0438,0.3306,-0.1561,ROTATE
-508.6169,-48.7924,252.5652,0.4066,569.9658,0.2991,0.0169,571.0551,7.2111,0.3812,0.000242,-0.0391,0.3509,-0.1329,ROTATE
-509.2935,-62.6214,242.5647,0.4147,567.5729,2.3929,0.0081,571.0995,6.8899,0.3916,0.00029,-0.0332,0.3716,-0.1056,ROTATE
-509.8348,-57.5096,218.7267,0.4148,557.7457,9.8271,0.0,567.8668,30.5253,0.4006,0.000221,-0.0247,0.3907,-0.0744,ROTATE
-510.2679,-39.6452,183.0658,0.4099,543.5606,14.1851,0.0049,561.7023,102.1915,0.4071,8.6e-05,-0.0213,0.402,-0.049,ROTATE
-510.6143,-8.1568,138.2057,0.415,529.0504,14.5102,0.0051,553.5791,236.7475,0.4122,1.2e-05,-0.0161,0.4096,-0.0275,ROTATE
-510.8914,26.9839,94.9521,0.4231,520.3404,8.71,0.0081,543.654,305.4974,0.4155,1.8e-05,-0.0114,0.4144,-0.0075,ROTATE
-423.6319,58.4465,53.6304,0.4303,430.9944,89.3459,0.0072,516.3383,1983.3635,0.4186,5.2e-05,-0.0082,0.418,0.0089,ROTATE
-262.1524,111.9916,25.4481,0.4079,286.2055,144.7889,0.0224,462.0303,9283.3057,0.4172,7e-05,-0.0049,0.4165,0.0194,ROTATE
-312.1219,72.5152,35.7772,0.3693,322.4261,36.2205,0.0386,417.8034,9895.7139,0.4091,0.000454,-0.0044,0.4084,0.0185,ROTATE
-352.0976,-4.366,63.0499,0.3386,357.7248,35.2988,0.0306,383.5382,6968.3218,0.3938,0.001206,-0.0062,0.3931,0.0166,ROTATE
-384.0781,-77.5303,94.3774,0.3339,403.031,45.3062,0.0048,360.0764,2750.8901,0.376,0.001436,-0.0081,0.3742,0.0247,ROTATE
-409.6624,-115.1805,107.4363,0.3574,438.8991,35.8681,0.0235,361.6573,2985.1208,0.3614,0.000703,-0.0096,0.3548,0.0443,ROTATE
-430.1299,-120.0194,97.3397,0.3864,457.0464,18.1473,0.029,395.8255,2498.8794,0.3571,0.000378,-0.0128,0.3408,0.076,ROTATE
-446.504,-97.4687,78.9436,0.4076,463.7866,6.7402,0.0212,424.0976,1545.8149,0.3648,0.0008,-0.0142,0.3344,0.1231,ROTATE
-459.6032,-71.9843,55.9455,0.4169,468.5581,4.7715,0.0093,446.2643,568.733,0.3804,0.000961,-0.0162,0.3317,0.1744,ROTATE
-470.0826,-46.4031,35.0158,0.4198,473.6633,5.1052,0.003,460.3907,145.4949,0.3976,0.000542,-0.0184,0.3274,0.2191,ROTATE
-478.466,3.3525,24.5626,0.4643,479.1078,5.4445,0.0445,468.4325,58.5134,0.419,0.000649,-0.0205,0.319,0.2651,ROTATE
-426.9447,99.7414,20.7907,0.4525,438.9332,40.1746,0.0118,464.8098,193.5025,0.4322,0.000486,-0.023,0.3055,0.2999,ROTATE
-438.012,182.19,28.6357,0.4222,475.2554,36.3222,0.0303,467.1036,209.8538,0.4351,0.000377,-0.0253,0.2881,0.3219,ROTATE
-440.3596,220.0239,43.3804,0.3883,494.175,18.9196,0.0339,472.227,329.7544,0.4294,0.000717,-0.0265,0.2692,0.3322,ROTATE
-416.7002,226.9597,56.2325,0.345,477.8199,16.3551,0.0433,473.0583,334.9069,0.4145,0.001899,-0.0268,0.2507,0.3289,ROTATE
-435.7602,162.874,70.9422,0.3198,470.5823,7.2376,0.0252,471.3532,325.9063,0.3856,0.002359,-0.0259,0.2322,0.3066,ROTATE
-343.9519,84.968,28.6913,0.3542,355.4513,115.131,0.0344,454.6568,2523.5742,0.3659,0.001274,-0.0229,0.2259,0.2865,ROTATE
-326.4646,50.0588,1.278,0.323,330.2827,25.1686,0.0311,425.6623,4691.8125,0.3461,0.000614,-0.0213,0.2145,0.2704,ROTATE
-363.5717,34.3595,11.8037,0.3124,365.3824,35.0997,0.0106,399.9037,3816.2429,0.3309,0.000254,-0.0177,0.2023,0.2606,ROTATE
-393.2574,61.8876,1.7898,0.3258,398.1013,32.7189,0.0133,383.96,2348.5037,0.327,0.000204,-0.0135,0.194,0.2619,ROTATE
-417.0059,76.257,3.5475,0.3127,423.9359,25.8346,0.0131,374.6307,1080.3989,0.3256,0.000233,-0.0124,0.1852,0.2662,ROTATE
-436.0047,55.3681,1.2974,0.305,439.5082,15.5723,0.0077,391.4421,1566.0237,0.3158,5.8e-05,-0.0128,0.1662,0.2676,ROTATE
-451.2038,25.9663,-2.2465,0.2946,451.9559,12.4478,0.0104,415.7768,958.1396,0.3101,0.000105,-0.0116,0.1533,0.2689,ROTATE
-463.363,10.4512,-19.1847,0.2785,463.8778,11.9218,0.0161,435.4758,524.9098,0.3033,0.000257,-0.0119,0.138,0.2689,ROTATE
-473.0904,19.8328,-12.7478,0.2708,473.6775,9.7997,0.0077,450.5911,308.9426,0.2923,0.000247,-0.0145,0.1163,0.2661,ROTATE
-480.8723,18.4131,38.3424,0.2732,482.7498,9.0723,0.0024,462.3538,235.3169,0.2844,0.000174,-0.0194,0.0956,0.2649,ROTATE
-487.0979,1.1274,54.9677,0.2806,490.1909,7.441,0.0073,472.4904,183.1626,0.2795,6.9e-05,-0.0212,0.0713,0.2669,ROTATE
-492.0783,-40.2918,35.1273,0.2827,494.9731,4.7823,0.0022,481.0938,125.9055,0.2772,2e-05,-0.0209,0.0443,0.2703,ROTATE
-496.0627,-86.2866,8.5893,0.2907,503.5845,8.6113,0.008,489.0352,104.7281,0.2796,5e-05,-0.0203,0.0173,0.2754,ROTATE
-499.2501,-123.0793,-16.4035,0.3145,514.4592,10.8747,0.0238,497.1915,120.3069,0.2883,0.000202,-0.0173,-0.011,0.2839,ROTATE
-501.8001,-154.0228,-56.4853,0.3311,527.9365,13.4774,0.0165,506.2289,185.9724,0.2999,0.000388,-0.0069,-0.0415,0.2936,ROTATE
-503.8401,-159.7057,-85.7101,0.3432,535.4503,7.5137,0.0122,515.2807,223.3709,0.3124,0.000531,0.0014,-0.073,0.3008,ROTATE
-505.4721,-151.549,-102.4306,0.3472,537.5511,2.1008,0.004,523.7963,167.5701,0.3253,0.00043,0.0092,-0.1043,0.3053,ROTATE
-506.7776,-136.8361,-123.1914,0.3533,539.1881,1.637,0.0061,530.9171,82.5433,0.3379,0.000189,0.0174,-0.1341,0.3069,ROTATE
-507.8221,-114.3157,-146.35,0.3529,540.7122,1.5241,0.0004,536.1676,19.9913,0.3455,6.6e-05,0.0227,-0.1599,0.303,ROTATE
-458.2421,-109.9713,-109.8487,0.3506,483.8866,56.8256,0.0023,527.3576,475.4866,0.3494,1.4e-05,0.0218,-0.1817,0.2959,ROTATE
-382.653,-98.5583,-68.2384,0.3606,400.9907,82.8959,0.01,500.4657,2932.9341,0.3529,2e-05,0.0197,-0.1968,0.2914,ROTATE
-242.4599,-104.3717,-19.0094,0.3704,264.6538,136.3369,0.0097,445.8863,10800.4082,0.3575,5.2e-05,0.0149,-0.2078,0.2902,ROTATE
-128.0086,-132.888,46.2299,0.35,190.2173,74.4365,0.0204,376.0921,17261.4648,0.3569,6e-05,0.0113,-0.2143,0.285,ROTATE
-121.3412,-187.4573,96.559,0.3018,243.2849,53.0676,0.0482,316.6067,11830.541,0.3467,0.00056,0.0112,-0.2137,0.2722,ROTATE
-199.473,-213.1658,129.519,0.2762,319.3811,76.0962,0.0256,283.7056,5153.0825,0.3318,0.001329,0.0169,-0.2096,0.2554,ROTATE
-251.4909,-214.8201,148.509,0.329,362.5607,43.1796,0.0528,276.0196,3586.4739,0.3254,0.001124,0.0256,-0.205,0.25,ROTATE
-231.6896,-148.5561,172.6853,0.3376,324.9142,37.6466,0.0086,288.0716,3893.521,0.3189,0.000707,0.0344,-0.1982,0.246,ROTATE
-287.7517,-70.8355,182.6889,0.318,348.1292,23.215,0.0196,319.654,1702.361,0.3125,0.000473,0.0416,-0.1897,0.2435,ROTATE
-332.6013,-17.1028,178.7042,0.2935,377.9568,29.8277,0.0245,346.5884,490.2954,0.3108,0.00052,0.047,-0.1849,0.2446,ROTATE
-368.4811,19.424,179.4821,0.2887,410.3285,32.3716,0.0048,364.7779,823.9505,0.3133,0.000371,0.0486,-0.1853,0.2474,ROTATE
-397.1849,33.5392,190.8982,0.2686,441.9534,31.625,0.0201,380.6564,1762.0525,0.3013,0.000576,0.0471,-0.1895,0.2269,ROTATE
-420.1479,23.5189,201.4092,0.2598,466.5223,24.5689,0.0088,408.9781,1813.0883,0.2857,0.000416,0.0453,-0.197,0.197,ROTATE
-438.5183,5.1182,200.8367,0.2632,482.3483,15.826,0.0034,435.8219,1428.6199,0.2748,0.000188,0.0413,-0.2076,0.1692,ROTATE
-453.2147,-26.3117,175.4663,0.2536,486.7076,4.3592,0.0096,457.572,803.7493,0.2668,0.000144,0.0364,-0.2174,0.1453,ROTATE
-464.9717,-68.3337,134.248,0.2521,488.7645,2.057,0.0015,473.2592,305.8645,0.2594,3.7e-05,0.0346,-0.2258,0.1198,ROTATE
-474.3774,-77.4326,105.7234,0.2824,492.1454,3.3809,0.0303,483.2976,80.4222,0.2622,0.000119,0.0315,-0.2357,0.1091,ROTATE
-481.9019,-26.1742,90.7725,0.2927,491.0745,1.0709,0.0102,488.2081,12.1235,0.2688,0.000259,0.0322,-0.2449,0.1052,ROTATE
-487.9215,26.3638,73.8274,0.2944,494.1791,3.1046,0.0017,490.5742,6.788,0.275,0.000345,0.0339,-0.2536,0.1,ROTATE
-492.7372,72.3504,61.3619,0.2967,501.7867,7.6076,0.0023,493.59,19.8463,0.2837,0.000273,0.0356,-0.2658,0.09,ROTATE
-496.5898,115.4647,47.5708,0.3081,512.0512,10.2646,0.0114,498.2474,61.6613,0.2949,6.8e-05,0.0351,-0.2796,0.0796,ROTATE
-499.6718,140.128,32.9597,0.3205,519.9943,7.9431,0.0124,503.8172,117.7781,0.3025,0.00011,0.0356,-0.2916,0.0586,ROTATE
-502.1375,164.7899,28.2459,0.3367,529.2406,9.2463,0.0162,511.4504,156.3075,0.3113,0.000247,0.0319,-0.305,0.0319,ROTATE
-504.11,188.0194,44.5124,0.3522,539.8699,10.6293,0.0155,520.5885,174.6756,0.3228,0.000392,0.0269,-0.3187,0.0003,ROTATE
-505.688,199.3468,76.1974,0.3628,548.8766,9.0067,0.0106,530.0065,175.3178,0.336,0.0004,0.0226,-0.3303,-0.0322,ROTATE
-506.9504,199.2431,96.5235,0.3711,553.1847,4.3081,0.0084,538.2333,150.6062,0.3486,0.000331,0.0176,-0.3382,-0.0656,ROTATE
-507.9603,220.6694,109.9938,0.377,564.6391,11.4544,0.0058,547.1622,143.8027,0.3599,0.000205,0.0114,-0.3418,-0.1004,ROTATE
-508.7682,264.2106,158.5576,0.3895,594.8049,30.1658,0.0126,560.275,361.5846,0.3705,0.00016,0.0051,-0.3401,-0.1382,ROTATE
-509.4146,275.1528,194.3273,0.4048,610.7171,15.9122,0.0152,574.4445,586.4179,0.381,0.000217,0.003,-0.3366,-0.1723,ROTATE
-509.9317,289.3723,225.415,0.4135,628.1549,17.4378,0.0087,590.3002,781.2348,0.3912,0.000258,-0.0003,-0.3314,-0.2033,ROTATE
-510.3454,284.3978,258.8132,0.4154,638.9983,10.8434,0.0019,607.4629,685.4667,0.4,0.000216,-0.0018,-0.3238,-0.2319,ROTATE
-506.1951,258.5964,238.3568,0.4175,616.3761,22.6222,0.0021,617.8102,227.5124,0.4081,0.000105,0.0011,-0.3155,-0.257,ROTATE
-458.2811,222.5334,193.7323,0.4171,545.0458,71.3303,0.0003,607.8584,1081.558,0.4137,2.2e-05,0.0061,-0.3062,-0.2762,ROTATE
-405.028,184.9111,151.0015,0.414,470.1502,74.8955,0.0031,579.745,4082.2715,0.4155,3e-06,0.0073,-0.2925,-0.2934,ROTATE
-359.9818,147.0632,118.6012,0.4072,406.5473,63.6029,0.0068,535.4235,7648.6641,0.4142,1.4e-05,0.008,-0.2765,-0.3069,ROTATE
-350.9698,109.3537,89.306,0.4048,378.3036,28.2437,0.0024,483.2846,7721.9854,0.4121,2.7e-05,0.0058,-0.2612,-0.3174,ROTATE
-383.1758,89.0267,89.5229,0.4102,403.44,25.1364,0.0054,440.6974,3640.677,0.4107,2e-05,-0.0015,-0.2446,-0.3285,ROTATE
-408.9407,62.6307,91.2277,0.4065,423.6479,20.2079,0.0037,416.4178,931.5986,0.4085,1.1e-05,-0.0102,-0.2298,-0.3366,ROTATE
-429.5526,45.739,89.8165,0.3914,441.2193,17.5714,0.0151,410.6317,443.7067,0.404,4.3e-05,-0.0185,-0.2172,-0.3395,ROTATE
-446.0421,38.7412,89.1532,0.3801,456.5114,15.2921,0.0113,420.6245,761.5052,0.3986,0.000126,-0.025,-0.2054,-0.3403,ROTATE
-459.2336,41.5023,71.8945,0.3802,466.6763,10.1649,0.0001,438.299,515.0594,0.3937,0.000162,-0.0284,-0.1943,-0.341,ROTATE
-469.7869,50.7769,43.5343,0.3818,474.5243,7.8479,0.0016,452.5158,332.3644,0.388,0.000103,-0.0284,-0.1846,-0.3398,ROTATE
-478.2296,53.8777,15.1712,0.3809,481.494,6.9698,0.0009,464.0851,199.7932,0.3829,1.9e-05,-0.0266,-0.1723,-0.3403,ROTATE
-484.9836,39.5241,-2.9912,0.3784,486.6007,5.1067,0.0025,473.1613,114.2364,0.3803,1e-06,-0.0226,-0.1574,-0.3446,ROTATE
-490.3869,-3.687,-3.121,0.3608,490.4107,3.81,0.0176,479.9412,72.334,0.3764,6.2e-05,-0.0193,-0.1415,-0.3472,ROTATE
-494.7095,-12.4183,21.1375,0.3449,495.3166,4.9059,0.0159,485.6693,51.6126,0.3694,0.000208,-0.0197,-0.1227,-0.3467,ROTATE
-498.1676,-5.6784,49.4819,0.3263,500.6513,5.3347,0.0186,490.8947,44.3579,0.3583,0.000424,-0.0198,-0.1023,-0.3418,ROTATE
-491.781,-2.2177,33.1824,0.3079,492.9042,7.7471,0.0184,493.1767,22.2834,0.3437,0.000616,-0.0157,-0.0818,-0.3325,ROTATE
-352.7935,5.0133,-62.8072,0.307,358.3757,134.5285,0.001,467.5317,2990.2285,0.3294,0.00044,-0.0135,-0.0709,-0.3208,ROTATE
-179.838,4.3513,-146.8739,0.3073,232.2339,126.1419,0.0003,415.8963,11292.3438,0.3187,0.000226,-0.0098,-0.0633,-0.3117,ROTATE
-41.4735,-2.3127,-210.4366,0.3018,214.497,17.7368,0.0054,359.7324,14988.7783,0.3101,7.1e-05,-0.0025,-0.0589,-0.3041,ROTATE
69.2181,-1.1002,-214.843,0.2918,225.7208,11.2238,0.0101,304.7463,11585.5049,0.3032,3.7e-05,0.0044,-0.0621,-0.2964,ROTATE
123.5932,31.7073,-175.3119,0.2673,216.8292,8.8916,0.0245,249.5313,3002.0154,0.295,0.000224,0.0045,-0.0714,-0.2858,ROTATE
100.359,84.8409,-119.4496,0.2358,177.5897,39.2396,0.0315,213.3741,360.3714,0.2808,0.000695,0.0053,-0.0718,-0.271,ROTATE
29.7215,134.6071,-52.0284,0.2183,147.3411,30.2486,0.0175,196.3956,873.0349,0.263,0.001019,0.006,-0.0678,-0.2536,ROTATE
-78.6228,140.6294,-51.3446,0.2239,169.0989,21.7579,0.0056,187.3159,874.084,0.2474,0.00078,0.0067,-0.0543,-0.2391,ROTATE
-131.3826,111.2942,-80.6007,0.2312,190.1164,21.0175,0.0072,180.1951,529.9585,0.2353,0.000292,0.0067,-0.0315,-0.2286,ROTATE
-192.5436,72.8385,-130.243,0.234,243.6016,53.4852,0.0028,185.5495,1036.9529,0.2286,4.3e-05,0.008,-0.0056,-0.2241,ROTATE
-241.8317,38.2176,-154.1476,0.2163,289.3176,45.716,0.0177,207.8951,2678.5171,0.2247,4.8e-05,0.0083,0.0132,-0.2221,ROTATE
-295.8654,26.196,-142.8837,0.2051,329.6032,40.2857,0.0112,244.3475,3578.9526,0.2221,0.00011,0.0065,0.0235,-0.2203,ROTATE
-339.0923,26.8787,-108.5632,0.2011,357.0603,27.457,0.004,281.9398,3574.1353,0.2175,0.000177,0.0029,0.0214,-0.2158,ROTATE
-351.8395,-5.0971,-77.8162,0.2325,360.3781,3.3178,0.0314,315.9921,1958.7787,0.2178,0.000184,-0.0,0.0164,-0.2166,ROTATE
-335.3247,-87.8745,-66.5592,0.2469,352.9798,7.3983,0.0144,337.8678,705.7727,0.2204,0.000294,-0.0023,0.0137,-0.2196,ROTATE
-302.0316,-172.6996,-70.1505,0.2474,354.9216,1.9419,0.0006,350.9886,120.3589,0.2266,0.000399,-0.0027,0.0182,-0.2252,ROTATE
-344.0253,-207.8816,-84.8985,0.2209,410.8235,55.9018,0.0266,367.2326,481.0653,0.2297,0.000303,-0.0024,0.0277,-0.227,ROTATE
-336.2234,-180.7428,-55.9969,0.1951,385.8105,25.0129,0.0258,372.9827,496.3343,0.2285,0.000377,-0.0013,0.0328,-0.2256,ROTATE
-371.3787,-154.2724,-26.8819,0.2014,403.0443,17.2338,0.0063,381.5159,572.4833,0.2223,0.000483,-0.0001,0.034,-0.2193,ROTATE
-399.503,-108.971,-3.9493,0.176,414.117,11.0727,0.0254,393.7434,472.6762,0.2081,0.000591,-0.0003,0.0352,-0.2048,ROTATE
-422.0024,-77.6643,6.8999,0.1777,429.1449,15.0279,0.0018,408.5881,201.5401,0.1942,0.000273,-0.0019,0.0355,-0.1904,ROTATE
-440.0019,-46.7971,16.1762,0.1665,442.7791,13.6341,0.0113,414.9792,393.4992,0.1833,0.000167,-0.0025,0.0382,-0.1779,ROTATE
-454.4015,-19.8439,40.641,0.182,456.6467,13.8676,0.0156,429.1464,369.863,0.1807,0.000133,-0.0036,0.0499,-0.1717,ROTATE
-465.9212,-17.8345,65.2221,0.1996,470.802,14.1553,0.0176,442.6979,396.9933,0.1804,0.000118,-0.0062,0.0665,-0.1661,ROTATE
-475.137,-27.5832,79.1652,0.2167,482.476,11.674,0.0171,456.3698,363.1605,0.1885,0.000312,-0.0086,0.0848,-0.1667,ROTATE
-482.5096,-38.2291,84.2228,0.2302,491.2946,8.8186,0.0135,468.7997,304.3686,0.199,0.000527,-0.0115,0.1061,-0.1663,ROTATE
-488.4077,-46.1708,77.3126,0.2437,496.6397,5.3451,0.0135,479.5718,207.9284,0.2144,0.000476,-0.0146,0.1295,-0.1673,ROTATE
-493.1261,-64.0647,60.7845,0.2645,500.9715,4.3318,0.0208,488.4368,115.8178,0.2309,0.000495,-0.0172,0.1567,-0.1646,ROTATE
-496.9009,-81.1737,49.0651,0.2797,505.8726,4.9011,0.0152,495.4509,65.2246,0.247,0.000517,-0.0191,0.1856,-0.1572,ROTATE
-499.9207,-112.8702,22.8708,0.2882,513.0141,7.1415,0.0086,501.5585,55.9455,0.2613,0.00047,-0.0194,0.2121,-0.1473,ROTATE
-502.3366,-138.1712,10.2373,0.3106,521.0932,8.0791,0.0224,507.5182,75.679,0.2773,0.000505,-0.0195,0.239,-0.1359,ROTATE
-504.2693,-176.6151,-2.0321,0.3274,534.3075,13.2143,0.0169,515.0518,138.7894,0.2941,0.0005,-0.0205,0.2638,-0.125,ROTATE
-505.8154,-221.4264,12.7556,0.3318,552.3057,17.9982,0.0043,525.3186,271.3017,0.3075,0.000428,-0.0232,0.2831,-0.1155,ROTATE
-507.0523,-250.8568,35.2107,0.3675,566.8077,14.502,0.0357,537.5056,391.4167,0.3251,0.000683,-0.0257,0.3057,-0.1046,ROTATE
-463.645,-266.0635,61.6748,0.3781,538.108,28.6997,0.0105,542.5244,246.3341,0.3431,0.00065,-0.0287,0.3283,-0.0917,ROTATE
-385.6629,-275.2383,88.8336,0.3804,482.0616,56.0464,0.0023,534.7181,824.6862,0.357,0.000522,-0.0315,0.3457,-0.0791,ROTATE
-259.8241,-276.0938,100.2388,0.386,392.1532,89.9084,0.0056,506.2872,4081.2886,0.3687,0.000378,-0.0348,0.3598,-0.0682,ROTATE
-105.4624,-246.4032,99.6785,0.3776,285.9592,106.194,0.0083,453.0179,10529.0205,0.3779,3.6e-05,-0.0386,0.3713,-0.0569,ROTATE
18.027,-194.4788,85.9178,0.3564,213.3749,72.5843,0.0212,382.3314,14428.5654,0.3757,0.000102,-0.0426,0.37,-0.0483,ROTATE
116.8185,-127.7174,61.4561,0.3203,183.6713,29.7036,0.0362,311.444,12443.4453,0.3641,0.000582,-0.0445,0.359,-0.0409,ROTATE
195.8516,-66.9896,36.5368,0.288,210.1913,26.52,0.0323,257.07,5715.2588,0.3457,0.001347,-0.0449,0.3409,-0.0334,ROTATE
259.0782,4.6802,15.2419,0.2643,259.5684,49.377,0.0237,230.553,1363.8623,0.3213,0.001753,-0.0458,0.3168,-0.0255,ROTATE
309.6594,105.0786,29.7498,0.2144,328.3527,68.7844,0.0499,239.0317,2590.9619,0.2887,0.00234,-0.0478,0.2835,-0.0138,ROTATE
350.1244,186.4597,52.8373,0.1694,400.1826,71.8299,0.045,276.3932,6257.3447,0.2513,0.00287,-0.0461,0.2461,-0.0068,ROTATE
382.4964,251.5647,43.4511,0.1435,459.8655,59.6829,0.0259,331.6321,8218.9551,0.2159,0.002991,-0.0427,0.2098,-0.0101,ROTATE
408.394,280.883,22.1234,0.1321,496.1556,36.2901,0.0114,388.825,7411.957,0.1847,0.002384,-0.0401,0.1728,-0.0243,ROTATE
429.1121,270.2689,13.755,0.129,507.3181,11.1625,0.0031,438.3749,4423.4312,0.1577,0.001006,-0.0353,0.1338,-0.0446,ROTATE
445.6866,231.6057,63.0571,0.1054,506.2153,1.1028,0.0236,473.9474,1657.5146,0.1359,0.000434,-0.0265,0.0935,-0.068,ROTATE
458.9462,209.1096,126.0644,0.1087,519.8564,13.6411,0.0033,497.8822,417.9185,0.1237,0.00021,-0.0196,0.0526,-0.0874,ROTATE
463.1382,193.3221,168.9797,0.1155,529.5513,9.6949,0.0068,511.8193,135.2067,0.1181,0.000114,-0.0137,0.014,-0.099,ROTATE
472.9075,160.3795,185.4181,0.1089,532.6753,3.124,0.0065,519.1233,119.7828,0.1135,7.1e-05,-0.0059,-0.0181,-0.1004,ROTATE
480.7229,129.7724,184.0689,0.0875,530.8641,1.8112,0.0214,523.8325,97.3033,0.1052,8.9e-05,0.0028,-0.0422,-0.0915,ROTATE
486.9752,125.2335,158.9832,0.0632,527.3556,3.5085,0.0243,528.0605,19.8366,0.0968,0.00037,0.012,-0.0509,-0.0788,ROTATE
491.9771,149.84,61.9585,0.04,518.008,9.3476,0.0232,527.6909,26.4491,0.083,0.000797,0.0198,-0.0459,-0.0632,ROTATE
495.9785,171.6001,-31.4489,0.0523,525.7664,7.7584,0.0123,526.9338,25.9245,0.0704,0.000616,0.0254,-0.0402,-0.0489,ROTATE
499.1797,136.3082,-104.906,0.1078,527.9825,2.2161,0.0555,525.9954,18.6707,0.0702,0.000598,0.0298,-0.0433,-0.0444,ROTATE
470.6406,94.6684,-149.0498,0.1437,502.6734,25.3091,0.0359,520.3572,90.9237,0.0814,0.001492,0.033,-0.0554,-0.0468,ROTATE
443.1906,51.1566,-170.3429,0.1599,477.5475,25.1258,0.0163,510.3956,348.4273,0.1007,0.002285,0.0359,-0.0755,-0.0512,ROTATE
456.9494,86.3316,-132.2462,0.2396,483.4718,5.9242,0.0796,503.4883,434.1056,0.1406,0.00381,0.0393,-0.1167,-0.0309,ROTATE
467.9564,98.4746,-107.4939,0.2354,490.1382,6.6664,0.0041,496.3626,319.7133,0.1773,0.002705,0.0425,-0.1555,-0.0147,ROTATE
476.762,75.4016,-102.0263,0.2321,493.3526,3.2144,0.0034,489.4367,73.5936,0.2021,0.001721,0.0461,-0.1853,0.0039,ROTATE
483.8065,38.315,-106.6023,0.2367,496.8912,3.5386,0.0046,488.2802,48.3282,0.2207,0.00093,0.048,-0.2083,0.0232,ROTATE
489.4421,-22.7574,-96.0162,0.2473,499.2901,2.3989,0.0106,492.6287,30.6238,0.2382,2.7e-05,0.0495,-0.2283,0.0407,ROTATE
493.9506,-59.9246,-79.4349,0.2683,503.873,4.5829,0.0209,496.709,22.492,0.244,0.000174,0.0487,-0.2359,0.0354,ROTATE
497.5573,-56.9116,-54.7885,0.2867,503.7896,0.0834,0.0184,499.4393,16.4293,0.2542,0.000419,0.0458,-0.2463,0.0389,ROTATE
500.4427,-78.4012,-27.6433,0.3007,507.3005,3.5109,0.014,502.2289,13.5977,0.2679,0.000566,0.0406,-0.2554,0.0597,ROTATE
502.7511,-66.4928,-27.1209,0.3102,507.8538,0.5533,0.0095,504.4214,9.4202,0.2826,0.000511,0.0355,-0.2645,0.0834,ROTATE
504.5978,-54.5849,-2.903,0.3485,507.5498,0.304,0.0383,506.0734,3.3826,0.3029,0.000721,0.0281,-0.2765,0.1135,ROTATE
506.0751,-32.496,31.9058,0.372,508.1201,0.5702,0.0235,506.9228,2.5306,0.3236,0.001006,0.021,-0.2863,0.1444,ROTATE
507.257,-19.5593,58.1777,0.3713,510.9568,2.8367,0.0007,508.3562,1.7672,0.3405,0.0009,0.0168,-0.2902,0.1753,ROTATE
508.2025,-25.8818,68.9484,0.3703,513.5109,2.5541,0.0009,509.5983,5.3157,0.3545,0.000567,0.0155,-0.2924,0.1974,ROTATE
508.9589,-37.8617,77.0056,0.3734,516.142,2.631,0.0031,511.256,10.5233,0.3671,8.7e-05,0.0161,-0.2895,0.2226,ROTATE
509.564,-51.0456,86.6701,0.3937,519.3966,3.2546,0.0202,513.6253,15.4167,0.3761,7.8e-05,0.0168,-0.2787,0.2487,ROTATE
510.0481,-52.6802,102.7299,0.4104,522.9509,3.5543,0.0167,516.5914,17.9506,0.3838,0.00025,0.0166,-0.2626,0.2754,ROTATE
510.4353,-39.7505,131.2683,0.4214,528.5411,5.5901,0.011,520.1083,27.7912,0.3938,0.0004,0.0133,-0.2453,0.3037,ROTATE
510.7451,0.4309,154.3302,0.4241,533.5529,5.0118,0.0027,524.1167,39.1702,0.4046,0.000357,0.0075,-0.2245,0.3328,ROTATE
510.993,48.1791,148.5267,0.421,534.3176,0.7647,0.0031,527.7518,34.0484,0.4141,0.000126,0.0021,-0.2007,0.3589,ROTATE
511.1913,102.7276,131.7589,0.428,537.801,3.4834,0.007,531.4327,26.7349,0.421,3.4e-05,-0.002,-0.1754,0.3798,ROTATE
511.3499,150.2259,97.6196,0.4362,541.8267,4.0257,0.0082,535.2079,19.7021,0.4261,3.2e-05,-0.0044,-0.1509,0.3963,ROTATE
511.4768,179.6526,62.7082,0.4359,545.7251,3.8984,0.0003,538.6447,21.124,0.429,3.8e-05,-0.0066,-0.1279,0.4082,ROTATE
511.5783,205.9971,56.154,0.4281,554.3469,8.6218,0.0078,542.8035,47.9551,0.4299,3.3e-05,-0.0106,-0.1049,0.4156,ROTATE
507.9877,221.5508,63.3232,0.4223,557.8047,3.4578,0.0058,547.5009,56.4949,0.4301,2.8e-05,-0.0165,-0.0814,0.4205,ROTATE
473.0495,209.6625,73.1867,0.4065,522.5806,35.2241,0.0158,544.4568,152.6151,0.4258,0.00012,-0.0219,-0.0581,0.4194,ROTATE
386.624,182.3456,85.165,0.3917,435.8683,86.7123,0.0148,523.2651,2060.4375,0.4169,0.000252,-0.0268,-0.0344,0.4128,ROTATE
288.2554,143.0359,82.0257,0.3973,332.0823,103.7859,0.0055,480.5365,7443.9868,0.4092,0.000197,-0.0315,-0.0115,0.4067,ROTATE
181.7543,76.4818,68.2831,0.4087,208.6785,123.4039,0.0114,411.4028,16356.292,0.4053,0.00011,-0.0368,0.0072,0.403,ROTATE
88.0347,-11.5583,48.5233,0.4028,101.1841,107.4943,0.0058,320.0788,22976.6328,0.4014,3.8e-05,-0.0408,0.0169,0.3987,ROTATE
13.8622,-102.2279,42.3249,0.4002,111.5083,10.3242,0.0026,237.8643,16716.3477,0.4001,3.2e-05,-0.0446,0.0215,0.3969,ROTATE
113.4866,-151.7104,-33.0588,0.4543,192.323,80.8147,0.0541,189.1552,6917.4624,0.4127,0.000448,-0.0461,0.0382,0.4073,ROTATE
193.1862,-138.5496,-128.847,0.4716,270.4042,78.0812,0.0173,176.8196,3999.9426,0.4275,0.000874,-0.0441,0.0525,0.4207,ROTATE
256.9458,-107.6053,-205.4776,0.4408,346.1519,75.7477,0.0308,204.3143,8775.6699,0.4339,0.000796,-0.0394,0.059,0.4269,ROTATE
307.9535,-70.2061,-209.5852,0.4138,379.065,32.9131,0.0269,259.8904,9667.3506,0.4361,0.000679,-0.0351,0.0638,0.4291,ROTATE
348.7597,-33.0555,-192.9651,0.4019,399.9519,20.8869,0.0119,317.5792,5859.3496,0.4365,0.000655,-0.0315,0.0693,0.4294,ROTATE
381.4047,6.6462,-176.3471,0.3865,420.2523,20.3004,0.0154,363.165,2751.8103,0.4229,0.000908,-0.03,0.0618,0.4171,ROTATE
407.5206,42.192,-160.937,0.3621,440.1749,19.9227,0.0244,397.1192,1064.1167,0.401,0.000694,-0.0305,0.0587,0.3953,ROTATE
428.4134,63.0536,-148.0559,0.3334,457.6399,17.465,0.0287,419.4168,779.9515,0.3795,0.000831,-0.0306,0.0651,0.3718,ROTATE
445.1276,51.7116,-130.7885,0.3122,466.8172,9.1773,0.0212,436.9672,595.639,0.3592,0.00109,-0.0305,0.0787,0.3475,ROTATE
458.499,36.7162,-117.1058,0.3122,474.64,7.8228,0.0,451.9049,382.3269,0.3413,0.000845,-0.0301,0.0981,0.3231,ROTATE
469.196,28.9042,-115.6846,0.3144,484.1108,9.4708,0.0022,464.6766,226.2777,0.3269,0.000374,-0.0299,0.1201,0.2996,ROTATE
477.7537,21.8358,-119.6508,0.3134,492.9926,8.8818,0.0011,475.2401,154.9829,0.3171,6.7e-05,-0.03,0.1432,0.2783,ROTATE
484.5999,9.3281,-119.8894,0.3023,499.297,6.3044,0.0111,483.5716,139.3636,0.3109,1.9e-05,-0.0298,0.166,0.2577,ROTATE
490.0768,4.9281,-114.1709,0.3133,503.2241,3.9271,0.011,490.8529,107.4483,0.3111,2e-05,-0.0294,0.1874,0.2438,ROTATE
494.4583,0.3706,-97.1117,0.2903,503.9046,0.6805,0.023,496.7059,54.6892,0.3067,8.7e-05,-0.0283,0.2052,0.2232,ROTATE
478.8885,-38.5192,-86.8113,0.2955,488.2152,15.6894,0.0052,497.5268,36.7066,0.3029,8.6e-05,-0.0255,0.2244,0.1963,ROTATE
485.5077,-75.0122,-81.1021,0.3109,497.9178,9.7025,0.0154,498.5118,31.6554,0.3024,7.7e-05,-0.0221,0.2421,0.1738,ROTATE
490.803,-146.7285,-83.0598,0.3163,518.9565,21.0387,0.0054,502.4437,99.6696,0.3052,0.000108,-0.0188,0.259,0.1536,ROTATE
495.0393,-119.1422,-73.076,0.3594,514.3917,4.5648,0.0431,504.6772,123.1105,0.3145,0.000596,-0.0147,0.2782,0.1432,ROTATE
498.4283,-64.12,-80.1264,0.3735,508.8835,5.5082,0.0141,505.6729,125.5382,0.3311,0.000899,-0.0103,0.2991,0.141,ROTATE
501.1396,-19.6366,-102.3543,0.3772,511.8621,2.9786,0.0037,510.4023,49.8781,0.3475,0.000802,-0.0071,0.3155,0.1446,ROTATE
503.3085,-9.7281,-122.9115,0.3672,518.1904,6.3283,0.01,514.4568,14.397,0.3587,0.000486,-0.0043,0.3288,0.1419,ROTATE
505.0437,2.3832,-138.348,0.3586,523.6554,5.465,0.0086,515.3966,26.3872,0.3672,5.5e-05,-0.0011,0.3392,0.1373,ROTATE
506.4319,38.4378,-151.2909,0.3608,529.9431,6.2877,0.0023,518.5069,58.8311,0.3675,5.1e-05,0.002,0.3462,0.119,ROTATE
507.5424,107.4377,-178.439,0.3653,548.6188,18.6758,0.0045,526.454,158.499,0.3658,4.2e-05,0.0043,0.3512,0.0968,ROTATE
508.4308,169.0877,-198.1168,0.3615,571.2642,22.6454,0.0038,538.3344,376.362,0.3627,1e-05,0.0051,0.3539,0.0702,ROTATE
509.1415,224.8702,-224.2466,0.361,600.0651,28.8009,0.0005,554.7094,789.2044,0.3614,5e-06,0.0037,0.3564,0.0398,ROTATE
509.7101,260.843,-250.4379,0.3694,624.9501,24.8849,0.0084,574.9683,1172.6631,0.3636,1.1e-05,-0.0023,0.3593,0.0071,ROTATE
510.1649,274.8838,-284.4628,0.3731,645.5606,20.6105,0.0037,598.0917,1229.1683,0.3661,2.2e-05,-0.0105,0.3597,-0.0302,ROTATE
510.5288,299.7945,-322.789,0.3787,674.3213,28.7607,0.0056,623.2322,1269.7976,0.3687,4.6e-05,-0.019,0.3562,-0.0712,ROTATE
510.8199,320.3075,-343.3156,0.3922,693.8296,19.5083,0.0136,647.7453,1125.5679,0.3749,0.000108,-0.0256,0.3494,-0.1168,ROTATE
511.0529,341.921,-349.5775,0.4126,707.3113,13.4818,0.0204,669.1946,920.4391,0.3852,0.000248,-0.03,0.3392,-0.1648,ROTATE
511.2392,330.8118,-356.1807,0.4263,705.4549,1.8564,0.0136,685.2955,532.6448,0.3966,0.000406,-0.0295,0.3251,-0.2125,ROTATE
511.3882,302.3869,-336.9414,0.4355,682.9973,22.4576,0.0092,692.7828,161.8681,0.4091,0.000443,-0.0283,0.3079,-0.2587,ROTATE
511.5074,269.2564,-310.7032,0.4497,656.2585,26.7387,0.0142,689.1703,347.4569,0.4233,0.000387,-0.0279,0.2874,-0.3035,ROTATE
511.6028,233.5676,-281.0313,0.4572,628.705,27.5536,0.0074,676.1454,904.6786,0.4363,0.000255,-0.0311,0.2659,-0.3402,ROTATE
511.6792,201.4604,-238.9438,0.4525,599.5798,29.1251,0.0047,654.5991,1418.6295,0.4442,0.000133,-0.0365,0.2432,-0.3667,ROTATE
511.7402,162.4433,-198.3925,0.4345,572.3857,27.1941,0.018,627.9852,1544.8782,0.4459,8.5e-05,-0.0434,0.2193,-0.3835,ROTATE
511.7891,131.1546,-158.7828,0.4083,551.6716,20.7141,0.0261,601.7201,1414.5117,0.4404,0.000315,-0.049,0.1949,-0.3906,ROTATE
511.8281,99.0268,-124.4168,0.4041,535.9608,15.7109,0.0042,577.6605,1105.6213,0.4313,0.000479,-0.0521,0.1715,-0.3913,ROTATE
511.8594,73.3027,-83.696,0.4137,523.8113,12.1494,0.0096,556.6818,724.3572,0.4226,0.000331,-0.0516,0.1483,-0.3913,ROTATE
511.8844,55.5578,-38.6474,0.4225,516.339,7.4724,0.0088,540.0337,404.6579,0.4166,0.000118,-0.0485,0.1234,-0.3933,ROTATE
511.9044,53.0119,-10.7492,0.4268,514.7543,1.5847,0.0042,528.5074,190.2812,0.4151,7.2e-05,-0.0445,0.1001,-0.3986,ROTATE
501.186,75.5314,7.3819,0.4276,506.8993,7.8549,0.0009,519.5529,96.1642,0.419,7.9e-05,-0.0417,0.0783,-0.408,ROTATE
503.3457,122.122,-1.7163,0.4169,517.9514,11.052,0.0107,515.951,29.8604,0.4215,3e-05,-0.0399,0.0623,-0.4142,ROTATE
505.0735,166.8663,-19.3262,0.3929,532.2754,14.324,0.024,517.6439,67.9347,0.4174,0.000164,-0.0387,0.0465,-0.4127,ROTATE
506.4557,196.0493,-24.4172,0.3731,543.6257,11.3503,0.0198,523.1012,172.8225,0.4075,0.000452,-0.0376,0.0334,-0.404,ROTATE
507.5614,232.8863,-34.3369,0.3605,559.4941,15.8684,0.0126,532.0492,343.7106,0.3942,0.000644,-0.0349,0.0172,-0.3915,ROTATE
508.446,288.7059,-47.1164,0.3547,586.5905,27.0964,0.0058,547.9874,558.132,0.3796,0.000519,-0.0304,-0.0072,-0.3755,ROTATE
509.1537,320.1523,-42.565,0.3636,602.9484,16.3578,0.0089,564.9868,692.861,0.369,0.000179,-0.0238,-0.0466,-0.3589,ROTATE
509.7198,310.7062,-37.777,0.4332,598.1469,4.8015,0.0696,578.1611,525.2099,0.377,0.000825,-0.0143,-0.0921,-0.3573,ROTATE
510.1728,252.6993,-22.5247,0.4752,569.7724,28.3745,0.042,583.3904,273.3987,0.3974,0.002332,-0.0055,-0.1418,-0.3647,ROTATE
510.5351,169.7376,14.0709,0.4895,538.196,31.5764,0.0144,579.1309,549.5551,0.4233,0.003089,0.0016,-0.1906,-0.3746,ROTATE
510.825,94.6901,55.6286,0.4441,522.4968,15.6992,0.0454,566.3121,1015.5889,0.4411,0.001917,0.0072,-0.2291,-0.3752,ROTATE
511.0569,136.7552,100.2091,0.3559,538.4449,15.9482,0.0882,553.4114,736.0333,0.4396,0.002164,0.0096,-0.2571,-0.3497,ROTATE
511.2424,211.801,82.211,0.3481,559.4525,21.0076,0.0079,545.6725,283.1889,0.4226,0.003542,0.0117,-0.276,-0.3091,ROTATE
511.3908,262.5158,-1.0843,0.3537,574.8359,15.3834,0.0056,546.6852,336.1028,0.3983,0.003346,0.0159,-0.2887,-0.2624,ROTATE
511.5095,289.7908,-82.4174,0.3621,593.6441,18.8082,0.0084,557.7749,639.737,0.3728,0.001292,0.0211,-0.3006,-0.2097,ROTATE
511.6045,317.942,-126.084,0.3796,615.4051,21.761,0.0175,576.3566,709.7993,0.3599,0.000118,0.0267,-0.3177,-0.1614,ROTATE
511.6805,346.1286,-147.7328,0.3954,635.1747,19.7696,0.0157,595.7025,739.9919,0.3678,0.000304,0.0332,-0.3359,-0.1383,ROTATE
511.7413,363.7248,-150.7019,0.4026,645.6671,10.4924,0.0072,612.9453,679.1547,0.3787,0.00035,0.0378,-0.3549,-0.118,ROTATE
511.7899,354.8611,-151.2709,0.4005,640.8886,4.7784,0.0021,626.1559,370.3347,0.3881,0.000233,0.0414,-0.3722,-0.0963,ROTATE
511.8288,293.7139,-157.4261,0.3942,610.7533,30.1353,0.0063,629.5778,194.6703,0.3945,6.5e-05,0.0448,-0.3835,-0.0788,ROTATE
511.86,190.0961,-174.9471,0.3859,573.3617,37.3916,0.0083,621.1691,715.8405,0.3957,3.4e-05,0.0491,-0.3869,-0.0646,ROTATE
511.8849,99.8706,-199.0514,0.3783,558.2309,15.1308,0.0077,605.7803,1232.0378,0.3923,8.3e-05,0.0537,-0.3847,-0.0452,ROTATE
511.9048,28.1215,-220.0974,0.3829,557.9249,0.306,0.0046,588.2318,1063.9277,0.3884,6.4e-05,0.0582,-0.3813,-0.0226,ROTATE
511.9207,122.9753,-197.8873,0.4878,562.4457,4.5208,0.1049,572.5433,396.2354,0.4058,0.001706,0.0617,-0.3804,0.0485,ROTATE
511.9335,133.924,-150.7817,0.4377,550.2242,12.2215,0.0501,560.4375,57.3123,0.4145,0.001806,0.0647,-0.3784,0.1024,ROTATE
511.9437,110.8673,-89.3348,0.4357,531.3742,18.85,0.0019,552.04,122.322,0.4245,0.001634,0.0667,-0.3776,0.1511,ROTATE
511.9518,75.2658,-4.7616,0.4387,517.4769,13.8973,0.003,543.8892,287.1426,0.4366,0.001101,0.0673,-0.3776,0.1936,ROTATE
511.9583,50.822,77.7251,0.4276,520.3128,2.8359,0.0111,536.3668,302.3242,0.4455,0.000462,0.0655,-0.372,0.235,ROTATE
511.9636,52.1201,133.7895,0.4026,531.7169,11.4041,0.025,530.2209,132.856,0.4285,0.000182,0.0637,-0.3564,0.2274,ROTATE
511.9677,57.6773,165.7066,0.3781,541.199,9.4821,0.0245,528.4159,73.6755,0.4166,0.000531,0.0611,-0.334,0.2378,ROTATE
511.9711,53.0231,187.5934,0.3716,547.8295,6.6305,0.0066,531.707,136.4712,0.4037,0.000697,0.059,-0.3048,0.2532,ROTATE
511.9738,24.6185,174.9685,0.3742,541.6061,6.2234,0.0026,536.5328,92.2815,0.3908,0.000461,0.0545,-0.2749,0.2682,ROTATE
511.9759,24.9854,178.7998,0.4028,542.8747,1.2686,0.0286,541.0452,27.3459,0.3858,0.000194,0.0473,-0.2458,0.2893,ROTATE
511.9776,43.8008,204.0711,0.3838,552.8875,10.0128,0.019,545.2794,20.0622,0.3821,0.000124,0.0396,-0.2174,0.3081,ROTATE
511.979,53.975,220.6194,0.3493,560.097,7.2096,0.0344,549.059,46.3598,0.3763,0.000302,0.0323,-0.186,0.3215,ROTATE
511.9801,64.5113,226.5018,0.3345,563.5497,3.4527,0.0148,552.203,78.169,0.3689,0.000592,0.0244,-0.1498,0.3304,ROTATE
511.981,83.3997,219.517,0.3402,563.2653,0.2845,0.0057,556.5348,61.4199,0.3621,0.000706,0.019,-0.1059,0.339,ROTATE
509.6566,128.876,163.0761,0.3372,550.4114,12.8538,0.003,558.0421,29.3271,0.349,0.000327,0.0183,-0.0612,0.3366,ROTATE
495.0159,153.8383,111.4453,0.3493,530.2142,20.1973,0.0121,553.5076,158.3295,0.3421,3.8e-05,0.0154,-0.0184,0.3369,ROTATE
445.6721,149.0956,69.4469,0.3573,475.0537,55.1605,0.0079,536.4989,1091.3516,0.3437,7.1e-05,0.0102,0.0161,0.3407,ROTATE
378.0346,113.9046,37.3637,0.3622,396.586,78.4677,0.0049,503.1061,3745.0476,0.3493,9.2e-05,0.0034,0.0421,0.3452,ROTATE
315.5152,75.4862,12.2066,0.3562,324.649,71.937,0.0061,455.3829,7113.1016,0.3525,7.5e-05,-0.0029,0.0598,0.3464,ROTATE
296.5809,18.3858,-12.8503,0.3613,297.428,27.221,0.0051,404.7862,7736.939,0.3573,2.1e-05,-0.0097,0.0723,0.3494,ROTATE
332.0147,-38.4976,-38.9021,0.3784,336.4955,39.0675,0.0171,366.0424,4022.1479,0.3631,6.4e-05,-0.0138,0.08,0.3538,ROTATE
368.0087,-84.4262,-16.3186,0.3911,377.9212,41.4257,0.0127,346.6159,1296.2904,0.3699,0.000169,-0.017,0.0795,0.3606,ROTATE
396.8038,-87.5784,-49.2924,0.4123,409.3324,31.4112,0.0211,349.1652,1577.061,0.3799,0.000417,-0.0154,0.0911,0.3677,ROTATE
419.84,-63.2253,-104.2995,0.4037,437.1972,27.8648,0.0085,371.6749,2500.095,0.3894,0.000328,-0.012,0.1091,0.3714,ROTATE
438.2689,-43.9552,-146.199,0.3778,464.0967,26.8995,0.0259,405.0086,1994.7961,0.3927,0.000187,-0.0092,0.129,0.3673,ROTATE
453.012,-68.7673,-162.9654,0.3486,486.3194,22.2226,0.0293,434.9734,1480.3866,0.3867,0.0005,-0.0081,0.1487,0.3528,ROTATE
464.8065,-145.8013,-177.3567,0.316,518.4192,32.0998,0.0326,463.073,1432.45,0.3717,0.00127,-0.0054,0.1753,0.3253,ROTATE
474.2421,-172.1161,-184.9291,0.3051,537.3344,18.9152,0.0109,488.6734,1302.411,0.3502,0.001368,-0.0062,0.1899,0.2915,ROTATE
481.7905,-179.2772,-180.0058,0.3138,544.6692,7.3348,0.0087,510.1678,937.5492,0.3322,0.000738,-0.0099,0.201,0.2612,ROTATE
487.8293,-170.0874,-166.189,0.3309,542.7025,1.9667,0.0172,525.8889,477.5878,0.3229,0.000234,-0.0135,0.2158,0.2365,ROTATE
492.6603,-157.2824,-171.545,0.3429,544.8666,2.1642,0.012,537.5984,99.3573,0.3217,0.000181,-0.0149,0.2373,0.2133,ROTATE
496.5251,-144.6603,-192.0391,0.3544,551.6728,6.8062,0.0115,544.2491,21.1748,0.3294,0.000329,-0.0151,0.263,0.1923,ROTATE
499.617,-124.5095,-214.3563,0.3642,557.735,6.0623,0.0098,548.3292,31.339,0.3412,0.000313,-0.0142,0.2889,0.1738,ROTATE
502.0905,-99.8857,-227.7694,0.3649,560.3132,2.5782,0.0007,551.458,47.5936,0.3515,0.000169,-0.0122,0.3119,0.1551,ROTATE
504.0693,-59.1273,-225.5343,0.3602,555.3806,4.9327,0.0047,553.9937,28.9095,0.3573,6.6e-05,-0.01,0.3293,0.1347,ROTATE
505.6523,-17.58,-213.7368,0.359,549.251,6.1295,0.0012,554.8705,15.9786,0.3605,1.5e-05,-0.0083,0.3412,0.1136,ROTATE
506.9187,-57.0359,-195.2863,0.3373,546.2202,3.0309,0.0217,553.78,27.71,0.3571,0.000104,-0.0068,0.3438,0.0854,ROTATE
507.9319,-99.7975,-135.6353,0.3354,535.118,11.1022,0.0019,549.2566,73.7745,0.3514,0.000155,-0.0059,0.3414,0.0474,ROTATE
494.7143,-76.6192,-43.6832,0.2983,502.5146,32.6034,0.0371,537.6969,352.6603,0.338,0.000503,-0.0031,0.3312,0.0134,ROTATE
498.1683,-24.1329,-41.9403,0.3462,500.5128,2.0018,0.0479,526.7233,446.2299,0.3352,0.00041,0.0023,0.3313,-0.0128,ROTATE
500.9315,38.2062,-101.1741,0.3748,512.4727,11.9599,0.0286,519.3676,331.2403,0.3384,0.000601,0.0076,0.3358,-0.0326,ROTATE
503.1421,98.7243,-172.7299,0.3729,541.0491,28.5764,0.002,518.3334,279.9761,0.3455,0.000787,0.0109,0.342,-0.0441,ROTATE
504.9106,130.292,-240.584,0.3502,574.2746,33.2255,0.0227,526.1647,788.1851,0.3485,0.000762,0.0153,0.3445,-0.046,ROTATE
506.3253,151.818,-294.8672,0.3413,605.2773,31.0027,0.0089,546.7173,1505.6721,0.3571,0.000196,0.0176,0.3507,-0.0565,ROTATE
507.4572,148.1637,-338.2937,0.3327,627.6208,22.3435,0.0086,572.1389,1741.5189,0.3544,0.000284,0.0137,0.3423,-0.0789,ROTATE
508.3626,110.6997,-373.035,0.3534,640.1891,12.5682,0.0208,597.6822,1303.2144,0.3501,0.000182,0.005,0.3246,-0.1154,ROTATE
509.087,68.1473,-398.678,0.3879,650.1982,10.0092,0.0345,619.512,736.7978,0.3531,0.000356,-0.007,0.3057,-0.1585,ROTATE
509.6665,20.5866,-410.8049,0.3838,654.9385,4.7402,0.0042,635.6448,318.2531,0.3598,0.000497,-0.0193,0.2862,-0.2024,ROTATE
510.1301,-3.9776,-386.9533,0.381,640.2979,14.6406,0.0027,642.6489,89.0893,0.3678,0.000456,-0.0313,0.2626,-0.2452,ROTATE
510.5009,-8.9165,-343.4939,0.4119,615.3688,24.9291,0.0309,640.1984,186.7574,0.3836,0.000348,-0.0422,0.2348,-0.2924,ROTATE
510.7976,12.1512,-319.0701,0.438,602.3849,12.9838,0.026,632.6377,415.564,0.4005,0.00047,-0.0473,0.2049,-0.3337,ROTATE
511.035,22.0303,-320.6592,0.4382,603.7089,1.324,0.0002,623.3397,434.8132,0.4106,0.000621,-0.0478,0.1751,-0.3629,ROTATE
511.2249,14.2993,-326.5336,0.4413,606.778,3.0691,0.0031,613.7077,197.1992,0.4221,0.000534,-0.0504,0.1446,-0.39,ROTATE
511.3768,1.9707,-318.4456,0.4537,602.4266,4.3514,0.0123,606.1334,23.8754,0.4366,0.000185,-0.0549,0.1118,-0.4159,ROTATE
511.4983,-13.0672,-275.8034,0.4481,581.2648,21.1617,0.0056,599.3126,83.9836,0.4438,3.7e-05,-0.0579,0.0805,-0.4296,ROTATE
511.5956,-14.5694,-226.4834,0.4462,559.6758,21.5891,0.0019,590.7709,323.3493,0.4455,2.9e-05,-0.0614,0.0524,-0.4351,ROTATE
511.6733,-3.4493,-196.8804,0.4419,548.2549,11.4209,0.0042,579.6801,528.3855,0.4462,2e-05,-0.0655,0.0203,-0.4387,ROTATE
511.7356,12.3437,-179.7231,0.4354,542.5182,5.7366,0.0065,566.8281,492.5518,0.445,3.7e-05,-0.0682,-0.0118,-0.438,ROTATE
507.6791,32.5531,-159.966,0.4328,533.2794,9.2389,0.0026,552.9987,272.9507,0.4409,3.5e-05,-0.069,-0.0402,-0.4317,ROTATE
469.1308,70.1456,-142.4228,0.4327,495.2659,38.0134,0.0001,535.7988,483.9352,0.4378,2.9e-05,-0.069,-0.067,-0.4247,ROTATE
421.6046,120.8884,-138.1851,0.4392,459.8474,35.4186,0.0065,515.8331,1125.0109,0.4364,1.3e-05,-0.0701,-0.0958,-0.4179,ROTATE
412.8962,165.1357,-141.8793,0.4324,466.7792,6.9318,0.0068,499.538,1130.504,0.4345,7e-06,-0.0711,-0.12,-0.4101,ROTATE
431.6326,203.6054,-142.0816,0.4166,497.9448,31.1656,0.0158,490.6233,682.0798,0.4307,5.7e-05,-0.07,-0.1397,-0.4005,ROTATE
447.7029,226.7406,-120.6184,0.3924,516.1376,18.1928,0.0242,487.195,436.6148,0.4227,0.000285,-0.0642,-0.1567,-0.3862,ROTATE
460.5592,230.6644,-75.3072,0.3957,520.569,4.4313,0.0033,492.2556,620.7416,0.4153,0.000355,-0.0573,-0.1721,-0.3721,ROTATE
470.8443,259.8721,-73.552,0.3579,542.8054,22.2365,0.0379,508.8472,646.4584,0.399,0.000634,-0.0482,-0.1771,-0.3531,ROTATE
479.0723,310.2946,-126.9823,0.3596,584.7371,41.9317,0.0017,532.4388,887.8077,0.3844,0.00051,-0.0381,-0.1823,-0.3356,ROTATE
485.6547,276.845,-163.9358,0.3699,582.5621,2.175,0.0103,549.3622,865.9069,0.3751,0.000258,-0.0282,-0.1917,-0.3206,ROTATE
490.9207,240.6542,-141.6799,0.3587,564.7926,17.7695,0.0112,559.0933,598.0586,0.3683,0.000206,-0.0231,-0.2049,-0.3031,ROTATE
495.1334,248.5014,-104.3783,0.3322,563.7419,1.0507,0.0265,567.7278,231.0005,0.3556,0.000157,-0.0169,-0.2176,-0.2751,ROTATE
498.5036,285.0887,-89.4214,0.332,581.1863,17.4445,0.0002,575.4041,84.0777,0.3504,0.000241,-0.0107,-0.2381,-0.2496,ROTATE
501.1998,292.0678,-89.0559,0.3477,586.8865,5.7002,0.0157,575.8339,92.8411,0.3481,0.00022,-0.0044,-0.2605,-0.2247,ROTATE
503.3567,274.3074,-84.0666,0.3689,579.3787,7.5078,0.0212,575.1972,85.8951,0.3479,0.000212,-0.0005,-0.2821,-0.2003,ROTATE
505.0823,234.8209,-63.1845,0.3834,560.5723,18.8065,0.0145,574.3531,106.3093,0.3528,0.000416,0.0039,-0.301,-0.1826,ROTATE
506.4627,185.063,-33.0445,0.3721,540.2266,20.3457,0.0113,569.6501,294.5955,0.3608,0.000342,0.0079,-0.3164,-0.1711,ROTATE
507.567,151.3223,-16.6293,0.3443,529.905,10.3216,0.0278,559.3938,478.7221,0.3633,0.000224,0.0115,-0.327,-0.1541,ROTATE
508.4505,132.0828,-20.4378,0.3187,525.7238,4.1812,0.0255,547.1613,404.6507,0.3575,0.000538,0.0159,-0.3302,-0.1301,ROTATE
487.1323,147.5006,-46.719,0.3351,511.1135,14.6103,0.0164,533.5082,270.5406,0.3507,0.000567,0.0202,-0.3312,-0.0807,ROTATE
492.1028,215.0443,-25.5846,0.3471,537.6465,26.533,0.0119,528.923,106.4494,0.3435,0.000303,0.0266,-0.3299,-0.0336,ROTATE
496.0791,244.6104,-23.6364,0.3319,553.613,15.9666,0.0152,531.6003,195.6467,0.3354,0.000101,0.0323,-0.3261,0.0036,ROTATE
499.2602,195.4946,2.7752,0.3444,536.1777,17.4353,0.0126,532.8549,197.6884,0.3354,0.000102,0.0353,-0.3283,0.0318,ROTATE
501.805,143.7144,47.3983,0.3416,524.1266,12.0511,0.0028,532.5355,202.6523,0.34,3.2e-05,0.0358,-0.3332,0.0562,ROTATE
503.8409,93.0434,95.4562,0.3403,521.1762,2.9504,0.0014,534.548,132.6283,0.341,2.7e-05,0.0359,-0.3336,0.0589,ROTATE
505.4696,30.016,138.9024,0.3407,525.066,3.8898,0.0005,532.032,142.3591,0.3398,1.8e-05,0.0337,-0.3308,0.0658,ROTATE
506.7726,-36.7903,170.4876,0.3345,535.9459,10.8799,0.0062,528.4985,39.7891,0.3403,1.1e-05,0.029,-0.3271,0.0826,ROTATE
507.8149,-89.3604,191.4088,0.3291,549.9988,14.0529,0.0054,531.2627,112.8065,0.3372,2.3e-05,0.0255,-0.3158,0.1075,ROTATE
508.6488,-124.0383,199.3271,0.3289,560.2146,10.2158,0.0001,538.4803,218.1704,0.3347,2.6e-05,0.0219,-0.3003,0.1368,ROTATE
509.3159,-145.5463,181.9117,0.3172,560.0699,0.1447,0.0118,546.2591,190.9976,0.3301,6e-05,0.0191,-0.2755,0.1688,ROTATE
509.8496,-156.4214,134.9387,0.3443,550.1116,9.9583,0.0271,551.2682,79.046,0.3308,7.7e-05,0.0125,-0.2492,0.2056,ROTATE
510.2766,-145.2527,120.8447,0.3706,544.136,5.9756,0.0263,552.9062,39.5821,0.338,0.00034,0.0072,-0.2237,0.2442,ROTATE
510.6182,-121.8053,112.3383,0.3832,536.8308,7.3052,0.0125,550.2726,82.6393,0.3488,0.000614,0.0018,-0.1968,0.2816,ROTATE
510.8914,-85.0193,100.3956,0.3885,527.5582,9.2726,0.0053,543.7413,123.4021,0.3607,0.000708,-0.0019,-0.1687,0.3148,ROTATE
511.11,-41.6998,89.179,0.3862,520.5048,7.0534,0.0022,535.8282,115.4487,0.3745,0.000267,-0.0049,-0.1435,0.3422,ROTATE
511.2849,-11.9817,82.4588,0.3911,518.0302,2.4745,0.0049,529.412,96.8314,0.3839,5.1e-05,-0.004,-0.1145,0.3627,ROTATE
511.4248,32.2959,55.9546,0.3968,515.4893,2.5409,0.0057,523.6826,59.4147,0.3892,2.2e-05,-0.0033,-0.0857,0.3769,ROTATE
511.5367,57.7242,36.1012,0.3935,516.0477,0.5583,0.0033,519.526,19.2209,0.3912,1.4e-05,-0.0028,-0.0596,0.385,ROTATE
511.6263,66.8575,15.4903,0.3909,516.2086,0.1609,0.0025,517.2561,3.3664,0.3917,1.2e-05,-0.0036,-0.0362,0.3891,ROTATE
511.6979,48.3204,5.7172,0.3974,514.0061,2.2025,0.0064,515.9564,1.6789,0.3939,7e-06,-0.0061,-0.0153,0.3927,ROTATE
488.5115,5.2844,9.9332,0.3995,488.641,25.3651,0.0022,510.0786,115.4956,0.3956,9e-06,-0.0094,0.0036,0.3944,ROTATE
455.7935,-45.4068,19.1903,0.402,458.4515,30.1895,0.0025,498.671,512.5775,0.3967,1.6e-05,-0.0122,0.023,0.3947,ROTATE
414.313,-92.238,22.6897,0.3897,425.0623,33.3893,0.0123,480.4739,1204.7031,0.3959,2.3e-05,-0.0123,0.0429,0.3923,ROTATE
347.191,-128.8373,10.6049,0.3729,370.4769,54.5854,0.0168,451.3275,2519.6682,0.3923,0.000111,-0.0096,0.0611,0.3865,ROTATE
258.8466,-175.5542,-5.2755,0.3625,312.8077,57.6692,0.0104,411.0879,3952.2664,0.3853,0.000235,-0.0049,0.0743,0.3774,ROTATE
247.7991,-208.6746,-36.286,0.3961,325.9849,13.1772,0.0336,378.5567,3139.5913,0.3846,0.000218,-0.001,0.082,0.3754,ROTATE
300.6362,-216.9334,13.0431,0.4104,370.9614,44.9765,0.0143,361.0587,1568.3098,0.3863,0.000287,0.0008,0.0821,0.3772,ROTATE
342.9058,-154.9967,28.9126,0.4269,377.418,6.4566,0.0165,351.5298,711.7435,0.3938,0.000559,0.0028,0.0871,0.3836,ROTATE
376.7216,-115.8411,-49.8855,0.4012,397.2743,19.8563,0.0257,356.8893,1029.733,0.3994,0.000451,0.0064,0.1049,0.3829,ROTATE
403.7741,-105.4885,-142.3084,0.3678,440.923,43.6487,0.0334,382.5123,1396.8885,0.4005,0.000377,0.0094,0.1245,0.3756,ROTATE
425.4162,-120.4658,-216.2468,0.3195,492.1927,51.2697,0.0483,415.7538,2058.7749,0.3852,0.001451,0.0138,0.1417,0.3519,ROTATE
442.7299,-154.2445,-240.2037,0.2911,526.7817,34.589,0.0284,446.9179,3151.7388,0.3613,0.002523,0.0185,0.1608,0.3197,ROTATE
456.5808,-167.1206,-237.3129,0.299,541.0294,14.2477,0.0078,479.6402,2886.3357,0.3357,0.001784,0.0194,0.1728,0.2867,ROTATE
467.6615,-144.3996,-232.0879,0.311,541.6856,0.6562,0.0121,508.5225,1465.249,0.3177,0.000723,0.0153,0.1721,0.2663,ROTATE
444.7605,-95.5041,-214.7828,0.2934,503.0552,38.6304,0.0177,520.9489,402.8726,0.3028,0.000117,0.0098,0.1668,0.2523,ROTATE
373.599,-52.2908,-162.2731,0.2632,410.6618,92.3934,0.0302,504.6427,2404.2468,0.2915,0.000249,0.0048,0.1645,0.2404,ROTATE
241.6198,-42.717,-116.3997,0.2329,271.5765,139.0853,0.0303,453.6017,10565.0078,0.2799,0.0008,0.0024,0.168,0.2223,ROTATE
90.8959,-61.8923,-51.9667,0.2015,121.6275,149.9489,0.0314,369.7213,24041.7402,0.2604,0.001577,0.0021,0.1677,0.1958,ROTATE
-29.6833,-98.1483,36.5829,0.1861,108.8691,12.7584,0.0153,283.158,24242.9648,0.2354,0.001543,0.0028,0.1641,0.1641,ROTATE
-126.1466,-91.7311,15.8601,0.2643,156.7773,47.9081,0.0781,213.9024,12970.0938,0.2296,0.001004,0.0079,0.1779,0.1403,ROTATE
-203.3173,-96.8349,2.8568,0.2395,225.2179,68.4406,0.0247,176.8137,3877.2766,0.2249,0.000776,0.0133,0.1863,0.1237,ROTATE
-265.0539,-106.1617,15.2448,0.1771,285.9305,60.7126,0.0624,179.6845,4454.334,0.2137,0.001094,0.0186,0.177,0.1166,ROTATE
-314.4431,-115.7637,42.0021,0.1314,337.6979,51.7674,0.0457,222.8985,6906.4062,0.1997,0.002222,0.0239,0.1578,0.1149,ROTATE
-353.9545,-118.4453,39.4642,0.1031,375.3272,37.6293,0.0284,276.1902,6112.7681,0.1831,0.003777,0.0317,0.1271,0.1138,ROTATE
-385.5636,-122.0906,27.5776,0.0964,405.3713,30.0442,0.0067,325.909,4126.4766,0.1495,0.002835,0.0366,0.0723,0.103,ROTATE
-410.8509,-118.0819,8.359,0.1309,427.5648,22.1935,0.0345,366.3784,2527.7476,0.1278,0.000811,0.0428,0.0094,0.0849,ROTATE
-431.0807,-100.9499,-6.2535,0.1826,442.7873,15.2225,0.0518,397.7497,1416.8796,0.1289,0.000925,0.0488,-0.0507,0.0608,ROTATE
-447.2646,-91.4349,-18.509,0.2312,456.89,14.1028,0.0485,421.5881,826.8817,0.1488,0.002618,0.0559,-0.1086,0.0385,ROTATE
-460.2116,-58.7479,-15.0697,0.2645,464.1909,7.3008,0.0333,439.3609,445.9955,0.1811,0.003833,0.0588,-0.1611,0.0235,ROTATE
-470.5693,-32.0358,0.1036,0.2806,471.6585,7.4677,0.0161,452.6183,247.8062,0.218,0.00302,0.061,-0.2067,0.001,ROTATE
-478.8554,-22.3256,29.9235,0.302,480.3087,8.6501,0.0214,463.1671,164.345,0.2522,0.001744,0.0609,-0.2396,-0.0273,ROTATE
-485.4843,-21.6354,49.4732,0.3207,488.478,8.1693,0.0187,472.3052,125.9002,0.2798,0.000952,0.0591,-0.2617,-0.0553,ROTATE
-490.7875,-22.6865,40.6535,0.3349,492.9906,4.5126,0.0143,479.5253,111.8217,0.3005,0.000657,0.0565,-0.2742,-0.0885,ROTATE
-495.03,-28.8461,33.4353,0.3421,496.9957,4.0051,0.0072,486.0863,82.789,0.3161,0.000501,0.0554,-0.2759,-0.1337,ROTATE
-498.424,-32.8206,29.0389,0.3524,500.3468,3.3511,0.0103,491.8239,48.9088,0.3304,0.000308,0.0547,-0.2719,-0.1737,ROTATE
-501.1392,-28.5315,22.103,0.3651,502.4371,2.0904,0.0127,496.2496,25.3297,0.343,0.000228,0.0538,-0.2658,-0.2052,ROTATE
-503.3113,-17.7408,21.0261,0.3744,504.0626,1.6255,0.0093,499.3665,15.7432,0.3538,0.000209,0.054,-0.2563,-0.234,ROTATE
-505.0491,14.498,33.8678,0.3833,506.3909,2.3283,0.009,502.0466,10.2983,0.3634,0.000219,0.054,-0.2423,-0.2628,ROTATE
-506.4393,23.6203,78.2692,0.3638,512.9958,6.6049,0.0195,505.2467,18.9327,0.3678,0.000109,0.0527,-0.2236,-0.2845,ROTATE
-465.5045,-36.8382,113.056,0.3111,480.451,32.5448,0.0527,501.2675,121.2621,0.3595,0.000637,0.0515,-0.2032,-0.29,ROTATE
-409.013,-58.4237,108.1042,0.3558,427.0732,53.3778,0.0447,486.1947,994.7591,0.3577,0.00063,0.0526,-0.1861,-0.2995,ROTATE
-400.7386,-92.8046,83.0021,0.3615,419.6349,7.4383,0.0058,469.3091,1531.828,0.3551,0.000571,0.052,-0.1708,-0.3064,ROTATE
-379.6627,-97.1343,54.8798,0.3477,395.7154,23.9195,0.0138,447.174,1850.0629,0.348,0.000371,0.0507,-0.1566,-0.3064,ROTATE
-359.6177,-106.148,39.9226,0.3715,377.0757,18.6396,0.0238,419.9901,1227.3447,0.3495,0.00043,0.0509,-0.156,-0.3084,ROTATE
-390.0942,-73.1341,71.8037,0.3716,403.3334,26.2577,0.0,404.5665,313.8422,0.3616,8.5e-05,0.048,-0.1612,-0.3199,ROTATE
-414.4753,-18.9791,80.0305,0.3509,422.5576,19.2242,0.0206,403.6634,276.4521,0.3607,0.0001,0.0431,-0.158,-0.3211,ROTATE
-433.9803,-1.9771,75.6462,0.3571,440.5283,17.9707,0.0061,407.8421,479.7769,0.3598,0.000102,0.0393,-0.1481,-0.3246,ROTATE
-449.5842,-14.1223,44.8889,0.3588,452.0403,11.5121,0.0017,419.1071,714.1625,0.362,6.8e-05,0.0346,-0.1362,-0.3315,ROTATE
-462.0674,-35.4884,29.708,0.3465,464.3795,12.3391,0.0123,436.5678,465.8768,0.357,7.3e-05,0.0276,-0.1162,-0.334,ROTATE
-459.0133,-29.2564,37.1133,0.329,461.4396,2.9398,0.0174,448.1891,233.64,0.3485,0.000114,0.021,-0.0923,-0.3337,ROTATE
-464.7044,-10.9239,50.075,0.3294,467.5222,6.0826,0.0004,457.182,96.1268,0.3442,0.000166,0.0139,-0.0689,-0.3357,ROTATE
-474.1635,0.7953,50.2881,0.34,476.8234,9.3012,0.0106,464.441,65.1213,0.3408,0.000125,0.0068,-0.0466,-0.336,ROTATE
-481.7308,-1.7044,33.1242,0.3507,482.8713,6.0479,0.0106,470.6072,64.2793,0.3391,7.7e-05,0.0003,-0.0248,-0.3363,ROTATE
-487.7846,-25.6604,11.8088,0.354,488.6018,5.7305,0.0033,475.4517,97.8148,0.3406,0.000108,-0.004,-0.0023,-0.3387,ROTATE
-492.6277,-52.4096,-5.8124,0.3438,495.4418,6.84,0.0102,482.2521,92.2226,0.3436,7.4e-05,-0.0065,0.019,-0.3418,ROTATE
-496.5022,-69.2183,-15.7499,0.326,501.5512,6.1094,0.0178,489.058,77.0006,0.3429,9.6e-05,-0.0089,0.0363,-0.3402,ROTATE
-499.6017,-69.2277,-33.8968,0.3187,505.513,3.9618,0.0074,494.7958,68.2941,0.3386,0.000193,-0.0095,0.0533,-0.3335,ROTATE
-502.0814,-55.4228,-69.0362,0.3102,509.8268,4.3138,0.0084,500.187,55.9773,0.3306,0.00026,-0.0117,0.0688,-0.322,ROTATE
-504.0651,-36.7726,-71.0258,0.3145,510.371,0.5442,0.0042,504.5408,30.9215,0.3226,0.000139,-0.0153,0.0735,-0.3129,ROTATE
-505.6521,-53.0556,-34.2957,0.3295,509.5833,0.7877,0.015,507.3691,11.4494,0.3198,5.1e-05,-0.0189,0.0777,-0.309,ROTATE
-506.9217,-53.7382,8.7479,0.3245,509.8372,0.2539,0.005,509.0263,3.152,0.3195,4.7e-05,-0.0214,0.0814,-0.3078,ROTATE
-507.9373,-49.4906,56.8639,0.3133,513.5009,3.6638,0.0112,510.6238,2.1357,0.3184,5.4e-05,-0.0236,0.0827,-0.3061,ROTATE
-508.7499,-16.6894,101.2005,0.3048,518.986,5.4851,0.0085,512.4557,12.6382,0.3173,7.6e-05,-0.023,0.0853,-0.304,ROTATE
-509.3999,11.086,118.2198,0.31,523.0555,4.0695,0.0052,514.9926,27.8044,0.3164,8.5e-05,-0.0192,0.103,-0.2965,ROTATE
-509.9199,26.1501,125.9883,0.324,525.9042,2.8487,0.0139,518.2567,35.1101,0.3153,6e-05,-0.0149,0.1278,-0.2839,ROTATE
-510.3359,29.2951,127.9094,0.3394,526.9362,1.032,0.0155,521.6766,24.3037,0.3183,0.000151,-0.0112,0.1588,-0.2705,ROTATE
-510.6688,28.0485,134.9057,0.3443,528.9318,1.9956,0.0049,524.7628,11.9387,0.3245,0.000243,-0.0084,0.1913,-0.257,ROTATE
-510.935,22.2326,147.1089,0.3514,532.1559,3.2241,0.007,527.3967,9.2585,0.3338,0.000223,-0.0068,0.2251,-0.2415,ROTATE
-511.148,8.3423,148.4715,0.3572,532.3398,0.1839,0.0058,529.2535,6.928,0.3433,0.00013,-0.0065,0.2568,-0.2222,ROTATE
-511.3184,-3.2855,131.121,0.3675,527.8731,4.4667,0.0103,529.6473,4.9104,0.352,9.7e-05,-0.0066,0.2851,-0.1995,ROTATE
-511.4547,-14.3284,95.078,0.3828,520.4144,7.4587,0.0153,528.343,18.7886,0.3607,0.000181,-0.0075,0.3117,-0.1727,ROTATE
-511.5638,-11.1752,77.0187,0.393,517.4498,2.9646,0.0102,526.0465,37.1782,0.3704,0.000242,-0.0099,0.3377,-0.1412,ROTATE
-511.651,17.2411,95.7368,0.4122,520.8162,3.3665,0.0191,523.7786,30.0413,0.3826,0.000371,-0.0106,0.3627,-0.1067,ROTATE
-511.7208,36.496,90.5613,0.4507,520.9525,0.1363,0.0385,521.5012,11.7934,0.4013,0.000821,-0.0094,0.39,-0.0664,ROTATE
-511.7767,29.4874,79.0303,0.4765,518.6816,2.2709,0.0258,519.6629,1.8838,0.423,0.001251,-0.0058,0.4159,-0.0196,ROTATE
-511.8214,5.3274,71.5399,0.4906,516.8244,1.8572,0.0141,518.9449,2.8667,0.4446,0.001376,-0.0003,0.4371,0.0302,ROTATE
-511.8571,-21.3506,61.6069,0.4976,515.9932,0.8312,0.007,518.6536,4.0773,0.4655,0.000969,0.0063,0.4537,0.078,ROTATE
-511.8857,-37.0711,44.4543,0.5013,515.1479,0.8452,0.0037,517.5199,4.3147,0.4833,0.000339,0.012,0.4637,0.1234,ROTATE
-511.9085,-77.5194,45.8603,0.5006,519.7719,4.6239,0.0007,517.2838,2.9166,0.4933,8.5e-05,0.0188,0.4631,0.1623,ROTATE
-511.9268,-14.9717,67.9789,0.4785,516.6375,3.1343,0.0221,516.875,2.4422,0.4937,7.2e-05,0.0205,0.4544,0.1883,ROTATE
-511.9415,61.532,94.5268,0.4723,524.219,7.5815,0.0062,518.3539,11.0414,0.49,0.000149,0.0205,0.4408,0.2103,ROTATE
-511.9532,125.5631,133.8121,0.4622,543.8454,19.6264,0.0101,523.9244,108.8603,0.483,0.000242,0.0192,0.4237,0.2287,ROTATE
-511.9626,120.5567,152.2559,0.4614,547.5596,3.7142,0.0008,530.4067,163.1596,0.475,0.000205,0.016,0.4057,0.2443,ROTATE
-511.97,87.136,124.5235,0.4854,534.0525,13.5071,0.024,533.2628,135.0406,0.472,8.6e-05,0.0096,0.3898,0.2632,ROTATE
-511.976,47.3494,67.2969,0.4901,518.5463,15.5062,0.0047,533.6446,122.9298,0.4743,0.000138,0.0067,0.3733,0.2893,ROTATE
-511.9808,35.5827,6.65,0.5001,513.2589,5.2874,0.01,531.4526,183.4715,0.4798,0.000239,0.0042,0.3524,0.3204,ROTATE
-511.9846,61.5068,-32.5081,0.4833,516.6896,3.4307,0.0168,526.0214,166.8462,0.4841,0.000161,0.0023,0.3248,0.3521,ROTATE
-511.9877,65.5242,-52.2627,0.4514,518.8027,2.1131,0.0318,520.2701,51.4111,0.4821,0.000268,0.0003,0.2892,0.3789,ROTATE
-511.9902,48.5256,-64.0914,0.4282,518.2628,0.5399,0.0232,517.1121,4.253,0.4706,0.000714,-0.0033,0.2453,0.3956,ROTATE
-511.9921,24.8173,-66.5544,0.4124,516.8959,1.3669,0.0158,516.782,3.742,0.4551,0.001075,-0.0088,0.198,0.405,ROTATE
-511.9937,8.907,-55.7717,0.4035,515.0994,1.7965,0.0089,517.1501,1.6903,0.4358,0.000829,-0.015,0.1522,0.4041,ROTATE
-511.995,5.085,-36.4892,0.411,513.3188,1.7806,0.0075,516.476,4.1292,0.4213,0.000292,-0.0208,0.1108,0.4025,ROTATE
-469.421,59.7524,32.6805,0.4167,474.3358,38.983,0.0058,507.5825,279.1125,0.4144,6.6e-05,-0.0261,0.0696,0.4039,ROTATE
-477.9368,95.9738,114.8944,0.3822,500.8346,26.4988,0.0346,504.0969,253.2559,0.4052,0.00015,-0.0297,0.0345,0.3995,ROTATE
-484.7495,97.4665,177.2718,0.3618,525.2686,24.434,0.0204,505.7714,307.337,0.395,0.000413,-0.0323,0.0073,0.3916,ROTATE
-490.1996,25.9107,208.5956,0.2849,533.3658,8.0972,0.0769,509.4247,428.8782,0.3713,0.002261,-0.0333,-0.0137,0.3685,ROTATE
-494.5596,-60.3121,227.0952,0.3035,547.5391,14.1733,0.0185,516.2687,669.5454,0.3498,0.002406,-0.033,-0.0282,0.3469,ROTATE
-498.0477,-28.8153,196.5824,0.337,536.215,11.3241,0.0335,528.6446,244.279,0.3339,0.001289,-0.0301,-0.033,0.3308,ROTATE
-500.8382,8.2509,160.3659,0.3273,525.9507,10.2642,0.0097,533.6678,65.8183,0.3229,0.00071,-0.0267,-0.0417,0.3186,ROTATE
-503.0705,60.7945,111.7615,0.3257,518.909,7.0417,0.0016,532.3959,93.6556,0.3157,0.000356,-0.0223,-0.0567,0.3084,ROTATE
-504.8564,137.1512,58.1655,0.3382,526.3779,7.4689,0.0125,530.9984,98.7576,0.3263,0.000156,-0.0179,-0.0788,0.3132,ROTATE
-506.2851,209.1835,7.2792,0.3496,547.8461,21.4682,0.0114,531.0598,100.8039,0.3355,7.5e-05,-0.0141,-0.1073,0.3135,ROTATE
-507.4281,210.9499,-20.6391,0.3565,549.9174,2.0713,0.0068,533.8002,159.1004,0.3395,0.000147,-0.0124,-0.1405,0.3052,ROTATE
-508.3425,179.0724,-47.6457,0.3552,541.0629,8.8544,0.0013,536.8226,148.1919,0.345,0.000135,-0.0098,-0.1722,0.2955,ROTATE
-509.074,142.8298,-70.7697,0.3395,533.4464,7.6166,0.0157,539.7301,77.8386,0.3478,5.9e-05,-0.0071,-0.2038,0.2768,ROTATE
-509.6592,106.0232,-73.9251,0.3457,525.793,7.6533,0.0062,539.6131,81.0169,0.3493,3.9e-05,-0.0052,-0.2357,0.2484,ROTATE
-510.1273,97.728,-64.1807,0.3558,523.3544,2.4387,0.0101,534.7147,96.3366,0.3505,4.6e-05,-0.0036,-0.2676,0.2111,ROTATE
-510.5019,82.3167,-80.1539,0.3743,523.2713,0.0831,0.0185,529.3856,47.9033,0.3541,0.000139,0.0002,-0.3003,0.1677,ROTATE
-510.8015,89.6096,-119.095,0.3963,532.1012,8.8299,0.022,527.5933,18.8937,0.3623,0.000427,0.0048,-0.3333,0.1198,ROTATE
-511.0412,131.0033,-138.9573,0.3974,545.5585,13.4573,0.0011,530.0157,70.724,0.3739,0.000436,0.0101,-0.3598,0.0743,ROTATE
-511.233,91.5308,-111.6158,0.3746,531.2204,14.3381,0.0228,531.1012,66.2699,0.3797,0.000243,0.0159,-0.3732,0.0349,ROTATE
-511.3864,31.5496,-104.8677,0.3782,522.9805,8.2399,0.0036,531.0264,67.4507,0.3842,0.00011,0.0219,-0.3803,-0.0002,ROTATE
-511.5091,-26.9697,-107.7723,0.39,523.4346,0.454,0.0118,531.059,66.9485,0.3873,8.7e-05,0.0265,-0.3828,-0.0331,ROTATE
-511.6073,-64.9757,-114.1116,0.4025,528.1906,4.756,0.0125,530.2769,67.7652,0.3885,0.000115,0.0283,-0.381,-0.0615,ROTATE
-511.6858,-78.8087,-128.1549,0.3953,533.345,5.1544,0.0071,527.8342,16.9754,0.3881,0.000108,0.0301,-0.3763,-0.084,ROTATE
-511.7487,-74.022,-186.2052,0.3768,549.5801,16.2352,0.0185,531.5062,95.776,0.3885,9.7e-05,0.0327,-0.3703,-0.1078,ROTATE
-511.7989,-59.5895,-249.6922,0.3799,572.569,22.9888,0.0031,541.4238,320.1092,0.3889,9.1e-05,0.0366,-0.3611,-0.1335,ROTATE
-511.8391,-52.5341,-302.1538,0.3896,596.6876,24.1186,0.0098,556.0744,651.5622,0.3888,9.1e-05,0.0402,-0.3506,-0.1572,ROTATE
-511.8713,-41.696,-318.0949,0.3989,604.0986,7.4111,0.0093,571.256,726.8431,0.3881,7.3e-05,0.0435,-0.3395,-0.1789,ROTATE
-511.897,-22.8724,-277.426,0.4109,582.6893,21.4093,0.012,581.1249,368.1424,0.3912,0.000157,0.0446,-0.3308,-0.2021,ROTATE
-511.9176,-7.4761,-209.5877,0.4195,553.2111,29.4782,0.0086,581.8511,324.4365,0.3997,0.000203,0.0441,-0.3263,-0.2254,ROTATE
-511.9341,-3.0746,-134.3014,0.4099,529.2663,23.9448,0.0096,573.1906,785.2327,0.4058,0.000108,0.0423,-0.319,-0.245,ROTATE
-461.0567,10.9684,-74.3786,0.3704,467.1464,62.1199,0.0394,547.2823,2252.6499,0.4019,0.00029,0.0404,-0.3026,-0.2587,ROTATE
-410.3172,33.681,-42.3466,0.3552,413.8694,53.277,0.0153,509.2365,3719.3501,0.3932,0.000649,0.0406,-0.2768,-0.2727,ROTATE
-394.4662,41.3511,-38.0679,0.3512,398.4504,15.419,0.004,472.3887,3737.2395,0.3812,0.000796,0.0423,-0.2439,-0.2855,ROTATE
-263.1105,8.8277,-60.2512,0.3605,270.0653,128.3851,0.0093,415.7595,7410.876,0.3694,0.00045,0.0441,-0.2085,-0.2972,ROTATE
-218.654,-43.2597,-89.3322,0.3764,240.1275,29.9378,0.016,357.9318,7659.3896,0.3627,8.8e-05,0.047,-0.1741,-0.3105,ROTATE
-277.3232,-95.6671,-128.5814,0.3868,320.3023,80.1747,0.0103,328.563,4694.4941,0.366,0.000181,0.0492,-0.1473,-0.3288,ROTATE
-324.2586,-138.0337,-168.4308,0.3663,390.5968,70.2945,0.0205,323.9084,3987.0325,0.3682,0.000153,0.0507,-0.1291,-0.34,ROTATE
-321.6944,-150.6176,-170.9884,0.3327,394.2207,3.6239,0.0336,323.0625,3863.7798,0.3645,0.000334,0.0493,-0.1212,-0.3398,ROTATE
-318.4399,-124.2097,-150.1063,0.2927,373.3148,20.9059,0.04,343.7124,3380.6785,0.351,0.001179,0.0473,-0.1224,-0.3241,ROTATE
-152.355,-68.8678,-61.5101,0.3038,178.1525,195.1623,0.0111,331.3174,6563.0937,0.3364,0.001284,0.0462,-0.1362,-0.3004,ROTATE
-126.6465,7.5214,-4.8143,0.2546,126.961,51.1915,0.0491,292.6491,13395.9033,0.31,0.001417,0.0486,-0.135,-0.2717,ROTATE
-163.1547,57.2265,28.7986,0.2669,175.2818,48.3208,0.0123,249.5861,12377.7549,0.2901,0.00076,0.0488,-0.1304,-0.252,ROTATE
-232.9238,48.3781,78.7826,0.3033,250.6005,75.3188,0.0364,220.8621,7369.0586,0.2843,0.000398,0.0511,-0.1236,-0.2477,ROTATE
-288.739,10.3243,117.6542,0.2969,311.9605,61.3599,0.0064,208.5912,4229.9038,0.2851,0.000416,0.0528,-0.1092,-0.2545,ROTATE
-333.3912,-28.0968,144.8421,0.2781,364.5797,52.6193,0.0188,245.8767,7520.8774,0.28,0.000329,0.0508,-0.0844,-0.2612,ROTATE
-369.113,-48.1399,164.9237,0.2669,407.1384,42.5587,0.0113,301.9122,6753.7788,0.2824,0.000229,0.0436,-0.0739,-0.2685,ROTATE
-397.6904,-51.6182,178.4858,0.2649,438.9525,31.8141,0.0019,354.6463,4521.8442,0.282,0.000242,0.0366,-0.0636,-0.2716,ROTATE
-420.5523,-69.1008,175.1074,0.2597,460.7621,21.8097,0.0052,396.6786,2842.1367,0.2733,0.000176,0.0295,-0.047,-0.2666,ROTATE
-438.8419,-85.0275,131.0484,0.2602,465.8171,5.0549,0.0005,427.45,1415.8538,0.266,4.5e-05,0.0227,-0.0282,-0.2618,ROTATE
-453.4735,-96.897,82.3262,0.2586,470.9616,5.1445,0.0016,448.7264,551.2894,0.2621,1.1e-05,0.0146,-0.0069,-0.2591,ROTATE
-465.1788,-120.0364,44.5079,0.257,482.4738,11.5122,0.0015,463.7935,206.1395,0.2601,7e-06,0.0074,0.0198,-0.2556,ROTATE
-474.543,-172.9541,10.125,0.2545,505.1799,22.7061,0.0026,477.0389,249.8499,0.258,4e-06,0.0015,0.0509,-0.2481,ROTATE
-482.0344,-199.4633,7.55,0.2612,521.7277,16.5478,0.0067,489.232,447.6085,0.2583,6e-06,-0.0046,0.0838,-0.2382,ROTATE
-488.0275,-141.28,47.74,0.2897,510.3038,11.4238,0.0285,498.1293,347.5981,0.2642,0.000167,-0.0098,0.119,-0.2294,ROTATE
-492.822,-117.7834,81.0764,0.3144,513.147,2.8431,0.0247,506.5664,173.9022,0.2753,0.00054,-0.0122,0.1573,-0.22,ROTATE
-496.6576,-103.1392,100.908,0.3378,517.1933,4.0463,0.0235,513.5104,32.1797,0.2915,0.000993,-0.0141,0.1954,-0.2109,ROTATE
-499.7261,-98.9114,111.3983,0.3588,521.4587,4.2654,0.021,516.7661,20.3359,0.3124,0.001188,-0.0155,0.2332,-0.2025,ROTATE
-502.1809,-101.0166,89.4217,0.3629,519.9868,1.472,0.0041,516.418,17.3658,0.3327,0.000761,-0.0155,0.2673,-0.1924,ROTATE
-504.1447,-80.6445,54.3468,0.3655,513.4384,6.5483,0.0026,517.0449,11.2718,0.3479,0.000375,-0.0159,0.2952,-0.1794,ROTATE
-505.7158,-57.9625,19.4087,0.3777,509.3965,4.0419,0.0122,516.2948,19.37,0.3605,0.000168,-0.0169,0.3174,-0.1675,ROTATE
-459.4945,-33.3544,-8.4231,0.3793,460.7805,48.616,0.0016,505.0121,508.2792,0.3688,6.7e-05,-0.0175,0.3334,-0.1554,ROTATE
-357.0424,4.3634,-25.4291,0.3778,357.9734,102.807,0.0015,472.3151,3709.1609,0.3726,4.9e-05,-0.0175,0.3426,-0.1448,ROTATE
-285.5934,78.0657,-3.1433,0.3521,296.0873,61.8861,0.0257,427.5352,7460.6523,0.3705,0.000109,-0.0202,0.3436,-0.1366,ROTATE
-181.3934,99.1463,-5.3834,0.3721,206.7911,89.2962,0.02,366.2057,11969.0723,0.3718,0.000103,-0.0218,0.348,-0.1284,ROTATE
-80.2585,95.5139,-20.4036,0.373,126.4146,80.3765,0.0009,289.6094,13501.3145,0.3709,9.5e-05,-0.0237,0.3483,-0.1246,ROTATE
-31.0037,71.9268,-25.4135,0.3663,82.344,44.0706,0.0067,213.9221,10504.627,0.3682,7.8e-05,-0.0247,0.3453,-0.125,ROTATE
-93.2029,54.4602,-39.5245,0.3671,114.956,32.612,0.0009,165.3186,5951.0244,0.3661,5.6e-05,-0.0256,0.3424,-0.1264,ROTATE
-176.9623,43.0556,-67.9352,0.3622,194.3828,79.4267,0.0049,144.9777,2286.1252,0.3681,1.6e-05,-0.0252,0.3438,-0.1285,ROTATE
-243.9699,41.5101,-92.7013,0.3495,264.2687,69.8859,0.0127,156.4732,4235.8677,0.3636,6.1e-05,-0.025,0.3386,-0.13,ROTATE
-297.5759,39.3644,-110.5736,0.336,319.8867,55.618,0.0135,195.1676,7898.6982,0.3562,0.000142,-0.0241,0.3323,-0.1257,ROTATE
-340.4607,32.1977,-120.7682,0.3205,362.6778,42.7911,0.0155,251.2344,7821.3125,0.3471,0.000293,-0.0236,0.3258,-0.1168,ROTATE
-374.7686,27.9582,-119.9552,0.3011,394.4901,31.8123,0.0194,307.1412,5085.8198,0.3339,0.000461,-0.0244,0.3162,-0.1035,ROTATE
-402.2149,22.6322,-104.3267,0.2809,416.1407,21.6506,0.0202,351.4928,2952.042,0.3176,0.000597,-0.027,0.3036,-0.0866,ROTATE
-424.1719,11.8026,-77.4301,0.2738,431.3427,15.202,0.0072,384.9076,1589.0867,0.3025,0.000548,-0.0304,0.292,-0.0657,ROTATE
-441.2719,31.9077,-49.8472,0.2719,445.2233,13.8806,0.0019,409.9749,842.7694,0.2896,0.000345,-0.0347,0.2817,-0.037,ROTATE
-388.98,79.6512,-11.3965,0.2447,397.2149,48.0084,0.0271,416.8823,380.2169,0.2745,0.000329,-0.0402,0.2655,-0.0015,ROTATE
-346.4622,120.7366,49.8922,0.2458,370.2737,26.9412,0.0011,412.0391,690.9498,0.2634,0.000229,-0.0447,0.2516,0.0309,ROTATE
-324.6166,155.958,77.3075,0.257,368.3413,1.9324,0.0112,402.4792,978.0923,0.2586,0.000153,-0.0459,0.2444,0.0564,ROTATE
-287.4308,138.5258,55.5429,0.2778,323.8686,44.4727,0.0208,380.9843,1585.3679,0.2594,0.00018,-0.0416,0.245,0.0681,ROTATE
-282.5478,109.4363,37.978,0.2652,305.3717,18.4969,0.0126,353.014,1121.1564,0.2581,0.000154,-0.0355,0.2443,0.0683,ROTATE
-304.5226,75.9365,23.8981,0.2635,314.7563,9.3846,0.0018,336.5223,751.1682,0.2619,0.00011,-0.0263,0.2519,0.0568,ROTATE
-346.0181,42.943,14.3809,0.2605,348.9691,34.2128,0.003,332.2614,536.1662,0.2648,5e-05,-0.0166,0.2593,0.0424,ROTATE
-379.2145,11.3606,1.7048,0.2631,379.3885,30.4194,0.0026,334.4708,715.1246,0.266,3.7e-05,-0.0091,0.2637,0.0321,ROTATE
-405.7716,-24.6115,-8.8331,0.2648,406.6132,27.2248,0.0017,351.0197,1459.6815,0.2634,3e-06,-0.007,0.2614,0.031,ROTATE
-427.0173,-66.1455,-6.2321,0.2569,432.1548,25.5416,0.0079,376.3764,1716.5553,0.2617,8e-06,-0.0066,0.2593,0.0336,ROTATE
-444.0138,-102.6914,0.4706,0.2512,455.7346,23.5797,0.0057,404.572,1421.697,0.2593,2.3e-05,-0.0072,0.255,0.0428,ROTATE
-457.6111,-132.5906,8.2577,0.2551,476.5043,20.7697,0.0039,430.079,1187.5996,0.2582,2.5e-05,-0.0091,0.2499,0.0588,ROTATE
-468.4888,-146.685,13.7843,0.2633,491.1092,14.6049,0.0082,452.4232,919.3664,0.2583,2.6e-05,-0.0113,0.2435,0.078,ROTATE
-477.1911,-125.7449,25.9899,0.2763,494.1645,3.0553,0.013,469.9335,541.5129,0.2606,7.7e-05,-0.0127,0.2368,0.1012,ROTATE
-484.1529,-68.749,54.2482,0.2828,492.0095,2.1551,0.0064,481.9044,210.2344,0.2658,0.000146,-0.0145,0.2318,0.1247,ROTATE
-489.7223,-19.3648,39.5111,0.2817,491.6951,0.3144,0.0011,489.0965,40.7076,0.2719,0.000118,-0.015,0.2258,0.1477,ROTATE
-494.1778,26.3175,49.0495,0.2746,497.3029,5.6078,0.0071,493.2563,5.1603,0.2757,4.8e-05,-0.0151,0.2187,0.1654,ROTATE
-497.7422,33.5915,62.9896,0.2849,502.8354,5.5325,0.0103,495.6015,17.0903,0.28,1.5e-05,-0.0141,0.2109,0.1821,ROTATE
-500.5938,-3.233,69.026,0.3038,505.3407,2.5053,0.0189,497.8367,30.6515,0.2855,9.5e-05,-0.0126,0.202,0.1994,ROTATE
-502.8751,-37.7083,64.3865,0.3164,508.3806,3.0399,0.0126,501.1109,35.3745,0.2922,0.000239,-0.0093,0.1905,0.2193,ROTATE
-504.7,-59.0823,55.8654,0.3273,511.2082,2.8275,0.0109,505.0136,22.8032,0.3014,0.000379,-0.0065,0.1791,0.2398,ROTATE
-506.16,-66.0533,45.033,0.3344,512.4343,1.2262,0.0071,508.0399,12.7675,0.3133,0.00031,-0.0021,0.1663,0.2631,ROTATE
-507.328,-45.5395,4.2795,0.3391,509.3858,3.0485,0.0047,509.3499,5.9963,0.3242,0.000163,0.0066,0.1525,0.2838,ROTATE
-508.2624,8.8527,-16.7889,0.3217,508.6167,0.7691,0.0174,510.0051,2.4597,0.3278,6.8e-05,0.0097,0.1382,0.2957,ROTATE
-509.0099,34.2947,-34.4686,0.3152,511.3271,2.7104,0.0065,510.5944,1.9342,0.3275,7.3e-05,0.0108,0.124,0.3021,ROTATE
-509.608,44.0108,-41.9749,0.3306,513.2242,1.8972,0.0153,510.9977,3.0794,0.3282,7.4e-05,0.0089,0.1099,0.3083,ROTATE
-510.0864,42.5024,-52.8237,0.3395,514.5725,1.3483,0.009,511.4253,5.0397,0.3292,9.2e-05,0.0041,0.0962,0.3137,ROTATE
-510.4691,34.2738,-62.8214,0.3437,515.4609,0.8884,0.0042,512.6403,5.9888,0.3301,0.000113,-0.0058,0.0808,0.3188,ROTATE
-510.7753,25.3128,-73.6478,0.3505,516.6779,1.217,0.0068,514.2526,3.4122,0.3359,0.000149,-0.0101,0.0625,0.3284,ROTATE
-511.0202,11.1783,-81.8182,0.3506,517.6494,0.9714,0.0001,515.517,2.4093,0.343,5.6e-05,-0.0135,0.0426,0.3386,ROTATE
-511.2162,-14.5761,-83.8327,0.3513,518.2493,0.6,0.0007,516.522,1.8411,0.3471,2.2e-05,-0.015,0.0217,0.3447,ROTATE
-511.3729,-39.264,-76.9412,0.3589,518.6172,0.3679,0.0075,517.3309,1.3046,0.351,2.3e-05,-0.0154,-0.0003,0.3493,ROTATE
-511.4984,-54.6831,-73.9623,0.3751,519.7031,1.0858,0.0162,518.1794,1.0107,0.3573,8.9e-05,-0.0153,-0.0233,0.3548,ROTATE
-511.5987,-53.634,-64.4949,0.402,518.4297,1.2733,0.0269,518.5297,0.4496,0.3676,0.000373,-0.0152,-0.0476,0.3627,ROTATE
-500.0915,-47.4759,-45.3803,0.432,504.3856,14.0442,0.03,515.877,33.2689,0.3839,0.000881,-0.0154,-0.0724,0.3752,ROTATE
-502.4732,-15.6964,-22.3542,0.4376,503.215,1.1706,0.0056,512.8701,55.1672,0.4011,0.000949,-0.0142,-0.0964,0.388,ROTATE
-487.2317,-11.0571,4.7198,0.4288,487.38,15.8351,0.0087,506.6227,139.4803,0.4151,0.000551,-0.0124,-0.1178,0.3971,ROTATE
-462.6041,-37.8738,35.0883,0.4246,465.4763,21.9037,0.0042,495.7773,326.2448,0.425,0.000151,-0.0103,-0.1356,0.4022,ROTATE
-444.8489,-42.6397,44.0363,0.4134,449.0522,16.4241,0.0112,481.9018,467.7361,0.4273,6.6e-05,-0.0089,-0.144,0.402,ROTATE
-397.7416,-41.4711,0.9134,0.4089,399.8988,49.1534,0.0046,461.0045,1274.8309,0.4227,0.000108,-0.0054,-0.1484,0.3957,ROTATE
-378.6433,-22.1831,-24.3193,0.3982,380.0714,19.8274,0.0107,436.3757,1621.9424,0.4148,0.000121,-0.002,-0.153,0.3853,ROTATE
-351.074,23.516,-44.4336,0.4111,354.6552,25.4162,0.0129,409.8307,1732.6702,0.4112,7.2e-05,-0.0001,-0.1574,0.3797,ROTATE
-269.7998,71.7847,-46.5,0.4061,283.0322,71.623,0.005,373.342,2997.5266,0.4075,2.8e-05,0.0009,-0.1632,0.3729,ROTATE
-206.1899,103.1277,-23.8344,0.3741,231.7707,51.2615,0.032,329.8857,3971.1516,0.3997,0.000183,0.0014,-0.1765,0.3573,ROTATE
-195.2613,103.6803,29.1263,0.3456,222.9908,8.7799,0.0285,294.5041,4024.2273,0.387,0.00059,-0.0022,-0.192,0.3335,ROTATE
-212.4059,61.9818,94.4291,0.3184,240.572,17.5811,0.0273,266.6042,2363.2056,0.371,0.001253,-0.0087,-0.2054,0.3044,ROTATE
-272.3247,-3.7396,128.4996,0.2259,301.1426,60.5707,0.0925,255.9017,936.6473,0.334,0.003774,-0.0157,-0.2017,0.2621,ROTATE
-320.2598,-38.3604,22.6996,0.1983,323.3468,22.2041,0.0276,263.9646,1634.1917,0.2924,0.004693,-0.0178,-0.1868,0.2226,ROTATE
-358.6078,-51.0102,-40.1372,0.2493,364.4346,41.0879,0.051,290.4974,2741.7603,0.2675,0.003109,-0.0206,-0.1802,0.1956,ROTATE
-389.2863,-31.1769,-38.9472,0.294,392.47,28.0354,0.0447,324.3932,2761.0903,0.2571,0.001922,-0.0236,-0.1799,0.1809,ROTATE
-413.829,-4.154,-24.2672,0.2989,414.5608,22.0908,0.0049,359.191,1771.0437,0.2533,0.001505,-0.0239,-0.1819,0.1723,ROTATE
-433.4632,17.5893,-8.4669,0.3043,433.9026,19.3418,0.0054,385.7429,1508.4789,0.2689,0.00163,-0.022,-0.2021,0.1727,ROTATE
-449.1706,25.5839,1.3921,0.311,449.9008,15.9982,0.0068,411.0537,912.431,0.2915,0.000477,-0.0231,-0.2341,0.1696,ROTATE
-461.7365,16.6515,8.6887,0.3198,462.1183,12.2176,0.0088,430.5905,617.5968,0.3056,8.3e-05,-0.0207,-0.2572,0.1606,ROTATE
-471.7892,3.8212,11.7135,0.3285,471.95,9.8317,0.0087,446.4865,416.4023,0.3125,0.000113,-0.0144,-0.2737,0.1471,ROTATE
-479.8314,-5.3712,4.7145,0.3359,479.8846,7.9345,0.0074,459.5512,264.9504,0.3199,0.000131,-0.0079,-0.2888,0.1344,ROTATE
-486.2651,-23.8719,-3.6503,0.3383,486.8644,6.9798,0.0024,470.1436,170.3825,0.3267,0.000103,-0.0017,-0.3027,0.1204,ROTATE
-491.412,-42.7257,-5.8827,0.3417,493.301,6.4366,0.0035,478.8237,120.3376,0.3328,6.1e-05,0.0031,-0.3147,0.1054,ROTATE
-495.5296,-66.9774,9.8845,0.3395,500.1333,6.8322,0.0022,486.4267,97.5382,0.3368,2.1e-05,0.0045,-0.3235,0.0888,ROTATE
-498.8237,-107.4882,22.5857,0.3535,510.7729,10.6396,0.014,494.1913,113.8827,0.3418,3.8e-05,0.0086,-0.3329,0.0689,ROTATE
-501.459,-169.7968,9.0373,0.3583,529.5033,18.7304,0.0048,504.115,223.8545,0.3463,6.5e-05,0.0094,-0.3411,0.0433,ROTATE
-503.5672,-199.8125,3.7986,0.3716,541.7742,12.2709,0.0134,515.097,327.3784,0.3529,0.000137,0.0111,-0.3498,0.0157,ROTATE
-505.2537,-182.5468,-9.1549,0.3857,537.2974,4.4769,0.0141,523.8962,253.5107,0.3617,0.000249,0.0143,-0.3587,-0.0123,ROTATE
-506.603,-146.2875,-19.6583,0.4005,527.6675,9.6298,0.0148,529.4031,113.0945,0.3739,0.000302,0.02,-0.3689,-0.0413,ROTATE
-507.6824,-93.455,-9.161,0.4019,516.2937,11.3738,0.0014,530.5072,76.8295,0.3836,0.000281,0.0224,-0.374,-0.0724,ROTATE
-508.5459,-46.2515,9.515,0.3986,510.7335,5.5602,0.0033,526.7533,140.736,0.3917,0.000133,0.029,-0.3749,-0.101,ROTATE
-507.5461,-21.0106,20.3526,0.3933,508.3884,2.3451,0.0053,520.076,118.4793,0.396,3.5e-05,0.0349,-0.3706,-0.1279,ROTATE
-501.1181,17.5041,24.0414,0.4198,501.9998,6.3886,0.0266,513.0165,74.6787,0.4028,8.1e-05,0.0438,-0.3638,-0.1602,ROTATE
-488.9476,-33.0624,8.3707,0.4167,490.1357,11.8641,0.0031,505.5102,80.11,0.4061,0.000108,0.0494,-0.3533,-0.1888,ROTATE
-486.0331,-70.1124,-4.5066,0.407,491.0848,0.9491,0.0097,500.4684,73.0521,0.4071,0.000104,0.0525,-0.342,-0.2112,ROTATE
-450.264,-106.9837,-17.5022,0.3949,463.1301,27.9547,0.0121,490.9478,240.1641,0.4063,0.000118,0.0527,-0.3317,-0.227,ROTATE
-373.1331,-146.8682,-30.6955,0.3862,402.1701,60.96,0.0087,469.7041,1304.3297,0.4049,0.000163,0.0513,-0.3226,-0.2389,ROTATE
-256.3627,-206.6571,-29.9689,0.3992,330.6465,71.5236,0.013,435.4334,3788.6516,0.4008,0.000108,0.046,-0.3152,-0.2431,ROTATE
-221.1777,-226.2132,3.3905,0.3868,316.3913,14.2552,0.0124,400.6846,4816.9072,0.3948,6.1e-05,0.0403,-0.31,-0.2411,ROTATE
-211.3859,-157.4986,27.7687,0.337,265.0678,51.3235,0.0499,355.4812,4817.5029,0.3808,0.000506,0.0358,-0.303,-0.2272,ROTATE
-151.5931,-64.277,47.5462,0.3215,171.3845,93.6833,0.0155,297.132,5873.5381,0.3662,0.000954,0.0324,-0.2951,-0.2133,ROTATE
-170.837,12.9565,62.3588,0.3136,182.3233,10.9388,0.0079,253.1627,4369.8452,0.3516,0.001215,0.0295,-0.2833,-0.2051,ROTATE
-218.154,78.3433,46.0808,0.2926,236.3309,54.0076,0.021,234.2995,2869.9402,0.3303,0.001004,0.026,-0.2631,-0.1961,ROTATE
-262.4388,62.5215,41.8053,0.3125,273.0032,36.6723,0.0199,225.6219,1746.4225,0.3154,0.000207,0.024,-0.2413,-0.1977,ROTATE
-242.7823,-24.664,69.8536,0.3414,253.8328,19.1704,0.0289,223.3749,1589.3491,0.3163,0.000249,0.0192,-0.2251,-0.2171,ROTATE
-295.2852,-117.7468,110.4704,0.3692,336.5433,82.7105,0.0277,256.4067,2519.0667,0.3259,0.000711,0.013,-0.2125,-0.244,ROTATE
-338.6282,-189.9787,157.8732,0.3457,419.1478,82.6046,0.0234,303.7716,4474.8979,0.3323,0.000719,0.0047,-0.2042,-0.2607,ROTATE
-373.3026,-204.9049,207.6861,0.3069,473.7872,54.6393,0.0389,351.2628,7090.8867,0.3351,0.000524,-0.005,-0.1996,-0.2686,ROTATE
-401.0421,-203.5645,245.3176,0.2925,512.3026,38.5154,0.0144,399.1227,8762.165,0.3311,0.00077,-0.0151,-0.1922,-0.2688,ROTATE
-423.2336,-174.4297,266.7322,0.2607,529.8099,17.5073,0.0318,454.3182,4909.6226,0.315,0.00148,-0.023,-0.1787,-0.2578,ROTATE
-440.9869,-122.1,277.1826,0.255,534.9842,5.1743,0.0057,494.0063,1861.6887,0.2922,0.001092,-0.029,-0.1569,-0.2433,ROTATE
-455.1895,-72.1925,225.118,0.2168,512.9204,22.0638,0.0382,512.7609,460.7458,0.2664,0.000988,-0.0339,-0.1229,-0.2293,ROTATE
-466.5516,-67.1853,179.9038,0.2421,504.5291,8.3913,0.0253,518.9092,132.7059,0.2534,0.00061,-0.0392,-0.0906,-0.2276,ROTATE
-475.6413,-67.8264,185.1012,0.2842,514.8762,10.3471,0.042,519.424,126.9645,0.2518,0.000491,-0.0427,-0.073,-0.2333,ROTATE
-482.913,-65.2111,204.5403,0.2804,528.4829,13.6067,0.0038,519.1586,121.7336,0.2557,0.000624,-0.0445,-0.0628,-0.2421,ROTATE
-488.7304,-46.6376,217.6572,0.2755,537.0355,8.5526,0.0048,519.5688,135.3923,0.2598,0.000685,-0.0478,-0.0584,-0.2476,ROTATE
-493.3843,-2.857,225.3133,0.27,542.4042,5.3687,0.0056,525.4656,196.0712,0.2704,0.000223,-0.0502,-0.0651,-0.2568,ROTATE
-497.1075,36.0426,231.7881,0.2668,549.6732,7.269,0.0032,534.4944,144.0861,0.2754,4.1e-05,-0.0503,-0.0676,-0.2616,ROTATE
-500.086,72.1434,230.6586,0.2702,555.4224,5.7492,0.0034,542.6036,88.9478,0.2726,2.3e-05,-0.0502,-0.0541,-0.2608,ROTATE
-502.4688,103.0647,222.8113,0.282,559.2335,3.8111,0.0118,548.7538,66.5551,0.2729,2.9e-05,-0.0507,-0.0324,-0.2636,ROTATE
-504.3751,111.5705,200.6897,0.294,554.1827,5.0508,0.012,552.1832,33.2252,0.2766,0.000102,-0.0507,-0.0073,-0.2689,ROTATE
-505.9001,96.3221,174.7924,0.3011,543.843,10.3398,0.0072,552.471,27.9287,0.2828,0.000175,-0.0513,0.0186,-0.2752,ROTATE
-507.1201,67.7358,138.0495,0.2926,529.9213,13.9217,0.0085,548.5206,112.4555,0.288,0.000116,-0.0502,0.0426,-0.2786,ROTATE
-508.096,30.4167,115.3646,0.2978,521.9155,8.0058,0.0052,541.8192,199.5862,0.2935,4.2e-05,-0.0491,0.0656,-0.2802,ROTATE
-508.8768,-8.476,114.2511,0.3088,521.6136,0.3018,0.0109,534.2952,163.977,0.2989,3.3e-05,-0.0496,0.0861,-0.2804,ROTATE
-509.5015,-9.9839,127.0977,0.3217,525.2097,3.5961,0.0129,528.5006,67.806,0.3044,0.000102,-0.0508,0.1066,-0.2791,ROTATE
-510.0012,8.5535,162.0001,0.3457,535.1807,9.9709,0.024,526.7682,26.6517,0.3133,0.000362,-0.0508,0.1321,-0.2777,ROTATE
-510.4009,13.9428,191.4969,0.3605,545.3206,10.14,0.0148,529.848,84.0165,0.3269,0.000537,-0.0508,0.1611,-0.2772,ROTATE
-510.7208,15.1949,215.9725,0.3746,554.7168,9.3962,0.0141,536.4083,152.0855,0.3423,0.000588,-0.0505,0.1917,-0.2754,ROTATE
-510.9766,24.5653,235.0031,0.387,562.9627,8.2459,0.0123,544.6781,180.9469,0.3579,0.000518,-0.0482,0.2245,-0.2709,ROTATE
-511.1813,33.5491,262.7712,0.3966,575.7435,12.7808,0.0096,554.7848,196.0083,0.3729,0.000331,-0.0446,0.2576,-0.2625,ROTATE
-511.345,22.9268,200.4482,0.3823,549.7079,26.0355,0.0143,557.6903,115.8568,0.3802,0.000147,-0.04,0.2818,-0.2494,ROTATE
-511.476,23.8258,172.5242,0.3859,540.3147,9.3932,0.0036,556.6891,144.6349,0.3853,5.1e-05,-0.0365,0.3014,-0.2348,ROTATE
-511.5808,26.7106,147.11,0.3794,532.9819,7.3328,0.0065,552.3422,237.3669,0.3862,3.4e-05,-0.0324,0.3168,-0.216,ROTATE
-511.6646,39.0748,126.9005,0.3823,528.6125,4.3694,0.003,545.4721,280.2292,0.3853,3.6e-05,-0.0294,0.3295,-0.1945,ROTATE
-511.7317,55.9786,112.3829,0.3906,526.9088,1.7038,0.0083,535.7052,70.4847,0.3841,1.5e-05,-0.0273,0.3396,-0.1736,ROTATE
-511.7854,58.761,132.1157,0.368,531.8192,4.9105,0.0226,532.1274,21.4891,0.3812,5.8e-05,-0.0285,0.3472,-0.1506,ROTATE
-510.6564,68.2494,170.1144,0.3706,542.5559,10.7367,0.0026,532.5757,29.6325,0.3782,6.7e-05,-0.0271,0.3533,-0.1285,ROTATE
-510.9251,66.3433,208.7134,0.3961,555.8842,13.3282,0.0255,537.1561,117.2761,0.3815,0.000119,-0.0236,0.3628,-0.1128,ROTATE
-511.1401,60.0902,202.7395,0.4416,553.1531,2.7311,0.0455,542.0642,129.7687,0.3934,0.000699,-0.0157,0.378,-0.1047,ROTATE
-511.3121,70.4816,192.7604,0.4496,550.9667,2.1864,0.008,546.8759,76.5304,0.4052,0.001191,-0.0085,0.3918,-0.1008,ROTATE
-511.4496,89.1009,215.4708,0.445,562.092,11.1253,0.0046,552.9303,40.839,0.4206,0.000995,-0.0006,0.4085,-0.0991,ROTATE
-511.5597,69.9245,217.3704,0.435,560.2077,1.8843,0.01,556.4607,17.4417,0.4334,0.000372,0.0058,0.4235,-0.0871,ROTATE
-511.6478,44.2083,183.9151,0.444,545.493,14.7147,0.009,554.3824,37.1144,0.443,2.3e-05,0.0089,0.4346,-0.0584,ROTATE
-511.7182,29.7448,136.3883,0.4542,530.4169,15.0761,0.0102,549.8353,131.0048,0.4456,4.1e-05,0.0078,0.4361,-0.0113,ROTATE
-511.7746,43.9458,97.3138,0.4564,522.7948,7.6221,0.0022,544.2009,245.2397,0.4469,5.9e-05,0.0063,0.4325,0.0484,ROTATE
-497.0759,75.1473,77.8916,0.4511,508.7226,14.0722,0.0053,533.527,319.0312,0.4481,6.1e-05,0.0046,0.4236,0.1121,ROTATE
-454.6201,109.4085,77.1539,0.445,473.9223,34.8003,0.0061,516.2699,589.3956,0.4501,2.4e-05,0.0012,0.4115,0.1665,ROTATE
-419.6805,138.9518,78.7888,0.4393,449.0512,24.8712,0.0057,496.9815,950.2289,0.4492,3.9e-05,-0.0021,0.3964,0.205,ROTATE
-411.0194,154.6739,66.7748,0.4363,444.207,4.8442,0.003,479.7396,986.3903,0.4456,5.5e-05,-0.0045,0.382,0.2276,ROTATE
-264.8343,79.0923,66.8229,0.394,284.3556,159.8514,0.0423,432.0517,5976.4912,0.4331,0.000409,-0.005,0.3662,0.2311,ROTATE
-109.4705,31.0613,76.9709,0.3838,137.3795,146.9761,0.0102,357.7831,16651.3262,0.4197,0.00065,-0.002,0.3536,0.2259,ROTATE
14.8204,16.5303,73.8204,0.3705,77.0867,60.2928,0.0133,278.416,23412.6211,0.4048,0.000784,0.0022,0.3429,0.2146,ROTATE
114.2532,3.6024,60.3657,0.362,129.2702,52.1836,0.0085,214.4598,17947.8398,0.3893,0.000673,0.0059,0.3328,0.2015,ROTATE
191.5245,-7.1056,40.377,0.3583,195.8632,66.593,0.0037,164.791,4993.2666,0.3737,0.00018,0.0088,0.3213,0.1906,ROTATE
208.4227,9.6593,34.5891,0.317,211.494,15.6308,0.0413,150.2187,2358.0142,0.3583,0.000503,0.0111,0.3057,0.1862,ROTATE
136.5538,54.0274,41.5369,0.3126,152.6146,58.8795,0.0044,153.2657,2316.9084,0.3441,0.000588,0.0118,0.2903,0.1836,ROTATE
8.318,134.8751,44.5607,0.3237,142.2889,10.3257,0.0111,166.3062,1010.3024,0.3347,0.000444,0.0129,0.275,0.1888,ROTATE
-95.7456,204.9469,29.3924,0.2992,228.1104,85.8215,0.0245,186.0742,1109.1473,0.3222,0.00039,0.0147,0.2613,0.1868,ROTATE
-178.9965,202.2013,-6.9142,0.296,270.1349,42.0245,0.0031,200.9286,2282.5718,0.3097,0.000111,0.0173,0.2524,0.177,ROTATE
-202.3222,182.3548,-51.0439,0.2942,277.1155,6.9806,0.0018,214.0529,3248.8884,0.3052,0.000128,0.0193,0.2529,0.1671,ROTATE
-242.9765,162.9276,-69.6101,0.2592,300.7134,23.5979,0.035,243.6726,3118.6343,0.2945,0.000424,0.0192,0.2489,0.1533,ROTATE
-285.5781,126.4546,-63.2818,0.2242,318.6694,17.956,0.0351,278.9487,943.4017,0.2746,0.000845,0.0167,0.239,0.1334,ROTATE
-261.9718,82.7762,-46.1973,0.2068,278.5953,40.0741,0.0174,289.0457,324.5712,0.2561,0.001301,0.0137,0.2248,0.1215,ROTATE
-209.2962,40.5397,-44.1423,0.2185,217.7083,60.887,0.0117,278.5604,1160.9104,0.2406,0.001025,0.0107,0.2104,0.1158,ROTATE
-135.7901,1.3974,-61.0107,0.2037,148.8731,68.8352,0.0148,252.9119,3866.405,0.2225,0.000394,0.0089,0.1931,0.1099,ROTATE
-110.4071,-39.2259,-34.0742,0.1675,122.0223,26.8508,0.0362,217.1737,5558.6064,0.2041,0.000392,0.0077,0.1749,0.1049,ROTATE
