gx,gy,gz,lin_acc_mag,gyro_mag,gyro_diff,lin_acc_diff,gyro_avg,gyro_var,lin_acc_avg,lin_acc_var,lin_ax_avg,lin_ay_avg,lin_az_avg,label
-150.1165,-38.4723,25.5843,0.0508,157.0657,21.136,0.0121,94.2296,2228.3989,0.0489,0.000198,-0.0125,-0.003,-0.0459,SHAKE1
-150.2557,-52.6278,27.6424,0.0521,161.5876,4.5219,0.0013,119.6913,1768.7047,0.054,7.1e-05,-0.0135,-0.0008,-0.0519,SHAKE1
-128.7514,-69.9273,47.0577,0.0677,153.8869,7.7007,0.0156,140.2448,639.7127,0.0594,4.5e-05,-0.0186,0.003,-0.0549,SHAKE1
-132.5074,-81.5637,84.793,0.0952,177.2024,23.3155,0.0275,157.1344,176.5494,0.0658,0.000258,-0.0281,0.0102,-0.0553,SHAKE1
-167.5309,-97.7916,122.9376,0.1133,229.6594,52.457,0.0181,175.8804,787.184,0.0758,0.000606,-0.0406,0.0202,-0.0566,SHAKE1
-212.956,-114.5301,164.4469,0.1122,292.4213,62.7619,0.001,202.9515,2699.8948,0.0881,0.000596,-0.0536,0.032,-0.0589,SHAKE1
-248.1523,-104.1897,204.3763,0.0969,337.9419,45.5206,0.0153,238.2224,4758.1475,0.0971,0.000272,-0.0662,0.0407,-0.0546,SHAKE1
-207.1562,-76.9205,237.5167,0.074,324.4143,13.5276,0.0229,272.3279,3658.2788,0.0983,0.000204,-0.0725,0.0422,-0.0412,SHAKE1
-114.8968,-68.5989,252.3415,0.0629,285.6279,38.7864,0.0111,294.013,1413.6434,0.0919,0.000412,-0.0718,0.0385,-0.0237,SHAKE1
-41.9737,-73.7323,232.7919,0.046,247.7707,37.8572,0.0169,297.6352,999.9158,0.0784,0.00056,-0.0651,0.0316,-0.0071,SHAKE1
16.9148,-22.6514,231.0492,0.047,232.7722,14.9985,0.001,285.7054,1693.5999,0.0654,0.000358,-0.0567,0.0236,0.0098,SHAKE1
36.2099,16.207,231.0018,0.0454,234.3836,1.6114,0.0015,264.9937,1245.6824,0.055,0.000132,-0.0483,0.0188,0.0169,SHAKE1
16.4398,12.9687,223.4702,0.062,224.4491,9.9345,0.0165,245.0007,468.5742,0.0526,6.4e-05,-0.0455,0.0184,0.0181,SHAKE1
97.5956,-53.3907,211.2949,0.037,238.7907,14.3416,0.025,235.6333,58.4239,0.0475,6.5e-05,-0.0413,0.0153,0.0163,SHAKE1
81.7546,-66.7532,211.836,0.0261,236.6734,2.1174,0.0109,233.4138,24.2509,0.0435,0.00014,-0.0378,0.0136,0.0112,SHAKE1
53.0475,-45.5244,213.2,0.0334,224.3674,12.3059,0.0073,231.7329,37.7102,0.0408,0.000151,-0.0359,0.0143,0.0076,SHAKE1
52.8317,-13.8914,218.3569,0.0288,225.0864,0.719,0.0046,229.8734,41.6824,0.0375,0.000164,-0.0319,0.0146,0.0067,SHAKE1
59.0341,7.515,223.2949,0.036,231.089,6.0025,0.0071,231.2014,34.3298,0.0323,1.7e-05,-0.0249,0.0161,0.0017,SHAKE1
99.6585,-22.888,196.114,0.041,221.1705,9.9184,0.005,227.6773,30.5149,0.0331,2.7e-05,-0.0232,0.0214,-0.0006,SHAKE1
182.1237,-73.101,153.5412,0.047,249.1741,28.0036,0.006,230.1775,100.5004,0.0372,3.9e-05,-0.0237,0.0245,0.0077,SHAKE1
248.0959,-117.4214,112.3517,0.0434,296.5843,47.4102,0.0036,244.6209,767.1117,0.0392,4e-05,-0.0213,0.024,0.014,SHAKE1
300.8736,-155.859,86.2001,0.0388,349.639,53.0547,0.0046,269.5314,2276.0203,0.0412,1.4e-05,-0.0184,0.0182,0.0206,SHAKE1
343.0957,-185.4685,106.9664,0.0298,404.4194,54.7804,0.009,304.1974,4417.6748,0.04,3.3e-05,-0.0136,0.0091,0.0266,SHAKE1
376.8735,-200.5467,100.6106,0.0456,438.6058,34.1864,0.0159,347.6845,4760.9775,0.0409,3.9e-05,-0.009,-0.0042,0.0323,SHAKE1
357.2363,-190.9186,75.3697,0.0572,412.0052,26.6006,0.0116,380.2508,2586.9858,0.043,8.1e-05,-0.0072,-0.0172,0.0336,SHAKE1
295.1859,-175.9005,41.2864,0.0758,346.0929,65.9123,0.0186,390.1525,1322.2805,0.0494,0.000255,-0.0084,-0.0316,0.0345,SHAKE1
300.48,-182.9329,26.2322,0.0869,352.7617,6.6688,0.011,390.777,1273.2366,0.0591,0.000419,-0.012,-0.0452,0.0334,SHAKE1
308.909,-206.7369,21.8889,0.0845,372.3494,19.5877,0.0023,384.363,1262.7893,0.07,0.000257,-0.0196,-0.0564,0.034,SHAKE1
296.9928,-246.4521,37.4924,0.0797,387.7487,15.3993,0.0048,374.1915,573.1668,0.0768,0.000111,-0.0272,-0.0622,0.0337,SHAKE1
283.9662,-299.5616,78.147,0.0854,420.0963,32.3477,0.0057,375.8098,706.0239,0.0825,1.7e-05,-0.0297,-0.0681,0.0343,SHAKE1
259.9542,-342.0493,132.4082,0.0932,449.5619,29.4655,0.0078,396.5036,1189.0457,0.0859,1.9e-05,-0.0317,-0.0705,0.0361,SHAKE1
234.6665,-376.0395,176.4672,0.1129,477.0898,27.528,0.0197,421.3692,1486.9043,0.0911,0.000137,-0.0348,-0.0705,0.0442,SHAKE1
243.9582,-403.2316,212.4675,0.1269,516.9659,39.876,0.014,450.2925,1997.5026,0.0996,0.000313,-0.0397,-0.0713,0.0553,SHAKE1
211.6384,-424.9853,230.9084,0.143,527.9413,10.9754,0.0161,478.3311,1634.8634,0.1123,0.00045,-0.0493,-0.0737,0.0662,SHAKE1
147.2826,-442.3882,248.308,0.1581,528.2578,0.3165,0.0151,499.9634,987.187,0.1268,0.000514,-0.0686,-0.0735,0.072,SHAKE1
68.7636,-456.3106,287.4714,0.1719,543.6797,15.4219,0.0137,518.7869,507.0225,0.1426,0.000445,-0.0917,-0.073,0.0726,SHAKE1
-29.886,-467.4485,314.5771,0.1869,564.234,20.5543,0.015,536.2157,268.6172,0.1574,0.000443,-0.1168,-0.0722,0.0679,SHAKE1
-34.0494,-476.3588,335.3492,0.1937,583.5547,19.3207,0.0068,549.5335,465.3392,0.1707,0.000343,-0.1389,-0.0725,0.0621,SHAKE1
-93.7614,-483.487,331.8794,0.2027,593.8812,10.3264,0.009,562.7215,591.5146,0.1826,0.000251,-0.1539,-0.073,0.0637,SHAKE1
-115.206,-489.1896,309.4816,0.2203,590.2184,3.6627,0.0176,575.1136,351.6175,0.1951,0.00026,-0.1629,-0.0721,0.0749,SHAKE1
-131.3523,-493.7517,250.4572,0.2301,569.0105,21.2079,0.0099,580.1798,135.7827,0.2067,0.000262,-0.1687,-0.066,0.0926,SHAKE1
-96.9162,-497.4013,179.7689,0.2406,537.6967,31.3138,0.0105,574.8723,417.7231,0.2175,0.000298,-0.1736,-0.0543,0.1123,SHAKE1
24.8639,-500.3211,188.8089,0.2969,535.3393,2.3574,0.0563,565.2292,622.2286,0.2381,0.00102,-0.1879,-0.0411,0.1361,SHAKE1
13.2567,-502.6569,168.2221,0.3069,530.2248,5.1145,0.01,552.4979,541.0183,0.259,0.001281,-0.1984,-0.0133,0.1596,SHAKE1
-91.7946,-433.188,137.0714,0.2928,463.5371,66.6877,0.0141,527.1617,1197.3303,0.2735,0.001,-0.1994,0.008,0.1809,SHAKE1
-175.8357,-315.5129,191.8259,0.2832,408.9789,54.5582,0.0097,495.1554,2616.095,0.2841,0.000531,-0.1936,0.0204,0.2004,SHAKE1
-161.3842,-246.8978,246.8763,0.2669,384.6444,24.3345,0.0163,464.5449,3759.6763,0.2893,0.000184,-0.1873,0.0295,0.2135,SHAKE1
-76.4636,-203.4964,227.7761,0.2349,314.8641,69.7803,0.032,420.4499,5293.8037,0.2769,0.000611,-0.1666,0.0444,0.2149,SHAKE1
-20.674,-232.8502,138.2084,0.2738,271.5662,43.2979,0.0389,368.7181,4640.7939,0.2703,0.00039,-0.164,0.0487,0.2058,SHAKE1
-29.0736,-254.4146,86.2823,0.2799,270.216,1.3502,0.0062,330.0539,3288.2793,0.2677,0.0003,-0.1735,0.0539,0.1907,SHAKE1
-52.8932,-263.6442,64.179,0.2737,276.4505,6.2345,0.0062,303.5482,1914.5631,0.2658,0.000256,-0.1888,0.06,0.1721,SHAKE1
-91.8583,-277.9122,43.2807,0.2687,295.8824,19.4319,0.005,285.7958,295.8501,0.2662,0.000258,-0.2043,0.0635,0.1536,SHAKE1
-118.4492,-311.1391,7.2308,0.2709,333.0016,37.1192,0.0021,289.4233,559.3751,0.2734,1.4e-05,-0.2256,0.0614,0.1388,SHAKE1
-101.2625,-351.3113,-49.6216,0.2664,368.9662,35.9646,0.0044,308.9033,1381.5422,0.2719,2.2e-05,-0.233,0.0558,0.1264,SHAKE1
-53.0225,-383.449,-123.8973,0.2547,406.442,37.4758,0.0118,336.1485,2242.658,0.2669,4.3e-05,-0.2335,0.0519,0.1172,SHAKE1
29.5008,-409.1592,-201.1928,0.2563,456.9028,50.4608,0.0016,372.239,3143.6848,0.2634,4.4e-05,-0.2311,0.0494,0.1153,SHAKE1
125.9975,-429.7274,-252.098,0.275,513.9012,56.9984,0.0187,415.8427,4089.9668,0.2647,6.4e-05,-0.2244,0.0466,0.1279,SHAKE1
203.1949,-446.1819,-274.9472,0.3021,562.1053,48.2042,0.0271,461.6635,4896.4438,0.2709,0.000297,-0.219,0.0429,0.1482,SHAKE1
207.0028,-459.3455,-273.1015,0.3074,573.0906,10.9853,0.0053,502.4884,3994.4141,0.2791,0.000492,-0.2109,0.0376,0.1741,SHAKE1
164.7741,-469.8764,-264.4031,0.3258,563.7759,9.3147,0.0185,533.9551,1910.5061,0.2933,0.000608,-0.2004,0.0322,0.2074,SHAKE1
127.5974,-452.4792,-249.4287,0.3392,532.1967,31.5793,0.0133,549.0139,496.9431,0.3099,0.000479,-0.1855,0.0264,0.2418,SHAKE1
82.6342,-380.9428,-209.1148,0.3577,442.3515,89.8452,0.0185,534.704,2320.9644,0.3264,0.000419,-0.1656,0.0198,0.2737,SHAKE1
-6.5333,-284.4543,-159.8512,0.3891,326.3577,115.9938,0.0314,487.5545,8629.3584,0.3438,0.000782,-0.1363,0.0095,0.3086,SHAKE1
-107.5579,-202.9384,-111.6654,0.4014,255.3857,70.972,0.0124,424.0135,13909.083,0.3626,0.000826,-0.1069,-0.004,0.3413,SHAKE1
-188.4463,-162.4476,-56.2885,0.3943,255.0875,0.2982,0.0071,362.2758,11898.0293,0.3763,0.000569,-0.0809,-0.0202,0.3637,SHAKE1
-253.1571,-152.8925,-24.9871,0.3821,296.7979,41.7103,0.0123,315.196,4764.3779,0.3849,0.000226,-0.0602,-0.0381,0.3763,SHAKE1
-304.9257,-131.4952,-0.3928,0.3747,332.0705,35.2726,0.0074,293.1398,1101.1512,0.3883,8.7e-05,-0.0465,-0.0583,0.3797,SHAKE1
-346.3405,-87.443,7.8389,0.3623,357.2947,25.2242,0.0124,299.3273,1665.3518,0.383,0.000193,-0.0388,-0.0777,0.3717,SHAKE1
-379.4724,-44.8826,3.4836,0.3401,382.1334,24.8387,0.0222,324.6768,2007.9519,0.3707,0.000342,-0.035,-0.0949,0.3554,SHAKE1
-405.978,-1.806,-11.0631,0.3136,406.1327,23.9993,0.0265,354.8858,1453.8451,0.3546,0.000622,-0.0328,-0.1092,0.3345,SHAKE1
-427.1824,24.8114,-31.4317,0.2852,429.0552,22.9225,0.0284,381.3373,1179.541,0.3352,0.001057,-0.0329,-0.1209,0.3098,SHAKE1
-444.1459,57.9554,-52.4704,0.2558,450.974,21.9188,0.0294,405.118,1098.4299,0.3114,0.001441,-0.0343,-0.1308,0.2786,SHAKE1
-443.3542,70.6549,-74.7482,0.2234,455.129,4.155,0.0324,424.6849,758.3749,0.2836,0.001699,-0.0378,-0.1381,0.2416,SHAKE1
-391.4709,79.5333,-97.8486,0.1955,411.2777,43.8513,0.0279,430.5137,398.224,0.2547,0.001776,-0.0438,-0.1422,0.2016,SHAKE1
-306.1361,85.7392,-105.2851,0.1772,334.8962,76.3815,0.0183,416.2664,1904.8933,0.2274,0.001539,-0.0504,-0.1442,0.162,SHAKE1
-242.2808,83.4007,-98.0062,0.1613,274.3371,60.5591,0.0159,385.3228,4943.4604,0.2026,0.001132,-0.0573,-0.1436,0.1247,SHAKE1
-221.2559,52.1831,-79.2893,0.1449,240.7572,33.5799,0.0164,343.2794,6493.6445,0.1805,0.000743,-0.0645,-0.1373,0.0911,SHAKE1
-252.4047,0.459,-79.8752,0.1335,264.7421,23.9849,0.0114,305.2021,3775.3169,0.1625,0.000491,-0.071,-0.1282,0.0626,SHAKE1
-284.9612,-58.7547,-99.5939,0.1236,307.5288,42.7867,0.01,284.4523,1095.4368,0.1481,0.000369,-0.0747,-0.1176,0.0403,SHAKE1
-289.169,-100.1631,-121.0595,0.1227,329.0999,21.5711,0.0009,283.293,983.8577,0.1372,0.000209,-0.0796,-0.1062,0.0214,SHAKE1
-261.0602,-110.9149,-148.4664,0.1171,320.1512,8.9487,0.0056,292.4559,1155.5642,0.1284,9.6e-05,-0.0839,-0.0942,0.0055,SHAKE1
-197.1388,-98.9725,-185.5356,0.1171,288.2408,31.9105,0.0,301.9526,534.3799,0.1228,3.6e-05,-0.0875,-0.0837,-0.0064,SHAKE1
-112.3985,-93.6155,-219.966,0.1116,264.1635,24.0773,0.0055,301.8369,543.0461,0.1184,1.9e-05,-0.0896,-0.0743,-0.0144,SHAKE1
-55.2095,-106.1581,-241.954,0.1002,269.9247,5.7613,0.0114,294.316,683.6801,0.1138,5.8e-05,-0.0893,-0.0672,-0.0189,SHAKE1
-17.9832,-117.7296,-245.6726,0.0886,273.0177,3.093,0.0116,283.0995,406.6109,0.1069,0.000122,-0.0825,-0.0642,-0.0181,SHAKE1
30.7478,-117.6149,-229.0412,0.0936,259.304,13.7137,0.0049,270.9301,97.1962,0.1022,0.000115,-0.0722,-0.0666,-0.0124,SHAKE1
117.7139,-117.0451,-209.7111,0.0974,267.46,8.156,0.0038,266.774,22.3995,0.0983,6e-05,-0.0586,-0.0716,-0.0023,SHAKE1
196.568,-116.5423,-193.9783,0.0958,299.7476,32.2876,0.0016,273.8908,187.8393,0.0951,1.5e-05,-0.0439,-0.0764,0.0118,SHAKE1
259.6512,-118.9495,-192.6951,0.1037,344.5274,44.7798,0.0079,288.8113,959.9764,0.0958,2.4e-05,-0.0339,-0.0793,0.0296,SHAKE1
310.1179,-136.8752,-186.6217,0.1124,386.9568,42.4294,0.0087,311.5992,2317.3098,0.1006,4.6e-05,-0.031,-0.0749,0.0494,SHAKE1
348.1161,-168.6814,-184.0005,0.1364,428.3625,41.4057,0.024,345.4108,3353.8586,0.1092,0.00022,-0.0338,-0.063,0.0717,SHAKE1
349.3992,-185.0639,-176.941,0.1694,433.1703,4.8078,0.0329,378.5529,2580.5391,0.1235,0.000711,-0.0389,-0.0463,0.0985,SHAKE1
348.9069,-180.4167,-172.0685,0.2042,428.8283,4.342,0.0348,404.3691,1177.5334,0.1452,0.001388,-0.0465,-0.0275,0.1286,SHAKE1
357.8036,-160.0209,-178.861,0.2327,430.838,2.0096,0.0285,421.6312,303.4682,0.171,0.001908,-0.0519,-0.0082,0.1596,SHAKE1
385.146,-138.0042,-197.9826,0.2514,454.5104,23.6724,0.0186,435.1419,96.6742,0.1988,0.00174,-0.0559,0.0069,0.1893,SHAKE1
410.5137,-124.8065,-204.1111,0.2648,475.1415,20.6311,0.0135,444.4977,319.945,0.2245,0.001173,-0.0584,0.0191,0.2155,SHAKE1
430.8079,-107.9139,-206.9639,0.2815,489.9744,14.8328,0.0167,455.8586,578.8402,0.2469,0.000713,-0.062,0.0301,0.2369,SHAKE1
447.0432,-58.0749,-221.0367,0.3069,502.0732,12.0989,0.0254,470.5075,645.2814,0.2675,0.000644,-0.0648,0.0409,0.256,SHAKE1
460.0314,24.6557,-271.67,0.3159,534.8284,32.7552,0.009,491.3056,725.4228,0.2841,0.000596,-0.066,0.0531,0.2706,SHAKE1
470.422,96.8589,-319.736,0.3065,576.9832,42.1548,0.0094,515.8002,1322.793,0.2951,0.00036,-0.0637,0.0653,0.2799,SHAKE1
478.7345,144.3903,-358.1888,0.2953,615.089,38.1058,0.0112,543.7897,2180.4111,0.3012,0.00014,-0.0568,0.0749,0.2854,SHAKE1
485.3845,187.9435,-388.951,0.282,649.7721,34.6831,0.0132,575.7491,2826.2375,0.3013,0.000136,-0.0445,0.0787,0.2865,SHAKE1
490.7045,244.9673,-413.5609,0.2734,686.9006,37.1285,0.0087,612.7147,2845.0884,0.2946,0.000241,-0.0269,0.0746,0.2821,SHAKE1
494.9604,298.3707,-433.2487,0.2671,722.2986,35.3981,0.0063,650.2087,2627.762,0.2848,0.000206,-0.0051,0.0615,0.275,SHAKE1
490.8058,341.0934,-448.999,0.2587,747.5528,25.2542,0.0084,684.3226,2286.7827,0.2753,0.000158,0.0219,0.0421,0.266,SHAKE1
474.7603,362.8997,-461.5992,0.268,755.0943,7.5415,0.0093,712.3237,1545.7903,0.2698,5.9e-05,0.0538,0.0165,0.2559,SHAKE1
450.4676,376.1448,-471.6794,0.2961,752.9193,2.175,0.0282,732.9531,667.2767,0.2727,0.00016,0.0922,-0.0152,0.2442,SHAKE1
405.4397,367.419,-470.9966,0.3404,721.9528,30.9664,0.0443,739.9636,218.1643,0.2861,0.000898,0.1354,-0.0526,0.231,SHAKE1
348.7768,359.8258,-448.8879,0.3824,672.7706,49.1823,0.042,730.058,960.6129,0.3091,0.002151,0.18,-0.0947,0.2173,SHAKE1
304.1027,375.7638,-417.2354,0.4192,638.5626,34.2079,0.0368,708.2599,2098.5237,0.3412,0.003036,0.2228,-0.1391,0.205,SHAKE1
267.2196,403.0079,-347.1664,0.447,595.2699,43.2927,0.0278,676.295,3191.4268,0.377,0.002918,0.2604,-0.1835,0.1927,SHAKE1
231.0695,424.8032,-256.0581,0.4711,547.1898,48.0801,0.0241,635.1491,3657.8218,0.412,0.002155,0.2892,-0.2259,0.1807,SHAKE1
220.9118,442.2395,-177.3278,0.4781,525.1885,22.0013,0.007,595.7963,3020.467,0.4396,0.001244,0.308,-0.2619,0.1668,SHAKE1
244.5076,456.1885,-127.2747,0.4619,533.0016,7.8131,0.0163,567.8425,1842.6777,0.4555,0.000437,0.3155,-0.2891,0.1505,SHAKE1
282.3529,454.4383,-101.7385,0.4443,544.5989,11.5974,0.0176,549.0497,597.295,0.4605,0.000174,0.3125,-0.3086,0.1338,SHAKE1
289.4855,422.3631,-74.0783,0.4275,517.3781,27.2209,0.0168,533.4714,127.9678,0.4566,0.00034,0.3011,-0.3202,0.1197,SHAKE1
243.7134,375.3624,-41.1345,0.4011,449.4276,67.9504,0.0263,513.9189,1120.7018,0.4426,0.000717,0.2822,-0.3216,0.1104,SHAKE1
144.6957,298.268,-12.5264,0.3735,331.7492,117.6784,0.0276,475.2311,6235.7114,0.4216,0.00098,0.2582,-0.3145,0.1075,SHAKE1
13.3566,189.7957,10.4039,0.3522,190.5493,141.2,0.0213,406.7407,17086.0273,0.3997,0.001141,0.235,-0.3021,0.112,SHAKE1
-91.7147,54.5553,47.1044,0.3448,116.6477,73.9015,0.0074,321.1504,22790.1328,0.3798,0.000951,0.2155,-0.2852,0.1239,SHAKE1
-175.7718,-58.7558,97.0616,0.3536,209.2102,92.5625,0.0088,259.5168,13796.4971,0.3651,0.000416,0.2009,-0.2639,0.1455,SHAKE1
-243.0174,-143.314,168.093,0.3722,328.4077,119.1975,0.0186,235.3129,6946.6338,0.3593,0.000132,0.1932,-0.2372,0.1768,SHAKE1
-296.8139,-174.5043,236.8713,0.3964,417.9214,89.5136,0.0242,252.5473,11458.7871,0.3638,0.000346,0.1927,-0.2032,0.2166,SHAKE1
-339.8512,-146.4628,291.8939,0.4147,471.3303,53.4089,0.0183,308.7035,17109.7207,0.3763,0.00068,0.1969,-0.1597,0.2604,SHAKE1
-374.2809,-113.0734,335.912,0.4208,515.4694,44.1391,0.0061,388.4678,11920.7168,0.3915,0.000646,0.2025,-0.1015,0.3004,SHAKE1
-401.8248,-98.4556,371.1265,0.4375,555.7801,40.3107,0.0167,457.7818,6288.3159,0.4083,0.000499,0.2054,-0.0232,0.3286,SHAKE1
-423.8598,-91.9551,399.2981,0.4846,589.5353,33.7552,0.0471,510.0073,3685.0815,0.4308,0.000898,0.2026,0.073,0.3418,SHAKE1
-441.4879,-66.8985,421.8354,0.5483,614.2736,24.7383,0.0636,549.2777,2621.2437,0.4612,0.002497,0.191,0.1846,0.3361,SHAKE1
-455.5903,35.0094,439.8652,0.6368,634.2472,19.9736,0.0885,581.8611,1788.3689,0.5056,0.00626,0.1649,0.3138,0.3045,SHAKE1
-466.8722,130.4044,454.289,0.7612,664.3444,30.0972,0.1244,611.6361,1380.9451,0.5737,0.013253,0.1151,0.4562,0.2336,SHAKE1
-475.8978,206.7204,465.8281,0.9229,697.2861,32.9417,0.1617,639.9373,1423.1917,0.6708,0.024509,0.0395,0.5982,0.1241,SHAKE1
-483.1182,267.7732,475.0594,1.0884,728.5514,31.2653,0.1655,667.7405,1712.5908,0.7915,0.037879,-0.0575,0.7305,-0.0212,SHAKE1
-488.8946,316.6154,468.3069,1.2567,747.3785,18.8271,0.1683,694.3615,1700.6113,0.9332,0.049249,-0.1697,0.8469,-0.1993,SHAKE1
-458.2751,306.7924,386.2768,1.422,673.3107,74.0677,0.1653,702.1742,1005.4538,1.0902,0.054806,-0.2871,0.9369,-0.4014,SHAKE1
-349.9107,258.537,265.6371,1.518,509.7469,163.5638,0.096,671.2548,7168.8726,1.2416,0.04684,-0.3888,0.9922,-0.5954,SHAKE1
-177.5317,178.0109,140.6846,1.5224,288.0929,221.654,0.0045,589.4161,29698.375,1.3615,0.027925,-0.4591,1.013,-0.7618,SHAKE1
-39.6285,55.7962,25.6883,1.4408,73.0994,214.9935,0.0816,458.3257,61958.543,1.432,0.009297,-0.4938,1.0021,-0.884,SHAKE1
70.6941,-57.7631,-80.3368,1.2742,121.6069,48.5075,0.1666,333.1714,52260.5508,1.4355,0.008117,-0.4927,0.9627,-0.9398,SHAKE1
158.9521,-148.6104,-166.6695,1.0869,274.0977,152.4908,0.1873,253.3288,23444.6895,1.3684,0.027892,-0.4601,0.9027,-0.9185,SHAKE1
229.5586,-221.2884,-235.7356,0.9067,396.5311,122.4334,0.1802,230.6856,13883.3076,1.2462,0.051123,-0.4094,0.8323,-0.829,SHAKE1
286.0438,-197.4119,-290.9885,0.7533,453.2845,56.7533,0.1533,263.7239,22042.707,1.0924,0.060787,-0.3535,0.7603,-0.6895,SHAKE1
331.2319,-129.6171,-335.1908,0.6383,488.7412,35.4568,0.115,346.8522,17991.3965,0.9319,0.051979,-0.3008,0.6935,-0.521,SHAKE1
367.3824,-76.3999,-370.5526,0.5543,527.3671,38.6259,0.084,428.0043,7775.7627,0.7879,0.036326,-0.2515,0.6342,-0.346,SHAKE1
396.3028,-53.5762,-398.8421,0.5135,564.8021,37.435,0.0408,486.1452,3400.679,0.6732,0.020357,-0.2024,0.58,-0.1726,SHAKE1
419.4391,-38.8422,-421.4737,0.5252,595.8842,31.0822,0.0117,526.0157,2613.4077,0.5969,0.00802,-0.1494,0.5259,-0.0047,SHAKE1
437.9482,3.2044,-439.5789,0.573,620.5147,24.6305,0.0478,559.4619,2222.8083,0.5609,0.001941,-0.089,0.4648,0.1563,SHAKE1
452.7554,104.9604,-454.0632,0.6486,649.7519,29.2372,0.0756,591.664,1816.0072,0.5629,0.002275,-0.0138,0.3841,0.3099,SHAKE1
464.6012,186.3652,-465.6505,0.7189,683.6788,33.9269,0.0704,622.9263,1705.2,0.5958,0.006043,0.0748,0.283,0.4431,SHAKE1
474.0779,251.489,-474.9204,0.8215,716.6212,32.9424,0.1026,653.2902,1863.2972,0.6574,0.011079,0.1763,0.152,0.5492,SHAKE1
481.6592,303.5881,-481.7926,1.0276,745.8455,29.2242,0.2061,683.2824,2017.9695,0.7579,0.024897,0.2886,-0.0108,0.641,SHAKE1
487.7242,345.2674,-401.8622,1.2316,720.1234,25.722,0.2039,703.2041,1104.5886,0.8896,0.045579,0.4004,-0.1972,0.7223,SHAKE1
492.5763,372.1514,-275.9398,1.3801,676.218,43.9054,0.1485,708.4974,650.7916,1.0359,0.060651,0.4954,-0.386,0.7922,SHAKE1
342.3235,293.4149,-133.8612,1.4706,470.3153,205.9027,0.0905,665.8247,10052.7783,1.1863,0.055728,0.5644,-0.5642,0.8619,SHAKE1
171.4589,158.2163,-4.6921,1.4989,233.3507,236.9646,0.0284,569.1706,37601.4531,1.3218,0.030312,0.6012,-0.7102,0.9312,SHAKE1
34.7671,43.848,98.6432,1.4316,113.4102,119.9405,0.0673,442.6835,56903.1797,1.4026,0.008898,0.6016,-0.805,0.9748,SHAKE1
-74.5863,-33.2622,181.3114,1.296,198.855,85.4448,0.1356,338.4299,42530.2422,1.4154,0.005157,0.5675,-0.8391,0.9864,SHAKE1
-162.0691,-51.7941,247.446,1.1321,300.2975,101.4424,0.1639,263.2458,14348.2402,1.3659,0.018499,0.507,-0.8132,0.9703,SHAKE1
-232.0553,-28.0541,300.3537,0.9742,380.5904,80.2929,0.158,245.3008,8204.6074,1.2666,0.037132,0.4264,-0.7278,0.9364,SHAKE1
-288.0442,30.7974,342.6798,0.8192,448.7175,68.1272,0.1549,288.3741,14596.4092,1.1306,0.047879,0.3332,-0.5738,0.8889,SHAKE1
-332.8354,118.5942,376.5408,0.7566,516.3593,67.6417,0.0627,368.9639,12374.6621,0.9956,0.039521,0.2405,-0.3627,0.8353,SHAKE1
-368.6683,197.2722,403.6295,0.7605,581.1622,64.8029,0.004,445.4254,9746.5244,0.8885,0.021056,0.1628,-0.1103,0.7654,SHAKE1
-397.3347,260.2146,425.3005,0.7876,637.5477,56.3855,0.0271,512.8754,8366.791,0.8196,0.006476,0.1027,0.1608,0.6562,SHAKE1
-420.2677,310.5686,442.6373,0.8958,684.8398,47.2922,0.1081,573.7253,7078.5703,0.8039,0.002612,0.0527,0.4262,0.4643,SHAKE1
-438.6142,350.8517,456.5067,1.1863,723.7939,38.9541,0.2905,628.7406,5430.6206,0.8774,0.026413,-0.0066,0.6552,0.1844,SHAKE1
-453.2914,383.0783,422.0648,1.4903,728.2587,4.4647,0.304,671.1205,3089.4236,1.0241,0.077094,-0.0823,0.8369,-0.1554,SHAKE1
-465.0331,359.6751,296.0862,1.73,658.2469,70.0118,0.2397,686.5374,1266.3887,1.218,0.125262,-0.1715,0.969,-0.5204,SHAKE1
-380.7202,191.4526,154.019,1.8609,453.1267,205.1202,0.131,649.6532,10322.0566,1.4326,0.124817,-0.2601,1.0491,-0.8719,SHAKE1
-202.1793,50.7621,20.8152,1.9133,209.4911,243.6356,0.0524,554.5835,39784.7148,1.6362,0.071964,-0.3279,1.0799,-1.1607,SHAKE1
-59.3466,-61.7904,-85.7479,1.8255,121.2137,88.2774,0.0878,434.0674,57096.0313,1.764,0.022315,-0.3545,1.066,-1.3476,SHAKE1
54.9196,-151.8323,-170.9983,1.5695,235.18,113.9663,0.256,335.4517,37972.5078,1.7799,0.014641,-0.3362,1.0127,-1.4175,SHAKE1
146.3326,-223.8658,-239.1986,1.2362,358.8107,123.6307,0.3333,275.5645,13655.8096,1.6811,0.063509,-0.2879,0.9254,-1.3706,SHAKE1
219.4629,-281.4926,-293.7589,0.9261,462.2731,103.4624,0.3101,277.3937,14318.8145,1.4941,0.136098,-0.2335,0.821,-1.2236,SHAKE1
277.9672,-327.5941,-337.4071,0.6659,546.285,84.0119,0.2601,344.7524,23319.959,1.2446,0.175891,-0.1894,0.715,-0.9913,SHAKE1
324.7707,-364.4753,-372.3257,0.4872,613.9582,67.6732,0.1788,443.3014,18108.4961,0.977,0.151508,-0.1597,0.616,-0.7101,SHAKE1
362.2134,-393.9802,-400.2606,0.404,668.3019,54.3438,0.0832,529.9258,12066.8584,0.7439,0.09261,-0.1408,0.5252,-0.4243,SHAKE1
392.1676,-417.5842,-422.6085,0.4245,711.8777,43.5757,0.0205,600.5392,7845.832,0.5815,0.038184,-0.1193,0.4336,-0.1551,SHAKE1
416.131,-331.3611,-440.4868,0.5846,690.6473,21.2303,0.1601,646.2141,3560.0332,0.5132,0.009779,-0.0713,0.3349,0.0974,SHAKE1
435.3017,-162.692,-454.7894,0.8115,650.2228,40.4246,0.2269,667.0016,1133.9614,0.5423,0.022059,0.0162,0.226,0.329,SHAKE1
450.6382,-27.7567,-466.2315,1.006,649.0124,1.2104,0.1945,674.0125,586.8114,0.6461,0.053676,0.142,0.0984,0.5279,SHAKE1
462.9075,73.9259,-475.3852,1.2274,667.6372,18.6248,0.2214,673.8795,588.4005,0.8108,0.082419,0.292,-0.0555,0.7005,SHAKE1
472.7229,2.6469,-482.7082,1.439,675.6339,7.9966,0.2116,666.6307,247.6987,1.0137,0.090343,0.4517,-0.2296,0.843,SHAKE1
275.7783,-100.2418,-424.2915,1.6403,515.8734,159.7604,0.2013,631.6759,3456.0547,1.2248,0.087457,0.6014,-0.4225,0.9508,SHAKE1
118.2227,-110.131,-248.6239,1.7483,296.5118,219.3616,0.108,560.9337,20849.7969,1.4122,0.072978,0.7216,-0.6265,1.0139,SHAKE1
-7.8219,-77.3141,-96.5022,1.6827,123.9005,172.6113,0.0656,455.9113,46468.1328,1.5476,0.036284,0.7996,-0.8084,1.027,SHAKE1
-108.6575,-51.7701,25.1951,1.5105,122.969,0.9315,0.1722,346.9777,47806.1484,1.6042,0.012858,0.8277,-0.9393,0.9838,SHAKE1
-189.326,-98.2692,122.553,1.2975,246.0089,123.0399,0.213,261.0527,20859.0176,1.5759,0.025412,0.8078,-1.0042,0.8921,SHAKE1
-253.8608,-181.0154,200.4392,1.0681,370.6585,124.6496,0.2294,232.0098,9431.4941,1.4614,0.063046,0.7447,-0.9887,0.7684,SHAKE1
-305.4886,-247.2123,262.7483,0.8395,472.7302,102.0717,0.2286,267.2534,18946.541,1.2797,0.090897,0.6495,-0.8936,0.6428,SHAKE1
-346.7909,-262.7979,312.5955,0.5794,535.7636,63.0334,0.2601,349.6261,22470.8242,1.059,0.107798,0.5301,-0.7301,0.5421,SHAKE1
-379.8327,-218.3259,352.4733,0.3933,562.2957,26.5321,0.1861,437.4914,13521.498,0.8356,0.105737,0.3924,-0.5113,0.4671,SHAKE1
-406.2662,-133.4888,384.3755,0.4535,574.9922,12.6965,0.0602,503.288,5640.4834,0.6668,0.063759,0.2303,-0.2533,0.3987,SHAKE1
-427.4129,-88.7036,409.8973,0.706,598.8037,23.8115,0.2524,548.9171,1865.0051,0.5943,0.026607,0.0399,0.0175,0.3072,SHAKE1
-444.3304,-49.9972,430.3147,0.9921,620.5642,21.7605,0.2861,578.4839,856.5839,0.6249,0.045288,-0.1749,0.2745,0.1727,SHAKE1
-457.8643,21.5928,405.0299,1.2612,611.6823,8.882,0.2692,593.6676,481.4602,0.7612,0.107277,-0.3988,0.487,-0.0155,SHAKE1
-468.6914,105.1774,247.2802,1.472,540.2605,71.4218,0.2108,589.2606,835.663,0.977,0.134706,-0.6093,0.6361,-0.2486,SHAKE1
-382.9188,154.0044,95.4241,1.5615,423.6153,116.6452,0.0895,558.9852,5366.0166,1.1985,0.099141,-0.7755,0.7102,-0.4953,SHAKE1
-210.6944,154.8067,-26.0607,1.4887,262.7478,160.8675,0.0728,491.774,18082.8906,1.3551,0.042945,-0.8641,0.7131,-0.7144,SHAKE1
-67.9899,128.1641,-123.2486,1.3372,190.3651,72.3827,0.1515,405.7342,25532.123,1.4241,0.011883,-0.8802,0.6532,-0.8763,SHAKE1
48.0049,142.2719,-200.9988,1.1154,250.891,60.5259,0.2218,333.576,16637.6738,1.395,0.024794,-0.8273,0.544,-0.9575,SHAKE1
140.8008,180.3144,-263.1991,0.8909,348.729,97.838,0.2245,295.2696,6672.522,1.2787,0.060918,-0.7237,0.4013,-0.954,SHAKE1
215.0375,183.1265,-296.5092,0.6798,409.5048,60.7758,0.2111,292.4475,5979.9702,1.1024,0.085582,-0.594,0.2402,-0.8747,SHAKE1
274.4269,171.9856,-289.2793,0.5397,434.2484,24.7436,0.1401,326.7477,8648.5547,0.9126,0.083029,-0.4718,0.0765,-0.7449,SHAKE1
321.9384,177.0322,-250.4297,0.4768,444.6344,10.386,0.0628,377.6015,5121.856,0.7405,0.055331,-0.3628,-0.072,-0.5931,SHAKE1
359.9476,233.1195,-247.175,0.4556,494.9773,50.3428,0.0212,426.4188,2283.0334,0.6086,0.02605,-0.2747,-0.1972,-0.4442,SHAKE1
390.355,263.5519,-258.9837,0.4659,537.5027,42.5255,0.0103,464.1735,2118.3999,0.5236,0.006956,-0.2152,-0.2958,-0.3167,SHAKE1
414.6809,308.1415,-309.587,0.4864,602.2919,64.7891,0.0205,502.731,3849.3274,0.4849,0.000857,-0.1794,-0.3664,-0.2229,SHAKE1
434.1416,338.1976,-350.0696,0.5088,652.231,49.9391,0.0224,546.3275,5480.7539,0.4787,0.000333,-0.1695,-0.4101,-0.1622,SHAKE1
449.7102,372.955,-353.2245,0.5044,682.7168,30.4858,0.0044,593.944,4865.5405,0.4842,0.000434,-0.1722,-0.4318,-0.1308,SHAKE1
462.165,358.4827,-384.9796,0.5014,700.2254,17.5086,0.003,634.9935,3480.7378,0.4934,0.000245,-0.1883,-0.437,-0.1267,SHAKE1
469.5883,280.0643,-410.3836,0.4914,683.6402,16.5852,0.01,664.2211,1198.8987,0.4985,6.9e-05,-0.201,-0.4339,-0.1358,SHAKE1
466.5175,180.4015,-430.7069,0.4606,660.0695,23.5707,0.0308,675.7766,301.771,0.4933,0.000301,-0.197,-0.4261,-0.1463,SHAKE1
475.6109,130.1462,-446.9655,0.4612,665.5238,5.4543,0.0006,678.4351,204.8483,0.4838,0.000368,-0.1545,-0.4246,-0.1466,SHAKE1
482.8856,196.3951,-459.9724,0.5592,695.2152,29.6914,0.098,680.9348,251.2476,0.4948,0.001302,-0.0725,-0.4396,-0.1311,SHAKE1
488.7054,259.5129,-470.3779,0.7688,726.2474,31.0322,0.2095,686.1392,560.3821,0.5482,0.01345,0.0531,-0.4865,-0.0974,SHAKE1
493.3612,309.5947,-478.7023,0.96,753.9297,27.6824,0.1912,700.1971,1280.6199,0.642,0.037926,0.2062,-0.562,-0.048,SHAKE1
497.0858,288.1914,-349.2806,1.0925,672.4177,81.512,0.1325,702.6667,1106.8137,0.7683,0.055971,0.3608,-0.657,0.0087,SHAKE1
397.1249,232.1938,-177.0276,1.1411,492.9107,179.507,0.0486,668.1441,8438.6055,0.9043,0.046402,0.4892,-0.7529,0.0568,SHAKE1
232.1687,144.0394,-39.2252,1.0912,276.0222,216.8885,0.0499,584.3055,32015.0527,1.0107,0.018255,0.5705,-0.8288,0.0863,SHAKE1
83.3349,66.1315,71.0167,0.9934,127.9119,148.1103,0.0978,464.6384,55324.3672,1.0556,0.004589,0.598,-0.8642,0.0968,SHAKE1
-35.732,26.5427,159.2102,0.8735,165.3154,37.4035,0.1199,346.9156,42646.6641,1.0384,0.009092,0.581,-0.8553,0.0869,SHAKE1
-130.9856,43.5248,229.7651,0.7559,268.0366,102.7212,0.1177,266.0394,16159.748,0.971,0.019931,0.534,-0.8073,0.0634,SHAKE1
-207.1885,91.9417,286.2089,0.6271,365.0971,97.0605,0.1288,240.4766,7174.665,0.8682,0.027241,0.4734,-0.7259,0.0385,SHAKE1
-268.1508,175.9502,331.364,0.4688,461.1567,96.0596,0.1583,277.5035,15290.9111,0.7437,0.033711,0.4112,-0.6184,0.0171,SHAKE1
-316.9207,243.1571,367.4881,0.2398,542.7813,81.6246,0.229,360.4774,18005.1738,0.593,0.04931,0.3446,-0.474,-0.0062,SHAKE1
-355.9365,296.9225,396.3874,0.2559,609.899,67.1177,0.0161,449.3941,14923.5732,0.4695,0.041041,0.2602,-0.2888,-0.0449,SHAKE1
-387.1492,295.9599,419.5068,0.5959,643.0107,33.1117,0.3399,524.389,10218.7139,0.4375,0.026809,0.15,-0.0732,-0.1202,SHAKE1
-290.135,213.7523,438.0023,0.8816,567.1987,75.812,0.2857,564.8093,3876.6687,0.4884,0.056468,0.0172,0.1552,-0.2285,SHAKE1
-140.8799,87.0175,334.8237,1.0893,373.532,193.6668,0.2077,547.2843,8738.1758,0.6125,0.113204,-0.1339,0.3769,-0.357,SHAKE1
-10.307,-32.786,172.7371,1.1959,176.1229,197.4091,0.1066,473.9526,30908.75,0.8037,0.116938,-0.292,0.5576,-0.4823,SHAKE1
94.1512,-128.6288,35.7897,1.1627,163.373,12.7499,0.0333,384.6475,38528.9922,0.9851,0.049807,-0.4234,0.675,-0.571,SHAKE1
177.7179,-205.3031,-73.7683,1.0296,281.3801,118.0071,0.1331,312.3214,22080.4453,1.0718,0.012389,-0.5036,0.7288,-0.5971,SHAKE1
244.5712,-266.6425,-161.4146,0.8383,396.1918,114.8117,0.1912,278.1199,9325.0635,1.0632,0.015977,-0.5329,0.7267,-0.5577,SHAKE1
214.4132,-315.714,-231.5317,0.5941,446.3802,50.1884,0.2443,292.6895,12954.4004,0.9641,0.050039,-0.5092,0.6705,-0.4573,SHAKE1
128.3962,-354.9712,-287.6254,0.3516,474.5719,28.1917,0.2424,352.3794,13290.2031,0.7953,0.085802,-0.4249,0.5728,-0.3092,SHAKE1
60.6013,-379.58,-332.5003,0.2547,508.2421,33.6702,0.097,421.3532,6246.7651,0.6137,0.084275,-0.2969,0.4389,-0.1402,SHAKE1
146.4623,-248.714,-368.4002,0.3967,468.0049,40.2371,0.1421,458.6782,1370.3928,0.4871,0.04307,-0.1495,0.2789,0.0288,SHAKE1
219.5667,-96.5744,-397.1202,0.5525,463.9403,4.0647,0.1558,472.2278,411.4273,0.4299,0.015984,-0.0009,0.1052,0.1771,SHAKE1
278.0503,25.1374,-420.0961,0.6653,504.4052,40.4649,0.1128,483.8329,350.2067,0.4442,0.021474,0.1349,-0.0656,0.29,SHAKE1
324.8371,122.5068,-438.4769,0.747,559.2755,54.8703,0.0817,500.7736,1184.3823,0.5232,0.031852,0.2431,-0.2258,0.3597,SHAKE1
362.2666,165.7804,-453.1815,0.8262,603.4018,44.1263,0.0792,519.8055,2917.5217,0.6376,0.022717,0.32,-0.3661,0.3927,SHAKE1
333.2976,109.8087,-409.2515,0.9144,539.103,64.2988,0.0881,534.0251,2253.1426,0.7411,0.015722,0.3722,-0.4853,0.4054,SHAKE1
214.6256,16.0314,-295.6731,0.9906,365.7099,173.3931,0.0763,514.379,6550.8027,0.8287,0.013387,0.4089,-0.5865,0.411,SHAKE1
69.3005,-36.2062,-134.1416,1.0379,155.2656,210.4443,0.0473,444.5511,27447.4648,0.9032,0.011249,0.4359,-0.6675,0.4213,SHAKE1
-46.9596,-52.2118,-4.9164,1.054,70.3949,84.8707,0.0161,346.775,43253.5352,0.9646,0.007144,0.4557,-0.7244,0.4438,SHAKE1
-139.9677,-69.257,98.4638,1.0383,184.6147,114.2198,0.0157,263.0176,28325.9648,1.0071,0.0026,0.4686,-0.7481,0.4813,SHAKE1
-214.3741,-92.6524,181.1679,0.9917,295.5716,110.9569,0.0466,214.3113,10920.9912,1.0225,0.000689,0.4727,-0.728,0.5303,SHAKE1
-273.8993,-97.6626,247.3312,0.9155,381.748,86.1764,0.0762,217.519,11933.4053,1.0075,0.002552,0.4694,-0.6414,0.59,SHAKE1
-321.5195,-38.7207,300.2618,0.884,441.6234,59.8754,0.0315,274.7905,17922.8398,0.9767,0.004468,0.459,-0.4855,0.6509,SHAKE1
-359.6156,71.4203,342.6064,0.9168,501.8001,60.1767,0.0328,361.0715,12429.5801,0.9493,0.003236,0.4399,-0.2612,0.698,SHAKE1
-390.0925,159.5331,376.482,0.9655,565.1209,63.3208,0.0487,437.1728,8738.0068,0.9347,0.001491,0.4095,0.0116,0.7093,SHAKE1
-414.474,230.0234,403.5825,0.9661,622.5578,57.4369,0.0006,502.5701,7324.5459,0.9296,0.001013,0.3628,0.3041,0.6483,SHAKE1
-433.9792,286.4156,425.2628,1.0384,671.7294,49.1716,0.0723,560.5663,6764.3594,0.9542,0.002738,0.2811,0.5771,0.4915,SHAKE1
-449.5833,331.5294,442.6072,1.2755,712.6977,40.9683,0.237,614.7811,5624.417,1.0325,0.016272,0.1501,0.8096,0.2359,SHAKE1
-462.0667,367.6204,396.1858,1.5842,711.0651,1.6326,0.3087,656.6342,3173.9163,1.1659,0.056653,-0.0315,0.986,-0.0877,SHAKE1
-362.9096,279.4682,248.5299,1.8333,521.1266,189.9385,0.2492,647.8353,5094.0225,1.3395,0.107574,-0.2373,1.1101,-0.4394,SHAKE1
-187.9308,121.1745,96.4239,1.9479,243.5135,277.6131,0.1145,572.0265,31914.4727,1.5359,0.115159,-0.431,1.184,-0.7692,SHAKE1
-47.9478,-5.4604,-25.2609,1.9327,54.4694,189.0441,0.0151,448.5744,68259.0,1.7147,0.065186,-0.5741,1.2119,-1.0333,SHAKE1
64.0387,-106.7683,-122.6087,1.7652,174.7378,120.2684,0.1675,340.9825,57728.0508,1.8127,0.017518,-0.6385,1.2004,-1.1872,SHAKE1
153.6278,-187.8146,-200.487,1.4957,314.7552,140.0174,0.2695,261.7205,24190.9375,1.795,0.026852,-0.6178,1.1573,-1.2198,SHAKE1
225.2991,-252.6517,-262.7896,1.2165,428.5451,113.7899,0.2792,243.2043,15955.875,1.6716,0.07826,-0.536,1.0855,-1.1462,SHAKE1
282.6362,-304.5214,-312.6317,0.9672,519.9568,91.4117,0.2493,298.4929,28217.418,1.4755,0.123764,-0.4305,0.9999,-0.9803,SHAKE1
328.5058,-346.0171,-352.5053,0.7674,593.2149,73.2581,0.1998,406.242,22070.2695,1.2424,0.127903,-0.3238,0.911,-0.7419,SHAKE1
365.2015,-379.2137,-384.4043,0.687,651.8756,58.6607,0.0804,501.6695,14312.1934,1.0268,0.08843,-0.2265,0.8271,-0.4618,SHAKE1
394.5581,-389.3616,-409.9234,0.7062,689.4315,37.5558,0.0191,576.6047,8760.4209,0.8689,0.040071,-0.1358,0.7409,-0.1764,SHAKE1
418.0434,-340.3018,-430.3387,0.7926,689.7513,0.3199,0.0864,628.8461,4207.3716,0.7841,0.009874,-0.045,0.6455,0.1029,SHAKE1
436.8316,-229.9196,-446.671,0.931,665.7325,24.0188,0.1384,658.0011,1258.0986,0.7769,0.007432,0.0615,0.525,0.3677,SHAKE1
451.8622,-110.8825,-459.7368,1.1068,654.0889,11.6437,0.1758,670.1759,273.4822,0.8447,0.024576,0.1866,0.3624,0.6033,SHAKE1
463.8866,-59.0998,-470.1894,1.3095,663.1453,9.0564,0.2027,672.4299,211.3076,0.9692,0.047312,0.3198,0.1467,0.7958,SHAKE1
301.0374,-56.0986,-389.5578,1.5002,495.5056,167.6396,0.1906,633.6447,4909.6475,1.128,0.064638,0.4431,-0.1092,0.9459,SHAKE1
138.4299,-29.7414,-209.2493,1.6486,252.6513,242.8543,0.1485,546.2247,25668.998,1.2992,0.067039,0.5458,-0.3796,1.0555,SHAKE1
8.3439,56.3694,-65.0026,1.6923,86.4434,166.2079,0.0437,430.3669,51669.3047,1.4515,0.047645,0.6131,-0.6252,1.1225,SHAKE1
-95.7248,139.8674,50.3948,1.564,176.8213,90.3779,0.1283,334.9134,45404.6992,1.5429,0.01805,0.6394,-0.7992,1.1395,SHAKE1
-178.9799,211.9127,142.7127,1.358,311.9418,135.1205,0.206,264.6727,19029.25,1.5526,0.013895,0.6284,-0.8784,1.1115,SHAKE1
-245.5839,264.1208,216.5671,1.111,420.681,108.7392,0.2471,249.7078,13016.2549,1.4748,0.046301,0.5911,-0.8568,1.0436,SHAKE1
-298.8672,257.6497,275.6505,0.8579,481.34,60.6589,0.2531,295.4455,21653.2754,1.3166,0.091359,0.5311,-0.7428,0.9431,SHAKE1
-341.4937,267.2542,322.9173,0.6086,540.6647,59.3248,0.2493,386.2898,16690.7168,1.0999,0.116428,0.454,-0.5614,0.8132,SHAKE1
-375.595,316.2002,360.7307,0.3968,609.2462,68.5814,0.2118,472.7747,10377.5684,0.8665,0.117718,0.352,-0.3282,0.6613,SHAKE1
-402.876,355.3571,390.9814,0.4896,664.4202,55.1741,0.0928,543.2704,7580.0806,0.6928,0.067619,0.2105,-0.0764,0.4851,SHAKE1
-424.7008,386.6825,383.2726,0.7932,690.5013,26.0811,0.3035,597.2345,5997.7173,0.6292,0.03062,0.0309,0.1699,0.2847,SHAKE1
-442.1606,411.7429,377.5587,1.1493,712.4527,21.9514,0.3561,643.457,3829.9331,0.6875,0.070863,-0.154,0.393,0.0161,SHAKE1
-456.1285,431.7912,273.2282,1.4294,684.9456,27.5071,0.2801,672.3132,1228.2634,0.8517,0.152746,-0.3196,0.5863,-0.2903,SHAKE1
-383.7715,344.7111,140.1013,1.6014,534.5416,150.404,0.172,657.3723,4005.7441,1.0926,0.165742,-0.4389,0.7169,-0.6046,SHAKE1
-204.6204,173.3689,40.6936,1.7019,271.2605,263.2812,0.1005,578.7404,27629.293,1.335,0.108508,-0.481,0.7924,-0.9058,SHAKE1
-61.2994,36.2951,-26.8014,1.6892,76.1135,195.1469,0.0127,455.8628,60559.043,1.5142,0.042756,-0.4438,0.8249,-1.1621,SHAKE1
53.3573,-73.3639,-82.888,1.5423,122.8808,46.7673,0.1469,337.9484,55662.9609,1.5928,0.010103,-0.3687,0.8245,-1.2971,SHAKE1
145.0827,-161.0911,-128.7635,1.3174,252.1496,129.2688,0.2248,251.3892,25561.3437,1.5704,0.019427,-0.2892,0.7948,-1.3168,SHAKE1
218.4631,-231.2729,-203.5358,1.0681,377.6772,125.5277,0.2493,220.0163,11731.7607,1.4638,0.058319,-0.2239,0.7498,-1.2335,SHAKE1
277.1673,-287.4183,-265.2287,0.8408,479.3509,101.6736,0.2274,261.6344,22925.3867,1.2916,0.094942,-0.186,0.7029,-1.0585,SHAKE1
324.1307,-332.3347,-314.5829,0.5972,560.7758,81.4249,0.2436,358.5668,24543.0059,1.0732,0.112066,-0.1673,0.6546,-0.7945,SHAKE1
361.7015,-368.2678,-354.0664,0.5241,625.949,65.1732,0.0731,459.1805,17608.9551,0.8695,0.086879,-0.1408,0.5949,-0.4821,SHAKE1
391.7581,-259.1642,-385.6531,0.6087,607.7572,18.1918,0.0846,530.3021,8393.3271,0.7278,0.040267,-0.0972,0.5141,-0.1578,SHAKE1
415.8033,-189.0626,-410.9225,0.7619,614.4057,6.6485,0.1532,577.6477,2907.5337,0.6665,0.01358,-0.0279,0.3991,0.1571,SHAKE1
435.0396,-176.7314,-431.138,0.972,637.4742,23.0685,0.2101,609.2723,690.8027,0.6928,0.025482,0.0642,0.2249,0.4474,SHAKE1
389.2317,-153.1038,-431.2448,1.255,600.7613,36.7129,0.2829,617.2694,170.9537,0.8243,0.069555,0.1739,-0.0163,0.6769,SHAKE1
208.9854,-50.2424,-274.5552,1.5176,348.6829,252.0784,0.2627,561.8162,11508.5801,1.0231,0.108175,0.2832,-0.2996,0.8445,SHAKE1
64.7883,62.2029,-117.2473,1.6234,147.6945,200.9884,0.1057,469.8036,36919.5273,1.226,0.104742,0.3778,-0.5707,0.9635,SHAKE1
-50.5694,152.1592,8.599,1.5035,160.5728,12.8784,0.1199,379.0371,43623.7578,1.3743,0.055068,0.4433,-0.7754,1.0242,SHAKE1
-142.8555,189.6555,109.2761,1.2873,261.3774,100.8046,0.2162,303.8178,27376.625,1.4374,0.02024,0.476,-0.8824,1.0263,SHAKE1
-216.6844,185.2119,189.8178,1.0414,342.471,81.0935,0.2459,252.1597,7371.7915,1.3947,0.043115,0.4676,-0.877,0.9779,SHAKE1
-275.7475,221.9414,254.2511,0.7494,435.8191,93.3481,0.292,269.587,11950.8945,1.241,0.099744,0.4102,-0.763,0.8854,SHAKE1
-322.998,277.0,305.7978,0.4693,523.9933,88.1742,0.2801,344.8467,16259.8252,1.0102,0.136334,0.3155,-0.5763,0.752,SHAKE1
-360.7984,323.9969,347.0351,0.3325,596.3077,72.3143,0.1368,431.9937,14520.375,0.776,0.124666,0.1895,-0.3507,0.596,SHAKE1
-391.0387,361.5944,380.025,0.4775,654.2788,57.9711,0.145,510.574,12405.666,0.614,0.063965,0.0455,-0.112,0.413,SHAKE1
-415.231,391.6724,406.4169,0.7437,700.713,46.4342,0.2662,582.2224,8851.0176,0.5545,0.02725,-0.1032,0.1209,0.1967,SHAKE1
-394.3441,415.7348,337.0835,1.0281,664.8068,35.9063,0.2844,628.0199,3830.8562,0.6102,0.061406,-0.2111,0.3211,-0.0756,SHAKE1
-400.8847,421.1441,182.3356,1.2662,609.358,55.4488,0.2381,645.0929,1444.7195,0.7696,0.11809,-0.292,0.461,-0.3797,SHAKE1
-423.1077,234.5153,83.3185,1.4227,490.8763,118.4817,0.1565,624.0065,5280.6377,0.9877,0.117654,-0.3322,0.523,-0.6918,SHAKE1
-396.7112,85.2122,31.611,1.5428,406.9891,83.8872,0.12,574.5486,12070.585,1.2007,0.081847,-0.3358,0.5231,-0.9817,SHAKE1
-214.9721,-0.7771,-0.1643,1.6303,214.9735,192.0156,0.0875,477.4008,25308.2305,1.378,0.04554,-0.3154,0.4782,-1.2315,SHAKE1
-69.5808,-26.7748,-31.6752,1.565,81.0043,133.9693,0.0652,360.6402,36077.043,1.4854,0.016517,-0.3041,0.4123,-1.3839,SHAKE1
46.7322,-107.123,-71.7652,1.4264,137.1476,56.1433,0.1386,266.1982,24775.4297,1.5174,0.006579,-0.2879,0.3526,-1.4446,SHAKE1
139.7827,-188.0984,-133.7715,1.2156,269.8426,132.6949,0.2108,221.9914,12727.7939,1.476,0.021292,-0.2749,0.3109,-1.4158,SHAKE1
214.223,-252.8787,-207.2547,0.9725,390.8883,121.0457,0.2431,218.7712,11577.8262,1.3619,0.058099,-0.2647,0.2836,-1.3045,SHAKE1
273.7753,-304.703,-268.2038,0.7206,489.6224,98.7341,0.2518,273.701,23229.7285,1.18,0.092857,-0.2558,0.2669,-1.1171,SHAKE1
321.4171,-346.1624,-316.963,0.4666,568.8611,79.2387,0.2541,371.2724,23707.043,0.9603,0.116746,-0.2468,0.2526,-0.8833,SHAKE1
359.5305,-379.3299,-355.9704,0.2707,632.3514,63.4904,0.1959,470.3131,16567.543,0.7292,0.115,-0.231,0.2353,-0.6118,SHAKE1
390.0213,-397.7327,-387.1763,0.3587,678.3903,46.0389,0.088,552.0226,10512.623,0.5578,0.065769,-0.2028,0.2111,-0.3194,SHAKE1
414.4139,-420.5861,-412.1411,0.6045,720.0638,41.6735,0.2458,617.8578,6633.0635,0.4842,0.026403,-0.1563,0.1661,-0.0173,SHAKE1
433.928,-438.8689,-432.1129,0.8514,753.4062,33.3425,0.2469,670.6146,4235.5977,0.5104,0.04151,-0.0846,0.0833,0.2747,SHAKE1
449.5393,-453.4951,-448.0903,1.1072,780.0823,26.676,0.2557,712.8588,2776.9028,0.6385,0.095944,0.0069,-0.0506,0.5405,SHAKE1
328.5283,-353.7336,-418.591,1.367,638.9653,141.1169,0.2598,714.1816,2570.9153,0.8578,0.126954,0.1139,-0.2378,0.7629,SHAKE1
160.4227,-180.59,-284.6103,1.5705,373.2977,265.6676,0.2035,653.1631,21831.8145,1.1001,0.120007,0.2241,-0.4584,0.9359,SHAKE1
25.9381,-42.0752,-125.2913,1.6432,134.6886,238.6091,0.0727,536.088,60993.2617,1.3079,0.086708,0.3218,-0.6636,1.058,SHAKE1
-81.6495,68.7368,2.1638,1.5895,106.7523,27.9363,0.0537,406.7573,71687.1953,1.4555,0.039115,0.396,-0.8141,1.1318,SHAKE1
-167.7196,157.3863,104.1279,1.4649,252.4736,145.7213,0.1246,301.2355,37438.7344,1.527,0.009752,0.4438,-0.8818,1.1631,SHAKE1
-236.5757,228.3059,185.6992,1.2766,377.5921,125.1185,0.1883,248.9609,13059.8809,1.509,0.016846,0.4611,-0.8516,1.153,SHAKE1
-291.6606,252.9041,250.9563,1.0336,460.4405,82.8483,0.243,266.3894,18608.918,1.4016,0.049751,0.4441,-0.7242,1.1029,SHAKE1
-335.7285,266.9733,303.1619,0.817,525.2575,64.817,0.2166,344.5032,22440.6719,1.2363,0.079112,0.3987,-0.5239,1.0157,SHAKE1
-370.9828,315.9755,344.9264,0.6086,597.0284,71.7709,0.2084,442.5584,14274.5449,1.0401,0.094488,0.3224,-0.2846,0.8846,SHAKE1
-399.1862,355.1773,378.338,0.4766,654.7062,57.6778,0.1319,523.0049,9577.792,0.8425,0.082837,0.2129,-0.0343,0.6736,SHAKE1
-421.749,386.5387,405.0673,0.8066,700.9735,46.2673,0.33,587.6812,7500.3579,0.7485,0.036564,0.0657,0.2045,0.3767,SHAKE1
-439.7992,411.6278,338.0944,1.1892,690.7739,10.1996,0.3825,633.7479,4265.7974,0.7796,0.058182,-0.097,0.41,0.0263,SHAKE1
-437.68,325.3398,175.8631,1.4517,573.0074,117.7665,0.2625,643.2979,2558.4429,0.9065,0.132126,-0.2513,0.5606,-0.3542,SHAKE1
-328.044,157.8718,50.7217,1.6001,367.5718,205.4356,0.1484,597.4066,15229.2285,1.1048,0.17125,-0.3752,0.6505,-0.7288,SHAKE1
-160.0383,23.8975,-59.2476,1.682,172.3184,195.2534,0.0819,500.929,41404.6563,1.3459,0.100829,-0.4584,0.6837,-1.0422,SHAKE1
-25.6338,-83.282,-149.7981,1.6317,173.2988,0.9804,0.0503,395.3941,43731.7891,1.5109,0.031767,-0.4847,0.6695,-1.2504,SHAKE1
81.8899,-169.0256,-222.2385,1.4702,290.9735,117.6747,0.1615,315.434,22069.0508,1.5671,0.008234,-0.4671,0.6196,-1.3528,SHAKE1
167.9088,-237.6205,-280.1908,1.2571,403.9353,112.9618,0.2131,281.6195,9223.3145,1.5282,0.023275,-0.428,0.5507,-1.3564,SHAKE1
236.7239,-292.4964,-326.5526,1.0122,498.2258,94.2905,0.2449,307.7503,16446.5918,1.4107,0.061668,-0.3838,0.482,-1.2682,SHAKE1
291.776,-336.3972,-363.6421,0.7278,574.919,76.6932,0.2844,388.2705,20570.5586,1.2198,0.103785,-0.3362,0.4196,-1.0929,SHAKE1
335.8177,-371.5177,-393.3137,0.4231,636.7845,61.8655,0.3047,480.9677,15087.0732,0.9781,0.138385,-0.286,0.368,-0.8496,SHAKE1
371.051,-375.7017,-417.051,0.2614,672.876,36.0915,0.1617,557.3481,9399.3037,0.7363,0.134232,-0.2269,0.3234,-0.5673,SHAKE1
399.2377,-216.2239,-436.0408,0.4385,629.5038,43.3722,0.1771,602.4619,3698.2461,0.5726,0.070915,-0.1461,0.265,-0.2558,SHAKE1
421.787,-70.5822,-451.2326,0.7229,621.6888,7.815,0.2844,627.1545,989.4272,0.5147,0.033427,-0.0374,0.1769,0.0582,SHAKE1
439.8265,45.9311,-463.3861,0.9828,640.5339,18.8451,0.2599,640.2775,307.3082,0.5657,0.065562,0.0842,0.0545,0.3526,SHAKE1
454.2581,78.398,-473.1089,1.204,660.5518,20.0179,0.2213,645.0309,364.4828,0.7219,0.118585,0.2045,-0.1035,0.6063,SHAKE1
318.6971,107.4121,-441.3933,1.3918,554.9174,105.6344,0.1878,621.4391,1276.9309,0.948,0.114805,0.3118,-0.2956,0.8126,SHAKE1
152.5577,188.3266,-355.3084,1.5195,430.0986,124.8188,0.1276,581.5581,6995.6665,1.1642,0.081457,0.3889,-0.4927,0.9614,SHAKE1
19.6461,253.0582,-228.5874,1.5401,341.5796,88.5191,0.0206,525.5363,15053.0654,1.3276,0.044051,0.4275,-0.6624,1.0573,SHAKE1
-86.6831,292.8778,-80.473,1.4234,315.8596,25.72,0.1167,460.6014,16984.502,1.4158,0.014333,0.4373,-0.7779,1.0936,SHAKE1
-171.7465,280.7116,38.0184,1.2105,331.2722,15.4126,0.2128,394.7455,7996.6719,1.4171,0.013789,0.4235,-0.8288,1.0663,SHAKE1
-239.7972,231.1005,132.8116,0.9528,358.5374,27.2652,0.2578,355.4695,1585.2615,1.3292,0.049062,0.3886,-0.8072,0.981,SHAKE1
-294.2378,150.0461,208.6462,0.6918,390.6698,32.1324,0.2609,347.5837,656.9869,1.1637,0.095685,0.3367,-0.722,0.8478,SHAKE1
-337.7902,100.6743,269.3138,0.4381,443.5848,52.915,0.2537,367.9848,2076.8164,0.9433,0.124088,0.27,-0.5831,0.6889,SHAKE1
-372.6322,134.5645,317.8479,0.2203,507.9268,64.342,0.2178,406.3982,3974.5715,0.7027,0.124654,0.1866,-0.3989,0.5219,SHAKE1
-400.5057,191.7391,356.6752,0.3439,569.5489,61.6221,0.1236,454.0536,5898.3853,0.5294,0.068781,0.0811,-0.187,0.3398,SHAKE1
-422.8046,255.7881,387.7371,0.7292,628.1172,58.5684,0.3853,507.9695,7226.4209,0.4847,0.038919,-0.0531,0.0311,0.1269,SHAKE1
-440.6437,307.0274,268.9522,1.1481,600.6396,27.4776,0.4188,549.9635,4428.6357,0.5759,0.110028,-0.2063,0.2421,-0.1296,SHAKE1
-454.9149,279.9626,125.8274,1.4186,548.7797,51.8599,0.2705,571.0025,1722.9922,0.772,0.209795,-0.3552,0.418,-0.4186,SHAKE1
-343.4945,121.57,7.1838,1.5772,364.4439,184.3358,0.1586,542.3059,8637.0801,1.0434,0.204935,-0.4831,0.5318,-0.7207,SHAKE1
-172.3987,-5.144,-77.0686,1.6596,188.9109,175.5329,0.0824,466.1783,27670.832,1.3066,0.113779,-0.565,0.5876,-1.0013,SHAKE1
-35.5221,-106.5152,-160.0611,1.6284,195.5169,6.606,0.0312,379.6583,29591.7773,1.4864,0.035498,-0.588,0.5972,-1.2142,SHAKE1
73.9792,-187.6122,-227.7927,1.4885,304.238,108.721,0.1399,320.3779,17448.7051,1.5545,0.007971,-0.5596,0.5695,-1.3255,SHAKE1
161.5802,-252.4897,-284.6341,1.287,413.3713,109.1333,0.2016,293.2962,8011.3608,1.5282,0.0179,-0.5029,0.5207,-1.3421,SHAKE1
231.6611,-304.3918,-330.1073,1.0722,505.2643,91.8931,0.2147,321.4603,15191.8438,1.4271,0.048793,-0.4346,0.4666,-1.2759,SHAKE1
287.7257,-345.9134,-366.4858,0.7804,580.3052,75.0408,0.2918,399.7392,18950.5352,1.2513,0.090718,-0.3707,0.4065,-1.1235,SHAKE1
332.5775,-379.1307,-395.5887,0.4428,640.9667,60.6615,0.3376,488.8291,14310.3184,1.0142,0.13677,-0.3125,0.348,-0.8945,SHAKE1
368.4589,-405.7046,-418.8709,0.2591,689.7906,48.8239,0.1837,565.9396,9626.6152,0.7683,0.145338,-0.2572,0.2933,-0.6106,SHAKE1
397.164,-408.3981,-437.4968,0.443,718.2838,28.4932,0.1839,626.9222,5894.0811,0.5995,0.084213,-0.1861,0.2402,-0.2937,SHAKE1
420.1281,-350.3122,-452.3974,0.7149,709.8519,8.4319,0.2719,667.8397,2635.1848,0.528,0.03708,-0.0843,0.1734,0.0368,SHAKE1
438.4993,-177.8529,-464.3179,0.9951,662.9514,46.9005,0.2802,684.3688,834.2924,0.571,0.06613,0.0519,0.0825,0.3501,SHAKE1
453.1964,-39.8855,-473.8543,1.2701,656.8986,6.0528,0.275,687.5553,598.313,0.7364,0.133224,0.2184,-0.0474,0.6178,SHAKE1
442.6977,70.4885,-481.4835,1.5339,657.8573,0.9587,0.2638,681.1686,732.9177,0.9914,0.149835,0.4042,-0.2259,0.8277,SHAKE1
251.7582,95.9377,-392.5711,1.739,476.1284,181.7289,0.2051,632.7375,6520.1318,1.2506,0.134282,0.5792,-0.4436,0.9783,SHAKE1
99.0065,29.6939,-211.66,1.8189,235.5504,240.578,0.08,537.8773,27883.8496,1.4714,0.092733,0.7202,-0.6684,1.0654,SHAKE1
-23.1948,-11.4918,-66.9312,1.7711,71.7624,163.788,0.0478,419.6394,54227.5742,1.6266,0.041239,0.8131,-0.867,1.0864,SHAKE1
-120.9558,-13.9434,48.8519,1.6183,131.1916,59.4293,0.1528,314.498,48554.9102,1.6962,0.010986,0.8497,-1.0058,1.053,SHAKE1
-199.1647,-3.1579,141.4784,1.4212,244.3208,113.1292,0.1971,231.7907,19120.2637,1.6737,0.020334,0.8352,-1.0618,0.9795,SHAKE1
-261.7317,20.28,215.5796,1.1928,339.6901,95.3692,0.2284,204.5031,8763.918,1.5645,0.0538,0.7807,-1.028,0.8812,SHAKE1
-311.7854,114.4427,274.8606,0.9506,431.1097,91.4196,0.2423,243.6149,17311.5098,1.3908,0.086064,0.6971,-0.908,0.7845,SHAKE1
-351.8283,193.9511,322.2853,0.6728,515.0417,83.932,0.2778,332.2708,18279.4863,1.1711,0.111989,0.5909,-0.7,0.6981,SHAKE1
-383.8626,257.5577,360.2252,0.4708,586.045,71.0032,0.202,423.2415,14797.5215,0.9416,0.11743,0.463,-0.4426,0.607,SHAKE1
-409.4901,308.4431,390.577,0.4414,644.4918,58.4468,0.0294,503.2757,11779.873,0.7457,0.083073,0.3176,-0.166,0.4875,SHAKE1
-429.9921,349.1513,392.4991,0.6483,678.8633,34.3715,0.2069,571.1104,7992.4897,0.6368,0.033122,0.1565,0.106,0.3142,SHAKE1
-446.3937,381.7179,304.6306,1.0123,661.6462,17.2172,0.3639,617.2176,3585.9233,0.6491,0.041477,-0.0159,0.3508,0.0641,SHAKE1
-459.515,407.7712,145.5607,1.3291,631.363,30.2831,0.3168,640.4818,996.7346,0.7804,0.11661,-0.1769,0.5381,-0.2389,SHAKE1
-470.012,428.6139,14.0486,1.5502,636.2535,4.8904,0.2211,650.5236,306.7997,0.9963,0.169353,-0.2977,0.6751,-0.5619,SHAKE1
-478.4096,445.288,-91.1611,1.6925,659.8996,23.6461,0.1423,653.6051,307.6093,1.2465,0.142122,-0.3794,0.7655,-0.872,SHAKE1
-326.0933,253.8304,-146.1977,1.7569,438.3383,221.5613,0.0644,605.5001,7133.8818,1.4682,0.073523,-0.4253,0.8032,-1.1378,SHAKE1
-158.4778,100.6643,-157.4175,1.6868,245.0077,193.3306,0.0702,522.1725,25550.8594,1.6031,0.023306,-0.4314,0.7906,-1.316,SHAKE1
-24.3853,-21.8685,-185.5028,1.4922,188.3724,56.6353,0.1945,433.5743,37601.2109,1.6357,0.009685,-0.4135,0.7376,-1.3932,SHAKE1
82.8886,-119.8948,-193.8835,1.2454,242.5615,54.1891,0.2468,354.8359,30482.8789,1.5748,0.034977,-0.3935,0.649,-1.3755,SHAKE1
168.7078,-198.3159,-222.1036,0.9676,342.2302,99.6687,0.2778,291.302,7865.3335,1.4298,0.084921,-0.3769,0.537,-1.2676,SHAKE1
237.3631,-261.0527,-280.0829,0.7245,450.4844,108.2542,0.2431,293.7313,8603.3037,1.2233,0.12037,-0.3653,0.4326,-1.0775,SHAKE1
292.2874,-311.2422,-326.4663,0.5011,537.4792,86.9948,0.2234,352.2255,16589.5352,0.9861,0.125492,-0.3492,0.3549,-0.8319,SHAKE1
336.2267,-351.3937,-363.5731,0.3311,607.2161,69.7369,0.17,435.9943,17206.7949,0.7539,0.106154,-0.3083,0.3053,-0.5582,SHAKE1
371.3783,-383.515,-393.2585,0.5097,663.067,55.8509,0.1786,520.0953,12962.957,0.6068,0.048125,-0.216,0.2817,-0.2551,SHAKE1
399.4995,-294.3057,-417.0068,0.7751,648.1592,14.9077,0.2654,581.2811,6172.1235,0.5683,0.026274,-0.0765,0.2536,0.0492,SHAKE1
421.9965,-133.0477,-436.0054,1.0273,621.1952,26.9641,0.2522,615.4233,1903.5037,0.6288,0.059862,0.1069,0.191,0.3365,SHAKE1
299.8597,-4.0413,-451.2043,1.2605,541.7726,79.4226,0.2333,616.282,1772.5947,0.7807,0.113333,0.3051,0.0697,0.5943,SHAKE1
137.4878,-47.0143,-436.7041,1.4296,460.2431,81.5295,0.169,586.8874,5761.7427,1.0004,0.108833,0.485,-0.1176,0.7969,SHAKE1
7.5902,-118.9989,-290.2352,1.569,313.7751,146.468,0.1395,517.029,14638.9531,1.2123,0.080438,0.6174,-0.361,0.9188,SHAKE1
-96.3278,-105.8085,-129.7913,1.6096,193.1845,120.5905,0.0405,426.0341,23894.9023,1.3792,0.045919,0.7028,-0.6047,0.9711,SHAKE1
-179.4623,-26.5062,-1.4361,1.5407,181.4149,11.7697,0.0689,338.078,20508.7773,1.4819,0.01582,0.7422,-0.8065,0.9626,SHAKE1
-245.9698,27.8013,101.248,1.3917,267.442,86.0271,0.149,283.2119,10198.082,1.5081,0.006958,0.741,-0.9371,0.9024,SHAKE1
-299.1759,-0.2308,183.3952,1.1867,350.9132,83.4712,0.205,261.3459,4368.6455,1.4595,0.02402,0.704,-0.9772,0.8182,SHAKE1
-341.7407,-83.6722,249.1131,0.9571,431.0975,80.1843,0.2297,284.8105,9031.4189,1.3372,0.057137,0.6357,-0.9238,0.7268,SHAKE1
-375.7925,-154.0752,301.6873,0.6892,505.9392,74.8417,0.2679,347.3614,13219.3281,1.1531,0.092387,0.5409,-0.7895,0.6372,SHAKE1
-403.034,-43.4508,343.7468,0.4389,531.4944,25.5552,0.2502,417.3773,9590.4482,0.9327,0.115791,0.417,-0.5899,0.5548,SHAKE1
-424.8272,67.6362,377.3943,0.2989,572.2581,40.7637,0.14,478.3405,6175.4292,0.7142,0.106231,0.2637,-0.3479,0.448,SHAKE1
-442.2618,156.5059,404.3123,0.6187,619.3206,47.0626,0.3198,532.0219,4021.2664,0.6006,0.05048,0.0721,-0.0933,0.2847,SHAKE1
-456.2094,227.6016,423.1749,1.0791,662.5756,43.255,0.4603,578.3176,3249.6851,0.625,0.07026,-0.147,0.1531,0.0491,SHAKE1
-467.3675,284.4781,395.1086,1.425,674.8859,12.3103,0.3459,612.1069,2925.3286,0.7721,0.175784,-0.368,0.369,-0.2384,SHAKE1
-476.294,329.9794,346.7401,1.6263,675.2563,0.3704,0.2013,640.8593,1596.5216,1.0096,0.243106,-0.5584,0.5288,-0.5601,SHAKE1
-410.6915,359.8366,353.3546,1.7265,650.3917,24.8646,0.1002,656.486,429.2742,1.2951,0.163359,-0.6994,0.6236,-0.8679,SHAKE1
-226.1563,226.7599,343.4399,1.797,469.5931,180.7985,0.0705,626.5406,6242.0776,1.5308,0.066704,-0.7787,0.6683,-1.1225,SHAKE1
-78.5282,79.0079,254.0019,1.7431,277.3552,192.2379,0.0538,549.4965,24432.6602,1.6636,0.01728,-0.7983,0.6745,-1.2858,SHAKE1
39.5743,-39.1936,126.7172,1.505,138.4179,138.9373,0.2382,442.2028,43573.3555,1.6796,0.01067,-0.7741,0.6504,-1.3378,SHAKE1
134.0564,-133.7549,-1.0263,1.1793,189.3741,50.9562,0.3257,345.0264,36051.7891,1.5902,0.052171,-0.7308,0.6144,-1.268,SHAKE1
209.642,-209.4039,-103.221,0.9,313.7744,124.4003,0.2793,277.7029,13065.0879,1.4249,0.116394,-0.6849,0.5826,-1.0835,SHAKE1
270.1104,-269.9232,-184.9768,0.6935,424.3048,110.5305,0.2065,268.6452,9917.0977,1.2042,0.146969,-0.6237,0.5481,-0.8093,SHAKE1
318.4852,-318.3385,-250.3814,0.5224,515.2311,90.9263,0.1712,316.2204,19799.4453,0.96,0.122236,-0.5346,0.5031,-0.4849,SHAKE1
357.1851,-357.0708,-302.7052,0.4723,588.8218,73.5907,0.0501,406.3012,20224.4492,0.7535,0.067768,-0.4103,0.4297,-0.1576,SHAKE1
388.1449,-300.691,-344.5641,0.7529,599.83,11.0082,0.2806,488.3924,11564.6816,0.6682,0.024238,-0.2263,0.3236,0.1487,SHAKE1
412.9128,-138.156,-378.0513,1.1007,576.6341,23.1959,0.3478,540.9644,4259.8965,0.7083,0.049286,0.014,0.1756,0.4132,SHAKE1
245.8209,-8.1279,-404.8411,1.4169,473.6985,102.9356,0.3162,550.8431,2345.3552,0.853,0.128723,0.2827,-0.0157,0.639,SHAKE1
94.2567,95.8946,-419.3791,1.6584,440.4077,33.2908,0.2415,535.8785,4306.9663,1.0802,0.184975,0.547,-0.2534,0.8118,SHAKE1
-26.9946,179.1125,-265.6783,1.8011,321.5509,118.8568,0.1426,482.4243,10076.2764,1.346,0.14435,0.7836,-0.4992,0.9202,SHAKE1
-123.9957,207.04,-110.1458,1.7776,265.2783,56.2726,0.0235,415.5139,12272.9297,1.5509,0.069238,0.9468,-0.722,0.9503,SHAKE1
-201.5966,173.682,14.2803,1.6346,266.478,1.1997,0.1429,353.4827,7675.4541,1.6577,0.018688,1.0297,-0.8909,0.913,SHAKE1
-263.6772,91.43,113.8211,1.4265,301.3974,34.9193,0.2082,319.0225,4140.1533,1.6596,0.017779,1.0422,-0.9808,0.824,SHAKE1
-313.3418,-19.9623,193.4538,1.1954,368.7898,67.3924,0.2311,304.6989,1483.47,1.567,0.052305,0.9932,-0.9719,0.7187,SHAKE1
-353.0735,-112.9104,257.1599,0.9593,451.155,82.3652,0.2361,330.6197,5044.6616,1.3987,0.08687,0.8959,-0.8754,0.6194,SHAKE1
-384.8588,-85.7721,308.1248,0.7165,500.4138,49.2589,0.2428,377.6468,7745.2251,1.1865,0.106202,0.7751,-0.7051,0.5382,SHAKE1
-410.287,33.7792,348.8967,0.4046,539.6345,39.2206,0.3119,432.2781,7536.9468,0.9405,0.127775,0.6287,-0.4779,0.4505,SHAKE1
-430.6296,129.4202,381.5143,0.3644,589.6987,50.0643,0.0403,489.9384,5742.5381,0.728,0.101787,0.4133,-0.2275,0.3261,SHAKE1
-446.9037,205.9331,407.6083,0.8791,638.9647,49.2659,0.5147,543.9733,4329.1318,0.6648,0.058661,0.1415,0.0247,0.1406,SHAKE1
-459.9229,267.1433,253.5991,1.2841,589.2429,49.7217,0.405,571.5909,2253.2195,0.7297,0.113792,-0.145,0.2598,-0.1101,SHAKE1
-470.3383,316.1115,126.2731,1.5942,580.5941,8.6488,0.3102,587.627,999.0408,0.9053,0.232417,-0.4429,0.4457,-0.4087,SHAKE1
-348.0457,355.2861,-1.3815,1.7181,497.3589,83.2352,0.1238,579.1719,2096.5591,1.168,0.245401,-0.699,0.5579,-0.7124,SHAKE1
-176.0397,247.9914,-103.5052,1.7799,321.2523,176.1067,0.0618,525.4826,12496.3584,1.4511,0.110988,-0.857,0.6052,-0.9832,SHAKE1
-38.4349,95.9931,-185.2042,1.7209,212.1144,109.1379,0.059,440.1125,22272.6016,1.6194,0.031776,-0.9147,0.6046,-1.1786,SHAKE1
71.649,-25.6055,-250.5634,1.4835,261.8611,49.7467,0.2375,374.6362,19892.1914,1.6593,0.011388,-0.9142,0.5674,-1.256,SHAKE1
159.7161,-122.8844,-302.8507,1.1535,363.7696,101.9086,0.3299,331.2713,9551.5566,1.5712,0.053937,-0.8544,0.5101,-1.2132,SHAKE1
230.1697,-200.7075,-344.6805,0.8,460.5066,96.7369,0.3535,323.9008,7320.561,1.3876,0.134842,-0.7689,0.4492,-1.056,SHAKE1
286.5327,-219.6473,-378.1444,0.5053,522.8184,62.3119,0.2948,364.214,13607.6465,1.1326,0.19476,-0.6625,0.3855,-0.8044,SHAKE1
331.623,-125.3116,-404.9156,0.3354,538.176,15.3576,0.1699,429.4263,10780.6973,0.8555,0.175882,-0.5451,0.309,-0.5009,SHAKE1
367.6953,2.1476,-426.3325,0.3589,562.9954,24.8194,0.0235,489.6532,5105.936,0.6306,0.095764,-0.4212,0.2127,-0.2027,SHAKE1
396.5531,104.115,-443.466,0.4881,603.9506,40.9552,0.1292,537.6894,2241.9036,0.4975,0.027431,-0.2974,0.1026,0.0586,SHAKE1
419.6394,185.6889,-457.1728,0.6513,647.7535,43.8029,0.1631,575.1388,2070.8286,0.4678,0.012973,-0.1727,-0.0209,0.2692,SHAKE1
438.1084,250.948,-468.1382,0.8532,688.5255,40.772,0.2019,608.2802,2996.2983,0.5374,0.037556,-0.046,-0.1555,0.4375,SHAKE1
452.8836,265.2334,-476.9106,1.0722,709.1516,20.6262,0.219,642.4753,2879.0815,0.6847,0.064887,0.0833,-0.3015,0.5739,SHAKE1
324.3538,174.9773,-483.9285,1.2569,608.2838,100.8678,0.1847,651.533,1767.441,0.8643,0.076874,0.215,-0.4537,0.6795,SHAKE1
157.083,37.5819,-419.3772,1.377,449.4048,158.879,0.1201,620.6238,8530.4111,1.0421,0.069524,0.3445,-0.6101,0.7514,SHAKE1
23.2664,-72.3345,-233.1049,1.4251,245.1764,204.2283,0.0481,540.1084,30092.6211,1.1969,0.044355,0.4597,-0.7585,0.785,SHAKE1
-83.7869,-131.9582,-84.087,1.4243,177.4932,67.6832,0.0008,437.9019,41538.8984,1.3111,0.018029,0.5524,-0.8829,0.7802,SHAKE1
-169.4295,-142.4447,35.1273,1.3656,224.1223,46.629,0.0587,340.8961,26553.8398,1.3698,0.003768,0.6168,-0.9599,0.7472,SHAKE1
-237.9436,-117.5089,130.4987,1.252,295.7286,71.6064,0.1136,278.3851,8754.9941,1.3688,0.003992,0.6499,-0.9755,0.7019,SHAKE1
-292.7549,-98.6415,206.7958,1.081,371.7527,76.0241,0.171,262.8546,4407.7549,1.3096,0.01704,0.6533,-0.9224,0.6563,SHAKE1
-336.6039,-121.5476,267.8335,0.8499,447.002,75.2493,0.2311,303.2198,9497.959,1.1946,0.04341,0.6303,-0.7984,0.6114,SHAKE1
-371.6831,-134.1974,316.6637,0.535,506.3923,59.3903,0.3149,368.9996,10265.3604,1.0167,0.088235,0.5629,-0.5908,0.5583,SHAKE1
-399.7465,-12.8017,355.7278,0.3325,535.2602,28.8679,0.2025,431.2272,7723.7178,0.8101,0.114814,0.3994,-0.3358,0.4535,SHAKE1
-422.1972,92.1555,386.9792,0.7725,580.0828,44.8226,0.44,488.098,5249.0513,0.7142,0.066833,0.1597,-0.0619,0.284,SHAKE1
-440.1578,176.1213,208.8896,1.2498,518.066,62.0167,0.4773,517.3607,1865.1194,0.7479,0.096159,-0.1294,0.205,0.0363,SHAKE1
-454.5262,243.2939,64.7117,1.5507,519.5898,1.5238,0.3009,531.8782,665.2853,0.8881,0.203334,-0.4227,0.4426,-0.2603,SHAKE1
-466.021,297.032,-50.6307,1.6803,554.9478,35.3579,0.1296,541.5894,547.5145,1.1172,0.25144,-0.6782,0.5925,-0.5801,SHAKE1
-270.4199,205.5787,-142.9045,1.7095,368.5258,186.422,0.0291,508.2424,5417.6875,1.3926,0.12262,-0.8297,0.6489,-0.8723,SHAKE1
-113.939,62.063,-198.7611,1.6182,237.3603,131.1655,0.0913,439.6979,14362.5596,1.5617,0.027299,-0.8833,0.6362,-1.0927,SHAKE1
11.2456,-52.7496,-261.4089,1.3509,266.915,29.5547,0.2673,389.4677,16581.9648,1.5819,0.016322,-0.8581,0.5733,-1.1821,SHAKE1
111.3934,-144.5997,-311.5271,1.0331,361.0633,94.1483,0.3178,357.7625,12351.7451,1.4784,0.065642,-0.7982,0.4691,-1.1447,SHAKE1
191.5116,-206.1766,-351.6217,0.7143,450.3591,89.2958,0.3188,336.8447,5852.6123,1.2852,0.136925,-0.7234,0.3566,-0.9881,SHAKE1
255.6062,-178.8382,-383.6974,0.5086,494.5111,44.152,0.2058,362.0417,9988.7236,1.045,0.163875,-0.6433,0.2545,-0.741,SHAKE1
306.8818,-224.3237,-409.3579,0.4278,558.6335,64.1224,0.0807,426.2964,10480.6357,0.8069,0.11768,-0.5632,0.1531,-0.4534,SHAKE1
347.9023,-281.8589,-429.8863,0.3827,620.7115,62.0779,0.0451,497.0557,7952.7134,0.6133,0.057005,-0.4664,0.0525,-0.1811,SHAKE1
380.7187,-327.8872,-446.309,0.4762,672.048,51.3365,0.0935,559.2526,6509.9248,0.5019,0.013104,-0.3345,-0.0473,0.0555,SHAKE1
406.9719,-188.0129,-459.4472,0.6941,641.9242,30.1238,0.2178,597.5656,4037.3933,0.4979,0.011449,-0.1629,-0.1472,0.2431,SHAKE1
427.9744,-48.0134,-469.9578,0.892,637.4384,4.4858,0.198,626.1511,1414.1851,0.5746,0.036618,0.0383,-0.2468,0.3805,SHAKE1
418.0389,63.9861,-478.3662,1.0389,638.5021,1.0638,0.1468,642.1248,277.8106,0.6968,0.060492,0.2538,-0.3502,0.4663,SHAKE1
382.9999,125.6639,-485.093,1.1643,630.7103,7.7918,0.1254,644.1246,208.1635,0.8531,0.060033,0.452,-0.4695,0.5045,SHAKE1
349.6155,14.9842,-376.5088,1.272,514.0179,116.6924,0.1077,612.5186,2438.8313,1.0122,0.041391,0.6128,-0.5988,0.5006,SHAKE1
314.3862,-85.4751,-198.8101,1.3354,381.6676,132.3503,0.0634,560.4673,10214.9902,1.1405,0.025576,0.7234,-0.7267,0.4659,SHAKE1
270.1652,-119.6676,-56.6512,1.3353,300.8636,80.8039,0.0001,493.1523,17977.584,1.2292,0.01296,0.7854,-0.8349,0.4229,SHAKE1
208.6103,-100.8341,57.0759,1.3026,238.6282,62.2354,0.0328,413.1776,20312.8086,1.2819,0.004016,0.8082,-0.9109,0.3928,SHAKE1
141.3039,-62.5423,148.0576,1.2463,214.0079,24.6203,0.0562,329.837,11836.7783,1.2983,0.001232,0.8007,-0.9437,0.3887,SHAKE1
10.6431,-40.7932,220.843,1.1538,224.831,10.8231,0.0925,271.9997,3912.3528,1.2747,0.004709,0.7628,-0.9287,0.4144,SHAKE1
-93.8855,-26.597,279.0712,0.9811,295.6394,70.8084,0.1728,254.794,1322.6764,1.2038,0.016192,0.6944,-0.8506,0.4644,SHAKE1
-177.5084,-3.7964,325.6539,0.8048,370.9098,75.2704,0.1763,268.8033,3398.511,1.0977,0.033323,0.6027,-0.7025,0.5266,SHAKE1
-244.4067,51.3316,362.92,0.7193,440.5457,69.6359,0.0855,309.1868,7484.6704,0.9811,0.039962,0.4861,-0.4816,0.5848,SHAKE1
-297.9254,143.4622,392.7329,0.7051,513.4005,72.8548,0.0142,369.0653,10428.0801,0.8728,0.029403,0.3404,-0.2116,0.6079,SHAKE1
-340.7403,217.1666,416.5832,0.7577,580.3506,66.9501,0.0526,440.1693,10139.9043,0.7936,0.009983,0.1607,0.0818,0.5571,SHAKE1
-374.9922,276.1302,405.6197,0.9868,617.5714,37.2207,0.2291,504.5556,8110.8291,0.7947,0.010417,-0.0457,0.3616,0.4068,SHAKE1
-402.3938,323.301,323.0489,1.3403,608.9375,8.6339,0.3535,552.1611,4451.4189,0.9018,0.058456,-0.2711,0.5985,0.1562,SHAKE1
-304.8213,361.0377,204.036,1.5918,514.6794,94.2581,0.2514,566.9879,2020.96,1.0763,0.116539,-0.4911,0.7607,-0.1608,SHAKE1
-141.4602,348.0208,60.8288,1.7021,380.5648,134.1146,0.1103,540.4208,7691.5361,1.2757,0.127528,-0.6721,0.8469,-0.5014,SHAKE1
-10.7713,176.0166,-53.737,1.7329,184.3517,196.2132,0.0308,461.2209,26457.0898,1.4708,0.077621,-0.781,0.871,-0.8191,SHAKE1
93.7799,38.4133,-145.3896,1.68,177.2241,7.1276,0.0529,373.1515,29942.6152,1.6094,0.020308,-0.81,0.8474,-1.0652,SHAKE1
177.4208,-71.6694,-218.7117,1.4771,290.6018,113.3778,0.2028,309.4844,16132.998,1.6368,0.008576,-0.765,0.7861,-1.1939,SHAKE1
244.3335,-159.7355,-277.3694,1.182,402.6761,112.0743,0.2951,287.0837,8947.1436,1.5548,0.042819,-0.6678,0.7092,-1.2029,SHAKE1
297.8637,-185.3634,-324.2955,0.8985,477.7551,75.079,0.2835,306.5218,14092.6777,1.3941,0.098798,-0.5534,0.6348,-1.107,SHAKE1
340.6878,-104.8345,-361.8364,0.6716,507.9213,30.1662,0.2269,371.2357,15032.0313,1.1819,0.135191,-0.4534,0.5667,-0.924,SHAKE1
374.9471,18.5293,-391.8691,0.5385,542.6694,34.7482,0.1331,444.3248,8039.8242,0.9536,0.116229,-0.3816,0.5056,-0.6861,SHAKE1
402.3546,55.6859,-415.8953,0.4952,581.3425,38.673,0.0433,502.4728,3687.2446,0.7572,0.064851,-0.3406,0.4527,-0.441,SHAKE1
424.2806,-51.795,-435.1162,0.4847,609.9368,28.5943,0.0105,543.925,2286.7844,0.6177,0.02415,-0.3169,0.4063,-0.2118,SHAKE1
441.8214,-143.836,-450.493,0.5749,647.1776,37.2408,0.0902,577.8094,2395.1538,0.553,0.004554,-0.2906,0.3689,0.0103,SHAKE1
455.854,-217.4688,-462.7944,0.7376,685.0359,37.8583,0.1627,613.2324,2462.9958,0.5662,0.008382,-0.2401,0.3253,0.2318,SHAKE1
467.0801,-160.75,-472.6355,0.9035,683.6583,1.3776,0.1659,641.4302,1664.015,0.6392,0.025661,-0.1529,0.2577,0.4463,SHAKE1
476.0609,-75.2907,-480.5084,1.0708,680.5814,3.0769,0.1673,661.278,854.5363,0.7543,0.045518,-0.0375,0.152,0.6517,SHAKE1
448.5331,-53.87,-481.8536,1.2284,660.5049,20.0765,0.1575,671.3916,225.1857,0.903,0.053802,0.085,0.0094,0.8378,SHAKE1
271.2734,-100.571,-379.6516,1.3624,477.325,183.18,0.1341,637.4211,6486.2988,1.0605,0.049667,0.1985,-0.1659,0.9865,SHAKE1
114.6187,-125.8974,-230.3744,1.4278,286.4612,190.8638,0.0654,557.7062,24312.9727,1.1986,0.036732,0.2863,-0.3509,1.0824,SHAKE1
-10.705,-109.8086,-81.9027,1.4013,137.4066,149.0546,0.0266,448.4558,44534.8867,1.2981,0.017628,0.3381,-0.514,1.1273,SHAKE1
-110.964,-56.85,36.8747,1.2949,130.018,7.3886,0.1064,338.3431,41914.1523,1.3429,0.005286,0.3608,-0.6276,1.1228,SHAKE1
-191.1712,7.6763,131.8967,1.1305,232.3835,102.3655,0.1644,252.7188,16070.4795,1.3234,0.011305,0.3601,-0.6822,1.0715,SHAKE1
-255.337,41.3129,207.9142,0.9413,331.8615,99.478,0.1892,223.6262,6387.2241,1.2391,0.033102,0.338,-0.6758,0.981,SHAKE1
-306.6696,31.2722,268.7282,0.7138,408.9488,77.0872,0.2275,248.1237,11866.3418,1.0963,0.060789,0.2961,-0.6051,0.864,SHAKE1
-347.7357,-37.4791,317.3795,0.4601,472.2865,63.3377,0.2537,315.0997,14978.6973,0.9081,0.087716,0.2301,-0.4814,0.7278,SHAKE1
-380.5886,-102.3271,356.3004,0.3307,531.2895,59.003,0.1294,395.3539,11034.5107,0.7153,0.087302,0.1354,-0.3188,0.5859,SHAKE1
-406.8708,-0.6273,387.4373,0.4516,561.8291,30.5396,0.1209,461.2431,6924.0576,0.5795,0.048292,0.015,-0.1243,0.4404,SHAKE1
-427.8967,101.8951,377.2967,0.6763,579.5092,17.6801,0.2247,510.7726,3920.3413,0.5265,0.021175,-0.1203,0.086,0.2722,SHAKE1
-444.7173,183.9129,320.2311,0.8972,578.0532,1.4561,0.2209,544.5935,1608.2053,0.5632,0.040293,-0.2613,0.2824,0.0817,SHAKE1
-458.1739,249.5272,245.1817,1.0822,576.4557,1.5974,0.185,565.4274,331.5353,0.6876,0.076564,-0.3858,0.4496,-0.1246,SHAKE1
-468.9391,302.0186,128.2798,1.2348,572.3416,4.1142,0.1527,573.6378,40.6071,0.8684,0.078284,-0.4806,0.5734,-0.3496,SHAKE1
-471.9982,344.0118,26.8676,1.3659,584.6779,12.3364,0.131,578.2075,16.2125,1.0513,0.059597,-0.5358,0.6409,-0.5889,SHAKE1
-297.8204,377.6063,-80.9059,1.4565,487.6775,97.0005,0.0907,559.8412,1317.6891,1.2073,0.039973,-0.5504,0.6505,-0.8166,SHAKE1
-135.8595,382.7538,-167.1248,1.4952,439.1913,48.4862,0.0387,532.0688,3391.3289,1.3269,0.023004,-0.5307,0.614,-1.0173,SHAKE1
-6.2907,211.1749,-236.0998,1.4514,316.8242,122.3671,0.0438,480.1425,9566.9961,1.4008,0.008669,-0.4871,0.5445,-1.1708,SHAKE1
97.3643,66.54,-291.2799,1.3069,314.2473,2.5769,0.1444,428.5236,10706.5996,1.4152,0.004714,-0.4264,0.4575,-1.2548,SHAKE1
180.2883,-49.168,-335.4239,1.1133,383.9669,69.7197,0.1937,388.3814,4615.4292,1.3647,0.019904,-0.3603,0.3629,-1.2581,SHAKE1
246.6276,-141.7344,-370.7391,0.8542,467.2915,83.3246,0.2591,384.3042,3872.2241,1.2442,0.055823,-0.2961,0.2706,-1.1744,SHAKE1
299.6989,-207.1438,-398.9913,0.5333,540.2981,73.0066,0.3209,404.5256,7727.6221,1.0518,0.107282,-0.231,0.1928,-1.0064,SHAKE1
342.156,-119.3088,-421.593,0.1755,555.9191,15.621,0.3578,452.3445,8486.6563,0.7966,0.163828,-0.1714,0.1322,-0.7656,SHAKE1
376.1217,2.5811,-439.6744,0.1789,578.6085,22.6895,0.0034,505.2168,5065.5249,0.571,0.137177,-0.113,0.0892,-0.482,SHAKE1
403.2943,41.5961,-454.1396,0.4605,608.785,30.1765,0.2816,550.1805,2248.7656,0.4405,0.063767,-0.0538,0.069,-0.1777,SHAKE1
425.0323,-69.1231,-465.7116,0.6765,634.2853,25.5002,0.216,583.5792,1173.897,0.4049,0.039413,0.0115,0.0638,0.1193,SHAKE1
442.4227,-157.6985,-474.9693,0.8956,667.9839,33.6987,0.2192,609.1164,1571.9314,0.4774,0.079023,0.0908,0.0547,0.3925,SHAKE1
456.3351,-228.5588,-482.3754,1.0938,702.2584,34.2745,0.1982,638.3843,1884.4209,0.6611,0.10306,0.1936,0.0173,0.621,SHAKE1
406.9743,-285.247,-488.3004,1.2841,696.7289,5.5295,0.1903,662.0083,1292.5172,0.8821,0.085328,0.3183,-0.0537,0.8024,SHAKE1
223.1795,-238.3101,-441.1122,1.4619,548.7993,147.9296,0.1778,650.0112,3145.2979,1.0824,0.076895,0.4592,-0.1706,0.9405,SHAKE1
76.1436,-108.0012,-250.4929,1.5348,283.2115,265.5878,0.0729,579.7965,25074.1211,1.2541,0.05541,0.5953,-0.3178,1.031,SHAKE1
-41.4851,-17.3447,-97.9974,1.4729,107.8209,175.3906,0.0619,467.7639,55519.5859,1.3695,0.025969,0.7046,-0.4626,1.0581,SHAKE1
-135.5881,20.2648,23.9989,1.3627,139.1788,31.3579,0.1102,355.1479,53433.3203,1.4233,0.007886,0.7735,-0.5723,1.0336,SHAKE1
-210.8705,70.6119,121.596,1.2395,253.4521,114.2733,0.1232,266.4926,24306.4297,1.4144,0.010686,0.7995,-0.6319,0.9729,SHAKE1
-271.0964,158.8864,199.6737,1.0901,372.3006,118.8484,0.1494,231.1928,9360.0059,1.34,0.025733,0.7875,-0.6197,0.8858,SHAKE1
-319.2771,229.506,262.1358,0.9144,472.5739,100.2733,0.1757,269.0653,19037.457,1.2159,0.038981,0.7527,-0.5225,0.7863,SHAKE1
-357.8217,286.0016,312.1055,0.8077,554.2952,81.7213,0.1067,358.3601,22135.1602,1.0829,0.041403,0.7093,-0.3549,0.6898,SHAKE1
-388.6574,331.1982,352.0813,0.7147,620.2484,65.9531,0.093,454.5741,16987.043,0.9533,0.036055,0.6547,-0.1451,0.5807,SHAKE1
-413.3259,367.3554,384.0619,0.6226,673.2695,53.0212,0.0922,538.5375,11412.7188,0.8299,0.02632,0.5659,0.0824,0.4346,SHAKE1
-433.0607,396.2812,409.6464,0.7463,715.8146,42.5451,0.1237,607.2404,7451.1357,0.7611,0.009446,0.4443,0.3029,0.228,SHAKE1
-448.8486,419.4219,430.114,1.0729,749.9185,34.1039,0.3266,662.7092,4818.7373,0.7928,0.023188,0.291,0.4882,-0.0456,SHAKE1
-461.4789,437.9344,416.8881,1.3899,760.6214,10.7029,0.317,703.9745,2682.5552,0.9093,0.080886,0.099,0.6248,-0.3607,SHAKE1
-471.5831,452.7444,231.1105,1.6387,693.3831,67.2383,0.2488,718.6014,1089.0295,1.0941,0.145582,-0.113,0.7193,-0.6852,SHAKE1
-274.8696,259.7955,82.4884,1.806,387.1064,306.2768,0.1672,661.3688,19380.2559,1.3308,0.146451,-0.3129,0.7713,-0.9878,SHAKE1
-117.4988,105.4364,-36.4093,1.894,162.0137,225.0927,0.088,550.6086,56390.668,1.5603,0.088887,-0.4723,0.7952,-1.2374,SHAKE1
8.3978,-18.0509,-131.5274,1.8392,133.0257,28.9881,0.0549,427.23,68098.6172,1.7136,0.033445,-0.5727,0.7976,-1.3974,SHAKE1
109.1152,-116.8407,-207.6219,1.5664,262.0396,129.0139,0.2728,327.5137,41382.8828,1.7489,0.015581,-0.5922,0.7833,-1.4442,SHAKE1
189.689,-195.8726,-268.4976,1.1083,382.6734,120.6338,0.4581,265.3717,11357.6934,1.6428,0.08396,-0.5299,0.7504,-1.3539,SHAKE1
254.1481,-259.0981,-317.1981,0.6894,482.0142,99.3408,0.419,284.3533,17420.3184,1.4195,0.210563,-0.3982,0.7024,-1.1414,SHAKE1
305.7153,-162.3972,-356.1584,0.4374,496.6725,14.6583,0.2519,351.2851,18962.9512,1.1281,0.273524,-0.2387,0.6298,-0.8414,SHAKE1
346.9691,-38.3803,-387.3268,0.3842,521.4237,24.7512,0.0533,428.9647,9190.8271,0.8371,0.198429,-0.0786,0.537,-0.5003,SHAKE1
379.9722,-17.1417,-412.2614,0.4673,560.9208,39.4971,0.0831,488.7409,3527.3169,0.6173,0.071098,0.0611,0.4313,-0.1738,SHAKE1
406.3746,-103.7977,-432.2091,0.587,602.2616,41.3408,0.1196,532.6586,1925.8826,0.5131,0.012193,0.1733,0.3167,0.0908,SHAKE1
427.4966,-185.4382,-448.1673,0.7835,646.525,44.2634,0.1965,565.5607,2923.4731,0.5319,0.020246,0.273,0.189,0.2962,SHAKE1
444.3942,-182.3412,-460.9338,1.0219,665.7286,19.2036,0.2384,599.3719,2837.8762,0.6488,0.052824,0.3748,0.0443,0.4641,SHAKE1
457.9122,-86.2042,-433.9315,1.2733,636.7192,29.0094,0.2514,622.431,1369.9319,0.8266,0.085218,0.4834,-0.1248,0.6119,SHAKE1
428.0735,-10.0196,-397.5545,1.4629,584.2919,52.4273,0.1895,627.1053,882.3019,1.0257,0.100722,0.5934,-0.321,0.7359,SHAKE1
250.4995,50.8437,-237.8593,1.5583,349.1591,235.1328,0.0954,576.4847,13647.2363,1.22,0.081214,0.6922,-0.5246,0.8302,SHAKE1
97.9996,94.6312,-87.8905,1.5652,162.1226,187.0365,0.0069,479.6043,37619.4844,1.3763,0.042502,0.7629,-0.7084,0.8813,SHAKE1
-24.0004,99.9643,32.0844,1.5081,107.6954,54.4272,0.0571,367.9977,45898.2305,1.4736,0.011395,0.7987,-0.8498,0.8875,SHAKE1
-121.6003,88.2715,128.0644,1.4148,197.431,89.7356,0.0933,280.14,29555.6055,1.5018,0.003268,0.8003,-0.9321,0.8566,SHAKE1
-199.6802,94.8922,204.8484,1.2626,301.3961,103.9651,0.1522,223.5608,7943.0977,1.4618,0.012809,0.7724,-0.9408,0.8069,SHAKE1
-262.1442,155.9481,266.2756,1.072,404.8976,103.5016,0.1906,234.7085,11240.4473,1.3645,0.031879,0.7248,-0.8774,0.7498,SHAKE1
-312.1154,227.1554,315.4174,0.8597,498.5014,93.6038,0.2123,301.9843,19578.0137,1.2234,0.054884,0.6696,-0.7477,0.6865,SHAKE1
-352.0923,230.5431,354.7308,0.6126,550.4117,51.9102,0.2471,390.5275,16531.7012,1.0443,0.081229,0.6099,-0.5607,0.6001,SHAKE1
-384.0738,225.4751,386.1815,0.3557,589.481,39.0693,0.2569,468.9376,10842.8066,0.8325,0.103757,0.5168,-0.332,0.4787,SHAKE1
-409.6591,282.7769,411.3421,0.4173,645.7443,56.2632,0.0616,537.8072,6737.8721,0.6634,0.07266,0.3682,-0.0924,0.3111,SHAKE1
-430.1273,328.6184,431.4706,0.8191,692.2184,46.4742,0.4018,595.2714,4671.3174,0.6129,0.041566,0.1475,0.1349,0.1079,SHAKE1
-385.4268,365.2916,447.5734,1.2613,694.4881,2.2697,0.4423,634.4686,3230.7944,0.6932,0.107028,-0.1153,0.3334,-0.1585,SHAKE1
-402.3821,311.1989,333.4899,1.6259,608.2529,86.2352,0.3646,646.0369,1821.307,0.8959,0.238655,-0.4105,0.4917,-0.446,SHAKE1
-398.3026,146.5591,164.392,1.8428,455.1365,153.1165,0.2168,619.168,7748.2524,1.1933,0.271166,-0.6824,0.6012,-0.7304,SHAKE1
-280.7452,14.8473,29.1136,1.8687,282.6409,172.4955,0.0259,546.5474,24983.332,1.4836,0.157715,-0.8863,0.6568,-0.9747,SHAKE1
-122.1993,-90.5221,-79.1091,1.7355,171.4211,111.2199,0.1331,442.3879,38034.0742,1.6669,0.048506,-0.9872,0.6629,-1.1611,SHAKE1
4.6375,-174.8177,-165.6873,1.4962,240.9046,69.4836,0.2393,351.6712,25212.7559,1.7138,0.01923,-1.026,0.6277,-1.2168,SHAKE1
106.1068,-242.2542,-234.9499,1.2436,353.7615,112.8569,0.2526,300.7729,9456.1572,1.6374,0.056054,-1.0016,0.562,-1.1626,SHAKE1
187.2823,-296.2033,-290.3599,1.0131,455.1043,101.3429,0.2305,300.7665,9454.1729,1.4714,0.098023,-0.94,0.4776,-1.0176,SHAKE1
252.2228,-339.3627,-334.6879,0.7804,539.2581,84.1538,0.2327,352.0899,18130.0254,1.2538,0.114593,-0.8539,0.392,-0.8135,SHAKE1
304.1751,-373.8901,-370.1503,0.5393,607.7233,68.4651,0.2411,439.3503,17057.0723,1.0145,0.113039,-0.755,0.3022,-0.5764,SHAKE1
345.7369,-401.5121,-398.5203,0.3371,662.9965,55.2733,0.2022,523.7687,12057.9863,0.7827,0.104681,-0.6247,0.2044,-0.339,SHAKE1
378.9865,-257.3566,-421.2162,0.3983,622.3232,40.6733,0.0612,577.4811,5335.0723,0.6136,0.063162,-0.4711,0.0939,-0.1082,SHAKE1
405.5861,-103.4884,-439.373,0.5954,606.8431,15.4802,0.1972,607.8289,1591.2976,0.5301,0.024331,-0.2906,-0.0317,0.1039,SHAKE1
426.8657,19.6062,-453.8984,0.7643,623.3959,16.5529,0.1689,624.6564,416.2086,0.5269,0.022762,-0.0969,-0.1732,0.276,SHAKE1
443.8895,118.0818,-465.5187,0.9177,653.9792,30.5833,0.1533,633.9076,445.2434,0.6026,0.047549,0.0967,-0.322,0.3959,SHAKE1
457.5085,123.7905,-474.815,1.0921,670.8855,16.9063,0.1744,635.4854,546.9939,0.7536,0.058581,0.272,-0.4718,0.4724,SHAKE1
423.4193,-3.3676,-482.252,1.2792,641.765,29.1205,0.1871,639.3737,505.1127,0.9297,0.057547,0.4265,-0.6232,0.517,SHAKE1
274.2792,-34.3066,-457.5172,1.4536,534.5354,107.2296,0.1744,624.9122,2282.5435,1.1014,0.060613,0.5567,-0.7723,0.5428,SHAKE1
122.8921,58.7266,-337.0201,1.5465,363.5021,171.0333,0.0929,572.9335,13247.3379,1.2578,0.05305,0.661,-0.9088,0.5611,SHAKE1
6.0106,149.3781,-167.2192,1.5415,224.3038,139.1983,0.005,486.9984,28857.334,1.3826,0.030444,0.7373,-1.019,0.5702,SHAKE1
-97.5915,199.4431,-31.3785,1.4697,224.246,0.0578,0.0718,397.6705,27922.7246,1.4581,0.009386,0.7816,-1.0936,0.5598,SHAKE1
-180.4732,213.4139,77.2941,1.3626,289.9836,65.7375,0.1071,327.3142,13375.5908,1.4748,0.004531,0.7927,-1.121,0.5343,SHAKE1
-246.7786,242.8811,164.2322,1.2233,383.2273,93.2437,0.1392,297.0526,4496.9526,1.4287,0.014964,0.7692,-1.0911,0.5066,SHAKE1
-299.8229,296.7018,233.7826,1.0523,482.2655,99.0382,0.1711,320.8052,9910.4199,1.3299,0.030763,0.7185,-1.0008,0.491,SHAKE1
-342.2583,339.7583,289.423,0.8483,562.443,80.1775,0.2039,388.4331,15152.1543,1.1912,0.048966,0.6512,-0.8506,0.4909,SHAKE1
-376.2066,374.2035,333.9352,0.6224,626.9549,64.5119,0.2259,468.9748,14652.2324,1.0218,0.069456,0.5722,-0.6419,0.4915,SHAKE1
-403.3653,401.7597,369.5451,0.452,678.7326,51.7777,0.1704,546.7247,10999.2871,0.8397,0.07799,0.4751,-0.3862,0.465,SHAKE1
-425.0922,423.8047,398.033,0.4611,720.2389,41.5063,0.0091,614.127,7131.3726,0.6872,0.053974,0.3443,-0.1119,0.3758,SHAKE1
-442.4738,441.4406,420.8232,0.765,753.4886,33.2497,0.3039,668.3716,4595.7363,0.6298,0.025231,0.179,0.1566,0.2023,SHAKE1
-456.379,455.5494,395.1055,1.1737,756.2509,2.7623,0.4086,707.1332,2393.6558,0.6948,0.070605,-0.0163,0.3964,-0.054,SHAKE1
-467.5032,466.8364,278.5656,1.5013,717.0037,39.2471,0.3276,725.1429,803.0787,0.8706,0.168732,-0.2245,0.5895,-0.3572,SHAKE1
-421.6932,475.866,120.4525,1.6987,647.134,69.8697,0.1974,718.8232,1549.4338,1.12,0.208667,-0.4152,0.723,-0.6725,SHAKE1
-294.9296,278.2928,-6.038,1.7937,405.5451,241.589,0.095,655.8845,17216.3848,1.3865,0.141604,-0.5653,0.792,-0.963,SHAKE1
-133.5468,120.2343,-107.2304,1.848,209.2591,196.2859,0.0543,547.0386,43358.4766,1.6031,0.060053,-0.6712,0.8047,-1.1997,SHAKE1
-4.4406,-6.2126,-188.1843,1.7031,188.3392,20.9199,0.1449,433.4562,47436.625,1.709,0.013958,-0.7226,0.7735,-1.3322,SHAKE1
98.8444,-107.3701,-252.9474,1.4466,292.0291,103.6899,0.2565,348.4613,28132.9805,1.698,0.018978,-0.7208,0.7084,-1.3596,SHAKE1
181.4724,-188.2961,-304.758,1.1722,401.5782,109.5492,0.2744,299.3501,8444.2725,1.5927,0.063185,-0.6855,0.622,-1.2948,SHAKE1
247.5748,-253.0369,-346.2064,0.8503,495.1563,93.5781,0.3219,317.2724,13535.6074,1.4041,0.129747,-0.616,0.5325,-1.1432,SHAKE1
300.4567,-304.8295,-379.3651,0.4858,571.938,76.7817,0.3645,389.8082,18911.7129,1.1316,0.184744,-0.5105,0.4421,-0.9052,SHAKE1
342.7623,-346.2636,-405.8921,0.1434,634.1395,62.2014,0.3423,478.9682,14783.8047,0.8197,0.217416,-0.3808,0.3403,-0.6321,SHAKE1
376.6067,-241.6546,-427.1137,0.1945,618.5917,15.5478,0.051,544.2807,7427.7695,0.5692,0.154265,-0.2378,0.2277,-0.3602,SHAKE1
403.6823,-90.9268,-444.0909,0.4373,606.9957,11.5959,0.2428,585.3643,2453.7466,0.4223,0.063423,-0.0836,0.1021,-0.1076,SHAKE1
425.3427,29.6554,-457.6728,0.6445,625.5079,18.5122,0.2072,611.4346,468.8949,0.3811,0.034961,0.0707,-0.0396,0.1026,SHAKE1
442.671,126.1212,-468.5382,0.8156,656.8046,31.2966,0.1711,628.4079,280.4941,0.4471,0.066173,0.2168,-0.1939,0.25,SHAKE1
456.5337,203.2938,-477.2306,0.9781,691.014,34.2095,0.1626,639.7828,928.4416,0.614,0.076276,0.3504,-0.3493,0.3407,SHAKE1
467.6238,212.3007,-470.9188,1.1437,696.7842,5.7701,0.1656,655.4213,1243.8978,0.8038,0.061153,0.4684,-0.5064,0.3948,SHAKE1
464.1928,150.4062,-354.4257,1.2873,603.0875,93.6967,0.1436,654.6396,1322.0446,0.9738,0.052128,0.5681,-0.6566,0.4316,SHAKE1
353.0574,102.8687,-181.1437,1.3495,409.9323,193.1552,0.0622,611.5245,11269.7324,1.1149,0.038781,0.6435,-0.7837,0.4601,SHAKE1
213.2709,98.8137,-42.5181,1.3337,238.8649,171.0675,0.0159,527.9366,31647.7773,1.2185,0.019708,0.6928,-0.8766,0.485,SHAKE1
105.0511,121.5947,68.3824,1.2658,174.6344,64.2305,0.0679,424.6606,40627.5,1.276,0.005293,0.713,-0.9285,0.5069,SHAKE1
13.4534,192.5352,157.1028,1.1746,248.8615,74.2272,0.0912,335.0761,23972.9355,1.2822,0.003813,0.7038,-0.9312,0.5287,SHAKE1
-91.6373,256.425,228.0791,1.0687,355.2059,106.3444,0.1058,285.4998,7230.1445,1.2385,0.011009,0.6671,-0.876,0.5561,SHAKE1
-175.7098,307.5369,284.8602,0.9283,454.5307,99.3248,0.1404,294.4195,9768.1836,1.1542,0.020681,0.6091,-0.7614,0.5878,SHAKE1
-242.9679,348.4264,330.285,0.7765,538.0729,83.5422,0.1518,354.2611,17443.3008,1.0428,0.030356,0.5308,-0.5913,0.6195,SHAKE1
-296.7743,381.138,366.6249,0.6645,606.428,68.3551,0.112,440.6198,16249.9512,0.9225,0.034566,0.4292,-0.3711,0.6389,SHAKE1
-339.8194,407.3073,395.6968,0.6121,661.7797,55.3517,0.0524,523.2035,11857.9863,0.81,0.02848,0.3001,-0.1193,0.6145,SHAKE1
-374.2556,428.2427,418.9543,0.6965,706.3864,44.6067,0.0844,593.4396,7991.439,0.7356,0.012131,0.1328,0.1361,0.5092,SHAKE1
-401.8044,444.991,437.5603,0.9809,742.2418,35.8553,0.2844,650.9818,5249.6196,0.7461,0.016623,-0.0593,0.3724,0.3011,SHAKE1
-423.8436,458.3897,365.1826,1.2797,723.2723,18.9694,0.2988,688.0217,2373.1704,0.8467,0.063254,-0.2463,0.5732,0.019,SHAKE1
-441.4749,469.1086,277.668,1.4735,701.4717,21.8007,0.1939,707.0304,716.5156,1.0085,0.109009,-0.4121,0.711,-0.305,SHAKE1
-296.4705,272.8869,178.1063,1.5923,440.5495,260.9221,0.1188,662.7843,12551.6885,1.2046,0.107304,-0.5437,0.7829,-0.6321,SHAKE1
-134.7795,115.9096,76.9944,1.6725,193.7232,246.8263,0.0801,560.2517,45662.1875,1.3998,0.061357,-0.6256,0.8012,-0.9237,SHAKE1
-5.4268,-9.6724,-14.9951,1.6301,18.6509,175.0723,0.0424,415.5335,76761.0469,1.5296,0.020008,-0.6598,0.7738,-1.1229,SHAKE1
98.0555,-110.1379,-86.543,1.4217,170.9822,152.3313,0.2084,305.0755,57580.5078,1.558,0.009039,-0.6664,0.7112,-1.2073,SHAKE1
180.8413,-190.5103,-171.6344,1.1723,313.7772,142.795,0.2494,227.5366,20157.3828,1.4978,0.033742,-0.6533,0.6353,-1.1854,SHAKE1
247.0699,-254.8083,-239.7075,0.9231,428.2878,114.5107,0.2492,225.0843,19136.6797,1.3639,0.080082,-0.6244,0.556,-1.0727,SHAKE1
300.0528,-306.2466,-294.166,0.6767,519.9542,91.6663,0.2464,290.3304,32072.5586,1.1648,0.115832,-0.5784,0.474,-0.8817,SHAKE1
342.4391,-347.3973,-337.7328,0.4226,593.3067,73.3525,0.2541,405.2616,22460.3594,0.9233,0.124371,-0.5161,0.3895,-0.6279,SHAKE1
376.3482,-380.3178,-372.5862,0.3438,651.997,58.6903,0.0788,501.4645,14403.6514,0.7077,0.095376,-0.4364,0.3026,-0.3548,SHAKE1
403.4754,-358.1043,-400.469,0.4345,671.8679,19.8709,0.0906,573.0827,8036.6382,0.5601,0.045369,-0.3354,0.2174,-0.0919,SHAKE1
425.1772,-184.0865,-422.7752,0.5503,627.218,44.6499,0.1158,612.8688,2846.7239,0.4856,0.013478,-0.2165,0.1316,0.1451,SHAKE1
442.5387,-44.8724,-440.6202,0.6538,626.0992,1.1188,0.1036,634.0978,704.4373,0.481,0.011814,-0.0872,0.0409,0.3447,SHAKE1
456.4279,66.499,-454.8961,0.7163,647.8264,21.7272,0.0625,645.0017,290.4543,0.5397,0.018757,0.0436,-0.0544,0.4789,SHAKE1
467.5392,155.5961,-466.3169,0.7941,678.4206,30.5942,0.0778,650.2864,476.1037,0.6298,0.015907,0.1701,-0.1611,0.5447,SHAKE1
469.7782,146.7019,-475.4536,0.9092,684.3019,5.8813,0.1151,652.7732,608.1776,0.7247,0.014874,0.2863,-0.286,0.5613,SHAKE1
430.8195,14.9615,-482.7628,1.0627,647.2166,37.0853,0.1535,656.7729,467.7418,0.8272,0.02113,0.3923,-0.4249,0.5527,SHAKE1
362.2931,-82.6933,-431.3166,1.2278,569.3228,77.8937,0.1651,645.4176,1680.1277,0.942,0.034033,0.49,-0.57,0.5394,SHAKE1
272.5564,-51.8015,-242.6564,1.3339,368.5817,200.7411,0.1061,589.5687,13887.4893,1.0655,0.0393,0.5753,-0.7097,0.5344,SHAKE1
115.6451,60.9557,-91.7282,1.3495,159.698,208.8837,0.0156,485.8242,38503.3984,1.1766,0.028346,0.6418,-0.823,0.5392,SHAKE1
-9.8839,151.1614,29.0143,1.294,154.2378,5.4602,0.0555,379.8114,41375.918,1.2536,0.010874,0.686,-0.8953,0.5463,SHAKE1
-110.3071,221.1322,125.6083,1.1968,277.2086,122.9708,0.0972,305.8098,23704.041,1.2804,0.003515,0.7061,-0.9167,0.5477,SHAKE1
-190.6457,257.9339,202.8835,1.063,379.5226,102.3141,0.1339,267.8497,9461.9678,1.2474,0.011331,0.7013,-0.8784,0.5384,SHAKE1
-254.9166,279.8034,264.7037,0.8995,461.8879,82.3653,0.1635,286.511,14614.5049,1.1606,0.026501,0.6782,-0.7748,0.5225,SHAKE1
-306.3333,301.3271,314.1599,0.7684,532.2917,70.4038,0.1311,361.0297,17926.7891,1.0443,0.036609,0.6469,-0.611,0.5048,SHAKE1
-347.4666,343.4586,353.7248,0.7044,603.1733,70.8816,0.0641,450.8168,13039.1865,0.9264,0.033352,0.615,-0.3946,0.4775,SHAKE1
-380.3733,377.1637,385.3767,0.6193,659.8875,56.7142,0.0851,527.3527,9895.5996,0.8109,0.024251,0.5581,-0.1441,0.4182,SHAKE1
-406.6987,404.1279,410.6982,0.6406,705.2632,45.3757,0.0213,592.5007,7611.0156,0.7264,0.010208,0.4142,0.115,0.2868,SHAKE1
-222.9621,425.6992,311.0055,1.0534,572.4127,132.8505,0.4127,614.6057,3791.1519,0.7572,0.024646,0.205,0.357,0.0727,SHAKE1
-274.9259,238.1594,320.5481,1.438,484.825,87.5877,0.3847,605.1123,5714.5195,0.8911,0.099387,-0.0743,0.5618,-0.1849,SHAKE1
-322.3407,88.1275,204.4354,1.7141,391.7446,93.0804,0.2761,562.8265,13030.8408,1.0931,0.187092,-0.4015,0.7185,-0.4558,SHAKE1
-360.2726,-31.898,61.1483,1.7556,366.8146,24.93,0.0415,504.212,15395.1465,1.3204,0.178338,-0.7206,0.8115,-0.6868,SHAKE1
-220.7618,-127.9184,-53.4814,1.6225,260.6898,106.1248,0.1331,415.2973,11265.625,1.5167,0.065628,-0.944,0.8404,-0.8154,SHAKE1
-74.2126,-123.2472,-145.1851,1.4109,204.392,56.2977,0.2116,341.6932,9807.2197,1.5882,0.019813,-1.0789,0.8101,-0.8219,SHAKE1
43.0268,-142.2259,-218.5481,1.2332,264.2778,59.8858,0.1777,297.5838,4962.8643,1.5473,0.038828,-1.1252,0.7299,-0.7498,SHAKE1
136.8183,-56.337,-277.2385,1.0764,314.2519,49.9741,0.1568,282.0852,3004.9727,1.4197,0.061333,-1.1029,0.6129,-0.6234,SHAKE1
211.8515,-0.8696,-324.1908,0.9517,387.2744,73.0225,0.1247,286.1772,3765.3704,1.2589,0.056725,-1.0416,0.4884,-0.4824,SHAKE1
271.8781,19.2637,-361.7526,0.836,452.939,65.6646,0.1157,324.627,7718.9595,1.1017,0.041322,-0.964,0.373,-0.355,SHAKE1
319.8994,24.186,-391.8021,0.7029,506.3886,53.4496,0.1331,385.0264,7787.0415,0.9601,0.033944,-0.8784,0.2737,-0.2509,SHAKE1
358.3163,-6.3731,-415.8417,0.5315,548.9586,42.57,0.1715,441.9626,7004.0298,0.8197,0.036062,-0.7734,0.1906,-0.1662,SHAKE1
389.05,-83.2641,-435.0733,0.3487,589.5605,40.6019,0.1828,497.0242,5067.2705,0.6742,0.046076,-0.6489,0.1162,-0.0932,SHAKE1
351.24,-169.0113,-450.4587,0.2041,595.6907,6.1302,0.1446,538.7075,2867.7871,0.5246,0.052509,-0.4989,0.0417,-0.0253,SHAKE1
282.9045,-237.609,-462.7669,0.3247,592.1539,3.5367,0.1206,566.5505,1192.6145,0.4224,0.030651,-0.3242,-0.0467,0.0446,SHAKE1
224.0548,-169.6122,-472.6136,0.5377,549.8477,42.3063,0.213,575.2423,448.9739,0.3893,0.016473,-0.1314,-0.1479,0.1112,SHAKE1
202.0814,-33.2929,-480.4908,0.7196,522.3186,27.5291,0.1819,569.9142,842.6032,0.4269,0.032831,0.0629,-0.2595,0.1645,SHAKE1
249.0589,75.7626,-486.7927,0.8839,552.0302,29.7116,0.1644,562.4082,773.0355,0.534,0.061914,0.2441,-0.3832,0.202,SHAKE1
301.644,163.0069,-491.8341,1.0746,599.5508,47.5206,0.1906,563.1803,826.8091,0.7081,0.06828,0.4115,-0.5184,0.2201,SHAKE1
343.712,232.8024,-457.1579,1.2967,617.5178,17.967,0.2221,568.2531,1223.6957,0.9025,0.070384,0.5712,-0.6559,0.2149,SHAKE1
377.3665,288.6388,-263.3295,1.4562,543.1945,74.3234,0.1595,566.9224,1279.7599,1.0862,0.071339,0.7149,-0.7872,0.2019,SHAKE1
367.887,333.3079,-108.2667,1.5085,508.0912,35.1033,0.0523,564.0768,1565.9856,1.244,0.055223,0.8372,-0.8957,0.1993,SHAKE1
191.9096,369.0432,15.7835,1.4583,416.2587,91.8325,0.0502,536.9225,5169.6479,1.3589,0.025285,0.9353,-0.9596,0.2146,SHAKE1
51.1277,397.6315,115.0237,1.3053,417.0794,0.8207,0.153,500.4283,5925.835,1.405,0.007566,0.9926,-0.9536,0.253,SHAKE1
-61.4979,420.5021,194.4158,1.0908,467.3345,50.255,0.2145,470.3917,2500.6836,1.3638,0.023274,0.9909,-0.8636,0.3102,SHAKE1
-151.5983,395.5486,257.9295,0.8491,495.952,28.6175,0.2416,460.9432,1482.0259,1.2424,0.059801,0.9258,-0.6951,0.3708,SHAKE1
-223.6786,339.6013,308.7405,0.677,510.5702,14.6182,0.1722,461.439,1529.761,1.0761,0.081927,0.7994,-0.4705,0.4289,SHAKE1
-281.3429,374.078,349.3893,0.6491,584.0899,73.5197,0.0279,495.0052,3003.4688,0.9143,0.062988,0.618,-0.2052,0.47,SHAKE1
-327.4743,401.6593,381.9083,0.7003,643.7574,59.6675,0.0512,540.3408,4159.1108,0.7932,0.026919,0.3839,0.0639,0.4603,SHAKE1
-364.3795,423.7243,407.9236,0.9165,691.8932,48.1359,0.2163,585.2526,5669.6914,0.7584,0.011041,0.1052,0.3127,0.3647,SHAKE1
-393.9036,441.3763,299.5732,1.2484,663.1118,28.7815,0.3318,618.6845,4169.4883,0.8382,0.051031,-0.1823,0.5266,0.1742,SHAKE1
-417.5229,455.498,165.7179,1.5054,639.7391,23.3726,0.2571,644.5183,1253.0226,1.0039,0.1074,-0.4385,0.701,-0.0907,SHAKE1
-436.4183,354.8702,30.1744,1.6097,563.2977,76.4415,0.1043,640.3599,1824.7698,1.1961,0.118697,-0.6343,0.8082,-0.4021,SHAKE1
-246.7377,181.4962,-78.2605,1.659,316.1409,247.1567,0.0493,574.8365,18552.7402,1.3878,0.075636,-0.7592,0.8499,-0.7123,SHAKE1
-94.9933,42.797,-165.0084,1.6012,195.1489,120.9921,0.0578,475.4877,34774.6289,1.5247,0.021573,-0.8011,0.8329,-0.9566,SHAKE1
26.4022,-68.1624,-234.4067,1.4143,245.5396,50.3907,0.1869,391.9733,31334.6348,1.5579,0.007631,-0.7778,0.7718,-1.0871,SHAKE1
123.5187,-156.9299,-289.9254,1.161,352.052,106.5123,0.2534,334.4358,16065.2324,1.489,0.033854,-0.7198,0.6755,-1.1072,SHAKE1
201.2118,-227.9439,-334.3403,0.9113,451.916,99.864,0.2497,312.1595,7853.7656,1.3494,0.078196,-0.6537,0.5679,-1.0325,SHAKE1
263.3663,-284.7552,-369.8723,0.683,535.9597,84.0437,0.2283,356.1233,15935.0938,1.1541,0.109723,-0.5806,0.4622,-0.8796,SHAKE1
313.0899,-330.2041,-398.2978,0.4454,604.7324,68.7726,0.2376,438.0399,16403.498,0.923,0.116773,-0.505,0.3594,-0.6715,SHAKE1
352.8688,-366.5633,-421.0382,0.2446,660.4228,55.6904,0.2008,521.0166,11997.9307,0.689,0.105802,-0.4222,0.2542,-0.4369,SHAKE1
377.0701,-395.6506,-439.2306,0.3109,701.1738,40.751,0.0663,590.8409,7904.0088,0.519,0.060955,-0.3285,0.1504,-0.1991,SHAKE1
281.6873,-307.2768,-453.7845,0.4664,616.1876,84.9863,0.1555,623.6953,3093.0645,0.4301,0.022824,-0.2154,0.0511,0.0228,SHAKE1
156.5499,-180.3589,-465.4276,0.5985,523.1252,93.0623,0.1321,621.1284,3569.8359,0.4132,0.015418,-0.0885,-0.0499,0.2153,SHAKE1
131.5461,-84.2184,-474.7421,0.739,499.7771,23.3481,0.1406,600.1373,6020.6714,0.4719,0.032999,0.0495,-0.1574,0.3654,SHAKE1
169.24,-26.0497,-482.1937,0.9164,511.6947,11.9176,0.1774,570.3917,5973.4194,0.6062,0.044135,0.1928,-0.2764,0.4642,SHAKE1
237.7889,12.104,-488.1549,1.088,543.1255,31.4308,0.1716,538.782,1702.1445,0.7617,0.048956,0.335,-0.4099,0.5132,SHAKE1
292.628,27.9363,-404.7208,1.2212,500.2105,42.915,0.1331,515.5866,263.3467,0.9126,0.050963,0.461,-0.556,0.528,SHAKE1
298.5712,32.9897,-221.3798,1.2866,373.1516,127.0589,0.0654,485.5919,3409.8452,1.0502,0.040256,0.5623,-0.6982,0.5278,SHAKE1
200.5007,30.0667,-74.707,1.282,216.0686,157.0829,0.0046,428.8502,14678.5342,1.1588,0.019831,0.631,-0.8138,0.5218,SHAKE1
58.0006,-1.956,42.6313,1.2319,72.0092,144.0595,0.0501,340.9131,31040.0586,1.2219,0.005163,0.6609,-0.8893,0.5112,SHAKE1
-55.9996,-84.0367,136.5019,1.1396,169.7966,97.7874,0.0923,266.2473,23143.2773,1.2322,0.002827,0.6514,-0.9182,0.4992,SHAKE1
-147.1996,-169.6293,211.5984,1.0008,308.5705,138.7739,0.1388,227.9193,11084.7363,1.1882,0.011574,0.6132,-0.8941,0.485,SHAKE1
-220.1597,-238.1035,271.6756,0.834,423.0499,114.4794,0.1668,237.899,14381.8516,1.0976,0.026533,0.556,-0.8207,0.4683,SHAKE1
-278.5278,-292.8828,319.7374,0.6473,515.3542,92.3044,0.1866,297.7561,26099.9512,0.9707,0.044181,0.4839,-0.7062,0.4487,SHAKE1
-325.2223,-221.1687,358.1868,0.4391,531.9614,16.6071,0.2082,389.7465,18415.7988,0.8122,0.061915,0.3936,-0.5424,0.4276,SHAKE1
-362.5778,-74.5381,388.9463,0.3233,536.9337,4.9724,0.1158,463.1739,7681.4321,0.6489,0.061618,0.2797,-0.3227,0.3786,SHAKE1
-392.4622,42.7664,413.5539,0.6691,571.7363,34.8026,0.3459,515.8071,2487.8953,0.5826,0.032537,0.0888,-0.0757,0.2926,SHAKE1
-412.9042,122.3631,346.5963,1.0662,552.8033,18.933,0.397,541.7578,367.4211,0.629,0.064513,-0.1538,0.1783,0.1739,SHAKE1
-304.9046,200.2874,174.877,1.3576,404.5538,148.2495,0.2915,519.5978,3501.9077,0.7711,0.150447,-0.422,0.423,0.0294,SHAKE1
-148.1299,222.6268,37.5016,1.4656,270.0214,134.5325,0.1079,467.2098,13184.5049,0.9764,0.18273,-0.6794,0.6162,-0.1366,SHAKE1
-16.1071,126.1796,-72.3987,1.3849,146.3636,123.6578,0.0807,389.0957,26698.8652,1.1887,0.085729,-0.8872,0.7236,-0.2804,SHAKE1
89.5112,-1.4564,-160.319,1.1913,183.6207,37.2571,0.1936,311.4726,22445.9941,1.2931,0.020839,-0.9775,0.7514,-0.3733,SHAKE1
174.0058,-103.5651,-230.6552,0.9593,306.9293,123.3086,0.232,262.2977,8383.8486,1.2718,0.032364,-0.9683,0.7098,-0.411,SHAKE1
241.6016,-185.2521,-286.9242,0.7327,418.3481,111.4188,0.2266,265.0566,9199.2197,1.1468,0.073381,-0.8853,0.6095,-0.3944,SHAKE1
295.6781,-214.911,-331.9393,0.5524,493.757,75.409,0.1803,309.8037,17652.7617,0.9641,0.090356,-0.7643,0.4778,-0.3291,SHAKE1
338.9394,-217.0945,-367.9515,0.4415,545.3423,51.5852,0.1109,389.5995,17038.5488,0.7755,0.073973,-0.6417,0.3422,-0.2365,SHAKE1
373.5484,-235.0224,-396.7612,0.3744,593.4588,48.1165,0.0671,471.5671,10146.1279,0.6121,0.044855,-0.535,0.2197,-0.1389,SHAKE1
401.2356,-276.8898,-419.8089,0.3075,643.3487,49.8899,0.0669,538.851,6099.667,0.4817,0.022293,-0.4434,0.1177,-0.0517,SHAKE1
423.3854,-322.415,-438.2471,0.2319,689.3962,46.0475,0.0756,593.0606,4789.5679,0.3816,0.01214,-0.355,0.0326,0.0193,SHAKE1
441.1052,-313.107,-452.9977,0.2561,705.5613,16.165,0.0242,635.4214,3554.1667,0.3223,0.005938,-0.262,-0.0405,0.0791,SHAKE1
455.281,-226.2481,-464.7982,0.3363,688.8442,16.717,0.0802,664.1218,1678.4016,0.3013,0.002692,-0.1533,-0.1027,0.1295,SHAKE1
466.6217,-159.5078,-474.2385,0.4747,684.1642,4.68,0.1384,682.2629,430.9887,0.3213,0.007237,-0.0219,-0.1573,0.1781,SHAKE1
475.6942,-129.9813,-481.7908,0.7237,689.4219,5.2576,0.249,691.4776,53.4656,0.4046,0.032653,0.1416,-0.2197,0.2344,SHAKE1
482.9523,-73.1663,-487.8327,0.981,690.3455,0.9236,0.2573,691.6674,52.8194,0.5544,0.070704,0.3204,-0.2944,0.3029,SHAKE1
488.7587,-14.9268,-492.6661,1.2081,694.1382,3.7927,0.2271,689.3828,10.2131,0.7448,0.102141,0.5081,-0.3758,0.3787,SHAKE1
482.9882,90.4555,-354.2048,1.3513,605.7399,88.3983,0.1432,672.762,1133.1285,0.9478,0.101136,0.688,-0.4613,0.457,SHAKE1
283.9906,174.7612,-180.9669,1.3648,379.3958,226.3441,0.0136,611.8082,14604.5127,1.1258,0.059481,0.8343,-0.539,0.5297,SHAKE1
124.7925,242.2059,-42.3767,1.2917,275.7402,103.6556,0.0732,529.0719,29142.7871,1.2394,0.019747,0.9232,-0.5846,0.5843,SHAKE1
-2.566,296.1616,68.4955,1.1921,303.99,28.2498,0.0996,451.8008,28102.5059,1.2816,0.005059,0.9605,-0.5844,0.6131,SHAKE1
-104.4528,339.3261,157.1933,1.0759,388.2813,84.2913,0.1162,390.6295,13422.0342,1.2552,0.011742,0.9502,-0.5362,0.6153,SHAKE1
-185.9622,339.0265,228.1515,0.929,448.97,60.6887,0.1469,359.2755,3865.1797,1.1707,0.024037,0.9058,-0.4321,0.5865,SHAKE1
-251.1698,226.4275,284.9181,0.8186,442.1923,6.7777,0.1104,371.8347,5001.5181,1.0615,0.029359,0.8483,-0.2677,0.5228,SHAKE1
-303.3358,183.6826,330.3314,0.688,484.6346,42.4424,0.1306,413.6136,3953.9727,0.9407,0.032076,0.7564,-0.0637,0.4184,SHAKE1
-345.0687,249.343,366.662,0.6667,561.8588,77.2242,0.0213,465.1874,3285.9785,0.8357,0.023411,0.5936,0.1605,0.2737,SHAKE1
-323.8112,301.8712,395.7265,1.0102,593.784,31.9252,0.3435,506.2879,3721.231,0.8225,0.017789,0.3612,0.3886,0.0527,SHAKE1
-361.449,343.8939,418.9781,1.4386,651.499,57.715,0.4284,546.7938,5640.6924,0.9244,0.081045,0.0625,0.5946,-0.2168,SHAKE1
-391.5592,251.8495,328.3606,1.7847,569.7082,81.7908,0.3461,572.2969,2906.9995,1.1177,0.18948,-0.2817,0.7523,-0.5069,SHAKE1
-317.2723,99.0796,160.2885,1.9857,369.0134,200.6948,0.201,549.1727,9100.1729,1.3772,0.235898,-0.619,0.8647,-0.7776,SHAKE1
-151.421,-23.1363,25.8308,1.9114,155.341,213.6724,0.0743,467.8691,33478.3906,1.6261,0.13006,-0.8792,0.9258,-0.9816,SHAKE1
-18.7399,-120.9091,-81.7354,1.671,147.1423,8.1987,0.2404,378.5408,42901.0664,1.7583,0.037133,-1.0352,0.9367,-1.0607,SHAKE1
87.4049,-199.1273,-167.7883,1.3832,274.6711,127.5288,0.2878,303.1752,24477.6387,1.7472,0.044705,-1.0815,0.9068,-1.0237,SHAKE1
172.3208,-261.7018,-236.6306,1.0774,392.653,117.9819,0.3058,267.7642,10616.9844,1.6057,0.114132,-1.0327,0.8399,-0.8883,SHAKE1
240.2536,-311.7614,-291.7045,0.7856,489.9066,97.2536,0.2918,291.9428,17851.5488,1.3657,0.162184,-0.9068,0.7399,-0.6874,SHAKE1
294.5997,-351.8092,-335.7636,0.4817,568.5912,78.6846,0.3039,374.5928,22595.3789,1.0798,0.177167,-0.7304,0.6197,-0.4695,SHAKE1
338.0767,-383.8474,-371.0109,0.2585,631.889,63.2979,0.2232,471.5422,16089.7217,0.7973,0.162353,-0.5301,0.4879,-0.2539,SHAKE1
372.8582,-320.2904,-399.2087,0.3438,633.2273,1.3383,0.0852,543.2534,8423.9902,0.5894,0.091609,-0.3188,0.3473,-0.0522,SHAKE1
400.6835,-153.8354,-421.767,0.5244,601.7474,31.4799,0.1806,585.0724,2823.3811,0.4788,0.032589,-0.1056,0.2,0.1181,SHAKE1
422.9437,-20.6715,-439.8136,0.7004,610.5282,8.7808,0.176,609.1967,559.6968,0.4618,0.023301,0.1001,0.0392,0.2483,SHAKE1
440.7518,85.8597,-454.2509,0.9053,638.7315,28.2033,0.2049,623.2247,207.6115,0.5465,0.05539,0.2914,-0.132,0.3391,SHAKE1
454.9984,171.0846,-465.8007,1.1171,673.2487,34.5172,0.2117,631.4966,624.652,0.7182,0.074432,0.4615,-0.3139,0.39,SHAKE1
457.4268,147.5333,-437.7156,1.3165,650.0771,23.1715,0.1994,634.8666,681.7435,0.9127,0.080132,0.6092,-0.5055,0.4072,SHAKE1
411.9165,121.8048,-302.6443,1.4585,525.4571,124.6201,0.142,619.6085,2623.647,1.0996,0.074643,0.73,-0.6945,0.4109,SHAKE1
305.0082,135.947,-139.7186,1.5297,361.9846,163.4725,0.0712,569.8998,13410.2168,1.2654,0.052277,0.8233,-0.8591,0.4166,SHAKE1
141.6065,168.0482,-9.378,1.518,219.9558,142.0288,0.0117,486.1446,29939.8965,1.3879,0.02409,0.8835,-0.979,0.4286,SHAKE1
10.8852,171.4323,94.8945,1.4267,196.246,23.7098,0.0912,390.7441,30645.3008,1.4499,0.005882,0.9103,-1.0358,0.4461,SHAKE1
-93.6918,152.549,178.3125,1.2524,252.675,56.4291,0.1743,311.2637,14690.0527,1.4371,0.009954,0.9036,-1.0106,0.4692,SHAKE1
-177.3535,141.0454,245.0468,1.0469,333.7604,81.0854,0.2056,272.9244,4145.606,1.3547,0.033534,0.8629,-0.9012,0.4993,SHAKE1
-244.2828,162.0645,298.4344,0.8728,418.3324,84.572,0.1741,284.1939,6660.9585,1.2234,0.056606,0.7935,-0.7168,0.5308,SHAKE1
-297.8262,232.0485,341.1443,0.7432,508.8481,90.5157,0.1296,341.9724,12591.2031,1.0684,0.06135,0.696,-0.471,0.5532,SHAKE1
-340.661,288.0356,375.3124,0.6,582.987,74.1389,0.1432,419.3206,13978.8281,0.9031,0.052209,0.564,-0.1905,0.5321,SHAKE1
-374.9288,332.8254,402.6468,0.6225,643.0154,60.0284,0.0224,497.3887,12337.9268,0.7771,0.02767,0.3702,0.0876,0.4358,SHAKE1
-402.343,368.6572,424.5143,1.0008,691.3757,48.3604,0.3783,568.9117,9393.7314,0.7679,0.023034,0.1218,0.3384,0.2409,SHAKE1
-424.2744,397.3226,293.8708,1.4098,651.3326,40.0432,0.4091,615.5118,4045.9819,0.8753,0.091722,-0.1597,0.5488,-0.0345,SHAKE1
-417.3727,419.3019,132.6967,1.7006,606.3187,45.0139,0.2907,635.0059,1407.4381,1.0667,0.187797,-0.4423,0.7093,-0.3597,SHAKE1
-235.7106,312.679,3.7573,1.8201,391.5888,214.7299,0.1196,596.7263,11251.2891,1.3108,0.198211,-0.6875,0.8052,-0.6849,SHAKE1
-86.1716,147.7432,-99.3941,1.8086,197.8201,193.7687,0.0116,507.6872,34720.0156,1.548,0.096755,-0.8508,0.8437,-0.9544,SHAKE1
33.4596,15.7946,-181.9153,1.6492,185.64,12.1802,0.1594,406.54,38483.8672,1.6777,0.0221,-0.9221,0.837,-1.1132,SHAKE1
129.1645,-89.7644,-247.9323,1.3738,293.618,107.978,0.2754,334.9971,23931.0723,1.6704,0.026169,-0.9141,0.7954,-1.1456,SHAKE1
205.7285,-174.2115,-300.7458,1.0554,403.8835,110.2656,0.3184,294.5101,8517.8564,1.5414,0.084998,-0.8477,0.7218,-1.0624,SHAKE1
266.9797,-241.7692,-342.9967,0.7374,497.3703,93.4868,0.318,315.6664,14415.8652,1.3249,0.151854,-0.7455,0.6357,-0.8787,SHAKE1
274.6275,-295.8154,-376.7973,0.4376,552.1804,54.8101,0.2998,386.5384,17803.2461,1.0507,0.187336,-0.616,0.5366,-0.6273,SHAKE1
165.7426,-339.0523,-403.8379,0.2744,552.7315,0.5511,0.1631,459.9567,9864.9863,0.7757,0.160608,-0.4628,0.4226,-0.348,SHAKE1
79.8285,-229.0544,-425.4703,0.3926,489.7585,62.973,0.1182,499.1849,2970.0522,0.5795,0.079907,-0.2891,0.2933,-0.0852,SHAKE1
64.7815,-80.8466,-442.7762,0.5889,454.7346,35.0239,0.1963,509.3551,1445.3149,0.4862,0.025926,-0.0982,0.1513,0.135,SHAKE1
109.2315,37.7196,-456.621,0.8012,471.017,16.2823,0.2123,504.0844,1682.7699,0.499,0.032993,0.1067,-0.0048,0.2984,SHAKE1
182.1258,132.5725,-467.6968,1.0139,519.12,48.103,0.2126,497.4724,1221.6189,0.6142,0.071982,0.3144,-0.1739,0.3994,SHAKE1
173.1975,208.4549,-476.5574,1.2582,548.2315,29.1115,0.2443,496.5724,1125.3923,0.811,0.093109,0.5122,-0.3657,0.4391,SHAKE1
92.0049,215.8014,-362.4803,1.4431,431.7721,116.4594,0.185,484.975,1821.4242,1.0211,0.093894,0.684,-0.5702,0.4344,SHAKE1
-28.7961,196.5974,-187.5874,1.5098,273.2559,158.5162,0.0666,448.6793,9286.1465,1.2052,0.070395,0.8155,-0.7619,0.4028,SHAKE1
-125.4369,200.5092,-47.673,1.4619,241.2697,31.9862,0.0478,402.7298,15678.748,1.3374,0.033468,0.896,-0.9132,0.3569,SHAKE1
-202.7495,204.2074,64.2585,1.3477,294.851,53.5814,0.1142,357.876,13285.1191,1.4041,0.008102,0.9247,-1.0056,0.3107,SHAKE1
-264.5996,210.9346,153.8036,1.185,371.7014,76.8503,0.1627,322.57,4829.7905,1.3895,0.013228,0.9047,-1.0174,0.2742,SHAKE1
-314.0797,234.9384,225.4398,0.9958,452.3994,80.698,0.1893,326.6955,5798.8843,1.3,0.035656,0.8479,-0.9523,0.2503,SHAKE1
-353.6638,290.3476,282.7487,0.7937,537.8909,85.4915,0.202,379.6225,11347.1582,1.1568,0.057621,0.7658,-0.8284,0.2407,SHAKE1
-385.331,334.6749,328.5959,0.5872,607.0112,69.1203,0.2066,452.7708,12509.3105,0.9819,0.073299,0.6677,-0.6595,0.2456,SHAKE1
-410.6648,370.1368,365.2736,0.3778,662.6248,55.6136,0.2093,526.3256,10919.0264,0.7879,0.08188,0.5409,-0.4455,0.259,SHAKE1
-430.9318,398.5063,394.6157,0.4497,707.2702,44.6454,0.0719,593.4393,8181.2407,0.6408,0.051587,0.37,-0.2008,0.2686,SHAKE1
-447.1454,421.202,418.0895,0.7641,743.0673,35.7971,0.3145,651.5729,5300.9814,0.5945,0.027288,0.1415,0.0523,0.2599,SHAKE1
-460.1164,439.3585,422.4028,1.0642,763.6537,20.5865,0.3,696.7255,3189.9314,0.6486,0.06054,-0.1253,0.296,0.1862,SHAKE1
-470.4931,453.8837,242.7598,1.4383,697.3568,66.297,0.3742,714.7946,1253.7883,0.8188,0.155542,-0.4287,0.5136,0.0354,SHAKE1
-478.7945,465.5038,91.8078,1.6819,674.0673,23.2895,0.2435,717.0831,1035.9572,1.0796,0.197591,-0.7084,0.6845,-0.1812,SHAKE1
-467.5356,474.7999,-28.9538,1.7289,666.9804,7.0869,0.047,709.025,1453.823,1.3355,0.137076,-0.9134,0.7811,-0.4411,SHAKE1
-271.6316,482.2368,-125.563,1.6912,567.5405,99.4399,0.0377,673.9197,3993.2422,1.5209,0.062718,-1.0129,0.8037,-0.7212,SHAKE1
-114.9084,423.4832,-202.8504,1.6136,483.4152,84.1252,0.0776,617.872,6499.8516,1.6308,0.010643,-1.0303,0.761,-0.9542,SHAKE1
10.4701,236.3866,-253.4147,1.5084,346.7092,136.706,0.1053,547.7426,15023.9941,1.6448,0.006037,-0.973,0.6743,-1.1056,SHAKE1
110.773,86.7093,-305.1317,1.3331,335.9978,10.7114,0.1753,480.1287,16227.9297,1.575,0.020329,-0.8823,0.5593,-1.1617,SHAKE1
191.0153,-33.0326,-346.5054,1.1173,397.0441,61.0462,0.2158,426.1414,7711.1953,1.4527,0.042541,-0.7938,0.4504,-1.1251,SHAKE1
255.2091,-128.8261,-379.6043,0.8586,475.2129,78.1688,0.2586,407.6758,3853.082,1.2862,0.074024,-0.7187,0.3614,-0.9988,SHAKE1
306.5641,-205.4608,-406.0834,0.5757,548.7253,73.5125,0.2829,420.7379,6514.167,1.0786,0.110449,-0.6426,0.2953,-0.7993,SHAKE1
347.6482,-266.7687,-427.2668,0.337,612.0308,63.3054,0.2387,473.8022,9920.8916,0.8443,0.128613,-0.5501,0.2359,-0.5523,SHAKE1
283.481,-315.8149,-444.2134,0.3522,614.3502,2.3194,0.0152,529.4727,6974.4307,0.6482,0.090793,-0.4345,0.1705,-0.2722,SHAKE1
124.3848,-205.5551,-457.7707,0.5269,516.9899,97.3603,0.1747,553.4618,2922.6487,0.5301,0.035787,-0.287,0.1042,0.0021,SHAKE1
-2.8921,-62.0472,-468.6166,0.6917,472.7153,44.2746,0.1648,552.9623,3001.821,0.4967,0.01831,-0.1085,0.0303,0.239,SHAKE1
-104.7137,52.7591,-477.2933,0.8368,491.4849,18.7696,0.1451,541.5142,3623.0664,0.5489,0.037465,0.0897,-0.0635,0.4117,SHAKE1
-106.9491,144.6042,-484.2346,1.0129,516.5575,25.0726,0.1761,522.4196,2388.5103,0.6841,0.053266,0.2919,-0.1901,0.5144,SHAKE1
-10.7905,142.2521,-489.7877,1.2174,510.1412,6.4163,0.2045,501.5777,294.0337,0.8571,0.058177,0.478,-0.3485,0.5483,SHAKE1
47.3801,69.8235,-383.8645,1.3521,393.0295,117.1118,0.1347,476.7856,1988.425,1.0222,0.05812,0.6374,-0.522,0.5428,SHAKE1
24.1791,-4.0537,-204.6948,1.4034,206.1577,186.8718,0.0513,423.4741,13790.8926,1.1645,0.045085,0.756,-0.6894,0.5182,SHAKE1
-25.1411,7.6196,-61.3589,1.3776,66.7462,139.4115,0.0258,338.5264,31100.6523,1.2727,0.020986,0.8249,-0.8264,0.4929,SHAKE1
-103.5285,70.4207,53.3097,1.3028,136.0851,69.3389,0.0748,262.4319,27167.7695,1.3307,0.004311,0.8481,-0.907,0.4756,SHAKE1
-172.7822,148.3459,145.0447,1.2014,269.9966,133.9115,0.1014,214.403,12600.457,1.3275,0.005076,0.8382,-0.9202,0.4605,SHAKE1
-240.6258,219.8267,218.4326,1.0657,392.3485,122.3519,0.1357,214.2668,12551.877,1.2702,0.015378,0.797,-0.8831,0.4444,SHAKE1
-294.9006,278.2582,277.1429,0.8969,491.1234,98.7749,0.1688,271.2599,24620.4238,1.1689,0.029436,0.7337,-0.8006,0.4283,SHAKE1
-338.3205,317.3441,324.1112,0.7123,565.8764,74.753,0.1846,371.086,23649.7773,1.0358,0.044718,0.6563,-0.6786,0.4133,SHAKE1
-373.0564,327.8565,361.6859,0.5321,614.3921,48.5157,0.1802,466.7474,15293.1563,0.8817,0.057448,0.5694,-0.5119,0.3989,SHAKE1
-400.8451,351.8821,391.7456,0.4417,661.7874,47.3953,0.0903,545.1056,9019.0947,0.7297,0.052625,0.461,-0.2989,0.3789,SHAKE1
-423.0761,383.9026,415.7934,0.529,706.5824,44.795,0.0872,607.9523,5617.3882,0.6224,0.026589,0.3116,-0.058,0.3362,SHAKE1
-440.8609,409.519,435.0316,0.7591,742.507,35.9246,0.2301,658.2291,3980.8328,0.5948,0.014496,0.1272,0.188,0.2556,SHAKE1
-455.0887,430.0121,450.4221,1.1282,771.2952,28.7882,0.3691,699.3128,3143.9458,0.678,0.061714,-0.1098,0.4225,0.1127,SHAKE1
-466.471,409.6472,379.394,1.47,727.5615,43.7336,0.3418,721.9467,1348.946,0.8656,0.14771,-0.3752,0.6229,-0.0902,SHAKE1
-444.4205,343.7584,201.1152,1.7307,596.7635,130.798,0.2608,708.9419,3590.1567,1.1234,0.195016,-0.6451,0.763,-0.337,SHAKE1
-253.5708,297.7317,58.4922,1.8536,395.4284,201.3351,0.1228,646.7111,19374.5137,1.3883,0.1608,-0.871,0.8413,-0.5968,SHAKE1
-100.4598,217.5853,-55.6063,1.8176,246.0236,149.4048,0.036,547.4144,39789.4141,1.6,0.073652,-1.0414,0.862,-0.822,SHAKE1
22.029,77.4495,-146.885,1.6539,167.508,78.5156,0.1637,426.657,44048.3281,1.7052,0.018654,-1.1199,0.838,-0.9612,SHAKE1
120.0201,-40.4404,-219.908,1.4256,253.7711,86.2632,0.2283,331.8989,22938.4355,1.6963,0.023139,-1.1266,0.7794,-0.9961,SHAKE1
198.413,-134.7523,-278.3264,1.1715,367.4119,113.6407,0.2541,286.0286,7055.9287,1.5845,0.06547,-1.0677,0.7041,-0.9321,SHAKE1
261.1273,-210.2018,-325.0611,0.8976,466.9443,99.5325,0.2739,300.3318,11003.7832,1.3933,0.108781,-0.965,0.6226,-0.7766,SHAKE1
311.2987,-270.5615,-362.4489,0.6317,549.0716,82.1273,0.2659,360.9413,19114.6836,1.1561,0.132498,-0.8303,0.5364,-0.5636,SHAKE1
351.4358,-318.8492,-392.3591,0.4759,615.7253,66.6537,0.1558,450.5849,16578.4023,0.9205,0.119951,-0.6838,0.4448,-0.3228,SHAKE1
351.0924,-340.9419,-416.2873,0.4462,642.4969,26.7717,0.0297,528.33,10153.0176,0.7246,0.07553,-0.5292,0.3465,-0.0841,SHAKE1
327.9458,-256.0941,-435.4298,0.4989,602.2722,40.2247,0.0527,575.3021,3861.2024,0.5901,0.027671,-0.3715,0.2425,0.1336,SHAKE1
346.0129,-102.4784,-450.7439,0.5901,577.4052,24.867,0.0912,597.3942,1025.743,0.5286,0.004972,-0.2146,0.1303,0.3133,SHAKE1
379.2072,20.4141,-462.9951,0.7108,598.8149,21.4097,0.1207,607.343,460.1551,0.5444,0.009236,-0.0607,0.016,0.4508,SHAKE1
405.7627,118.7282,-472.7961,0.8351,634.2522,35.4373,0.1243,611.0483,577.1943,0.6162,0.020047,0.0937,-0.1045,0.5407,SHAKE1
427.007,149.945,-480.6369,0.9776,660.1744,25.9222,0.1425,614.5838,849.5667,0.7225,0.029092,0.2483,-0.2316,0.5905,SHAKE1
444.0025,45.5248,-486.9095,1.1304,660.5237,0.3493,0.1528,626.2341,1105.6179,0.8488,0.036414,0.4026,-0.3664,0.6106,SHAKE1
403.0926,-65.9802,-491.9276,1.2781,639.398,21.1257,0.1477,638.6326,509.6995,0.9864,0.040952,0.5485,-0.5076,0.6092,SHAKE1
343.621,-81.6091,-306.6515,1.4073,467.7291,171.6689,0.1292,612.4155,5346.8726,1.1257,0.041782,0.6749,-0.6523,0.5957,SHAKE1
218.3749,37.1096,-142.9243,1.439,263.6135,204.1156,0.0317,538.2878,24089.1523,1.2465,0.029939,0.773,-0.7772,0.5773,SHAKE1
72.2999,132.0845,-11.9426,1.3639,151.0504,112.5631,0.0751,436.463,40740.1367,1.3237,0.012268,0.8361,-0.8585,0.5549,SHAKE1
-44.5601,208.0645,92.8428,1.2415,232.1556,81.1052,0.1224,350.7893,31707.8184,1.346,0.005649,0.858,-0.8915,0.5275,SHAKE1
-138.048,268.8485,176.6711,1.0964,350.0706,117.915,0.1451,292.9239,11700.5176,1.3096,0.015864,0.8435,-0.8692,0.4963,SHAKE1
-212.8384,317.4756,243.7338,0.9294,453.3179,103.2473,0.167,290.0416,10726.084,1.214,0.033739,0.8009,-0.787,0.4578,SHAKE1
-272.6707,356.3774,297.3839,0.749,538.3228,85.0048,0.1803,344.9835,19896.4941,1.076,0.047821,0.7387,-0.6575,0.4141,SHAKE1
-320.5366,387.4988,340.304,0.5735,607.2115,68.8887,0.1755,436.2157,17803.877,0.918,0.056771,0.6601,-0.5045,0.3664,SHAKE1
-358.8293,412.3959,374.6401,0.4415,662.7097,55.4982,0.132,522.3265,12320.6074,0.758,0.055637,0.5713,-0.3219,0.3161,SHAKE1
-389.4634,432.3136,402.109,0.4089,707.2966,44.5869,0.0326,593.7717,8124.5625,0.6205,0.038191,0.4496,-0.1075,0.2347,SHAKE1
-412.4958,448.2478,424.0841,0.7715,742.244,34.9474,0.3626,651.5569,5248.7847,0.5889,0.022672,0.2528,0.1185,0.0864,SHAKE1
-401.4685,457.992,311.2516,1.2297,683.9672,58.2767,0.4582,680.6858,2045.9847,0.685,0.090422,0.0057,0.3367,-0.123,SHAKE1
-423.5748,263.9936,150.2982,1.5611,521.2463,162.7209,0.3315,663.4928,5754.8774,0.8825,0.202435,-0.2619,0.5383,-0.3738,SHAKE1
-441.2598,108.7949,31.5073,1.7089,455.5648,65.6815,0.1477,622.0638,12685.2012,1.136,0.235847,-0.5304,0.6919,-0.6369,SHAKE1
-262.3297,-15.3641,-77.1942,1.6879,273.883,181.6818,0.021,535.381,27964.3555,1.3918,0.125587,-0.7606,0.7805,-0.8516,SHAKE1
-107.4669,-114.6913,-164.1553,1.5484,227.2668,46.6162,0.1395,432.3857,27784.7246,1.5472,0.029392,-0.8928,0.811,-0.9645,SHAKE1
16.4233,-194.153,-233.7243,1.3557,304.2896,77.0228,0.1927,356.4501,12641.5781,1.5724,0.015926,-0.9439,0.7942,-0.9707,SHAKE1
115.5355,-257.7224,-289.3794,1.1343,404.3634,100.0738,0.2214,333.0735,7122.6899,1.487,0.047003,-0.9342,0.7377,-0.8842,SHAKE1
194.8253,-308.578,-333.9035,0.8962,494.6401,90.2767,0.2381,340.8886,9281.5449,1.3245,0.080566,-0.8773,0.6586,-0.7299,SHAKE1
258.2571,-349.2624,-369.5228,0.6492,570.2877,75.6476,0.2469,400.1696,15394.1563,1.1168,0.102192,-0.7779,0.5663,-0.5461,SHAKE1
309.0026,-381.8099,-398.0182,0.4196,632.2025,61.9147,0.2296,481.1566,13624.0283,0.891,0.111163,-0.6483,0.4681,-0.357,SHAKE1
349.5989,-407.8479,-420.8146,0.2598,682.3813,50.1789,0.1598,556.775,9747.7773,0.6718,0.099619,-0.4958,0.3636,-0.1739,SHAKE1
382.076,-428.6783,-439.0517,0.3278,722.851,40.4697,0.068,620.4725,6560.792,0.5105,0.054496,-0.3289,0.2532,0.0016,SHAKE1
408.0577,-276.3458,-453.6414,0.5266,669.8273,53.0237,0.1988,655.5099,2653.5894,0.4366,0.019341,-0.1484,0.1465,0.1639,SHAKE1
428.8431,-118.6798,-465.3131,0.7723,643.8226,26.0048,0.2457,670.2169,1012.0469,0.4612,0.032233,0.0518,0.039,0.3087,SHAKE1
314.3682,7.453,-474.6505,1.0226,569.3645,74.4581,0.2503,657.6494,2599.3252,0.5818,0.08037,0.2629,-0.082,0.4337,SHAKE1
149.0946,95.2468,-482.1204,1.2361,513.5574,55.8071,0.2135,623.8846,5489.4287,0.7771,0.107119,0.4701,-0.224,0.5302,SHAKE1
16.8757,49.3756,-345.5588,1.3588,349.4762,164.0812,0.1227,549.2096,13014.1973,0.9833,0.091909,0.6585,-0.3795,0.5815,SHAKE1
-88.8995,-62.8995,-174.0501,1.3734,205.3118,144.1644,0.0146,456.3065,25126.623,1.1526,0.051949,0.8088,-0.5344,0.5854,SHAKE1
-173.5196,-152.7196,-36.8432,1.3427,234.0721,28.7604,0.0307,374.3564,21255.9727,1.2667,0.017231,0.9004,-0.6714,0.555,SHAKE1
-241.2157,-197.8945,72.9223,1.2941,320.4136,86.3415,0.0485,324.5662,11753.2432,1.321,0.002513,0.9355,-0.7719,0.5039,SHAKE1
-295.3725,-140.4968,160.7347,1.2241,364.4447,44.0311,0.07,294.7437,4038.386,1.3186,0.002943,0.9269,-0.8191,0.4489,SHAKE1
-338.698,-14.0631,230.9846,1.1011,410.2049,45.7602,0.123,306.8894,5957.9946,1.2671,0.009427,0.8875,-0.8074,0.4054,SHAKE1
-373.3584,91.1464,287.1846,0.9304,479.7699,69.5651,0.1707,361.781,6858.8335,1.1785,0.021993,0.8269,-0.7458,0.3815,SHAKE1
-401.0867,175.314,332.1446,0.7444,549.4775,69.7076,0.186,424.8621,6663.6924,1.0588,0.039975,0.7491,-0.6422,0.3694,SHAKE1
-423.2694,242.6481,368.1125,0.5685,611.1807,61.7032,0.1759,483.0156,8042.897,0.9137,0.055928,0.6589,-0.4884,0.3619,SHAKE1
-441.0155,296.5154,396.8869,0.3853,663.2762,52.0955,0.1832,542.7819,8157.8564,0.7459,0.06435,0.5287,-0.2802,0.3343,SHAKE1
-455.2124,339.6092,419.9064,0.5244,706.3102,43.0341,0.1392,602.0029,6483.6963,0.6306,0.035626,0.3322,-0.0455,0.2535,SHAKE1
-466.5699,374.0842,423.0783,1.0021,732.5447,26.2345,0.4776,652.5579,4347.9443,0.6449,0.045046,0.0693,0.1913,0.0996,SHAKE1
-475.6559,286.1487,291.7595,1.4447,627.0991,105.4457,0.4427,668.0822,2111.4592,0.785,0.151391,-0.2339,0.4162,-0.1207,SHAKE1
-482.9247,126.9846,131.0076,1.7127,516.2406,110.8585,0.2679,649.0942,5714.5322,1.0138,0.261763,-0.5487,0.5976,-0.387,SHAKE1
-415.8523,17.1908,2.4061,1.8228,416.2144,100.0262,0.1101,599.6818,14079.3184,1.3014,0.230972,-0.8234,0.7027,-0.6657,SHAKE1
-230.285,-53.9568,-100.4751,1.8011,256.9781,159.2363,0.0217,509.8154,27218.584,1.5567,0.095007,-1.0122,0.7407,-0.9,SHAKE1
-81.8311,-135.4092,-182.7801,1.681,241.7448,15.2333,0.1201,411.6554,22033.8984,1.6925,0.018141,-1.1007,0.7295,-1.0474,SHAKE1
36.932,-210.7273,-248.6241,1.4734,327.9999,86.2551,0.2076,351.8356,10571.9414,1.6982,0.015437,-1.1075,0.6814,-1.0877,SHAKE1
131.9425,-270.9819,-301.2993,1.227,426.1704,98.1706,0.2463,333.8216,5946.7681,1.6011,0.050358,-1.0563,0.6134,-1.0326,SHAKE1
207.9509,-319.1855,-343.4394,0.9712,512.907,86.7365,0.2558,353.1601,10629.3906,1.4307,0.090855,-0.9669,0.5433,-0.8978,SHAKE1
268.7576,-357.7484,-377.1516,0.7054,585.199,72.292,0.2658,418.8042,15238.4551,1.2116,0.120624,-0.8493,0.4744,-0.7094,SHAKE1
317.4029,-388.5987,-404.1212,0.4342,644.2574,59.0584,0.2711,499.3067,12653.6191,0.9622,0.135243,-0.7079,0.3955,-0.4899,SHAKE1
356.3192,-413.279,-425.697,0.2824,692.0844,47.827,0.1519,572.1237,8914.7559,0.7241,0.118704,-0.5396,0.303,-0.2576,SHAKE1
387.4523,-301.417,-442.9576,0.464,661.1981,30.8864,0.1816,619.1292,4031.6191,0.5714,0.05834,-0.353,0.2,-0.0226,SHAKE1
412.3587,-138.7367,-456.7661,0.7166,630.8112,30.3868,0.2527,642.71,1246.2268,0.5205,0.027998,-0.1469,0.0834,0.201,SHAKE1
432.2838,-8.5925,-467.8128,0.9481,637.0181,6.2068,0.2315,653.0739,483.7939,0.5691,0.055375,0.0687,-0.0592,0.394,SHAKE1
448.224,95.5229,-476.6503,1.1873,661.2298,24.2117,0.2392,656.4683,470.0294,0.7197,0.105499,0.2796,-0.2252,0.5517,SHAKE1
404.0323,11.5183,-483.7202,1.3757,630.365,30.8648,0.1884,644.1244,200.2333,0.9383,0.105508,0.4692,-0.3991,0.6677,SHAKE1
220.8259,-93.1853,-358.2199,1.4976,431.0094,199.3556,0.1219,598.0867,7106.0635,1.1451,0.080315,0.6301,-0.5722,0.742,SHAKE1
74.2607,-123.3327,-184.179,1.533,233.7681,197.2413,0.0355,518.678,27131.7656,1.3083,0.047049,0.7486,-0.7302,0.7753,SHAKE1
-42.9915,-108.9474,-44.9464,1.4828,125.4511,108.317,0.0503,416.3647,44788.3516,1.4153,0.015747,0.8211,-0.8433,0.7807,SHAKE1
-136.7932,-88.7673,66.4398,1.3846,176.0859,50.6348,0.0982,319.3359,34928.7578,1.4547,0.003985,0.8528,-0.8968,0.7613,SHAKE1
-211.8345,-70.3263,155.5487,1.2448,272.0571,95.9712,0.1397,247.6743,10892.6143,1.4286,0.010861,0.8486,-0.8925,0.7219,SHAKE1
-271.8676,-71.8861,226.8358,1.0669,361.2951,89.238,0.1779,233.7314,6557.7969,1.3424,0.028646,0.8138,-0.8318,0.6669,SHAKE1
-319.8941,-128.0557,283.8655,0.8489,446.4417,85.1466,0.218,276.2662,13797.7217,1.2056,0.051365,0.7529,-0.7121,0.6067,SHAKE1
-358.3153,-204.8446,329.4893,0.6505,528.1235,81.6818,0.1984,356.8006,15449.3027,1.0392,0.069922,0.6715,-0.5481,0.5482,SHAKE1
-389.0522,-266.2757,365.9883,0.5438,596.8348,68.7114,0.1067,440.9504,13359.834,0.871,0.066858,0.5651,-0.3435,0.5035,SHAKE1
-413.6418,-110.6237,395.1876,0.5556,582.6752,14.1597,0.0117,503.074,7812.6797,0.7332,0.039805,0.4227,-0.1096,0.4577,SHAKE1
-389.304,13.8979,418.5469,0.7112,571.78,10.8952,0.1556,545.171,2964.3699,0.662,0.012559,0.2173,0.13,0.3788,SHAKE1
-264.9401,113.5152,437.2344,1.074,523.6917,48.0883,0.3628,560.621,868.4435,0.707,0.037489,-0.0449,0.3534,0.2304,SHAKE1
-308.749,193.2091,317.2157,1.4671,482.9922,40.6994,0.3931,551.5948,1780.9983,0.8703,0.125713,-0.3385,0.5519,0.0155,SHAKE1
-349.3992,52.1672,151.3726,1.7493,384.3369,98.6553,0.2822,509.0952,5160.4893,1.1114,0.200779,-0.628,0.7116,-0.2585,SHAKE1
-281.4475,-60.6662,18.698,1.8291,288.5181,95.8188,0.0798,450.2638,10347.3994,1.3661,0.177119,-0.8725,0.8046,-0.5566,SHAKE1
-122.7611,-150.933,-87.4416,1.7518,213.3005,75.2177,0.0773,378.5679,13484.1816,1.5742,0.07777,-1.0214,0.8391,-0.8166,SHAKE1
4.188,-223.1464,-172.3533,1.607,281.9885,68.688,0.1448,330.2272,8800.6992,1.6808,0.01657,-1.0734,0.8294,-0.9784,SHAKE1
105.7473,-280.9171,-240.2826,1.407,384.4901,102.5016,0.2,310.5268,4334.0571,1.6688,0.022287,-1.0499,0.7869,-1.0267,SHAKE1
186.9947,-327.1337,-294.6261,1.1438,478.3179,93.8278,0.2631,329.323,8521.9414,1.5477,0.061449,-0.9727,0.7165,-0.9649,SHAKE1
251.9926,-364.107,-338.1009,0.8539,557.1233,78.8054,0.2899,383.044,15681.5781,1.3527,0.103851,-0.8591,0.6414,-0.8151,SHAKE1
303.991,-393.6856,-372.8807,0.5689,621.6421,64.5188,0.285,464.7124,14635.0918,1.1161,0.138891,-0.7221,0.5634,-0.6134,SHAKE1
320.7553,-417.3484,-400.7046,0.3109,661.5345,39.8924,0.258,540.6216,9943.0693,0.8569,0.153186,-0.5595,0.4726,-0.389,SHAKE1
359.0011,-436.2787,-422.9637,0.3315,705.7756,44.2411,0.0205,604.8787,6393.8584,0.6418,0.101627,-0.3703,0.36,-0.1493,SHAKE1
389.5978,-246.6261,-440.7709,0.5773,637.8792,67.8964,0.2459,636.7909,2389.7456,0.5285,0.039216,-0.1623,0.2258,0.0757,SHAKE1
414.0751,-94.904,-455.0168,0.8052,622.4991,15.3801,0.2279,649.8661,990.2502,0.5188,0.033256,0.0488,0.0743,0.2697,SHAKE1
433.657,26.4737,-466.4134,0.9826,637.4172,14.918,0.1774,653.0211,851.9723,0.6015,0.068936,0.2512,-0.0936,0.4192,SHAKE1
449.3225,123.5758,-475.5307,1.1562,665.8011,28.3839,0.1736,653.8745,869.4142,0.7706,0.085,0.4348,-0.2713,0.5284,SHAKE1
433.5799,1.0138,-482.8246,1.3427,648.9315,16.8696,0.1865,642.5057,206.3052,0.9728,0.070999,0.5972,-0.4476,0.5919,SHAKE1
256.2076,-101.589,-450.9878,1.518,528.5382,120.3933,0.1753,620.6374,2321.521,1.1609,0.063773,0.7366,-0.618,0.6281,SHAKE1
102.5661,-59.7774,-258.3933,1.621,284.3594,244.1788,0.103,553.0095,20363.8711,1.3241,0.054176,0.8512,-0.7711,0.6482,SHAKE1
-20.3471,48.9968,-104.3178,1.5917,117.0337,167.3257,0.0292,448.9328,46121.9492,1.4459,0.030342,0.9375,-0.8797,0.6583,SHAKE1
-118.6777,134.5662,18.9426,1.4599,180.4197,63.386,0.1318,351.8565,41711.6289,1.5067,0.009902,0.9892,-0.9241,0.6597,SHAKE1
-197.3422,191.1842,117.551,1.2945,298.8538,118.434,0.1654,281.841,19720.5996,1.497,0.013431,1.0004,-0.9016,0.6496,SHAKE1
-260.2737,255.3443,196.4377,1.1026,414.1628,115.3091,0.192,258.9659,10527.2402,1.4139,0.037563,0.9731,-0.806,0.6223,SHAKE1
-310.619,306.6723,259.547,0.9041,507.8353,93.6724,0.1985,303.6611,20787.8086,1.2706,0.06043,0.9144,-0.6413,0.5761,SHAKE1
-350.8952,341.8597,310.0345,0.7023,579.7559,71.9206,0.2017,396.2055,20503.0527,1.0927,0.072735,0.8265,-0.4179,0.5076,SHAKE1
-383.1161,363.7221,350.4245,0.518,633.9315,54.1756,0.1843,486.9078,14266.166,0.9043,0.076315,0.6908,-0.1689,0.4042,SHAKE1
-408.8929,393.3746,382.7365,0.6309,684.4152,50.4838,0.1129,564.0201,9048.8262,0.7716,0.043192,0.4854,0.0847,0.2439,SHAKE1
-429.5143,417.0966,408.5861,1.0664,724.8411,40.4259,0.4355,626.1558,5869.2236,0.7644,0.038618,0.2123,0.3233,0.0203,SHAKE1
-446.0115,340.7991,381.222,1.5054,678.5281,46.313,0.4389,660.2944,2452.4048,0.8846,0.130074,-0.1123,0.5301,-0.2538,SHAKE1
-438.4873,213.8331,283.3057,1.8407,564.1434,114.3847,0.3353,657.1719,2994.3652,1.1123,0.254399,-0.4629,0.6847,-0.5447,SHAKE1
-319.6523,68.6665,124.2446,2.0187,349.7562,214.3872,0.178,600.3369,18556.9961,1.4124,0.258009,-0.7861,0.7814,-0.8226,SHAKE1
-153.325,-47.4668,-3.0043,1.9724,160.5325,189.2237,0.0463,495.5603,44850.6055,1.6807,0.126596,-1.022,0.8198,-1.0366,SHAKE1
-20.2631,-140.3735,-104.8035,1.7827,176.3493,15.8168,0.1896,385.8619,42682.0664,1.824,0.032687,-1.1525,0.8092,-1.1524,SHAKE1
86.1864,-214.6988,-186.2428,1.5446,297.0017,120.6525,0.2381,309.5566,21308.0918,1.8318,0.027931,-1.187,0.7626,-1.1651,SHAKE1
171.346,-274.159,-251.3942,1.2947,409.5384,112.5366,0.25,278.6356,9388.3652,1.7226,0.073699,-1.1436,0.6902,-1.0851,SHAKE1
239.4737,-321.7272,-303.5154,1.0285,502.9688,93.4305,0.2661,309.2781,17502.8496,1.5246,0.113304,-1.0412,0.6102,-0.9243,SHAKE1
293.9758,-359.7818,-345.2123,0.7557,578.8232,75.8543,0.2728,392.9363,20610.0195,1.2813,0.132222,-0.9061,0.534,-0.7142,SHAKE1
337.5775,-390.2254,-378.5699,0.4528,639.9606,61.1375,0.3029,485.6585,14834.8203,1.0153,0.148438,-0.7425,0.454,-0.4797,SHAKE1
372.4589,-414.5804,-405.2559,0.3461,689.0826,49.1219,0.1067,564.0747,9843.7129,0.7756,0.124491,-0.5538,0.3636,-0.2286,SHAKE1
400.364,-229.2674,-426.6047,0.5192,628.3681,60.7145,0.1731,607.8407,3978.686,0.6205,0.059687,-0.3455,0.2561,0.0187,SHAKE1
422.6881,-81.0171,-443.6838,0.6939,618.1296,10.2385,0.1747,630.8729,1269.7584,0.5535,0.022986,-0.1319,0.1285,0.2369,SHAKE1
440.5474,37.5832,-457.347,0.8398,636.1295,17.9999,0.1459,642.3341,602.0911,0.5704,0.030921,0.0738,-0.0154,0.4136,SHAKE1
444.4785,132.4635,-468.2776,0.9817,659.0839,22.9544,0.1418,646.1588,642.4478,0.6761,0.0508,0.2562,-0.165,0.5421,SHAKE1
334.2953,39.2927,-477.0221,1.1528,583.8214,75.2626,0.1712,625.1066,607.9501,0.8375,0.048431,0.4123,-0.3228,0.6191,SHAKE1
187.2269,-70.9659,-484.0177,1.3574,523.7969,60.0245,0.2046,604.1923,2221.1453,1.0051,0.054134,0.5482,-0.4896,0.6609,SHAKE1
47.3815,-134.1446,-357.2735,1.5326,384.5571,139.2398,0.1752,557.4777,9647.9727,1.1729,0.062275,0.6688,-0.658,0.6849,SHAKE1
-64.4948,-96.875,-183.4219,1.5969,217.2279,167.3292,0.0643,473.6974,24545.6016,1.3243,0.053126,0.7701,-0.811,0.6953,SHAKE1
-153.9958,-29.9719,-44.3407,1.5465,163.0311,54.1968,0.0504,374.4868,27131.9473,1.4373,0.026757,0.8456,-0.9301,0.6874,SHAKE1
-225.5967,7.7631,66.9243,1.4507,235.4421,72.411,0.0958,304.811,17379.7266,1.4968,0.007065,0.8916,-0.9983,0.6645,SHAKE1
-282.8773,34.6636,155.9363,1.3295,324.8651,89.4229,0.1212,265.0246,6286.2432,1.4912,0.008748,0.9089,-0.9983,0.6293,SHAKE1
-328.7019,75.0934,227.146,1.1965,406.5455,81.6804,0.1329,269.4223,7414.9321,1.424,0.021258,0.9053,-0.9194,0.5905,SHAKE1
-365.3615,139.8872,284.1136,1.0416,483.506,76.9605,0.1549,322.6779,13200.2832,1.313,0.032191,0.8863,-0.7651,0.5563,SHAKE1
-394.6892,214.3066,329.6878,0.8495,557.1364,73.6304,0.1921,401.499,12884.2529,1.1736,0.044816,0.8414,-0.5407,0.5266,SHAKE1
-418.1514,273.8422,366.1471,0.6027,619.5997,62.4633,0.2468,478.3305,10979.7773,1.004,0.065867,0.744,-0.2763,0.47,SHAKE1
-436.9211,321.4706,395.3146,0.5462,671.2056,51.6059,0.0565,547.5986,8911.5361,0.8473,0.062046,0.566,-0.0,0.3591,SHAKE1
-451.9369,359.5734,363.3392,0.9291,682.3161,11.1105,0.3829,602.7527,5520.1172,0.7938,0.036129,0.3115,0.2631,0.1596,SHAKE1
-463.9495,390.0556,238.5339,1.3547,651.3762,30.9399,0.4257,636.3268,2021.7887,0.8564,0.082853,0.0,0.4892,-0.1084,SHAKE1
-473.5596,304.2632,88.4271,1.6656,569.7843,81.5919,0.3108,638.8564,1646.7474,1.0197,0.187148,-0.3236,0.6561,-0.4172,SHAKE1
-382.9852,162.695,-31.6583,1.797,417.3123,152.472,0.1314,598.3989,9752.1309,1.2585,0.216183,-0.6039,0.7525,-0.7256,SHAKE1
-203.9913,27.756,-127.7267,1.8003,242.2745,175.0378,0.0033,512.6127,26697.6094,1.5094,0.110496,-0.7922,0.7829,-0.9949,SHAKE1
-60.7961,-80.1952,-204.5813,1.6564,227.9933,14.2812,0.1439,421.7481,28883.0254,1.6548,0.026313,-0.8857,0.7564,-1.1609,SHAKE1
53.76,-166.5562,-266.0651,1.403,318.4677,90.4744,0.2534,355.1664,16037.4639,1.6645,0.020892,-0.8956,0.688,-1.2135,SHAKE1
145.4048,-235.6449,-315.252,1.1387,419.589,101.1213,0.2643,325.1274,6753.0078,1.5591,0.065078,-0.8472,0.5852,-1.1669,SHAKE1
218.7207,-290.916,-354.6017,0.893,508.1468,88.5578,0.2457,343.2943,11422.5811,1.3783,0.109805,-0.7664,0.4791,-1.0374,SHAKE1
277.3735,-335.1328,-386.0813,0.6617,581.6432,73.4964,0.2313,411.168,16136.7783,1.1506,0.125015,-0.6733,0.38,-0.8459,SHAKE1
324.2957,-370.5062,-411.2651,0.4077,641.5462,59.903,0.2541,493.8786,13199.9668,0.9008,0.121843,-0.5734,0.2891,-0.6161,SHAKE1
361.8334,-398.805,-431.412,0.2393,689.9893,48.4431,0.1683,568.1829,9216.9238,0.6681,0.104751,-0.4643,0.1949,-0.3815,SHAKE1
365.8574,-416.8159,-447.5296,0.3349,712.6499,22.6606,0.0956,626.795,5539.6504,0.5073,0.056811,-0.3435,0.0952,-0.1527,SHAKE1
376.3859,-231.0558,-460.4237,0.5143,637.9993,74.6506,0.1794,652.7656,2074.8091,0.4316,0.021338,-0.2108,-0.0112,0.0587,SHAKE1
403.5056,-82.4478,-470.739,0.6875,625.4675,12.5318,0.1731,661.5304,1135.344,0.4367,0.023815,-0.0687,-0.1255,0.2462,SHAKE1
425.2014,36.4386,-478.9911,0.8447,641.5267,16.0591,0.1572,661.5265,1135.5002,0.5242,0.049294,0.0757,-0.2529,0.3869,SHAKE1
442.558,130.8915,-485.5929,1.0066,669.9184,28.3917,0.1618,657.5123,971.446,0.6776,0.056064,0.2176,-0.3861,0.4825,SHAKE1
424.7933,62.1195,-490.8743,1.1777,652.124,17.7944,0.1711,645.4072,222.688,0.8462,0.054186,0.3549,-0.5223,0.5408,SHAKE1
284.6378,-39.0388,-303.9776,1.3256,418.2643,233.8597,0.1479,601.4602,8599.1484,1.0084,0.051811,0.4846,-0.6568,0.5757,SHAKE1
146.8914,-85.6654,-140.7852,1.3779,220.7626,197.5017,0.0523,520.5192,30918.5625,1.1465,0.039449,0.6,-0.7678,0.5951,SHAKE1
15.1132,-99.6073,-10.2313,1.3448,101.2655,119.4971,0.0331,412.467,51469.4492,1.2465,0.019097,0.6931,-0.836,0.6072,SHAKE1
-90.3095,-95.7734,94.2118,1.2533,161.8771,60.6116,0.0915,310.8587,40448.0234,1.2958,0.005157,0.7569,-0.8532,0.6108,SHAKE1
-174.6476,-91.1187,177.7664,1.1088,265.3399,103.4628,0.1445,233.5019,11585.9355,1.2821,0.009175,0.7841,-0.8131,0.6001,SHAKE1
-242.1181,-73.4949,244.61,0.9151,351.9328,86.5929,0.1936,220.2356,7387.6846,1.2,0.028984,0.7733,-0.7104,0.5697,SHAKE1
-296.0945,-37.7678,298.0848,0.7122,421.8446,69.9118,0.203,260.452,13899.5098,1.0668,0.052515,0.7276,-0.5632,0.5187,SHAKE1
-339.2756,-29.7049,340.8647,0.5391,481.8496,60.005,0.1731,336.5688,12841.0537,0.9057,0.066799,0.6543,-0.3843,0.4515,SHAKE1
-373.8205,40.8142,375.0887,0.4352,531.13,49.2804,0.1039,410.4194,8854.5205,0.7421,0.060139,0.5408,-0.1689,0.366,SHAKE1
-401.4564,135.0482,402.4678,0.6294,584.2821,53.1521,0.1942,474.2078,6621.5923,0.6462,0.026593,0.3318,0.0607,0.2313,SHAKE1
-218.7682,210.4355,424.3712,1.0648,521.76,62.5221,0.4355,508.1732,2929.9468,0.6761,0.046282,0.0565,0.2825,0.0616,SHAKE1
-115.1583,158.9109,346.9438,1.4393,398.6027,123.1573,0.3744,503.5249,3818.9543,0.8215,0.14135,-0.2602,0.4842,-0.1372,SHAKE1
-177.6485,24.7287,175.155,1.7016,250.6986,147.9041,0.2624,457.2947,14371.9863,1.054,0.226242,-0.5979,0.6472,-0.3569,SHAKE1
-170.8344,-82.617,37.724,1.8093,193.4763,57.2223,0.1077,389.7639,22641.2812,1.3289,0.188203,-0.9212,0.7372,-0.5666,SHAKE1
-34.2707,-168.4936,-72.2208,1.67,186.4951,6.9812,0.1394,310.2065,17008.082,1.537,0.070292,-1.1234,0.7551,-0.7073,SHAKE1
74.9803,-191.4574,-160.1766,1.4582,260.6425,74.1474,0.2118,257.9831,5821.1328,1.6157,0.020753,-1.2165,0.7126,-0.7754,SHAKE1
162.3811,-177.3816,-230.5413,1.238,333.1383,72.4958,0.2202,244.8902,2824.5957,1.5754,0.04144,-1.2192,0.625,-0.7688,SHAKE1
232.3018,-202.3146,-286.833,1.0221,420.9139,87.7756,0.2158,278.9332,7855.7891,1.4395,0.081011,-1.1484,0.5152,-0.6923,SHAKE1
288.2383,-264.2517,-331.8664,0.8198,512.8798,91.9659,0.2023,342.8139,13260.6641,1.2416,0.091304,-1.0213,0.4057,-0.5694,SHAKE1
332.9875,-313.8014,-367.8931,0.6241,587.1093,74.2296,0.1957,422.9368,13889.9277,1.0325,0.087114,-0.8798,0.3102,-0.4263,SHAKE1
368.7869,-353.4411,-396.7145,0.4378,646.7664,59.6571,0.1863,500.1615,12678.3213,0.8284,0.079934,-0.7322,0.2277,-0.277,SHAKE1
324.4389,-385.1529,-419.7716,0.2959,655.6002,8.8337,0.1419,564.6539,7771.9365,0.64,0.067585,-0.5775,0.1521,-0.1276,SHAKE1
291.3074,-363.7942,-438.2173,0.3114,639.7192,15.881,0.0155,608.4149,2851.6272,0.4978,0.039751,-0.4112,0.0769,0.0185,SHAKE1
287.4771,-188.6385,-452.9738,0.4605,568.694,71.0251,0.149,619.5778,1217.1735,0.4259,0.014127,-0.2214,0.0013,0.1489,SHAKE1
332.3786,-48.5139,-464.7791,0.6881,573.4533,4.7593,0.2276,616.8466,1424.3673,0.4387,0.019855,-0.0089,-0.0812,0.2592,SHAKE1
368.2998,63.5857,-474.2232,0.9495,603.8009,30.3476,0.2614,608.2535,1205.5251,0.5411,0.061559,0.2173,-0.1839,0.3486,SHAKE1
354.693,79.8905,-481.7786,1.1928,603.5729,0.228,0.2433,597.848,653.2924,0.7205,0.10231,0.4385,-0.3134,0.4206,SHAKE1
246.3044,-21.5689,-327.8135,1.357,410.6005,192.9724,0.1642,552.0243,5215.1714,0.9296,0.106154,0.6386,-0.4539,0.474,SHAKE1
94.6435,-89.3832,-159.8539,1.4439,206.1554,204.4451,0.0869,479.5165,23827.291,1.1263,0.076353,0.7958,-0.5931,0.5202,SHAKE1
-26.6852,24.7278,-25.4863,1.4733,44.4197,161.7356,0.0295,373.7099,48729.2617,1.2833,0.037385,0.903,-0.7116,0.5659,SHAKE1
-123.7482,122.1791,82.0079,1.4574,192.2671,147.8473,0.016,291.4031,37950.7773,1.3849,0.010843,0.9609,-0.7834,0.6151,SHAKE1
-201.3985,200.1402,168.0032,1.339,329.9129,137.6458,0.1183,236.6711,15761.7939,1.4141,0.003032,0.9757,-0.7749,0.6608,SHAKE1
-263.5188,262.509,236.7994,1.1913,440.9389,111.026,0.1478,242.7388,18019.7598,1.381,0.011213,0.9524,-0.6915,0.7006,SHAKE1
-313.2151,312.4041,291.8364,1.0433,529.9703,89.0314,0.148,307.5018,30058.2305,1.3009,0.026807,0.8996,-0.5435,0.7256,SHAKE1
-352.972,352.3201,335.866,0.8468,601.2692,71.299,0.1965,418.8717,21072.4062,1.1756,0.046394,0.8211,-0.3333,0.7031,SHAKE1
-384.7776,384.253,371.0897,0.5892,658.3401,57.0709,0.2576,512.0863,13582.5439,1.0019,0.06913,0.6803,-0.0854,0.6106,SHAKE1
-410.2221,409.7993,399.2686,0.6437,704.0121,45.672,0.0545,586.9061,8714.2119,0.8628,0.052725,0.5014,0.1608,0.4354,SHAKE1
-430.5777,430.2363,264.293,0.9594,663.5897,40.4225,0.3157,631.4363,3646.063,0.8165,0.030865,0.3043,0.3864,0.17,SHAKE1
-446.8622,265.9609,109.0344,1.2771,531.3281,132.2616,0.3177,631.7079,3591.2505,0.8632,0.060821,0.0925,0.5793,-0.1552,SHAKE1
-459.8897,110.3688,-15.1725,1.5207,473.1913,58.1367,0.2436,606.0923,7775.2881,0.998,0.129059,-0.119,0.7228,-0.4903,SHAKE1
-265.5149,-14.105,-114.538,1.6118,289.51,183.6813,0.0911,532.3263,21832.7559,1.2025,0.129142,-0.2661,0.8099,-0.7957,SHAKE1
-110.015,-105.2246,-194.0304,1.5391,246.6238,42.8862,0.0727,440.8486,23894.5586,1.3816,0.057266,-0.3589,0.8405,-1.0213,SHAKE1
14.3848,-175.5484,-257.6243,1.3697,312.0809,65.457,0.1694,370.5468,12345.7266,1.4637,0.014905,-0.4148,0.8196,-1.1333,SHAKE1
113.9048,-242.8388,-308.4995,1.177,408.7993,96.7184,0.1927,346.0411,6867.7241,1.4437,0.023974,-0.4433,0.7545,-1.1434,SHAKE1
193.5207,-296.671,-349.1996,1.0217,497.3975,88.5982,0.1553,350.8823,8192.6045,1.3439,0.048433,-0.4628,0.6545,-1.0696,SHAKE1
257.2134,-339.7368,-381.7596,0.8939,572.1191,74.7216,0.1279,407.4041,14033.7246,1.2003,0.053964,-0.4917,0.543,-0.932,SHAKE1
308.1676,-374.1895,-407.8077,0.7506,633.4763,61.3571,0.1433,484.7746,13099.1914,1.0426,0.046576,-0.5222,0.4358,-0.7629,SHAKE1
348.931,-401.7516,-428.6462,0.5499,683.2969,49.8207,0.2007,559.0178,9504.7324,0.8786,0.046844,-0.5307,0.3377,-0.5846,SHAKE1
381.5417,-423.8012,-445.317,0.2573,723.5252,40.2283,0.2926,621.963,6442.0513,0.6947,0.072415,-0.4845,0.2477,-0.4069,SHAKE1
407.6302,-441.441,-458.6536,0.2092,755.9072,32.382,0.0481,673.6649,4253.8569,0.5322,0.071755,-0.3797,0.1526,-0.215,SHAKE1
428.5011,-419.2403,-469.3228,0.5145,761.3406,5.4334,0.3054,711.5092,2296.7603,0.4563,0.039893,-0.2187,0.0516,-0.0115,SHAKE1
399.5821,-232.9954,-477.8583,0.7948,665.0573,96.2833,0.2802,717.8254,1470.593,0.4651,0.045401,-0.0195,-0.0621,0.1893,SHAKE1
365.4501,-83.9994,-484.6866,1.0032,612.8057,52.2516,0.2084,703.7272,3239.2192,0.5558,0.09365,0.1947,-0.1956,0.3613,SHAKE1
328.9788,35.1973,-490.1493,1.1833,591.3647,21.4409,0.1801,677.2951,4987.2354,0.741,0.120278,0.3846,-0.3549,0.4953,SHAKE1
229.2675,92.9891,-348.9101,1.3129,427.7251,163.6396,0.1296,611.6587,11900.1592,0.9617,0.080393,0.5394,-0.5204,0.5763,SHAKE1
81.014,-6.5587,-176.7312,1.3796,194.5255,233.1996,0.0667,498.2957,29368.0664,1.1347,0.045385,0.6523,-0.6781,0.6105,SHAKE1
-37.5888,-97.0751,-38.9881,1.3802,111.1601,83.3655,0.0006,387.5162,41508.8867,1.2518,0.020606,0.7202,-0.8085,0.6152,SHAKE1
-132.4711,-103.2194,71.2064,1.3319,182.4094,71.2493,0.0482,301.437,32361.9473,1.3176,0.005205,0.7447,-0.8942,0.6143,SHAKE1
-208.3768,-10.4224,159.362,1.2282,262.5372,80.1278,0.1037,235.6715,11527.8613,1.3266,0.003115,0.7372,-0.9175,0.6111,SHAKE1
-269.1015,91.2246,229.8865,1.0771,365.4933,102.9561,0.1511,223.2251,7366.7656,1.2794,0.013296,0.7074,-0.8804,0.5996,SHAKE1
-317.6812,175.3765,286.3061,0.8849,462.2223,96.729,0.1922,276.7645,15759.502,1.1805,0.032624,0.656,-0.7923,0.5759,SHAKE1
-356.545,239.5356,331.4417,0.6802,542.5451,80.3228,0.2047,363.0414,16958.6895,1.0405,0.055108,0.5892,-0.6637,0.5356,SHAKE1
-387.636,266.466,367.5503,0.4886,596.9581,54.413,0.1915,445.9512,14502.4766,0.8718,0.070578,0.5113,-0.4983,0.4791,SHAKE1
-412.5088,315.5696,396.4371,0.381,653.3835,56.4255,0.1077,524.1205,10269.541,0.7024,0.064649,0.417,-0.2877,0.4058,SHAKE1
-432.407,354.8526,419.5466,0.4688,699.2249,45.8414,0.0878,590.8668,6914.2666,0.5807,0.032667,0.2846,-0.0549,0.2876,SHAKE1
-448.3256,386.279,438.0341,0.8377,736.2617,37.0367,0.3689,645.6747,4828.4146,0.5713,0.027274,0.1083,0.1793,0.1114,SHAKE1
-461.0605,411.42,272.4742,1.2386,675.3409,60.9207,0.4009,672.2338,2171.9019,0.6829,0.101487,-0.1168,0.4001,-0.1051,SHAKE1
-471.2484,386.5236,115.5794,1.5435,620.35,54.991,0.3049,676.9122,1555.1134,0.8939,0.197539,-0.3639,0.5932,-0.3549,SHAKE1
-388.6081,269.597,-9.9365,1.6809,473.0724,147.2776,0.1375,640.85,8454.042,1.1539,0.20121,-0.6018,0.714,-0.6183,SHAKE1
-208.4896,118.2119,-110.3492,1.6739,263.854,209.2184,0.007,553.7758,28615.8008,1.3949,0.103338,-0.7843,0.7673,-0.8406,SHAKE1
-64.3948,-3.4117,-190.6794,1.5709,201.2882,62.5658,0.1031,446.7811,35357.2148,1.5416,0.025924,-0.8934,0.7619,-0.9863,SHAKE1
50.881,-99.0731,-254.9435,1.4208,278.2096,76.9213,0.1501,367.3548,24284.0352,1.578,0.009151,-0.9212,0.7119,-1.0569,SHAKE1
143.1017,-181.6585,-306.3548,1.2265,383.8375,105.6279,0.1943,320.0523,9299.5352,1.5146,0.029602,-0.8952,0.6271,-1.0447,SHAKE1
216.8782,-247.7268,-347.4839,1.0272,478.6959,94.8584,0.1993,321.177,9648.7969,1.3839,0.054482,-0.8362,0.5354,-0.9613,SHAKE1
275.8995,-300.5815,-380.3871,0.8395,557.8208,79.1249,0.1878,379.9704,16735.0059,1.217,0.069079,-0.7668,0.4502,-0.8259,SHAKE1
323.1165,-342.8652,-406.7097,0.6497,622.3934,64.5726,0.1897,464.1914,15010.1426,1.0327,0.074443,-0.6879,0.3772,-0.6627,SHAKE1
360.89,-376.6921,-427.7677,0.4321,674.6287,52.2353,0.2177,543.4752,10663.1338,0.835,0.077387,-0.5914,0.3133,-0.4846,SHAKE1
391.1089,-403.7537,-444.6142,0.2406,716.7043,42.0756,0.1915,610.0486,7135.9385,0.6378,0.078515,-0.4639,0.2537,-0.2874,SHAKE1
415.284,-425.403,-458.0914,0.4423,750.5173,33.813,0.2017,664.4129,4676.0479,0.5208,0.042144,-0.3085,0.196,-0.0693,SHAKE1
434.6241,-237.9255,-468.8731,0.7487,682.1647,68.3527,0.3064,689.2817,1848.2426,0.5027,0.031895,-0.118,0.1396,0.1604,SHAKE1
450.0962,-87.9435,-477.4985,0.9967,662.0615,20.1031,0.248,697.2153,1038.6786,0.5721,0.071562,0.098,0.0773,0.3856,SHAKE1
342.2488,32.042,-484.3988,1.1953,593.9724,68.0892,0.1987,681.084,2808.2507,0.7247,0.12203,0.3189,-0.0197,0.5893,SHAKE1
171.3991,26.2524,-474.9065,1.3663,505.572,88.4004,0.1709,638.8575,6932.3125,0.9499,0.106781,0.5154,-0.1544,0.7473,SHAKE1
34.7193,-20.0418,-277.5284,1.4285,280.4088,225.1632,0.0622,544.8358,21295.7559,1.1471,0.062179,0.674,-0.3053,0.8423,SHAKE1
-74.6246,-81.3397,-119.6258,1.386,162.7738,117.635,0.0425,440.9577,35927.5234,1.2745,0.025603,0.7781,-0.452,0.874,SHAKE1
-162.0997,-120.1593,6.6962,1.2912,201.8896,39.1157,0.0948,348.9233,29110.5273,1.3334,0.006747,0.8234,-0.5785,0.8599,SHAKE1
-232.0797,-110.9149,107.7539,1.1687,278.8799,76.9904,0.1225,285.9048,14110.6045,1.3281,0.008333,0.8207,-0.647,0.8145,SHAKE1
-288.0638,-49.8851,188.6,1.0131,347.9069,69.027,0.1556,254.3718,4234.3936,1.2575,0.022902,0.7839,-0.641,0.7441,SHAKE1
-332.851,62.4888,253.2769,0.8333,422.8993,74.9924,0.1798,282.8699,8966.9717,1.1384,0.038872,0.7258,-0.5742,0.6602,SHAKE1
-368.6808,152.3879,305.0184,0.6476,502.1791,79.2798,0.1857,350.7509,11093.8242,0.9908,0.052993,0.6547,-0.4703,0.5679,SHAKE1
-397.3447,224.3072,346.4116,0.524,572.8853,70.7061,0.1236,424.9501,11025.0957,0.8373,0.054978,0.584,-0.3314,0.4756,SHAKE1
-420.2757,281.8427,379.5261,0.487,632.5402,59.6549,0.037,495.6822,10373.501,0.701,0.038973,0.5121,-0.1528,0.3743,SHAKE1
-438.6206,327.871,406.0178,0.5083,681.7169,49.1767,0.0213,562.4442,8470.6152,0.6,0.016725,0.3938,0.0419,0.2238,SHAKE1
-453.2964,364.6937,416.2486,0.9102,715.3615,33.6447,0.4018,620.9366,5831.4438,0.6154,0.024846,0.2119,0.2344,0.0108,SHAKE1
-465.0372,343.8362,230.5989,1.3222,622.6225,92.739,0.412,645.0253,2431.0808,0.7503,0.106335,-0.0194,0.4181,-0.2399,SHAKE1
-452.6891,172.669,82.0791,1.5822,491.4051,131.2174,0.26,628.7292,5844.5137,0.962,0.189692,-0.2663,0.5781,-0.5189,SHAKE1
-259.7544,35.7352,-36.7367,1.6141,264.7621,226.6431,0.0319,555.1736,26925.5996,1.1874,0.178811,-0.4929,0.6736,-0.7928,SHAKE1
-105.4067,-73.8119,-131.7894,1.4376,184.1934,80.5687,0.1765,455.6689,41347.0469,1.3732,0.064571,-0.6395,0.704,-0.9807,SHAKE1
18.0715,-161.4495,-207.8315,1.2399,263.7924,79.5991,0.1977,365.3551,27065.7285,1.4392,0.02089,-0.6944,0.6784,-1.0579,SHAKE1
116.8541,-231.5596,-268.0121,1.0567,372.9681,109.1757,0.1832,315.4242,11346.9219,1.3861,0.044592,-0.6764,0.6129,-1.0398,SHAKE1
195.8802,-287.6477,-316.8097,0.8963,470.6151,97.647,0.1604,311.2662,9952.6201,1.2489,0.066071,-0.6278,0.5186,-0.9429,SHAKE1
259.101,-332.5182,-355.8477,0.7568,551.6605,81.0453,0.1395,368.6459,17785.543,1.0775,0.058442,-0.5857,0.4219,-0.7902,SHAKE1
309.6777,-368.4145,-387.0782,0.6314,617.6237,65.9633,0.1254,455.332,15864.5107,0.9162,0.046288,-0.5591,0.3355,-0.6252,SHAKE1
350.139,-397.1316,-412.0626,0.4908,670.8997,53.276,0.1406,536.7534,11191.4717,0.7664,0.039078,-0.5298,0.2615,-0.4616,SHAKE1
382.5081,-420.1053,-432.05,0.3114,713.7704,42.8707,0.1794,604.9139,7447.499,0.6173,0.041404,-0.4776,0.1911,-0.3048,SHAKE1
408.4034,-438.4842,-448.04,0.2647,748.1989,34.4285,0.0468,660.4306,4864.2764,0.491,0.034763,-0.3905,0.1186,-0.1329,SHAKE1
429.1196,-453.1874,-460.832,0.5094,775.8148,27.6158,0.2448,705.2615,3150.9795,0.4416,0.018259,-0.2634,0.0397,0.0537,SHAKE1
445.6925,-260.153,-471.0656,0.7445,698.7305,77.0843,0.235,721.4828,1360.3021,0.4642,0.02889,-0.1004,-0.0407,0.2423,SHAKE1
458.9509,-105.7255,-479.2525,0.8994,671.9351,26.7953,0.1549,721.6899,1339.5242,0.5459,0.05995,0.0827,-0.1212,0.4159,SHAKE1
441.0232,17.8164,-485.802,1.0786,656.3707,15.5644,0.1793,710.21,2048.5112,0.6993,0.082178,0.2671,-0.2178,0.5727,SHAKE1
298.5561,40.4907,-488.1104,1.2842,573.6087,82.762,0.2056,675.2919,4272.5923,0.9032,0.07124,0.4348,-0.3455,0.6903,SHAKE1
136.4449,23.7425,-288.0914,1.4157,319.6523,253.9565,0.1315,584.0594,19224.1758,1.0845,0.059899,0.5724,-0.4844,0.7636,SHAKE1
6.7559,4.4815,-128.0762,1.4076,128.3326,191.3197,0.0081,469.9799,45117.5352,1.2171,0.040073,0.6664,-0.6111,0.7996,SHAKE1
-96.9953,35.6415,-0.0641,1.3294,103.3364,24.9962,0.0782,356.2602,50913.6641,1.3031,0.015008,0.714,-0.7173,0.8131,SHAKE1
-179.9962,130.4444,102.3456,1.2027,244.7223,141.386,0.1267,273.9305,28610.3477,1.3279,0.006329,0.7154,-0.7797,0.8004,SHAKE1
-246.397,206.7524,184.2733,1.0453,370.6949,125.9726,0.1574,233.3477,10874.6465,1.2802,0.019635,0.6771,-0.7759,0.76,SHAKE1
-299.5176,267.7988,249.8156,0.8638,473.1118,102.4169,0.1815,264.0396,19940.3281,1.1698,0.038444,0.6088,-0.7183,0.6939,SHAKE1
-342.0141,316.6359,302.2493,0.6762,555.5057,82.3939,0.1876,349.4742,25948.4727,1.0235,0.054455,0.525,-0.6309,0.6112,SHAKE1
-376.0113,355.7056,344.1964,0.4784,621.5964,66.0907,0.1978,453.1263,17898.0625,0.8533,0.066192,0.4346,-0.5188,0.5186,SHAKE1
-403.209,386.9614,377.754,0.2869,674.5478,52.9514,0.1915,539.0914,11627.124,0.6701,0.072395,0.3447,-0.3778,0.422,SHAKE1
-424.9672,411.966,404.6001,0.2624,716.9479,42.4001,0.0245,608.3419,7486.6001,0.5136,0.052971,0.2532,-0.1982,0.3097,SHAKE1
-442.3738,431.9697,426.0769,0.5521,750.8888,33.9409,0.2897,663.8973,4806.6836,0.4512,0.024843,0.1291,0.0013,0.1577,SHAKE1
-456.299,447.9727,278.5959,0.968,697.4984,53.3904,0.4159,692.2958,1876.265,0.5096,0.064723,-0.03,0.2066,-0.0437,SHAKE1
-467.4392,460.775,120.4767,1.2731,667.3288,30.1696,0.3051,701.4423,917.5962,0.6685,0.155857,-0.186,0.4037,-0.287,SHAKE1
-476.3514,266.22,-6.0186,1.4844,545.7288,121.6,0.2113,675.6786,4958.499,0.908,0.202505,-0.3373,0.5675,-0.5564,SHAKE1
-431.5092,110.576,-107.2149,1.5423,458.1728,87.556,0.0579,623.9235,11401.0342,1.164,0.134082,-0.4637,0.6619,-0.8175,SHAKE1
-242.8105,-13.9392,-188.1719,1.4701,307.506,150.6668,0.0721,535.2469,20337.4785,1.3476,0.044254,-0.5328,0.6896,-1.016,SHAKE1
-91.8515,-113.5513,-252.9375,1.3529,292.0753,15.4306,0.1173,454.1624,20324.1465,1.4245,0.00952,-0.5506,0.659,-1.128,SHAKE1
28.9156,-193.2411,-304.75,1.2168,362.0094,69.9341,0.1361,393.0984,9205.7939,1.4133,0.013435,-0.5573,0.5875,-1.1512,SHAKE1
125.5294,-256.9929,-346.2,1.0449,449.0629,87.0535,0.1719,373.7653,4799.2197,1.3254,0.03184,-0.552,0.4977,-1.0909,SHAKE1
202.8204,-307.9943,-379.36,0.8591,529.0659,80.003,0.1858,387.9439,7996.915,1.1888,0.047252,-0.5459,0.4172,-0.9617,SHAKE1
264.6532,-348.7955,-405.888,0.6648,597.0299,67.9641,0.1943,445.8487,12093.291,1.0277,0.060375,-0.5306,0.3562,-0.7919,SHAKE1
314.1194,-381.4364,-427.1104,0.4462,653.1371,56.1072,0.2186,518.061,10743.1182,0.8464,0.073972,-0.4817,0.3123,-0.6059,SHAKE1
353.6924,-407.5491,-444.0883,0.1867,698.8627,45.7256,0.2595,585.4318,7871.7383,0.6404,0.09111,-0.3912,0.2655,-0.4131,SHAKE1
385.3508,-428.4393,-457.6707,0.2204,735.879,37.0163,0.0336,642.7949,5388.7861,0.4755,0.066463,-0.2642,0.1994,-0.2078,SHAKE1
410.6776,-422.7389,-468.5365,0.5477,752.9214,17.0425,0.3273,687.566,3223.0454,0.4132,0.034194,-0.1102,0.1088,0.0066,SHAKE1
430.9389,-235.7943,-477.2292,0.845,684.8759,68.0455,0.2973,705.1353,1276.4584,0.4492,0.057524,0.0677,-0.0019,0.2188,SHAKE1
360.2105,-86.2385,-484.1834,1.0652,609.6083,75.2676,0.2202,696.4295,2484.9861,0.573,0.118082,0.2504,-0.1302,0.4175,SHAKE1
185.7684,33.406,-489.7467,1.2245,524.8597,84.7485,0.1593,661.6289,7159.9546,0.7806,0.130045,0.4153,-0.2776,0.5865,SHAKE1
46.2147,122.5811,-289.4005,1.2855,317.6705,207.1892,0.061,577.9872,22722.875,0.9936,0.072899,0.5451,-0.4261,0.6962,SHAKE1
-65.4282,101.8211,-129.1235,1.2229,176.9782,140.6924,0.0625,462.7985,35495.6992,1.1286,0.025429,0.6315,-0.5526,0.7357,SHAKE1
-154.7426,-4.2868,-0.9019,1.1228,154.8046,22.1736,0.1002,356.7842,33365.0547,1.1842,0.006263,0.6651,-0.6505,0.7167,SHAKE1
-226.1941,-105.8295,101.6753,1.0284,269.6322,114.8276,0.0944,288.789,17476.8027,1.1768,0.008232,0.6487,-0.7148,0.6639,SHAKE1
-283.3553,-147.3636,183.7371,0.9331,368.4638,98.8316,0.0953,257.5098,6622.1514,1.1185,0.016264,0.5977,-0.7301,0.5961,SHAKE1
-329.0842,-98.7252,249.3866,0.8087,424.543,56.0792,0.1244,278.8843,11021.4365,1.0232,0.020796,0.5317,-0.6975,0.5248,SHAKE1
-365.6674,3.7917,301.9062,0.6672,474.2092,49.6662,0.1414,338.3305,13040.9707,0.912,0.025798,0.4636,-0.6392,0.4555,SHAKE1
-394.9339,105.4302,343.9218,0.5162,534.2008,59.9916,0.151,414.2098,8219.9863,0.7907,0.033533,0.3965,-0.5644,0.3864,SHAKE1
-418.3471,186.7411,377.5343,0.3606,593.6486,59.4478,0.1556,479.0131,6279.6416,0.6572,0.041398,0.3284,-0.4754,0.3122,SHAKE1
-437.0777,242.571,404.4243,0.1881,642.9904,49.3418,0.1725,533.9184,6198.5308,0.5082,0.047977,0.2584,-0.3692,0.2332,SHAKE1
-452.0622,268.3693,425.9364,0.1499,676.6122,33.6218,0.0382,584.3322,5336.6831,0.3764,0.038223,0.1791,-0.2237,0.1467,SHAKE1
-464.0497,317.0923,443.146,0.5942,715.7291,39.1169,0.4443,632.6362,4031.0156,0.3618,0.03058,0.036,-0.0492,0.0363,SHAKE1
-268.8429,356.0707,456.9137,1.0493,638.618,77.111,0.4551,653.5197,1664.1481,0.4684,0.108976,-0.1739,0.1405,-0.0899,SHAKE1
-118.8431,230.316,263.131,1.3511,369.3332,269.2848,0.3018,608.6566,15086.9316,0.6665,0.223237,-0.4173,0.3365,-0.2221,SHAKE1
-197.4745,81.8528,108.1048,1.577,239.5468,129.7864,0.2259,527.9679,35588.8984,0.9443,0.266092,-0.6729,0.5248,-0.3731,SHAKE1
-260.3796,-36.9178,-15.9162,1.6193,263.4649,23.9181,0.0423,445.3384,38334.6094,1.2382,0.144647,-0.9148,0.6568,-0.5088,SHAKE1
-135.2818,-66.9092,-115.1329,1.512,189.8252,73.6398,0.1073,340.1577,25706.793,1.4218,0.042998,-1.0661,0.7211,-0.6014,SHAKE1
-5.8285,-26.2586,-194.5063,1.3157,196.3573,6.5322,0.1963,251.7055,4202.998,1.475,0.014665,-1.1123,0.7193,-0.6458,SHAKE1
97.734,16.89,-258.0051,1.106,276.4124,80.0551,0.2097,233.1214,1212.4578,1.426,0.036428,-1.084,0.6588,-0.6468,SHAKE1
180.5841,6.7057,-308.8041,0.9088,357.7926,81.3802,0.1972,256.7705,3753.5024,1.2924,0.067514,-1.0033,0.5481,-0.5931,SHAKE1
246.8642,-87.5385,-349.4433,0.7342,436.7099,78.9173,0.1746,291.4195,9019.6221,1.1153,0.077102,-0.8919,0.4118,-0.513,SHAKE1
299.8882,-172.4308,-381.9546,0.5726,515.3199,78.6101,0.1616,356.5184,12743.751,0.9275,0.069247,-0.7712,0.2803,-0.4131,SHAKE1
342.3074,-240.3447,-407.9637,0.3891,584.2725,68.9525,0.1836,434.1015,11968.6885,0.7421,0.062729,-0.644,0.1706,-0.3066,SHAKE1
376.2428,-294.6758,-428.7709,0.1861,642.0568,57.7844,0.2029,507.2304,10296.7773,0.5582,0.064229,-0.5038,0.0912,-0.1979,SHAKE1
403.3911,-338.1406,-445.4167,0.1831,689.5358,47.4789,0.003,573.579,8075.3618,0.413,0.046711,-0.3458,0.0399,-0.077,SHAKE1
425.1098,-355.3406,-458.7334,0.4868,719.3203,29.7845,0.3037,630.1011,5382.0908,0.3635,0.024721,-0.1637,0.0097,0.0678,SHAKE1
442.4847,-204.0912,-469.3867,0.8402,676.5869,42.7333,0.3534,662.3545,2139.0559,0.4171,0.058555,0.0486,-0.0193,0.2361,SHAKE1
456.3847,-60.8761,-477.9094,1.1459,663.619,12.9679,0.3057,678.2238,668.1816,0.5684,0.141724,0.2756,-0.0609,0.4208,SHAKE1
308.1577,53.696,-484.7275,1.3489,576.8927,86.7263,0.203,665.1909,2290.3142,0.801,0.180226,0.4919,-0.1311,0.6064,SHAKE1
144.1262,144.9037,-285.3851,1.3956,351.0186,225.8741,0.0468,597.4875,17328.8711,1.0435,0.115784,0.6746,-0.2227,0.7545,SHAKE1
12.901,148.5135,-125.9112,1.3219,195.1316,155.887,0.0737,492.6497,35747.332,1.2105,0.041426,0.801,-0.319,0.8391,SHAKE1
-92.0792,100.3858,1.6679,1.2142,136.2303,58.9013,0.1078,384.5784,42708.3203,1.2853,0.00841,0.857,-0.4052,0.8583,SHAKE1
-176.0634,89.1805,103.7312,1.0844,222.9611,86.7308,0.1297,296.4469,24592.4492,1.273,0.012441,0.8486,-0.4637,0.822,SHAKE1
-243.2507,135.5694,185.3818,0.9106,334.5391,111.578,0.1739,247.9762,6803.2681,1.1853,0.029879,0.7942,-0.4726,0.74,SHAKE1
-297.0006,210.8524,250.7023,0.7339,442.1762,107.6371,0.1767,266.2076,11890.0596,1.053,0.044284,0.7141,-0.4349,0.6385,SHAKE1
-340.0005,271.0788,302.9587,0.5706,529.9698,87.7937,0.1632,333.1753,20309.1328,0.9027,0.053776,0.6293,-0.3652,0.5292,SHAKE1
-374.4004,319.2599,344.7639,0.4372,600.8033,70.8335,0.1334,426.0899,18243.4922,0.7473,0.053573,0.5483,-0.2697,0.4146,SHAKE1
-401.9203,357.8048,378.208,0.4091,657.7275,56.9242,0.0281,513.0432,13161.5527,0.6123,0.03548,0.4788,-0.1397,0.2977,SHAKE1
-423.9362,388.6407,404.9633,0.5146,703.3909,45.6634,0.1055,586.8136,8593.1934,0.5331,0.013322,0.4104,0.0151,0.1526,SHAKE1
-441.549,413.3095,426.3675,0.7452,739.9861,36.5952,0.2306,646.3755,5553.9331,0.5354,0.014253,0.2917,0.1806,-0.0302,SHAKE1
-455.6392,433.0445,238.694,1.106,672.3908,67.5953,0.3608,674.8597,2167.8853,0.6424,0.06766,0.1327,0.3463,-0.2513,SHAKE1
-466.9113,244.0356,88.5552,1.4287,534.2299,138.1609,0.3227,661.545,4849.084,0.8407,0.143557,-0.065,0.5052,-0.4984,SHAKE1
-475.9291,92.8285,-31.5558,1.562,485.9232,48.3067,0.1334,627.1842,9834.1074,1.0713,0.157195,-0.29,0.6222,-0.741,SHAKE1
-323.8714,-28.1372,-127.6447,1.4736,349.2528,136.6704,0.0885,556.3566,19105.2305,1.2631,0.090801,-0.5008,0.6771,-0.9169,SHAKE1
-156.7002,-124.9098,-204.5157,1.2756,286.3287,62.9241,0.198,465.6251,18712.082,1.3692,0.025935,-0.6395,0.6675,-0.9976,SHAKE1
-22.9633,-202.3278,-266.0126,1.078,335.0023,48.6736,0.1976,398.1474,9020.8916,1.3636,0.029004,-0.7188,0.6012,-0.9786,SHAKE1
84.0262,-264.2623,-315.2101,0.8877,419.8242,84.8219,0.1903,375.2663,4887.6299,1.2554,0.061744,-0.7396,0.4888,-0.8703,SHAKE1
169.6179,-313.8098,-354.5681,0.7498,502.9566,83.1324,0.1379,378.6729,5687.9971,1.0929,0.067668,-0.7199,0.354,-0.7116,SHAKE1
238.0912,-353.4478,-386.0545,0.6638,575.0225,72.0659,0.086,423.8268,11186.6387,0.931,0.04929,-0.692,0.2248,-0.5388,SHAKE1
292.8698,-385.1583,-411.2436,0.543,635.0125,59.9901,0.1208,493.5636,11462.1504,0.7845,0.034172,-0.6497,0.124,-0.3749,SHAKE1
336.6927,-410.5266,-431.3949,0.3428,684.1021,49.0895,0.2003,563.3835,8819.9668,0.6374,0.034337,-0.5729,0.0594,-0.2258,SHAKE1
371.7511,-430.8213,-447.5159,0.1738,723.9312,39.8291,0.169,624.205,6153.9717,0.4946,0.044417,-0.45,0.0256,-0.0911,SHAKE1
399.7977,-447.057,-460.4127,0.3479,756.0939,32.1628,0.1741,674.8324,4129.5396,0.4143,0.029242,-0.2858,0.0073,0.0398,SHAKE1
422.2351,-439.2613,-470.7302,0.61,769.9479,13.854,0.2621,713.8175,2426.6885,0.4035,0.024329,-0.0816,-0.0098,0.1731,SHAKE1
440.1849,-249.0121,-478.9841,0.8585,696.5599,73.3881,0.2486,726.127,1092.6849,0.4666,0.057861,0.1484,-0.0358,0.3072,SHAKE1
454.5448,-96.8128,-485.5873,1.0793,672.1449,24.415,0.2208,723.7355,1316.5602,0.6139,0.108182,0.3773,-0.0885,0.4378,SHAKE1
466.0327,24.9466,-490.8698,1.2293,677.3198,5.1749,0.15,714.4133,1660.5328,0.825,0.100623,0.5742,-0.1692,0.5549,SHAKE1
353.3387,122.3542,-353.7146,1.2724,514.7162,162.6035,0.0431,666.1378,6958.3306,1.0099,0.060942,0.7244,-0.2607,0.6438,SHAKE1
180.271,200.2802,-180.5748,1.2266,324.3718,190.3445,0.0457,577.0225,20222.2891,1.1332,0.023138,0.8158,-0.3485,0.6964,SHAKE1
41.8168,243.7367,-42.063,1.1534,250.8496,73.5222,0.0733,487.8805,30695.9023,1.1922,0.004648,0.8447,-0.4265,0.7184,SHAKE1
-68.9466,297.3862,68.7465,1.0661,312.9189,62.0694,0.0872,416.0352,24865.8008,1.1896,0.005271,0.815,-0.4793,0.7163,SHAKE1
-157.5573,340.3058,157.3941,0.9628,406.7004,93.7815,0.1033,361.9114,8299.9189,1.1363,0.012399,0.7476,-0.4962,0.693,SHAKE1
-228.4458,374.6416,228.3121,0.8132,494.6415,87.9411,0.1496,357.8965,7137.3906,1.0444,0.021132,0.6659,-0.4731,0.6487,SHAKE1
-285.1566,402.1101,285.0466,0.6274,569.437,74.7954,0.1858,406.9095,13460.209,0.9246,0.034916,0.5873,-0.4091,0.5813,SHAKE1
-330.5253,424.085,330.4341,0.4755,631.0957,61.6588,0.1518,482.9587,12857.6777,0.789,0.046396,0.5161,-0.3041,0.493,SHAKE1
-366.8203,441.6649,366.7442,0.5228,681.2681,50.1724,0.0473,556.6285,9513.0527,0.6803,0.033403,0.4691,-0.1511,0.3963,SHAKE1
-395.8562,455.7288,395.7922,0.6905,721.8326,40.5645,0.1677,619.655,6503.5127,0.6259,0.014502,0.4596,0.0299,0.2955,SHAKE1
-419.085,466.9799,419.0307,0.7833,754.5126,32.6799,0.0928,671.6292,4313.8335,0.6199,0.012403,0.4645,0.2159,0.1761,SHAKE1
-437.668,475.9808,437.6214,0.9276,780.7839,26.2713,0.1443,713.8986,2821.4302,0.6799,0.027726,0.4618,0.3886,0.0059,SHAKE1
-452.5344,483.1815,247.6971,1.1005,706.8279,73.956,0.1729,729.045,1230.7513,0.8049,0.039119,0.4038,0.5365,-0.206,SHAKE1
-464.4275,284.1453,95.7577,1.3446,552.8119,154.016,0.2441,703.3538,6325.8081,0.9693,0.054429,0.267,0.6435,-0.4542,SHAKE1
-269.1451,124.9162,-25.7938,1.3861,297.8397,254.9722,0.0415,618.5552,31955.0527,1.1084,0.054271,0.1031,0.7184,-0.6941,SHAKE1
-112.9192,-2.467,-123.0351,1.1335,167.0164,130.8233,0.2526,501.056,55229.5547,1.1785,0.028348,-0.0501,0.7493,-0.8478,SHAKE1
12.0615,-104.3736,-200.8281,0.8661,226.6523,59.6359,0.2675,390.2296,42357.0156,1.1662,0.035133,-0.2021,0.7254,-0.8723,SHAKE1
112.0461,-185.8989,-263.0625,0.6739,341.0493,114.397,0.1921,317.0739,17442.1035,1.0808,0.07545,-0.3026,0.6511,-0.7922,SHAKE1
192.0337,-251.1191,-312.85,0.6205,444.7616,103.7123,0.0534,295.4638,9121.457,0.936,0.082939,-0.349,0.5398,-0.6392,SHAKE1
256.0239,-303.2953,-352.68,0.6424,530.9609,86.1993,0.0219,342.088,18038.2793,0.7873,0.037546,-0.4078,0.404,-0.4642,SHAKE1
307.216,-345.0362,-384.544,0.6393,601.0872,70.1263,0.0031,428.9022,17787.668,0.6884,0.00818,-0.4845,0.2741,-0.3224,SHAKE1
348.1696,-378.429,-410.0352,0.5583,657.6925,56.6053,0.081,515.1102,12643.8262,0.6269,0.001471,-0.5314,0.1712,-0.2155,SHAKE1
380.9326,-405.1432,-430.4282,0.4031,703.2205,45.528,0.1551,587.5445,8414.75,0.5727,0.008108,-0.5336,0.0952,-0.1284,SHAKE1
407.143,-426.5146,-446.7425,0.2258,739.7695,36.549,0.1773,646.5461,5490.6602,0.4938,0.025487,-0.4715,0.0369,-0.0473,SHAKE1
428.1113,-443.6116,-459.794,0.2816,769.0781,29.3085,0.0558,694.1696,3553.4941,0.4216,0.024864,-0.3486,-0.0159,0.0439,SHAKE1
444.8859,-457.2893,-470.2352,0.5356,792.5643,23.4862,0.2539,732.465,2290.3921,0.4009,0.017556,-0.1865,-0.0758,0.159,SHAKE1
458.3056,-263.4346,-478.5882,0.7739,713.0837,79.4805,0.2383,743.5432,1124.6064,0.444,0.03857,-0.011,-0.1421,0.2968,SHAKE1
447.1195,-108.3508,-485.2705,0.9459,668.6877,44.3961,0.172,736.6367,1872.3922,0.5526,0.076834,0.1567,-0.2149,0.4409,SHAKE1
255.2956,15.7162,-490.6164,1.0471,553.2878,115.3999,0.1012,699.3403,7202.7744,0.7168,0.077413,0.2975,-0.2958,0.5747,SHAKE1
101.8365,114.9699,-290.0963,1.0866,328.2447,225.0431,0.0395,611.1736,25999.1328,0.8778,0.040962,0.4023,-0.3804,0.6769,SHAKE1
-20.9308,169.8478,-129.6801,1.0639,214.7168,113.5279,0.0227,495.6042,37497.9141,0.9835,0.013295,0.4676,-0.4585,0.7274,SHAKE1
-119.1446,176.2501,-1.3472,1.0143,212.7472,1.9696,0.0495,395.5368,34026.5859,1.0316,0.002389,0.4947,-0.5237,0.7317,SHAKE1
-197.7157,209.3626,101.3191,0.9231,305.27,92.5228,0.0912,322.8533,15451.0293,1.027,0.003253,0.4857,-0.562,0.7046,SHAKE1
-260.5726,269.8869,183.4522,0.7626,417.6024,112.3324,0.1605,295.7162,5890.0752,0.9701,0.013918,0.4497,-0.5558,0.6538,SHAKE1
-310.8581,318.3064,249.1586,0.5761,509.9331,92.3307,0.1864,332.0539,13535.8018,0.868,0.031821,0.4,-0.5053,0.5803,SHAKE1
-351.0865,336.7764,301.7238,0.3897,572.4659,62.5329,0.1864,403.6037,17222.418,0.7332,0.051725,0.3455,-0.4211,0.4874,SHAKE1
-383.2692,371.818,343.7759,0.1782,635.0793,62.6134,0.2115,488.0701,13518.791,0.5659,0.069547,0.2853,-0.2941,0.3715,SHAKE1
-409.0154,399.8513,377.4176,0.2229,685.2872,50.2079,0.0447,564.0735,8838.0029,0.4259,0.047957,0.2058,-0.1413,0.2283,SHAKE1
-429.6123,422.2779,404.331,0.4878,725.5128,40.2256,0.2649,625.6556,5967.4092,0.371,0.023032,0.1188,0.0222,0.0655,SHAKE1
-446.0898,440.2192,425.8617,0.81,757.725,32.2122,0.3222,675.2141,4321.4932,0.4177,0.050981,0.0128,0.186,-0.1283,SHAKE1
-459.2719,454.5723,383.4331,1.163,751.3904,6.3347,0.3529,710.9989,2090.0652,0.5724,0.137981,-0.1169,0.3467,-0.3561,SHAKE1
-469.8175,301.7797,204.3465,1.4435,594.6065,156.7839,0.2805,702.9044,3581.2261,0.8254,0.194641,-0.2629,0.4801,-0.5994,SHAKE1
-426.029,139.0237,61.0772,1.5534,452.2817,142.3248,0.1099,656.3033,13909.8389,1.0915,0.157221,-0.3929,0.5759,-0.8263,SHAKE1
-238.4263,8.819,-53.5383,1.4578,244.5224,207.7592,0.0956,560.1052,37610.4766,1.2855,0.073507,-0.5044,0.6166,-1.0017,SHAKE1
-88.3442,-95.3448,-145.2306,1.338,194.9032,49.6192,0.1198,447.5409,43803.5117,1.3911,0.017682,-0.5928,0.6072,-1.0971,SHAKE1
31.7215,-178.6758,-218.5845,1.2309,284.0959,89.1927,0.1072,354.082,21946.8906,1.4047,0.012221,-0.6525,0.5608,-1.1041,SHAKE1
127.7741,-245.3407,-277.2676,1.1266,391.6575,107.5616,0.1043,313.4921,9011.3301,1.3413,0.023374,-0.6836,0.4883,-1.0366,SHAKE1
204.6162,-298.6725,-324.2141,1.005,485.9916,94.3341,0.1216,320.2341,11064.582,1.2317,0.024975,-0.697,0.4114,-0.9164,SHAKE1
266.0898,-341.338,-361.7713,0.827,564.0868,78.0952,0.178,384.147,17726.0977,1.1055,0.03158,-0.6924,0.3545,-0.772,SHAKE1
315.2687,-375.4704,-391.817,0.5542,627.6089,63.5222,0.2728,470.6882,14928.8262,0.9487,0.056971,-0.6343,0.3198,-0.6141,SHAKE1
354.6119,-402.7763,-415.8536,0.2791,678.9055,51.2965,0.2752,549.6501,10401.4023,0.7584,0.094507,-0.5143,0.2921,-0.4436,SHAKE1
386.0864,-424.6211,-435.0829,0.2605,720.1826,41.2771,0.0186,615.3551,6908.1904,0.5852,0.08696,-0.3408,0.2532,-0.2483,SHAKE1
411.266,-430.075,-450.4663,0.5984,746.3405,26.1579,0.3379,667.4249,4281.3828,0.5038,0.045131,-0.1246,0.1827,-0.0264,SHAKE1
431.4097,-241.6631,-462.773,0.9246,677.2549,69.0855,0.3262,690.0585,1652.677,0.5234,0.059269,0.1177,0.0748,0.1977,SHAKE1
447.5246,-90.9336,-472.6184,1.1504,657.2027,20.0522,0.2258,695.9772,1053.5573,0.6426,0.123489,0.3437,-0.0712,0.4033,SHAKE1
377.7103,29.65,-480.4948,1.3134,611.8983,45.3044,0.1631,682.5758,2229.5239,0.8495,0.144272,0.5284,-0.2502,0.5785,SHAKE1
206.7964,-1.3331,-335.0021,1.4249,393.6914,218.2068,0.1115,617.2775,14373.6484,1.0823,0.086896,0.6687,-0.4404,0.7031,SHAKE1
63.0371,-77.8884,-165.6048,1.4468,193.5594,200.132,0.0219,506.7213,34726.9453,1.252,0.037833,0.7603,-0.6081,0.7658,SHAKE1
-51.9703,-124.2576,-30.087,1.3991,138.0076,55.5518,0.0478,398.8719,44469.0664,1.3469,0.011708,0.7977,-0.7398,0.7802,SHAKE1
-143.9762,-88.0654,78.3273,1.3061,186.0641,48.0565,0.093,304.6441,31300.6621,1.3781,0.003345,0.7899,-0.8235,0.7668,SHAKE1
-217.581,-4.3649,165.0587,1.1651,273.139,87.0749,0.141,236.8923,8027.8452,1.3484,0.0107,0.7519,-0.8457,0.7317,SHAKE1
-276.4648,95.855,234.4439,0.9581,374.9465,101.8075,0.207,233.1433,6908.3931,1.255,0.031278,0.6904,-0.8005,0.6761,SHAKE1
-323.5719,179.0809,289.952,0.7361,469.9371,94.9905,0.222,288.4189,14753.8857,1.1129,0.057581,0.6147,-0.7035,0.6034,SHAKE1
-361.2575,245.6616,334.3585,0.5154,550.1383,80.2012,0.2206,370.845,17134.5195,0.9361,0.081357,0.5311,-0.5629,0.5181,SHAKE1
-391.406,298.9261,369.8837,0.393,615.9297,65.7914,0.1224,456.8182,14927.6504,0.7535,0.079644,0.4503,-0.3743,0.4258,SHAKE1
-415.5248,341.5378,398.3038,0.4213,669.2943,53.3646,0.0283,536.0492,10931.709,0.6048,0.045711,0.3762,-0.1603,0.3262,SHAKE1
-434.8199,375.6271,421.0399,0.5158,712.3473,43.053,0.0944,603.5294,7403.5288,0.5163,0.014503,0.2555,0.0536,0.1818,SHAKE1
-245.459,402.8986,234.432,0.9288,526.8166,185.5307,0.413,614.9053,4881.708,0.5549,0.037391,0.0874,0.254,-0.022,SHAKE1
-298.7672,424.7157,85.1456,1.2174,526.2083,0.6083,0.2886,610.1193,5593.2822,0.6953,0.105164,-0.0767,0.4276,-0.2665,SHAKE1
-341.4138,237.3726,-34.2835,1.4507,417.2343,108.9739,0.2333,570.3801,11448.2539,0.9068,0.156272,-0.2546,0.5505,-0.5377,SHAKE1
-225.1904,87.4981,-129.8268,1.5074,274.2656,142.9687,0.0567,491.3744,20786.3086,1.124,0.134093,-0.4232,0.6152,-0.8094,SHAKE1
-77.7555,-32.4015,-206.2615,1.4006,222.7994,51.4662,0.1068,393.4648,15860.7285,1.301,0.044085,-0.5092,0.6337,-1.0061,SHAKE1
40.1925,-128.3212,-267.4092,1.2051,299.315,76.5156,0.1955,347.9645,12006.75,1.3562,0.015168,-0.5268,0.6011,-1.0903,SHAKE1
134.5509,-205.057,-316.3274,1.0062,400.269,100.9541,0.1989,322.7767,5565.3086,1.314,0.03404,-0.5378,0.5255,-1.0718,SHAKE1
210.0376,-266.4456,-355.4619,0.8104,491.388,91.119,0.1957,337.6074,9246.8672,1.1859,0.064617,-0.5317,0.4203,-0.9593,SHAKE1
270.4269,-315.5565,-386.7695,0.6541,567.7123,76.3243,0.1564,396.2968,15589.6465,1.0153,0.071404,-0.5247,0.311,-0.7808,SHAKE1
318.7384,-354.8452,-411.8156,0.5041,630.1599,62.4475,0.1499,477.7689,13870.0674,0.836,0.061816,-0.5202,0.1988,-0.5772,SHAKE1
357.3876,-386.2762,-431.8525,0.349,680.7582,50.5984,0.1551,554.0575,9921.8906,0.6648,0.052676,-0.4894,0.0965,-0.3729,SHAKE1
388.307,-411.4209,-447.882,0.3172,721.5593,40.801,0.0318,618.3156,6673.9844,0.527,0.03454,-0.4217,0.0028,-0.1736,SHAKE1
413.0425,-431.5367,-460.7056,0.4501,754.3724,32.8131,0.1329,670.9125,4387.7275,0.4549,0.014457,-0.3223,-0.0827,0.0126,SHAKE1
432.8309,-348.0732,-470.9645,0.6173,728.2205,26.1519,0.1673,703.014,1884.0042,0.4475,0.011746,-0.1967,-0.1658,0.1848,SHAKE1
364.8116,-176.0616,-479.1716,0.7544,627.4477,100.7728,0.1371,702.4716,1964.218,0.4976,0.027431,-0.056,-0.25,0.3345,SHAKE1
278.7118,-38.4524,-485.7372,0.8766,561.3372,66.1105,0.1222,678.5874,5283.2515,0.6031,0.040614,0.0882,-0.3382,0.4506,SHAKE1
182.36,71.6349,-490.9898,1.0126,528.6376,32.6996,0.136,640.0031,7922.1719,0.7422,0.038458,0.2237,-0.4425,0.5223,SHAKE1
91.713,131.3736,-364.495,1.1473,398.1543,130.4833,0.1347,568.7595,11928.6162,0.8817,0.034767,0.3437,-0.5664,0.5531,SHAKE1
-29.0296,119.6395,-189.1991,1.1963,225.7269,172.4275,0.0489,468.2607,20277.3359,0.9974,0.02718,0.4384,-0.6881,0.5493,SHAKE1
-125.6237,53.8272,-48.9624,1.1632,145.1757,80.5511,0.033,371.8063,26782.5742,1.0792,0.014174,0.4975,-0.7897,0.5266,SHAKE1
-202.8989,-23.8539,63.227,1.0988,213.8566,68.6808,0.0644,302.3102,19758.1016,1.1236,0.004069,0.516,-0.8612,0.499,SHAKE1
-264.7191,-55.6925,152.9784,1.0027,310.7737,96.9171,0.0961,258.7374,7629.0186,1.1217,0.004524,0.501,-0.8836,0.4744,SHAKE1
-314.1753,-28.2602,224.7796,0.8631,387.3379,76.5642,0.1396,256.5742,7044.542,1.0648,0.01453,0.4631,-0.8483,0.446,SHAKE1
-353.7403,45.6793,282.2206,0.6955,454.8266,67.4887,0.1677,302.3941,12615.5703,0.9647,0.028328,0.4071,-0.7681,0.4164,SHAKE1
-385.3922,127.531,328.1733,0.5281,522.0048,67.1782,0.1674,377.7599,11637.8145,0.8376,0.042424,0.3435,-0.6571,0.385,SHAKE1
-410.7138,204.4216,364.9355,0.339,586.2184,64.2136,0.1891,452.2323,9409.8057,0.6857,0.055426,0.2774,-0.5112,0.3482,SHAKE1
-430.971,265.9342,394.3453,0.212,641.8452,55.6268,0.127,518.4466,8213.9766,0.5275,0.055192,0.196,-0.3195,0.2925,SHAKE1
-447.1768,315.1442,417.8732,0.4994,688.4047,46.5594,0.2874,578.66,6927.582,0.4548,0.027533,0.0697,-0.1037,0.1887,SHAKE1
-460.1414,337.0591,436.6954,1.0109,718.3606,29.9559,0.5115,631.3667,4985.8916,0.5179,0.073818,-0.1303,0.117,0.0365,SHAKE1
-470.5132,186.5317,246.9564,1.372,563.1733,155.1873,0.3611,639.6004,3456.1616,0.6866,0.191227,-0.3692,0.3305,-0.1556,SHAKE1
-478.8105,46.8253,99.5838,1.5976,491.2932,71.88,0.2256,620.6154,6924.8057,0.9384,0.269662,-0.6281,0.5179,-0.3657,SHAKE1
-406.1391,-64.9397,-22.7329,1.6707,411.9258,79.3674,0.0731,574.6315,13430.4141,1.2301,0.186275,-0.8789,0.6381,-0.5597,SHAKE1
-222.5144,-154.3518,-120.5863,1.6016,296.4425,115.4833,0.0692,496.2391,20173.998,1.4506,0.058478,-1.0694,0.6941,-0.6869,SHAKE1
-75.6146,-225.8814,-198.8691,1.449,310.3045,13.862,0.1526,414.6279,10560.3496,1.5382,0.012136,-1.1564,0.6924,-0.7363,SHAKE1
41.9052,-283.1051,-261.4953,1.2786,387.6653,77.3607,0.1704,379.5263,5060.4775,1.5195,0.019741,-1.1737,0.6424,-0.7122,SHAKE1
135.921,-328.8841,-311.5962,1.0963,473.0027,85.3374,0.1823,375.8682,4296.2915,1.4192,0.044285,-1.139,0.5532,-0.6287,SHAKE1
211.1337,-365.5073,-351.677,0.9014,549.4085,76.4059,0.1949,403.3647,9303.4512,1.2654,0.061592,-1.0583,0.4515,-0.5069,SHAKE1
271.3038,-394.8058,-383.7416,0.6875,613.7875,64.379,0.2139,466.8337,11844.2178,1.0826,0.072359,-0.9457,0.3474,-0.3581,SHAKE1
319.4399,-418.2447,-409.3932,0.5096,666.7633,52.9758,0.1779,538.1254,9855.7998,0.8947,0.075861,-0.8083,0.2434,-0.191,SHAKE1
238.752,-369.1489,-429.9146,0.4553,614.8983,51.865,0.0543,583.5721,4441.5659,0.73,0.057878,-0.6498,0.1385,-0.0168,SHAKE1
121.4703,-192.9222,-446.3317,0.4852,501.1846,113.7137,0.0299,589.2084,3322.2173,0.6078,0.028094,-0.4703,0.0321,0.1441,SHAKE1
83.6888,-51.9409,-459.4654,0.566,469.9044,31.2802,0.0808,573.3076,5599.2666,0.5407,0.006704,-0.2799,-0.0815,0.2769,SHAKE1
146.101,60.8441,-469.9723,0.715,495.9047,26.0003,0.149,549.7311,5913.9312,0.5462,0.008439,-0.0836,-0.208,0.3674,SHAKE1
178.0964,89.2284,-478.3778,0.9388,518.1944,22.2897,0.2238,520.0173,2490.6252,0.6321,0.031622,0.1164,-0.3479,0.415,SHAKE1
132.7178,21.0078,-485.1023,1.1881,503.3682,14.8262,0.2493,497.7112,248.0223,0.7786,0.065727,0.3202,-0.4992,0.4295,SHAKE1
41.568,-41.4844,-467.7756,1.3913,471.4476,31.9206,0.2032,491.7638,348.1937,0.9598,0.09074,0.5118,-0.6584,0.4271,SHAKE1
-69.1456,-39.2407,-271.8236,1.5127,283.2119,188.2357,0.1214,454.4254,7557.2437,1.1492,0.085002,0.6813,-0.8119,0.4216,SHAKE1
-157.7165,36.5481,-115.062,1.4965,198.619,84.5929,0.0161,394.9682,16765.3633,1.3055,0.047002,0.8114,-0.9305,0.4157,SHAKE1
-228.5732,120.2135,10.3473,1.3706,258.4648,59.8458,0.126,343.0223,14756.6846,1.3918,0.013504,0.8872,-0.9913,0.4063,SHAKE1
-285.2586,198.5677,110.6747,1.1966,364.7608,106.296,0.174,315.3008,8940.5566,1.3935,0.012825,0.8994,-0.9883,0.3938,SHAKE1
-330.6069,261.251,190.9366,1.0029,462.6119,97.8511,0.1937,313.5337,8401.1816,1.3158,0.037306,0.8582,-0.9206,0.3799,SHAKE1
-366.8855,311.3977,255.1462,0.7949,544.677,82.0651,0.208,365.8267,16168.1855,1.1723,0.063222,0.7777,-0.7931,0.3637,SHAKE1
-395.9084,351.515,306.5138,0.5746,611.7654,67.0884,0.2203,448.456,15846.0801,0.9879,0.07965,0.6737,-0.6186,0.3458,SHAKE1
-419.1267,383.6089,347.6079,0.3789,666.0737,54.3083,0.1956,529.9777,11452.4414,0.7896,0.085204,0.5483,-0.3953,0.3146,SHAKE1
-437.7014,409.284,380.4832,0.4226,709.8333,43.7596,0.0437,598.9922,7699.7124,0.6348,0.055048,0.3815,-0.1472,0.2462,SHAKE1
-452.5611,429.8241,406.7835,0.7805,745.0054,35.1721,0.3578,655.4709,5053.9155,0.5903,0.030214,0.1652,0.1072,0.1268,SHAKE1
-464.4489,416.1718,345.6455,1.1594,713.0095,31.9959,0.3789,689.1375,2127.5579,0.6632,0.081288,-0.0812,0.3512,-0.0512,SHAKE1
-473.9591,330.0906,270.8633,1.5067,637.9373,75.0723,0.3474,694.3718,1427.1653,0.8496,0.187266,-0.3489,0.5658,-0.2809,SHAKE1
-481.5673,193.9131,126.2375,1.7796,534.2708,103.6665,0.2729,668.0112,5698.5996,1.1298,0.237456,-0.6175,0.7231,-0.5372,SHAKE1
-383.4226,52.7305,-1.41,1.8631,387.0341,147.2367,0.0835,603.4514,16970.4434,1.4178,0.162009,-0.8408,0.8237,-0.7667,SHAKE1
-204.3412,-60.2156,-103.528,1.7445,236.8529,150.1812,0.1186,501.8209,29513.0684,1.6106,0.064928,-0.9898,0.8674,-0.9197,SHAKE1
-61.0761,-150.5725,-185.2224,1.4864,246.3934,9.5405,0.2581,408.4977,24932.3633,1.676,0.023006,-1.0615,0.856,-0.9696,SHAKE1
53.536,-222.858,-250.5779,1.1639,339.5896,93.1962,0.3224,348.8281,11793.0684,1.6075,0.065025,-1.0538,0.7938,-0.9118,SHAKE1
145.2257,-280.6864,-302.8623,0.8223,437.7225,98.1329,0.3416,329.5185,6122.854,1.416,0.145745,-0.969,0.686,-0.7615,SHAKE1
210.8024,-326.9491,-344.6899,0.4988,519.7543,82.0318,0.3235,356.0625,11994.5898,1.1432,0.1996,-0.8222,0.5479,-0.561,SHAKE1
271.0388,-363.9593,-378.1519,0.2021,590.7007,70.9464,0.2966,426.8321,15155.0879,0.8347,0.209239,-0.6266,0.3997,-0.3541,SHAKE1
319.2279,-365.2706,-404.9215,0.1684,631.8943,41.1937,0.0338,503.9322,11109.1289,0.5711,0.143617,-0.4065,0.2552,-0.1638,SHAKE1
357.7792,-189.9946,-426.3372,0.4048,588.1049,43.7895,0.2364,553.6354,4654.0361,0.4193,0.055812,-0.1768,0.1203,-0.0016,SHAKE1
388.6203,-49.5988,-443.4698,0.6435,591.7357,3.6309,0.2387,584.438,1308.4026,0.3835,0.032105,0.0523,-0.0053,0.1285,SHAKE1
376.9149,62.7178,-457.1758,0.9023,595.8256,4.0899,0.2587,599.6522,266.068,0.4642,0.076755,0.2822,-0.1266,0.2306,SHAKE1
280.2132,136.9055,-468.1407,1.1321,562.5107,33.3149,0.2298,594.0143,494.1541,0.6502,0.117626,0.4964,-0.2559,0.3089,SHAKE1
173.8206,162.6119,-441.8032,1.3274,501.8429,60.6678,0.1953,568.004,1229.7507,0.882,0.109179,0.6862,-0.3989,0.3681,SHAKE1
107.9689,225.9114,-287.0644,1.4544,380.9189,120.9239,0.127,526.5668,6432.0615,1.0919,0.085098,0.8452,-0.5465,0.4079,SHAKE1
43.3814,283.126,-127.2547,1.4736,313.4263,67.4927,0.0191,470.9049,11570.1904,1.2579,0.046456,0.9608,-0.6808,0.43,SHAKE1
-42.0449,328.8977,0.5931,1.4031,331.5747,18.1485,0.0704,418.0547,9538.5879,1.3581,0.015336,1.0168,-0.7825,0.4376,SHAKE1
-136.0359,365.515,102.8714,1.2994,403.3479,71.7731,0.1038,386.2221,4395.0288,1.3916,0.004686,1.0214,-0.8365,0.4364,SHAKE1
-211.2287,394.8089,184.694,1.1563,484.3589,81.011,0.143,382.7253,3635.3335,1.3574,0.01376,0.9814,-0.8305,0.4328,SHAKE1
-271.383,390.1378,250.1521,0.971,537.0589,52.7,0.1854,413.9533,7423.2642,1.2607,0.032388,0.9056,-0.7589,0.4305,SHAKE1
-319.5064,335.6821,302.5185,0.7984,553.4295,16.3706,0.1726,461.9539,6988.7842,1.1256,0.047831,0.8108,-0.6304,0.4324,SHAKE1
-358.0051,332.7581,344.4117,0.7021,597.9257,44.4962,0.0963,515.2242,4448.9829,0.9854,0.048646,0.7142,-0.4515,0.442,SHAKE1
-388.8041,368.6034,377.9262,0.6669,655.6412,57.7155,0.0353,565.6828,3343.0332,0.8589,0.033229,0.6144,-0.2256,0.442,SHAKE1
-413.4433,397.2796,404.7379,0.568,701.8398,46.1987,0.0989,609.179,3836.144,0.7413,0.018624,0.4842,0.0204,0.3773,SHAKE1
-409.3796,420.2206,426.1872,0.8149,725.1293,23.2895,0.247,646.7931,4069.957,0.7101,0.008184,0.2824,0.2591,0.2294,SHAKE1
-429.9037,438.5734,350.7935,1.2347,707.2623,17.8671,0.4198,677.5597,2111.3281,0.7973,0.05406,0.031,0.4734,0.0068,SHAKE1
-446.323,257.4243,178.2348,1.5718,545.1964,162.0659,0.3371,667.0138,4235.8037,0.9712,0.141951,-0.2525,0.65,-0.2732,SHAKE1
-404.0084,103.5395,40.1879,1.807,418.9967,126.1997,0.2352,619.6849,14272.4063,1.1993,0.21111,-0.5448,0.7777,-0.5824,SHAKE1
-220.8098,-19.5684,-70.2497,1.8208,232.5402,186.4566,0.0139,525.825,34089.043,1.4498,0.145881,-0.7886,0.8543,-0.8378,SHAKE1
-74.251,-118.0547,-158.5998,1.6351,211.1966,21.3435,0.1857,423.0384,35377.7266,1.6139,0.045221,-0.9205,0.8862,-0.9802,SHAKE1
42.9961,-196.8438,-229.2798,1.3399,305.23,94.0334,0.2952,342.632,15531.6582,1.6349,0.031039,-0.9517,0.8745,-0.9994,SHAKE1
136.7937,-259.8751,-285.8239,0.9757,409.8083,104.5782,0.3642,315.5544,7494.522,1.5157,0.102942,-0.8979,0.8161,-0.9018,SHAKE1
169.4319,-310.3,-331.0591,0.6015,484.3484,74.5401,0.3742,328.6247,10881.9102,1.2746,0.194989,-0.7721,0.7063,-0.7112,SHAKE1
145.5361,-350.64,-367.2473,0.2872,528.2043,43.8559,0.3144,387.7575,13505.1719,0.9679,0.23624,-0.6044,0.5597,-0.4692,SHAKE1
137.207,-382.912,-396.1978,0.2399,567.8205,39.6162,0.0473,459.0823,8667.7334,0.6888,0.175333,-0.4198,0.3866,-0.2206,SHAKE1
212.1625,-203.9328,-419.3582,0.4172,512.3113,55.5092,0.1774,500.4985,2784.9888,0.5043,0.071265,-0.2379,0.2036,0.0052,SHAKE1
272.1269,-60.7493,-437.8866,0.5854,519.1225,6.8112,0.1682,522.3614,731.4301,0.4262,0.022046,-0.0688,0.0252,0.1861,SHAKE1
320.0984,53.7974,-452.7093,0.736,557.0483,37.9258,0.1506,536.9014,471.6585,0.4531,0.034368,0.0863,-0.1343,0.3222,SHAKE1
341.5412,145.4348,-464.5674,0.8809,594.6635,37.6151,0.1449,550.1932,947.1492,0.5719,0.051358,0.233,-0.2717,0.4147,SHAKE1
282.8048,218.7447,-474.054,1.0458,593.7634,0.9001,0.1649,555.3818,1237.7554,0.7331,0.048245,0.3731,-0.3985,0.4661,SHAKE1
189.6595,268.2864,-471.4525,1.2339,574.6441,19.1193,0.1882,567.8483,785.5338,0.8964,0.051782,0.5076,-0.5325,0.4883,SHAKE1
64.6432,317.026,-274.7652,1.3089,424.4763,150.1678,0.075,548.9191,4063.4858,1.0411,0.045532,0.6246,-0.6599,0.4874,SHAKE1
-50.6854,356.0177,-117.4153,1.2681,378.2908,46.1855,0.0408,513.1676,8594.9023,1.1475,0.025896,0.7073,-0.7641,0.4671,SHAKE1
-142.9483,356.8048,8.4647,1.1716,384.4679,6.1771,0.0965,471.1285,8812.0254,1.2057,0.008415,0.7458,-0.8371,0.4341,SHAKE1
-216.7587,323.6251,109.1686,1.0639,404.5186,20.0507,0.1077,433.2795,5258.9946,1.2093,0.00731,0.7396,-0.8691,0.3953,SHAKE1
-275.8069,274.5907,189.7318,0.9394,432.9753,28.4568,0.1244,404.9458,459.4225,1.1504,0.018282,0.6915,-0.8471,0.3549,SHAKE1
-323.0456,228.035,254.1823,0.7961,470.0713,37.096,0.1433,414.0648,1148.2454,1.0478,0.027839,0.6181,-0.7821,0.3207,SHAKE1
-360.8365,181.2124,305.7427,0.636,506.4775,36.4062,0.1601,439.7021,1943.0398,0.9214,0.036075,0.5336,-0.6859,0.2997,SHAKE1
-391.0692,168.9512,346.991,0.4552,549.4382,42.9607,0.1808,472.6962,2652.6682,0.7781,0.046499,0.4462,-0.5573,0.289,SHAKE1
-415.2553,230.2672,379.9897,0.2516,608.1547,58.7164,0.2036,513.4235,3734.1238,0.6157,0.059227,0.338,-0.3704,0.2683,SHAKE1
-434.6042,286.6106,406.3887,0.4765,660.4379,52.2833,0.2249,558.9159,4692.8291,0.5231,0.033561,0.1802,-0.146,0.208,SHAKE1
-425.749,331.6854,427.5078,0.9618,688.5059,28.0679,0.4853,602.6028,4564.3193,0.5562,0.05604,-0.0436,0.095,0.0888,SHAKE1
-442.9992,248.9545,306.4687,1.4157,593.4221,95.0838,0.4539,619.9918,2430.7881,0.7121,0.178185,-0.3178,0.3333,-0.0973,SHAKE1
-456.7994,96.7636,155.9313,1.7627,492.2839,101.1382,0.3471,608.5609,4566.4229,0.9736,0.317343,-0.6251,0.5499,-0.3304,SHAKE1
-424.1489,-24.9891,22.345,1.9248,425.4715,66.8124,0.1621,572.0243,9935.8066,1.3083,0.28201,-0.9217,0.6999,-0.568,SHAKE1
-236.9222,-122.3913,-84.524,1.877,279.7429,145.7286,0.0478,495.8853,19660.9414,1.5884,0.129868,-1.1472,0.7865,-0.7553,SHAKE1
-87.1409,-200.313,-170.0192,1.6878,276.8129,2.93,0.1892,413.5466,15059.2988,1.7336,0.032228,-1.2652,0.8157,-0.8569,SHAKE1
32.6841,-262.6504,-238.4154,1.4003,356.2238,79.4109,0.2875,366.107,6994.9272,1.7305,0.034223,-1.2825,0.7869,-0.852,SHAKE1
127.0817,-312.5204,-293.1323,1.0719,446.9287,90.7049,0.3284,357.0359,5034.9512,1.5923,0.101688,-1.2079,0.7047,-0.7549,SHAKE1
150.7872,-352.4163,-336.9059,0.7558,510.3328,63.4041,0.316,374.0082,8510.1934,1.3586,0.164876,-1.0643,0.5845,-0.594,SHAKE1
159.211,-384.333,-371.9247,0.4675,558.0215,47.6887,0.2884,429.664,10407.624,1.0766,0.190457,-0.8784,0.4403,-0.3951,SHAKE1
181.0626,-327.8602,-399.9398,0.3371,547.9304,10.0911,0.1303,483.8875,5592.1367,0.8065,0.152162,-0.6673,0.2839,-0.1792,SHAKE1
229.9094,-159.8913,-422.3518,0.4521,506.7589,41.1715,0.115,513.9945,1530.7216,0.6169,0.070809,-0.4455,0.1287,0.027,SHAKE1
285.015,-25.5161,-440.2814,0.6119,525.1022,18.3433,0.1597,529.6292,411.3904,0.5249,0.020948,-0.229,-0.0183,0.2065,SHAKE1
330.4089,81.984,-454.6252,0.755,567.9573,42.855,0.1431,541.1541,497.9058,0.5247,0.02087,-0.0265,-0.1554,0.3523,SHAKE1
341.4584,167.9841,-466.1001,0.8885,601.7157,33.7584,0.1335,549.8929,1098.1782,0.6089,0.039591,0.1575,-0.285,0.4518,SHAKE1
308.5792,236.7841,-475.2801,1.0282,614.149,12.4333,0.1397,563.1367,1747.7819,0.7471,0.040878,0.3206,-0.4099,0.5032,SHAKE1
248.6415,269.5054,-482.6241,1.1442,606.1202,8.0288,0.116,583.0089,1086.7041,0.8856,0.035849,0.4586,-0.5306,0.5152,SHAKE1
174.1132,254.545,-399.1837,1.2249,504.4365,101.6838,0.0806,578.8758,1633.7102,1.0082,0.028861,0.5693,-0.6471,0.5011,SHAKE1
70.6968,257.2797,-216.95,1.2533,343.8869,160.5495,0.0284,534.0616,10645.5156,1.1078,0.018122,0.6509,-0.752,0.4709,SHAKE1
-45.8425,273.1925,-71.1632,1.2126,286.0068,57.8801,0.0407,470.9199,18049.4609,1.1726,0.006496,0.6995,-0.8295,0.4321,SHAKE1
-139.074,282.154,45.4663,1.1432,317.8359,31.8291,0.0694,411.6573,15121.4268,1.1956,0.00197,0.7117,-0.8746,0.3896,SHAKE1
-213.6592,291.0326,138.7699,1.0592,386.7911,68.9552,0.084,367.7914,5757.7109,1.1786,0.004875,0.6933,-0.8847,0.3512,SHAKE1
-273.3274,315.9667,213.4128,0.9615,469.1352,82.3441,0.0978,360.7312,4027.604,1.1259,0.011105,0.6529,-0.857,0.3258,SHAKE1
-321.0619,355.1702,273.1271,0.8077,551.2033,82.0681,0.1538,402.1945,9507.5801,1.0368,0.02018,0.5978,-0.7851,0.3132,SHAKE1
-359.2495,386.5331,320.8986,0.631,617.6115,66.4082,0.1767,468.5154,11690.0996,0.9205,0.033417,0.5339,-0.6741,0.3117,SHAKE1
-389.7996,409.5077,359.1158,0.4347,669.7794,52.1679,0.1963,538.9041,10296.1084,0.7788,0.050622,0.4623,-0.5156,0.3105,SHAKE1
-414.2397,430.0031,389.6895,0.3122,712.9902,43.2108,0.1225,604.1439,7473.3945,0.6294,0.05612,0.3649,-0.3017,0.2824,SHAKE1
-433.7917,446.3993,414.1485,0.5808,747.6407,34.6505,0.2686,659.845,4843.5752,0.5533,0.028743,0.2057,-0.0524,0.2032,SHAKE1
-449.4334,459.5164,420.6594,1.0157,768.1797,20.539,0.4349,703.2404,2947.1001,0.5949,0.056844,-0.0114,0.2041,0.0616,SHAKE1
-461.9467,441.0944,273.7025,1.4152,694.89,73.2897,0.3994,718.696,1255.7086,0.7517,0.166563,-0.2692,0.4481,-0.1418,SHAKE1
-461.6886,286.7286,116.562,1.6824,555.8385,139.0515,0.2673,695.9078,5562.3545,1.0013,0.257433,-0.5483,0.6425,-0.3867,SHAKE1
-315.8478,126.9829,-9.1504,1.7606,340.5411,215.2974,0.0781,621.418,25212.3633,1.2909,0.193859,-0.8062,0.753,-0.6245,SHAKE1
-150.2814,-0.8137,-109.7203,1.6844,186.0744,154.4666,0.0761,509.1047,47316.4648,1.5117,0.075245,-0.9836,0.7879,-0.8127,SHAKE1
-17.8282,-103.051,-190.1762,1.5327,217.0354,30.9609,0.1517,398.8759,38803.0039,1.6151,0.015453,-1.0739,0.762,-0.9229,SHAKE1
88.1343,-184.8408,-254.541,1.3454,326.6877,109.6524,0.1873,325.2354,16897.4375,1.6011,0.02181,-1.09,0.6896,-0.9427,SHAKE1
172.9043,-250.2726,-306.0328,1.1291,431.4955,104.8077,0.2163,300.3668,7901.6743,1.4904,0.052805,-1.0471,0.5965,-0.8722,SHAKE1
240.7203,-302.6181,-347.2263,0.9071,519.7019,88.2064,0.222,336.199,15916.5127,1.3197,0.077138,-0.9649,0.5045,-0.7354,SHAKE1
294.9731,-344.1101,-380.181,0.7113,591.5729,71.871,0.1958,417.2986,17875.041,1.1251,0.086703,-0.8655,0.4183,-0.5608,SHAKE1
338.3754,-377.6881,-406.5448,0.5532,649.9422,58.3693,0.1581,503.8801,13182.2295,0.9292,0.080514,-0.7566,0.3373,-0.371,SHAKE1
373.0972,-404.5505,-427.6358,0.4328,696.947,47.0048,0.1204,577.9319,8874.0996,0.7467,0.061837,-0.6386,0.2568,-0.1801,SHAKE1
400.8746,-394.181,-444.5087,0.3886,716.7057,19.7588,0.0442,634.974,5183.2178,0.5986,0.036303,-0.5062,0.1733,-0.0004,SHAKE1
423.0966,-254.3198,-458.0069,0.4549,673.3941,43.3116,0.0664,665.7124,1876.0593,0.5081,0.013217,-0.3633,0.0853,0.1593,SHAKE1
440.8741,-101.059,-468.8055,0.5892,651.4304,21.9637,0.1342,677.6839,674.204,0.4837,0.005683,-0.2093,-0.0077,0.298,SHAKE1
455.0962,21.5497,-477.4444,0.752,659.9471,8.5167,0.1629,679.6849,579.1986,0.5235,0.017535,-0.0429,-0.1101,0.4145,SHAKE1
466.4738,119.6366,-484.3555,0.9372,683.0161,23.069,0.1852,676.8987,514.0593,0.6244,0.039944,0.1268,-0.2248,0.5115,SHAKE1
475.576,62.3218,-489.8844,1.1172,685.597,2.5809,0.18,670.6769,173.5609,0.7701,0.056159,0.2859,-0.3499,0.5912,SHAKE1
292.0639,-52.5426,-374.5232,1.2718,477.8385,207.7585,0.1546,631.5658,6079.7354,0.9335,0.059947,0.4294,-0.4806,0.658,SHAKE1
131.2511,-100.059,-197.2217,1.3342,257.1674,220.6711,0.0623,552.7133,27817.918,1.0825,0.046144,0.5479,-0.6052,0.7022,SHAKE1
2.6009,-70.8535,-55.3805,1.2964,89.9665,167.2009,0.0378,438.7171,55349.8828,1.1914,0.021599,0.6294,-0.7042,0.721,SHAKE1
-100.3193,-6.2453,58.0925,1.2137,116.0935,26.127,0.0827,325.3326,51374.6328,1.2467,0.005723,0.6735,-0.7655,0.7134,SHAKE1
-182.6554,76.8881,148.8709,1.1094,247.8656,131.7721,0.1043,237.7863,18952.4219,1.2451,0.006138,0.6833,-0.7853,0.6806,SHAKE1
-248.5244,163.9074,221.4936,0.9776,371.0652,123.1997,0.1318,216.4316,10524.041,1.1863,0.016842,0.6615,-0.7592,0.6261,SHAKE1
-301.2195,233.5228,279.5917,0.7981,472.6919,101.6266,0.1795,259.5365,21467.9883,1.079,0.031096,0.6148,-0.6842,0.5627,SHAKE1
-343.3756,262.5714,326.0703,0.596,541.4539,68.762,0.2021,349.834,23459.0352,0.939,0.04869,0.5526,-0.5672,0.4968,SHAKE1
-377.1005,214.4696,363.2531,0.3885,565.8222,24.3683,0.2076,439.7798,13772.0566,0.7739,0.066967,0.4721,-0.4056,0.4269,SHAKE1
-404.0804,156.5725,392.9994,0.3384,585.0166,19.1944,0.05,507.21,6077.7607,0.6197,0.058622,0.359,-0.1994,0.3408,SHAKE1
-425.6643,158.3299,416.7964,0.602,616.4233,31.4067,0.2636,556.2816,2348.1702,0.5446,0.027425,0.2031,0.0364,0.227,SHAKE1
-442.9315,175.5483,435.834,0.9548,645.7219,29.2986,0.3528,590.8876,1353.061,0.5759,0.047239,0.0008,0.2759,0.081,SHAKE1
-456.7452,168.6199,394.5078,1.3032,626.6461,19.0758,0.3484,607.926,829.7484,0.7174,0.132937,-0.2442,0.5,-0.0934,SHAKE1
-467.7961,103.3022,219.3594,1.5852,526.8995,99.7465,0.282,600.1415,1727.6609,0.9567,0.204625,-0.51,0.6901,-0.2849,SHAKE1
-461.8119,20.1199,73.0875,1.7207,467.9923,58.9072,0.1356,576.7366,4626.7998,1.2332,0.168475,-0.763,0.8235,-0.4611,SHAKE1
-392.1652,-50.6104,-43.93,1.6623,397.8502,70.1421,0.0584,533.022,8800.8955,1.4452,0.080659,-0.9594,0.8915,-0.5922,SHAKE1
-289.154,-100.3789,-137.544,1.4841,335.5657,62.2845,0.1782,470.9908,10210.5693,1.5511,0.02165,-1.076,0.8953,-0.6597,SHAKE1
-173.8545,-144.9469,-212.4352,1.2447,310.425,25.1407,0.2394,407.7466,6521.2974,1.5394,0.027999,-1.1066,0.8381,-0.6589,SHAKE1
-44.2867,-183.4388,-272.3481,0.971,331.3376,20.9126,0.2737,368.6342,3319.6973,1.4166,0.077107,-1.0598,0.7255,-0.5883,SHAKE1
66.9675,-162.3479,-320.2785,0.6719,365.2668,33.9292,0.2991,348.0891,925.4547,1.2068,0.12551,-0.9413,0.5795,-0.4666,SHAKE1
141.424,-87.3408,-358.6228,0.3918,395.2715,30.0047,0.28,347.5733,875.1898,0.9527,0.152276,-0.7774,0.419,-0.3166,SHAKE1
153.7455,32.5242,-389.2983,0.218,419.8198,24.5483,0.1738,364.4241,1606.313,0.6995,0.139636,-0.5826,0.2566,-0.1587,SHAKE1
170.9776,128.4162,-413.8386,0.325,465.8181,45.9983,0.107,395.5027,2113.3989,0.5155,0.074402,-0.3715,0.0979,-0.01,SHAKE1
239.179,205.1299,-433.4709,0.5166,535.8936,70.0755,0.1916,436.4139,3558.157,0.4247,0.024657,-0.1555,-0.0527,0.1123,SHAKE1
293.7401,266.5008,-449.1767,0.688,599.2208,63.3273,0.1714,483.2047,5657.6113,0.4279,0.026293,0.0495,-0.1955,0.1978,SHAKE1
337.3889,315.5975,-461.7414,0.8558,653.1754,53.9546,0.1678,534.7855,7228.5874,0.5207,0.054037,0.2368,-0.3326,0.2461,SHAKE1
372.308,354.8748,-471.7931,1.0255,697.9528,44.7774,0.1697,590.4121,6815.5557,0.6822,0.060601,0.4022,-0.4653,0.2641,SHAKE1
332.1183,304.4717,-479.8345,1.1788,658.2148,39.738,0.1533,628.8915,3149.5991,0.8529,0.055248,0.5457,-0.5911,0.2629,SHAKE1
236.1571,226.1461,-402.5488,1.2756,518.6115,139.6033,0.0969,625.4351,3840.2664,1.0047,0.045319,0.6655,-0.7052,0.2478,SHAKE1
127.2163,172.2607,-219.6422,1.3086,306.7579,211.8535,0.033,566.9425,20592.4707,1.1288,0.028321,0.7576,-0.8029,0.2236,SHAKE1
50.3793,162.4492,-73.3169,1.2839,185.2112,121.5468,0.0247,473.3497,39489.3828,1.2145,0.010882,0.8179,-0.874,0.1942,SHAKE1
-0.0903,170.35,43.7434,1.2125,175.8767,9.3345,0.0714,368.9344,36195.5586,1.2519,0.002341,0.8437,-0.9085,0.1652,SHAKE1
-57.1191,183.0206,137.3916,1.1145,235.8719,59.9953,0.098,284.4658,15865.1152,1.239,0.004882,0.8366,-0.9021,0.1433,SHAKE1
-144.0734,200.279,212.3101,0.9924,325.4911,89.6191,0.122,245.8418,3745.0747,1.1824,0.013567,0.8035,-0.8563,0.1341,SHAKE1
-217.6588,224.3826,272.245,0.8438,414.5361,89.0451,0.1486,267.3974,8229.8311,1.0894,0.024662,0.7517,-0.773,0.1403,SHAKE1
-276.527,231.7029,320.1929,0.6637,482.3659,67.8298,0.1801,326.8283,12589.1729,0.9654,0.037962,0.6862,-0.65,0.1598,SHAKE1
-323.6216,223.6686,358.5512,0.4809,532.2758,49.9099,0.1828,398.1082,11392.8086,0.8191,0.051289,0.6067,-0.486,0.1819,SHAKE1
-361.2973,254.5849,389.2378,0.3888,588.9442,56.6684,0.0921,468.7226,8425.9668,0.6739,0.049799,0.5009,-0.2728,0.1893,SHAKE1
-391.4378,306.0648,413.7871,0.5541,646.6212,57.677,0.1653,532.9487,6527.5088,0.5863,0.024695,0.3426,-0.0259,0.152,SHAKE1
-368.0128,347.2487,349.4422,0.9633,614.9186,31.7026,0.4092,573.0251,3460.8926,0.6102,0.039281,0.12,0.233,0.0454,SHAKE1
-325.2008,380.1958,177.1538,1.3738,530.7428,84.1758,0.4106,582.7005,2081.0203,0.7522,0.135181,-0.1475,0.4793,-0.1292,SHAKE1
-308.4232,406.5536,39.3231,1.6391,511.8173,18.9255,0.2652,578.6088,2560.6348,0.9838,0.224115,-0.4306,0.6754,-0.3591,SHAKE1
-213.7917,305.9147,-70.9416,1.7627,379.8992,131.9181,0.1237,536.7998,8688.3799,1.2586,0.19914,-0.691,0.7886,-0.6174,SHAKE1
-68.6365,142.3318,-159.1532,1.7407,224.2745,155.6247,0.022,452.3305,18675.5781,1.4959,0.090042,-0.8809,0.8194,-0.852,SHAKE1
47.4877,11.4654,-229.7226,1.5988,234.8595,10.585,0.1419,376.3187,17069.5234,1.623,0.019259,-0.9729,0.7798,-1.015,SHAKE1
140.387,-93.2277,-286.1781,1.3903,332.1111,97.2516,0.2085,336.5923,11112.8418,1.6263,0.017666,-0.9784,0.688,-1.0888,SHAKE1
214.7065,-176.9821,-331.3425,1.1462,432.677,100.5659,0.2441,320.7643,6568.0093,1.5277,0.05402,-0.9217,0.575,-1.0686,SHAKE1
274.1621,-243.9857,-367.474,0.8641,519.3563,86.6793,0.2821,348.6557,12978.4502,1.348,0.098753,-0.8282,0.4647,-0.9537,SHAKE1
321.7265,-297.5886,-396.3792,0.6084,590.9174,71.5611,0.2557,421.9843,16245.3828,1.1216,0.126026,-0.7168,0.3694,-0.7706,SHAKE1
292.6312,-340.4709,-419.5034,0.3955,614.44,23.5226,0.213,497.9003,10886.8359,0.8809,0.128002,-0.5967,0.2906,-0.5529,SHAKE1
219.5331,-374.7767,-438.0027,0.2476,616.8458,2.4058,0.1478,554.8473,4976.2686,0.6524,0.10409,-0.4677,0.2214,-0.3229,SHAKE1
160.2702,-375.412,-452.8022,0.3042,609.6315,7.2143,0.0566,590.2382,1338.8981,0.484,0.051205,-0.3266,0.1562,-0.0963,SHAKE1
180.2631,-219.4577,-464.6417,0.4964,544.5626,65.0689,0.1922,595.2794,725.8887,0.4104,0.016922,-0.1708,0.083,0.106,SHAKE1
246.6073,-73.1693,-474.1134,0.7243,539.4,5.1625,0.228,584.976,1240.4235,0.4336,0.028251,0.0075,-0.0049,0.2759,SHAKE1
299.6827,43.8614,-481.6907,0.9494,568.9987,29.5986,0.2251,575.8877,1035.2556,0.5444,0.068898,0.2007,-0.1124,0.4136,SHAKE1
252.3868,137.486,-487.7526,1.1529,566.1308,2.8679,0.2035,565.7448,615.9022,0.7254,0.092562,0.3943,-0.2411,0.5177,SHAKE1
114.9095,86.8326,-400.1146,1.2987,425.2479,140.8829,0.1458,528.868,2818.6724,0.9243,0.083233,0.5728,-0.385,0.5855,SHAKE1
-10.4724,-2.0839,-217.6948,1.3495,217.9565,207.2914,0.0509,463.5468,17835.7402,1.095,0.053645,0.72,-0.5248,0.6152,SHAKE1
-110.7779,-43.4672,-71.7589,1.3184,138.9622,78.9943,0.0311,383.4592,31342.0059,1.2138,0.022038,0.8175,-0.643,0.6107,SHAKE1
-191.0224,-14.9675,44.9897,1.238,196.8188,57.8566,0.0804,309.0233,25883.2422,1.2715,0.004844,0.8628,-0.724,0.5802,SHAKE1
-255.2179,31.9104,138.3887,1.129,292.0717,95.2529,0.1089,254.2114,9715.5156,1.2667,0.006067,0.8608,-0.7582,0.5319,SHAKE1
-306.5743,69.3189,213.1078,0.999,379.7471,87.6754,0.1301,245.1113,6933.8516,1.2068,0.016606,0.8204,-0.7448,0.4758,SHAKE1
-347.6595,87.3427,272.8831,0.8482,450.512,70.7649,0.1508,291.6223,13060.9824,1.1065,0.028197,0.7561,-0.6888,0.4213,SHAKE1
-380.5276,71.5585,320.7034,0.6881,502.7649,52.2529,0.16,364.3829,12022.0947,0.9805,0.038338,0.6778,-0.5987,0.3754,SHAKE1
-406.8221,46.6343,358.9596,0.533,544.5466,41.7817,0.1551,433.9285,8061.7588,0.8395,0.045236,0.5928,-0.4777,0.3392,SHAKE1
-427.8576,85.2574,389.5646,0.366,584.8859,40.3394,0.167,492.4913,5165.1162,0.6869,0.050006,0.49,-0.3156,0.3068,SHAKE1
-444.6861,170.6028,414.0486,0.3871,631.1,46.2141,0.021,542.7619,3938.2117,0.5645,0.03352,0.3611,-0.1184,0.2631,SHAKE1
-449.9895,238.8792,433.6357,0.6448,669.0245,37.9244,0.2577,586.4644,3514.7429,0.5238,0.017061,0.2007,0.1048,0.191,SHAKE1
-462.3916,293.5002,449.3055,0.9758,708.3952,39.3707,0.331,627.5905,3395.6934,0.5814,0.04921,0.0047,0.3356,0.0698,SHAKE1
-472.3133,337.197,375.06,1.3009,690.9788,17.4164,0.3251,656.8769,1962.3574,0.7349,0.128706,-0.2222,0.5569,-0.0985,SHAKE1
-480.2506,372.1545,197.648,1.5033,638.9088,52.0701,0.2024,667.6815,873.6497,0.9624,0.167827,-0.4436,0.7335,-0.3004,SHAKE1
-486.6005,400.1205,55.7184,1.5936,632.4405,6.4683,0.0903,667.9495,854.3229,1.2037,0.123092,-0.6338,0.8449,-0.5166,SHAKE1
-355.9586,265.5777,-57.8253,1.6108,447.8636,184.5769,0.0173,623.7173,8585.1738,1.3969,0.056456,-0.778,0.8809,-0.7212,SHAKE1
-182.37,110.0621,-148.6602,1.5281,259.7544,188.1092,0.0827,533.9892,25593.7754,1.5073,0.012242,-0.8637,0.8506,-0.8711,SHAKE1
-43.4991,-14.3503,-221.3282,1.3704,226.0183,33.7361,0.1577,440.9971,30986.3164,1.5212,0.007276,-0.8883,0.772,-0.9475,SHAKE1
67.5976,-113.8802,-279.4625,1.1715,309.2531,83.2348,0.1989,375.066,22276.8906,1.4549,0.027271,-0.8704,0.6675,-0.9478,SHAKE1
156.4749,-193.5042,-325.97,0.9693,410.1033,100.8503,0.2022,330.5985,7296.7314,1.33,0.054997,-0.8244,0.5608,-0.876,SHAKE1
227.5768,-257.2033,-363.176,0.7607,499.8416,89.7383,0.2086,340.9941,10167.0879,1.16,0.075144,-0.7553,0.4656,-0.7404,SHAKE1
284.4583,-308.1627,-392.9408,0.5298,574.7028,74.8612,0.231,403.9838,15803.3545,0.9603,0.087614,-0.6616,0.3853,-0.5645,SHAKE1
300.8292,-348.9301,-416.7527,0.321,621.2352,46.5325,0.2087,483.0272,12660.7871,0.7505,0.091681,-0.5474,0.31,-0.3676,SHAKE1
178.404,-381.5441,-435.8021,0.2949,606.0754,15.1598,0.0261,542.3917,6125.3306,0.5751,0.06699,-0.4136,0.2336,-0.1602,SHAKE1
40.3232,-257.6572,-451.0417,0.4421,521.0104,85.0651,0.1471,564.5731,2224.7061,0.4697,0.028342,-0.2607,0.1509,0.0419,SHAKE1
-35.3258,-103.7289,-463.2333,0.5825,476.0175,44.9928,0.1404,559.8082,2932.386,0.434,0.012677,-0.0899,0.0567,0.2152,SHAKE1
15.8706,19.4138,-472.9867,0.7333,473.6509,2.3667,0.1508,539.5979,3964.1765,0.4747,0.027093,0.0868,-0.0539,0.3475,SHAKE1
115.0933,117.9279,-480.7893,0.9032,508.2439,34.593,0.1699,516.9996,2317.1787,0.5912,0.04552,0.2621,-0.1795,0.4345,SHAKE1
161.4278,196.7392,-487.0315,1.0845,549.5133,41.2694,0.1814,505.6872,813.7356,0.7491,0.051707,0.4308,-0.3184,0.475,SHAKE1
81.4141,113.1663,-492.0252,1.2736,511.3938,38.1195,0.1891,503.7639,769.5897,0.9154,0.060223,0.5905,-0.4696,0.4815,SHAKE1
-37.2687,-8.6138,-352.2295,1.3987,354.3004,157.0934,0.1251,479.4205,4490.8818,1.0787,0.058116,0.7286,-0.6208,0.4723,SHAKE1
-132.215,-60.3285,-179.3867,1.4165,230.8678,123.4326,0.0178,430.8639,14482.1641,1.2153,0.038406,0.8328,-0.7508,0.4519,SHAKE1
-208.172,-60.7378,-41.1125,1.3488,220.7145,10.1533,0.0677,373.358,18810.2539,1.3044,0.014542,0.895,-0.8449,0.4199,SHAKE1
-268.9376,-50.3965,69.5069,1.225,282.3091,61.5946,0.1238,319.9171,11406.1699,1.3325,0.005346,0.911,-0.8921,0.3788,SHAKE1
-317.5501,-55.6172,158.0024,1.081,359.021,76.7119,0.1439,289.4426,3450.6274,1.294,0.015818,0.882,-0.8846,0.333,SHAKE1
-356.4401,-83.8031,228.7988,0.9191,431.7654,72.7444,0.1619,304.9355,6420.4443,1.1981,0.032533,0.8179,-0.8254,0.29,SHAKE1
-387.5521,-134.7675,285.4359,0.7492,499.8325,68.0671,0.1699,358.7285,10026.5205,1.0646,0.045479,0.733,-0.7248,0.2606,SHAKE1
-412.4417,-203.889,330.7456,0.5448,566.6317,66.7992,0.2044,427.912,10075.3467,0.9038,0.057518,0.633,-0.5861,0.2473,SHAKE1
-386.6002,-194.3519,366.9933,0.3645,567.3768,0.7451,0.1803,484.9255,6474.8574,0.7317,0.065443,0.5188,-0.4122,0.245,SHAKE1
-352.3802,-70.6346,395.9916,0.3421,534.762,32.6149,0.0224,520.0737,2565.8081,0.5839,0.049561,0.3802,-0.2035,0.2324,SHAKE1
-384.3041,41.1048,419.1902,0.6147,570.1751,35.4131,0.2726,547.7557,741.8788,0.5231,0.023579,0.2013,0.0319,0.1852,SHAKE1
-409.8433,38.5682,437.749,1.0004,600.902,30.7269,0.3857,567.9695,438.8597,0.5733,0.056407,-0.0267,0.2752,0.0848,SHAKE1
-430.2747,-9.486,392.218,1.3606,582.2896,18.6124,0.3602,571.1011,469.7078,0.7365,0.153597,-0.2898,0.5044,-0.0611,SHAKE1
-382.0041,-42.2013,211.3744,1.6146,438.6197,143.67,0.254,545.3497,3314.0645,0.9865,0.217634,-0.5627,0.7018,-0.2377,SHAKE1
-203.2064,-79.8673,66.6995,1.6869,228.299,210.3206,0.0723,484.0571,19639.084,1.2555,0.160352,-0.8081,0.8393,-0.413,SHAKE1
-60.1682,-163.822,-49.0404,1.6234,181.281,47.018,0.0635,406.2783,30440.9473,1.4572,0.06462,-0.9913,0.9096,-0.544,SHAKE1
54.2623,-233.4576,-141.6323,1.4783,278.4,97.1189,0.1451,341.7779,21975.5332,1.5528,0.013852,-1.088,0.9267,-0.6021,SHAKE1
145.8067,-289.1661,-215.7058,1.276,389.1088,110.7088,0.2023,303.1417,9361.6426,1.5358,0.021504,-1.098,0.8963,-0.5873,SHAKE1
219.0422,-333.7329,-274.9647,1.0266,484.7295,95.6208,0.2494,312.3637,12200.5693,1.4182,0.058295,-1.0329,0.8214,-0.5107,SHAKE1
277.6307,-369.3863,-322.3718,0.7591,563.4258,78.6963,0.2675,379.389,18901.2383,1.2327,0.09632,-0.9133,0.7221,-0.3833,SHAKE1
297.567,-397.909,-360.2974,0.5018,613.7524,50.3266,0.2573,465.8833,14555.8623,1.0084,0.122311,-0.7478,0.6087,-0.2253,SHAKE1
260.0786,-420.7272,-390.6379,0.3974,630.278,16.5256,0.1043,536.2589,7978.2603,0.7922,0.106054,-0.5508,0.4831,-0.0524,SHAKE1
215.316,-234.1849,-414.9103,0.4818,522.8328,107.4451,0.0843,563.0037,2968.3955,0.6333,0.053281,-0.3363,0.3508,0.1188,SHAKE1
244.7403,-84.9511,-434.3283,0.6036,505.7228,17.11,0.1218,567.2024,2381.6177,0.5487,0.015368,-0.1191,0.2197,0.2714,SHAKE1
298.1891,34.436,-449.8626,0.7231,540.8132,35.0904,0.1195,562.6799,2497.5891,0.5415,0.012546,0.0916,0.0924,0.3901,SHAKE1
319.7576,129.9457,-462.2901,0.8497,576.9254,36.1122,0.1266,555.3145,1962.2467,0.6111,0.026377,0.2826,-0.0346,0.4665,SHAKE1
317.0404,191.7316,-472.2321,0.988,600.2323,23.3069,0.1384,549.3053,1205.7542,0.7292,0.031708,0.4507,-0.166,0.4992,SHAKE1
228.6636,150.1165,-480.1857,1.1447,552.6303,47.602,0.1567,555.2648,1032.2911,0.8618,0.036406,0.5995,-0.3036,0.4979,SHAKE1
122.6809,115.6276,-476.7454,1.2766,505.6743,46.956,0.1319,555.2551,1033.2524,0.9964,0.039366,0.7273,-0.4468,0.4774,SHAKE1
26.0135,110.6552,-335.8651,1.3479,354.5795,151.0948,0.0713,518.0084,7658.3594,1.1214,0.033518,0.8269,-0.5879,0.4466,SHAKE1
-65.1517,133.4679,-166.2952,1.3412,222.9631,131.6164,0.0067,447.2159,19362.8867,1.2197,0.018748,0.893,-0.7094,0.4082,SHAKE1
-154.5214,140.4712,-30.6393,1.2727,211.0634,11.8996,0.0684,369.3821,19775.584,1.2766,0.005333,0.9215,-0.7965,0.365,SHAKE1
-226.0171,121.0395,77.8854,1.1766,267.956,56.8925,0.0962,312.4473,11875.4785,1.283,0.003814,0.9116,-0.8385,0.3255,SHAKE1
-283.2137,107.7534,164.7052,1.0703,344.8893,76.9333,0.1063,280.2903,3584.5637,1.2418,0.011152,0.871,-0.8316,0.2998,SHAKE1
-328.9709,143.2496,234.1611,0.9488,428.4551,83.5658,0.1215,295.0654,6653.0439,1.1619,0.019692,0.8101,-0.7752,0.296,SHAKE1
-365.5768,216.9966,289.7257,0.8105,514.4656,86.0106,0.1383,353.3659,11841.6396,1.0558,0.026702,0.7383,-0.6731,0.3135,SHAKE1
-394.8614,275.9941,334.1775,0.6644,586.3129,71.8473,0.146,428.4158,13012.0215,0.9341,0.033116,0.6619,-0.5256,0.3427,SHAKE1
-418.2891,323.1922,369.7389,0.5539,645.0781,58.7652,0.1105,503.8402,11562.2227,0.8096,0.034755,0.5738,-0.336,0.3686,SHAKE1
-437.0313,360.9507,398.188,0.5528,692.7015,47.6234,0.0012,573.4026,8803.9287,0.7061,0.023637,0.463,-0.1061,0.3682,SHAKE1
-452.0251,391.1574,420.9473,0.6698,731.1138,38.4122,0.117,633.9344,5912.4355,0.6503,0.009007,0.3074,0.1402,0.3162,SHAKE1
-464.0201,415.3228,439.1547,0.9561,762.0134,30.8997,0.2863,683.444,3887.5298,0.6794,0.021728,0.1003,0.3803,0.1908,SHAKE1
-473.616,434.6552,453.7206,1.3282,786.8289,24.8154,0.3721,723.5472,2530.0647,0.8121,0.08824,-0.1543,0.5935,-0.003,SHAKE1
-481.2928,402.0241,366.2515,1.6623,726.2275,60.6014,0.3341,739.777,1036.6152,1.0338,0.170316,-0.4301,0.7666,-0.2524,SHAKE1
-389.6874,286.1474,190.6012,1.8388,519.6782,206.5493,0.1766,705.1724,9084.6074,1.291,0.187484,-0.6926,0.8755,-0.5251,SHAKE1
-209.3531,126.518,50.081,1.8235,249.687,269.9912,0.0154,608.887,41172.5234,1.5218,0.113757,-0.8968,0.9224,-0.7674,SHAKE1
-65.0856,-1.1856,-62.3352,1.6495,90.1289,159.5581,0.174,474.5101,72247.8281,1.6604,0.033787,-1.0135,0.9139,-0.9287,SHAKE1
50.3284,-103.3485,-152.2682,1.4011,190.7864,100.6575,0.2484,355.3016,54628.3867,1.675,0.024944,-1.0394,0.8601,-0.9869,SHAKE1
142.6596,-185.0788,-224.2145,1.1179,323.8489,133.0625,0.2832,274.8259,20832.6992,1.5662,0.075129,-0.9882,0.7663,-0.9412,SHAKE1
216.5246,-250.463,-281.7716,0.8287,434.7527,110.9038,0.2892,257.8408,13668.9863,1.3641,0.128202,-0.8823,0.6521,-0.8076,SHAKE1
275.6165,-302.7704,-327.8173,0.5531,524.4984,89.7458,0.2757,312.8031,24856.0977,1.1101,0.153016,-0.7416,0.5291,-0.6266,SHAKE1
322.8901,-344.6164,-364.6539,0.3004,596.6497,72.1513,0.2527,414.1072,20790.5918,0.8402,0.153139,-0.5867,0.4049,-0.4248,SHAKE1
360.709,-378.0931,-394.1231,0.1997,654.5215,57.8718,0.1007,506.8542,13773.9512,0.6,0.114564,-0.426,0.2823,-0.2214,SHAKE1
390.9641,-200.0776,-417.6985,0.3487,606.0989,48.4225,0.149,563.3043,5859.0591,0.4461,0.049864,-0.2666,0.1644,-0.0262,SHAKE1
415.1681,-57.6652,-436.5588,0.5457,605.2053,0.8937,0.197,597.3948,1742.9324,0.3895,0.019358,-0.104,0.0547,0.1516,SHAKE1
434.5314,56.2647,-451.647,0.7342,629.2601,24.0549,0.1885,618.3471,444.2364,0.4257,0.036457,0.0574,-0.0451,0.3119,SHAKE1
450.022,135.0618,-463.7176,0.9199,660.1481,30.8879,0.1857,631.0468,538.2635,0.5496,0.066802,0.2126,-0.1388,0.454,SHAKE1
394.9395,30.7026,-473.3741,1.0901,617.2543,42.8938,0.1702,623.5934,410.544,0.7277,0.069013,0.3577,-0.2335,0.5763,SHAKE1
213.5516,-70.9755,-402.6024,1.2094,461.2272,156.0271,0.1193,594.619,4782.374,0.8998,0.057055,0.4859,-0.3344,0.6725,SHAKE1
68.4413,-94.2335,-219.6851,1.244,248.6477,212.5795,0.0347,523.3075,23613.8535,1.0395,0.036152,0.5804,-0.4352,0.7381,SHAKE1
-47.647,-51.968,-73.3512,1.208,101.7414,146.9063,0.036,417.8037,45781.2109,1.1343,0.014209,0.6376,-0.5258,0.7702,SHAKE1
-140.5176,19.1756,43.7159,1.1349,148.4048,46.6634,0.0731,315.4551,38074.9609,1.1773,0.003166,0.6586,-0.5951,0.7675,SHAKE1
-214.8141,102.8061,137.3696,1.0486,274.9265,126.5217,0.0863,246.9895,15499.3936,1.169,0.004886,0.6484,-0.6335,0.7347,SHAKE1
-274.2513,184.6417,212.2926,0.9369,392.9052,117.9787,0.1118,233.3251,10391.3994,1.1145,0.012365,0.6163,-0.6308,0.6801,SHAKE1
-321.801,250.1103,272.231,0.7927,490.1232,97.218,0.1442,281.6202,21201.0742,1.0242,0.021569,0.5745,-0.589,0.6092,SHAKE1
-359.8408,302.4851,320.1816,0.6268,568.7697,78.6465,0.166,375.0258,22496.1406,0.908,0.032896,0.5303,-0.5145,0.5242,SHAKE1
-390.2726,280.3693,358.5422,0.4437,599.56,30.7903,0.1831,465.2569,14166.1934,0.7697,0.046597,0.4826,-0.4091,0.4238,SHAKE1
-414.6181,222.3892,389.2307,0.2739,610.6273,11.0673,0.1698,532.3971,6639.771,0.6148,0.056207,0.4075,-0.2484,0.3037,SHAKE1
-434.0945,248.4551,413.7814,0.4837,649.1402,38.5129,0.2098,583.644,2847.7119,0.5241,0.030681,0.2774,-0.052,0.1606,SHAKE1
-449.6756,301.1609,433.422,0.8556,693.3691,44.2289,0.3719,624.2932,1854.0408,0.5367,0.038072,0.0893,0.1608,-0.0017,SHAKE1
-425.1936,343.3256,449.1345,1.2338,707.3782,14.0091,0.3782,652.015,1849.5955,0.6581,0.118889,-0.1585,0.3749,-0.1762,SHAKE1
-387.7018,377.0574,365.1607,1.5339,652.5544,54.8238,0.3002,662.6138,1187.0133,0.8762,0.215557,-0.4451,0.5691,-0.3607,SHAKE1
-313.2395,404.0428,189.7286,1.7037,545.3132,107.2411,0.1698,649.551,3227.7415,1.1622,0.198194,-0.7217,0.6931,-0.5498,SHAKE1
-159.226,221.2874,49.3829,1.7326,277.0554,268.2579,0.0289,575.1341,25440.4258,1.4119,0.108819,-0.9346,0.7477,-0.7255,SHAKE1
-24.9839,74.6299,-62.8937,1.6158,100.7444,176.3109,0.1168,456.6091,53605.4609,1.564,0.032117,-1.0619,0.7431,-0.8583,SHAKE1
82.4097,-42.6961,-152.715,1.4218,178.707,77.9626,0.194,350.8748,45294.6328,1.6016,0.012939,-1.0927,0.6933,-0.9329,SHAKE1
168.3247,-136.5569,-224.572,1.1951,312.1114,133.4044,0.2267,282.7863,22756.9902,1.5338,0.040476,-1.0431,0.6135,-0.9382,SHAKE1
237.0566,-211.6455,-282.0576,0.9407,424.9072,112.7958,0.2544,258.7051,12432.6787,1.3812,0.081769,-0.9365,0.5224,-0.8698,SHAKE1
292.0422,-271.7164,-328.0461,0.676,516.4617,91.5544,0.2647,306.5863,23360.4102,1.1699,0.111881,-0.7982,0.4325,-0.7368,SHAKE1
336.0306,-319.7731,-364.8369,0.4245,590.1503,73.6886,0.2515,404.4675,21387.207,0.9316,0.126456,-0.6486,0.3427,-0.5701,SHAKE1
371.2214,-358.2185,-394.2695,0.1993,649.2875,59.1372,0.2252,498.5836,14323.1641,0.6871,0.12588,-0.4961,0.2503,-0.3913,SHAKE1
399.374,-388.9748,-417.8156,0.1256,696.6856,47.3981,0.0737,575.4984,9301.7754,0.4732,0.091582,-0.3428,0.1558,-0.2138,SHAKE1
421.8961,-327.4298,-436.6525,0.306,689.8347,6.8509,0.1804,628.484,4573.3267,0.3463,0.037355,-0.1903,0.0635,-0.0445,SHAKE1
439.9138,-159.547,-451.722,0.5283,650.4092,39.4255,0.2223,655.2734,1441.9939,0.3167,0.021365,-0.0394,-0.0254,0.1159,SHAKE1
454.3279,-25.2407,-463.7776,0.7457,649.7234,0.6857,0.2174,667.1881,457.9901,0.381,0.051715,0.1114,-0.1092,0.2669,SHAKE1
465.8592,82.2043,-473.4221,0.9367,669.2614,19.5379,0.191,671.1829,378.8052,0.5284,0.085129,0.2563,-0.1935,0.4075,SHAKE1
353.5124,86.3197,-481.1376,1.1095,603.2541,66.0073,0.1729,652.4965,822.4129,0.7252,0.081479,0.3908,-0.2875,0.5352,SHAKE1
180.4099,8.237,-460.832,1.2413,494.9563,108.2978,0.1318,613.5209,3988.27,0.9123,0.064594,0.5085,-0.3959,0.6401,SHAKE1
41.9279,-51.7916,-348.5125,1.3203,354.8257,140.1306,0.0791,554.4042,13605.9746,1.0707,0.043307,0.6027,-0.5138,0.7122,SHAKE1
-68.8577,-41.9771,-176.4131,1.319,193.9717,160.8539,0.0013,463.2538,29462.7441,1.1854,0.021362,0.6629,-0.6274,0.7467,SHAKE1
-157.4861,34.6996,-38.7336,1.2559,165.85,28.1217,0.0632,362.5716,28527.8086,1.2492,0.00591,0.6868,-0.7218,0.7449,SHAKE1
-228.3889,101.7378,71.41,1.1506,260.022,94.172,0.1053,293.9251,14333.1455,1.2574,0.003887,0.6768,-0.7816,0.7088,SHAKE1
-285.1111,115.809,159.5249,1.0093,346.6241,86.6021,0.1413,264.2587,5925.7812,1.211,0.013997,0.6378,-0.7967,0.6468,SHAKE1
-330.4889,35.8597,230.0168,0.8522,404.2481,57.6241,0.1571,274.1432,8107.0103,1.1174,0.02859,0.5779,-0.7676,0.567,SHAKE1
-366.7911,-73.7122,286.4103,0.6935,471.1689,66.9207,0.1587,329.5826,11511.8096,0.9923,0.040742,0.5079,-0.7005,0.4843,SHAKE1
-395.8329,-161.3698,331.5251,0.5396,540.9554,69.7866,0.1539,404.6037,9457.667,0.849,0.047305,0.4349,-0.5995,0.4128,SHAKE1
-419.0663,-172.2646,367.6169,0.3494,583.4672,42.5117,0.1903,469.2927,7490.6514,0.6888,0.053378,0.359,-0.451,0.3529,SHAKE1
-437.6531,-136.3304,396.4904,0.2993,606.0782,22.6111,0.05,521.1836,5530.5293,0.5468,0.043014,0.2568,-0.2527,0.2877,SHAKE1
-452.5225,-30.3862,419.5892,0.6067,617.8633,11.785,0.3074,563.9066,2839.8862,0.4977,0.02267,0.1043,-0.0264,0.1989,SHAKE1
-464.418,54.8816,438.0683,0.9865,640.7806,22.9174,0.3798,597.829,1151.026,0.5563,0.059361,-0.0939,0.2101,0.0698,SHAKE1
-411.5813,76.9772,396.5484,1.3275,576.6934,64.0873,0.3409,604.9766,542.3615,0.7139,0.153419,-0.3239,0.4403,-0.1112,SHAKE1
-294.4744,52.588,257.295,1.5612,394.5648,182.1286,0.2337,567.1961,7877.0889,0.9563,0.211688,-0.5645,0.6313,-0.3277,SHAKE1
-133.1826,-19.0296,103.436,1.6279,169.7019,224.8629,0.0667,479.9208,31558.0742,1.222,0.144982,-0.7682,0.7526,-0.5424,SHAKE1
-4.1492,-117.6237,-19.6512,1.5308,119.3261,50.3758,0.097,380.2133,43816.5781,1.4068,0.054201,-0.8912,0.8062,-0.7148,SHAKE1
99.0775,-196.4989,-118.121,1.313,249.7614,130.4353,0.2178,302.0095,27525.2187,1.4721,0.016376,-0.9286,0.7969,-0.8111,SHAKE1
181.6589,-259.5992,-196.8968,1.0654,373.0416,123.2802,0.2477,261.2791,11785.1221,1.4197,0.042532,-0.8924,0.7343,-0.8214,SHAKE1
247.724,-310.0793,-259.9174,0.8147,474.4191,101.3775,0.2507,277.25,17062.7695,1.2704,0.089437,-0.803,0.6293,-0.7554,SHAKE1
300.576,-350.4635,-310.334,0.5711,556.3073,81.8882,0.2435,354.571,24345.4902,1.059,0.116983,-0.6837,0.5041,-0.6298,SHAKE1
342.8577,-382.7708,-350.6672,0.3444,622.1193,65.812,0.2267,455.1297,17481.8203,0.8217,0.118278,-0.5542,0.374,-0.4693,SHAKE1
376.6831,-408.6166,-382.9337,0.1422,674.9044,52.7852,0.2022,540.1583,11476.9111,0.5876,0.107517,-0.4164,0.2507,-0.2986,SHAKE1
403.7433,-381.1308,-408.747,0.2195,689.4516,14.5472,0.0772,603.4403,6344.394,0.4184,0.060335,-0.2725,0.1367,-0.128,SHAKE1
425.3916,-269.8234,-429.3976,0.4197,661.9252,27.5264,0.2002,640.9415,2292.8511,0.3394,0.022687,-0.123,0.033,0.0351,SHAKE1
442.7101,-116.3525,-445.9181,0.6231,639.0408,22.8844,0.2035,657.4882,587.1879,0.3498,0.027939,0.0295,-0.0623,0.188,SHAKE1
456.565,9.3149,-459.1345,0.8172,647.5668,8.5261,0.1941,662.5778,330.7787,0.4443,0.062687,0.1847,-0.1531,0.3269,SHAKE1
467.6489,109.8488,-469.7076,0.9727,671.8538,24.2869,0.1555,661.9677,317.2259,0.6104,0.072675,0.3257,-0.2448,0.4471,SHAKE1
475.3941,187.4697,-478.1661,1.0987,699.848,27.9943,0.126,664.0469,448.8136,0.7863,0.058867,0.4459,-0.3411,0.547,SHAKE1
331.7372,211.0445,-419.4454,1.1873,574.9119,124.9361,0.0886,646.6443,1734.0701,0.9398,0.040581,0.5404,-0.4417,0.6251,SHAKE1
162.9897,239.5262,-268.2688,1.2325,394.8501,180.0618,0.0452,597.8062,12017.4014,1.0617,0.022803,0.6076,-0.5418,0.6761,SHAKE1
27.9918,284.6866,-112.2182,1.226,307.2831,87.567,0.0065,529.7494,23771.1777,1.1434,0.009564,0.6441,-0.6288,0.6998,SHAKE1
-80.0066,330.1462,12.6223,1.1756,339.9366,32.6534,0.0504,463.366,22531.4727,1.184,0.002293,0.6555,-0.691,0.6997,SHAKE1
-166.4052,366.5138,112.4948,1.0747,417.9452,78.0086,0.1009,406.9854,8580.5576,1.1792,0.003204,0.646,-0.7167,0.6763,SHAKE1
-235.5242,395.6079,192.3927,0.9134,498.9912,81.046,0.1613,391.8012,4403.1494,1.1244,0.014318,0.6195,-0.6923,0.6326,SHAKE1
-290.8194,418.8832,256.311,0.7242,570.7315,71.7403,0.1893,426.9775,9567.127,1.0228,0.033692,0.5814,-0.6136,0.5713,SHAKE1
-335.0555,412.5285,307.4457,0.5087,613.9746,43.2431,0.2155,488.3158,9932.9746,0.8793,0.057714,0.5287,-0.4839,0.4918,SHAKE1
-370.4444,392.0697,348.3535,0.3417,642.1042,28.1296,0.167,548.7494,6607.6553,0.7125,0.070151,0.454,-0.3062,0.3962,SHAKE1
-398.7555,416.0526,381.0797,0.4171,690.8889,48.7847,0.0754,603.3381,4246.5088,0.581,0.044075,0.3492,-0.0889,0.2699,SHAKE1
-421.4044,435.239,407.2606,0.7365,729.9835,39.0946,0.3195,649.5365,3142.3691,0.5456,0.025561,0.1977,0.1402,0.0987,SHAKE1
-439.5235,450.5881,428.2054,1.1819,761.2952,31.3117,0.4453,687.6493,2945.7412,0.6372,0.091767,-0.005,0.3606,-0.1314,SHAKE1
-437.3032,462.8673,318.9924,1.558,712.2053,49.0898,0.3761,707.2954,1594.7798,0.847,0.213992,-0.2408,0.5569,-0.3973,SHAKE1
-272.577,444.1314,152.7939,1.7555,543.0441,169.1613,0.1975,687.4834,5747.9849,1.1298,0.248017,-0.4757,0.6934,-0.6822,SHAKE1
-115.6647,259.5364,19.8352,1.8104,284.8348,258.2092,0.0549,606.2726,31575.6406,1.4084,0.161418,-0.6704,0.7567,-0.9513,SHAKE1
9.8651,105.2291,-86.5319,1.6996,136.5952,148.2396,0.1108,487.5949,58549.7383,1.601,0.050987,-0.793,0.7602,-1.1503,SHAKE1
110.289,-18.2167,-171.6255,1.4776,204.819,68.2238,0.222,376.2997,47173.1953,1.6602,0.015396,-0.832,0.7172,-1.2367,SHAKE1
190.6281,-116.9734,-239.7004,1.1895,327.8385,123.0195,0.2881,299.4263,19166.8594,1.5865,0.052181,-0.7964,0.635,-1.2137,SHAKE1
254.8993,-195.9787,-294.1603,0.8867,435.7885,107.95,0.3028,277.9752,10555.7168,1.4128,0.114226,-0.7071,0.5403,-1.0967,SHAKE1
306.3163,-259.183,-337.7283,0.5979,524.4673,88.6788,0.2888,325.9017,20401.0254,1.1703,0.156594,-0.5941,0.4445,-0.9039,SHAKE1
347.45,-309.7464,-372.5826,0.3327,596.2232,71.7559,0.2652,417.8273,19398.0586,0.8969,0.166115,-0.4694,0.3484,-0.6781,SHAKE1
380.3568,-350.1971,-400.4661,0.0886,653.9744,57.7512,0.2441,507.6584,13407.0186,0.6191,0.152173,-0.3372,0.2519,-0.4457,SHAKE1
406.6824,-382.5577,-422.7729,0.2017,700.3412,46.3669,0.1131,582.1589,8814.9893,0.4215,0.08291,-0.1986,0.1554,-0.2262,SHAKE1
427.7428,-249.0649,-440.6183,0.427,662.6777,37.6636,0.2253,627.5367,3767.636,0.3296,0.031186,-0.0582,0.0621,-0.0253,SHAKE1
444.5911,-96.855,-454.8947,0.6518,643.406,19.2717,0.2248,651.3245,1127.4827,0.3404,0.03743,0.0903,-0.0283,0.1538,SHAKE1
458.0698,24.9128,-466.3157,0.8739,654.1398,10.7338,0.2221,662.9078,387.6639,0.4486,0.082633,0.244,-0.1214,0.3145,SHAKE1
468.8527,102.9053,-475.4526,1.0995,675.6238,21.4839,0.2256,667.2377,385.2938,0.6508,0.100581,0.399,-0.2291,0.4535,SHAKE1
320.6072,80.6211,-478.4777,1.283,581.5751,94.0486,0.1835,643.4845,1069.5247,0.867,0.093422,0.5441,-0.3511,0.5693,SHAKE1
154.0858,49.5688,-280.3853,1.3809,323.752,257.8231,0.0979,575.6993,16846.793,1.0578,0.071103,0.6688,-0.4803,0.6557,SHAKE1
20.8686,55.7331,-121.9114,1.3782,135.6616,188.0905,0.0027,474.1505,44344.4297,1.2031,0.037551,0.7565,-0.6021,0.7072,SHAKE1
-85.7051,94.149,4.8678,1.2862,127.4092,8.2524,0.092,368.8044,50813.293,1.2856,0.010456,0.802,-0.6963,0.7174,SHAKE1
-170.9641,172.5411,106.2911,1.1555,265.1357,137.7265,0.1307,286.7067,27395.0781,1.2968,0.006791,0.8024,-0.745,0.6904,SHAKE1
-239.1713,240.4297,187.4298,1.0064,387.4781,122.3424,0.1492,247.8873,10529.6309,1.2414,0.020558,0.7657,-0.7416,0.6342,SHAKE1
-293.737,294.7407,252.3407,0.8362,486.6511,99.173,0.1702,280.4671,19718.7266,1.1325,0.037644,0.7036,-0.6875,0.5601,SHAKE1
-337.3896,338.1894,304.2694,0.6291,566.3777,79.7266,0.2071,366.6104,24453.3145,0.9827,0.05381,0.6257,-0.5847,0.4785,SHAKE1
-372.3117,372.9484,345.8124,0.3853,630.3116,63.9339,0.2438,467.1909,16801.1074,0.8025,0.074288,0.5316,-0.438,0.3922,SHAKE1
-400.2494,380.4462,379.0468,0.2528,669.7875,39.4759,0.1325,548.1212,10295.208,0.622,0.077188,0.4067,-0.2474,0.2905,SHAKE1
-422.5995,360.7007,405.6344,0.5575,687.9205,18.1329,0.3047,608.2097,5432.1064,0.5322,0.040408,0.2352,-0.0277,0.1591,SHAKE1
-440.4796,341.1762,398.8044,0.9753,685.1777,2.7428,0.4179,647.915,2085.1108,0.56,0.06043,0.0138,0.202,-0.0115,SHAKE1
-454.7837,315.5316,309.3779,1.3546,634.116,51.0617,0.3792,661.4626,609.9897,0.7051,0.164689,-0.249,0.414,-0.2187,SHAKE1
-427.33,273.1097,148.1867,1.6232,528.3552,105.7608,0.2687,641.0714,3543.6289,0.9527,0.251527,-0.5292,0.5801,-0.4461,SHAKE1
-256.9484,190.8253,16.1494,1.7344,320.4646,207.8905,0.1112,571.2068,19055.3789,1.249,0.187982,-0.7808,0.6785,-0.6667,SHAKE1
-103.1619,62.1852,-89.4805,1.6589,150.0538,170.4109,0.0756,463.6335,40232.9141,1.4693,0.077416,-0.9609,0.7079,-0.8395,SHAKE1
19.8674,-52.6518,-173.9844,1.449,182.8593,32.8055,0.2098,363.1697,36090.4219,1.564,0.019726,-1.0449,0.6759,-0.9376,SHAKE1
118.2908,-144.5215,-241.5876,1.1877,305.3583,122.4991,0.2613,297.4182,17753.2187,1.5307,0.038166,-1.0352,0.5976,-0.9509,SHAKE1
197.0295,-218.0172,-295.67,0.9068,416.8607,111.5024,0.2809,275.1194,9442.9082,1.3874,0.093758,-0.9479,0.4909,-0.883,SHAKE1
260.0205,-276.8138,-338.936,0.6325,509.0326,92.1718,0.2743,312.8329,18552.4336,1.167,0.135054,-0.8123,0.3709,-0.7474,SHAKE1
310.4133,-323.851,-373.5488,0.403,583.759,74.7265,0.2295,399.574,20409.2012,0.9158,0.140302,-0.6579,0.2501,-0.576,SHAKE1
350.7275,-349.7558,-401.2391,0.2401,637.4415,53.6824,0.1629,490.4904,14066.5342,0.674,0.11629,-0.5076,0.1373,-0.3881,SHAKE1
382.9789,-267.6828,-423.3913,0.2246,630.545,6.8964,0.0155,555.5277,6904.9595,0.4814,0.066818,-0.3653,0.0405,-0.1989,SHAKE1
408.78,-111.7494,-441.113,0.3206,611.6941,18.851,0.096,594.4944,2171.7805,0.3642,0.022056,-0.2314,-0.0375,-0.0246,SHAKE1
429.4209,12.9974,-455.2904,0.4468,625.9877,14.2936,0.1262,617.8854,362.2589,0.327,0.007639,-0.1055,-0.1019,0.1263,SHAKE1
445.9336,89.7604,-466.6323,0.5761,651.659,25.6713,0.1293,631.4655,173.0504,0.3617,0.017694,0.0186,-0.1545,0.2539,SHAKE1
459.1438,76.7833,-475.7059,0.7176,665.586,13.927,0.1415,637.0944,367.0656,0.4572,0.030965,0.1435,-0.2,0.359,SHAKE1
469.7119,-28.0452,-482.9647,0.8764,674.2927,8.7067,0.1587,645.8439,558.6761,0.5875,0.038306,0.2654,-0.2517,0.4481,SHAKE1
394.0633,-106.1924,-427.0405,1.0384,590.6998,83.5929,0.162,641.645,915.9777,0.731,0.04411,0.3801,-0.3162,0.533,SHAKE1
212.8506,-98.1977,-290.8199,1.1393,373.5297,217.1702,0.1009,591.1534,12694.7168,0.8695,0.042095,0.4807,-0.3856,0.6114,SHAKE1
67.8805,-0.8707,-130.259,1.1581,146.8875,226.6422,0.0188,490.1991,41245.2031,0.9859,0.027976,0.5545,-0.4554,0.6748,SHAKE1
-48.0956,101.7003,-1.8104,1.1179,112.5141,34.3734,0.0402,379.5848,51386.7578,1.066,0.010653,0.5957,-0.5175,0.715,SHAKE1
-140.8765,183.7572,100.9486,1.0279,252.5935,140.0794,0.09,295.2449,30128.3437,1.0963,0.002832,0.604,-0.5581,0.7232,SHAKE1
-215.1012,249.4026,183.1557,0.9151,376.8504,124.2569,0.1129,252.4751,12172.249,1.0716,0.008121,0.5805,-0.5684,0.6975,SHAKE1
-274.4809,301.9189,248.9215,0.7816,477.9715,101.1211,0.1335,273.3634,18974.8086,1.0001,0.018915,0.5339,-0.5453,0.6458,SHAKE1
-321.9847,343.932,301.5341,0.6228,559.3623,81.3908,0.1588,355.8584,25329.2383,0.8931,0.030934,0.476,-0.4871,0.577,SHAKE1
-359.9878,377.5425,343.6241,0.4458,624.6656,65.3033,0.177,458.2887,17445.4512,0.7586,0.04276,0.4113,-0.3937,0.4966,SHAKE1
-390.3902,404.4309,377.2962,0.2882,676.9943,52.3287,0.1576,543.1688,11345.1475,0.6107,0.050629,0.3378,-0.256,0.4055,SHAKE1
-414.7122,425.9416,404.2338,0.3781,718.9002,41.9059,0.0899,611.5787,7309.1641,0.5033,0.031392,0.2434,-0.0767,0.2808,SHAKE1
-434.1697,443.1502,425.7839,0.7231,752.4476,33.5474,0.345,666.474,4694.2998,0.4916,0.025431,0.112,0.1258,0.1091,SHAKE1
-449.7358,456.917,409.7022,1.1221,760.8491,8.4015,0.3989,706.7714,2557.1704,0.5915,0.091508,-0.0584,0.3291,-0.1153,SHAKE1
-358.6105,467.9305,286.3242,1.4303,655.3945,105.4545,0.3082,712.9171,1699.0439,0.7884,0.189217,-0.253,0.5092,-0.3776,SHAKE1
-184.4915,389.9163,126.6594,1.6103,449.5714,205.8231,0.18,667.4326,13242.2998,1.0528,0.204398,-0.4466,0.634,-0.6559,SHAKE1
-45.1963,209.5331,-1.0725,1.6325,214.3548,235.2167,0.0222,566.5235,43585.7734,1.3036,0.117634,-0.6041,0.6916,-0.9015,SHAKE1
66.2398,65.2264,-103.258,1.4822,138.9403,75.4144,0.1503,443.822,58182.043,1.4555,0.033563,-0.6948,0.6869,-1.0675,SHAKE1
155.3887,-50.2188,-185.0064,1.2492,246.769,107.8287,0.233,341.006,35275.6563,1.4809,0.019196,-0.7112,0.63,-1.1303,SHAKE1
226.7079,-142.5751,-250.4051,0.991,366.6426,119.8736,0.2582,283.2556,12303.9678,1.393,0.058968,-0.6684,0.5383,-1.0944,SHAKE1
283.7632,-216.4601,-302.7241,0.7331,467.994,101.3513,0.2579,286.9401,13583.8574,1.2176,0.105846,-0.5893,0.427,-0.9737,SHAKE1
329.4074,-275.5681,-344.5793,0.496,550.6196,82.6256,0.2371,354.1931,21912.5352,0.9903,0.123894,-0.4926,0.3049,-0.7982,SHAKE1
365.9228,-322.8545,-378.0634,0.3078,617.3058,66.6862,0.1882,449.8662,17338.0996,0.7554,0.113493,-0.3932,0.1807,-0.6064,SHAKE1
395.1351,-360.6836,-404.8507,0.1926,670.9162,53.6104,0.1152,534.6956,11664.9941,0.5441,0.083427,-0.2935,0.063,-0.4164,SHAKE1
418.505,-390.9468,-426.2806,0.2558,713.9335,43.0173,0.0632,604.1538,7617.4351,0.397,0.03849,-0.191,-0.044,-0.2338,SHAKE1
437.2009,-246.4044,-443.4245,0.4444,669.6902,44.2432,0.1886,644.493,3141.2864,0.3393,0.01302,-0.082,-0.1396,-0.057,SHAKE1
452.1576,-94.7266,-457.1396,0.6406,649.9202,19.7701,0.1962,664.3531,990.3065,0.3682,0.025431,0.0358,-0.2172,0.114,SHAKE1
464.123,26.6156,-468.1117,0.8155,659.7325,9.8124,0.1749,672.8385,479.8839,0.4698,0.054397,0.1665,-0.2796,0.2721,SHAKE1
473.6953,123.6893,-476.8893,0.9599,683.4542,23.7217,0.1444,675.3461,495.3954,0.6233,0.063526,0.2959,-0.3377,0.4131,SHAKE1
392.425,146.9515,-483.9115,1.0702,640.1268,43.3274,0.1102,660.5848,227.7818,0.7861,0.049937,0.4149,-0.3985,0.5294,SHAKE1
211.54,82.8581,-359.3073,1.1377,425.1075,215.0193,0.0675,611.6683,8908.2852,0.9248,0.032078,0.5146,-0.4622,0.6108,SHAKE1
66.832,18.9239,-185.049,1.1635,197.6556,227.4518,0.0258,521.2153,34715.1992,1.0294,0.016388,0.5851,-0.5295,0.6582,SHAKE1
-48.9344,25.2142,-45.6423,1.1567,71.5091,126.1465,0.0067,403.5706,57484.668,1.0976,0.005829,0.6201,-0.5927,0.682,SHAKE1
-141.5475,122.5682,65.883,1.1045,198.4924,126.9833,0.0522,306.5783,40821.6055,1.1265,0.001212,0.6261,-0.6358,0.6857,SHAKE1
-215.638,200.4514,155.1033,0.9895,332.7726,134.2801,0.115,245.1075,14929.2422,1.1104,0.00407,0.6088,-0.6476,0.6648,SHAKE1
-274.9104,262.758,226.4795,0.8316,442.6178,109.8452,0.1579,248.6095,16239.0391,1.0492,0.015717,0.5737,-0.6236,0.6182,SHAKE1
-322.3283,312.6033,283.5805,0.6555,531.069,88.4512,0.1761,315.2922,27229.875,0.9476,0.033774,0.5259,-0.5674,0.5457,SHAKE1
-360.2627,317.7827,329.2613,0.4649,582.3985,51.3295,0.1906,417.47,19172.6777,0.8092,0.052471,0.4668,-0.4819,0.4483,SHAKE1
-390.6101,339.8386,365.8059,0.2346,633.9405,51.542,0.2303,504.5596,11369.7275,0.6352,0.070801,0.3937,-0.3607,0.3271,SHAKE1
-414.8881,374.2678,395.0416,0.25,684.2999,50.3594,0.0154,574.8651,6986.0186,0.4873,0.0535,0.2861,-0.2008,0.1824,SHAKE1
-434.3105,401.8111,418.4302,0.6293,724.6803,40.3804,0.3792,631.2776,4794.6914,0.4469,0.032187,0.1424,-0.0177,0.0086,SHAKE1
-418.5234,423.8458,320.291,1.0054,676.3087,48.3716,0.3761,660.3256,2348.1123,0.5169,0.080974,-0.0279,0.1793,-0.1939,SHAKE1
-437.2187,441.4735,153.8328,1.3088,640.0966,36.2121,0.3034,671.8652,1082.2664,0.6856,0.177382,-0.2129,0.3755,-0.4175,SHAKE1
-452.175,387.5132,20.6663,1.4842,595.8656,44.231,0.1754,664.2502,1891.8092,0.9355,0.201786,-0.3966,0.5322,-0.6464,SHAKE1
-341.8494,215.6918,-85.867,1.5289,413.2276,182.638,0.0447,610.0358,11474.6699,1.1913,0.112799,-0.5457,0.6217,-0.8505,SHAKE1
-171.0826,70.1535,-171.0936,1.4558,251.9202,161.3074,0.0731,515.4837,25555.2617,1.3566,0.036285,-0.6436,0.6454,-0.9975,SHAKE1
-34.4692,-46.2772,-239.2749,1.3028,246.1345,5.7857,0.1529,429.4489,27490.1406,1.4161,0.008656,-0.6886,0.6121,-1.0684,SHAKE1
74.8215,-139.4218,-293.8199,1.0957,333.7167,87.5822,0.2071,368.1729,16693.8398,1.3735,0.025066,-0.6877,0.5343,-1.0572,SHAKE1
162.2541,-213.9374,-337.4559,0.893,431.2448,97.5281,0.2028,335.2488,6036.6616,1.2552,0.054813,-0.652,0.4395,-0.9754,SHAKE1
232.2001,-273.55,-372.3647,0.6999,517.1093,85.8644,0.193,356.0251,11003.5127,1.0894,0.07402,-0.5915,0.3463,-0.8442,SHAKE1
288.157,-321.24,-400.2918,0.5059,588.6111,71.5019,0.194,423.3633,15120.7686,0.8995,0.079191,-0.5146,0.2654,-0.6853,SHAKE1
332.9225,-359.392,-422.6335,0.2937,647.0078,58.3966,0.2122,503.5379,12414.1514,0.6976,0.079311,-0.4257,0.1956,-0.513,SHAKE1
368.7349,-389.9136,-440.5068,0.071,694.2941,47.2863,0.2227,575.6534,8723.2402,0.4927,0.084157,-0.3182,0.1332,-0.3336,SHAKE1
397.3848,-414.3309,-454.8054,0.3077,732.4156,38.1216,0.2367,635.8876,5839.1992,0.3756,0.04526,-0.1886,0.072,-0.1425,SHAKE1
358.4578,-289.6897,-466.2443,0.589,655.5882,76.8275,0.2813,663.5834,2328.1077,0.3535,0.032837,-0.0351,0.0063,0.0534,SHAKE1
364.4631,-129.3549,-475.3954,0.8058,612.8351,42.7531,0.2168,668.4281,1695.5465,0.4134,0.065513,0.139,-0.0684,0.2347,SHAKE1
393.9674,-1.087,-482.7164,1.0054,623.0783,10.2432,0.1996,663.6422,1992.1967,0.5558,0.11247,0.3207,-0.1631,0.3936,SHAKE1
417.5708,101.5273,-488.5731,1.1808,650.6741,27.5958,0.1753,654.9182,1761.8167,0.7777,0.094318,0.4916,-0.2742,0.5232,SHAKE1
436.4535,133.8906,-424.1304,1.3053,623.1412,27.533,0.1245,633.0634,284.9684,0.9772,0.065986,0.6369,-0.3917,0.6179,SHAKE1
285.8441,167.0874,-237.9949,1.3607,407.7581,215.3831,0.0555,583.4973,7879.2017,1.1316,0.041427,0.744,-0.5051,0.6797,SHAKE1
126.2752,236.0668,-87.9991,1.3391,281.8099,125.9481,0.0216,517.2924,21527.0137,1.2382,0.017437,0.802,-0.6017,0.7229,SHAKE1
-1.3798,291.2504,31.9976,1.2509,293.006,11.1961,0.0882,451.2778,24991.8398,1.2873,0.004215,0.815,-0.6581,0.7462,SHAKE1
-103.5038,335.3972,127.995,1.1271,373.6135,80.6075,0.1238,395.8657,15175.9121,1.2766,0.006962,0.7879,-0.6712,0.7461,SHAKE1
-185.2031,370.7146,204.7929,0.9721,462.2441,88.6306,0.155,363.6863,4690.7905,1.21,0.020904,0.7312,-0.6421,0.7183,SHAKE1
-250.5625,398.9686,266.2312,0.783,541.1437,78.8996,0.1891,390.3634,9888.8809,1.0944,0.039481,0.6545,-0.5698,0.6653,SHAKE1
-302.85,418.7874,315.3818,0.5799,605.4474,64.3038,0.2031,455.0909,12594.6846,0.9426,0.057401,0.5676,-0.462,0.5891,SHAKE1
-344.68,386.7674,354.7023,0.3738,627.8591,22.4117,0.2061,522.0616,8825.085,0.7672,0.072326,0.4682,-0.3173,0.4958,SHAKE1
-378.144,411.8108,386.1588,0.3438,679.4848,51.6257,0.03,583.2358,5631.8408,0.6105,0.05772,0.3433,-0.1298,0.3718,SHAKE1
-404.9152,431.8455,411.3239,0.6517,720.8566,41.3718,0.3079,634.9583,3816.7188,0.5464,0.027803,0.1759,0.0796,0.2044,SHAKE1
-354.1728,447.8733,431.456,1.0473,715.6697,5.1869,0.3956,669.8635,2140.9724,0.5993,0.063986,-0.028,0.2935,-0.0048,SHAKE1
-354.2538,423.9143,301.596,1.357,629.4118,86.2579,0.3097,674.6564,1615.3832,0.7547,0.154577,-0.2537,0.4918,-0.243,SHAKE1
-332.1812,236.7314,138.8768,1.5234,430.8978,198.514,0.1665,635.2641,11509.2871,0.9846,0.190878,-0.4766,0.6434,-0.4903,SHAKE1
-209.7512,86.9852,8.7015,1.5229,227.2393,203.6585,0.0005,544.8151,36234.0039,1.2205,0.11108,-0.6633,0.7212,-0.7025,SHAKE1
-65.4041,-32.8119,-95.4388,1.4103,120.2617,106.9776,0.1127,424.696,51656.4141,1.3722,0.030571,-0.7828,0.7387,-0.8402,SHAKE1
50.0736,-128.6495,-178.3823,1.2397,225.5622,105.3005,0.1706,326.6746,33045.9297,1.4107,0.011486,-0.8347,0.7064,-0.8861,SHAKE1
142.4557,-205.3196,-245.1059,1.051,350.0381,124.4759,0.1887,270.7999,11703.1465,1.3495,0.033039,-0.8324,0.6403,-0.8429,SHAKE1
216.3615,-266.6557,-298.4847,0.8621,454.9843,104.9462,0.1888,275.6171,13338.4502,1.2172,0.05699,-0.7932,0.5564,-0.7275,SHAKE1
275.4861,-315.7246,-341.1878,0.6697,540.3552,85.3709,0.1924,338.2403,22965.9512,1.0466,0.069121,-0.7282,0.4676,-0.5702,SHAKE1
322.7857,-354.9797,-375.3502,0.4937,609.1707,68.8156,0.1761,436.0221,18582.4023,0.8632,0.070199,-0.6475,0.3751,-0.3984,SHAKE1
360.6255,-386.3837,-402.6802,0.3236,664.4505,55.2798,0.17,523.7997,12454.7207,0.68,0.066523,-0.5473,0.2797,-0.2295,SHAKE1
390.8972,-411.507,-424.5441,0.2613,708.7852,44.3347,0.0623,595.5491,8112.0405,0.5221,0.049122,-0.4248,0.1822,-0.0681,SHAKE1
415.1147,-431.6056,-442.0353,0.3763,744.311,35.5258,0.115,653.4145,5237.9595,0.4249,0.020809,-0.2722,0.0892,0.0802,SHAKE1
434.4886,-398.9282,-456.0283,0.5545,745.5775,1.2665,0.1782,694.459,2695.6323,0.4019,0.011649,-0.0978,0.0035,0.2103,SHAKE1
449.9878,-274.4488,-467.2226,0.7444,704.3494,41.2281,0.1899,713.4948,898.0198,0.452,0.030912,0.0928,-0.0805,0.3216,SHAKE1
462.3871,-132.9184,-476.1781,0.9255,676.9156,27.4338,0.1811,715.9877,678.3442,0.5724,0.057954,0.2855,-0.1685,0.4128,SHAKE1
397.5472,-24.0629,-483.3425,1.1212,626.2928,50.6227,0.1957,699.4892,2004.804,0.7444,0.069259,0.4737,-0.2712,0.4793,SHAKE1
317.5628,61.5997,-489.074,1.2994,586.3736,39.9193,0.1782,667.9018,3164.2693,0.929,0.069691,0.6397,-0.3941,0.5266,SHAKE1
232.7033,146.9579,-288.8623,1.3959,398.9848,187.3888,0.0965,598.5833,11615.7725,1.0973,0.056926,0.7734,-0.5244,0.5599,SHAKE1
84.8564,218.9913,-128.693,1.3993,267.8053,131.1795,0.0034,511.2745,23638.457,1.2282,0.03311,0.8655,-0.64,0.5815,SHAKE1
-34.5149,277.5899,-0.5575,1.3217,279.728,11.9227,0.0775,431.8369,22563.4922,1.3075,0.010244,0.9128,-0.72,0.5946,SHAKE1
-130.0119,324.4688,101.9509,1.1996,364.1114,84.3834,0.1221,379.4006,13168.6543,1.3232,0.005382,0.9137,-0.7435,0.6011,SHAKE1
-206.4095,361.9719,183.9576,1.0415,455.4876,91.3763,0.1581,353.2234,5073.6909,1.2716,0.018474,0.8761,-0.6967,0.5975,SHAKE1
-267.5276,391.9744,249.5629,0.8765,536.1871,80.6995,0.165,380.6639,10597.0352,1.1677,0.03581,0.8123,-0.5826,0.5842,SHAKE1
-316.4221,415.9764,302.0472,0.7374,603.6488,67.4617,0.1392,447.8326,13482.4453,1.0354,0.044608,0.7306,-0.4086,0.5611,SHAKE1
-355.5377,435.178,344.0347,0.6596,658.8982,55.2494,0.0778,523.6666,10989.5508,0.9029,0.038907,0.6265,-0.187,0.5229,SHAKE1
-386.8301,450.5393,377.6246,0.625,703.7213,44.8231,0.0347,591.5886,7768.5132,0.788,0.023549,0.4746,0.0566,0.4511,SHAKE1
-411.8641,462.8283,404.4966,0.7876,739.9052,36.1839,0.1626,648.4721,5227.6436,0.7372,0.008115,0.2752,0.2972,0.3263,SHAKE1
-431.8913,472.6595,345.6035,1.1169,727.5843,12.3209,0.3293,686.7515,2492.4929,0.7853,0.030753,0.0383,0.515,0.1239,SHAKE1
-447.913,480.5245,239.0641,1.4566,699.0576,28.5267,0.3397,705.8333,777.4543,0.9291,0.099742,-0.2272,0.69,-0.1372,SHAKE1
-442.2617,407.5165,88.8513,1.6709,607.9142,91.1434,0.2143,695.6365,2150.5293,1.1314,0.154355,-0.4876,0.7995,-0.4327,SHAKE1
-290.8656,223.6132,-31.319,1.7644,368.2208,239.6934,0.0935,628.5364,19075.2461,1.3593,0.131269,-0.6915,0.8449,-0.7288,SHAKE1
-130.2956,76.4906,-127.4552,1.6518,197.6678,170.5529,0.1127,520.089,41963.3359,1.5321,0.053133,-0.8188,0.8309,-0.9615,SHAKE1
-1.8396,-41.2075,-204.3642,1.418,208.4854,10.8176,0.2337,416.2691,41993.2852,1.5924,0.017626,-0.8668,0.7647,-1.08,SHAKE1
100.9252,-135.366,-265.8913,1.1451,314.9731,106.4877,0.2729,339.4523,22150.7617,1.53,0.05007,-0.8405,0.6562,-1.0901,SHAKE1
183.137,-210.6928,-315.1131,0.8678,420.9832,106.0101,0.2773,302.0661,7668.1338,1.3694,0.108016,-0.7598,0.5229,-1.0081,SHAKE1
248.9065,-270.9543,-354.4904,0.6128,510.915,89.9318,0.255,330.6049,14701.9531,1.1391,0.138257,-0.6478,0.3809,-0.8504,SHAKE1
301.5221,-319.1634,-385.9924,0.4097,584.6118,73.6968,0.203,407.9937,18082.375,0.8907,0.130377,-0.5263,0.2405,-0.6653,SHAKE1
343.6146,-357.7307,-411.1939,0.2565,644.3002,59.6884,0.1532,495.1566,13692.4277,0.6584,0.101222,-0.4078,0.1091,-0.4784,SHAKE1
377.2885,-388.5846,-431.3551,0.2069,692.3958,48.0956,0.0496,570.6412,9281.9434,0.4707,0.059405,-0.2898,-0.0064,-0.3012,SHAKE1
404.2277,-413.2177,-447.4841,0.326,731.0204,38.6247,0.1191,632.6486,6101.8198,0.3624,0.020326,-0.1705,-0.1034,-0.1326,SHAKE1
425.7791,-325.1679,-460.3873,0.5153,706.384,24.6364,0.1893,671.7425,2697.061,0.3429,0.012086,-0.0468,-0.1835,0.0287,SHAKE1
443.0201,-195.3781,-470.7098,0.7367,675.283,31.101,0.2214,689.8766,852.3683,0.4083,0.037936,0.0895,-0.2542,0.1846,SHAKE1
456.813,-96.7775,-478.9678,0.9357,668.9202,6.3629,0.199,694.8007,500.5139,0.5441,0.070508,0.2304,-0.3271,0.3304,SHAKE1
389.8879,-71.4626,-463.0399,1.089,609.5289,59.3913,0.1534,678.2273,1678.9368,0.7206,0.076023,0.3632,-0.4087,0.4607,SHAKE1
221.2635,-78.5857,-299.6382,1.1755,380.6787,228.8502,0.0865,608.1589,13918.9766,0.8905,0.057419,0.4771,-0.4958,0.5628,SHAKE1
74.6108,-85.1592,-137.3137,1.1891,177.9716,202.707,0.0136,502.4765,37832.7813,1.0252,0.028952,0.5604,-0.5805,0.6306,SHAKE1
-42.7114,-60.4242,-7.4541,1.1565,74.3701,103.6015,0.0325,382.2939,54071.5195,1.1092,0.008708,0.6016,-0.6519,0.6636,SHAKE1
-136.5691,37.9106,96.4336,1.0996,171.4286,97.0585,0.057,282.7956,36633.5156,1.1419,0.001632,0.6058,-0.6996,0.6668,SHAKE1
-211.6553,132.7254,179.5438,1.0167,307.6523,136.2237,0.0829,222.4203,11760.9805,1.1275,0.004002,0.5819,-0.7162,0.646,SHAKE1
-271.7242,208.5772,246.0319,0.9064,421.7466,114.0943,0.1103,230.6339,14630.5723,1.0736,0.01042,0.5383,-0.7001,0.6095,SHAKE1
-319.7794,269.2586,299.2224,0.769,514.0944,92.3478,0.1373,297.8584,25626.7461,0.9896,0.019254,0.4852,-0.6523,0.5637,SHAKE1
-358.2235,317.8038,341.7748,0.6063,588.331,74.2366,0.1628,400.6506,21945.9727,0.8796,0.030966,0.4295,-0.57,0.5117,SHAKE1
-388.9788,356.6399,375.8167,0.4247,647.8694,59.5384,0.1815,495.9387,14581.0254,0.7446,0.044449,0.3736,-0.4464,0.4509,SHAKE1
-413.5831,345.8463,403.0503,0.3101,673.1345,25.2651,0.1146,569.0352,8427.248,0.6033,0.047435,0.3,-0.2622,0.3706,SHAKE1
-433.2664,379.0739,424.8371,0.5309,715.4743,42.3398,0.2208,627.7807,4926.3086,0.5282,0.024474,0.1755,-0.0417,0.2613,SHAKE1
-449.0132,405.656,423.9385,0.8889,738.846,23.3717,0.358,672.7311,2787.9617,0.5522,0.038318,0.0021,0.1938,0.1149,SHAKE1
-374.3481,426.9217,347.232,1.2676,665.5589,73.2871,0.3788,688.1766,1135.0099,0.6845,0.122615,-0.2134,0.4247,-0.0831,SHAKE1
-310.2316,443.9342,200.0325,1.5761,577.3511,88.2078,0.3084,674.073,3067.6226,0.9147,0.2151,-0.4578,0.6226,-0.3243,SHAKE1
-208.3759,346.8068,57.626,1.7324,408.6761,168.6749,0.1563,621.1813,14357.0107,1.1992,0.194781,-0.6884,0.7437,-0.5793,SHAKE1
-64.3038,175.0454,-56.2992,1.6912,194.796,213.8802,0.0412,517.0456,38095.4258,1.4312,0.100025,-0.8498,0.7917,-0.803,SHAKE1
50.9538,37.6363,-147.4394,1.4945,160.4716,34.3243,0.1967,401.3708,40304.668,1.5524,0.027329,-0.9301,0.7748,-0.9551,SHAKE1
143.1599,-72.2909,-220.3515,1.2369,272.5354,112.0637,0.2576,322.7661,23486.6016,1.5462,0.030986,-0.9312,0.7017,-1.008,SHAKE1
216.9248,-160.2328,-278.6812,0.9688,387.8068,115.2715,0.2681,284.8572,9932.874,1.4247,0.082736,-0.866,0.5906,-0.9615,SHAKE1
275.9367,-230.5862,-325.345,0.7142,484.9334,97.1266,0.2546,300.1087,14640.1387,1.2211,0.123314,-0.7611,0.4612,-0.8322,SHAKE1
323.1462,-286.869,-362.676,0.4916,564.1375,79.2041,0.2226,373.977,20907.709,0.9812,0.127998,-0.6409,0.3286,-0.6575,SHAKE1
360.9139,-331.8952,-392.5408,0.3124,628.0936,63.9561,0.1792,467.5013,15959.0469,0.7448,0.10886,-0.5208,0.2001,-0.4684,SHAKE1
391.128,-367.9162,-416.4326,0.2302,679.5289,51.4354,0.0822,548.9,10722.0908,0.5434,0.072854,-0.4018,0.0836,-0.2771,SHAKE1
415.2993,-349.4798,-435.5461,0.3244,695.9239,16.395,0.0943,610.5234,6057.6426,0.4146,0.029654,-0.2805,-0.0183,-0.0923,SHAKE1
434.6363,-254.8745,-450.8369,0.4826,676.1091,19.8148,0.1582,648.7586,2301.4402,0.3682,0.010478,-0.1539,-0.1073,0.0782,SHAKE1
450.106,-178.8246,-463.0695,0.6508,670.0798,6.0293,0.1682,669.9471,511.2623,0.4001,0.022388,-0.0205,-0.1898,0.2303,SHAKE1
462.4817,-163.6222,-472.8556,0.8356,681.3618,11.282,0.1848,680.6007,73.4782,0.5047,0.047835,0.1232,-0.2723,0.36,SHAKE1
455.0853,-194.4259,-480.6845,1.0227,689.8997,8.5379,0.1871,682.6749,86.2406,0.6632,0.061299,0.2656,-0.3642,0.4685,SHAKE1
391.0808,-223.4188,-419.0194,1.1884,615.1727,74.7271,0.1657,666.5246,701.6126,0.836,0.063644,0.398,-0.4679,0.5583,SHAKE1
249.6771,-176.5351,-252.4749,1.3021,396.5437,218.629,0.1138,610.6115,12134.9102,0.9999,0.055254,0.5113,-0.5771,0.6324,SHAKE1
97.3417,-54.4312,-99.5831,1.3186,149.5157,247.028,0.0165,506.4987,43110.0078,1.1335,0.033349,0.595,-0.6743,0.6881,SHAKE1
-24.5266,58.8519,22.7304,1.2594,67.6888,81.8269,0.0592,383.7641,60441.6328,1.2183,0.011587,0.6413,-0.7433,0.7204,SHAKE1
-122.0213,149.4784,120.5812,1.1544,227.5364,159.8476,0.105,291.2915,38028.0547,1.2446,0.004062,0.6538,-0.772,0.7246,SHAKE1
-200.0171,221.9796,198.8618,1.0189,358.9259,131.3895,0.1354,240.0421,15336.6348,1.2107,0.012465,0.637,-0.7539,0.701,SHAKE1
-262.4137,276.3493,261.4864,0.8495,462.1742,103.2483,0.1694,253.1682,20134.3242,1.1202,0.028688,0.5992,-0.6809,0.6548,SHAKE1
-312.3309,279.1545,311.586,0.6885,522.0763,59.9021,0.1611,327.6804,26895.8086,0.9942,0.042205,0.5537,-0.5575,0.596,SHAKE1
-352.2647,263.2549,351.6656,0.5249,563.0828,41.0065,0.1635,426.7591,14642.9531,0.8473,0.050584,0.4967,-0.385,0.5253,SHAKE1
-384.2118,313.0008,383.7294,0.4375,626.7667,63.6838,0.0875,506.6052,8330.2285,0.7039,0.044742,0.4061,-0.165,0.4265,SHAKE1
-409.7694,352.7975,409.3804,0.6603,678.2104,51.4438,0.2228,570.4621,5780.3643,0.6321,0.020122,0.2529,0.0792,0.2768,SHAKE1
-430.2155,384.6349,255.0012,1.0627,630.916,47.2944,0.4024,604.2104,3027.0942,0.6748,0.045924,0.0466,0.3215,0.0716,SHAKE1
-446.5724,344.1485,101.601,1.4752,572.8769,58.0391,0.4126,614.3706,1771.0208,0.8321,0.149276,-0.2108,0.5433,-0.1875,SHAKE1
-380.2767,270.3282,-21.1192,1.7375,467.0479,105.829,0.2623,595.1636,5216.8203,1.0746,0.235538,-0.4868,0.7144,-0.4757,SHAKE1
-201.8245,113.8626,-119.2954,1.8066,260.6323,206.4156,0.069,521.9367,22037.1328,1.3485,0.186509,-0.7374,0.8076,-0.7416,SHAKE1
-59.0627,-11.31,-197.8363,1.6814,206.7741,53.8582,0.1251,427.6495,28128.2402,1.5527,0.07226,-0.8945,0.8379,-0.9349,SHAKE1
55.1467,-111.448,-260.669,1.4331,288.8082,82.0341,0.2483,359.2279,19038.6465,1.6268,0.021608,-0.956,0.8139,-1.0278,SHAKE1
146.5142,-191.5584,-310.9352,1.1347,393.4994,104.6912,0.2984,323.3524,8857.3223,1.5587,0.0608,-0.9233,0.7429,-1.0108,SHAKE1
219.6083,-255.6467,-351.1482,0.795,486.7115,93.2121,0.3397,327.2851,10049.415,1.3702,0.135498,-0.8192,0.6403,-0.8914,SHAKE1
278.0835,-306.9174,-383.3185,0.4607,564.3242,77.6127,0.3344,388.0235,16709.2559,1.101,0.19039,-0.6623,0.5264,-0.6991,SHAKE1
324.8637,-347.9339,-409.0548,0.2394,627.6307,63.3065,0.2213,472.1947,14536.498,0.8126,0.188307,-0.4926,0.41,-0.4625,SHAKE1
362.2878,-359.8003,-429.6439,0.3148,667.3099,39.6793,0.0754,547.8951,9693.8105,0.5889,0.110831,-0.3235,0.2992,-0.2112,SHAKE1
392.2272,-260.1183,-446.1151,0.5384,648.477,18.8329,0.2237,598.8906,4348.999,0.4697,0.037539,-0.1587,0.1912,0.0399,SHAKE1
416.1786,-105.6978,-459.2921,0.7539,628.7495,19.7275,0.2155,627.2982,1203.4839,0.4614,0.032462,0.0038,0.0875,0.2694,SHAKE1
435.3398,17.8386,-469.8336,0.9281,640.7672,12.0178,0.1742,642.5868,212.8793,0.5549,0.067282,0.1605,-0.0145,0.4624,SHAKE1
442.2812,24.1522,-478.2669,1.0699,651.8705,11.1033,0.1418,647.4349,161.8764,0.721,0.072816,0.3072,-0.1256,0.6125,SHAKE1
251.425,-28.9877,-485.0135,1.1711,547.0767,104.7938,0.1012,623.3882,1518.9812,0.8923,0.05099,0.4423,-0.2484,0.7136,SHAKE1
98.74,-58.8714,-412.5702,1.2359,428.2868,118.7899,0.0648,579.3502,7066.6509,1.0318,0.030097,0.5571,-0.3772,0.763,SHAKE1
-23.408,-46.8877,-238.0499,1.2401,243.7502,184.5366,0.0042,502.3503,23175.0801,1.129,0.013878,0.6392,-0.5011,0.7652,SHAKE1
-121.1264,33.9648,-88.0431,1.19,153.5474,90.2028,0.0501,404.9063,34180.6016,1.1814,0.003806,0.6837,-0.6074,0.7294,SHAKE1
-199.3011,129.5687,31.9624,1.1049,239.8554,86.308,0.0851,322.5033,20640.4414,1.1884,0.002442,0.6931,-0.6848,0.664,SHAKE1
-261.8409,206.0519,127.9668,0.9991,356.9223,117.0669,0.1058,284.4724,9344.3828,1.154,0.008369,0.6667,-0.7277,0.5854,SHAKE1
-311.8727,267.2384,204.7703,0.8822,458.9247,102.0023,0.1168,290.6,11257.0342,1.0833,0.016797,0.6143,-0.7305,0.5045,SHAKE1
-351.8982,316.0751,266.2131,0.7452,542.7755,83.8508,0.137,350.4051,19959.9023,0.9843,0.024934,0.5469,-0.6935,0.4315,SHAKE1
-383.9185,334.1413,315.3674,0.5847,598.7491,55.9736,0.1605,439.4454,16616.0898,0.8632,0.03374,0.4741,-0.6166,0.3725,SHAKE1
-409.5349,321.7725,354.6908,0.3806,630.1284,31.3793,0.2042,517.4999,9828.3379,0.7184,0.047663,0.4007,-0.4903,0.3233,SHAKE1
-430.0279,280.1398,386.1495,0.2547,642.2723,12.1439,0.1259,574.5699,4527.9424,0.5695,0.052736,0.3128,-0.3081,0.2686,SHAKE1
-446.4223,301.8025,411.3165,0.4844,677.9077,35.6354,0.2297,618.3666,2070.7676,0.4899,0.028295,0.1872,-0.0856,0.1909,SHAKE1
-459.5378,343.8389,367.4032,0.8383,681.4583,3.5505,0.3539,646.1031,954.7576,0.5086,0.039193,0.0208,0.1555,0.0717,SHAKE1
-470.0303,377.468,314.4757,1.2237,679.9305,1.5278,0.3854,662.3395,471.5167,0.6364,0.123988,-0.1917,0.3872,-0.1069,SHAKE1
-478.4242,377.9275,218.2024,1.5679,647.5579,32.3726,0.3442,665.8253,295.5538,0.8738,0.228083,-0.4398,0.5766,-0.3384,SHAKE1
-369.3238,263.9045,72.1619,1.7575,459.6227,187.9353,0.1896,629.2953,7354.0781,1.1744,0.217268,-0.6796,0.6944,-0.5942,SHAKE1
-193.0621,108.7236,-44.6704,1.7429,226.0293,233.5933,0.0146,538.9197,31238.3867,1.4261,0.12335,-0.8597,0.74,-0.8287,SHAKE1
-52.0528,-15.4211,-138.1364,1.5463,148.4216,77.6078,0.1966,432.3124,46307.582,1.5677,0.037105,-0.9601,0.723,-0.9903,SHAKE1
60.7546,-114.7369,-212.9091,1.2741,249.3711,100.9496,0.2723,346.2005,33322.8828,1.5777,0.030583,-0.9683,0.6618,-1.0493,SHAKE1
151.0006,-194.1895,-272.7273,0.9858,367.275,117.9038,0.2882,290.1439,12106.1133,1.4613,0.087082,-0.8974,0.5704,-1.0009,SHAKE1
223.1973,-257.7516,-320.5818,0.6975,468.0017,100.7268,0.2884,291.8197,12685.377,1.2493,0.141283,-0.7752,0.4647,-0.8614,SHAKE1
280.9547,-284.7357,-358.8654,0.432,537.3959,69.3942,0.2655,354.0931,20003.2695,0.9871,0.15742,-0.6322,0.3555,-0.6651,SHAKE1
327.1607,-308.4229,-389.4924,0.2123,594.864,57.468,0.2197,443.3815,15164.8076,0.7203,0.143776,-0.4861,0.2457,-0.4524,SHAKE1
364.1254,-308.804,-413.9939,0.1854,631.9321,37.0681,0.0269,519.8937,8892.9443,0.5026,0.09228,-0.3458,0.1386,-0.242,SHAKE1
393.6972,-233.8525,-433.5951,0.35,630.6261,1.306,0.1647,572.564,3912.6245,0.3754,0.034059,-0.2086,0.033,-0.0472,SHAKE1
417.3547,-85.0195,-449.2761,0.5388,619.0818,11.5443,0.1888,602.78,1245.7473,0.3437,0.017649,-0.0727,-0.0737,0.1234,SHAKE1
436.2806,34.3813,-461.8209,0.736,636.2401,17.1583,0.1972,622.5488,223.842,0.4045,0.043174,0.0672,-0.1863,0.2647,SHAKE1
451.4214,129.9019,-471.8567,0.9301,665.8112,29.5711,0.1941,636.7382,243.5381,0.5481,0.070422,0.2092,-0.3045,0.3776,SHAKE1
463.534,206.3184,-479.8853,1.0973,698.3702,32.5591,0.1672,650.0258,822.0579,0.7304,0.07118,0.3469,-0.4294,0.4638,SHAKE1
407.7272,242.1703,-401.8614,1.215,621.5952,76.7751,0.1177,648.2197,905.1865,0.9034,0.059265,0.4714,-0.5547,0.5256,SHAKE1
244.6068,262.9269,-221.8079,1.2553,422.0921,199.503,0.0404,608.8217,9409.9199,1.0467,0.036906,0.5695,-0.6678,0.5652,SHAKE1
93.2854,300.1884,-75.0494,1.2249,323.1837,98.9085,0.0304,546.2104,21657.2187,1.1445,0.014384,0.6306,-0.7545,0.5826,SHAKE1
-27.7717,342.5476,42.3573,1.1381,346.272,23.0883,0.0868,482.3026,22707.2227,1.1861,0.003464,0.6517,-0.805,0.5759,SHAKE1
-124.6173,373.3256,136.2827,1.0212,416.5027,70.2307,0.1169,425.9291,11058.1338,1.1709,0.007096,0.6371,-0.8147,0.5473,SHAKE1
-202.0939,395.1074,211.4231,0.8758,491.5806,75.0779,0.1454,399.9262,3586.9661,1.1031,0.019529,0.5947,-0.78,0.5038,SHAKE1
-264.0751,417.9828,271.5353,0.7089,564.0715,72.4909,0.1669,428.3221,8071.1123,0.9938,0.034024,0.5365,-0.7038,0.4513,SHAKE1
-313.6601,433.6456,319.6252,0.5315,623.371,59.2994,0.1773,488.3596,9864.6113,0.8551,0.046839,0.469,-0.5902,0.3981,SHAKE1
-353.3281,436.6446,358.097,0.3475,666.1326,42.7617,0.184,552.3317,8055.0557,0.697,0.057342,0.3934,-0.4428,0.3463,SHAKE1
-385.0625,451.7126,388.8745,0.233,709.606,43.4734,0.1145,610.9523,5875.8115,0.5393,0.054528,0.3022,-0.2581,0.2822,SHAKE1
-410.45,463.7669,413.4965,0.4268,744.6666,35.0605,0.1938,661.5695,4039.6863,0.4495,0.026361,0.1738,-0.0556,0.1919,SHAKE1
-430.76,473.4104,332.2878,0.7279,721.1704,23.4962,0.3012,692.9894,1861.7644,0.4533,0.028398,0.019,0.1495,0.0646,SHAKE1
-447.008,481.1252,254.1271,1.033,704.1862,16.9842,0.3051,709.1524,656.2516,0.5536,0.084323,-0.1566,0.343,-0.1062,SHAKE1
-460.0064,487.2971,179.9142,1.3519,693.8541,10.3322,0.3188,714.6967,302.1805,0.7545,0.162909,-0.3476,0.5144,-0.3231,SHAKE1
-412.0333,492.2346,41.5314,1.573,643.266,50.5881,0.2212,701.4286,1141.4255,1.0225,0.170669,-0.5335,0.634,-0.5628,SHAKE1
-227.2297,496.1845,-69.1749,1.6503,550.1069,93.1591,0.0772,662.5167,3833.0396,1.2672,0.118622,-0.6674,0.692,-0.8003,SHAKE1
-79.3869,294.5476,-138.193,1.5989,334.8998,215.207,0.0514,585.2626,18643.3535,1.4414,0.052109,-0.7471,0.6936,-0.9985,SHAKE1
38.8873,133.2381,-206.1419,1.3986,248.5138,86.386,0.2002,494.1282,30189.2441,1.5145,0.013771,-0.7684,0.6546,-1.1157,SHAKE1
133.5067,4.1905,-267.3136,1.1188,298.828,50.3142,0.2799,415.123,23597.7559,1.4679,0.037634,-0.7258,0.58,-1.1304,SHAKE1
209.2023,-99.0476,-316.2509,0.8181,391.9064,93.0784,0.3007,364.851,10768.4375,1.3169,0.097079,-0.6322,0.4878,-1.046,SHAKE1
269.7587,-181.6381,-355.4007,0.5373,481.7383,89.8319,0.2808,351.1773,6450.0479,1.0943,0.146872,-0.5184,0.3971,-0.8776,SHAKE1
318.2038,-247.7105,-386.7206,0.3022,558.719,76.9807,0.2351,395.9411,13007.9697,0.835,0.154208,-0.4041,0.3124,-0.657,SHAKE1
356.9599,-300.5684,-411.7764,0.1466,622.3516,63.6326,0.1555,470.7086,13323.166,0.5846,0.122736,-0.2975,0.2295,-0.4275,SHAKE1
387.9648,-342.8547,-431.8211,0.1923,674.1925,51.8409,0.0456,545.7816,10059.7646,0.3993,0.062116,-0.2005,0.1512,-0.2079,SHAKE1
412.7688,-376.6838,-447.8569,0.3615,716.1317,41.9391,0.1692,610.6266,6923.2017,0.308,0.018981,-0.1061,0.0774,-0.0082,SHAKE1
432.6119,-311.822,-460.6855,0.5333,704.7107,11.421,0.1719,655.2211,3382.4578,0.3072,0.018621,-0.0072,0.006,0.1662,SHAKE1
448.4864,-223.2639,-470.9484,0.6864,687.5895,17.1212,0.1531,680.9952,1065.165,0.384,0.041476,0.1037,-0.0687,0.31,SHAKE1
461.186,-164.8861,-479.1588,0.8444,685.1811,2.4084,0.158,693.5612,222.9541,0.5236,0.053121,0.2266,-0.1537,0.4257,SHAKE1
471.2176,-139.3808,-485.727,1.0047,690.944,5.7629,0.1603,696.9114,138.071,0.6861,0.051055,0.3549,-0.253,0.514,SHAKE1
434.9209,-83.4109,-490.9816,1.1579,661.1932,29.7508,0.1533,685.9237,198.6154,0.8454,0.049139,0.4788,-0.3667,0.5781,SHAKE1
404.3399,8.3401,-456.6009,1.2758,609.9547,51.2386,0.1179,666.9725,923.1364,0.9939,0.044677,0.59,-0.4881,0.6221,SHAKE1
221.0719,109.0689,-335.3057,1.3071,416.1715,193.7831,0.0313,612.6889,10471.6406,1.118,0.02999,0.676,-0.6058,0.6429,SHAKE1
74.4575,189.652,-165.8477,1.2665,262.7114,153.4601,0.0406,528.1949,26778.2441,1.2024,0.012308,0.7291,-0.7042,0.6377,SHAKE1
-42.834,222.2372,-30.2813,1.1896,228.3443,34.3671,0.0769,435.675,30902.9414,1.2394,0.003153,0.7445,-0.7743,0.6097,SHAKE1
-136.6672,208.6273,78.1718,1.0754,261.3697,33.0254,0.1142,355.7103,20413.3633,1.2229,0.006929,0.723,-0.803,0.5664,SHAKE1
-211.7338,197.1675,164.9343,0.9399,333.0308,71.6612,0.1356,300.3255,4520.7241,1.1557,0.017875,0.6709,-0.7843,0.5174,SHAKE1
-271.787,253.259,234.3444,0.7927,439.2329,106.2021,0.1471,304.9378,5674.4438,1.0528,0.029056,0.6033,-0.7116,0.4819,SHAKE1
-319.8296,305.0041,289.8724,0.616,528.5305,89.2975,0.1767,358.1016,12490.1738,0.9227,0.041162,0.5209,-0.5847,0.4623,SHAKE1
-358.2637,346.4001,334.2948,0.4345,600.0824,71.5519,0.1815,432.4493,15306.1465,0.7717,0.051788,0.4216,-0.4002,0.4398,SHAKE1
-389.011,379.517,369.8327,0.4532,657.3727,57.2903,0.0188,511.6498,13297.877,0.6473,0.038136,0.2948,-0.1686,0.3952,SHAKE1
-413.6088,406.0105,398.2631,0.6994,703.2284,45.8557,0.2462,585.6894,8775.543,0.5992,0.019245,0.133,0.0884,0.3075,SHAKE1
-433.287,427.2053,421.0073,0.9854,739.9251,36.6967,0.2859,645.8278,5626.7451,0.6377,0.040095,-0.0653,0.3376,0.1665,SHAKE1
-449.0296,444.1611,349.5652,1.3376,721.8743,18.0508,0.3522,684.4966,2536.3516,0.782,0.11714,-0.2845,0.5642,-0.0492,SHAKE1
-409.0393,457.7258,177.2522,1.5528,638.9401,82.9343,0.2152,692.2681,1465.8834,1.0057,0.161778,-0.4966,0.7285,-0.3074,SHAKE1
-224.8346,406.3431,39.4018,1.6396,466.0663,172.8737,0.0868,654.0068,9991.8691,1.243,0.124816,-0.6667,0.8157,-0.5746,SHAKE1
-77.4708,222.6745,-70.8786,1.5911,246.1898,219.8765,0.0486,562.5991,34414.8867,1.4213,0.058168,-0.7743,0.8313,-0.8062,SHAKE1
40.4202,75.7396,-159.1029,1.4038,180.7872,65.4026,0.1873,450.7715,44776.6484,1.505,0.01322,-0.8116,0.7954,-0.9648,SHAKE1
134.7331,-41.8083,-229.6823,1.161,269.5457,88.7585,0.2428,360.3058,28461.8223,1.4696,0.030036,-0.784,0.7103,-1.0126,SHAKE1
210.1833,-135.8466,-286.1458,0.9157,380.1458,110.6,0.2453,308.547,10334.1611,1.3422,0.073792,-0.7142,0.6049,-0.9603,SHAKE1
270.5435,-211.0773,-331.3167,0.6926,476.9887,96.8429,0.2231,310.7314,11041.4414,1.1528,0.104634,-0.627,0.4949,-0.8294,SHAKE1
318.8317,-271.2618,-367.4533,0.4933,557.0087,80.02,0.1993,372.8952,18474.4785,0.9333,0.105004,-0.5356,0.388,-0.6529,SHAKE1
344.2747,-319.4095,-396.3627,0.3068,614.5331,57.5244,0.1865,459.6444,15245.7344,0.7139,0.091093,-0.4454,0.2835,-0.4643,SHAKE1
307.5323,-357.9276,-419.4901,0.185,631.3955,16.8624,0.1217,532.0143,8680.5137,0.5187,0.068945,-0.3495,0.1828,-0.2699,SHAKE1
224.0321,-388.7421,-437.9921,0.3287,627.0151,4.3804,0.1437,581.3882,3434.9497,0.4013,0.030856,-0.2388,0.0893,-0.0768,SHAKE1
114.8101,-253.3562,-452.7937,0.5221,531.4064,95.6086,0.1933,592.2718,1636.2811,0.3672,0.015641,-0.1065,0.0016,0.1035,SHAKE1
77.273,-100.288,-464.6349,0.6897,481.575,49.8315,0.1676,577.185,3610.7292,0.4065,0.031722,0.0476,-0.0941,0.2532,SHAKE1
138.0591,22.1664,-474.108,0.8502,494.2975,12.7225,0.1605,553.1379,4127.5576,0.5151,0.057303,0.213,-0.2024,0.364,SHAKE1
212.8441,120.13,-481.6864,0.9956,540.144,45.8465,0.1454,534.8876,2603.4021,0.6773,0.055397,0.3716,-0.322,0.4276,SHAKE1
272.6722,195.3072,-487.7491,1.1415,591.941,51.797,0.1459,527.8728,1507.7195,0.8398,0.047778,0.5131,-0.4546,0.4522,SHAKE1
302.7721,258.6426,-437.6399,1.2763,591.6888,0.2523,0.1348,539.9293,2174.3594,0.9907,0.042932,0.6293,-0.5975,0.4572,SHAKE1
278.2333,309.311,-262.6557,1.3429,492.0113,99.6775,0.0666,542.0165,1948.1852,1.1213,0.032568,0.7114,-0.727,0.4621,SHAKE1
166.2023,349.8456,-107.7277,1.3129,402.0204,89.9908,0.03,523.5612,5071.9424,1.2138,0.016648,0.7586,-0.8212,0.4691,SHAKE1
30.5618,382.2734,16.2147,1.1974,383.8358,18.1847,0.1156,492.2995,7944.2866,1.2542,0.005548,0.7708,-0.8675,0.4744,SHAKE1
-77.9505,408.2156,115.3687,1.0286,431.3075,47.4717,0.1688,460.1728,5670.4761,1.2316,0.012676,0.7487,-0.8577,0.4691,SHAKE1
-164.7604,428.9694,194.6918,0.8229,499.0648,67.7572,0.2057,441.6479,2170.5327,1.1409,0.037471,0.698,-0.7829,0.4461,SHAKE1
-234.2083,437.7755,258.1503,0.631,559.5914,60.5266,0.1918,455.164,4262.687,0.9986,0.06104,0.6295,-0.6517,0.4074,SHAKE1
-289.7667,400.5048,308.9171,0.4774,582.9225,23.3311,0.1537,491.3444,5653.2651,0.8315,0.067677,0.5506,-0.4808,0.3614,SHAKE1
-334.2133,356.1476,349.5306,0.377,600.5925,17.67,0.1004,534.6957,3849.3359,0.6674,0.055284,0.4647,-0.2842,0.3082,SHAKE1
-369.7707,356.8618,382.0214,0.3733,640.3289,39.7364,0.0037,576.4999,2195.5874,0.5363,0.029304,0.353,-0.0736,0.2447,SHAKE1
-398.2166,387.8864,408.014,0.5566,689.5706,49.2418,0.1833,614.6011,2101.6387,0.4831,0.010128,0.2092,0.1313,0.1579,SHAKE1
-397.9951,412.706,395.4299,0.8122,696.4849,6.9142,0.2556,641.9799,2087.8181,0.5193,0.026103,0.0373,0.3188,0.0374,SHAKE1
-339.6086,432.5616,314.6846,1.0828,633.6166,62.8683,0.2706,652.1187,1301.4568,0.6404,0.074594,-0.153,0.4826,-0.1259,SHAKE1
-317.69,448.4462,175.4227,1.3479,576.8917,56.7249,0.2651,647.3785,1879.8167,0.8346,0.123127,-0.3523,0.6121,-0.3315,SHAKE1
-263.1332,432.2507,37.9381,1.5168,507.4634,69.4283,0.1689,620.8054,5078.9971,1.0633,0.121367,-0.526,0.6979,-0.556,SHAKE1
-130.2472,297.7631,-72.0495,1.5448,332.8938,174.5695,0.028,549.47,15623.1514,1.2609,0.077344,-0.6519,0.7359,-0.7626,SHAKE1
-1.8009,135.8105,-160.0396,1.4598,209.9057,122.9882,0.085,452.1542,24890.9062,1.3904,0.028217,-0.7233,0.7283,-0.9225,SHAKE1
100.9562,6.2484,-230.4317,1.2872,251.6544,41.7487,0.1726,375.7618,20509.4238,1.4313,0.009745,-0.7429,0.6795,-1.0097,SHAKE1
183.1618,-97.4013,-286.7453,1.0982,353.9183,102.2639,0.1891,331.1671,10525.5156,1.3814,0.028056,-0.7165,0.6041,-1.0113,SHAKE1
248.9263,-180.321,-331.7963,0.9139,452.2928,98.3745,0.1843,320.133,7121.9751,1.2608,0.053557,-0.6601,0.5176,-0.9398,SHAKE1
301.5379,-246.6568,-367.837,0.737,535.788,83.4952,0.1768,360.7118,14744.1826,1.0992,0.066185,-0.5915,0.4342,-0.8167,SHAKE1
343.6272,-299.7255,-396.6696,0.559,604.369,68.5809,0.178,439.6045,15845.3906,0.919,0.066091,-0.5223,0.3602,-0.659,SHAKE1
377.2987,-342.1804,-419.7357,0.3751,660.015,55.6461,0.1839,521.2766,11826.1689,0.7366,0.064875,-0.4532,0.2944,-0.4834,SHAKE1
404.2358,-376.1443,-438.1885,0.2608,704.9116,44.8965,0.1143,591.4753,8040.9141,0.5692,0.055961,-0.38,0.2329,-0.295,SHAKE1
425.7856,-402.1561,-452.9508,0.3414,740.3967,35.4852,0.0805,649.0961,5281.9258,0.4547,0.029466,-0.2938,0.1741,-0.0957,SHAKE1
389.4909,-284.7218,-464.7607,0.5159,669.9046,70.4921,0.1745,675.9193,2081.293,0.4104,0.012316,-0.1868,0.1195,0.1054,SHAKE1
330.5146,-125.3805,-474.2086,0.6992,591.4676,78.437,0.1833,673.3391,2477.1636,0.4385,0.023793,-0.0507,0.06,0.2946,SHAKE1
287.8117,2.0924,-481.7668,0.881,561.1945,30.2731,0.1818,653.575,4566.3213,0.5397,0.051919,0.1093,-0.0134,0.4579,SHAKE1
224.8306,67.0677,-487.8135,1.0687,541.3029,19.8915,0.1877,620.8533,5489.5244,0.7012,0.066239,0.2865,-0.1105,0.5846,SHAKE1
120.2926,37.6042,-492.6508,1.2692,508.5167,32.7863,0.2005,574.4773,3004.5637,0.8868,0.070428,0.4694,-0.236,0.6731,SHAKE1
-6.1659,12.7302,-433.4706,1.4473,433.7014,74.8153,0.1781,527.2366,2915.1792,1.0731,0.071047,0.6457,-0.3882,0.73,SHAKE1
-107.3327,38.0654,-244.3796,1.542,269.6121,164.0892,0.0947,462.8655,11220.4922,1.2417,0.058652,0.7963,-0.5428,0.7599,SHAKE1
-188.2662,77.8836,-93.1068,1.5223,224.0064,45.6057,0.0197,395.4279,16149.6748,1.3699,0.031943,0.908,-0.6699,0.7649,SHAKE1
-253.0129,83.8631,27.9114,1.4132,268.0067,44.0003,0.1091,340.7686,12153.3691,1.4388,0.009422,0.9715,-0.7473,0.7483,SHAKE1
-304.8104,66.9967,124.726,1.2415,336.087,68.0803,0.1718,306.2827,5340.5952,1.4333,0.011429,0.9844,-0.7602,0.7099,SHAKE1
-346.2483,62.5599,202.1777,1.0353,405.8047,69.7177,0.2061,300.7034,4043.2886,1.3509,0.036272,0.9472,-0.7055,0.6527,SHAKE1
-379.3986,53.8948,264.139,0.8087,465.4218,59.6171,0.2266,339.8653,7742.7256,1.2042,0.066241,0.868,-0.5908,0.5804,SHAKE1
-405.9189,57.9065,313.7081,0.6152,516.2713,50.8495,0.1935,398.3183,7865.1318,1.0228,0.082479,0.758,-0.4261,0.5073,SHAKE1
-427.1351,148.722,353.3633,0.454,573.9584,57.6871,0.1611,459.5086,6894.5454,0.8309,0.079881,0.6105,-0.2083,0.4149,SHAKE1
-350.7487,221.3745,385.0876,0.6094,565.9716,7.9869,0.1554,505.4855,4000.9617,0.7045,0.040011,0.3926,0.0333,0.2825,SHAKE1
-348.2771,279.4965,301.3263,1.0353,538.714,27.2576,0.4259,532.0674,1527.9373,0.7045,0.040012,0.1195,0.2769,0.1028,SHAKE1
-381.0217,155.7347,151.2329,1.4113,438.5228,100.1912,0.3759,526.6876,2360.7866,0.825,0.123207,-0.1788,0.5055,-0.1206,SHAKE1
-407.2173,22.1878,18.5863,1.624,408.2447,30.2781,0.2127,505.0823,4678.042,1.0268,0.201352,-0.477,0.6864,-0.3772,SHAKE1
-303.0927,-39.681,-87.5309,1.6567,317.9645,90.2802,0.0327,453.8835,8110.5557,1.2673,0.157234,-0.7282,0.7846,-0.6236,SHAKE1
-140.0772,-31.248,-172.4247,1.5671,224.3398,93.6246,0.0896,385.5572,11467.3779,1.4589,0.051952,-0.8768,0.8081,-0.8166,SHAKE1
-9.6649,-60.4984,-240.3398,1.4132,248.0256,23.6857,0.1539,327.4195,7178.9717,1.5344,0.010779,-0.9271,0.7719,-0.9342,SHAKE1
94.6649,-150.7987,-294.6718,1.2005,344.2865,96.2609,0.2128,308.5722,4411.8633,1.4923,0.028275,-0.904,0.6898,-0.9598,SHAKE1
178.1288,-223.039,-338.1375,0.9685,442.5079,98.2214,0.2319,315.4249,5965.7368,1.3612,0.062488,-0.8301,0.5865,-0.903,SHAKE1
244.8999,-280.8312,-372.91,0.7263,527.166,84.6581,0.2422,357.2652,13180.7002,1.1751,0.091019,-0.7349,0.479,-0.7788,SHAKE1
298.3168,-327.0649,-400.728,0.4985,597.1158,69.9498,0.2278,431.8204,15594.0605,0.9614,0.10618,-0.6333,0.3771,-0.6046,SHAKE1
341.0504,-354.102,-422.9824,0.3559,648.5504,51.4346,0.1426,511.9254,11815.5352,0.7499,0.093954,-0.5328,0.2805,-0.3991,SHAKE1
375.2372,-311.2035,-440.7859,0.3399,657.2235,8.6731,0.016,574.5128,6500.1094,0.5778,0.057361,-0.4334,0.1864,-0.1873,SHAKE1
402.5866,-216.369,-455.0287,0.4112,644.9362,12.2873,0.0712,614.9984,2367.8569,0.4664,0.019965,-0.3328,0.0952,0.0154,SHAKE1
424.4662,-94.1327,-466.423,0.5088,637.6385,7.2977,0.0976,637.0929,439.2993,0.4229,0.00492,-0.2282,0.0061,0.1947,SHAKE1
441.9698,26.4313,-475.5384,0.6333,649.7482,12.1096,0.1245,647.6193,40.8908,0.4498,0.011903,-0.1173,-0.084,0.3423,SHAKE1
455.9728,120.8888,-482.8307,0.7818,675.0191,25.2709,0.1485,652.9131,162.8429,0.535,0.024929,0.0045,-0.1791,0.4575,SHAKE1
467.1751,170.2361,-488.6646,0.9524,697.1556,22.1365,0.1705,660.8995,486.8242,0.6575,0.037155,0.1336,-0.2823,0.5484,SHAKE1
476.137,166.492,-493.3317,1.1294,705.551,8.3953,0.177,673.0225,687.6429,0.8011,0.048926,0.2641,-0.3973,0.6233,SHAKE1
312.8846,115.4092,-418.6028,1.2926,535.205,170.346,0.1632,652.5358,3816.2668,0.9579,0.055574,0.3919,-0.5213,0.6881,SHAKE1
147.9077,76.4742,-232.4854,1.4058,285.9623,249.2426,0.1132,579.7786,25396.3242,1.1124,0.050753,0.5106,-0.645,0.7398,SHAKE1
15.9261,67.32,-83.5915,1.4248,108.5042,177.4582,0.0189,466.4756,55164.5195,1.241,0.031874,0.609,-0.7502,0.7725,SHAKE1
-89.6591,86.056,35.5237,1.3494,129.253,20.7488,0.0753,352.8951,54365.1563,1.3204,0.011257,0.6796,-0.8165,0.7801,SHAKE1
-174.1273,127.6542,130.8159,1.2125,252.4454,123.1925,0.1369,262.274,23297.7598,1.337,0.006012,0.7171,-0.8288,0.7632,SHAKE1
-241.7018,184.2796,207.0496,1.0325,367.7611,115.3157,0.18,228.7852,9503.5068,1.285,0.021454,0.717,-0.7735,0.7292,SHAKE1
-295.7615,247.1893,268.0365,0.8221,469.4901,101.729,0.2105,265.4908,19090.1367,1.1683,0.047767,0.6712,-0.6484,0.6868,SHAKE1
-339.0092,268.364,316.8261,0.6379,536.0273,66.5371,0.1841,350.9954,21488.1387,1.0109,0.066096,0.5807,-0.4646,0.6407,SHAKE1
-373.6074,287.5443,355.8578,0.5551,590.6766,54.6494,0.0829,443.2801,14627.1455,0.852,0.059491,0.4482,-0.2425,0.5895,SHAKE1
-401.2859,332.4323,387.0831,0.5924,649.134,58.4573,0.0374,522.6179,9524.2598,0.728,0.031599,0.2755,-0.0028,0.5155,SHAKE1
-423.4287,368.3427,412.0634,0.8024,696.2503,47.1163,0.2099,588.3157,6441.5811,0.682,0.012037,0.0675,0.238,0.3926,SHAKE1
-441.143,397.0711,432.0476,1.1238,734.1238,37.8735,0.3214,641.2424,5068.4424,0.7423,0.043505,-0.1611,0.4591,0.1997,SHAKE1
-455.3144,420.0537,344.0068,1.4442,708.5881,25.5357,0.3204,675.7545,2570.3979,0.9036,0.11385,-0.3869,0.6424,-0.0611,SHAKE1
-440.9672,438.4399,182.5742,1.6474,648.0856,60.5025,0.2032,687.2363,1144.0306,1.122,0.152488,-0.5814,0.7758,-0.3634,SHAKE1
-286.3269,419.5926,43.6594,1.7134,509.8501,138.2354,0.066,659.3795,6370.8467,1.3462,0.116074,-0.7175,0.8456,-0.6729,SHAKE1
-126.6646,259.424,-62.7538,1.7065,295.4366,214.4135,0.0069,579.2168,26163.7871,1.527,0.05018,-0.7867,0.8499,-0.948,SHAKE1
1.0652,105.1392,-149.628,1.5871,182.8768,112.5598,0.1194,468.9674,40626.7109,1.6197,0.009787,-0.7874,0.8033,-1.1382,SHAKE1
103.249,-18.2886,-222.1024,1.3659,245.6101,62.7333,0.2212,376.3719,30546.8535,1.604,0.016265,-0.7352,0.7221,-1.2156,SHAKE1
184.9961,-117.0309,-280.0819,1.1215,355.4795,109.8694,0.2444,317.8506,12443.75,1.4989,0.051403,-0.6548,0.6235,-1.1916,SHAKE1
250.3938,-196.0247,-326.4655,0.8752,455.7439,100.2644,0.2463,307.0294,8756.7969,1.3312,0.091891,-0.5707,0.5296,-1.079,SHAKE1
302.7119,-259.2198,-363.5724,0.6441,539.4574,83.7135,0.2311,355.8336,17152.6289,1.1188,0.113007,-0.4912,0.4458,-0.898,SHAKE1
344.5664,-309.7758,-393.258,0.4294,607.7325,68.2751,0.2147,440.8047,16640.3555,0.8872,0.110571,-0.4178,0.3677,-0.6819,SHAKE1
378.05,-350.2207,-417.0064,0.2405,662.9258,55.1932,0.1889,524.2678,11921.6289,0.6621,0.097737,-0.3465,0.2895,-0.4549,SHAKE1
404.8369,-382.5765,-436.0051,0.2514,707.36,44.4342,0.011,594.6439,7975.4829,0.4881,0.058995,-0.2671,0.208,-0.2246,SHAKE1
426.2664,-233.3925,-451.2041,0.4633,663.1442,44.2158,0.2119,636.124,3334.6997,0.4057,0.022367,-0.1739,0.1198,0.0024,SHAKE1
443.41,-84.3171,-463.3633,0.6978,646.8596,16.2846,0.2346,657.6044,1027.4554,0.4165,0.027951,-0.0609,0.0167,0.2179,SHAKE1
457.1249,34.9432,-473.0906,0.9318,658.7859,11.9264,0.234,667.8151,426.0363,0.517,0.07094,0.0678,-0.1068,0.4168,SHAKE1
468.0968,109.3077,-480.8725,1.1179,679.9273,21.1414,0.1861,671.2154,439.0343,0.6925,0.097079,0.1989,-0.2418,0.589,SHAKE1
404.3368,42.8211,-447.2199,1.2534,604.4233,75.504,0.1355,650.6281,646.1467,0.8929,0.080944,0.3184,-0.3824,0.7266,SHAKE1
221.0695,-32.0243,-331.0947,1.3385,399.4007,205.0226,0.0851,597.8793,10455.4258,1.0679,0.053112,0.4212,-0.5218,0.8224,SHAKE1
74.4556,-35.7445,-162.4789,1.3393,182.2654,217.1353,0.0008,504.9605,35888.6992,1.1962,0.023999,0.4985,-0.643,0.8704,SHAKE1
-42.8355,4.4482,-27.5862,1.2747,51.1436,131.1218,0.0646,383.4321,57577.0391,1.2648,0.006555,0.5435,-0.7307,0.8709,SHAKE1
-136.6684,64.3054,80.3279,1.177,171.0731,119.9295,0.0977,281.6612,38657.1172,1.2766,0.003643,0.5604,-0.7826,0.8318,SHAKE1
-211.7347,153.8412,166.6592,1.0509,310.2805,139.2074,0.1261,222.8327,14525.0596,1.2361,0.01208,0.5522,-0.7951,0.7639,SHAKE1
-271.7878,225.4698,235.7243,0.8916,424.5836,114.303,0.1593,227.8692,16405.1211,1.1467,0.025728,0.52,-0.7628,0.6783,SHAKE1
-319.8303,282.7727,290.9763,0.6791,516.642,92.0585,0.2125,294.7446,28194.8125,1.0147,0.044603,0.4652,-0.6807,0.5903,SHAKE1
-358.2642,328.6151,335.1779,0.4425,590.4958,73.8538,0.2366,402.6151,22184.2559,0.8482,0.068851,0.3919,-0.5507,0.505,SHAKE1
-389.0114,339.7171,370.5392,0.2324,635.6389,45.1431,0.2101,495.5282,13689.1016,0.6593,0.087387,0.295,-0.3782,0.4152,SHAKE1
-413.6091,350.9893,398.8282,0.3077,673.2978,37.6589,0.0753,568.1317,7874.9077,0.5107,0.059349,0.1734,-0.1773,0.3092,SHAKE1
-433.2873,373.7508,421.4595,0.5842,710.6727,37.3749,0.2765,625.3495,4543.4092,0.4492,0.027627,0.0302,0.0387,0.1756,SHAKE1
-449.0298,401.3976,439.5645,0.9121,745.6304,34.9578,0.328,671.1471,2976.0237,0.4958,0.057745,-0.1321,0.2472,0.0001,SHAKE1
-461.6239,416.7868,364.111,1.2586,720.6835,24.947,0.3465,697.1846,1487.9149,0.659,0.146917,-0.3098,0.427,-0.2255,SHAKE1
-378.5897,355.7888,188.8888,1.509,552.8063,167.8771,0.2504,680.6181,4624.9102,0.9143,0.189845,-0.4793,0.5596,-0.4818,SHAKE1
-200.4749,243.9092,48.711,1.5985,319.4599,233.3464,0.0895,609.8505,25693.1914,1.1725,0.143221,-0.6119,0.6362,-0.7374,SHAKE1
-57.9831,99.5461,-63.4312,1.5645,131.5104,187.9496,0.034,494.0181,56004.8867,1.3686,0.066285,-0.6979,0.6573,-0.9557,SHAKE1
56.0104,-22.7631,-153.1449,1.4393,164.6472,33.1368,0.1252,377.8215,51538.5078,1.474,0.014504,-0.732,0.6306,-1.1019,SHAKE1
147.2052,-120.6105,-224.916,1.2706,294.6243,129.9771,0.1686,292.6096,22150.9355,1.4764,0.013493,-0.7127,0.5714,-1.1546,SHAKE1
220.1611,-198.8884,-282.3328,1.0715,409.5599,114.9356,0.1991,263.9603,10525.1602,1.3889,0.038405,-0.6566,0.4972,-1.1167,SHAKE1
278.5257,-261.5107,-328.2662,0.8673,503.7094,94.1495,0.2043,300.8102,20047.127,1.2426,0.062644,-0.5897,0.4236,-1.0077,SHAKE1
325.2175,-311.6086,-365.013,0.6527,579.742,76.0326,0.2146,390.4565,21838.7617,1.0603,0.078281,-0.5189,0.3563,-0.851,SHAKE1
362.5709,-351.6869,-394.4104,0.4206,640.8594,61.1174,0.2321,485.699,15109.9873,0.8565,0.089882,-0.444,0.2983,-0.6619,SHAKE1
392.4536,-383.7495,-417.9283,0.2385,689.8895,49.0301,0.182,564.7521,9897.4482,0.6501,0.089364,-0.3582,0.2487,-0.4357,SHAKE1
416.3597,-332.2277,-436.7426,0.381,688.8214,1.0682,0.1424,620.6044,5039.6855,0.512,0.049259,-0.254,0.2024,-0.1885,SHAKE1
435.4847,-163.3853,-451.7941,0.5834,648.4285,40.3928,0.2024,649.5482,1623.8912,0.4552,0.021813,-0.1365,0.1523,0.0606,SHAKE1
450.7846,-28.3114,-463.8353,0.7262,647.4191,1.0095,0.1428,663.0836,467.0103,0.4699,0.028487,-0.0133,0.0929,0.2918,SHAKE1
443.6215,1.2634,-473.4682,0.8434,648.8249,1.4058,0.1172,664.6767,406.3519,0.5545,0.048745,0.1099,0.0143,0.4893,SHAKE1
368.7222,-64.7518,-481.1746,1.0063,609.6539,39.171,0.1629,648.6295,627.2056,0.7081,0.046022,0.2331,-0.0977,0.6336,SHAKE1
253.3621,-144.9483,-487.3397,1.183,568.0689,41.585,0.1768,624.4791,1018.8864,0.8685,0.044017,0.351,-0.2396,0.7275,SHAKE1
122.0553,-150.2305,-406.0436,1.3195,449.8201,118.2488,0.1364,584.7574,5427.5088,1.0157,0.046769,0.4633,-0.399,0.7798,SHAKE1
-4.7557,-64.4469,-222.438,1.3811,231.6348,218.1853,0.0616,501.6005,22666.2539,1.1467,0.03956,0.5664,-0.5592,0.799,SHAKE1
-106.2046,50.2612,-75.5536,1.3425,139.6923,91.9425,0.0386,399.774,34158.1172,1.2465,0.018876,0.6499,-0.6929,0.7901,SHAKE1
-187.3637,135.1902,41.954,1.2595,234.8227,95.1303,0.0829,324.8078,25170.0605,1.2971,0.004806,0.7016,-0.7761,0.7577,SHAKE1
-252.291,168.8084,135.9601,1.1643,332.6141,97.7915,0.0952,277.7169,11129.4941,1.2934,0.005717,0.7205,-0.8023,0.7103,SHAKE1
-304.2328,171.478,211.165,1.063,408.1089,75.4948,0.1013,269.3746,8536.415,1.2421,0.013561,0.7128,-0.7738,0.6584,SHAKE1
-345.7862,159.7918,271.3289,0.9151,467.676,59.5671,0.1479,316.5828,13887.6309,1.1489,0.022393,0.681,-0.6925,0.6091,SHAKE1
-379.029,146.3897,319.46,0.7312,516.8632,49.1872,0.1839,392.017,9961.7139,1.0266,0.034845,0.6302,-0.5707,0.5628,SHAKE1
-405.6232,152.0305,357.9648,0.5375,561.9451,45.0818,0.1937,457.4415,6514.4512,0.8822,0.050999,0.5579,-0.4114,0.5143,SHAKE1
-426.8986,224.0213,388.7688,0.4613,619.3295,57.3845,0.0761,514.7845,5351.397,0.7416,0.050749,0.4588,-0.2115,0.4585,SHAKE1
-443.9189,281.6139,413.4119,0.5296,668.7898,49.4603,0.0682,566.9208,5100.8027,0.635,0.0277,0.3152,0.0168,0.345,SHAKE1
-442.507,327.688,419.3045,0.8575,692.1041,23.3143,0.3279,611.8063,4250.3579,0.6234,0.021774,0.1283,0.2487,0.1699,SHAKE1
-386.7899,364.5473,348.8468,1.1604,635.7635,56.3406,0.3029,635.5864,1996.8164,0.7093,0.069756,-0.0688,0.4674,-0.0512,SHAKE1
-411.832,300.9722,256.5524,1.3918,570.972,64.7915,0.2313,637.3917,1743.9524,0.8801,0.127823,-0.2597,0.657,-0.2992,SHAKE1
-420.7812,228.3871,102.8419,1.5287,489.6876,81.2844,0.1369,611.4634,5369.7261,1.0936,0.131311,-0.4295,0.7867,-0.5679,SHAKE1
-323.2156,155.7659,-20.1264,1.5434,359.3556,130.332,0.0147,549.5765,13594.1514,1.2964,0.067044,-0.545,0.8468,-0.7952,SHAKE1
-156.1756,66.1721,-118.5012,1.4671,206.9108,152.4448,0.0764,452.5379,23598.791,1.4183,0.019486,-0.593,0.8422,-0.9588,SHAKE1
-22.5436,-49.0998,-197.2009,1.3355,204.4681,2.4427,0.1315,366.2788,21751.5625,1.4533,0.006332,-0.5986,0.7821,-1.0538,SHAKE1
84.362,-141.6798,-260.1607,1.1496,308.0158,103.5477,0.186,313.6876,11284.7832,1.4049,0.02168,-0.5694,0.6781,-1.08,SHAKE1
169.8865,-215.7439,-310.5286,0.9484,414.5297,106.5139,0.2012,298.656,6897.457,1.2888,0.046814,-0.5133,0.5552,-1.0375,SHAKE1
238.3061,-274.9951,-350.8229,0.7431,505.459,90.9293,0.2052,327.8767,13860.2139,1.1287,0.067774,-0.4466,0.4331,-0.9387,SHAKE1
293.0417,-322.3961,-383.0583,0.5316,580.1262,74.6672,0.2116,402.5197,18088.0391,0.9416,0.0812,-0.3783,0.3226,-0.7978,SHAKE1
336.8303,-360.3169,-408.8466,0.2969,640.6547,60.5285,0.2346,489.757,13974.4512,0.7339,0.090152,-0.3103,0.2243,-0.6231,SHAKE1
371.8611,-390.6535,-429.4773,0.1001,689.4502,48.7955,0.1968,566.0439,9524.2578,0.524,0.091887,-0.2393,0.1344,-0.4332,SHAKE1
399.8857,-371.7509,-445.9818,0.2094,704.9874,15.5372,0.1093,624.1354,5419.3721,0.3762,0.053821,-0.1654,0.0449,-0.239,SHAKE1
422.3055,-256.5976,-459.1855,0.4239,674.5632,30.4241,0.2145,657.9564,1967.2908,0.3124,0.023275,-0.0872,-0.0524,-0.0477,SHAKE1
440.2413,-172.9593,-469.7484,0.6559,666.6265,7.9368,0.232,675.2563,471.5261,0.3373,0.036653,-0.0044,-0.162,0.1385,SHAKE1
454.5899,-162.305,-478.1987,0.8899,679.4622,12.8358,0.2339,683.0179,175.3671,0.4558,0.083338,0.0869,-0.281,0.3142,SHAKE1
466.0688,-185.5408,-484.959,1.1041,697.7325,18.2703,0.2143,684.6744,207.6524,0.6567,0.101761,0.181,-0.4015,0.4829,SHAKE1
363.2832,-170.5108,-490.3672,1.2808,633.647,64.0855,0.1767,670.4063,442.3089,0.8709,0.093765,0.2737,-0.5157,0.644,SHAKE1
188.2266,-78.3586,-367.6531,1.3905,420.4023,213.2447,0.1096,619.5741,10355.3379,1.0642,0.07041,0.3625,-0.6145,0.7879,SHAKE1
48.1813,21.0631,-191.7256,1.396,198.8059,221.5964,0.0055,526.01,36567.4883,1.2123,0.037167,0.444,-0.6854,0.8945,SHAKE1
-63.855,92.3036,-50.9836,1.314,123.2751,75.5308,0.0819,414.7726,51923.2891,1.2971,0.011255,0.5042,-0.7209,0.9518,SHAKE1
-153.484,151.9991,61.61,1.166,224.6261,101.351,0.148,320.1513,34187.9727,1.3095,0.007092,0.5377,-0.7153,0.9543,SHAKE1
-225.1872,223.9962,151.6849,0.9677,351.9828,127.3567,0.1983,263.8184,11561.3145,1.2468,0.02636,0.5433,-0.6639,0.9024,SHAKE1
-282.5498,281.5938,223.7448,0.7288,457.3742,105.3914,0.2389,271.2128,14095.7002,1.1145,0.058388,0.5194,-0.5684,0.8018,SHAKE1
-328.4398,327.6719,281.3927,0.4925,542.608,85.2338,0.2363,339.9732,23050.2266,0.9338,0.087268,0.4687,-0.4296,0.6723,SHAKE1
-365.1519,364.5344,327.511,0.3107,611.134,68.5259,0.1819,437.545,18843.9883,0.7332,0.095758,0.3928,-0.2464,0.5131,SHAKE1
-394.5215,394.0244,364.4057,0.498,666.1036,54.9696,0.1873,525.8405,12428.8018,0.5996,0.051499,0.2837,-0.0334,0.307,SHAKE1
-418.0172,417.6164,346.5715,0.9323,685.0209,18.9173,0.4343,592.4482,7014.6001,0.5925,0.046483,0.1404,0.1874,0.041,SHAKE1
-436.8138,436.49,213.1009,1.2925,653.2548,31.7661,0.3602,631.6243,2570.3284,0.7052,0.128061,-0.0181,0.4033,-0.2546,SHAKE1
-421.2604,296.8639,89.0401,1.5208,522.9882,130.2665,0.2283,627.7003,3330.5105,0.9109,0.209764,-0.1778,0.5857,-0.563,SHAKE1
-234.6115,135.0911,-31.1679,1.6392,272.5135,250.4748,0.1183,559.9762,23920.6035,1.1766,0.173204,-0.3193,0.7047,-0.8591,SHAKE1
-85.2923,5.6729,-127.3343,1.588,153.3655,119.1479,0.0512,457.4286,44218.4297,1.3946,0.067449,-0.4192,0.7533,-1.0863,SHAKE1
34.163,-97.8617,-204.2675,1.4588,229.0616,75.6961,0.1292,366.2367,35973.1172,1.4998,0.014457,-0.4667,0.7481,-1.2074,SHAKE1
129.7273,-180.6894,-265.814,1.2993,346.6048,117.5432,0.1594,304.9067,15812.9609,1.5012,0.013899,-0.4786,0.7035,-1.2343,SHAKE1
206.1787,-246.9515,-315.0512,1.1384,450.2798,103.675,0.1609,290.3651,10316.2617,1.4247,0.034301,-0.4689,0.6407,-1.182,SHAKE1
267.3398,-299.9612,-354.4409,0.939,535.7944,85.5146,0.1994,343.0212,19526.9687,1.2847,0.05268,-0.4457,0.5766,-1.0559,SHAKE1
316.2687,-342.369,-385.9528,0.6914,605.1462,69.3518,0.2476,433.3774,17910.7812,1.1054,0.072533,-0.4107,0.5189,-0.8792,SHAKE1
355.4119,-376.2952,-411.1622,0.4441,661.0371,55.8909,0.2472,519.7725,12463.4697,0.9024,0.09382,-0.3617,0.4674,-0.6559,SHAKE1
386.7264,-403.4362,-431.3298,0.3964,705.9486,44.9115,0.0477,591.6412,8233.252,0.7219,0.080918,-0.2968,0.4202,-0.4041,SHAKE1
411.778,-330.2458,-447.4638,0.5097,691.9879,13.9607,0.1133,639.9828,3913.6211,0.5961,0.039414,-0.2092,0.3673,-0.1326,SHAKE1
431.8193,-221.6998,-460.371,0.694,668.9994,22.9885,0.1842,666.6238,1201.2249,0.5471,0.015416,-0.0955,0.2959,0.1423,SHAKE1
447.8523,-134.1005,-470.6968,0.906,663.408,5.5914,0.212,678.2762,311.6167,0.59,0.035164,0.0366,0.203,0.4006,SHAKE1
438.9443,-69.7397,-478.9575,1.1092,653.4034,10.0046,0.2032,676.7494,373.5799,0.7231,0.067116,0.1776,0.0824,0.6179,SHAKE1
289.5992,24.2145,-485.566,1.2839,565.8873,87.5161,0.1747,648.7372,1876.4592,0.9006,0.07719,0.3241,-0.07,0.791,SHAKE1
129.2794,117.3059,-446.8809,1.3631,479.767,86.1202,0.0792,606.293,5411.0088,1.0712,0.060304,0.4608,-0.2425,0.9038,SHAKE1
1.0235,180.9198,-300.686,1.3446,350.9203,128.8467,0.0185,542.6772,13620.6611,1.2014,0.029852,0.5676,-0.4078,0.9495,SHAKE1
-101.5812,215.5264,-138.1519,1.2668,275.4203,75.5,0.0778,465.0797,18969.3496,1.2735,0.008048,0.6353,-0.55,0.9319,SHAKE1
-183.6649,229.2024,-8.1246,1.1562,293.824,18.4037,0.1107,393.1638,12569.9902,1.2829,0.005313,0.6624,-0.6545,0.8608,SHAKE1
-249.332,225.815,95.8972,1.035,349.793,55.969,0.1212,349.9449,5111.6455,1.2331,0.015129,0.6496,-0.713,0.752,SHAKE1
-301.8656,223.3708,179.1146,0.9204,416.0521,66.2591,0.1146,337.202,2452.5391,1.1446,0.023469,0.6063,-0.724,0.6365,SHAKE1
-343.8925,230.3748,245.6886,0.7975,481.3496,65.2975,0.1229,363.2878,5890.1377,1.0352,0.027587,0.5469,-0.6943,0.5344,SHAKE1
-377.514,242.7748,298.9477,0.6434,539.283,57.9334,0.1541,416.0604,7755.9189,0.9105,0.032007,0.4787,-0.6265,0.4539,SHAKE1
-404.4112,241.7074,341.5551,0.4411,581.9199,42.6368,0.2023,473.6795,6949.4819,0.7675,0.043554,0.3993,-0.5238,0.3893,SHAKE1
-425.929,229.7534,375.6409,0.2423,612.624,30.7042,0.1988,526.2457,4977.8164,0.6089,0.059278,0.3051,-0.389,0.3342,SHAKE1
-443.1432,255.0965,402.9096,0.1945,650.9886,38.3646,0.0477,573.233,3453.6426,0.4638,0.053144,0.1946,-0.2286,0.2714,SHAKE1
-456.9145,306.4741,424.7246,0.4194,695.0455,44.0568,0.2248,615.9722,2906.1472,0.3881,0.025539,0.0624,-0.0503,0.1768,SHAKE1
-467.9316,347.5761,442.1766,0.785,731.6346,36.5892,0.3657,654.4425,2925.4949,0.4165,0.04321,-0.0953,0.1319,0.0236,SHAKE1
-476.7453,380.4578,456.1382,1.1734,761.6404,30.0058,0.3883,690.3866,2879.8865,0.5629,0.13622,-0.2683,0.3071,-0.1851,SHAKE1
-483.7962,406.7631,395.9293,1.502,745.8384,15.802,0.3287,717.0295,1575.6187,0.8149,0.228566,-0.4469,0.4616,-0.4364,SHAKE1
-320.3807,282.5699,214.3434,1.6908,477.9463,267.8922,0.1888,682.421,10937.7539,1.1141,0.215505,-0.6126,0.5781,-0.7055,SHAKE1
-153.9077,123.6559,69.0747,1.693,209.1642,268.782,0.0022,585.2448,46257.0547,1.3689,0.121103,-0.736,0.6443,-0.9468,SHAKE1
-20.7293,-3.4753,-47.1402,1.5513,51.6138,157.5505,0.1418,449.2406,80426.3359,1.5221,0.036108,-0.7967,0.656,-1.1112,SHAKE1
85.8134,-105.1802,-140.1122,1.3574,195.0852,143.4715,0.1939,335.9296,60987.2109,1.5589,0.015859,-0.7977,0.6188,-1.1821,SHAKE1
171.0476,-186.5442,-214.4897,1.1338,331.7557,136.6705,0.2236,253.113,20527.0664,1.4852,0.045936,-0.7445,0.5471,-1.16,SHAKE1
239.235,-251.6353,-273.9918,0.8909,442.2954,110.5397,0.2429,245.9829,17524.2246,1.3253,0.082547,-0.6578,0.4619,-1.0526,SHAKE1
293.7849,-303.7083,-321.5934,0.6369,531.009,88.7136,0.2539,310.3518,29357.7227,1.114,0.105642,-0.5649,0.3764,-0.8807,SHAKE1
337.4247,-345.3666,-359.6747,0.4208,602.0793,71.0703,0.2161,420.4449,20869.1348,0.8879,0.1124,-0.4805,0.2988,-0.6731,SHAKE1
372.3367,-378.6933,-390.1398,0.2692,658.9782,56.8989,0.1516,513.2235,13483.4922,0.6703,0.097536,-0.4019,0.2256,-0.4463,SHAKE1
400.2662,-371.1765,-414.5118,0.2836,685.4233,26.4451,0.0145,583.9571,7824.7017,0.5003,0.055575,-0.3254,0.1525,-0.2164,SHAKE1
422.6099,-244.8694,-434.0095,0.4159,653.3945,32.0289,0.1323,626.1769,2992.896,0.4053,0.017466,-0.2469,0.073,0.0023,SHAKE1
440.4848,-93.4986,-449.6076,0.5854,636.33,17.0645,0.1694,647.241,758.4299,0.395,0.013116,-0.1581,-0.0155,0.1988,SHAKE1
454.7847,27.598,-462.0861,0.7794,648.9332,12.6032,0.194,656.6118,263.2741,0.4667,0.037389,-0.0558,-0.1153,0.3746,SHAKE1
466.2246,103.069,-472.0688,0.975,671.4445,22.5113,0.1956,659.1051,299.9393,0.6079,0.061326,0.0557,-0.2242,0.5295,SHAKE1
436.6922,41.124,-480.0551,1.1643,650.2646,21.1798,0.1893,652.0734,127.5944,0.784,0.0712,0.1724,-0.3425,0.6663,SHAKE1
246.9538,-51.4383,-434.2566,1.3251,502.206,148.0587,0.1608,621.8356,3704.9731,0.9658,0.069603,0.2945,-0.4634,0.7845,SHAKE1
95.163,-87.8413,-268.9209,1.4084,298.4803,203.7256,0.0833,554.2657,20008.9902,1.1304,0.052741,0.4101,-0.5755,0.8756,SHAKE1
-26.2696,-71.3512,-112.7398,1.4013,135.9829,162.4975,0.0071,451.6757,42683.9922,1.2548,0.027298,0.5083,-0.6646,0.9294,SHAKE1
-123.4157,-26.9966,12.205,1.3274,126.922,9.0609,0.0739,342.7712,42257.1172,1.3253,0.007723,0.5831,-0.7212,0.9417,SHAKE1
-201.1325,51.084,112.1609,1.1793,235.8897,108.9676,0.1481,259.8962,18763.1406,1.3283,0.006793,0.626,-0.7293,0.9134,SHAKE1
-263.306,139.7953,192.1256,0.9805,354.6619,118.7722,0.1988,230.3874,7945.6719,1.2594,0.026236,0.6296,-0.6819,0.8483,SHAKE1
-313.0448,181.9269,256.0974,0.7441,443.4865,88.8247,0.2364,259.3886,15259.5205,1.1265,0.057246,0.5958,-0.5784,0.7549,SHAKE1
-352.8359,200.729,307.2747,0.4305,509.1199,65.6334,0.3136,334.016,19117.623,0.9323,0.101326,0.5189,-0.4234,0.6303,SHAKE1
-384.6687,262.9801,348.2167,0.2851,581.7073,72.5874,0.1454,424.9731,14537.0527,0.7239,0.110446,0.3839,-0.2166,0.4595,SHAKE1
-410.1349,312.7809,380.9702,0.7524,641.2339,59.5266,0.4674,506.0419,10168.1387,0.6385,0.061847,0.1864,0.0115,0.2205,SHAKE1
-430.508,352.6216,354.7574,1.2382,659.9485,18.7146,0.4858,567.0992,6594.4053,0.69,0.107725,-0.0584,0.2393,-0.0707,SHAKE1
-368.6032,281.6161,230.7685,1.5753,518.1024,141.8461,0.3371,582.0224,3795.8237,0.8563,0.23624,-0.3234,0.4434,-0.3903,SHAKE1
-199.3107,122.8928,82.2148,1.7271,248.1667,269.9357,0.1518,529.8317,22300.9355,1.1156,0.28439,-0.5683,0.5879,-0.7075,SHAKE1
-57.0517,-4.0857,-36.6282,1.6595,67.9207,180.246,0.0676,427.0744,53876.0195,1.3905,0.130029,-0.7378,0.6505,-0.9685,SHAKE1
56.7555,-105.6686,-131.7025,1.4451,178.1365,110.2158,0.2144,334.4549,48518.8164,1.529,0.030007,-0.8078,0.6458,-1.1162,SHAKE1
147.8013,-186.9349,-207.762,1.1676,316.1565,138.02,0.2774,265.6965,22668.8535,1.5149,0.03901,-0.7882,0.5884,-1.1458,SHAKE1
220.6379,-251.9479,-268.6096,0.8643,429.3134,113.1569,0.3033,247.9387,14965.8691,1.3727,0.10271,-0.7059,0.494,-1.0666,SHAKE1
278.9072,-303.9583,-317.2877,0.6102,520.4338,91.1205,0.2541,302.3922,26851.3965,1.1493,0.143984,-0.595,0.3918,-0.8999,SHAKE1
325.5226,-345.5667,-356.2302,0.4127,593.5328,73.099,0.1975,407.5146,21757.873,0.9,0.138287,-0.4917,0.2945,-0.6847,SHAKE1
362.815,-378.8533,-387.3842,0.2856,652.0974,58.5646,0.1271,502.3068,14213.5957,0.6681,0.100585,-0.4062,0.2055,-0.4598,SHAKE1
392.6489,-405.4827,-412.3073,0.2562,698.9897,46.8923,0.0294,578.8734,9157.5947,0.4858,0.051378,-0.3361,0.1231,-0.2466,SHAKE1
416.516,-412.8987,-432.2458,0.3188,728.5653,29.5756,0.0625,638.7238,5583.4146,0.3767,0.016397,-0.2708,0.0452,-0.0582,SHAKE1
435.6097,-313.8627,-448.1967,0.4401,699.3896,29.1757,0.1213,674.515,2239.9712,0.3427,0.005139,-0.2005,-0.0324,0.1068,SHAKE1
450.8846,-148.6933,-460.9573,0.5978,661.7313,37.6583,0.1577,688.1547,774.9925,0.3797,0.015804,-0.1162,-0.1147,0.2526,SHAKE1
463.1046,-16.5578,-471.1659,0.7782,660.861,0.8703,0.1804,689.9074,660.8839,0.4782,0.036083,-0.0159,-0.208,0.3827,SHAKE1
472.8806,40.8632,-479.3327,0.9646,674.5707,13.7097,0.1864,685.0236,667.5773,0.6199,0.053466,0.0991,-0.3149,0.498,SHAKE1
403.4076,-8.5032,-485.8661,1.1334,631.5662,43.0045,0.1688,665.6238,483.5869,0.7828,0.061525,0.2203,-0.4333,0.5968,SHAKE1
220.3261,-65.8994,-372.8054,1.2757,438.0299,193.5363,0.1423,613.3519,7882.9985,0.9499,0.0587,0.3401,-0.5565,0.6801,SHAKE1
73.8609,-41.5164,-195.8475,1.3958,213.39,224.64,0.12,523.6835,31368.3867,1.1095,0.048184,0.4522,-0.6717,0.7523,SHAKE1
-43.3113,69.1837,-54.2811,1.4411,98.024,115.366,0.0454,411.1161,51170.6563,1.2421,0.030638,0.5529,-0.7552,0.8131,SHAKE1
-137.049,157.7439,58.972,1.3832,217.125,119.101,0.058,319.627,36445.2422,1.3258,0.012204,0.6349,-0.7873,0.853,SHAKE1
-212.0392,228.592,149.5745,1.2282,345.8142,128.6892,0.1549,262.4766,13855.0107,1.3448,0.006341,0.6887,-0.76,0.8617,SHAKE1
-272.0314,285.2704,222.0565,0.998,452.4261,106.6119,0.2302,265.3558,14899.0938,1.2893,0.026351,0.7096,-0.6734,0.8271,SHAKE1
-320.0251,330.6132,280.0421,0.6706,538.6508,86.2247,0.3274,330.408,25065.2461,1.1442,0.079588,0.6844,-0.527,0.7315,SHAKE1
-358.4201,366.8875,326.4305,0.3698,607.9706,69.3198,0.3008,432.3973,19271.1504,0.93,0.135992,0.6058,-0.33,0.564,SHAKE1
-389.1361,395.9069,355.3225,0.556,659.1079,51.1373,0.1861,520.7939,12468.293,0.7645,0.095529,0.4804,-0.1024,0.3152,SHAKE1
-413.7089,419.1224,286.1643,0.9654,654.7584,4.3495,0.4095,582.5827,6116.1465,0.712,0.057833,0.3223,0.1325,0.0059,SHAKE1
-433.3671,232.8979,199.0408,1.2867,530.7219,124.0366,0.3213,598.2419,3020.6978,0.7697,0.104201,0.1412,0.3537,-0.328,SHAKE1
-427.7093,83.9183,84.0576,1.4951,443.8955,86.8264,0.2084,579.2908,6715.8975,0.9346,0.180294,-0.0326,0.5341,-0.6549,SHAKE1
-239.7706,-35.2653,-35.1539,1.5958,244.8864,199.0091,0.1007,506.674,23643.4512,1.1798,0.143817,-0.1763,0.6458,-0.9467,SHAKE1
-89.4196,-130.6123,-127.1169,1.5176,203.0126,41.8738,0.0782,415.455,29117.3691,1.3721,0.051806,-0.2789,0.6831,-1.1463,SHAKE1
30.8612,-206.8898,-194.3529,1.2989,285.5326,82.5199,0.2187,341.6098,15586.9951,1.4388,0.015347,-0.3388,0.6584,-1.2283,SHAKE1
127.0858,-267.9118,-257.8823,1.0675,392.9769,107.4443,0.2314,314.0608,8203.0908,1.395,0.036379,-0.3572,0.5905,-1.2095,SHAKE1
204.0656,-316.7295,-308.7058,0.8412,487.093,94.1161,0.2263,322.7003,10745.0684,1.2642,0.078606,-0.3499,0.4955,-1.1071,SHAKE1
265.6493,-355.7836,-349.3647,0.6353,564.9843,77.8912,0.2059,386.7199,17175.8672,1.0721,0.09881,-0.3321,0.3896,-0.9379,SHAKE1
314.9163,-387.0269,-381.8918,0.4591,628.3338,63.3495,0.1762,471.7841,14865.7295,0.8604,0.089452,-0.3139,0.2849,-0.7397,SHAKE1
354.3299,-412.0215,-407.9134,0.3121,679.4886,51.1548,0.147,550.5753,10347.9785,0.663,0.07217,-0.2951,0.1864,-0.5458,SHAKE1
385.8608,-432.0172,-428.7307,0.1964,720.6507,41.1621,0.1157,616.11,6870.8491,0.4888,0.05265,-0.2671,0.0963,-0.3609,SHAKE1
411.0856,-448.0137,-445.3846,0.2276,753.7075,33.0568,0.0312,669.433,4485.0493,0.3661,0.026403,-0.2253,0.0134,-0.1835,SHAKE1
431.2654,-377.8516,-458.7077,0.4093,734.2849,19.4226,0.1817,703.2931,1997.7887,0.3209,0.01024,-0.1646,-0.065,-0.0076,SHAKE1
447.4092,-199.8844,-469.3661,0.6084,678.5524,55.7325,0.1991,713.3368,895.5539,0.3507,0.022062,-0.0798,-0.1455,0.1616,SHAKE1
460.3242,-57.5106,-477.8929,0.7661,666.0236,12.5287,0.1577,710.6438,1106.8689,0.4415,0.048015,0.0212,-0.2294,0.3162,SHAKE1
470.6562,-36.2648,-484.7143,0.8931,676.5947,10.5711,0.1271,701.8326,1241.0725,0.5809,0.057364,0.129,-0.3164,0.4502,SHAKE1
460.2875,-131.4118,-490.1714,1.0194,685.129,8.5342,0.1263,688.1169,570.5534,0.7393,0.045775,0.2381,-0.4048,0.5616,SHAKE1
294.0019,-193.3732,-414.5622,1.1562,543.7758,141.3532,0.1368,650.0151,2859.3813,0.8886,0.036452,0.344,-0.4955,0.6469,SHAKE1
132.8015,-150.4548,-229.2529,1.2117,304.6798,239.096,0.0555,575.2406,20956.5723,1.0093,0.027058,0.4321,-0.5744,0.7048,SHAKE1
3.8412,-58.4514,-81.0054,1.1689,99.966,204.7138,0.0427,462.0291,51668.6016,1.0899,0.01383,0.4967,-0.6316,0.7341,SHAKE1
-99.327,38.3702,37.5925,1.0638,112.9218,12.9558,0.1052,349.2944,54127.0,1.124,0.005062,0.5329,-0.6625,0.734,SHAKE1
-181.8616,117.293,132.4709,0.9205,253.7318,140.8101,0.1432,263.015,25952.3398,1.1042,0.010761,0.5377,-0.66,0.7025,SHAKE1
-247.8893,161.6875,208.3736,0.7547,361.9551,108.2233,0.1659,226.6509,10822.501,1.0239,0.028209,0.5079,-0.6168,0.6399,SHAKE1
-300.7115,157.6844,269.0958,0.5773,433.2485,71.2934,0.1774,252.3647,17480.1191,0.897,0.044956,0.4517,-0.5393,0.5563,SHAKE1
-342.9692,100.3725,317.6735,0.3965,478.1411,44.8926,0.1808,327.9997,17309.3945,0.7425,0.056417,0.3758,-0.4337,0.4682,SHAKE1
-376.7753,106.4293,356.5357,0.2523,529.5323,51.3912,0.1441,411.3218,9238.2012,0.5803,0.05751,0.281,-0.2925,0.3842,SHAKE1
-403.8203,187.5403,387.6254,0.3716,590.3352,60.8029,0.1193,478.6425,6148.3682,0.4705,0.031004,0.147,-0.1216,0.2957,SHAKE1
-425.4562,252.4291,394.8972,0.6231,632.9907,42.6555,0.2515,532.8496,5251.4463,0.4442,0.018819,-0.0181,0.0579,0.192,SHAKE1
-442.765,304.3402,383.4053,0.8767,660.048,27.0573,0.2536,578.2095,4445.7383,0.504,0.049107,-0.2058,0.2282,0.0597,SHAKE1
-456.612,345.869,321.0367,1.1422,656.6464,3.4016,0.2655,613.9105,2398.9084,0.6532,0.105993,-0.403,0.3731,-0.1221,SHAKE1
-449.6833,379.0921,201.3231,1.3436,621.6566,34.9898,0.2014,632.3353,647.4987,0.8714,0.121549,-0.5825,0.4642,-0.3521,SHAKE1
-314.4373,354.5737,93.5241,1.4664,483.0529,138.6037,0.1228,610.8789,4291.3691,1.0904,0.094438,-0.7063,0.4937,-0.6019,SHAKE1
-149.153,181.2589,-23.6932,1.5037,235.9296,247.1233,0.0373,531.4667,26004.6758,1.2665,0.053916,-0.7692,0.4789,-0.8396,SHAKE1
-16.9255,42.6072,-121.3546,1.3889,129.7258,106.2038,0.1148,425.4023,43727.5313,1.369,0.016026,-0.7735,0.4338,-1.0178,SHAKE1
88.8565,-68.3143,-199.4837,1.2084,228.8144,99.0887,0.1805,339.8358,33440.5078,1.3822,0.01072,-0.7288,0.3723,-1.1036,SHAKE1
173.4821,-157.0514,-261.9869,1.0093,351.281,122.4665,0.1991,285.7607,14658.0029,1.3154,0.033769,-0.6587,0.3095,-1.0929,SHAKE1
241.1825,-228.0411,-311.9896,0.8053,455.5319,104.2509,0.2039,280.2565,12607.3184,1.1831,0.063746,-0.5786,0.2525,-1.0001,SHAKE1
295.3429,-284.8329,-351.9917,0.5956,540.6064,85.0746,0.2097,341.1919,22057.6387,1.0015,0.079239,-0.4978,0.2006,-0.8445,SHAKE1
338.6712,-330.2663,-383.9933,0.37,609.2823,68.6758,0.2256,437.1032,18289.5664,0.7977,0.087452,-0.4163,0.1511,-0.6603,SHAKE1
373.3339,-366.6131,-409.5947,0.1428,664.4931,55.2108,0.2272,524.239,12361.3223,0.5846,0.094088,-0.3303,0.1023,-0.4583,SHAKE1
401.064,-319.3717,-430.0757,0.2158,669.1904,4.6973,0.073,587.8208,6537.9604,0.4259,0.06004,-0.2384,0.0519,-0.2449,SHAKE1
423.248,-153.1005,-446.4606,0.4105,633.9604,35.23,0.1947,623.5065,2190.1899,0.347,0.025059,-0.1412,0.0012,-0.0322,SHAKE1
440.9953,-20.0835,-459.5685,0.6005,637.2468,3.2864,0.1899,642.8346,479.8901,0.3479,0.025545,-0.0331,-0.0552,0.1703,SHAKE1
455.1931,86.3301,-470.0548,0.7635,660.0039,22.7571,0.1631,652.9789,210.7887,0.4266,0.0538,0.0828,-0.1203,0.3496,SHAKE1
466.5514,171.4609,-478.4438,0.9227,689.9113,29.9073,0.1592,658.0625,431.2297,0.5826,0.062578,0.1993,-0.2029,0.4943,SHAKE1
445.2849,109.1406,-444.7894,1.0884,638.7706,51.1406,0.1657,651.9786,443.8851,0.7571,0.056375,0.3149,-0.3004,0.6072,SHAKE1
300.6279,9.2094,-303.5253,1.2621,427.305,211.4656,0.1737,610.6476,8766.3408,0.9274,0.054337,0.4298,-0.4059,0.7061,SHAKE1
138.1023,20.78,-140.4234,1.3871,198.0474,229.2576,0.1251,522.8076,34956.7578,1.0848,0.050465,0.5358,-0.5015,0.7954,SHAKE1
8.0819,119.0209,-9.9418,1.421,119.7085,78.3389,0.0339,414.7485,52013.2148,1.2163,0.035145,0.6237,-0.5692,0.8744,SHAKE1
-95.9345,197.6136,94.4434,1.3456,239.1111,119.4026,0.0754,324.5885,34911.1875,1.3009,0.014106,0.687,-0.5893,0.9321,SHAKE1
-179.1476,260.4877,177.9516,1.1589,362.7871,123.676,0.1867,269.3918,12414.2598,1.315,0.008909,0.7204,-0.5497,0.947,SHAKE1
-245.7181,310.787,244.7582,0.9408,465.6957,102.9086,0.2182,277.07,15075.0371,1.2507,0.032224,0.7214,-0.4531,0.9029,SHAKE1
-298.9745,309.5421,298.2034,0.7278,523.5718,57.876,0.213,342.1749,21740.1074,1.1188,0.065795,0.6874,-0.31,0.7996,SHAKE1
-341.5796,336.8431,340.9596,0.5494,588.5519,64.9801,0.1784,435.9435,15189.6152,0.9445,0.081997,0.6011,-0.1168,0.6467,SHAKE1
-375.6637,371.8713,375.1646,0.5987,648.1974,59.6456,0.0493,517.7608,9757.2939,0.7951,0.051419,0.4724,0.1028,0.4382,SHAKE1
-402.9309,399.894,402.5286,0.8838,695.915,47.7176,0.2851,584.3864,6862.7461,0.7401,0.023489,0.2914,0.322,0.186,SHAKE1
-406.876,422.312,424.4197,1.2423,723.8976,27.9825,0.3586,636.0267,5271.2002,0.8004,0.062246,0.0707,0.5268,-0.0971,SHAKE1
-369.2133,385.3528,332.3233,1.5413,628.6923,95.2053,0.2989,657.0508,2310.7217,0.9631,0.144503,-0.1704,0.7045,-0.3957,SHAKE1
-336.2426,205.8822,171.7461,1.6874,430.0503,198.642,0.1462,625.3505,10673.2402,1.1907,0.163407,-0.3842,0.8207,-0.6883,SHAKE1
-227.7941,62.3058,34.9969,1.6329,238.7403,191.31,0.0545,543.4591,33756.1328,1.3975,0.089632,-0.5483,0.8645,-0.9237,SHAKE1
-79.8384,-52.5554,-74.4025,1.4512,121.1279,117.6124,0.1817,428.5016,51565.0977,1.511,0.024535,-0.6337,0.8423,-1.0695,SHAKE1
38.5262,-144.4443,-161.922,1.2073,220.3796,99.2517,0.244,327.798,32635.0937,1.504,0.028499,-0.6455,0.7648,-1.1148,SHAKE1
133.2178,-217.9554,-231.9376,0.9496,345.0313,124.6517,0.2577,271.0659,11368.4766,1.3857,0.075693,-0.6005,0.6473,-1.0635,SHAKE1
208.9711,-276.7644,-287.9501,0.7276,450.7579,105.7266,0.222,275.2074,12753.96,1.1937,0.107241,-0.527,0.5126,-0.9379,SHAKE1
269.5738,-323.8115,-332.7601,0.5416,536.8922,86.1342,0.1861,334.8377,22627.9941,0.9755,0.106089,-0.4524,0.3852,-0.7698,SHAKE1
318.0559,-361.4492,-368.6081,0.3965,606.3637,69.4716,0.145,431.8849,18820.7246,0.7645,0.083355,-0.3905,0.2725,-0.5884,SHAKE1
356.8416,-391.5594,-397.2864,0.308,662.1866,55.8229,0.0885,520.2463,12673.8564,0.5847,0.053487,-0.3452,0.1753,-0.4153,SHAKE1
387.8702,-415.6475,-420.2292,0.2645,706.9644,44.7778,0.0435,592.6329,8266.7002,0.4476,0.028575,-0.3107,0.0895,-0.262,SHAKE1
412.693,-434.918,-438.5833,0.2501,742.8489,35.8845,0.0144,651.0511,5341.2744,0.3521,0.011578,-0.2735,0.0113,-0.1271,SHAKE1
432.5513,-450.3344,-453.2667,0.3025,771.5908,28.7419,0.0524,697.9908,3437.4407,0.3043,0.002609,-0.2253,-0.0624,-0.007,SHAKE1
448.4379,-402.4301,-465.0133,0.4218,761.1071,10.4838,0.1192,728.9396,1597.2415,0.3094,0.003642,-0.1609,-0.135,0.1032,SHAKE1
461.1472,-219.5472,-474.4107,0.5942,697.0819,64.0251,0.1724,735.9186,860.3257,0.3666,0.01659,-0.0767,-0.2108,0.2138,SHAKE1
471.3147,-73.2409,-481.9285,0.7814,678.0537,19.0282,0.1872,730.1365,1328.8931,0.47,0.038227,0.0295,-0.2901,0.327,SHAKE1
479.4486,43.8042,-487.9428,0.9694,685.4764,7.4227,0.188,718.662,1563.8116,0.6139,0.05774,0.1472,-0.3741,0.4434,SHAKE1
485.9558,105.8183,-492.7542,1.1526,700.1123,14.6359,0.1832,704.3663,867.9702,0.7839,0.067488,0.2677,-0.4619,0.564,SHAKE1
327.0084,171.7484,-372.9003,1.2927,524.8682,175.2441,0.1401,657.1185,4435.6299,0.9581,0.062703,0.3819,-0.5466,0.6837,SHAKE1
159.2067,239.7956,-195.9233,1.3374,348.1877,176.6805,0.0448,587.3397,18334.7773,1.1067,0.042917,0.4781,-0.6144,0.7853,SHAKE1
24.9654,294.2334,-54.3418,1.2913,300.2492,47.9385,0.0461,511.7787,27463.709,1.2087,0.018175,0.5451,-0.6549,0.8567,SHAKE1
-82.4277,337.7836,58.9234,1.1812,352.6529,52.4037,0.1101,445.2141,22062.8789,1.2511,0.005079,0.5806,-0.6611,0.8888,SHAKE1
-168.3422,372.6237,149.5356,1.0175,435.3716,82.7188,0.1637,392.2659,6284.1245,1.2241,0.013315,0.5864,-0.627,0.8712,SHAKE1
-237.0738,400.4959,222.0254,0.8207,515.6512,80.2796,0.1969,390.4225,5808.8428,1.1296,0.036003,0.5683,-0.5483,0.804,SHAKE1
-292.059,422.7936,280.0172,0.6068,585.2029,69.5517,0.2138,437.8256,10792.9209,0.9835,0.060681,0.5302,-0.4317,0.6966,SHAKE1
-336.0472,426.8536,326.4106,0.3822,633.7788,48.5759,0.2247,504.5315,10237.3223,0.8017,0.080995,0.4648,-0.2769,0.5585,SHAKE1
-371.2378,423.8766,363.5254,0.373,670.5517,36.7729,0.0092,568.1113,7094.0522,0.64,0.062811,0.3516,-0.0868,0.3753,SHAKE1
-399.3902,406.4357,393.2172,0.7461,692.331,21.7793,0.3731,619.5032,4015.073,0.5858,0.033612,0.1848,0.1222,0.1559,SHAKE1
-421.9122,427.5454,372.2363,1.1184,706.6575,14.3265,0.3724,657.7044,1917.8707,0.6453,0.075778,-0.0159,0.3287,-0.0967,SHAKE1
-330.7329,444.4207,242.7765,1.4194,604.8425,101.815,0.3009,661.6323,1410.0266,0.8078,0.168913,-0.2368,0.5109,-0.3734,SHAKE1
-197.3426,277.5491,91.8212,1.5831,352.7162,252.1263,0.1637,605.4198,17180.8437,1.048,0.195201,-0.444,0.6425,-0.6525,SHAKE1
-55.4772,119.6393,-28.943,1.5435,135.0147,217.7015,0.0396,498.3124,49116.5977,1.2821,0.098371,-0.5919,0.7018,-0.8767,SHAKE1
58.0151,-6.6886,-125.5544,1.3684,138.4717,3.457,0.1751,387.5405,55214.6133,1.4066,0.026909,-0.658,0.6943,-1.0203,SHAKE1
148.809,-107.7509,-202.8435,1.144,273.6784,135.2067,0.2243,300.9447,29941.5664,1.4117,0.024065,-0.6612,0.6318,-1.0692,SHAKE1
221.4441,-188.6007,-264.6748,0.9125,393.269,119.5905,0.2316,258.63,11385.0146,1.3103,0.063615,-0.6127,0.5327,-1.0249,SHAKE1
279.5521,-253.2805,-314.1399,0.6949,490.9015,97.6325,0.2176,286.2671,19640.7754,1.1326,0.09292,-0.5369,0.4154,-0.9038,SHAKE1
326.0386,-305.0244,-353.7119,0.5154,569.6079,78.7064,0.1794,373.1857,23566.8789,0.927,0.093078,-0.4578,0.3004,-0.7431,SHAKE1
363.2278,-346.4196,-385.3695,0.369,632.8116,63.2037,0.1464,472.0537,16254.9951,0.7272,0.076451,-0.3901,0.1957,-0.5711,SHAKE1
392.9791,-379.5356,-410.6956,0.2487,683.4843,50.6726,0.1204,554.0148,10607.3887,0.5481,0.055421,-0.3305,0.1043,-0.4032,SHAKE1
416.7802,-406.0285,-430.9565,0.1903,724.0776,40.5933,0.0584,620.1766,6846.4326,0.4037,0.033609,-0.2713,0.026,-0.2396,SHAKE1
435.821,-427.2228,-447.1652,0.287,756.5818,32.5042,0.0968,673.3126,4401.8584,0.3221,0.012715,-0.2047,-0.0425,-0.0816,SHAKE1
451.0537,-313.2032,-460.1321,0.4596,716.4268,40.155,0.1725,702.6764,1760.4592,0.3109,0.008893,-0.1247,-0.1056,0.0745,SHAKE1
463.2399,-148.1657,-470.5057,0.6358,676.6978,39.729,0.1763,711.4536,842.1808,0.3643,0.026483,-0.029,-0.1656,0.228,SHAKE1
472.9888,-38.6763,-478.8046,0.8018,674.1425,2.5553,0.1659,709.5853,960.6574,0.4749,0.049852,0.0779,-0.2247,0.3773,SHAKE1
480.7879,-46.7004,-485.4437,0.9514,684.831,10.6885,0.1497,701.736,979.595,0.6271,0.055896,0.1889,-0.2881,0.5126,SHAKE1
368.2303,-119.7604,-490.7549,1.0805,625.1212,59.7098,0.1291,675.4438,860.6701,0.7858,0.048698,0.2949,-0.3561,0.6303,SHAKE1
192.1843,-128.7177,-336.1477,1.1744,408.0421,217.0791,0.0939,613.7669,11021.4453,0.9288,0.03717,0.3884,-0.4266,0.7252,SHAKE1
51.3474,-43.7554,-166.5213,1.203,179.6676,228.3745,0.0286,514.3608,38036.2734,1.0422,0.022173,0.4632,-0.4923,0.7913,SHAKE1
-61.3221,67.3926,-30.8202,1.1608,96.1875,83.4801,0.0422,398.7699,54542.7578,1.114,0.008262,0.5151,-0.5408,0.8253,SHAKE1
-151.4576,156.3109,77.7407,1.073,231.1193,134.9318,0.0878,308.0276,35563.7305,1.1384,0.002719,0.5428,-0.5595,0.8288,SHAKE1
-223.5661,227.4456,164.5895,0.9455,358.8914,127.772,0.1275,254.7816,13136.3457,1.1113,0.008762,0.5506,-0.5382,0.7997,SHAKE1
-281.2529,284.3534,234.0685,0.7913,463.4092,104.5179,0.1542,265.855,17021.0664,1.0347,0.022583,0.5431,-0.4751,0.7366,SHAKE1
-327.4023,329.8796,289.6516,0.618,547.6412,84.232,0.1732,339.4497,25999.918,0.9177,0.037955,0.5193,-0.3751,0.6456,SHAKE1
-364.3218,366.3005,334.1182,0.4214,615.2572,67.616,0.1966,443.2636,18601.2363,0.7698,0.053538,0.4742,-0.2503,0.529,SHAKE1
-393.8575,395.4373,369.6914,0.2918,669.4521,54.1949,0.1296,530.9302,12147.0127,0.6136,0.056444,0.4027,-0.1052,0.3874,SHAKE1
-417.486,418.7467,394.3594,0.4649,710.748,41.2959,0.1731,601.3015,7742.3022,0.5175,0.029597,0.2922,0.0591,0.2146,SHAKE1
-436.3888,437.3943,283.2094,0.8243,679.6738,31.0742,0.3593,644.5544,3297.0718,0.5241,0.033386,0.1606,0.2369,0.0015,SHAKE1
-451.511,452.3123,246.5894,1.1773,685.0219,5.348,0.353,672.0306,991.2191,0.6359,0.104436,0.0129,0.4121,-0.2506,SHAKE1
-463.6088,296.6467,181.6715,1.4194,579.6007,105.4211,0.2421,664.8993,2004.3767,0.8355,0.178147,-0.136,0.5652,-0.5189,SHAKE1
-268.4902,134.9174,42.9372,1.5483,303.5346,276.0661,0.1289,591.7158,22761.291,1.0868,0.15747,-0.2624,0.6779,-0.7834,SHAKE1
-112.3953,5.5339,-68.0502,1.4871,131.5072,172.0274,0.0612,475.8677,48865.1484,1.2912,0.070375,-0.3403,0.7297,-0.9966,SHAKE1
12.4807,-97.9729,-143.3589,1.3142,174.0869,42.5796,0.1729,374.7503,48547.3594,1.3892,0.017268,-0.3804,0.7182,-1.1199,SHAKE1
112.3814,-180.7783,-185.3715,1.1061,282.264,108.1771,0.2081,294.1987,24515.8516,1.375,0.024111,-0.3855,0.6555,-1.142,SHAKE1
192.302,-247.0226,-225.0753,0.9151,385.5634,103.2994,0.1909,255.3912,8388.4746,1.2741,0.055838,-0.3656,0.5631,-1.0809,SHAKE1
256.2385,-300.0181,-282.4603,0.7421,485.2348,99.6714,0.173,291.7313,17169.9355,1.1129,0.071426,-0.3401,0.4585,-0.9526,SHAKE1
307.3876,-342.4145,-328.3683,0.6005,565.2969,80.062,0.1416,378.4892,19476.2773,0.9356,0.0645,-0.3236,0.3571,-0.7956,SHAKE1
348.307,-376.3316,-365.0946,0.4667,629.4738,64.1769,0.1339,469.5666,15423.7783,0.7661,0.051091,-0.316,0.2676,-0.6334,SHAKE1
381.0425,-403.4653,-394.4757,0.2956,680.8735,51.3997,0.171,549.2885,10981.8662,0.604,0.04597,-0.3022,0.1914,-0.471,SHAKE1
407.2309,-425.1722,-417.9805,0.1722,722.0222,41.1487,0.1234,616.5803,7059.8955,0.4554,0.041827,-0.27,0.1246,-0.2933,SHAKE1
428.1816,-442.5378,-436.7844,0.3877,754.9568,32.9346,0.2156,670.5247,4529.1899,0.3845,0.021282,-0.2081,0.0577,-0.0927,SHAKE1
444.9421,-251.6334,-451.8275,0.6981,682.2324,72.7245,0.3104,693.9117,1795.0709,0.4041,0.031235,-0.1113,-0.0129,0.1327,SHAKE1
458.3506,-98.9098,-463.862,0.9285,659.5729,22.6595,0.2304,699.9315,1164.2151,0.4964,0.076921,0.0098,-0.0898,0.3651,SHAKE1
436.6836,23.269,-473.4896,1.071,644.5358,15.037,0.1425,692.664,1652.4934,0.6515,0.110837,0.132,-0.1773,0.5822,SHAKE1
246.9469,-17.1067,-481.1917,1.1447,541.1293,103.4066,0.0737,656.4855,4763.7783,0.846,0.0757,0.2421,-0.2762,0.7536,SHAKE1
95.1575,-116.0853,-338.1534,1.1642,369.9709,171.1584,0.0195,579.4882,13314.002,1.0013,0.029836,0.3293,-0.3753,0.8603,SHAKE1
-26.274,-195.2683,-168.1258,1.1436,259.0103,110.9607,0.0205,494.8438,24579.2832,1.0904,0.007565,0.3873,-0.4657,0.8981,SHAKE1
-123.4192,-193.1146,-32.1038,1.0832,231.4221,27.5881,0.0605,409.2137,25697.8262,1.1213,0.001374,0.4175,-0.5388,0.8824,SHAKE1
-201.1353,-99.1167,76.7139,0.9861,236.9906,5.5685,0.0971,327.7047,13910.958,1.1044,0.004237,0.4295,-0.5842,0.8271,SHAKE1
-263.3083,23.1035,163.768,0.8637,310.9421,73.9514,0.1224,281.6672,2737.6929,1.0482,0.012339,0.4278,-0.5953,0.7448,SHAKE1
-313.0466,120.8797,233.4113,0.724,408.7675,97.8255,0.1397,289.4265,4348.876,0.9601,0.022914,0.4133,-0.5742,0.6447,SHAKE1
-352.8373,109.6881,289.1259,0.5511,469.1689,60.4013,0.1729,331.4582,8858.6426,0.8416,0.035596,0.3855,-0.5236,0.5285,SHAKE1
-384.6699,25.1974,333.6976,0.3155,509.8626,40.6937,0.2355,387.1463,10121.6572,0.6881,0.055698,0.337,-0.4428,0.3956,SHAKE1
-410.1359,45.2673,369.3549,0.0916,553.7903,43.9277,0.224,450.5063,7151.8682,0.5092,0.077088,0.2546,-0.3287,0.2464,SHAKE1
-430.5087,138.6107,397.8809,0.4158,602.3785,48.5883,0.3243,508.7935,4471.8628,0.4196,0.045672,0.1369,-0.1834,0.074,SHAKE1
-435.607,213.2854,420.7016,0.7781,642.0544,39.6759,0.3623,555.4509,3845.6028,0.4304,0.052737,-0.0148,-0.0147,-0.1199,SHAKE1
-366.895,273.0252,382.0925,1.1056,595.9441,46.1104,0.3275,580.806,2041.7444,0.5413,0.128698,-0.1878,0.1649,-0.3323,SHAKE1
-263.6628,188.8233,267.0803,1.3274,420.124,175.8201,0.2218,562.8583,5876.7705,0.7437,0.201126,-0.3638,0.3296,-0.5459,SHAKE1
-123.5209,48.6587,111.2642,1.3943,173.2189,246.9051,0.0669,486.744,30430.7031,1.0043,0.132842,-0.5098,0.4534,-0.7363,SHAKE1
3.5801,-63.4731,-13.3886,1.3205,64.9685,108.2505,0.0738,379.262,51782.9688,1.1852,0.05086,-0.6065,0.5207,-0.874,SHAKE1
105.261,-153.1785,-113.1109,1.1571,217.572,152.6035,0.1634,294.3655,35992.3164,1.261,0.012133,-0.6466,0.5317,-0.9415,SHAKE1
186.6057,-224.9428,-192.8887,0.9752,350.1814,132.6093,0.182,245.213,16009.4951,1.2349,0.022961,-0.6397,0.4934,-0.9325,SHAKE1
251.6814,-282.3542,-256.711,0.799,457.1302,106.9488,0.1762,252.6142,18817.7207,1.1292,0.048092,-0.5957,0.4252,-0.8584,SHAKE1
303.742,-328.2834,-307.7688,0.6283,542.9096,85.7794,0.1707,326.5523,28944.4375,0.976,0.060753,-0.5342,0.3446,-0.7381,SHAKE1
345.3905,-365.0267,-348.6151,0.4534,611.6139,68.7043,0.1748,435.8814,19558.3867,0.8026,0.061561,-0.4696,0.2659,-0.5878,SHAKE1
378.7093,-394.4214,-381.2921,0.2864,666.6127,54.9988,0.167,525.6896,12608.4766,0.6285,0.059382,-0.4046,0.1938,-0.4204,SHAKE1
405.3643,-417.9371,-407.4337,0.224,710.6292,44.0164,0.0624,597.7791,8091.479,0.4782,0.045478,-0.3358,0.1269,-0.2439,SHAKE1
426.6883,-350.5278,-428.3469,0.3065,698.866,11.7631,0.0824,646.1263,3841.3164,0.3797,0.021104,-0.2593,0.0589,-0.0677,SHAKE1
443.7476,-178.0254,-445.0775,0.4447,653.222,45.644,0.1382,668.1887,1233.8971,0.343,0.008243,-0.1721,-0.0151,0.1008,SHAKE1
457.3949,-40.0234,-458.462,0.6205,648.8447,4.3773,0.1758,675.6349,613.1476,0.3764,0.020088,-0.0748,-0.1013,0.2571,SHAKE1
468.3128,70.3781,-469.1696,0.8021,666.6259,17.7813,0.1816,675.6376,613.1,0.4796,0.044069,0.027,-0.1988,0.3966,SHAKE1
477.0471,113.2713,-477.7357,0.9767,684.5698,17.9438,0.1746,670.4257,357.0108,0.6301,0.057783,0.1315,-0.2997,0.5228,SHAKE1
438.7221,4.6233,-484.5886,1.1505,653.7006,30.8691,0.1738,661.3926,169.5889,0.7989,0.062509,0.2385,-0.3992,0.6427,SHAKE1
248.5777,-65.3108,-355.9209,1.2905,439.0171,214.6835,0.14,618.5516,8211.0576,0.968,0.05713,0.3424,-0.4966,0.7536,SHAKE1
96.4622,-47.8424,-182.3398,1.3178,211.7585,227.2587,0.0274,531.1344,33481.8828,1.1075,0.037991,0.4335,-0.5772,0.8373,SHAKE1
-25.2303,22.4636,-43.475,1.2481,55.0568,156.7016,0.0697,408.8206,60179.5938,1.1967,0.015329,0.5037,-0.6324,0.8797,SHAKE1
-122.5842,120.0146,67.6169,1.1245,184.3975,129.3407,0.1237,308.7861,45038.3164,1.2263,0.005818,0.5447,-0.662,0.8739,SHAKE1
-200.4674,198.4086,156.4904,0.964,322.556,138.1585,0.1605,242.5572,16896.7617,1.189,0.017035,0.5513,-0.6612,0.8171,SHAKE1
-262.7739,261.1237,227.5892,0.7926,434.7788,112.2228,0.1714,241.7095,16566.5703,1.0894,0.036486,0.5258,-0.6233,0.7199,SHAKE1
-312.6191,311.2959,284.4682,0.6177,524.9362,90.1574,0.1749,304.3451,28507.4121,0.9494,0.050943,0.4764,-0.5547,0.6038,SHAKE1
-352.4953,335.618,329.9715,0.4264,588.0251,63.0889,0.1913,410.9387,20811.1523,0.785,0.060786,0.4118,-0.4592,0.4838,SHAKE1
-384.3962,301.3131,366.3741,0.1851,610.5571,22.532,0.2413,496.1706,11251.9932,0.5972,0.074428,0.3297,-0.336,0.3611,SHAKE1
-409.917,264.7286,395.4961,0.1839,628.1165,17.5594,0.0012,557.2827,4970.8394,0.4411,0.05733,0.2226,-0.1859,0.2338,SHAKE1
-430.3336,185.286,418.7938,0.4663,628.4156,0.2991,0.2824,596.0101,1481.5637,0.3759,0.028492,0.0968,-0.0169,0.0998,SHAKE1
-446.6669,174.0163,437.4319,0.7454,648.9528,20.5372,0.2791,620.8134,416.6434,0.4014,0.043451,-0.0447,0.1626,-0.0471,SHAKE1
-459.7335,221.3756,426.2487,1.0614,664.8683,15.9156,0.316,636.182,353.6004,0.5284,0.114319,-0.2047,0.3387,-0.2246,SHAKE1
-424.1368,197.2036,292.4364,1.3003,551.6343,113.2341,0.2389,624.3975,1513.0626,0.7514,0.160165,-0.3654,0.4861,-0.4227,SHAKE1
-280.2001,113.1129,131.5491,1.4,329.563,222.0713,0.0997,564.6868,15330.4014,0.9947,0.12071,-0.4963,0.5865,-0.6161,SHAKE1
-121.7632,-11.9097,2.8393,1.3667,122.3772,207.1858,0.0334,463.4791,43402.6953,1.1748,0.060113,-0.5892,0.6341,-0.7814,SHAKE1
4.9863,-111.9278,-100.1286,1.2175,150.2612,27.884,0.1492,363.7408,46195.9648,1.2692,0.014688,-0.6393,0.6309,-0.8898,SHAKE1
106.3859,-191.9422,-182.5028,1.0176,285.4244,135.1632,0.1998,287.852,23527.9883,1.2604,0.018632,-0.6381,0.5824,-0.9151,SHAKE1
187.5056,-255.9538,-248.4023,0.8079,402.9571,117.5327,0.2097,258.1166,11377.4111,1.162,0.049573,-0.5946,0.5073,-0.8586,SHAKE1
252.4014,-307.1631,-301.1218,0.6025,498.7283,95.7712,0.2054,291.9496,20790.6191,1.0024,0.07539,-0.5289,0.4179,-0.7403,SHAKE1
304.318,-348.1305,-343.2975,0.4222,575.897,77.1687,0.1803,382.6536,22937.6738,0.8135,0.08051,-0.4568,0.324,-0.585,SHAKE1
345.8513,-380.9044,-377.038,0.254,637.8549,61.9578,0.1682,480.1723,15652.0576,0.6209,0.073356,-0.3828,0.227,-0.4146,SHAKE1
379.0779,-341.6547,-404.0304,0.1918,650.8983,13.0434,0.0622,553.2671,8553.3242,0.4557,0.051404,-0.3074,0.1317,-0.2424,SHAKE1
405.6592,-229.6269,-425.6243,0.2724,631.2242,19.6741,0.0806,598.9205,3165.9299,0.3486,0.021841,-0.2283,0.0376,-0.0803,SHAKE1
426.9242,-81.3047,-442.8994,0.3896,620.5116,10.7126,0.1172,623.2772,658.2228,0.306,0.007473,-0.1451,-0.0544,0.0643,SHAKE1
443.9363,37.3531,-456.7195,0.5121,638.0184,17.5068,0.1224,635.7014,98.3451,0.324,0.012941,-0.0558,-0.1455,0.1891,SHAKE1
457.5459,132.2794,-467.7756,0.6324,667.5778,29.5594,0.1203,641.6461,265.3001,0.3997,0.025258,0.0371,-0.2335,0.2878,SHAKE1
468.4336,208.2204,-476.6205,0.7647,699.9663,32.3885,0.1323,651.4596,832.123,0.5143,0.030138,0.1301,-0.3213,0.3658,SHAKE1
477.1438,118.0357,-483.6964,0.9021,689.6092,10.3571,0.1374,663.1367,904.9532,0.6402,0.032666,0.2224,-0.4073,0.4335,SHAKE1
391.4213,13.1192,-489.3571,1.0505,626.78,62.8292,0.1484,664.3903,804.3641,0.7724,0.036317,0.3131,-0.4937,0.5006,SHAKE1
210.737,-20.4484,-383.1044,1.1562,437.7182,189.0618,0.1057,624.3303,9336.5127,0.9012,0.035637,0.3985,-0.5775,0.5635,SHAKE1
66.1896,25.9194,-204.0867,1.176,216.1117,221.6065,0.0198,534.0371,34138.0664,1.0099,0.024475,0.4709,-0.6495,0.6122,SHAKE1
-49.4483,104.4449,-60.8725,1.111,130.6114,85.5003,0.065,420.1661,48215.418,1.0792,0.009701,0.5228,-0.6974,0.635,SHAKE1
-141.9586,164.8997,53.6989,0.9944,224.1154,93.5041,0.1166,327.0673,32715.293,1.0976,0.004525,0.5478,-0.7157,0.6245,SHAKE1
-215.9669,225.6541,145.356,0.8401,344.5139,120.3985,0.1543,270.6141,11623.6748,1.0555,0.015573,0.5429,-0.6946,0.5782,SHAKE1
-275.1736,282.4452,218.6817,0.6727,450.9074,106.3934,0.1674,273.252,12533.0938,0.9588,0.03351,0.5121,-0.6327,0.5046,SHAKE1
-322.5388,289.7843,277.3422,0.4945,514.7086,63.8012,0.1782,332.9713,19973.9492,0.8225,0.04863,0.4614,-0.5357,0.4172,SHAKE1
-360.4311,257.3806,324.2707,0.3043,548.9142,34.2056,0.1902,416.6319,14111.2061,0.6612,0.059674,0.3944,-0.4119,0.3265,SHAKE1
-390.7449,245.517,361.8134,0.1507,586.4035,37.4893,0.1535,489.0895,7213.0625,0.4924,0.061109,0.3079,-0.2565,0.2328,SHAKE1
-414.9959,284.0386,391.8476,0.3894,637.5297,51.1262,0.2387,547.6927,4005.2095,0.4023,0.030935,0.1913,-0.0766,0.1195,SHAKE1
-434.3967,328.834,386.475,0.731,667.9785,30.4488,0.3415,591.1069,3140.6704,0.414,0.037779,0.0432,0.1119,-0.0248,SHAKE1
-361.8518,343.1609,328.9675,1.0507,597.4243,70.5541,0.3197,607.65,1707.6381,0.5252,0.105194,-0.1283,0.2937,-0.2038,SHAKE1
-275.997,247.485,220.4178,1.2841,431.2855,166.1388,0.2334,584.1243,6685.0859,0.7212,0.172219,-0.3074,0.45,-0.4098,SHAKE1
-187.4289,95.588,73.9342,1.3941,223.0088,208.2767,0.11,511.4454,27482.6992,0.9699,0.135865,-0.4695,0.5566,-0.6204,SHAKE1
-71.1556,-25.9296,-43.2526,1.3738,87.2138,135.795,0.0203,401.3822,48183.8203,1.1667,0.062349,-0.5844,0.6036,-0.7981,SHAKE1
45.4724,-123.1437,-137.0021,1.2561,189.7411,102.5273,0.1177,305.7347,33779.0586,1.2718,0.014931,-0.6409,0.6,-0.9135,SHAKE1
138.7748,-200.9149,-212.0017,1.0649,323.3728,133.6317,0.1912,250.9244,13820.5469,1.2746,0.013709,-0.6418,0.5565,-0.9473,SHAKE1
213.4167,-263.132,-272.0013,0.8519,434.4765,111.1037,0.213,251.5626,14052.3877,1.1882,0.041954,-0.5975,0.4892,-0.902,SHAKE1
273.1302,-312.9056,-320.0011,0.6491,524.3193,89.8427,0.2028,311.8247,25137.043,1.0392,0.069383,-0.5271,0.4103,-0.7956,SHAKE1
320.9011,-352.7245,-358.4008,0.4481,596.5259,72.2067,0.201,413.6871,20882.043,0.854,0.082577,-0.4463,0.3277,-0.6487,SHAKE1
359.1177,-384.5796,-389.1207,0.2609,654.4325,57.9066,0.1872,506.6254,13805.8184,0.655,0.080981,-0.3634,0.2475,-0.4803,SHAKE1
389.6911,-410.0637,-413.6965,0.128,700.8253,46.3928,0.1329,582.1159,8933.4189,0.4676,0.067806,-0.2795,0.1722,-0.305,SHAKE1
414.1497,-423.5572,-433.3572,0.2288,733.9749,33.1496,0.1007,642.0156,5598.2021,0.343,0.034148,-0.195,0.1036,-0.1286,SHAKE1
433.7167,-290.8801,-449.0858,0.4046,688.7666,45.2083,0.1758,674.9051,2183.1323,0.2941,0.013774,-0.1042,0.0417,0.0453,SHAKE1
449.3702,-130.3072,-461.6686,0.5741,657.3063,31.4603,0.1696,687.0612,868.6487,0.3193,0.02408,-0.0056,-0.016,0.2106,SHAKE1
461.8931,-1.8489,-471.7349,0.7332,660.2139,2.9077,0.1591,688.2174,798.5406,0.4137,0.048746,0.1061,-0.0782,0.3579,SHAKE1
471.9113,81.5521,-479.7879,0.9091,677.8994,17.6854,0.1759,683.6322,767.0172,0.57,0.057092,0.2253,-0.1543,0.4853,SHAKE1
379.4447,83.6261,-486.2303,1.0617,622.4079,55.4915,0.1526,661.3188,511.9352,0.7365,0.054412,0.3445,-0.2477,0.5889,SHAKE1
201.1558,52.354,-347.6218,1.138,405.0253,217.3826,0.0763,604.5705,10278.166,0.8832,0.043091,0.452,-0.3525,0.6595,SHAKE1
58.5246,7.6019,-175.7006,1.1334,185.3473,219.678,0.0046,510.1788,35961.7734,0.9951,0.02399,0.5362,-0.455,0.6941,SHAKE1
-55.5803,-20.3028,-38.1636,1.0846,70.4119,114.9354,0.0488,392.2183,56223.9883,1.0653,0.006941,0.5867,-0.542,0.697,SHAKE1
-146.8643,8.9077,71.866,1.012,163.7473,93.3354,0.0726,289.3879,39766.9648,1.0859,0.002205,0.6035,-0.6006,0.6677,SHAKE1
-219.8914,90.4231,159.8897,0.9142,286.5192,122.7719,0.0977,222.2102,13075.3037,1.0564,0.007112,0.5923,-0.6231,0.6091,SHAKE1
-278.3131,174.7353,230.3086,0.7763,401.2888,114.7696,0.1379,221.4629,12804.3027,0.9841,0.016239,0.5583,-0.6069,0.5334,SHAKE1
-325.0505,242.1852,286.6438,0.6252,496.4636,95.1748,0.1512,283.6862,23796.7773,0.8825,0.027218,0.5118,-0.5587,0.4496,SHAKE1
-362.4404,296.145,331.7119,0.4713,573.6703,77.2067,0.1539,384.3378,21386.998,0.7598,0.037817,0.4574,-0.4821,0.3646,SHAKE1
-392.3523,316.5348,367.7664,0.3193,624.0086,50.3383,0.1519,476.3901,14669.7549,0.6213,0.044708,0.3943,-0.3795,0.2865,SHAKE1
-416.2819,355.6247,396.61,0.281,676.0613,52.0527,0.0383,554.2985,9363.5605,0.4946,0.034657,0.3218,-0.2223,0.2216,SHAKE1
-435.4255,386.8966,419.6849,0.492,717.9274,41.8661,0.211,617.6263,6025.6445,0.4378,0.015553,0.2321,-0.023,0.1384,SHAKE1
-450.656,411.9142,347.2885,0.7809,702.4055,15.522,0.2889,658.8146,2830.5881,0.4689,0.031108,0.1156,0.1866,0.0058,SHAKE1
-290.3311,431.9282,232.7277,1.0042,570.102,132.3035,0.2233,658.101,2954.1555,0.5755,0.077048,-0.0179,0.3811,-0.1599,SHAKE1
-253.2367,365.3832,114.8228,1.2164,459.1492,110.9528,0.2123,625.1291,9550.9131,0.7549,0.113895,-0.1481,0.5515,-0.3682,SHAKE1
-246.3956,189.9066,6.1239,1.3111,311.1476,148.0016,0.0947,552.1464,23422.4883,0.9609,0.088413,-0.2666,0.6531,-0.5985,SHAKE1
-171.6384,49.5253,-97.5009,1.2952,203.5164,107.6312,0.0159,449.2641,31649.6348,1.1216,0.040982,-0.3547,0.6829,-0.7966,SHAKE1
-34.9138,-62.7798,-180.4007,1.1906,194.177,9.3394,0.1046,347.6184,21515.5703,1.2035,0.012011,-0.3997,0.6626,-0.9134,SHAKE1
74.4658,-152.6238,-246.7206,1.0245,299.5167,105.3397,0.1661,293.5014,9149.8809,1.2076,0.010458,-0.4083,0.6138,-0.9534,SHAKE1
161.9695,-224.4991,-299.7765,0.844,408.044,108.5273,0.1805,283.2803,6181.5732,1.1331,0.031328,-0.3971,0.5425,-0.9106,SHAKE1
231.9725,-281.9992,-342.2212,0.6665,500.45,92.406,0.1775,321.1408,14025.3701,1.0042,0.051911,-0.3739,0.4586,-0.8095,SHAKE1
287.9749,-327.9994,-376.1769,0.5041,576.2137,75.7637,0.1625,395.6802,18714.5742,0.8459,0.059952,-0.3447,0.3695,-0.6751,SHAKE1
332.7768,-364.7995,-403.3416,0.3437,637.5762,61.3625,0.1603,484.36,14432.4785,0.6766,0.057945,-0.3105,0.282,-0.5246,SHAKE1
368.6183,-394.2396,-425.0732,0.1629,687.0164,49.4402,0.1808,561.86,9806.7334,0.5042,0.05681,-0.2666,0.1944,-0.3655,SHAKE1
397.2915,-417.7917,-442.4586,0.1844,726.7462,39.7298,0.0215,625.6005,6449.5015,0.3723,0.036776,-0.2099,0.1092,-0.1972,SHAKE1
420.2301,-338.3396,-456.3669,0.3628,706.6384,20.1078,0.1784,666.8381,2929.8501,0.3116,0.015796,-0.1397,0.0291,-0.0256,SHAKE1
438.581,-185.9124,-467.4935,0.5083,667.433,39.2053,0.1455,685.082,954.5219,0.3124,0.016123,-0.0592,-0.0465,0.1401,SHAKE1
453.2617,-46.333,-476.3948,0.6303,659.2002,8.2328,0.122,689.4069,618.4315,0.3697,0.032849,0.0309,-0.1239,0.2895,SHAKE1
465.0062,65.3305,-483.5158,0.752,674.0078,14.8076,0.1217,686.8051,657.9461,0.4875,0.039634,0.1207,-0.2064,0.4118,SHAKE1
474.4019,122.2487,-489.2127,0.8713,692.3373,18.3295,0.1193,679.9233,297.6498,0.6249,0.031837,0.2051,-0.2963,0.5007,SHAKE1
351.9746,82.099,-493.7701,0.9734,611.9112,80.4261,0.1021,660.9779,721.1117,0.747,0.027469,0.2811,-0.3932,0.56,SHAKE1
179.1797,39.1948,-407.8349,1.0434,447.181,164.7302,0.07,616.9276,7914.1592,0.8541,0.022178,0.3479,-0.4931,0.597,SHAKE1
40.9437,32.9527,-223.871,1.0684,229.9576,217.2234,0.0251,531.079,30135.9316,0.9417,0.013674,0.3976,-0.5838,0.618,SHAKE1
-69.645,71.2028,-76.7,1.0298,125.7106,104.247,0.0387,421.4196,46889.7148,0.9973,0.004938,0.4291,-0.6488,0.6211,SHAKE1
-158.116,159.3591,41.0369,0.9534,228.2105,102.4999,0.0764,328.5942,31059.8379,1.0137,0.001879,0.4424,-0.6809,0.6051,SHAKE1
-228.8928,229.8842,135.2264,0.8462,351.461,123.2505,0.1072,276.5042,12397.3359,0.9882,0.00652,0.4379,-0.6756,0.5724,SHAKE1
-285.5143,286.3042,210.578,0.7133,455.8855,104.4245,0.1329,278.2451,13003.7207,0.9222,0.016674,0.4184,-0.632,0.5246,SHAKE1
-330.8114,331.4402,270.8593,0.5705,540.9747,85.0892,0.1428,340.4485,22473.4922,0.8226,0.027222,0.3895,-0.5535,0.4655,SHAKE1
-367.0491,367.5491,319.0843,0.4154,609.6165,68.6418,0.1551,437.2296,18374.709,0.6997,0.036707,0.3529,-0.4507,0.397,SHAKE1
-396.0393,396.4362,357.6643,0.2449,664.78,55.1636,0.1705,524.5435,12369.0293,0.558,0.04514,0.306,-0.3206,0.3211,SHAKE1
-419.2314,419.5458,388.5283,0.2268,709.0331,44.2531,0.018,596.058,8070.4844,0.4342,0.035133,0.2393,-0.161,0.225,SHAKE1
-437.7852,438.0335,413.2195,0.5267,744.4996,35.4665,0.2999,653.7808,5215.8813,0.3968,0.019871,0.1375,0.0194,0.0932,SHAKE1
-452.6281,452.8237,407.6256,0.8791,758.9995,14.4999,0.3524,697.3857,2983.6406,0.4586,0.056542,0.002,0.2086,-0.0779,SHAKE1
-464.5025,464.6559,320.8849,1.1886,731.1872,27.8123,0.3095,721.6999,1080.282,0.6132,0.138849,-0.154,0.397,-0.2822,SHAKE1
-469.9895,474.1216,197.8173,1.3956,696.2852,34.902,0.207,728.0009,521.7863,0.8434,0.181171,-0.3166,0.5552,-0.5085,SHAKE1
-333.9479,426.966,55.8538,1.4919,544.9228,151.3624,0.0963,695.1788,6076.0615,1.0964,0.125247,-0.465,0.6572,-0.729,SHAKE1
-164.7614,241.9916,-57.7169,1.4693,298.3915,246.5313,0.0226,605.9572,29117.0977,1.2849,0.052611,-0.5708,0.6982,-0.9048,SHAKE1
-29.4123,91.1933,-148.5735,1.3275,176.7919,121.5996,0.1417,489.5157,47710.6563,1.3746,0.011993,-0.6253,0.6863,-1.0064,SHAKE1
78.8671,-29.4454,-221.2589,1.1144,236.733,59.9411,0.2132,390.6249,39030.0625,1.3597,0.018397,-0.6316,0.6301,-1.0227,SHAKE1
165.4905,-125.9563,-279.4071,0.8784,348.3108,111.5778,0.236,321.03,15859.0645,1.2563,0.053785,-0.5976,0.5488,-0.958,SHAKE1
234.7893,-203.165,-325.9257,0.643,450.144,101.8332,0.2353,302.0743,8808.2324,1.0865,0.089083,-0.5331,0.4571,-0.8282,SHAKE1
266.8658,-264.932,-363.1405,0.424,522.7594,72.6154,0.2191,346.9478,16532.2676,0.8775,0.103868,-0.451,0.3648,-0.6561,SHAKE1
245.1958,-314.3456,-392.9124,0.2234,559.7449,36.9855,0.2006,423.5384,13932.0605,0.6566,0.100142,-0.3618,0.2705,-0.4689,SHAKE1
244.1504,-353.8765,-416.7299,0.116,598.7502,39.0053,0.1074,495.9418,7850.3853,0.4569,0.076818,-0.2693,0.1761,-0.2813,SHAKE1
297.7172,-328.0981,-435.7839,0.2481,621.4431,22.6929,0.1321,550.5683,3657.4644,0.3309,0.034134,-0.1742,0.0832,-0.1041,SHAKE1
340.5706,-160.0816,-451.0272,0.3949,587.401,34.0421,0.1467,578.0197,1158.205,0.2813,0.013006,-0.078,-0.0068,0.054,SHAKE1
374.8534,-25.6684,-463.2217,0.5133,596.4464,9.0454,0.1184,592.7571,398.1821,0.2991,0.019379,0.0167,-0.0947,0.1871,SHAKE1
402.2796,81.8621,-472.9774,0.6195,626.2889,29.8425,0.1062,606.066,227.9726,0.3783,0.032483,0.1109,-0.1776,0.293,SHAKE1
424.2206,167.8866,-480.7819,0.725,662.7973,36.5084,0.1055,618.8754,696.8769,0.5001,0.027914,0.2011,-0.2544,0.3731,SHAKE1
441.7733,72.1062,-487.0255,0.8385,661.4808,1.3165,0.1135,626.8829,994.4829,0.6182,0.024164,0.2889,-0.3233,0.4357,SHAKE1
405.7999,-44.7151,-492.0204,0.961,639.3412,22.1396,0.1225,637.2709,605.8493,0.7314,0.024867,0.3744,-0.3893,0.49,SHAKE1
222.24,-131.2377,-476.2757,1.065,541.7126,97.6286,0.104,626.3242,1978.969,0.8418,0.025418,0.4548,-0.4562,0.54,SHAKE1
75.392,-131.0777,-278.6237,1.1188,317.0118,224.7008,0.0539,564.4687,17287.707,0.9417,0.02091,0.5244,-0.5214,0.5814,SHAKE1
-42.0864,-53.7621,-120.5021,1.0985,138.5005,178.5113,0.0203,459.6094,40648.3047,1.0164,0.010861,0.5761,-0.5759,0.606,SHAKE1
-136.0691,34.4747,5.9952,1.0139,140.4965,1.996,0.0846,355.4125,42007.5078,1.0514,0.003305,0.6026,-0.6107,0.6059,SHAKE1
-211.2553,123.511,107.193,0.8796,267.1594,126.6629,0.1343,280.9761,21901.3633,1.0351,0.007312,0.6001,-0.6118,0.5794,SHAKE1
-271.4043,201.2057,188.1513,0.7323,386.7104,119.551,0.1473,249.9757,9579.5811,0.9686,0.021055,0.5729,-0.5725,0.53,SHAKE1
-319.5234,263.3614,252.9179,0.5735,485.2029,98.4926,0.1587,283.6139,18615.6543,0.8595,0.035865,0.5274,-0.4918,0.4641,SHAKE1
-358.0187,265.5235,304.7312,0.3675,539.9456,54.7427,0.206,363.9029,21098.9336,0.7134,0.051491,0.464,-0.3729,0.3795,SHAKE1
-388.815,189.6282,346.1818,0.1962,554.0558,14.1102,0.1713,446.6148,11507.209,0.5498,0.060164,0.367,-0.2177,0.2758,SHAKE1
-413.452,110.8432,379.3423,0.3983,571.9523,17.8965,0.202,507.5734,4492.3052,0.4536,0.033747,0.2327,-0.0452,0.1538,SHAKE1
-433.1616,41.8277,405.8708,0.7359,595.0711,23.1188,0.3376,549.2455,1365.3318,0.4543,0.034153,0.058,0.1409,0.0128,SHAKE1
-448.9293,-24.5222,427.0935,1.0677,620.1191,25.048,0.3318,576.2288,821.5579,0.5531,0.096797,-0.1558,0.3267,-0.15,SHAKE1
-445.7778,-122.0178,362.9529,1.308,587.6572,32.4619,0.2403,585.7711,493.3305,0.7412,0.168505,-0.39,0.4895,-0.3164,SHAKE1
-316.4535,-200.0142,190.5374,1.398,420.063,167.5942,0.09,558.9725,5065.8276,0.9816,0.137606,-0.6021,0.6048,-0.464,SHAKE1
-150.7659,-261.3802,50.0299,1.3505,305.8642,114.1988,0.0475,505.7549,15012.7832,1.172,0.060507,-0.7619,0.6695,-0.5776,SHAKE1
-18.2158,-291.8104,-62.3761,1.2166,298.958,6.9062,0.134,446.5323,18462.9844,1.2682,0.013616,-0.8522,0.6783,-0.6447,SHAKE1
87.8242,-313.342,-152.3009,1.0364,359.2936,60.3356,0.1801,394.3672,11237.4316,1.2619,0.01628,-0.8703,0.6381,-0.6514,SHAKE1
172.6562,-333.8486,-224.2407,0.852,437.6631,78.3695,0.1844,364.3684,3240.2034,1.1707,0.041138,-0.8284,0.5639,-0.6028,SHAKE1
240.5219,-369.4789,-281.7926,0.6844,523.2327,85.5696,0.1676,385.0023,7241.6406,1.028,0.057738,-0.7506,0.4728,-0.515,SHAKE1
294.8144,-397.9831,-327.8341,0.5314,593.9539,70.7212,0.1529,442.6203,11401.3994,0.8642,0.059405,-0.6583,0.3785,-0.4019,SHAKE1
338.2484,-420.7865,-364.6673,0.4026,651.5024,57.5485,0.1289,513.1292,11028.4805,0.7014,0.050682,-0.5629,0.2904,-0.2704,SHAKE1
372.9956,-419.2073,-394.1338,0.3229,685.7128,34.2103,0.0797,578.413,7990.4453,0.5587,0.03651,-0.4659,0.2136,-0.1326,SHAKE1
400.7934,-377.044,-417.7071,0.3254,690.8522,5.1394,0.0025,629.0508,3992.6641,0.4533,0.019087,-0.3669,0.1486,0.0054,SHAKE1
423.0316,-281.6508,-436.5656,0.3887,669.9794,20.8727,0.0632,658.4001,1226.8176,0.3942,0.00575,-0.2633,0.0924,0.1385,SHAKE1
440.8221,-142.7988,-451.6525,0.4875,647.0747,22.9047,0.0988,669.0243,308.9347,0.3854,0.003645,-0.1531,0.0408,0.2627,SHAKE1
455.0546,-11.8422,-463.722,0.6269,649.81,2.7353,0.1395,668.6859,321.2549,0.4303,0.013238,-0.0297,-0.016,0.3725,SHAKE1
466.4406,92.9231,-473.3776,0.8105,671.0349,21.2249,0.1836,665.7503,255.7575,0.5278,0.030335,0.1057,-0.0849,0.4715,SHAKE1
455.9055,134.6948,-481.1021,1.0047,676.3518,5.3169,0.1942,662.8502,143.8044,0.6636,0.049179,0.249,-0.1745,0.5608,SHAKE1
262.3245,148.7183,-457.7879,1.1624,548.1797,128.1721,0.1577,638.4902,2170.0938,0.8184,0.059863,0.3913,-0.2861,0.6371,SHAKE1
107.4596,172.5497,-274.4085,1.2208,341.4981,206.6816,0.0584,577.3749,16061.1377,0.9651,0.048837,0.5176,-0.4037,0.692,SHAKE1
-16.4323,216.2866,-117.1299,1.1875,246.5144,94.9837,0.0333,496.7158,30399.6152,1.0772,0.023292,0.6107,-0.5061,0.7183,SHAKE1
-115.5459,275.4261,8.693,1.1003,298.8076,52.2933,0.0872,422.2703,26613.5879,1.1352,0.005812,0.6625,-0.5793,0.7107,SHAKE1
-194.8367,322.7378,109.3512,0.9799,392.5286,93.721,0.1203,365.5057,10656.7969,1.1302,0.007203,0.6742,-0.6084,0.6696,SHAKE1
-258.2694,360.5871,189.8779,0.8294,482.4726,89.944,0.1506,352.3643,6546.3867,1.0636,0.020659,0.6521,-0.5831,0.6026,SHAKE1
-309.0155,390.8666,254.2992,0.6582,559.4062,76.9337,0.1711,395.9459,13196.6924,0.9511,0.035914,0.6089,-0.5098,0.5182,SHAKE1
-349.6124,415.0901,305.8362,0.4555,622.9482,63.5419,0.2027,471.2326,13368.6484,0.8047,0.052417,0.5487,-0.3954,0.4189,SHAKE1
-382.0899,367.0784,347.0659,0.2668,633.3987,10.4506,0.1887,538.1508,8204.0908,0.638,0.065007,0.4633,-0.2472,0.3008,SHAKE1
-408.0719,374.8221,380.0496,0.4085,671.9017,38.503,0.1417,594.0255,4418.8062,0.5237,0.039087,0.3477,-0.0685,0.1525,SHAKE1
-428.8575,402.2545,406.4365,0.7707,714.7854,42.8837,0.3622,640.4881,2687.8159,0.5119,0.032464,0.1948,0.128,-0.0338,SHAKE1
-445.486,402.7567,419.893,1.1602,732.7898,18.0044,0.3896,675.1647,1874.4117,0.6123,0.102162,0.0062,0.3223,-0.2633,SHAKE1
-420.2107,248.6335,333.6863,1.4462,591.3901,141.3997,0.286,668.8531,2692.9006,0.8105,0.197054,-0.1964,0.4899,-0.5176,SHAKE1
-296.6623,96.5068,195.3897,1.5431,368.1022,223.2879,0.0969,615.7938,17716.4355,1.0658,0.180125,-0.3834,0.61,-0.7574,SHAKE1
-134.933,-25.1945,53.9117,1.4763,147.4725,220.6297,0.0668,510.908,49950.7539,1.2793,0.081834,-0.5266,0.6694,-0.9431,SHAKE1
-5.5495,-122.5556,-59.2706,1.3149,136.2486,11.2239,0.1615,395.2006,56323.2891,1.3882,0.018495,-0.6076,0.668,-1.0494,SHAKE1
97.9573,-200.4445,-149.8165,1.1095,268.7352,132.4866,0.2054,302.3897,28114.834,1.378,0.023533,-0.6232,0.6182,-1.0603,SHAKE1
180.7627,-262.7556,-222.2532,0.8763,388.7315,119.9963,0.2332,261.858,11258.752,1.264,0.059952,-0.5879,0.5352,-0.9818,SHAKE1
247.007,-312.6045,-280.2026,0.6667,487.0806,98.3492,0.2096,285.6537,18579.998,1.0888,0.085012,-0.5203,0.4405,-0.848,SHAKE1
300.0025,-352.4836,-326.5621,0.4729,566.4706,79.39,0.1938,369.4533,23510.4453,0.8881,0.090551,-0.4421,0.3442,-0.6874,SHAKE1
342.3989,-384.3869,-363.6497,0.2879,630.2629,63.7923,0.185,468.2562,16475.8867,0.6827,0.083966,-0.3616,0.2523,-0.5175,SHAKE1
376.316,-409.9095,-393.3197,0.1275,681.4249,51.162,0.1604,550.7941,10789.833,0.4862,0.070595,-0.2819,0.1668,-0.3464,SHAKE1
403.4497,-430.3276,-417.0558,0.1506,722.4189,40.994,0.0231,617.5316,6974.0928,0.3411,0.041631,-0.2019,0.0861,-0.184,SHAKE1
425.1566,-394.9465,-436.0446,0.2939,725.8621,3.4432,0.1433,665.2879,3637.0376,0.2665,0.015314,-0.1213,0.0059,-0.0337,SHAKE1
442.5222,-341.3916,-451.2357,0.423,718.3229,7.5392,0.1291,695.6583,1324.245,0.2566,0.011597,-0.0413,-0.0746,0.1,SHAKE1
456.4146,-312.9757,-463.3885,0.5601,721.8013,3.4784,0.1371,713.966,270.4528,0.311,0.026863,0.0384,-0.1588,0.2172,SHAKE1
467.5286,-273.1244,-473.1108,0.7293,719.0367,2.7646,0.1692,721.4884,7.2249,0.4314,0.040635,0.1205,-0.2514,0.3204,SHAKE1
476.4198,-193.9932,-480.8887,0.8905,704.1755,14.8612,0.1612,717.8397,53.6861,0.5794,0.045125,0.201,-0.3469,0.4145,SHAKE1
483.5327,-87.3977,-470.4641,1.021,680.2784,23.8971,0.1304,708.723,239.8694,0.7248,0.046681,0.2759,-0.4396,0.5042,SHAKE1
362.0668,-5.4088,-366.7775,1.0951,515.4099,164.8685,0.0741,668.1403,6048.4795,0.8592,0.037826,0.3409,-0.524,0.5889,SHAKE1
187.2534,41.1573,-191.0251,1.1124,270.6444,244.7655,0.0173,577.9089,28931.4883,0.9697,0.020555,0.3915,-0.5918,0.6608,SHAKE1
47.4028,87.3977,-50.4232,1.0851,111.4804,159.1639,0.0273,456.3977,53694.207,1.0408,0.006603,0.4224,-0.6313,0.7115,SHAKE1
-64.4778,155.9026,62.0583,1.0082,179.7616,68.2811,0.077,351.515,45720.5547,1.0644,0.001746,0.4345,-0.6361,0.7341,SHAKE1
-153.9822,227.1189,152.0435,0.8869,313.7049,133.9433,0.1212,278.2003,19014.3477,1.0375,0.006947,0.4318,-0.6016,0.7253,SHAKE1
-225.5858,284.092,224.0317,0.7002,426.3654,112.6605,0.1867,260.3913,11834.0918,0.9586,0.022805,0.4171,-0.5214,0.6822,SHAKE1
-282.8686,329.6705,281.6222,0.4901,517.6953,91.3299,0.2101,309.8015,22612.7617,0.8341,0.046472,0.3859,-0.399,0.6076,SHAKE1
-328.6949,365.2614,327.6946,0.32,590.6268,72.9316,0.17,405.6308,21335.832,0.6811,0.063308,0.3308,-0.238,0.5017,SHAKE1
-365.3559,394.606,364.5526,0.3613,649.6902,59.0634,0.0412,499.6165,14212.1377,0.5517,0.04563,0.2434,-0.0516,0.3609,SHAKE1
-394.6848,418.0817,394.039,0.6546,697.0187,47.3284,0.2934,576.2792,9215.8574,0.5053,0.023119,0.1159,0.144,0.1694,SHAKE1
-418.1478,436.8622,406.6968,1.0383,728.7651,31.7464,0.3837,636.7592,5713.583,0.5729,0.067776,-0.0561,0.3236,-0.0693,SHAKE1
-410.787,451.8867,313.9981,1.3523,686.6894,42.0757,0.314,670.558,2234.5815,0.7453,0.15818,-0.253,0.4682,-0.3382,SHAKE1
-275.8796,345.7594,148.7985,1.5432,466.6906,219.9988,0.1909,645.7708,8654.7646,0.99,0.189481,-0.445,0.5611,-0.6161,SHAKE1
-118.3068,174.2075,16.6388,1.5859,211.2383,255.4523,0.0427,558.0804,38725.7891,1.2349,0.121472,-0.6021,0.6001,-0.8687,SHAKE1
7.7514,36.966,-89.089,1.4709,96.7647,114.4735,0.115,438.0296,63015.2578,1.3981,0.038629,-0.6986,0.5939,-1.044,SHAKE1
108.598,-72.8272,-173.6712,1.2602,217.3914,120.6266,0.2107,335.7549,45385.957,1.4425,0.014572,-0.7218,0.5554,-1.1144,SHAKE1
189.2753,-160.6618,-241.3369,0.9941,346.2382,128.8468,0.2661,267.6646,16140.6455,1.3709,0.048029,-0.6803,0.4972,-1.0804,SHAKE1
253.8171,-230.9294,-295.4696,0.6973,452.8286,106.5905,0.2968,264.8922,15067.8379,1.2017,0.104204,-0.5948,0.4313,-0.95,SHAKE1
305.4506,-287.1435,-338.7757,0.429,538.9995,86.1708,0.2683,330.4445,25221.9453,0.9703,0.14055,-0.486,0.3657,-0.7516,SHAKE1
346.7573,-324.6805,-373.4205,0.2255,604.2358,65.2364,0.2035,431.9387,18991.9668,0.7212,0.139329,-0.3723,0.3002,-0.5205,SHAKE1
379.8027,-317.8287,-401.1364,0.2087,637.3191,33.0833,0.0168,515.9242,11168.5068,0.5109,0.089532,-0.259,0.2353,-0.2844,SHAKE1
406.2391,-305.6068,-423.3091,0.3594,661.5258,24.2067,0.1507,578.9818,5673.5439,0.384,0.031322,-0.148,0.1735,-0.0582,SHAKE1
427.3882,-233.4198,-441.0473,0.5434,657.0146,4.5112,0.184,619.819,2040.7705,0.3532,0.015826,-0.0377,0.108,0.1467,SHAKE1
444.3074,-95.4764,-455.2379,0.7281,643.2467,13.7679,0.1847,640.6684,409.4848,0.413,0.039205,0.0736,0.0315,0.3278,SHAKE1
457.8428,26.0157,-466.5903,0.9068,654.2196,10.9729,0.1787,650.6652,80.8106,0.5493,0.062373,0.1881,-0.064,0.4816,SHAKE1
408.368,66.6032,-475.6722,1.0851,630.4478,23.7718,0.1783,649.2909,125.0467,0.7246,0.065879,0.3039,-0.1823,0.6106,SHAKE1
274.5413,77.2263,-391.5534,1.2431,484.4078,146.04,0.1579,613.8673,4277.5659,0.9013,0.061746,0.4139,-0.3205,0.7162,SHAKE1
117.233,115.9467,-229.3615,1.3151,282.4781,201.9296,0.072,538.96,20257.8809,1.0556,0.046551,0.5059,-0.4594,0.7915,SHAKE1
-8.6136,195.1542,-81.0923,1.2961,211.5073,70.9709,0.019,452.6121,32071.8398,1.1692,0.023751,0.5718,-0.5799,0.8307,SHAKE1
-109.2909,258.5203,37.523,1.2174,283.1699,71.6626,0.0787,378.4022,24177.7422,1.2314,0.006583,0.6075,-0.6632,0.8367,SHAKE1
-189.8327,309.2131,132.4153,1.0732,386.2421,103.0722,0.1442,329.561,9099.1777,1.229,0.007301,0.6123,-0.6909,0.8095,SHAKE1
-254.2661,349.7673,208.3291,0.8891,479.989,93.7469,0.1841,328.6773,8828.6113,1.1582,0.025354,0.589,-0.6573,0.7485,SHAKE1
-305.8129,381.717,269.0602,0.6808,558.2319,78.2428,0.2083,383.8281,15899.1953,1.0313,0.049918,0.5447,-0.5689,0.6616,SHAKE1
-347.0504,337.2361,317.645,0.4803,578.8527,20.6208,0.2004,457.2972,12169.5234,0.8682,0.069995,0.4832,-0.4357,0.5618,SHAKE1
-380.0403,303.3295,356.5129,0.3164,602.9435,24.0908,0.1639,521.2518,6257.8301,0.688,0.074017,0.4031,-0.2654,0.4487,SHAKE1
-406.4322,318.3511,387.6072,0.3271,645.5803,42.6368,0.0107,573.1195,3013.5649,0.5387,0.048109,0.2966,-0.0773,0.313,SHAKE1
-427.5458,357.0778,412.4826,0.5993,693.1392,47.5589,0.2721,615.7496,2342.5356,0.4808,0.020933,0.1594,0.1133,0.1405,SHAKE1
-444.4366,388.0591,424.4861,0.98,726.8441,33.7049,0.3808,649.4719,3012.0774,0.5406,0.059199,-0.0095,0.2903,-0.0798,SHAKE1
-408.2305,385.9192,332.6889,1.3134,652.8918,73.9523,0.3334,664.2797,1797.7305,0.7072,0.150147,-0.202,0.4373,-0.3381,SHAKE1
-272.5469,269.7041,183.6855,1.5103,425.1617,227.7301,0.197,628.7234,11216.5352,0.946,0.191577,-0.3903,0.5326,-0.6133,SHAKE1
-115.6407,113.3633,44.5484,1.5911,167.954,257.2077,0.0808,533.1981,44496.3125,1.1988,0.134287,-0.5424,0.5743,-0.8747,SHAKE1
9.8843,-11.7094,-66.7613,1.4967,68.4973,99.4567,0.0944,408.2698,66962.3672,1.3783,0.047919,-0.6369,0.5692,-1.0688,SHAKE1
110.3043,-111.7675,-155.809,1.2643,221.2136,152.7164,0.2324,307.1437,43435.9688,1.4352,0.015556,-0.6643,0.5301,-1.1507,SHAKE1
190.6404,-191.814,-227.0472,1.0102,353.1102,131.8966,0.2541,247.1874,16355.4434,1.3745,0.04503,-0.6306,0.4699,-1.1258,SHAKE1
254.9092,-255.8512,-284.0378,0.769,459.4736,106.3634,0.2412,254.0498,18986.4668,1.2263,0.09269,-0.5609,0.4064,-1.0111,SHAKE1
306.3242,-307.081,-329.6302,0.5408,544.7838,85.3102,0.2282,329.4157,28729.1973,1.0162,0.115913,-0.4761,0.3477,-0.8243,SHAKE1
347.4562,-348.0648,-366.1042,0.3416,613.1127,68.329,0.1992,438.3388,19346.0762,0.7852,0.107384,-0.3897,0.2964,-0.6016,SHAKE1
380.3619,-380.8518,-395.2834,0.2321,667.8115,54.6988,0.1095,527.6583,12470.9717,0.5788,0.080043,-0.3054,0.247,-0.3696,SHAKE1
406.6864,-379.7596,-418.6267,0.3343,696.3185,28.507,0.1023,596.3,7355.1299,0.4436,0.036485,-0.2189,0.1973,-0.1402,SHAKE1
427.746,-290.0296,-437.3013,0.4903,676.9906,19.3279,0.1559,639.8034,3020.4846,0.3878,0.01263,-0.1271,0.1433,0.0766,SHAKE1
444.5937,-135.1893,-452.2411,0.6238,648.4302,28.5604,0.1335,660.5327,799.9181,0.4044,0.018808,-0.029,0.078,0.2694,SHAKE1
458.0718,-9.0858,-464.1928,0.7372,652.2172,3.787,0.1135,668.3536,302.8503,0.4835,0.033914,0.0745,-0.0098,0.4264,SHAKE1
468.8544,62.2501,-473.7543,0.8783,669.4346,17.2173,0.141,668.6782,302.9199,0.6128,0.035729,0.1821,-0.1192,0.5417,SHAKE1
477.4804,85.6063,-481.4034,1.0458,683.4217,13.9871,0.1675,666.0988,186.9439,0.7551,0.037472,0.2883,-0.2495,0.6244,SHAKE1
390.8593,91.3351,-470.7134,1.2108,618.6147,64.8069,0.165,654.4237,477.8564,0.8992,0.044213,0.3898,-0.3963,0.6844,SHAKE1
239.7625,111.9524,-367.1301,1.3369,452.5526,166.0621,0.1262,615.2482,7086.335,1.0418,0.047029,0.4811,-0.5475,0.7302,SHAKE1
89.41,160.0182,-191.3072,1.3922,264.9498,187.6028,0.0553,537.7947,25355.7383,1.1728,0.035877,0.5573,-0.6809,0.7677,SHAKE1
-30.872,230.4114,-50.6489,1.3617,237.924,27.0258,0.0305,451.4926,32426.3594,1.2695,0.016322,0.6132,-0.7759,0.7927,SHAKE1
-127.0976,286.726,61.8778,1.2505,319.6787,81.7547,0.1112,378.744,19850.7578,1.3104,0.004708,0.6484,-0.8121,0.7968,SHAKE1
-204.0781,331.7777,151.8991,1.0788,418.0881,98.4094,0.1717,338.6386,7044.3149,1.284,0.012755,0.6616,-0.7764,0.775,SHAKE1
-265.6625,367.819,223.9162,0.8166,505.9702,87.8821,0.2622,349.3222,9934.8662,1.18,0.045069,0.642,-0.6546,0.7242,SHAKE1
-314.93,396.6521,281.5298,0.5771,579.459,73.4889,0.2394,412.224,15147.0859,1.0169,0.082166,0.5842,-0.4612,0.6447,SHAKE1
-354.344,419.7186,327.6207,0.4544,639.577,60.1179,0.1227,492.5546,12955.8535,0.8355,0.088753,0.4901,-0.2254,0.5351,SHAKE1
-385.8752,438.1718,333.1028,0.4875,672.1991,32.6221,0.033,563.0587,8462.2451,0.6829,0.055237,0.3701,0.0185,0.3875,SHAKE1
-411.1002,449.7499,368.3448,0.6704,712.0085,39.8094,0.1829,621.8428,5240.5928,0.6012,0.017246,0.2262,0.2455,0.193,SHAKE1
-431.2801,462.1968,397.0727,1.0143,746.522,34.5135,0.3439,669.9531,3349.6777,0.6407,0.040534,0.0675,0.4314,-0.0586,SHAKE1
-447.4241,472.1543,329.3394,1.3026,729.097,17.425,0.2883,699.8807,1515.781,0.7858,0.106285,-0.0949,0.5628,-0.3425,SHAKE1
-302.9393,332.9016,232.4496,1.4994,506.5852,222.5119,0.1968,673.2823,7553.6343,0.9948,0.142468,-0.2449,0.6399,-0.6357,SHAKE1
-139.9546,163.9213,120.2316,1.6047,246.8058,259.7794,0.1053,588.2037,36691.4766,1.2183,0.115444,-0.3727,0.6689,-0.9116,SHAKE1
-9.5668,28.737,4.304,1.532,30.5919,216.2139,0.0727,451.9204,77238.9844,1.3906,0.045407,-0.4626,0.6584,-1.1188,SHAKE1
94.7435,-79.4104,-98.9568,1.3188,158.3502,127.7583,0.2132,334.286,63279.8125,1.4515,0.014405,-0.5037,0.6106,-1.2101,SHAKE1
178.1917,-165.9283,-181.5654,1.0799,303.7276,145.3775,0.2389,249.2122,25053.8613,1.407,0.035602,-0.4988,0.5382,-1.1981,SHAKE1
244.9502,-233.4301,-247.6523,0.853,419.3112,115.5836,0.2269,231.7574,17287.7578,1.2777,0.078558,-0.4655,0.4529,-1.0991,SHAKE1
298.3571,-289.1441,-300.5219,0.6568,512.7715,93.4603,0.1962,284.9505,30206.75,1.0881,0.098328,-0.4237,0.3672,-0.929,SHAKE1
341.0825,-333.7153,-342.8175,0.4741,587.5602,74.7887,0.1827,396.3442,23173.0742,0.8765,0.089549,-0.3843,0.2866,-0.7252,SHAKE1
375.2629,-369.3723,-376.654,0.2997,647.3997,59.8394,0.1744,494.1541,14883.8418,0.6727,0.075428,-0.3466,0.2137,-0.5138,SHAKE1
402.6072,-344.0478,-403.7232,0.2313,665.9233,18.5237,0.0685,566.5932,8284.9043,0.503,0.05243,-0.3051,0.1434,-0.3034,SHAKE1
424.4827,-244.2476,-425.3786,0.3352,648.6828,17.2405,0.1039,612.4675,3189.7971,0.3994,0.022834,-0.2521,0.0697,-0.0999,SHAKE1
441.983,-117.6293,-442.7029,0.5434,636.5308,12.152,0.2082,637.2194,705.0939,0.3767,0.013212,-0.184,-0.0158,0.1014,SHAKE1
455.9833,-4.3004,-456.5623,0.8095,645.2816,8.7508,0.2661,648.7636,91.6177,0.4438,0.044269,-0.1033,-0.1221,0.3053,SHAKE1
408.5866,49.3191,-467.6498,1.0739,622.9541,22.3275,0.2644,643.8745,200.5687,0.5986,0.095537,-0.0161,-0.2532,0.5035,SHAKE1
239.4443,98.0459,-407.4417,1.2822,482.6545,140.2996,0.2084,607.2208,3958.2207,0.8088,0.117829,0.0723,-0.3986,0.6869,SHAKE1
89.1555,157.7024,-274.8565,1.36,329.1882,153.4663,0.0778,543.3219,14991.7529,1.0138,0.091721,0.153,-0.5384,0.8394,SHAKE1
-31.0756,213.4713,-117.4884,1.3129,245.6404,83.5478,0.0472,465.1437,24865.207,1.1677,0.041667,0.2189,-0.6504,0.9411,SHAKE1
-127.2605,248.2864,8.4062,1.1641,279.1273,33.4869,0.1488,391.9129,19932.9434,1.2386,0.010973,0.2654,-0.7155,0.9729,SHAKE1
-204.2084,251.126,109.1218,0.9492,341.5742,62.4469,0.2149,335.6369,6596.7437,1.2137,0.021673,0.289,-0.7178,0.9332,SHAKE1
-265.7667,255.9133,189.6943,0.7237,414.8584,73.2842,0.2255,322.0777,3345.2671,1.102,0.05627,0.2894,-0.6567,0.8347,SHAKE1
-315.0134,297.7556,254.1524,0.4664,502.4791,87.6207,0.2573,356.7359,8642.9023,0.9233,0.091798,0.2666,-0.5419,0.6958,SHAKE1
-354.4107,340.6014,305.7187,0.1443,578.8611,76.382,0.3222,423.38,11600.9453,0.6896,0.128181,0.2185,-0.3838,0.5205,SHAKE1
-385.9286,374.878,346.9719,0.3372,640.2061,61.345,0.1929,495.5958,11626.7676,0.5242,0.080623,0.1369,-0.1901,0.3076,SHAKE1
-411.1429,395.3118,348.5994,0.8022,668.4545,28.2484,0.465,560.9719,8584.2295,0.4948,0.059083,0.0216,0.0142,0.0478,SHAKE1
-431.3143,331.9182,242.5576,1.1593,595.8489,72.6056,0.3572,597.1699,3247.3806,0.5819,0.12934,-0.1196,0.2067,-0.2428,SHAKE1
-316.7014,165.1877,113.3773,1.393,374.7548,221.0941,0.2337,571.6251,10695.2676,0.7672,0.223916,-0.2686,0.3656,-0.5439,SHAKE1
-150.9643,29.7501,-11.6981,1.5268,154.3118,220.443,0.1338,486.7152,38305.1836,1.0437,0.185265,-0.4036,0.4723,-0.8283,SHAKE1
-18.3745,-78.5999,-111.7585,1.4903,137.8605,16.4512,0.0365,386.2461,47839.168,1.2743,0.072127,-0.4945,0.5182,-1.0477,SHAKE1
87.6972,-165.2799,-191.8068,1.3347,267.9517,130.0911,0.1556,306.1456,28293.4687,1.3808,0.016927,-0.5303,0.5148,-1.1625,SHAKE1
172.5547,-234.6239,-255.8455,1.1187,387.6602,119.7085,0.216,264.5078,11103.0898,1.3727,0.020791,-0.5152,0.4796,-1.1767,SHAKE1
240.4406,-290.0992,-307.0764,0.8601,486.0711,98.4109,0.2586,286.7711,17994.6172,1.2661,0.061899,-0.4639,0.4279,-1.0971,SHAKE1
294.7494,-334.4793,-348.0611,0.5895,565.5972,79.5261,0.2706,369.0281,23268.0977,1.0787,0.104727,-0.3899,0.3729,-0.9328,SHAKE1
338.1964,-369.9835,-380.8489,0.3292,629.5319,63.9348,0.2603,467.3624,16483.2227,0.8465,0.12926,-0.3102,0.3208,-0.711,SHAKE1
372.954,-334.2305,-407.0791,0.2382,645.3821,15.8502,0.091,542.8485,9170.3525,0.6272,0.107473,-0.2279,0.2744,-0.453,SHAKE1
400.7601,-173.0344,-428.0633,0.3899,611.3818,34.0003,0.1517,587.5928,3290.9758,0.4814,0.049159,-0.1432,0.2294,-0.1855,SHAKE1
423.0049,-36.0307,-444.8506,0.5466,614.9175,3.5356,0.1566,613.3621,714.9152,0.4187,0.017389,-0.0533,0.1804,0.0668,SHAKE1
440.8008,30.4255,-458.2805,0.7101,636.5942,21.6767,0.1636,627.5615,164.94,0.4428,0.027957,0.0428,0.1206,0.2948,SHAKE1
406.5563,38.281,-469.0244,0.8888,621.8821,14.712,0.1787,626.0316,168.2738,0.5547,0.052629,0.1475,0.0392,0.4898,SHAKE1
277.0576,52.9029,-477.6195,1.0851,554.6891,67.193,0.1963,607.8929,782.3238,0.7241,0.060161,0.2599,-0.0741,0.644,SHAKE1
119.246,93.2723,-472.6394,1.2412,496.2936,58.3955,0.1561,584.8753,2740.9602,0.8944,0.062317,0.3736,-0.2155,0.7584,SHAKE1
-7.0032,137.3022,-335.7209,1.31,362.7802,133.5134,0.0688,534.4479,9882.7725,1.047,0.049369,0.4773,-0.3663,0.8342,SHAKE1
-108.0025,189.6637,-166.1799,1.2982,274.3221,88.4581,0.0118,461.9935,16079.4404,1.1647,0.025451,0.5608,-0.5067,0.8679,SHAKE1
-188.802,254.1278,-30.547,1.2266,318.057,43.735,0.0716,401.2284,11417.709,1.2322,0.006434,0.6151,-0.6168,0.8591,SHAKE1
-253.4416,305.6991,77.9593,1.0992,404.6755,86.6184,0.1274,371.2257,5809.8828,1.2351,0.005635,0.6334,-0.6743,0.8119,SHAKE1
-305.1533,346.9562,164.7643,0.9308,490.5552,85.8797,0.1684,370.078,5528.0737,1.173,0.020285,0.6184,-0.6689,0.7364,SHAKE1
-346.5226,379.9618,234.2083,0.7318,565.0685,74.5134,0.199,410.5356,11484.8613,1.0573,0.042081,0.5782,-0.6058,0.6431,SHAKE1
-379.6181,406.3663,289.7635,0.5208,627.0617,61.9932,0.211,481.0836,12173.7295,0.9019,0.063878,0.5193,-0.4947,0.5396,SHAKE1
-406.0945,427.49,334.2077,0.3073,677.7574,50.6957,0.2135,553.0237,9418.9443,0.718,0.079674,0.4441,-0.3411,0.4212,SHAKE1
-427.2756,444.3889,369.7631,0.3003,718.8676,41.1101,0.007,615.8621,6569.6797,0.5582,0.059975,0.3505,-0.1577,0.275,SHAKE1
-444.2205,457.908,398.2073,0.6236,752.051,33.1834,0.3234,668.1613,4403.5957,0.4968,0.029286,0.2346,0.0409,0.0821,SHAKE1
-457.7764,468.7233,420.9628,1.021,778.762,26.7111,0.3974,710.9,2897.8853,0.5546,0.069864,0.0953,0.2399,-0.1591,SHAKE1
-468.6211,337.713,377.8577,1.3069,690.2407,88.5213,0.2859,723.5358,1417.8125,0.7118,0.158105,-0.0609,0.4145,-0.4287,SHAKE1
-409.7969,167.7704,267.3987,1.4683,517.2837,172.957,0.1614,691.441,8476.5908,0.944,0.185898,-0.2079,0.5405,-0.7036,SHAKE1
-225.4406,31.8163,125.6971,1.491,260.0683,257.2154,0.0227,599.6812,37122.7617,1.1822,0.106135,-0.3229,0.6047,-0.9473,SHAKE1
-77.9556,-76.947,-1.8423,1.3773,109.5505,150.5178,0.1136,471.1811,64012.7891,1.3329,0.028642,-0.3924,0.6089,-1.1101,SHAKE1
40.0324,-163.9576,-103.8739,1.1754,198.1778,88.6274,0.202,355.0642,46514.6016,1.3638,0.013202,-0.4108,0.5623,-1.1675,SHAKE1
134.4228,-233.5661,-185.4991,0.9646,327.1582,128.9804,0.2108,282.4477,18928.5352,1.2953,0.03974,-0.3848,0.4885,-1.1341,SHAKE1
209.9351,-289.2529,-250.4212,0.7606,436.4066,109.2484,0.204,266.2723,12377.9707,1.1538,0.070911,-0.3426,0.4066,-1.0233,SHAKE1
270.345,-333.8023,-302.7369,0.5754,525.5093,89.1027,0.1852,319.3605,22992.6797,0.9706,0.081541,-0.3036,0.3301,-0.8591,SHAKE1
318.6729,-369.4418,-344.5896,0.3959,597.312,71.8027,0.1794,416.9128,20123.5879,0.7744,0.07599,-0.2737,0.2666,-0.6659,SHAKE1
357.3351,-397.9535,-378.0717,0.2593,654.976,57.6639,0.1366,508.2724,13542.8252,0.5912,0.06332,-0.2492,0.2178,-0.4628,SHAKE1
388.265,-420.7628,-404.8573,0.2537,701.2136,46.2376,0.0057,583.0835,8830.917,0.449,0.038,-0.223,0.1773,-0.2557,SHAKE1
413.0089,-387.5071,-426.2859,0.3583,708.8425,7.629,0.1046,637.5707,4722.311,0.3685,0.013753,-0.1875,0.1381,-0.0529,SHAKE1
432.804,-312.9651,-443.4287,0.529,694.1869,14.6556,0.1707,671.3062,1713.7537,0.3593,0.01026,-0.1366,0.0941,0.148,SHAKE1
448.6401,-275.6908,-457.1429,0.7458,697.3256,3.1387,0.2168,691.3089,354.0195,0.4292,0.034976,-0.0673,0.031,0.3451,SHAKE1
461.309,-266.0714,-468.1143,0.9914,709.0352,11.7096,0.2456,702.1208,35.9509,0.5756,0.070967,0.0139,-0.0592,0.5379,SHAKE1
368.8128,-200.9977,-461.6196,1.1977,624.1119,84.9233,0.2063,686.7004,1015.0768,0.7644,0.09198,0.1002,-0.175,0.7177,SHAKE1
192.6503,-73.8451,-342.2082,1.3345,399.5919,224.52,0.1368,624.8503,13577.8467,0.9597,0.085874,0.184,-0.3041,0.8786,SHAKE1
51.7202,43.3208,-171.3697,1.354,184.1718,215.4201,0.0195,522.8473,41051.2266,1.1247,0.052654,0.2573,-0.4268,1.0006,SHAKE1
-61.0238,137.0535,-34.6989,1.274,153.9857,30.1861,0.08,414.1793,50365.7344,1.2303,0.017244,0.3122,-0.5174,1.0677,SHAKE1
-151.2191,212.0397,74.6378,1.1198,270.9222,116.9365,0.1542,326.5567,29404.5273,1.256,0.00761,0.3465,-0.5561,1.0698,SHAKE1
-223.3752,272.0287,162.1071,0.9091,387.5239,116.6017,0.2107,279.2391,10201.1553,1.1983,0.027663,0.3604,-0.5308,1.0098,SHAKE1
-281.1002,320.0198,232.0826,0.6604,485.0694,97.5455,0.2487,296.3346,15485.1641,1.0634,0.063637,0.3549,-0.4393,0.8935,SHAKE1
-327.2802,358.4127,288.0629,0.4633,564.4044,79.335,0.1971,372.3811,21558.2695,0.8853,0.087062,0.3288,-0.2944,0.7434,SHAKE1
-364.2241,389.1271,332.8472,0.3769,628.3839,63.9796,0.0864,467.2607,16124.2969,0.7059,0.076356,0.2803,-0.1137,0.5673,SHAKE1
-393.7793,413.6985,368.6747,0.5018,679.8012,51.4173,0.1249,549.0365,10761.9395,0.5823,0.03515,0.2081,0.0835,0.3597,SHAKE1
-417.4234,433.3557,397.3366,0.8243,721.0519,41.2507,0.3225,615.7421,7012.8936,0.5653,0.025215,0.1095,0.2803,0.1081,SHAKE1
-436.3387,449.0815,383.2537,1.1546,734.1315,13.0796,0.3303,665.5546,3919.7495,0.6642,0.083081,-0.0152,0.4538,-0.1719,SHAKE1
-451.471,382.9527,300.903,1.3924,664.0944,70.0371,0.2378,685.4926,1476.3777,0.85,0.146543,-0.1488,0.5873,-0.4665,SHAKE1
-378.8706,203.9622,152.5067,1.535,456.5104,207.584,0.1426,651.1179,10129.0439,1.0816,0.141979,-0.2722,0.6709,-0.7555,SHAKE1
-200.6996,60.7697,19.6054,1.5079,210.6126,245.8979,0.0271,557.2802,39967.9688,1.2828,0.070597,-0.3669,0.7019,-0.9908,SHAKE1
-58.1628,-53.7842,-86.7157,1.3403,117.4532,93.1593,0.1676,436.5605,58720.0234,1.3861,0.018554,-0.416,0.6819,-1.1249,SHAKE1
55.8666,-145.4274,-171.7726,1.1235,231.8966,114.4433,0.2168,336.1134,39298.1719,1.3798,0.021585,-0.4171,0.625,-1.1541,SHAKE1
147.0902,-218.7419,-239.8181,0.8989,356.3653,124.4688,0.2246,274.5676,14078.0107,1.2811,0.058075,-0.3846,0.5465,-1.0922,SHAKE1
220.069,-277.3935,-294.2545,0.6716,460.3946,104.0293,0.2273,275.3445,14363.1035,1.1084,0.089667,-0.3364,0.4608,-0.9498,SHAKE1
278.4521,-324.3148,-337.8036,0.4739,544.8182,84.4236,0.1977,342.1856,23580.5449,0.9017,0.095505,-0.2902,0.3819,-0.759,SHAKE1
325.1585,-361.8519,-372.6429,0.3427,612.803,67.9848,0.1312,441.2556,18311.5234,0.7021,0.079689,-0.2599,0.3175,-0.5477,SHAKE1
362.5237,-391.8815,-400.5143,0.3151,667.3876,54.5846,0.0276,528.3538,12186.3291,0.5405,0.047994,-0.2414,0.2651,-0.3297,SHAKE1
392.4159,-415.9052,-422.8114,0.3695,711.1518,43.7642,0.0543,599.3111,7918.4092,0.4346,0.016935,-0.2234,0.2209,-0.1169,SHAKE1
378.0515,-435.1242,-440.6491,0.4355,725.5533,14.4016,0.0661,652.3428,4433.9106,0.3874,0.00347,-0.1867,0.1693,0.0798,SHAKE1
388.5849,-450.4993,-454.9193,0.591,748.9322,23.3788,0.1555,693.1656,2321.0051,0.4108,0.009718,-0.119,0.0899,0.2579,SHAKE1
413.2648,-397.5182,-466.3354,0.81,739.1058,9.8264,0.219,718.4261,813.3817,0.5042,0.031931,-0.0162,-0.0288,0.4119,SHAKE1
433.0087,-290.7583,-475.4684,1.0349,705.767,33.3387,0.2249,726.1021,265.5273,0.6482,0.060379,0.1138,-0.1867,0.5352,SHAKE1
444.3007,-205.0535,-482.7747,1.2421,687.402,18.3651,0.2072,721.3521,497.802,0.8227,0.084928,0.257,-0.3792,0.6307,SHAKE1
336.8093,-122.3272,-431.2573,1.3921,560.7025,126.6995,0.15,688.382,4568.8955,1.014,0.083193,0.39,-0.5807,0.7027,SHAKE1
167.0475,-8.1993,-242.6089,1.4585,294.6713,266.0312,0.0664,597.5297,26583.1152,1.1875,0.056818,0.4947,-0.763,0.747,SHAKE1
31.238,95.8375,-91.6903,1.4358,136.2635,158.4078,0.0227,476.9612,50590.9141,1.3127,0.024976,0.562,-0.9024,0.7621,SHAKE1
-77.4096,179.0668,29.0447,1.3337,197.2328,60.9693,0.1021,375.2544,45425.8203,1.3724,0.006059,0.5933,-0.9801,0.7527,SHAKE1
-164.3277,245.6504,125.6326,1.1934,321.1405,123.9077,0.1403,302.0021,21158.3633,1.3627,0.008976,0.5923,-0.989,0.7258,SHAKE1
-233.8622,298.9172,202.903,1.0402,430.3633,109.2228,0.1532,275.9343,10388.9746,1.2923,0.024653,0.5703,-0.9336,0.6864,SHAKE1
-289.4897,341.5306,264.7192,0.8688,520.119,89.7556,0.1714,321.0238,20210.9258,1.1744,0.041102,0.536,-0.8167,0.6431,SHAKE1
-333.9918,375.6214,314.1723,0.6314,592.7446,72.6256,0.2374,412.32,19815.082,1.0135,0.060522,0.4838,-0.6295,0.5962,SHAKE1
-369.5934,402.894,353.7347,0.4133,651.1921,58.4475,0.2181,503.1119,13731.3848,0.8294,0.078171,0.3985,-0.3982,0.5287,SHAKE1
-398.0748,424.7121,385.3846,0.4474,698.1155,46.9234,0.0341,578.5069,9029.5449,0.6802,0.058596,0.2934,-0.1402,0.4284,SHAKE1
-420.8598,442.1665,410.7046,0.6845,735.7394,37.624,0.2371,639.5822,5854.4761,0.6091,0.02762,0.1658,0.1289,0.2773,SHAKE1
-439.0878,456.1301,400.0637,1.0475,748.9351,13.1956,0.363,685.3453,3297.5286,0.6448,0.051301,0.0149,0.3857,0.0452,SHAKE1
-453.6703,398.7541,309.1791,1.3337,678.5375,70.3975,0.2862,702.504,1297.4003,0.7853,0.126441,-0.141,0.5863,-0.2387,SHAKE1
-433.8956,251.7627,172.4558,1.5114,530.4628,148.0747,0.1778,678.3581,6107.4248,1.0049,0.15599,-0.2678,0.7247,-0.5368,SHAKE1
-289.9665,99.0101,35.5646,1.607,308.4614,222.0015,0.0956,600.4273,27320.8535,1.2368,0.112548,-0.365,0.7976,-0.8254,SHAKE1
-129.5763,-23.1919,-73.9483,1.5044,150.9842,157.4771,0.1027,483.4762,50381.2383,1.4008,0.038964,-0.4245,0.8043,-1.0461,SHAKE1
-1.2642,-120.9535,-161.5587,1.2983,201.8231,50.8389,0.2061,374.0538,40179.9922,1.451,0.013587,-0.4398,0.7515,-1.1509,SHAKE1
101.3855,-199.1628,-231.6469,1.0647,321.8776,120.0545,0.2336,302.7218,17094.1426,1.3972,0.037774,-0.4183,0.6598,-1.1538,SHAKE1
183.5053,-261.7303,-287.7176,0.833,430.0678,108.1902,0.2318,282.6428,9561.1816,1.2615,0.080416,-0.3792,0.5459,-1.07,SHAKE1
249.2011,-311.7842,-332.5741,0.6022,519.5345,89.4667,0.2307,324.8574,18869.3203,1.0605,0.103068,-0.3364,0.4228,-0.9094,SHAKE1
301.7578,-351.8274,-368.4593,0.401,592.1169,72.5825,0.2012,413.084,19324.5508,0.8399,0.101969,-0.2985,0.301,-0.7171,SHAKE1
343.8031,-383.8619,-397.1674,0.2471,650.6093,58.4924,0.1539,502.8412,13625.6094,0.6296,0.085999,-0.2685,0.1887,-0.5144,SHAKE1
377.4394,-371.3239,-420.1339,0.2285,675.9101,25.3008,0.0186,573.6478,8053.0444,0.4624,0.052338,-0.2427,0.0873,-0.311,SHAKE1
404.3484,-296.0872,-438.5071,0.3542,665.9233,9.9868,0.1257,620.8188,3407.8496,0.3666,0.018041,-0.2157,-0.0065,-0.1121,SHAKE1
425.8756,-225.0167,-453.2057,0.5564,661.3607,4.5626,0.2022,649.1841,880.2881,0.3575,0.014057,-0.1834,-0.1044,0.0797,SHAKE1
443.0974,-201.3696,-464.9646,0.7796,673.11,11.7493,0.2232,665.3827,81.0517,0.4332,0.043589,-0.1427,-0.2146,0.2635,SHAKE1
414.3154,-185.1113,-474.3716,1.0111,656.4693,16.6407,0.2315,666.5547,51.9173,0.586,0.080118,-0.0919,-0.3432,0.4378,SHAKE1
256.3336,-113.3578,-453.3754,1.1979,533.0161,123.4532,0.1868,637.9759,2784.1746,0.7799,0.091861,-0.0327,-0.4869,0.595,SHAKE1
102.6669,4.3106,-333.8128,1.2891,349.2708,183.7453,0.0912,574.6454,15287.3379,0.9668,0.072539,0.0317,-0.631,0.7231,SHAKE1
-20.2665,105.8454,-164.6534,1.2807,196.7859,152.4848,0.0084,481.7304,33705.7891,1.1117,0.037571,0.0956,-0.7501,0.8088,SHAKE1
-118.6132,187.0732,-29.3258,1.1842,223.4401,26.6541,0.0966,391.7964,31635.2227,1.1926,0.010024,0.1522,-0.8238,0.8448,SHAKE1
-197.2906,252.0554,78.9362,1.0257,329.6763,106.2362,0.1584,326.4378,14124.9121,1.1955,0.008996,0.1961,-0.8382,0.8266,SHAKE1
-260.2325,304.0412,165.5459,0.8133,433.0905,103.4143,0.2124,306.4527,7465.5518,1.1186,0.032297,0.225,-0.7904,0.7558,SHAKE1
-310.586,345.6299,234.8336,0.5392,520.6442,87.5537,0.2741,340.7274,15099.7207,0.9686,0.07113,0.2307,-0.6849,0.6413,SHAKE1
-350.8688,378.9008,290.2637,0.1879,592.3915,71.7473,0.3513,419.8485,17362.707,0.75,0.125794,0.212,-0.5204,0.4888,SHAKE1
-383.095,405.5175,334.6078,0.2643,650.5142,58.1226,0.0764,505.2634,12993.0859,0.5661,0.101451,0.1669,-0.3104,0.2966,SHAKE1
-408.876,398.889,370.0832,0.703,680.6274,30.1132,0.4387,575.4536,8050.7632,0.5015,0.058778,0.0995,-0.0696,0.0589,SHAKE1
-429.5008,349.2612,372.2915,1.0955,667.1247,13.5027,0.3925,622.2604,3487.1558,0.558,0.106705,0.0034,0.1792,-0.2121,SHAKE1
-407.4257,221.1777,279.7614,1.3588,541.4625,125.6622,0.2634,626.4241,2710.3101,0.7219,0.208044,-0.1055,0.4061,-0.4933,SHAKE1
-223.5437,74.5422,121.4091,1.4684,265.082,276.3805,0.1095,560.9622,24307.0195,0.978,0.196869,-0.2065,0.5755,-0.7554,SHAKE1
-76.4381,-42.7663,-5.2727,1.3583,87.747,177.3351,0.1101,448.4087,54821.3516,1.1968,0.076043,-0.2792,0.6745,-0.9439,SHAKE1
41.2464,-136.613,-106.6182,1.1384,178.1343,90.3873,0.2199,347.9101,48545.9297,1.2839,0.020373,-0.3175,0.6988,-1.0275,SHAKE1
135.394,-211.6904,-187.6945,0.8985,313.6457,135.5114,0.2399,277.2143,23403.2559,1.2445,0.041426,-0.3164,0.6608,-1.0056,SHAKE1
210.7121,-271.7523,-252.5556,0.6751,426.6535,113.0079,0.2234,254.2525,13377.0029,1.1077,0.084948,-0.2876,0.582,-0.8972,SHAKE1
270.9666,-319.8018,-304.4445,0.485,518.0565,91.403,0.1901,304.8474,24712.2148,0.9111,0.097808,-0.2505,0.4831,-0.7288,SHAKE1
319.1701,-358.2415,-345.9556,0.3337,591.5165,73.46,0.1513,405.6013,21570.1875,0.7061,0.082474,-0.2211,0.3805,-0.544,SHAKE1
357.733,-388.9932,-379.1645,0.2262,650.4263,58.9097,0.1075,500.0597,14287.4004,0.5237,0.057894,-0.2024,0.2866,-0.3629,SHAKE1
388.5833,-413.5945,-405.7316,0.203,697.6213,47.1951,0.0232,576.8549,9245.9893,0.3846,0.031027,-0.1823,0.2037,-0.1891,SHAKE1
413.2635,-433.2756,-426.9853,0.3382,735.4121,37.7908,0.1352,638.6066,5948.709,0.3172,0.01004,-0.1478,0.1246,-0.0161,SHAKE1
433.0077,-374.0611,-443.9882,0.56,724.2534,11.1588,0.2218,679.8459,2808.6365,0.3322,0.015967,-0.0899,0.0347,0.1589,SHAKE1
448.803,-226.6458,-457.5906,0.7939,679.8394,44.4139,0.2339,697.5105,936.1833,0.4242,0.050125,-0.0021,-0.0761,0.3288,SHAKE1
461.4393,-96.1416,-468.4725,1.0031,664.5569,15.2825,0.2092,700.3366,701.9987,0.5796,0.085152,0.107,-0.2122,0.4844,SHAKE1
370.589,-39.9727,-477.178,1.1763,605.5021,59.0548,0.1732,681.9128,2159.8025,0.7743,0.090091,0.2223,-0.3695,0.6182,SHAKE1
194.0712,24.9437,-329.3112,1.2904,383.0557,222.4465,0.1141,611.4415,14484.2813,0.9647,0.069061,0.3292,-0.5293,0.7214,SHAKE1
52.8569,122.3519,-161.0521,1.3104,209.0493,174.0064,0.02,508.4007,33705.4688,1.1148,0.037668,0.4148,-0.6625,0.7876,SHAKE1
-60.1144,200.2784,-26.4448,1.2496,210.7712,1.7219,0.0608,414.5871,36742.8828,1.2059,0.012397,0.471,-0.748,0.8179,SHAKE1
-150.4916,262.6196,81.2411,1.1228,313.3957,102.6245,0.1269,344.3548,21361.2617,1.2299,0.004976,0.4999,-0.7746,0.8132,SHAKE1
-222.7932,312.4925,167.3897,0.9479,418.6976,105.3019,0.1749,306.9939,7431.2109,1.1842,0.018218,0.5067,-0.7413,0.7699,SHAKE1
-280.6346,352.3909,236.3087,0.7206,508.7012,90.0036,0.2273,332.123,13779.8262,1.0703,0.04596,0.4941,-0.6494,0.6861,SHAKE1
-326.9077,352.4846,291.4438,0.4544,562.1863,53.4851,0.2663,402.7504,16347.9951,0.8991,0.080983,0.457,-0.5193,0.5627,SHAKE1
-363.9261,355.7596,335.5519,0.2451,609.5918,47.4055,0.2093,482.5145,11171.1504,0.6982,0.101571,0.4013,-0.3586,0.4127,SHAKE1
-393.5409,387.0045,370.8384,0.3074,664.9572,55.3654,0.0623,552.8268,7164.1592,0.5351,0.069455,0.3273,-0.1734,0.2385,SHAKE1
-417.2327,412.0005,399.0676,0.6446,709.2831,44.3259,0.3372,610.944,5084.146,0.4744,0.034092,0.2199,0.0397,0.0421,SHAKE1
-436.1862,431.9973,421.651,0.9821,744.7615,35.4784,0.3375,658.156,4345.8799,0.5267,0.070786,0.0821,0.257,-0.1688,SHAKE1
-451.3489,413.9353,330.3458,1.2756,695.8352,48.9263,0.2934,684.8858,2073.3098,0.691,0.154913,-0.0725,0.4704,-0.3808,SHAKE1
-320.8292,321.9108,161.8766,1.4412,482.4541,213.3811,0.1656,659.4583,8488.6279,0.9302,0.170494,-0.2322,0.6522,-0.5855,SHAKE1
-154.2664,155.1287,27.1013,1.4265,220.4485,262.0056,0.0147,570.5565,39124.9727,1.154,0.092097,-0.3801,0.773,-0.7534,SHAKE1
-21.0163,21.7029,-80.7189,1.2974,86.1873,134.2612,0.1291,445.9373,66668.7266,1.2845,0.027274,-0.4837,0.8151,-0.8593,SHAKE1
85.5838,-85.0377,-166.9752,1.1159,206.0017,119.8144,0.1815,338.1854,48712.8828,1.3113,0.013953,-0.5364,0.7901,-0.8941,SHAKE1
170.864,-170.4301,-235.9801,0.9241,337.5316,131.5298,0.1918,266.5246,17995.0234,1.241,0.038739,-0.5381,0.7102,-0.8609,SHAKE1
239.088,-238.7441,-291.1841,0.7284,446.0381,108.5066,0.1958,259.2414,15061.8906,1.0985,0.062969,-0.5025,0.597,-0.7711,SHAKE1
293.6673,-293.3953,-335.3473,0.5379,533.647,87.6088,0.1905,321.8812,25896.8613,0.9207,0.072717,-0.4443,0.4767,-0.648,SHAKE1
337.3307,-337.1162,-370.6778,0.3428,604.0211,70.3741,0.1951,425.4479,19981.0566,0.7298,0.074696,-0.3772,0.3586,-0.5079,SHAKE1
372.2615,-372.093,-398.9423,0.138,660.4443,56.4233,0.2048,516.3364,13133.6738,0.5342,0.07668,-0.3009,0.2457,-0.3577,SHAKE1
400.2061,-301.5713,-421.5538,0.1529,654.8417,5.6026,0.0149,579.7985,6548.7529,0.38,0.051566,-0.2144,0.1337,-0.2015,SHAKE1
422.5617,-138.8602,-439.643,0.3586,625.4011,29.4406,0.2057,615.671,2099.467,0.306,0.021912,-0.117,0.0196,-0.0467,SHAKE1
440.4463,-8.6913,-454.1144,0.5716,632.6835,7.2823,0.213,635.4784,419.4329,0.3128,0.025218,-0.0112,-0.1007,0.1037,SHAKE1
454.7539,95.4439,-465.6916,0.7782,657.8596,25.1761,0.2066,646.2461,205.7613,0.3998,0.060778,0.0974,-0.228,0.2479,SHAKE1
466.2,137.152,-474.9532,1.0167,679.5099,21.6503,0.2385,650.0592,372.1998,0.5756,0.092275,0.2049,-0.3593,0.3943,SHAKE1
475.3569,192.9497,-471.7845,1.2513,696.9752,17.4653,0.2347,658.4858,736.8383,0.7953,0.099613,0.3094,-0.4865,0.5464,SHAKE1
482.6824,256.7567,-385.8088,1.404,669.1448,27.8304,0.1527,667.2346,464.1006,1.0043,0.091866,0.4018,-0.5984,0.6981,SHAKE1
458.5709,307.8022,-206.2502,1.4325,589.5495,79.5953,0.0285,658.6078,1357.9176,1.1765,0.061421,0.472,-0.6782,0.8354,SHAKE1
264.4568,348.6386,-62.6033,1.3205,442.0469,147.5026,0.1119,615.4452,8874.5254,1.285,0.022064,0.5126,-0.7105,0.9378,SHAKE1
109.1654,381.3078,52.3143,1.1262,400.0619,41.985,0.1944,559.5556,14208.0215,1.3069,0.012226,0.5181,-0.6825,0.9836,SHAKE1
-15.0677,407.4431,144.2483,0.8981,432.4864,32.4245,0.2281,506.6579,10862.3438,1.2363,0.040043,0.4893,-0.5899,0.9625,SHAKE1
-114.4541,428.3514,217.7955,0.6633,493.9833,61.4969,0.2348,471.6256,4386.8125,1.0881,0.078132,0.4321,-0.4361,0.8783,SHAKE1
-193.9633,423.7405,276.6333,0.4612,541.9444,47.9611,0.2021,462.1046,2503.8999,0.8939,0.095287,0.3524,-0.2314,0.731,SHAKE1
-257.5706,428.6705,323.7035,0.5121,595.7222,53.7778,0.0509,492.8397,5049.5288,0.7322,0.061879,0.2538,0.003,0.5369,SHAKE1
-308.4565,445.3333,361.3597,0.7793,651.1897,55.4675,0.2672,543.0652,5820.3257,0.6628,0.026458,0.1405,0.2404,0.2906,SHAKE1
-349.1652,458.6635,359.5346,1.1356,679.3774,28.1877,0.3563,592.4434,4652.7881,0.7103,0.05784,0.0058,0.4604,-0.0054,SHAKE1
-381.7322,462.7902,268.5995,1.3934,657.2975,22.08,0.2577,625.1063,2488.26,0.8563,0.129393,-0.1428,0.635,-0.3238,SHAKE1
-351.5482,306.4915,157.2171,1.5229,492.1793,165.1182,0.1295,615.1532,4539.9336,1.0686,0.141947,-0.2826,0.737,-0.6315,SHAKE1
-215.0417,142.7932,52.9612,1.592,263.5104,228.6689,0.0691,548.7109,24780.3633,1.2846,0.088128,-0.3922,0.7687,-0.9104,SHAKE1
-69.6365,11.8346,-60.031,1.5325,92.6986,170.8118,0.0594,437.0127,51792.9297,1.4353,0.026649,-0.463,0.7415,-1.1155,SHAKE1
46.6877,-92.9323,-150.4248,1.3386,182.8764,90.1778,0.194,337.7125,43101.3047,1.4759,0.008913,-0.4838,0.6688,-1.2113,SHAKE1
139.747,-176.7459,-222.7399,1.0755,316.8302,133.9538,0.2631,269.619,18124.8809,1.4123,0.035571,-0.4612,0.5738,-1.2012,SHAKE1
214.1945,-243.7967,-280.5919,0.8245,429.0081,112.1779,0.251,256.9847,13139.6143,1.2726,0.082708,-0.4168,0.4821,-1.1006,SHAKE1
273.7524,-297.4373,-326.8735,0.5883,519.8612,90.8531,0.2362,308.2549,24323.2754,1.0719,0.115671,-0.3663,0.3974,-0.9233,SHAKE1
321.3988,-340.3499,-363.8988,0.3821,592.9229,73.0617,0.2062,408.2997,21228.5723,0.8418,0.115449,-0.3177,0.318,-0.7044,SHAKE1
359.516,-374.6799,-393.519,0.2101,651.532,58.6091,0.172,502.0309,14112.3018,0.6161,0.094967,-0.272,0.2415,-0.4762,SHAKE1
390.0096,-402.1439,-417.2152,0.1758,698.4954,46.9634,0.0343,578.3639,9145.3711,0.4362,0.059159,-0.2223,0.1636,-0.2597,SHAKE1
414.4046,-303.8058,-436.1722,0.3318,673.9995,24.496,0.156,627.3622,4112.3354,0.3376,0.021463,-0.1651,0.0848,-0.0563,SHAKE1
433.9206,-183.604,-451.3377,0.5267,652.4594,21.54,0.1949,653.8818,1223.7251,0.3253,0.015892,-0.1,0.0081,0.1367,SHAKE1
449.5333,-178.0676,-463.4702,0.7656,669.7708,17.3113,0.2389,669.2514,294.7946,0.402,0.048137,-0.021,-0.0667,0.33,SHAKE1
423.8423,-228.2541,-473.1761,1.0394,675.0096,5.2388,0.2738,673.9469,216.5829,0.5679,0.094521,0.0802,-0.1576,0.522,SHAKE1
236.6739,-195.5783,-469.8753,1.2783,561.2915,113.7181,0.2389,646.5062,1881.3093,0.7884,0.1161,0.1951,-0.2645,0.7055,SHAKE1
86.9391,-54.0657,-316.4252,1.3995,332.5755,228.716,0.1212,578.2213,16777.8125,1.0019,0.10351,0.313,-0.3805,0.8608,SHAKE1
-32.8487,59.1443,-150.7433,1.3586,165.229,167.3465,0.0409,480.7752,40292.3477,1.1683,0.056115,0.4237,-0.4947,0.9573,SHAKE1
-128.679,149.7123,-18.1978,1.2398,198.2504,33.0214,0.1189,386.4712,40219.293,1.2631,0.01571,0.5113,-0.5905,0.9824,SHAKE1
-205.3432,204.9324,87.8387,1.0851,303.1151,104.8647,0.1546,312.0923,19425.8398,1.2723,0.011953,0.5584,-0.6399,0.9392,SHAKE1
-266.6746,234.1896,172.6678,0.9002,394.6825,91.5674,0.1849,278.7704,7259.6748,1.1967,0.033916,0.5624,-0.6314,0.8411,SHAKE1
-315.7397,247.6673,240.5311,0.6857,467.8524,73.1699,0.2145,305.8259,13099.0791,1.0539,0.057524,0.5283,-0.5669,0.7113,SHAKE1
-354.9917,261.3339,294.8218,0.4402,530.3154,62.463,0.2454,378.8432,13893.1699,0.8702,0.080526,0.4618,-0.4499,0.5783,SHAKE1
-386.3934,266.014,338.2543,0.2243,578.3419,48.0265,0.2159,454.8614,9551.5889,0.6671,0.0954,0.3648,-0.2968,0.4447,SHAKE1
-411.5147,284.08,373.0003,0.2955,623.8389,45.4971,0.0712,519.0062,6542.3232,0.5092,0.063126,0.2378,-0.1178,0.2998,SHAKE1
-431.6118,329.6608,400.7971,0.6523,674.9839,51.145,0.3569,575.0665,5174.1006,0.4596,0.034187,0.0747,0.0744,0.1219,SHAKE1
-447.6894,366.1255,278.6252,1.0707,641.9546,33.0294,0.4184,609.8869,2557.468,0.5366,0.092734,-0.1216,0.2536,-0.1077,SHAKE1
-309.164,395.2973,120.5002,1.336,516.1034,125.8512,0.2653,607.0446,3042.1323,0.7158,0.186585,-0.3254,0.3812,-0.3685,SHAKE1
-144.9343,213.8379,11.4564,1.4929,258.5805,257.5229,0.1569,543.0922,23072.9102,0.9695,0.19469,-0.5068,0.4513,-0.6414,SHAKE1
-13.5506,68.6703,-93.2349,1.5829,116.5846,141.9958,0.09,441.6414,47858.3828,1.227,0.112781,-0.6461,0.4687,-0.903,SHAKE1
91.5564,-47.4638,-176.9879,1.4636,204.8417,88.257,0.1193,347.6129,39342.1055,1.3892,0.03161,-0.7204,0.439,-1.0887,SHAKE1
175.642,-140.371,-243.9903,1.2334,331.7912,126.9495,0.2301,285.5803,18216.7207,1.4218,0.015118,-0.7175,0.3789,-1.1611,SHAKE1
242.9105,-214.6968,-297.5923,0.9392,440.0697,108.2785,0.2942,270.3735,12130.6924,1.3424,0.053915,-0.6557,0.3146,-1.1265,SHAKE1
296.7253,-274.1574,-340.4738,0.628,528.3281,88.2584,0.3112,324.3231,22500.4395,1.1694,0.121534,-0.5597,0.2514,-0.9952,SHAKE1
339.7771,-321.726,-374.7791,0.3311,599.5126,71.1845,0.2969,420.9087,19686.4668,0.9191,0.165223,-0.4462,0.1855,-0.7802,SHAKE1
374.2185,-294.4308,-402.2232,0.107,623.3077,23.7951,0.2242,504.6019,11537.998,0.6478,0.164221,-0.3277,0.1188,-0.5362,SHAKE1
401.7717,-203.629,-424.1786,0.1669,618.7186,4.5891,0.0599,561.9874,4876.7246,0.4344,0.096359,-0.2164,0.0557,-0.2925,SHAKE1
423.8143,-108.4907,-441.7429,0.3289,621.7118,2.9932,0.162,598.3158,1297.5905,0.3124,0.032723,-0.116,-0.0011,-0.069,SHAKE1
441.4483,-67.1394,-455.7943,0.4864,638.0695,16.3577,0.1575,620.264,152.2809,0.2841,0.018054,-0.0227,-0.0504,0.1257,SHAKE1
455.5555,-54.0709,-467.0354,0.6883,654.6576,16.5881,0.2018,631.2931,181.1008,0.3555,0.045187,0.0749,-0.0998,0.2954,SHAKE1
466.8413,-2.9849,-476.0284,0.9259,666.7479,12.0903,0.2376,639.9811,344.2747,0.5193,0.071074,0.1812,-0.1589,0.4528,SHAKE1
448.2699,78.3559,-481.2164,1.1317,662.3102,4.4377,0.2058,648.6994,277.5652,0.7122,0.08401,0.2953,-0.2333,0.5991,SHAKE1
256.2159,134.6597,-359.6513,1.2624,461.6588,200.6513,0.1307,616.6888,6104.0547,0.8989,0.080298,0.4101,-0.3214,0.7274,SHAKE1
102.5728,166.5778,-185.3242,1.2915,269.4705,192.1883,0.0291,542.9691,24690.125,1.0599,0.051164,0.5144,-0.4157,0.8236,SHAKE1
-20.3418,189.3653,-45.8624,1.245,195.8989,73.5716,0.0465,451.2173,37868.4063,1.1713,0.017992,0.5898,-0.4976,0.8767,SHAKE1
-118.6734,222.3673,65.7069,1.1503,260.4765,64.5776,0.0947,369.963,29251.8711,1.2161,0.004023,0.6286,-0.5495,0.8812,SHAKE1
-197.3387,268.7438,154.9624,1.0207,367.6672,107.1907,0.1296,311.0344,8686.9678,1.1939,0.009744,0.6313,-0.5587,0.844,SHAKE1
-260.271,317.3919,226.3668,0.8572,468.7436,101.0764,0.1634,312.4513,9121.8535,1.1129,0.024918,0.6042,-0.5148,0.778,SHAKE1
-310.6168,356.3104,283.4903,0.6774,551.1866,82.443,0.1798,368.7945,16976.7305,0.9901,0.041392,0.5499,-0.4161,0.7003,SHAKE1
-350.8934,349.6796,329.1891,0.5075,594.7836,43.597,0.17,448.5715,14847.9971,0.8426,0.053238,0.4688,-0.2664,0.6124,SHAKE1
-383.1147,355.9749,365.7482,0.4648,638.1746,43.3911,0.0427,524.1111,9255.6855,0.7055,0.044059,0.3539,-0.0753,0.5068,SHAKE1
-408.8918,387.1768,394.9955,0.6295,687.837,49.6624,0.1647,588.1451,5621.6313,0.6273,0.019231,0.1972,0.1369,0.3529,SHAKE1
-429.5134,412.1383,418.3932,0.9655,727.5938,39.7568,0.3359,639.9152,3979.3406,0.6489,0.031059,-0.0022,0.3386,0.1385,SHAKE1
-446.0107,432.1075,371.8521,1.2978,723.8207,3.7731,0.3323,674.442,2620.718,0.773,0.099703,-0.2273,0.5026,-0.1302,SHAKE1
-375.1086,394.8235,214.1504,1.5226,585.1944,138.6263,0.2248,672.5241,2940.9736,0.976,0.156756,-0.4509,0.6071,-0.4276,SHAKE1
-197.69,255.862,68.9204,1.6378,330.6005,254.5939,0.1152,611.0093,22303.2734,1.2106,0.137031,-0.6399,0.6404,-0.7292,SHAKE1
-55.7551,102.2896,-47.2637,1.6285,125.7205,204.88,0.0092,498.586,55584.8125,1.4104,0.064503,-0.7623,0.6128,-0.9817,SHAKE1
57.7928,-20.5683,-140.211,1.4682,153.043,27.3225,0.1604,383.6758,55771.5391,1.511,0.015463,-0.806,0.5489,-1.1367,SHAKE1
148.6311,-118.8547,-214.5688,1.2258,286.8055,133.7625,0.2423,296.2728,26869.3086,1.4966,0.022426,-0.7789,0.4704,-1.1805,SHAKE1
221.3017,-197.4837,-274.055,0.9457,403.8322,117.0267,0.2801,260.0003,11172.2861,1.3812,0.069671,-0.7029,0.3935,-1.12,SHAKE1
279.4383,-260.0964,-321.644,0.6915,499.1901,95.3579,0.2542,293.7183,20480.8594,1.1919,0.115822,-0.6037,0.3282,-0.9724,SHAKE1
325.9475,-288.3584,-359.7152,0.47,564.6125,65.4225,0.2215,381.4967,21807.9023,0.9602,0.128257,-0.5027,0.2766,-0.7635,SHAKE1
363.1549,-316.1617,-390.1722,0.3032,619.7371,55.1245,0.1668,474.8355,14009.2549,0.7273,0.108715,-0.4079,0.2358,-0.5324,SHAKE1
392.9208,-348.4825,-414.5378,0.2481,669.0802,49.3431,0.0551,551.2904,8639.0459,0.5317,0.066673,-0.3197,0.201,-0.3007,SHAKE1
416.7335,-355.3516,-434.0302,0.3446,698.8017,29.7215,0.0964,610.2843,5161.895,0.4115,0.024946,-0.2291,0.164,-0.0813,SHAKE1
435.7837,-299.9032,-449.6242,0.5509,694.2703,4.5314,0.2063,649.3004,2581.9873,0.3834,0.012357,-0.1261,0.118,0.1297,SHAKE1
451.0238,-197.2288,-462.0993,0.8035,675.1722,19.0981,0.2526,671.4123,792.5148,0.4501,0.041713,-0.0042,0.051,0.3339,SHAKE1
463.2159,-55.3861,-472.0795,1.0615,663.6985,11.4737,0.258,680.2046,193.0452,0.6017,0.089173,0.1349,-0.0466,0.5291,SHAKE1
455.9384,53.9442,-480.0636,1.2714,664.2672,0.5687,0.2099,679.242,218.1685,0.8064,0.111988,0.2816,-0.1739,0.7059,SHAKE1
269.0101,109.7741,-382.2196,1.3757,480.1131,184.154,0.1043,635.5043,6159.123,1.0126,0.091629,0.4158,-0.3157,0.849,SHAKE1
112.8081,145.7943,-203.3788,1.3721,274.4897,205.6234,0.0036,551.5481,24486.1055,1.1768,0.047858,0.521,-0.4529,0.9409,SHAKE1
-12.1536,183.3511,-60.3062,1.2945,193.3964,81.0933,0.0776,455.1929,37799.7422,1.275,0.013108,0.5853,-0.5638,0.9745,SHAKE1
-112.1228,246.8808,54.1519,1.1815,276.5034,83.107,0.113,377.7539,29494.0215,1.299,0.005164,0.6073,-0.6304,0.9552,SHAKE1
-192.0983,299.9016,145.7184,1.0386,384.8072,108.3038,0.1428,321.8619,9962.0938,1.2525,0.016406,0.5935,-0.6448,0.8927,SHAKE1
-256.0786,342.3181,218.9716,0.8596,480.3192,95.512,0.179,321.9031,9975.1436,1.1493,0.033582,0.5559,-0.609,0.7997,SHAKE1
-307.2629,376.2514,277.5742,0.6423,559.4846,79.1654,0.2173,378.9021,17565.6367,1.0033,0.053748,0.5002,-0.529,0.6889,SHAKE1
-348.2103,403.398,324.4562,0.3252,623.9008,64.4163,0.3171,465.003,15274.6689,0.8095,0.091165,0.4222,-0.3937,0.5558,SHAKE1
-380.9683,425.1153,361.9619,0.249,675.9261,52.0253,0.0762,544.8876,10684.418,0.623,0.091527,0.3104,-0.2145,0.3871,SHAKE1
-407.1746,442.4891,391.9664,0.6283,717.7921,41.8659,0.3793,611.4845,7103.3037,0.5409,0.050242,0.1783,-0.0066,0.1694,SHAKE1
-428.1397,441.4038,406.9294,1.0223,737.3821,19.5901,0.394,662.8971,4189.2192,0.5734,0.075213,0.0332,0.2077,-0.0988,SHAKE1
-444.9118,373.4918,379.1747,1.305,693.6974,43.6847,0.2827,689.7397,1519.5947,0.706,0.163741,-0.1151,0.4046,-0.3952,SHAKE1
-458.3294,273.2591,291.4273,1.4627,608.0018,85.6956,0.1576,686.5599,1978.7478,0.9334,0.197521,-0.246,0.5376,-0.6908,SHAKE1
-287.5042,160.676,183.8669,1.5508,377.2035,230.7984,0.0881,626.8154,17527.0059,1.1938,0.112268,-0.3364,0.5983,-0.9597,SHAKE1
-127.6065,35.4814,59.2654,1.5123,145.1025,232.101,0.0385,512.2775,49162.1875,1.3706,0.037328,-0.3924,0.5928,-1.159,SHAKE1
0.3117,-74.0148,-54.9877,1.3435,92.206,52.8965,0.1688,383.2422,57669.6875,1.4348,0.009083,-0.4144,0.5368,-1.2551,SHAKE1
102.6462,-161.6119,-146.3902,1.1238,241.0077,148.8018,0.2197,292.7043,34242.2109,1.3986,0.023744,-0.4028,0.4494,-1.2568,SHAKE1
184.5139,-231.6895,-219.5121,0.8926,368.6611,127.6533,0.2312,244.8361,13222.2295,1.2846,0.061128,-0.367,0.3582,-1.1758,SHAKE1
250.008,-287.7516,-278.0097,0.6678,471.7991,103.138,0.2249,263.7552,19662.5117,1.108,0.091867,-0.3185,0.2751,-1.0242,SHAKE1
302.4033,-332.6013,-324.8078,0.4615,554.5912,82.7921,0.2062,345.653,27056.6836,0.8979,0.098599,-0.2644,0.2033,-0.8332,SHAKE1
344.3195,-368.481,-362.2462,0.2697,620.9319,66.3407,0.1918,451.3982,18183.2539,0.6831,0.09167,-0.2103,0.1445,-0.633,SHAKE1
377.8525,-397.1848,-392.197,0.0792,674.0525,53.1205,0.1905,538.0072,11744.2979,0.4742,0.082109,-0.1547,0.0967,-0.4366,SHAKE1
404.6789,-420.1479,-416.1576,0.1361,716.5726,42.5201,0.0569,607.5895,7544.104,0.3229,0.047052,-0.0931,0.0533,-0.2453,SHAKE1
426.14,-409.3245,-435.3261,0.3625,733.9282,17.3556,0.2264,660.0153,4300.127,0.2618,0.019847,-0.0236,0.0058,-0.0577,SHAKE1
443.3089,-272.1502,-450.6609,0.5905,688.2468,45.6814,0.228,686.7464,1522.1316,0.2876,0.032811,0.0522,-0.0525,0.1289,SHAKE1
457.044,-145.7796,-462.9287,0.797,666.6662,21.5806,0.2065,695.8932,652.8007,0.3931,0.073524,0.1304,-0.1235,0.3134,SHAKE1
468.0321,-135.4612,-458.343,0.9892,668.941,2.2748,0.1922,694.871,701.6368,0.5751,0.091784,0.2036,-0.2076,0.495,SHAKE1
281.8944,-168.7439,-393.6525,1.1611,512.739,156.202,0.1718,654.1042,5579.9321,0.7801,0.079902,0.267,-0.3031,0.666,SHAKE1
123.1155,-125.7514,-289.9314,1.2588,339.1623,173.5767,0.0978,575.151,17909.6406,0.9593,0.058733,0.3176,-0.4019,0.8096,SHAKE1
-3.9076,-15.2792,-139.1576,1.2786,140.0484,199.1138,0.0198,465.5114,41193.5078,1.0969,0.032976,0.3545,-0.4906,0.9132,SHAKE1
-105.5261,90.1735,-8.9292,1.2389,139.0926,0.9559,0.0396,359.9966,43277.3438,1.1853,0.011203,0.3783,-0.5603,0.972,SHAKE1
-186.8209,174.5357,95.2535,1.1471,272.8332,133.7407,0.0919,280.7751,19431.4609,1.2169,0.002808,0.3876,-0.6004,0.9838,SHAKE1
-251.8567,242.0254,178.5997,0.994,392.3085,119.4753,0.1531,256.689,10577.8135,1.1835,0.011006,0.3797,-0.6014,0.9455,SHAKE1
-303.8853,272.7422,245.2766,0.7901,476.3352,84.0268,0.2039,284.1236,18113.6836,1.0897,0.032037,0.3495,-0.5552,0.8697,SHAKE1
-345.5083,304.0969,298.6182,0.5863,548.6562,72.321,0.2038,365.8452,21279.2461,0.9513,0.056422,0.3002,-0.4683,0.7691,SHAKE1
-378.8066,311.99,341.2914,0.389,597.7559,49.0996,0.1973,457.5778,13337.5313,0.7813,0.074207,0.2358,-0.348,0.6492,SHAKE1
-405.4453,303.4326,375.43,0.224,630.4006,32.6448,0.165,529.0913,7370.7866,0.5967,0.075477,0.1579,-0.1992,0.5034,SHAKE1
-426.7562,345.143,402.7409,0.4583,680.7678,50.3672,0.2343,586.7831,4901.6812,0.4895,0.036256,0.0542,-0.0168,0.3229,SHAKE1
-443.805,378.5113,424.5896,0.8955,721.4637,40.6959,0.4372,635.8089,3686.1848,0.5106,0.050705,-0.0776,0.1776,0.089,SHAKE1
-457.444,405.2059,404.7498,1.2884,732.9865,11.5228,0.393,672.6749,2696.6626,0.651,0.150843,-0.2303,0.3713,-0.1856,SHAKE1
-321.4865,256.2773,307.078,1.5345,513.1554,219.8311,0.2461,655.7548,6377.0957,0.8802,0.240735,-0.388,0.5409,-0.4807,SHAKE1
-154.7923,102.6218,152.9968,1.6624,240.624,272.5314,0.1278,577.7995,34638.2188,1.1678,0.19424,-0.5323,0.6671,-0.77,SHAKE1
-21.437,-20.3026,19.9974,1.5948,35.66,204.964,0.0675,448.7779,74654.2109,1.3951,0.078353,-0.6318,0.728,-0.9977,SHAKE1
85.2473,-118.6421,-86.4021,1.3492,169.7302,134.0703,0.2456,338.4312,63179.8242,1.4859,0.020607,-0.6635,0.7279,-1.1072,SHAKE1
170.5947,-197.3136,-171.5217,1.0006,312.1777,142.4475,0.3486,254.2695,25099.6934,1.4283,0.056597,-0.6287,0.673,-1.09,SHAKE1
238.8727,-260.2509,-239.6173,0.6533,426.8573,114.6796,0.3473,237.0098,17354.7266,1.2521,0.143404,-0.5451,0.5803,-0.9655,SHAKE1
293.495,-222.4882,-294.0939,0.3686,471.3083,44.451,0.2847,283.1467,26202.6602,0.9933,0.198892,-0.4336,0.4665,-0.7606,SHAKE1
337.1929,-177.3375,-337.6751,0.1416,509.0895,37.7812,0.227,377.8326,15197.333,0.7027,0.187141,-0.3141,0.3442,-0.5207,SHAKE1
372.1512,-151.4981,-372.5401,0.1094,547.9364,38.8469,0.0322,453.4738,6601.4766,0.4547,0.112429,-0.2026,0.2243,-0.2866,SHAKE1
400.1178,-149.5047,-400.4321,0.2608,585.4843,37.5479,0.1514,508.1352,3106.0476,0.3067,0.038452,-0.1045,0.1132,-0.0852,SHAKE1
422.4911,-154.835,-422.7457,0.4244,617.4031,31.9188,0.1636,546.2443,2720.4182,0.261,0.015104,-0.0151,0.0125,0.0818,SHAKE1
440.3898,-110.2337,-440.5965,0.6148,632.6294,15.2263,0.1904,578.5085,2048.8347,0.3102,0.035403,0.0741,-0.0843,0.2272,SHAKE1
454.7087,2.8537,-454.8772,0.8403,643.1807,10.5513,0.2255,605.3268,1202.3145,0.4499,0.066395,0.1714,-0.1872,0.3603,SHAKE1
466.1639,104.6798,-466.3018,1.078,667.6107,24.4299,0.2377,629.2616,746.563,0.6437,0.084565,0.2792,-0.2996,0.4903,SHAKE1
435.4061,158.0439,-475.4414,1.279,663.7778,3.8329,0.201,644.9203,356.3493,0.8473,0.094513,0.3927,-0.4213,0.618,SHAKE1
245.9249,196.0695,-307.0688,1.3958,439.5606,224.2171,0.1167,609.3518,7374.3125,1.0416,0.081165,0.4987,-0.542,0.7349,SHAKE1
94.3399,259.2524,-143.2581,1.4057,310.8613,128.6993,0.0099,544.9982,20943.875,1.1998,0.046224,0.5845,-0.6423,0.8271,SHAKE1
-26.928,309.7988,-12.2096,1.3305,311.2065,0.3452,0.0752,478.6034,25539.3496,1.2978,0.014193,0.6418,-0.7042,0.8807,SHAKE1
-123.9424,350.2359,92.6292,1.1922,382.8931,71.6865,0.1383,421.6599,16984.1289,1.3206,0.006241,0.6676,-0.7144,0.8868,SHAKE1
-201.554,382.5856,176.5002,1.0121,467.0633,84.1702,0.1801,382.317,4124.3423,1.2672,0.02208,0.6647,-0.6665,0.8451,SHAKE1
-263.6432,408.4654,243.597,0.7832,543.775,76.7117,0.2289,403.1598,8248.2871,1.1447,0.050622,0.6363,-0.5603,0.7594,SHAKE1
-313.3145,429.1692,297.2745,0.4904,608.8713,65.0964,0.2928,462.7618,11455.5293,0.9617,0.089132,0.5772,-0.4047,0.6293,SHAKE1
-353.0516,445.7322,340.2165,0.3295,662.6235,53.7522,0.1608,533.0452,9910.9121,0.7615,0.101773,0.4778,-0.2045,0.4533,SHAKE1
-384.8413,458.9827,374.5701,0.6034,706.4493,43.8258,0.2739,597.7565,7228.0273,0.6437,0.055806,0.3424,0.0139,0.2238,SHAKE1
-410.273,462.933,402.0529,1.012,737.7516,31.3023,0.4086,651.8942,4800.7236,0.6437,0.055788,0.1695,0.2308,-0.0589,SHAKE1
-430.6184,350.012,424.0392,1.3534,698.391,39.3607,0.3414,682.8174,1938.9177,0.7578,0.139633,-0.034,0.4268,-0.3674,SHAKE1
-391.126,177.6096,350.6783,1.5797,554.5269,143.8641,0.2262,671.9484,4018.873,0.9756,0.212983,-0.2443,0.5767,-0.6713,SHAKE1
-217.2946,39.6877,213.0051,1.6602,306.8603,247.6666,0.0805,600.7958,25596.6621,1.2417,0.152404,-0.4208,0.6612,-0.9385,SHAKE1
-71.4388,-70.6498,68.0041,1.5461,121.3238,185.5365,0.1141,483.7707,55647.9375,1.4303,0.053889,-0.5492,0.6886,-1.117,SHAKE1
45.2458,-158.9199,-47.9967,1.3175,172.0651,50.7413,0.2286,370.6334,49378.6992,1.4914,0.017709,-0.6156,0.6673,-1.1794,SHAKE1
138.5936,-229.5359,-140.7974,1.0138,302.8511,130.786,0.3037,291.5255,22554.5098,1.4235,0.0549,-0.6147,0.6026,-1.1327,SHAKE1
213.2717,-286.0287,-215.0379,0.7199,416.5796,113.7285,0.2939,263.936,11087.0898,1.2515,0.119443,-0.5562,0.5138,-0.9957,SHAKE1
273.0143,-331.223,-274.4303,0.4762,509.4678,92.8882,0.2437,304.4575,21133.7734,1.0147,0.150188,-0.4716,0.4132,-0.7961,SHAKE1
320.8083,-367.3784,-321.9443,0.2624,584.4082,74.9404,0.2138,397.0744,21522.7773,0.758,0.140984,-0.3776,0.3071,-0.5764,SHAKE1
359.0435,-396.3027,-359.9554,0.123,644.6208,60.2126,0.1394,491.5855,14720.4355,0.5191,0.101934,-0.2849,0.1973,-0.3611,SHAKE1
389.6317,-411.6703,-390.3643,0.205,688.2366,43.6158,0.0819,568.6626,9389.7539,0.3573,0.046542,-0.1974,0.0921,-0.1687,SHAKE1
414.1023,-352.6644,-414.6915,0.3771,683.975,4.2615,0.1722,622.1417,4563.2856,0.2888,0.015624,-0.1142,-0.0097,0.002,SHAKE1
433.6787,-179.7346,-434.1532,0.5906,639.43,44.545,0.2135,648.1342,1408.3751,0.3116,0.026296,-0.026,-0.1162,0.1604,SHAKE1
449.3398,-41.3908,-449.7225,0.8447,637.0792,2.3508,0.2541,658.6683,509.65,0.4281,0.069086,0.0713,-0.2334,0.3147,SHAKE1
461.8688,69.2842,-462.178,1.0783,657.0629,19.9837,0.2336,661.1567,464.5067,0.6191,0.098526,0.1752,-0.3581,0.4645,SHAKE1
432.9794,125.6117,-445.6862,1.2493,633.9445,23.1183,0.171,650.2983,348.0388,0.828,0.100007,0.2771,-0.4846,0.6083,SHAKE1
243.9835,125.4988,-256.7896,1.3452,375.7909,258.1537,0.0959,588.6615,11392.9824,1.0216,0.075359,0.3685,-0.6045,0.7356,SHAKE1
92.7868,162.1303,-103.0348,1.3425,213.3349,162.4559,0.0027,503.4425,31789.2187,1.172,0.036185,0.44,-0.7029,0.8277,SHAKE1
-28.1705,232.1011,19.969,1.2532,234.6556,21.3207,0.0893,422.9578,36188.9531,1.2537,0.009409,0.4846,-0.7605,0.8703,SHAKE1
-124.9364,288.0778,118.3721,1.1084,335.5739,100.9183,0.1448,358.66,22620.8926,1.2597,0.007443,0.5032,-0.7689,0.8605,SHAKE1
-202.3492,332.8591,197.0946,0.9249,436.5623,100.9883,0.1835,319.1835,7119.9399,1.1948,0.025633,0.5008,-0.7281,0.8022,SHAKE1
-264.2793,368.6841,260.0725,0.7171,522.8856,86.3233,0.2078,348.6025,13912.4922,1.0692,0.050981,0.4813,-0.6383,0.7055,SHAKE1
-313.8235,397.3442,310.4549,0.4632,593.9274,71.0419,0.2538,424.721,16495.8711,0.8933,0.078556,0.4432,-0.4948,0.5828,SHAKE1
-353.4588,420.2722,350.7608,0.2493,651.6096,57.6821,0.214,508.1118,12612.5684,0.6926,0.095318,0.3766,-0.3095,0.434,SHAKE1
-385.167,438.6147,383.0055,0.4536,698.1616,46.5521,0.2044,580.6293,8623.708,0.5616,0.055007,0.2791,-0.0916,0.2503,SHAKE1
-410.5336,453.2886,408.8013,0.836,735.6133,37.4517,0.3824,640.4395,5699.395,0.5438,0.043359,0.1501,0.1398,0.0252,SHAKE1
-430.8269,442.859,418.5348,1.2176,746.2622,10.6489,0.3815,685.1149,3179.4131,0.6439,0.118122,-0.0081,0.3669,-0.2391,SHAKE1
-424.6834,281.081,316.9685,1.476,599.8596,146.4026,0.2584,686.3013,2968.6672,0.8465,0.209027,-0.1781,0.5569,-0.5195,SHAKE1
-302.9905,122.4648,151.1748,1.6071,360.0759,239.7837,0.1311,627.9945,20612.8848,1.1181,0.17965,-0.3269,0.6877,-0.7925,SHAKE1
-139.9955,-4.4282,18.5398,1.5564,141.2872,218.7887,0.0508,516.6197,54600.6445,1.3386,0.081129,-0.4351,0.749,-1.0084,SHAKE1
-9.5995,-105.9425,-87.5681,1.3625,137.783,3.5042,0.1939,397.0536,59416.3945,1.4439,0.019635,-0.4928,0.7482,-1.1264,SHAKE1
94.7173,-187.154,-172.4545,1.1382,271.5484,133.7654,0.2244,302.1108,29163.2461,1.428,0.027835,-0.4985,0.6988,-1.139,SHAKE1
178.1707,-252.1232,-240.3636,0.9152,391.2615,119.7131,0.2229,260.3912,11281.4219,1.3159,0.067388,-0.4666,0.6221,-1.0609,SHAKE1
244.9334,-304.0986,-294.6909,0.7055,489.1943,97.9328,0.2097,286.2149,19097.3223,1.1356,0.092413,-0.4174,0.5381,-0.9065,SHAKE1
298.3436,-345.6789,-338.1527,0.4967,568.199,79.0047,0.2088,371.5972,23509.373,0.9236,0.093708,-0.3655,0.4568,-0.7065,SHAKE1
341.0718,-378.9431,-372.9222,0.3409,631.6635,63.4645,0.1558,470.3734,16345.7246,0.7193,0.08135,-0.3172,0.3822,-0.4929,SHAKE1
375.2543,-405.5545,-400.7377,0.2849,682.5547,50.8912,0.056,552.5746,10686.5957,0.5487,0.054884,-0.2692,0.3114,-0.2778,SHAKE1
402.6003,-426.8436,-422.9902,0.3406,723.3279,40.7731,0.0557,618.9879,6902.8281,0.4337,0.023456,-0.2138,0.2395,-0.0716,SHAKE1
424.4772,-405.4093,-440.7921,0.4715,734.054,10.7261,0.1309,667.9598,3783.3433,0.3869,0.006775,-0.1431,0.161,0.1233,SHAKE1
441.9786,-254.6493,-455.0337,0.6337,683.5547,50.4992,0.1622,691.0309,1309.2605,0.4143,0.015793,-0.0476,0.0688,0.2943,SHAKE1
455.9798,-101.3226,-466.427,0.8186,660.1045,23.4503,0.1849,696.7191,763.2954,0.5099,0.038276,0.074,-0.039,0.4374,SHAKE1
467.1807,-57.9487,-475.5416,1.0223,669.1454,9.041,0.2038,694.0373,868.0389,0.6573,0.058931,0.2108,-0.1637,0.5586,SHAKE1
346.3821,-47.4246,-482.8333,1.2392,596.1188,73.0267,0.2169,668.5955,1966.7728,0.8371,0.074282,0.3526,-0.3034,0.6703,SHAKE1
174.7057,-15.5959,-416.1166,1.4282,451.5732,144.5456,0.1889,612.0993,7337.7314,1.0284,0.080822,0.4893,-0.4589,0.7654,SHAKE1
37.3646,52.4795,-230.4964,1.5416,239.3299,212.2433,0.1135,523.2543,26214.5371,1.21,0.069367,0.6025,-0.614,0.8418,SHAKE1
-72.5084,144.3805,-82.0003,1.5633,181.1829,58.147,0.0216,427.47,36696.8906,1.3589,0.041507,0.6832,-0.7471,0.9,SHAKE1
-160.4067,217.9013,36.7967,1.4716,273.0664,91.8835,0.0917,348.2542,23508.4414,1.4488,0.013316,0.7303,-0.8327,0.9303,SHAKE1
-230.7253,276.7179,131.8342,1.2468,383.6499,110.5835,0.2248,305.7604,9665.9219,1.4503,0.012689,0.7407,-0.8403,0.919,SHAKE1
-286.9803,323.7712,207.8642,0.9928,479.9927,96.3428,0.2541,311.4443,11452.7207,1.3632,0.046876,0.7098,-0.753,0.8767,SHAKE1
-331.9842,361.4138,268.6883,0.7695,559.488,79.4953,0.2233,375.476,18617.707,1.2088,0.08716,0.6408,-0.5706,0.8126,SHAKE1
-367.9874,391.528,317.3475,0.6209,624.0339,64.5458,0.1486,464.0462,15579.2686,1.0203,0.095632,0.5369,-0.3199,0.7179,SHAKE1
-396.7899,415.6193,356.2748,0.5524,676.1016,52.0677,0.0685,544.6532,10780.6182,0.8365,0.064896,0.3995,-0.0394,0.5678,SHAKE1
-419.8319,434.8923,387.4167,0.7592,717.9707,41.8691,0.2068,611.5174,7133.1768,0.7389,0.022901,0.235,0.2286,0.3496,SHAKE1
-438.2655,450.3107,342.674,1.1043,715.7387,2.232,0.3452,658.6666,3622.7988,0.7613,0.036223,0.0554,0.4597,0.066,SHAKE1
-453.0124,462.6455,216.6924,1.35,682.8006,32.9381,0.2456,683.3291,1163.7727,0.8774,0.09205,-0.1227,0.6203,-0.261,SHAKE1
-277.5037,284.8633,83.657,1.5023,406.3913,276.4093,0.1523,639.8006,13904.7637,1.0536,0.125938,-0.2841,0.6999,-0.6006,SHAKE1
-119.6061,125.4906,-35.4744,1.601,176.9518,229.4395,0.0987,539.9706,46520.9883,1.2634,0.091616,-0.4098,0.7148,-0.9074,SHAKE1
6.712,-2.0075,-130.7795,1.5997,130.967,45.9848,0.0013,422.5699,59858.0391,1.4315,0.035142,-0.4891,0.6791,-1.1364,SHAKE1
107.7665,-104.006,-207.0236,1.435,255.5184,124.5513,0.1647,330.5258,39777.582,1.4976,0.009368,-0.52,0.6069,-1.2549,SHAKE1
188.6101,-185.6048,-268.0189,1.1383,376.6391,121.1208,0.2968,269.2935,11633.9707,1.4553,0.029043,-0.5111,0.5231,-1.2546,SHAKE1
253.2849,-250.8839,-316.8151,0.8226,476.9358,100.2967,0.3156,283.4024,16298.8125,1.3193,0.090166,-0.4743,0.4399,-1.1482,SHAKE1
305.0248,-303.1071,-355.8521,0.5513,558.162,81.2262,0.2713,359.6445,23318.1836,1.1094,0.148193,-0.4255,0.3619,-0.9532,SHAKE1
346.4167,-344.8857,-387.0817,0.3688,623.5246,65.3626,0.1825,458.1559,17081.5352,0.8632,0.149201,-0.3758,0.2927,-0.7009,SHAKE1
379.5303,-378.3085,-412.0654,0.2681,675.987,52.4624,0.1007,542.2497,11287.4473,0.6298,0.100168,-0.325,0.2286,-0.4329,SHAKE1
406.0211,-405.0468,-432.0523,0.2875,718.0427,42.0557,0.0195,610.5304,7320.4531,0.4597,0.042946,-0.2662,0.1606,-0.1837,SHAKE1
427.2138,-362.1874,-448.0418,0.4624,717.2397,0.8029,0.1749,658.5912,3718.4875,0.3876,0.011411,-0.1902,0.0876,0.0438,SHAKE1
444.1679,-224.4125,-460.8335,0.7304,678.243,38.9968,0.2679,682.6074,1201.7426,0.4234,0.028264,-0.0902,-0.0034,0.2563,SHAKE1
457.7312,-77.1331,-471.0668,1.0067,661.3405,16.9025,0.2763,690.1706,536.8414,0.551,0.07942,0.0351,-0.1232,0.4563,SHAKE1
366.2568,19.1404,-440.0347,1.243,572.8359,88.5046,0.2363,669.5404,2824.4871,0.746,0.121151,0.1734,-0.2705,0.6387,SHAKE1
190.6055,17.4529,-281.959,1.4121,340.7872,232.0487,0.1691,594.0892,18276.8516,0.9709,0.11727,0.3091,-0.4281,0.7989,SHAKE1
50.0844,27.9905,-123.1703,1.4791,135.878,204.9092,0.067,477.8169,43715.8984,1.1742,0.075876,0.4277,-0.5768,0.9202,SHAKE1
-62.3325,116.3705,3.8606,1.431,132.0695,3.8086,0.0481,368.5822,47657.8125,1.3144,0.03002,0.5178,-0.6912,0.9854,SHAKE1
-152.266,195.4933,105.4854,1.2612,269.3134,137.244,0.1698,290.1768,26339.7773,1.3653,0.009053,0.5731,-0.7441,0.9874,SHAKE1
-224.2128,258.7915,186.7852,1.0291,390.0425,120.729,0.2321,253.6181,11018.6406,1.3225,0.026836,0.5867,-0.723,0.9362,SHAKE1
-281.7702,292.9644,251.825,0.7458,478.1616,88.1191,0.2833,281.093,18828.0332,1.1893,0.073992,0.5527,-0.6292,0.8396,SHAKE1
-327.8162,336.7684,303.8569,0.4257,559.6476,81.4861,0.3202,365.8469,22945.8672,0.9786,0.129414,0.4591,-0.4631,0.708,SHAKE1
-364.653,371.8116,345.4824,0.3327,624.959,65.3114,0.093,464.4249,15725.7002,0.7589,0.123651,0.3031,-0.2414,0.5235,SHAKE1
-394.1224,399.8462,298.0484,0.7968,635.6432,10.6842,0.4641,537.6908,8607.2578,0.666,0.06484,0.0925,-0.0008,0.2669,SHAKE1
-417.6979,422.2738,209.1356,1.2024,629.7018,5.9414,0.4056,585.6227,3642.9949,0.7007,0.094813,-0.1377,0.2318,-0.0363,SHAKE1
-436.5583,278.4128,94.9054,1.4384,526.4066,103.2952,0.236,595.2717,1941.6217,0.8392,0.18407,-0.3511,0.4242,-0.3649,SHAKE1
-258.8967,120.3303,-16.7632,1.5502,285.9858,240.4208,0.1118,540.5394,17823.7285,1.0641,0.2004,-0.5133,0.543,-0.6986,SHAKE1
-104.7205,-6.1358,-104.3543,1.6026,147.9657,138.0201,0.0524,445.1406,38120.2891,1.3181,0.086888,-0.6023,0.5839,-0.9928,SHAKE1
18.6205,-107.3086,-182.2897,1.5207,212.3474,64.3817,0.0819,360.4814,34533.4063,1.4629,0.019791,-0.6173,0.5688,-1.1802,SHAKE1
117.2933,-188.2469,-248.2318,1.3434,332.8868,120.5394,0.1773,301.1185,16665.8105,1.4911,0.008281,-0.5817,0.5183,-1.2617,SHAKE1
196.2315,-252.9975,-300.9854,1.076,439.4392,106.5524,0.2674,283.7249,10038.8506,1.4186,0.036933,-0.5206,0.458,-1.2347,SHAKE1
259.3821,-304.798,-343.1884,0.7911,527.2183,87.7791,0.2849,331.9715,19567.9043,1.2668,0.089172,-0.454,0.4049,-1.1088,SHAKE1
309.9025,-346.2384,-376.9507,0.5233,598.3414,71.1231,0.2678,422.0466,18873.3398,1.0509,0.130565,-0.3957,0.3603,-0.8939,SHAKE1
350.3189,-379.3907,-403.9605,0.3175,655.6255,57.2841,0.2058,510.7022,13130.5811,0.8102,0.136071,-0.3418,0.3136,-0.6256,SHAKE1
382.652,-297.7439,-425.5684,0.3219,645.122,10.5035,0.0044,573.1493,6521.0176,0.606,0.085177,-0.2829,0.2537,-0.3314,SHAKE1
408.5185,-135.7982,-442.8547,0.5411,617.6155,27.5065,0.2192,608.7845,2070.9155,0.499,0.030389,-0.2087,0.1687,-0.0368,SHAKE1
429.2117,-6.2417,-456.6838,0.7991,626.7549,9.1394,0.258,628.6918,408.5914,0.5006,0.03134,-0.1203,0.0624,0.2437,SHAKE1
445.7662,97.4035,-467.747,1.0079,653.4388,26.6839,0.2088,639.7113,225.415,0.5975,0.073314,-0.0267,-0.0548,0.4983,SHAKE1
298.6224,-24.4772,-437.1351,1.1659,529.9637,123.475,0.158,614.579,1952.0345,0.7672,0.093459,0.0655,-0.1772,0.7166,SHAKE1
136.4979,-121.9818,-341.5143,1.3143,387.4832,142.4805,0.1484,563.0513,9424.8438,0.9657,0.074285,0.1552,-0.3074,0.8941,SHAKE1
6.7983,-70.2167,-183.5865,1.3876,196.6738,190.8094,0.0733,478.8629,28588.1973,1.135,0.045177,0.2329,-0.4266,1.0197,SHAKE1
-96.9613,46.2236,-44.4723,1.3312,116.2579,80.4159,0.0564,376.7635,40085.9766,1.2414,0.018995,0.2939,-0.5212,1.0804,SHAKE1
-179.9691,139.3757,66.819,1.2054,237.2325,120.9745,0.1258,293.5222,21740.8086,1.2809,0.006791,0.3426,-0.5848,1.0801,SHAKE1
-246.3753,213.8974,155.8521,1.0128,361.5837,124.3512,0.1926,259.8463,10352.29,1.2503,0.017578,0.3751,-0.6004,1.0266,SHAKE1
-299.5002,273.5148,227.0786,0.7851,464.8391,103.2554,0.2278,275.3174,15259.1064,1.1444,0.048833,0.3768,-0.5493,0.9274,SHAKE1
-342.0002,321.2087,284.0597,0.5616,548.4789,83.6398,0.2235,345.6784,23994.918,0.9792,0.077649,0.3427,-0.4333,0.7978,SHAKE1
-376.0002,359.3639,329.6447,0.414,615.7793,67.3004,0.1476,445.5827,18078.1973,0.7958,0.08312,0.2751,-0.2622,0.6575,SHAKE1
-403.2001,389.888,366.1126,0.4279,669.7921,54.0128,0.0139,532.0946,11965.8906,0.6403,0.052456,0.179,-0.0541,0.4897,SHAKE1
-424.9601,414.3073,301.362,0.6772,665.628,4.1641,0.2494,592.9035,6019.6084,0.5732,0.020463,0.0572,0.1575,0.2723,SHAKE1
-442.3681,433.8427,198.7458,0.9986,650.6988,14.9292,0.3214,630.0754,2025.8177,0.6159,0.045863,-0.0757,0.3403,0.0007,SHAKE1
-456.2945,449.4711,60.0717,1.2413,643.302,7.3968,0.2426,649.04,369.5524,0.7518,0.105021,-0.202,0.4718,-0.3044,SHAKE1
-327.7669,302.1956,-54.3427,1.4,449.1174,194.1846,0.1588,615.7076,7031.0615,0.949,0.127353,-0.3046,0.5364,-0.6242,SHAKE1
-159.8166,139.3565,-136.3241,1.5002,252.083,197.0344,0.1002,532.1659,25911.375,1.1635,0.087802,-0.3708,0.5341,-0.9226,SHAKE1
-25.4564,9.0852,-189.4093,1.5465,191.3281,60.7549,0.0463,437.3058,36584.6016,1.3373,0.039634,-0.3952,0.4853,-1.1598,SHAKE1
82.0317,-95.1318,-248.6931,1.4371,278.6172,87.289,0.1094,362.8896,26975.9258,1.425,0.010992,-0.3856,0.4164,-1.2952,SHAKE1
168.0223,-178.5055,-301.3545,1.2188,388.4716,109.8545,0.2183,311.9235,8783.0439,1.4205,0.012722,-0.3564,0.3456,-1.3264,SHAKE1
236.8147,-245.2044,-343.4836,0.9653,483.9291,95.4575,0.2535,318.8858,10887.3223,1.3336,0.04653,-0.3209,0.2859,-1.2614,SHAKE1
291.8486,-298.5635,-377.1869,0.7102,562.6595,78.7304,0.255,381.0011,18021.6133,1.1756,0.093731,-0.2914,0.2394,-1.1119,SHAKE1
335.8758,-341.2508,-404.1495,0.4791,626.5792,63.9197,0.2312,468.0513,15310.4238,0.9621,0.117663,-0.2691,0.2004,-0.8965,SHAKE1
371.0975,-375.4007,-425.7196,0.2622,678.1417,51.5626,0.2168,547.9562,10576.165,0.7271,0.115281,-0.2458,0.1628,-0.6525,SHAKE1
399.2749,-402.7205,-442.9756,0.1874,719.6052,41.4635,0.0748,614.183,6995.7954,0.5209,0.082636,-0.2089,0.119,-0.3877,SHAKE1
421.8168,-240.942,-456.7805,0.5151,666.8065,52.7987,0.3277,650.7584,2818.6655,0.4308,0.035034,-0.1385,0.0639,-0.106,SHAKE1
439.8503,-90.3568,-467.8244,0.839,648.4538,18.3527,0.3239,667.9173,973.0167,0.4566,0.05208,-0.0257,-0.0071,0.1737,SHAKE1
454.2772,30.1115,-476.6595,1.0966,659.15,10.6962,0.2576,674.4315,604.1872,0.5801,0.118658,0.1172,-0.0935,0.4407,SHAKE1
261.0217,12.561,-386.687,1.2714,466.7086,192.4414,0.1748,632.1448,7443.0298,0.7819,0.153298,0.27,-0.1847,0.6867,SHAKE1
106.4174,-92.3512,-206.9527,1.4052,250.3654,216.3433,0.1338,538.2969,26256.8398,1.0255,0.100988,0.4198,-0.2757,0.8872,SHAKE1
-17.2661,-103.6778,-63.1653,1.4804,122.6257,127.7397,0.0752,429.4607,45665.0859,1.2185,0.053017,0.5471,-0.3604,1.0249,SHAKE1
-116.2129,19.4546,51.8646,1.4218,128.7395,6.1138,0.0586,325.5179,43356.0195,1.3351,0.018889,0.6351,-0.4229,1.0933,SHAKE1
-195.3703,117.9606,143.8886,1.2432,269.7928,141.0533,0.1786,247.6464,15651.0313,1.3644,0.008348,0.6827,-0.4466,1.0906,SHAKE1
-258.6963,196.7653,217.5078,1.0107,391.0882,121.2953,0.2325,232.5223,9939.749,1.3122,0.028916,0.69,-0.426,1.0283,SHAKE1
-309.357,208.0779,276.4031,0.7044,464.1086,73.0204,0.3063,275.271,18775.0723,1.1721,0.081433,0.6418,-0.3412,0.9098,SHAKE1
-349.8856,268.8592,323.5193,0.4228,547.1472,83.0385,0.2816,360.1753,21689.5488,0.9606,0.12997,0.5156,-0.1909,0.7367,SHAKE1
-382.3085,317.4842,361.2124,0.5056,614.3536,67.2065,0.0828,457.2981,14465.5293,0.7774,0.095261,0.3236,0.001,0.5069,SHAKE1
-408.2468,356.3842,389.548,0.9271,667.4001,53.0464,0.4215,536.8195,9938.7949,0.7142,0.052351,0.0851,0.2065,0.2194,SHAKE1
-428.9974,387.5043,292.4884,1.2562,647.8795,19.5206,0.3291,588.1778,5520.4619,0.7632,0.091113,-0.1668,0.3901,-0.104,SHAKE1
-445.598,380.194,155.4033,1.4196,606.0159,41.8636,0.1634,616.5592,1699.9631,0.9063,0.156124,-0.3852,0.5074,-0.4399,SHAKE1
-254.6221,228.6615,60.7695,1.5128,347.5794,258.4365,0.0932,576.6456,13613.2949,1.1243,0.135436,-0.5337,0.5469,-0.7631,SHAKE1
-101.3008,80.5292,-53.7844,1.5624,140.1413,207.4381,0.0496,481.8032,42441.0469,1.3356,0.052611,-0.6066,0.5241,-1.0353,SHAKE1
21.3562,-37.9766,-145.4275,1.4285,151.814,11.6727,0.1339,378.686,46697.2266,1.4359,0.010907,-0.6042,0.4552,-1.1981,SHAKE1
119.4818,-132.7813,-218.742,1.2011,282.409,130.595,0.2274,305.5919,28715.3027,1.4249,0.015354,-0.5481,0.3656,-1.2519,SHAKE1
197.9824,-208.6251,-277.3936,0.9359,399.5856,117.1766,0.2652,264.3058,10726.8184,1.3281,0.053817,-0.4719,0.2818,-1.205,SHAKE1
260.7828,-269.3,-324.3149,0.6318,495.6918,96.1061,0.3041,293.9283,19170.3203,1.1519,0.11293,-0.3895,0.2095,-1.0627,SHAKE1
311.0231,-317.8401,-361.8519,0.3523,573.3188,77.6271,0.2794,380.5638,22546.3242,0.9099,0.148527,-0.309,0.1465,-0.8416,SHAKE1
351.2154,-356.6721,-391.8815,0.1201,635.7187,62.3999,0.2322,477.3448,15735.2764,0.6482,0.151029,-0.2359,0.0876,-0.5876,SHAKE1
383.3692,-323.0095,-415.9052,0.2337,651.371,15.6523,0.1136,551.1372,8746.9912,0.4547,0.086831,-0.1662,0.0262,-0.3212,SHAKE1
409.0922,-156.0107,-435.1242,0.5489,617.2753,34.0957,0.3153,594.6752,3132.7139,0.3774,0.036322,-0.0901,-0.0455,-0.0461,SHAKE1
429.6707,-22.4117,-450.4993,0.8395,622.9517,5.6764,0.2906,620.1271,685.2813,0.4189,0.064368,-0.0071,-0.1272,0.2208,SHAKE1
446.1334,68.5488,-462.7995,1.0661,646.4653,23.5135,0.2266,634.7565,171.8016,0.5617,0.126885,0.0806,-0.218,0.4702,SHAKE1
254.5505,-11.3923,-442.3052,1.2589,510.4504,136.0149,0.1928,609.7028,2634.3271,0.7894,0.133244,0.1751,-0.3209,0.6954,SHAKE1
101.2404,-9.4107,-280.7786,1.4161,298.6215,211.8289,0.1572,539.1528,16664.1016,1.0259,0.094089,0.2744,-0.4312,0.8862,SHAKE1
-21.4077,94.8683,-122.226,1.4684,156.1969,142.4245,0.0522,446.9372,36270.7891,1.2098,0.053918,0.3659,-0.5285,1.0211,SHAKE1
-119.5262,178.2915,4.6161,1.3905,214.6991,58.5021,0.0778,365.2866,34194.6602,1.32,0.020879,0.4411,-0.5968,1.088,SHAKE1
-198.0209,245.0301,106.0898,1.2293,332.4261,117.727,0.1613,302.4788,14653.5156,1.3526,0.008572,0.494,-0.6266,1.0895,SHAKE1
-260.8167,298.421,187.2687,1.0125,438.3492,105.9231,0.2168,288.0585,9487.2861,1.3034,0.027523,0.5162,-0.6055,1.03,SHAKE1
-311.0534,341.1336,252.2118,0.747,526.0582,87.709,0.2655,333.5459,18724.6367,1.1695,0.068974,0.4981,-0.5228,0.9163,SHAKE1
-351.2427,375.3038,304.1663,0.4354,597.2784,71.2203,0.3116,421.7622,18562.9609,0.9629,0.116228,0.4342,-0.3842,0.7563,SHAKE1
-383.3942,402.6399,345.7299,0.2845,654.7054,57.427,0.1509,509.7635,13096.2227,0.7417,0.122798,0.3284,-0.2001,0.561,SHAKE1
-409.1154,424.5088,362.1777,0.5867,691.9218,37.2164,0.3022,581.6626,8273.3594,0.6132,0.063551,0.1929,0.008,0.3064,SHAKE1
-429.6923,442.0039,392.139,0.9604,730.5997,38.6779,0.3737,640.1127,5185.6494,0.6028,0.055656,0.0418,0.2109,0.0076,SHAKE1
-446.1538,407.6969,397.6331,1.2302,723.4515,7.1482,0.2699,679.5914,2414.467,0.6994,0.120895,-0.1064,0.38,-0.3133,SHAKE1
-442.5293,224.1982,347.194,1.4037,605.5086,117.9429,0.1735,681.2374,2154.325,0.8931,0.168656,-0.225,0.4959,-0.6332,SHAKE1
-251.6266,76.9585,265.2021,1.5135,373.5916,231.917,0.1097,625.0146,17781.7246,1.1389,0.111121,-0.3061,0.5464,-0.9304,SHAKE1
-98.9044,-40.8332,142.8742,1.4747,178.5006,195.091,0.0388,522.3304,46217.3203,1.3165,0.041141,-0.3455,0.5387,-1.1393,SHAKE1
23.2734,-135.0666,14.94,1.3076,137.8689,40.6317,0.1671,403.7842,53051.043,1.3859,0.010967,-0.3487,0.4954,-1.2402,SHAKE1
121.0156,-210.4532,-90.448,1.0803,259.0679,121.199,0.2272,310.9075,28176.084,1.356,0.023899,-0.3257,0.436,-1.2394,SHAKE1
199.2093,-270.7626,-174.7584,0.8458,378.8631,119.7952,0.2345,265.5784,9686.9863,1.2444,0.063042,-0.2944,0.3724,-1.1497,SHAKE1
261.7643,-319.0101,-242.2068,0.6226,478.4894,99.6263,0.2232,286.558,15979.6934,1.0662,0.094129,-0.2594,0.315,-0.9838,SHAKE1
311.8083,-357.6081,-296.1654,0.4117,559.3049,80.8155,0.2109,362.7188,22722.1113,0.8536,0.101242,-0.2231,0.2659,-0.7764,SHAKE1
351.8436,-388.4865,-339.3323,0.1563,624.3894,65.0845,0.2554,460.0229,16836.8184,0.6233,0.10426,-0.177,0.2161,-0.5506,SHAKE1
383.8717,-413.1892,-373.8659,0.2593,676.6524,52.263,0.103,543.5399,11170.8262,0.4591,0.062035,-0.1072,0.1565,-0.3019,SHAKE1
409.4943,-273.4201,-401.4927,0.6481,635.3271,41.3253,0.3889,594.8326,4801.1689,0.4196,0.037714,-0.0025,0.0837,-0.0346,SHAKE1
429.9923,-116.3392,-423.5942,0.9603,614.7034,20.6237,0.3121,622.0754,1430.8196,0.4871,0.083378,0.134,-0.0054,0.2348,SHAKE1
408.5876,9.3255,-441.2753,1.1917,601.4605,13.2429,0.2314,630.5065,656.702,0.6431,0.157178,0.2844,-0.1091,0.4969,SHAKE1
224.4701,12.4198,-267.0765,1.3548,349.1002,252.3603,0.1632,575.4487,13455.7607,0.8828,0.153614,0.4279,-0.2178,0.7363,SHAKE1
77.1761,32.5233,-111.2643,1.428,139.2611,209.8391,0.0732,467.9705,37907.6641,1.1166,0.080649,0.5447,-0.3177,0.9188,SHAKE1
-40.6591,128.4155,13.3854,1.386,135.3621,3.8991,0.042,367.9774,44433.0898,1.2642,0.029503,0.6214,-0.3893,1.0284,SHAKE1
-134.9273,205.1293,113.1052,1.2594,270.3261,134.9641,0.1266,299.102,29421.6777,1.324,0.007461,0.659,-0.4203,1.0679,SHAKE1
-210.3419,266.5003,192.881,1.0671,390.4731,120.147,0.1923,256.9045,11026.6553,1.2991,0.016534,0.6648,-0.4008,1.0392,SHAKE1
-270.6735,315.5971,256.7017,0.7627,488.6322,98.1591,0.3044,284.8109,19287.4258,1.1807,0.059422,0.6355,-0.3227,0.9318,SHAKE1
-318.9388,349.9027,307.7582,0.3692,564.6849,76.0526,0.3935,369.8957,23476.9492,0.9689,0.13403,0.5456,-0.19,0.7462,SHAKE1
-357.5511,370.3472,348.6035,0.3138,621.7107,57.0258,0.0554,467.1654,15696.5078,0.7544,0.139079,0.4,-0.0374,0.5076,SHAKE1
-388.4409,398.6746,381.2797,0.6427,674.6865,52.9758,0.3289,548.0375,10020.0762,0.6311,0.07537,0.2053,0.1183,0.2286,SHAKE1
-413.1527,421.3366,399.4644,1.0593,712.5948,37.9083,0.4167,612.4618,6320.0967,0.6296,0.074024,-0.0268,0.2676,-0.0897,SHAKE1
-356.4065,439.4662,258.034,1.3266,621.8823,90.7125,0.2672,639.1119,2560.8679,0.7423,0.154928,-0.267,0.3734,-0.4075,SHAKE1
-182.7283,306.6479,147.1366,1.4709,386.0981,235.7842,0.1443,603.3945,12980.4512,0.9627,0.1847,-0.4613,0.4169,-0.6949,SHAKE1
-43.7858,142.9184,17.9999,1.5447,150.5551,235.543,0.0738,509.1634,45046.5508,1.2088,0.107638,-0.5903,0.4181,-0.9485,SHAKE1
67.3682,11.9347,-86.0876,1.4788,109.9636,40.5916,0.0659,396.2188,58682.5859,1.3761,0.030147,-0.6488,0.3839,-1.1359,SHAKE1
156.2915,-92.8522,-171.2701,1.2477,249.7639,139.8003,0.2311,303.6526,34385.1367,1.4137,0.011963,-0.6435,0.3215,-1.2085,SHAKE1
227.4301,-176.6818,-239.4161,0.9809,374.5143,124.7504,0.2667,254.179,12687.7441,1.3446,0.043126,-0.5936,0.2608,-1.1752,SHAKE1
284.3409,-224.4236,-293.9329,0.73,466.4893,91.975,0.2509,270.2573,17963.832,1.1964,0.093523,-0.5251,0.212,-1.0523,SHAKE1
329.8696,-281.9389,-337.5463,0.514,549.7645,83.2752,0.216,350.0991,24348.248,0.9903,0.11991,-0.4586,0.1677,-0.8553,SHAKE1
366.2926,-327.9511,-365.7058,0.3487,612.7503,62.9858,0.1653,450.6564,16500.5898,0.7643,0.103419,-0.4045,0.1277,-0.6111,SHAKE1
395.4309,-353.8984,-394.9647,0.337,661.5186,48.7682,0.0117,533.0074,10539.916,0.5822,0.060018,-0.3626,0.0889,-0.3586,SHAKE1
418.7416,-281.5063,-418.3717,0.4653,655.4581,6.0605,0.1282,589.1961,5357.5615,0.479,0.020308,-0.3268,0.0432,-0.1109,SHAKE1
437.3902,-122.8081,-437.0974,0.6755,630.4333,25.0248,0.2102,621.9849,1611.1614,0.4681,0.015308,-0.2834,-0.0163,0.1366,SHAKE1
452.3091,4.1504,-452.0779,0.9179,639.5117,9.0784,0.2425,639.9344,307.257,0.5489,0.04883,-0.2245,-0.0952,0.3823,SHAKE1
464.2441,53.289,-464.0623,1.1301,658.5714,19.0597,0.2122,649.0986,144.9469,0.7052,0.083959,-0.147,-0.1956,0.6097,SHAKE1
307.8578,60.2687,-471.5749,1.3096,566.3846,92.1867,0.1795,630.0718,1120.3966,0.8997,0.092086,-0.0508,-0.32,0.8092,SHAKE1
143.8863,69.8275,-364.1693,1.4326,397.7416,168.643,0.123,578.5285,9130.2559,1.0931,0.073721,0.0583,-0.4589,0.9713,SHAKE1
12.709,81.8714,-188.951,1.4367,206.3176,191.424,0.004,493.7054,29104.666,1.2454,0.039255,0.1645,-0.5913,1.0695,SHAKE1
-92.2328,89.8627,-48.764,1.3614,137.6958,68.6218,0.0753,393.3422,40128.5703,1.3341,0.012636,0.2555,-0.6911,1.1011,SHAKE1
-176.1862,99.787,63.3857,1.2435,212.1716,74.4759,0.1179,304.0623,24652.916,1.3567,0.005444,0.3259,-0.7466,1.0768,SHAKE1
-243.349,129.6921,153.1054,1.0848,315.4046,103.233,0.1587,253.8662,8396.3975,1.3118,0.017773,0.3705,-0.7483,1.0067,SHAKE1
-297.0792,144.3756,224.8812,0.8842,399.5897,84.1851,0.2005,254.2358,8503.3018,1.2021,0.039383,0.3869,-0.6918,0.9004,SHAKE1
-340.0634,147.3567,282.3018,0.6604,465.8878,66.2981,0.2238,306.1499,14308.3105,1.0469,0.062956,0.3755,-0.5698,0.7849,SHAKE1
-374.4507,198.5385,328.2383,0.4828,536.0702,70.1824,0.1776,385.8248,12857.5332,0.8711,0.075919,0.3359,-0.3884,0.6664,SHAKE1
-401.9605,261.2277,364.9875,0.4095,602.5181,66.4479,0.0734,463.8941,10122.834,0.7043,0.062999,0.2621,-0.1681,0.5257,SHAKE1
-423.9684,294.0197,394.3869,0.6124,649.4135,46.8954,0.2029,530.6959,8134.0234,0.6099,0.026824,0.1448,0.0663,0.326,SHAKE1
-441.5748,326.4876,392.6002,1.0278,675.0684,25.6549,0.4154,585.7916,5829.4033,0.6386,0.045876,-0.0141,0.2951,0.0666,SHAKE1
-455.6598,334.3214,257.4677,1.3796,621.0364,54.032,0.3518,616.8213,2239.6138,0.7824,0.134908,-0.1981,0.4925,-0.2342,SHAKE1
-262.131,248.179,103.5742,1.6016,375.5437,245.4927,0.222,584.716,11547.6934,1.0062,0.201107,-0.381,0.6335,-0.5573,SHAKE1
-107.3079,96.1432,-19.5407,1.6833,145.3972,230.1465,0.0817,493.2918,41726.1367,1.2609,0.156695,-0.5257,0.7096,-0.8681,SHAKE1
16.5505,-25.4855,-118.0325,1.4981,121.8815,23.5156,0.1852,387.7855,53308.8633,1.4381,0.052447,-0.6029,0.7246,-1.0738,SHAKE1
115.6373,-122.7884,-196.826,1.1955,259.2093,137.3277,0.3026,304.6136,33191.375,1.4716,0.029428,-0.6055,0.688,-1.1448,SHAKE1
194.9067,-200.6307,-259.8608,0.8767,381.797,122.5877,0.3188,256.7657,12068.7402,1.371,0.08841,-0.5491,0.6087,-1.0964,SHAKE1
258.3223,-173.6702,-310.2887,0.6013,439.512,57.715,0.2753,269.5594,15762.6592,1.171,0.15624,-0.4605,0.5024,-0.9515,SHAKE1
309.0547,-142.0674,-350.631,0.3761,488.5079,48.9959,0.2252,338.1815,17558.0996,0.9095,0.161761,-0.371,0.3842,-0.7324,SHAKE1
349.6406,-134.6258,-382.9048,0.2445,535.7133,47.2053,0.1315,420.9479,9154.4473,0.6588,0.118061,-0.3012,0.2669,-0.5028,SHAKE1
382.1094,-163.3069,-408.7238,0.2234,582.8652,47.152,0.0212,485.6791,4975.8901,0.4644,0.060589,-0.2555,0.1576,-0.2951,SHAKE1
408.0844,-231.4424,-429.3791,0.2642,635.9755,53.1102,0.0409,536.5148,4751.1265,0.3419,0.019606,-0.2234,0.058,-0.1198,SHAKE1
428.8644,-207.4945,-445.9033,0.4263,652.5399,16.5645,0.162,579.1203,3746.3491,0.3069,0.006345,-0.1848,-0.0367,0.0464,SHAKE1
445.4884,-63.5988,-459.1226,0.6878,642.8828,9.6571,0.2616,609.9953,1964.0928,0.3693,0.030524,-0.1204,-0.1311,0.2173,SHAKE1
458.7876,51.5179,-469.6981,0.9614,658.6019,15.7191,0.2736,634.5731,728.9819,0.5126,0.076984,-0.0269,-0.2312,0.3961,SHAKE1
469.427,143.6112,-478.1585,1.1801,685.2892,26.6874,0.2187,655.0579,289.0413,0.704,0.112747,0.0904,-0.3397,0.5772,SHAKE1
366.4197,217.2858,-443.3299,1.3378,614.8317,70.4576,0.1577,650.8291,521.9607,0.9187,0.108323,0.2168,-0.4536,0.7556,SHAKE1
190.7358,276.2255,-305.9108,1.4146,454.1609,160.6708,0.0768,611.1533,6682.8828,1.1164,0.069945,0.3329,-0.5528,0.9068,SHAKE1
50.1886,323.3773,-142.3318,1.4223,356.8615,97.2994,0.0077,553.949,16142.0703,1.2633,0.030362,0.4197,-0.6129,1.02,SHAKE1
-62.2491,361.0987,-11.4686,1.3125,366.6044,9.7429,0.1098,495.5495,17560.7285,1.3335,0.007691,0.4762,-0.618,1.0786,SHAKE1
-152.1993,391.2759,93.222,1.0717,430.0602,63.4558,0.2408,444.5037,8612.5918,1.3118,0.016225,0.5039,-0.5606,1.0666,SHAKE1
-224.1594,414.2082,176.9745,0.7357,503.1261,73.0659,0.336,422.1626,2998.4617,1.1914,0.067964,0.4999,-0.434,0.9732,SHAKE1
-281.7275,409.5041,243.9765,0.4165,553.7043,50.5782,0.3192,442.0713,5857.9736,0.9918,0.138237,0.4546,-0.249,0.7909,SHAKE1
-327.782,430.0002,239.95,0.5142,591.538,37.8336,0.0977,489.0066,6670.9648,0.8101,0.11378,0.3628,-0.0358,0.5055,SHAKE1
-364.6256,446.397,214.0975,0.9149,614.8657,23.3278,0.4007,538.6589,4377.2588,0.7306,0.059167,0.2331,0.1813,0.1488,SHAKE1
-394.1005,391.7426,172.6623,1.2305,581.8847,32.981,0.3156,569.0238,1470.193,0.7623,0.084867,0.0755,0.3734,-0.23,SHAKE1
-417.6804,242.691,81.7236,1.4195,489.9333,91.9514,0.189,566.3853,1845.7922,0.8991,0.152389,-0.0781,0.5083,-0.5941,SHAKE1
-251.6537,91.7528,-5.3617,1.5231,267.9121,222.0211,0.1037,509.2267,16363.7764,1.1204,0.134702,-0.1977,0.5674,-0.9151,SHAKE1
-98.9261,-28.9978,-79.2175,1.546,130.0102,137.9019,0.0229,416.9212,35249.4727,1.3268,0.054827,-0.2666,0.5638,-1.1548,SHAKE1
23.256,-125.5982,-138.6615,1.3744,188.5279,58.5177,0.1716,331.6536,30575.209,1.4187,0.012899,-0.2883,0.5122,-1.2801,SHAKE1
121.0017,-202.8786,-186.5636,1.1477,301.0101,112.4822,0.2267,275.4787,15084.2764,1.4021,0.020228,-0.2706,0.4333,-1.2999,SHAKE1
199.1982,-264.7029,-237.054,0.9,407.36,106.3499,0.2477,258.9641,9091.9248,1.2983,0.059802,-0.2366,0.349,-1.2261,SHAKE1
261.7554,-314.1623,-292.0432,0.6546,502.4968,95.1369,0.2454,305.881,18736.3535,1.1245,0.102375,-0.2012,0.2721,-1.072,SHAKE1
311.8012,-353.7298,-336.0345,0.4022,579.0198,76.523,0.2523,395.6829,19406.8262,0.8958,0.118867,-0.1714,0.2026,-0.8544,SHAKE1
351.8378,-385.3839,-371.2276,0.1756,640.4066,61.3867,0.2266,486.0587,14634.3457,0.656,0.119296,-0.1464,0.1355,-0.6196,SHAKE1
383.8672,-410.7071,-399.3821,0.1355,689.5944,49.1878,0.0401,563.7755,10031.1992,0.4536,0.084158,-0.1206,0.0658,-0.3816,SHAKE1
409.4906,-389.8,-421.9057,0.3514,705.4297,15.8353,0.2159,623.3895,5597.3921,0.3439,0.034348,-0.0856,-0.0124,-0.1499,SHAKE1
429.9894,-209.4432,-439.9246,0.5827,649.8392,55.5905,0.2313,652.8579,1945.9138,0.3295,0.026242,-0.0324,-0.1067,0.0674,SHAKE1
446.3884,-65.1577,-454.3397,0.8319,640.2598,9.5793,0.2492,665.1059,737.2301,0.4154,0.068278,0.0428,-0.2247,0.2626,SHAKE1
459.5076,23.4926,-465.8717,1.0627,654.7791,14.5192,0.2309,667.9804,628.2845,0.5928,0.109106,0.1361,-0.3561,0.441,SHAKE1
470.003,-77.0403,-427.1505,1.2719,639.7621,15.017,0.2091,658.014,594.7767,0.8201,0.107836,0.2385,-0.4898,0.6072,SHAKE1
273.6024,-142.2197,-294.2579,1.4327,426.2305,213.5316,0.1608,602.1741,7771.7524,1.0364,0.092168,0.3425,-0.6169,0.7565,SHAKE1
116.4819,-92.6602,-133.0095,1.5059,199.6133,226.6172,0.0733,512.129,31620.2754,1.221,0.061008,0.4364,-0.7234,0.8803,SHAKE1
-9.2145,28.2687,-4.0107,1.4857,30.0019,169.6114,0.0202,390.0774,59929.4805,1.3518,0.027634,0.51,-0.7891,0.9709,SHAKE1
-109.7716,125.0119,99.1883,1.3868,193.6907,163.6888,0.0989,297.8597,45125.5273,1.4166,0.006969,0.5579,-0.8116,1.0174,SHAKE1
-190.2173,202.4064,181.7475,1.2256,331.9384,138.2477,0.1612,236.295,18188.1367,1.4073,0.009993,0.579,-0.7883,1.0107,SHAKE1
-254.5738,264.322,247.7949,0.9721,442.805,110.8666,0.2535,239.6099,19491.3223,1.3152,0.03927,0.5722,-0.704,0.9479,SHAKE1
-306.0591,313.8545,300.6328,0.6667,531.5608,88.7558,0.3054,305.9994,31810.8789,1.1474,0.087939,0.5287,-0.5608,0.8379,SHAKE1
-347.2473,353.4804,342.9031,0.3875,602.5875,71.0267,0.2792,420.5164,21054.6914,0.9277,0.132278,0.4451,-0.3557,0.6834,SHAKE1
-380.1978,348.2875,376.7194,0.4357,638.5703,35.9828,0.0482,509.4924,12357.4883,0.7375,0.10236,0.3078,-0.1164,0.4796,SHAKE1
-406.5583,365.7331,403.7724,0.8499,679.7665,41.1962,0.4142,579.058,7011.6836,0.6624,0.051604,0.1216,0.1324,0.2099,SHAKE1
-427.6466,365.0677,342.1742,1.2749,658.2091,21.5574,0.425,622.1388,2695.7285,0.723,0.103799,-0.1035,0.3612,-0.1015,SHAKE1
-377.0985,364.4042,171.3394,1.5514,551.6801,106.5291,0.2765,626.1627,2031.5486,0.8999,0.209122,-0.3308,0.548,-0.4278,SHAKE1
-199.282,244.189,34.6715,1.6975,317.0862,234.5938,0.1461,569.0624,17765.6055,1.1619,0.215203,-0.5319,0.6608,-0.7431,SHAKE1
-57.0287,92.9512,-74.6628,1.6552,132.1618,184.9244,0.0423,467.7807,44717.7891,1.4058,0.098925,-0.6713,0.704,-0.998,SHAKE1
56.7739,-28.039,-162.1302,1.4567,174.0565,41.8948,0.1985,366.6387,42755.2734,1.5271,0.022919,-0.734,0.6886,-1.1396,SHAKE1
147.816,-124.8312,-232.1042,1.176,302.1668,128.1103,0.2806,295.4303,21513.2988,1.5074,0.03446,-0.7246,0.6247,-1.1607,SHAKE1
220.6497,-202.265,-288.0834,0.8715,415.4388,113.272,0.3045,268.182,10518.4541,1.3714,0.096442,-0.6684,0.532,-1.0711,SHAKE1
278.9166,-213.2214,-332.8667,0.6078,483.7955,68.3567,0.2637,301.5239,18226.2852,1.1534,0.144286,-0.5908,0.4278,-0.8875,SHAKE1
325.5302,-210.7427,-368.6934,0.4256,535.0861,51.2906,0.1822,382.1088,16905.9199,0.9075,0.13941,-0.5096,0.322,-0.6573,SHAKE1
362.821,-236.5129,-397.3547,0.326,587.7654,52.6793,0.0996,464.8505,9861.5068,0.6814,0.095599,-0.4375,0.2196,-0.4197,SHAKE1
392.6537,-291.6104,-420.2838,0.2955,644.8658,57.1004,0.0305,533.3903,6351.7041,0.5053,0.045428,-0.3703,0.1242,-0.2005,SHAKE1
416.5199,-327.6445,-438.627,0.3612,687.9196,43.0538,0.0657,587.8865,5375.2197,0.4032,0.012336,-0.2966,0.0343,-0.0068,SHAKE1
435.6128,-232.35,-453.3016,0.574,670.2443,17.6754,0.2128,625.1763,3174.2671,0.3965,0.009756,-0.1948,-0.0569,0.1716,SHAKE1
450.8871,-83.4831,-465.0413,0.8423,653.0942,17.1501,0.2683,648.7778,1149.8666,0.4798,0.042395,-0.0614,-0.1507,0.3444,SHAKE1
463.1066,35.6104,-474.433,1.1018,663.9446,10.8505,0.2595,664.0137,219.2388,0.635,0.09096,0.1013,-0.254,0.5115,SHAKE1
349.3103,43.132,-481.9464,1.3444,596.7834,67.1613,0.2426,654.3973,957.417,0.8448,0.12456,0.2838,-0.3723,0.6729,SHAKE1
177.0482,-37.2787,-341.129,1.5452,386.1409,210.6425,0.2008,594.0415,11482.1416,1.0816,0.119852,0.4768,-0.4968,0.8191,SHAKE1
39.2386,-82.6761,-170.5063,1.6445,193.5134,192.6275,0.0994,498.6953,33314.4297,1.2957,0.085891,0.6574,-0.6018,0.9303,SHAKE1
-71.0091,-36.1628,-34.0082,1.5961,86.6406,106.8727,0.0485,385.4046,49669.6484,1.4464,0.040114,0.8094,-0.6624,0.9904,SHAKE1
-159.2073,73.4667,75.1903,1.4335,190.7823,104.1417,0.1626,290.7721,32772.9961,1.5127,0.011998,0.9168,-0.6591,0.9955,SHAKE1
-229.7658,161.1702,162.5491,1.1936,324.3307,133.5484,0.2399,236.2816,11300.4346,1.4826,0.025787,0.9701,-0.5732,0.9428,SHAKE1
-286.2127,216.5393,232.4362,0.891,427.5904,103.2597,0.3027,244.5715,14059.9609,1.3517,0.077886,0.9466,-0.4032,0.8322,SHAKE1
-331.3701,275.6283,288.3458,0.5281,518.5754,90.985,0.3629,309.5839,24327.5957,1.1285,0.146562,0.8136,-0.1801,0.6611,SHAKE1
-367.4961,322.8995,333.0735,0.5802,591.8239,73.2484,0.0521,410.6205,20110.3301,0.9253,0.121659,0.5779,0.0614,0.4319,SHAKE1
-396.3969,360.7165,287.8245,1.0225,608.3501,16.5262,0.4423,494.1341,11289.4443,0.8431,0.065136,0.2789,0.2952,0.1376,SHAKE1
-419.5175,390.9701,184.3408,1.4431,602.3571,5.993,0.4206,549.7394,4773.3022,0.893,0.110079,-0.0627,0.4961,-0.19,SHAKE1
-397.3328,324.7667,45.0727,1.6861,515.1488,87.2083,0.243,567.251,1721.8699,1.052,0.210608,-0.3946,0.63,-0.5253,SHAKE1
-215.4693,157.4134,-66.3419,1.7606,274.9677,240.1811,0.0745,518.5295,15960.1299,1.2985,0.195364,-0.6411,0.6898,-0.8404,SHAKE1
-69.9786,23.5307,-155.4735,1.6489,172.1125,102.8552,0.1117,434.5872,31840.3594,1.5123,0.071048,-0.7785,0.6862,-1.0787,SHAKE1
46.414,-83.5754,-226.7788,1.4098,246.1051,73.9926,0.2392,362.1382,27657.9023,1.5897,0.019174,-0.8227,0.6347,-1.1904,SHAKE1
139.5281,-169.2603,-283.8231,1.1184,358.7097,112.6046,0.2914,313.4088,13744.6719,1.5248,0.055086,-0.7818,0.5467,-1.1839,SHAKE1
214.0193,-236.8177,-329.4585,0.8448,458.7262,100.0165,0.2736,302.1243,9700.9541,1.3565,0.114034,-0.6904,0.448,-1.0771,SHAKE1
273.6123,-291.8541,-365.9668,0.5892,542.1939,83.4677,0.2556,355.5695,18223.7539,1.1222,0.14424,-0.5872,0.3574,-0.8834,SHAKE1
321.2867,-335.8833,-395.1734,0.3838,610.0859,67.892,0.2054,443.1642,16775.3477,0.8692,0.133789,-0.4885,0.2755,-0.6506,SHAKE1
359.4263,-371.1066,-418.5387,0.2489,664.8925,54.8066,0.1349,526.9216,11826.2705,0.637,0.09839,-0.3995,0.1961,-0.4162,SHAKE1
389.9379,-371.7041,-437.231,0.2403,693.8202,28.9277,0.0086,593.9437,7246.2842,0.4614,0.052681,-0.3156,0.1144,-0.2,SHAKE1
414.3472,-241.2476,-452.1848,0.398,659.0562,34.764,0.1577,634.0097,2832.1721,0.3721,0.0161,-0.2262,0.0262,0.0016,SHAKE1
433.8746,-90.6012,-464.1478,0.6384,641.7858,17.2704,0.2404,653.9281,761.4943,0.3819,0.020763,-0.1217,-0.0755,0.1885,SHAKE1
449.4966,29.9159,-473.7183,0.8759,653.721,11.9352,0.2374,662.6552,300.9136,0.4803,0.059876,-0.0061,-0.191,0.3623,SHAKE1
461.9941,126.3296,-481.3746,1.0938,679.0576,25.3366,0.218,665.4882,345.6947,0.6493,0.095894,0.1131,-0.3177,0.5272,SHAKE1
267.1953,11.3824,-462.6122,1.2771,534.3528,144.7048,0.1832,633.5946,2607.2546,0.8567,0.098263,0.2305,-0.4509,0.6815,SHAKE1
111.3563,-93.2941,-341.5585,1.395,371.1687,163.1841,0.118,576.0172,12935.9053,1.056,0.07441,0.3396,-0.5849,0.8066,SHAKE1
-13.315,-133.0446,-170.8499,1.4247,216.9513,154.2174,0.0297,491.0503,30637.0937,1.2133,0.041984,0.4301,-0.7023,0.8867,SHAKE1
-113.052,-94.8951,-34.2831,1.377,151.5294,65.4219,0.0477,390.612,38311.7813,1.3135,0.014524,0.5013,-0.7884,0.9178,SHAKE1
-192.8416,-0.4223,74.9704,1.2754,206.9025,55.3731,0.1016,296.1809,19504.2168,1.3498,0.003845,0.552,-0.8341,0.9006,SHAKE1
-256.6733,102.059,162.3732,1.1118,320.4095,113.5071,0.1635,253.3923,6445.5811,1.3168,0.013022,0.5785,-0.8279,0.8401,SHAKE1
-307.7386,184.0441,232.2954,0.9082,427.2429,106.8333,0.2036,264.6071,9590.3545,1.2194,0.0357,0.5769,-0.7631,0.7518,SHAKE1
-348.5909,249.6322,288.2332,0.6481,516.6335,89.3907,0.2602,324.5435,18247.2266,1.0641,0.068433,0.5438,-0.6368,0.6472,SHAKE1
-381.2727,302.1026,332.9835,0.3774,589.5022,72.8687,0.2707,412.1381,18628.2559,0.8642,0.103198,0.4739,-0.4511,0.5296,SHAKE1
-407.4182,344.0789,368.7837,0.3274,648.3682,58.866,0.0501,500.4312,13569.167,0.6746,0.09107,0.3588,-0.2204,0.376,SHAKE1
-428.3345,377.66,347.2207,0.7032,668.3261,19.9579,0.3758,570.0146,7883.5015,0.5929,0.046318,0.1982,0.0267,0.1683,SHAKE1
-445.0676,380.553,279.0203,1.1369,648.6587,19.6674,0.4337,614.2977,3082.7295,0.6386,0.083523,0.0067,0.2683,-0.0973,SHAKE1
-458.4541,391.5112,143.5944,1.437,619.7423,28.9164,0.3001,634.9196,755.7424,0.7964,0.1861,-0.1939,0.471,-0.3967,SHAKE1
-292.9226,309.4496,12.4755,1.5957,426.2844,193.4579,0.1587,602.276,7983.3174,1.04,0.219407,-0.3736,0.6024,-0.7079,SHAKE1
-131.9412,145.1597,-80.9477,1.6618,212.2083,214.0761,0.0662,515.0439,30379.5586,1.3069,0.123932,-0.4995,0.655,-0.9927,SHAKE1
-3.1561,13.7277,-166.83,1.5807,167.4236,44.7846,0.0811,414.8635,39812.3164,1.4824,0.03523,-0.5589,0.6455,-1.1964,SHAKE1
99.872,-91.4178,-235.864,1.3619,271.9623,104.5386,0.2188,339.5242,27288.416,1.5274,0.012225,-0.5576,0.5869,-1.2851,SHAKE1
182.2945,-175.5342,-291.0912,1.0752,385.7171,113.7548,0.2868,292.7191,9820.0195,1.4551,0.046259,-0.5122,0.501,-1.2623,SHAKE1
248.2325,-242.8274,-335.273,0.8171,482.693,96.9759,0.2581,304.0008,13342.8184,1.2994,0.099458,-0.4487,0.4097,-1.1476,SHAKE1
300.9828,-296.6619,-370.6184,0.5977,562.1005,79.4076,0.2195,373.9793,20083.748,1.0865,0.12636,-0.3894,0.3243,-0.9586,SHAKE1
343.1832,-339.7296,-398.8947,0.4226,626.3448,64.2443,0.1751,465.7635,15864.0293,0.8549,0.112026,-0.3428,0.2446,-0.7351,SHAKE1
376.9434,-374.1837,-421.5158,0.2695,678.0673,51.7225,0.1531,546.9845,10769.9707,0.6364,0.081407,-0.3067,0.1702,-0.5063,SHAKE1
403.9516,-376.1501,-439.6126,0.2594,705.6381,27.5707,0.0101,610.9687,6508.7407,0.4732,0.044709,-0.2716,0.0957,-0.2794,SHAKE1
425.5582,-249.3513,-454.0901,0.4832,670.428,35.2101,0.2238,648.5157,2515.1079,0.4065,0.01662,-0.2199,0.0117,-0.0481,SHAKE1
442.8434,-97.0842,-465.6721,0.793,649.9124,20.5156,0.3098,666.0781,713.5428,0.4455,0.037662,-0.1418,-0.0927,0.1898,SHAKE1
456.6716,24.7295,-474.9377,1.0687,659.3378,9.4254,0.2758,672.6766,363.3413,0.5748,0.098533,-0.0396,-0.2214,0.4258,SHAKE1
262.9373,84.5086,-400.447,1.2768,486.452,172.8857,0.2081,634.3536,5824.7993,0.7762,0.137884,0.0731,-0.3672,0.6469,SHAKE1
107.9499,108.9475,-258.6576,1.3882,300.71,185.742,0.1114,553.368,20513.4551,1.002,0.108399,0.1822,-0.5127,0.8304,SHAKE1
-16.0401,151.9862,-104.5292,1.3874,185.1579,115.5521,0.0008,456.314,35469.1094,1.1828,0.05158,0.2729,-0.6364,0.9547,SHAKE1
-115.2321,223.9858,18.7735,1.3086,252.5877,67.4298,0.0788,376.8491,29959.25,1.286,0.013709,0.3384,-0.7159,1.0112,SHAKE1
-194.5857,281.5855,117.4157,1.1399,361.8569,109.2692,0.1687,317.3529,10504.4336,1.3002,0.008337,0.3799,-0.734,1.0015,SHAKE1
-258.0685,327.6653,196.3294,0.9001,460.9872,99.1302,0.2397,312.2599,8885.752,1.2249,0.034564,0.3985,-0.6893,0.9269,SHAKE1
-308.8548,352.0385,259.4604,0.5922,535.3897,74.4026,0.3079,359.1959,16613.4707,1.0656,0.083934,0.3893,-0.5908,0.7911,SHAKE1
-349.4839,384.0277,309.9652,0.2697,604.7269,69.3372,0.3224,443.1097,15571.1982,0.8421,0.139947,0.3544,-0.4372,0.6095,SHAKE1
-381.9871,409.619,350.369,0.333,660.6514,55.9245,0.0633,524.7224,11115.7139,0.647,0.110188,0.2877,-0.239,0.3682,SHAKE1
-407.9897,430.0921,382.6921,0.8081,705.6119,44.9604,0.4751,593.4734,7628.1782,0.5806,0.06239,0.176,-0.0161,0.0718,SHAKE1
-428.7917,446.4706,300.5506,1.1941,688.1345,17.4774,0.386,638.9029,3845.9622,0.6394,0.113794,0.0302,0.2068,-0.2492,SHAKE1
-421.024,254.7765,138.0405,1.4181,511.1042,177.0303,0.2239,634.0458,4945.8765,0.8046,0.207315,-0.1167,0.3966,-0.5679,SHAKE1
-234.4224,101.4212,8.0324,1.53,255.5477,255.5565,0.112,564.21,28549.0742,1.0567,0.191812,-0.2462,0.5216,-0.8678,SHAKE1
-85.141,-21.263,-95.9741,1.4819,130.0467,125.501,0.0481,458.089,53126.7695,1.2864,0.070434,-0.3378,0.5752,-1.0918,SHAKE1
34.2841,-119.4104,-179.1793,1.3451,218.0355,87.9888,0.1368,360.5737,42889.1602,1.3938,0.013829,-0.3758,0.5656,-1.2104,SHAKE1
129.8241,-197.9283,-245.7434,1.1762,341.2034,123.168,0.1689,291.1875,16690.543,1.3903,0.015311,-0.3677,0.5099,-1.2361,SHAKE1
206.2562,-260.7427,-298.9948,0.9753,447.1311,105.9277,0.2009,278.3929,11717.8535,1.3017,0.041757,-0.3362,0.439,-1.1774,SHAKE1
267.4018,-310.9941,-341.5958,0.7431,533.7685,86.6374,0.2322,334.037,21560.543,1.1443,0.068971,-0.2952,0.3697,-1.0415,SHAKE1
316.3183,-351.1953,-375.6766,0.4827,603.7618,69.9933,0.2604,428.7801,18812.1797,0.9445,0.093787,-0.2558,0.3061,-0.8547,SHAKE1
355.4515,-383.3563,-402.9413,0.1908,660.0527,56.2908,0.2919,517.1835,12811.7598,0.7136,0.121999,-0.2117,0.242,-0.6321,SHAKE1
386.7581,-333.4444,-424.7531,0.1715,664.2155,4.1628,0.0193,581.7859,6768.1694,0.5127,0.097601,-0.1526,0.1697,-0.3816,SHAKE1
411.8034,-164.3586,-442.2025,0.5243,626.2098,38.0056,0.3528,617.6017,2253.7153,0.4225,0.046692,-0.0701,0.0752,-0.1092,SHAKE1
431.8396,-29.09,-456.162,0.8518,628.8206,2.6108,0.3275,636.6121,511.8919,0.4442,0.062517,0.0322,-0.0424,0.1688,SHAKE1
447.8686,79.1248,-467.3296,1.0939,652.1073,23.2867,0.2422,646.2812,250.5932,0.5665,0.131706,0.1412,-0.1752,0.4331,SHAKE1
311.448,-20.7064,-476.2636,1.2777,569.4345,82.6728,0.1837,628.1576,1065.2784,0.7838,0.157393,0.2476,-0.3111,0.6689,SHAKE1
146.7584,-118.9651,-405.989,1.4002,447.7922,121.6423,0.1226,584.8729,5438.0156,1.0296,0.098002,0.3451,-0.4412,0.862,SHAKE1
15.0067,-145.5471,-244.76,1.4035,285.1606,162.6315,0.0033,516.6631,18409.1699,1.2054,0.043985,0.4244,-0.5464,0.9857,SHAKE1
-90.3946,-111.3627,-93.4111,1.3122,171.168,113.9927,0.0913,425.1325,31388.8398,1.2975,0.012769,0.4795,-0.616,1.0336,SHAKE1
-174.7157,-33.3058,27.668,1.1766,180.001,8.8331,0.1356,330.7113,24187.8457,1.314,0.00713,0.516,-0.6493,1.0144,SHAKE1
-242.1726,46.5835,124.5313,1.0087,276.2709,96.2699,0.168,272.0786,9945.043,1.2602,0.022623,0.5333,-0.6483,0.9337,SHAKE1
-296.1381,100.6574,202.0219,0.8115,372.3473,96.0764,0.1972,256.9896,5553.0737,1.1425,0.04512,0.5245,-0.6089,0.8062,SHAKE1
-339.3105,102.7853,264.0144,0.6055,442.0407,69.6935,0.2059,288.3656,11258.6855,0.9829,0.063687,0.4881,-0.5342,0.6606,SHAKE1
-373.8484,103.1158,313.6084,0.3909,498.7441,56.7034,0.2147,353.8808,13071.208,0.7986,0.078144,0.428,-0.4234,0.519,SHAKE1
-401.4787,134.7114,353.2836,0.206,551.4904,52.7462,0.1849,428.1786,9314.1045,0.6045,0.082126,0.346,-0.2785,0.3817,SHAKE1
-423.5829,189.2472,385.0238,0.3771,602.8933,51.403,0.1711,493.5032,6536.6631,0.4782,0.043844,0.2319,-0.0913,0.2373,SHAKE1
-441.2664,227.7072,410.4159,0.7356,644.2109,41.3176,0.3585,547.8759,5187.0869,0.463,0.034648,0.0819,0.1155,0.0698,SHAKE1
-455.4131,196.1626,430.7296,1.1279,656.8172,12.6063,0.3924,590.8312,3475.3555,0.5675,0.108097,-0.0997,0.3266,-0.1346,SHAKE1
-466.7305,170.6582,358.8743,1.4748,612.9864,43.8308,0.3469,613.6796,1355.4684,0.7843,0.219505,-0.3012,0.5211,-0.3775,SHAKE1
-416.1656,124.8391,202.737,1.661,479.459,133.5274,0.1862,599.2733,3977.4644,1.0753,0.221665,-0.5005,0.6662,-0.638,SHAKE1
-230.5356,34.1306,59.7896,1.7436,240.5959,238.8631,0.0826,526.8138,24454.377,1.3486,0.138814,-0.6657,0.7359,-0.8891,SHAKE1
-82.0316,-75.0955,-54.5684,1.6671,123.8799,116.716,0.0766,422.7477,43339.3438,1.5349,0.049231,-0.7728,0.7423,-1.0829,SHAKE1
36.7716,-162.4764,-146.0547,1.4546,221.5462,97.6663,0.2124,335.6934,32899.6055,1.6002,0.013131,-0.8109,0.6969,-1.1809,SHAKE1
131.8141,-232.3811,-219.2437,1.1678,345.6064,124.0602,0.2868,282.2174,14681.3047,1.5388,0.043609,-0.7852,0.6124,-1.1696,SHAKE1
207.8482,-288.3049,-277.795,0.8776,451.0994,105.493,0.2902,276.5455,12572.5127,1.3821,0.103521,-0.7129,0.5163,-1.0645,SHAKE1
268.6754,-333.0439,-324.636,0.6129,537.1157,86.0163,0.2647,335.8495,22376.4414,1.156,0.144599,-0.6132,0.4201,-0.8833,SHAKE1
317.3372,-368.8351,-362.1088,0.3716,606.5188,69.4031,0.2413,432.3773,18724.9746,0.8969,0.148285,-0.5005,0.3274,-0.6632,SHAKE1
356.2667,-397.4681,-392.0871,0.1658,662.2983,55.7795,0.2058,520.5277,12637.2607,0.6391,0.126537,-0.3814,0.2397,-0.4229,SHAKE1
387.4102,-341.3651,-416.0696,0.2993,663.1219,0.8236,0.1335,584.0309,6551.7427,0.4654,0.06356,-0.2551,0.1551,-0.1834,SHAKE1
412.3251,-170.6952,-435.2557,0.5732,623.3749,39.747,0.2739,618.486,2140.0251,0.4045,0.028202,-0.1187,0.066,0.0516,SHAKE1
432.257,-34.1593,-450.6046,0.8301,625.3458,1.9709,0.2569,636.132,513.8321,0.448,0.053856,0.0318,-0.0411,0.271,SHAKE1
448.2025,75.0694,-462.8836,1.1094,648.6772,23.3314,0.2793,644.5636,298.8274,0.5956,0.118406,0.1921,-0.1826,0.472,SHAKE1
273.6339,5.718,-472.7069,1.386,546.2234,102.4538,0.2766,621.3486,1631.1492,0.8396,0.146869,0.3566,-0.3522,0.6458,SHAKE1
116.5071,-92.8506,-456.9843,1.5895,480.6555,65.5678,0.2035,584.8553,3909.2981,1.0976,0.134365,0.5162,-0.5398,0.7839,SHAKE1
-9.1943,-118.9336,-263.1906,1.6739,288.9619,191.6936,0.0844,517.9728,16649.8496,1.3178,0.097307,0.6562,-0.7234,0.8719,SHAKE1
-109.7555,-99.8594,-108.1556,1.6303,183.6186,105.3434,0.0436,429.6273,28897.6836,1.4778,0.043665,0.7625,-0.8717,0.91,SHAKE1
-190.2044,-82.8062,15.8724,1.4547,208.0541,24.4355,0.1756,341.5027,21354.1055,1.5469,0.011858,0.8248,-0.9461,0.8976,SHAKE1
-254.5635,-100.8762,115.0948,1.212,297.0276,88.9735,0.2427,291.6635,10883.6602,1.5121,0.027902,0.8343,-0.9425,0.833,SHAKE1
-306.0508,-105.826,194.4727,0.9487,377.7379,80.7102,0.2633,271.08,4798.1411,1.3839,0.073751,0.7901,-0.8673,0.7311,SHAKE1
-347.2407,-5.0358,257.9751,0.6557,432.6114,54.8735,0.293,299.8099,9127.2559,1.1803,0.121529,0.7035,-0.7226,0.6083,SHAKE1
-380.1925,98.3682,308.7769,0.2921,499.5657,66.9543,0.3635,362.9993,10414.7432,0.9126,0.167152,0.5723,-0.5134,0.4659,SHAKE1
-406.554,181.0915,349.4184,0.3393,565.8387,66.2731,0.0472,434.5562,8721.5107,0.6896,0.124364,0.4032,-0.2639,0.2951,SHAKE1
-427.6432,247.2701,381.9316,0.7671,624.4141,58.5754,0.4278,500.0335,7860.6118,0.6006,0.063073,0.2087,-0.0016,0.0805,SHAKE1
-444.5146,286.1786,407.9422,1.1731,667.7635,43.3494,0.4059,558.0387,7131.4385,0.6455,0.102364,0.0049,0.2577,-0.178,SHAKE1
-458.0117,204.6835,352.185,1.4286,612.9472,54.8163,0.2555,594.1058,3287.1836,0.8,0.201096,-0.1978,0.4753,-0.4615,SHAKE1
-325.8125,67.928,252.3199,1.5695,417.6521,195.2951,0.141,577.7231,7458.4048,1.0555,0.202653,-0.369,0.6228,-0.7416,SHAKE1
-158.2531,-48.0576,121.5871,1.5819,205.273,212.3791,0.0124,505.61,29973.6758,1.304,0.093723,-0.4898,0.6913,-0.9785,SHAKE1
-24.2056,-140.8461,1.3478,1.4626,142.9173,62.3558,0.1193,409.3106,44186.4258,1.4431,0.021753,-0.5549,0.6963,-1.1276,SHAKE1
83.0324,-215.0768,-101.3217,1.2512,251.8303,108.9131,0.2114,326.124,28866.834,1.4588,0.014288,-0.5722,0.6493,-1.1705,SHAKE1
168.8228,-274.4615,-183.4574,1.0221,370.7922,118.9619,0.2291,277.693,10466.8105,1.3775,0.045635,-0.5534,0.5771,-1.1201,SHAKE1
237.4551,-321.9692,-249.1659,0.7873,471.3096,100.5174,0.2348,288.4245,13931.4121,1.221,0.083435,-0.5143,0.4958,-0.9877,SHAKE1
292.361,-359.9754,-301.7328,0.5747,553.2629,81.9533,0.2126,358.0225,21732.582,1.0196,0.100358,-0.4652,0.4153,-0.7999,SHAKE1
336.2856,-390.3803,-343.7862,0.3936,619.4141,66.1511,0.1811,453.3218,17061.6758,0.8058,0.093769,-0.4139,0.3357,-0.5887,SHAKE1
371.4254,-414.7043,-377.429,0.2675,672.5988,53.1847,0.1261,537.4755,11476.543,0.609,0.073327,-0.3601,0.2572,-0.3795,SHAKE1
399.5372,-434.1634,-404.3432,0.2431,715.277,42.6783,0.0244,606.3724,7495.7617,0.4532,0.041711,-0.3018,0.1783,-0.1839,SHAKE1
422.0267,-369.5557,-425.8746,0.3198,704.3061,10.9709,0.0767,652.9718,3594.0696,0.3597,0.014208,-0.2366,0.0968,-0.0082,SHAKE1
440.0182,-213.529,-443.0997,0.4368,659.9606,44.3455,0.117,674.3113,1160.0924,0.3322,0.005396,-0.1619,0.0108,0.1449,SHAKE1
454.4115,-68.4263,-456.8797,0.5785,648.0054,11.9551,0.1417,680.0296,663.0521,0.3691,0.015408,-0.0766,-0.0812,0.2759,SHAKE1
465.9261,47.6558,-467.9038,0.7222,662.0364,14.0309,0.1437,677.9171,712.2972,0.4601,0.030003,0.0129,-0.1746,0.39,SHAKE1
475.1377,140.5215,-476.723,0.8839,687.5806,25.5442,0.1617,672.3778,421.137,0.5882,0.040096,0.1017,-0.2647,0.5009,SHAKE1
482.5071,214.8141,-456.944,1.078,698.3953,10.8148,0.1941,671.1956,351.2386,0.7399,0.050667,0.1845,-0.3474,0.6222,SHAKE1
488.4026,274.2482,-374.6052,1.2154,673.8532,24.5421,0.1374,673.9742,319.6855,0.8956,0.053271,0.2515,-0.42,0.749,SHAKE1
288.3221,318.0329,-234.2029,1.2634,489.0047,184.8485,0.0479,642.174,6016.3047,1.0326,0.041441,0.2964,-0.4764,0.8662,SHAKE1
128.2576,273.3357,-84.9655,1.2449,313.6584,175.3463,0.0185,572.4984,22667.2207,1.1371,0.020257,0.3219,-0.5129,0.962,SHAKE1
0.2061,237.3654,34.4245,1.1907,239.8488,73.8096,0.0542,482.9521,34131.0469,1.1985,0.004244,0.3308,-0.5239,1.0255,SHAKE1
-102.2351,269.6705,129.9365,1.0924,316.319,76.4702,0.0983,406.5368,24561.9121,1.2014,0.003586,0.3243,-0.4959,1.0432,SHAKE1
-184.1881,318.1333,206.3461,0.9485,421.5599,105.2409,0.1438,356.0781,7769.3618,1.148,0.013481,0.306,-0.4166,1.0169,SHAKE1
-249.7505,356.9035,267.4737,0.767,511.1728,89.6129,0.1815,360.5118,9026.6816,1.0487,0.029986,0.2724,-0.2826,0.9487,SHAKE1
-302.2004,387.9197,316.3759,0.6124,584.7225,73.5497,0.1547,414.7246,15702.6973,0.9222,0.044362,0.2212,-0.1036,0.8349,SHAKE1
-344.1603,412.7326,355.4976,0.5527,644.3392,59.6167,0.0597,495.6227,13586.4639,0.7946,0.04097,0.1524,0.1021,0.6504,SHAKE1
-377.7283,432.583,386.7949,0.7535,692.3995,48.0602,0.2009,570.8387,9243.2598,0.7268,0.018982,0.0619,0.3022,0.3837,SHAKE1
-404.5826,448.4633,404.5484,1.0655,726.9565,34.5571,0.312,631.9181,5930.2876,0.7502,0.031546,-0.0457,0.4735,0.0563,SHAKE1
-426.0661,458.455,335.2481,1.3074,710.0032,16.9533,0.2419,671.6842,2652.5161,0.8583,0.081896,-0.162,0.5918,-0.2966,SHAKE1
-276.8748,306.2078,220.1704,1.4624,467.8652,242.1381,0.155,648.3127,8902.2637,1.0283,0.113881,-0.2729,0.6452,-0.6438,SHAKE1
-119.1029,142.5662,79.0738,1.5598,201.8992,265.9659,0.0975,559.8247,40925.9805,1.2297,0.08457,-0.3646,0.6422,-0.9442,SHAKE1
7.1145,11.653,-39.1409,1.5498,41.4538,160.4454,0.01,429.6356,74203.2344,1.389,0.034345,-0.4228,0.6019,-1.1586,SHAKE1
108.0885,-93.0776,-133.7128,1.3732,195.5139,154.06,0.1766,323.3471,56188.6328,1.4505,0.009682,-0.4406,0.5363,-1.2644,SHAKE1
188.8677,-176.8621,-209.3702,1.0715,332.847,137.3331,0.3017,247.9158,20616.2109,1.4033,0.032096,-0.4159,0.462,-1.2552,SHAKE1
253.491,-243.8897,-269.8962,0.758,443.3777,110.5308,0.3135,243.0183,18557.7539,1.2625,0.094843,-0.3595,0.3902,-1.1449,SHAKE1
305.1897,-297.5117,-318.317,0.4544,531.9584,88.5806,0.3036,309.0302,30559.3066,1.0414,0.158859,-0.2849,0.3209,-0.9482,SHAKE1
346.5486,-340.4094,-357.0536,0.1502,602.8779,70.9195,0.3042,421.3149,20901.3086,0.7615,0.187642,-0.1988,0.2504,-0.6879,SHAKE1
379.6358,-348.2213,-388.0428,0.2243,644.9485,42.0707,0.0741,511.2019,12626.8164,0.5317,0.117707,-0.105,0.179,-0.3954,SHAKE1
406.1055,-176.1801,-412.8343,0.5703,605.3043,39.6443,0.346,565.6934,5066.4507,0.4314,0.049688,0.0068,0.0978,-0.1009,SHAKE1
427.2813,-38.5472,-432.6674,0.8892,609.308,4.0038,0.3189,598.8794,1353.3625,0.4577,0.069584,0.1357,0.0018,0.1835,SHAKE1
444.2219,71.5591,-448.5339,1.1398,635.324,26.0159,0.2506,619.5526,295.9406,0.5948,0.143854,0.2727,-0.1115,0.4456,SHAKE1
252.9775,6.3629,-400.8771,1.3319,474.0681,161.2558,0.192,593.7906,3809.7957,0.8311,0.157133,0.4066,-0.2414,0.6726,SHAKE1
99.982,-39.0003,-237.6423,1.4335,260.7514,213.3167,0.1016,516.9512,19565.0879,1.0729,0.097579,0.5244,-0.3828,0.8454,SHAKE1
-22.4144,45.0373,-87.717,1.4208,101.1189,159.6325,0.0127,416.1141,42419.0156,1.243,0.042314,0.6054,-0.5133,0.9492,SHAKE1
-120.3315,138.4267,32.2233,1.3257,186.2256,85.1067,0.095,331.4976,38364.0313,1.3303,0.011025,0.647,-0.6119,0.9825,SHAKE1
-198.6652,213.1382,128.1755,1.1851,318.3155,132.0899,0.1406,268.0959,15916.917,1.3394,0.007903,0.6566,-0.6668,0.9538,SHAKE1
-261.3322,272.9075,204.9373,0.9952,429.8515,111.536,0.1899,259.2526,12586.7715,1.272,0.027055,0.6406,-0.6672,0.8691,SHAKE1
-311.4658,320.7228,266.3467,0.7808,520.3985,90.547,0.2143,311.182,23529.0996,1.1415,0.053062,0.6044,-0.6135,0.7439,SHAKE1
-351.5726,358.9752,315.4742,0.5704,593.2878,72.8893,0.2104,409.6158,20931.332,0.9714,0.073776,0.5542,-0.5132,0.6012,SHAKE1
-383.6581,389.577,354.7762,0.3916,651.7898,58.502,0.1788,502.7286,14010.3457,0.7846,0.081016,0.4933,-0.3689,0.4566,SHAKE1
-409.3265,414.0585,386.2179,0.3737,698.6822,46.8924,0.0179,578.8019,9101.1094,0.6224,0.056372,0.4172,-0.1783,0.301,SHAKE1
-429.8612,433.6437,373.7962,0.6116,715.9267,17.2445,0.2379,636.017,5150.9365,0.5456,0.022713,0.3257,0.0341,0.117,SHAKE1
-446.2889,449.3118,320.8932,0.9367,709.9489,5.9778,0.3251,673.9271,2133.4194,0.5768,0.041258,0.2313,0.2373,-0.1123,SHAKE1
-459.4312,461.8463,278.8739,1.1573,708.6252,1.3237,0.2206,696.9946,541.566,0.6942,0.094862,0.1443,0.4003,-0.3716,SHAKE1
-469.9449,267.0771,242.646,1.2876,592.4994,116.1258,0.1303,685.1365,2176.1057,0.8734,0.114867,0.0665,0.4894,-0.6489,SHAKE1
-365.8091,111.2617,234.8168,1.3891,448.703,143.7964,0.1015,635.1407,10819.9824,1.0764,0.07689,0.0053,0.4923,-0.917,SHAKE1
-190.2504,-13.3907,231.0285,1.472,299.5808,149.1222,0.0829,551.8715,25101.0254,1.2485,0.035355,-0.0407,0.4332,-1.1434,SHAKE1
-49.8034,-113.1125,196.779,1.3915,232.3721,67.2087,0.0805,456.3561,31396.1133,1.3395,0.01172,-0.0812,0.3482,-1.2753,SHAKE1
62.5541,-192.89,130.6263,1.193,241.2112,8.839,0.1984,362.8733,19186.6074,1.3466,0.009318,-0.1224,0.2692,-1.3075,SHAKE1
152.4402,-256.712,20.9104,0.9812,299.2931,58.0819,0.2119,304.2321,6010.6704,1.2853,0.031578,-0.1622,0.2237,-1.2513,SHAKE1
224.349,-307.7696,-85.6716,0.7723,390.3771,91.084,0.2088,292.5669,3184.417,1.162,0.066846,-0.1972,0.2112,-1.1189,SHAKE1
281.8761,-348.6157,-170.9373,0.5671,479.7985,89.4214,0.2053,328.6104,8886.5781,0.981,0.085664,-0.2176,0.2178,-0.9208,SHAKE1
327.8978,-381.2925,-239.1499,0.3495,556.8605,77.062,0.2176,393.5081,13242.1309,0.7726,0.088306,-0.2171,0.2257,-0.6885,SHAKE1
355.8838,-407.434,-293.7199,0.2006,615.5706,58.7101,0.1489,468.3799,12859.8213,0.5741,0.078998,-0.1913,0.2212,-0.4437,SHAKE1
387.1039,-428.3472,-337.3759,0.3349,668.6953,53.1246,0.1343,542.2604,9708.6709,0.4449,0.040604,-0.1397,0.2002,-0.1959,SHAKE1
412.08,-240.8653,-372.3008,0.5301,605.3378,63.3574,0.1951,585.2525,4042.3911,0.3964,0.018262,-0.0642,0.1587,0.0447,SHAKE1
432.0609,-90.2954,-400.2406,0.756,595.8376,9.5002,0.2259,608.4603,1302.0862,0.4342,0.036864,0.0323,0.0916,0.2776,SHAKE1
448.0456,30.1606,-422.5925,0.988,616.6352,20.7976,0.232,620.4153,640.0216,0.5619,0.08046,0.1438,-0.0048,0.4932,SHAKE1
460.8334,123.6597,-440.474,1.1966,649.3662,32.731,0.2086,627.1744,757.2728,0.7611,0.095236,0.2556,-0.1229,0.6829,SHAKE1
376.1073,61.9215,-413.8885,1.3799,562.6675,86.6987,0.1833,605.9689,795.0302,0.9701,0.091808,0.3593,-0.2616,0.8467,SHAKE1
198.4859,73.8091,-279.4202,1.5101,350.5996,212.0679,0.1302,555.0212,11241.9785,1.1661,0.072983,0.4467,-0.4083,0.9866,SHAKE1
56.3887,161.4442,-121.1393,1.5166,209.5677,141.0319,0.0065,477.7672,28808.2305,1.3182,0.04076,0.5072,-0.5343,1.088,SHAKE1
-57.289,231.5522,5.4854,1.4079,238.597,29.0293,0.1087,402.1596,30675.332,1.4022,0.013505,0.5345,-0.6126,1.1405,SHAKE1
-148.2312,287.6386,106.7852,1.1969,340.7515,102.1544,0.211,340.4367,15397.583,1.4023,0.013482,0.532,-0.63,1.1337,SHAKE1
-220.985,332.5078,187.8251,0.9117,441.2188,100.4673,0.2852,316.1469,6961.6904,1.3086,0.052753,0.5053,-0.5765,1.0585,SHAKE1
-279.188,368.4031,252.6569,0.5877,526.7849,85.5661,0.324,351.384,14356.3145,1.1241,0.114553,0.46,-0.4508,0.9106,SHAKE1
-325.7504,397.1194,304.5224,0.347,597.119,70.334,0.2407,428.8942,16403.2422,0.8902,0.149834,0.3981,-0.2718,0.6996,SHAKE1
-363.0003,420.0924,346.0148,0.4911,654.1965,57.0776,0.1441,512.0142,12403.9443,0.7069,0.09447,0.3143,-0.0581,0.4269,SHAKE1
-392.8002,408.1614,379.2087,0.8968,681.6796,27.483,0.4057,580.1998,7645.7568,0.6468,0.050055,0.1844,0.1638,0.1033,SHAKE1
-416.6402,357.5916,405.7639,1.2964,682.719,1.0394,0.3997,628.4998,3551.7612,0.7238,0.114501,0.0006,0.3708,-0.2366,SHAKE1
-417.9372,247.4296,412.2486,1.5738,637.0571,45.6619,0.2774,650.5542,1010.825,0.921,0.216409,-0.225,0.5272,-0.5637,SHAKE1
-231.9529,95.5437,324.6864,1.7297,410.3072,226.7499,0.1558,613.1919,10587.542,1.1976,0.204803,-0.4595,0.6198,-0.8587,SHAKE1
-83.1654,-25.9651,202.5804,1.7235,220.521,189.7862,0.0061,526.4567,33566.3789,1.444,0.099563,-0.6648,0.6463,-1.0825,SHAKE1
35.8645,-123.1721,68.8549,1.5139,145.5975,74.9235,0.2096,419.2403,46262.9531,1.5675,0.025404,-0.7953,0.6233,-1.1874,SHAKE1
131.0885,-200.9377,-47.316,1.2526,244.5382,98.9408,0.2613,331.6042,30802.8242,1.5587,0.030459,-0.8362,0.5673,-1.1835,SHAKE1
207.2677,-263.1501,-140.2528,0.9985,363.1511,118.6129,0.2541,276.823,9340.5879,1.4437,0.079943,-0.8001,0.507,-1.0868,SHAKE1
268.211,-312.9201,-214.6023,0.7632,464.6614,101.5103,0.2353,287.6938,12715.4629,1.2504,0.118829,-0.7141,0.4555,-0.9123,SHAKE1
316.9657,-352.7361,-274.0818,0.5579,547.7325,83.071,0.2053,353.1361,21054.3477,1.0172,0.115605,-0.6062,0.4136,-0.6866,SHAKE1
355.9694,-384.5889,-321.6655,0.3912,614.8915,67.159,0.1667,446.9949,17333.582,0.7927,0.094218,-0.4945,0.3706,-0.4602,SHAKE1
387.1724,-410.0711,-359.7324,0.2887,668.9306,54.0391,0.1025,531.8734,11782.5693,0.5999,0.065536,-0.3883,0.3175,-0.2515,SHAKE1
412.1348,-390.7631,-390.1859,0.2828,689.0544,20.1238,0.006,597.0541,6781.7788,0.4568,0.033386,-0.2895,0.2514,-0.0659,SHAKE1
432.1047,-295.2824,-414.5487,0.3486,667.6502,21.4042,0.0658,637.6519,2624.802,0.3738,0.010071,-0.1995,0.1706,0.0928,SHAKE1
448.0807,-182.5165,-434.039,0.4737,649.9834,17.6668,0.1251,658.1021,619.9075,0.357,0.005006,-0.1151,0.072,0.2263,SHAKE1
460.8615,-97.6726,-449.6312,0.6387,651.2307,1.2473,0.1651,665.3699,203.0988,0.4065,0.018197,-0.0317,-0.0414,0.3425,SHAKE1
471.0861,-108.6881,-462.1049,0.8371,668.787,17.5563,0.1983,665.3412,202.8977,0.5162,0.040474,0.0528,-0.1688,0.4504,SHAKE1
454.2282,-189.3505,-472.0839,1.0571,681.9385,13.1514,0.22,663.918,143.503,0.671,0.064109,0.1409,-0.3088,0.559,SHAKE1
324.4982,-223.1429,-460.1328,1.2597,605.6517,76.2867,0.2027,651.5183,665.9554,0.8533,0.07942,0.2303,-0.4571,0.6726,SHAKE1
157.1986,-168.6862,-328.6937,1.363,401.5047,204.1471,0.1033,601.8226,10697.1777,1.0311,0.070933,0.3083,-0.5978,0.7773,SHAKE1
23.3589,-57.9177,-160.5581,1.3733,172.276,229.2287,0.0103,506.0316,37935.0859,1.178,0.041978,0.3632,-0.7155,0.8608,SHAKE1
-83.7129,56.0627,-26.0496,1.3155,104.0647,68.2113,0.0578,393.0871,52196.2461,1.2737,0.013353,0.3895,-0.7963,0.9136,SHAKE1
-169.3703,147.247,81.5572,1.1842,238.7877,134.723,0.1312,304.457,32415.5781,1.2991,0.00492,0.3837,-0.8236,0.9277,SHAKE1
-237.8963,220.1945,167.6426,1.003,364.9442,126.1565,0.1813,256.3155,12686.0566,1.2478,0.019514,0.3444,-0.791,0.8997,SHAKE1
-292.717,278.5525,236.511,0.7801,468.201,103.2568,0.2228,269.6547,17271.2383,1.1312,0.047013,0.2806,-0.7013,0.8369,SHAKE1
-336.5736,325.2389,291.6057,0.5366,551.449,83.248,0.2435,345.4893,25505.4277,0.9639,0.078004,0.194,-0.5573,0.7456,SHAKE1
-371.6589,362.588,335.6814,0.3451,618.2899,66.8409,0.1915,448.3344,18155.1758,0.7698,0.092198,0.0862,-0.3659,0.6168,SHAKE1
-399.7271,392.4673,314.7108,0.4146,642.5381,24.2482,0.0695,529.0844,10395.6611,0.6159,0.05939,-0.0298,-0.154,0.4369,SHAKE1
-422.1817,416.3707,349.9092,0.7268,688.5045,45.9664,0.3122,593.7965,5902.563,0.5606,0.02883,-0.146,0.0595,0.1982,SHAKE1
-440.1454,435.4935,294.0618,1.0739,685.4595,3.045,0.3471,637.2482,2540.0903,0.6194,0.06843,-0.2582,0.2551,-0.0912,SHAKE1
-416.8569,448.7479,156.9557,1.3128,632.2812,53.1783,0.2389,653.4147,811.3694,0.7746,0.139124,-0.3546,0.405,-0.4057,SHAKE1
-231.0887,256.5983,23.1645,1.4746,346.0943,286.1869,0.1618,598.9755,16490.1602,1.0005,0.149175,-0.4275,0.4949,-0.7138,SHAKE1
-82.4741,102.8787,-83.8684,1.5728,156.2687,189.8256,0.0982,501.7216,45850.1719,1.2322,0.092348,-0.4756,0.5351,-0.9852,SHAKE1
36.4176,-20.0971,-169.4947,1.5013,174.5239,18.2552,0.0715,398.9255,49717.2383,1.3871,0.031755,-0.4982,0.5308,-1.1715,SHAKE1
131.531,-118.4777,-237.9958,1.3114,296.6131,122.0892,0.1899,321.1562,29342.3945,1.4346,0.011029,-0.4909,0.495,-1.2498,SHAKE1
207.6216,-197.1821,-292.7966,0.9862,409.5331,112.92,0.3252,276.6066,9560.0723,1.3693,0.044002,-0.4516,0.4386,-1.2148,SHAKE1
268.4942,-260.1457,-336.6373,0.6025,503.0801,93.547,0.3838,308.0038,17866.6328,1.1948,0.128957,-0.3786,0.3669,-1.0721,SHAKE1
317.1922,-310.5166,-371.7098,0.2376,578.9643,75.8842,0.3649,392.5429,20798.9805,0.9278,0.212342,-0.288,0.2814,-0.8358,SHAKE1
356.1507,-252.5539,-399.7679,0.0682,591.9807,13.0164,0.1694,476.0343,12276.7979,0.6412,0.212204,-0.1884,0.1972,-0.5534,SHAKE1
387.3174,-103.915,-422.2143,0.2857,582.304,9.6766,0.2175,533.1725,4832.2871,0.436,0.105545,-0.0888,0.1104,-0.2633,SHAKE1
412.2508,19.2649,-440.1714,0.4755,603.3845,21.0804,0.1899,571.9427,1257.764,0.3339,0.034882,0.0061,0.0247,-0.0005,SHAKE1
432.1975,117.8088,-454.5372,0.645,638.1831,34.7986,0.1694,598.9633,456.7978,0.3424,0.039737,0.0909,-0.0549,0.2198,SHAKE1
377.0111,196.6439,-466.0297,0.796,630.8644,7.3187,0.151,609.3434,472.5972,0.4541,0.066215,0.1726,-0.1305,0.3933,SHAKE1
303.6214,259.712,-475.2238,0.9315,620.8655,9.999,0.1355,615.1203,405.4833,0.6267,0.052201,0.259,-0.2199,0.5206,SHAKE1
216.3128,269.2477,-482.579,1.0379,593.4375,27.428,0.1064,617.347,279.1722,0.7772,0.04012,0.3509,-0.3215,0.6052,SHAKE1
83.119,199.3044,-384.2351,1.1046,440.758,152.6795,0.0667,584.8217,5419.0205,0.903,0.027542,0.437,-0.4257,0.6531,SHAKE1
-35.9048,112.0217,-204.9912,1.1364,236.3459,204.4121,0.0318,504.4543,22677.6797,1.0013,0.015465,0.5109,-0.526,0.6685,SHAKE1
-131.1239,72.733,-61.5961,1.1428,162.1038,74.2422,0.0063,410.7021,34133.0859,1.0706,0.006226,0.5667,-0.6145,0.6593,SHAKE1
-207.2991,86.9364,53.12,1.122,230.9818,68.878,0.0208,332.7254,25678.8711,1.1087,0.001427,0.5996,-0.675,0.639,SHAKE1
-268.2393,134.3897,144.8929,1.0546,333.1769,102.1951,0.0673,280.6733,9375.3281,1.1121,0.000997,0.6089,-0.6969,0.6155,SHAKE1
-316.9914,166.4149,218.3112,0.9265,419.3295,86.1526,0.1282,276.3876,8076.647,1.0765,0.006608,0.5987,-0.6736,0.5875,SHAKE1
-355.9931,154.9976,277.0458,0.7523,476.9798,57.6503,0.1742,324.5143,13487.2441,0.9996,0.021005,0.5714,-0.602,0.552,SHAKE1
-387.1945,105.4668,324.0335,0.5369,515.7912,38.8114,0.2154,395.2519,10525.377,0.8785,0.045052,0.5201,-0.476,0.5062,SHAKE1
-412.1556,157.7984,361.6237,0.3758,570.5649,54.7737,0.1611,463.1685,6662.7109,0.7292,0.061453,0.4366,-0.2954,0.4401,SHAKE1
-432.1245,228.6356,391.6959,0.4472,626.4435,55.8786,0.0715,521.8218,5174.6841,0.6077,0.041413,0.3062,-0.0756,0.331,SHAKE1
-319.5558,285.3054,348.5567,0.8451,552.2743,74.1692,0.3979,548.4108,2552.2502,0.5915,0.032099,0.1263,0.1581,0.1402,SHAKE1
-304.6259,330.6412,304.0329,1.169,542.7307,9.5436,0.3239,561.5609,1365.3011,0.6748,0.086685,-0.0812,0.362,-0.108,SHAKE1
-322.7195,283.0379,268.5107,1.4103,506.3164,36.4142,0.2413,559.666,1553.1273,0.8495,0.160551,-0.2955,0.5093,-0.3933,SHAKE1
-208.1725,124.0303,139.6867,1.5524,279.6993,226.6172,0.1422,501.4928,13821.5254,1.0848,0.159124,-0.4878,0.5817,-0.6942,SHAKE1
-64.1411,-3.1757,9.3493,1.5988,64.8967,214.8026,0.0464,389.1835,36208.8359,1.3151,0.077625,-0.6217,0.5811,-0.9707,SHAKE1
51.084,-104.9406,-94.9205,1.4296,150.4394,85.5427,0.1692,308.8165,35830.0078,1.432,0.022399,-0.6829,0.5249,-1.1288,SHAKE1
143.2641,-186.3525,-178.3364,1.2009,295.0521,144.6127,0.2288,259.2808,22470.9492,1.4384,0.019203,-0.6866,0.4471,-1.1754,SHAKE1
217.0081,-251.482,-245.0692,0.9638,412.7888,117.7368,0.2371,240.5752,14628.6719,1.3491,0.056126,-0.6453,0.3616,-1.1256,SHAKE1
276.0034,-303.5856,-298.4553,0.7439,507.3634,94.5746,0.2199,286.1081,26484.4805,1.1874,0.094967,-0.5798,0.2782,-0.9957,SHAKE1
323.1996,-345.2685,-341.1643,0.5551,583.1478,75.7843,0.1888,389.7583,23600.7363,0.9787,0.097498,-0.5114,0.2005,-0.8039,SHAKE1
360.9565,-378.6148,-375.3314,0.4016,643.8265,60.6787,0.1535,488.4357,15318.9219,0.7731,0.081148,-0.4462,0.1257,-0.6056,SHAKE1
391.1621,-405.2918,-402.6651,0.2733,692.3933,48.5668,0.1283,567.9039,9844.0137,0.5875,0.060074,-0.3825,0.0549,-0.4123,SHAKE1
415.3266,-426.6335,-424.5321,0.2572,731.259,38.8657,0.0161,631.598,6311.916,0.4462,0.033618,-0.3158,-0.0093,-0.2222,SHAKE1
434.6581,-265.2224,-442.0257,0.421,674.2828,56.9762,0.1638,664.9818,2474.9858,0.3816,0.011854,-0.2391,-0.0651,-0.0268,SHAKE1
450.1234,-109.7811,-456.0206,0.6118,650.0906,24.1923,0.1908,678.3704,1000.7177,0.393,0.016304,-0.1436,-0.1139,0.1667,SHAKE1
462.4956,14.572,-467.2165,0.7801,657.5757,7.4851,0.1683,681.1202,840.9834,0.4687,0.040529,-0.0327,-0.1606,0.3529,SHAKE1
472.3934,114.0545,-476.1732,0.9052,680.3711,22.7954,0.1251,678.7159,809.8981,0.5951,0.055028,0.0802,-0.206,0.522,SHAKE1
322.5428,82.9436,-386.3979,0.9872,510.1146,170.2565,0.082,634.4869,3986.8237,0.741,0.041632,0.1826,-0.2514,0.663,SHAKE1
155.6343,-36.0451,-206.7215,1.0456,261.2567,248.8579,0.0585,551.8817,24706.625,0.866,0.024093,0.2658,-0.3002,0.7646,SHAKE1
22.1074,-86.5267,-62.9803,1.0664,109.2801,151.9766,0.0208,443.7196,50257.8359,0.9569,0.010944,0.3213,-0.3481,0.8304,SHAKE1
-84.7141,33.1755,52.0126,1.0445,104.797,4.4831,0.0219,333.1639,51862.0898,1.0098,0.003431,0.3499,-0.3834,0.8657,SHAKE1
-170.1713,128.9373,144.007,0.9479,257.5288,152.7319,0.0966,248.5954,21743.832,1.0183,0.001936,0.3589,-0.4,0.8646,SHAKE1
-238.537,205.5467,217.6025,0.8,382.7534,125.2246,0.1479,223.1232,11016.2158,0.9809,0.009875,0.3561,-0.3954,0.8235,SHAKE1
-293.2296,266.8342,276.4789,0.6313,483.3474,100.5939,0.1687,267.5413,22295.7344,0.898,0.026613,0.3434,-0.3665,0.7431,SHAKE1
-336.9837,315.8643,323.58,0.4392,563.9435,80.5961,0.1921,358.474,26588.5059,0.7726,0.04731,0.3195,-0.3108,0.6282,SHAKE1
-371.987,355.0883,361.2609,0.216,628.4675,64.524,0.2231,463.2081,17328.1621,0.6069,0.067007,0.2781,-0.226,0.4813,SHAKE1
-399.9896,386.4675,391.4056,0.228,680.1082,51.6406,0.012,547.724,11133.5596,0.4629,0.05173,0.2125,-0.1148,0.2929,SHAKE1
-422.3917,256.0803,415.4713,0.5496,645.452,34.6561,0.3216,600.2637,4840.2334,0.4128,0.028002,0.1192,0.012,0.0756,SHAKE1
-440.3133,123.558,434.774,0.9151,631.0078,14.4443,0.3655,629.7958,1423.2423,0.4696,0.065687,-0.01,0.1626,-0.1602,SHAKE1
-439.4069,119.8558,359.7754,1.2027,580.4155,50.5922,0.2877,633.0902,1032.7659,0.6223,0.149687,-0.172,0.3154,-0.4001,SHAKE1
-255.6818,104.8127,213.5891,1.4256,349.2552,231.1603,0.2228,577.2477,14022.5732,0.8642,0.187211,-0.3484,0.4427,-0.6397,SHAKE1
-102.1486,-18.5498,68.4713,1.5032,124.3653,224.8898,0.0776,466.0992,40573.0078,1.1192,0.122882,-0.5088,0.5311,-0.8358,SHAKE1
20.678,-117.2398,-47.623,1.4369,128.2213,3.856,0.0663,362.653,46270.6992,1.2967,0.046675,-0.6334,0.5798,-0.9665,SHAKE1
118.9393,-196.1919,-140.4984,1.2753,269.0309,140.8095,0.1616,290.2577,28379.7773,1.3687,0.012449,-0.7055,0.5731,-1.0203,SHAKE1
197.5483,-259.3535,-214.7987,1.0562,390.4204,121.3895,0.2191,252.2586,12104.0508,1.3394,0.025614,-0.7205,0.5241,-0.998,SHAKE1
260.4355,-309.8828,-274.239,0.8344,488.9387,98.5183,0.2218,280.1953,20645.4141,1.2212,0.061163,-0.6872,0.4498,-0.9003,SHAKE1
310.7453,-350.3062,-321.7912,0.6369,568.1784,79.2397,0.1975,368.9579,24496.8691,1.0479,0.083511,-0.629,0.3614,-0.7488,SHAKE1
350.9931,-382.645,-359.8329,0.479,631.7382,63.5598,0.1579,469.6613,16575.5684,0.8564,0.081292,-0.5616,0.2686,-0.5729,SHAKE1
383.1914,-408.516,-390.2664,0.3649,682.663,50.9249,0.1141,552.3878,10755.3379,0.6743,0.061348,-0.492,0.1791,-0.3945,SHAKE1
408.95,-429.2128,-414.6131,0.2883,723.4416,40.7786,0.0766,618.992,6924.4131,0.5207,0.038385,-0.4193,0.0967,-0.2264,SHAKE1
429.5569,-430.0577,-434.0905,0.2971,746.9293,23.4877,0.0088,670.5901,4152.8662,0.4132,0.017161,-0.3376,0.0246,-0.0662,SHAKE1
446.0424,-261.2368,-449.6724,0.4058,685.1304,61.7988,0.1087,693.9805,1550.4089,0.367,0.005028,-0.2412,-0.0387,0.0846,SHAKE1
459.2308,-106.5926,-462.1379,0.5723,660.1714,24.959,0.1665,699.6671,971.8596,0.3857,0.010602,-0.1279,-0.097,0.2294,SHAKE1
469.7815,17.1228,-472.1103,0.7449,666.2402,6.0688,0.1726,696.3826,1126.715,0.4617,0.030553,0.0044,-0.156,0.3661,SHAKE1
478.2221,116.0951,-480.0883,0.9203,687.5021,21.2619,0.1754,689.1947,944.3838,0.5881,0.050634,0.1478,-0.2179,0.4945,SHAKE1
481.9839,39.0386,-486.4706,1.1271,685.92,1.5822,0.2068,676.9928,130.9875,0.7541,0.064247,0.2937,-0.2903,0.6169,SHAKE1
283.1872,-41.9379,-397.639,1.3489,489.9699,195.9501,0.2218,637.9608,5589.7539,0.9427,0.075165,0.4348,-0.3759,0.7408,SHAKE1
124.1497,-10.4097,-215.7143,1.4759,249.1068,240.8632,0.127,555.7478,28973.6094,1.1234,0.071921,0.5618,-0.4664,0.8511,SHAKE1
-3.0802,90.9004,-70.1746,1.4683,114.8775,134.2293,0.0076,445.4753,53245.1875,1.2681,0.046125,0.6621,-0.5458,0.9322,SHAKE1
-104.8642,175.1172,46.2572,1.3683,209.2899,94.4124,0.1001,349.8328,43539.0078,1.3577,0.015912,0.7299,-0.5989,0.9743,SHAKE1
-186.2914,242.4906,139.4026,1.2136,336.0644,126.7745,0.1546,279.8617,16090.0488,1.375,0.00913,0.7603,-0.6091,0.9688,SHAKE1
-251.4331,270.2831,213.919,0.9789,426.6531,90.5887,0.2347,267.1983,11410.1396,1.301,0.0349,0.75,-0.5568,0.9014,SHAKE1
-303.5465,251.3421,273.5321,0.6794,479.722,53.0688,0.2995,313.3214,18250.6035,1.1417,0.080688,0.69,-0.4461,0.7822,SHAKE1
-345.2372,303.4706,321.2225,0.3962,560.7736,81.0517,0.2832,402.5006,14668.1953,0.9273,0.124531,0.5796,-0.2744,0.6259,SHAKE1
-378.5898,345.1733,359.3749,0.4501,625.7996,65.026,0.0539,485.8026,10235.3965,0.7436,0.097452,0.4239,-0.0613,0.4229,SHAKE1
-405.2718,378.5356,362.3312,0.8674,662.4336,36.634,0.4173,551.0764,7730.125,0.6744,0.051543,0.2263,0.1678,0.1521,SHAKE1
-426.6174,361.1472,276.09,1.2172,623.4224,39.0112,0.3498,590.4302,4131.9595,0.7221,0.089655,0.0047,0.3747,-0.1538,SHAKE1
-443.6939,186.5178,123.9157,1.4281,496.9993,126.4231,0.2109,593.8857,3414.6223,0.8718,0.166573,-0.2037,0.5339,-0.471,SHAKE1
-324.027,46.8142,-3.2674,1.5289,327.4077,169.5916,0.1007,547.2125,15219.0645,1.0984,0.156354,-0.3678,0.614,-0.7788,SHAKE1
-156.8248,-64.9486,-105.0139,1.4542,199.6003,127.8074,0.0747,461.9727,30884.8965,1.2992,0.057306,-0.4738,0.6173,-1.0177,SHAKE1
-23.0629,-154.3589,-186.4112,1.2847,243.1207,43.5205,0.1695,378.11,25394.2773,1.3826,0.013107,-0.515,0.5588,-1.141,SHAKE1
83.9465,-225.8871,-251.5289,1.0882,348.3372,105.2165,0.1965,323.093,10509.0615,1.3568,0.024307,-0.5045,0.4619,-1.1636,SHAKE1
169.5541,-283.1097,-303.6231,0.8907,448.4269,100.0897,0.1975,313.3786,7507.7314,1.2493,0.055184,-0.4628,0.3496,-1.1017,SHAKE1
238.0402,-328.8878,-345.2985,0.691,532.9741,84.5471,0.1997,354.4919,15422.5029,1.0818,0.073817,-0.4101,0.2383,-0.9668,SHAKE1
292.829,-365.5102,-378.6388,0.5137,602.2573,69.2833,0.1773,435.0233,16416.4609,0.8937,0.075236,-0.3558,0.1314,-0.7997,SHAKE1
336.6601,-394.8082,-405.3111,0.3783,658.4,56.1427,0.1354,518.0791,12132.3047,0.7124,0.064912,-0.3043,0.0303,-0.6247,SHAKE1
348.55,-418.2465,-426.6489,0.2915,691.6982,33.2982,0.0869,586.7513,7682.6914,0.553,0.046712,-0.2515,-0.0615,-0.4523,SHAKE1
344.1181,-436.9972,-443.7191,0.2771,711.5269,19.8286,0.0143,639.3713,4200.8892,0.4303,0.024072,-0.1916,-0.1411,-0.2842,SHAKE1
377.6914,-451.9978,-457.3753,0.3914,745.7512,34.2244,0.1142,681.9268,2389.187,0.3704,0.007192,-0.1169,-0.2143,-0.1238,SHAKE1
404.55,-338.1013,-468.3002,0.5593,705.1796,40.5716,0.1679,702.5112,804.1636,0.3795,0.010138,-0.024,-0.282,0.0266,SHAKE1
426.0369,-185.6467,-477.0402,0.7365,665.9876,39.192,0.1772,704.0287,679.4961,0.4511,0.030492,0.0866,-0.3447,0.1695,SHAKE1
443.2264,-78.3861,-484.0322,0.9029,660.9698,5.0178,0.1664,697.8831,982.1317,0.5734,0.051253,0.2067,-0.4006,0.3119,SHAKE1
456.978,-25.3651,-489.6257,1.0805,670.228,9.2582,0.1777,689.6233,1029.6371,0.7341,0.05931,0.3216,-0.4523,0.4625,SHAKE1
263.1824,30.6141,-348.2381,1.231,437.5751,232.6529,0.1505,627.988,9306.3223,0.902,0.056998,0.4164,-0.4955,0.617,SHAKE1
108.1459,126.8882,-176.1936,1.3014,242.5703,195.0048,0.0704,535.4662,29263.6875,1.0505,0.04337,0.4848,-0.523,0.7629,SHAKE1
-15.8833,203.9074,-38.558,1.2692,208.1279,34.4424,0.0322,443.8942,38901.1641,1.157,0.021871,0.5236,-0.5275,0.8814,SHAKE1
-115.1066,265.5228,71.5505,1.1528,298.113,89.9851,0.1165,371.3229,28460.6289,1.207,0.006459,0.5326,-0.5088,0.9535,SHAKE1
-194.4853,314.8151,159.6373,0.9916,403.0101,104.8971,0.1612,317.8793,7936.3711,1.1892,0.012224,0.518,-0.4608,0.9637,SHAKE1
-257.9883,354.249,230.1067,0.78,494.9741,91.964,0.2116,329.3591,11211.6816,1.099,0.037233,0.4825,-0.3755,0.908,SHAKE1
-308.7906,385.7961,286.4822,0.5469,571.1937,76.2196,0.2331,395.0838,17082.2852,0.9481,0.067235,0.4166,-0.258,0.7993,SHAKE1
-349.4325,411.0337,331.5826,0.3338,633.2447,62.051,0.213,480.1071,14206.9404,0.761,0.087072,0.3187,-0.107,0.6341,SHAKE1
-381.946,431.2239,340.6286,0.4894,669.2269,35.9822,0.1555,554.3299,9226.8086,0.6283,0.053528,0.1923,0.0615,0.4056,SHAKE1
-407.9568,447.376,336.6404,0.8647,692.7487,23.5219,0.3753,612.2776,5121.2876,0.6029,0.037666,0.046,0.2291,0.1175,SHAKE1
-428.7654,282.4539,304.6123,1.171,596.9998,95.749,0.3062,632.6827,1999.5769,0.6811,0.089812,-0.1146,0.3729,-0.2003,SHAKE1
-319.2655,123.9913,191.6805,1.3795,392.4865,204.5132,0.2086,596.9413,11504.791,0.8477,0.156019,-0.2688,0.4771,-0.5273,SHAKE1
-153.0155,-3.207,58.1632,1.502,163.7284,228.7582,0.1225,503.038,39958.0703,1.0813,0.134257,-0.3947,0.5245,-0.828,SHAKE1
-20.0155,-104.9656,-55.8695,1.4629,120.5811,43.1473,0.0391,393.3089,51648.5078,1.276,0.055388,-0.4823,0.5266,-1.0447,SHAKE1
86.3845,-186.3725,-147.0956,1.3145,252.6541,132.073,0.1484,305.29,29925.0879,1.366,0.013755,-0.5317,0.4922,-1.1522,SHAKE1
171.5044,-251.498,-220.0765,1.0935,375.631,122.9769,0.2211,261.0162,11935.5742,1.3505,0.020763,-0.539,0.435,-1.1573,SHAKE1
239.6004,-303.5984,-278.4612,0.8399,476.5721,100.9411,0.2536,277.8333,17488.7383,1.2426,0.06109,-0.5092,0.368,-1.071,SHAKE1
294.0772,-345.2787,-325.1689,0.5931,558.0624,81.4903,0.2468,356.7001,24370.4414,1.0608,0.098949,-0.4608,0.2988,-0.9051,SHAKE1
337.6586,-378.623,-362.5352,0.3681,623.5386,65.4763,0.225,457.2917,17341.9062,0.8418,0.11462,-0.4025,0.2253,-0.6971,SHAKE1
372.5238,-405.2984,-392.4281,0.2182,676.0478,52.5092,0.1499,541.9704,11366.9619,0.6225,0.099623,-0.3392,0.1531,-0.4748,SHAKE1
400.4159,-410.1794,-416.3425,0.2039,708.4639,32.4161,0.0143,608.5369,6946.1108,0.4446,0.058671,-0.2736,0.0865,-0.2595,SHAKE1
422.7296,-337.7904,-435.474,0.303,694.5792,13.8847,0.0991,652.1384,3042.7358,0.3372,0.019904,-0.2024,0.0261,-0.0606,SHAKE1
440.5806,-196.1417,-450.7792,0.4705,660.1399,34.4393,0.1675,672.5538,868.6898,0.3127,0.009767,-0.1158,-0.0309,0.1207,SHAKE1
454.8613,-54.5165,-463.0234,0.6976,651.3536,8.7863,0.2271,678.1168,447.1341,0.3786,0.034437,-0.0106,-0.0892,0.2902,SHAKE1
466.2859,53.1212,-472.8187,0.9326,666.1846,14.831,0.235,676.1442,470.8623,0.5215,0.070245,0.1099,-0.1551,0.454,SHAKE1
355.7444,56.4438,-473.5581,1.1296,594.9767,71.2079,0.197,653.4468,1064.4114,0.7067,0.089735,0.2388,-0.232,0.6112,SHAKE1
182.1956,26.2113,-276.8652,1.2574,332.4705,262.5062,0.1279,581.025,16086.291,0.8975,0.081381,0.3603,-0.3186,0.7532,SHAKE1
43.3565,63.1878,-119.0953,1.2926,141.6198,190.8506,0.0351,477.321,42695.332,1.062,0.049088,0.4576,-0.4041,0.8663,SHAKE1
-67.7148,152.9471,7.1206,1.2429,167.4181,25.7983,0.0497,380.534,46478.082,1.171,0.017194,0.5215,-0.4703,0.9352,SHAKE1
-156.5719,224.7546,108.0934,1.1427,294.4716,127.0535,0.1002,306.1913,26113.3398,1.213,0.00422,0.5526,-0.5039,0.9542,SHAKE1
-227.6575,282.2005,188.8716,0.9965,408.8246,114.3529,0.1462,268.9609,10154.5596,1.1864,0.011497,0.5545,-0.4937,0.9245,SHAKE1
-284.526,328.1573,253.4942,0.8163,502.8932,94.0686,0.1802,303.0455,19130.9707,1.0982,0.030104,0.534,-0.4328,0.8525,SHAKE1
-330.0208,364.9227,305.1922,0.5936,578.9858,76.0927,0.2227,390.5187,21496.3789,0.9584,0.053924,0.4932,-0.3225,0.7426,SHAKE1
-366.4167,394.3351,346.5506,0.3791,640.202,61.2162,0.2145,485.0755,15068.9766,0.7856,0.075003,0.4129,-0.1612,0.5947,SHAKE1
-395.5333,417.865,379.6374,0.5142,689.3347,49.1327,0.135,564.048,9910.7119,0.6599,0.048439,0.2942,0.0354,0.3994,SHAKE1
-418.8267,436.6888,406.1068,0.8762,728.7219,39.3872,0.362,628.0275,6421.9697,0.6359,0.034564,0.1415,0.2447,0.1471,SHAKE1
-437.4613,451.748,380.8323,1.2388,735.1747,6.4528,0.3626,674.4839,3428.1628,0.7204,0.093625,-0.0419,0.4472,-0.1459,SHAKE1
-452.3691,425.0234,283.894,1.4509,682.5529,52.6219,0.2121,695.1973,1188.1656,0.8919,0.167742,-0.2226,0.6142,-0.4521,SHAKE1
-327.364,293.6093,131.4902,1.5775,458.9807,223.5721,0.1266,658.953,10429.2725,1.1315,0.151746,-0.3715,0.715,-0.7471,SHAKE1
-159.4943,132.4875,2.7922,1.5913,207.3624,251.6183,0.0138,562.5585,41739.582,1.347,0.071389,-0.4733,0.7468,-0.9952,SHAKE1
-25.1986,3.59,-100.1663,1.3972,103.3496,104.0128,0.1941,437.4841,62748.4766,1.4512,0.016719,-0.5175,0.7227,-1.1356,SHAKE1
82.238,-99.528,-182.533,1.1366,223.5782,120.2286,0.2607,335.1648,43706.4297,1.4307,0.027079,-0.5021,0.6524,-1.1649,SHAKE1
168.1873,-182.0224,-248.4264,0.8737,350.9057,127.3275,0.2629,268.8354,15220.6953,1.3153,0.075727,-0.4587,0.5553,-1.099,SHAKE1
236.9467,-248.0179,-301.1411,0.63,456.4456,105.5399,0.2437,268.3283,15028.9082,1.1257,0.119981,-0.3959,0.4458,-0.9542,SHAKE1
291.9543,-300.8143,-343.3129,0.4205,541.8397,85.3941,0.2094,335.2238,24772.2363,0.8916,0.121268,-0.33,0.3334,-0.7548,SHAKE1
335.9603,-343.0515,-377.0504,0.2599,610.5085,68.6688,0.1606,436.6556,18887.0371,0.6641,0.098205,-0.2755,0.2182,-0.5497,SHAKE1
371.1651,-376.8412,-404.0403,0.1808,665.5985,55.09,0.0791,525.0597,12474.3447,0.473,0.063748,-0.2276,0.1043,-0.3556,SHAKE1
399.329,-403.873,-425.6322,0.2688,709.7463,44.1478,0.088,596.8278,8079.5977,0.352,0.025338,-0.1735,-0.0063,-0.1755,SHAKE1
421.8601,-299.6546,-442.9058,0.4754,681.1199,28.6263,0.2066,641.7626,3540.0669,0.3211,0.011973,-0.098,-0.1155,-0.0051,SHAKE1
439.8849,-137.3268,-456.7246,0.7377,648.8103,32.3096,0.2623,663.1567,1095.3766,0.3845,0.040689,0.0079,-0.2268,0.1617,SHAKE1
454.3048,-26.0208,-467.7797,0.9789,652.6008,3.7905,0.2412,671.5751,492.4242,0.5283,0.087564,0.142,-0.3351,0.3256,SHAKE1
465.8408,18.9521,-476.6238,1.1854,666.7361,14.1353,0.2065,671.8027,489.9117,0.7292,0.109388,0.2889,-0.4357,0.489,SHAKE1
475.0695,117.5586,-371.7428,1.3493,614.576,52.16,0.164,652.7687,494.6512,0.9453,0.097189,0.43,-0.5232,0.6523,SHAKE1
306.2306,196.4437,-194.9974,1.4216,412.7848,201.7913,0.0723,599.1017,8972.1914,1.1346,0.062565,0.5456,-0.5856,0.8004,SHAKE1
142.5845,259.5518,-53.601,1.3715,300.9494,111.8354,0.0501,529.5294,21416.6582,1.2613,0.026219,0.6191,-0.6063,0.913,SHAKE1
11.6676,310.0384,59.5161,1.233,315.9147,14.9652,0.1385,462.1922,22979.2949,1.3122,0.007844,0.65,-0.5831,0.9754,SHAKE1
-93.0659,350.4276,150.0097,1.039,392.382,76.4673,0.194,407.3214,12575.542,1.2829,0.018696,0.6455,-0.5163,0.9758,SHAKE1
-176.8528,381.4295,222.4046,0.7843,475.6356,83.2536,0.2547,379.5333,4145.8311,1.1699,0.054758,0.6146,-0.4056,0.8981,SHAKE1
-243.8822,329.4155,280.3206,0.5155,496.5609,20.9253,0.2688,396.2885,6383.0537,0.9886,0.09489,0.5531,-0.2487,0.7478,SHAKE1
-297.5058,266.0262,326.6534,0.4321,515.7344,19.1735,0.0834,439.2455,5573.3066,0.8008,0.092229,0.4489,-0.0562,0.5251,SHAKE1
-340.4046,141.2147,363.7196,0.7746,517.7923,2.0579,0.3425,479.621,2134.9424,0.7091,0.0466,0.2811,0.151,0.2428,SHAKE1
-374.7237,10.5718,393.3726,1.1955,543.389,25.5967,0.421,509.8224,513.9583,0.7404,0.071178,0.0494,0.3565,-0.0675,SHAKE1
-387.929,-93.9426,409.7699,1.4243,572.0363,28.6473,0.2288,529.1025,682.5983,0.8684,0.147957,-0.2165,0.5373,-0.3539,SHAKE1
-382.9026,-164.7072,288.8316,1.5775,507.1159,64.9204,0.1532,531.2136,563.0331,1.0808,0.178498,-0.4887,0.6647,-0.6091,SHAKE1
-268.8877,-234.1658,128.6653,1.5833,379.0632,128.0526,0.0057,503.8793,4397.8965,1.311,0.091818,-0.7184,0.7252,-0.7987,SHAKE1
-112.7133,-289.7326,0.5322,1.4308,310.8851,68.1781,0.1525,462.4979,10096.1113,1.4423,0.019901,-0.8576,0.7232,-0.8967,SHAKE1
12.2263,-319.4174,-101.9742,1.1955,335.523,24.6378,0.2353,420.9247,10283.6328,1.4423,0.0199,-0.8971,0.6645,-0.907,SHAKE1
112.1779,-314.712,-183.9794,0.9503,381.4131,45.8901,0.2453,382.8,4575.438,1.3475,0.059259,-0.8639,0.5668,-0.8612,SHAKE1
192.1392,-298.6727,-249.5835,0.7287,434.0677,52.6546,0.2216,368.1904,1796.7867,1.1777,0.096431,-0.7763,0.4491,-0.7589,SHAKE1
256.1082,-304.4913,-302.0668,0.5492,499.5505,65.4828,0.1795,392.2879,4643.5508,0.9709,0.099779,-0.666,0.3236,-0.6194,SHAKE1
307.2834,-345.993,-344.0535,0.4082,576.6343,77.0837,0.141,445.4377,7290.083,0.7664,0.078982,-0.5579,0.2034,-0.4661,SHAKE1
348.2236,-379.1944,-377.6428,0.3002,638.4843,61.85,0.108,506.03,8655.8047,0.5873,0.053551,-0.4581,0.0962,-0.3177,SHAKE1
380.9758,-405.7556,-404.5142,0.2394,688.0493,49.5651,0.0607,567.3572,8415.1074,0.4451,0.031192,-0.3632,0.0025,-0.181,SHAKE1
407.1775,-427.0045,-426.0114,0.2816,727.7445,39.6952,0.0422,626.0926,6556.8633,0.3557,0.012458,-0.2647,-0.0802,-0.0568,SHAKE1
428.1389,-352.6473,-443.2091,0.4321,709.9982,17.7463,0.1505,668.1821,2990.7871,0.3323,0.00559,-0.153,-0.1564,0.0617,SHAKE1
444.908,-221.0991,-456.9673,0.6194,675.0164,34.9818,0.1873,687.8585,936.7664,0.3745,0.019136,-0.0211,-0.2276,0.176,SHAKE1
458.3233,-141.0012,-467.9738,0.8308,670.0306,4.9857,0.2114,694.1678,472.9624,0.4806,0.0484,0.1292,-0.2963,0.2914,SHAKE1
469.0555,-167.6228,-476.7791,1.068,689.5134,19.4828,0.2373,694.4606,469.7221,0.6464,0.078298,0.2932,-0.3672,0.415,SHAKE1
309.8601,-189.8514,-371.8482,1.3071,519.9307,169.5827,0.2391,652.8979,4612.8325,0.8515,0.096934,0.4608,-0.4421,0.5515,SHAKE1
145.4881,-151.978,-195.0817,1.4629,286.9163,233.0144,0.1558,568.2815,23589.3105,1.0576,0.094028,0.6182,-0.5088,0.6871,SHAKE1
13.9905,-62.6418,-53.6685,1.4976,83.6662,203.2501,0.0347,450.0115,54293.4453,1.2333,0.063472,0.7494,-0.5524,0.8068,SHAKE1
-91.2076,52.2835,59.4621,1.4432,120.7813,37.1151,0.0544,340.1616,54223.2578,1.3558,0.024879,0.8441,-0.5624,0.8964,SHAKE1
-175.3661,144.2236,149.9665,1.3092,272.1097,151.3284,0.134,256.6808,23771.0957,1.404,0.006427,0.8927,-0.5289,0.9399,SHAKE1
-242.6929,217.7758,222.3701,1.1026,394.6829,122.5732,0.2066,231.6313,13092.4307,1.3631,0.021041,0.8886,-0.435,0.9251,SHAKE1
-296.5543,265.855,280.293,0.8595,487.019,92.3361,0.2432,271.6518,23924.0742,1.2424,0.055214,0.8295,-0.2797,0.8517,SHAKE1
-339.6435,280.9496,326.6313,0.5913,548.615,61.596,0.2681,364.6416,23550.9766,1.0611,0.09412,0.6994,-0.0836,0.7168,SHAKE1
-374.1148,327.1566,363.7019,0.6051,615.851,67.236,0.0138,463.6555,14474.8828,0.8935,0.078435,0.4834,0.1293,0.5023,SHAKE1
-401.6918,311.094,393.3584,1.0367,642.547,26.696,0.4315,537.743,8048.4087,0.839,0.045007,0.2012,0.3414,0.2159,SHAKE1
-423.7535,146.4752,360.3492,1.44,575.2161,67.3309,0.4033,573.8496,2932.3311,0.9065,0.098782,-0.1156,0.5305,-0.1123,SHAKE1
-441.4028,14.7802,191.9856,1.7016,481.5738,93.6423,0.2616,572.7606,3126.1978,1.0749,0.196393,-0.4307,0.671,-0.4542,SHAKE1
-250.7253,-90.5759,51.1885,1.7372,271.4543,210.1195,0.0357,517.3284,18093.9648,1.3041,0.184826,-0.6905,0.7493,-0.7559,SHAKE1
-98.1834,-172.3044,-61.4492,1.5502,207.617,63.8373,0.1871,435.6816,28670.668,1.4931,0.063494,-0.8482,0.7638,-0.9489,SHAKE1
23.8502,-184.4342,-151.5594,1.2598,239.9063,32.2893,0.2903,355.1535,21292.832,1.5378,0.030715,-0.8986,0.7221,-1.0127,SHAKE1
121.477,-156.7192,-223.6475,0.9605,298.8909,58.9846,0.2994,299.8885,9186.1904,1.4419,0.086257,-0.8615,0.6315,-0.966,SHAKE1
199.5785,-156.4941,-281.318,0.6943,378.7635,79.8726,0.2662,279.3264,3405.7332,1.2404,0.143953,-0.7664,0.5067,-0.8297,SHAKE1
262.0597,-210.5234,-327.4544,0.4776,469.2779,90.5144,0.2167,318.8911,9044.2881,0.9885,0.147496,-0.646,0.3677,-0.6414,SHAKE1
312.0446,-270.8188,-364.3635,0.3225,550.886,81.6081,0.1551,387.5449,12618.8838,0.7429,0.112817,-0.5236,0.236,-0.4438,SHAKE1
352.0326,-319.055,-393.8908,0.2311,617.1491,66.2631,0.0914,462.9935,13110.5801,0.5372,0.069439,-0.4104,0.1204,-0.2574,SHAKE1
384.0229,-357.644,-417.5126,0.2651,670.5965,53.4474,0.034,537.3346,10817.8457,0.3981,0.029071,-0.3008,0.0235,-0.086,SHAKE1
409.6152,-316.4183,-436.4101,0.443,677.0222,6.4257,0.1779,596.9864,6133.0806,0.3478,0.009401,-0.1852,-0.0576,0.0784,SHAKE1
430.0891,-168.8347,-451.5281,0.6704,646.0336,30.9886,0.2275,632.3375,2102.6155,0.3864,0.025361,-0.0519,-0.13,0.2365,SHAKE1
446.4681,-32.6709,-463.6225,0.8967,644.4742,1.5594,0.2263,651.0551,454.8589,0.5013,0.063434,0.0984,-0.2035,0.3881,SHAKE1
459.5714,3.5821,-473.298,1.0875,659.7194,15.2452,0.1908,659.5692,167.4605,0.6725,0.088237,0.2548,-0.285,0.5307,SHAKE1
265.2571,-27.475,-383.5384,1.2201,467.138,192.5814,0.1326,618.8775,5893.2764,0.8636,0.078515,0.4039,-0.374,0.6558,SHAKE1
109.8057,-39.3394,-204.4338,1.2824,235.368,231.7701,0.0623,530.5466,26830.6875,1.0314,0.050042,0.5303,-0.4625,0.7497,SHAKE1
-14.5554,23.816,-61.1502,1.2805,67.2191,168.1488,0.0019,414.7838,53696.668,1.1535,0.021498,0.6205,-0.536,0.8088,SHAKE1
-114.0443,121.4497,53.4767,1.2309,174.974,107.7549,0.0496,320.8837,45829.6523,1.2203,0.005046,0.6723,-0.5834,0.8335,SHAKE1
-193.6355,199.5566,145.1783,1.1237,313.6786,138.7046,0.1072,251.6755,18088.3359,1.2275,0.003334,0.6893,-0.5953,0.8225,SHAKE1
-257.3084,262.0422,218.5395,0.9639,427.356,113.6775,0.1597,243.7191,14912.9473,1.1763,0.014593,0.675,-0.5644,0.7796,SHAKE1
-308.2467,312.0306,277.2285,0.7844,518.8784,91.5223,0.1795,300.4212,26826.3945,1.0767,0.03313,0.6372,-0.4909,0.7119,SHAKE1
-348.9974,352.0214,324.1796,0.5743,592.2927,73.4143,0.2102,405.4359,21959.4453,0.9354,0.055353,0.5767,-0.3753,0.6214,SHAKE1
-381.5979,384.014,361.7406,0.3614,651.1067,58.814,0.2129,500.6625,14339.6357,0.7615,0.073566,0.4816,-0.216,0.5021,SHAKE1
-407.6783,409.6081,391.7894,0.439,698.1971,47.0905,0.0776,577.5662,9236.8496,0.6246,0.049396,0.3394,-0.0253,0.3314,SHAKE1
-428.5427,430.0833,415.8284,0.8706,735.8898,37.6926,0.4317,639.2729,5929.7822,0.6059,0.038122,0.1475,0.1755,0.0995,SHAKE1
-445.2341,401.2667,230.2627,1.2729,642.082,93.8078,0.4023,663.9137,2425.2251,0.7036,0.111176,-0.0731,0.3711,-0.1808,SHAKE1
-458.5873,312.6353,81.8102,1.5241,561.0134,81.0686,0.2512,657.6578,3477.8699,0.8936,0.206383,-0.2922,0.5344,-0.4869,SHAKE1
-306.3448,255.1363,-36.9519,1.6205,400.3837,160.6296,0.0963,607.5132,14192.7949,1.1454,0.191988,-0.4758,0.6238,-0.7937,SHAKE1
-142.679,148.8559,-131.9615,1.6442,244.8045,155.5793,0.0237,516.8347,30637.0098,1.3865,0.083824,-0.5946,0.6368,-1.0568,SHAKE1
-11.7463,16.6847,-207.9692,1.521,208.9678,35.8366,0.1232,411.4503,28890.5098,1.5165,0.017305,-0.6345,0.5944,-1.224,SHAKE1
92.9998,-89.0522,-268.7754,1.3022,298.0259,89.0581,0.2188,342.6391,16090.3457,1.5224,0.014592,-0.6112,0.5121,-1.2842,SHAKE1
176.7967,-173.6418,-317.4203,1.0352,402.6961,104.6702,0.2669,310.9756,6271.6743,1.4246,0.052492,-0.5494,0.4093,-1.2444,SHAKE1
243.8343,-241.3134,-356.3362,0.774,494.6341,91.9379,0.2612,329.8257,11063.6719,1.2553,0.100818,-0.4706,0.3157,-1.1193,SHAKE1
297.4643,-295.4507,-387.469,0.529,570.8839,76.2498,0.245,395.0416,16986.6465,1.0323,0.126337,-0.3908,0.2366,-0.9247,SHAKE1
340.3683,-338.7606,-412.3752,0.3136,632.9792,62.0953,0.2154,479.8438,14193.3965,0.7908,0.123556,-0.3165,0.1647,-0.7023,SHAKE1
374.6915,-373.4085,-432.3001,0.1203,683.1625,50.1833,0.1933,556.8712,9916.3389,0.5544,0.105305,-0.2456,0.0973,-0.4736,SHAKE1
402.1501,-401.1268,-448.2401,0.2239,723.5652,40.4026,0.1036,621.045,6601.4531,0.3922,0.054584,-0.1675,0.032,-0.2456,SHAKE1
424.117,-384.0577,-460.9921,0.508,734.7715,11.2064,0.2841,669.0724,3685.6167,0.3389,0.025276,-0.0727,-0.0297,-0.0157,SHAKE1
441.6905,-233.0555,-471.1937,0.8155,686.6068,48.1648,0.3075,692.217,1283.235,0.3963,0.06019,0.0472,-0.0867,0.2179,SHAKE1
455.7493,-84.0476,-479.3549,1.0789,666.7477,19.859,0.2634,698.9708,665.5347,0.5493,0.128605,0.1877,-0.148,0.4487,SHAKE1
291.3494,26.8682,-467.3683,1.2651,551.3978,115.3499,0.1862,672.6178,4276.6309,0.7783,0.141831,0.3324,-0.2228,0.6615,SHAKE1
130.6795,55.1477,-271.4978,1.3288,306.3159,245.0819,0.0637,589.1679,23629.043,0.9993,0.092145,0.4607,-0.3006,0.831,SHAKE1
2.1436,31.0463,-114.8014,1.3212,118.9446,187.3713,0.0076,466.0025,48441.2461,1.1619,0.038151,0.5581,-0.3708,0.9466,SHAKE1
-100.6851,76.1964,10.5558,1.2785,126.7076,7.763,0.0427,354.0227,49192.7461,1.2545,0.008296,0.6148,-0.4252,1.0059,SHAKE1
-182.9481,163.354,110.8415,1.1557,269.1475,142.4399,0.1228,274.5027,24750.6816,1.2699,0.003847,0.6341,-0.4443,1.0059,SHAKE1
-248.7585,233.0801,191.0701,0.9803,390.7875,121.64,0.1754,242.3806,11089.1025,1.2129,0.01737,0.6245,-0.4173,0.9508,SHAKE1
-301.4068,288.8609,255.2529,0.7732,489.3268,98.5393,0.2071,278.9828,21128.3242,1.1018,0.041006,0.5944,-0.3509,0.8536,SHAKE1
-343.5255,333.4856,306.5992,0.5074,568.5292,79.2024,0.2658,368.8997,24688.2539,0.939,0.075545,0.537,-0.2476,0.716,SHAKE1
-377.2204,369.1854,347.6763,0.3155,632.0378,63.5086,0.1919,469.9658,16590.8262,0.7464,0.093148,0.4413,-0.0997,0.5154,SHAKE1
-404.1763,397.7452,380.5379,0.6633,682.912,50.8741,0.3477,552.7187,10746.4043,0.6479,0.051325,0.2905,0.0684,0.2432,SHAKE1
-425.741,420.593,307.5241,1.0709,672.8484,10.0635,0.4076,609.1309,5205.9619,0.666,0.064688,0.1009,0.2394,-0.0699,SHAKE1
-442.9928,234.0745,216.813,1.3688,545.9316,126.9168,0.2979,620.4518,3006.0254,0.7852,0.146966,-0.1131,0.3948,-0.3982,SHAKE1
-330.5411,84.8596,71.0504,1.5454,348.5782,197.3535,0.1767,576.4616,15314.752,0.9928,0.204032,-0.3211,0.5079,-0.72,SHAKE1
-162.036,-34.5123,-45.5597,1.5438,171.821,176.7572,0.0016,484.4183,38971.8281,1.2384,0.11268,-0.4865,0.5534,-0.9802,SHAKE1
-27.232,-130.0099,-138.8477,1.404,192.1532,20.3321,0.1398,386.2665,38541.8828,1.3866,0.030048,-0.5833,0.5412,-1.1271,SHAKE1
80.6113,-206.4079,-213.4782,1.1998,307.6936,115.5404,0.2042,313.2355,18017.2598,1.4124,0.016426,-0.6246,0.485,-1.1648,SHAKE1
166.8859,-267.5263,-273.1826,0.9508,417.193,109.4994,0.249,287.4878,8686.2461,1.3288,0.051662,-0.6214,0.4033,-1.0986,SHAKE1
235.9056,-316.4211,-320.946,0.7007,508.7043,91.5114,0.2501,319.513,16701.5762,1.1598,0.09263,-0.5849,0.3134,-0.9429,SHAKE1
291.1214,-355.5369,-359.1568,0.486,583.2253,74.5209,0.2147,401.7939,19477.6855,0.9483,0.109184,-0.5336,0.2236,-0.7339,SHAKE1
335.294,-386.8295,-389.7255,0.3245,643.3856,60.1603,0.1615,492.0404,14216.7266,0.7324,0.098857,-0.4706,0.1362,-0.5102,SHAKE1
370.6321,-411.8636,-414.1804,0.2376,691.7695,48.3839,0.0869,568.8556,9497.7559,0.54,0.067077,-0.3908,0.0516,-0.295,SHAKE1
398.9026,-431.8909,-433.7443,0.315,730.6073,38.8378,0.0774,631.5385,6201.0308,0.4128,0.02726,-0.2886,-0.0374,-0.102,SHAKE1
421.5189,-286.7564,-449.3954,0.4975,679.6056,51.0017,0.1825,665.7187,2477.1907,0.3721,0.010464,-0.1665,-0.1295,0.0666,SHAKE1
439.612,-127.0083,-461.9164,0.6968,650.1973,29.4083,0.1993,679.1131,984.931,0.4143,0.027175,-0.0236,-0.2225,0.2116,SHAKE1
454.0865,0.7903,-471.9331,0.8966,654.9168,4.7195,0.1997,681.4193,841.4139,0.5287,0.058988,0.1352,-0.3153,0.3392,SHAKE1
465.6661,103.0291,-479.9465,1.1169,676.6155,21.6987,0.2204,678.3885,815.4181,0.7046,0.08032,0.3056,-0.4139,0.456,SHAKE1
373.2329,163.4202,-486.3572,1.32,634.47,42.1454,0.203,659.161,286.1289,0.9056,0.085314,0.4763,-0.5169,0.5583,SHAKE1
196.1863,148.1205,-286.6889,1.4613,377.6497,256.8204,0.1413,598.7698,12405.1699,1.0983,0.07663,0.6356,-0.618,0.6423,SHAKE1
54.5491,190.9214,-126.9542,1.5042,235.6777,141.972,0.0429,515.8659,31370.3398,1.2598,0.051265,0.7682,-0.7032,0.7059,SHAKE1
-58.7607,255.134,0.8335,1.424,261.8146,26.1369,0.0802,437.2455,34230.5508,1.3653,0.01914,0.8632,-0.7522,0.7419,SHAKE1
-149.4086,306.5041,103.0637,1.2665,356.2159,94.4013,0.1575,373.1656,19977.877,1.3952,0.007863,0.9045,-0.7515,0.7485,SHAKE1
-221.9269,347.6002,184.8478,1.0548,451.936,95.72,0.2117,336.6588,6230.0811,1.3421,0.027098,0.8862,-0.6853,0.7323,SHAKE1
-279.9415,380.477,250.2751,0.8556,534.5724,82.6364,0.1992,368.0433,12743.001,1.221,0.056929,0.8132,-0.5527,0.7026,SHAKE1
-326.3532,406.7785,302.617,0.6617,602.9529,68.3805,0.1939,441.4984,14879.7246,1.0525,0.075062,0.6938,-0.3607,0.652,SHAKE1
-363.4826,427.8197,344.4904,0.4843,658.6523,55.6995,0.1773,520.8659,11554.4365,0.8646,0.076702,0.5203,-0.1359,0.5612,SHAKE1
-393.1861,444.6526,377.9893,0.6069,703.6954,45.043,0.1226,590.3618,7988.1592,0.7327,0.040274,0.3059,0.0993,0.4089,SHAKE1
-416.9489,431.2471,384.0258,0.9241,712.2473,8.5519,0.3171,642.4241,4416.5552,0.7065,0.026168,0.0811,0.3178,0.1847,SHAKE1
-435.9591,322.9821,336.5863,1.2197,638.4889,73.7584,0.2956,663.2074,1661.3099,0.7793,0.069088,-0.1384,0.4958,-0.1045,SHAKE1
-451.1673,163.6357,232.0378,1.417,533.076,105.4128,0.1974,649.2321,4126.71,0.9304,0.12483,-0.338,0.6084,-0.4259,SHAKE1
-462.8432,28.5086,85.6083,1.5337,471.5563,61.5198,0.1166,611.8128,9022.4961,1.1403,0.113776,-0.486,0.6519,-0.7352,SHAKE1
-267.8777,-79.5932,-33.9133,1.5669,281.5024,190.0538,0.0333,527.3742,22025.123,1.3323,0.056426,-0.5708,0.6333,-0.9925,SHAKE1
-111.9053,-153.0214,-129.5307,1.4267,229.6008,51.9016,0.1402,430.8449,23605.4023,1.4328,0.014774,-0.6064,0.5685,-1.1494,SHAKE1
12.8727,-203.3921,-206.0245,1.2138,289.7933,60.1925,0.2129,361.1058,14097.7607,1.4316,0.015283,-0.5995,0.4785,-1.1997,SHAKE1
112.695,-259.7637,-267.2196,0.9875,389.3375,99.5441,0.2262,332.3581,7515.9805,1.3457,0.047303,-0.5654,0.3821,-1.1558,SHAKE1
192.5529,-310.211,-316.1757,0.7795,482.985,93.6476,0.208,334.6438,8173.2241,1.1949,0.081607,-0.521,0.2896,-1.0322,SHAKE1
256.4392,-350.5688,-355.3406,0.6004,561.1831,78.1981,0.1791,390.58,14743.583,1.0016,0.087244,-0.4786,0.2081,-0.8468,SHAKE1
307.5482,-382.855,-386.6725,0.4521,625.0436,63.8605,0.1483,469.6685,14300.3643,0.8067,0.073496,-0.4392,0.1382,-0.6447,SHAKE1
348.4355,-408.684,-411.738,0.3273,676.726,51.6824,0.1247,547.0551,10415.2354,0.6294,0.054867,-0.4008,0.0772,-0.4466,SHAKE1
381.1453,-429.3472,-431.7904,0.2559,718.3688,41.6428,0.0714,612.8613,6979.4829,0.4831,0.035691,-0.354,0.0206,-0.2576,SHAKE1
407.3131,-445.8778,-447.8323,0.3326,751.8409,33.4721,0.0767,666.6324,4577.6411,0.3937,0.01465,-0.2871,-0.0336,-0.0733,SHAKE1
428.2474,-418.1366,-460.6658,0.5638,755.2795,3.4386,0.2313,705.4518,2418.4492,0.3864,0.011841,-0.1938,-0.0873,0.1171,SHAKE1
444.9948,-355.3687,-470.9327,0.8338,738.9755,16.304,0.27,728.2382,830.9037,0.4627,0.045194,-0.0773,-0.1422,0.3188,SHAKE1
458.3927,-306.8637,-479.1461,1.0676,730.6642,8.3113,0.2338,739.0258,185.0078,0.6108,0.092795,0.0549,-0.2018,0.5253,SHAKE1
264.3142,-207.2753,-403.445,1.2547,524.9695,205.6948,0.187,700.3459,7767.5537,0.8105,0.110638,0.1893,-0.2706,0.725,SHAKE1
109.0513,-63.4234,-220.3592,1.3415,253.9151,271.0544,0.0868,600.7608,37180.1016,1.0123,0.080632,0.3106,-0.3392,0.8965,SHAKE1
-15.1589,51.6582,-73.8905,1.2984,91.423,162.4922,0.0432,467.9894,66661.6719,1.1592,0.035194,0.4041,-0.3938,1.01,SHAKE1
-114.5271,143.7234,43.2845,1.1838,188.8026,97.3797,0.1146,357.9549,55456.4297,1.2292,0.009243,0.4647,-0.4238,1.0547,SHAKE1
-194.0217,217.3756,137.0245,1.0269,321.9818,133.1792,0.1569,276.2184,21251.9395,1.2211,0.01214,0.4928,-0.417,1.0348,SHAKE1
-257.6174,276.2974,212.0165,0.8308,433.195,111.2132,0.1961,257.8635,13467.9502,1.1363,0.035186,0.4939,-0.3601,0.9527,SHAKE1
-308.4939,323.4348,272.01,0.6157,523.2285,90.0334,0.2151,311.7262,24647.3555,0.9911,0.059884,0.4679,-0.2535,0.8206,SHAKE1
-349.1952,361.1447,320.0049,0.3838,595.6223,72.3939,0.2319,412.5661,20891.3789,0.8082,0.081314,0.4009,-0.1041,0.6419,SHAKE1
-381.7561,391.3126,292.2539,0.4768,619.8997,24.2774,0.093,498.7855,12041.0273,0.6668,0.055071,0.2845,0.0645,0.4075,SHAKE1
-407.8049,415.447,137.9657,0.8343,598.2772,21.6226,0.3574,554.0446,4715.2744,0.6283,0.033261,0.1429,0.2406,0.1266,SHAKE1
-428.6439,434.7545,40.01,1.1588,611.8398,13.5626,0.3245,589.7735,1185.8547,0.6939,0.077045,-0.0132,0.4074,-0.1836,SHAKE1
-445.3151,412.7411,-65.0264,1.3803,610.6465,1.1932,0.2215,607.2571,81.6665,0.8468,0.146665,-0.1723,0.5403,-0.5012,SHAKE1
-422.9677,256.7773,-154.4211,1.5076,518.3456,92.301,0.1273,591.8018,1396.777,1.0716,0.140606,-0.3043,0.6157,-0.7958,SHAKE1
-235.9773,103.0218,-225.9369,1.4879,342.5584,175.7872,0.0196,536.3335,10586.6006,1.2738,0.06365,-0.3847,0.6363,-1.0198,SHAKE1
-86.385,-19.9826,-283.1495,1.3275,296.7075,45.8509,0.1604,476.0196,17665.5527,1.3724,0.015864,-0.4269,0.6015,-1.1471,SHAKE1
33.2889,-82.536,-328.9196,1.1055,340.7469,44.0395,0.222,421.801,14696.209,1.3618,0.020869,-0.4408,0.5238,-1.1704,SHAKE1
129.028,-137.1413,-365.5357,0.9039,411.1841,70.4371,0.2017,381.9085,5994.8115,1.2665,0.053655,-0.4354,0.421,-1.1074,SHAKE1
205.6193,-212.1131,-394.8286,0.7381,493.1134,81.9293,0.1658,376.862,4719.6343,1.1126,0.074192,-0.4201,0.3128,-0.9747,SHAKE1
266.8923,-272.0905,-418.2628,0.5706,565.8697,72.7563,0.1675,421.5243,9634.3477,0.9291,0.071108,-0.402,0.2109,-0.7976,SHAKE1
315.9107,-320.0724,-437.0103,0.3804,627.0757,61.206,0.1902,487.5979,10603.0469,0.7397,0.063702,-0.3756,0.1186,-0.6058,SHAKE1
355.1254,-358.4579,-452.0082,0.2103,677.4346,50.3589,0.1701,554.9354,8963.248,0.5606,0.060924,-0.3311,0.0345,-0.4136,SHAKE1
386.4972,-389.1663,-464.0066,0.2705,718.4237,40.9891,0.0601,616.3834,6400.1855,0.434,0.038154,-0.2584,-0.0411,-0.2151,SHAKE1
411.5947,-318.1237,-473.6053,0.5659,703.5018,14.9219,0.2954,658.4611,3108.4775,0.3995,0.021953,-0.1514,-0.1145,0.004,SHAKE1
431.6726,-152.1021,-481.2842,0.8714,664.1617,39.3401,0.3055,678.1195,1013.8903,0.4597,0.057021,-0.0146,-0.1936,0.2339,SHAKE1
447.735,-19.2848,-487.4274,1.109,662.1359,2.0258,0.2375,685.1316,494.722,0.6054,0.118838,0.13,-0.2819,0.4594,SHAKE1
336.4724,86.9691,-492.3419,1.2606,602.6423,59.4936,0.1517,670.1732,1620.0125,0.8155,0.129352,0.2655,-0.3788,0.6619,SHAKE1
166.7779,28.4627,-344.1798,1.3275,383.5163,219.1261,0.0668,603.1916,13102.2969,1.0269,0.077679,0.3807,-0.4807,0.8202,SHAKE1
31.0223,-63.7173,-172.947,1.3312,186.9035,196.6127,0.0037,499.872,35074.0742,1.1799,0.030272,0.467,-0.5753,0.9147,SHAKE1
-77.5821,-88.6051,-35.9607,1.2872,123.1382,63.7653,0.044,391.6673,46353.25,1.2631,0.006625,0.5202,-0.6479,0.9479,SHAKE1
-164.4657,15.7972,73.6283,1.205,180.8857,57.7475,0.0822,295.4172,31344.2871,1.2823,0.00218,0.5444,-0.6885,0.9324,SHAKE1
-233.9726,115.0346,161.2995,1.0788,306.5839,125.6981,0.1262,236.2055,8985.748,1.2459,0.009047,0.5451,-0.6928,0.8791,SHAKE1
-289.5781,194.4246,231.4365,0.9048,418.5919,112.0081,0.174,243.2207,11249.4063,1.1614,0.023842,0.5249,-0.6566,0.8005,SHAKE1
-334.0625,257.9365,287.5461,0.7037,510.6973,92.1053,0.2011,307.9794,20730.1367,1.0359,0.044227,0.4841,-0.5833,0.7051,SHAKE1
-369.65,244.7836,332.4337,0.4829,554.1411,43.4438,0.2208,394.18,18585.457,0.875,0.06688,0.419,-0.4724,0.6019,SHAKE1
-398.12,295.4519,368.3439,0.2973,617.6314,63.4904,0.1856,481.5291,11842.8076,0.6935,0.078903,0.3264,-0.3225,0.4931,SHAKE1
-420.896,338.7584,397.072,0.3309,670.5049,52.8735,0.0336,554.3134,7566.4673,0.5439,0.053137,0.1959,-0.1401,0.3618,SHAKE1
-439.1168,373.4036,420.0545,0.6319,713.2318,42.7269,0.301,613.2413,5460.9189,0.4893,0.025653,0.0398,0.0577,0.1942,SHAKE1
-453.6934,401.1198,411.9436,0.9718,732.4154,19.1837,0.3399,657.5849,4232.0029,0.543,0.060145,-0.1294,0.2543,-0.0166,SHAKE1
-465.3547,423.2927,346.033,1.2541,717.9628,14.4526,0.2823,690.3492,1747.472,0.6972,0.136772,-0.2931,0.4231,-0.2706,SHAKE1
-438.0119,379.1529,228.5889,1.4405,622.7875,95.1753,0.1864,691.3805,1601.7504,0.9258,0.163015,-0.4343,0.5426,-0.5505,SHAKE1
-258.3408,200.9223,80.7774,1.5479,337.0975,285.69,0.1074,624.699,22171.4551,1.1692,0.110378,-0.5323,0.6025,-0.8199,SHAKE1
-104.2757,58.3379,-37.7781,1.5138,125.3153,211.7822,0.0341,507.1157,56654.832,1.3456,0.045262,-0.5865,0.6061,-1.0315,SHAKE1
18.9763,-55.7297,-132.6225,1.377,145.1021,19.7868,0.1368,389.653,58916.125,1.4266,0.010947,-0.5988,0.5628,-1.1566,SHAKE1
117.5779,-146.9838,-208.498,1.1589,280.8918,135.7897,0.218,302.2388,32083.2285,1.4076,0.018963,-0.5778,0.4886,-1.1818,SHAKE1
196.4592,-219.987,-269.1984,0.9385,399.3223,118.4305,0.2204,257.5458,11420.5137,1.3072,0.052682,-0.5349,0.3965,-1.122,SHAKE1
259.5642,-278.3896,-317.7587,0.7329,495.8276,96.5053,0.2056,289.2918,20502.6504,1.1442,0.080497,-0.4788,0.2996,-0.992,SHAKE1
310.0483,-325.1117,-356.607,0.541,573.5818,77.7542,0.1919,378.9451,23251.4336,0.9497,0.088097,-0.4171,0.2066,-0.8235,SHAKE1
350.4355,-362.4893,-387.6856,0.3252,636.006,62.4243,0.2158,477.1259,15891.5215,0.7393,0.085321,-0.351,0.1229,-0.6324,SHAKE1
382.7453,-392.3915,-412.5485,0.1349,686.0476,50.0416,0.1903,558.1571,10353.5674,0.5345,0.081225,-0.2773,0.0494,-0.4368,SHAKE1
408.5931,-416.3132,-432.4388,0.2401,726.1324,40.0848,0.1052,623.5192,6678.8193,0.3948,0.04641,-0.192,-0.0186,-0.2347,SHAKE1
429.2714,-288.6693,-448.351,0.4941,684.5601,41.5724,0.2541,661.2656,2738.1968,0.3471,0.02324,-0.0895,-0.084,-0.0257,SHAKE1
445.814,-128.5385,-461.0808,0.7575,654.116,30.444,0.2634,677.3724,951.2996,0.3903,0.047532,0.0317,-0.1488,0.1902,SHAKE1
459.0481,-0.434,-471.2646,0.9969,657.8873,3.7712,0.2394,681.7487,665.8468,0.5247,0.102214,0.1639,-0.2186,0.4015,SHAKE1
469.6353,102.0497,-479.4117,1.2137,678.8278,20.9405,0.2168,680.3047,661.7719,0.7405,0.120219,0.2996,-0.2959,0.6025,SHAKE1
273.3083,22.5898,-281.1325,1.3924,392.7381,286.0897,0.1787,613.6259,12334.5752,0.9709,0.102034,0.4299,-0.3776,0.7825,SHAKE1
116.2466,-67.3251,-122.5091,1.462,181.8088,210.9293,0.0696,513.0756,38511.0859,1.1645,0.067322,0.5438,-0.4495,0.9255,SHAKE1
-9.4027,-68.1132,4.3896,1.4229,68.8991,112.9097,0.039,396.0322,60292.0,1.2976,0.029837,0.6297,-0.4947,1.0201,SHAKE1
-109.9222,47.7251,105.9085,1.3078,159.9287,91.0296,0.1151,296.4405,47808.8516,1.3598,0.007907,0.6835,-0.5061,1.0596,SHAKE1
-190.3377,140.577,187.1237,1.1137,301.6714,141.7427,0.1941,221.0092,12880.4375,1.3398,0.015346,0.7011,-0.4738,1.0354,SHAKE1
-254.6702,214.8584,252.0958,0.8488,417.8198,116.1484,0.265,226.0255,14703.9941,1.231,0.051184,0.6822,-0.3901,0.9401,SHAKE1
-306.1362,274.2836,304.0735,0.5419,511.2842,93.4644,0.3069,291.9207,26245.3125,1.047,0.101644,0.6136,-0.2464,0.7859,SHAKE1
-347.3089,321.8238,345.6557,0.394,586.2354,74.9511,0.1479,395.3879,22916.3477,0.8412,0.116329,0.4874,-0.0679,0.5599,SHAKE1
-380.2471,359.8559,361.7996,0.724,636.3828,50.1475,0.3301,490.6787,14363.5098,0.7245,0.061908,0.3096,0.1199,0.2626,SHAKE1
-406.5977,390.2816,330.9053,1.0813,653.5593,17.1765,0.3572,561.0563,7571.7642,0.718,0.05702,0.0964,0.2965,-0.0694,SHAKE1
-427.6782,209.8253,248.3024,1.326,537.2051,116.3541,0.2448,584.9333,3012.0864,0.8134,0.118431,-0.1315,0.4355,-0.4039,SHAKE1
-262.63,65.4603,97.845,1.467,287.8076,249.3975,0.141,540.238,17586.3164,0.9985,0.154876,-0.3335,0.5052,-0.7222,SHAKE1
-107.7072,-50.0318,-24.124,1.4592,121.1857,166.6219,0.0078,447.2281,43633.2891,1.2115,0.078865,-0.4789,0.5089,-0.9686,SHAKE1
16.2311,-142.4254,-121.6992,1.2971,188.0403,66.8546,0.1621,357.5596,41872.6172,1.3261,0.01967,-0.5584,0.4721,-1.0965,SHAKE1
115.3818,-216.3404,-199.7594,1.0449,316.2592,128.219,0.2522,290.0996,20139.7461,1.3189,0.023444,-0.5806,0.408,-1.1075,SHAKE1
194.7023,-275.4723,-262.2075,0.7889,427.2549,110.9957,0.256,268.1096,11206.2695,1.2114,0.068071,-0.5595,0.3326,-1.0181,SHAKE1
241.4118,-322.7778,-312.166,0.5598,509.8165,82.5616,0.229,312.5113,20841.5957,1.03,0.107002,-0.5158,0.2515,-0.8463,SHAKE1
247.8451,-360.6223,-352.1328,0.3872,561.6699,51.8535,0.1726,400.6082,18175.4453,0.8156,0.106817,-0.4608,0.166,-0.6297,SHAKE1
274.9167,-390.8978,-384.1062,0.2966,613.1215,51.4515,0.0906,485.6244,10943.0459,0.6155,0.074271,-0.3983,0.0706,-0.4066,SHAKE1
309.7678,-415.1182,-409.685,0.3266,660.3946,47.2731,0.03,554.4515,6577.8936,0.4718,0.03344,-0.3215,-0.0298,-0.1971,SHAKE1
312.4048,-356.8164,-430.148,0.4609,640.2672,20.1274,0.1343,597.0539,2999.998,0.4062,0.009062,-0.2283,-0.1272,-0.0056,SHAKE1
263.677,-183.0563,-446.5184,0.6129,549.9217,90.3455,0.152,605.075,1857.8756,0.4169,0.012774,-0.1177,-0.2165,0.1635,SHAKE1
165.3854,-44.0481,-459.6147,0.7388,490.447,59.4747,0.1259,590.8304,3906.0825,0.4872,0.028387,0.0159,-0.2975,0.299,SHAKE1
103.3302,67.1584,-470.0918,0.9147,485.977,4.47,0.1759,565.4015,5358.9219,0.6108,0.042396,0.1713,-0.3894,0.3892,SHAKE1
48.8235,135.1329,-478.4734,1.1167,499.5813,13.6043,0.202,533.2388,3386.2065,0.7688,0.052461,0.3348,-0.5017,0.4293,SHAKE1
-3.9943,5.7063,-343.9537,1.3032,344.0243,155.557,0.1865,473.9902,4745.2295,0.9373,0.062237,0.4982,-0.6299,0.4336,SHAKE1
-54.1642,-57.8599,-172.7661,1.4465,190.078,153.9462,0.1433,402.0215,14533.8408,1.104,0.065257,0.6519,-0.7634,0.4263,SHAKE1
-130.6845,43.2964,-35.816,1.4831,142.2526,47.8254,0.0367,332.3826,21616.4336,1.2528,0.045182,0.7755,-0.8843,0.4215,SHAKE1
-206.9476,137.034,73.7441,1.4274,258.9282,116.6756,0.0558,286.9729,15915.252,1.3554,0.017898,0.8544,-0.9602,0.4286,SHAKE1
-267.9581,212.0241,161.3921,1.292,377.8931,118.9648,0.1354,262.6352,7935.7607,1.3904,0.006081,0.8845,-0.9729,0.4491,SHAKE1
-316.7665,272.0161,231.5106,1.0965,477.4211,99.528,0.1954,289.3146,15125.7314,1.3491,0.020127,0.8633,-0.9208,0.4705,SHAKE1
-355.8132,320.0098,287.6053,0.8583,558.3244,80.9033,0.2382,362.9639,22205.1914,1.2315,0.052563,0.7953,-0.8045,0.4739,SHAKE1
-387.0506,358.4047,332.4811,0.6257,623.543,65.2186,0.2326,459.222,16777.1738,1.06,0.083878,0.6942,-0.6363,0.4588,SHAKE1
-390.2967,389.1207,368.3818,0.4083,662.9114,39.3685,0.2174,540.0186,10523.4414,0.8562,0.100282,0.5744,-0.413,0.4065,SHAKE1
-365.7936,413.6934,397.1023,0.4683,680.1746,17.2632,0.06,600.4749,5540.2803,0.6914,0.065251,0.4294,-0.1554,0.2774,SHAKE1
-395.0349,433.3516,352.8787,0.8506,684.3754,4.2007,0.3824,641.8658,2206.4878,0.6422,0.035082,0.2594,0.1069,0.0708,SHAKE1
-418.4279,244.2813,299.3311,1.1366,569.5212,114.8542,0.286,644.1051,1852.389,0.6979,0.071527,0.0947,0.3393,-0.1897,SHAKE1
-437.1423,93.025,230.6524,1.3219,502.939,66.5822,0.1853,619.9843,5171.5918,0.8371,0.128978,-0.0638,0.5185,-0.4829,SHAKE1
-253.5701,-27.98,94.0719,1.4369,271.9011,231.0379,0.115,541.7823,22919.8672,1.0429,0.12181,-0.2097,0.6189,-0.7717,SHAKE1
-100.4592,-124.784,-27.1425,1.417,162.4802,109.4209,0.0199,438.2433,37143.0898,1.2326,0.047763,-0.3151,0.6433,-0.9867,SHAKE1
22.0295,-202.2272,-124.114,1.2662,238.2969,75.8167,0.1508,349.0277,25063.1699,1.3157,0.0119,-0.3665,0.6102,-1.0975,SHAKE1
120.0205,-264.1817,-201.6912,1.0459,353.3783,115.0814,0.2203,305.7991,13474.7686,1.2976,0.019715,-0.3898,0.5429,-1.1083,SHAKE1
198.4133,-313.7454,-263.753,0.8189,455.3785,102.0002,0.2271,296.287,10086.2666,1.197,0.055306,-0.3896,0.4614,-1.031,SHAKE1
261.1275,-353.3963,-313.4024,0.6047,539.7199,84.3414,0.2142,349.8508,18950.1699,1.0305,0.086245,-0.3751,0.3755,-0.8776,SHAKE1
311.2989,-385.1171,-353.1219,0.4522,608.2082,68.4883,0.1525,438.9964,17331.3945,0.8376,0.086041,-0.3605,0.2915,-0.6824,SHAKE1
351.436,-410.4937,-384.8975,0.3643,663.4443,55.2361,0.0879,524.0259,12120.7031,0.6572,0.061563,-0.3507,0.2096,-0.481,SHAKE1
383.5457,-430.7949,-410.318,0.3159,707.8505,44.4062,0.0484,594.9203,8028.8672,0.5112,0.033321,-0.3401,0.1314,-0.2922,SHAKE1
409.2334,-447.0359,-430.6544,0.3367,743.4893,35.6388,0.0208,652.5425,5228.7236,0.4147,0.011179,-0.3203,0.0583,-0.1147,SHAKE1
429.7836,-412.6288,-446.9235,0.4433,744.7933,1.304,0.1066,693.5571,2702.7778,0.3825,0.003084,-0.2838,-0.0087,0.0545,SHAKE1
446.2238,-227.7061,-459.9388,0.6123,680.0804,64.7128,0.169,707.9316,1075.5889,0.4145,0.011651,-0.2284,-0.0675,0.2238,SHAKE1
459.3759,-110.168,-470.351,0.7903,666.6283,13.4521,0.178,708.5684,1020.5526,0.4997,0.032136,-0.1591,-0.1118,0.399,SHAKE1
469.8976,-145.0376,-478.6808,0.9939,686.2762,19.6479,0.2036,704.2535,1101.2198,0.6353,0.055845,-0.0866,-0.1437,0.5867,SHAKE1
273.5181,-175.4175,-387.3134,1.154,505.5642,180.712,0.1601,656.6685,6424.4849,0.7988,0.065104,-0.0131,-0.176,0.77,SHAKE1
116.4145,-68.659,-207.4539,1.2684,247.5954,257.9687,0.1144,557.2289,28451.2148,0.9638,0.056709,0.0531,-0.2078,0.9362,SHAKE1
-9.2684,47.4697,-63.5662,1.2761,79.8745,167.7209,0.0077,437.1877,56596.2734,1.0966,0.03388,0.1075,-0.2333,1.0642,SHAKE1
-109.8148,140.3726,51.5439,1.1807,185.5277,105.6532,0.0954,340.9676,49475.918,1.1747,0.010441,0.1511,-0.2516,1.1359,SHAKE1
-190.2518,214.695,143.632,1.0022,320.8112,135.2835,0.1785,267.8746,20366.9863,1.1763,0.009852,0.186,-0.2534,1.1323,SHAKE1
-254.6014,274.1528,217.3025,0.8068,432.6685,111.8573,0.1955,253.2955,14286.5703,1.1069,0.032241,0.2052,-0.2233,1.0625,SHAKE1
-306.0811,321.7191,276.2389,0.6158,522.9692,90.3007,0.191,308.3702,25791.627,0.9763,0.058217,0.2061,-0.1549,0.9353,SHAKE1
-347.2649,359.7722,323.388,0.4469,595.4904,72.5212,0.1689,411.4934,21202.7734,0.8105,0.068793,0.1839,-0.0502,0.7647,SHAKE1
-380.2119,390.2147,361.1073,0.4284,653.6261,58.1357,0.0185,505.1131,13951.6797,0.66,0.047933,0.1365,0.0875,0.5409,SHAKE1
-406.5695,414.5686,268.2733,0.7132,639.6378,13.9883,0.2847,568.8784,6711.6123,0.6022,0.021732,0.0609,0.2319,0.2602,SHAKE1
-427.6556,434.0518,249.4249,1.0291,658.4095,18.7717,0.316,614.0266,2565.7883,0.6467,0.047838,-0.0326,0.3719,-0.0519,SHAKE1
-444.5245,317.2164,201.3649,1.2577,582.0448,76.3647,0.2286,625.8417,972.4678,0.7751,0.105837,-0.1355,0.4857,-0.3772,SHAKE1
-253.2227,151.3731,84.6763,1.414,306.9294,275.1154,0.1563,568.1295,17798.541,0.9685,0.12853,-0.2338,0.5585,-0.6955,SHAKE1
-100.1813,18.6985,-34.6589,1.5085,107.6437,199.2857,0.0945,458.933,46822.1758,1.1845,0.081854,-0.3109,0.583,-0.9668,SHAKE1
22.2518,-87.4412,-130.1271,1.4599,158.3483,50.7046,0.0486,362.6751,49095.9922,1.3338,0.030289,-0.3513,0.5805,-1.141,SHAKE1
120.1983,-172.353,-206.5017,1.2648,294.6118,136.2636,0.1951,289.9156,27236.8008,1.381,0.010451,-0.3586,0.5554,-1.2097,SHAKE1
198.5556,-240.2824,-267.6014,0.9798,410.8168,116.2049,0.285,255.67,11919.5625,1.3254,0.036505,-0.3352,0.5161,-1.1728,SHAKE1
261.2413,-294.6259,-316.4811,0.6794,505.1849,94.3681,0.3004,295.3211,22273.3828,1.1785,0.096811,-0.2828,0.4639,-1.0441,SHAKE1
311.39,-338.1007,-355.5849,0.3785,581.1337,75.9489,0.3009,390.0191,22598.8828,0.9525,0.151959,-0.2117,0.4012,-0.8332,SHAKE1
351.5089,-372.8806,-386.8679,0.1507,642.0788,60.9451,0.2278,486.7652,15211.6191,0.6907,0.160487,-0.134,0.326,-0.5697,SHAKE1
383.604,-333.792,-411.8943,0.2781,654.3898,12.311,0.1274,558.7208,8269.0313,0.4933,0.089645,-0.0556,0.2451,-0.2943,SHAKE1
409.2801,-185.2398,-431.9155,0.442,623.1973,31.1925,0.1639,601.1969,2921.1353,0.3858,0.031259,0.0187,0.1641,-0.0404,SHAKE1
429.8209,-78.1512,-447.9324,0.5925,625.6973,2.4999,0.1505,625.2994,616.597,0.3684,0.02226,0.0886,0.0895,0.1852,SHAKE1
446.2536,-21.2179,-460.7459,0.7539,641.7782,16.0809,0.1614,637.4283,133.676,0.4435,0.046334,0.1573,0.0172,0.3799,SHAKE1
433.406,20.982,-470.9967,0.9226,640.4053,1.3729,0.1687,637.0936,131.0111,0.5978,0.051275,0.2293,-0.0573,0.5402,SHAKE1
337.4373,65.7418,-479.1974,1.0786,589.7593,50.646,0.156,624.1675,352.2014,0.7579,0.051426,0.3052,-0.1449,0.6706,SHAKE1
167.5499,110.931,-458.1829,1.1988,500.3101,89.4492,0.1202,599.59,2816.0923,0.9093,0.047432,0.3846,-0.2458,0.7778,SHAKE1
31.6399,171.7416,-264.1495,1.2735,316.6563,183.6538,0.0747,537.7819,14869.8223,1.0455,0.035343,0.4605,-0.3556,0.8599,SHAKE1
-77.0881,239.7902,-108.9227,1.2886,274.4195,42.2368,0.015,464.3101,21180.627,1.1524,0.018723,0.5238,-0.4584,0.9108,SHAKE1
-164.0705,294.229,15.2587,1.248,337.2279,62.8084,0.0406,403.6746,14532.0361,1.2175,0.005752,0.5672,-0.5359,0.93,SHAKE1
-233.6564,337.7801,114.6038,1.152,426.4091,89.1812,0.096,371.0046,6642.5718,1.2322,0.002534,0.5881,-0.5709,0.9184,SHAKE1
-289.3251,372.621,194.08,1.0169,510.12,83.7109,0.1351,372.9666,7165.3594,1.1958,0.010257,0.5872,-0.5554,0.8799,SHAKE1
-333.8601,400.4937,257.6608,0.8573,581.5899,71.4699,0.1597,425.9533,12428.3369,1.1126,0.025042,0.5684,-0.4851,0.8188,SHAKE1
-369.4881,422.7918,308.5255,0.6506,640.6733,59.0834,0.2067,499.2041,11691.1025,0.985,0.045251,0.529,-0.3529,0.7315,SHAKE1
-397.9904,440.6303,349.2173,0.4471,688.8427,48.1693,0.2035,569.527,8691.0918,0.8248,0.063616,0.4486,-0.1714,0.6044,SHAKE1
-420.7924,454.9012,381.7708,0.5156,727.8394,38.9968,0.0685,629.8131,5972.7002,0.6975,0.045109,0.3156,0.0343,0.4153,SHAKE1
-439.0339,466.3178,363.3041,0.9025,736.3375,8.498,0.3868,675.0565,3329.9312,0.6746,0.03258,0.1449,0.2451,0.1545,SHAKE1
-453.6271,414.7292,298.4276,1.2601,683.2547,53.0828,0.3577,695.3895,1182.741,0.7552,0.087982,-0.055,0.4436,-0.1518,SHAKE1
-465.3017,229.3834,158.7171,1.4644,542.5067,140.748,0.2043,675.7562,4873.1318,0.9179,0.159901,-0.261,0.5833,-0.4752,SHAKE1
-340.757,81.1067,24.5737,1.574,351.1375,191.3693,0.1096,608.2152,21352.5527,1.1433,0.150845,-0.4315,0.6511,-0.7858,SHAKE1
-170.2087,-37.5146,-82.741,1.6035,192.9363,158.2011,0.0295,501.2345,41537.0039,1.3609,0.067059,-0.5417,0.659,-1.0392,SHAKE1
-33.7701,-132.4117,-168.5928,1.442,217.018,24.0817,0.1615,397.3706,35850.4297,1.4688,0.014698,-0.598,0.617,-1.178,SHAKE1
75.3808,-208.3293,-237.2743,1.225,324.6266,107.6086,0.217,325.645,15418.2637,1.4618,0.01783,-0.6076,0.534,-1.2111,SHAKE1
162.7015,-269.0635,-292.2194,1.0086,429.2542,104.6275,0.2164,302.9945,7646.3892,1.3706,0.050588,-0.5895,0.4406,-1.1524,SHAKE1
232.5581,-317.6508,-336.1755,0.8052,517.6865,88.4323,0.2034,336.3044,15291.8252,1.2169,0.08261,-0.5614,0.3485,-1.0154,SHAKE1
288.4434,-356.5206,-371.3404,0.6329,590.085,72.3985,0.1723,415.734,17752.791,1.0228,0.083233,-0.5312,0.2605,-0.8207,SHAKE1
333.1516,-387.6165,-399.4724,0.4739,648.7023,58.6174,0.1591,502.071,13255.9668,0.8291,0.07084,-0.4983,0.1757,-0.6129,SHAKE1
368.9181,-412.4932,-421.9779,0.3408,695.9286,47.2263,0.1331,576.3314,8960.2285,0.6523,0.055924,-0.4548,0.0935,-0.4058,SHAKE1
397.5314,-432.3946,-439.9823,0.3247,733.8806,37.952,0.016,637.2566,5886.3555,0.5155,0.033277,-0.3925,0.0108,-0.204,SHAKE1
420.422,-243.5188,-454.3858,0.4453,665.2237,68.6569,0.1206,666.764,2312.6953,0.4435,0.012291,-0.3089,-0.0747,-0.0123,SHAKE1
438.7345,-92.4182,-465.9087,0.6376,646.6065,18.6172,0.1923,678.0683,1090.2372,0.4444,0.012647,-0.2024,-0.1674,0.1712,SHAKE1
453.3845,28.4623,-475.1269,0.8487,657.3531,10.7466,0.2112,679.7985,1000.5951,0.5194,0.039543,-0.0814,-0.2645,0.348,SHAKE1
465.1045,19.2324,-482.5015,1.0805,670.4474,13.0943,0.2318,674.7023,940.076,0.6674,0.074234,0.0437,-0.3616,0.5246,SHAKE1
269.6836,-87.0141,-394.4731,1.2884,485.7054,184.7421,0.2079,625.0673,4919.9917,0.8601,0.090741,0.1686,-0.4606,0.6936,SHAKE1
113.3469,-73.6113,-213.1816,1.4421,252.4134,233.292,0.1537,542.5052,25555.168,1.0594,0.084328,0.2888,-0.5541,0.8499,SHAKE1
-11.7225,43.5078,-68.1484,1.4512,81.6979,170.7155,0.0091,429.5234,53091.5391,1.2222,0.05294,0.3922,-0.6225,0.9726,SHAKE1
-111.778,137.2032,47.8782,1.3435,183.334,101.636,0.1077,334.7196,45844.3516,1.3211,0.018203,0.4713,-0.6561,1.0427,SHAKE1
-191.8224,212.1594,140.6994,1.1493,318.7535,135.4195,0.1942,264.3808,18405.1562,1.3349,0.012334,0.5182,-0.6471,1.0438,SHAKE1
-255.8579,240.5994,214.9564,0.8777,411.7737,93.0203,0.2716,249.5945,12734.5449,1.2528,0.046959,0.5209,-0.5846,0.9753,SHAKE1
-307.0864,217.2233,274.362,0.5664,465.5776,53.8038,0.3114,292.2274,20245.1367,1.0776,0.103345,0.4663,-0.4685,0.8463,SHAKE1
-348.0691,276.1755,321.8865,0.3125,548.6674,83.0898,0.2539,385.6212,15810.4893,0.8499,0.140656,0.3633,-0.3086,0.6786,SHAKE1
-380.8553,323.3372,359.9061,0.3908,615.7354,67.0681,0.0783,472.1015,10738.1299,0.6593,0.097773,0.2067,-0.1151,0.4708,SHAKE1
-407.0842,361.0667,323.8311,0.8212,633.2087,17.4733,0.4304,534.9926,7270.8291,0.5937,0.050685,0.0097,0.0885,0.2027,SHAKE1
-428.0674,391.2502,280.6368,1.1692,644.2635,11.0547,0.348,581.4905,4460.2207,0.652,0.0974,-0.2028,0.2681,-0.0961,SHAKE1
-444.8539,347.5877,214.9594,1.4043,604.0859,40.1776,0.235,609.1922,1107.7869,0.8196,0.181023,-0.4008,0.4029,-0.4072,SHAKE1
-278.5488,175.7139,103.5457,1.5422,345.234,258.8519,0.138,568.5055,12654.5166,1.0655,0.173548,-0.5668,0.4769,-0.7158,SHAKE1
-120.4421,38.1711,-13.901,1.5728,127.1085,218.1254,0.0306,470.7801,41624.3906,1.3019,0.078057,-0.674,0.4888,-0.9805,SHAKE1
6.0432,-71.8631,-113.5208,1.4495,134.4908,7.3823,0.1233,371.0366,49017.0938,1.4276,0.020401,-0.7167,0.451,-1.1382,SHAKE1
107.2314,-159.8905,-193.2166,1.2335,272.7567,138.2658,0.2161,296.7352,30497.5937,1.4405,0.014421,-0.7063,0.3897,-1.1882,SHAKE1
188.182,-230.3124,-256.9733,0.9855,393.0541,120.2975,0.248,254.5288,11678.7949,1.3567,0.048541,-0.6596,0.32,-1.1397,SHAKE1
252.9425,-286.6499,-307.9786,0.746,490.9164,97.8623,0.2395,283.6653,20360.1914,1.1975,0.090886,-0.5946,0.2477,-1.0068,SHAKE1
304.7509,-331.7199,-348.7829,0.5514,569.7023,78.7859,0.1946,372.1841,23986.0527,0.9932,0.104462,-0.5254,0.1718,-0.8166,SHAKE1
346.1976,-367.7759,-381.4263,0.3934,632.928,63.2257,0.158,471.8715,16346.3379,0.782,0.090139,-0.458,0.0939,-0.6064,SHAKE1
379.3549,-396.6208,-407.5411,0.2849,683.5992,50.6712,0.1085,554.04,10631.0557,0.5923,0.062787,-0.39,0.0153,-0.3956,SHAKE1
405.8809,-367.8216,-428.4329,0.3192,695.404,11.8047,0.0343,614.51,5787.8994,0.459,0.029013,-0.316,-0.0637,-0.1935,SHAKE1
427.1016,-191.8604,-445.1463,0.5093,646.0506,49.3534,0.1901,645.5369,1969.1195,0.4117,0.010801,-0.2279,-0.1486,0.0019,SHAKE1
444.0781,-51.0914,-458.517,0.7593,640.3542,5.6964,0.25,659.6672,624.6491,0.4532,0.029335,-0.1177,-0.2416,0.195,SHAKE1
457.6594,61.5237,-469.2136,0.9844,658.3303,17.976,0.2251,664.7477,456.1989,0.5714,0.071072,0.0021,-0.3416,0.3851,SHAKE1
347.9244,-0.1998,-407.7678,1.2029,536.028,122.3023,0.2185,635.2335,2827.7842,0.755,0.100706,0.1236,-0.4456,0.5727,SHAKE1
175.9395,-81.9817,-265.6642,1.3934,329.0186,207.0094,0.1905,561.9564,15487.6592,0.9699,0.098069,0.245,-0.5555,0.7489,SHAKE1
38.3516,-59.7197,-110.1345,1.5171,131.0226,197.996,0.1237,458.9507,40603.918,1.1714,0.074921,0.3603,-0.6547,0.8993,SHAKE1
-71.7187,32.2211,14.2892,1.5222,79.9122,51.1104,0.0051,346.8623,50192.6992,1.324,0.042282,0.4576,-0.7231,1.0076,SHAKE1
-159.775,128.1738,113.8283,1.4311,234.3361,154.424,0.0912,262.0635,26131.8301,1.4133,0.013523,0.5393,-0.7475,1.0674,SHAKE1
-230.22,204.9359,193.4595,1.2485,363.9046,129.5684,0.1826,227.6388,12009.7861,1.4225,0.010021,0.6016,-0.7168,1.0642,SHAKE1
-286.576,259.2081,257.1645,0.9637,464.164,100.2594,0.2848,254.6679,20412.4785,1.3365,0.044561,0.625,-0.6118,0.9964,SHAKE1
-331.6608,309.7634,308.1285,0.6464,548.5394,84.3754,0.3173,338.1712,27654.1211,1.1624,0.102963,0.5941,-0.4284,0.8655,SHAKE1
-367.7286,350.2076,348.8997,0.4495,616.1174,67.5781,0.1969,445.4123,18264.7422,0.9478,0.132662,0.509,-0.193,0.6647,SHAKE1
-396.5829,382.563,381.5166,0.6993,670.2144,54.097,0.2498,532.588,11861.7168,0.8015,0.07689,0.3587,0.063,0.3791,SHAKE1
-419.6663,408.4473,399.5633,1.1091,708.9427,38.7283,0.4098,601.5956,7629.0483,0.7736,0.055086,0.1535,0.313,0.0457,SHAKE1
-438.1331,289.1266,314.5725,1.4101,611.9727,96.97,0.3009,631.1573,2999.2007,0.8629,0.120907,-0.0697,0.522,-0.3054,SHAKE1
-353.3189,128.9012,149.258,1.5781,404.6329,207.3398,0.1681,602.376,11068.3584,1.0492,0.179122,-0.276,0.6583,-0.6482,SHAKE1
-180.2583,0.721,17.0064,1.6262,181.0602,223.5727,0.048,515.3646,38961.0078,1.2846,0.118382,-0.4418,0.7219,-0.9398,SHAKE1
-41.8097,-101.8232,-88.7949,1.4417,141.4233,39.6369,0.1845,409.6064,50946.9297,1.433,0.032773,-0.54,0.7246,-1.1016,SHAKE1
68.9491,-183.8586,-173.4359,1.1615,261.9885,120.5652,0.2802,320.2155,29393.9629,1.4435,0.026423,-0.5689,0.6757,-1.1372,SHAKE1
157.5561,-235.8025,-241.1487,0.8918,372.2626,110.2741,0.2698,272.2735,10612.8496,1.3399,0.076341,-0.552,0.5911,-1.0656,SHAKE1
228.4418,-253.4014,-295.319,0.6698,451.233,78.9704,0.222,281.5935,13427.4844,1.1582,0.12179,-0.5118,0.4899,-0.9096,SHAKE1
285.1503,-292.6555,-338.6552,0.5014,530.7026,79.4696,0.1684,351.522,18927.168,0.9332,0.113665,-0.4679,0.3834,-0.694,SHAKE1
330.5171,-336.5244,-373.3242,0.3878,601.549,70.8464,0.1135,443.5471,14132.9482,0.7225,0.07702,-0.428,0.2778,-0.4766,SHAKE1
366.8106,-371.6195,-401.0593,0.3089,658.4069,56.858,0.0789,522.8308,10487.2852,0.5519,0.043588,-0.388,0.1754,-0.2764,SHAKE1
395.8453,-240.7519,-423.2475,0.3335,627.5296,30.8773,0.0246,573.8842,5539.0469,0.4403,0.017565,-0.3363,0.0751,-0.094,SHAKE1
419.0732,-90.2046,-440.998,0.4621,615.0109,12.5187,0.1287,606.6398,1795.7346,0.3987,0.005401,-0.2676,-0.0247,0.0738,SHAKE1
437.6554,30.2332,-455.1984,0.6248,632.1882,17.1772,0.1627,626.9369,361.0132,0.4234,0.012907,-0.1813,-0.1229,0.231,SHAKE1
452.5212,126.5834,-466.5587,0.7941,662.1751,29.9869,0.1693,639.0621,333.4283,0.5047,0.033535,-0.0853,-0.222,0.3823,SHAKE1
464.4138,203.6636,-475.647,0.9649,695.2691,33.094,0.1708,646.4346,836.0759,0.6359,0.051014,0.0041,-0.3218,0.5275,SHAKE1
290.4561,107.459,-475.2645,1.1459,567.264,128.0051,0.181,634.3815,1872.9137,0.7984,0.058348,0.0783,-0.4192,0.6699,SHAKE1
129.9649,-0.6922,-428.7647,1.2929,448.0296,119.2344,0.147,600.9852,7627.9634,0.9645,0.057043,0.1437,-0.514,0.8023,SHAKE1
1.5719,-29.785,-320.4118,1.339,321.797,126.2326,0.046,538.9069,19168.7383,1.1074,0.041596,0.2043,-0.6002,0.9064,SHAKE1
-101.1425,4.922,-153.9326,1.2804,184.2533,137.5438,0.0585,443.3226,32149.2129,1.2046,0.018501,0.2624,-0.6669,0.9642,SHAKE1
-183.314,27.547,-20.7492,1.1251,186.5299,2.2766,0.1553,341.5748,22289.6836,1.2367,0.007245,0.3189,-0.6998,0.961,SHAKE1
-249.0512,30.6001,85.7975,0.8782,265.1869,78.657,0.2469,281.1593,9619.5508,1.1831,0.02843,0.3598,-0.6796,0.8915,SHAKE1
-301.641,47.2957,171.0349,0.5724,349.9673,84.7804,0.3058,261.5468,4612.6709,1.039,0.079844,0.3672,-0.5918,0.7641,SHAKE1
-343.7128,140.2334,239.2248,0.2148,441.6247,91.6574,0.3577,285.5124,9797.9141,0.8142,0.147182,0.3257,-0.4368,0.5884,SHAKE1
-377.3702,214.5836,293.7767,0.3772,524.1747,82.55,0.1624,353.4967,14517.3096,0.6335,0.109271,0.2304,-0.2285,0.351,SHAKE1
-404.2962,274.0638,278.5183,0.857,562.2622,38.0875,0.4798,428.6432,12011.3408,0.5799,0.068052,0.0848,0.0024,0.0639,SHAKE1
-425.8369,234.3229,211.4427,1.1959,530.0494,32.2128,0.3389,481.6157,5918.3076,0.6434,0.122098,-0.0843,0.2128,-0.2494,SHAKE1
-401.8883,85.0583,84.5636,1.3938,419.4045,110.645,0.198,495.5031,3033.2339,0.8077,0.206718,-0.2463,0.3702,-0.5695,SHAKE1
-219.1138,-34.3533,-34.7491,1.4998,224.4961,194.9084,0.106,452.0774,15255.8252,1.0647,0.166139,-0.3724,0.4571,-0.8718,SHAKE1
-72.8941,-129.8827,-130.1993,1.4534,197.8255,26.6706,0.0464,386.8076,22884.8711,1.28,0.055468,-0.4451,0.4751,-1.0915,SHAKE1
44.0816,-206.3062,-206.5594,1.2835,295.2494,97.4239,0.1699,333.405,15552.748,1.3653,0.012412,-0.4559,0.4402,-1.2012,SHAKE1
137.6621,-267.4449,-267.6476,1.0619,402.6324,107.383,0.2215,307.9216,8128.0234,1.3385,0.024359,-0.4156,0.3736,-1.2113,SHAKE1
212.5266,-316.3559,-316.518,0.8051,495.4113,92.7788,0.2568,323.123,12441.7305,1.2207,0.066774,-0.3431,0.2924,-1.1312,SHAKE1
272.4182,-355.4847,-355.6144,0.5088,571.8765,76.4652,0.2964,392.599,18045.0195,1.0225,0.113298,-0.2553,0.2046,-0.9644,SHAKE1
312.2627,-386.7878,-386.8915,0.2692,629.9189,58.0424,0.2396,479.0177,14253.6309,0.7857,0.133589,-0.1626,0.1126,-0.7483,SHAKE1
352.207,-411.8302,-411.9132,0.2095,680.6808,50.762,0.0597,556.1039,9690.7871,0.5709,0.104299,-0.0679,0.0193,-0.5167,SHAKE1
384.1625,-296.4892,-431.9306,0.3432,649.6543,31.0266,0.1337,605.5084,4289.6235,0.4271,0.045785,0.0246,-0.0733,-0.2898,SHAKE1
409.7269,-184.282,-447.9445,0.5204,634.4211,15.2332,0.1772,633.3104,1259.5894,0.3702,0.015704,0.1126,-0.1615,-0.074,SHAKE1
430.1784,-128.3943,-460.7556,0.7347,643.2995,8.8784,0.2143,647.595,320.6722,0.4154,0.036393,0.1994,-0.2423,0.1268,SHAKE1
419.0364,-83.8155,-471.0045,0.9693,635.9731,7.3264,0.2346,648.8058,283.731,0.5554,0.073877,0.2857,-0.3173,0.3216,SHAKE1
257.0979,-12.4555,-479.2036,1.1857,543.9582,92.0149,0.2164,621.4613,1531.4066,0.7507,0.091285,0.3711,-0.3955,0.5078,SHAKE1
103.2783,36.0231,-369.7785,1.3198,385.6166,158.3416,0.1341,568.6537,9708.3369,0.946,0.084717,0.4542,-0.4811,0.6726,SHAKE1
-19.7773,51.7091,-193.4259,1.366,201.1928,184.4238,0.0461,482.0081,28341.2969,1.1151,0.055163,0.5254,-0.5659,0.8031,SHAKE1
-118.2219,110.2735,-52.3438,1.3579,169.931,31.2618,0.0081,387.3344,33653.6172,1.2397,0.022471,0.5766,-0.6349,0.8939,SHAKE1
-196.9775,190.6157,60.5218,1.312,280.7087,110.7777,0.0458,316.2815,18514.666,1.3083,0.00419,0.6029,-0.6755,0.9433,SHAKE1
-259.982,254.8895,150.8143,1.2113,394.0866,113.3779,0.1008,286.3071,8459.5957,1.3134,0.003043,0.5976,-0.6667,0.958,SHAKE1
-310.3856,306.3084,223.0483,1.0662,489.8109,95.7243,0.145,307.146,14335.6152,1.2627,0.01268,0.5613,-0.5871,0.9542,SHAKE1
-350.7085,347.4436,280.8355,0.933,567.9631,78.1523,0.1332,380.5001,20314.6992,1.1761,0.024785,0.5055,-0.4322,0.9361,SHAKE1
-382.9668,380.3518,327.0653,0.8078,631.1124,63.1492,0.1251,472.7363,15500.6074,1.0661,0.033195,0.4309,-0.2146,0.882,SHAKE1
-408.7734,406.6783,364.0491,0.6946,681.9199,50.8076,0.1132,552.9786,10438.4248,0.9426,0.033445,0.3432,0.0361,0.7555,SHAKE1
-429.4188,427.7396,393.6362,0.803,722.7109,40.791,0.1084,618.7034,6831.1484,0.8609,0.016235,0.2553,0.2921,0.5177,SHAKE1
-445.935,444.5885,397.1402,1.1044,744.4712,21.7603,0.3013,669.6355,4077.9185,0.8686,0.019602,0.1813,0.5257,0.2017,SHAKE1
-459.148,458.0677,349.4122,1.3327,736.7034,7.7678,0.2284,703.3835,1771.1527,0.9485,0.055471,0.1251,0.7038,-0.1629,SHAKE1
-377.4247,264.0542,293.936,1.4854,546.4178,190.2856,0.1526,686.4446,5367.251,1.084,0.090791,0.0898,0.8107,-0.5378,SHAKE1
-199.5429,108.8434,227.2488,1.5656,321.4129,225.0049,0.0802,614.3432,26814.1777,1.2582,0.076492,0.066,0.85,-0.8754,SHAKE1
-57.2374,-15.3253,167.2209,1.4886,177.4086,144.0043,0.077,505.2828,50753.6523,1.3953,0.026869,0.0436,0.8307,-1.0963,SHAKE1
56.6069,-114.6602,146.0736,1.2818,194.1361,16.7274,0.2068,395.2158,46559.1328,1.4308,0.011259,0.017,0.7663,-1.1961,SHAKE1
147.6824,-194.1282,148.1526,1.0326,285.3858,91.2497,0.2492,304.9523,17501.4004,1.3708,0.037448,-0.0193,0.6797,-1.1847,SHAKE1
220.5428,-257.7026,140.4753,0.8036,367.1281,81.7423,0.229,269.0943,5327.6538,1.2344,0.080564,-0.0651,0.585,-1.0811,SHAKE1
278.8311,-308.5621,100.3646,0.6015,427.8205,60.6924,0.2021,290.3759,9366.1055,1.0416,0.101579,-0.1056,0.4971,-0.9025,SHAKE1
325.4618,-349.2497,-14.6521,0.3987,477.6143,49.7937,0.2028,350.417,10220.498,0.8236,0.096785,-0.1322,0.4187,-0.6838,SHAKE1
362.7663,-381.7997,-114.1217,0.2362,538.8823,61.2681,0.1625,419.3662,7685.5962,0.6145,0.080086,-0.1448,0.3429,-0.4455,SHAKE1
392.6099,-407.8398,-193.6973,0.3544,598.3264,59.4441,0.1182,481.9543,6583.5244,0.4789,0.040263,-0.1356,0.2631,-0.197,SHAKE1
416.4848,-278.9312,-257.3579,0.5923,563.4672,34.8592,0.2379,521.2222,3733.4214,0.4366,0.019959,-0.0938,0.1626,0.0542,SHAKE1
435.5847,-152.1324,-308.2863,0.8741,554.9043,8.5629,0.2818,546.6389,1569.5348,0.4911,0.04983,-0.0191,0.0388,0.3075,SHAKE1
450.8647,-140.156,-349.0291,1.0995,587.149,32.2447,0.2254,568.5458,464.9536,0.6313,0.102496,0.0765,-0.1002,0.5479,SHAKE1
258.2917,-177.8342,-248.0482,1.2711,399.8344,187.3146,0.1716,540.7363,5208.3057,0.8383,0.110297,0.1785,-0.2488,0.7548,SHAKE1
104.2334,-149.0298,-96.0417,1.3756,205.666,194.1684,0.1045,462.2042,20832.1133,1.0425,0.079493,0.2768,-0.3882,0.9183,SHAKE1
-19.0133,-30.452,25.5635,1.3442,44.0718,161.5942,0.0314,358.3251,42957.3477,1.1929,0.034542,0.3592,-0.4869,1.025,SHAKE1
-117.6106,78.0353,122.8477,1.2175,187.1185,143.0467,0.1266,284.7679,35680.3555,1.2616,0.009622,0.4161,-0.5373,1.061,SHAKE1
-196.4885,164.8251,200.675,1.053,325.6463,138.5278,0.1645,232.4674,14992.3564,1.2523,0.012984,0.4507,-0.5426,1.0317,SHAKE1
-259.5908,233.5788,262.9369,0.8161,437.1296,111.4833,0.2369,239.9264,17711.6973,1.1613,0.042686,0.4665,-0.4805,0.9416,SHAKE1
-310.0726,261.0412,312.7464,0.5943,511.9549,74.8253,0.2218,301.1842,28524.3242,1.005,0.073377,0.4638,-0.3475,0.7944,SHAKE1
-350.4581,311.2298,352.594,0.4394,586.5214,74.5665,0.1549,409.6741,19816.3672,0.824,0.081614,0.4263,-0.1658,0.5907,SHAKE1
-382.7665,331.8401,384.4721,0.6635,635.9613,49.4399,0.2241,499.4427,12092.9395,0.7132,0.043527,0.3368,0.0441,0.3128,SHAKE1
-408.6132,206.0784,409.9745,1.104,614.4202,21.5411,0.4405,557.1975,5360.252,0.7234,0.050876,0.1599,0.2673,-0.0075,SHAKE1
-429.2906,106.9752,430.3765,1.5134,617.218,2.7978,0.4094,593.2152,1900.2103,0.8629,0.154519,-0.0822,0.471,-0.3453,SHAKE1
-241.0356,-0.9636,241.9012,1.7998,341.4898,275.7281,0.2864,559.1221,12090.3613,1.104,0.25751,-0.3595,0.6285,-0.6813,SHAKE1
-90.4316,-103.1709,91.121,1.8569,164.6971,176.7927,0.0571,474.7573,35937.0039,1.3875,0.202158,-0.6203,0.7301,-0.9622,SHAKE1
30.0516,-184.9367,-29.5032,1.6517,189.6711,24.974,0.2053,385.4992,39027.4883,1.5852,0.072206,-0.8162,0.7746,-1.1081,SHAKE1
126.4381,-250.3494,-126.0026,1.3485,307.4704,117.7993,0.3032,324.1093,25995.5,1.6341,0.034718,-0.8938,0.7674,-1.1306,SHAKE1
203.5474,-302.6795,-203.2021,1.0283,417.5374,110.067,0.3202,284.1732,8963.8301,1.537,0.095785,-0.8691,0.7128,-1.0467,SHAKE1
265.2348,-344.5436,-264.9616,0.7277,509.1802,91.6428,0.3006,317.7112,17307.6211,1.3226,0.167013,-0.7722,0.6164,-0.8756,SHAKE1
314.5847,-378.0349,-314.3693,0.4781,583.6968,74.5166,0.2495,401.5112,19752.1934,1.0468,0.176493,-0.6419,0.4932,-0.6558,SHAKE1
349.5959,-404.8279,-353.8955,0.2862,641.3618,57.6649,0.1919,491.8493,14121.6279,0.7738,0.144452,-0.5079,0.3592,-0.4393,SHAKE1
349.1986,-426.2623,-385.5164,0.1849,672.5044,31.1426,0.1013,564.8561,8519.7686,0.541,0.093592,-0.3844,0.2235,-0.2471,SHAKE1
381.7558,-430.4036,-410.8131,0.2437,706.9315,34.4271,0.0588,622.7349,4866.3325,0.3841,0.039167,-0.2706,0.0895,-0.0852,SHAKE1
407.8015,-284.1323,-431.0505,0.4528,657.9041,49.0274,0.2091,652.4797,1650.0193,0.3292,0.013488,-0.1564,-0.0468,0.0574,SHAKE1
428.6381,-124.9089,-447.2404,0.7791,631.9468,25.9572,0.3263,662.1297,695.0001,0.3894,0.045918,-0.0221,-0.1964,0.1959,SHAKE1
445.3074,2.4697,-460.1923,1.1215,640.3762,8.4294,0.3424,661.9326,703.3425,0.5564,0.123099,0.1324,-0.3592,0.3422,SHAKE1
458.6428,104.3727,-470.5539,1.4021,665.3329,24.9567,0.2805,660.4983,681.2451,0.7999,0.179261,0.2954,-0.5296,0.5015,SHAKE1
264.5143,177.3981,-274.0462,1.5566,420.1657,245.1672,0.1545,603.1451,8512.6035,1.0624,0.162985,0.448,-0.6931,0.6635,SHAKE1
109.2114,227.3779,-116.8401,1.5412,277.9918,142.1739,0.0154,527.1627,23284.5039,1.2801,0.087129,0.571,-0.8223,0.7967,SHAKE1
-15.0309,284.2992,8.9248,1.4031,284.8361,6.8443,0.1381,457.7405,28013.5586,1.4049,0.024379,0.6438,-0.8903,0.8753,SHAKE1
-114.4247,329.8362,109.5367,1.1984,365.9006,81.0645,0.2047,402.8454,20015.8398,1.4203,0.016611,0.6643,-0.8884,0.8864,SHAKE1
-193.9398,366.2659,190.0263,0.9658,455.9312,90.0306,0.2326,360.9651,5045.5659,1.333,0.050239,0.6416,-0.8209,0.8298,SHAKE1
-257.5518,395.4096,254.4179,0.6946,536.1064,80.1752,0.2712,384.1533,9941.832,1.1606,0.092039,0.5891,-0.6921,0.7167,SHAKE1
-308.4415,418.7245,305.9312,0.376,603.3741,67.2676,0.3186,449.2297,13064.3916,0.9276,0.131892,0.5053,-0.5166,0.5682,SHAKE1
-349.1532,437.3765,347.1418,0.1596,658.5693,55.1953,0.2164,523.9763,10836.8975,0.6789,0.142776,0.3745,-0.3108,0.3876,SHAKE1
-381.7225,452.2981,380.1104,0.5543,703.3986,44.8292,0.3947,591.476,7721.5811,0.5501,0.075303,0.2231,-0.0841,0.1714,SHAKE1
-407.778,464.2354,406.4852,1.0266,739.6131,36.2145,0.4723,648.2123,5217.0171,0.5622,0.086008,0.0318,0.1457,-0.0897,SHAKE1
-428.6224,430.9289,372.3788,1.4053,712.7993,26.8138,0.3787,683.5509,2288.9531,0.7044,0.204457,-0.1872,0.359,-0.3745,SHAKE1
-318.8385,263.7525,204.3124,1.6301,461.4834,251.3159,0.2247,655.1727,10060.7637,0.9552,0.291364,-0.3977,0.5298,-0.6641,SHAKE1
-152.674,108.602,61.0499,1.6485,197.0554,264.428,0.0184,562.87,43512.9492,1.253,0.17224,-0.5537,0.6399,-0.9136,SHAKE1
-19.7423,-15.5184,-53.5601,1.479,59.1545,137.9008,0.1694,434.0211,73707.1172,1.4379,0.050632,-0.6623,0.6807,-1.0754,SHAKE1
86.6031,-114.8147,-145.248,1.2557,204.4003,145.2458,0.2233,326.9786,54116.8633,1.4837,0.021343,-0.6983,0.6619,-1.1272,SHAKE1
171.6793,-194.2518,-218.5984,1.0242,339.1059,134.7056,0.2315,252.2399,18788.8926,1.4075,0.056529,-0.67,0.5942,-1.0848,SHAKE1
239.7403,-257.8014,-277.2788,0.7967,448.13,109.0241,0.2275,249.5692,17699.7793,1.2408,0.093456,-0.6013,0.4982,-0.9634,SHAKE1
294.1891,-308.6411,-324.223,0.5838,535.6558,87.5258,0.2129,317.2894,28931.3379,1.0279,0.101221,-0.518,0.3937,-0.7937,SHAKE1
337.7482,-349.3129,-361.7784,0.3958,605.7863,70.1304,0.188,426.6157,20298.4648,0.8113,0.093495,-0.4351,0.2896,-0.6158,SHAKE1
372.5955,-381.8503,-391.8227,0.2272,661.9381,56.1519,0.1686,518.1232,13124.2314,0.6055,0.079896,-0.354,0.1907,-0.4419,SHAKE1
400.4733,-407.8803,-415.8582,0.1397,706.8828,44.9446,0.0875,591.6786,8430.4326,0.4286,0.056946,-0.2728,0.0966,-0.2731,SHAKE1
422.7755,-403.4073,-435.0865,0.269,728.5444,21.6616,0.1294,647.7615,4910.355,0.3231,0.023804,-0.1885,0.0099,-0.1065,SHAKE1
440.6173,-262.8696,-450.4692,0.4436,682.7639,45.7805,0.1745,677.1831,1776.2229,0.295,0.012327,-0.0987,-0.0694,0.0542,SHAKE1
454.8907,-107.8988,-462.7754,0.6107,657.8213,24.9426,0.1672,687.5901,723.3915,0.338,0.028381,-0.0049,-0.141,0.2101,SHAKE1
466.3095,-28.3097,-472.6203,0.7952,664.5419,6.7206,0.1844,688.1108,697.7596,0.4516,0.054812,0.093,-0.2076,0.3653,SHAKE1
475.4445,-89.3727,-480.4962,1.0203,681.8442,17.3024,0.2251,683.1031,610.0596,0.6278,0.068998,0.1962,-0.2761,0.5224,SHAKE1
277.9556,-95.6669,-446.572,1.2523,534.6382,147.2061,0.2321,644.3219,3101.4626,0.8244,0.082608,0.3002,-0.3616,0.6747,SHAKE1
119.9645,14.8852,-254.8607,1.3944,282.0763,252.5619,0.142,564.1844,22628.2617,1.0146,0.082406,0.3952,-0.4565,0.8135,SHAKE1
-6.4284,114.305,-101.4917,1.3909,152.9952,129.0811,0.0034,463.2191,44496.0195,1.1706,0.053767,0.4722,-0.546,0.9197,SHAKE1
-107.5427,193.8409,21.2035,1.2897,222.6866,69.6914,0.1012,374.8481,40151.5898,1.2695,0.018629,0.5231,-0.6164,0.977,SHAKE1
-188.4342,257.4696,119.3597,1.1018,340.6535,117.9669,0.188,306.6099,16879.6719,1.2858,0.011568,0.5424,-0.6471,0.9685,SHAKE1
-253.1474,308.3726,197.8846,0.8862,445.3488,104.6953,0.2156,288.752,10011.0859,1.2126,0.037923,0.5305,-0.6196,0.8955,SHAKE1
-304.9179,349.0949,260.7046,0.6528,531.798,86.4492,0.2334,338.6964,19321.9961,1.0643,0.071993,0.4935,-0.5381,0.7708,SHAKE1
-346.3343,381.6728,310.9605,0.3737,601.9286,70.1306,0.2791,428.4831,18221.5977,0.8609,0.104637,0.4302,-0.4122,0.613,SHAKE1
-379.4675,407.7351,351.1653,0.139,658.4532,56.5246,0.2348,515.6364,12732.709,0.6307,0.119093,0.3376,-0.2541,0.4202,SHAKE1
-405.974,428.585,383.3291,0.4845,703.8759,45.4227,0.3455,588.2809,8418.502,0.5073,0.063747,0.1994,-0.0753,0.199,SHAKE1
-427.1792,445.2649,409.0602,0.9482,740.3196,36.4437,0.4637,647.275,5475.4287,0.5197,0.07377,0.0219,0.1139,-0.0601,SHAKE1
-444.1433,451.0588,336.0919,1.3507,716.7113,23.6083,0.4025,684.2577,2404.9995,0.6592,0.188873,-0.1945,0.2946,-0.3444,SHAKE1
-284.1334,420.2564,166.4735,1.6162,533.9107,182.8006,0.2654,670.6541,5385.1694,0.9077,0.293966,-0.423,0.4408,-0.6336,SHAKE1
-124.9099,303.6864,30.7788,1.7356,329.8109,204.0998,0.1194,604.9257,24269.9883,1.227,0.210873,-0.629,0.5344,-0.8977,SHAKE1
2.469,140.5491,-77.7769,1.6892,160.653,169.1578,0.0463,496.2811,49983.7539,1.468,0.085274,-0.7739,0.5758,-1.0992,SHAKE1
104.3721,10.0393,-164.6216,1.5165,195.1783,34.5253,0.1727,387.2529,44318.2148,1.5816,0.018803,-0.8485,0.5696,-1.203,SHAKE1
185.8945,-94.3686,-234.0973,1.249,313.4705,118.2922,0.2676,306.6047,17194.2832,1.5613,0.029858,-0.8412,0.5278,-1.2033,SHAKE1
251.1125,-177.8949,-289.6778,0.9305,422.6314,109.1609,0.3185,284.3488,9057.7939,1.4242,0.090025,-0.7595,0.4641,-1.1115,SHAKE1
303.2869,-244.7159,-334.1423,0.577,513.3419,90.7104,0.3535,321.055,17784.6523,1.1924,0.160486,-0.6271,0.3921,-0.9349,SHAKE1
345.0264,-298.1727,-369.7138,0.2315,587.0591,73.7173,0.3455,406.3362,19517.6465,0.9009,0.210822,-0.4664,0.31,-0.7045,SHAKE1
378.418,-188.8507,-398.1711,0.1176,580.8657,6.1935,0.1138,483.4737,10742.0264,0.6211,0.179438,-0.2929,0.2166,-0.4458,SHAKE1
405.1313,-48.6837,-420.9368,0.4375,586.2502,5.3845,0.3199,538.0297,4098.0557,0.4588,0.081001,-0.1131,0.1094,-0.1815,SHAKE1
426.5019,63.4499,-439.1495,0.7603,615.4527,29.2025,0.3228,576.5939,1146.368,0.4248,0.053515,0.0643,-0.0059,0.0823,SHAKE1
443.5984,153.1568,-453.7196,1.0024,652.7618,37.3091,0.2422,604.4779,728.9971,0.5099,0.108376,0.2266,-0.1256,0.3253,SHAKE1
333.5975,205.5036,-406.7944,1.1773,564.8015,87.9603,0.1749,600.0264,963.3416,0.699,0.146193,0.3656,-0.2451,0.539,SHAKE1
164.478,84.0966,-223.2512,1.2726,289.7695,275.032,0.0953,541.8072,16752.3066,0.93,0.091036,0.4775,-0.3558,0.7126,SHAKE1
29.1824,-21.2133,-76.2041,1.2883,84.313,205.4565,0.0157,441.4197,48139.8164,1.1002,0.039235,0.5559,-0.4464,0.8366,SHAKE1
-79.0541,-30.6457,41.4336,1.2463,94.3687,10.0557,0.042,337.2029,55310.0547,1.1974,0.010946,0.598,-0.5082,0.9037,SHAKE1
-165.6433,77.8803,135.5438,1.1694,227.7612,133.3925,0.0769,252.2028,30565.041,1.2308,0.002386,0.6145,-0.5338,0.9228,SHAKE1
-234.9146,164.7012,210.8319,1.0452,356.0357,128.2745,0.1242,210.4496,11434.375,1.2043,0.008004,0.6136,-0.5226,0.894,SHAKE1
-290.3317,234.1578,271.0624,0.8869,461.0826,105.0469,0.1583,244.7122,21565.498,1.1272,0.021275,0.5966,-0.4787,0.8258,SHAKE1
-334.6654,289.7231,319.2468,0.6989,545.7645,84.6819,0.188,337.0025,26028.9043,1.0093,0.038883,0.5628,-0.4021,0.7304,SHAKE1
-370.1323,324.191,357.7943,0.4646,608.3703,62.6058,0.2343,439.8028,18414.8555,0.853,0.062561,0.5024,-0.2971,0.6128,SHAKE1
-398.5058,361.7497,388.6323,0.2364,663.856,55.4857,0.2281,527.0218,11855.3379,0.6664,0.08375,0.4018,-0.1618,0.4669,SHAKE1
-421.2047,391.7966,388.5965,0.4102,694.2083,30.3523,0.1737,594.6563,7023.9243,0.5394,0.052054,0.2566,-0.0023,0.2948,SHAKE1
-439.3637,415.8342,251.0397,0.795,654.9652,39.2431,0.3848,633.4329,2679.3491,0.521,0.040627,0.0682,0.1749,0.0912,SHAKE1
-453.891,341.458,153.5317,1.1747,588.3728,66.5924,0.3798,641.9545,1475.6625,0.6162,0.110718,-0.1498,0.353,-0.1473,SHAKE1
-465.5128,285.2914,74.6285,1.4606,551.056,37.3168,0.2859,630.4916,2771.1929,0.8154,0.209054,-0.3726,0.5053,-0.4116,SHAKE1
-326.9321,220.7956,-42.6972,1.604,396.8102,154.2458,0.1434,577.0825,10617.4238,1.0889,0.1916,-0.5639,0.6043,-0.6752,SHAKE1
-159.1488,74.2365,-136.5578,1.6546,222.4577,174.3525,0.0506,482.7324,24123.543,1.3378,0.101523,-0.7015,0.6456,-0.9157,SHAKE1
-24.9222,-43.0108,-211.6462,1.5623,217.4055,5.0521,0.0924,395.2204,24612.043,1.4913,0.029115,-0.7719,0.6314,-1.0927,SHAKE1
82.4591,-136.8087,-271.717,1.3479,315.1924,97.7868,0.2144,340.5844,15446.2715,1.5259,0.011993,-0.7769,0.5701,-1.1743,SHAKE1
168.3642,-211.8469,-319.7736,1.0922,418.9042,103.7119,0.2557,314.154,7114.8447,1.4522,0.043331,-0.7256,0.4788,-1.1594,SHAKE1
237.0882,-271.8775,-358.2189,0.8338,508.3788,89.4745,0.2584,336.4677,12795.1855,1.2982,0.091477,-0.6422,0.3767,-1.0609,SHAKE1
292.0675,-319.902,-388.9751,0.5997,582.1876,73.8088,0.2341,408.4137,17094.9492,1.0872,0.119114,-0.5448,0.2685,-0.897,SHAKE1
336.0508,-358.3216,-413.5801,0.4075,642.1628,59.9752,0.1922,493.3651,13509.1064,0.8562,0.113013,-0.4464,0.1579,-0.7024,SHAKE1
371.2375,-389.0573,-433.2641,0.2568,690.58,48.4172,0.1507,568.4427,9302.1016,0.638,0.088914,-0.3528,0.051,-0.5018,SHAKE1
399.3869,-387.8083,-449.0113,0.2457,715.2037,24.6238,0.011,627.7025,5625.7803,0.4687,0.049767,-0.2596,-0.0437,-0.2959,SHAKE1
421.9064,-207.8498,-461.609,0.4958,659.0064,56.1973,0.2501,657.8281,2066.5859,0.4011,0.018686,-0.1575,-0.1317,-0.0775,SHAKE1
439.922,-63.883,-471.6872,0.8407,648.1522,10.8542,0.3449,671.021,766.9596,0.4493,0.047125,-0.039,-0.2213,0.1586,SHAKE1
454.3345,51.2905,-479.7498,1.1187,662.7295,14.5773,0.278,675.1343,597.2303,0.5915,0.116167,0.0896,-0.3167,0.3999,SHAKE1
261.0676,45.5262,-423.3842,1.3271,499.4828,163.2466,0.2083,636.9149,5259.4824,0.8056,0.156125,0.2204,-0.4185,0.6331,SHAKE1
106.4541,-41.7572,-236.5667,1.4772,262.7546,236.7283,0.1502,546.4251,23844.4395,1.0519,0.122978,0.3417,-0.5249,0.8424,SHAKE1
-17.2367,-32.2339,-86.8565,1.4898,94.2347,168.5199,0.0126,433.4708,49446.0742,1.2507,0.059968,0.439,-0.6206,0.9924,SHAKE1
-116.1894,40.6379,32.9117,1.3529,127.415,33.1803,0.1369,329.3234,48115.793,1.3531,0.017942,0.5008,-0.6821,1.0545,SHAKE1
-195.3515,115.5634,128.7262,1.1455,260.9359,133.5209,0.2074,248.9646,20361.7012,1.3585,0.01555,0.529,-0.6973,1.0367,SHAKE1
-258.6812,144.2383,205.3778,0.8872,360.4174,99.4815,0.2583,221.1515,9520.6006,1.2705,0.052035,0.5241,-0.6616,0.9464,SHAKE1
-309.345,128.6312,266.6992,0.5997,428.2158,67.7984,0.2875,254.2438,16654.4648,1.095,0.102688,0.4824,-0.5791,0.7909,SHAKE1
-349.876,205.3019,315.7562,0.2383,514.0662,85.8504,0.3614,338.2101,17985.082,0.8447,0.155642,0.4026,-0.4502,0.5858,SHAKE1
-382.3008,266.6384,355.0018,0.2159,585.8978,71.8316,0.0225,429.9066,12959.7559,0.6173,0.131373,0.2813,-0.2855,0.3492,SHAKE1
-408.2406,315.7076,386.3983,0.685,644.6979,58.8001,0.4691,506.659,10585.665,0.5252,0.068019,0.12,-0.097,0.0805,SHAKE1
-428.9925,331.2098,371.4906,1.1153,657.069,12.3712,0.4304,565.9893,7312.8921,0.5708,0.109382,-0.0769,0.0941,-0.2102,SHAKE1
-406.4971,224.6897,253.4831,1.402,529.1305,127.9385,0.2867,586.1722,3380.9458,0.7313,0.221633,-0.2841,0.2673,-0.5036,SHAKE1
-234.4821,77.3518,105.7709,1.5327,268.6124,260.5181,0.1307,537.0815,20100.0371,0.9902,0.234462,-0.4705,0.3919,-0.7734,SHAKE1
-85.1888,-40.5186,-17.7833,1.4944,95.9955,172.6169,0.0383,439.1011,48934.6406,1.2459,0.100011,-0.6102,0.4571,-0.9811,SHAKE1
34.2458,-134.8148,-116.6266,1.3281,181.5202,85.5247,0.1663,346.4655,45168.8672,1.3745,0.021894,-0.6863,0.4638,-1.0933,SHAKE1
129.7935,-210.2519,-195.7013,1.0989,315.2003,133.6801,0.2291,278.0918,21394.4941,1.3712,0.023638,-0.6925,0.4247,-1.1025,SHAKE1
206.2317,-270.6015,-258.9611,0.828,427.5717,112.3714,0.2709,257.78,12846.6855,1.2564,0.06928,-0.6443,0.3577,-1.0165,SHAKE1
267.3823,-318.8812,-309.5688,0.5623,518.6631,91.0914,0.2657,307.7902,23934.1992,1.0623,0.112698,-0.5652,0.2827,-0.8514,SHAKE1
316.3027,-357.505,-350.0551,0.3446,591.9424,73.2793,0.2177,406.9796,21272.7676,0.8324,0.125518,-0.4736,0.2053,-0.6444,SHAKE1
355.439,-388.404,-382.4441,0.2047,650.7365,58.7941,0.1399,500.8228,14183.3203,0.6077,0.104701,-0.3801,0.1261,-0.4294,SHAKE1
386.7481,-413.1232,-408.3553,0.2004,697.853,47.1165,0.0044,577.3533,9199.4395,0.428,0.057337,-0.287,0.0471,-0.2244,SHAKE1
411.7954,-362.4986,-429.0842,0.3328,696.4868,1.3662,0.1324,631.1364,4658.4736,0.329,0.017338,-0.1903,-0.031,-0.0389,SHAKE1
431.8332,-187.602,-445.6674,0.5264,648.3007,48.1861,0.1936,657.0639,1515.1121,0.3218,0.014192,-0.0853,-0.1086,0.1277,SHAKE1
447.8634,-47.6847,-458.9339,0.7342,643.0209,5.2798,0.2078,667.2796,602.0306,0.3997,0.042032,0.0336,-0.1878,0.2782,SHAKE1
460.6876,64.2491,-469.5471,0.929,660.9354,17.9145,0.1948,669.3193,551.1852,0.5446,0.069469,0.1654,-0.2687,0.4166,SHAKE1
447.6251,-23.6757,-478.0377,1.1155,655.3235,5.6119,0.1865,660.8135,355.1776,0.7276,0.077475,0.312,-0.3518,0.5425,SHAKE1
255.7001,-121.3406,-484.8301,1.3263,561.3968,93.9267,0.2108,633.7954,1347.4216,0.9263,0.078516,0.4674,-0.4487,0.653,SHAKE1
102.1601,-199.4725,-285.4672,1.5165,362.929,198.4677,0.1902,576.7211,12721.583,1.1243,0.077001,0.6206,-0.5602,0.7439,SHAKE1
-20.6719,-195.3467,-125.9769,1.536,233.3621,129.567,0.0195,494.7893,28708.7246,1.2846,0.054755,0.7534,-0.6494,0.807,SHAKE1
-118.9375,-64.9399,1.6154,1.4256,135.521,97.8411,0.1104,389.7065,37960.1641,1.384,0.023561,0.8476,-0.6963,0.8403,SHAKE1
-197.55,50.445,103.6892,1.2511,228.7404,93.2194,0.1745,304.3898,21752.7773,1.4111,0.01194,0.8894,-0.6961,0.8425,SHAKE1
-260.44,142.7529,185.3482,1.0389,350.0876,121.3473,0.2122,262.128,7173.8604,1.3536,0.034903,0.8746,-0.6273,0.8123,SHAKE1
-310.752,216.5992,250.6754,0.778,454.2248,104.1372,0.2609,280.3872,12188.5293,1.2059,0.074056,0.8019,-0.4748,0.7436,SHAKE1
-351.0016,275.6762,302.9372,0.463,539.4168,85.192,0.315,341.5981,21418.7461,0.9913,0.1166,0.661,-0.26,0.6194,SHAKE1
-383.2013,322.9378,344.7466,0.5576,608.2617,68.8449,0.0946,436.1463,18207.7324,0.8177,0.086369,0.4586,-0.02,0.4164,SHAKE1
-408.9611,360.7472,239.5536,0.9607,595.6287,12.633,0.4031,509.5239,9306.9385,0.7596,0.04951,0.2342,0.2257,0.1453,SHAKE1
-429.5688,241.0103,198.2022,1.2646,530.9421,64.6866,0.3039,545.6948,3006.3657,0.8048,0.082868,-0.0053,0.4423,-0.1683,SHAKE1
-408.6551,163.5051,91.043,1.4278,449.4683,81.4738,0.1632,544.7435,3184.0176,0.9347,0.14346,-0.2286,0.5935,-0.4987,SHAKE1
-224.5272,40.1853,-9.3781,1.5256,228.2877,221.1806,0.0978,482.5177,19335.1484,1.1472,0.123618,-0.3962,0.6631,-0.8047,SHAKE1
-77.2249,-70.2518,-109.9025,1.5317,151.5835,76.7042,0.0061,391.1821,29734.1309,1.342,0.045689,-0.4898,0.6707,-1.0333,SHAKE1
40.617,-158.6014,-190.322,1.3883,251.051,99.4675,0.1434,322.2665,20552.4336,1.4276,0.009712,-0.5324,0.6302,-1.1553,SHAKE1
134.8905,-229.2811,-254.6576,1.1278,368.2604,117.2095,0.2604,289.7302,11207.8086,1.4002,0.021617,-0.5238,0.561,-1.1683,SHAKE1
210.3092,-285.8249,-306.1261,0.8467,468.6566,100.3962,0.2812,293.5678,12492.7627,1.284,0.069247,-0.4865,0.4832,-1.0847,SHAKE1
270.6443,-331.0599,-347.3009,0.5615,550.8783,82.2217,0.2851,358.086,20719.6094,1.0912,0.124794,-0.4339,0.3997,-0.9151,SHAKE1
318.9123,-367.248,-380.2407,0.3123,617.3809,66.5026,0.2492,451.2454,16959.0332,0.8473,0.147851,-0.3727,0.3096,-0.6841,SHAKE1
357.5267,-396.1984,-406.5926,0.1868,670.9068,53.5259,0.1255,535.2166,11542.5352,0.607,0.118839,-0.3044,0.2093,-0.4261,SHAKE1
388.4182,-291.64,-427.674,0.3359,647.169,23.7378,0.1491,590.9984,5362.7314,0.4486,0.054202,-0.2268,0.1075,-0.1719,SHAKE1
413.1315,-130.9151,-444.5392,0.5473,620.8313,26.3377,0.2114,621.4332,1620.9495,0.3888,0.020883,-0.1384,0.0076,0.0687,SHAKE1
432.9021,-2.3352,-458.0314,0.7819,630.24,9.4087,0.2346,637.3055,388.9296,0.4329,0.043887,-0.0362,-0.0935,0.2918,SHAKE1
448.7185,100.5287,-468.8251,1.0227,656.6973,26.4573,0.2408,645.1689,322.9071,0.5749,0.090376,0.0798,-0.2009,0.4971,SHAKE1
357.7311,161.6855,-477.4601,1.2441,618.1277,38.5696,0.2214,634.6131,225.2386,0.7864,0.105082,0.2076,-0.318,0.6755,SHAKE1
183.7849,131.3765,-424.9087,1.4073,481.2318,136.8959,0.1632,601.4257,3797.4629,1.0007,0.095681,0.3389,-0.4448,0.8198,SHAKE1
44.6279,111.22,-237.5301,1.4887,266.049,215.1828,0.0814,530.4692,21182.8242,1.1889,0.066765,0.4644,-0.5707,0.924,SHAKE1
-66.6977,154.9885,-87.6272,1.4848,190.1277,75.9213,0.0038,442.4467,34610.4961,1.3295,0.031386,0.5716,-0.6755,0.9833,SHAKE1
-155.7581,226.3877,32.2951,1.4014,276.6857,86.558,0.0834,366.4444,25148.8242,1.4053,0.007857,0.6524,-0.7384,0.9964,SHAKE1
-227.0065,283.507,128.233,1.2587,385.1647,108.4791,0.1427,319.8518,10379.1396,1.4082,0.006947,0.6952,-0.7434,0.9699,SHAKE1
-284.0052,261.8838,204.9833,1.0693,437.3331,52.1683,0.1894,311.072,7853.7217,1.3406,0.025343,0.6973,-0.682,0.9149,SHAKE1
-329.6042,205.7383,266.3835,0.7945,471.0916,33.7585,0.2748,352.0806,10887.8613,1.2018,0.061329,0.6552,-0.5547,0.8292,SHAKE1
-366.0833,266.9875,315.5037,0.4981,552.1249,81.0333,0.2964,424.48,8403.9824,1.0044,0.105393,0.5604,-0.3534,0.7074,SHAKE1
-395.2667,315.9869,354.7998,0.4566,618.0342,65.9094,0.0414,492.7497,6867.2461,0.8154,0.098177,0.412,-0.1141,0.5205,SHAKE1
-418.6133,355.1864,366.2523,0.8467,659.951,41.9167,0.3901,547.7069,7123.2954,0.733,0.052282,0.2236,0.1392,0.2555,SHAKE1
-437.2907,340.0741,308.9738,1.2511,634.3015,25.6495,0.4043,587.1006,4634.6753,0.7694,0.082013,0.0017,0.3854,-0.0609,SHAKE1
-452.2325,169.6593,174.7071,1.5209,513.6352,120.6663,0.2698,595.6094,2950.0923,0.9147,0.173723,-0.2229,0.5952,-0.3962,SHAKE1
-275.511,33.3274,37.3657,1.6357,280.0237,233.6115,0.1149,541.1891,19529.2148,1.1422,0.19123,-0.4059,0.7222,-0.7242,SHAKE1
-118.012,-75.738,-72.5074,1.6271,157.862,122.1617,0.0087,449.1547,39265.7813,1.3763,0.089445,-0.5271,0.7747,-0.9891,SHAKE1
7.9873,-162.9904,-160.4059,1.4622,228.8225,70.9605,0.1649,362.929,32653.1406,1.4994,0.01968,-0.587,0.7679,-1.136,SHAKE1
108.7867,-232.7924,-230.7248,1.1956,345.3415,116.519,0.2666,305.137,14646.4814,1.4883,0.025681,-0.5852,0.7104,-1.1648,SHAKE1
189.4263,-288.6339,-286.9798,0.9188,448.9424,103.6009,0.2768,292.1984,9920.7715,1.3679,0.075826,-0.5435,0.6187,-1.0904,SHAKE1
253.9379,-333.3071,-331.9839,0.6563,534.5945,85.6522,0.2625,343.1126,19050.0508,1.172,0.124373,-0.4892,0.5131,-0.9288,SHAKE1
305.5472,-369.0457,-367.9871,0.4366,604.126,69.5315,0.2197,432.3654,17846.0332,0.9339,0.134436,-0.4344,0.4023,-0.7089,SHAKE1
346.8346,-397.6365,-396.7897,0.2914,660.1902,56.0641,0.1452,518.6389,12497.7998,0.6998,0.106349,-0.382,0.2881,-0.4717,SHAKE1
379.8646,-394.6967,-419.8317,0.2746,690.1749,29.9847,0.0169,587.6056,7619.9141,0.5155,0.059402,-0.3266,0.1776,-0.2439,SHAKE1
406.2886,-274.0261,-438.2654,0.4018,657.4475,32.7274,0.1273,629.3066,3011.0173,0.4121,0.018765,-0.2628,0.0754,-0.0287,SHAKE1
427.4277,-116.824,-453.0123,0.6049,633.6896,23.7579,0.2031,649.1256,827.9905,0.4019,0.01417,-0.183,-0.0186,0.177,SHAKE1
444.3391,8.9377,-464.8098,0.8316,643.0904,9.4008,0.2267,656.9185,369.5538,0.4809,0.044623,-0.0846,-0.1069,0.3761,SHAKE1
457.8682,68.8751,-474.2479,1.0373,662.7957,19.7053,0.2057,657.4396,374.0497,0.6301,0.077118,0.032,-0.1984,0.5611,SHAKE1
263.8945,-46.4593,-481.7983,1.2207,551.297,111.4987,0.1834,629.6639,1641.498,0.8193,0.085809,0.1607,-0.3018,0.7253,SHAKE1
108.7156,-139.5674,-380.2793,1.3607,419.4168,131.8802,0.14,582.0579,8061.5479,1.0111,0.072803,0.2944,-0.4177,0.858,SHAKE1
-15.4275,-214.054,-201.8265,1.4216,294.6032,124.8136,0.0609,514.2406,19455.2383,1.1744,0.046846,0.4203,-0.5363,0.9426,SHAKE1
-114.742,-225.0525,-59.0644,1.3914,259.4282,35.175,0.0301,437.5081,23232.793,1.2863,0.020236,0.5268,-0.6381,0.9725,SHAKE1
-194.1936,-213.6264,55.1454,1.2828,293.9191,34.4909,0.1086,363.7328,11762.6699,1.3354,0.005426,0.6033,-0.7006,0.9548,SHAKE1
-257.7549,-204.223,146.5132,1.1096,360.0149,66.0959,0.1732,325.4765,3265.8198,1.3132,0.012502,0.6415,-0.7043,0.8986,SHAKE1
-308.6039,-188.0659,219.6074,0.8981,422.886,62.8711,0.2115,326.1703,3398.1047,1.2207,0.037956,0.6393,-0.6391,0.8145,SHAKE1
-349.2831,-80.3246,278.0828,0.6423,453.6307,30.7447,0.2558,357.9758,5436.4517,1.0649,0.072501,0.5995,-0.4832,0.7061,SHAKE1
-381.8265,38.1372,324.8631,0.406,502.7743,49.1436,0.2363,406.645,5318.7529,0.8678,0.099132,0.5,-0.2637,0.5573,SHAKE1
-407.8612,132.9066,362.2874,0.6393,561.4865,58.7122,0.2332,460.1584,4708.811,0.7391,0.058556,0.323,-0.0124,0.3394,SHAKE1
-428.689,183.7316,232.7799,1.132,521.2657,40.2208,0.4927,492.4086,2409.811,0.7435,0.061956,0.0854,0.2433,0.0601,SHAKE1
-445.3512,102.2165,83.8239,1.4957,464.5561,56.7097,0.3638,500.7426,1528.8292,0.8631,0.15605,-0.1797,0.4779,-0.2597,SHAKE1
-400.0091,11.6763,-35.3409,1.6758,401.7369,62.8191,0.1801,490.3639,2937.6299,1.0698,0.235698,-0.4415,0.6345,-0.5921,SHAKE1
-217.6104,-93.0589,-130.6727,1.687,270.3509,131.3861,0.0111,443.8792,10427.1494,1.326,0.158145,-0.6466,0.7103,-0.8857,SHAKE1
-71.6914,-176.8472,-206.9381,1.5529,281.4924,11.1415,0.134,387.8804,9798.8818,1.5087,0.040754,-0.7534,0.7167,-1.0797,SHAKE1
45.0437,-243.8777,-267.9505,1.3004,365.1065,83.6141,0.2525,356.6486,5368.8535,1.5424,0.019908,-0.7667,0.6653,-1.153,SHAKE1
138.4319,-297.5022,-316.7604,1.0098,456.079,90.9725,0.2906,354.9532,5014.458,1.4452,0.066749,-0.7165,0.5695,-1.115,SHAKE1
213.1424,-340.4017,-355.8083,0.7348,536.5656,80.4865,0.275,381.9189,10446.1758,1.257,0.121618,-0.6361,0.4546,-0.9811,SHAKE1
272.9108,-371.2245,-387.0467,0.5113,601.7417,65.1761,0.2236,448.1971,13228.3105,1.0219,0.140581,-0.5492,0.3346,-0.7837,SHAKE1
320.7255,-376.5609,-412.0374,0.3587,643.7684,42.0267,0.1525,520.6522,10070.0977,0.783,0.115075,-0.4695,0.2147,-0.5584,SHAKE1
358.9773,-365.6893,-432.0299,0.2972,670.256,26.4877,0.0615,581.6821,5982.8135,0.5824,0.068475,-0.397,0.0989,-0.3383,SHAKE1
389.5787,-321.864,-448.0239,0.3431,675.3469,5.0908,0.0459,625.5358,2659.0667,0.449,0.025595,-0.3254,-0.0099,-0.1365,SHAKE1
414.0599,-155.0943,-460.8191,0.4864,638.6346,36.7123,0.1433,645.9495,693.5216,0.3993,0.007071,-0.2403,-0.1084,0.0501,SHAKE1
433.6448,-21.6786,-471.0553,0.7272,640.6332,1.9986,0.2407,653.7278,247.8062,0.4425,0.024194,-0.1326,-0.1949,0.2367,SHAKE1
449.3127,85.054,-479.2442,1.0012,662.4131,21.78,0.274,657.4568,229.1501,0.571,0.068702,0.0016,-0.28,0.4253,SHAKE1
262.9064,88.1307,-485.7954,1.2425,559.3603,103.0529,0.2413,635.2776,1629.0547,0.7601,0.108136,0.1545,-0.3716,0.6098,SHAKE1
107.9251,20.7577,-286.2394,1.3935,306.6133,252.747,0.1511,561.5309,17473.4121,0.9702,0.109485,0.311,-0.4675,0.7757,SHAKE1
-16.0599,17.553,-126.5947,1.4397,128.8109,177.8024,0.0461,459.5662,43336.9336,1.1608,0.070426,0.4526,-0.5571,0.9046,SHAKE1
-115.2479,116.4393,1.1211,1.4046,163.8336,35.0227,0.035,364.2062,45177.9141,1.2963,0.026347,0.5643,-0.6262,0.9805,SHAKE1
-194.5983,195.5483,103.2938,1.2984,294.5798,130.7462,0.1063,290.6396,22949.957,1.3557,0.005397,0.6359,-0.6536,1.0005,SHAKE1
-258.0787,258.8355,185.0319,1.1285,409.6794,115.0996,0.1698,260.7034,10445.7168,1.3329,0.012635,0.6658,-0.6216,0.9693,SHAKE1
-308.8629,309.4653,250.4224,0.9314,503.8616,94.1821,0.1971,300.1531,20293.0762,1.2405,0.035599,0.6597,-0.5239,0.8997,SHAKE1
-349.4904,349.9691,302.7348,0.6976,579.8881,76.0266,0.2339,390.3685,21932.9609,1.0921,0.064602,0.616,-0.3483,0.7919,SHAKE1
-381.9923,382.3722,344.5847,0.4808,640.9877,61.0995,0.2168,485.7993,15124.3018,0.9073,0.085672,0.5101,-0.1268,0.623,SHAKE1
-407.9938,408.2946,204.6022,0.7031,612.3933,28.5944,0.2223,549.362,6976.3115,0.7883,0.04926,0.3473,0.1145,0.3752,SHAKE1
-428.7951,333.3795,113.7474,1.1062,554.9284,57.4649,0.4031,578.4118,2236.3738,0.7838,0.0463,0.1468,0.3518,0.0677,SHAKE1
-445.4361,164.3036,45.2979,1.4163,476.9286,77.9998,0.3101,573.0252,3155.5808,0.8808,0.112544,-0.0701,0.5622,-0.2745,SHAKE1
-253.952,77.7116,-66.1617,1.5562,273.6934,203.2352,0.1399,511.7862,17315.8633,1.0525,0.167567,-0.2675,0.7042,-0.6118,SHAKE1
-100.7647,-23.5057,-139.4262,1.5656,173.6252,100.0681,0.0094,418.3138,28110.7344,1.2695,0.107771,-0.4041,0.7795,-0.8933,SHAKE1
21.7851,-121.2046,-189.3035,1.4706,225.8339,52.2087,0.0951,341.0019,22009.9336,1.423,0.028149,-0.4757,0.7959,-1.0714,SHAKE1
119.825,-199.3636,-244.5865,1.2911,337.5299,111.696,0.1795,297.5222,10968.9492,1.4599,0.010194,-0.4943,0.7609,-1.1398,SHAKE1
198.2569,-261.8909,-298.0692,1.09,443.5515,106.0215,0.201,290.8468,8751.9697,1.3947,0.032925,-0.4786,0.6855,-1.1141,SHAKE1
261.0023,-311.9128,-340.8554,0.8816,530.6545,87.1031,0.2084,342.239,17553.5117,1.2598,0.062158,-0.4538,0.5891,-1.0145,SHAKE1
311.1988,-351.9302,-375.0843,0.6824,601.1554,70.5009,0.1992,427.7451,17963.6445,1.0831,0.078912,-0.4296,0.4875,-0.8608,SHAKE1
351.3559,-383.9442,-402.4675,0.4993,657.9089,56.7535,0.1831,514.16,12937.5498,0.8889,0.07933,-0.4072,0.3875,-0.6745,SHAKE1
383.4816,-409.5553,-424.374,0.3175,703.482,45.5731,0.1818,587.3505,8509.6348,0.6942,0.074364,-0.3781,0.2868,-0.4736,SHAKE1
409.1822,-430.0443,-441.8992,0.2603,740.0291,36.5471,0.0572,646.6459,5520.1982,0.5282,0.053136,-0.3319,0.183,-0.2624,SHAKE1
429.7426,-241.6385,-455.9193,0.4365,671.5135,68.5156,0.1762,674.8177,2159.4246,0.4392,0.021919,-0.2619,0.0727,-0.0459,SHAKE1
