gx,gy,gz,lin_acc_mag,gyro_mag,gyro_diff,lin_acc_diff,gyro_avg,gyro_var,lin_acc_avg,lin_acc_var,lin_ax_avg,lin_ay_avg,lin_az_avg,label
17.6517,17.7325,-1.8836,0.0003,25.0913,0.2197,0.0001,25.1265,0.0087,0.0002,0.0,0.0,-0.0001,-0.0001,STILL1
-18.1307,18.1517,-2.3788,0.0002,25.7656,0.6743,0.0001,25.2622,0.0717,0.0002,0.0,0.0,-0.0,-0.0001,STILL1
-18.0702,17.8276,-2.3905,0.0002,25.4965,0.2691,0.0,25.3432,0.0703,0.0002,0.0,0.0,-0.0001,-0.0002,STILL1
-18.0843,17.6871,-2.378,0.0004,25.4073,0.0892,0.0002,25.4143,0.049,0.0003,0.0,0.0,-0.0001,-0.0002,STILL1
-18.1924,17.8465,-2.3493,0.0005,25.5926,0.1854,0.0001,25.4706,0.0501,0.0003,0.0,0.0,-0.0002,-0.0002,STILL1
-18.5727,17.796,-2.5107,0.0002,25.8446,0.252,0.0003,25.6213,0.0266,0.0003,0.0,0.0,-0.0002,-0.0002,STILL1
-18.03,18.4461,-2.4179,0.0002,25.9073,0.0627,0.0,25.6497,0.038,0.0003,0.0,-0.0,-0.0002,-0.0001,STILL1
-18.1022,18.31,-2.1937,0.0003,25.841,0.0663,0.0001,25.7186,0.0359,0.0003,0.0,-0.0,-0.0002,-0.0002,STILL1
-18.5598,18.4512,-2.2018,0.0002,26.2633,0.4223,0.0001,25.8898,0.0465,0.0003,0.0,-0.0,-0.0002,-0.0001,STILL1
-18.4416,18.2266,-2.649,0.0001,26.0637,0.1996,0.0001,25.984,0.026,0.0002,0.0,-0.0,-0.0001,-0.0001,STILL1
-18.1533,18.0281,-2.7942,0.0001,25.7364,0.3273,0.0,25.9624,0.0339,0.0002,0.0,-0.0001,-0.0001,-0.0001,STILL1
-18.107,18.0006,-2.6853,0.0003,25.6729,0.0635,0.0002,25.9155,0.0479,0.0002,0.0,-0.0,-0.0001,-0.0001,STILL1
-18.2262,17.838,-2.667,0.0002,25.6418,0.0311,0.0002,25.8756,0.0602,0.0002,0.0,-0.0,-0.0001,-0.0,STILL1
-18.4466,17.8673,-2.6149,0.0001,25.8138,0.172,0.0,25.7857,0.0228,0.0002,0.0,-0.0,-0.0001,-0.0,STILL1
-18.4542,17.5313,-2.9013,0.0002,25.6188,0.1951,0.0,25.6967,0.005,0.0002,0.0,-0.0,-0.0001,-0.0,STILL1
-18.2446,17.3751,-3.1116,0.0003,25.3858,0.2329,0.0001,25.6266,0.0191,0.0002,0.0,-0.0,-0.0001,-0.0001,STILL1
-18.1613,17.1188,-2.8299,0.0003,25.1176,0.2682,0.0001,25.5156,0.0582,0.0002,0.0,-0.0001,-0.0001,-0.0001,STILL1
-17.8447,16.9513,-2.5483,0.0003,24.7441,0.3735,0.0,25.336,0.1418,0.0002,0.0,-0.0001,-0.0001,-0.0002,STILL1
-18.0226,16.9829,-2.148,0.0003,24.8565,0.1124,0.0001,25.1446,0.1054,0.0003,0.0,-0.0,-0.0001,-0.0002,STILL1
-18.115,16.7863,-2.1403,0.0002,24.7894,0.0672,0.0001,24.9787,0.0582,0.0003,0.0,-0.0,-0.0001,-0.0002,STILL1
-18.1263,17.3322,-1.706,0.0001,25.1372,0.3478,0.0001,24.929,0.0276,0.0002,0.0,0.0,-0.0001,-0.0002,STILL1
-18.0917,17.6782,-1.5273,0.0001,25.3409,0.2037,0.0,24.9736,0.0524,0.0002,0.0,0.0,-0.0001,-0.0001,STILL1
-18.2046,17.2707,-2.1406,0.0002,25.1847,0.1563,0.0001,25.0617,0.043,0.0002,0.0,0.0,-0.0,-0.0,STILL1
-18.3574,17.4041,-1.6812,0.0002,25.352,0.1673,0.0,25.1608,0.0416,0.0002,0.0,0.0,-0.0,0.0,STILL1
-18.6047,17.8389,-1.7419,0.0002,25.834,0.482,0.0,25.3698,0.061,0.0002,0.0,0.0,0.0,0.0001,STILL1
-18.9119,17.5836,-1.5591,0.0001,25.8703,0.0363,0.0001,25.5164,0.0788,0.0002,0.0,0.0,0.0,0.0001,STILL1
-19.017,17.7606,-1.7817,0.0002,26.0818,0.2115,0.0001,25.6646,0.1146,0.0002,0.0,0.0001,0.0,0.0002,STILL1
-18.8074,17.7835,-1.6753,0.0003,25.9379,0.1439,0.0,25.8152,0.0608,0.0002,0.0,0.0,0.0,0.0002,STILL1
-19.2334,17.7424,-1.409,0.0003,26.205,0.2671,0.0,25.9858,0.0192,0.0002,0.0,-0.0001,0.0,0.0002,STILL1
-19.1305,17.3908,-1.4085,0.0004,25.8921,0.3129,0.0001,25.9974,0.0162,0.0002,0.0,-0.0001,0.0001,0.0001,STILL1
-19.295,18.272,-1.5174,0.0003,26.617,0.725,0.0001,26.1468,0.0674,0.0003,0.0,-0.0001,0.0001,0.0001,STILL1
-19.3485,18.1801,-1.917,0.0004,26.6187,0.0017,0.0001,26.2542,0.0996,0.0003,0.0,-0.0001,0.0002,0.0001,STILL1
-19.6507,17.5754,-2.6336,0.0003,26.4949,0.1239,0.0001,26.3655,0.0788,0.0003,0.0,-0.0001,0.0002,0.0001,STILL1
-19.3893,17.1478,-2.7882,0.0003,26.0339,0.461,0.0001,26.3313,0.0945,0.0003,0.0,-0.0001,0.0003,0.0001,STILL1
-19.2614,17.2495,-2.5055,0.0004,25.9774,0.0565,0.0001,26.3484,0.0806,0.0003,0.0,-0.0001,0.0002,0.0002,STILL1
-19.2279,17.3527,-2.495,0.0005,26.0203,0.0429,0.0,26.229,0.0735,0.0004,0.0,-0.0,0.0002,0.0003,STILL1
-19.3292,17.1665,-2.7898,0.0005,26.0017,0.0185,0.0,26.1056,0.0382,0.0004,0.0,-0.0,0.0002,0.0003,STILL1
-19.0665,17.1832,-2.9412,0.0003,25.835,0.1668,0.0001,25.9737,0.0052,0.0004,0.0,-0.0,0.0002,0.0003,STILL1
-19.2126,17.2591,-2.5061,0.0002,25.9476,0.1127,0.0001,25.9564,0.0043,0.0004,0.0,0.0,0.0002,0.0003,STILL1
-19.3857,17.1291,-2.6205,0.0002,26.0015,0.0539,0.0,25.9612,0.0046,0.0003,0.0,0.0,0.0002,0.0003,STILL1
-19.9617,17.3439,-2.4651,0.0002,26.5586,0.557,0.0,26.0689,0.0637,0.0003,0.0,-0.0001,0.0001,0.0002,STILL1
-19.7693,17.4127,-2.7721,0.0003,26.4898,0.0687,0.0001,26.1665,0.0887,0.0003,0.0,-0.0001,0.0001,0.0001,STILL1
-19.2186,17.0864,-2.5708,0.0003,25.8439,0.6459,0.0,26.1683,0.0875,0.0003,0.0,-0.0001,0.0001,0.0001,STILL1
-19.3999,17.7785,-3.1848,0.0003,26.5061,0.6622,0.0,26.28,0.0881,0.0003,0.0,-0.0002,0.0001,0.0,STILL1
-19.5605,17.6915,-3.1291,0.0003,26.5593,0.0532,0.0001,26.3915,0.0757,0.0003,0.0,-0.0002,0.0001,-0.0001,STILL1
-18.9547,17.5157,-2.7283,0.0003,25.9523,0.6069,0.0,26.2703,0.094,0.0003,0.0,-0.0002,0.0001,-0.0001,STILL1
-18.7762,17.597,-2.7389,0.0002,25.8786,0.0737,0.0001,26.148,0.1001,0.0003,0.0,-0.0002,0.0001,-0.0002,STILL1
-18.7835,17.9869,-2.1286,0.0004,26.0937,0.2151,0.0002,26.198,0.0797,0.0003,0.0,-0.0002,-0.0,-0.0002,STILL1
-18.5924,18.0927,-1.9904,0.0004,26.0189,0.0748,0.0001,26.1006,0.0577,0.0003,0.0,-0.0001,-0.0001,-0.0003,STILL1
-18.1021,18.546,-1.9985,0.0002,25.9929,0.026,0.0002,25.9873,0.0051,0.0003,0.0,-0.0001,-0.0001,-0.0002,STILL1
-18.2285,18.4274,-1.7832,0.0003,25.9813,0.0116,0.0001,25.9931,0.0048,0.0003,0.0,0.0,-0.0001,-0.0002,STILL1
-18.4391,18.2857,-2.1547,0.0003,26.0578,0.0765,0.0,26.0289,0.0017,0.0003,0.0,0.0001,-0.0001,-0.0002,STILL1
-18.8481,18.2067,-2.4425,0.0003,26.3192,0.2614,0.0,26.074,0.0157,0.0003,0.0,0.0001,-0.0001,-0.0001,STILL1
-19.1066,18.2591,-2.6509,0.0003,26.561,0.2418,0.0,26.1824,0.0508,0.0003,0.0,0.0001,-0.0001,-0.0,STILL1
-19.2291,18.0604,-2.1582,0.0003,26.4687,0.0923,0.0,26.2776,0.0509,0.0003,0.0,0.0001,-0.0002,0.0,STILL1
-18.9864,18.1014,-2.1703,0.0002,26.3221,0.1466,0.0001,26.3458,0.0291,0.0003,0.0,0.0001,-0.0002,0.0001,STILL1
-18.6891,17.878,-1.9644,0.0001,25.9377,0.3844,0.0001,26.3217,0.0453,0.0002,0.0,0.0001,-0.0001,0.0001,STILL1
-18.3513,17.8431,-2.084,0.0001,25.6805,0.2572,0.0,26.194,0.1112,0.0002,0.0,0.0001,-0.0001,0.0001,STILL1
-18.6998,17.7119,-2.2078,0.0002,25.8509,0.1704,0.0001,26.052,0.0876,0.0002,0.0,0.0001,-0.0001,0.0001,STILL1
-18.3567,17.7071,-1.9319,0.0003,25.5781,0.2728,0.0002,25.8739,0.0661,0.0002,0.0,0.0,-0.0001,0.0,STILL1
-18.1229,17.6719,-2.2143,0.0002,25.4094,0.1687,0.0001,25.6913,0.0357,0.0002,0.0,0.0001,-0.0002,0.0,STILL1
-18.0077,17.8875,-2.3495,0.0002,25.4904,0.081,0.0001,25.6018,0.0236,0.0002,0.0,0.0001,-0.0002,0.0,STILL1
-17.8343,17.8975,-2.5703,0.0001,25.3966,0.0938,0.0,25.5451,0.0276,0.0002,0.0,0.0001,-0.0002,0.0001,STILL1
-17.6393,18.2711,-3.0125,0.0,25.5745,0.1779,0.0001,25.4898,0.006,0.0002,0.0,0.0001,-0.0001,0.0,STILL1
-17.9583,18.1825,-3.0475,0.0001,25.737,0.1625,0.0001,25.5216,0.0157,0.0001,0.0,0.0,-0.0001,0.0,STILL1
-17.7698,18.0617,-2.5067,0.0001,25.4612,0.2758,0.0001,25.5319,0.0138,0.0001,0.0,-0.0,-0.0,0.0,STILL1
-17.7814,18.3056,-2.5366,0.0003,25.6458,0.1846,0.0001,25.563,0.0151,0.0001,0.0,-0.0001,0.0,0.0001,STILL1
-18.0252,18.5757,-2.9824,0.0002,26.0549,0.4091,0.0,25.6947,0.0406,0.0002,0.0,-0.0001,0.0,0.0001,STILL1
-17.7764,18.2387,-3.0234,0.0003,25.6474,0.4075,0.0,25.7093,0.0379,0.0002,0.0,-0.0002,-0.0,0.0001,STILL1
-17.5023,17.8378,-2.9344,0.0004,25.1621,0.4853,0.0001,25.5943,0.0844,0.0003,0.0,-0.0002,-0.0,0.0001,STILL1
-17.9206,17.8828,-3.0006,0.0005,25.494,0.3319,0.0001,25.6009,0.0829,0.0003,0.0,-0.0003,-0.0001,0.0002,STILL1
-17.7896,18.4812,-2.2099,0.0004,25.747,0.253,0.0001,25.6211,0.0863,0.0004,0.0,-0.0003,-0.0001,0.0002,STILL1
-17.8005,18.4631,-2.3648,0.0005,25.7553,0.0082,0.0001,25.5612,0.0487,0.0004,0.0,-0.0003,-0.0001,0.0002,STILL1
-18.0185,18.3017,-1.9668,0.0003,25.7583,0.003,0.0002,25.5833,0.0545,0.0004,0.0,-0.0003,-0.0001,0.0002,STILL1
-17.7898,18.4726,-2.0953,0.0003,25.7314,0.0268,0.0,25.6972,0.0104,0.0004,0.0,-0.0003,-0.0001,0.0002,STILL1
-18.1975,18.2875,-2.2825,0.0002,25.8996,0.1682,0.0001,25.7783,0.0038,0.0003,0.0,-0.0002,-0.0001,0.0002,STILL1
-18.3517,18.3144,-2.0698,0.0002,26.0093,0.1097,0.0,25.8308,0.0115,0.0003,0.0,-0.0002,-0.0001,0.0002,STILL1
-18.5564,18.4359,-1.9746,0.0001,26.232,0.2227,0.0002,25.9261,0.0335,0.0002,0.0,-0.0001,-0.0001,0.0001,STILL1
-18.8638,18.0706,-1.8671,0.0002,26.1892,0.0428,0.0001,26.0123,0.0342,0.0002,0.0,-0.0001,-0.0,0.0,STILL1
-18.2692,18.0752,-2.0437,0.0002,25.7809,0.4084,0.0001,26.0222,0.0291,0.0002,0.0,-0.0,0.0,-0.0,STILL1
-18.4966,17.6195,-2.3131,0.0003,25.65,0.1309,0.0001,25.9723,0.0513,0.0002,0.0,-0.0,0.0,-0.0001,STILL1
-18.5442,17.5019,-2.5567,0.0004,25.6269,0.0231,0.0001,25.8958,0.069,0.0002,0.0,0.0,0.0,-0.0002,STILL1
-18.451,17.0046,-2.7048,0.0004,25.2371,0.3898,0.0,25.6968,0.0936,0.0003,0.0,0.0,0.0,-0.0003,STILL1
-18.7014,17.5662,-2.2576,0.0001,25.7567,0.5197,0.0004,25.6103,0.0383,0.0003,0.0,-0.0,0.0,-0.0003,STILL1
-18.4424,17.5248,-2.3748,0.0001,25.5515,0.2052,0.0001,25.5645,0.0311,0.0003,0.0,-0.0,0.0,-0.0003,STILL1
-18.482,17.273,-2.2998,0.0002,25.4014,0.1501,0.0,25.5147,0.0325,0.0002,0.0,-0.0,0.0,-0.0002,STILL1
-19.0512,17.9621,-2.2336,0.0002,26.2788,0.8775,0.0,25.6451,0.1297,0.0002,0.0,-0.0001,0.0001,-0.0001,STILL1
-19.2097,17.9322,-2.3588,0.0004,26.3845,0.1057,0.0002,25.8746,0.1531,0.0002,0.0,-0.0001,0.0001,-0.0001,STILL1
-19.074,17.6833,-1.9495,0.0005,26.0829,0.3016,0.0,25.9398,0.1548,0.0003,0.0,-0.0002,0.0002,-0.0001,STILL1
-18.9717,17.3966,-2.2221,0.0003,25.8362,0.2467,0.0002,25.9968,0.1235,0.0003,0.0,-0.0002,0.0002,-0.0001,STILL1
-18.5305,17.6673,-2.0246,0.0002,25.6829,0.1532,0.0,26.0531,0.0692,0.0003,0.0,-0.0002,0.0002,-0.0001,STILL1
-18.9588,17.3182,-2.504,0.0004,25.7997,0.1168,0.0002,25.9572,0.0626,0.0004,0.0,-0.0002,0.0002,-0.0001,STILL1
-19.267,17.2764,-2.6845,0.0004,26.0173,0.2176,0.0001,25.8838,0.0214,0.0004,0.0,-0.0003,0.0002,-0.0001,STILL1
-18.7167,17.6399,-2.8195,0.0003,25.8734,0.1439,0.0001,25.8419,0.0118,0.0003,0.0,-0.0002,0.0001,-0.0001,STILL1
-18.7015,18.1713,-2.8181,0.0002,26.2276,0.3542,0.0001,25.9202,0.0354,0.0003,0.0,-0.0002,0.0002,-0.0001,STILL1
-18.5675,18.362,-3.0451,0.0003,26.2905,0.0629,0.0002,26.0417,0.0368,0.0003,0.0,-0.0001,0.0002,-0.0001,STILL1
-18.2633,18.3959,-3.1329,0.0005,26.1108,0.1797,0.0002,26.1039,0.0222,0.0004,0.0,-0.0,0.0002,-0.0001,STILL1
-18.0294,18.473,-2.6907,0.0003,25.9529,0.1579,0.0002,26.091,0.0251,0.0003,0.0,0.0001,0.0002,-0.0001,STILL1
-18.1204,18.4159,-2.4338,0.0002,25.9503,0.0026,0.0001,26.1064,0.0193,0.0003,0.0,0.0001,0.0003,-0.0001,STILL1
-17.9995,18.8639,-2.4158,0.0002,26.1852,0.2349,0.0,26.0979,0.0175,0.0003,0.0,0.0001,0.0003,-0.0,STILL1
-18.2621,18.5474,-2.3358,0.0003,26.1336,0.0516,0.0,26.0665,0.0094,0.0003,0.0,0.0001,0.0002,-0.0,STILL1
-18.5034,17.8442,-2.4374,0.0003,25.8211,0.3125,0.0,26.0086,0.0177,0.0003,0.0,0.0001,0.0002,0.0,STILL1
-18.1246,17.7128,-2.5468,0.0002,25.4702,0.3509,0.0,25.9121,0.0657,0.0002,0.0,0.0001,0.0001,0.0001,STILL1
-18.0153,17.8359,-2.7999,0.0002,25.5051,0.0349,0.0,25.8231,0.0906,0.0002,0.0,0.0002,0.0001,0.0001,STILL1
-18.1779,17.7625,-2.7743,0.0003,25.5663,0.0612,0.0001,25.6993,0.0623,0.0003,0.0,0.0002,0.0,0.0001,STILL1
-18.1579,18.0787,-2.5319,0.0002,25.748,0.1817,0.0001,25.6222,0.0191,0.0002,0.0,0.0002,0.0,0.0001,STILL1
-17.4201,17.8567,-2.2381,0.0003,25.0466,0.7015,0.0001,25.4673,0.0534,0.0002,0.0,0.0002,0.0,0.0001,STILL1
-17.7454,17.3135,-2.1904,0.0003,24.8889,0.1577,0.0,25.351,0.1068,0.0002,0.0,0.0002,0.0,0.0,STILL1
-17.8901,17.1758,-1.6711,0.0004,24.8567,0.0322,0.0001,25.2213,0.1341,0.0003,0.0,0.0002,0.0001,0.0,STILL1
-17.9215,17.3781,-1.5713,0.0004,25.013,0.1562,0.0,25.1106,0.1067,0.0003,0.0,0.0003,0.0001,-0.0,STILL1
-18.2465,17.7275,-1.507,0.0003,25.4847,0.4718,0.0001,25.058,0.0507,0.0003,0.0,0.0003,0.0001,0.0,STILL1
-18.3035,18.0976,-1.7556,0.0002,25.7997,0.3149,0.0001,25.2086,0.138,0.0003,0.0,0.0003,0.0001,0.0,STILL1
-18.0897,17.7531,-2.1014,0.0002,25.4327,0.3669,0.0,25.3174,0.1158,0.0003,0.0,0.0003,-0.0,0.0,STILL1
-17.9092,17.5556,-2.4655,0.0004,25.1996,0.2332,0.0002,25.3859,0.0714,0.0003,0.0,0.0002,-0.0001,0.0,STILL1
-17.9336,17.707,-2.1942,0.0002,25.2976,0.098,0.0002,25.4429,0.0419,0.0003,0.0,0.0001,-0.0002,0.0001,STILL1
-17.6375,17.9937,-1.7085,0.0001,25.2542,0.0434,0.0001,25.3968,0.0465,0.0002,0.0,0.0001,-0.0002,0.0,STILL1
-17.8538,17.9825,-2.0293,0.0002,25.4213,0.1671,0.0,25.3211,0.0085,0.0002,0.0,0.0,-0.0002,-0.0,STILL1
-17.808,17.9641,-2.0953,0.0001,25.3816,0.0398,0.0,25.3109,0.0066,0.0002,0.0,0.0,-0.0002,-0.0,STILL1
-17.7589,17.9557,-2.0231,0.0002,25.3353,0.0463,0.0001,25.338,0.0035,0.0002,0.0,0.0,-0.0001,-0.0001,STILL1
-17.9446,18.0364,-2.0466,0.0004,25.5247,0.1894,0.0001,25.3834,0.0081,0.0002,0.0,0.0,-0.0002,-0.0001,STILL1
-17.8463,17.7948,-2.0998,0.0006,25.2894,0.2353,0.0002,25.3905,0.0065,0.0003,0.0,0.0001,-0.0003,-0.0001,STILL1
-17.5739,18.4421,-2.0548,0.0004,25.5573,0.2679,0.0002,25.4177,0.0111,0.0003,0.0,0.0001,-0.0003,-0.0001,STILL1
-17.5967,18.3161,-2.547,0.0004,25.5267,0.0306,0.0001,25.4467,0.0124,0.0004,0.0,0.0001,-0.0004,-0.0,STILL1
-17.6898,18.2404,-2.947,0.0004,25.5798,0.0532,0.0,25.4956,0.011,0.0004,0.0,0.0001,-0.0004,-0.0,STILL1
-17.6331,18.6267,-3.0107,0.0003,25.8253,0.2455,0.0001,25.5557,0.029,0.0004,0.0,0.0001,-0.0004,-0.0,STILL1
-17.7596,18.5451,-2.5429,0.0003,25.8029,0.0223,0.0,25.6584,0.0165,0.0003,0.0,0.0,-0.0003,-0.0,STILL1
-18.2327,18.1298,-2.4844,0.0002,25.832,0.0291,0.0001,25.7133,0.0175,0.0003,0.0,0.0,-0.0003,-0.0001,STILL1
-18.1393,18.3945,-2.5406,0.0003,25.9585,0.1265,0.0001,25.7997,0.0151,0.0003,0.0,-0.0,-0.0002,-0.0001,STILL1
-17.9583,17.775,-2.1481,0.0002,25.3587,0.5998,0.0001,25.7555,0.0423,0.0003,0.0,-0.0001,-0.0001,-0.0001,STILL1
-17.6666,17.5669,-1.7591,0.0002,24.976,0.3827,0.0,25.5856,0.134,0.0002,0.0,-0.0001,-0.0001,-0.0001,STILL1
-17.8052,17.2472,-1.6698,0.0002,24.8451,0.1309,0.0,25.3941,0.1976,0.0002,0.0,-0.0002,0.0,-0.0,STILL1
-18.0754,17.3947,-1.7796,0.0003,25.1488,0.3037,0.0,25.2574,0.1526,0.0002,0.0,-0.0002,0.0,0.0,STILL1
-18.0509,17.5251,-2.208,0.0003,25.2555,0.1067,0.0,25.1168,0.0345,0.0002,0.0,-0.0002,-0.0,0.0001,STILL1
-18.3064,18.117,-2.5883,0.0002,25.8853,0.6297,0.0001,25.2221,0.1298,0.0002,0.0,-0.0002,-0.0,0.0001,STILL1
-18.3514,17.9029,-2.2831,0.0002,25.7391,0.1462,0.0,25.3748,0.1478,0.0002,0.0,-0.0001,-0.0,0.0001,STILL1
-18.1655,17.913,-3.064,0.0002,25.6953,0.0438,0.0,25.5448,0.0834,0.0002,0.0,-0.0001,-0.0,0.0001,STILL1
-18.7636,17.7835,-3.0106,0.0002,26.0267,0.3314,0.0,25.7204,0.0676,0.0002,0.0,-0.0001,-0.0001,0.0001,STILL1
-19.1515,17.8487,-2.8522,0.0001,26.3342,0.3075,0.0001,25.9361,0.0532,0.0002,0.0,-0.0001,-0.0,0.0001,STILL1
-19.7587,18.0946,-2.638,0.0001,26.9217,0.5875,0.0,26.1434,0.204,0.0002,0.0,-0.0,-0.0,0.0001,STILL1
-19.4663,18.2944,-2.2385,0.0001,26.8074,0.1144,0.0,26.3571,0.2138,0.0001,0.0,-0.0,-0.0001,0.0001,STILL1
-18.77,18.5637,-2.6065,0.0002,26.5276,0.2798,0.0001,26.5235,0.1044,0.0001,0.0,-0.0001,-0.0001,0.0,STILL1
-18.9097,18.429,-2.532,0.0002,26.5258,0.0018,0.0,26.6233,0.045,0.0002,0.0,-0.0001,-0.0001,-0.0,STILL1
-19.1934,18.5245,-2.5881,0.0001,26.8,0.2742,0.0001,26.7165,0.0259,0.0002,0.0,-0.0001,-0.0,-0.0,STILL1
-19.1891,17.9571,-2.8705,0.0001,26.4371,0.363,0.0,26.6196,0.0237,0.0002,0.0,-0.0001,-0.0,-0.0,STILL1
-19.0638,18.1938,-3.2433,0.0003,26.5511,0.114,0.0002,26.5683,0.0149,0.0002,0.0,-0.0,-0.0001,0.0,STILL1
-18.7604,18.4644,-2.8915,0.0002,26.4811,0.07,0.0,26.559,0.016,0.0002,0.0,0.0,-0.0001,0.0,STILL1
-19.1052,18.6247,-2.5195,0.0003,26.7999,0.3188,0.0001,26.6138,0.0244,0.0002,0.0,0.0,-0.0001,0.0,STILL1
-18.5967,18.5091,-2.3437,0.0001,26.3423,0.4576,0.0002,26.5223,0.0239,0.0002,0.0,0.0001,-0.0002,0.0,STILL1
-18.3648,18.4948,-2.6968,0.0003,26.203,0.1393,0.0001,26.4755,0.0406,0.0003,0.0,0.0001,-0.0002,-0.0,STILL1
-18.27,18.5083,-2.3668,0.0003,26.1142,0.0888,0.0001,26.3881,0.0579,0.0003,0.0,0.0001,-0.0002,-0.0001,STILL1
-19.316,19.0129,-2.0685,0.0002,27.1823,1.0681,0.0001,26.5283,0.1627,0.0003,0.0,0.0001,-0.0002,-0.0001,STILL1
-18.9434,18.576,-1.8829,0.0002,26.5982,0.5841,0.0,26.488,0.1473,0.0002,0.0,0.0001,-0.0001,-0.0001,STILL1
-19.1454,18.4826,-2.1688,0.0002,26.6994,0.1012,0.0,26.5594,0.1469,0.0002,0.0,0.0001,-0.0002,-0.0001,STILL1
-19.1194,18.2986,-2.4194,0.0003,26.5753,0.1241,0.0001,26.6339,0.116,0.0002,0.0,0.0,-0.0002,-0.0001,STILL1
-19.0299,18.2733,-2.7324,0.0001,26.5239,0.0514,0.0002,26.7158,0.0577,0.0002,0.0,-0.0,-0.0002,-0.0,STILL1
-18.8114,18.6561,-2.9141,0.0002,26.6536,0.1297,0.0001,26.6101,0.0037,0.0002,0.0,-0.0,-0.0001,-0.0,STILL1
-18.6148,18.3468,-3.0969,0.0003,26.3193,0.3343,0.0001,26.5543,0.0175,0.0002,0.0,-0.0001,-0.0,0.0,STILL1
-19.0293,18.4618,-3.015,0.0004,26.6841,0.3649,0.0,26.5512,0.0167,0.0003,0.0,-0.0001,0.0001,0.0,STILL1
-18.9891,18.4601,-2.7839,0.0004,26.6291,0.055,0.0,26.562,0.0176,0.0003,0.0,-0.0001,0.0002,0.0001,STILL1
-18.7725,18.4805,-2.4583,0.0002,26.4572,0.1719,0.0001,26.5486,0.0194,0.0003,0.0,-0.0,0.0002,0.0,STILL1
-18.718,18.5344,-2.1729,0.0004,26.4312,0.0259,0.0001,26.5042,0.0179,0.0003,0.0,0.0001,0.0002,0.0001,STILL1
-18.8588,18.5151,-2.5165,0.0004,26.5479,0.1167,0.0,26.5499,0.0094,0.0003,0.0,0.0001,0.0002,0.0001,STILL1
-18.8277,18.2495,-2.1475,0.0002,26.3085,0.2394,0.0002,26.4748,0.0118,0.0003,0.0,0.0002,0.0002,0.0001,STILL1
-18.5371,18.0496,-1.9837,0.0002,25.949,0.3595,0.0,26.3388,0.0438,0.0003,0.0,0.0002,0.0002,0.0001,STILL1
-18.9391,17.6897,-2.2557,0.0002,26.0135,0.0645,0.0,26.25,0.0543,0.0003,0.0,0.0001,0.0001,0.0,STILL1
-19.1794,17.333,-2.4577,0.0001,25.9677,0.0458,0.0001,26.1573,0.0551,0.0002,0.0,0.0001,0.0001,0.0,STILL1
-19.231,17.2164,-2.713,0.0003,25.9537,0.014,0.0002,26.0385,0.0187,0.0002,0.0,0.0001,0.0,-0.0001,STILL1
-19.0004,17.3138,-2.7142,0.0005,25.8486,0.1052,0.0002,25.9465,0.0029,0.0002,0.0,0.0001,0.0,-0.0001,STILL1
-18.7472,17.8916,-2.6682,0.0004,26.0516,0.2031,0.0001,25.967,0.0047,0.0003,0.0,0.0002,0.0,-0.0002,STILL1
-19.029,18.2196,-2.6252,0.0005,26.4754,0.4238,0.0001,26.0594,0.0474,0.0004,0.0,0.0003,0.0001,-0.0002,STILL1
-19.1045,18.2881,-2.0814,0.0005,26.5287,0.0532,0.0,26.1716,0.0772,0.0004,0.0,0.0003,0.0002,-0.0002,STILL1
-18.9992,17.9524,-1.987,0.0003,26.2146,0.314,0.0002,26.2238,0.0654,0.0005,0.0,0.0003,0.0002,-0.0002,STILL1
-18.8775,18.0932,-1.9615,0.0004,26.2215,0.0069,0.0001,26.2984,0.0316,0.0004,0.0,0.0003,0.0002,-0.0002,STILL1
-19.0145,18.2027,-1.9848,0.0003,26.3975,0.1759,0.0001,26.3675,0.0166,0.0004,0.0,0.0003,0.0003,-0.0002,STILL1
-18.9522,17.3371,-2.341,0.0003,25.7923,0.6052,0.0001,26.2309,0.0618,0.0004,0.0,0.0002,0.0002,-0.0001,STILL1
-18.6774,17.6416,-2.1759,0.0003,25.7838,0.0085,0.0,26.082,0.0619,0.0003,0.0,0.0002,0.0002,-0.0001,STILL1
-18.6388,17.5664,-2.8282,0.0002,25.7678,0.016,0.0001,25.9926,0.0701,0.0003,0.0,0.0002,0.0001,-0.0001,STILL1
-18.7079,17.6844,-2.897,0.0002,25.9059,0.138,0.0,25.9295,0.0571,0.0003,0.0,0.0002,0.0001,0.0,STILL1
-18.8163,17.91,-3.0707,0.0002,26.1582,0.2523,0.0,25.8816,0.0215,0.0002,0.0,0.0001,0.0001,0.0,STILL1
-19.4062,18.1092,-2.7347,0.0002,26.6838,0.5256,0.0001,26.0599,0.1168,0.0002,0.0,0.0001,0.0,0.0,STILL1
-19.1406,17.9311,-2.6502,0.0002,26.3612,0.3226,0.0,26.1754,0.1064,0.0002,0.0,0.0001,0.0,0.0001,STILL1
-18.6343,17.7168,-2.7171,0.0003,25.8555,0.5057,0.0001,26.1929,0.0933,0.0002,0.0,0.0001,0.0,0.0,STILL1
-18.8293,17.7672,-2.5268,0.0002,26.0116,0.1561,0.0001,26.214,0.083,0.0002,0.0,0.0001,0.0,-0.0,STILL1
-18.401,18.0012,-2.2183,0.0002,25.8372,0.1744,0.0001,26.1498,0.1066,0.0002,0.0,0.0001,-0.0,-0.0,STILL1
-18.127,17.7447,-2.4965,0.0003,25.4892,0.348,0.0001,25.9109,0.0798,0.0002,0.0,0.0,0.0,-0.0001,STILL1
-18.0766,18.227,-2.2785,0.0002,25.7717,0.2825,0.0,25.793,0.0293,0.0002,0.0,-0.0001,0.0,-0.0001,STILL1
-18.2957,17.6566,-2.6321,0.0002,25.562,0.2097,0.0,25.7343,0.0357,0.0002,0.0,-0.0001,0.0,-0.0,STILL1
-18.2303,17.6503,-2.3995,0.0004,25.4879,0.0741,0.0002,25.6296,0.0215,0.0003,0.0,-0.0002,0.0,-0.0,STILL1
-18.1124,17.739,-2.1039,0.0004,25.4393,0.0487,0.0,25.55,0.0138,0.0003,0.0,-0.0002,0.0001,-0.0001,STILL1
-18.268,18.0818,-2.005,0.0004,25.7816,0.3424,0.0001,25.6085,0.0204,0.0003,0.0,-0.0003,0.0001,-0.0,STILL1
-17.8582,17.8405,-2.1072,0.0003,25.3305,0.4511,0.0002,25.5203,0.0227,0.0003,0.0,-0.0003,0.0001,-0.0,STILL1
-17.8865,17.9661,-1.9357,0.0003,25.4255,0.095,0.0,25.493,0.0234,0.0003,0.0,-0.0003,0.0,-0.0,STILL1
-18.5717,17.9635,-1.7048,0.0004,25.8941,0.4686,0.0001,25.5742,0.049,0.0003,0.0,-0.0002,-0.0001,0.0001,STILL1
-18.9355,18.3052,-1.692,0.0002,26.3912,0.4971,0.0002,25.7646,0.1426,0.0003,0.0,-0.0001,-0.0001,0.0001,STILL1
-18.1859,18.6973,-1.4911,0.0002,26.1254,0.2658,0.0,25.8334,0.1639,0.0003,0.0,-0.0,-0.0001,0.0001,STILL1
-18.1768,18.5078,-1.6616,0.0002,25.9942,0.1312,0.0,25.9661,0.1009,0.0002,0.0,-0.0,-0.0002,0.0001,STILL1
-18.229,18.8,-2.1699,0.0004,26.2763,0.2821,0.0002,26.1362,0.0327,0.0003,0.0,-0.0,-0.0001,0.0002,STILL1
-18.3457,18.5181,-2.4516,0.0003,26.182,0.0943,0.0001,26.1938,0.0181,0.0002,0.0,-0.0001,-0.0001,0.0001,STILL1
-18.3015,18.202,-2.605,0.0003,25.9431,0.2388,0.0,26.1042,0.0148,0.0002,0.0,-0.0002,-0.0,0.0001,STILL1
-18.2725,18.1554,-2.6528,0.0003,25.8947,0.0484,0.0,26.0581,0.0214,0.0003,0.0,-0.0002,0.0,0.0002,STILL1
-18.0961,17.9868,-2.5972,0.0003,25.6464,0.2483,0.0,25.9885,0.0496,0.0003,0.0,-0.0002,0.0,0.0002,STILL1
-17.8988,17.7363,-2.3965,0.0003,25.3118,0.3347,0.0,25.7956,0.0874,0.0003,0.0,-0.0002,-0.0,0.0002,STILL1
-17.919,17.7234,-2.2297,0.0002,25.3018,0.0099,0.0001,25.6196,0.0754,0.0003,0.0,-0.0002,0.0,0.0002,STILL1
-18.379,17.7537,-3.1775,0.0002,25.7503,0.4485,0.0,25.581,0.0564,0.0003,0.0,-0.0001,0.0,0.0002,STILL1
-18.2563,18.1467,-3.0576,0.0002,25.9219,0.1716,0.0,25.5864,0.0599,0.0002,0.0,-0.0001,0.0,0.0001,STILL1
-18.3519,18.1111,-2.4867,0.0003,25.9035,0.0184,0.0001,25.6379,0.0766,0.0002,0.0,-0.0001,0.0001,0.0,STILL1
-18.0472,18.1983,-2.5988,0.0001,25.761,0.1424,0.0002,25.7277,0.0503,0.0002,0.0,-0.0001,0.0001,-0.0,STILL1
-17.9752,18.4461,-2.6071,0.0001,25.8876,0.1265,0.0,25.8449,0.0054,0.0002,0.0,-0.0001,0.0001,-0.0001,STILL1
-17.6771,17.8663,-1.9951,0.0002,25.2124,0.6752,0.0001,25.7373,0.0721,0.0002,0.0,-0.0001,0.0001,-0.0001,STILL1
-18.0416,18.1899,-1.7586,0.0003,25.6801,0.4677,0.0001,25.6889,0.0636,0.0002,0.0,-0.0001,0.0,-0.0001,STILL1
-17.4896,18.03,-1.6975,0.0002,25.1764,0.5037,0.0001,25.5435,0.0858,0.0002,0.0,-0.0001,0.0,-0.0001,STILL1
-17.851,17.524,-2.2267,0.0004,25.1139,0.0624,0.0002,25.4141,0.0964,0.0002,0.0,-0.0002,0.0,-0.0001,STILL1
-18.0339,17.9911,-2.1033,0.0002,25.5603,0.4463,0.0002,25.3486,0.0516,0.0003,0.0,-0.0002,0.0001,-0.0001,STILL1
-17.749,18.1116,-1.8545,0.0002,25.4263,0.1339,0.0,25.3914,0.0473,0.0003,0.0,-0.0002,0.0001,-0.0,STILL1
-18.2274,18.1706,-1.968,0.0003,25.8124,0.386,0.0,25.4179,0.0653,0.0002,0.0,-0.0002,0.0001,-0.0,STILL1
-18.1069,17.9708,-2.1525,0.0002,25.6016,0.2108,0.0001,25.5029,0.0532,0.0002,0.0,-0.0002,0.0001,-0.0,STILL1
-17.9543,18.7798,-2.1157,0.0001,26.0674,0.4658,0.0,25.6936,0.0503,0.0002,0.0,-0.0001,0.0,-0.0,STILL1
-17.9322,18.3488,-2.1145,0.0003,25.7432,0.3242,0.0001,25.7302,0.0459,0.0002,0.0,-0.0001,-0.0001,-0.0001,STILL1
-18.2176,18.6916,-2.2666,0.0002,26.1991,0.4559,0.0,25.8848,0.0475,0.0002,0.0,-0.0,-0.0001,-0.0001,STILL1
-18.3053,18.9095,-2.2195,0.0002,26.4117,0.2126,0.0,26.0046,0.0877,0.0002,0.0,0.0,-0.0001,-0.0001,STILL1
-18.3818,18.9901,-1.7694,0.0001,26.4886,0.0768,0.0001,26.182,0.0705,0.0002,0.0,0.0,-0.0001,-0.0001,STILL1
-18.4554,18.2608,-2.2405,0.0002,26.0592,0.4294,0.0001,26.1804,0.0709,0.0002,0.0,0.0,-0.0001,-0.0,STILL1
-18.1175,18.6118,-2.5111,0.0003,26.095,0.0358,0.0001,26.2507,0.0292,0.0002,0.0,0.0001,-0.0001,0.0,STILL1
-18.3065,18.5113,-2.612,0.0002,26.1652,0.0702,0.0001,26.2439,0.0301,0.0002,0.0,0.0001,-0.0,0.0001,STILL1
-18.542,18.0997,-2.7365,0.0003,26.0556,0.1096,0.0,26.1727,0.0265,0.0002,0.0,0.0001,0.0001,0.0001,STILL1
-18.7461,18.2829,-2.583,0.0002,26.3126,0.257,0.0,26.1375,0.0092,0.0002,0.0,0.0001,0.0001,0.0001,STILL1
-18.7532,18.195,-2.1039,0.0001,26.2139,0.0987,0.0001,26.1684,0.0082,0.0002,0.0,0.0001,0.0001,0.0001,STILL1
-18.3088,17.8467,-2.0675,0.0002,25.6513,0.5626,0.0,26.0797,0.0527,0.0002,0.0,0.0001,0.0002,0.0001,STILL1
-18.5689,17.5461,-1.8321,0.0001,25.613,0.0383,0.0001,25.9693,0.0826,0.0002,0.0,0.0001,0.0001,0.0001,STILL1
-18.1801,17.3712,-1.6657,0.0002,25.2002,0.4128,0.0002,25.7982,0.1702,0.0002,0.0,0.0,0.0001,0.0001,STILL1
-18.3972,17.5657,-1.5638,0.0003,25.4845,0.2843,0.0001,25.6326,0.1095,0.0002,0.0,0.0001,0.0002,0.0,STILL1
-18.0365,17.5307,-1.4354,0.0002,25.1933,0.2912,0.0001,25.4285,0.0388,0.0002,0.0,0.0001,0.0002,0.0,STILL1
-17.7417,17.7433,-1.4733,0.0002,25.1349,0.0584,0.0,25.3252,0.0355,0.0002,0.0,0.0001,0.0001,0.0001,STILL1
-17.9746,17.904,-1.5693,0.0002,25.4186,0.2836,0.0,25.2863,0.0191,0.0002,0.0,0.0,0.0001,0.0,STILL1
-18.0578,17.8264,-1.8836,0.0002,25.4443,0.0257,0.0,25.3351,0.0203,0.0002,0.0,-0.0,0.0001,0.0,STILL1
-17.5806,18.1423,-1.9631,0.0002,25.3392,0.1051,0.0,25.3061,0.015,0.0002,0.0,-0.0001,0.0,0.0,STILL1
-17.6708,18.0857,-2.1392,0.0002,25.3757,0.0365,0.0,25.3425,0.0121,0.0002,0.0,-0.0001,0.0,-0.0,STILL1
-17.8647,18.3467,-1.6583,0.0001,25.6613,0.2856,0.0001,25.4478,0.0127,0.0002,0.0,-0.0001,0.0,-0.0001,STILL1
-18.1512,18.1524,-1.8891,0.0001,25.7399,0.0786,0.0,25.5121,0.0254,0.0002,0.0,-0.0001,-0.0,-0.0,STILL1
-18.2303,18.7125,-2.2457,0.0002,26.2211,0.4812,0.0001,25.6674,0.1009,0.0002,0.0,-0.0,-0.0,0.0,STILL1
-17.728,18.9763,-2.3528,0.0003,26.0752,0.1459,0.0001,25.8146,0.091,0.0002,0.0,-0.0,-0.0,0.0001,STILL1
-17.3605,18.656,-2.1353,0.0002,25.5733,0.5019,0.0001,25.8542,0.0625,0.0002,0.0,0.0,-0.0001,0.0001,STILL1
-17.4197,18.8936,-2.4177,0.0001,25.8119,0.2386,0.0,25.8843,0.0545,0.0002,0.0,0.0,-0.0001,0.0001,STILL1
-17.342,18.9117,-2.2372,0.0001,25.7566,0.0553,0.0001,25.8876,0.0536,0.0002,0.0,0.0,-0.0001,0.0001,STILL1
-17.6673,18.6825,-2.0148,0.0001,25.7921,0.0354,0.0001,25.8018,0.0258,0.0002,0.0,0.0,-0.0001,0.0001,STILL1
-17.7682,18.5773,-2.2181,0.0003,25.802,0.01,0.0002,25.7472,0.0079,0.0002,0.0,0.0001,-0.0001,0.0,STILL1
-18.3052,18.7524,-2.287,0.0003,26.3052,0.5032,0.0,25.8936,0.0427,0.0002,0.0,0.0001,-0.0001,-0.0,STILL1
-18.3286,19.4863,-2.3233,0.0001,26.8524,0.5472,0.0002,26.1017,0.1819,0.0002,0.0,0.0001,-0.0001,-0.0001,STILL1
-18.2191,19.0516,-2.1962,0.0001,26.4522,0.4002,0.0,26.2408,0.1634,0.0002,0.0,0.0001,-0.0001,-0.0001,STILL1
-18.1846,18.5194,-2.1476,0.0002,26.0434,0.4088,0.0,26.2911,0.1283,0.0002,0.0,0.0001,-0.0001,-0.0001,STILL1
-18.2383,18.5124,-2.2712,0.0003,26.0865,0.043,0.0001,26.3479,0.0857,0.0002,0.0,0.0001,-0.0001,-0.0001,STILL1
-18.7407,17.8443,-2.2482,0.0003,25.9747,0.1118,0.0,26.2818,0.1088,0.0002,0.0,0.0,-0.0001,-0.0001,STILL1
-18.7675,18.416,-1.8673,0.0002,26.3602,0.3855,0.0001,26.1834,0.0352,0.0002,0.0,0.0,-0.0001,-0.0001,STILL1
-18.5609,18.9297,-1.6501,0.0002,26.5625,0.2023,0.0,26.2054,0.049,0.0002,0.0,-0.0,-0.0001,-0.0001,STILL1
-18.6987,19.0594,-2.3919,0.0002,26.8072,0.2447,0.0,26.3582,0.0928,0.0002,0.0,-0.0,-0.0001,-0.0002,STILL1
-18.7309,18.835,-2.5386,0.0002,26.6842,0.123,0.0,26.4777,0.085,0.0002,0.0,-0.0,-0.0,-0.0002,STILL1
-18.7409,18.8774,-3.0183,0.0003,26.771,0.0868,0.0001,26.637,0.0263,0.0002,0.0,-0.0001,-0.0,-0.0002,STILL1
-18.6459,18.705,-2.9959,0.0003,26.5805,0.1906,0.0,26.6811,0.0096,0.0002,0.0,-0.0001,-0.0,-0.0002,STILL1
-18.4698,18.639,-2.7124,0.0002,26.38,0.2005,0.0001,26.6446,0.0236,0.0002,0.0,-0.0,-0.0,-0.0002,STILL1
-18.3384,18.4456,-2.8105,0.0002,26.1617,0.2183,0.0,26.5155,0.0483,0.0002,0.0,-0.0,-0.0,-0.0002,STILL1
-17.8863,18.6002,-3.2109,0.0002,26.0038,0.1579,0.0,26.3794,0.0765,0.0002,0.0,0.0,0.0,-0.0002,STILL1
-17.9341,18.6896,-3.4312,0.0002,26.1286,0.1248,0.0,26.2509,0.0419,0.0002,0.0,0.0001,0.0,-0.0001,STILL1
-18.1629,18.4141,-3.3075,0.0001,26.0751,0.0535,0.0001,26.1498,0.0161,0.0002,0.0,0.0001,0.0,-0.0001,STILL1
-17.724,18.2094,-3.396,0.0002,25.637,0.438,0.0,26.0012,0.036,0.0002,0.0,0.0001,0.0001,-0.0001,STILL1
-17.7542,18.3082,-3.1949,0.0001,25.7023,0.0653,0.0001,25.9094,0.0403,0.0002,0.0,0.0001,0.0001,-0.0001,STILL1
-17.8034,18.2528,-3.0716,0.0002,25.6819,0.0204,0.0001,25.845,0.0447,0.0002,0.0,0.0001,-0.0,-0.0001,STILL1
-18.5083,18.8241,-3.376,0.0001,26.614,0.9321,0.0001,25.9421,0.1375,0.0001,0.0,0.0001,-0.0,-0.0001,STILL1
-18.9317,18.578,-3.257,0.0002,26.7238,0.1098,0.0001,26.0718,0.2393,0.0002,0.0,0.0001,0.0,-0.0,STILL1
-18.7078,18.4499,-3.0431,0.0001,26.4508,0.273,0.0001,26.2345,0.2037,0.0001,0.0,0.0,0.0,0.0,STILL1
-18.4225,18.2474,-3.1751,0.0003,26.1236,0.3272,0.0002,26.3188,0.1425,0.0002,0.0,0.0,-0.0,0.0,STILL1
-18.613,17.9698,-3.0401,0.0004,26.05,0.0736,0.0002,26.3924,0.0704,0.0002,0.0,-0.0,-0.0001,-0.0,STILL1
-18.431,17.6884,-3.0665,0.0001,25.7291,0.3209,0.0003,26.2154,0.1172,0.0002,0.0,-0.0,-0.0001,-0.0,STILL1
-18.6167,17.4694,-2.7907,0.0002,25.6817,0.0473,0.0001,26.007,0.0791,0.0002,0.0,-0.0,-0.0002,-0.0001,STILL1
-18.4684,17.4037,-2.7013,0.0002,25.5199,0.1618,0.0,25.8208,0.0525,0.0003,0.0,0.0,-0.0002,-0.0001,STILL1
-18.8372,17.7261,-3.011,0.0002,26.0407,0.5208,0.0001,25.8043,0.0436,0.0002,0.0,0.0,-0.0001,-0.0001,STILL1
-18.9448,17.5277,-2.5119,0.0003,25.9314,0.1094,0.0002,25.7806,0.0342,0.0002,0.0,0.0,-0.0,0.0,STILL1
-18.9777,17.4566,-2.5096,0.0004,25.9072,0.0242,0.0001,25.8162,0.0356,0.0003,0.0,0.0001,0.0001,0.0001,STILL1
-18.4978,17.1652,-2.5326,0.0002,25.3619,0.5452,0.0002,25.7522,0.0691,0.0003,0.0,0.0,0.0001,0.0001,STILL1
-18.5201,17.4603,-2.7324,0.0002,25.5993,0.2373,0.0,25.7681,0.0628,0.0003,0.0,-0.0,0.0001,0.0002,STILL1
-18.6629,17.4464,-3.1609,0.0002,25.7424,0.1432,0.0,25.7084,0.0445,0.0003,0.0,-0.0,0.0001,0.0002,STILL1
-18.4929,17.2384,-3.0256,0.0002,25.4618,0.2807,0.0,25.6145,0.0379,0.0003,0.0,-0.0001,0.0001,0.0002,STILL1
-18.3224,17.3469,-2.6111,0.0001,25.3662,0.0955,0.0001,25.5063,0.0214,0.0002,0.0,-0.0001,0.0001,0.0001,STILL1
-18.6267,17.2682,-2.2201,0.0001,25.4965,0.1303,0.0,25.5332,0.0165,0.0002,0.0,-0.0001,0.0,0.0001,STILL1
-18.9013,17.4833,-2.3261,0.0001,25.8522,0.3557,0.0,25.5838,0.0334,0.0002,0.0,-0.0001,0.0,0.0,STILL1
-18.6305,17.3304,-2.9984,0.0002,25.6208,0.2314,0.0001,25.5595,0.0281,0.0002,0.0,-0.0001,0.0,-0.0001,STILL1
-18.5794,17.7924,-2.83,0.0003,25.88,0.2591,0.0001,25.6431,0.0397,0.0002,0.0,-0.0,0.0,-0.0001,STILL1
-18.6791,17.6746,-2.8577,0.0002,25.874,0.0059,0.0,25.7447,0.0247,0.0002,0.0,0.0,0.0001,-0.0001,STILL1
-19.0558,18.5834,-2.933,0.0004,26.7781,0.9041,0.0001,26.001,0.1603,0.0002,0.0,0.0001,0.0001,-0.0001,STILL1
-18.604,18.2136,-2.5996,0.0003,26.1649,0.6132,0.0001,26.0636,0.1573,0.0003,0.0,0.0002,0.0001,-0.0,STILL1
-18.5832,18.2459,-2.4046,0.0002,26.154,0.0109,0.0001,26.1702,0.1084,0.0003,0.0,0.0002,0.0002,0.0,STILL1
-18.5822,18.0592,-2.4456,0.0002,26.0272,0.1268,0.0,26.1996,0.0947,0.0003,0.0,0.0002,0.0001,0.0001,STILL1
-18.7564,17.9474,-2.4346,0.0001,26.0737,0.0465,0.0,26.2396,0.0751,0.0002,0.0,0.0001,0.0001,0.0,STILL1
-18.4895,18.111,-2.3821,0.0002,25.9912,0.0825,0.0001,26.0822,0.0047,0.0002,0.0,0.0001,0.0,0.0,STILL1
-18.4916,18.1013,-2.3369,0.0003,25.9819,0.0094,0.0001,26.0456,0.004,0.0002,0.0,-0.0,-0.0001,-0.0,STILL1
-18.2964,18.3279,-2.3601,0.0004,26.0046,0.0228,0.0001,26.0157,0.0011,0.0003,0.0,-0.0001,-0.0002,-0.0001,STILL1
-18.1777,18.2248,-1.9162,0.0004,25.8118,0.1929,0.0,25.9726,0.0075,0.0003,0.0,-0.0001,-0.0002,-0.0001,STILL1
-17.8828,18.2392,-2.0236,0.0005,25.6234,0.1883,0.0,25.8826,0.0217,0.0004,0.0,-0.0001,-0.0003,-0.0002,STILL1
-18.0844,18.0414,-1.7064,0.0002,25.6017,0.0217,0.0003,25.8047,0.0291,0.0004,0.0,-0.0001,-0.0003,-0.0002,STILL1
-18.28,17.3331,-2.1464,0.0002,25.2825,0.3193,0.0,25.6648,0.0578,0.0003,0.0,-0.0001,-0.0002,-0.0002,STILL1
-18.2803,16.7477,-2.1171,0.0001,24.8825,0.4,0.0001,25.4404,0.1067,0.0003,0.0,-0.0001,-0.0001,-0.0002,STILL1
-18.0211,17.2826,-2.2937,0.0003,25.074,0.1916,0.0002,25.2928,0.0842,0.0003,0.0,-0.0,-0.0001,-0.0002,STILL1
-18.1044,17.1073,-1.9787,0.0,24.9869,0.0872,0.0003,25.1655,0.0649,0.0002,0.0,0.0,-0.0,-0.0001,STILL1
-18.7116,17.4952,-1.5142,0.0001,25.6613,0.6744,0.0,25.1774,0.0758,0.0001,0.0,0.0,0.0,-0.0001,STILL1
-18.2818,17.5462,-1.6551,0.0,25.3935,0.2677,0.0,25.1996,0.0825,0.0001,0.0,0.0001,-0.0,-0.0001,STILL1
-18.0848,17.2932,-1.7647,0.0002,25.0844,0.3091,0.0001,25.24,0.0634,0.0001,0.0,0.0001,-0.0,-0.0001,STILL1
-18.0147,17.2346,-2.3555,0.0002,25.0421,0.0423,0.0,25.2336,0.0657,0.0001,0.0,0.0,0.0,-0.0001,STILL1
-18.168,17.7658,-2.3844,0.0002,25.5222,0.4801,0.0,25.3407,0.0587,0.0001,0.0,-0.0,0.0,-0.0001,STILL1
-18.6688,17.7907,-2.42,0.0002,25.9016,0.3793,0.0,25.3888,0.0987,0.0001,0.0,0.0,0.0,-0.0001,STILL1
-18.7225,17.5482,-2.5017,0.0001,25.7824,0.1192,0.0001,25.4666,0.1236,0.0002,0.0,0.0,0.0,-0.0001,STILL1
-18.3624,17.6698,-2.1326,0.0002,25.5724,0.21,0.0001,25.5642,0.0872,0.0002,0.0,0.0,0.0,-0.0001,STILL1
-18.368,18.0796,-2.2186,0.0002,25.8685,0.2961,0.0,25.7294,0.0239,0.0002,0.0,0.0001,0.0,-0.0001,STILL1
-18.4382,17.9793,-2.2248,0.0002,25.849,0.0195,0.0,25.7948,0.0139,0.0002,0.0,0.0001,0.0,-0.0001,STILL1
-18.1412,18.0459,-3.0736,0.0002,25.7722,0.0768,0.0,25.7689,0.011,0.0002,0.0,0.0002,0.0,-0.0,STILL1
-17.9786,18.0993,-2.7495,0.0002,25.6588,0.1134,0.0,25.7442,0.0128,0.0002,0.0,0.0002,-0.0,0.0,STILL1
-18.1891,18.3388,-2.609,0.0001,25.9608,0.302,0.0001,25.8218,0.0103,0.0002,0.0,0.0001,-0.0,0.0001,STILL1
-18.3294,18.1867,-2.7653,0.0001,25.9686,0.0078,0.0001,25.8419,0.0137,0.0002,0.0,0.0001,-0.0,0.0001,STILL1
-18.6167,18.2399,-3.2404,0.0004,26.2636,0.295,0.0002,25.9248,0.0424,0.0002,0.0,0.0001,-0.0001,0.0001,STILL1
-18.8933,17.8232,-3.5392,0.0003,26.2136,0.05,0.0001,26.0131,0.0466,0.0002,0.0,0.0001,-0.0002,0.0001,STILL1
-19.0209,17.9023,-3.322,0.0002,26.331,0.1175,0.0,26.1475,0.0237,0.0002,0.0,0.0001,-0.0002,0.0001,STILL1
-19.2667,18.0062,-3.2763,0.0003,26.5738,0.2427,0.0,26.2701,0.038,0.0003,0.0,0.0001,-0.0001,0.0,STILL1
-18.7509,17.6737,-3.4148,0.0002,25.9926,0.5811,0.0,26.2749,0.0352,0.0003,0.0,0.0,-0.0001,-0.0,STILL1
-18.5445,18.1796,-3.035,0.0002,26.1459,0.1532,0.0001,26.2514,0.038,0.0002,0.0,0.0,-0.0001,-0.0,STILL1
-18.6418,18.3812,-2.7467,0.0001,26.3236,0.1777,0.0,26.2734,0.0382,0.0002,0.0,0.0,-0.0,-0.0,STILL1
-18.9166,18.1925,-2.3568,0.0002,26.3506,0.0271,0.0001,26.2773,0.0387,0.0002,0.0,0.0,0.0,-0.0001,STILL1
-18.6489,18.1571,-2.2104,0.0004,26.1218,0.2289,0.0002,26.1869,0.0178,0.0002,0.0,0.0001,-0.0001,-0.0001,STILL1
-18.1879,17.86,-2.1902,0.0003,25.5847,0.5371,0.0001,26.1053,0.0762,0.0002,0.0,0.0002,-0.0,-0.0,STILL1
-18.6034,17.638,-2.1647,0.0003,25.7269,0.1422,0.0,26.0215,0.0974,0.0003,0.0,0.0002,-0.0001,-0.0,STILL1
-18.1671,17.5479,-2.0942,0.0002,25.3448,0.3821,0.0001,25.8258,0.1325,0.0003,0.0,0.0003,-0.0001,-0.0001,STILL1
-18.2837,17.7383,-1.8941,0.0001,25.5447,0.1999,0.0001,25.6646,0.0672,0.0003,0.0,0.0002,-0.0001,-0.0001,STILL1
-18.0894,17.1188,-2.0684,0.0003,24.9912,0.5535,0.0002,25.4384,0.0649,0.0002,0.0,0.0002,-0.0,0.0,STILL1
-18.6997,17.4763,-2.0954,0.0002,25.6805,0.6893,0.0001,25.4576,0.072,0.0002,0.0,0.0001,-0.0,0.0001,STILL1
-18.3597,17.2092,-2.42,0.0005,25.2803,0.4003,0.0003,25.3683,0.0558,0.0003,0.0,-0.0001,0.0,0.0001,STILL1
-18.3253,17.2861,-2.4892,0.0004,25.3144,0.0342,0.0001,25.3622,0.0563,0.0003,0.0,-0.0002,0.0001,0.0002,STILL1
-17.7259,17.532,-2.1288,0.0004,25.0222,0.2923,0.0001,25.2577,0.0618,0.0004,0.0,-0.0002,0.0001,0.0002,STILL1
-17.2901,18.385,-1.9906,0.0002,25.3163,0.2941,0.0001,25.3227,0.0441,0.0004,0.0,-0.0003,0.0001,0.0002,STILL1
-17.9071,18.4673,-1.9018,0.0002,25.7938,0.4775,0.0001,25.3454,0.0623,0.0003,0.0,-0.0003,0.0,0.0001,STILL1
-18.1444,18.4614,-2.0058,0.0002,25.9628,0.1689,0.0,25.4819,0.1191,0.0003,0.0,-0.0002,-0.0,0.0001,STILL1
-18.0811,18.491,-1.7015,0.0001,25.9179,0.0448,0.0001,25.6026,0.1369,0.0002,0.0,-0.0001,-0.0,0.0,STILL1
-17.6837,18.3897,-1.6706,0.0001,25.5672,0.3507,0.0001,25.7116,0.0579,0.0002,0.0,-0.0001,-0.0,-0.0,STILL1
-17.8532,18.3492,-1.4865,0.0001,25.6445,0.0773,0.0,25.7772,0.0232,0.0001,0.0,-0.0,-0.0001,-0.0001,STILL1
-18.1075,18.2481,-1.5236,0.0001,25.7526,0.1082,0.0,25.769,0.0232,0.0001,0.0,0.0,-0.0001,-0.0001,STILL1
-17.8017,17.9423,-2.0751,0.0002,25.36,0.3926,0.0001,25.6485,0.0347,0.0001,0.0,0.0001,-0.0,-0.0,STILL1
-17.8382,17.5444,-2.5663,0.0003,25.1514,0.2086,0.0001,25.4952,0.046,0.0002,0.0,0.0001,-0.0001,0.0001,STILL1
-17.6862,18.1574,-2.4843,0.0004,25.4689,0.3175,0.0001,25.4755,0.0448,0.0002,0.0,0.0001,-0.0001,0.0001,STILL1
-18.474,18.6447,-2.2968,0.0005,26.3474,0.8785,0.0001,25.6161,0.1713,0.0003,0.0,0.0001,-0.0001,0.0002,STILL1
-18.4885,18.2407,-2.2843,0.0004,26.0724,0.275,0.0001,25.68,0.2052,0.0004,0.0,0.0001,-0.0002,0.0003,STILL1
-18.4346,18.1113,-2.1275,0.0004,25.9303,0.1421,0.0,25.7941,0.1842,0.0004,0.0,0.0001,-0.0001,0.0003,STILL1
-18.5695,18.086,-2.0582,0.0004,26.0032,0.0729,0.0,25.9644,0.0813,0.0004,0.0,-0.0,-0.0001,0.0004,STILL1
-19.34,18.3906,-2.0903,0.0003,26.7698,0.7666,0.0,26.2246,0.0942,0.0004,0.0,-0.0,-0.0001,0.0004,STILL1
-18.4595,17.9813,-2.0473,0.0003,25.8509,0.9188,0.0,26.1253,0.1093,0.0003,0.0,-0.0001,0.0,0.0003,STILL1
-17.9739,17.9319,-1.9784,0.0003,25.4662,0.3848,0.0,26.0041,0.1809,0.0003,0.0,-0.0001,0.0001,0.0003,STILL1
-17.9572,17.9174,-1.9484,0.0002,25.4419,0.0243,0.0001,25.9064,0.2335,0.0003,0.0,-0.0001,0.0001,0.0002,STILL1
-17.6439,18.0808,-1.9556,0.0002,25.3386,0.1033,0.0,25.7735,0.2784,0.0003,0.0,-0.0001,0.0001,0.0002,STILL1
-17.9245,17.6896,-2.0332,0.0001,25.2655,0.0732,0.0001,25.4726,0.041,0.0002,0.0,-0.0001,0.0002,0.0001,STILL1
-17.724,17.5548,-2.2672,0.0001,25.049,0.2165,0.0,25.3122,0.0225,0.0002,0.0,-0.0001,0.0002,0.0001,STILL1
-17.3385,17.8407,-2.8231,0.0002,25.0377,0.0113,0.0001,25.2265,0.0255,0.0002,0.0,-0.0,0.0001,0.0,STILL1
-17.7771,18.0351,-2.2554,0.0001,25.4239,0.3862,0.0002,25.2229,0.024,0.0002,0.0,-0.0,0.0001,-0.0,STILL1
-17.7435,17.9624,-2.4887,0.0001,25.3708,0.0531,0.0001,25.2294,0.0257,0.0001,0.0,-0.0,0.0001,-0.0,STILL1
-18.1011,18.0231,-2.6159,0.0003,25.6773,0.3065,0.0001,25.3117,0.0588,0.0002,0.0,0.0,0.0001,0.0,STILL1
-18.0215,18.0028,-2.724,0.0001,25.6183,0.059,0.0002,25.4256,0.0508,0.0002,0.0,0.0,0.0001,-0.0,STILL1
-17.9859,17.621,-2.3855,0.0001,25.292,0.3263,0.0,25.4765,0.0217,0.0001,0.0,0.0,0.0001,-0.0,STILL1
-17.7544,17.0781,-2.3459,0.0003,24.7463,0.5457,0.0003,25.3409,0.1094,0.0002,0.0,-0.0,0.0001,0.0,STILL1
-18.1691,17.075,-2.0829,0.0002,25.0202,0.2738,0.0001,25.2708,0.1249,0.0002,0.0,-0.0,0.0001,0.0001,STILL1
-18.2041,17.2506,-2.0914,0.0002,25.1663,0.1461,0.0,25.1686,0.0836,0.0002,0.0,-0.0001,0.0,0.0,STILL1
-18.257,17.1473,-2.0981,0.0004,25.1347,0.0317,0.0002,25.0719,0.034,0.0003,0.0,-0.0001,-0.0,0.0001,STILL1
-18.2493,17.5429,-2.1816,0.0005,25.4077,0.273,0.0001,25.095,0.0463,0.0003,0.0,-0.0001,-0.0001,0.0001,STILL1
-18.787,18.3687,-2.0921,0.0006,26.3578,0.9502,0.0001,25.4173,0.2371,0.0004,0.0,-0.0001,-0.0003,0.0001,STILL1
-18.2858,18.2168,-2.0206,0.0006,25.8903,0.4676,0.0,25.5914,0.22,0.0005,0.0,-0.0,-0.0004,0.0001,STILL1
-18.0412,18.0891,-2.2133,0.0005,25.6437,0.2466,0.0001,25.6868,0.1753,0.0005,0.0,0.0,-0.0005,0.0001,STILL1
-17.7048,18.5431,-2.5394,0.0004,25.7635,0.1198,0.0001,25.8126,0.0996,0.0005,0.0,0.0,-0.0005,0.0001,STILL1
-17.517,18.2095,-2.6659,0.0003,25.4074,0.356,0.0001,25.8125,0.0997,0.0005,0.0,-0.0,-0.0005,0.0001,STILL1
-17.6136,17.927,-2.6765,0.0003,25.2741,0.1334,0.0,25.5958,0.0512,0.0004,0.0,-0.0,-0.0004,0.0,STILL1
-17.444,17.7353,-2.6131,0.0001,25.0133,0.2608,0.0002,25.4204,0.071,0.0003,0.0,-0.0,-0.0003,0.0,STILL1
-17.6177,17.8758,-2.5186,0.0003,25.2244,0.2111,0.0003,25.3365,0.0617,0.0003,0.0,0.0,-0.0001,0.0,STILL1
-17.7035,17.9975,-2.5805,0.0003,25.3768,0.1524,0.0001,25.2592,0.0195,0.0003,0.0,-0.0,-0.0,0.0001,STILL1
-18.0159,18.0199,-2.255,0.0003,25.5808,0.2039,0.0,25.2939,0.0346,0.0003,0.0,0.0,-0.0,0.0001,STILL1
-18.3628,18.4096,-2.3446,0.0002,26.1075,0.5268,0.0001,25.4606,0.1392,0.0002,0.0,0.0,0.0,0.0002,STILL1
-18.4683,18.0058,-2.7101,0.0003,25.9352,0.1723,0.0001,25.6449,0.1102,0.0003,0.0,-0.0,0.0001,0.0002,STILL1
-18.6528,17.6797,-2.6962,0.0004,25.8412,0.094,0.0001,25.7683,0.0673,0.0003,0.0,-0.0,0.0001,0.0002,STILL1
-18.4129,17.9156,-2.3226,0.0002,25.7953,0.0459,0.0002,25.852,0.0298,0.0003,0.0,0.0,0.0001,0.0002,STILL1
-18.4678,18.195,-2.1799,0.0001,26.0167,0.2214,0.0001,25.9392,0.0129,0.0002,0.0,0.0,0.0001,0.0002,STILL1
-18.3867,17.8091,-2.0096,0.0004,25.6763,0.3404,0.0003,25.8529,0.0136,0.0003,0.0,0.0,0.0001,0.0002,STILL1
-18.4063,17.766,-2.1639,0.0004,25.673,0.0033,0.0,25.8005,0.016,0.0003,0.0,-0.0,0.0001,0.0002,STILL1
-18.6188,17.8878,-1.9593,0.0002,25.8935,0.2204,0.0003,25.811,0.0173,0.0003,0.0,-0.0001,0.0001,0.0002,STILL1
-18.9138,17.8978,-2.2237,0.0002,26.1344,0.2409,0.0,25.8788,0.0336,0.0003,0.0,-0.0001,0.0,0.0001,STILL1
-18.5341,18.1463,-2.7227,0.0002,26.081,0.0534,0.0,25.8916,0.0378,0.0003,0.0,-0.0001,-0.0,0.0002,STILL1
-18.2179,17.4108,-2.975,0.0003,25.3748,0.7062,0.0001,25.8313,0.0783,0.0003,0.0,-0.0,0.0,0.0001,STILL1
-17.8806,17.1787,-3.53,0.0004,25.0456,0.3292,0.0001,25.7058,0.181,0.0002,0.0,0.0001,-0.0001,0.0001,STILL1
-17.7888,17.5804,-3.9459,0.0002,25.3196,0.274,0.0002,25.5911,0.1906,0.0003,0.0,0.0001,-0.0001,0.0001,STILL1
-18.053,17.9331,-3.7973,0.0001,25.7279,0.4083,0.0001,25.5098,0.1287,0.0002,0.0,0.0002,-0.0001,0.0001,STILL1
-18.4267,17.6527,-3.8816,0.0002,25.8114,0.0835,0.0001,25.4559,0.0788,0.0002,0.0,0.0001,-0.0001,0.0,STILL1
-18.0945,17.9347,-3.9647,0.0002,25.7834,0.0281,0.0,25.5376,0.0922,0.0002,0.0,0.0001,-0.0001,-0.0,STILL1
-18.0944,17.8915,-3.3561,0.0002,25.6666,0.1168,0.0,25.6618,0.0317,0.0002,0.0,0.0,-0.0,-0.0001,STILL1
-18.5567,18.0038,-4.163,0.0003,26.1882,0.5216,0.0001,25.8355,0.0336,0.0002,0.0,-0.0,0.0,-0.0001,STILL1
-17.2673,17.7249,-3.7679,0.0005,25.0306,1.1576,0.0002,25.696,0.1414,0.0003,0.0,-0.0,0.0001,-0.0002,STILL1
-17.5326,18.0549,-3.0581,0.0004,25.352,0.3214,0.0001,25.6041,0.1539,0.0003,0.0,-0.0,0.0001,-0.0003,STILL1
-18.0917,18.3502,-2.6465,0.0003,25.9045,0.5525,0.0002,25.6284,0.165,0.0003,0.0,-0.0,0.0002,-0.0003,STILL1
-18.6046,18.5833,-2.5109,0.0004,26.4154,0.5109,0.0001,25.7781,0.2661,0.0004,0.0,-0.0,0.0002,-0.0002,STILL1
-18.3024,18.7885,-2.8244,0.0004,26.3811,0.0343,0.0,25.8167,0.3037,0.0004,0.0,0.0,0.0002,-0.0002,STILL1
-18.2544,18.2339,-2.1157,0.0003,25.8878,0.4933,0.0,25.9882,0.1518,0.0004,0.0,0.0,0.0002,-0.0002,STILL1
-18.5973,17.7559,-2.0082,0.0003,25.7908,0.097,0.0,26.0759,0.0709,0.0003,0.0,0.0,0.0002,-0.0002,STILL1
-18.5872,17.7485,-2.3441,0.0006,25.8067,0.0159,0.0003,26.0564,0.0791,0.0004,0.0,0.0001,0.0001,-0.0002,STILL1
-18.4073,17.8238,-2.644,0.0004,25.7586,0.0481,0.0002,25.925,0.0538,0.0004,0.0,0.0002,-0.0,-0.0003,STILL1
-18.5383,17.7496,-2.934,0.0003,25.8327,0.0741,0.0001,25.8153,0.0019,0.0004,0.0,0.0002,-0.0001,-0.0003,STILL1
-19.315,18.3653,-2.3597,0.0004,26.7568,0.9241,0.0,25.9891,0.1479,0.0004,0.0,0.0002,-0.0,-0.0002,STILL1
-18.9333,18.4673,-2.1284,0.0003,26.5337,0.223,0.0001,26.1377,0.1773,0.0004,0.0,0.0002,-0.0,-0.0002,STILL1
-18.5247,18.2269,-1.8871,0.0002,26.0566,0.4771,0.0001,26.1877,0.1542,0.0003,0.0,0.0002,0.0,-0.0001,STILL1
-18.8354,18.1566,-2.3503,0.0003,26.267,0.2104,0.0001,26.2894,0.1083,0.0003,0.0,0.0002,0.0,-0.0,STILL1
-18.6246,18.0659,-2.3302,0.0004,26.0515,0.2155,0.0001,26.3331,0.076,0.0003,0.0,0.0001,-0.0001,0.0,STILL1
-18.3934,18.0371,-2.2611,0.0002,25.8605,0.191,0.0002,26.1539,0.0526,0.0003,0.0,0.0001,-0.0002,0.0001,STILL1
-18.396,18.1765,-1.987,0.0002,25.9374,0.0768,0.0001,26.0346,0.0189,0.0002,0.0,-0.0,-0.0002,0.0001,STILL1
-18.2324,18.2569,-1.7427,0.0003,25.8606,0.0768,0.0,25.9954,0.0233,0.0003,0.0,-0.0,-0.0002,0.0,STILL1
-18.5359,18.1649,-1.8442,0.0003,26.0181,0.1575,0.0,25.9456,0.0062,0.0003,0.0,-0.0001,-0.0002,0.0,STILL1
-17.9787,17.8319,-2.2253,0.0003,25.4197,0.5984,0.0001,25.8193,0.0433,0.0002,0.0,-0.0001,-0.0001,-0.0001,STILL1
-18.0017,18.0405,-2.3584,0.0002,25.5946,0.1749,0.0001,25.7661,0.0502,0.0003,0.0,-0.0001,-0.0001,-0.0,STILL1
-17.3608,18.523,-2.3242,0.0001,25.4932,0.1015,0.0001,25.6773,0.0514,0.0002,0.0,-0.0001,-0.0001,-0.0,STILL1
-17.6667,19.0372,-2.2094,0.0004,26.0655,0.5723,0.0003,25.7182,0.0731,0.0002,0.0,-0.0001,0.0001,-0.0001,STILL1
-17.3553,18.6735,-2.055,0.0003,25.5759,0.4896,0.0001,25.6298,0.0514,0.0002,0.0,-0.0001,0.0001,-0.0001,STILL1
-17.4655,18.5294,-2.0784,0.0005,25.548,0.0279,0.0002,25.6554,0.0432,0.0003,0.0,-0.0,0.0002,-0.0001,STILL1
-17.8317,18.2735,-1.6377,0.0002,25.5847,0.0366,0.0002,25.6535,0.0435,0.0003,0.0,0.0,0.0003,-0.0001,STILL1
-18.2248,18.4938,-1.8258,0.0002,26.0288,0.4441,0.0001,25.7606,0.055,0.0003,0.0,-0.0,0.0002,-0.0001,STILL1
-17.8704,18.0419,-1.5013,0.0002,25.4385,0.5903,0.0,25.6352,0.0415,0.0003,0.0,-0.0001,0.0002,-0.0,STILL1
-18.1214,18.1679,-1.4354,0.0,25.7005,0.262,0.0001,25.6601,0.041,0.0002,0.0,-0.0001,0.0001,-0.0001,STILL1
-17.7752,18.4843,-1.4389,0.0002,25.6846,0.0159,0.0001,25.6874,0.0378,0.0002,0.0,-0.0001,0.0001,-0.0,STILL1
-18.0577,17.8968,-1.5293,0.0001,25.4699,0.2147,0.0,25.6645,0.0447,0.0001,0.0,-0.0001,0.0,-0.0,STILL1
-18.3149,17.9675,-1.4203,0.0002,25.696,0.2261,0.0,25.5979,0.0139,0.0001,0.0,-0.0001,0.0,-0.0,STILL1
-18.1863,18.3521,-1.3425,0.0001,25.8717,0.1757,0.0,25.6845,0.0163,0.0001,0.0,-0.0001,0.0,-0.0,STILL1
-18.1584,17.1192,-1.6115,0.0001,25.0078,0.8638,0.0,25.546,0.0886,0.0002,0.0,-0.0001,-0.0,-0.0,STILL1
-18.3236,16.9422,-1.5017,0.0,25.001,0.0069,0.0001,25.4093,0.1255,0.0001,0.0,-0.0001,0.0,-0.0,STILL1
-18.1495,17.0788,-1.8357,0.0001,24.9892,0.0118,0.0,25.3131,0.1508,0.0001,0.0,-0.0001,0.0,-0.0,STILL1
-18.0759,17.1161,-2.0155,0.0001,24.9752,0.014,0.0,25.169,0.1236,0.0001,0.0,-0.0,-0.0,-0.0,STILL1
-17.8982,17.0179,-2.2717,0.0002,24.8015,0.1737,0.0001,24.9549,0.006,0.0001,0.0,-0.0,-0.0,-0.0,STILL1
-17.8529,17.255,-2.0236,0.0002,24.911,0.1094,0.0,24.9356,0.0055,0.0001,0.0,0.0,-0.0,-0.0,STILL1
-17.6292,17.5571,-2.2408,0.0002,24.9812,0.0703,0.0,24.9316,0.005,0.0002,0.0,0.0,-0.0001,-0.0,STILL1
-17.6346,17.5863,-2.1926,0.0001,25.0013,0.0201,0.0001,24.934,0.0053,0.0002,0.0,0.0,-0.0001,-0.0001,STILL1
-17.7983,18.1409,-2.1104,0.0003,25.5015,0.5002,0.0001,25.0393,0.0583,0.0002,0.0,-0.0,-0.0001,-0.0,STILL1
-17.9574,17.8096,-2.1289,0.0001,25.3808,0.1207,0.0002,25.1551,0.0569,0.0002,0.0,-0.0,-0.0001,-0.0,STILL1
-17.8566,17.7383,-2.0,0.0001,25.2488,0.1319,0.0,25.2227,0.0421,0.0002,0.0,-0.0,-0.0001,-0.0,STILL1
-17.779,17.4188,-1.6625,0.0002,24.9453,0.3035,0.0001,25.2156,0.0458,0.0002,0.0,-0.0001,-0.0001,-0.0,STILL1
-17.8701,17.8288,-2.0675,0.0001,25.3274,0.3821,0.0001,25.2808,0.0349,0.0002,0.0,-0.0,-0.0001,-0.0,STILL1
-18.0398,17.8474,-2.0853,0.0002,25.462,0.1345,0.0001,25.2729,0.0316,0.0002,0.0,0.0,-0.0,-0.0,STILL1
-17.8443,17.6748,-2.212,0.0003,25.2133,0.2487,0.0001,25.2394,0.0289,0.0002,0.0,0.0,0.0,0.0,STILL1
-18.138,17.9867,-1.8477,0.0004,25.611,0.3976,0.0001,25.3118,0.0513,0.0002,0.0,0.0,0.0001,0.0001,STILL1
-18.651,17.33,-2.1781,0.0002,25.5526,0.0584,0.0002,25.4332,0.0212,0.0002,0.0,0.0,0.0002,0.0001,STILL1
-18.1927,17.7546,-2.1894,0.0002,25.5146,0.038,0.0,25.4707,0.0189,0.0002,0.0,0.0,0.0002,0.0001,STILL1
-18.051,17.8506,-2.0953,0.0001,25.473,0.0416,0.0001,25.4729,0.0189,0.0002,0.0,-0.0,0.0002,0.0001,STILL1
-17.9971,18.093,-2.3387,0.0001,25.6265,0.1536,0.0,25.5555,0.0033,0.0002,0.0,-0.0,0.0002,0.0001,STILL1
-18.0633,18.0869,-2.921,0.0002,25.7284,0.1018,0.0,25.579,0.0081,0.0002,0.0,0.0,0.0001,0.0001,STILL1
-18.485,17.8351,-3.018,0.0002,25.863,0.1346,0.0,25.6411,0.0203,0.0002,0.0,0.0,0.0001,0.0001,STILL1
-18.5974,17.8025,-2.43,0.0001,25.8591,0.0039,0.0001,25.71,0.0218,0.0002,0.0,0.0001,0.0001,0.0,STILL1
-18.8123,17.7545,-2.3722,0.0002,25.976,0.1168,0.0001,25.8106,0.0146,0.0002,0.0,0.0001,0.0,0.0,STILL1
-18.6654,17.9723,-2.3665,0.0002,26.0193,0.0433,0.0001,25.8892,0.0104,0.0002,0.0,0.0001,-0.0,0.0,STILL1
-18.4949,17.7185,-2.4307,0.0003,25.7277,0.2916,0.0001,25.889,0.0104,0.0002,0.0,0.0001,-0.0001,-0.0,STILL1
-18.1271,18.0935,-2.4883,0.0004,25.7325,0.0048,0.0002,25.8629,0.0145,0.0002,0.0,0.0001,-0.0002,0.0,STILL1
-17.8361,17.953,-2.9156,0.0004,25.4742,0.2583,0.0,25.7859,0.0388,0.0003,0.0,0.0001,-0.0003,0.0001,STILL1
-17.7782,18.4436,-3.0075,0.0001,25.793,0.3188,0.0003,25.7493,0.0302,0.0003,0.0,0.0,-0.0003,0.0,STILL1
-17.6913,18.3361,-2.9623,0.0002,25.651,0.142,0.0,25.6757,0.0122,0.0003,0.0,0.0,-0.0002,0.0,STILL1
-17.8906,18.3439,-3.1042,0.0002,25.811,0.16,0.0,25.6923,0.015,0.0003,0.0,0.0,-0.0002,-0.0,STILL1
-17.8531,18.0783,-3.0427,0.0006,25.5893,0.2217,0.0004,25.6637,0.016,0.0003,0.0,0.0,0.0,-0.0001,STILL1
-18.0293,18.1595,-2.7904,0.0004,25.7412,0.1519,0.0002,25.7171,0.0072,0.0003,0.0,-0.0,0.0002,-0.0002,STILL1
-18.3516,18.2495,-2.848,0.0005,26.0372,0.296,0.0001,25.7659,0.0241,0.0004,0.0,-0.0,0.0003,-0.0002,STILL1
-18.1563,17.8683,-2.1846,0.0006,25.5676,0.4696,0.0001,25.7493,0.0291,0.0005,0.0,0.0,0.0004,-0.0003,STILL1
-18.7,18.2384,-2.2977,0.0002,26.2223,0.6548,0.0004,25.8315,0.0663,0.0005,0.0,0.0,0.0004,-0.0002,STILL1
-18.9038,18.122,-2.2944,0.0001,26.2873,0.065,0.0,25.9711,0.0766,0.0004,0.0,0.0,0.0003,-0.0002,STILL1
-18.898,17.9101,-2.4293,0.0003,26.1497,0.1376,0.0001,26.0528,0.0658,0.0003,0.0,0.0,0.0003,-0.0002,STILL1
-19.0965,17.9062,-2.4622,0.0001,26.2939,0.1442,0.0001,26.1042,0.0747,0.0003,0.0,0.0,0.0002,-0.0001,STILL1
-19.4116,18.2281,-2.0666,0.0003,26.7085,0.4146,0.0002,26.3324,0.0381,0.0002,0.0,-0.0,0.0001,-0.0001,STILL1
-19.448,17.8793,-2.3595,0.0004,26.5229,0.1856,0.0002,26.3925,0.0393,0.0003,0.0,-0.0001,0.0002,-0.0,STILL1
-18.9178,17.766,-2.1939,0.0003,26.0447,0.4782,0.0001,26.344,0.0589,0.0003,0.0,-0.0,0.0002,0.0,STILL1
-18.8405,17.8347,-1.977,0.0004,26.0182,0.0265,0.0001,26.3177,0.0719,0.0003,0.0,-0.0,0.0002,0.0001,STILL1
-18.8724,18.4302,-1.8816,0.0003,26.4458,0.4276,0.0002,26.348,0.0742,0.0003,0.0,-0.0,0.0003,0.0002,STILL1
-18.6792,18.1692,-1.849,0.0002,26.1237,0.3221,0.0,26.2311,0.0446,0.0003,0.0,-0.0,0.0002,0.0002,STILL1
-18.509,17.7197,-1.8323,0.0002,25.6891,0.4347,0.0,26.0643,0.0585,0.0003,0.0,-0.0,0.0002,0.0002,STILL1
-18.079,17.7289,-2.0284,0.0002,25.4024,0.2867,0.0,25.9358,0.1295,0.0003,0.0,-0.0001,0.0002,0.0001,STILL1
-18.307,17.2581,-2.0789,0.0002,25.245,0.1574,0.0,25.7812,0.1997,0.0002,0.0,-0.0001,0.0001,0.0001,STILL1
-18.1143,17.8409,-2.1694,0.0002,25.5173,0.2723,0.0,25.5955,0.0908,0.0002,0.0,-0.0001,0.0001,0.0001,STILL1
-17.9915,17.6102,-2.6387,0.0003,25.3135,0.2038,0.0001,25.4334,0.0246,0.0002,0.0,-0.0,0.0001,0.0001,STILL1
-18.1401,17.7288,-2.4953,0.0003,25.4872,0.1737,0.0,25.3931,0.0105,0.0002,0.0,0.0,0.0,0.0001,STILL1
-18.2714,18.083,-2.465,0.0002,25.8247,0.3375,0.0001,25.4776,0.0406,0.0002,0.0,0.0,-0.0,0.0002,STILL1
-18.0234,18.1883,-2.7282,0.0001,25.7507,0.074,0.0,25.5787,0.0345,0.0002,0.0,0.0001,-0.0001,0.0001,STILL1
-17.475,17.7569,-2.8232,0.0001,25.0729,0.6778,0.0,25.4898,0.077,0.0002,0.0,0.0,-0.0001,0.0001,STILL1
-17.8393,17.9743,-2.9586,0.0001,25.4965,0.4235,0.0,25.5264,0.0695,0.0002,0.0,-0.0,-0.0001,0.0,STILL1
-17.8871,17.8013,-3.0544,0.0001,25.4197,0.0767,0.0,25.5129,0.0713,0.0001,0.0,-0.0,-0.0001,-0.0,STILL1
-17.7941,18.0192,-3.081,0.0002,25.511,0.0913,0.0,25.4502,0.0479,0.0001,0.0,-0.0,-0.0,-0.0001,STILL1
-18.2134,17.6872,-2.6117,0.0002,25.5222,0.0112,0.0,25.4045,0.0288,0.0001,0.0,-0.0,0.0,-0.0001,STILL1
-18.3519,18.0591,-3.1862,0.0003,25.9437,0.4215,0.0001,25.5786,0.0346,0.0002,0.0,-0.0,0.0001,-0.0001,STILL1
-17.9722,18.5817,-3.2177,0.0001,26.0506,0.1068,0.0002,25.6895,0.0655,0.0002,0.0,0.0,0.0001,-0.0001,STILL1
-17.1965,18.4747,-3.046,0.0003,25.4227,0.6279,0.0002,25.69,0.0652,0.0002,0.0,-0.0,0.0001,-0.0001,STILL1
-17.3603,18.2517,-2.7993,0.0004,25.3444,0.0783,0.0002,25.6567,0.0816,0.0003,0.0,0.0,0.0001,-0.0002,STILL1
-17.2726,18.6044,-2.5645,0.0004,25.5156,0.1712,0.0001,25.6554,0.0819,0.0003,0.0,0.0001,0.0001,-0.0002,STILL1
-17.1494,18.2398,-2.7172,0.0003,25.1828,0.3328,0.0001,25.5032,0.0868,0.0003,0.0,0.0001,-0.0,-0.0002,STILL1
-17.1132,18.2512,-2.78,0.0003,25.1734,0.0094,0.0,25.3278,0.0179,0.0003,0.0,0.0001,-0.0,-0.0003,STILL1
-17.4062,18.2635,-2.5646,0.0005,25.3596,0.1862,0.0002,25.3152,0.0161,0.0004,0.0,0.0002,-0.0001,-0.0003,STILL1
-17.5937,18.1452,-2.583,0.0003,25.4059,0.0463,0.0002,25.3274,0.0174,0.0004,0.0,0.0002,-0.0002,-0.0003,STILL1
-17.1312,17.9568,-2.6789,0.0003,24.962,0.4439,0.0001,25.2167,0.0248,0.0004,0.0,0.0001,-0.0002,-0.0002,STILL1
-16.9081,17.9279,-2.84,0.0004,24.8064,0.1555,0.0001,25.1414,0.0526,0.0004,0.0,0.0001,-0.0002,-0.0002,STILL1
-16.8202,17.8986,-2.7032,0.0004,24.7101,0.0964,0.0,25.0488,0.081,0.0004,0.0,0.0001,-0.0003,-0.0002,STILL1
-17.2281,17.8657,-2.1157,0.0002,24.9092,0.1991,0.0002,24.9587,0.0575,0.0003,0.0,0.0,-0.0003,-0.0001,STILL1
-17.3168,17.8582,-2.2488,0.0001,24.9769,0.0677,0.0001,24.8729,0.0102,0.0003,0.0,0.0,-0.0002,-0.0001,STILL1
-17.6441,17.8866,-1.8053,0.0002,25.1893,0.2124,0.0,24.9184,0.0266,0.0003,0.0,-0.0,-0.0002,-0.0001,STILL1
-17.5153,17.6155,-2.0192,0.0003,24.9232,0.2661,0.0002,24.9417,0.0235,0.0002,0.0,-0.0,-0.0,-0.0001,STILL1
-17.7185,17.3955,-2.0341,0.0003,24.9136,0.0097,0.0001,24.9824,0.0113,0.0002,0.0,0.0,0.0001,-0.0001,STILL1
-18.206,17.6758,-1.8898,0.0003,25.4453,0.5318,0.0,25.0897,0.0416,0.0002,0.0,0.0,0.0001,-0.0001,STILL1
-18.4492,17.8125,-1.9369,0.0005,25.7179,0.2726,0.0002,25.2379,0.096,0.0003,0.0,0.0001,0.0001,-0.0001,STILL1
-18.6219,17.7094,-1.9964,0.0002,25.7756,0.0577,0.0002,25.3551,0.1396,0.0003,0.0,0.0002,0.0001,-0.0001,STILL1
-18.1756,17.8363,-2.0596,0.0001,25.5485,0.2271,0.0001,25.4802,0.0941,0.0003,0.0,0.0002,0.0001,-0.0001,STILL1
-17.8405,18.1971,-1.9727,0.0004,25.5599,0.0114,0.0003,25.6095,0.0145,0.0003,0.0,0.0002,0.0002,-0.0,STILL1
-18.7755,17.6171,-1.8563,0.0003,25.8133,0.2534,0.0001,25.6831,0.012,0.0003,0.0,0.0002,0.0001,0.0,STILL1
-18.6048,17.7655,-1.585,0.0001,25.7733,0.04,0.0002,25.6941,0.0133,0.0002,0.0,0.0001,0.0001,0.0001,STILL1
-18.4213,17.6343,-1.8274,0.0002,25.5666,0.2067,0.0001,25.6523,0.0134,0.0002,0.0,0.0001,0.0001,0.0001,STILL1
-18.2558,18.3949,-1.8713,0.0003,25.9837,0.417,0.0001,25.7394,0.0257,0.0003,0.0,0.0001,0.0002,0.0001,STILL1
-18.1797,18.3066,-1.9001,0.0004,25.8697,0.114,0.0,25.8013,0.0188,0.0003,0.0,0.0,0.0002,0.0001,STILL1
-18.0593,18.1296,-2.1607,0.0002,25.6806,0.1891,0.0001,25.7748,0.021,0.0002,0.0,-0.0001,0.0002,0.0001,STILL1
-17.9225,17.9443,-2.0661,0.0002,25.4457,0.2349,0.0001,25.7093,0.0383,0.0003,0.0,-0.0001,0.0002,0.0001,STILL1
-17.9786,18.0648,-2.3466,0.0002,25.5944,0.1488,0.0,25.7148,0.0369,0.0003,0.0,-0.0001,0.0002,0.0001,STILL1
-17.7798,18.2769,-2.4742,0.0002,25.6181,0.0236,0.0001,25.6417,0.0189,0.0002,0.0,-0.0001,0.0002,0.0001,STILL1
-17.4582,18.2215,-3.0981,0.0002,25.4246,0.1935,0.0,25.5527,0.01,0.0002,0.0,-0.0001,0.0001,0.0,STILL1
-17.7822,18.7897,-3.0316,0.0003,26.0471,0.6225,0.0002,25.626,0.0503,0.0002,0.0,-0.0001,0.0001,0.0001,STILL1
-17.8195,18.8693,-2.8378,0.0002,26.1082,0.0611,0.0001,25.7585,0.0727,0.0002,0.0,-0.0001,0.0001,0.0001,STILL1
-17.4931,18.7985,-2.7515,0.0001,25.8256,0.2825,0.0001,25.8047,0.0661,0.0002,0.0,-0.0001,0.0001,0.0,STILL1
-17.4632,19.1545,-2.8387,0.0002,26.0752,0.2495,0.0001,25.8961,0.0654,0.0002,0.0,-0.0001,-0.0,0.0001,STILL1
-17.5893,18.7704,-2.7678,0.0002,25.8723,0.2029,0.0,25.9857,0.0131,0.0002,0.0,-0.0001,0.0,0.0,STILL1
-17.9308,18.4538,-3.0393,0.0001,25.9094,0.0371,0.0001,25.9581,0.0127,0.0002,0.0,-0.0001,0.0,0.0,STILL1
-17.4665,18.8912,-2.7908,0.0001,25.8795,0.0299,0.0,25.9124,0.0073,0.0002,0.0,-0.0001,-0.0,0.0,STILL1
-17.7107,18.913,-2.8826,0.0,26.0707,0.1912,0.0001,25.9614,0.0085,0.0001,0.0,-0.0001,-0.0,0.0,STILL1
-17.0717,19.0616,-2.6623,0.0001,25.727,0.3437,0.0001,25.8918,0.012,0.0001,0.0,-0.0,0.0,-0.0,STILL1
-17.9949,19.243,-2.4549,0.0001,26.4601,0.7331,0.0,26.0093,0.0627,0.0001,0.0,-0.0,-0.0,0.0,STILL1
-17.6709,18.9007,-2.042,0.0002,25.9551,0.505,0.0001,26.0185,0.0612,0.0001,0.0,-0.0,-0.0001,-0.0,STILL1
-17.8711,18.8706,-2.0274,0.0001,26.0688,0.1137,0.0001,26.0563,0.0564,0.0001,0.0,-0.0,-0.0001,-0.0001,STILL1
-18.0531,19.0371,-2.3188,0.0003,26.3382,0.2694,0.0002,26.1098,0.0694,0.0002,0.0,-0.0,-0.0,-0.0001,STILL1
-18.3769,18.939,-2.8581,0.0005,26.5436,0.2054,0.0002,26.2732,0.0511,0.0003,0.0,-0.0001,0.0,-0.0001,STILL1
-18.1609,18.2825,-2.5303,0.0002,25.8934,0.6502,0.0002,26.1598,0.0601,0.0003,0.0,-0.0002,0.0001,-0.0001,STILL1
-18.3412,18.6447,-2.6461,0.0004,26.2874,0.394,0.0001,26.2263,0.0505,0.0003,0.0,-0.0002,0.0001,-0.0001,STILL1
-18.1417,18.2627,-2.4637,0.0004,25.8596,0.4278,0.0,26.1844,0.0707,0.0003,0.0,-0.0003,0.0,-0.0,STILL1
-17.4352,18.0601,-2.6335,0.0004,25.2407,0.6189,0.0001,25.9649,0.1959,0.0004,0.0,-0.0002,-0.0001,-0.0,STILL1
-17.6169,17.5731,-2.3974,0.0004,24.9984,0.2423,0.0,25.6559,0.2203,0.0004,0.0,-0.0002,-0.0002,0.0,STILL1
-17.7123,17.8647,-2.1523,0.0004,25.2489,0.2505,0.0,25.527,0.2255,0.0004,0.0,-0.0002,-0.0003,0.0,STILL1
-18.423,18.0512,-2.3281,0.0005,25.8973,0.6484,0.0001,25.449,0.1312,0.0004,0.0,-0.0001,-0.0004,0.0,STILL1
-18.5696,18.0816,-2.125,0.0003,26.0056,0.1083,0.0002,25.4782,0.1586,0.0004,0.0,-0.0,-0.0004,-0.0,STILL1
-17.9057,18.0809,-2.3344,0.0003,25.5535,0.4521,0.0,25.5407,0.1445,0.0004,0.0,-0.0001,-0.0004,-0.0001,STILL1
-17.8621,19.0147,-2.3987,0.0003,26.1986,0.6451,0.0,25.7808,0.1146,0.0003,0.0,-0.0,-0.0003,-0.0001,STILL1
-17.6865,18.993,-2.5346,0.0001,26.0763,0.1223,0.0002,25.9462,0.0481,0.0003,0.0,-0.0,-0.0003,-0.0001,STILL1
-17.4523,18.2913,-2.6339,0.0002,25.4184,0.6579,0.0001,25.8505,0.0942,0.0002,0.0,-0.0,-0.0002,-0.0001,STILL1
-17.6619,17.9424,-2.2634,0.0002,25.2783,0.14,0.0001,25.705,0.1337,0.0002,0.0,-0.0,-0.0002,-0.0001,STILL1
-17.8483,17.6602,-2.3388,0.0003,25.2173,0.061,0.0,25.6378,0.1722,0.0002,0.0,0.0,-0.0002,-0.0,STILL1
-17.4005,17.4688,-1.9273,0.0001,24.7315,0.4858,0.0002,25.3444,0.1874,0.0002,0.0,0.0,-0.0001,-0.0,STILL1
-17.2798,17.8,-2.2106,0.0002,24.9062,0.1746,0.0001,25.1103,0.0639,0.0002,0.0,0.0,-0.0001,-0.0,STILL1
-17.3738,17.8025,-2.4466,0.0002,24.9953,0.0891,0.0,25.0257,0.0405,0.0002,0.0,0.0001,-0.0001,0.0,STILL1
-17.724,17.842,-2.251,0.0001,25.2497,0.2544,0.0001,25.02,0.0377,0.0002,0.0,0.0,-0.0001,-0.0,STILL1
-17.9261,17.8705,-1.8571,0.0001,25.3801,0.1304,0.0,25.0525,0.0548,0.0001,0.0,0.0,-0.0001,-0.0,STILL1
-18.1971,17.7058,-1.9419,0.0003,25.4637,0.0836,0.0002,25.199,0.0465,0.0002,0.0,-0.0,-0.0001,0.0,STILL1
-18.1327,17.7021,-2.1504,0.0003,25.4319,0.0318,0.0,25.3041,0.0292,0.0002,0.0,-0.0001,-0.0,0.0001,STILL1
-18.4468,17.2836,-2.561,0.0002,25.408,0.024,0.0,25.3867,0.0055,0.0002,0.0,-0.0001,-0.0,0.0001,STILL1
-18.2793,17.8675,-2.7675,0.0003,25.7107,0.3027,0.0001,25.4789,0.0142,0.0002,0.0,-0.0002,0.0,0.0002,STILL1
-18.5141,18.0159,-3.2453,0.0004,26.036,0.3253,0.0001,25.6101,0.0571,0.0003,0.0,-0.0002,0.0001,0.0002,STILL1
-18.505,18.0752,-2.8306,0.0003,26.0223,0.0137,0.0001,25.7218,0.0743,0.0003,0.0,-0.0002,0.0001,0.0001,STILL1
-18.3228,18.2351,-2.8051,0.0003,26.0022,0.0201,0.0,25.8358,0.0602,0.0003,0.0,-0.0002,0.0001,0.0001,STILL1
-18.377,18.0912,-3.0909,0.0004,25.9723,0.0299,0.0001,25.9487,0.0146,0.0003,0.0,-0.0002,0.0002,0.0001,STILL1
-18.5766,18.6542,-2.7665,0.0002,26.4712,0.4989,0.0002,26.1008,0.0348,0.0003,0.0,-0.0002,0.0002,0.0,STILL1
-18.2206,18.1796,-2.3601,0.0002,25.8469,0.6243,0.0,26.063,0.0454,0.0003,0.0,-0.0002,0.0002,-0.0,STILL1
-18.4296,18.0062,-2.4224,0.0002,25.8794,0.0325,0.0,26.0344,0.051,0.0003,0.0,-0.0002,0.0002,-0.0,STILL1
-18.25,18.2237,-2.5473,0.0001,25.9163,0.0369,0.0001,26.0172,0.0533,0.0002,0.0,-0.0001,0.0002,-0.0,STILL1
-18.2187,18.1384,-2.4629,0.0002,25.8261,0.0902,0.0001,25.988,0.0593,0.0002,0.0,-0.0001,0.0001,-0.0,STILL1
-17.6781,18.7732,-2.5797,0.0001,25.9153,0.0892,0.0001,25.8768,0.0013,0.0002,0.0,-0.0001,0.0001,-0.0,STILL1
-17.6456,18.3248,-2.4544,0.0002,25.5576,0.3577,0.0,25.8189,0.0182,0.0002,0.0,-0.0,0.0001,0.0,STILL1
-17.7759,18.5036,-2.7791,0.0003,25.8087,0.2511,0.0001,25.8048,0.0172,0.0002,0.0,0.0,0.0002,0.0,STILL1
-17.8926,18.0466,-3.1139,0.0003,25.6031,0.2055,0.0,25.7422,0.019,0.0002,0.0,0.0,0.0002,0.0001,STILL1
-17.9984,18.0904,-3.188,0.0003,25.7171,0.114,0.0,25.7204,0.0172,0.0002,0.0,0.0001,0.0002,0.0001,STILL1
-18.0487,18.1942,-2.8067,0.0003,25.7811,0.064,0.0,25.6935,0.0096,0.0003,0.0,0.0001,0.0002,0.0001,STILL1
-18.0202,18.6585,-2.7172,0.0002,26.0816,0.3006,0.0001,25.7983,0.0251,0.0003,0.0,0.0001,0.0002,0.0001,STILL1
-17.8974,18.1362,-2.3581,0.0002,25.5891,0.4926,0.0,25.7544,0.0319,0.0003,0.0,0.0002,0.0001,0.0001,STILL1
-17.7336,17.7027,-2.8865,0.0002,25.2229,0.3661,0.0,25.6784,0.078,0.0003,0.0,0.0002,0.0001,0.0,STILL1
-17.7431,17.6934,-3.0123,0.0003,25.2378,0.0149,0.0,25.5825,0.1073,0.0003,0.0,0.0002,0.0001,-0.0,STILL1
-18.0101,17.8797,-2.863,0.0003,25.5391,0.3013,0.0,25.5341,0.0975,0.0003,0.0,0.0002,0.0001,-0.0001,STILL1
-17.8206,18.185,-2.4341,0.0003,25.5772,0.0381,0.0,25.4332,0.0277,0.0003,0.0,0.0002,0.0001,-0.0001,STILL1
-18.3315,18.273,-1.8848,0.0002,25.9519,0.3746,0.0001,25.5058,0.0714,0.0003,0.0,0.0002,0.0002,-0.0001,STILL1
-18.5558,18.6059,-2.1985,0.0003,26.3691,0.4173,0.0001,25.735,0.1519,0.0003,0.0,0.0002,0.0002,-0.0001,STILL1
-18.7415,18.3722,-1.9463,0.0003,26.3168,0.0524,0.0,25.9508,0.1236,0.0003,0.0,0.0002,0.0002,-0.0002,STILL1
-18.8901,18.2384,-2.0851,0.0003,26.3405,0.0238,0.0001,26.1111,0.0944,0.0003,0.0,0.0001,0.0002,-0.0002,STILL1
-18.8808,19.1439,-2.1619,0.0002,26.9749,0.6344,0.0,26.3906,0.1085,0.0003,0.0,0.0001,0.0001,-0.0001,STILL1
-18.9765,19.1963,-2.0295,0.0003,27.0689,0.094,0.0,26.6141,0.1121,0.0003,0.0,0.0002,0.0001,-0.0001,STILL1
-18.9906,19.0164,-2.0423,0.0002,26.9525,0.1164,0.0,26.7307,0.1094,0.0003,0.0,0.0002,0.0001,-0.0,STILL1
-18.8081,19.0038,-2.0464,0.0003,26.8156,0.1369,0.0,26.8305,0.0666,0.0003,0.0,0.0002,0.0001,0.0,STILL1
-18.7996,19.1936,-2.3496,0.0002,26.9693,0.1537,0.0001,26.9563,0.0066,0.0002,0.0,0.0002,0.0001,0.0,STILL1
-18.8522,19.4268,-1.7141,0.0003,27.1246,0.1553,0.0001,26.9862,0.0113,0.0003,0.0,0.0002,0.0001,0.0001,STILL1
-18.9099,19.4727,-1.265,0.0003,27.1729,0.0484,0.0001,27.007,0.0165,0.0003,0.0,0.0001,0.0002,0.0001,STILL1
-18.8373,18.8719,-1.5807,0.0001,26.7112,0.4617,0.0002,26.9587,0.031,0.0002,0.0,0.0001,0.0001,0.0,STILL1
-18.7136,18.8413,-2.2115,0.0002,26.6474,0.0639,0.0,26.9251,0.0452,0.0002,0.0,0.0001,0.0001,0.0,STILL1
-18.8521,18.9261,-2.2567,0.0002,26.8085,0.1611,0.0,26.8929,0.0465,0.0002,0.0,0.0001,0.0001,0.0,STILL1
-18.5911,18.6815,-2.346,0.0001,26.46,0.3485,0.0,26.76,0.0556,0.0002,0.0,0.0001,0.0001,0.0,STILL1
-18.5135,18.7234,-2.0205,0.0001,26.4082,0.0517,0.0001,26.6071,0.0228,0.0001,0.0,0.0001,-0.0,0.0,STILL1
-18.7983,19.2131,-2.2539,0.0001,26.974,0.5658,0.0,26.6596,0.0448,0.0001,0.0,0.0001,0.0,0.0,STILL1
-18.3542,19.2111,-2.2719,0.0002,26.6666,0.3075,0.0001,26.6635,0.0448,0.0001,0.0,0.0001,0.0001,-0.0,STILL1
-17.8334,19.0376,-2.4925,0.0001,26.2045,0.4621,0.0001,26.5427,0.0681,0.0001,0.0,0.0001,0.0001,-0.0,STILL1
-17.7823,18.3332,-2.6346,0.0003,25.6761,0.5284,0.0002,26.3859,0.1924,0.0002,0.0,0.0001,-0.0,-0.0,STILL1
-18.0478,18.0509,-2.3983,0.0003,25.6381,0.038,0.0,26.2318,0.2804,0.0002,0.0,0.0001,-0.0001,-0.0,STILL1
-18.1788,18.6126,-2.103,0.0001,26.1022,0.4641,0.0002,26.0575,0.1432,0.0002,0.0,0.0001,-0.0001,-0.0001,STILL1
-18.0556,18.3807,-2.5918,0.0002,25.8954,0.2068,0.0001,25.9032,0.0505,0.0002,0.0,0.0001,-0.0001,-0.0,STILL1
-17.8476,18.089,-2.6328,0.0002,25.5476,0.3478,0.0,25.7719,0.0403,0.0002,0.0,0.0001,-0.0002,-0.0001,STILL1
-18.0343,18.2524,-2.2188,0.0002,25.7548,0.2072,0.0,25.7876,0.0383,0.0002,0.0,0.0001,-0.0002,-0.0001,STILL1
-18.0743,17.8269,-1.8219,0.0002,25.4519,0.3029,0.0,25.7504,0.055,0.0002,0.0,0.0001,-0.0001,-0.0001,STILL1
-18.1438,18.0647,-2.2013,0.0002,25.6978,0.2459,0.0,25.6695,0.0243,0.0002,0.0,0.0001,-0.0001,-0.0001,STILL1
-17.9307,18.0736,-2.3048,0.0002,25.5632,0.1346,0.0,25.6031,0.0119,0.0002,0.0,0.0001,-0.0001,-0.0001,STILL1
-18.3789,18.2808,-2.2813,0.0002,26.0226,0.4594,0.0001,25.6981,0.0375,0.0002,0.0,0.0002,-0.0,-0.0001,STILL1
-18.375,18.4059,-2.1282,0.0001,26.0949,0.0723,0.0,25.7661,0.0637,0.0002,0.0,0.0002,-0.0,-0.0001,STILL1
-17.8875,18.8434,-1.8744,0.0001,26.049,0.0459,0.0,25.8855,0.0457,0.0002,0.0,0.0001,0.0,-0.0,STILL1
-17.8569,18.6341,-2.1589,0.0002,25.899,0.15,0.0001,25.9258,0.0371,0.0001,0.0,0.0001,0.0,-0.0,STILL1
-17.9605,18.5229,-2.1552,0.0003,25.8906,0.0084,0.0001,25.9912,0.0067,0.0002,0.0,0.0001,0.0001,0.0,STILL1
-17.3184,18.3808,-2.0992,0.0004,25.3415,0.5492,0.0002,25.855,0.0724,0.0002,0.0,0.0,0.0001,0.0001,STILL1
-17.1735,18.8078,-1.945,0.0002,25.543,0.2015,0.0002,25.7446,0.0682,0.0002,0.0,0.0,0.0002,0.0001,STILL1
-17.27,18.39,-1.9685,0.0002,25.3046,0.2384,0.0,25.5957,0.0662,0.0003,0.0,0.0,0.0002,0.0001,STILL1
-17.4504,18.2432,-2.1654,0.0002,25.3381,0.0336,0.0,25.4836,0.0485,0.0003,0.0,-0.0001,0.0002,0.0001,STILL1
-17.5541,18.8165,-2.0042,0.0003,25.8113,0.4731,0.0001,25.4677,0.0366,0.0003,0.0,-0.0001,0.0002,0.0001,STILL1
-17.6839,18.3907,-2.7815,0.0005,25.6646,0.1466,0.0002,25.5323,0.037,0.0003,0.0,-0.0001,0.0002,0.0001,STILL1
-18.194,18.1907,-2.4189,0.0003,25.8413,0.1767,0.0002,25.592,0.0525,0.0003,0.0,-0.0002,0.0002,0.0001,STILL1
-17.9614,18.565,-2.4445,0.0003,25.9471,0.1058,0.0,25.7205,0.0447,0.0003,0.0,-0.0002,0.0002,0.0001,STILL1
-18.0816,18.3958,-2.4525,0.0003,25.9107,0.0363,0.0,25.835,0.0096,0.0003,0.0,-0.0003,0.0002,0.0001,STILL1
-17.9184,18.3416,-2.5714,0.0004,25.7701,0.1406,0.0001,25.8268,0.0102,0.0004,0.0,-0.0003,0.0001,0.0001,STILL1
-18.3066,18.3045,-2.0008,0.0003,25.9652,0.1951,0.0001,25.8869,0.0052,0.0003,0.0,-0.0003,0.0001,0.0001,STILL1
-18.4141,18.1186,-1.9257,0.0002,25.905,0.0602,0.0001,25.8996,0.0047,0.0003,0.0,-0.0003,0.0,0.0,STILL1
-18.1469,17.4074,-1.8624,0.0001,25.215,0.69,0.0001,25.7532,0.0766,0.0003,0.0,-0.0002,0.0,-0.0,STILL1
-18.28,17.7009,-1.5681,0.0002,25.4939,0.2789,0.0,25.6698,0.0781,0.0003,0.0,-0.0002,-0.0001,-0.0,STILL1
-18.0146,17.4701,-2.1013,0.0002,25.1823,0.3116,0.0,25.5523,0.1098,0.0002,0.0,-0.0001,-0.0001,-0.0001,STILL1
-18.1273,17.5948,-2.0279,0.0001,25.3435,0.1612,0.0001,25.4279,0.069,0.0002,0.0,-0.0,-0.0001,-0.0,STILL1
-18.1925,17.3821,-2.0161,0.0003,25.2422,0.1012,0.0002,25.2954,0.0128,0.0002,0.0,-0.0,-0.0001,0.0,STILL1
-17.9009,17.6057,-2.0035,0.0004,25.1876,0.0546,0.0001,25.2899,0.0138,0.0002,0.0,-0.0,-0.0002,0.0,STILL1
-18.0769,18.5127,-1.8747,0.0004,25.9424,0.7548,0.0,25.3796,0.0826,0.0003,0.0,-0.0,-0.0003,0.0,STILL1
-18.1241,18.1258,-1.9935,0.0002,25.7099,0.2325,0.0002,25.4851,0.0854,0.0003,0.0,-0.0,-0.0003,0.0,STILL1
-17.7961,17.8694,-1.9792,0.0003,25.2969,0.413,0.0001,25.4758,0.0884,0.0003,0.0,-0.0,-0.0003,0.0,STILL1
-17.5681,17.658,-1.8177,0.0002,24.975,0.3219,0.0001,25.4224,0.1248,0.0003,0.0,-0.0,-0.0003,0.0,STILL1
-18.1483,17.8639,-2.2979,0.0003,25.5687,0.5937,0.0001,25.4986,0.1123,0.0003,0.0,-0.0,-0.0003,0.0,STILL1
-18.1686,18.0005,-2.4321,0.0004,25.6911,0.1224,0.0001,25.4483,0.0778,0.0003,0.0,-0.0,-0.0003,0.0,STILL1
-18.1161,18.4223,-2.6488,0.0003,25.9729,0.2818,0.0001,25.5009,0.1164,0.0003,0.0,-0.0001,-0.0002,0.0001,STILL1
-18.3523,17.8159,-2.369,0.0003,25.6871,0.2858,0.0,25.5789,0.1089,0.0003,0.0,-0.0001,-0.0002,0.0001,STILL1
-18.3068,17.859,-2.239,0.0002,25.6729,0.0142,0.0001,25.7185,0.0182,0.0003,0.0,-0.0002,-0.0002,0.0001,STILL1
-18.2048,18.3778,-2.0381,0.0001,25.9483,0.2754,0.0001,25.7944,0.0185,0.0003,0.0,-0.0002,-0.0001,0.0001,STILL1
-18.1764,18.3741,-1.9304,0.0001,25.9175,0.0308,0.0,25.8397,0.0173,0.0002,0.0,-0.0001,-0.0,0.0001,STILL1
-18.6255,18.7774,-1.8225,0.0002,26.5108,0.5933,0.0001,25.9473,0.0923,0.0002,0.0,-0.0,-0.0,0.0001,STILL1
-18.4473,18.4313,-1.9205,0.0003,26.1477,0.3631,0.0001,26.0394,0.0783,0.0002,0.0,-0.0,0.0,-0.0,STILL1
-18.5266,18.3326,-2.0958,0.0003,26.1478,0.0001,0.0,26.1344,0.0447,0.0002,0.0,0.0,0.0001,-0.0001,STILL1
-18.4806,18.1785,-2.3516,0.0003,26.0293,0.1185,0.0,26.1506,0.0398,0.0002,0.0,-0.0,0.0,-0.0001,STILL1
-18.3532,18.071,-2.9875,0.0003,25.9293,0.1,0.0001,26.153,0.0387,0.0003,0.0,-0.0001,0.0001,-0.0002,STILL1
-18.7795,18.5568,-3.015,0.0003,26.5728,0.6435,0.0,26.1654,0.0482,0.0003,0.0,-0.0001,0.0001,-0.0002,STILL1
-18.6861,18.2923,-2.5776,0.0002,26.2759,0.2969,0.0001,26.191,0.0499,0.0003,0.0,-0.0001,0.0,-0.0002,STILL1
-18.302,18.3245,-2.0777,0.0001,25.982,0.2939,0.0001,26.1578,0.0572,0.0002,0.0,-0.0001,-0.0,-0.0001,STILL1
-17.676,17.9471,-1.7934,0.0001,25.2538,0.7282,0.0,26.0027,0.1933,0.0002,0.0,-0.0001,-0.0001,-0.0001,STILL1
-17.9533,18.2889,-1.7566,0.0002,25.6883,0.4345,0.0001,25.9546,0.2096,0.0002,0.0,-0.0,-0.0001,0.0,STILL1
-18.4345,18.5217,-2.2803,0.0004,26.2314,0.5431,0.0002,25.8863,0.1439,0.0002,0.0,0.0001,0.0001,0.0,STILL1
-18.2757,18.1268,-2.8117,0.0004,25.8938,0.3376,0.0,25.8099,0.1077,0.0002,0.0,0.0001,0.0001,0.0,STILL1
-18.2737,18.7639,-2.5681,0.0003,26.3175,0.4237,0.0001,25.8769,0.1488,0.0003,0.0,0.0002,0.0002,0.0,STILL1
-17.8346,18.8986,-2.5733,0.0002,26.1123,0.2051,0.0001,26.0486,0.0527,0.0003,0.0,0.0002,0.0002,0.0001,STILL1
-17.7958,18.9002,-3.2274,0.0001,26.1596,0.0472,0.0001,26.1429,0.0203,0.0003,0.0,0.0002,0.0002,0.0001,STILL1
-18.0366,18.3858,-2.935,0.0001,25.9224,0.2372,0.0001,26.0811,0.0247,0.0002,0.0,0.0001,0.0001,0.0,STILL1
-17.7887,18.2211,-2.6043,0.0003,25.5974,0.325,0.0003,26.0218,0.0609,0.0002,0.0,0.0001,0.0001,-0.0,STILL1
-17.7216,18.455,-2.4147,0.0001,25.6996,0.1022,0.0002,25.8983,0.0489,0.0002,0.0,0.0001,0.0001,-0.0,STILL1
-17.7085,18.3046,-2.6161,0.0002,25.6026,0.097,0.0,25.7963,0.0469,0.0002,0.0,0.0001,0.0001,-0.0,STILL1
-17.5699,18.0968,-2.9054,0.0003,25.3897,0.2129,0.0001,25.6424,0.0298,0.0002,0.0,0.0001,0.0001,-0.0001,STILL1
-17.1747,18.0212,-2.3993,0.0003,25.0098,0.3799,0.0,25.4599,0.0609,0.0002,0.0,0.0002,0.0001,-0.0001,STILL1
-17.1398,18.4107,-2.9194,0.0005,25.3229,0.3131,0.0002,25.4049,0.0578,0.0003,0.0,0.0002,0.0,-0.0001,STILL1
-17.5243,18.513,-2.4731,0.0004,25.6115,0.2886,0.0001,25.3873,0.0487,0.0003,0.0,0.0002,0.0,-0.0001,STILL1
-17.7538,18.1041,-2.2316,0.0003,25.4546,0.1569,0.0001,25.3577,0.0394,0.0003,0.0,0.0003,-0.0,-0.0001,STILL1
-18.0062,18.0114,-2.0665,0.0003,25.552,0.0974,0.0001,25.3902,0.0457,0.0003,0.0,0.0003,-0.0001,-0.0001,STILL1
-18.2018,17.9154,-2.6907,0.0002,25.6809,0.1289,0.0001,25.5244,0.0157,0.0003,0.0,0.0002,-0.0002,-0.0001,STILL1
-18.1458,17.8698,-2.2276,0.0002,25.5649,0.116,0.0,25.5728,0.0055,0.0003,0.0,0.0002,-0.0002,-0.0001,STILL1
-17.9667,17.9646,-2.3477,0.0003,25.5155,0.0494,0.0001,25.5536,0.0055,0.0003,0.0,0.0001,-0.0002,0.0,STILL1
-17.8983,17.8342,-2.2125,0.0002,25.3634,0.152,0.0001,25.5353,0.0105,0.0002,0.0,0.0,-0.0002,0.0,STILL1
-17.6124,17.6173,-2.1481,0.0005,25.0036,0.3598,0.0003,25.4257,0.0549,0.0003,0.0,-0.0,-0.0002,0.0001,STILL1
-17.5837,18.2345,-2.0685,0.0004,25.4158,0.4121,0.0,25.3726,0.0391,0.0003,0.0,-0.0,-0.0002,0.0002,STILL1
-17.8482,18.0251,-1.9611,0.0002,25.4423,0.0265,0.0002,25.3481,0.0321,0.0003,0.0,0.0,-0.0002,0.0002,STILL1
-17.6848,18.2701,-2.3501,0.0003,25.5357,0.0934,0.0001,25.3522,0.0335,0.0003,0.0,0.0001,-0.0002,0.0002,STILL1
-17.4978,18.0036,-2.7176,0.0001,25.2525,0.2832,0.0002,25.33,0.035,0.0003,0.0,0.0,-0.0002,0.0002,STILL1
-17.7639,17.9435,-2.5209,0.0002,25.3748,0.1223,0.0001,25.4042,0.0086,0.0003,0.0,0.0,-0.0001,0.0002,STILL1
-17.7205,18.1735,-2.1199,0.0001,25.4713,0.0965,0.0001,25.4153,0.0093,0.0002,0.0,-0.0,-0.0,0.0001,STILL1
-17.4951,18.4951,-2.4084,0.0002,25.5724,0.1011,0.0001,25.4413,0.0134,0.0002,0.0,-0.0,-0.0,0.0001,STILL1
-17.5461,18.3461,-2.158,0.0002,25.4775,0.095,0.0,25.4297,0.0118,0.0002,0.0,-0.0001,0.0,0.0001,STILL1
-17.7744,18.4268,-2.092,0.0001,25.6876,0.2102,0.0001,25.5167,0.0112,0.0001,0.0,-0.0001,0.0,0.0001,STILL1
-18.2383,18.7134,-2.2486,0.0001,26.2275,0.5398,0.0001,25.6873,0.0791,0.0001,0.0,-0.0001,-0.0,0.0001,STILL1
-18.2812,18.1519,-2.5458,0.0002,25.8878,0.3397,0.0,25.7706,0.0709,0.0001,0.0,-0.0001,0.0,0.0001,STILL1
-18.0687,18.3372,-3.0335,0.0002,25.9217,0.0339,0.0001,25.8404,0.0627,0.0001,0.0,-0.0001,0.0001,0.0001,STILL1
-18.5331,18.3354,-2.8549,0.0002,26.2262,0.3045,0.0,25.9901,0.0437,0.0002,0.0,-0.0001,0.0,0.0,STILL1
-18.1515,18.3089,-2.6246,0.0002,25.9149,0.3113,0.0,26.0356,0.0245,0.0002,0.0,-0.0002,0.0,0.0,STILL1
-17.9899,18.1628,-2.4746,0.0003,25.6836,0.2313,0.0001,25.9268,0.0301,0.0002,0.0,-0.0002,-0.0,0.0,STILL1
-18.167,18.3208,-2.2047,0.0003,25.895,0.2114,0.0,25.9283,0.03,0.0003,0.0,-0.0002,-0.0001,0.0001,STILL1
-18.1273,17.9754,-2.9825,0.0003,25.7023,0.1927,0.0001,25.8844,0.0383,0.0003,0.0,-0.0002,-0.0001,0.0,STILL1
-17.7425,18.6616,-3.2454,0.0001,25.9535,0.2511,0.0001,25.8299,0.0129,0.0003,0.0,-0.0002,-0.0001,0.0,STILL1
-17.6877,18.6886,-2.8869,0.0002,25.8932,0.0603,0.0001,25.8255,0.0122,0.0002,0.0,-0.0001,-0.0002,0.0,STILL1
-17.8846,18.829,-2.9502,0.0004,26.1361,0.2429,0.0002,25.916,0.0193,0.0003,0.0,-0.0001,-0.0001,-0.0001,STILL1
-17.6545,18.6101,-2.8383,0.0004,25.8084,0.3277,0.0,25.8987,0.0212,0.0003,0.0,-0.0001,-0.0001,-0.0002,STILL1
-17.6267,18.4131,-2.9737,0.0001,25.663,0.1455,0.0003,25.8908,0.0246,0.0002,0.0,-0.0,-0.0001,-0.0002,STILL1
-18.0983,18.118,-3.2509,0.0004,25.8143,0.1513,0.0003,25.863,0.0242,0.0003,0.0,0.0,-0.0,-0.0002,STILL1
-18.2286,18.56,-2.7663,0.0002,26.1612,0.3469,0.0003,25.9166,0.0389,0.0003,0.0,0.0,0.0,-0.0002,STILL1
-18.561,18.5668,-2.8099,0.0001,26.4032,0.242,0.0,25.97,0.0738,0.0002,0.0,0.0,0.0,-0.0002,STILL1
-18.5676,18.5003,-3.0448,0.0,26.3872,0.016,0.0001,26.0858,0.09,0.0002,0.0,0.0,0.0001,-0.0001,STILL1
-18.3134,18.5346,-2.9202,0.0002,26.2191,0.1681,0.0002,26.197,0.0454,0.0002,0.0,-0.0,0.0,-0.0,STILL1
-18.3945,18.4089,-2.7956,0.0001,26.1737,0.0454,0.0001,26.2689,0.011,0.0001,0.0,-0.0,-0.0,0.0,STILL1
-18.3812,18.5803,-2.8802,0.0001,26.2943,0.1206,0.0,26.2955,0.0081,0.0001,0.0,-0.0,-0.0,0.0001,STILL1
-18.3769,18.0455,-2.9229,0.0003,25.9209,0.3735,0.0001,26.199,0.0246,0.0002,0.0,-0.0,0.0,0.0001,STILL1
-17.9671,18.3707,-3.2602,0.0003,25.9023,0.0185,0.0,26.1021,0.0257,0.0002,0.0,-0.0001,0.0001,0.0001,STILL1
-17.5737,18.1153,-2.7707,0.0005,25.3905,0.5118,0.0002,25.9363,0.0968,0.0003,0.0,-0.0,0.0002,0.0002,STILL1
-17.7371,18.4392,-3.0103,0.0004,25.7618,0.3713,0.0001,25.8539,0.0848,0.0003,0.0,-0.0,0.0002,0.0002,STILL1
-17.5022,18.2388,-2.4645,0.0003,25.3979,0.3638,0.0,25.6747,0.0555,0.0004,0.0,-0.0,0.0002,0.0002,STILL1
-17.9267,18.2411,-2.3872,0.0003,25.6866,0.2887,0.0,25.6278,0.0412,0.0004,0.0,0.0,0.0002,0.0002,STILL1
-17.7851,18.4928,-2.1504,0.0003,25.7472,0.0606,0.0,25.5968,0.028,0.0004,0.0,0.0,0.0002,0.0003,STILL1
-17.8031,18.388,-2.1734,0.0002,25.6865,0.0608,0.0,25.656,0.0176,0.0003,0.0,0.0,0.0001,0.0002,STILL1
-18.1487,18.0885,-2.3606,0.0002,25.7322,0.0457,0.0,25.6501,0.0165,0.0003,0.0,0.0,0.0001,0.0002,STILL1
-18.1784,18.6115,-2.4041,0.0002,26.127,0.3948,0.0,25.7959,0.028,0.0003,0.0,0.0,0.0001,0.0002,STILL1
-18.6052,18.5173,-2.217,0.0003,26.3431,0.2161,0.0,25.9272,0.0683,0.0002,0.0,0.0,0.0001,0.0002,STILL1
-18.3967,17.8545,-2.4205,0.0004,25.7503,0.5928,0.0001,25.9278,0.068,0.0003,0.0,0.0,0.0002,0.0002,STILL1
-18.2673,17.6554,-2.6927,0.0004,25.5472,0.2031,0.0,25.9,0.0846,0.0003,0.0,0.0,0.0002,0.0002,STILL1
-18.9014,17.3619,-2.7729,0.0005,25.8144,0.2672,0.0001,25.9164,0.0801,0.0004,0.0,0.0,0.0002,0.0003,STILL1
-18.5117,17.4332,-2.1527,0.0004,25.5193,0.2951,0.0,25.7949,0.088,0.0004,0.0,0.0,0.0002,0.0003,STILL1
-18.2531,17.6497,-2.3628,0.0005,25.5004,0.0189,0.0001,25.6263,0.0169,0.0004,0.0,0.0,0.0002,0.0004,STILL1
-18.3806,17.9541,-2.1496,0.0005,25.7841,0.2837,0.0001,25.6331,0.0187,0.0005,0.0,-0.0,0.0002,0.0004,STILL1
-18.2201,17.8789,-1.6884,0.0003,25.5828,0.2013,0.0001,25.6402,0.0177,0.0004,0.0,-0.0,0.0002,0.0004,STILL1
-17.7448,17.7188,-1.657,0.0003,25.1313,0.4515,0.0,25.5036,0.0448,0.0004,0.0,-0.0,0.0002,0.0004,STILL1
-17.424,17.475,-1.835,0.0003,24.7455,0.3858,0.0,25.3488,0.1357,0.0004,0.0,0.0,0.0001,0.0004,STILL1
-17.4142,18.2925,-2.0492,0.0003,25.3391,0.5936,0.0,25.3166,0.1301,0.0003,0.0,0.0,-0.0,0.0003,STILL1
-17.3876,18.2653,-2.2675,0.0002,25.3198,0.0193,0.0001,25.2237,0.0777,0.0003,0.0,0.0,-0.0001,0.0002,STILL1
-17.6695,18.3341,-2.0171,0.0004,25.5425,0.2227,0.0002,25.2156,0.0722,0.0003,0.0,-0.0001,-0.0002,0.0001,STILL1
-17.5449,18.2016,-2.02,0.0003,25.3615,0.181,0.0001,25.2617,0.0729,0.0003,0.0,-0.0001,-0.0003,0.0,STILL1
-17.3547,17.9676,-2.216,0.0004,25.0785,0.283,0.0,25.3283,0.0219,0.0003,0.0,-0.0001,-0.0003,0.0,STILL1
-17.6619,17.8116,-2.4353,0.0003,25.2017,0.1232,0.0,25.3008,0.0243,0.0003,0.0,-0.0002,-0.0003,0.0,STILL1
-17.6201,17.5805,-2.3638,0.0003,25.0026,0.1991,0.0001,25.2373,0.038,0.0004,0.0,-0.0003,-0.0002,0.0,STILL1
-17.4555,17.5988,-2.4973,0.0002,24.9128,0.0898,0.0001,25.1114,0.0246,0.0003,0.0,-0.0002,-0.0002,-0.0,STILL1
-17.48,17.6103,-2.4104,0.0002,24.9295,0.0168,0.0,25.025,0.0113,0.0003,0.0,-0.0002,-0.0001,-0.0,STILL1
-18.134,17.7601,-3.097,0.0002,25.5706,0.641,0.0,25.1234,0.0605,0.0003,0.0,-0.0002,-0.0001,-0.0,STILL1
-18.0197,17.4799,-3.3401,0.0001,25.3262,0.2444,0.0001,25.1483,0.0669,0.0002,0.0,-0.0002,-0.0,-0.0,STILL1
-17.8626,17.434,-3.1534,0.0002,25.1587,0.1675,0.0001,25.1796,0.0617,0.0002,0.0,-0.0002,-0.0001,-0.0,STILL1
-17.887,17.3034,-2.8977,0.0002,25.0549,0.1038,0.0,25.208,0.0498,0.0002,0.0,-0.0001,-0.0001,0.0,STILL1
-17.5846,17.6865,-2.8494,0.0002,25.1028,0.0478,0.0,25.2426,0.0353,0.0002,0.0,-0.0001,-0.0001,-0.0,STILL1
-17.3302,17.3867,-2.2514,0.0003,24.6516,0.4512,0.0001,25.0588,0.0498,0.0002,0.0,-0.0001,-0.0002,-0.0,STILL1
-17.3766,17.2937,-1.9824,0.0003,24.5957,0.0558,0.0,24.9127,0.0571,0.0003,0.0,-0.0001,-0.0002,-0.0,STILL1
-17.7451,17.26,-2.2453,0.0004,24.8563,0.2606,0.0,24.8523,0.042,0.0003,0.0,-0.0001,-0.0002,-0.0001,STILL1
-18.2961,17.4767,-2.0775,0.0004,25.387,0.5307,0.0001,24.9187,0.0865,0.0003,0.0,-0.0001,-0.0003,-0.0,STILL1
-17.8118,17.2439,-2.1432,0.0002,24.8839,0.5031,0.0002,24.8749,0.0781,0.0003,0.0,-0.0002,-0.0003,-0.0001,STILL1
-18.2182,17.4514,-2.2021,0.0003,25.324,0.4401,0.0001,25.0094,0.0904,0.0003,0.0,-0.0001,-0.0002,-0.0001,STILL1
-17.659,17.7642,-2.5867,0.0001,25.1813,0.1427,0.0001,25.1265,0.0483,0.0003,0.0,-0.0,-0.0002,-0.0001,STILL1
-17.6615,17.627,-2.4537,0.0003,25.0731,0.1082,0.0002,25.1698,0.0324,0.0003,0.0,-0.0,-0.0,-0.0001,STILL1
-17.4792,17.9516,-2.288,0.0002,25.1599,0.0867,0.0001,25.1244,0.021,0.0002,0.0,0.0001,0.0,-0.0001,STILL1
-17.2896,17.53,-3.1585,0.0002,24.8236,0.3363,0.0,25.1124,0.0273,0.0002,0.0,0.0001,0.0,-0.0001,STILL1
-17.1911,17.6865,-2.8705,0.0002,24.8312,0.0076,0.0,25.0138,0.0245,0.0002,0.0,0.0001,0.0001,-0.0001,STILL1
-17.2779,17.6961,-2.4464,0.0002,24.8528,0.0216,0.0,24.9481,0.0197,0.0002,0.0,0.0001,0.0001,-0.0002,STILL1
-17.2348,17.96,-2.3072,0.0001,24.9985,0.1457,0.0002,24.9332,0.0169,0.0002,0.0,0.0001,0.0,-0.0001,STILL1
-16.9503,18.0524,-2.0832,0.0001,24.8504,0.1481,0.0001,24.8713,0.0042,0.0002,0.0,0.0001,0.0,-0.0001,STILL1
-17.1071,18.1888,-2.3228,0.0001,25.0775,0.2271,0.0,24.9221,0.0096,0.0001,0.0,0.0001,0.0,-0.0,STILL1
-17.2357,18.2416,-2.1583,0.0001,25.189,0.1115,0.0,24.9936,0.0171,0.0001,0.0,0.0001,-0.0,-0.0,STILL1
-16.9573,18.4746,-2.3829,0.0002,25.19,0.0011,0.0001,25.0611,0.0163,0.0001,0.0,0.0,-0.0,-0.0,STILL1
-17.3409,18.9203,-2.3532,0.0004,25.7725,0.5824,0.0002,25.2159,0.0928,0.0002,0.0,0.0001,0.0,-0.0001,STILL1
-17.5571,19.3331,-2.3919,0.0004,26.2248,0.4523,0.0,25.4908,0.1941,0.0002,0.0,0.0001,0.0001,-0.0001,STILL1
-17.8363,19.0915,-2.0448,0.0005,26.2068,0.018,0.0001,25.7166,0.2115,0.0003,0.0,0.0002,0.0001,-0.0002,STILL1
-17.9596,18.7201,-2.2171,0.0002,26.0366,0.1702,0.0002,25.8862,0.1475,0.0003,0.0,0.0002,0.0002,-0.0002,STILL1
-17.7302,18.5792,-2.5299,0.0002,25.8059,0.2307,0.0001,26.0093,0.0367,0.0003,0.0,0.0002,0.0001,-0.0002,STILL1
-17.831,18.2102,-2.0458,0.0001,25.5684,0.2375,0.0001,25.9685,0.0627,0.0003,0.0,0.0001,0.0001,-0.0001,STILL1
-17.2836,17.3869,-1.421,0.0002,24.557,1.0114,0.0001,25.635,0.3368,0.0002,0.0,0.0001,0.0001,-0.0001,STILL1
-17.2862,17.0783,-1.6274,0.0003,24.3543,0.2027,0.0001,25.2644,0.4621,0.0002,0.0,0.0001,0.0,0.0,STILL1
-17.2415,16.8501,-1.9426,0.0003,24.1861,0.1681,0.0,24.8944,0.4385,0.0002,0.0,0.0001,0.0001,0.0,STILL1
-17.1119,17.3801,-2.1509,0.0003,24.485,0.2988,0.0,24.6302,0.236,0.0002,0.0,0.0002,0.0001,0.0001,STILL1
-17.3896,17.4385,-1.9832,0.0002,24.7069,0.2219,0.0001,24.4579,0.0314,0.0003,0.0,0.0002,0.0001,0.0001,STILL1
-17.696,17.4133,-1.5522,0.0002,24.8753,0.1684,0.0,24.5215,0.0603,0.0003,0.0,0.0002,0.0001,0.0,STILL1
-17.7131,17.4337,-1.5199,0.0002,24.8998,0.0245,0.0001,24.6306,0.0714,0.0002,0.0,0.0002,0.0001,-0.0,STILL1
-17.6423,17.422,-1.8878,0.0002,24.8665,0.0333,0.0,24.7667,0.0245,0.0002,0.0,0.0001,0.0,-0.0,STILL1
-17.3826,17.9095,-1.8821,0.0002,25.0289,0.1624,0.0,24.8755,0.0105,0.0002,0.0,0.0001,-0.0,-0.0001,STILL1
-17.678,17.7807,-2.2713,0.0002,25.1758,0.1469,0.0,24.9693,0.0141,0.0002,0.0,0.0,-0.0,-0.0001,STILL1
-17.9299,17.4277,-2.5514,0.0002,25.1339,0.0419,0.0001,25.021,0.0151,0.0002,0.0,-0.0,-0.0001,-0.0001,STILL1
-18.0126,17.8172,-2.688,0.0001,25.4781,0.3441,0.0001,25.1366,0.0405,0.0002,0.0,-0.0,-0.0001,-0.0001,STILL1
-17.9132,18.0725,-2.9379,0.0001,25.615,0.137,0.0,25.2864,0.0493,0.0001,0.0,-0.0,-0.0,-0.0001,STILL1
-17.7837,18.258,-3.5066,0.0003,25.7276,0.1126,0.0002,25.4261,0.0555,0.0002,0.0,0.0,0.0,-0.0,STILL1
-17.5489,18.6033,-3.6365,0.0002,25.8315,0.1039,0.0,25.5572,0.0586,0.0002,0.0,0.0,0.0001,-0.0,STILL1
-17.6422,19.2732,-3.2998,0.0005,26.3362,0.5046,0.0003,25.7977,0.0863,0.0002,0.0,0.0001,0.0002,-0.0,STILL1
-17.9731,19.1342,-2.9649,0.0005,26.4186,0.0824,0.0,25.9858,0.1076,0.0003,0.0,0.0001,0.0002,0.0,STILL1
-18.5254,18.5605,-2.9094,0.0003,26.3846,0.034,0.0002,26.1397,0.0882,0.0004,0.0,0.0002,0.0003,-0.0,STILL1
-18.1609,18.9328,-3.3963,0.0001,26.4538,0.0692,0.0002,26.2849,0.0529,0.0003,0.0,0.0001,0.0003,-0.0,STILL1
-17.7881,18.915,-3.292,0.0001,26.1731,0.2807,0.0001,26.3533,0.0096,0.0003,0.0,0.0001,0.0002,-0.0,STILL1
-18.0992,19.1632,-2.693,0.0002,26.4965,0.3234,0.0001,26.3853,0.0126,0.0002,0.0,0.0001,0.0001,0.0,STILL1
-18.1794,19.5743,-3.0856,0.0003,26.8917,0.3953,0.0001,26.4799,0.0548,0.0002,0.0,0.0001,-0.0001,-0.0,STILL1
-18.3123,19.0626,-2.856,0.0004,26.5872,0.3046,0.0001,26.5205,0.0536,0.0002,0.0,0.0,-0.0002,-0.0,STILL1
-18.3873,19.1501,-2.5254,0.0004,26.6683,0.0811,0.0,26.5634,0.0552,0.0003,0.0,-0.0,-0.0003,0.0,STILL1
-18.788,18.6232,-2.2328,0.0003,26.548,0.1203,0.0001,26.6383,0.0192,0.0003,0.0,-0.0,-0.0003,0.0,STILL1
-18.6616,18.311,-2.0425,0.0003,26.2245,0.3235,0.0,26.5839,0.0465,0.0003,0.0,-0.0,-0.0003,0.0001,STILL1
-18.2762,18.2613,-2.7496,0.0004,25.9818,0.2426,0.0002,26.402,0.0669,0.0004,0.0,-0.0,-0.0003,0.0001,STILL1
-17.6334,18.5747,-2.4591,0.0004,25.7295,0.2524,0.0001,26.2304,0.1211,0.0004,0.0,-0.0,-0.0003,0.0,STILL1
-17.563,18.3723,-2.3266,0.0006,25.5228,0.2067,0.0002,26.0013,0.1304,0.0004,0.0,0.0,-0.0004,-0.0,STILL1
-18.1785,18.1666,-2.3676,0.0003,25.8087,0.2859,0.0003,25.8534,0.0562,0.0004,0.0,0.0,-0.0004,-0.0,STILL1
-18.1678,18.2301,-2.4878,0.0002,25.8572,0.0485,0.0002,25.78,0.0232,0.0004,0.0,0.0,-0.0004,-0.0,STILL1
-18.1624,18.4653,-2.709,0.0002,26.0419,0.1847,0.0,25.792,0.0287,0.0003,0.0,0.0,-0.0003,-0.0,STILL1
-18.2174,18.5098,-2.7922,0.0002,26.1205,0.0786,0.0,25.8702,0.0434,0.0003,0.0,-0.0,-0.0003,0.0,STILL1
-18.0927,18.1734,-2.5994,0.0002,25.7755,0.345,0.0,25.9208,0.0185,0.0002,0.0,-0.0,-0.0002,0.0,STILL1
-18.3335,18.4731,-2.3014,0.0002,26.128,0.3525,0.0,25.9846,0.0205,0.0002,0.0,-0.0001,-0.0001,0.0,STILL1
-18.4762,19.0191,-2.3942,0.0001,26.6238,0.4959,0.0001,26.1379,0.0754,0.0001,0.0,-0.0,-0.0001,0.0001,STILL1
-18.681,19.1466,-2.4779,0.0002,26.8646,0.2408,0.0002,26.3025,0.1521,0.0002,0.0,-0.0001,-0.0001,0.0,STILL1
-19.051,18.9172,-2.5323,0.0003,26.9669,0.1023,0.0,26.4718,0.2051,0.0002,0.0,-0.0001,-0.0001,-0.0001,STILL1
-19.1033,18.5244,-2.6821,0.0001,26.7448,0.2221,0.0001,26.6656,0.0855,0.0002,0.0,-0.0,-0.0001,-0.0001,STILL1
-18.9795,18.5758,-2.3582,0.0002,26.6616,0.0832,0.0001,26.7724,0.0163,0.0002,0.0,0.0,-0.0,-0.0001,STILL1
-18.9805,18.6075,-2.4178,0.0001,26.6898,0.0281,0.0001,26.7856,0.0131,0.0002,0.0,0.0,-0.0,-0.0001,STILL1
-18.6344,18.9079,-2.3311,0.0001,26.6493,0.0405,0.0,26.7425,0.0137,0.0002,0.0,0.0,-0.0,-0.0001,STILL1
-18.4388,18.6826,-2.643,0.0003,26.382,0.2672,0.0001,26.6255,0.0159,0.0002,0.0,0.0,0.0,-0.0001,STILL1
-18.5948,18.7617,-2.4675,0.0002,26.5303,0.1482,0.0,26.5826,0.013,0.0002,0.0,-0.0,0.0,-0.0001,STILL1
-18.4008,18.5343,-2.7397,0.0003,26.2606,0.2697,0.0,26.5024,0.0261,0.0002,0.0,-0.0001,0.0,-0.0,STILL1
-18.5331,18.19,-2.6792,0.0003,26.1061,0.1544,0.0,26.3857,0.0368,0.0002,0.0,-0.0002,0.0001,-0.0,STILL1
-18.5265,17.8832,-3.4965,0.0005,25.9859,0.1202,0.0002,26.253,0.0373,0.0003,0.0,-0.0002,0.0002,-0.0,STILL1
-19.1712,18.2847,-3.1347,0.0005,26.6776,0.6917,0.0,26.3121,0.0665,0.0004,0.0,-0.0002,0.0003,0.0,STILL1
-18.7838,18.4184,-3.0421,0.0003,26.4825,0.195,0.0002,26.3025,0.0627,0.0004,0.0,-0.0001,0.0003,0.0,STILL1
-18.924,18.2503,-2.5618,0.0002,26.415,0.0675,0.0002,26.3334,0.0639,0.0004,0.0,-0.0,0.0003,0.0,STILL1
-18.8517,18.8784,-2.4838,0.0003,26.7946,0.3795,0.0001,26.4711,0.0772,0.0004,0.0,0.0,0.0003,0.0,STILL1
-18.7688,18.8933,-2.5839,0.0003,26.7564,0.0382,0.0,26.6252,0.0226,0.0003,0.0,0.0,0.0003,0.0,STILL1
-18.7119,18.299,-3.114,0.0002,26.357,0.3994,0.0001,26.5611,0.0324,0.0002,0.0,0.0001,0.0002,0.0,STILL1
-18.8883,17.9486,-2.61,0.0002,26.1865,0.1705,0.0,26.5019,0.0557,0.0002,0.0,0.0,0.0002,0.0,STILL1
-19.0013,17.7901,-2.6974,0.0003,26.1689,0.0176,0.0001,26.4527,0.0739,0.0002,0.0,0.0,0.0002,-0.0,STILL1
-18.4635,17.6946,-2.4266,0.0003,25.6883,0.4806,0.0,26.2314,0.1184,0.0002,0.0,0.0,0.0002,-0.0,STILL1
-18.5146,17.5651,-2.7569,0.0003,25.6695,0.0188,0.0001,26.014,0.0792,0.0002,0.0,-0.0,0.0002,-0.0,STILL1
-18.4023,17.8958,-2.4399,0.0003,25.7848,0.1154,0.0001,25.8996,0.0531,0.0003,0.0,-0.0,0.0002,-0.0001,STILL1
-18.0312,18.0948,-2.8863,0.0002,25.7075,0.0773,0.0001,25.8038,0.0349,0.0003,0.0,-0.0,0.0002,-0.0,STILL1
-17.9843,18.6008,-3.2059,0.0002,26.0711,0.3636,0.0,25.7842,0.0221,0.0003,0.0,-0.0001,0.0002,0.0,STILL1
-17.9375,18.1994,-3.0116,0.0002,25.7302,0.341,0.0,25.7926,0.0208,0.0002,0.0,-0.0001,0.0002,0.0001,STILL1
-17.7406,18.2595,-2.9249,0.0003,25.626,0.1041,0.0001,25.7839,0.0232,0.0002,0.0,-0.0,0.0001,0.0001,STILL1
-18.0456,18.4139,-2.8274,0.0002,25.9366,0.3106,0.0002,25.8143,0.027,0.0002,0.0,0.0,0.0001,0.0001,STILL1
-18.074,18.2155,-2.5307,0.0002,25.7852,0.1514,0.0,25.8298,0.0246,0.0002,0.0,0.0001,0.0,0.0002,STILL1
-18.0779,18.2755,-2.6433,0.0003,25.8417,0.0565,0.0001,25.7839,0.0109,0.0002,0.0,0.0001,0.0,0.0002,STILL1
-17.9967,18.111,-2.6303,0.0003,25.6673,0.1744,0.0,25.7714,0.0129,0.0002,0.0,0.0001,0.0,0.0002,STILL1
-17.6099,18.3451,-2.7448,0.0001,25.577,0.0903,0.0002,25.7616,0.0161,0.0002,0.0,0.0,0.0001,0.0002,STILL1
-17.3098,17.9698,-2.7302,0.0002,25.0997,0.4773,0.0001,25.5942,0.0696,0.0002,0.0,0.0,0.0,0.0002,STILL1
-18.0947,18.6571,-2.4998,0.0003,26.1104,1.0107,0.0001,25.6592,0.1113,0.0002,0.0,-0.0,0.0,0.0002,STILL1
-18.2258,18.8351,-2.1342,0.0003,26.2962,0.1858,0.0,25.7501,0.1776,0.0002,0.0,-0.0,-0.0,0.0002,STILL1
-17.9119,18.9993,-1.9855,0.0002,26.1868,0.1094,0.0,25.854,0.2035,0.0002,0.0,0.0,-0.0001,0.0001,STILL1
-18.1014,18.9869,-1.9697,0.0002,26.3067,0.1199,0.0001,26.0,0.2079,0.0002,0.0,0.0,-0.0001,0.0002,STILL1
-17.8342,18.8708,-1.9226,0.0001,26.0358,0.2709,0.0001,26.1872,0.011,0.0002,0.0,0.0,-0.0001,0.0002,STILL1
-17.6892,18.831,-2.2506,0.0002,25.9342,0.1016,0.0001,26.152,0.0214,0.0002,0.0,0.0001,-0.0001,0.0001,STILL1
-17.9545,18.3617,-2.0036,0.0002,25.7591,0.1751,0.0,26.0445,0.0365,0.0002,0.0,0.0,-0.0,0.0001,STILL1
-17.7605,17.855,-2.3435,0.0001,25.2928,0.4663,0.0001,25.8657,0.1135,0.0002,0.0,0.0,0.0,0.0001,STILL1
-17.8959,17.7371,-2.0935,0.0003,25.2834,0.0094,0.0001,25.6611,0.1006,0.0002,0.0,0.0,0.0,0.0001,STILL1
-17.7292,17.5428,-1.9373,0.0003,25.0166,0.2668,0.0,25.4572,0.114,0.0002,0.0,0.0,0.0,0.0001,STILL1
-17.7552,17.3249,-1.4624,0.0003,24.8503,0.1662,0.0,25.2404,0.0952,0.0002,0.0,-0.0,0.0,0.0002,STILL1
-18.1105,17.688,-1.7136,0.0003,25.373,0.5227,0.0,25.1632,0.0389,0.0003,0.0,0.0,0.0001,0.0002,STILL1
-18.5134,17.9942,-1.4928,0.0002,25.8605,0.4874,0.0001,25.2768,0.1199,0.0003,0.0,-0.0,0.0001,0.0002,STILL1
-18.5419,18.286,-1.6724,0.0002,26.0955,0.2351,0.0,25.4392,0.2276,0.0003,0.0,-0.0,0.0002,0.0001,STILL1
-18.6742,18.2288,-1.3254,0.0002,26.1299,0.0343,0.0,25.6618,0.2377,0.0002,0.0,-0.0,0.0002,-0.0,STILL1
-18.4925,18.2143,-1.5134,0.0002,26.0004,0.1295,0.0,25.8919,0.076,0.0002,0.0,0.0,0.0001,-0.0001,STILL1
-18.394,18.1777,-1.7545,0.0002,25.92,0.0805,0.0,26.0012,0.0104,0.0002,0.0,0.0,0.0001,-0.0001,STILL1
-18.6058,18.389,-1.788,0.0003,26.2208,0.3008,0.0001,26.0733,0.0109,0.0002,0.0,0.0001,0.0001,-0.0002,STILL1
-17.9003,18.1737,-1.8585,0.0004,25.5765,0.6443,0.0001,25.9695,0.0493,0.0003,0.0,0.0,0.0001,-0.0002,STILL1
-18.5233,18.3921,-1.9556,0.0004,26.1765,0.6,0.0001,25.9788,0.0527,0.0003,0.0,0.0001,0.0002,-0.0002,STILL1
-18.6155,18.0855,-2.0988,0.0004,26.039,0.1374,0.0001,25.9865,0.0533,0.0003,0.0,0.0001,0.0002,-0.0001,STILL1
-18.4174,18.2497,-2.4134,0.0003,26.0399,0.0009,0.0001,26.0105,0.0524,0.0003,0.0,0.0,0.0003,-0.0001,STILL1
-18.5277,18.3685,-2.1964,0.0003,26.1821,0.1422,0.0,26.0028,0.0493,0.0003,0.0,-0.0,0.0003,-0.0,STILL1
-18.1472,18.7042,-2.5133,0.0001,26.1817,0.0004,0.0001,26.1238,0.0047,0.0003,0.0,-0.0001,0.0002,-0.0,STILL1
-18.3615,18.6321,-2.2326,0.0002,26.2542,0.0725,0.0001,26.1394,0.0074,0.0003,0.0,-0.0001,0.0002,0.0,STILL1
-18.3736,18.59,-1.8454,0.0001,26.2027,0.0515,0.0001,26.1721,0.0051,0.0002,0.0,-0.0001,0.0001,0.0001,STILL1
-18.2645,18.422,-1.6576,0.0002,25.9944,0.2083,0.0001,26.163,0.0078,0.0002,0.0,-0.0001,0.0001,0.0001,STILL1
-18.2491,18.1939,-1.7261,0.0002,25.8268,0.1676,0.0001,26.092,0.0253,0.0002,0.0,-0.0001,0.0,0.0001,STILL1
-17.9274,18.4457,-1.9871,0.0002,25.7989,0.0279,0.0,26.0154,0.035,0.0002,0.0,-0.0001,0.0001,0.0,STILL1
-18.3638,18.0316,-2.0522,0.0002,25.8182,0.0192,0.0,25.9282,0.0238,0.0002,0.0,-0.0001,0.0,0.0,STILL1
-18.3285,17.6878,-2.1792,0.0002,25.5645,0.2537,0.0,25.8006,0.0189,0.0002,0.0,-0.0001,-0.0,-0.0,STILL1
-17.8972,18.0252,-2.259,0.0001,25.5014,0.0631,0.0001,25.702,0.0195,0.0002,0.0,-0.0001,-0.0001,-0.0,STILL1
-17.7834,18.0608,-2.4666,0.0003,25.4662,0.0352,0.0002,25.6298,0.0223,0.0002,0.0,-0.0,-0.0001,-0.0,STILL1
-17.8798,17.8268,-2.4639,0.0003,25.3683,0.0978,0.0001,25.5437,0.0229,0.0002,0.0,0.0,-0.0002,0.0001,STILL1
-18.1632,17.8208,-2.2836,0.0004,25.548,0.1796,0.0001,25.4897,0.0049,0.0003,0.0,0.0001,-0.0002,0.0001,STILL1
-18.2025,18.341,-2.0238,0.0005,25.9195,0.3715,0.0001,25.5607,0.0357,0.0003,0.0,0.0001,-0.0003,0.0001,STILL1
-18.2714,18.0322,-2.1596,0.0005,25.7617,0.1577,0.0001,25.6127,0.0403,0.0004,0.0,0.0002,-0.0003,0.0001,STILL1
-18.7827,18.0382,-2.5402,0.0003,26.1653,0.4035,0.0002,25.7525,0.0775,0.0004,0.0,0.0002,-0.0003,0.0001,STILL1
-18.2262,18.3181,-2.7134,0.0004,25.9828,0.1824,0.0001,25.8754,0.0435,0.0004,0.0,0.0002,-0.0003,0.0001,STILL1
-18.2966,18.0295,-2.6957,0.0003,25.8281,0.1547,0.0001,25.9315,0.0194,0.0004,0.0,0.0002,-0.0003,0.0001,STILL1
-18.4591,18.183,-2.2253,0.0003,26.006,0.1778,0.0,25.9488,0.0202,0.0003,0.0,0.0002,-0.0001,0.0001,STILL1
-18.4173,18.0589,-2.4209,0.0002,25.9071,0.0988,0.0001,25.9779,0.0127,0.0003,0.0,0.0002,-0.0,0.0,STILL1
-18.2245,17.6565,-2.3523,0.0,25.4836,0.4235,0.0001,25.8415,0.0359,0.0002,0.0,0.0002,0.0,0.0,STILL1
-18.0858,17.6908,-2.4912,0.0002,25.4218,0.0618,0.0002,25.7293,0.0546,0.0002,0.0,0.0001,0.0001,-0.0,STILL1
-18.1655,18.1276,-2.0961,0.0001,25.7486,0.3268,0.0001,25.7134,0.0524,0.0002,0.0,0.0001,0.0001,-0.0001,STILL1
-18.1637,18.2084,-1.8206,0.0002,25.7833,0.0347,0.0001,25.6689,0.0343,0.0002,0.0,0.0,0.0001,-0.0001,STILL1
-18.1153,18.0198,-2.1065,0.0001,25.6382,0.1451,0.0001,25.6151,0.0203,0.0001,0.0,0.0,0.0001,-0.0001,STILL1
-18.261,18.3784,-2.0696,0.0003,25.9906,0.3524,0.0002,25.7165,0.0347,0.0002,0.0,0.0,0.0001,-0.0001,STILL1
-18.4463,18.6964,-2.1807,0.0004,26.3548,0.3642,0.0001,25.9031,0.064,0.0002,0.0,0.0,0.0001,-0.0002,STILL1
-18.3008,18.4446,-2.6414,0.0004,26.1171,0.2378,0.0001,25.9768,0.063,0.0003,0.0,-0.0,0.0001,-0.0002,STILL1
-18.0688,18.7432,-2.635,0.0004,26.1674,0.0503,0.0,26.0536,0.0569,0.0003,0.0,0.0,0.0001,-0.0003,STILL1
-18.0988,18.5602,-2.7674,0.0004,26.0711,0.0962,0.0001,26.1402,0.0149,0.0004,0.0,0.0001,0.0001,-0.0004,STILL1
-18.2978,18.4638,-2.917,0.0003,26.1578,0.0866,0.0001,26.1736,0.0094,0.0004,0.0,0.0001,0.0001,-0.0004,STILL1
-18.4038,18.3398,-3.093,0.0004,26.1651,0.0074,0.0001,26.1357,0.0014,0.0004,0.0,0.0001,0.0001,-0.0004,STILL1
-18.4824,18.0624,-2.9556,0.0002,26.0113,0.1538,0.0002,26.1145,0.004,0.0004,0.0,0.0001,0.0,-0.0003,STILL1
-18.4078,18.1781,-3.127,0.0003,26.059,0.0476,0.0,26.0929,0.0035,0.0003,0.0,0.0001,0.0,-0.0003,STILL1
-18.5575,17.8675,-2.6235,0.0002,25.8942,0.1647,0.0001,26.0575,0.0101,0.0003,0.0,0.0001,-0.0,-0.0002,STILL1
-18.8335,17.8065,-2.4925,0.0001,26.0381,0.1439,0.0001,26.0336,0.0076,0.0002,0.0,0.0001,-0.0,-0.0002,STILL1
-18.9137,17.6046,-3.4253,0.0002,26.0649,0.0268,0.0001,26.0135,0.0039,0.0002,0.0,0.0,-0.0,-0.0001,STILL1
-18.6997,17.3586,-2.609,0.0002,25.6478,0.4172,0.0,25.9408,0.0254,0.0002,0.0,-0.0,0.0,-0.0001,STILL1
-18.6848,17.4338,-2.2278,0.0002,25.6519,0.0041,0.0,25.8594,0.0326,0.0002,0.0,-0.0,0.0,-0.0001,STILL1
-18.4291,16.872,-2.1791,0.0001,25.0808,0.5712,0.0001,25.6967,0.1272,0.0001,0.0,-0.0,0.0001,-0.0001,STILL1
-17.6245,16.7695,-1.7308,0.0001,24.3892,0.6915,0.0,25.3669,0.337,0.0001,0.0,-0.0,0.0001,-0.0,STILL1
-17.509,16.4562,-1.9253,0.0002,24.1056,0.2837,0.0001,24.975,0.4042,0.0001,0.0,0.0,0.0001,-0.0001,STILL1
-17.4666,17.2119,-2.2371,0.0001,24.6238,0.5183,0.0001,24.7703,0.2964,0.0001,0.0,0.0,0.0,-0.0001,STILL1
-18.1014,17.6164,-2.1522,0.0003,25.3501,0.7263,0.0001,24.7099,0.2046,0.0002,0.0,0.0,-0.0,-0.0001,STILL1
-18.3436,17.5025,-2.4936,0.0003,25.4763,0.1262,0.0,24.789,0.2883,0.0002,0.0,-0.0,-0.0001,-0.0001,STILL1
-18.353,17.8395,-2.8699,0.0004,25.7549,0.2786,0.0001,25.0621,0.3683,0.0002,0.0,-0.0001,-0.0001,-0.0001,STILL1
-18.3074,18.5966,-3.699,0.0004,26.3567,0.6018,0.0,25.5124,0.3178,0.0003,0.0,-0.0002,-0.0002,-0.0001,STILL1
-18.2053,18.7773,-3.4436,0.0003,26.3795,0.0228,0.0001,25.8635,0.187,0.0003,0.0,-0.0002,-0.0002,-0.0,STILL1
-18.0424,18.4468,-3.2924,0.0004,26.0125,0.367,0.0001,25.996,0.1211,0.0003,0.0,-0.0002,-0.0001,0.0,STILL1
-18.1089,18.0668,-2.8714,0.0003,25.7408,0.2718,0.0001,26.0489,0.0773,0.0003,0.0,-0.0002,-0.0001,0.0001,STILL1
-18.3965,18.1785,-3.0471,0.0002,26.0417,0.301,0.0001,26.1062,0.0568,0.0003,0.0,-0.0002,-0.0,0.0001,STILL1
-17.8391,18.1115,-3.0596,0.0002,25.6051,0.4367,0.0,25.9559,0.0719,0.0003,0.0,-0.0002,0.0001,0.0002,STILL1
-17.8369,18.2861,-2.4133,0.0001,25.6585,0.0534,0.0001,25.8117,0.0329,0.0003,0.0,-0.0002,0.0001,0.0001,STILL1
-18.1133,18.7132,-2.14,0.0002,26.1315,0.473,0.0001,25.8355,0.0447,0.0002,0.0,-0.0001,0.0001,0.0002,STILL1
-18.2656,19.3768,-1.8151,0.0002,26.6906,0.5591,0.0,26.0255,0.1531,0.0002,0.0,-0.0,0.0,0.0002,STILL1
-18.3094,19.2827,-2.0021,0.0001,26.6658,0.0248,0.0001,26.1503,0.2194,0.0002,0.0,-0.0,0.0,0.0001,STILL1
-17.6256,19.2168,-2.0892,0.0001,26.1594,0.5064,0.0,26.2612,0.1477,0.0002,0.0,0.0,0.0,0.0001,STILL1
-17.6442,20.0234,-1.8838,0.0001,26.7546,0.5952,0.0,26.4804,0.0757,0.0002,0.0,0.0,0.0,0.0001,STILL1
-18.3716,19.4094,-1.6821,0.0001,26.7782,0.0236,0.0,26.6097,0.0524,0.0001,0.0,0.0001,0.0,0.0001,STILL1
-18.5661,19.4931,-1.5894,0.0002,26.9668,0.1886,0.0001,26.6649,0.0735,0.0001,0.0,-0.0,0.0,0.0,STILL1
-18.4966,19.2601,-1.2059,0.0004,26.7307,0.2361,0.0002,26.6779,0.0742,0.0002,0.0,-0.0001,-0.0,-0.0,STILL1
-18.6192,18.9331,-1.5585,0.0005,26.6001,0.1306,0.0001,26.7661,0.0139,0.0002,0.0,-0.0001,-0.0001,0.0,STILL1
-18.6016,18.659,-2.3655,0.0005,26.4532,0.1469,0.0,26.7058,0.0298,0.0003,0.0,-0.0002,-0.0001,0.0001,STILL1
-18.6438,18.3772,-2.2362,0.0005,26.2738,0.1794,0.0,26.6049,0.0559,0.0004,0.0,-0.0003,-0.0002,0.0001,STILL1
-18.9713,17.6268,-2.1452,0.0003,25.9849,0.2889,0.0002,26.4085,0.068,0.0004,0.0,-0.0003,-0.0002,0.0002,STILL1
-18.7739,17.5545,-2.3443,0.0002,25.8092,0.1756,0.0001,26.2242,0.0851,0.0004,0.0,-0.0002,-0.0002,0.0002,STILL1
-19.2535,16.6217,-1.8348,0.0003,25.5019,0.3073,0.0,26.0046,0.113,0.0004,0.0,-0.0001,-0.0002,0.0002,STILL1
-19.4965,16.5849,-2.221,0.0003,25.6925,0.1907,0.0,25.8525,0.0691,0.0003,0.0,-0.0001,-0.0003,0.0001,STILL1
-19.1222,17.0585,-2.1861,0.0002,25.7183,0.0258,0.0001,25.7414,0.0248,0.0003,0.0,-0.0,-0.0002,0.0001,STILL1
-19.3384,17.5937,-2.0052,0.0003,26.2209,0.5025,0.0001,25.7886,0.0567,0.0003,0.0,-0.0,-0.0002,0.0001,STILL1
-18.7676,18.1812,-2.126,0.0003,26.2164,0.0045,0.0,25.87,0.0866,0.0003,0.0,-0.0001,-0.0003,0.0001,STILL1
-18.4891,17.9262,-2.2571,0.0003,25.8513,0.3651,0.0001,25.9399,0.0547,0.0003,0.0,-0.0001,-0.0003,0.0001,STILL1
-18.0225,18.1316,-2.1775,0.0004,25.6575,0.1938,0.0001,25.9329,0.0584,0.0003,0.0,-0.0001,-0.0003,0.0,STILL1
-18.2305,18.1834,-2.4326,0.0004,25.8632,0.2057,0.0,25.9619,0.0493,0.0004,0.0,-0.0001,-0.0003,0.0,STILL1
-17.8782,18.3217,-2.5024,0.0002,25.7211,0.1421,0.0003,25.8619,0.0375,0.0003,0.0,-0.0001,-0.0003,0.0,STILL1
-17.1213,17.9511,-2.6113,0.0003,24.9439,0.7772,0.0002,25.6074,0.1161,0.0003,0.0,-0.0001,-0.0003,-0.0,STILL1
-17.097,18.0265,-2.3515,0.0006,24.9558,0.0119,0.0003,25.4283,0.1571,0.0004,0.0,-0.0,-0.0003,-0.0001,STILL1
-17.112,18.0681,-2.3281,0.0005,24.9939,0.0381,0.0001,25.2956,0.1667,0.0004,0.0,-0.0,-0.0004,-0.0001,STILL1
-17.3427,17.2326,-2.1937,0.0004,24.5468,0.4471,0.0001,25.0323,0.1451,0.0004,0.0,0.0,-0.0003,-0.0001,STILL1
-16.9679,16.8736,-1.8518,0.0005,24.0012,0.5456,0.0001,24.6883,0.1445,0.0005,0.0,0.0,-0.0004,-0.0002,STILL1
-17.2962,16.8832,-1.9752,0.0003,24.2509,0.2497,0.0002,24.5497,0.1505,0.0005,0.0,0.0001,-0.0004,-0.0002,STILL1
-16.9463,17.5347,-2.3802,0.0004,24.5012,0.2504,0.0,24.4588,0.1097,0.0004,0.0,0.0001,-0.0003,-0.0002,STILL1
-16.5446,17.9465,-2.6635,0.0002,24.5539,0.0527,0.0001,24.3708,0.0465,0.0004,0.0,0.0,-0.0003,-0.0001,STILL1
-17.1388,18.3416,-2.3964,0.0001,25.217,0.663,0.0001,24.5048,0.1655,0.0003,0.0,0.0001,-0.0002,-0.0001,STILL1
-17.3517,18.2389,-2.464,0.0002,25.2944,0.0775,0.0001,24.7635,0.1726,0.0002,0.0,0.0001,-0.0001,-0.0001,STILL1
-17.5282,18.2505,-2.5025,0.0002,25.428,0.1335,0.0001,24.9989,0.1529,0.0002,0.0,0.0,-0.0001,-0.0001,STILL1
-17.8569,18.7816,-2.4332,0.0003,26.0296,0.6017,0.0001,25.3046,0.2224,0.0002,0.0,0.0,-0.0,-0.0001,STILL1
-17.7543,18.7691,-2.5966,0.0002,25.966,0.0636,0.0001,25.587,0.1175,0.0002,0.0,0.0001,0.0,-0.0001,STILL1
-17.6878,18.5996,-2.6804,0.0002,25.8068,0.1593,0.0,25.705,0.0858,0.0002,0.0,0.0001,0.0001,-0.0001,STILL1
-17.6534,18.8485,-2.5974,0.0004,25.9548,0.148,0.0003,25.837,0.0472,0.0002,0.0,0.0001,0.0001,-0.0001,STILL1
-17.8915,18.5006,-2.228,0.0006,25.833,0.1219,0.0001,25.918,0.0071,0.0003,0.0,0.0001,0.0002,-0.0001,STILL1
-17.6132,18.5193,-2.1792,0.0004,25.6503,0.1827,0.0002,25.8422,0.0132,0.0004,0.0,0.0001,0.0003,-0.0001,STILL1
-17.7812,18.0529,-2.6184,0.0004,25.4742,0.1761,0.0,25.7438,0.0276,0.0004,0.0,0.0001,0.0004,-0.0,STILL1
-17.8437,18.7923,-2.1541,0.0003,26.0036,0.5295,0.0001,25.7832,0.0387,0.0004,0.0,0.0,0.0004,-0.0,STILL1
-17.7031,18.0339,-2.0076,0.0003,25.3505,0.6531,0.0,25.6623,0.0557,0.0004,0.0,-0.0,0.0004,0.0001,STILL1
-17.7812,18.2021,-1.9342,0.0003,25.5192,0.1687,0.0,25.5996,0.05,0.0004,0.0,-0.0001,0.0003,0.0001,STILL1
-17.7375,18.2992,-2.088,0.0002,25.5702,0.0511,0.0001,25.5835,0.0494,0.0003,0.0,-0.0001,0.0003,0.0001,STILL1
-17.5212,18.6643,-2.2423,0.0002,25.6978,0.1276,0.0,25.6283,0.0476,0.0003,0.0,-0.0001,0.0002,0.0001,STILL1
-17.7389,18.619,-2.1938,0.0004,25.8098,0.112,0.0002,25.5895,0.0245,0.0003,0.0,-0.0,0.0003,0.0,STILL1
-17.713,18.7421,-2.1457,0.0004,25.877,0.0672,0.0,25.6948,0.0186,0.0003,0.0,-0.0,0.0003,0.0,STILL1
-17.6454,18.7624,-2.1322,0.0003,25.8444,0.0326,0.0001,25.7598,0.0126,0.0003,0.0,0.0,0.0003,0.0,STILL1
-17.86,18.9693,-2.0714,0.0002,26.1363,0.2919,0.0001,25.8731,0.021,0.0003,0.0,0.0001,0.0003,0.0,STILL1
-17.4974,19.0348,-2.0727,0.0003,25.938,0.1983,0.0001,25.9211,0.0134,0.0003,0.0,0.0001,0.0003,0.0,STILL1
-17.6292,19.1091,-2.1769,0.0002,26.0899,0.1519,0.0001,25.9771,0.0134,0.0003,0.0,0.0001,0.0002,0.0001,STILL1
-17.8158,18.8967,-2.1947,0.0001,26.0635,0.0265,0.0001,26.0144,0.0115,0.0002,0.0,0.0001,0.0002,0.0,STILL1
-18.0714,18.3048,-2.837,0.0003,25.8784,0.1851,0.0002,26.0212,0.0094,0.0002,0.0,0.0,0.0002,-0.0,STILL1
-17.9321,18.4251,-2.7196,0.0,25.8543,0.0241,0.0003,25.9648,0.0092,0.0002,0.0,0.0,0.0001,-0.0,STILL1
-17.6301,18.1838,-2.66,0.0003,25.4666,0.3877,0.0003,25.8705,0.0498,0.0002,0.0,-0.0,0.0001,-0.0,STILL1
-17.6197,17.9721,-2.4062,0.0003,25.2832,0.1834,0.0,25.7092,0.0831,0.0002,0.0,-0.0001,0.0001,-0.0001,STILL1
-18.3458,18.6777,-2.1812,0.0003,26.2713,0.9881,0.0,25.7507,0.1195,0.0002,0.0,-0.0001,0.0001,-0.0001,STILL1
-18.2204,18.4328,-2.4856,0.0003,26.037,0.2343,0.0,25.7825,0.1316,0.0002,0.0,-0.0001,0.0001,-0.0001,STILL1
-17.7013,18.165,-2.576,0.0004,25.4939,0.5432,0.0001,25.7104,0.142,0.0003,0.0,-0.0001,0.0,-0.0002,STILL1
-17.4485,18.157,-2.6076,0.0004,25.3165,0.1773,0.0,25.6804,0.1603,0.0003,0.0,-0.0001,-0.0,-0.0002,STILL1
-17.8026,18.3224,-2.2236,0.0002,25.6435,0.327,0.0002,25.7524,0.1238,0.0003,0.0,0.0,-0.0001,-0.0002,STILL1
-17.7764,17.9798,-1.7633,0.0002,25.3453,0.2982,0.0,25.5672,0.0688,0.0003,0.0,0.0001,-0.0,-0.0002,STILL1
-17.7743,17.8995,-2.2294,0.0001,25.3236,0.0217,0.0001,25.4246,0.0162,0.0002,0.0,0.0001,-0.0,-0.0001,STILL1
-17.7069,17.4696,-2.1272,0.0002,24.9649,0.3587,0.0001,25.3188,0.0463,0.0002,0.0,0.0001,-0.0001,-0.0001,STILL1
-17.8999,17.9975,-1.9924,0.0003,25.4615,0.4966,0.0001,25.3478,0.0495,0.0002,0.0,0.0001,-0.0001,-0.0,STILL1
-17.6231,17.9543,-2.7971,0.0003,25.3131,0.1484,0.0,25.2817,0.0279,0.0002,0.0,0.0001,-0.0001,0.0,STILL1
-17.5172,18.0572,-3.0439,0.0002,25.3413,0.0282,0.0001,25.2809,0.0278,0.0002,0.0,0.0001,-0.0002,0.0,STILL1
-17.7075,17.6926,-2.9851,0.0001,25.209,0.1322,0.0001,25.258,0.0279,0.0002,0.0,0.0001,-0.0002,0.0,STILL1
-17.9504,17.3353,-2.4443,0.0003,25.074,0.135,0.0002,25.2798,0.0171,0.0002,0.0,0.0001,-0.0002,0.0001,STILL1
-17.9447,17.3089,-2.043,0.0003,25.0157,0.0583,0.0,25.1906,0.0164,0.0002,0.0,0.0001,-0.0001,0.0001,STILL1
-17.9339,17.5784,-1.9125,0.0002,25.1849,0.1693,0.0001,25.165,0.0128,0.0002,0.0,0.0001,-0.0001,0.0001,STILL1
-17.994,17.5877,-2.1363,0.0003,25.2522,0.0673,0.0001,25.1472,0.0078,0.0002,0.0,0.0001,-0.0001,0.0001,STILL1
-18.5546,17.7827,-1.9528,0.0003,25.7742,0.522,0.0,25.2602,0.0729,0.0003,0.0,0.0002,-0.0001,0.0001,STILL1
-18.5749,17.523,-1.8122,0.0002,25.6001,0.174,0.0002,25.3654,0.078,0.0003,0.0,0.0001,-0.0,0.0001,STILL1
-18.3818,17.6684,-1.8529,0.0002,25.5636,0.0366,0.0,25.475,0.0494,0.0002,0.0,0.0001,0.0001,0.0,STILL1
-18.1211,17.7347,-1.7292,0.0002,25.4142,0.1493,0.0,25.5209,0.0312,0.0002,0.0,0.0001,0.0001,-0.0,STILL1
-18.1906,17.6784,-2.2896,0.0002,25.4689,0.0547,0.0,25.5642,0.0154,0.0002,0.0,0.0,0.0001,-0.0001,STILL1
-17.7525,18.0615,-1.9879,0.0001,25.4031,0.0658,0.0001,25.49,0.0063,0.0002,0.0,-0.0001,0.0,-0.0001,STILL1
-17.7739,18.4086,-2.6997,0.0003,25.7308,0.3277,0.0002,25.5161,0.0147,0.0002,0.0,-0.0001,-0.0,-0.0001,STILL1
-17.5691,18.8425,-2.4754,0.0002,25.8812,0.1505,0.0,25.5797,0.0369,0.0002,0.0,-0.0001,-0.0001,-0.0001,STILL1
-17.7021,19.1833,-2.2053,0.0001,26.196,0.3148,0.0001,25.736,0.083,0.0002,0.0,-0.0,-0.0001,-0.0001,STILL1
-17.7617,19.0779,-2.6611,0.0002,26.2017,0.0057,0.0,25.8826,0.0906,0.0002,0.0,-0.0,-0.0001,-0.0001,STILL1
-17.9375,19.0998,-2.6695,0.0002,26.3379,0.1362,0.0,26.0695,0.0511,0.0002,0.0,-0.0,-0.0001,-0.0001,STILL1
-17.8219,19.0236,-2.3825,0.0003,26.1762,0.1617,0.0001,26.1586,0.0225,0.0002,0.0,-0.0001,-0.0001,-0.0001,STILL1
-17.8169,18.372,-2.2404,0.0002,25.6903,0.4859,0.0001,26.1204,0.0495,0.0002,0.0,-0.0001,-0.0001,-0.0,STILL1
-17.9285,18.1539,-2.0298,0.0002,25.5952,0.0951,0.0,26.0003,0.0891,0.0002,0.0,-0.0001,-0.0,-0.0001,STILL1
-17.9022,18.57,-2.1676,0.0001,25.8849,0.2897,0.0001,25.9369,0.0797,0.0002,0.0,-0.0001,-0.0,-0.0001,STILL1
-17.9624,18.3185,-1.9216,0.0001,25.7275,0.1574,0.0,25.8148,0.0414,0.0001,0.0,-0.0001,0.0,-0.0001,STILL1
-17.9136,18.1267,-1.9748,0.0002,25.5612,0.1663,0.0002,25.6918,0.013,0.0001,0.0,-0.0,0.0001,-0.0001,STILL1
-17.6278,18.0263,-2.4361,0.0002,25.3303,0.2309,0.0001,25.6198,0.034,0.0001,0.0,-0.0,0.0001,-0.0001,STILL1
-17.5522,17.5242,-2.5301,0.0002,24.9315,0.3988,0.0,25.4871,0.111,0.0001,0.0,-0.0,0.0,-0.0001,STILL1
-17.7043,17.4944,-2.371,0.0002,25.0023,0.0708,0.0,25.3106,0.0952,0.0002,0.0,-0.0,-0.0,-0.0,STILL1
-17.7072,18.0142,-2.3561,0.0003,25.3694,0.3671,0.0001,25.2389,0.0559,0.0002,0.0,-0.0,-0.0001,-0.0,STILL1
-17.3782,17.3489,-2.1099,0.0003,24.6463,0.7232,0.0001,25.056,0.0719,0.0002,0.0,-0.0001,-0.0001,0.0001,STILL1
-17.637,17.1979,-2.4723,0.0002,24.7577,0.1114,0.0001,24.9414,0.0616,0.0002,0.0,-0.0001,-0.0001,0.0001,STILL1
-17.6877,17.8395,-2.4466,0.0004,25.2406,0.483,0.0001,25.0033,0.0756,0.0003,0.0,-0.0,0.0,0.0002,STILL1
-18.4627,17.8935,-2.5823,0.0001,25.8402,0.5996,0.0002,25.1708,0.1876,0.0003,0.0,0.0,0.0001,0.0002,STILL1
-18.3483,18.0492,-2.3533,0.0002,25.8451,0.0049,0.0001,25.266,0.2616,0.0002,0.0,0.0001,0.0001,0.0001,STILL1
-18.3036,18.2518,-2.367,0.0002,25.9568,0.1117,0.0,25.5281,0.2116,0.0002,0.0,0.0001,0.0001,0.0001,STILL1
-17.8398,18.5671,-2.2311,0.0003,25.8452,0.1116,0.0001,25.7456,0.0657,0.0002,0.0,0.0001,-0.0,0.0001,STILL1
-17.0999,17.6724,-1.9568,0.0002,24.6688,1.1763,0.0001,25.6312,0.2335,0.0002,0.0,0.0,-0.0001,0.0001,STILL1
-16.5081,18.1129,-2.0904,0.0003,24.596,0.0728,0.0002,25.3824,0.3771,0.0002,0.0,-0.0,-0.0001,0.0001,STILL1
-16.8627,18.7529,-1.8036,0.0002,25.2839,0.6878,0.0001,25.2701,0.3237,0.0002,0.0,-0.0001,-0.0001,0.0001,STILL1
-17.037,18.8898,-1.9304,0.0001,25.511,0.2271,0.0002,25.181,0.233,0.0002,0.0,-0.0001,-0.0001,0.0001,STILL1
-17.2421,18.9118,-1.8818,0.0003,25.6611,0.1501,0.0002,25.1442,0.1895,0.0002,0.0,-0.0001,-0.0,0.0001,STILL1
-17.2125,18.6951,-1.9304,0.0003,25.4853,0.1757,0.0,25.3075,0.141,0.0002,0.0,-0.0001,-0.0001,0.0001,STILL1
-17.4668,18.5436,-1.8162,0.0001,25.5392,0.0539,0.0001,25.4961,0.0149,0.0002,0.0,-0.0001,0.0,0.0001,STILL1
-18.011,18.4692,-2.103,0.0002,25.883,0.3438,0.0001,25.6159,0.0215,0.0002,0.0,-0.0001,0.0,0.0002,STILL1
-18.065,18.4348,-1.8574,0.0001,25.8773,0.0057,0.0001,25.6892,0.0276,0.0002,0.0,-0.0001,-0.0,0.0002,STILL1
-17.9926,18.3134,-1.4078,0.0001,25.7118,0.1655,0.0,25.6994,0.0274,0.0002,0.0,-0.0001,-0.0,0.0001,STILL1
-18.3941,18.7039,-1.6669,0.0002,26.2861,0.5742,0.0001,25.8595,0.0614,0.0002,0.0,0.0,-0.0,0.0001,STILL1
-18.3434,18.6381,-2.1835,0.0001,26.2417,0.0443,0.0001,26.0,0.0504,0.0002,0.0,0.0,-0.0001,0.0,STILL1
-18.381,17.9949,-2.028,0.0001,25.8029,0.4388,0.0,25.984,0.0552,0.0001,0.0,0.0,-0.0,-0.0,STILL1
-18.0267,17.2678,-1.9568,0.0002,25.0393,0.7636,0.0001,25.8164,0.2033,0.0001,0.0,0.0,-0.0,-0.0,STILL1
-18.2307,17.683,-2.1779,0.0002,25.491,0.4517,0.0,25.7722,0.2203,0.0001,0.0,0.0,0.0,-0.0,STILL1
-18.2283,17.0995,-2.158,0.0003,25.0863,0.4047,0.0001,25.5322,0.204,0.0002,0.0,0.0,0.0001,-0.0,STILL1
-18.4483,17.3358,-2.2483,0.0002,25.4151,0.3288,0.0,25.3669,0.0788,0.0002,0.0,0.0,0.0001,-0.0,STILL1
-18.5586,17.7062,-2.1892,0.0,25.7434,0.3284,0.0002,25.355,0.069,0.0002,0.0,0.0001,0.0001,-0.0001,STILL1
-18.5531,17.8524,-2.1951,0.0003,25.8408,0.0974,0.0003,25.5153,0.0705,0.0002,0.0,0.0001,0.0001,-0.0001,STILL1
-18.3269,17.6882,-2.8905,0.0003,25.634,0.2068,0.0,25.5439,0.0724,0.0002,0.0,0.0,0.0001,-0.0002,STILL1
-17.974,18.4037,-3.1499,0.0002,25.9168,0.2828,0.0001,25.71,0.0308,0.0002,0.0,0.0,0.0001,-0.0002,STILL1
-18.1417,18.2667,-3.0824,0.0002,25.9287,0.0118,0.0,25.8127,0.0124,0.0002,0.0,-0.0,0.0001,-0.0002,STILL1
-18.029,18.429,-2.7972,0.0002,25.9325,0.0039,0.0001,25.8506,0.0128,0.0003,0.0,0.0,0.0001,-0.0002,STILL1
-17.6357,18.3963,-2.869,0.0001,25.6451,0.2874,0.0001,25.8114,0.0197,0.0002,0.0,-0.0,0.0001,-0.0002,STILL1
-17.7523,18.2921,-2.7733,0.0001,25.6405,0.0046,0.0,25.8127,0.0193,0.0002,0.0,-0.0,0.0,-0.0001,STILL1
-18.2143,18.4461,-2.3687,0.0002,26.0314,0.3909,0.0001,25.8356,0.0261,0.0002,0.0,-0.0,-0.0,-0.0002,STILL1
-18.5402,18.5132,-2.2199,0.0002,26.2946,0.2632,0.0,25.9088,0.0612,0.0002,0.0,-0.0,-0.0,-0.0002,STILL1
-18.9603,18.6512,-2.2947,0.0003,26.695,0.4004,0.0,26.0613,0.1614,0.0002,0.0,-0.0001,0.0,-0.0002,STILL1
-18.412,18.5116,-2.0889,0.0003,26.1924,0.5026,0.0,26.1708,0.1183,0.0002,0.0,-0.0001,-0.0,-0.0002,STILL1
-18.2702,18.4842,-2.343,0.0002,26.0952,0.0972,0.0001,26.2617,0.0549,0.0003,0.0,-0.0001,-0.0,-0.0002,STILL1
-18.4037,18.653,-2.3463,0.0002,26.3085,0.2133,0.0,26.3171,0.0416,0.0002,0.0,-0.0001,-0.0,-0.0002,STILL1
-18.3667,18.3787,-2.3458,0.0003,26.0886,0.2199,0.0,26.2759,0.0503,0.0003,0.0,-0.0001,0.0,-0.0002,STILL1
-18.4871,18.2811,-2.4579,0.0003,26.1153,0.0268,0.0,26.16,0.0069,0.0003,0.0,-0.0001,0.0001,-0.0002,STILL1
-17.8616,17.5092,-2.3288,0.0003,25.1203,0.995,0.0,25.9456,0.1769,0.0003,0.0,-0.0001,0.0001,-0.0002,STILL1
-17.4736,17.5668,-2.6568,0.0001,24.9194,0.2009,0.0002,25.7104,0.3277,0.0002,0.0,-0.0,0.0001,-0.0002,STILL1
-17.4664,17.8534,-2.5879,0.0003,25.1101,0.1907,0.0002,25.4707,0.2708,0.0002,0.0,0.0001,0.0001,-0.0001,STILL1
-17.545,17.7671,-3.0016,0.0002,25.1497,0.0396,0.0001,25.283,0.1798,0.0002,0.0,0.0001,0.0001,-0.0001,STILL1
-17.261,17.6637,-2.8575,0.0005,24.8619,0.2878,0.0003,25.0323,0.0139,0.0003,0.0,0.0002,-0.0,0.0,STILL1
-17.4869,17.4934,-2.7204,0.0004,24.884,0.0221,0.0001,24.985,0.0145,0.0003,0.0,0.0003,-0.0001,0.0001,STILL1
-17.677,18.0041,-2.7326,0.0002,25.379,0.495,0.0002,25.0769,0.0362,0.0003,0.0,0.0003,-0.0001,0.0001,STILL1
-17.801,18.0596,-2.4548,0.0004,25.4764,0.0975,0.0002,25.1502,0.0626,0.0004,0.0,0.0003,-0.0002,0.0,STILL1
-17.6783,18.4226,-2.4295,0.0004,25.648,0.1715,0.0,25.2499,0.1022,0.0004,0.0,0.0003,-0.0002,-0.0,STILL1
-17.602,18.1944,-2.4061,0.0004,25.4294,0.2186,0.0,25.3634,0.0656,0.0004,0.0,0.0002,-0.0003,-0.0,STILL1
-17.5785,18.0617,-2.4311,0.0002,25.3207,0.1087,0.0002,25.4507,0.0124,0.0003,0.0,0.0001,-0.0003,-0.0,STILL1
-17.7159,18.2744,-2.6605,0.0004,25.5907,0.27,0.0002,25.4931,0.0135,0.0004,0.0,-0.0,-0.0003,-0.0,STILL1
-18.0665,18.457,-2.8597,0.0002,25.9853,0.3946,0.0001,25.5948,0.0516,0.0003,0.0,-0.0001,-0.0002,-0.0,STILL1
-18.2219,18.4281,-2.7534,0.0002,26.0618,0.0764,0.0001,25.6776,0.0878,0.0003,0.0,-0.0001,-0.0002,0.0,STILL1
-18.5651,18.6175,-2.6121,0.0001,26.4215,0.3597,0.0,25.876,0.1467,0.0002,0.0,-0.0001,-0.0001,0.0,STILL1
-18.6927,18.119,-1.9178,0.0001,26.1035,0.318,0.0,26.0326,0.0709,0.0002,0.0,-0.0001,-0.0001,0.0,STILL1
-18.6604,18.2171,-2.1498,0.0001,26.1666,0.0632,0.0,26.1477,0.0222,0.0001,0.0,-0.0001,-0.0001,0.0,STILL1
-18.2096,17.9643,-2.2105,0.0002,25.6747,0.492,0.0001,26.0856,0.0578,0.0001,0.0,0.0,-0.0001,0.0001,STILL1
-18.3145,18.0058,-2.2715,0.0003,25.7835,0.1088,0.0,26.03,0.0729,0.0002,0.0,0.0,-0.0,0.0001,STILL1
-18.3735,17.7109,-1.6891,0.0004,25.5756,0.2079,0.0001,25.8608,0.0549,0.0002,0.0,0.0001,-0.0,0.0001,STILL1
-18.4019,18.0062,-2.0294,0.0002,25.8258,0.2502,0.0001,25.8053,0.0403,0.0002,0.0,0.0001,-0.0,0.0001,STILL1
-18.9122,17.6831,-2.1329,0.0003,25.979,0.1532,0.0001,25.7677,0.0188,0.0003,0.0,0.0002,0.0,0.0002,STILL1
-18.661,17.9934,-2.3001,0.0005,26.0247,0.0456,0.0002,25.8377,0.0253,0.0003,0.0,0.0002,0.0001,0.0002,STILL1
-18.2288,17.9197,-2.3838,0.0004,25.6727,0.352,0.0001,25.8156,0.0297,0.0004,0.0,0.0002,0.0002,0.0002,STILL1
-18.2049,17.7045,-2.2133,0.0003,25.4905,0.1822,0.0001,25.7985,0.039,0.0003,0.0,0.0001,0.0002,0.0003,STILL1
-18.9233,17.7542,-1.7519,0.0003,26.0072,0.5167,0.0,25.8348,0.0463,0.0004,0.0,0.0001,0.0002,0.0003,STILL1
-19.2136,17.8065,-2.0796,0.0004,26.2785,0.2713,0.0001,25.8947,0.0779,0.0004,0.0,0.0001,0.0002,0.0003,STILL1
-19.2303,17.6483,-1.5325,0.0002,26.146,0.1325,0.0001,25.919,0.0866,0.0003,0.0,0.0001,0.0002,0.0002,STILL1
-18.9561,17.8843,-1.8635,0.0001,26.1277,0.0184,0.0001,26.01,0.0749,0.0003,0.0,0.0001,0.0001,0.0002,STILL1
-18.4711,18.1918,-1.6376,0.0001,25.977,0.1506,0.0,26.1073,0.0116,0.0002,0.0,0.0001,0.0001,0.0002,STILL1
-18.4894,18.4847,-1.8507,0.0001,26.2101,0.233,0.0,26.1479,0.0101,0.0002,0.0,0.0,0.0001,0.0001,STILL1
-18.2447,18.2471,-1.9837,0.0002,25.8797,0.3303,0.0001,26.0681,0.0147,0.0001,0.0,0.0,-0.0,0.0001,STILL1
-17.902,18.6008,-1.8151,0.0002,25.8798,0.0001,0.0001,26.0149,0.0177,0.0001,0.0,-0.0,-0.0001,0.0,STILL1
-17.231,19.2088,-2.074,0.0003,25.8879,0.0081,0.0001,25.9669,0.0161,0.0002,0.0,-0.0001,-0.0001,0.0,STILL1
-17.3723,19.517,-2.0029,0.0,26.2054,0.3175,0.0002,26.0126,0.0254,0.0002,0.0,-0.0001,-0.0001,-0.0,STILL1
-17.2666,19.3136,-1.668,0.0001,25.9602,0.2452,0.0001,25.9626,0.0156,0.0002,0.0,-0.0001,-0.0001,-0.0,STILL1
-17.3726,19.4009,-1.7844,0.0001,26.1034,0.1432,0.0,26.0073,0.0162,0.0001,0.0,-0.0001,-0.0,-0.0,STILL1
-17.6419,19.7207,-1.8837,0.0001,26.5272,0.4238,0.0,26.1368,0.0503,0.0001,0.0,-0.0001,0.0,-0.0,STILL1
-17.9541,19.5985,-2.0476,0.0002,26.6579,0.1307,0.0,26.2908,0.0685,0.0001,0.0,-0.0001,-0.0,-0.0001,STILL1
-18.1289,19.2725,-2.0756,0.0004,26.5404,0.1174,0.0002,26.3578,0.075,0.0002,0.0,-0.0001,-0.0001,-0.0001,STILL1
-18.7313,18.8618,-1.9199,0.0003,26.6517,0.1112,0.0001,26.4961,0.0415,0.0002,0.0,-0.0001,-0.0001,-0.0001,STILL1
-18.3538,18.2644,-1.9671,0.0002,25.9676,0.684,0.0002,26.469,0.0658,0.0003,0.0,-0.0001,-0.0002,-0.0001,STILL1
-18.2705,18.3084,-1.4018,0.0002,25.9032,0.0645,0.0,26.3442,0.1135,0.0003,0.0,-0.0001,-0.0002,-0.0001,STILL1
-18.1945,18.103,-1.6808,0.0002,25.7213,0.1819,0.0,26.1568,0.1364,0.0003,0.0,-0.0001,-0.0002,-0.0001,STILL1
-18.2306,18.1605,-1.8915,0.0002,25.8019,0.0806,0.0,26.0091,0.1103,0.0002,0.0,-0.0,-0.0002,-0.0001,STILL1
-17.8814,18.1378,-1.8101,0.0001,25.5343,0.2676,0.0001,25.7856,0.0229,0.0002,0.0,-0.0,-0.0002,-0.0,STILL1
-17.7363,17.679,-1.7293,0.0001,25.1021,0.4322,0.0,25.6125,0.0798,0.0002,0.0,0.0,-0.0001,-0.0,STILL1
-17.536,17.1776,-1.7585,0.0002,24.6104,0.4917,0.0,25.354,0.1969,0.0002,0.0,0.0,-0.0001,-0.0001,STILL1
-18.1725,17.2264,-1.8505,0.0001,25.108,0.4977,0.0001,25.2313,0.167,0.0002,0.0,0.0,-0.0001,-0.0001,STILL1
-17.9599,17.578,-2.4523,0.0,25.2499,0.1419,0.0,25.1209,0.0897,0.0001,0.0,0.0,-0.0,-0.0001,STILL1
-17.971,17.1968,-2.3806,0.0002,24.9871,0.2628,0.0001,25.0115,0.0472,0.0001,0.0,0.0,0.0,-0.0001,STILL1
-17.8862,17.1856,-2.7701,0.0003,24.9586,0.0285,0.0001,24.9828,0.0453,0.0002,0.0,-0.0,0.0001,-0.0001,STILL1
-18.1777,17.3516,-2.9317,0.0001,25.3002,0.3416,0.0001,25.1208,0.0186,0.0001,0.0,-0.0,0.0001,0.0,STILL1
-18.0953,17.2531,-2.7891,0.0001,25.1573,0.1429,0.0,25.1306,0.0188,0.0001,0.0,-0.0,0.0001,0.0,STILL1
-18.27,16.9713,-2.725,0.0001,25.0847,0.0726,0.0,25.0976,0.0153,0.0002,0.0,-0.0,0.0001,0.0,STILL1
-18.2441,17.6864,-2.5113,0.0002,25.5336,0.4489,0.0001,25.2069,0.0389,0.0002,0.0,-0.0,0.0001,0.0001,STILL1
-18.2484,17.6147,-2.9809,0.0001,25.5376,0.0041,0.0001,25.3227,0.035,0.0001,0.0,-0.0,0.0001,0.0,STILL1
-18.5675,17.5699,-2.6472,0.0003,25.6994,0.1618,0.0002,25.4025,0.0569,0.0002,0.0,-0.0001,0.0,0.0,STILL1
-18.4634,17.8122,-2.674,0.0002,25.7938,0.0944,0.0001,25.5298,0.0593,0.0002,0.0,-0.0001,-0.0,0.0,STILL1
-18.6832,17.7341,-2.6892,0.0002,25.8997,0.1059,0.0001,25.6928,0.0205,0.0002,0.0,-0.0001,-0.0001,0.0,STILL1
-18.8716,18.5685,-2.8451,0.0002,26.6274,0.7278,0.0001,25.9116,0.1423,0.0002,0.0,-0.0001,-0.0001,0.0,STILL1
-18.7847,18.8705,-3.0542,0.0001,26.8009,0.1735,0.0002,26.1642,0.2086,0.0002,0.0,-0.0001,-0.0001,0.0,STILL1
-18.5684,18.7182,-2.9278,0.0002,26.5279,0.273,0.0001,26.3299,0.1644,0.0002,0.0,-0.0,-0.0001,0.0,STILL1
-18.761,18.4683,-2.7547,0.0001,26.4697,0.0583,0.0,26.4651,0.0926,0.0002,0.0,0.0,-0.0001,0.0,STILL1
-18.8619,18.3216,-2.7381,0.0003,26.4376,0.032,0.0002,26.5727,0.0172,0.0002,0.0,0.0,-0.0001,-0.0,STILL1
-18.6145,17.8854,-2.6686,0.0003,25.952,0.4856,0.0,26.4376,0.0754,0.0002,0.0,0.0,-0.0001,-0.0001,STILL1
-18.501,17.8177,-2.513,0.0003,25.8084,0.1437,0.0,26.2391,0.0888,0.0002,0.0,-0.0,-0.0001,-0.0002,STILL1
-18.4539,18.026,-2.4479,0.0002,25.9129,0.1045,0.0002,26.1161,0.0783,0.0002,0.0,-0.0001,-0.0001,-0.0002,STILL1
-18.2631,18.2833,-2.0146,0.0001,25.9207,0.0078,0.0001,26.0063,0.0488,0.0002,0.0,-0.0001,-0.0001,-0.0002,STILL1
-18.1136,17.9579,-2.4867,0.0001,25.6276,0.2931,0.0,25.8443,0.0141,0.0002,0.0,-0.0001,-0.0001,-0.0001,STILL1
-18.3128,17.8226,-2.2956,0.0002,25.6568,0.0292,0.0002,25.7853,0.0153,0.0002,0.0,-0.0001,-0.0001,-0.0,STILL1
-18.0065,17.8768,-2.1115,0.0002,25.4612,0.1956,0.0001,25.7158,0.0314,0.0001,0.0,-0.0,-0.0,0.0001,STILL1
-17.7458,18.0671,-1.7392,0.0002,25.3842,0.077,0.0001,25.6101,0.0344,0.0002,0.0,0.0,-0.0,0.0001,STILL1
-17.7185,17.6974,-1.5101,0.0002,25.0883,0.2959,0.0,25.4436,0.0419,0.0002,0.0,-0.0,0.0,0.0002,STILL1
-17.5186,18.0673,-1.6581,0.0003,25.2206,0.1322,0.0001,25.3622,0.0384,0.0002,0.0,-0.0,0.0,0.0002,STILL1
-17.793,17.757,-1.8983,0.0003,25.2092,0.0114,0.0001,25.2727,0.0177,0.0002,0.0,-0.0,0.0,0.0002,STILL1
-17.5938,17.5462,-1.6343,0.0002,24.9014,0.3078,0.0001,25.1607,0.0257,0.0002,0.0,0.0,0.0001,0.0002,STILL1
-17.6906,17.387,-1.3387,0.0001,24.8406,0.0608,0.0001,25.052,0.0244,0.0002,0.0,0.0,0.0001,0.0001,STILL1
-17.7306,17.1408,-1.3834,0.0003,24.7001,0.1405,0.0002,24.9744,0.0428,0.0002,0.0,0.0001,0.0001,0.0001,STILL1
-17.9033,17.2814,-2.3286,0.0002,24.9919,0.2918,0.0,24.9287,0.0287,0.0002,0.0,0.0001,0.0001,0.0,STILL1
-17.632,17.6376,-2.4942,0.0002,25.0638,0.0719,0.0,24.8996,0.0157,0.0002,0.0,0.0001,0.0001,-0.0001,STILL1
-17.8212,17.7945,-2.6422,0.0003,25.3223,0.2585,0.0001,24.9838,0.0444,0.0002,0.0,0.0001,0.0001,-0.0001,STILL1
-17.9945,17.8043,-2.8513,0.0003,25.474,0.1517,0.0001,25.1104,0.0723,0.0003,0.0,0.0002,0.0001,-0.0001,STILL1
-17.8206,17.4122,-3.2716,0.0002,25.1289,0.3451,0.0002,25.1962,0.0314,0.0002,0.0,0.0002,0.0001,-0.0001,STILL1
-18.1096,17.4704,-3.4361,0.0003,25.3964,0.2675,0.0002,25.2771,0.0245,0.0003,0.0,0.0001,0.0001,-0.0001,STILL1
-17.772,17.5388,-3.1801,0.0002,25.1708,0.2256,0.0001,25.2985,0.0172,0.0003,0.0,0.0001,0.0002,-0.0001,STILL1
-17.8739,17.4342,-2.9972,0.0002,25.1478,0.023,0.0,25.2636,0.0204,0.0003,0.0,0.0001,0.0002,-0.0,STILL1
-17.6804,18.1942,-2.8884,0.0002,25.5337,0.3859,0.0,25.2755,0.026,0.0002,0.0,0.0,0.0002,0.0,STILL1
-18.1974,18.796,-2.767,0.0003,26.3076,0.774,0.0001,25.5113,0.1792,0.0002,0.0,0.0,0.0002,0.0001,STILL1
-18.3048,18.4524,-2.5948,0.0001,26.1207,0.1869,0.0002,25.6561,0.2299,0.0002,0.0,-0.0,0.0001,0.0001,STILL1
-18.0126,18.2369,-2.354,0.0002,25.7406,0.3801,0.0001,25.7701,0.1712,0.0002,0.0,-0.0,0.0,0.0001,STILL1
-18.3101,18.6427,-2.7363,0.0003,26.2735,0.5328,0.0001,25.9952,0.0937,0.0002,0.0,-0.0,0.0,0.0002,STILL1
-18.1012,18.6485,-2.6359,0.0003,26.1222,0.1513,0.0001,26.1129,0.0405,0.0002,0.0,0.0,0.0,0.0002,STILL1
-17.6059,18.6188,-2.94,0.0002,25.7929,0.3293,0.0001,26.01,0.0428,0.0002,0.0,-0.0,0.0001,0.0002,STILL1
-17.7598,18.4701,-2.9739,0.0003,25.7953,0.0024,0.0001,25.9449,0.0453,0.0003,0.0,-0.0,0.0001,0.0002,STILL1
-17.7422,18.0635,-3.3978,0.0001,25.5465,0.2488,0.0002,25.9061,0.0672,0.0002,0.0,-0.0,0.0001,0.0002,STILL1
-18.0594,18.154,-3.1964,0.0003,25.8055,0.259,0.0002,25.8125,0.0335,0.0002,0.0,-0.0001,0.0001,0.0001,STILL1
-17.8381,18.0044,-3.0227,0.0002,25.5244,0.2811,0.0001,25.6929,0.0166,0.0002,0.0,-0.0001,0.0,0.0,STILL1
-17.6455,17.491,-2.9494,0.0002,25.02,0.5044,0.0001,25.5383,0.0813,0.0002,0.0,-0.0001,0.0,-0.0,STILL1
-17.5039,17.096,-2.7377,0.0003,24.6202,0.3998,0.0001,25.3033,0.1814,0.0002,0.0,-0.0001,0.0,-0.0001,STILL1
-17.3187,17.758,-2.8183,0.0002,24.9645,0.3444,0.0,25.1869,0.179,0.0002,0.0,-0.0001,0.0001,-0.0001,STILL1
-17.3425,17.8595,-2.5171,0.0003,25.0212,0.0567,0.0001,25.0301,0.0834,0.0002,0.0,-0.0001,0.0001,-0.0001,STILL1
-17.6271,17.8408,-2.6293,0.0002,25.2175,0.1963,0.0002,24.9687,0.0378,0.0002,0.0,-0.0001,0.0002,-0.0001,STILL1
-17.7017,17.5445,-2.5691,0.0003,25.0551,0.1624,0.0001,24.9757,0.0387,0.0003,0.0,-0.0001,0.0002,-0.0,STILL1
-17.9895,18.2856,-2.5303,0.0003,25.7757,0.7206,0.0,25.2068,0.088,0.0003,0.0,-0.0001,0.0002,-0.0,STILL1
-17.9478,18.0128,-2.4586,0.0003,25.5467,0.229,0.0,25.3232,0.0858,0.0003,0.0,-0.0001,0.0002,0.0,STILL1
-17.6301,17.6228,-2.1669,0.0001,25.0216,0.5251,0.0002,25.3233,0.0857,0.0002,0.0,-0.0,0.0002,0.0001,STILL1
-17.9447,17.7451,-2.1772,0.0004,25.3307,0.3091,0.0002,25.3459,0.083,0.0003,0.0,0.0,0.0002,0.0001,STILL1
-17.8652,18.1586,-2.3668,0.0004,25.5832,0.2525,0.0,25.4516,0.0662,0.0003,0.0,0.0001,0.0002,0.0001,STILL1
-17.7921,18.3175,-2.7809,0.0003,25.687,0.1038,0.0,25.4338,0.0559,0.0003,0.0,0.0001,0.0002,0.0002,STILL1
-18.0743,18.2915,-2.4404,0.0002,25.8305,0.1435,0.0001,25.4906,0.0817,0.0003,0.0,0.0001,0.0001,0.0002,STILL1
-17.6345,18.6426,-2.7679,0.0001,25.8105,0.02,0.0001,25.6484,0.0332,0.0003,0.0,0.0001,0.0001,0.0002,STILL1
-18.3076,17.8953,-2.705,0.0001,25.7435,0.067,0.0,25.7309,0.008,0.0002,0.0,0.0001,0.0001,0.0001,STILL1
-17.7867,17.7319,-2.6202,0.0002,25.2517,0.4917,0.0,25.6646,0.0452,0.0002,0.0,0.0001,-0.0,0.0001,STILL1
-17.495,17.6105,-2.4181,0.0003,24.9409,0.3108,0.0002,25.5154,0.1276,0.0002,0.0,0.0001,-0.0001,0.0,STILL1
-17.571,18.2384,-2.4063,0.0003,25.4395,0.4986,0.0,25.4372,0.1028,0.0002,0.0,0.0001,-0.0001,-0.0,STILL1
-17.5193,18.6063,-2.7813,0.0004,25.7071,0.2676,0.0001,25.4166,0.089,0.0003,0.0,0.0001,-0.0002,-0.0,STILL1
-17.6748,18.7194,-2.7125,0.0003,25.8877,0.1806,0.0001,25.4454,0.1112,0.0003,0.0,0.0001,-0.0003,-0.0,STILL1
-17.3742,18.7568,-2.32,0.0004,25.6722,0.2155,0.0001,25.5295,0.107,0.0004,0.0,0.0,-0.0004,0.0,STILL1
-17.6431,18.5648,-2.3123,0.0004,25.7153,0.0431,0.0001,25.6844,0.0206,0.0004,0.0,-0.0,-0.0003,0.0001,STILL1
-18.1458,18.5331,-1.6811,0.0003,25.9917,0.2764,0.0001,25.7948,0.0153,0.0004,0.0,-0.0001,-0.0003,0.0001,STILL1
-18.0541,18.7796,-1.7324,0.0004,26.108,0.1162,0.0001,25.875,0.0269,0.0004,0.0,-0.0001,-0.0003,0.0001,STILL1
-18.5214,18.3706,-1.614,0.0006,26.1367,0.0287,0.0002,25.9248,0.0381,0.0004,0.0,-0.0001,-0.0003,0.0001,STILL1
-18.0734,18.6465,-1.7943,0.0009,26.0299,0.1067,0.0003,25.9963,0.0225,0.0005,0.0,-0.0002,-0.0004,0.0002,STILL1
-18.0243,18.8203,-1.8573,0.0009,26.1253,0.0953,0.0,26.0783,0.0033,0.0006,0.0,-0.0002,-0.0005,0.0002,STILL1
-17.8476,18.6625,-1.9515,0.0007,25.8966,0.2287,0.0002,26.0593,0.008,0.0007,0.0,-0.0002,-0.0006,0.0002,STILL1
-17.6656,18.2175,-1.6893,0.0003,25.4323,0.4643,0.0004,25.9241,0.0679,0.0007,0.0,-0.0001,-0.0006,0.0002,STILL1
-17.945,18.2646,-1.5358,0.0003,25.651,0.2187,0.0,25.827,0.0643,0.0006,0.0,-0.0001,-0.0005,0.0003,STILL1
-18.1497,18.4773,-1.1912,0.0003,25.9276,0.2766,0.0,25.8066,0.0577,0.0005,0.0,-0.0002,-0.0004,0.0002,STILL1
-17.9416,18.4162,-1.4967,0.0002,25.7546,0.173,0.0001,25.7324,0.0324,0.0004,0.0,-0.0002,-0.0003,0.0001,STILL1
-18.0346,17.9549,-1.4223,0.0,25.4881,0.2665,0.0002,25.6508,0.0323,0.0002,0.0,-0.0001,-0.0001,0.0001,STILL1
-18.3558,18.242,-1.3223,0.0002,25.9124,0.4243,0.0001,25.7468,0.0273,0.0002,0.0,-0.0001,-0.0001,0.0001,STILL1
-18.3596,18.3405,-1.7547,0.0004,26.0102,0.0977,0.0002,25.8186,0.0341,0.0002,0.0,-0.0,0.0,0.0001,STILL1
-18.1877,18.0036,-1.9319,0.0002,25.6643,0.3459,0.0002,25.7659,0.0337,0.0002,0.0,0.0,0.0,0.0,STILL1
-18.1033,17.9967,-1.6924,0.0001,25.5827,0.0816,0.0001,25.7315,0.0393,0.0002,0.0,0.0001,0.0,0.0,STILL1
-18.1483,17.8161,-2.0883,0.0002,25.5173,0.0654,0.0001,25.7374,0.0366,0.0002,0.0,0.0001,0.0,-0.0,STILL1
-17.9811,17.9685,-1.9081,0.0002,25.4917,0.0256,0.0,25.6532,0.0354,0.0002,0.0,0.0001,-0.0,-0.0001,STILL1
-18.3099,17.6373,-1.7859,0.0003,25.4856,0.0061,0.0001,25.5483,0.0045,0.0002,0.0,0.0001,-0.0001,-0.0001,STILL1
-18.3948,17.4098,-1.7381,0.0004,25.3868,0.0988,0.0001,25.4928,0.004,0.0002,0.0,0.0001,-0.0,-0.0002,STILL1
-18.5471,17.506,-1.6248,0.0002,25.5557,0.1689,0.0002,25.4874,0.0031,0.0003,0.0,0.0001,0.0,-0.0002,STILL1
-18.2783,17.7298,-2.6124,0.0001,25.5982,0.0425,0.0001,25.5036,0.0052,0.0002,0.0,0.0001,0.0,-0.0002,STILL1
-18.607,17.9995,-2.8868,0.0004,26.0487,0.4505,0.0003,25.615,0.0521,0.0003,0.0,0.0001,0.0001,-0.0002,STILL1
-18.8419,18.3058,-2.7907,0.0002,26.4179,0.3692,0.0002,25.8015,0.143,0.0002,0.0,0.0,0.0001,-0.0002,STILL1
-18.5329,17.9759,-3.0044,0.0002,25.9928,0.4251,0.0001,25.9227,0.1012,0.0002,0.0,0.0,0.0001,-0.0001,STILL1
-18.1075,17.8463,-2.9379,0.0004,25.5931,0.3997,0.0001,25.9301,0.0959,0.0002,0.0,-0.0,0.0002,-0.0002,STILL1
-18.2173,17.9427,-2.5909,0.0003,25.7006,0.1076,0.0001,25.9506,0.084,0.0003,0.0,-0.0,0.0002,-0.0002,STILL1
-18.0238,17.6292,-2.4884,0.0003,25.3345,0.3661,0.0001,25.8078,0.1376,0.0003,0.0,-0.0001,0.0002,-0.0001,STILL1
-18.1316,18.0408,-2.6501,0.0004,25.7147,0.3802,0.0001,25.6672,0.0451,0.0003,0.0,-0.0001,0.0003,-0.0001,STILL1
-18.3834,17.9608,-2.5669,0.0003,25.8288,0.1141,0.0001,25.6344,0.0281,0.0003,0.0,-0.0001,0.0003,-0.0001,STILL1
-18.0942,17.6749,-2.7317,0.0002,25.4414,0.3874,0.0001,25.604,0.0342,0.0003,0.0,-0.0,0.0003,-0.0,STILL1
-17.7816,17.7399,-2.7603,0.0004,25.2687,0.1726,0.0002,25.5176,0.0474,0.0003,0.0,0.0,0.0003,0.0,STILL1
-18.0534,18.3044,-2.4895,0.0004,25.8297,0.561,0.0,25.6167,0.0504,0.0003,0.0,0.0001,0.0003,0.0,STILL1
-18.2396,18.3185,-2.2416,0.0005,25.9476,0.1178,0.0001,25.6632,0.0682,0.0003,0.0,0.0002,0.0002,0.0,STILL1
-18.1729,17.7142,-2.587,0.0003,25.5096,0.4379,0.0002,25.5994,0.0633,0.0003,0.0,0.0002,0.0002,0.0,STILL1
-17.8071,18.4245,-2.5478,0.0001,25.7497,0.24,0.0001,25.6611,0.059,0.0003,0.0,0.0002,0.0002,-0.0,STILL1
-17.6269,18.5177,-2.4601,0.0003,25.684,0.0657,0.0001,25.7441,0.0215,0.0003,0.0,0.0002,0.0002,0.0,STILL1
-17.6703,18.386,-2.7618,0.0004,25.6498,0.0341,0.0002,25.7081,0.0205,0.0003,0.0,0.0001,0.0002,0.0001,STILL1
-18.1456,17.8463,-2.8532,0.0002,25.6105,0.0394,0.0003,25.6407,0.0064,0.0002,0.0,0.0,0.0002,0.0001,STILL1
-18.5571,18.2177,-2.3794,0.0001,26.1135,0.503,0.0001,25.7615,0.0331,0.0002,0.0,-0.0,0.0001,0.0001,STILL1
-18.2894,18.0023,-2.3036,0.0001,25.7661,0.3474,0.0,25.7648,0.033,0.0002,0.0,-0.0,0.0002,0.0001,STILL1
-18.5972,17.705,-2.1491,0.0002,25.767,0.0009,0.0001,25.7814,0.0314,0.0002,0.0,-0.0,0.0001,0.0001,STILL1
-18.5559,17.7952,-2.238,0.0004,25.8069,0.0399,0.0002,25.8128,0.0271,0.0002,0.0,-0.0001,-0.0,0.0001,STILL1
-18.4697,17.8237,-2.7873,0.0002,25.8182,0.0113,0.0002,25.8544,0.0172,0.0002,0.0,-0.0001,-0.0001,0.0001,STILL1
-18.5758,17.9089,-2.4892,0.0004,25.9227,0.1044,0.0002,25.8162,0.0033,0.0003,0.0,-0.0001,-0.0002,0.0001,STILL1
-18.6919,17.649,-2.3445,0.0004,25.8141,0.1085,0.0,25.8258,0.0027,0.0003,0.0,-0.0001,-0.0003,0.0001,STILL1
-18.4629,17.3223,-2.5506,0.0002,25.445,0.3692,0.0003,25.7614,0.0268,0.0003,0.0,-0.0,-0.0002,0.0,STILL1
-18.789,17.2891,-2.2092,0.0003,25.6285,0.1836,0.0002,25.7257,0.0287,0.0003,0.0,0.0,-0.0002,-0.0001,STILL1
-18.9156,17.1251,-2.2174,0.0003,25.6122,0.0164,0.0001,25.6845,0.0279,0.0003,0.0,0.0,-0.0001,-0.0001,STILL1
-18.9981,17.075,-2.7395,0.0002,25.6903,0.0781,0.0,25.638,0.0144,0.0003,0.0,-0.0001,-0.0,-0.0001,STILL1
-18.6829,17.4413,-2.6541,0.0003,25.6961,0.0059,0.0001,25.6144,0.0083,0.0003,0.0,-0.0001,0.0,-0.0002,STILL1
-18.6119,17.5624,-2.8827,0.0002,25.7517,0.0556,0.0001,25.6758,0.0025,0.0003,0.0,-0.0001,0.0,-0.0002,STILL1
-18.4114,17.8312,-2.6468,0.0002,25.767,0.0152,0.0,25.7035,0.003,0.0002,0.0,-0.0001,0.0,-0.0002,STILL1
-18.351,18.2118,-2.7987,0.0002,26.005,0.2381,0.0,25.782,0.0133,0.0002,0.0,-0.0001,0.0,-0.0002,STILL1
-18.4683,18.2351,-2.3827,0.0003,26.0629,0.0578,0.0001,25.8565,0.0219,0.0002,0.0,-0.0001,-0.0,-0.0002,STILL1
-18.4278,18.6974,-2.4811,0.0002,26.3692,0.3063,0.0001,25.9911,0.0512,0.0002,0.0,-0.0001,-0.0,-0.0001,STILL1
-18.261,18.1704,-2.313,0.0002,25.8646,0.5046,0.0,26.0137,0.0424,0.0002,0.0,-0.0001,-0.0001,-0.0001,STILL1
-17.9931,17.9364,-2.8848,0.0001,25.5693,0.2953,0.0,25.9742,0.0682,0.0002,0.0,-0.0001,-0.0001,-0.0001,STILL1
-17.7726,18.1428,-2.8141,0.0002,25.5529,0.0164,0.0001,25.8838,0.0953,0.0002,0.0,-0.0001,-0.0001,-0.0001,STILL1
-17.84,17.8424,-2.2638,0.0003,25.3326,0.2203,0.0,25.7377,0.1283,0.0002,0.0,-0.0001,-0.0001,-0.0,STILL1
-18.3407,17.4489,-2.6204,0.0004,25.4502,0.1176,0.0001,25.5539,0.0313,0.0002,0.0,-0.0001,-0.0002,-0.0,STILL1
-18.3101,17.3748,-2.8244,0.0002,25.3992,0.051,0.0002,25.4608,0.0081,0.0002,0.0,-0.0001,-0.0002,-0.0,STILL1
-18.3168,17.7092,-2.4596,0.0004,25.5963,0.1971,0.0002,25.4662,0.0094,0.0003,0.0,-0.0001,-0.0002,-0.0,STILL1
-18.241,17.8923,-2.4551,0.0003,25.669,0.0727,0.0001,25.4895,0.0156,0.0003,0.0,-0.0001,-0.0003,0.0,STILL1
-18.0615,17.4826,-2.1797,0.0002,25.2312,0.4378,0.0001,25.4692,0.0236,0.0003,0.0,-0.0001,-0.0002,0.0,STILL1
-18.2523,17.2205,-2.0719,0.0001,25.1791,0.0521,0.0001,25.4149,0.0374,0.0002,0.0,-0.0001,-0.0001,0.0,STILL1
-18.455,17.242,-2.0419,0.0002,25.3386,0.1595,0.0001,25.4028,0.0384,0.0002,0.0,-0.0001,-0.0001,0.0001,STILL1
-19.164,17.7092,-1.9367,0.0002,26.1654,0.8268,0.0,25.5166,0.1342,0.0002,0.0,-0.0001,-0.0001,0.0001,STILL1
-19.4406,17.8111,-2.2931,0.0002,26.4656,0.3003,0.0,25.676,0.2843,0.0002,0.0,-0.0,-0.0001,0.0,STILL1
-19.4368,17.6895,-2.5626,0.0002,26.406,0.0596,0.0,25.9109,0.2962,0.0002,0.0,0.0,-0.0001,0.0,STILL1
-18.8151,18.1548,-2.3938,0.0003,26.2552,0.1508,0.0001,26.1261,0.1664,0.0002,0.0,0.0001,-0.0001,0.0,STILL1
-18.4708,18.3926,-3.1119,0.0003,26.2515,0.0037,0.0,26.3087,0.0122,0.0002,0.0,0.0001,-0.0001,0.0,STILL1
-18.411,18.2297,-2.8333,0.0001,26.0637,0.1878,0.0002,26.2884,0.0196,0.0002,0.0,0.0002,-0.0001,0.0001,STILL1
-18.1788,18.34,-2.7948,0.0002,25.9737,0.0899,0.0001,26.19,0.0235,0.0002,0.0,0.0002,0.0,0.0001,STILL1
-18.6024,18.2126,-2.4514,0.0002,26.1488,0.175,0.0,26.1386,0.0118,0.0002,0.0,0.0002,0.0001,0.0001,STILL1
-18.8195,18.117,-2.0111,0.0002,26.2,0.0512,0.0001,26.1275,0.0098,0.0002,0.0,0.0001,0.0001,0.0001,STILL1
-18.7087,18.1686,-2.6089,0.0004,26.2091,0.0091,0.0002,26.1191,0.0079,0.0002,0.0,0.0001,0.0002,0.0001,STILL1
-18.6951,18.6505,-2.3028,0.0004,26.5075,0.2984,0.0,26.2078,0.0296,0.0003,0.0,0.0001,0.0002,0.0,STILL1
-18.9123,18.6173,-2.7453,0.0003,26.6799,0.1723,0.0001,26.3491,0.0433,0.0003,0.0,0.0001,0.0002,0.0,STILL1
-18.8111,19.0876,-2.7525,0.0003,26.9401,0.2602,0.0,26.5073,0.0801,0.0003,0.0,0.0001,0.0002,-0.0001,STILL1
-18.9145,18.6982,-2.4458,0.0002,26.7088,0.2313,0.0001,26.6091,0.059,0.0003,0.0,0.0001,0.0002,-0.0001,STILL1
-18.9816,18.6835,-2.2004,0.0001,26.7248,0.016,0.0001,26.7122,0.019,0.0003,0.0,0.0001,0.0002,-0.0001,STILL1
-18.629,17.9656,-2.2478,0.0002,25.978,0.7469,0.0,26.6063,0.1072,0.0002,0.0,0.0001,0.0001,-0.0001,STILL1
-18.7939,18.41,-2.4389,0.0001,26.4213,0.4433,0.0,26.5546,0.1103,0.0002,0.0,0.0,0.0001,-0.0001,STILL1
-18.4632,18.2811,-2.3511,0.0002,26.0886,0.3327,0.0,26.3843,0.095,0.0002,0.0,0.0001,0.0001,-0.0001,STILL1
-18.4362,18.403,-2.3465,0.0003,26.1547,0.0661,0.0001,26.2735,0.0722,0.0002,0.0,0.0,0.0001,-0.0001,STILL1
-18.3583,18.0005,-2.3553,0.0002,25.8185,0.3362,0.0001,26.0922,0.04,0.0002,0.0,-0.0,0.0,-0.0002,STILL1
-18.1554,17.9379,-2.203,0.0002,25.6172,0.2013,0.0,26.0201,0.0773,0.0002,0.0,-0.0,0.0,-0.0002,STILL1
-18.1275,17.7253,-2.5218,0.0003,25.4785,0.1388,0.0001,25.8315,0.0683,0.0002,0.0,-0.0001,0.0001,-0.0002,STILL1
-17.8238,18.0521,-2.358,0.0002,25.478,0.0004,0.0001,25.7094,0.0651,0.0002,0.0,-0.0001,0.0001,-0.0002,STILL1
-18.1559,18.273,-2.0177,0.0003,25.8382,0.3601,0.0001,25.6461,0.0248,0.0002,0.0,-0.0001,0.0001,-0.0001,STILL1
-17.681,17.9027,-1.8485,0.0002,25.2298,0.6084,0.0,25.5283,0.0396,0.0002,0.0,-0.0002,0.0001,-0.0,STILL1
-17.8886,17.8097,-1.5601,0.0001,25.2907,0.0609,0.0002,25.463,0.0451,0.0002,0.0,-0.0001,0.0001,-0.0,STILL1
-17.8296,17.5759,-1.7231,0.0003,25.0953,0.1954,0.0002,25.3864,0.0662,0.0002,0.0,-0.0002,0.0,0.0,STILL1
-18.0543,17.6263,-1.8472,0.0005,25.2994,0.204,0.0003,25.3507,0.0647,0.0003,0.0,-0.0002,-0.0,0.0001,STILL1
-18.1684,17.6073,-1.9153,0.0004,25.3728,0.0734,0.0001,25.2576,0.0086,0.0003,0.0,-0.0002,-0.0001,0.0001,STILL1
-18.366,17.6765,-2.2322,0.0006,25.5881,0.2153,0.0002,25.3293,0.0252,0.0004,0.0,-0.0003,-0.0002,0.0001,STILL1
-18.2084,17.6881,-1.9295,0.0003,25.4585,0.1296,0.0003,25.3628,0.0271,0.0004,0.0,-0.0003,-0.0002,0.0001,STILL1
-18.0824,18.3786,-2.0624,0.0002,25.865,0.4064,0.0002,25.5168,0.0395,0.0004,0.0,-0.0003,-0.0002,0.0001,STILL1
-18.1596,18.2435,-1.9686,0.0004,25.8161,0.0488,0.0002,25.6201,0.0373,0.0004,0.0,-0.0002,-0.0002,0.0001,STILL1
-18.1965,17.9885,-1.9374,0.0003,25.6603,0.1558,0.0001,25.6776,0.0221,0.0004,0.0,-0.0002,-0.0002,0.0001,STILL1
-18.404,18.0158,-2.0749,0.0001,25.8377,0.1773,0.0001,25.7275,0.0231,0.0003,0.0,-0.0001,-0.0002,0.0001,STILL1
-18.3139,17.7377,-2.0756,0.0002,25.5799,0.2578,0.0001,25.7518,0.0124,0.0002,0.0,-0.0,-0.0001,0.0002,STILL1
-18.6323,17.6776,-2.4636,0.0003,25.8018,0.2219,0.0001,25.7392,0.0102,0.0003,0.0,-0.0,-0.0001,0.0002,STILL1
-18.5715,18.0109,-2.5302,0.0002,25.9941,0.1923,0.0001,25.7747,0.0208,0.0002,0.0,-0.0,0.0,0.0001,STILL1
-18.2197,18.1743,-2.2742,0.0001,25.8348,0.1593,0.0,25.8096,0.0177,0.0002,0.0,-0.0,0.0001,0.0001,STILL1
-18.2289,18.7676,-2.4069,0.0003,26.2737,0.4389,0.0002,25.8968,0.053,0.0002,0.0,-0.0001,0.0001,0.0001,STILL1
-17.8175,18.3891,-2.4067,0.0001,25.7179,0.5558,0.0002,25.9245,0.0385,0.0002,0.0,-0.0001,0.0001,0.0,STILL1
-17.6759,18.7925,-2.6129,0.0002,25.9311,0.2131,0.0001,25.9503,0.0348,0.0002,0.0,-0.0001,0.0001,0.0,STILL1
-17.5969,18.8777,-2.5841,0.0001,25.9364,0.0054,0.0001,25.9388,0.0344,0.0002,0.0,-0.0001,-0.0,0.0,STILL1
-17.7838,18.8584,-2.5391,0.0002,26.0452,0.1087,0.0,25.9809,0.0327,0.0002,0.0,-0.0001,-0.0,0.0,STILL1
-17.852,18.6711,-2.5344,0.0003,25.9563,0.0889,0.0001,25.9174,0.0116,0.0002,0.0,-0.0001,0.0,-0.0,STILL1
-18.041,18.7432,-3.2713,0.0005,26.2199,0.2636,0.0002,26.0178,0.0119,0.0003,0.0,-0.0002,0.0001,-0.0,STILL1
-17.4422,18.4133,-2.8733,0.0002,25.5252,0.6948,0.0003,25.9366,0.0523,0.0002,0.0,-0.0001,0.0001,-0.0001,STILL1
-17.1225,18.9994,-2.7986,0.0001,25.7291,0.204,0.0,25.8951,0.0592,0.0002,0.0,-0.0002,0.0001,-0.0,STILL1
-17.373,19.0276,-3.017,0.0002,25.9417,0.2126,0.0001,25.8745,0.0547,0.0003,0.0,-0.0002,0.0002,-0.0,STILL1
-17.314,18.5877,-2.9636,0.0002,25.5746,0.3671,0.0,25.7981,0.0656,0.0002,0.0,-0.0001,0.0002,-0.0,STILL1
-17.2606,18.5389,-2.0865,0.0003,25.416,0.1586,0.0,25.6373,0.0333,0.0002,0.0,-0.0001,0.0001,-0.0,STILL1
-17.1585,18.878,-2.1692,0.0003,25.6027,0.1867,0.0001,25.6528,0.0308,0.0002,0.0,-0.0001,0.0002,-0.0001,STILL1
-17.2455,18.3743,-2.6354,0.0002,25.3371,0.2656,0.0001,25.5744,0.0434,0.0002,0.0,-0.0001,0.0002,-0.0001,STILL1
-17.3902,18.5494,-2.7989,0.0001,25.5799,0.2429,0.0001,25.5021,0.0112,0.0002,0.0,-0.0001,0.0001,-0.0001,STILL1
-17.659,18.002,-3.2548,0.0002,25.4265,0.1534,0.0001,25.4725,0.0104,0.0002,0.0,-0.0001,0.0001,-0.0001,STILL1
-17.8491,17.811,-2.8882,0.0002,25.3804,0.0461,0.0001,25.4653,0.0114,0.0002,0.0,-0.0001,0.0,-0.0001,STILL1
-18.2511,17.2707,-2.9324,0.0003,25.2978,0.0826,0.0002,25.4044,0.0096,0.0002,0.0,-0.0,-0.0001,-0.0001,STILL1
-18.1134,17.4447,-2.8209,0.0001,25.3055,0.0077,0.0003,25.398,0.0106,0.0002,0.0,0.0,-0.0001,-0.0001,STILL1
-18.3595,18.012,-2.8755,0.0002,25.8799,0.5744,0.0001,25.458,0.0468,0.0002,0.0,0.0,-0.0001,-0.0001,STILL1
-18.2063,18.5783,-2.7692,0.0002,26.159,0.2791,0.0,25.6045,0.1234,0.0002,0.0,0.0001,-0.0001,-0.0001,STILL1
-18.7151,19.0314,-2.9997,0.0002,26.8598,0.7008,0.0,25.9004,0.3409,0.0002,0.0,0.0001,-0.0001,-0.0001,STILL1
-18.2971,18.5845,-3.2498,0.0003,26.2817,0.5781,0.0001,26.0972,0.2587,0.0002,0.0,0.0001,-0.0001,-0.0001,STILL1
-18.2189,18.6207,-3.4936,0.0002,26.2843,0.0026,0.0001,26.2929,0.102,0.0002,0.0,0.0002,-0.0,-0.0001,STILL1
-18.6751,18.2122,-3.3792,0.0002,26.3033,0.019,0.0,26.3776,0.0607,0.0002,0.0,0.0002,-0.0,-0.0001,STILL1
-18.5776,18.0291,-3.0534,0.0003,26.0672,0.2361,0.0001,26.3593,0.0701,0.0002,0.0,0.0002,-0.0,-0.0001,STILL1
-18.9308,18.2296,-3.0208,0.0002,26.4541,0.3869,0.0001,26.2781,0.0152,0.0002,0.0,0.0001,0.0,-0.0001,STILL1
-18.6697,18.5024,-2.7948,0.0004,26.433,0.021,0.0002,26.3084,0.0191,0.0003,0.0,-0.0,0.0001,-0.0002,STILL1
-18.2482,17.9144,-2.5421,0.0002,25.698,0.7351,0.0002,26.1911,0.0798,0.0003,0.0,-0.0001,0.0001,-0.0001,STILL1
-18.433,18.1097,-2.4618,0.0002,25.9576,0.2596,0.0,26.122,0.0834,0.0003,0.0,-0.0001,0.0001,-0.0001,STILL1
-17.962,17.7221,-2.2913,0.0001,25.3369,0.6207,0.0001,25.9759,0.1847,0.0002,0.0,-0.0002,0.0001,-0.0,STILL1
-17.7383,17.7996,-1.9393,0.0002,25.2038,0.133,0.0,25.7259,0.1957,0.0002,0.0,-0.0002,0.0001,-0.0,STILL1
-18.2282,17.8115,-2.1171,0.0002,25.5734,0.3695,0.0,25.5539,0.0707,0.0002,0.0,-0.0001,0.0001,0.0,STILL1
-18.0013,17.568,-2.1718,0.0003,25.2467,0.3267,0.0002,25.4637,0.0773,0.0002,0.0,-0.0002,0.0001,-0.0,STILL1
-18.3667,17.3888,-1.9343,0.0002,25.3662,0.1195,0.0001,25.3454,0.0165,0.0002,0.0,-0.0002,0.0001,-0.0001,STILL1
-18.4433,17.536,-1.7474,0.0003,25.5092,0.143,0.0,25.3799,0.0206,0.0002,0.0,-0.0002,0.0001,-0.0001,STILL1
-17.9765,17.6726,-2.8354,0.0002,25.3676,0.1416,0.0,25.4126,0.0134,0.0003,0.0,-0.0002,0.0001,-0.0001,STILL1
-18.2469,17.5755,-2.4215,0.0001,25.4502,0.0826,0.0001,25.388,0.0079,0.0002,0.0,-0.0002,0.0001,-0.0001,STILL1
-17.9006,17.3698,-3.0278,0.0002,25.1259,0.3243,0.0001,25.3638,0.017,0.0002,0.0,-0.0001,0.0001,-0.0001,STILL1
-17.9361,17.7021,-2.866,0.0003,25.363,0.2371,0.0001,25.3632,0.017,0.0002,0.0,-0.0001,0.0002,-0.0,STILL1
-18.0708,18.0117,-2.6397,0.0002,25.6504,0.2873,0.0002,25.3914,0.0285,0.0002,0.0,-0.0,0.0002,-0.0,STILL1
-18.1754,18.0812,-2.3336,0.0002,25.7433,0.093,0.0,25.4666,0.0475,0.0002,0.0,-0.0,0.0001,-0.0001,STILL1
-18.0247,17.8712,-2.445,0.0002,25.4999,0.2434,0.0,25.4765,0.0476,0.0002,0.0,-0.0,0.0001,-0.0,STILL1
-18.1635,17.8439,-2.5623,0.0002,25.5906,0.0907,0.0,25.5695,0.0169,0.0002,0.0,-0.0,0.0001,-0.0,STILL1
-18.3589,18.1313,-2.1842,0.0003,25.8953,0.3046,0.0001,25.6759,0.0183,0.0002,0.0,-0.0,0.0001,-0.0,STILL1
-18.8028,18.3144,-2.3598,0.0002,26.354,0.4587,0.0001,25.8166,0.0903,0.0002,0.0,-0.0001,0.0001,0.0,STILL1
-18.2235,17.5984,-2.541,0.0003,25.4609,0.8931,0.0001,25.7601,0.1114,0.0002,0.0,-0.0001,0.0001,0.0001,STILL1
-18.2038,17.9194,-2.5047,0.0002,25.6662,0.2053,0.0001,25.7934,0.0985,0.0002,0.0,-0.0,0.0001,0.0002,STILL1
-18.2193,17.9636,-2.5819,0.0003,25.7157,0.0495,0.0001,25.8184,0.0909,0.0003,0.0,-0.0,0.0,0.0002,STILL1
-18.0723,17.9678,-2.528,0.0004,25.6094,0.1064,0.0001,25.7612,0.0951,0.0003,0.0,0.0,-0.0001,0.0002,STILL1
-18.1328,18.7867,-2.8411,0.0005,26.2643,0.6549,0.0,25.7433,0.0752,0.0003,0.0,0.0001,-0.0001,0.0003,STILL1
-18.2375,18.2356,-2.7979,0.0003,25.9417,0.3226,0.0002,25.8395,0.0578,0.0004,0.0,0.0001,-0.0001,0.0003,STILL1
-18.5338,17.8947,-2.6227,0.0004,25.896,0.0458,0.0001,25.8854,0.0504,0.0004,0.0,0.0002,-0.0002,0.0003,STILL1
-18.3833,18.2908,-2.7888,0.0002,26.0821,0.1861,0.0002,25.9587,0.047,0.0004,0.0,0.0001,-0.0002,0.0003,STILL1
-18.9941,18.4264,-2.5404,0.0002,26.585,0.5029,0.0,26.1538,0.0629,0.0003,0.0,0.0001,-0.0001,0.0002,STILL1
-19.6797,18.2974,-2.5886,0.0003,26.996,0.411,0.0001,26.3001,0.1809,0.0003,0.0,0.0001,-0.0001,0.0002,STILL1
-19.3094,18.341,-2.6709,0.0003,26.7652,0.2308,0.0,26.4648,0.1714,0.0003,0.0,0.0001,-0.0001,0.0002,STILL1
-19.3537,18.4291,-2.7429,0.0003,26.8649,0.0996,0.0,26.6586,0.1011,0.0003,0.0,0.0001,-0.0001,0.0001,STILL1
-19.2017,17.9932,-2.5819,0.0006,26.4411,0.4238,0.0002,26.7304,0.0389,0.0003,0.0,0.0002,-0.0001,-0.0,STILL1
-19.0114,18.1165,-2.2655,0.0004,26.3585,0.0825,0.0002,26.6851,0.0603,0.0004,0.0,0.0003,-0.0001,-0.0001,STILL1
-18.4966,18.2119,-2.1749,0.0005,26.0486,0.3099,0.0001,26.4957,0.0861,0.0004,0.0,0.0003,-0.0001,-0.0001,STILL1
-17.9535,17.6445,-1.8837,0.0004,25.243,0.8056,0.0,26.1912,0.2927,0.0005,0.0,0.0004,-0.0001,-0.0001,STILL1
-17.7285,17.5094,-1.9569,0.0004,24.9941,0.2488,0.0,25.8171,0.3486,0.0005,0.0,0.0004,-0.0001,-0.0001,STILL1
-17.6421,17.6888,-1.7655,0.0004,25.045,0.0509,0.0,25.5379,0.312,0.0004,0.0,0.0004,-0.0001,0.0,STILL1
-18.0387,17.8041,-2.0999,0.0004,25.4321,0.3871,0.0,25.3526,0.1452,0.0004,0.0,0.0004,-0.0,0.0001,STILL1
-18.256,17.6246,-1.9487,0.0005,25.45,0.0179,0.0001,25.2329,0.0358,0.0004,0.0,0.0004,-0.0,0.0001,STILL1
-17.9798,18.109,-1.784,0.0003,25.5811,0.1311,0.0001,25.3005,0.0555,0.0004,0.0,0.0004,-0.0,0.0001,STILL1
-18.6744,18.0247,-1.8397,0.0003,26.0194,0.4383,0.0,25.5055,0.0981,0.0004,0.0,0.0003,-0.0,0.0001,STILL1
-18.6396,18.1354,-1.3061,0.0004,26.039,0.0196,0.0001,25.7043,0.0731,0.0004,0.0,0.0004,-0.0001,0.0,STILL1
-18.746,18.2271,-1.6168,0.0003,26.1964,0.1574,0.0001,25.8572,0.0833,0.0004,0.0,0.0003,-0.0001,-0.0,STILL1
-17.8093,18.1785,-1.8309,0.0003,25.5144,0.6821,0.0,25.8701,0.0735,0.0003,0.0,0.0003,-0.0001,-0.0,STILL1
-18.085,17.8334,-2.0085,0.0003,25.4781,0.0363,0.0001,25.8495,0.0871,0.0003,0.0,0.0003,-0.0002,-0.0,STILL1
-17.9711,17.5824,-2.7162,0.0001,25.2879,0.1902,0.0002,25.7032,0.123,0.0003,0.0,0.0002,-0.0001,-0.0001,STILL1
-17.53,18.6784,-2.7448,0.0001,25.7627,0.4748,0.0,25.6479,0.0981,0.0002,0.0,0.0001,-0.0001,-0.0001,STILL1
-17.7084,18.3959,-2.824,0.0001,25.6899,0.0729,0.0,25.5466,0.028,0.0002,0.0,0.0001,-0.0001,-0.0,STILL1
-18.0886,17.9823,-2.7654,0.0002,25.6556,0.0343,0.0001,25.5748,0.0293,0.0002,0.0,0.0,-0.0,-0.0001,STILL1
-18.399,18.314,-2.9061,0.0002,26.1222,0.4666,0.0,25.7036,0.0708,0.0002,0.0,-0.0,0.0001,-0.0001,STILL1
-18.4848,18.2731,-2.578,0.0001,26.1197,0.0025,0.0001,25.87,0.0432,0.0002,0.0,-0.0,0.0001,-0.0001,STILL1
-18.216,18.1528,-2.4186,0.0002,25.8301,0.2896,0.0001,25.8835,0.041,0.0002,0.0,0.0,0.0002,-0.0001,STILL1
-18.1572,18.0098,-1.838,0.0002,25.64,0.1901,0.0001,25.8735,0.0453,0.0002,0.0,0.0,0.0002,-0.0001,STILL1
-18.5476,17.5203,-2.0423,0.0003,25.5958,0.0442,0.0002,25.8616,0.051,0.0002,0.0,0.0,0.0001,-0.0001,STILL1
-18.5881,17.6631,-1.887,0.0003,25.7111,0.1153,0.0001,25.7794,0.0352,0.0002,0.0,0.0001,0.0001,-0.0002,STILL1
-18.0642,17.668,-2.3252,0.0001,25.3748,0.3363,0.0002,25.6304,0.0226,0.0002,0.0,0.0001,0.0,-0.0002,STILL1
-18.0264,17.3,-2.2945,0.0002,25.09,0.2848,0.0001,25.4824,0.0511,0.0002,0.0,0.0001,-0.0,-0.0002,STILL1
-18.3336,17.5775,-2.4075,0.0002,25.5125,0.4225,0.0,25.4568,0.0457,0.0002,0.0,0.0001,0.0,-0.0002,STILL1
-18.2731,17.9026,-2.9916,0.0002,25.7558,0.2433,0.0,25.4888,0.0587,0.0002,0.0,0.0001,-0.0,-0.0001,STILL1
-18.3466,17.5002,-2.8933,0.0001,25.5192,0.2366,0.0001,25.4504,0.0475,0.0002,0.0,0.0001,0.0,-0.0001,STILL1
-18.2492,17.2658,-2.6553,0.0001,25.2624,0.2567,0.0,25.428,0.0529,0.0002,0.0,0.0,0.0,-0.0001,STILL1
-18.5337,17.2564,-2.0773,0.0001,25.4086,0.1462,0.0,25.4917,0.0261,0.0002,0.0,0.0,0.0,-0.0001,STILL1
-18.427,17.7676,-2.1775,0.0001,25.6901,0.2815,0.0,25.5272,0.0326,0.0001,0.0,-0.0,-0.0,-0.0,STILL1
-19.1416,17.5891,-2.3795,0.0003,26.1044,0.4142,0.0002,25.597,0.0839,0.0002,0.0,-0.0001,0.0001,-0.0,STILL1
-18.7914,17.4869,-1.8817,0.0002,25.7381,0.3663,0.0001,25.6407,0.0848,0.0002,0.0,-0.0001,0.0,0.0,STILL1
-19.0394,17.3926,-1.6804,0.0002,25.8423,0.1042,0.0,25.7567,0.0508,0.0002,0.0,-0.0001,0.0,0.0,STILL1
-19.3065,17.4297,-1.8474,0.0002,26.0758,0.2335,0.0,25.8902,0.0292,0.0002,0.0,-0.0001,0.0,0.0,STILL1
-18.8577,17.9032,-1.7498,0.0003,26.0614,0.0144,0.0001,25.9644,0.0215,0.0002,0.0,-0.0002,0.0,0.0,STILL1
-18.4799,17.8975,-2.0967,0.0003,25.8113,0.2501,0.0,25.9058,0.0188,0.0002,0.0,-0.0002,-0.0,-0.0,STILL1
-18.5902,18.0212,-2.0774,0.0002,25.9745,0.1631,0.0,25.9531,0.0119,0.0002,0.0,-0.0002,-0.0,-0.0,STILL1
-18.094,18.2669,-1.915,0.0003,25.7826,0.1919,0.0001,25.9411,0.0151,0.0002,0.0,-0.0002,-0.0,-0.0001,STILL1
-18.3877,18.2323,-1.6945,0.0004,25.9499,0.1673,0.0,25.9159,0.0109,0.0003,0.0,-0.0002,-0.0001,-0.0001,STILL1
-18.007,18.2233,-2.0994,0.0004,25.7051,0.2448,0.0001,25.8447,0.0105,0.0003,0.0,-0.0002,-0.0001,-0.0001,STILL1
-17.9213,18.3537,-2.1545,0.0004,25.7424,0.0373,0.0,25.8309,0.0122,0.0003,0.0,-0.0002,-0.0001,-0.0,STILL1
-18.537,18.6454,-2.3017,0.0004,26.3926,0.6502,0.0,25.9145,0.0641,0.0004,0.0,-0.0003,-0.0002,0.0,STILL1
-18.2577,18.2663,-2.4914,0.0005,25.9463,0.4463,0.0001,25.9473,0.0598,0.0004,0.0,-0.0003,-0.0001,0.0001,STILL1
-18.2156,18.0818,-2.8494,0.0003,25.824,0.1223,0.0001,25.9221,0.0622,0.0004,0.0,-0.0003,-0.0001,0.0002,STILL1
-18.2381,17.8592,-3.1014,0.0003,25.7138,0.1102,0.0001,25.9238,0.0615,0.0004,0.0,-0.0002,-0.0001,0.0002,STILL1
-17.9061,18.5124,-2.703,0.0001,25.8967,0.183,0.0002,25.9547,0.0541,0.0003,0.0,-0.0002,-0.0,0.0002,STILL1
-17.8092,18.613,-2.8186,0.0002,25.9144,0.0177,0.0001,25.859,0.0069,0.0003,0.0,-0.0002,-0.0,0.0002,STILL1
-18.0286,18.3467,-2.7643,0.0004,25.8703,0.0441,0.0002,25.8438,0.0052,0.0003,0.0,-0.0002,-0.0001,0.0001,STILL1
-17.7448,18.568,-3.0177,0.0003,25.8603,0.0101,0.0001,25.8511,0.0051,0.0003,0.0,-0.0002,-0.0,0.0001,STILL1
-18.1583,18.7512,-2.6766,0.0003,26.2393,0.379,0.0,25.9562,0.0204,0.0003,0.0,-0.0002,-0.0,0.0001,STILL1
-18.2329,18.7979,-2.5226,0.0002,26.309,0.0697,0.0001,26.0387,0.0378,0.0003,0.0,-0.0002,0.0,0.0001,STILL1
-18.2395,18.8508,-2.9774,0.0003,26.3988,0.0898,0.0001,26.1355,0.0513,0.0003,0.0,-0.0002,0.0001,0.0001,STILL1
-18.1197,18.7213,-2.6913,0.0001,26.1926,0.2062,0.0001,26.2,0.0337,0.0002,0.0,-0.0001,0.0001,0.0001,STILL1
-17.8801,18.7645,-2.928,0.0002,26.0841,0.1085,0.0,26.2447,0.0113,0.0002,0.0,-0.0001,0.0001,0.0001,STILL1
-17.7291,18.5179,-3.0362,0.0002,25.8157,0.2684,0.0,26.16,0.0409,0.0002,0.0,-0.0001,0.0001,0.0001,STILL1
-18.0989,18.608,-3.3415,0.0002,26.1724,0.3567,0.0001,26.1327,0.0358,0.0002,0.0,-0.0001,0.0,0.0001,STILL1
-18.1979,19.1864,-3.5325,0.0003,26.6788,0.5064,0.0,26.1887,0.0781,0.0002,0.0,-0.0001,-0.0001,0.0001,STILL1
-17.7833,18.9335,-3.6198,0.0001,26.2264,0.4524,0.0001,26.1955,0.0784,0.0002,0.0,-0.0001,-0.0001,0.0,STILL1
-17.311,18.5468,-3.4177,0.0001,25.5995,0.6269,0.0001,26.0986,0.1375,0.0002,0.0,-0.0,-0.0001,0.0,STILL1
-17.3957,18.0562,-3.2967,0.0002,25.2884,0.3111,0.0001,25.9931,0.2417,0.0002,0.0,0.0,-0.0001,-0.0,STILL1
-17.2916,18.0606,-3.0123,0.0002,25.1845,0.104,0.0,25.7955,0.327,0.0002,0.0,0.0,-0.0001,-0.0,STILL1
-17.5364,18.1203,-2.6192,0.0001,25.3522,0.1677,0.0001,25.5302,0.1399,0.0001,0.0,0.0001,-0.0,-0.0001,STILL1
-17.5666,17.9775,-2.4829,0.0001,25.2575,0.0947,0.0,25.3364,0.0202,0.0001,0.0,0.0,-0.0001,-0.0,STILL1
-17.7408,18.1258,-2.7519,0.0002,25.5118,0.2543,0.0,25.3189,0.0122,0.0002,0.0,0.0001,-0.0001,-0.0,STILL1
-18.4207,18.3819,-2.7047,0.0002,26.1636,0.6518,0.0,25.4939,0.1241,0.0002,0.0,0.0,-0.0001,-0.0,STILL1
-18.1272,18.4492,-3.0762,0.0003,26.0468,0.1168,0.0001,25.6664,0.1363,0.0002,0.0,0.0001,-0.0001,-0.0001,STILL1
-18.1643,18.2969,-2.6047,0.0003,25.9134,0.1334,0.0,25.7786,0.1162,0.0002,0.0,0.0001,-0.0001,-0.0001,STILL1
-17.8064,18.2031,-2.5713,0.0001,25.5936,0.3197,0.0002,25.8458,0.0642,0.0002,0.0,0.0001,-0.0001,-0.0001,STILL1
-18.2483,18.0625,-2.3508,0.0004,25.7833,0.1897,0.0003,25.9001,0.0397,0.0002,0.0,0.0001,-0.0001,-0.0001,STILL1
-17.8986,17.85,-2.3088,0.0001,25.3833,0.4,0.0002,25.7441,0.0549,0.0002,0.0,0.0001,-0.0001,-0.0,STILL1
-17.1689,18.2394,-1.9314,0.0002,25.1232,0.2601,0.0001,25.5594,0.0796,0.0002,0.0,0.0001,-0.0001,-0.0,STILL1
-17.3289,18.2415,-1.6764,0.0002,25.2161,0.0929,0.0,25.4199,0.0586,0.0002,0.0,0.0002,-0.0,0.0,STILL1
-16.9193,18.2151,-2.3067,0.0004,24.9675,0.2486,0.0002,25.2947,0.0779,0.0003,0.0,0.0002,-0.0,0.0001,STILL1
-16.6886,18.2752,-1.8735,0.0004,24.8194,0.1481,0.0,25.1019,0.0381,0.0003,0.0,0.0002,-0.0,0.0001,STILL1
-16.8228,18.5577,-2.3582,0.0004,25.1585,0.3392,0.0,25.0569,0.0209,0.0003,0.0,0.0003,-0.0,0.0001,STILL1
-17.077,18.2649,-2.4115,0.0002,25.1206,0.038,0.0002,25.0564,0.0208,0.0003,0.0,0.0003,-0.0001,0.0002,STILL1
-17.3991,18.49,-2.8105,0.0004,25.5442,0.4236,0.0001,25.122,0.059,0.0004,0.0,0.0002,-0.0001,0.0002,STILL1
-17.9067,18.2983,-3.0046,0.0005,25.778,0.2338,0.0002,25.2841,0.114,0.0004,0.0,0.0002,-0.0,0.0003,STILL1
-18.0035,17.9949,-3.2068,0.0003,25.6559,0.1221,0.0002,25.4515,0.0705,0.0004,0.0,0.0001,-0.0,0.0003,STILL1
-18.1309,18.0396,-3.1592,0.0004,25.7709,0.115,0.0,25.5739,0.0587,0.0004,0.0,0.0001,0.0001,0.0003,STILL1
-17.8298,16.963,-2.7774,0.0003,24.766,1.0049,0.0001,25.503,0.1431,0.0004,0.0,0.0001,0.0001,0.0003,STILL1
-17.8826,17.0485,-2.8469,0.0003,24.8705,0.1045,0.0,25.3683,0.2046,0.0004,0.0,0.0001,0.0001,0.0003,STILL1
-18.006,17.2388,-3.0588,0.0003,25.1147,0.2442,0.0,25.2356,0.1663,0.0003,0.0,0.0001,0.0002,0.0002,STILL1
-17.8517,16.8129,-2.3751,0.0002,24.6373,0.4774,0.0001,25.0319,0.1611,0.0003,0.0,0.0001,0.0002,0.0001,STILL1
-17.6907,16.9191,-2.4689,0.0005,24.6031,0.0342,0.0002,24.7983,0.0341,0.0003,0.0,0.0001,0.0002,0.0,STILL1
-17.687,16.6353,-2.597,0.0003,24.4194,0.1838,0.0002,24.729,0.0578,0.0003,0.0,0.0001,0.0003,0.0,STILL1
-17.6871,16.5582,-2.1776,0.0002,24.3259,0.0935,0.0001,24.6201,0.0744,0.0003,0.0,0.0001,0.0003,0.0,STILL1
-17.8153,16.8997,-2.1858,0.0002,24.6528,0.3269,0.0001,24.5277,0.0172,0.0003,0.0,0.0,0.0002,0.0001,STILL1
-17.8585,17.4416,-1.9924,0.0002,25.0421,0.3892,0.0001,24.6087,0.0611,0.0003,0.0,0.0001,0.0002,0.0001,STILL1
-18.2055,17.6627,-1.8752,0.0,25.4348,0.3927,0.0002,24.775,0.1699,0.0002,0.0,0.0,0.0001,0.0001,STILL1
-17.9207,17.6583,-2.297,0.0001,25.2634,0.1713,0.0001,24.9438,0.1639,0.0002,0.0,0.0,0.0,0.0001,STILL1
-17.849,17.6704,-2.0939,0.0001,25.2035,0.06,0.0,25.1193,0.0702,0.0001,0.0,0.0001,0.0,0.0,STILL1
-17.7605,17.8269,-2.1876,0.0002,25.259,0.0556,0.0001,25.2406,0.0159,0.0001,0.0,0.0001,0.0,0.0,STILL1
-17.8646,18.0178,-2.1532,0.0002,25.4641,0.2051,0.0001,25.325,0.0109,0.0001,0.0,0.0001,0.0001,0.0,STILL1
-18.0011,18.3861,-2.5007,0.0002,25.8523,0.3882,0.0,25.4085,0.0571,0.0002,0.0,0.0001,0.0001,0.0,STILL1
-18.4915,18.3464,-2.4318,0.0003,26.1618,0.3095,0.0001,25.5881,0.1341,0.0002,0.0,0.0001,0.0,0.0001,STILL1
-18.4901,18.3959,-2.6017,0.0002,26.2118,0.05,0.0001,25.7898,0.1416,0.0002,0.0,0.0001,0.0001,0.0001,STILL1
-18.3514,18.2667,-2.797,0.0003,26.0436,0.1682,0.0001,25.9467,0.0735,0.0003,0.0,0.0001,0.0001,0.0001,STILL1
-18.053,18.4133,-2.847,0.0002,25.9436,0.1001,0.0001,26.0426,0.0178,0.0002,0.0,0.0001,0.0,0.0002,STILL1
-17.9455,18.4682,-2.7901,0.0002,25.9018,0.0418,0.0,26.0525,0.0144,0.0002,0.0,0.0001,0.0001,0.0001,STILL1
-18.4971,18.3402,-2.7008,0.0004,26.1877,0.286,0.0002,26.0577,0.0156,0.0002,0.0,0.0001,0.0001,0.0001,STILL1
-18.4226,18.3346,-2.6263,0.0003,26.1237,0.064,0.0,26.0401,0.0115,0.0003,0.0,0.0001,0.0002,0.0002,STILL1
-18.0569,18.0052,-2.901,0.0002,25.6643,0.4595,0.0001,25.9642,0.0339,0.0003,0.0,0.0001,0.0001,0.0002,STILL1
-17.7767,17.6854,-2.6677,0.0001,25.2171,0.4471,0.0001,25.8189,0.1244,0.0002,0.0,0.0001,0.0001,0.0001,STILL1
-17.9589,17.9608,-2.6623,0.0002,25.5382,0.3211,0.0001,25.7462,0.1335,0.0002,0.0,0.0001,0.0001,0.0001,STILL1
-17.9296,17.9312,-2.9079,0.0002,25.5236,0.0146,0.0,25.6134,0.0868,0.0002,0.0,0.0,0.0,-0.0,STILL1
-18.5281,17.6168,-2.9514,0.0002,25.7362,0.2126,0.0,25.5359,0.0317,0.0002,0.0,0.0,-0.0,-0.0001,STILL1
-18.8381,17.6778,-2.8298,0.0004,25.9882,0.252,0.0002,25.6007,0.0651,0.0002,0.0,-0.0001,-0.0001,-0.0001,STILL1
-18.5017,18.0173,-3.0357,0.0003,26.0029,0.0147,0.0001,25.7578,0.0433,0.0002,0.0,-0.0001,-0.0001,-0.0001,STILL1
-18.6732,18.4201,-3.0223,0.0004,26.4031,0.4002,0.0001,25.9308,0.087,0.0003,0.0,-0.0002,-0.0001,-0.0001,STILL1
-18.8448,17.8204,-2.7866,0.0004,26.0856,0.3174,0.0,26.0432,0.046,0.0003,0.0,-0.0002,-0.0001,-0.0001,STILL1
-18.629,17.422,-3.3324,0.0002,25.7229,0.3627,0.0002,26.0406,0.0477,0.0003,0.0,-0.0002,-0.0001,-0.0001,STILL1
-18.4313,17.4063,-2.7253,0.0004,25.4975,0.2255,0.0002,25.9424,0.0965,0.0003,0.0,-0.0002,-0.0001,-0.0002,STILL1
-18.4076,17.2407,-2.549,0.0002,25.3491,0.1484,0.0001,25.8117,0.1491,0.0003,0.0,-0.0002,-0.0,-0.0002,STILL1
-18.0886,16.9488,-2.8861,0.0003,24.9557,0.3934,0.0001,25.5222,0.1419,0.0003,0.0,-0.0001,0.0,-0.0002,STILL1
-18.5458,16.6528,-2.912,0.0003,25.0947,0.139,0.0,25.324,0.0756,0.0003,0.0,-0.0,0.0001,-0.0002,STILL1
-18.7648,16.9504,-2.4015,0.0003,25.4008,0.3061,0.0,25.2595,0.0408,0.0003,0.0,0.0,0.0,-0.0002,STILL1
-18.8587,17.1884,-2.0868,0.0003,25.6017,0.2009,0.0,25.2804,0.0525,0.0003,0.0,0.0001,0.0,-0.0002,STILL1
-18.287,17.7632,-2.1601,0.0003,25.5854,0.0163,0.0,25.3276,0.0679,0.0003,0.0,0.0001,-0.0,-0.0002,STILL1
-18.5046,18.1793,-2.2562,0.0001,26.0384,0.453,0.0001,25.5442,0.0944,0.0003,0.0,0.0002,-0.0001,-0.0002,STILL1
-18.2349,18.0216,-2.3987,0.0001,25.7496,0.2888,0.0,25.6752,0.0452,0.0002,0.0,0.0002,-0.0001,-0.0001,STILL1
-18.8192,18.1329,-2.8158,0.0002,26.2848,0.5352,0.0,25.852,0.0733,0.0002,0.0,0.0001,-0.0001,-0.0001,STILL1
-18.6272,18.4657,-2.5808,0.0003,26.3556,0.0707,0.0001,26.0028,0.0887,0.0002,0.0,0.0001,-0.0001,-0.0001,STILL1
-18.5112,19.2007,-2.2834,0.0002,26.7683,0.4128,0.0,26.2393,0.1151,0.0002,0.0,0.0001,-0.0001,0.0,STILL1
-18.3902,18.7574,-2.283,0.0002,26.3676,0.4007,0.0,26.3052,0.106,0.0002,0.0,0.0001,-0.0001,-0.0,STILL1
-18.2684,18.1247,-2.492,0.0001,25.8544,0.5132,0.0001,26.3261,0.0845,0.0002,0.0,0.0,-0.0001,-0.0,STILL1
-18.3428,18.0747,-2.253,0.0002,25.8502,0.0042,0.0001,26.2392,0.1219,0.0002,0.0,-0.0,-0.0001,-0.0,STILL1
-18.218,18.3317,-2.0242,0.0001,25.9238,0.0736,0.0001,26.1529,0.1316,0.0002,0.0,-0.0,-0.0001,-0.0,STILL1
-18.3775,18.4778,-2.1881,0.0003,26.1525,0.2287,0.0002,26.0297,0.0407,0.0002,0.0,-0.0,-0.0001,0.0,STILL1
-18.0958,18.5323,-2.3036,0.0002,26.004,0.1485,0.0,25.957,0.0127,0.0002,0.0,-0.0,-0.0001,0.0001,STILL1
-18.2079,18.3977,-2.3679,0.0003,25.9925,0.0115,0.0001,25.9846,0.0101,0.0002,0.0,0.0,-0.0001,0.0001,STILL1
-17.8476,18.5775,-2.535,0.0002,25.886,0.1065,0.0001,25.9918,0.0084,0.0002,0.0,0.0001,-0.0,0.0001,STILL1
-18.1593,18.3183,-2.6623,0.0001,25.9308,0.0448,0.0,25.9932,0.0082,0.0002,0.0,0.0,0.0,0.0001,STILL1
-17.9306,18.0265,-2.7424,0.0002,25.573,0.3578,0.0001,25.8773,0.025,0.0002,0.0,0.0,0.0001,0.0001,STILL1
-17.9601,17.8681,-2.2689,0.0002,25.4358,0.1372,0.0,25.7636,0.0478,0.0002,0.0,0.0,0.0001,0.0,STILL1
-18.2556,17.6288,-2.3276,0.0003,25.4845,0.0487,0.0001,25.662,0.0426,0.0002,0.0,-0.0001,0.0001,-0.0,STILL1
-18.3638,17.4187,-2.2902,0.0002,25.4143,0.0702,0.0001,25.5677,0.0359,0.0002,0.0,-0.0001,0.0001,-0.0001,STILL1
-18.0036,17.6287,-2.4072,0.0003,25.3119,0.1024,0.0001,25.4439,0.0073,0.0002,0.0,-0.0001,0.0001,-0.0001,STILL1
-17.8216,17.4748,-2.382,0.0003,25.073,0.239,0.0,25.3439,0.0215,0.0002,0.0,-0.0002,0.0001,-0.0001,STILL1
-17.1229,18.2924,-2.3056,0.0002,25.1619,0.0889,0.0,25.2891,0.0235,0.0003,0.0,-0.0002,0.0,-0.0001,STILL1
-17.4421,18.4526,-3.0195,0.0002,25.5704,0.4085,0.0,25.3063,0.0313,0.0002,0.0,-0.0002,-0.0,-0.0001,STILL1
-17.6162,18.1871,-2.9656,0.0003,25.493,0.0773,0.0001,25.322,0.0357,0.0003,0.0,-0.0002,-0.0001,-0.0002,STILL1
-17.4961,18.2247,-3.0193,0.0003,25.4434,0.0496,0.0,25.3483,0.038,0.0003,0.0,-0.0001,-0.0001,-0.0002,STILL1
-17.5062,18.2298,-2.8936,0.0003,25.4394,0.004,0.0001,25.4216,0.0191,0.0003,0.0,-0.0001,-0.0002,-0.0001,STILL1
-17.8206,17.9276,-2.7336,0.0001,25.4253,0.0142,0.0002,25.4743,0.0028,0.0003,0.0,-0.0001,-0.0002,-0.0001,STILL1
-18.094,18.0483,-2.6588,0.0002,25.6944,0.2691,0.0001,25.4991,0.0101,0.0002,0.0,-0.0,-0.0002,-0.0001,STILL1
-18.1252,18.0011,-2.677,0.0002,25.6852,0.0092,0.0,25.5375,0.0155,0.0002,0.0,-0.0,-0.0002,0.0,STILL1
-18.3345,17.8697,-2.7135,0.0001,25.7457,0.0605,0.0001,25.598,0.0187,0.0002,0.0,-0.0,-0.0001,0.0001,STILL1
-17.7364,17.6832,-2.9145,0.0001,25.2145,0.5312,0.0,25.553,0.0411,0.0001,0.0,-0.0,-0.0,0.0001,STILL1
-17.4766,17.6716,-2.9723,0.0002,25.031,0.1835,0.0001,25.4742,0.0861,0.0002,0.0,-0.0,-0.0,0.0001,STILL1
-17.6969,17.4466,-2.5841,0.0001,24.9849,0.0461,0.0001,25.3323,0.1042,0.0002,0.0,-0.0,0.0,0.0001,STILL1
-17.8763,17.7261,-2.2297,0.0003,25.2734,0.2886,0.0001,25.2499,0.0732,0.0002,0.0,-0.0,0.0001,0.0001,STILL1
-17.8541,18.0496,-2.1057,0.0004,25.4753,0.2019,0.0001,25.1958,0.0312,0.0002,0.0,-0.0,0.0002,0.0,STILL1
-17.9677,18.1491,-1.872,0.0005,25.6072,0.1319,0.0,25.2744,0.0588,0.0003,0.0,0.0,0.0002,-0.0,STILL1
-17.9117,18.7255,-2.132,0.0002,26.0003,0.3931,0.0003,25.4682,0.1148,0.0003,0.0,0.0,0.0003,-0.0001,STILL1
-18.0387,18.6335,-1.9837,0.0001,26.0103,0.01,0.0,25.6733,0.0848,0.0003,0.0,0.0,0.0002,-0.0001,STILL1
-17.8591,18.5756,-1.812,0.0002,25.8318,0.1785,0.0,25.785,0.0454,0.0003,0.0,0.0,0.0001,-0.0001,STILL1
-17.431,18.6073,-1.9121,0.0001,25.5681,0.2637,0.0,25.8036,0.0352,0.0002,0.0,-0.0,0.0001,-0.0001,STILL1
-17.6917,18.539,-2.4328,0.0001,25.7412,0.1731,0.0,25.8304,0.0276,0.0001,0.0,-0.0,0.0,-0.0,STILL1
-17.2659,18.2781,-2.3431,0.0001,25.2525,0.4887,0.0,25.6808,0.0662,0.0001,0.0,-0.0,0.0,0.0,STILL1
-17.2346,17.9225,-2.2901,0.0001,24.9698,0.2827,0.0001,25.4727,0.1023,0.0001,0.0,-0.0,0.0,0.0,STILL1
-17.3408,17.9755,-2.1946,0.0002,25.0726,0.1028,0.0001,25.3208,0.0855,0.0001,0.0,-0.0,0.0,-0.0,STILL1
-17.5164,18.3741,-2.0494,0.0003,25.4682,0.3956,0.0001,25.3009,0.0772,0.0002,0.0,-0.0001,-0.0,-0.0,STILL1
-17.7943,18.6149,-2.0114,0.0003,25.8302,0.362,0.0,25.3187,0.0941,0.0002,0.0,-0.0001,0.0,-0.0001,STILL1
-17.8417,18.8576,-2.4623,0.0003,26.0768,0.2466,0.0,25.4835,0.181,0.0002,0.0,-0.0001,-0.0,-0.0002,STILL1
-18.7453,18.3673,-1.9979,0.0002,26.3198,0.2431,0.0001,25.7535,0.1952,0.0002,0.0,-0.0001,-0.0,-0.0002,STILL1
-18.9743,17.9595,-1.8858,0.0002,26.194,0.1259,0.0,25.9778,0.091,0.0002,0.0,-0.0001,0.0,-0.0002,STILL1
-19.117,18.3957,-2.1524,0.0003,26.6175,0.4236,0.0001,26.2077,0.0681,0.0002,0.0,-0.0,-0.0,-0.0001,STILL1
-19.1623,18.3009,-2.3969,0.0002,26.6057,0.0118,0.0,26.3628,0.0472,0.0002,0.0,0.0,-0.0001,-0.0001,STILL1
-18.9142,17.7845,-2.6207,0.0003,26.0941,0.5116,0.0001,26.3662,0.0453,0.0002,0.0,0.0001,-0.0001,-0.0,STILL1
-18.8814,17.712,-2.9715,0.0003,26.0586,0.0355,0.0,26.314,0.061,0.0003,0.0,0.0002,-0.0001,0.0001,STILL1
-18.8895,17.929,-3.1179,0.0002,26.2294,0.1708,0.0001,26.3211,0.0595,0.0003,0.0,0.0002,-0.0,0.0001,STILL1
-18.5991,17.6557,-2.8724,0.0002,25.805,0.4244,0.0,26.1586,0.0688,0.0003,0.0,0.0002,-0.0,0.0001,STILL1
-17.8261,17.0902,-2.8417,0.0003,24.858,0.947,0.0001,25.809,0.245,0.0003,0.0,0.0001,-0.0,0.0001,STILL1
-18.3547,17.2096,-2.7702,0.0002,25.3128,0.4548,0.0001,25.6528,0.2535,0.0003,0.0,0.0,-0.0,-0.0,STILL1
-18.3025,17.5364,-2.3974,0.0003,25.4609,0.148,0.0001,25.5332,0.2137,0.0003,0.0,-0.0,-0.0,-0.0001,STILL1
-18.1076,17.5385,-2.3148,0.0003,25.3149,0.146,0.0,25.3503,0.0928,0.0003,0.0,-0.0001,-0.0001,-0.0002,STILL1
-18.1392,17.509,-2.0519,0.0002,25.2944,0.0205,0.0,25.2482,0.0416,0.0003,0.0,-0.0001,-0.0,-0.0002,STILL1
-18.0114,18.1415,-1.9321,0.0005,25.637,0.3427,0.0003,25.404,0.0172,0.0003,0.0,-0.0001,0.0001,-0.0002,STILL1
-18.3372,18.332,-1.8051,0.0003,25.9918,0.3548,0.0002,25.5398,0.0662,0.0003,0.0,-0.0001,0.0002,-0.0002,STILL1
-18.2729,17.9187,-2.8284,0.0003,25.7484,0.2434,0.0001,25.5973,0.0703,0.0003,0.0,-0.0001,0.0002,-0.0002,STILL1
-18.2839,17.6943,-2.6284,0.0002,25.5793,0.1691,0.0,25.6502,0.0516,0.0003,0.0,-0.0001,0.0002,-0.0001,STILL1
-18.5303,17.7617,-2.4058,0.0001,25.7806,0.2013,0.0001,25.7474,0.0203,0.0003,0.0,-0.0,0.0002,-0.0001,STILL1
-18.7992,17.9281,-2.1872,0.0002,26.0694,0.2888,0.0001,25.8339,0.0311,0.0002,0.0,-0.0001,0.0002,-0.0001,STILL1
-18.5769,17.7706,-2.2716,0.0001,25.8081,0.2613,0.0001,25.7971,0.0249,0.0002,0.0,-0.0001,0.0001,-0.0,STILL1
-18.6084,17.5728,-2.3517,0.0002,25.7022,0.1058,0.0001,25.7879,0.0261,0.0002,0.0,0.0,0.0001,-0.0,STILL1
-18.7617,17.8957,-2.4876,0.0003,26.047,0.3448,0.0,25.8814,0.0221,0.0002,0.0,0.0001,0.0001,0.0,STILL1
-18.1219,18.3478,-2.4744,0.0005,25.9069,0.1401,0.0002,25.9067,0.0195,0.0003,0.0,0.0001,0.0002,0.0,STILL1
-18.0412,18.1845,-2.6577,0.0004,25.7532,0.1537,0.0001,25.8435,0.015,0.0003,0.0,0.0002,0.0002,0.0001,STILL1
-18.2767,18.6226,-2.9386,0.0002,26.2579,0.5047,0.0002,25.9334,0.041,0.0003,0.0,0.0003,0.0002,0.0001,STILL1
-18.362,19.3575,-2.679,0.0001,26.8151,0.5573,0.0001,26.156,0.1362,0.0003,0.0,0.0002,0.0001,0.0001,STILL1
-18.4771,19.3453,-2.6214,0.0003,26.8797,0.0645,0.0002,26.3226,0.2108,0.0003,0.0,0.0002,0.0002,0.0,STILL1
-17.9067,18.8731,-3.1346,0.0001,26.2044,0.6753,0.0001,26.3821,0.1755,0.0002,0.0,0.0002,0.0001,0.0,STILL1
-17.9004,19.0673,-2.9577,0.0003,26.3198,0.1154,0.0001,26.4954,0.0844,0.0002,0.0,0.0002,0.0001,-0.0,STILL1
-17.6859,19.3913,-2.8036,0.0001,26.3946,0.0748,0.0002,26.5227,0.0744,0.0002,0.0,0.0001,0.0001,-0.0001,STILL1
-17.6862,18.9568,-2.7898,0.0003,26.0758,0.3188,0.0002,26.3749,0.0754,0.0002,0.0,0.0001,0.0,-0.0,STILL1
-17.6865,18.7623,-2.6193,0.0002,25.9171,0.1587,0.0001,26.1823,0.0292,0.0002,0.0,0.0,0.0,0.0,STILL1
-17.4648,18.8942,-2.0298,0.0001,25.8095,0.1076,0.0001,26.1034,0.0507,0.0002,0.0,-0.0,-0.0,0.0,STILL1
-16.8875,18.9716,-2.0832,0.0001,25.4843,0.3252,0.0,25.9363,0.09,0.0002,0.0,-0.0001,-0.0,0.0001,STILL1
-16.6256,18.7929,-2.5385,0.0001,25.2196,0.2647,0.0,25.7013,0.0955,0.0002,0.0,-0.0001,0.0,0.0001,STILL1
-16.4567,18.6281,-2.3214,0.0003,24.9644,0.2553,0.0002,25.479,0.1267,0.0002,0.0,-0.0,0.0,0.0001,STILL1
-16.6373,18.4056,-2.4384,0.0002,24.9301,0.0342,0.0001,25.2816,0.1096,0.0002,0.0,-0.0,-0.0,0.0001,STILL1
-16.8379,18.1589,-2.0757,0.0001,24.8509,0.0792,0.0001,25.0899,0.0542,0.0001,0.0,-0.0,0.0,0.0001,STILL1
-16.9422,18.1833,-2.2543,0.0002,24.955,0.1041,0.0001,24.984,0.0155,0.0002,0.0,-0.0,-0.0,0.0001,STILL1
-16.785,18.106,-1.9909,0.0001,24.7695,0.1855,0.0001,24.894,0.0055,0.0002,0.0,-0.0,-0.0,0.0001,STILL1
-17.4061,18.1692,-1.999,0.0001,25.2406,0.4711,0.0,24.9493,0.0255,0.0001,0.0,-0.0001,0.0,0.0001,STILL1
-17.5124,18.401,-1.793,0.0,25.4656,0.2249,0.0001,25.0563,0.0672,0.0001,0.0,-0.0001,0.0,0.0,STILL1
-17.4131,18.1364,-1.9219,0.0002,25.2158,0.2498,0.0002,25.1293,0.0586,0.0001,0.0,-0.0001,-0.0,0.0,STILL1
-17.4742,17.7716,-2.2344,0.0001,25.0234,0.1924,0.0,25.143,0.0545,0.0001,0.0,-0.0001,-0.0001,0.0,STILL1
-16.9262,17.7923,-2.2969,0.0002,24.6645,0.3589,0.0,25.122,0.072,0.0001,0.0,-0.0,-0.0001,0.0001,STILL1
-17.341,17.7713,-2.125,0.0004,24.9208,0.2563,0.0002,25.058,0.0732,0.0002,0.0,-0.0001,-0.0001,0.0001,STILL1
-17.2134,17.9327,-1.9594,0.0003,24.9344,0.0136,0.0,24.9518,0.0317,0.0002,0.0,-0.0001,-0.0001,0.0002,STILL1
-17.6676,18.1024,-2.0425,0.0004,25.3774,0.4431,0.0001,24.9841,0.053,0.0003,0.0,-0.0001,-0.0001,0.0002,STILL1
-17.3278,18.5851,-2.1402,0.0004,25.4998,0.1224,0.0,25.0794,0.0968,0.0003,0.0,-0.0002,-0.0001,0.0002,STILL1
-17.8466,18.3524,-2.1341,0.0004,25.6879,0.1881,0.0,25.2841,0.0945,0.0004,0.0,-0.0002,-0.0001,0.0003,STILL1
-18.0023,18.5819,-2.401,0.0003,25.9834,0.2955,0.0001,25.4966,0.1208,0.0004,0.0,-0.0002,-0.0002,0.0002,STILL1
-18.1862,18.9562,-2.3739,0.0002,26.3763,0.3929,0.0001,25.785,0.1292,0.0004,0.0,-0.0002,-0.0002,0.0002,STILL1
-17.4459,19.1337,-2.0741,0.0001,25.9761,0.4002,0.0001,25.9047,0.0889,0.0003,0.0,-0.0002,-0.0001,0.0002,STILL1
-17.6348,18.5695,-2.2687,0.0001,25.7091,0.267,0.0,25.9466,0.062,0.0002,0.0,-0.0001,-0.0001,0.0001,STILL1
-18.5297,19.2212,-2.2837,0.0003,26.7959,1.0868,0.0002,26.1682,0.1438,0.0002,0.0,-0.0001,-0.0,0.0001,STILL1
-18.0613,19.3238,-1.8957,0.0002,26.5182,0.2777,0.0001,26.2751,0.1501,0.0002,0.0,-0.0001,0.0001,0.0001,STILL1
-18.2928,19.3559,-2.0259,0.0001,26.7092,0.191,0.0001,26.3417,0.1813,0.0002,0.0,-0.0,0.0001,0.0001,STILL1
-18.4248,19.2379,-2.327,0.0002,26.7392,0.03,0.0001,26.4943,0.1628,0.0002,0.0,-0.0,0.0001,0.0001,STILL1
-18.4993,19.0247,-2.2147,0.0001,26.6283,0.1109,0.0001,26.6782,0.0093,0.0002,0.0,-0.0,0.0001,0.0001,STILL1
-18.6931,19.426,-2.2155,0.0001,27.0502,0.4219,0.0001,26.729,0.0316,0.0001,0.0,0.0001,0.0001,0.0,STILL1
-18.9389,19.3595,-2.3974,0.0002,27.1886,0.1385,0.0001,26.8631,0.047,0.0001,0.0,0.0001,0.0,0.0,STILL1
-19.2574,18.7908,-2.1023,0.0002,26.9881,0.2005,0.0,26.9189,0.0423,0.0002,0.0,0.0001,0.0001,-0.0,STILL1
-19.009,18.9826,-1.935,0.0001,26.9337,0.0544,0.0001,26.9578,0.0344,0.0002,0.0,0.0001,0.0,-0.0001,STILL1
-18.9541,18.8048,-1.9574,0.0003,26.7715,0.1623,0.0002,26.9864,0.0188,0.0002,0.0,-0.0,0.0,-0.0001,STILL1
-18.8445,18.347,-1.8878,0.0003,26.3684,0.4031,0.0,26.8501,0.0758,0.0002,0.0,-0.0001,0.0,-0.0001,STILL1
-18.685,17.8057,-2.2946,0.0002,25.9121,0.4563,0.0001,26.5948,0.1636,0.0002,0.0,-0.0001,0.0,-0.0,STILL1
-18.6636,17.704,-2.7013,0.0002,25.8661,0.046,0.0,26.3704,0.1885,0.0002,0.0,-0.0002,-0.0,-0.0,STILL1
-18.2434,17.7944,-2.7735,0.0001,25.635,0.2311,0.0,26.1106,0.1657,0.0002,0.0,-0.0002,-0.0,-0.0,STILL1
-18.3916,18.198,-2.947,0.0002,26.0404,0.4054,0.0001,25.9644,0.058,0.0002,0.0,-0.0001,0.0,-0.0,STILL1
-18.2945,17.9741,-3.0951,0.0001,25.8328,0.2076,0.0001,25.8573,0.0173,0.0002,0.0,-0.0,-0.0,-0.0001,STILL1
-18.1231,17.548,-2.7698,0.0003,25.3782,0.4547,0.0001,25.7505,0.0512,0.0002,0.0,-0.0,-0.0,-0.0001,STILL1
-18.5454,17.6853,-2.4346,0.0003,25.7415,0.3634,0.0,25.7256,0.048,0.0002,0.0,0.0,-0.0,-0.0001,STILL1
-18.2957,17.9732,-2.7008,0.0003,25.7888,0.0473,0.0,25.7564,0.0462,0.0002,0.0,0.0,-0.0,-0.0002,STILL1
-18.7022,18.5973,-2.7481,0.0003,26.5176,0.7288,0.0,25.8518,0.1368,0.0002,0.0,-0.0,-0.0001,-0.0002,STILL1
-18.593,18.3779,-2.9735,0.0004,26.3113,0.2063,0.0001,25.9475,0.1698,0.0003,0.0,0.0,-0.0001,-0.0002,STILL1
-18.4869,18.3398,-2.8663,0.0003,26.1979,0.1135,0.0001,26.1114,0.0907,0.0003,0.0,0.0,-0.0001,-0.0003,STILL1
-17.8739,18.3281,-3.0399,0.0002,25.7805,0.4173,0.0001,26.1192,0.0851,0.0003,0.0,-0.0,0.0,-0.0002,STILL1
-17.9772,17.5187,-2.7788,0.0001,25.2549,0.5257,0.0001,26.0124,0.2013,0.0002,0.0,0.0,0.0,-0.0002,STILL1
-18.0537,18.0056,-2.3012,0.0001,25.6014,0.3465,0.0,25.8292,0.1505,0.0002,0.0,0.0,0.0,-0.0002,STILL1
-17.6429,17.7982,-2.3191,0.0003,25.168,0.4334,0.0002,25.6005,0.1392,0.0002,0.0,-0.0001,0.0,-0.0001,STILL1
-17.6362,18.2761,-2.2334,0.0004,25.4959,0.3279,0.0001,25.4601,0.0503,0.0002,0.0,-0.0001,-0.0,-0.0001,STILL1
-17.5965,17.924,-2.2898,0.0002,25.222,0.2739,0.0002,25.3484,0.0286,0.0002,0.0,-0.0001,-0.0001,-0.0001,STILL1
-17.6834,17.6923,-2.2975,0.0003,25.1197,0.1023,0.0001,25.3214,0.0366,0.0003,0.0,-0.0002,-0.0001,-0.0001,STILL1
-17.6592,18.507,-2.3817,0.0003,25.691,0.5713,0.0,25.3393,0.0479,0.0003,0.0,-0.0002,-0.0001,-0.0002,STILL1
-17.4868,18.1493,-2.196,0.0004,25.2984,0.3927,0.0001,25.3654,0.0417,0.0003,0.0,-0.0002,-0.0001,-0.0002,STILL1
-17.4925,18.332,-2.1849,0.0003,25.4327,0.1344,0.0001,25.3528,0.039,0.0003,0.0,-0.0001,0.0,-0.0002,STILL1
-17.719,18.2531,-2.048,0.0002,25.5212,0.0885,0.0001,25.4126,0.0377,0.0003,0.0,-0.0001,0.0001,-0.0002,STILL1
-17.869,17.8212,-1.6884,0.0002,25.2932,0.228,0.0,25.4473,0.0222,0.0003,0.0,-0.0001,0.0002,-0.0001,STILL1
-17.9452,17.3288,-1.7601,0.0002,25.0083,0.2849,0.0001,25.3108,0.0302,0.0003,0.0,-0.0,0.0002,-0.0,STILL1
-18.1155,16.86,-1.9049,0.0002,24.8205,0.1878,0.0,25.2152,0.0691,0.0002,0.0,0.0001,0.0001,0.0,STILL1
-17.8549,16.913,-1.7239,0.0003,24.654,0.1666,0.0001,25.0595,0.0984,0.0002,0.0,0.0001,0.0001,0.0001,STILL1
-17.7402,16.9772,-1.9354,0.0001,24.631,0.023,0.0002,24.8814,0.0608,0.0002,0.0,0.0001,0.0,0.0001,STILL1
-17.8109,17.2443,-1.6983,0.0002,24.8491,0.2181,0.0001,24.7926,0.0192,0.0002,0.0,0.0002,0.0,0.0001,STILL1
-17.8737,17.7142,-2.3274,0.0003,25.2721,0.423,0.0,24.8453,0.0531,0.0002,0.0,0.0002,0.0,0.0001,STILL1
-17.5208,17.7588,-2.0276,0.0001,25.0293,0.2428,0.0001,24.8871,0.058,0.0002,0.0,0.0002,0.0,0.0001,STILL1
-17.0948,17.9915,-1.8252,0.0003,24.8849,0.1445,0.0002,24.9333,0.045,0.0002,0.0,0.0001,0.0001,0.0001,STILL1
-17.1102,17.7182,-2.107,0.0003,24.7211,0.1638,0.0,24.9513,0.0354,0.0003,0.0,0.0001,0.0001,0.0001,STILL1
-17.1101,17.5902,-2.0794,0.0002,24.627,0.0941,0.0001,24.9069,0.0523,0.0002,0.0,0.0002,0.0001,0.0001,STILL1
-17.4849,17.6565,-2.3822,0.0003,24.963,0.3359,0.0,24.8451,0.0225,0.0002,0.0,0.0002,0.0001,0.0001,STILL1
-17.1129,17.4533,-2.6495,0.0002,24.5864,0.3766,0.0001,24.7565,0.0212,0.0003,0.0,0.0002,0.0001,0.0001,STILL1
-17.2903,18.0939,-2.3946,0.0003,25.1412,0.5548,0.0001,24.8077,0.0449,0.0002,0.0,0.0002,-0.0,0.0001,STILL1
-17.7729,17.8158,-2.2626,0.0004,25.2665,0.1253,0.0001,24.9168,0.0736,0.0003,0.0,0.0001,-0.0001,0.0001,STILL1
-18.2496,18.1307,-1.8726,0.0001,25.793,0.5265,0.0003,25.15,0.1559,0.0002,0.0,0.0001,-0.0002,0.0001,STILL1
-17.6059,18.2577,-2.9106,0.0002,25.53,0.2629,0.0,25.2634,0.165,0.0002,0.0,0.0,-0.0002,0.0001,STILL1
-17.6691,17.5155,-2.7972,0.0002,25.0363,0.4938,0.0,25.3534,0.0755,0.0002,0.0,-0.0,-0.0002,0.0001,STILL1
-17.5259,17.2906,-3.0034,0.0001,24.802,0.2342,0.0001,25.2856,0.1227,0.0002,0.0,-0.0,-0.0002,0.0001,STILL1
-17.6332,17.2762,-2.5621,0.0002,24.8186,0.0165,0.0001,25.196,0.1582,0.0002,0.0,-0.0,-0.0001,0.0001,STILL1
-17.2316,17.5397,-2.2809,0.0002,24.6935,0.125,0.0,24.9761,0.0891,0.0002,0.0,-0.0,-0.0001,0.0001,STILL1
-17.2696,17.188,-2.5997,0.0003,24.5036,0.1899,0.0,24.7708,0.0302,0.0002,0.0,-0.0001,-0.0001,0.0002,STILL1
-17.0876,17.141,-2.6517,0.0002,24.3481,0.1555,0.0001,24.6332,0.0329,0.0002,0.0,-0.0001,-0.0001,0.0001,STILL1
-17.1919,17.466,-2.6432,0.0003,24.6497,0.3016,0.0001,24.6027,0.0263,0.0002,0.0,-0.0001,-0.0001,0.0001,STILL1
-17.4161,17.5446,-2.2833,0.0001,24.8263,0.1766,0.0002,24.6043,0.027,0.0002,0.0,-0.0001,-0.0001,0.0001,STILL1
-17.3735,17.6888,-2.036,0.0003,24.8773,0.0509,0.0002,24.641,0.039,0.0002,0.0,-0.0001,-0.0001,-0.0,STILL1
-17.3175,17.9792,-1.8913,0.0005,25.0345,0.1572,0.0002,24.7472,0.0549,0.0003,0.0,0.0,-0.0002,-0.0001,STILL1
-17.4821,17.9552,-1.7349,0.0003,25.1202,0.0857,0.0002,24.9016,0.027,0.0003,0.0,0.0001,-0.0002,-0.0001,STILL1
-17.892,18.0611,-1.9036,0.0002,25.4941,0.3739,0.0001,25.0705,0.056,0.0003,0.0,0.0001,-0.0002,-0.0001,STILL1
-17.9917,18.1707,-2.001,0.0002,25.6492,0.1551,0.0,25.235,0.084,0.0003,0.0,0.0001,-0.0002,-0.0001,STILL1
-18.109,18.1085,-2.0539,0.0002,25.6918,0.0426,0.0,25.398,0.0736,0.0003,0.0,0.0001,-0.0002,-0.0,STILL1
-17.9059,18.4055,-1.74,0.0004,25.7374,0.0456,0.0002,25.5385,0.0504,0.0003,0.0,0.0001,-0.0002,0.0001,STILL1
-18.0247,18.5775,-1.7358,0.0002,25.9428,0.2054,0.0002,25.7031,0.0211,0.0003,0.0,0.0001,-0.0001,0.0002,STILL1
-18.1354,18.3652,-2.4042,0.0002,25.9221,0.0208,0.0001,25.7887,0.0146,0.0002,0.0,0.0001,-0.0001,0.0001,STILL1
-18.5458,18.7546,-2.5796,0.0002,26.5017,0.5796,0.0001,25.9592,0.0833,0.0003,0.0,0.0001,-0.0,0.0002,STILL1
-18.4273,18.9849,-2.245,0.0003,26.5525,0.0508,0.0,26.1313,0.1098,0.0003,0.0,0.0001,0.0,0.0002,STILL1
-19.2512,19.5473,-2.2335,0.0003,27.5263,0.9738,0.0,26.4891,0.34,0.0002,0.0,0.0001,0.0,0.0001,STILL1
-19.0885,19.1441,-1.6993,0.0004,27.0879,0.4384,0.0001,26.7181,0.2996,0.0003,0.0,0.0001,0.0001,0.0002,STILL1
-19.277,18.809,-1.7844,0.0003,26.992,0.0959,0.0,26.9321,0.1421,0.0003,0.0,0.0002,0.0,0.0002,STILL1
-18.9435,18.7254,-2.0213,0.0003,26.7129,0.2791,0.0001,26.9743,0.1128,0.0003,0.0,0.0002,0.0,0.0002,STILL1
-18.7267,18.5084,-2.1483,0.0003,26.4171,0.2958,0.0001,26.9473,0.1386,0.0003,0.0,0.0003,0.0,0.0001,STILL1
-19.0282,18.4849,-2.078,0.0003,26.6098,0.1927,0.0001,26.764,0.0607,0.0003,0.0,0.0003,0.0,0.0001,STILL1
-19.7632,18.0754,-2.1874,0.0003,26.8717,0.2619,0.0,26.7207,0.0402,0.0003,0.0,0.0003,0.0,0.0001,STILL1
-19.5262,17.8666,-1.9062,0.0002,26.5352,0.3365,0.0001,26.6294,0.024,0.0003,0.0,0.0002,0.0,0.0,STILL1
-18.8741,17.5495,-2.2218,0.0002,25.868,0.6673,0.0001,26.4604,0.11,0.0003,0.0,0.0002,-0.0,0.0,STILL1
-18.2868,17.4146,-2.2524,0.0003,25.3525,0.5155,0.0001,26.2474,0.3098,0.0003,0.0,0.0002,-0.0,-0.0,STILL1
-18.2169,17.8317,-2.9488,0.0004,25.6616,0.3092,0.0001,26.0578,0.3162,0.0003,0.0,0.0002,-0.0,-0.0,STILL1
-18.611,18.3341,-3.1622,0.0001,26.3156,0.6539,0.0003,25.9466,0.1846,0.0002,0.0,0.0002,-0.0,-0.0,STILL1
-18.0826,18.486,-2.9516,0.0003,26.0274,0.2882,0.0003,25.845,0.1063,0.0003,0.0,0.0002,0.0001,0.0,STILL1
-17.9379,18.0482,-2.9707,0.0001,25.619,0.4084,0.0003,25.7952,0.1139,0.0002,0.0,0.0002,0.0001,-0.0,STILL1
-17.866,18.1792,-3.214,0.0001,25.6906,0.0716,0.0,25.8628,0.0723,0.0002,0.0,0.0001,0.0001,-0.0,STILL1
-17.8615,18.1371,-3.39,0.0002,25.6803,0.0102,0.0001,25.8666,0.0709,0.0002,0.0,-0.0,0.0001,-0.0,STILL1
-17.9611,18.3722,-2.837,0.0004,25.8493,0.169,0.0001,25.7733,0.0219,0.0002,0.0,-0.0001,0.0001,-0.0,STILL1
-18.2845,18.4259,-3.0633,0.0003,26.1385,0.2892,0.0,25.7955,0.0352,0.0002,0.0,-0.0002,0.0,-0.0,STILL1
-18.2932,18.1063,-2.8538,0.0003,25.8964,0.242,0.0001,25.851,0.0279,0.0003,0.0,-0.0002,0.0,-0.0,STILL1
-17.9127,18.2226,-2.458,0.0003,25.6704,0.226,0.0,25.847,0.0293,0.0003,0.0,-0.0003,0.0,-0.0001,STILL1
-17.6114,18.3687,-2.9664,0.0004,25.6197,0.0507,0.0001,25.8349,0.0339,0.0003,0.0,-0.0003,-0.0,-0.0001,STILL1
-17.7235,17.9074,-2.8106,0.0003,25.3515,0.2682,0.0001,25.7353,0.0707,0.0003,0.0,-0.0002,-0.0001,-0.0001,STILL1
-17.7132,17.7728,-2.6516,0.0004,25.2321,0.1194,0.0001,25.554,0.0559,0.0003,0.0,-0.0002,-0.0001,-0.0001,STILL1
-17.6862,18.5776,-2.5182,0.0003,25.7734,0.5413,0.0,25.5294,0.0415,0.0003,0.0,-0.0003,-0.0001,-0.0001,STILL1
-17.7114,17.5809,-2.4427,0.0002,25.0749,0.6986,0.0002,25.4103,0.0647,0.0003,0.0,-0.0002,-0.0001,-0.0001,STILL1
-17.7879,17.5209,-2.2791,0.0002,25.0716,0.0032,0.0001,25.3007,0.0668,0.0003,0.0,-0.0002,-0.0,-0.0001,STILL1
-17.8584,18.2824,-2.8764,0.0002,25.7185,0.6469,0.0,25.3741,0.0959,0.0003,0.0,-0.0002,-0.0,-0.0001,STILL1
-17.6493,18.0228,-3.2449,0.0004,25.4332,0.2854,0.0001,25.4143,0.0909,0.0003,0.0,-0.0002,0.0,-0.0001,STILL1
-17.86,18.1151,-3.1553,0.0004,25.6338,0.2007,0.0,25.3864,0.074,0.0003,0.0,-0.0002,0.0,-0.0002,STILL1
-17.9505,18.139,-2.7024,0.0002,25.6621,0.0283,0.0001,25.5039,0.056,0.0003,0.0,-0.0002,0.0,-0.0002,STILL1
-17.976,18.4612,-2.6588,0.0004,25.9041,0.2419,0.0002,25.6704,0.0229,0.0003,0.0,-0.0002,0.0001,-0.0002,STILL1
-18.2402,18.3064,-2.5395,0.0002,25.9669,0.0628,0.0002,25.72,0.0376,0.0003,0.0,-0.0002,0.0001,-0.0002,STILL1
-18.0859,18.2295,-2.416,0.0002,25.7925,0.1744,0.0,25.7919,0.017,0.0003,0.0,-0.0002,0.0001,-0.0001,STILL1
-17.7375,18.3992,-2.9078,0.0003,25.7217,0.0708,0.0001,25.8095,0.0127,0.0003,0.0,-0.0001,0.0001,-0.0,STILL1
-18.1087,18.4006,-3.1512,0.0005,26.0085,0.2868,0.0002,25.8787,0.0115,0.0003,0.0,-0.0,0.0002,0.0,STILL1
-18.6151,18.0549,-3.4429,0.0003,26.1602,0.1517,0.0001,25.9299,0.0246,0.0003,0.0,0.0001,0.0002,0.0001,STILL1
-18.6702,17.9252,-3.6074,0.0002,26.1324,0.0278,0.0002,25.963,0.0314,0.0003,0.0,0.0001,0.0002,0.0,STILL1
-18.7393,18.2526,-3.6078,0.0001,26.4071,0.2747,0.0001,26.086,0.0499,0.0003,0.0,0.0001,0.0002,0.0,STILL1
-18.4946,18.6177,-3.1487,0.0002,26.4307,0.0236,0.0001,26.2278,0.027,0.0003,0.0,0.0,0.0001,0.0,STILL1
-18.5707,18.2379,-2.9409,0.0002,26.1943,0.2365,0.0001,26.2649,0.0162,0.0002,0.0,-0.0,0.0001,0.0,STILL1
-18.4971,18.0091,-2.6621,0.0001,25.953,0.2413,0.0,26.2235,0.0318,0.0002,0.0,-0.0001,-0.0,0.0001,STILL1
-18.4696,18.0323,-2.439,0.0003,25.9275,0.0255,0.0002,26.1825,0.046,0.0002,0.0,-0.0001,-0.0001,0.0001,STILL1
-18.4944,17.9883,-2.1012,0.0001,25.8851,0.0424,0.0002,26.0781,0.0427,0.0002,0.0,-0.0001,-0.0001,0.0001,STILL1
-18.3174,18.5594,-2.0279,0.0001,26.1551,0.27,0.0,26.023,0.016,0.0002,0.0,-0.0,-0.0001,0.0001,STILL1
-18.5508,18.7132,-2.4192,0.0002,26.4607,0.3055,0.0001,26.0763,0.0456,0.0002,0.0,-0.0,-0.0001,0.0001,STILL1
-18.4906,18.7705,-2.6541,0.0002,26.4817,0.021,0.0,26.182,0.0642,0.0002,0.0,-0.0,-0.0001,0.0001,STILL1
-18.1488,18.5977,-2.5451,0.0002,26.1099,0.3718,0.0,26.2185,0.051,0.0002,0.0,0.0,-0.0001,0.0,STILL1
-18.2846,18.1531,-2.7174,0.0003,25.9085,0.2015,0.0001,26.2232,0.0479,0.0002,0.0,-0.0,-0.0002,0.0,STILL1
-17.9152,18.4506,-2.7145,0.0002,25.8602,0.0483,0.0001,26.1642,0.0699,0.0002,0.0,-0.0,-0.0002,0.0,STILL1
-17.9603,18.323,-2.7841,0.0002,25.8081,0.0521,0.0,26.0337,0.0606,0.0002,0.0,-0.0,-0.0001,-0.0,STILL1
-18.237,18.7678,-3.2648,0.0002,26.3719,0.5638,0.0,26.0117,0.0429,0.0002,0.0,0.0,-0.0001,-0.0001,STILL1
-19.0365,18.7392,-3.1556,0.0001,26.898,0.5261,0.0001,26.1693,0.1732,0.0002,0.0,0.0,-0.0,-0.0001,STILL1
-18.9854,18.8164,-3.1713,0.0002,26.9176,0.0196,0.0002,26.3712,0.2309,0.0002,0.0,0.0001,0.0,-0.0001,STILL1
-19.2133,18.9094,-3.0808,0.0002,27.1331,0.2155,0.0,26.6258,0.23,0.0002,0.0,0.0001,0.0001,-0.0001,STILL1
-19.255,18.465,-2.8334,0.0004,26.828,0.3052,0.0002,26.8297,0.0628,0.0002,0.0,0.0002,0.0001,-0.0001,STILL1
-18.9415,18.472,-2.5699,0.0006,26.582,0.246,0.0002,26.8717,0.0314,0.0003,0.0,0.0002,0.0002,-0.0001,STILL1
-19.0782,18.1182,-2.4559,0.0003,26.425,0.157,0.0003,26.7771,0.0622,0.0003,0.0,0.0002,0.0002,-0.0002,STILL1
-18.7188,18.0633,-2.7491,0.0005,26.1579,0.2671,0.0003,26.6252,0.1119,0.0004,0.0,0.0001,0.0003,-0.0002,STILL1
-18.8719,18.1788,-2.8055,0.0006,26.3532,0.1953,0.0,26.4692,0.0508,0.0005,0.0,0.0,0.0004,-0.0003,STILL1
-18.5913,18.2993,-2.1163,0.0003,26.1721,0.1811,0.0002,26.338,0.0255,0.0005,0.0,-0.0,0.0004,-0.0002,STILL1
-18.5293,18.7707,-2.2805,0.0003,26.474,0.3019,0.0,26.3164,0.0168,0.0004,0.0,-0.0,0.0003,-0.0002,STILL1
-18.2953,18.6072,-2.44,0.0003,26.2088,0.2653,0.0001,26.2732,0.0149,0.0004,0.0,-0.0001,0.0003,-0.0002,STILL1
-18.63,18.8045,-2.2927,0.0002,26.5696,0.3608,0.0002,26.3555,0.023,0.0003,0.0,-0.0001,0.0002,-0.0002,STILL1
-18.7727,18.6623,-2.1123,0.0003,26.5549,0.0147,0.0001,26.3959,0.0293,0.0003,0.0,-0.0001,0.0001,-0.0002,STILL1
-18.4526,18.3205,-2.2679,0.0001,26.1014,0.4535,0.0002,26.3817,0.0365,0.0002,0.0,-0.0001,0.0001,-0.0001,STILL1
-18.2902,17.8095,-2.3237,0.0001,25.6341,0.4672,0.0,26.2137,0.1183,0.0002,0.0,-0.0001,0.0,-0.0001,STILL1
-18.3384,18.3882,-2.5496,0.0001,26.0945,0.4604,0.0,26.1909,0.1206,0.0002,0.0,-0.0001,0.0,-0.0,STILL1
-18.6895,18.6137,-2.3366,0.0002,26.4807,0.3861,0.0001,26.1731,0.1084,0.0002,0.0,-0.0,0.0,-0.0,STILL1
-18.3484,18.4816,-2.3224,0.0003,26.1463,0.3344,0.0,26.0914,0.0727,0.0002,0.0,0.0001,0.0,0.0,STILL1
-18.2163,18.0384,-2.0673,0.0004,25.7194,0.4268,0.0002,26.015,0.0946,0.0002,0.0,0.0001,-0.0001,0.0,STILL1
-18.3949,17.6213,-1.9194,0.0003,25.5454,0.174,0.0001,25.9973,0.1093,0.0003,0.0,0.0002,-0.0001,0.0001,STILL1
-17.9159,17.794,-1.8543,0.0003,25.3188,0.2266,0.0001,25.8421,0.1754,0.0003,0.0,0.0002,-0.0001,0.0,STILL1
-17.8452,17.4352,-1.6616,0.0002,25.004,0.3149,0.0001,25.5468,0.1472,0.0003,0.0,0.0002,-0.0001,0.0,STILL1
-17.7418,17.92,-1.5793,0.0001,25.2664,0.2625,0.0001,25.3708,0.06,0.0002,0.0,0.0001,-0.0001,0.0,STILL1
-18.3934,17.8704,-1.7572,0.0002,25.7052,0.4388,0.0002,25.368,0.0581,0.0002,0.0,0.0,-0.0001,0.0,STILL1
-18.5335,18.0557,-1.9807,0.0004,25.9504,0.2452,0.0002,25.449,0.1131,0.0002,0.0,-0.0001,-0.0,0.0,STILL1
-18.4737,18.457,-2.1815,0.0002,26.2049,0.2546,0.0002,25.6262,0.1926,0.0002,0.0,-0.0002,0.0,0.0,STILL1
-18.5321,18.9813,-2.5108,0.0003,26.6464,0.4415,0.0001,25.9547,0.2154,0.0002,0.0,-0.0002,-0.0,0.0001,STILL1
-18.3788,18.8819,-2.5055,0.0002,26.4685,0.1779,0.0001,26.1951,0.1157,0.0003,0.0,-0.0002,-0.0001,0.0001,STILL1
-18.2155,18.5993,-2.6357,0.0,26.1665,0.302,0.0002,26.2873,0.0593,0.0002,0.0,-0.0001,-0.0001,0.0001,STILL1
-18.3787,18.495,-2.2491,0.0003,26.1706,0.0041,0.0003,26.3314,0.0374,0.0002,0.0,-0.0001,-0.0001,0.0001,STILL1
-18.5623,18.6554,-2.0649,0.0002,26.3979,0.2273,0.0001,26.37,0.0336,0.0002,0.0,-0.0001,-0.0001,0.0001,STILL1
-17.8905,18.0493,-2.0207,0.0002,25.4937,0.9041,0.0001,26.1394,0.1187,0.0002,0.0,-0.0001,-0.0001,0.0001,STILL1
-17.7655,18.0832,-2.0728,0.0003,25.4345,0.0593,0.0,25.9326,0.1537,0.0002,0.0,-0.0001,-0.0001,0.0001,STILL1
-17.7905,18.2416,-2.2708,0.0002,25.5815,0.147,0.0,25.8156,0.1537,0.0002,0.0,-0.0001,-0.0001,0.0,STILL1
-17.6449,18.062,-2.8322,0.0002,25.4087,0.1728,0.0,25.6632,0.1384,0.0002,0.0,-0.0001,-0.0001,-0.0,STILL1
-17.7972,17.884,-2.3283,0.0,25.3377,0.071,0.0002,25.4512,0.0068,0.0002,0.0,-0.0001,-0.0001,-0.0,STILL1
-17.7034,17.8416,-2.6345,0.0003,25.2719,0.0657,0.0002,25.4069,0.0109,0.0002,0.0,-0.0,-0.0001,-0.0001,STILL1
-18.1221,17.7326,-2.4139,0.0003,25.4692,0.1973,0.0,25.4138,0.0114,0.0002,0.0,0.0,0.0,-0.0001,STILL1
-18.1383,17.5392,-2.628,0.0001,25.3679,0.1014,0.0002,25.3711,0.0044,0.0002,0.0,0.0,0.0001,-0.0001,STILL1
-18.1481,17.4783,-2.7242,0.0002,25.343,0.0249,0.0001,25.3579,0.0041,0.0002,0.0,-0.0,0.0001,-0.0001,STILL1
-18.281,17.5889,-2.77,0.0002,25.5193,0.1764,0.0,25.3943,0.0079,0.0002,0.0,-0.0,0.0001,-0.0002,STILL1
-18.1436,17.4398,-3.0535,0.0002,25.3507,0.1686,0.0,25.41,0.005,0.0002,0.0,0.0,0.0,-0.0001,STILL1
-18.268,17.3831,-2.3116,0.0002,25.3226,0.0281,0.0,25.3807,0.005,0.0002,0.0,-0.0,-0.0,-0.0001,STILL1
-18.0394,17.5971,-2.3274,0.0002,25.308,0.0146,0.0,25.3687,0.0059,0.0002,0.0,0.0,-0.0,-0.0001,STILL1
-18.219,17.3746,-2.2088,0.0002,25.2722,0.0357,0.0,25.3546,0.0074,0.0002,0.0,0.0001,-0.0001,-0.0001,STILL1
-17.9096,17.4059,-2.4233,0.0001,25.0916,0.1806,0.0001,25.269,0.0085,0.0002,0.0,0.0001,-0.0001,-0.0001,STILL1
-17.537,17.5716,-2.4917,0.0003,24.9503,0.1413,0.0002,25.189,0.0211,0.0002,0.0,0.0001,-0.0,-0.0001,STILL1
-18.1046,17.8729,-2.6715,0.0002,25.5804,0.6301,0.0001,25.2405,0.0455,0.0002,0.0,0.0001,0.0,-0.0,STILL1
-18.3368,17.8421,-2.706,0.0003,25.7274,0.1471,0.0,25.3244,0.085,0.0002,0.0,0.0002,0.0001,0.0001,STILL1
-18.1382,18.1018,-2.6554,0.0002,25.7628,0.0353,0.0,25.4225,0.1132,0.0002,0.0,0.0001,0.0001,0.0001,STILL1
-18.3356,18.3721,-2.6681,0.0001,26.093,0.3302,0.0002,25.6228,0.1411,0.0002,0.0,0.0001,0.0001,0.0,STILL1
-18.031,17.8414,-2.6407,0.0,25.503,0.59,0.0,25.7333,0.0413,0.0002,0.0,0.0001,0.0001,0.0001,STILL1
-18.0435,18.0419,-2.4782,0.0001,25.6363,0.1333,0.0001,25.7445,0.0384,0.0001,0.0,0.0,0.0,0.0,STILL1
-17.9598,17.7022,-2.2451,0.0003,25.3173,0.319,0.0002,25.6625,0.0681,0.0002,0.0,0.0001,0.0,-0.0,STILL1
-17.3929,18.1399,-2.1992,0.0001,25.2271,0.0902,0.0002,25.5553,0.0926,0.0001,0.0,0.0001,-0.0,-0.0,STILL1
-17.9455,18.3401,-2.2218,0.0003,25.7553,0.5283,0.0002,25.4878,0.0382,0.0002,0.0,0.0001,0.0,-0.0001,STILL1
-17.7658,17.9002,-2.1525,0.0003,25.3115,0.4438,0.0,25.4495,0.0429,0.0002,0.0,0.0002,-0.0,-0.0001,STILL1
-18.1158,18.3139,-2.1001,0.0001,25.8455,0.534,0.0001,25.4913,0.0655,0.0002,0.0,0.0002,-0.0,-0.0,STILL1
-18.3145,18.6949,-2.2082,0.0002,26.2639,0.4184,0.0001,25.6807,0.143,0.0002,0.0,0.0002,-0.0,-0.0001,STILL1
-18.1328,18.3309,-2.4447,0.0002,25.8998,0.3642,0.0,25.8152,0.0933,0.0002,0.0,0.0002,-0.0001,-0.0,STILL1
-17.9688,18.2616,-2.2839,0.0002,25.7212,0.1786,0.0,25.8084,0.0943,0.0002,0.0,0.0001,-0.0001,-0.0001,STILL1
-17.8594,18.4155,-1.6084,0.0003,25.7036,0.0175,0.0,25.8868,0.041,0.0002,0.0,0.0001,-0.0001,-0.0001,STILL1
-17.9781,18.6418,-2.0179,0.0003,25.9769,0.2733,0.0,25.9131,0.0416,0.0002,0.0,0.0001,-0.0001,-0.0,STILL1
-18.0981,18.6541,-2.2956,0.0002,26.0919,0.1149,0.0001,25.8787,0.0222,0.0002,0.0,0.0001,-0.0001,-0.0,STILL1
-18.0316,18.1607,-1.9834,0.0002,25.6688,0.4231,0.0,25.8325,0.0288,0.0002,0.0,0.0002,-0.0001,-0.0001,STILL1
-18.0909,17.6755,-2.5586,0.0001,25.4215,0.2473,0.0001,25.7725,0.0565,0.0002,0.0,0.0002,-0.0,-0.0,STILL1
-18.5634,17.8873,-2.3218,0.0,25.8833,0.4618,0.0001,25.8085,0.0567,0.0002,0.0,0.0001,0.0,-0.0,STILL1
-18.4538,17.9161,-2.0075,0.0002,25.7984,0.0848,0.0002,25.7728,0.0498,0.0001,0.0,0.0001,0.0,-0.0001,STILL1
-17.8506,17.8078,-2.1247,0.0001,25.3037,0.4947,0.0001,25.6151,0.0486,0.0001,0.0,0.0001,0.0,-0.0,STILL1
-18.2523,17.9088,-1.7842,0.0001,25.6331,0.3294,0.0,25.608,0.048,0.0001,0.0,0.0,0.0,-0.0,STILL1
-18.2737,17.8364,-1.7055,0.0005,25.5925,0.0406,0.0003,25.6422,0.0399,0.0002,0.0,-0.0,0.0001,-0.0,STILL1
-18.3596,17.7066,-1.6487,0.0006,25.5601,0.0324,0.0001,25.5775,0.0255,0.0003,0.0,-0.0,0.0002,0.0,STILL1
-18.2314,17.9122,-1.9659,0.0005,25.6339,0.0738,0.0001,25.5446,0.0153,0.0004,0.0,-0.0,0.0003,0.0001,STILL1
-18.3758,18.3641,-1.6164,0.0004,26.0293,0.3954,0.0001,25.6898,0.0296,0.0004,0.0,-0.0,0.0003,0.0002,STILL1
-18.0944,17.985,-1.4838,0.0003,25.5552,0.474,0.0001,25.6742,0.0323,0.0004,0.0,-0.0,0.0004,0.0002,STILL1
-18.6567,18.1099,-1.6214,0.0003,26.0513,0.4961,0.0001,25.766,0.051,0.0004,0.0,-0.0,0.0003,0.0002,STILL1
-18.5535,18.1411,-1.3752,0.0002,25.985,0.0663,0.0001,25.8509,0.0449,0.0003,0.0,-0.0,0.0002,0.0002,STILL1
-18.5647,18.616,-1.1346,0.0002,26.3152,0.3301,0.0,25.9872,0.06,0.0003,0.0,0.0,0.0002,0.0002,STILL1
-18.4955,18.8678,-2.2139,0.0002,26.5137,0.1985,0.0,26.0841,0.1057,0.0002,0.0,0.0,0.0001,0.0002,STILL1
-18.6464,18.9942,-2.3836,0.0002,26.7236,0.2099,0.0,26.3178,0.077,0.0002,0.0,0.0001,0.0001,0.0001,STILL1
-18.3421,18.8954,-2.2756,0.0002,26.4319,0.2917,0.0,26.3939,0.0596,0.0002,0.0,0.0001,0.0,0.0001,STILL1
-18.9768,18.7507,-1.6299,0.0003,26.7276,0.2957,0.0001,26.5424,0.0264,0.0002,0.0,0.0001,-0.0001,0.0001,STILL1
-19.0346,18.4693,-1.5883,0.0002,26.5698,0.1578,0.0001,26.5933,0.0136,0.0002,0.0,0.0001,-0.0001,0.0001,STILL1
-18.7902,18.6004,-1.4894,0.0002,26.4814,0.0884,0.0001,26.5869,0.0148,0.0002,0.0,0.0001,-0.0001,0.0001,STILL1
-18.3946,18.6553,-1.7603,0.0003,26.258,0.2234,0.0002,26.4937,0.024,0.0003,0.0,0.0001,-0.0002,0.0001,STILL1
-18.5751,18.8712,-1.2238,0.0004,26.5076,0.2496,0.0,26.5089,0.023,0.0003,0.0,0.0,-0.0003,-0.0,STILL1
-18.2569,18.7282,-1.4259,0.0003,26.1934,0.3142,0.0,26.402,0.022,0.0003,0.0,0.0,-0.0003,-0.0001,STILL1
-18.6806,18.6669,-1.7626,0.0003,26.4674,0.274,0.0,26.3816,0.0168,0.0003,0.0,0.0,-0.0003,-0.0001,STILL1
-18.0163,18.3085,-2.1257,0.0003,25.7742,0.6932,0.0,26.2401,0.0686,0.0003,0.0,0.0,-0.0003,-0.0001,STILL1
-17.7537,18.8531,-2.4068,0.0003,26.0082,0.234,0.0,26.1901,0.0768,0.0003,0.0,0.0,-0.0002,-0.0002,STILL1
-17.8311,18.645,-2.0411,0.0002,25.8795,0.1287,0.0001,26.0645,0.0601,0.0003,0.0,-0.0,-0.0002,-0.0001,STILL1
-17.5961,18.1347,-2.2641,0.0001,25.3696,0.5099,0.0001,25.8998,0.1262,0.0002,0.0,-0.0,-0.0001,-0.0001,STILL1
-17.88,17.6828,-2.23,0.0001,25.2458,0.1239,0.0001,25.6554,0.0876,0.0002,0.0,-0.0,-0.0,-0.0001,STILL1
-17.7759,18.1056,-2.3122,0.0002,25.4782,0.2325,0.0,25.5963,0.0876,0.0002,0.0,-0.0,-0.0,0.0,STILL1
-18.1332,18.072,-2.3779,0.0002,25.7112,0.2329,0.0001,25.5368,0.0528,0.0002,0.0,-0.0001,0.0,0.0001,STILL1
-17.7097,18.142,-2.346,0.0003,25.4611,0.2501,0.0001,25.4532,0.0235,0.0002,0.0,-0.0001,-0.0,0.0001,STILL1
-17.899,18.4198,-2.505,0.0003,25.8058,0.3447,0.0,25.5404,0.0393,0.0002,0.0,-0.0001,-0.0001,0.0002,STILL1
-18.0192,18.4609,-2.5665,0.0003,25.9245,0.1187,0.0,25.6762,0.033,0.0003,0.0,-0.0001,-0.0001,0.0002,STILL1
-18.0716,18.4093,-2.2125,0.0002,25.8917,0.0328,0.0001,25.7589,0.0276,0.0003,0.0,-0.0001,-0.0001,0.0002,STILL1
-18.6573,18.1993,-1.8794,0.0003,26.1312,0.2395,0.0002,25.8429,0.0479,0.0003,0.0,-0.0001,-0.0001,0.0002,STILL1
-18.8196,18.397,-1.9223,0.0001,26.3879,0.2566,0.0002,26.0282,0.0438,0.0002,0.0,-0.0001,-0.0001,0.0002,STILL1
-18.6963,18.2707,-2.1253,0.0001,26.2276,0.1603,0.0,26.1126,0.0347,0.0002,0.0,-0.0,-0.0001,0.0001,STILL1
-18.9852,17.6853,-2.2065,0.0002,26.0399,0.1877,0.0002,26.1357,0.0282,0.0002,0.0,-0.0001,-0.0001,0.0001,STILL1
-18.6819,17.7139,-2.3746,0.0002,25.8541,0.1858,0.0,26.1281,0.0321,0.0002,0.0,-0.0001,-0.0,0.0001,STILL1
-18.5486,17.193,-2.5434,0.0002,25.4189,0.4352,0.0001,25.9857,0.1124,0.0002,0.0,-0.0001,0.0,0.0,STILL1
-18.2389,17.7137,-2.4722,0.0003,25.545,0.1261,0.0001,25.8171,0.0904,0.0002,0.0,-0.0001,0.0001,0.0,STILL1
-17.7942,17.8335,-3.0372,0.0002,25.3751,0.1699,0.0001,25.6466,0.0667,0.0003,0.0,-0.0002,0.0001,-0.0,STILL1
-18.1166,17.8106,-2.9079,0.0002,25.5712,0.1961,0.0,25.5528,0.0281,0.0003,0.0,-0.0002,0.0001,-0.0001,STILL1
-18.2808,17.5547,-3.2888,0.0002,25.5572,0.0139,0.0001,25.4935,0.0065,0.0002,0.0,-0.0002,0.0,-0.0001,STILL1
-18.1028,17.9594,-3.4123,0.0001,25.7273,0.1701,0.0,25.5551,0.0125,0.0002,0.0,-0.0002,0.0,-0.0001,STILL1
-18.0041,18.03,-3.2548,0.0003,25.687,0.0403,0.0001,25.5835,0.0151,0.0002,0.0,-0.0001,0.0001,-0.0001,STILL1
-18.1845,17.8271,-2.7632,0.0003,25.6148,0.0722,0.0,25.6315,0.0043,0.0002,0.0,-0.0001,0.0001,-0.0001,STILL1
-18.1039,18.418,-2.7606,0.0002,25.9729,0.3581,0.0001,25.7119,0.0205,0.0002,0.0,-0.0001,0.0002,-0.0001,STILL1
-17.8456,18.6125,-2.8585,0.0001,25.9434,0.0295,0.0001,25.7891,0.0204,0.0002,0.0,-0.0001,0.0002,-0.0001,STILL1
-17.6827,17.9369,-2.8243,0.0002,25.3453,0.5981,0.0,25.7127,0.0532,0.0002,0.0,-0.0001,0.0002,-0.0001,STILL1
-17.8774,17.6245,-2.7532,0.0004,25.2548,0.0905,0.0002,25.6263,0.0876,0.0002,0.0,-0.0001,0.0001,-0.0001,STILL1
-17.6582,17.7371,-2.5869,0.0005,25.1617,0.0932,0.0002,25.5356,0.1225,0.0003,0.0,-0.0001,0.0001,-0.0002,STILL1
-17.8109,17.8522,-2.4133,0.0004,25.3329,0.1712,0.0001,25.4076,0.0761,0.0003,0.0,-0.0001,0.0001,-0.0002,STILL1
-17.7987,17.7911,-2.5775,0.0004,25.2975,0.0354,0.0,25.2784,0.0044,0.0004,0.0,-0.0002,0.0001,-0.0003,STILL1
-17.614,17.7016,-2.1214,0.0003,25.062,0.2355,0.0001,25.2218,0.0097,0.0004,0.0,-0.0002,0.0001,-0.0003,STILL1
-17.9912,17.6269,-2.0971,0.0002,25.2743,0.2123,0.0001,25.2256,0.01,0.0004,0.0,-0.0001,0.0001,-0.0003,STILL1
-17.4586,18.3453,-2.3371,0.0001,25.4325,0.1582,0.0001,25.2798,0.0148,0.0003,0.0,-0.0001,0.0001,-0.0002,STILL1
-17.4419,18.3481,-2.5446,0.0002,25.443,0.0105,0.0,25.3019,0.0191,0.0003,0.0,-0.0,0.0001,-0.0002,STILL1
-17.8972,18.3722,-2.0513,0.0001,25.7305,0.2875,0.0,25.3885,0.0483,0.0002,0.0,-0.0,0.0001,-0.0002,STILL1
-17.9584,17.8978,-2.0567,0.0001,25.4375,0.293,0.0,25.4636,0.0218,0.0002,0.0,0.0,0.0001,-0.0001,STILL1
-17.6011,18.0057,-2.1547,0.0001,25.2715,0.166,0.0,25.463,0.022,0.0001,0.0,0.0,0.0001,-0.0001,STILL1
-17.5621,17.7265,-2.1332,0.0001,25.0441,0.2274,0.0,25.3853,0.0509,0.0001,0.0,0.0,0.0,-0.0,STILL1
-17.5716,18.0187,-2.2065,0.0003,25.2646,0.2205,0.0002,25.3496,0.0519,0.0002,0.0,-0.0,-0.0,0.0,STILL1
-17.7073,18.2431,-2.3277,0.0002,25.5299,0.2652,0.0002,25.3095,0.0278,0.0002,0.0,-0.0,-0.0,0.0001,STILL1
-17.6971,18.3601,-2.1559,0.0002,25.5915,0.0616,0.0,25.3403,0.0395,0.0002,0.0,-0.0,-0.0001,0.0001,STILL1
-17.9983,18.2131,-2.1966,0.0004,25.6998,0.1082,0.0002,25.426,0.057,0.0002,0.0,-0.0,-0.0001,0.0002,STILL1
-18.0424,18.0329,-2.0823,0.0004,25.594,0.1058,0.0001,25.536,0.0214,0.0003,0.0,0.0,-0.0002,0.0002,STILL1
-18.8308,18.0732,-2.2596,0.0004,26.1982,0.6042,0.0,25.7227,0.0595,0.0003,0.0,0.0001,-0.0002,0.0002,STILL1
-18.6865,17.993,-1.7858,0.0003,26.0023,0.1959,0.0001,25.8172,0.0588,0.0003,0.0,0.0001,-0.0002,0.0002,STILL1
-18.5367,17.8756,-2.1318,0.0002,25.8397,0.1626,0.0001,25.8668,0.0463,0.0003,0.0,0.0001,-0.0002,0.0002,STILL1
-18.5887,18.3567,-2.3585,0.0003,26.2312,0.3914,0.0001,25.9731,0.0559,0.0003,0.0,0.0001,-0.0002,0.0002,STILL1
-18.5491,18.4354,-2.5618,0.0002,26.2773,0.0461,0.0001,26.1097,0.027,0.0003,0.0,0.0,-0.0002,0.0002,STILL1
-18.3299,18.7171,-2.9182,0.0001,26.3596,0.0823,0.0001,26.142,0.0369,0.0002,0.0,0.0,-0.0001,0.0002,STILL1
-18.3546,18.433,-3.3158,0.0002,26.2233,0.1363,0.0,26.1862,0.0324,0.0002,0.0,0.0,-0.0001,0.0002,STILL1
-18.4836,18.5277,-3.0745,0.0001,26.351,0.1277,0.0001,26.2885,0.0033,0.0002,0.0,-0.0,-0.0001,0.0001,STILL1
-18.5182,18.5909,-2.9284,0.0002,26.403,0.0521,0.0001,26.3228,0.0041,0.0001,0.0,0.0,-0.0,0.0001,STILL1
-18.2833,18.2821,-2.7427,0.0002,26.0007,0.4023,0.0,26.2675,0.0214,0.0001,0.0,0.0,-0.0,0.0001,STILL1
-18.1798,18.0944,-2.7254,0.0002,25.7942,0.2065,0.0001,26.1544,0.0517,0.0002,0.0,0.0001,-0.0,0.0001,STILL1
-18.0219,17.8318,-2.7491,0.0004,25.5014,0.2928,0.0002,26.01,0.1152,0.0002,0.0,0.0001,-0.0001,0.0001,STILL1
-18.2113,18.7529,-3.0961,0.0004,26.3232,0.8218,0.0,26.0045,0.1116,0.0003,0.0,0.0002,-0.0001,0.0001,STILL1
-18.3753,18.8773,-2.8957,0.0003,26.5026,0.1795,0.0001,26.0244,0.129,0.0003,0.0,0.0002,-0.0002,0.0001,STILL1
-18.5534,18.4581,-2.6509,0.0005,26.3051,0.1976,0.0002,26.0853,0.141,0.0004,0.0,0.0002,-0.0002,0.0001,STILL1
-18.8521,18.3228,-2.7051,0.0005,26.428,0.123,0.0,26.2121,0.1314,0.0004,0.0,0.0002,-0.0003,0.0001,STILL1
-18.8848,18.2895,-3.0578,0.0004,26.4668,0.0387,0.0001,26.4051,0.0061,0.0004,0.0,0.0002,-0.0003,0.0001,STILL1
-18.9453,18.3753,-2.9994,0.0003,26.5626,0.0959,0.0001,26.453,0.0074,0.0004,0.0,0.0002,-0.0003,0.0001,STILL1
-19.1719,18.9315,-3.0308,0.0003,27.1136,0.551,0.0001,26.5752,0.0793,0.0004,0.0,0.0002,-0.0003,0.0,STILL1
-19.0469,18.4452,-3.1152,0.0001,26.6967,0.4169,0.0001,26.6535,0.0615,0.0003,0.0,0.0002,-0.0002,0.0001,STILL1
-18.6656,18.6374,-2.4484,0.0001,26.4906,0.2061,0.0001,26.6661,0.0565,0.0002,0.0,0.0001,-0.0002,0.0,STILL1
-18.4638,18.6443,-2.5275,0.0003,26.3611,0.1295,0.0003,26.6449,0.0667,0.0002,0.0,0.0001,-0.0002,0.0,STILL1
-18.2023,18.6529,-2.3064,0.0004,26.1644,0.1968,0.0,26.5653,0.1052,0.0002,0.0,0.0001,-0.0002,-0.0,STILL1
-17.7712,18.4505,-2.5013,0.0003,25.7389,0.4254,0.0001,26.2903,0.106,0.0002,0.0,0.0,-0.0002,0.0,STILL1
-17.5794,18.4604,-2.323,0.0003,25.5972,0.1417,0.0001,26.0705,0.1207,0.0003,0.0,-0.0001,-0.0002,0.0,STILL1
-17.6854,18.1964,-1.674,0.0002,25.43,0.1672,0.0001,25.8583,0.1225,0.0003,0.0,-0.0001,-0.0002,-0.0,STILL1
-17.889,18.404,-1.4267,0.0002,25.7052,0.2752,0.0001,25.7272,0.0594,0.0003,0.0,-0.0001,-0.0002,-0.0,STILL1
-17.7705,18.4138,-1.6289,0.0001,25.6421,0.0632,0.0001,25.6227,0.0117,0.0002,0.0,-0.0001,-0.0001,-0.0,STILL1
-17.9664,18.6967,-1.9218,0.0002,26.001,0.359,0.0001,25.6751,0.0349,0.0002,0.0,-0.0002,-0.0001,-0.0,STILL1
-17.9044,18.423,-2.025,0.0001,25.7696,0.2314,0.0001,25.7096,0.0343,0.0002,0.0,-0.0001,-0.0001,-0.0,STILL1
-18.1579,18.1634,-2.2637,0.0002,25.7826,0.013,0.0001,25.7801,0.0147,0.0002,0.0,-0.0001,-0.0001,-0.0,STILL1
-18.0826,17.7307,-1.8797,0.0002,25.3947,0.3879,0.0001,25.718,0.0394,0.0002,0.0,-0.0,-0.0001,-0.0001,STILL1
-18.3723,17.9127,-1.5069,0.0002,25.7036,0.3089,0.0,25.7303,0.0382,0.0002,0.0,0.0,-0.0001,-0.0001,STILL1
-18.7916,18.0677,-1.5524,0.0002,26.1146,0.411,0.0001,25.753,0.0525,0.0002,0.0,0.0001,-0.0001,-0.0001,STILL1
-18.9364,17.7666,-1.5075,0.0002,26.0099,0.1048,0.0001,25.8011,0.0634,0.0002,0.0,0.0001,-0.0,-0.0001,STILL1
-19.2085,17.657,-1.6842,0.0,26.1453,0.1354,0.0001,25.8736,0.0817,0.0002,0.0,0.0001,0.0,-0.0,STILL1
-18.473,17.8663,-2.6098,0.0001,25.8315,0.3137,0.0,25.961,0.0286,0.0001,0.0,0.0001,0.0,-0.0,STILL1
-18.1847,18.0899,-2.3129,0.0002,25.7542,0.0774,0.0001,25.9711,0.0238,0.0001,0.0,0.0001,0.0001,-0.0,STILL1
-18.429,17.7594,-2.3222,0.0002,25.6986,0.0556,0.0,25.8879,0.0276,0.0001,0.0,0.0,0.0001,-0.0001,STILL1
-18.4682,18.1669,-2.0077,0.0003,25.9835,0.2849,0.0001,25.8826,0.0264,0.0001,0.0,0.0001,0.0001,-0.0,STILL1
-18.1214,18.8148,-1.7812,0.0002,26.1831,0.1996,0.0,25.8902,0.0306,0.0002,0.0,0.0001,0.0001,-0.0,STILL1
-17.6284,18.9643,-2.4187,0.0004,26.0049,0.1782,0.0002,25.9249,0.0314,0.0002,0.0,0.0001,0.0002,0.0,STILL1
-17.9152,18.9308,-2.1506,0.0002,26.1526,0.1476,0.0001,26.0045,0.0296,0.0003,0.0,0.0001,0.0002,0.0,STILL1
-17.9853,18.9634,-2.2673,0.0004,26.234,0.0814,0.0002,26.1116,0.0099,0.0003,0.0,0.0,0.0002,0.0,STILL1
-17.8789,18.9926,-2.542,0.0005,26.2075,0.0265,0.0001,26.1564,0.0065,0.0003,0.0,-0.0,0.0003,0.0,STILL1
-17.9156,18.8972,-2.318,0.0004,26.1428,0.0647,0.0001,26.1484,0.0063,0.0004,0.0,-0.0,0.0003,-0.0,STILL1
-17.6262,18.8834,-2.1419,0.0005,25.9201,0.2227,0.0002,26.1314,0.0123,0.0004,0.0,-0.0001,0.0003,-0.0001,STILL1
-17.7885,19.3036,-1.926,0.0006,26.3205,0.4003,0.0,26.165,0.0182,0.0005,0.0,-0.0002,0.0004,-0.0002,STILL1
-18.2808,19.596,-1.9033,0.0006,26.8666,0.5461,0.0001,26.2915,0.0997,0.0005,0.0,-0.0002,0.0004,-0.0002,STILL1
-17.8184,19.0955,-1.9601,0.0005,26.1912,0.6754,0.0001,26.2882,0.1003,0.0005,0.0,-0.0003,0.0004,-0.0003,STILL1
-18.0203,18.0671,-2.1619,0.0005,25.6091,0.5821,0.0001,26.1815,0.1769,0.0006,0.0,-0.0003,0.0003,-0.0003,STILL1
-18.0913,18.163,-2.3295,0.0002,25.7413,0.1322,0.0002,26.1457,0.2008,0.0005,0.0,-0.0003,0.0003,-0.0002,STILL1
-18.2793,18.6367,-2.6167,0.0002,26.2355,0.4942,0.0,26.1287,0.196,0.0004,0.0,-0.0003,0.0002,-0.0002,STILL1
-18.3047,18.2406,-2.684,0.0001,25.9804,0.2551,0.0001,25.9515,0.0601,0.0003,0.0,-0.0002,0.0001,-0.0001,STILL1
-17.7344,18.3456,-2.4097,0.0002,25.6296,0.3509,0.0001,25.8392,0.0567,0.0002,0.0,-0.0001,0.0001,-0.0001,STILL1
-17.4937,17.4359,-3.0434,0.0003,24.8858,0.7438,0.0001,25.6945,0.207,0.0002,0.0,-0.0001,0.0001,-0.0001,STILL1
-17.6262,17.0862,-2.9253,0.0002,24.722,0.1637,0.0001,25.4907,0.3541,0.0002,0.0,-0.0001,0.0001,-0.0001,STILL1
-17.9572,17.2752,-2.8465,0.0002,25.0798,0.3578,0.0001,25.2595,0.2235,0.0002,0.0,-0.0,0.0001,-0.0001,STILL1
-18.0564,17.6545,-2.4585,0.0004,25.3724,0.2926,0.0001,25.1379,0.1073,0.0002,0.0,0.0001,0.0002,-0.0001,STILL1
-18.3295,17.3549,-2.5043,0.0003,25.366,0.0064,0.0001,25.0852,0.0666,0.0003,0.0,0.0001,0.0002,-0.0,STILL1
-17.9917,17.9433,-2.4472,0.0002,25.5275,0.1615,0.0001,25.2136,0.0813,0.0002,0.0,0.0001,0.0001,0.0,STILL1
-17.9371,18.0765,-2.7296,0.0002,25.6115,0.0841,0.0,25.3915,0.033,0.0002,0.0,0.0002,0.0001,0.0,STILL1
-18.0747,18.2487,-2.5681,0.0001,25.8129,0.2013,0.0,25.5381,0.0276,0.0002,0.0,0.0002,0.0001,0.0,STILL1
-18.6504,18.1615,-2.3076,0.0003,26.1343,0.3214,0.0001,25.6904,0.07,0.0002,0.0,0.0001,0.0001,0.0,STILL1
-18.7047,18.1229,-1.9929,0.0003,26.1204,0.0138,0.0,25.8413,0.0632,0.0002,0.0,0.0001,0.0001,0.0,STILL1
-18.4763,18.1796,-2.2568,0.0003,26.0185,0.1019,0.0,25.9395,0.0401,0.0002,0.0,0.0001,0.0001,0.0001,STILL1
-18.481,18.7874,-1.6274,0.0001,26.4038,0.3853,0.0001,26.098,0.0366,0.0002,0.0,0.0001,0.0001,0.0001,STILL1
-18.4848,17.6299,-1.4956,0.0001,25.5879,0.816,0.0,26.053,0.0704,0.0002,0.0,0.0001,0.0001,0.0001,STILL1
-18.7941,17.8227,-1.8403,0.0001,25.9664,0.3785,0.0,26.0194,0.0694,0.0002,0.0,0.0,0.0,0.0001,STILL1
-18.6696,17.4082,-1.9972,0.0003,25.6045,0.3619,0.0001,25.9162,0.0912,0.0002,0.0,-0.0,-0.0,0.0001,STILL1
-18.8701,17.5609,-2.3071,0.0002,25.8803,0.2758,0.0,25.8886,0.0886,0.0002,0.0,-0.0,-0.0001,0.0,STILL1
-18.8554,18.1893,-2.5801,0.0003,26.3256,0.4453,0.0,25.8729,0.0734,0.0002,0.0,-0.0001,-0.0001,0.0,STILL1
-18.8219,17.8359,-2.6578,0.0002,26.0661,0.2595,0.0001,25.9686,0.0555,0.0002,0.0,-0.0001,-0.0001,-0.0,STILL1
-19.0137,17.4468,-3.0169,0.0002,25.981,0.0851,0.0,25.9715,0.0555,0.0002,0.0,-0.0001,-0.0001,-0.0001,STILL1
-18.9641,17.3543,-2.8354,0.0002,25.8621,0.1189,0.0001,26.023,0.0283,0.0002,0.0,-0.0001,-0.0002,-0.0,STILL1
-19.065,17.221,-2.6433,0.0002,25.8268,0.0353,0.0001,26.0123,0.0318,0.0002,0.0,-0.0,-0.0001,-0.0001,STILL1
-18.5395,17.4393,-2.4553,0.0001,25.5709,0.2559,0.0001,25.8614,0.0284,0.0002,0.0,0.0,-0.0001,-0.0001,STILL1
-18.391,17.5983,-2.0298,0.0001,25.5352,0.0356,0.0,25.7552,0.03,0.0002,0.0,0.0,-0.0001,-0.0001,STILL1
-18.2972,17.9349,-2.5614,0.0003,25.7489,0.2137,0.0002,25.7088,0.0176,0.0002,0.0,0.0001,-0.0001,-0.0001,STILL1
-18.6471,17.6135,-2.2803,0.0003,25.7517,0.0028,0.0,25.6867,0.0128,0.0002,0.0,0.0001,-0.0001,-0.0001,STILL1
-18.6583,17.3408,-2.1743,0.0004,25.5649,0.1868,0.0001,25.6343,0.0091,0.0002,0.0,0.0002,-0.0001,-0.0001,STILL1
-18.4173,17.7227,-2.4832,0.0002,25.6799,0.1149,0.0002,25.6561,0.0082,0.0003,0.0,0.0002,-0.0001,-0.0001,STILL1
-17.9401,18.0125,-2.9397,0.0002,25.5918,0.0881,0.0,25.6674,0.006,0.0003,0.0,0.0002,-0.0001,-0.0001,STILL1
-18.0271,18.4444,-2.858,0.0004,25.9488,0.357,0.0002,25.7074,0.0189,0.0003,0.0,0.0001,-0.0002,-0.0001,STILL1
-17.8591,18.1961,-2.5708,0.0002,25.6253,0.3234,0.0001,25.6821,0.0192,0.0003,0.0,0.0,-0.0002,-0.0,STILL1
-17.8811,18.7257,-3.3597,0.0003,26.1088,0.4835,0.0,25.7909,0.0411,0.0002,0.0,0.0,-0.0002,0.0,STILL1
-17.6017,18.5618,-3.0472,0.0001,25.7613,0.3475,0.0002,25.8072,0.0385,0.0002,0.0,0.0,-0.0002,0.0,STILL1
-17.5939,18.1682,-2.3596,0.0003,25.4007,0.3606,0.0002,25.769,0.0608,0.0002,0.0,0.0001,-0.0002,0.0,STILL1
-17.7251,17.8002,-2.6283,0.0003,25.2573,0.1433,0.0,25.6307,0.0876,0.0002,0.0,0.0001,-0.0002,-0.0,STILL1
-18.1363,18.0214,-2.712,0.0004,25.7109,0.4536,0.0002,25.6478,0.0886,0.0003,0.0,0.0001,-0.0002,-0.0001,STILL1
-18.1934,17.9609,-2.3321,0.0003,25.6716,0.0393,0.0001,25.5604,0.0386,0.0003,0.0,0.0001,-0.0002,-0.0001,STILL1
-18.1579,18.0562,-2.4532,0.0003,25.7246,0.0529,0.0,25.553,0.0358,0.0003,0.0,0.0001,-0.0002,-0.0001,STILL1
-17.8263,17.8137,-2.2969,0.0003,25.3057,0.4188,0.0,25.534,0.043,0.0003,0.0,0.0001,-0.0002,-0.0001,STILL1
-18.1923,17.7353,-1.7188,0.0002,25.4648,0.159,0.0001,25.5755,0.027,0.0003,0.0,0.0002,-0.0002,-0.0,STILL1
-18.0382,17.9914,-1.9375,0.0002,25.5504,0.0856,0.0,25.5434,0.0224,0.0003,0.0,0.0001,-0.0002,-0.0,STILL1
-18.3337,18.5587,-2.0188,0.0003,26.1654,0.615,0.0001,25.6422,0.0867,0.0003,0.0,0.0001,-0.0002,0.0,STILL1
-18.4826,18.2001,-2.0306,0.0001,26.0187,0.1467,0.0001,25.701,0.1103,0.0002,0.0,0.0001,-0.0001,0.0001,STILL1
-18.2704,18.2601,-2.1808,0.0002,25.9229,0.0958,0.0001,25.8244,0.0736,0.0002,0.0,0.0001,-0.0001,0.0001,STILL1
-18.332,18.1799,-2.1665,0.0002,25.9088,0.0141,0.0,25.9132,0.0413,0.0002,0.0,0.0002,-0.0001,0.0001,STILL1
-18.7375,18.244,-2.3144,0.0003,26.2544,0.3456,0.0001,26.054,0.0184,0.0002,0.0,0.0002,0.0,0.0001,STILL1
-18.5243,18.0452,-2.4047,0.0004,25.9723,0.282,0.0,26.0154,0.0158,0.0003,0.0,0.0002,0.0001,0.0,STILL1
-18.4163,18.0861,-2.3612,0.0002,25.92,0.0523,0.0002,25.9957,0.0172,0.0003,0.0,0.0001,0.0002,-0.0,STILL1
-18.4362,18.1345,-2.264,0.0002,25.9592,0.0392,0.0,26.0029,0.0164,0.0003,0.0,0.0001,0.0002,-0.0,STILL1
-18.699,17.3264,-2.3893,0.0004,25.604,0.3552,0.0001,25.942,0.0427,0.0003,0.0,0.0,0.0002,-0.0001,STILL1
-18.2248,17.7767,-2.3583,0.0004,25.5679,0.0361,0.0,25.8047,0.0323,0.0003,0.0,-0.0001,0.0002,-0.0001,STILL1
-18.1736,18.3776,-2.3429,0.0003,25.952,0.3841,0.0,25.8006,0.031,0.0003,0.0,-0.0001,0.0001,-0.0,STILL1
-18.342,17.6584,-2.6587,0.0003,25.5991,0.3529,0.0,25.7364,0.0322,0.0003,0.0,-0.0002,0.0001,0.0,STILL1
-18.1892,17.8704,-2.1488,0.0001,25.5894,0.0097,0.0001,25.6625,0.0211,0.0003,0.0,-0.0002,0.0001,0.0001,STILL1
-18.017,17.9776,-2.1972,0.0003,25.5467,0.0427,0.0001,25.651,0.023,0.0003,0.0,-0.0002,0.0,0.0002,STILL1
-18.1011,18.2821,-2.4359,0.0002,25.8422,0.2955,0.0001,25.7059,0.0259,0.0002,0.0,-0.0001,0.0001,0.0002,STILL1
-18.0371,18.7038,-2.5768,0.0003,26.1115,0.2693,0.0001,25.7378,0.0457,0.0002,0.0,-0.0001,0.0001,0.0002,STILL1
-18.3828,18.8412,-2.674,0.0003,26.4588,0.3473,0.0001,25.9097,0.1162,0.0002,0.0,-0.0001,0.0001,0.0002,STILL1
-18.4,18.5417,-2.6829,0.0003,26.2593,0.1995,0.0,26.0437,0.1022,0.0003,0.0,-0.0001,0.0001,0.0001,STILL1
-18.2419,18.3021,-2.6401,0.0003,25.975,0.2843,0.0001,26.1294,0.0464,0.0003,0.0,-0.0002,0.0001,0.0001,STILL1
-18.0654,18.9292,-2.1996,0.0003,26.2585,0.2835,0.0,26.2126,0.0263,0.0003,0.0,-0.0002,0.0001,0.0001,STILL1
-18.1117,18.7433,-2.4003,0.0003,26.1746,0.084,0.0,26.2253,0.0244,0.0003,0.0,-0.0002,0.0002,0.0,STILL1
-18.0675,18.3447,-2.1609,0.0003,25.8385,0.336,0.0001,26.1012,0.028,0.0003,0.0,-0.0002,0.0001,-0.0,STILL1
-17.7977,18.6851,-1.9131,0.0003,25.8757,0.0372,0.0001,26.0245,0.0273,0.0003,0.0,-0.0003,0.0001,-0.0,STILL1
-18.4007,19.1481,-2.0961,0.0002,26.6388,0.7631,0.0001,26.1572,0.0847,0.0003,0.0,-0.0002,0.0002,-0.0001,STILL1
-18.4268,18.8091,-2.3769,0.0002,26.4382,0.2006,0.0,26.1932,0.0971,0.0003,0.0,-0.0002,0.0002,-0.0,STILL1
-18.1789,18.516,-2.2734,0.0002,26.0478,0.3904,0.0,26.1678,0.1006,0.0003,0.0,-0.0001,0.0001,0.0001,STILL1
-18.4182,17.8909,-2.4093,0.0001,25.7899,0.2578,0.0001,26.1581,0.1074,0.0002,0.0,-0.0001,0.0001,0.0001,STILL1
-18.2658,18.2378,-2.0681,0.0004,25.8946,0.1047,0.0003,26.1619,0.1053,0.0002,0.0,0.0,0.0,0.0002,STILL1
-18.5376,18.209,-1.9482,0.0005,26.0577,0.1631,0.0001,26.0456,0.0485,0.0003,0.0,0.0001,-0.0001,0.0002,STILL1
-18.7051,18.0703,-1.8523,0.0004,26.0739,0.0162,0.0001,25.9728,0.0125,0.0003,0.0,0.0001,-0.0002,0.0002,STILL1
-18.4766,18.6281,-1.3694,0.0005,26.2729,0.199,0.0001,26.0178,0.0274,0.0004,0.0,0.0002,-0.0003,0.0002,STILL1
-19.0438,18.4025,-1.458,0.0003,26.5225,0.2496,0.0002,26.1643,0.0465,0.0004,0.0,0.0002,-0.0003,0.0002,STILL1
-18.6194,18.097,-1.8883,0.0001,26.0336,0.4889,0.0002,26.1921,0.0346,0.0004,0.0,0.0002,-0.0003,0.0001,STILL1
-18.4299,18.687,-1.9231,0.0001,26.3166,0.283,0.0,26.2439,0.0314,0.0003,0.0,0.0001,-0.0002,0.0001,STILL1
-18.9002,18.6308,-1.8197,0.0002,26.6014,0.2848,0.0001,26.3494,0.04,0.0002,0.0,0.0001,-0.0001,0.0,STILL1
-18.6201,18.5953,-2.2214,0.0004,26.4089,0.1925,0.0002,26.3766,0.0388,0.0002,0.0,0.0001,0.0,-0.0,STILL1
-18.7086,18.7419,-2.1146,0.0003,26.5658,0.1569,0.0,26.3852,0.0417,0.0002,0.0,0.0,0.0001,-0.0,STILL1
-18.3606,18.4872,-2.1292,0.0002,26.1424,0.4234,0.0002,26.407,0.0282,0.0002,0.0,0.0,0.0002,0.0,STILL1
-18.3979,18.2148,-2.2659,0.0002,25.9884,0.154,0.0,26.3414,0.0574,0.0002,0.0,0.0,0.0002,0.0,STILL1
-18.7464,18.4031,-2.1627,0.0001,26.3587,0.3703,0.0,26.2928,0.0415,0.0002,0.0,-0.0,0.0002,0.0,STILL1
-18.769,17.6443,-2.3208,0.0001,25.8647,0.4939,0.0,26.184,0.0636,0.0002,0.0,-0.0,0.0001,0.0,STILL1
-18.7965,17.4905,-2.4004,0.0001,25.7873,0.0774,0.0,26.0283,0.0417,0.0001,0.0,-0.0,0.0,0.0,STILL1
-19.0684,17.3955,-2.1828,0.0002,25.9031,0.1158,0.0,25.9804,0.04,0.0001,0.0,0.0,-0.0,-0.0,STILL1
-19.0266,17.3445,-1.9619,0.0002,25.8204,0.0827,0.0,25.9469,0.0439,0.0001,0.0,0.0,-0.0,-0.0,STILL1
-18.2432,17.1819,-1.7726,0.0003,25.1231,0.6973,0.0001,25.6997,0.0847,0.0002,0.0,0.0001,-0.0,-0.0,STILL1
-18.2852,17.3017,-1.7025,0.0002,25.2309,0.1077,0.0001,25.573,0.1071,0.0002,0.0,0.0001,-0.0001,-0.0,STILL1
-18.4219,17.0414,-1.8495,0.0002,25.1634,0.0675,0.0,25.4482,0.1159,0.0002,0.0,0.0001,-0.0001,0.0,STILL1
-17.9438,17.2644,-2.0765,0.0002,24.987,0.1764,0.0,25.2649,0.0835,0.0002,0.0,0.0002,-0.0001,0.0,STILL1
-17.3644,17.5834,-2.0049,0.0004,24.7935,0.1935,0.0002,25.0596,0.024,0.0003,0.0,0.0002,-0.0001,0.0,STILL1
-17.1821,17.9854,-2.6258,0.0003,25.0119,0.2185,0.0001,25.0373,0.0232,0.0003,0.0,0.0001,-0.0002,0.0,STILL1
-17.2145,17.6165,-2.5381,0.0002,24.7613,0.2507,0.0001,24.9434,0.0221,0.0003,0.0,0.0002,-0.0001,-0.0,STILL1
-17.3716,17.3307,-2.743,0.0002,24.6911,0.0702,0.0,24.8489,0.0163,0.0002,0.0,0.0001,-0.0001,-0.0,STILL1
-17.0473,17.9864,-3.0444,0.0001,24.9678,0.2767,0.0001,24.8451,0.0153,0.0002,0.0,0.0001,-0.0001,-0.0,STILL1
-17.4003,18.0735,-2.9949,0.0002,25.2664,0.2987,0.0001,24.9397,0.0413,0.0002,0.0,0.0,0.0,-0.0,STILL1
-17.9421,17.7244,-2.8678,0.0002,25.3831,0.1166,0.0,25.0139,0.074,0.0002,0.0,-0.0,0.0001,0.0,STILL1
-18.0224,17.4952,-2.8567,0.0003,25.2794,0.1036,0.0001,25.1175,0.0646,0.0002,0.0,-0.0001,0.0001,0.0001,STILL1
-18.1367,17.8743,-2.5354,0.0001,25.5902,0.3107,0.0002,25.2974,0.0406,0.0002,0.0,-0.0,0.0001,0.0001,STILL1
-18.2125,18.0557,-2.5877,0.0001,25.7759,0.1857,0.0001,25.459,0.0385,0.0002,0.0,-0.0001,0.0001,0.0001,STILL1
-18.27,18.4039,-2.9108,0.0002,26.0954,0.3195,0.0001,25.6248,0.0846,0.0002,0.0,-0.0001,0.0,0.0001,STILL1
-18.8097,18.1731,-2.2505,0.0003,26.2514,0.156,0.0001,25.7985,0.1213,0.0002,0.0,-0.0001,-0.0,0.0,STILL1
-18.5728,18.1916,-2.1473,0.0004,26.0863,0.1651,0.0001,25.9598,0.058,0.0002,0.0,-0.0,-0.0001,-0.0,STILL1
-18.4364,18.4971,-2.1522,0.0003,26.2044,0.1181,0.0001,26.0827,0.0275,0.0003,0.0,0.0,-0.0002,-0.0001,STILL1
-18.5522,18.2258,-2.3093,0.0003,26.1093,0.0951,0.0001,26.1494,0.0044,0.0003,0.0,0.0001,-0.0002,-0.0001,STILL1
-18.2855,18.5181,-2.2505,0.0001,26.1217,0.0124,0.0002,26.1546,0.0039,0.0003,0.0,0.0001,-0.0002,-0.0001,STILL1
-18.144,18.5676,-2.3129,0.0002,26.0636,0.0581,0.0001,26.1171,0.0023,0.0003,0.0,0.0,-0.0002,-0.0001,STILL1
-18.3996,18.4322,-2.0691,0.0003,26.1261,0.0625,0.0001,26.125,0.0021,0.0002,0.0,-0.0001,-0.0001,-0.0001,STILL1
-18.3759,18.7645,-2.2209,0.0004,26.3574,0.2313,0.0001,26.1556,0.0107,0.0003,0.0,-0.0001,-0.0001,-0.0002,STILL1
-18.6539,18.8366,-2.4986,0.0005,26.6276,0.2701,0.0,26.2593,0.044,0.0003,0.0,-0.0002,-0.0001,-0.0002,STILL1
-18.3544,18.6693,-2.1707,0.0004,26.2705,0.3571,0.0,26.289,0.0394,0.0004,0.0,-0.0003,-0.0002,-0.0002,STILL1
-18.3772,18.1979,-2.2928,0.0003,25.9643,0.3062,0.0001,26.2692,0.0499,0.0004,0.0,-0.0003,-0.0002,-0.0002,STILL1
-18.1112,18.6021,-3.3343,0.0004,26.1757,0.2115,0.0001,26.2791,0.0475,0.0004,0.0,-0.0003,-0.0002,-0.0002,STILL1
-17.9889,18.7973,-3.2424,0.0003,26.2193,0.0436,0.0001,26.2515,0.0462,0.0004,0.0,-0.0003,-0.0002,-0.0001,STILL1
-18.1943,18.4722,-3.4877,0.0005,26.1614,0.0579,0.0002,26.1582,0.0109,0.0004,0.0,-0.0002,-0.0003,-0.0001,STILL1
-18.6617,18.3965,-3.8683,0.0002,26.4887,0.3274,0.0002,26.2019,0.0283,0.0003,0.0,-0.0002,-0.0003,-0.0001,STILL1
-18.745,18.3672,-3.5571,0.0002,26.4836,0.0051,0.0,26.3058,0.0221,0.0003,0.0,-0.0002,-0.0002,-0.0001,STILL1
-18.6585,18.5282,-3.6082,0.0001,26.5415,0.0579,0.0001,26.3789,0.0244,0.0003,0.0,-0.0001,-0.0001,-0.0001,STILL1
-18.2549,18.5006,-3.8303,0.0002,26.2714,0.2701,0.0001,26.3893,0.0216,0.0002,0.0,-0.0001,-0.0001,-0.0,STILL1
-17.7477,18.4943,-3.5236,0.0001,25.8734,0.398,0.0001,26.3317,0.0611,0.0002,0.0,-0.0001,-0.0,-0.0,STILL1
-18.1981,18.4173,-2.9626,0.0001,26.0604,0.187,0.0,26.2461,0.0635,0.0001,0.0,-0.0,0.0,-0.0,STILL1
-18.2523,18.5651,-2.9732,0.0003,26.204,0.1435,0.0002,26.1901,0.0495,0.0002,0.0,0.0,0.0001,0.0,STILL1
-18.2456,18.8364,-3.2411,0.0006,26.4238,0.2198,0.0003,26.1666,0.0352,0.0003,0.0,0.0001,0.0002,0.0001,STILL1
-18.4214,18.5598,-2.9898,0.0005,26.3202,0.1036,0.0001,26.1764,0.0376,0.0003,0.0,0.0002,0.0002,0.0,STILL1
-18.3215,18.7697,-2.6793,0.0003,26.3659,0.0457,0.0002,26.2749,0.0167,0.0004,0.0,0.0003,0.0002,0.0,STILL1
-18.3385,18.622,-2.1747,0.0004,26.2261,0.1398,0.0001,26.308,0.0069,0.0004,0.0,0.0003,0.0003,0.0001,STILL1
-18.3989,18.1382,-2.2835,0.0003,25.937,0.2891,0.0002,26.2546,0.0294,0.0004,0.0,0.0003,0.0002,0.0001,STILL1
-17.9097,18.7262,-2.2956,0.0002,26.0135,0.0764,0.0001,26.1725,0.0286,0.0003,0.0,0.0003,0.0001,0.0001,STILL1
-17.2966,17.9028,-2.4333,0.0003,25.0121,1.0014,0.0001,25.9109,0.2251,0.0003,0.0,0.0002,0.0001,0.0001,STILL1
-17.5997,18.041,-2.6498,0.0002,25.3427,0.3306,0.0001,25.7063,0.2064,0.0003,0.0,0.0002,0.0,0.0001,STILL1
-17.636,18.7141,-2.8292,0.0002,25.8699,0.5272,0.0,25.635,0.1526,0.0002,0.0,0.0001,-0.0,0.0001,STILL1
-18.112,19.0963,-2.9196,0.0002,26.4808,0.6109,0.0,25.7438,0.2656,0.0002,0.0,0.0001,0.0,0.0001,STILL1
-17.7083,19.6208,-2.5263,0.0002,26.5507,0.0699,0.0,25.8512,0.3698,0.0002,0.0,0.0001,-0.0,0.0001,STILL1
-18.1917,19.2591,-2.5179,0.0002,26.6118,0.0611,0.0,26.1712,0.2423,0.0002,0.0,0.0001,-0.0,0.0001,STILL1
-18.1721,19.5385,-2.2706,0.0002,26.7794,0.1675,0.0,26.4585,0.0964,0.0002,0.0,0.0001,-0.0,0.0001,STILL1
-18.4283,19.3277,-2.2133,0.0002,26.7967,0.0173,0.0,26.6439,0.0156,0.0002,0.0,0.0001,-0.0,0.0,STILL1
-18.6645,18.7778,-2.4207,0.0002,26.5863,0.2104,0.0,26.665,0.0105,0.0002,0.0,0.0001,-0.0001,0.0,STILL1
-18.4347,18.4035,-2.3709,0.0001,26.1562,0.43,0.0001,26.5861,0.0534,0.0001,0.0,0.0,-0.0001,0.0,STILL1
-17.8415,18.6103,-2.1936,0.0002,25.8742,0.282,0.0001,26.4385,0.1329,0.0001,0.0,0.0,-0.0001,0.0,STILL1
-18.0982,18.6351,-2.2611,0.0003,26.0754,0.2012,0.0001,26.2977,0.1162,0.0002,0.0,0.0,-0.0001,0.0001,STILL1
-18.2786,18.2737,-2.3995,0.0003,25.9575,0.1179,0.0,26.1299,0.0614,0.0002,0.0,-0.0,-0.0,0.0001,STILL1
-18.1104,17.9533,-2.279,0.0002,25.6028,0.3548,0.0001,25.9332,0.0366,0.0002,0.0,-0.0001,-0.0,0.0002,STILL1
-18.4914,17.8814,-2.7451,0.0002,25.8692,0.2664,0.0,25.8758,0.0242,0.0002,0.0,-0.0001,0.0,0.0002,STILL1
-18.6181,18.0801,-2.5242,0.0001,26.0749,0.2057,0.0,25.9159,0.0305,0.0002,0.0,-0.0001,0.0,0.0001,STILL1
-18.357,18.4579,-2.4568,0.0002,26.1478,0.073,0.0001,25.9304,0.036,0.0002,0.0,-0.0001,0.0,0.0,STILL1
-18.6294,18.1975,-2.1655,0.0002,26.1322,0.0156,0.0,25.9654,0.0428,0.0002,0.0,-0.0001,-0.0,0.0,STILL1
-18.6504,18.2424,-1.8199,0.0002,26.1521,0.0199,0.0,26.0752,0.0114,0.0002,0.0,-0.0001,0.0,-0.0,STILL1
-18.9672,18.2814,-2.1278,0.0001,26.429,0.2769,0.0001,26.1872,0.0154,0.0002,0.0,-0.0001,0.0,-0.0001,STILL1
-18.8487,18.2408,-1.7772,0.0004,26.2899,0.1391,0.0003,26.2302,0.0131,0.0002,0.0,-0.0002,0.0,-0.0,STILL1
-18.7446,17.9364,-2.178,0.0003,26.0349,0.255,0.0,26.2076,0.0189,0.0002,0.0,-0.0002,-0.0,0.0,STILL1
-18.1613,18.3366,-2.2268,0.0002,25.9041,0.1308,0.0002,26.162,0.0341,0.0002,0.0,-0.0002,-0.0,-0.0,STILL1
-17.8603,18.2443,-2.8314,0.0003,25.6878,0.2163,0.0001,26.0691,0.0704,0.0002,0.0,-0.0002,-0.0,0.0,STILL1
-18.282,18.2579,-2.5495,0.0002,25.9631,0.2753,0.0,25.976,0.0381,0.0003,0.0,-0.0002,0.0,0.0,STILL1
-18.4537,18.1657,-2.349,0.0002,26.001,0.0379,0.0,25.9182,0.0152,0.0002,0.0,-0.0001,0.0,-0.0,STILL1
-17.8849,17.9044,-2.3198,0.0001,25.413,0.588,0.0001,25.7938,0.048,0.0002,0.0,-0.0001,0.0,-0.0001,STILL1
-18.6954,18.0329,-2.6121,0.0003,26.1061,0.6931,0.0001,25.8342,0.0634,0.0002,0.0,-0.0001,0.0001,-0.0001,STILL1
-18.7063,17.7545,-2.9303,0.0003,25.9564,0.1497,0.0,25.8879,0.0593,0.0002,0.0,-0.0,0.0001,-0.0001,STILL1
-18.3807,17.9848,-2.8005,0.0002,25.8679,0.0885,0.0001,25.8688,0.0578,0.0002,0.0,-0.0001,0.0001,-0.0001,STILL1
-18.2327,17.6972,-3.0248,0.0004,25.5885,0.2794,0.0002,25.7864,0.0633,0.0002,0.0,-0.0001,0.0002,-0.0001,STILL1
-17.9549,17.8797,-2.5261,0.0002,25.4645,0.124,0.0002,25.7967,0.056,0.0003,0.0,-0.0001,0.0002,-0.0001,STILL1
-18.5014,17.9944,-2.1584,0.0004,25.899,0.4345,0.0002,25.7552,0.0372,0.0003,0.0,-0.0001,0.0002,-0.0001,STILL1
-18.5824,18.0299,-2.3829,0.0003,26.0011,0.1021,0.0,25.7642,0.0411,0.0003,0.0,-0.0,0.0002,-0.0001,STILL1
-18.9597,18.5958,-2.1595,0.0005,26.6446,0.6435,0.0001,25.9195,0.1699,0.0004,0.0,0.0001,0.0003,-0.0,STILL1
-18.674,18.8516,-1.9557,0.0004,26.6069,0.0377,0.0001,26.1232,0.201,0.0004,0.0,0.0001,0.0003,0.0,STILL1
-18.3986,19.0719,-2.0458,0.0005,26.5787,0.0281,0.0001,26.3461,0.106,0.0004,0.0,0.0002,0.0003,0.0001,STILL1
-18.3501,18.6825,-2.8148,0.0005,26.3379,0.2408,0.0,26.4338,0.0584,0.0004,0.0,0.0003,0.0003,0.0001,STILL1
-18.7738,18.4648,-3.0643,0.0005,26.5103,0.1724,0.0,26.5357,0.0117,0.0005,0.0,0.0003,0.0003,0.0001,STILL1
-18.4316,19.0124,-2.8546,0.0003,26.6335,0.1232,0.0002,26.5335,0.0112,0.0004,0.0,0.0003,0.0003,0.0001,STILL1
-18.0609,18.6287,-2.968,0.0003,26.1158,0.5178,0.0,26.4352,0.0354,0.0004,0.0,0.0003,0.0002,0.0001,STILL1
-18.0018,18.828,-3.1776,0.0001,26.2422,0.1265,0.0002,26.3679,0.0342,0.0004,0.0,0.0002,0.0002,0.0001,STILL1
-18.189,18.778,-3.1889,0.0002,26.3367,0.0944,0.0001,26.3677,0.0342,0.0003,0.0,0.0002,0.0001,0.0001,STILL1
-18.7387,19.1661,-2.7293,0.0001,26.943,0.6064,0.0001,26.4542,0.0889,0.0002,0.0,0.0001,0.0001,0.0001,STILL1
-18.8191,19.1485,-2.8303,0.0002,26.9969,0.0539,0.0001,26.5269,0.1361,0.0002,0.0,0.0,0.0,0.0,STILL1
-18.8084,19.1001,-2.5517,0.0002,26.9273,0.0696,0.0,26.6892,0.108,0.0001,0.0,-0.0,0.0,-0.0,STILL1
-18.9842,18.8676,-2.6539,0.0001,26.8966,0.0307,0.0001,26.8201,0.0595,0.0001,0.0,-0.0,0.0001,-0.0,STILL1
-19.2186,18.4722,-2.4387,0.0002,26.768,0.1287,0.0001,26.9064,0.0058,0.0001,0.0,-0.0001,0.0001,-0.0,STILL1
-18.8749,18.4027,-2.801,0.0002,26.5098,0.2582,0.0,26.8197,0.0295,0.0002,0.0,-0.0001,0.0001,-0.0001,STILL1
-18.778,18.2597,-3.072,0.0003,26.3717,0.138,0.0,26.6947,0.0477,0.0002,0.0,-0.0,0.0001,-0.0,STILL1
-18.7162,17.9015,-3.0733,0.0002,26.0807,0.291,0.0001,26.5254,0.0836,0.0002,0.0,0.0,0.0001,-0.0,STILL1
-18.7854,17.4431,-2.8086,0.0001,25.7884,0.2923,0.0001,26.3037,0.1156,0.0002,0.0,0.0,0.0001,-0.0,STILL1
-19.0565,17.2513,-2.8688,0.0003,25.8648,0.0764,0.0002,26.1231,0.0784,0.0002,0.0,0.0001,-0.0,-0.0001,STILL1
-19.0608,18.0417,-2.7606,0.0004,26.3901,0.5253,0.0001,26.0992,0.0622,0.0002,0.0,0.0002,-0.0001,-0.0001,STILL1
-18.733,18.3584,-2.5898,0.0003,26.3564,0.0337,0.0,26.0961,0.0605,0.0003,0.0,0.0002,-0.0002,-0.0,STILL1
-18.7958,18.5461,-1.8812,0.0004,26.4722,0.1157,0.0,26.1744,0.0826,0.0003,0.0,0.0002,-0.0002,-0.0001,STILL1
-18.8741,18.1712,-1.9487,0.0004,26.2721,0.2001,0.0,26.2711,0.0454,0.0004,0.0,0.0002,-0.0003,-0.0,STILL1
-18.5024,17.9995,-2.1277,0.0003,25.9007,0.3714,0.0001,26.2783,0.0398,0.0004,0.0,0.0002,-0.0003,-0.0,STILL1
-18.0551,18.4902,-2.1647,0.0002,25.9337,0.033,0.0,26.187,0.0527,0.0003,0.0,0.0002,-0.0002,-0.0,STILL1
-17.7878,18.4484,-1.8286,0.0004,25.6923,0.2415,0.0001,26.0542,0.0782,0.0003,0.0,0.0002,-0.0002,-0.0,STILL1
-18.2052,18.4775,-1.8066,0.0003,26.0022,0.3099,0.0001,25.9602,0.035,0.0003,0.0,0.0002,-0.0002,-0.0,STILL1
-18.6986,18.2882,-1.4422,0.0002,26.195,0.1928,0.0001,25.9448,0.0263,0.0003,0.0,0.0002,-0.0001,-0.0,STILL1
-18.5589,18.1743,-1.5412,0.0002,26.0214,0.1736,0.0,25.9689,0.0265,0.0002,0.0,0.0002,-0.0001,0.0,STILL1
-18.3221,18.4051,-1.7767,0.0003,26.0308,0.0094,0.0001,25.9883,0.0267,0.0002,0.0,0.0001,-0.0,0.0001,STILL1
-18.267,18.296,-1.9901,0.0002,25.9304,0.1004,0.0001,26.036,0.0076,0.0002,0.0,0.0,0.0,0.0001,STILL1
-18.5511,18.6868,-1.9765,0.0001,26.4054,0.475,0.0001,26.1166,0.0281,0.0002,0.0,-0.0,0.0001,0.0001,STILL1
-18.6472,18.8182,-2.2749,0.0003,26.5898,0.1843,0.0002,26.1956,0.0654,0.0002,0.0,-0.0001,0.0001,0.0001,STILL1
-18.4927,18.617,-2.2793,0.0001,26.3395,0.2502,0.0002,26.2592,0.0595,0.0002,0.0,-0.0001,0.0001,0.0001,STILL1
-18.2723,18.9811,-2.2547,0.0001,26.4432,0.1037,0.0001,26.3417,0.049,0.0002,0.0,-0.0001,0.0001,0.0001,STILL1
-18.3772,18.663,-2.3538,0.0003,26.2977,0.1455,0.0002,26.4151,0.0102,0.0002,0.0,-0.0001,0.0001,0.0001,STILL1
-18.7612,18.6148,-2.0049,0.0002,26.5049,0.2072,0.0001,26.435,0.0114,0.0002,0.0,-0.0001,0.0001,0.0001,STILL1
-18.6902,17.9575,-1.5133,0.0002,25.9631,0.5418,0.0,26.3097,0.0354,0.0002,0.0,-0.0001,-0.0,0.0001,STILL1
-18.6553,17.7441,-1.2263,0.0003,25.7755,0.1876,0.0001,26.1969,0.0796,0.0002,0.0,-0.0,-0.0001,0.0001,STILL1
-18.2648,18.3172,-1.7685,0.0002,25.9278,0.1523,0.0001,26.0938,0.0713,0.0002,0.0,-0.0001,-0.0001,0.0001,STILL1
-18.6806,18.435,-2.2492,0.0003,26.3415,0.4137,0.0001,26.1026,0.0752,0.0002,0.0,-0.0001,-0.0002,0.0001,STILL1
-18.7257,18.3824,-2.3618,0.0005,26.3466,0.0051,0.0001,26.0709,0.0537,0.0003,0.0,-0.0002,-0.0002,0.0001,STILL1
-18.4931,18.5778,-2.0988,0.0004,26.297,0.0496,0.0,26.1377,0.0572,0.0003,0.0,-0.0002,-0.0002,0.0001,STILL1
-18.3664,19.4872,-1.7947,0.0004,26.8383,0.5413,0.0,26.3502,0.0839,0.0004,0.0,-0.0002,-0.0003,0.0001,STILL1
-18.3337,18.4491,-2.1483,0.0003,26.0981,0.7402,0.0001,26.3843,0.0598,0.0004,0.0,-0.0002,-0.0002,0.0001,STILL1
-18.2388,18.1218,-2.253,0.0003,25.8095,0.2886,0.0,26.2779,0.1142,0.0004,0.0,-0.0002,-0.0003,0.0001,STILL1
-18.3786,17.7631,-2.2305,0.0003,25.6569,0.1527,0.0,26.14,0.1713,0.0003,0.0,-0.0002,-0.0003,0.0001,STILL1
-18.506,17.6042,-1.875,0.0004,25.6105,0.0464,0.0001,26.0026,0.2036,0.0003,0.0,-0.0002,-0.0003,0.0001,STILL1
-18.2235,18.0302,-1.7188,0.0004,25.6932,0.0828,0.0,25.7736,0.0307,0.0003,0.0,-0.0002,-0.0003,0.0,STILL1
-18.0788,18.0804,-1.6438,0.0004,25.6213,0.072,0.0,25.6783,0.0052,0.0004,0.0,-0.0002,-0.0003,-0.0,STILL1
-18.6131,17.5237,-1.1275,0.0004,25.589,0.0322,0.0,25.6342,0.0014,0.0004,0.0,-0.0002,-0.0003,-0.0001,STILL1
-18.7092,17.319,-0.9989,0.0002,25.5143,0.0747,0.0002,25.6057,0.0033,0.0004,0.0,-0.0001,-0.0003,-0.0001,STILL1
-18.6955,17.9052,-1.3741,0.0003,25.9231,0.4088,0.0001,25.6682,0.0195,0.0004,0.0,-0.0001,-0.0002,-0.0002,STILL1
-18.2908,17.4835,-1.718,0.0003,25.3609,0.5621,0.0,25.6017,0.0339,0.0003,0.0,-0.0001,-0.0002,-0.0002,STILL1
-18.5076,17.8774,-2.1619,0.0002,25.8226,0.4617,0.0001,25.642,0.0419,0.0003,0.0,-0.0001,-0.0002,-0.0001,STILL1
-18.4655,17.8645,-2.6952,0.0002,25.8336,0.011,0.0001,25.6909,0.0463,0.0002,0.0,-0.0001,-0.0002,-0.0001,STILL1
-19.4817,17.3947,-2.4686,0.0003,26.2337,0.4001,0.0001,25.8348,0.0783,0.0003,0.0,-0.0002,-0.0001,-0.0001,STILL1
-19.5729,17.0408,-2.5187,0.0002,26.0735,0.1602,0.0001,25.8649,0.0873,0.0002,0.0,-0.0002,-0.0001,-0.0,STILL1
-19.1833,17.4701,-2.2681,0.0003,26.0451,0.0284,0.0001,26.0017,0.0242,0.0002,0.0,-0.0001,-0.0001,0.0,STILL1
-18.7404,17.748,-2.2363,0.0002,25.9074,0.1377,0.0001,26.0187,0.0193,0.0002,0.0,-0.0001,-0.0001,0.0,STILL1
-19.0079,17.5452,-1.8891,0.0001,25.9366,0.0292,0.0001,26.0393,0.0134,0.0002,0.0,-0.0,-0.0001,0.0,STILL1
-18.8501,17.5362,-1.7331,0.0003,25.804,0.1325,0.0002,25.9533,0.0095,0.0002,0.0,0.0001,-0.0001,0.0,STILL1
-18.2207,17.1446,-1.3396,0.0003,25.0545,0.7496,0.0,25.7495,0.1267,0.0003,0.0,0.0001,-0.0001,0.0,STILL1
-18.0422,17.1157,-1.2717,0.0002,24.9015,0.153,0.0001,25.5208,0.2007,0.0002,0.0,0.0001,0.0,0.0001,STILL1
-17.94,17.1425,-1.2892,0.0002,24.847,0.0545,0.0,25.3087,0.2166,0.0002,0.0,0.0001,0.0001,0.0001,STILL1
-17.6145,17.014,-1.5658,0.0004,24.5398,0.3072,0.0002,25.0293,0.178,0.0003,0.0,0.0,0.0001,0.0001,STILL1
-17.6916,17.1893,-1.7932,0.0003,24.7322,0.1925,0.0001,24.815,0.0297,0.0003,0.0,-0.0001,0.0001,0.0001,STILL1
-17.8127,17.014,-2.5627,0.0001,24.7656,0.0334,0.0001,24.7572,0.0154,0.0002,0.0,-0.0001,0.0,0.0001,STILL1
-17.9689,17.2456,-2.5595,0.0002,25.0368,0.2712,0.0001,24.7843,0.0261,0.0002,0.0,-0.0002,-0.0,0.0001,STILL1
-18.297,17.1746,-2.3195,0.0002,25.2017,0.1649,0.0,24.8552,0.0551,0.0002,0.0,-0.0001,-0.0001,0.0001,STILL1
-18.6563,17.4334,-2.0619,0.0003,25.6171,0.4154,0.0001,25.0707,0.1049,0.0002,0.0,-0.0,-0.0002,0.0001,STILL1
-18.6688,17.6155,-1.5745,0.0001,25.7159,0.0989,0.0002,25.2674,0.1266,0.0002,0.0,-0.0,-0.0001,0.0,STILL1
-18.7726,18.1111,-2.0002,0.0001,26.1615,0.4455,0.0,25.5466,0.1581,0.0002,0.0,-0.0,-0.0001,0.0,STILL1
-19.0962,17.8889,-2.4595,0.0002,26.2817,0.1202,0.0001,25.7956,0.1522,0.0002,0.0,0.0,-0.0001,0.0,STILL1
-19.1988,17.8486,-2.4333,0.0001,26.3266,0.0449,0.0001,26.0205,0.0875,0.0002,0.0,-0.0,-0.0,0.0,STILL1
-19.3153,17.4008,-1.9279,0.0,26.0688,0.2577,0.0,26.1109,0.0472,0.0001,0.0,-0.0,0.0,0.0,STILL1
-18.8335,17.58,-1.6392,0.0001,25.8156,0.2533,0.0001,26.1308,0.033,0.0001,0.0,0.0,-0.0,0.0,STILL1
-18.3387,17.3827,-1.7363,0.0002,25.3275,0.4881,0.0001,25.964,0.1341,0.0001,0.0,0.0001,-0.0001,0.0,STILL1
-18.4959,17.6937,-1.1547,0.0002,25.6223,0.2948,0.0,25.8321,0.1199,0.0001,0.0,0.0001,-0.0001,0.0,STILL1
-18.6311,18.2675,-1.2519,0.0001,26.1225,0.5003,0.0002,25.7913,0.0862,0.0001,0.0,0.0001,-0.0001,-0.0,STILL1
-18.7861,17.864,-1.5921,0.0002,25.9726,0.1499,0.0001,25.7721,0.077,0.0002,0.0,0.0001,-0.0001,-0.0,STILL1
-18.8008,17.6756,-1.5331,0.0002,25.8504,0.1222,0.0,25.7791,0.0778,0.0002,0.0,0.0,-0.0001,-0.0,STILL1
-18.8844,17.9904,-1.6858,0.0001,26.1365,0.2861,0.0001,25.9409,0.0364,0.0002,0.0,-0.0,-0.0001,-0.0,STILL1
-18.4294,17.458,-1.9393,0.0002,25.4595,0.6771,0.0001,25.9083,0.0614,0.0002,0.0,-0.0001,-0.0,-0.0,STILL1
-18.8341,17.6851,-2.4389,0.0002,25.9507,0.4912,0.0,25.8739,0.0514,0.0002,0.0,-0.0001,0.0,-0.0,STILL1
-18.1517,18.1481,-2.7511,0.0003,25.8148,0.1358,0.0001,25.8424,0.0491,0.0002,0.0,-0.0001,0.0001,-0.0,STILL1
-17.587,18.2716,-2.7228,0.0003,25.5062,0.3086,0.0,25.7735,0.067,0.0002,0.0,-0.0001,0.0002,-0.0001,STILL1
-17.954,18.1298,-2.7814,0.0002,25.6665,0.1603,0.0001,25.6795,0.0341,0.0003,0.0,-0.0,0.0002,-0.0001,STILL1
-17.86,18.1788,-2.6126,0.0002,25.6179,0.0486,0.0,25.7112,0.0242,0.0002,0.0,-0.0,0.0002,-0.0001,STILL1
-17.7943,18.1212,-2.5901,0.0003,25.5289,0.089,0.0002,25.6269,0.0122,0.0003,0.0,0.0,0.0001,-0.0002,STILL1
-17.6729,17.8626,-2.0408,0.0005,25.2105,0.3184,0.0001,25.506,0.0252,0.0003,0.0,-0.0,0.0001,-0.0002,STILL1
-18.2008,17.7213,-2.1108,0.0004,25.4906,0.2801,0.0001,25.5029,0.0253,0.0003,0.0,-0.0001,0.0,-0.0003,STILL1
-17.9232,17.9646,-2.4261,0.0003,25.4922,0.0016,0.0001,25.468,0.0187,0.0003,0.0,-0.0001,-0.0,-0.0003,STILL1
-17.5698,18.231,-2.1659,0.0003,25.4118,0.0804,0.0,25.4268,0.0132,0.0003,0.0,-0.0001,-0.0001,-0.0003,STILL1
-17.5496,18.5661,-2.1015,0.0002,25.634,0.2222,0.0001,25.4478,0.0192,0.0003,0.0,-0.0001,-0.0001,-0.0003,STILL1
-17.5553,18.3904,-2.1343,0.0002,25.5137,0.1203,0.0,25.5085,0.0051,0.0003,0.0,-0.0001,-0.0,-0.0002,STILL1
-17.4036,18.2873,-1.7606,0.0001,25.3063,0.2074,0.0001,25.4716,0.0119,0.0002,0.0,-0.0,0.0,-0.0001,STILL1
-17.101,18.1361,-2.2053,0.0002,25.0245,0.2818,0.0001,25.3781,0.043,0.0002,0.0,-0.0,0.0,-0.0001,STILL1
-17.4183,17.9807,-2.7018,0.0001,25.1794,0.1549,0.0,25.3316,0.0485,0.0002,0.0,0.0,0.0001,-0.0001,STILL1
-17.519,17.519,-2.6864,0.0003,24.9208,0.2586,0.0001,25.1889,0.0437,0.0002,0.0,0.0,0.0001,-0.0,STILL1
-17.5558,17.3652,-2.9366,0.0004,24.8673,0.0536,0.0001,25.0597,0.0265,0.0002,0.0,0.0001,0.0002,-0.0,STILL1
-17.2447,16.8984,-2.4868,0.0004,24.2718,0.5955,0.0,24.8528,0.0957,0.0003,0.0,0.0001,0.0002,-0.0,STILL1
-17.3395,17.0375,-2.3426,0.0003,24.4217,0.15,0.0001,24.7322,0.1124,0.0003,0.0,0.0001,0.0002,-0.0,STILL1
-17.3497,17.1143,-2.5897,0.0004,24.5075,0.0858,0.0001,24.5978,0.0645,0.0003,0.0,0.0001,0.0003,0.0,STILL1
-17.6392,17.4071,-2.8124,0.0004,24.9411,0.4335,0.0,24.6019,0.0672,0.0004,0.0,0.0002,0.0003,0.0001,STILL1
-17.9613,17.6476,-2.7624,0.0003,25.3313,0.3903,0.0001,24.6947,0.1509,0.0003,0.0,0.0002,0.0002,0.0001,STILL1
-18.2066,18.2962,-2.6005,0.0004,25.9421,0.6108,0.0,25.0287,0.3147,0.0003,0.0,0.0002,0.0001,0.0001,STILL1
-18.334,18.1432,-2.0367,0.0002,25.8739,0.0682,0.0002,25.3192,0.2995,0.0003,0.0,0.0002,0.0,0.0001,STILL1
-17.9922,18.1208,-1.97,0.0003,25.6118,0.2621,0.0001,25.54,0.1361,0.0003,0.0,0.0002,-0.0,0.0001,STILL1
-17.7406,18.5873,-2.0416,0.0003,25.7757,0.1639,0.0001,25.7069,0.0476,0.0003,0.0,0.0002,-0.0001,-0.0,STILL1
-17.7331,18.6167,-1.8239,0.0002,25.7754,0.0003,0.0001,25.7958,0.0124,0.0003,0.0,0.0002,-0.0,0.0,STILL1
-18.0865,18.6652,-1.831,0.0002,26.055,0.2796,0.0,25.8184,0.0211,0.0002,0.0,0.0001,-0.0,0.0,STILL1
-17.588,18.9353,-2.1429,0.0002,25.9321,0.1229,0.0,25.83,0.0229,0.0002,0.0,0.0,-0.0,0.0,STILL1
-17.5579,18.792,-2.3456,0.0002,25.8248,0.1073,0.0,25.8726,0.0116,0.0002,0.0,-0.0001,-0.0,0.0,STILL1
-17.8494,18.668,-3.1171,0.0004,26.0156,0.1908,0.0002,25.9206,0.0115,0.0002,0.0,-0.0002,0.0,0.0001,STILL1
-17.6764,18.6375,-2.8531,0.0004,25.8448,0.1708,0.0,25.9345,0.0082,0.0003,0.0,-0.0002,0.0,0.0,STILL1
-17.8505,18.8475,-2.9231,0.0005,26.123,0.2783,0.0001,25.9481,0.0123,0.0003,0.0,-0.0003,0.0001,-0.0,STILL1
-17.4554,18.4374,-2.701,0.0003,25.5328,0.5903,0.0002,25.8682,0.0403,0.0004,0.0,-0.0003,0.0001,-0.0,STILL1
-17.5331,18.3999,-2.6951,0.0003,25.5583,0.0256,0.0,25.8149,0.0563,0.0004,0.0,-0.0003,0.0002,0.0,STILL1
-17.9108,18.4699,-2.678,0.0004,25.8671,0.3088,0.0001,25.7852,0.0479,0.0004,0.0,-0.0002,0.0002,0.0,STILL1
-18.1349,18.1884,-1.9611,0.0003,25.7593,0.1078,0.0,25.7681,0.047,0.0004,0.0,-0.0001,0.0002,0.0001,STILL1
-18.1204,18.5133,-1.8845,0.0003,25.9739,0.2146,0.0001,25.7383,0.0294,0.0003,0.0,-0.0001,0.0001,0.0002,STILL1
-18.1932,18.2825,-2.0826,0.0003,25.8762,0.0976,0.0,25.807,0.0201,0.0003,0.0,0.0,0.0002,0.0002,STILL1
-18.1265,18.2479,-2.0692,0.0003,25.8038,0.0725,0.0,25.8561,0.0053,0.0003,0.0,0.0001,0.0001,0.0002,STILL1
-18.5262,17.8827,-1.9585,0.0002,25.8233,0.0196,0.0001,25.8473,0.0054,0.0003,0.0,0.0001,0.0001,0.0002,STILL1
-18.4928,17.9311,-1.7918,0.0003,25.8209,0.0024,0.0001,25.8596,0.0039,0.0003,0.0,0.0001,0.0001,0.0001,STILL1
-18.5849,17.9012,-1.5241,0.0002,25.849,0.0281,0.0001,25.8347,0.0006,0.0003,0.0,0.0002,0.0001,0.0001,STILL1
-18.5023,17.824,-1.9318,0.0001,25.7636,0.0854,0.0001,25.8121,0.0008,0.0002,0.0,0.0001,0.0001,0.0001,STILL1
-18.5706,17.578,-2.211,0.0001,25.6659,0.0976,0.0001,25.7846,0.0043,0.0002,0.0,0.0001,0.0001,0.0,STILL1
-18.0252,17.2405,-2.1719,0.0001,25.0372,0.6287,0.0001,25.6273,0.091,0.0002,0.0,0.0001,0.0001,0.0,STILL1
-18.4389,17.9643,-2.5438,0.0002,25.8685,0.8313,0.0001,25.6368,0.095,0.0001,0.0,0.0001,0.0001,0.0,STILL1
-18.5293,17.6589,-2.6194,0.0001,25.73,0.1385,0.0001,25.613,0.0872,0.0001,0.0,0.0001,0.0001,-0.0,STILL1
-17.8172,17.4521,-2.4549,0.0002,25.061,0.669,0.0001,25.4725,0.1239,0.0002,0.0,0.0001,0.0001,-0.0001,STILL1
-17.8975,17.3805,-2.5921,0.0002,25.0822,0.0212,0.0001,25.3558,0.1332,0.0002,0.0,0.0001,0.0,-0.0001,STILL1
-17.9805,17.6762,-2.6736,0.0002,25.3554,0.2731,0.0001,25.4194,0.1089,0.0002,0.0,0.0001,0.0001,-0.0001,STILL1
-17.6656,18.6535,-2.8233,0.0002,25.8457,0.4903,0.0001,25.4149,0.1049,0.0002,0.0,0.0001,0.0001,-0.0,STILL1
-17.7575,18.754,-2.3649,0.0002,25.9352,0.0896,0.0,25.4559,0.1375,0.0002,0.0,0.0001,0.0001,0.0,STILL1
-18.0435,19.2407,-2.4794,0.0001,26.4938,0.5586,0.0001,25.7425,0.2396,0.0002,0.0,0.0001,0.0001,0.0001,STILL1
-18.0567,18.4582,-2.0991,0.0001,25.9067,0.5871,0.0,25.9074,0.1306,0.0002,0.0,0.0,0.0001,0.0001,STILL1
-18.0953,18.2853,-1.6168,0.0,25.7761,0.1306,0.0001,25.9915,0.0661,0.0001,0.0,0.0,0.0001,0.0001,STILL1
-18.2263,17.9251,-1.8028,0.0001,25.6273,0.1488,0.0001,25.9478,0.0864,0.0001,0.0,0.0,0.0,0.0,STILL1
-18.3966,18.337,-2.2079,0.0002,26.0683,0.441,0.0,25.9744,0.0886,0.0001,0.0,-0.0,0.0001,-0.0,STILL1
-18.5267,18.2727,-2.3726,0.0002,26.1297,0.0614,0.0,25.9016,0.0342,0.0001,0.0,-0.0001,0.0,-0.0,STILL1
-18.5182,17.7588,-2.0543,0.0003,25.7395,0.3902,0.0,25.8682,0.0383,0.0002,0.0,-0.0001,0.0001,-0.0,STILL1
-18.2021,18.1195,-2.0653,0.0003,25.7662,0.0268,0.0,25.8662,0.0387,0.0002,0.0,-0.0001,0.0,-0.0,STILL1
-18.321,18.48,-2.2866,0.0005,26.1228,0.3565,0.0002,25.9653,0.0306,0.0003,0.0,-0.0002,0.0,0.0001,STILL1
-17.7662,18.3309,-2.1512,0.0004,25.6181,0.5047,0.0001,25.8752,0.0445,0.0003,0.0,-0.0002,0.0,0.0002,STILL1
-17.6442,18.2897,-2.3428,0.0003,25.521,0.0971,0.0001,25.7535,0.0418,0.0003,0.0,-0.0002,0.0001,0.0002,STILL1
-17.5654,18.7286,-2.4055,0.0002,25.7894,0.2684,0.0001,25.7635,0.0419,0.0003,0.0,-0.0002,0.0001,0.0002,STILL1
-17.8492,18.6517,-2.4275,0.0002,25.9301,0.1408,0.0001,25.7963,0.0464,0.0003,0.0,-0.0001,0.0001,0.0002,STILL1
-17.8981,19.3276,-2.642,0.0004,26.4741,0.544,0.0001,25.8665,0.112,0.0003,0.0,-0.0,0.0002,0.0002,STILL1
-17.9841,18.9933,-1.9042,0.0002,26.2259,0.2481,0.0002,25.9881,0.1108,0.0003,0.0,0.0,0.0002,0.0001,STILL1
-17.6717,19.0915,-1.7015,0.0001,26.0705,0.1555,0.0001,26.098,0.0564,0.0002,0.0,0.0001,0.0002,0.0001,STILL1
-18.1498,18.7638,-1.8081,0.0002,26.1681,0.0976,0.0001,26.1737,0.0326,0.0002,0.0,0.0001,0.0001,0.0001,STILL1
-18.3449,18.683,-1.5558,0.0002,26.2299,0.0618,0.0,26.2337,0.0178,0.0002,0.0,0.0001,0.0001,0.0001,STILL1
-18.0571,18.6432,-1.7259,0.0002,26.0117,0.2182,0.0,26.1412,0.0075,0.0002,0.0,0.0002,0.0,0.0001,STILL1
-18.1363,19.2271,-1.5589,0.0003,26.4771,0.4654,0.0002,26.1914,0.0261,0.0002,0.0,0.0002,-0.0,0.0001,STILL1
-17.5028,18.5348,-2.144,0.0002,25.5829,0.8942,0.0002,26.0939,0.0877,0.0002,0.0,0.0002,-0.0001,0.0001,STILL1
-17.5804,18.2841,-2.1464,0.0002,25.4555,0.1273,0.0,25.9514,0.1478,0.0002,0.0,0.0002,-0.0001,0.0001,STILL1
-17.7206,17.9335,-2.6671,0.0002,25.3524,0.1032,0.0,25.7759,0.1733,0.0002,0.0,0.0002,-0.0001,0.0,STILL1
-17.5827,17.8031,-3.5775,0.0001,25.2764,0.0759,0.0001,25.6289,0.1905,0.0002,0.0,0.0002,-0.0001,0.0,STILL1
-17.5037,18.0831,-3.4682,0.0003,25.4048,0.1284,0.0002,25.4144,0.0106,0.0002,0.0,0.0001,-0.0,-0.0,STILL1
-17.8404,17.8165,-3.2746,0.0001,25.425,0.0202,0.0002,25.3828,0.004,0.0002,0.0,0.0001,0.0,-0.0,STILL1
-18.0317,17.5813,-2.5978,0.0,25.3178,0.1071,0.0001,25.3553,0.003,0.0002,0.0,0.0001,0.0,-0.0,STILL1
-18.0504,17.6338,-2.2439,0.0002,25.3338,0.016,0.0002,25.3516,0.0031,0.0001,0.0,0.0001,0.0,-0.0,STILL1
-18.2465,17.7633,-2.792,0.0003,25.6177,0.2839,0.0001,25.4198,0.0114,0.0002,0.0,0.0,-0.0,-0.0001,STILL1
-18.0191,17.97,-2.5836,0.0003,25.579,0.0387,0.0,25.4547,0.0152,0.0002,0.0,0.0,-0.0001,0.0,STILL1
-17.8247,17.9385,-2.5356,0.0002,25.4153,0.1637,0.0001,25.4527,0.0154,0.0002,0.0,0.0,-0.0002,0.0,STILL1
-18.3441,17.7696,-2.3066,0.0002,25.6434,0.2281,0.0,25.5178,0.0148,0.0002,0.0,0.0,-0.0002,0.0,STILL1
-18.5472,17.8781,-2.2547,0.0002,25.8594,0.216,0.0,25.623,0.0203,0.0002,0.0,0.0,-0.0002,0.0001,STILL1
-18.4565,17.84,-2.7881,0.0003,25.8202,0.0392,0.0,25.6635,0.0264,0.0002,0.0,0.0,-0.0001,0.0001,STILL1
-18.7839,17.4814,-2.5367,0.0001,25.7851,0.0351,0.0001,25.7047,0.0262,0.0002,0.0,0.0,-0.0,0.0001,STILL1
-18.8365,17.6539,-2.1513,0.0001,25.9056,0.1206,0.0,25.8027,0.008,0.0002,0.0,0.0,-0.0,0.0001,STILL1
-19.0723,17.5012,-2.1991,0.0003,25.9785,0.0729,0.0002,25.8698,0.0046,0.0002,0.0,-0.0,0.0,0.0001,STILL1
-19.1298,17.6885,-1.8937,0.0004,26.1231,0.1446,0.0001,25.9225,0.0146,0.0002,0.0,-0.0001,0.0,0.0,STILL1
-18.7913,17.282,-1.7524,0.0004,25.5901,0.533,0.0,25.8765,0.0325,0.0003,0.0,-0.0001,-0.0001,0.0,STILL1
-18.9893,17.1381,-1.702,0.0003,25.636,0.0459,0.0001,25.8467,0.0415,0.0003,0.0,-0.0001,-0.0002,-0.0,STILL1
-18.9633,17.2792,-1.8897,0.0003,25.7245,0.0885,0.0,25.8104,0.0425,0.0003,0.0,-0.0001,-0.0002,-0.0001,STILL1
-18.4488,17.2765,-2.243,0.0002,25.3745,0.35,0.0001,25.6896,0.0602,0.0003,0.0,-0.0001,-0.0002,-0.0001,STILL1
-18.4121,17.7368,-2.4569,0.0002,25.6834,0.3089,0.0001,25.6017,0.0149,0.0003,0.0,-0.0,-0.0002,-0.0001,STILL1
-18.4641,17.9614,-2.3218,0.0003,25.8636,0.1801,0.0,25.6564,0.0256,0.0002,0.0,-0.0001,-0.0001,-0.0002,STILL1
-17.9338,18.4378,-2.7855,0.0001,25.8715,0.0079,0.0002,25.7035,0.0326,0.0002,0.0,-0.0001,-0.0,-0.0001,STILL1
-17.9595,17.9065,-2.9347,0.0002,25.5304,0.3411,0.0001,25.6647,0.037,0.0002,0.0,-0.0001,0.0001,-0.0001,STILL1
-17.7801,18.3127,-2.8696,0.0003,25.6851,0.1547,0.0001,25.7268,0.0164,0.0002,0.0,-0.0001,0.0002,-0.0001,STILL1
-18.1116,18.9127,-3.0926,0.0004,26.3682,0.6832,0.0001,25.8637,0.0795,0.0003,0.0,-0.0,0.0002,0.0,STILL1
-17.6768,19.5958,-3.0959,0.0005,26.5715,0.2033,0.0001,26.0053,0.1597,0.0003,0.0,-0.0,0.0003,0.0001,STILL1
-17.082,19.311,-3.1049,0.0003,25.9683,0.6033,0.0002,26.0247,0.156,0.0004,0.0,-0.0,0.0003,0.0001,STILL1
-17.95,18.6738,-3.2776,0.0002,26.1085,0.1403,0.0001,26.1403,0.0952,0.0004,0.0,0.0,0.0003,0.0001,STILL1
-17.8381,18.8359,-3.2752,0.0002,26.148,0.0394,0.0,26.2329,0.0451,0.0003,0.0,0.0,0.0003,0.0001,STILL1
-17.8643,18.7625,-3.1389,0.0003,26.0963,0.0517,0.0001,26.1785,0.0423,0.0003,0.0,0.0001,0.0003,0.0001,STILL1
-17.9164,18.7944,-2.858,0.0001,26.1227,0.0264,0.0002,26.0887,0.0039,0.0002,0.0,0.0001,0.0002,0.0,STILL1
-17.6362,18.973,-2.627,0.0001,26.0368,0.0859,0.0,26.1024,0.0014,0.0002,0.0,0.0001,0.0001,0.0,STILL1
-18.3121,18.6909,-2.5923,0.0003,26.2945,0.2578,0.0001,26.1396,0.0074,0.0002,0.0,0.0001,0.0002,0.0,STILL1
-18.0153,18.7277,-2.6207,0.0004,26.1179,0.1766,0.0002,26.1336,0.0074,0.0003,0.0,0.0001,0.0002,0.0001,STILL1
-17.8279,18.2947,-2.5997,0.0005,25.6766,0.4414,0.0,26.0497,0.0419,0.0003,0.0,0.0001,0.0002,0.0001,STILL1
-17.7373,17.5951,-2.8047,0.0002,25.1409,0.5356,0.0002,25.8534,0.1674,0.0003,0.0,0.0001,0.0002,0.0002,STILL1
-18.0648,17.8605,-2.7625,0.0005,25.5532,0.4123,0.0003,25.7566,0.1694,0.0004,0.0,0.0001,0.0003,0.0002,STILL1
-18.1831,17.6227,-2.9038,0.0004,25.4876,0.0656,0.0001,25.5953,0.0999,0.0004,0.0,0.0,0.0003,0.0002,STILL1
-18.059,17.4607,-3.0324,0.0002,25.3022,0.1855,0.0002,25.4321,0.0358,0.0003,0.0,-0.0,0.0003,0.0002,STILL1
-18.0253,17.6686,-3.0728,0.0001,25.427,0.1249,0.0001,25.3822,0.0214,0.0003,0.0,-0.0001,0.0002,0.0001,STILL1
-17.839,18.4223,-3.0176,0.0002,25.8209,0.3939,0.0001,25.5182,0.0298,0.0003,0.0,-0.0001,0.0001,0.0001,STILL1
-17.9618,17.8785,-2.7672,0.0002,25.4936,0.3273,0.0,25.5063,0.0295,0.0002,0.0,-0.0001,0.0001,-0.0,STILL1
-17.7507,17.6403,-3.1513,0.0003,25.223,0.2707,0.0001,25.4533,0.0427,0.0002,0.0,-0.0001,-0.0,-0.0,STILL1
-17.4912,17.831,-2.9554,0.0003,25.152,0.071,0.0001,25.4233,0.0554,0.0002,0.0,-0.0002,-0.0001,-0.0001,STILL1
-17.7805,17.8492,-2.9862,0.0002,25.3704,0.2184,0.0,25.412,0.0558,0.0003,0.0,-0.0002,-0.0001,-0.0001,STILL1
-18.6369,18.2731,-2.8108,0.0003,26.2515,0.8811,0.0001,25.4981,0.1559,0.0003,0.0,-0.0002,-0.0001,-0.0001,STILL1
-18.4251,17.8466,-3.1955,0.0002,25.8495,0.4019,0.0001,25.5693,0.1755,0.0003,0.0,-0.0002,-0.0001,-0.0001,STILL1
-18.5057,17.2835,-3.1752,0.0001,25.5199,0.3296,0.0001,25.6286,0.1485,0.0002,0.0,-0.0002,-0.0001,-0.0001,STILL1
-18.4233,17.8581,-2.8526,0.0001,25.816,0.2962,0.0,25.7614,0.0924,0.0002,0.0,-0.0001,-0.0001,-0.0,STILL1
-18.1949,17.3302,-2.704,0.0002,25.2726,0.5435,0.0,25.7419,0.1093,0.0002,0.0,-0.0001,-0.0001,-0.0,STILL1
-18.0403,17.511,-2.3882,0.0001,25.2546,0.018,0.0,25.5425,0.0651,0.0002,0.0,-0.0001,-0.0001,-0.0,STILL1
-17.951,18.1838,-2.6887,0.0003,25.6928,0.4382,0.0002,25.5112,0.0498,0.0002,0.0,-0.0,-0.0001,-0.0,STILL1
-18.2514,17.9846,-2.0259,0.0003,25.7034,0.0106,0.0001,25.5479,0.0558,0.0002,0.0,-0.0,-0.0001,-0.0001,STILL1
-18.3574,17.3252,-2.1301,0.0003,25.3316,0.3717,0.0,25.451,0.0414,0.0002,0.0,-0.0,-0.0002,-0.0001,STILL1
-18.0765,17.9382,-1.8697,0.0003,25.535,0.2034,0.0,25.5035,0.0337,0.0003,0.0,0.0,-0.0002,-0.0001,STILL1
-17.8675,17.8568,-1.4802,0.0002,25.3042,0.2308,0.0001,25.5134,0.0291,0.0003,0.0,0.0,-0.0002,-0.0001,STILL1
-18.0752,17.7699,-1.8685,0.0003,25.416,0.1118,0.0001,25.4581,0.0215,0.0003,0.0,0.0001,-0.0002,-0.0001,STILL1
-18.5914,17.4471,-1.6792,0.0005,25.5512,0.1352,0.0002,25.4276,0.0103,0.0003,0.0,0.0001,-0.0002,-0.0001,STILL1
-18.7794,17.4358,-2.034,0.0002,25.7062,0.1551,0.0002,25.5025,0.0183,0.0003,0.0,0.0002,-0.0002,-0.0001,STILL1
-18.8673,18.3205,-2.4709,0.0002,26.4144,0.7082,0.0,25.6784,0.1535,0.0003,0.0,0.0002,-0.0001,-0.0,STILL1
-18.9813,18.3877,-2.1861,0.0003,26.5175,0.1031,0.0001,25.9211,0.2074,0.0003,0.0,0.0002,-0.0001,0.0,STILL1
-18.9632,18.132,-2.0176,0.0003,26.3143,0.2032,0.0,26.1007,0.1551,0.0003,0.0,0.0002,-0.0001,0.0001,STILL1
-18.6455,18.1244,-1.911,0.0003,26.073,0.2413,0.0,26.2051,0.0839,0.0003,0.0,0.0002,-0.0001,0.0001,STILL1
-18.8539,17.9526,-1.6569,0.0004,26.0866,0.0137,0.0,26.2812,0.0312,0.0003,0.0,0.0002,-0.0001,0.0001,STILL1
-18.6394,17.4652,-1.7974,0.0003,25.6065,0.4802,0.0001,26.1196,0.0926,0.0003,0.0,0.0003,-0.0001,0.0001,STILL1
-18.0271,17.6597,-2.3223,0.0003,25.3424,0.2641,0.0001,25.8846,0.1265,0.0003,0.0,0.0003,-0.0001,0.0,STILL1
-18.0311,18.0434,-2.3828,0.0004,25.6195,0.2772,0.0001,25.7456,0.0843,0.0003,0.0,0.0002,-0.0002,-0.0,STILL1
-18.1561,18.1972,-2.2625,0.0002,25.8051,0.1855,0.0003,25.692,0.0607,0.0003,0.0,0.0002,-0.0002,-0.0,STILL1
-18.8249,18.1203,-2.3756,0.0002,26.2367,0.4316,0.0,25.722,0.088,0.0003,0.0,0.0002,-0.0001,-0.0001,STILL1
-18.4193,17.8743,-2.0724,0.0002,25.7499,0.4868,0.0,25.7507,0.0846,0.0002,0.0,0.0001,-0.0001,-0.0001,STILL1
-17.9886,17.7588,-2.0517,0.0003,25.3609,0.389,0.0001,25.7544,0.0816,0.0002,0.0,0.0001,-0.0001,-0.0001,STILL1
-18.1846,18.0508,-2.2663,0.0003,25.7225,0.3616,0.0,25.775,0.0778,0.0002,0.0,0.0001,0.0001,-0.0001,STILL1
-17.9664,17.775,-2.0912,0.0002,25.3598,0.3628,0.0001,25.6859,0.1042,0.0002,0.0,0.0,0.0001,-0.0001,STILL1
-17.8075,17.9857,-1.8167,0.0004,25.375,0.0153,0.0002,25.5136,0.0331,0.0003,0.0,0.0,0.0002,-0.0001,STILL1
-18.1679,18.1104,-1.9127,0.0004,25.7239,0.3488,0.0,25.5084,0.0308,0.0003,0.0,0.0,0.0003,-0.0001,STILL1
-17.9874,18.0727,-2.0271,0.0002,25.5789,0.145,0.0002,25.552,0.0255,0.0003,0.0,-0.0,0.0003,-0.0,STILL1
-18.3868,17.8144,-2.3373,0.0004,25.7078,0.1289,0.0001,25.5491,0.0246,0.0003,0.0,-0.0,0.0003,0.0,STILL1
-18.0876,17.7515,-2.4011,0.0003,25.4567,0.2511,0.0001,25.5684,0.0187,0.0004,0.0,-0.0001,0.0003,0.0,STILL1
-18.0638,18.0356,-2.4927,0.0002,25.6476,0.1909,0.0001,25.623,0.0095,0.0003,0.0,-0.0001,0.0003,0.0,STILL1
-17.8604,17.9847,-2.5348,0.0002,25.4729,0.1746,0.0,25.5728,0.0095,0.0003,0.0,-0.0001,0.0002,0.0,STILL1
-17.8446,18.0597,-2.3653,0.0003,25.4985,0.0256,0.0001,25.5567,0.0103,0.0003,0.0,-0.0001,0.0001,-0.0001,STILL1
-18.1507,18.4571,-2.3173,0.0001,25.99,0.4915,0.0002,25.6131,0.0401,0.0002,0.0,-0.0,0.0001,-0.0001,STILL1
-18.2674,17.8219,-2.2757,0.0002,25.6222,0.3678,0.0002,25.6463,0.0341,0.0002,0.0,-0.0001,0.0,-0.0001,STILL1
-18.6139,17.9513,-3.0643,0.0002,26.0407,0.4185,0.0,25.7249,0.0591,0.0002,0.0,-0.0001,0.0,-0.0002,STILL1
-18.3099,17.5204,-3.1796,0.0001,25.5407,0.5,0.0001,25.7384,0.053,0.0002,0.0,-0.0,0.0,-0.0001,STILL1
-18.2042,17.5757,-2.9687,0.0002,25.4776,0.0631,0.0001,25.7343,0.055,0.0002,0.0,-0.0,0.0001,-0.0001,STILL1
-17.9227,17.8043,-3.4656,0.0002,25.4996,0.0219,0.0,25.6362,0.0433,0.0002,0.0,-0.0,0.0001,-0.0001,STILL1
-17.5663,18.0497,-3.1006,0.0002,25.3768,0.1228,0.0,25.5871,0.0544,0.0002,0.0,0.0,0.0001,-0.0001,STILL1
-17.1905,17.7398,-2.8336,0.0003,24.8645,0.5123,0.0001,25.3518,0.0623,0.0002,0.0,0.0001,0.0,-0.0001,STILL1
-16.9868,17.9106,-3.0356,0.0002,24.8708,0.0063,0.0001,25.2178,0.0835,0.0002,0.0,0.0001,0.0,-0.0002,STILL1
-17.1176,18.1034,-2.9066,0.0002,25.0837,0.213,0.0,25.1391,0.0674,0.0002,0.0,0.0001,-0.0,-0.0002,STILL1
-17.4128,18.3546,-2.8347,0.0001,25.4585,0.3747,0.0001,25.1308,0.0617,0.0002,0.0,0.0001,-0.0,-0.0002,STILL1
-18.0521,18.5743,-2.8709,0.0003,26.0601,0.6016,0.0002,25.2675,0.2036,0.0002,0.0,0.0001,-0.0,-0.0002,STILL1
-17.9323,18.6876,-2.6498,0.0002,26.0349,0.0252,0.0001,25.5016,0.2341,0.0002,0.0,0.0,-0.0,-0.0001,STILL1
-17.7865,18.4188,-2.373,0.0002,25.7146,0.3202,0.0001,25.6704,0.1351,0.0002,0.0,-0.0,-0.0001,-0.0001,STILL1
-17.8448,18.2507,-2.3328,0.0002,25.6314,0.0833,0.0,25.7799,0.0546,0.0002,0.0,-0.0001,-0.0,-0.0001,STILL1
-17.5727,18.3849,-2.185,0.0002,25.5261,0.1053,0.0,25.7934,0.0467,0.0002,0.0,-0.0001,0.0,-0.0001,STILL1
-17.4738,18.6954,-2.2011,0.0004,25.6846,0.1585,0.0002,25.7183,0.0292,0.0003,0.0,-0.0001,0.0001,-0.0,STILL1
-17.8103,18.797,-2.2296,0.0004,25.9905,0.3059,0.0,25.7094,0.0239,0.0003,0.0,-0.0001,0.0002,-0.0,STILL1
-18.0014,18.9282,-2.0149,0.0004,26.199,0.2085,0.0001,25.8063,0.0624,0.0003,0.0,-0.0001,0.0003,-0.0,STILL1
-18.1105,19.6019,-2.3932,0.0003,26.7946,0.5957,0.0,26.0389,0.1975,0.0003,0.0,-0.0001,0.0003,0.0,STILL1
-17.9196,19.5753,-2.0896,0.0003,26.6209,0.1737,0.0,26.2579,0.1647,0.0004,0.0,-0.0002,0.0002,-0.0,STILL1
-17.9263,19.2071,-2.081,0.0003,26.3552,0.2657,0.0,26.392,0.0829,0.0004,0.0,-0.0002,0.0001,-0.0,STILL1
-18.2254,19.0563,-2.0742,0.0001,26.4502,0.095,0.0002,26.484,0.0428,0.0003,0.0,-0.0002,0.0,0.0,STILL1
-17.9178,18.9388,-2.3562,0.0002,26.1778,0.2723,0.0,26.4797,0.0453,0.0003,0.0,-0.0002,-0.0001,0.0,STILL1
-17.703,18.5354,-2.6256,0.0004,25.7653,0.4125,0.0002,26.2739,0.0852,0.0003,0.0,-0.0001,-0.0002,0.0,STILL1
-18.2718,18.8065,-2.8005,0.0003,26.3701,0.6048,0.0001,26.2237,0.0604,0.0003,0.0,-0.0001,-0.0002,0.0001,STILL1
-17.3268,18.6827,-2.0716,0.0002,25.5647,0.8055,0.0001,26.0656,0.1189,0.0002,0.0,0.0,-0.0001,0.0,STILL1
-17.4333,18.368,-2.9542,0.0002,25.4957,0.0689,0.0,25.8747,0.1178,0.0003,0.0,0.0001,-0.0001,0.0,STILL1
-17.2185,18.1007,-1.9946,0.0001,25.0617,0.434,0.0001,25.6515,0.1818,0.0002,0.0,0.0001,-0.0001,0.0,STILL1
-17.2623,17.993,-2.2519,0.0002,25.0361,0.0256,0.0001,25.5057,0.2337,0.0002,0.0,0.0001,-0.0001,0.0,STILL1
-17.9911,18.2757,-1.8078,0.0003,25.7089,0.6728,0.0001,25.3734,0.075,0.0002,0.0,0.0001,-0.0,0.0001,STILL1
-18.421,18.3393,-2.2837,0.0003,26.0937,0.3847,0.0,25.4792,0.1602,0.0002,0.0,0.0001,-0.0001,0.0001,STILL1
-18.4649,18.2996,-2.5926,0.0003,26.1256,0.032,0.0,25.6052,0.2279,0.0002,0.0,0.0,-0.0002,0.0001,STILL1
-18.1344,18.2646,-3.096,0.0005,25.9237,0.2019,0.0002,25.7776,0.1594,0.0003,0.0,0.0001,-0.0002,0.0001,STILL1
-18.2638,18.1398,-2.833,0.0004,25.8968,0.0269,0.0001,25.9498,0.0226,0.0003,0.0,0.0001,-0.0003,0.0001,STILL1
-18.4142,18.1744,-2.8602,0.0004,26.0302,0.1333,0.0001,26.014,0.0082,0.0004,0.0,0.0001,-0.0003,0.0,STILL1
-18.6001,17.9551,-2.6944,0.0004,25.9925,0.0377,0.0001,25.9938,0.0066,0.0004,0.0,0.0001,-0.0004,-0.0001,STILL1
-18.8488,17.9328,-2.643,0.0004,26.1505,0.158,0.0,25.9988,0.008,0.0004,0.0,0.0,-0.0004,-0.0001,STILL1
-18.8509,18.1994,-2.5488,0.0003,26.3263,0.1757,0.0001,26.0793,0.0219,0.0004,0.0,0.0,-0.0003,-0.0002,STILL1
-18.0557,18.072,-2.9297,0.0003,25.7136,0.6126,0.0,26.0426,0.0406,0.0004,0.0,-0.0,-0.0002,-0.0002,STILL1
-18.329,18.667,-2.8812,0.0003,26.3194,0.6057,0.0,26.1005,0.0525,0.0003,0.0,0.0,-0.0002,-0.0002,STILL1
-17.9413,18.7898,-2.8362,0.0003,26.1341,0.1852,0.0001,26.1288,0.0496,0.0003,0.0,0.0,-0.0001,-0.0002,STILL1
-18.0718,18.7256,-2.6971,0.0004,26.1632,0.0291,0.0001,26.1313,0.0498,0.0003,0.0,0.0001,-0.0001,-0.0002,STILL1
-18.1387,18.5649,-2.6139,0.0003,26.0864,0.0768,0.0001,26.0833,0.0403,0.0003,0.0,0.0,-0.0001,-0.0002,STILL1
-17.9734,18.3269,-2.5755,0.0003,25.7983,0.2881,0.0,26.1003,0.0289,0.0003,0.0,0.0001,-0.0001,-0.0002,STILL1
-18.1913,18.9365,-3.001,0.0002,26.4295,0.6312,0.0001,26.1223,0.0405,0.0003,0.0,0.0001,-0.0,-0.0002,STILL1
-18.0593,18.8992,-2.7165,0.0002,26.2811,0.1484,0.0,26.1517,0.0446,0.0003,0.0,0.0001,-0.0001,-0.0002,STILL1
-18.0724,18.6256,-2.4169,0.0001,26.0647,0.2164,0.0001,26.132,0.0457,0.0002,0.0,0.0001,-0.0,-0.0001,STILL1
-18.1236,18.5724,-2.7335,0.0001,26.0935,0.0288,0.0001,26.1334,0.0456,0.0002,0.0,0.0001,0.0,-0.0001,STILL1
-18.1895,18.6954,-2.6212,0.0002,26.2154,0.1219,0.0001,26.2168,0.0175,0.0002,0.0,0.0001,0.0001,-0.0001,STILL1
-18.1891,17.8876,-2.7438,0.0004,25.6581,0.5573,0.0001,26.0625,0.0471,0.0002,0.0,0.0,0.0001,-0.0001,STILL1
-18.2481,17.7319,-2.9357,0.0001,25.6132,0.0449,0.0002,25.9289,0.0601,0.0002,0.0,-0.0,0.0001,-0.0001,STILL1
-17.9173,17.8543,-3.4048,0.0001,25.5225,0.0907,0.0,25.8205,0.0777,0.0002,0.0,-0.0001,0.0001,-0.0,STILL1
-18.1119,18.1584,-3.7801,0.0002,25.9241,0.4016,0.0001,25.7866,0.0638,0.0002,0.0,-0.0001,0.0001,-0.0,STILL1
-17.9739,18.2393,-3.321,0.0004,25.8217,0.1024,0.0002,25.7079,0.0211,0.0002,0.0,-0.0,0.0,0.0001,STILL1
-18.0916,18.2133,-3.8193,0.0005,25.9541,0.1324,0.0001,25.7671,0.0292,0.0003,0.0,-0.0,-0.0001,0.0002,STILL1
-18.4952,18.1331,-3.8992,0.0004,26.1932,0.2391,0.0001,25.8831,0.0473,0.0003,0.0,-0.0001,-0.0001,0.0002,STILL1
-18.0961,18.3659,-3.7506,0.0004,26.0546,0.1386,0.0,25.9896,0.0159,0.0004,0.0,-0.0001,-0.0,0.0003,STILL1
-18.305,18.3021,-3.3911,0.0005,26.1063,0.0517,0.0001,26.026,0.0164,0.0004,0.0,-0.0002,0.0001,0.0003,STILL1
-18.2128,18.5073,-3.2691,0.0003,26.1708,0.0645,0.0001,26.0958,0.0074,0.0004,0.0,-0.0002,0.0001,0.0003,STILL1
-17.7546,18.009,-3.4809,0.0002,25.5277,0.6431,0.0001,26.0105,0.0607,0.0004,0.0,-0.0001,0.0002,0.0002,STILL1
-17.5068,18.3165,-3.2191,0.0004,25.5411,0.0133,0.0002,25.8801,0.0811,0.0004,0.0,0.0,0.0002,0.0002,STILL1
-17.7492,18.6689,-3.2815,0.0002,25.9678,0.4268,0.0002,25.8628,0.0762,0.0003,0.0,0.0001,0.0002,0.0001,STILL1
-18.0994,18.1788,-3.2721,0.0002,25.8605,0.1074,0.0,25.8136,0.0619,0.0003,0.0,0.0001,0.0002,0.0001,STILL1
-18.492,18.0243,-3.2302,0.0003,26.0243,0.1638,0.0001,25.7843,0.0444,0.0003,0.0,0.0001,0.0002,0.0001,STILL1
-18.3311,17.8945,-2.8841,0.0004,25.779,0.2453,0.0001,25.8345,0.0287,0.0003,0.0,0.0001,0.0002,0.0001,STILL1
-18.268,17.2999,-2.4229,0.0004,25.276,0.503,0.0,25.7815,0.0711,0.0003,0.0,0.0002,0.0002,0.0001,STILL1
-18.38,17.04,-2.4071,0.0003,25.1789,0.0971,0.0001,25.6238,0.1119,0.0003,0.0,0.0002,0.0002,0.0001,STILL1
-18.4665,17.3445,-2.1882,0.0001,25.4289,0.25,0.0002,25.5375,0.1008,0.0003,0.0,0.0002,0.0001,0.0001,STILL1
-18.8326,17.8412,-1.5287,0.0002,25.9868,0.5578,0.0001,25.5299,0.0937,0.0002,0.0,0.0002,0.0001,0.0001,STILL1
-18.2973,17.598,-1.5261,0.0,25.4324,0.5543,0.0001,25.4606,0.0784,0.0002,0.0,0.0001,0.0001,0.0001,STILL1
-17.8472,17.6971,-1.4365,0.0002,25.1749,0.2575,0.0001,25.4404,0.0875,0.0001,0.0,0.0,0.0,0.0,STILL1
-18.3059,17.4577,-2.2492,0.0003,25.3956,0.2207,0.0001,25.4837,0.0724,0.0001,0.0,-0.0,-0.0,-0.0,STILL1
-18.601,18.3912,-2.1306,0.0004,26.2444,0.8488,0.0001,25.6468,0.1609,0.0002,0.0,-0.0001,-0.0,-0.0,STILL1
-18.7277,18.3817,-2.1232,0.0002,26.3272,0.0827,0.0002,25.7149,0.2257,0.0002,0.0,-0.0002,-0.0001,-0.0001,STILL1
-18.4915,18.496,-1.9767,0.0003,26.2287,0.0985,0.0,25.8742,0.2372,0.0003,0.0,-0.0002,-0.0001,-0.0001,STILL1
-18.137,18.3749,-2.3407,0.0003,25.9242,0.3045,0.0,26.024,0.1174,0.0003,0.0,-0.0002,-0.0001,-0.0002,STILL1
-17.8814,17.9812,-2.5882,0.0004,25.4905,0.4337,0.0002,26.043,0.095,0.0003,0.0,-0.0002,-0.0001,-0.0002,STILL1
-17.9708,17.6818,-2.7331,0.0003,25.3587,0.1318,0.0002,25.8659,0.1492,0.0003,0.0,-0.0001,-0.0001,-0.0002,STILL1
-18.2579,17.7673,-2.3646,0.0005,25.5855,0.2268,0.0002,25.7175,0.1003,0.0003,0.0,-0.0002,-0.0001,-0.0002,STILL1
-18.5688,18.0357,-1.9917,0.0001,25.9626,0.377,0.0003,25.6643,0.0573,0.0003,0.0,-0.0002,-0.0001,-0.0002,STILL1
-18.055,17.5255,-2.2308,0.0002,25.2607,0.7019,0.0,25.5316,0.0587,0.0003,0.0,-0.0001,-0.0001,-0.0001,STILL1
-17.7347,17.636,-2.2972,0.0001,25.1162,0.1445,0.0001,25.4567,0.0873,0.0002,0.0,-0.0001,-0.0001,-0.0,STILL1
-18.2408,17.2369,-2.4002,0.0004,25.2111,0.0949,0.0003,25.4272,0.0966,0.0002,0.0,-0.0,-0.0001,0.0,STILL1
-17.6021,16.802,-2.4546,0.0003,24.4574,0.7537,0.0001,25.2016,0.2287,0.0002,0.0,0.0001,-0.0001,0.0001,STILL1
-17.7598,17.326,-2.373,0.0002,24.9245,0.4671,0.0001,24.994,0.0852,0.0002,0.0,0.0001,-0.0001,0.0,STILL1
-17.5266,17.5827,-2.0734,0.0002,24.9125,0.0121,0.0,24.9243,0.0674,0.0002,0.0,0.0001,-0.0002,0.0,STILL1
-17.2025,18.1724,-1.9244,0.0003,25.0971,0.1847,0.0,24.9205,0.066,0.0003,0.0,0.0001,-0.0002,-0.0,STILL1
-17.3245,18.0723,-1.8739,0.0002,25.1049,0.0078,0.0001,24.8993,0.0555,0.0002,0.0,0.0,-0.0001,-0.0001,STILL1
-17.419,18.6016,-2.6147,0.0002,25.6179,0.513,0.0001,25.1314,0.0659,0.0002,0.0,-0.0,-0.0,-0.0001,STILL1
-17.3946,18.4188,-2.473,0.0002,25.4546,0.1633,0.0001,25.2374,0.067,0.0002,0.0,0.0,0.0,-0.0001,STILL1
-17.4438,18.6069,-2.319,0.0002,25.6101,0.1555,0.0001,25.3769,0.0542,0.0002,0.0,-0.0,0.0001,-0.0001,STILL1
-17.4738,18.7199,-1.9021,0.0002,25.6785,0.0683,0.0,25.4932,0.0432,0.0002,0.0,-0.0001,0.0001,-0.0001,STILL1
-16.8978,18.6353,-2.0123,0.0003,25.236,0.4424,0.0001,25.5194,0.0255,0.0002,0.0,-0.0,0.0001,-0.0001,STILL1
-17.2057,18.327,-2.1817,0.0002,25.2324,0.0036,0.0001,25.4423,0.0341,0.0002,0.0,0.0,0.0,-0.0002,STILL1
-16.9927,18.1335,-2.6173,0.0001,24.9885,0.2439,0.0001,25.3491,0.0666,0.0002,0.0,0.0,0.0,-0.0001,STILL1
-17.191,18.038,-2.7938,0.0002,25.074,0.0856,0.0001,25.2419,0.0566,0.0002,0.0,0.0001,0.0,-0.0001,STILL1
-17.5653,17.4179,-2.2944,0.0002,24.8433,0.2307,0.0,25.0748,0.0224,0.0002,0.0,0.0001,0.0001,-0.0001,STILL1
-17.4148,17.5687,-2.1262,0.0001,24.8285,0.0148,0.0,24.9933,0.0227,0.0002,0.0,0.0001,0.0001,-0.0,STILL1
-17.4287,17.7393,-2.1978,0.0002,24.9654,0.137,0.0001,24.9399,0.0086,0.0002,0.0,0.0001,0.0001,-0.0,STILL1
-17.1867,17.954,-2.1895,0.0002,24.9504,0.0151,0.0,24.9323,0.008,0.0002,0.0,0.0001,0.0001,0.0,STILL1
-17.2775,17.9194,-2.1391,0.0003,24.9839,0.0335,0.0002,24.9143,0.0042,0.0002,0.0,0.0,0.0001,0.0,STILL1
-17.8657,18.1949,-2.4863,0.0003,25.6207,0.6369,0.0001,25.0698,0.0789,0.0002,0.0,-0.0,0.0001,0.0,STILL1
-18.027,18.0684,-2.489,0.0002,25.6444,0.0237,0.0001,25.233,0.1066,0.0002,0.0,-0.0001,0.0001,0.0,STILL1
-18.2122,18.0391,-2.7631,0.0002,25.7823,0.1379,0.0,25.3963,0.126,0.0002,0.0,-0.0001,0.0001,0.0001,STILL1
-18.4104,17.5219,-2.4886,0.0005,25.5373,0.245,0.0002,25.5137,0.0764,0.0003,0.0,-0.0001,0.0,0.0001,STILL1
-18.1502,17.8082,-2.3753,0.0004,25.5382,0.001,0.0001,25.6246,0.0081,0.0003,0.0,0.0,-0.0001,0.0001,STILL1
-18.4545,17.8684,-2.3565,0.0003,25.7954,0.2572,0.0001,25.6595,0.0127,0.0003,0.0,0.0001,-0.0001,0.0001,STILL1
-18.373,18.0447,-2.5289,0.0004,25.8761,0.0807,0.0,25.7059,0.0199,0.0003,0.0,0.0002,-0.0002,0.0001,STILL1
-18.0953,18.2764,-2.1606,0.0002,25.8096,0.0666,0.0001,25.7113,0.0208,0.0003,0.0,0.0003,-0.0002,0.0001,STILL1
-18.4387,18.2305,-2.6785,0.0002,26.0674,0.2579,0.0,25.8174,0.0289,0.0003,0.0,0.0002,-0.0001,0.0,STILL1
-18.2416,18.6625,-2.6803,0.0003,26.2341,0.1667,0.0001,25.9565,0.0287,0.0003,0.0,0.0002,-0.0001,-0.0,STILL1
-18.4308,18.1863,-2.813,0.0002,26.0451,0.189,0.0002,26.0065,0.0226,0.0003,0.0,0.0002,-0.0,-0.0001,STILL1
-18.5509,18.1896,-2.6285,0.0001,26.1133,0.0683,0.0001,26.0539,0.0192,0.0002,0.0,0.0001,-0.0,-0.0001,STILL1
-18.4501,18.433,-2.7466,0.0002,26.2245,0.1111,0.0001,26.1369,0.0062,0.0002,0.0,0.0001,-0.0,-0.0001,STILL1
-18.0382,18.362,-2.3754,0.0001,25.8492,0.3753,0.0001,26.0933,0.0199,0.0002,0.0,0.0001,-0.0,-0.0001,STILL1
-18.1212,18.0771,-2.1472,0.0002,25.686,0.1632,0.0001,25.9836,0.0371,0.0002,0.0,0.0,-0.0,-0.0001,STILL1
-18.1626,18.2586,-2.7802,0.0001,25.9033,0.2174,0.0002,25.9553,0.0368,0.0001,0.0,0.0001,-0.0001,-0.0,STILL1
-18.0988,18.1943,-3.0336,0.0002,25.8419,0.0615,0.0001,25.901,0.0314,0.0002,0.0,0.0001,-0.0001,-0.0,STILL1
-17.9822,18.2773,-2.9581,0.0003,25.8103,0.0316,0.0001,25.8181,0.0053,0.0002,0.0,0.0001,-0.0001,0.0,STILL1
-18.3451,18.05,-3.029,0.0003,25.9137,0.1034,0.0,25.831,0.0067,0.0002,0.0,0.0001,-0.0001,0.0001,STILL1
-18.298,17.7181,-2.6107,0.0002,25.604,0.3097,0.0,25.8146,0.0126,0.0002,0.0,0.0001,-0.0,0.0001,STILL1
-17.9165,17.9901,-2.5604,0.0004,25.5186,0.0853,0.0002,25.7377,0.0226,0.0003,0.0,0.0001,-0.0,0.0002,STILL1
-17.6738,17.714,-2.3671,0.0003,25.1347,0.384,0.0001,25.5963,0.0731,0.0003,0.0,0.0,-0.0001,0.0002,STILL1
-17.7203,17.7024,-1.7718,0.0003,25.1103,0.0244,0.0,25.4563,0.0916,0.0003,0.0,-0.0001,-0.0001,0.0002,STILL1
-18.1169,17.3713,-1.8424,0.0003,25.167,0.0568,0.0,25.3069,0.0442,0.0003,0.0,-0.0001,-0.0001,0.0002,STILL1
-17.8279,17.6283,-2.0583,0.0002,25.1561,0.011,0.0001,25.2173,0.0231,0.0003,0.0,-0.0001,-0.0001,0.0002,STILL1
-18.2154,17.8401,-2.4092,0.0002,25.6101,0.454,0.0,25.2356,0.0354,0.0002,0.0,-0.0,-0.0001,0.0001,STILL1
-18.0192,17.669,-2.443,0.0003,25.3546,0.2555,0.0001,25.2796,0.0343,0.0002,0.0,-0.0,-0.0001,0.0001,STILL1
-18.9154,17.5289,-2.7762,0.0002,25.9377,0.5831,0.0001,25.4451,0.0878,0.0002,0.0,-0.0,-0.0001,0.0001,STILL1
-18.9729,17.995,-2.2835,0.0003,26.2489,0.3113,0.0001,25.6615,0.1547,0.0002,0.0,-0.0,-0.0,0.0001,STILL1
-19.0033,17.8773,-2.4643,0.0004,26.2068,0.0421,0.0001,25.8716,0.119,0.0003,0.0,-0.0001,0.0,0.0002,STILL1
-18.5808,18.2206,-2.7402,0.0003,26.1676,0.0392,0.0001,25.9831,0.1104,0.0003,0.0,-0.0001,0.0,0.0002,STILL1
-18.1334,17.9796,-2.3328,0.0003,25.6423,0.5253,0.0,26.0407,0.0513,0.0003,0.0,-0.0001,0.0001,0.0002,STILL1
-18.0005,18.1712,-2.7381,0.0003,25.7236,0.0813,0.0,25.9979,0.0674,0.0003,0.0,-0.0001,0.0001,0.0002,STILL1
-18.8441,17.7651,-2.9248,0.0002,26.0625,0.3389,0.0001,25.9606,0.0543,0.0003,0.0,-0.0001,0.0001,0.0002,STILL1
-18.8847,17.9277,-2.9211,0.0002,26.2024,0.1399,0.0,25.9597,0.0538,0.0002,0.0,-0.0001,0.0001,0.0001,STILL1
-18.5546,18.0421,-3.0119,0.0002,26.055,0.1474,0.0,25.9372,0.0465,0.0002,0.0,-0.0001,0.0001,0.0001,STILL1
-18.9124,17.8931,-3.4251,0.0001,26.2598,0.2047,0.0,26.0607,0.0347,0.0002,0.0,-0.0001,0.0001,0.0,STILL1
-18.7831,17.927,-3.5714,0.0003,26.2094,0.0503,0.0001,26.1578,0.0069,0.0002,0.0,-0.0,0.0001,-0.0001,STILL1
-18.6608,17.726,-3.3821,0.0004,25.9591,0.2503,0.0001,26.1371,0.0126,0.0002,0.0,-0.0001,0.0001,-0.0001,STILL1
-18.7412,17.9464,-2.9338,0.0002,26.1134,0.1543,0.0001,26.1193,0.0115,0.0002,0.0,-0.0001,0.0001,-0.0001,STILL1
-19.2992,18.2352,-2.0877,0.0001,26.6335,0.52,0.0002,26.235,0.0502,0.0002,0.0,-0.0001,0.0001,-0.0001,STILL1
-19.1175,18.2882,-2.3451,0.0,26.56,0.0734,0.0,26.2951,0.0676,0.0002,0.0,-0.0001,0.0001,-0.0001,STILL1
-19.1377,17.8524,-2.4699,0.0002,26.2881,0.272,0.0002,26.3108,0.0659,0.0002,0.0,-0.0001,0.0,-0.0001,STILL1
-18.8821,17.4788,-2.4478,0.0002,25.8463,0.4417,0.0001,26.2883,0.0838,0.0001,0.0,-0.0,-0.0,0.0,STILL1
-18.59,17.3456,-2.4332,0.0003,25.5417,0.3046,0.0001,26.1739,0.1761,0.0002,0.0,-0.0,-0.0001,0.0001,STILL1
-18.7283,17.6202,-2.5216,0.0002,25.8375,0.2958,0.0001,26.0147,0.1311,0.0002,0.0,-0.0001,-0.0001,0.0001,STILL1
-18.692,17.8243,-2.5923,0.0002,25.958,0.1204,0.0,25.8943,0.0578,0.0002,0.0,-0.0,-0.0001,0.0002,STILL1
-18.2442,18.1532,-2.5738,0.0002,25.8653,0.0927,0.0,25.8098,0.0198,0.0002,0.0,-0.0,-0.0001,0.0001,STILL1
-18.6454,18.6975,-2.7122,0.0003,26.5444,0.6791,0.0001,25.9494,0.108,0.0002,0.0,-0.0,-0.0001,0.0001,STILL1
-19.0538,18.4674,-2.8447,0.0003,26.6868,0.1424,0.0,26.1784,0.131,0.0003,0.0,-0.0,-0.0001,-0.0001,STILL1
-18.3805,18.0427,-2.4945,0.0003,25.8767,0.8101,0.0001,26.1862,0.1259,0.0003,0.0,-0.0,-0.0001,-0.0002,STILL1
-18.4201,18.0185,-2.2769,0.0003,25.8679,0.0088,0.0,26.1682,0.1355,0.0003,0.0,-0.0,-0.0001,-0.0002,STILL1
-18.2892,18.3711,-2.7809,0.0004,26.0715,0.2036,0.0,26.2095,0.1173,0.0003,0.0,-0.0,-0.0001,-0.0003,STILL1
-18.4813,18.0562,-2.6872,0.0002,25.9771,0.0944,0.0001,26.096,0.0928,0.0003,0.0,0.0,-0.0,-0.0003,STILL1
-18.4319,17.9512,-2.031,0.0002,25.8091,0.168,0.0,25.9205,0.0086,0.0003,0.0,0.0,-0.0,-0.0002,STILL1
-18.0393,18.4485,-2.0342,0.0003,25.8824,0.0734,0.0001,25.9216,0.0085,0.0003,0.0,0.0,-0.0,-0.0002,STILL1
-18.2596,18.0369,-2.3367,0.0001,25.7721,0.1103,0.0001,25.9024,0.012,0.0002,0.0,0.0001,-0.0,-0.0002,STILL1
-18.417,17.5639,-2.0569,0.0,25.5325,0.2396,0.0001,25.7946,0.0221,0.0002,0.0,0.0,-0.0,-0.0001,STILL1
-18.3836,17.7449,-2.3143,0.0001,25.6553,0.1228,0.0,25.7303,0.0152,0.0001,0.0,0.0,-0.0,-0.0001,STILL1
-18.8444,17.9646,-2.1858,0.0001,26.127,0.4717,0.0001,25.7939,0.0414,0.0001,0.0,0.0001,-0.0,-0.0001,STILL1
-18.6536,18.178,-2.7142,0.0001,26.1871,0.0601,0.0001,25.8548,0.067,0.0001,0.0,0.0,-0.0,-0.0,STILL1
-18.6792,18.6049,-2.5714,0.0002,26.489,0.3019,0.0001,25.9982,0.1255,0.0001,0.0,0.0001,0.0,0.0,STILL1
-18.3652,19.1183,-2.479,0.0001,26.6258,0.1369,0.0001,26.2168,0.1131,0.0001,0.0,0.0001,0.0,0.0,STILL1
-18.4047,18.7509,-1.9707,0.0002,26.3479,0.278,0.0001,26.3553,0.0343,0.0001,0.0,0.0001,-0.0,0.0,STILL1
-17.8894,18.7882,-2.0078,0.0001,26.0203,0.3276,0.0001,26.334,0.0459,0.0001,0.0,0.0001,-0.0,0.0,STILL1
-17.5959,18.8462,-2.7344,0.0003,25.9282,0.0922,0.0002,26.2822,0.0718,0.0002,0.0,0.0,0.0,0.0,STILL1
-17.5048,18.7394,-2.6281,0.0001,25.7778,0.1504,0.0002,26.14,0.0939,0.0001,0.0,-0.0,0.0,0.0,STILL1
-17.5851,18.9384,-2.5369,0.0003,25.968,0.1902,0.0002,26.0084,0.0353,0.0002,0.0,0.0,0.0001,-0.0,STILL1
-17.3525,19.2726,-2.5014,0.0004,26.0538,0.0858,0.0001,25.9496,0.0092,0.0002,0.0,0.0,0.0002,-0.0,STILL1
-17.107,19.1493,-2.2948,0.0002,25.7801,0.2737,0.0002,25.9015,0.0117,0.0002,0.0,-0.0,0.0002,-0.0001,STILL1
-17.3137,18.9132,-2.3703,0.0001,25.7506,0.0295,0.0001,25.866,0.0148,0.0002,0.0,-0.0,0.0001,-0.0001,STILL1
-17.7791,18.9462,-2.4243,0.0001,26.0947,0.3441,0.0,25.9294,0.0197,0.0002,0.0,-0.0,0.0001,-0.0001,STILL1
-17.9889,19.4413,-2.2707,0.0001,26.5842,0.4896,0.0001,26.0527,0.09,0.0002,0.0,-0.0,0.0001,-0.0001,STILL1
-18.4817,19.0687,-2.3634,0.0002,26.6604,0.0761,0.0001,26.174,0.1491,0.0001,0.0,-0.0,-0.0,-0.0,STILL1
-17.951,19.0081,-1.8876,0.0004,26.2128,0.4476,0.0002,26.2605,0.1109,0.0002,0.0,-0.0,-0.0001,0.0,STILL1
-18.0202,19.0721,-1.782,0.0006,26.2992,0.0864,0.0002,26.3703,0.0472,0.0003,0.0,0.0,-0.0002,0.0,STILL1
-18.4099,19.5108,-2.0506,0.0005,26.9035,0.6044,0.0001,26.532,0.0627,0.0004,0.0,-0.0001,-0.0003,0.0001,STILL1
-18.5935,19.1555,-2.0311,0.0004,26.7727,0.1308,0.0001,26.5697,0.0723,0.0004,0.0,-0.0001,-0.0004,0.0001,STILL1
-18.9748,19.6463,-2.1124,0.0005,27.3949,0.6222,0.0001,26.7166,0.1853,0.0005,0.0,-0.0002,-0.0004,0.0,STILL1
-18.883,19.0077,-2.1524,0.0003,26.8792,0.5158,0.0002,26.8499,0.122,0.0005,0.0,-0.0003,-0.0003,0.0,STILL1
-18.5533,19.7124,-1.9344,0.0002,27.1393,0.2601,0.0001,27.018,0.0499,0.0004,0.0,-0.0003,-0.0002,-0.0,STILL1
-18.9926,19.2668,-2.2319,0.0002,27.1461,0.0067,0.0001,27.0665,0.0482,0.0003,0.0,-0.0003,-0.0001,-0.0,STILL1
-18.5285,19.5947,-2.6887,0.0001,27.1014,0.0447,0.0001,27.1322,0.0268,0.0003,0.0,-0.0002,-0.0001,-0.0001,STILL1
-17.8697,19.482,-2.2603,0.0002,26.5326,0.5687,0.0001,26.9597,0.0552,0.0002,0.0,-0.0001,0.0,-0.0,STILL1
-17.3363,18.9168,-2.1989,0.0003,25.7533,0.7794,0.0001,26.7345,0.2943,0.0002,0.0,-0.0001,0.0001,0.0,STILL1
-17.0128,18.7335,-1.6966,0.0002,25.3625,0.3907,0.0001,26.3792,0.5117,0.0002,0.0,-0.0001,0.0001,0.0,STILL1
-16.6634,18.5462,-2.0323,0.0001,25.0152,0.3474,0.0001,25.953,0.5846,0.0002,0.0,-0.0,0.0001,0.0001,STILL1
-17.0682,18.4838,-2.1008,0.0,25.2465,0.2314,0.0,25.582,0.283,0.0001,0.0,-0.0,0.0001,0.0001,STILL1
-17.0764,18.487,-2.1025,0.0004,25.2546,0.0081,0.0004,25.3264,0.0584,0.0002,0.0,0.0,0.0002,0.0,STILL1
-17.2924,18.2709,-2.1226,0.0003,25.2459,0.0087,0.0001,25.225,0.0129,0.0002,0.0,0.0,0.0002,-0.0,STILL1
-17.2871,18.4917,-2.2356,0.0002,25.4123,0.1663,0.0001,25.2349,0.0161,0.0002,0.0,0.0,0.0002,-0.0,STILL1
-17.7109,18.9215,-2.3229,0.0002,26.021,0.6088,0.0001,25.4361,0.0895,0.0002,0.0,0.0001,0.0002,-0.0,STILL1
-18.3,19.6122,-2.1958,0.0003,26.9137,0.8927,0.0001,25.7695,0.4079,0.0003,0.0,0.0001,0.0003,-0.0,STILL1
-17.8837,18.6679,-2.991,0.0002,26.0243,0.8894,0.0001,25.9235,0.3441,0.0002,0.0,0.0001,0.0002,0.0,STILL1
-18.2789,18.6687,-2.7897,0.0001,26.2758,0.2515,0.0,26.1294,0.2347,0.0002,0.0,0.0001,0.0002,0.0,STILL1
-18.3106,18.8724,-2.6942,0.0001,26.433,0.1572,0.0,26.3336,0.1086,0.0002,0.0,0.0001,0.0001,0.0,STILL1
-18.2797,18.5948,-2.5179,0.0002,26.1965,0.2366,0.0001,26.3687,0.0916,0.0002,0.0,0.0001,0.0001,0.0001,STILL1
-18.0144,18.5009,-2.3237,0.0002,25.9268,0.2697,0.0001,26.1713,0.0323,0.0002,0.0,0.0001,0.0,0.0001,STILL1
-17.7959,18.4163,-2.0558,0.0003,25.692,0.2348,0.0,26.1048,0.0695,0.0002,0.0,0.0001,0.0,0.0001,STILL1
-17.9398,19.1768,-2.8884,0.0003,26.4184,0.7263,0.0,26.1334,0.0825,0.0002,0.0,0.0001,0.0,0.0002,STILL1
-18.3269,18.9133,-2.392,0.0003,26.4445,0.0261,0.0,26.1356,0.0839,0.0003,0.0,0.0001,0.0,0.0002,STILL1
-18.0021,18.7119,-2.5136,0.0002,26.087,0.3575,0.0001,26.1137,0.0831,0.0002,0.0,0.0,0.0,0.0002,STILL1
-17.8392,18.6476,-2.1484,0.0005,25.8957,0.1913,0.0003,26.1075,0.0856,0.0003,0.0,0.0,-0.0001,0.0002,STILL1
-18.1339,18.6087,-1.9437,0.0005,26.0557,0.16,0.0,26.1802,0.0463,0.0003,0.0,-0.0,-0.0001,0.0003,STILL1
-18.3727,18.8276,-1.8768,0.0004,26.3734,0.3177,0.0001,26.1713,0.0424,0.0004,0.0,-0.0001,-0.0001,0.0003,STILL1
-18.0513,19.0777,-1.5452,0.0004,26.3096,0.0638,0.0,26.1443,0.0306,0.0004,0.0,-0.0002,-0.0001,0.0003,STILL1
-18.0473,18.5841,-1.658,0.0003,25.9581,0.3516,0.0001,26.1185,0.0362,0.0004,0.0,-0.0002,-0.0001,0.0002,STILL1
-17.916,18.3922,-1.8296,0.0004,25.7411,0.217,0.0001,26.0876,0.0538,0.0004,0.0,-0.0003,0.0,0.0001,STILL1
-17.8921,18.2825,-1.573,0.0004,25.6292,0.1119,0.0,26.0023,0.0883,0.0004,0.0,-0.0003,0.0,0.0,STILL1
-18.1512,18.026,-1.5334,0.0003,25.6272,0.0019,0.0,25.853,0.0666,0.0003,0.0,-0.0003,-0.0,-0.0001,STILL1
-17.896,17.6458,-1.2111,0.0002,25.1616,0.4656,0.0001,25.6234,0.0678,0.0003,0.0,-0.0002,-0.0,-0.0002,STILL1
-17.6074,18.2104,-2.3345,0.0001,25.438,0.2763,0.0002,25.5194,0.0415,0.0003,0.0,-0.0002,-0.0,-0.0002,STILL1
-17.189,17.3715,-1.7301,0.0001,24.4995,0.9385,0.0001,25.2711,0.1781,0.0002,0.0,-0.0001,-0.0,-0.0002,STILL1
-16.9106,17.6534,-2.7247,0.0001,24.5975,0.098,0.0,25.0648,0.2006,0.0002,0.0,-0.0001,0.0,-0.0002,STILL1
-16.9847,18.0446,-2.3423,0.0001,24.8913,0.2938,0.0,24.9176,0.1217,0.0001,0.0,-0.0,0.0,-0.0001,STILL1
-17.2097,18.4326,-1.8488,0.0002,25.2854,0.3941,0.0,24.9423,0.1362,0.0001,0.0,-0.0,-0.0,-0.0001,STILL1
-17.5771,18.1835,-1.9416,0.0001,25.3647,0.0793,0.0001,24.9277,0.1225,0.0001,0.0,-0.0,-0.0,-0.0001,STILL1
-17.8148,18.0343,-2.3095,0.0002,25.4546,0.09,0.0001,25.1187,0.1049,0.0001,0.0,0.0,-0.0,-0.0001,STILL1
-17.8081,18.0056,-2.3882,0.0002,25.4369,0.0178,0.0,25.2866,0.0426,0.0001,0.0,0.0,-0.0001,-0.0001,STILL1
-17.6621,18.2732,-2.6168,0.0002,25.5482,0.1113,0.0,25.4179,0.0078,0.0001,0.0,0.0,-0.0,-0.0001,STILL1
-17.5953,18.2061,-3.4935,0.0002,25.559,0.0108,0.0,25.4727,0.0053,0.0001,0.0,0.0001,0.0,-0.0,STILL1
-17.4106,18.4305,-2.9823,0.0002,25.5285,0.0304,0.0,25.5054,0.0025,0.0002,0.0,0.0001,0.0,-0.0,STILL1
-17.6941,18.1881,-2.6483,0.0002,25.5128,0.0157,0.0,25.5171,0.0019,0.0002,0.0,0.0001,0.0,-0.0,STILL1
-17.9522,18.2349,-2.8312,0.0001,25.745,0.2322,0.0001,25.5787,0.0072,0.0002,0.0,0.0001,0.0,0.0,STILL1
-17.9836,17.9067,-2.4524,0.0002,25.4965,0.2485,0.0,25.5684,0.0082,0.0002,0.0,0.0001,0.0,0.0,STILL1
-18.4181,17.7285,-2.3588,0.0001,25.6728,0.1762,0.0001,25.5911,0.0099,0.0001,0.0,0.0001,0.0,0.0,STILL1
-18.3626,17.7734,-2.2308,0.0003,25.6526,0.0201,0.0002,25.616,0.0092,0.0002,0.0,0.0001,0.0,-0.0,STILL1
-17.9214,18.4125,-2.7471,0.0001,25.8407,0.1881,0.0001,25.6815,0.0129,0.0002,0.0,0.0001,0.0,-0.0,STILL1
-18.2402,18.6425,-2.8633,0.0002,26.2383,0.3976,0.0001,25.7802,0.0644,0.0002,0.0,0.0001,0.0,-0.0001,STILL1
-18.3078,18.6359,-2.6594,0.0002,26.2591,0.0209,0.0,25.9327,0.0709,0.0002,0.0,0.0001,-0.0,-0.0001,STILL1
-18.4025,18.9837,-2.8244,0.0003,26.5896,0.3305,0.0001,26.1161,0.1101,0.0002,0.0,0.0001,-0.0001,-0.0001,STILL1
-18.9845,18.9963,-2.8908,0.0002,27.0116,0.422,0.0001,26.3879,0.1536,0.0002,0.0,0.0001,-0.0001,-0.0001,STILL1
-18.6282,18.4408,-2.6751,0.0003,26.3482,0.6634,0.0001,26.4894,0.0838,0.0002,0.0,0.0001,-0.0001,-0.0001,STILL1
-18.2088,18.5245,-2.637,0.0003,26.1089,0.2394,0.0,26.4635,0.0994,0.0003,0.0,0.0001,-0.0001,-0.0,STILL1
-18.0608,18.2602,-2.5658,0.0003,25.8111,0.2978,0.0,26.3739,0.1682,0.0003,0.0,0.0002,-0.0001,-0.0,STILL1
-18.5049,18.3519,-2.3183,0.0002,26.1649,0.3538,0.0001,26.2889,0.1604,0.0002,0.0,0.0002,-0.0,0.0,STILL1
-18.8477,18.2097,-2.2828,0.0003,26.3066,0.1418,0.0001,26.1479,0.0361,0.0003,0.0,0.0002,-0.0,0.0001,STILL1
-18.9938,17.8865,-2.2043,0.0002,26.183,0.1236,0.0001,26.1149,0.0272,0.0002,0.0,0.0002,-0.0001,0.0001,STILL1
-18.9825,17.5467,-1.8853,0.0004,25.9187,0.2643,0.0002,26.0768,0.0335,0.0003,0.0,0.0002,-0.0001,0.0001,STILL1
-18.7735,17.8936,-2.5801,0.0003,26.0631,0.1444,0.0001,26.1272,0.0169,0.0003,0.0,0.0002,-0.0001,0.0001,STILL1
-18.4282,18.193,-2.8579,0.0001,26.0528,0.0102,0.0002,26.1048,0.0172,0.0003,0.0,0.0002,-0.0001,0.0001,STILL1
-17.6269,18.7325,-2.88,0.0001,25.8826,0.1702,0.0,26.02,0.0117,0.0002,0.0,0.0002,-0.0001,0.0001,STILL1
-17.9609,18.5923,-2.9228,0.0001,26.0156,0.1329,0.0,25.9866,0.0053,0.0002,0.0,0.0001,-0.0,0.0001,STILL1
-17.7875,18.4176,-2.9476,0.0002,25.7738,0.2417,0.0001,25.9576,0.0126,0.0002,0.0,0.0,0.0,0.0,STILL1
-17.5706,18.3153,-2.7768,0.0003,25.5321,0.2417,0.0,25.8514,0.0353,0.0002,0.0,-0.0,0.0,-0.0,STILL1
-17.9409,18.1772,-2.6965,0.0003,25.6819,0.1498,0.0,25.7772,0.0274,0.0002,0.0,-0.0001,-0.0001,-0.0,STILL1
-17.5496,18.4324,-2.5603,0.0002,25.5792,0.1026,0.0,25.7165,0.0294,0.0002,0.0,-0.0001,-0.0001,-0.0,STILL1
-17.599,18.8772,-2.5357,0.0004,25.9327,0.3535,0.0001,25.6999,0.0205,0.0003,0.0,-0.0002,-0.0001,-0.0,STILL1
-17.9011,18.358,-2.7848,0.0004,25.7919,0.1408,0.0,25.7035,0.0211,0.0003,0.0,-0.0003,-0.0001,-0.0,STILL1
-18.1928,18.5333,-2.6872,0.0003,26.109,0.3171,0.0001,25.8189,0.0348,0.0003,0.0,-0.0003,-0.0,0.0,STILL1
-18.0198,17.9422,-3.0623,0.0003,25.6128,0.4962,0.0,25.8051,0.0394,0.0003,0.0,-0.0003,-0.0,0.0001,STILL1
-18.6877,18.3007,-2.9873,0.0004,26.3262,0.7134,0.0001,25.9545,0.0611,0.0004,0.0,-0.0003,-0.0,0.0001,STILL1
-18.5533,17.978,-2.9242,0.0002,25.9997,0.3265,0.0003,25.9679,0.0613,0.0003,0.0,-0.0003,-0.0,0.0001,STILL1
-18.6895,17.8043,-2.5706,0.0002,25.9403,0.0594,0.0,25.9976,0.0544,0.0003,0.0,-0.0002,-0.0,0.0001,STILL1
-18.6797,18.2434,-2.8846,0.0002,26.2693,0.329,0.0,26.0297,0.0656,0.0003,0.0,-0.0002,-0.0,0.0002,STILL1
-18.7875,18.4323,-3.0327,0.0002,26.4937,0.2244,0.0,26.2059,0.0429,0.0002,0.0,-0.0002,0.0,0.0001,STILL1
-18.7707,18.2521,-3.0293,0.0001,26.3563,0.1375,0.0002,26.2119,0.0445,0.0002,0.0,-0.0001,0.0,0.0001,STILL1
-18.9415,17.6516,-2.7641,0.0001,26.0385,0.3178,0.0001,26.2196,0.0414,0.0002,0.0,-0.0001,0.0,0.0001,STILL1
-19.247,18.2276,-2.2831,0.0003,26.6064,0.568,0.0002,26.3528,0.038,0.0002,0.0,0.0,0.0001,0.0001,STILL1
-18.8382,17.9696,-2.6109,0.0002,26.1649,0.4416,0.0001,26.332,0.0432,0.0002,0.0,0.0001,0.0001,-0.0,STILL1
-18.6424,18.2694,-2.1512,0.0003,26.1904,0.0256,0.0,26.2713,0.0383,0.0002,0.0,0.0001,0.0001,-0.0,STILL1
-18.789,18.3249,-2.2303,0.0003,26.3401,0.1497,0.0,26.2681,0.0378,0.0002,0.0,0.0002,0.0,-0.0001,STILL1
-18.8968,18.4412,-2.628,0.0004,26.5343,0.1942,0.0001,26.3672,0.0316,0.0003,0.0,0.0002,-0.0,-0.0001,STILL1
-18.8049,18.7186,-2.5493,0.0004,26.6554,0.121,0.0,26.377,0.0367,0.0003,0.0,0.0002,-0.0001,-0.0001,STILL1
-18.6721,18.3811,-2.3707,0.0002,26.3084,0.347,0.0002,26.4057,0.0278,0.0003,0.0,0.0002,-0.0001,-0.0001,STILL1
-18.847,18.183,-2.2778,0.0003,26.2873,0.0211,0.0001,26.4251,0.021,0.0003,0.0,0.0002,-0.0002,-0.0,STILL1
-19.0557,18.0464,-2.1472,0.0002,26.3326,0.0453,0.0001,26.4236,0.0212,0.0003,0.0,0.0001,-0.0002,0.0,STILL1
-18.6571,17.9559,-2.499,0.0002,26.0143,0.3182,0.0001,26.3196,0.0415,0.0003,0.0,0.0001,-0.0002,0.0001,STILL1
-18.6257,18.2209,-1.9242,0.0001,26.127,0.1127,0.0001,26.2139,0.0152,0.0002,0.0,-0.0,-0.0001,0.0001,STILL1
-18.4568,17.9393,-1.88,0.0002,25.8071,0.32,0.0001,26.1137,0.0364,0.0002,0.0,-0.0,-0.0001,0.0,STILL1
-17.9529,17.8858,-2.2728,0.0002,25.4436,0.3635,0.0001,25.9449,0.0917,0.0002,0.0,-0.0,-0.0,0.0,STILL1
-18.1124,17.868,-1.9526,0.0002,25.5174,0.0738,0.0,25.7819,0.0716,0.0002,0.0,0.0,-0.0,-0.0001,STILL1
-17.8993,18.0507,-2.1621,0.0002,25.5124,0.0049,0.0001,25.6815,0.0653,0.0002,0.0,0.0001,-0.0,-0.0001,STILL1
-18.1819,18.2436,-2.2703,0.0002,25.8567,0.3442,0.0001,25.6274,0.0288,0.0002,0.0,0.0001,-0.0,-0.0001,STILL1
-18.1518,18.3824,-2.6475,0.0002,25.9694,0.1127,0.0001,25.6599,0.0447,0.0002,0.0,0.0001,-0.0001,-0.0001,STILL1
-18.1527,18.3903,-3.093,0.0005,26.0248,0.0554,0.0003,25.7761,0.0484,0.0003,0.0,-0.0,-0.0002,-0.0001,STILL1
-18.1003,17.8091,-3.1431,0.0004,25.5864,0.4384,0.0001,25.7899,0.0421,0.0003,0.0,-0.0001,-0.0002,-0.0001,STILL1
-18.0302,17.7504,-3.127,0.0004,25.494,0.0924,0.0,25.7862,0.0441,0.0004,0.0,-0.0001,-0.0003,-0.0,STILL1
-17.9773,18.0472,-2.8047,0.0003,25.6272,0.1332,0.0001,25.7403,0.0461,0.0004,0.0,-0.0001,-0.0003,0.0001,STILL1
-18.3818,17.7503,-2.7782,0.0001,25.7037,0.0766,0.0002,25.6872,0.0331,0.0004,0.0,-0.0001,-0.0003,0.0001,STILL1
-17.9148,18.2127,-2.3319,0.0002,25.6531,0.0506,0.0001,25.6129,0.005,0.0003,0.0,-0.0,-0.0002,0.0002,STILL1
-18.0194,17.8264,-2.3999,0.0003,25.4605,0.1926,0.0001,25.5877,0.0089,0.0003,0.0,0.0,-0.0001,0.0002,STILL1
-18.428,17.6518,-2.4355,0.0002,25.6341,0.1736,0.0,25.6157,0.0067,0.0002,0.0,-0.0,0.0,0.0002,STILL1
-18.0986,17.7995,-2.5922,0.0003,25.5167,0.1174,0.0,25.5936,0.0082,0.0002,0.0,0.0,0.0001,0.0001,STILL1
-17.9914,17.6803,-2.3956,0.0003,25.3381,0.1786,0.0001,25.5205,0.0135,0.0003,0.0,0.0,0.0002,0.0001,STILL1
-17.865,17.6661,-2.7696,0.0004,25.2769,0.0613,0.0,25.4453,0.0162,0.0003,0.0,-0.0,0.0002,0.0001,STILL1
-18.067,18.0985,-2.6938,0.0001,25.7144,0.4375,0.0002,25.496,0.028,0.0003,0.0,-0.0001,0.0002,-0.0,STILL1
-18.0474,18.2632,-2.4269,0.0001,25.7903,0.0759,0.0,25.5273,0.0406,0.0003,0.0,-0.0001,0.0002,-0.0,STILL1
-18.0473,18.3512,-2.129,0.0002,25.8264,0.0361,0.0,25.5892,0.0546,0.0002,0.0,-0.0001,0.0001,-0.0,STILL1
-18.0441,18.6153,-2.247,0.0002,26.0224,0.1961,0.0,25.7261,0.0608,0.0002,0.0,-0.0001,0.0001,-0.0,STILL1
-18.5352,18.2266,-2.1726,0.0002,26.0861,0.0637,0.0,25.8879,0.0202,0.0002,0.0,-0.0001,0.0001,-0.0,STILL1
-18.4563,18.0282,-1.9724,0.0002,25.8755,0.2106,0.0001,25.9201,0.0131,0.0002,0.0,-0.0001,0.0001,-0.0,STILL1
-18.4557,17.8069,-1.3186,0.0003,25.6795,0.196,0.0002,25.898,0.0208,0.0002,0.0,-0.0001,0.0001,0.0,STILL1
-18.5458,18.0299,-1.4205,0.0004,25.9045,0.225,0.0001,25.9136,0.0196,0.0003,0.0,-0.0002,0.0002,0.0,STILL1
-18.4085,18.1927,-1.6926,0.0006,25.9367,0.0322,0.0002,25.8965,0.017,0.0004,0.0,-0.0002,0.0003,-0.0,STILL1
-18.2956,17.8916,-2.1197,0.0005,25.6775,0.2592,0.0002,25.8147,0.0128,0.0004,0.0,-0.0002,0.0003,-0.0001,STILL1
-18.6427,17.7414,-2.5614,0.0001,25.8625,0.1851,0.0003,25.8121,0.0125,0.0004,0.0,-0.0001,0.0003,-0.0001,STILL1
-18.3673,18.0369,-2.9616,0.0001,25.9125,0.05,0.0,25.8587,0.0088,0.0004,0.0,-0.0001,0.0003,-0.0001,STILL1
-18.3251,18.117,-2.9631,0.0001,25.9387,0.0262,0.0,25.8656,0.0096,0.0003,0.0,-0.0,0.0003,-0.0001,STILL1
-18.3944,18.1655,-2.6829,0.0002,25.9911,0.0525,0.0,25.8765,0.0116,0.0002,0.0,0.0,0.0002,-0.0,STILL1
-18.3343,18.1824,-2.7807,0.0003,25.9707,0.0204,0.0001,25.9351,0.002,0.0002,0.0,0.0001,0.0001,-0.0,STILL1
-18.2331,18.8147,-2.3715,0.0003,26.307,0.3363,0.0,26.024,0.0207,0.0002,0.0,0.0001,0.0001,-0.0,STILL1
-18.0677,18.8267,-2.2347,0.0002,26.1893,0.1177,0.0001,26.0794,0.0207,0.0002,0.0,0.0002,0.0001,-0.0,STILL1
-18.3698,18.1239,-1.8502,0.0002,25.8718,0.3176,0.0001,26.066,0.0251,0.0002,0.0,0.0001,0.0001,-0.0,STILL1
-19.3396,18.1147,-1.9489,0.0002,26.5699,0.6982,0.0,26.1818,0.0614,0.0002,0.0,0.0001,0.0001,-0.0,STILL1
-18.5342,18.7105,-1.8217,0.0002,26.3992,0.1707,0.0,26.2675,0.0546,0.0002,0.0,0.0001,0.0001,-0.0001,STILL1
-18.7117,18.6591,-1.8917,0.0003,26.4928,0.0936,0.0001,26.3046,0.0631,0.0002,0.0,0.0001,0.0001,-0.0001,STILL1
-18.5569,18.5085,-2.204,0.0004,26.3017,0.1911,0.0001,26.3271,0.0599,0.0003,0.0,0.0001,0.0002,-0.0002,STILL1
-18.658,18.588,-2.2632,0.0003,26.434,0.1323,0.0,26.4395,0.0081,0.0003,0.0,0.0001,0.0001,-0.0002,STILL1
-18.5545,18.8204,-2.0668,0.0003,26.5094,0.0754,0.0,26.4274,0.0055,0.0003,0.0,0.0001,0.0002,-0.0002,STILL1
-18.503,18.3814,-2.0159,0.0003,26.1591,0.3503,0.0,26.3794,0.0175,0.0003,0.0,0.0001,0.0002,-0.0002,STILL1
-18.468,18.5238,-1.9065,0.0001,26.2266,0.0675,0.0002,26.3262,0.0167,0.0003,0.0,0.0001,0.0002,-0.0002,STILL1
-18.5057,18.7628,-2.169,0.0001,26.4425,0.2159,0.0,26.3543,0.0185,0.0002,0.0,0.0,0.0001,-0.0001,STILL1
-17.7952,18.6384,-2.1445,0.0002,25.8584,0.5841,0.0001,26.2392,0.0532,0.0002,0.0,0.0,0.0001,-0.0001,STILL1
-17.8736,18.4013,-1.6438,0.0001,25.7056,0.1528,0.0001,26.0784,0.0697,0.0002,0.0,0.0,0.0,-0.0,STILL1
-17.8083,17.9273,-1.665,0.0001,25.3238,0.3818,0.0,25.9114,0.1544,0.0001,0.0,0.0,-0.0001,0.0,STILL1
-17.4872,17.7325,-2.0445,0.0002,24.9885,0.3353,0.0,25.6638,0.2435,0.0002,0.0,0.0001,-0.0001,0.0001,STILL1
-17.7148,17.611,-2.3262,0.0001,25.0873,0.0988,0.0001,25.3927,0.1152,0.0002,0.0,0.0001,-0.0001,0.0001,STILL1
-17.8406,17.2982,-1.9547,0.0002,24.9266,0.1607,0.0,25.2063,0.0806,0.0001,0.0,0.0001,-0.0001,0.0001,STILL1
-17.8412,17.351,-1.77,0.0003,24.95,0.0234,0.0001,25.0552,0.0211,0.0002,0.0,0.0001,-0.0001,0.0001,STILL1
-17.7699,17.9371,-2.2692,0.0001,25.3506,0.4007,0.0001,25.0606,0.024,0.0002,0.0,0.0001,-0.0001,0.0001,STILL1
-18.2253,18.009,-2.2278,0.0002,25.7186,0.368,0.0001,25.2066,0.0883,0.0002,0.0,0.0,-0.0001,0.0001,STILL1
-18.349,18.1135,-2.376,0.0002,25.8926,0.174,0.0,25.3677,0.1536,0.0002,0.0,-0.0,-0.0,0.0001,STILL1
-18.0885,18.2189,-3.1602,0.0003,25.8672,0.0254,0.0,25.5558,0.1292,0.0002,0.0,-0.0001,-0.0,0.0001,STILL1
-18.4365,17.6095,-2.6625,0.0001,25.6337,0.2335,0.0001,25.6926,0.0383,0.0002,0.0,-0.0001,0.0,0.0001,STILL1
-18.3179,17.3345,-2.7238,0.0001,25.3663,0.2674,0.0,25.6957,0.0362,0.0002,0.0,-0.0001,0.0001,0.0001,STILL1
-18.3731,17.3457,-2.7446,0.0002,25.4161,0.0498,0.0,25.6352,0.0481,0.0002,0.0,-0.0,0.0001,0.0001,STILL1
-18.0766,17.3703,-2.3457,0.0002,25.1792,0.2368,0.0,25.4925,0.056,0.0002,0.0,0.0,0.0,0.0001,STILL1
-16.905,17.9338,-2.5859,0.0001,24.7808,0.3985,0.0001,25.2752,0.0821,0.0001,0.0,0.0001,0.0,0.0001,STILL1
-17.3428,18.2439,-2.3375,0.0001,25.2799,0.4992,0.0001,25.2045,0.0514,0.0001,0.0,0.0001,0.0,0.0001,STILL1
-17.6336,18.017,-2.3981,0.0001,25.324,0.0441,0.0,25.196,0.0489,0.0001,0.0,0.0,0.0,0.0001,STILL1
-17.5881,18.2698,-2.4748,0.0001,25.4804,0.1564,0.0001,25.2089,0.0552,0.0001,0.0,0.0,0.0,0.0,STILL1
-17.7705,18.2815,-2.3829,0.0001,25.6063,0.1258,0.0001,25.2943,0.0794,0.0001,0.0,-0.0,0.0,0.0,STILL1
-17.8226,18.8408,-2.3438,0.0002,26.0407,0.4344,0.0,25.5463,0.0745,0.0001,0.0,-0.0001,0.0,0.0,STILL1
-18.2612,19.0477,-2.5344,0.0002,26.5087,0.468,0.0,25.792,0.1852,0.0001,0.0,-0.0001,-0.0,-0.0,STILL1
-17.9621,19.0162,-2.5651,0.0004,26.2837,0.2249,0.0002,25.984,0.1529,0.0002,0.0,-0.0001,-0.0001,-0.0,STILL1
-18.0947,19.7568,-2.4895,0.0003,26.9062,0.6225,0.0,26.2691,0.191,0.0002,0.0,-0.0001,-0.0001,-0.0001,STILL1
-18.7101,20.0242,-2.2416,0.0002,27.4966,0.5903,0.0001,26.6472,0.2615,0.0003,0.0,-0.0001,-0.0002,-0.0001,STILL1
-18.2712,19.8037,-2.0652,0.0003,27.0239,0.4727,0.0,26.8438,0.1777,0.0003,0.0,0.0,-0.0002,-0.0001,STILL1
-18.1514,19.543,-2.2584,0.0002,26.7675,0.2564,0.0001,26.8956,0.1537,0.0003,0.0,0.0,-0.0002,-0.0001,STILL1
-18.3211,20.3125,-2.513,0.0002,27.4695,0.702,0.0,27.1327,0.0885,0.0003,0.0,0.0001,-0.0002,-0.0,STILL1
-18.3225,19.7625,-2.0698,0.0002,27.0288,0.4408,0.0,27.1572,0.0798,0.0002,0.0,0.0001,-0.0001,0.0,STILL1
-18.258,19.2975,-2.5996,0.0002,26.6928,0.336,0.0001,26.9965,0.074,0.0002,0.0,0.0001,-0.0001,0.0,STILL1
-18.2095,19.1224,-2.0109,0.0003,26.482,0.2108,0.0001,26.8881,0.1151,0.0002,0.0,0.0,-0.0002,0.0001,STILL1
-18.3676,18.7166,-1.99,0.0002,26.2991,0.1829,0.0001,26.7944,0.1728,0.0002,0.0,0.0,-0.0001,0.0001,STILL1
-18.2441,18.1546,-1.8857,0.0,25.8068,0.4923,0.0001,26.4619,0.1661,0.0002,0.0,-0.0,-0.0001,0.0001,STILL1
-17.8578,18.1518,-1.8055,0.0002,25.5274,0.2794,0.0002,26.1616,0.1864,0.0002,0.0,0.0,-0.0001,0.0001,STILL1
-17.9956,18.6433,-2.0037,0.0003,25.989,0.4616,0.0001,26.0209,0.1161,0.0002,0.0,0.0001,-0.0001,0.0001,STILL1
-17.5496,19.2615,-2.6874,0.0002,26.1957,0.2067,0.0002,25.9636,0.0764,0.0002,0.0,0.0001,-0.0001,0.0001,STILL1
-17.6928,19.0436,-2.3186,0.0002,26.0973,0.0984,0.0,25.9232,0.0558,0.0002,0.0,0.0001,-0.0001,0.0001,STILL1
-17.9324,19.0099,-2.4643,0.0002,26.2491,0.1518,0.0,26.0117,0.0665,0.0002,0.0,0.0,-0.0002,0.0001,STILL1
-18.0084,18.9079,-2.3996,0.0002,26.2215,0.0276,0.0,26.1505,0.0091,0.0002,0.0,-0.0,-0.0002,0.0001,STILL1
-18.038,19.1107,-2.3384,0.0001,26.3829,0.1613,0.0001,26.2293,0.0085,0.0002,0.0,-0.0001,-0.0001,0.0,STILL1
-17.6366,18.9198,-2.7238,0.0002,26.0082,0.3746,0.0001,26.1918,0.0167,0.0002,0.0,-0.0001,-0.0001,-0.0,STILL1
-17.828,19.089,-2.6416,0.0003,26.2527,0.2445,0.0001,26.2229,0.0146,0.0002,0.0,-0.0001,-0.0001,-0.0001,STILL1
-17.9843,18.7399,-2.4008,0.0004,26.0842,0.1686,0.0001,26.1899,0.0173,0.0002,0.0,-0.0002,-0.0001,-0.0001,STILL1
-18.175,19.0419,-1.9112,0.0002,26.3927,0.3086,0.0002,26.2242,0.0241,0.0002,0.0,-0.0002,-0.0001,-0.0001,STILL1
-18.5056,18.6367,-2.2634,0.0002,26.3611,0.0317,0.0,26.2198,0.0228,0.0002,0.0,-0.0002,-0.0,-0.0001,STILL1
-18.4388,18.8937,-2.3138,0.0002,26.5013,0.1402,0.0001,26.3184,0.02,0.0003,0.0,-0.0001,0.0,-0.0,STILL1
-17.8073,19.3525,-2.2292,0.0003,26.393,0.1083,0.0,26.3464,0.0195,0.0003,0.0,-0.0001,0.0001,-0.0,STILL1
-18.0802,19.257,-2.1271,0.0002,26.5,0.1071,0.0,26.4296,0.0035,0.0002,0.0,0.0,0.0001,0.0,STILL1
-17.8829,18.6681,-2.2985,0.0001,25.9534,0.5466,0.0001,26.3417,0.0409,0.0002,0.0,0.0001,0.0001,0.0,STILL1
-18.2439,18.5126,-2.6795,0.0002,26.1292,0.1757,0.0,26.2954,0.0477,0.0002,0.0,0.0001,0.0001,0.0,STILL1
-18.2763,18.3944,-2.2623,0.0002,26.0288,0.1004,0.0001,26.2009,0.0445,0.0002,0.0,0.0,0.0,0.0,STILL1
-18.6804,18.2718,-2.8224,0.0001,26.2828,0.254,0.0001,26.1788,0.0379,0.0002,0.0,-0.0,-0.0,0.0,STILL1
-18.9319,17.7549,-2.6298,0.0001,26.0877,0.195,0.0001,26.0964,0.0122,0.0001,0.0,-0.0,-0.0,0.0,STILL1
-19.0517,18.2446,-2.0663,0.0003,26.4595,0.3717,0.0002,26.1976,0.0242,0.0002,0.0,-0.0,-0.0,-0.0,STILL1
-18.9039,17.5613,-1.9843,0.0002,25.8784,0.581,0.0001,26.1474,0.0411,0.0002,0.0,-0.0,0.0,-0.0001,STILL1
-18.5137,17.599,-2.1499,0.0003,25.6341,0.2443,0.0001,26.0685,0.0848,0.0002,0.0,0.0,0.0001,-0.0001,STILL1
-18.3422,17.548,-2.0168,0.0003,25.4644,0.1697,0.0,25.9048,0.1218,0.0002,0.0,0.0,0.0002,-0.0001,STILL1
-18.3644,17.254,-1.3072,0.0001,25.2321,0.2323,0.0002,25.7337,0.1763,0.0002,0.0,0.0,0.0002,-0.0001,STILL1
-18.9197,17.9845,-1.9051,0.0003,26.173,0.9408,0.0001,25.6764,0.1063,0.0002,0.0,0.0,0.0002,-0.0,STILL1
-18.917,17.9719,-2.0304,0.0002,26.1718,0.0011,0.0,25.7351,0.1438,0.0003,0.0,0.0001,0.0002,-0.0,STILL1
-18.5711,17.9619,-1.6962,0.0002,25.8919,0.2799,0.0,25.7867,0.144,0.0002,0.0,0.0001,0.0002,-0.0001,STILL1
-18.4569,17.9633,-1.7194,0.0002,25.8126,0.0793,0.0,25.8563,0.1185,0.0002,0.0,0.0001,0.0001,-0.0001,STILL1
-18.203,17.8144,-1.2755,0.0002,25.5015,0.3111,0.0,25.9102,0.0629,0.0002,0.0,0.0001,0.0001,-0.0001,STILL1
-18.2374,17.8546,-1.4048,0.0002,25.561,0.0595,0.0,25.7878,0.0585,0.0002,0.0,0.0001,0.0001,-0.0001,STILL1
-17.8368,18.1275,-1.5113,0.0001,25.4763,0.0847,0.0001,25.6487,0.029,0.0002,0.0,0.0001,0.0001,-0.0001,STILL1
-17.8319,18.4113,-1.6653,0.0002,25.6852,0.2089,0.0001,25.6073,0.0157,0.0002,0.0,-0.0,0.0001,-0.0001,STILL1
-18.2405,17.5572,-1.4729,0.0001,25.3602,0.3249,0.0001,25.5168,0.0113,0.0002,0.0,-0.0,0.0001,-0.0001,STILL1
-17.9456,17.8583,-1.2158,0.0001,25.3464,0.0139,0.0,25.4858,0.0161,0.0001,0.0,-0.0,0.0001,-0.0,STILL1
-18.0502,17.9804,-2.1258,0.0001,25.566,0.2197,0.0,25.4868,0.0163,0.0001,0.0,-0.0,0.0,-0.0,STILL1
-17.8183,18.2062,-1.8694,0.0002,25.5431,0.0229,0.0002,25.5002,0.0167,0.0001,0.0,0.0,-0.0,-0.0,STILL1
-17.5421,18.0212,-1.8111,0.0003,25.2145,0.3286,0.0,25.406,0.0173,0.0002,0.0,0.0001,0.0,-0.0,STILL1
-17.6712,17.8607,-2.002,0.0002,25.2048,0.0096,0.0001,25.375,0.0241,0.0002,0.0,0.0001,0.0,-0.0,STILL1
-18.3932,18.2167,-1.9516,0.0001,25.9609,0.756,0.0001,25.4979,0.0774,0.0002,0.0,0.0001,0.0,-0.0001,STILL1
-18.4583,18.2327,-1.855,0.0001,26.0112,0.0503,0.0,25.5869,0.1213,0.0002,0.0,0.0001,0.0,-0.0001,STILL1
-18.7135,18.2299,-1.6872,0.0001,26.1796,0.1684,0.0,25.7142,0.175,0.0002,0.0,0.0001,0.0001,-0.0001,STILL1
-18.7489,17.7277,-2.3497,0.0002,25.9098,0.2699,0.0001,25.8533,0.1133,0.0002,0.0,0.0001,0.0001,-0.0001,STILL1
-18.5429,17.754,-2.0767,0.0002,25.7557,0.154,0.0,25.9634,0.019,0.0002,0.0,0.0001,0.0001,-0.0,STILL1
-18.3781,17.597,-1.9738,0.0001,25.5206,0.2351,0.0001,25.8754,0.0505,0.0001,0.0,0.0001,0.0001,0.0,STILL1
-18.3712,17.4776,-1.6947,0.0001,25.4134,0.1073,0.0,25.7558,0.0752,0.0001,0.0,0.0001,0.0,0.0001,STILL1
-18.3563,17.8946,-1.6807,0.0002,25.6904,0.277,0.0001,25.658,0.0305,0.0002,0.0,0.0,-0.0,0.0001,STILL1
-18.4195,17.9969,-1.5696,0.0002,25.7998,0.1094,0.0,25.636,0.0214,0.0002,0.0,-0.0,-0.0,0.0,STILL1
-18.4637,18.0788,-1.7432,0.0002,25.8996,0.0998,0.0001,25.6647,0.0316,0.0002,0.0,-0.0001,-0.0001,0.0,STILL1
-18.7616,18.5036,-1.6258,0.0001,26.4012,0.5016,0.0,25.8409,0.1049,0.0002,0.0,-0.0001,-0.0001,0.0,STILL1
-19.203,17.8717,-1.5256,0.0,26.277,0.1242,0.0001,26.0136,0.0766,0.0002,0.0,-0.0001,-0.0001,-0.0,STILL1
-18.8999,18.2098,-1.5705,0.0001,26.292,0.0151,0.0001,26.1339,0.0567,0.0001,0.0,-0.0001,-0.0,-0.0,STILL1
-18.6074,17.896,-2.0533,0.0002,25.8982,0.3938,0.0,26.1536,0.0451,0.0001,0.0,-0.0001,-0.0001,0.0,STILL1
-18.1766,18.0418,-1.8583,0.0003,25.6777,0.2205,0.0001,26.1092,0.0755,0.0002,0.0,-0.0,-0.0,0.0001,STILL1
-17.9413,18.1366,-2.2304,0.0003,25.6085,0.0692,0.0,25.9507,0.0835,0.0002,0.0,-0.0,-0.0001,0.0002,STILL1
-17.7468,17.9436,-2.1874,0.0003,25.3319,0.2766,0.0,25.7617,0.103,0.0003,0.0,-0.0001,-0.0001,0.0002,STILL1
-17.5599,18.283,-2.1624,0.0001,25.442,0.1101,0.0003,25.5917,0.0383,0.0002,0.0,-0.0001,-0.0001,0.0002,STILL1
-17.7198,18.892,-2.4424,0.0001,26.0166,0.5747,0.0001,25.6154,0.0551,0.0002,0.0,-0.0,-0.0001,0.0001,STILL1
-17.6665,18.2793,-2.1977,0.0002,25.516,0.5007,0.0001,25.583,0.0552,0.0002,0.0,-0.0001,-0.0,0.0001,STILL1
-17.5738,18.4765,-1.9988,0.0002,25.5776,0.0617,0.0001,25.5768,0.0551,0.0002,0.0,-0.0,0.0,0.0001,STILL1
-17.8215,18.4844,-1.9365,0.0002,25.7493,0.1717,0.0,25.6603,0.042,0.0002,0.0,-0.0,0.0001,0.0001,STILL1
-17.9041,18.5719,-2.1898,0.0001,25.8895,0.1402,0.0001,25.7498,0.035,0.0002,0.0,-0.0001,0.0001,0.0001,STILL1
-17.4233,18.6231,-2.0488,0.0003,25.5849,0.3046,0.0002,25.6635,0.0188,0.0002,0.0,-0.0001,0.0001,0.0001,STILL1
-17.6105,18.6016,-1.614,0.0001,25.6662,0.0813,0.0002,25.6935,0.0135,0.0002,0.0,-0.0001,0.0001,0.0,STILL1
-17.8478,18.275,-2.1693,0.0002,25.6364,0.0298,0.0,25.7053,0.0113,0.0002,0.0,-0.0001,0.0001,0.0,STILL1
-18.0157,18.4294,-2.2042,0.0001,25.8663,0.2299,0.0001,25.7287,0.0156,0.0002,0.0,-0.0001,0.0001,0.0,STILL1
-17.6751,18.6248,-2.1071,0.0002,25.763,0.1034,0.0001,25.7034,0.01,0.0002,0.0,-0.0001,0.0001,0.0,STILL1
-18.1276,18.6279,-2.7638,0.0002,26.139,0.376,0.0001,25.8142,0.0329,0.0002,0.0,-0.0,0.0001,0.0001,STILL1
-18.5677,18.3836,-3.1767,0.0002,26.3212,0.1822,0.0001,25.9452,0.0627,0.0002,0.0,-0.0,0.0001,0.0001,STILL1
-18.5916,17.4288,-3.032,0.0003,25.6633,0.658,0.0,25.9506,0.0595,0.0002,0.0,-0.0,0.0001,0.0001,STILL1
-18.3671,17.8961,-2.9162,0.0004,25.8094,0.1461,0.0001,25.9392,0.062,0.0003,0.0,-0.0,0.0002,0.0,STILL1
-18.1905,17.7513,-2.7517,0.0004,25.5651,0.2443,0.0001,25.8996,0.0822,0.0003,0.0,-0.0001,0.0002,-0.0,STILL1
-18.2555,17.6385,-2.3889,0.0004,25.4968,0.0683,0.0,25.7712,0.0867,0.0004,0.0,-0.0001,0.0003,-0.0,STILL1
-18.1857,18.0358,-2.1455,0.0002,25.7024,0.2055,0.0003,25.6474,0.0118,0.0003,0.0,-0.0001,0.0003,-0.0,STILL1
-18.0486,17.9755,-1.9726,0.0002,25.5492,0.1532,0.0,25.6246,0.0131,0.0003,0.0,-0.0001,0.0003,-0.0001,STILL1
-18.5763,17.8117,-2.1094,0.0001,25.8222,0.273,0.0001,25.6271,0.0141,0.0003,0.0,-0.0001,0.0002,-0.0001,STILL1
-18.7298,17.4025,-1.875,0.0002,25.6353,0.1869,0.0001,25.6412,0.0132,0.0002,0.0,-0.0,0.0001,-0.0,STILL1
-18.8589,16.972,-1.8969,0.0002,25.4421,0.1931,0.0001,25.6302,0.0168,0.0002,0.0,-0.0,-0.0,-0.0,STILL1
-19.0808,17.0713,-2.0112,0.0003,25.6818,0.2396,0.0001,25.6261,0.0163,0.0002,0.0,-0.0,-0.0001,-0.0,STILL1
-18.7803,17.4227,-2.2652,0.0002,25.7173,0.0355,0.0001,25.6597,0.0156,0.0002,0.0,0.0,-0.0002,0.0,STILL1
-18.2836,17.6288,-2.6684,0.0002,25.5379,0.1794,0.0,25.6029,0.0101,0.0002,0.0,-0.0,-0.0001,0.0,STILL1
-18.3113,17.1718,-2.766,0.0001,25.2552,0.2828,0.0001,25.5269,0.0283,0.0002,0.0,-0.0,-0.0001,-0.0,STILL1
-18.5521,17.1374,-2.6128,0.0002,25.3909,0.1358,0.0001,25.5166,0.0304,0.0002,0.0,-0.0,-0.0001,-0.0,STILL1
-18.3761,17.0099,-3.1246,0.0003,25.2345,0.1564,0.0001,25.4272,0.0329,0.0002,0.0,-0.0,0.0,-0.0001,STILL1
-18.9259,16.7048,-2.7903,0.0003,25.3974,0.1628,0.0,25.3632,0.0121,0.0002,0.0,-0.0,0.0,-0.0002,STILL1
-18.8501,17.0014,-3.0073,0.0001,25.562,0.1646,0.0001,25.368,0.0139,0.0002,0.0,0.0,-0.0,-0.0002,STILL1
-18.4426,17.6355,-2.8902,0.0001,25.6805,0.1186,0.0,25.4531,0.0237,0.0002,0.0,0.0,-0.0,-0.0002,STILL1
-18.0665,17.9615,-2.409,0.0004,25.5894,0.0911,0.0003,25.4928,0.025,0.0002,0.0,0.0,-0.0001,-0.0002,STILL1
-18.2126,17.9598,-2.2272,0.0004,25.6752,0.0858,0.0001,25.5809,0.0106,0.0003,0.0,0.0001,-0.0002,-0.0001,STILL1
-18.8388,18.3616,-2.2255,0.0003,26.4008,0.7256,0.0001,25.7816,0.098,0.0003,0.0,0.0001,-0.0002,-0.0001,STILL1
-18.4773,18.3612,-2.0492,0.0003,26.1293,0.2715,0.0,25.8951,0.0997,0.0003,0.0,0.0001,-0.0002,-0.0002,STILL1
-18.66,18.6202,-2.4018,0.0003,26.4703,0.3409,0.0,26.053,0.1317,0.0003,0.0,0.0,-0.0003,-0.0002,STILL1
-18.6311,18.843,-2.2621,0.0003,26.595,0.1248,0.0,26.2541,0.107,0.0003,0.0,-0.0,-0.0002,-0.0002,STILL1
-18.5736,18.7057,-2.3222,0.0002,26.4627,0.1323,0.0001,26.4116,0.0239,0.0003,0.0,-0.0001,-0.0001,-0.0002,STILL1
-19.0527,19.052,-2.239,0.0004,27.037,0.5743,0.0002,26.5389,0.0859,0.0003,0.0,0.0,-0.0001,-0.0002,STILL1
-19.3265,19.426,-2.2412,0.0003,27.4937,0.4568,0.0001,26.8117,0.1603,0.0003,0.0,0.0001,-0.0,-0.0002,STILL1
-18.3706,19.3502,-2.6367,0.0003,26.8116,0.6822,0.0,26.88,0.1323,0.0003,0.0,0.0001,0.0,-0.0002,STILL1
-18.5027,19.1801,-2.6,0.0002,26.7766,0.0349,0.0001,26.9163,0.1168,0.0003,0.0,0.0002,0.0001,-0.0002,STILL1
-18.2022,18.5816,-2.3894,0.0002,26.121,0.6557,0.0,26.848,0.1975,0.0003,0.0,0.0002,0.0001,-0.0001,STILL1
-18.0305,18.509,-1.8802,0.0001,25.9079,0.2131,0.0001,26.6222,0.3162,0.0002,0.0,0.0001,0.0001,-0.0001,STILL1
-18.5056,18.6635,-1.3104,0.0003,26.3154,0.4075,0.0001,26.3865,0.1275,0.0002,0.0,0.0001,0.0001,0.0,STILL1
-18.467,18.9277,-1.689,0.0004,26.4979,0.1825,0.0002,26.3238,0.0899,0.0003,0.0,0.0,0.0001,0.0001,STILL1
-18.5361,18.314,-1.7012,0.0004,26.1129,0.385,0.0,26.191,0.0402,0.0003,0.0,0.0,0.0001,0.0002,STILL1
-18.3164,18.8481,-1.6734,0.0002,26.3352,0.2222,0.0002,26.2339,0.0415,0.0003,0.0,0.0,0.0001,0.0003,STILL1
-18.2625,18.8722,-1.8513,0.0002,26.3269,0.0083,0.0,26.3177,0.015,0.0003,0.0,0.0,0.0001,0.0003,STILL1
-18.1475,18.604,-1.8529,0.0002,26.0552,0.2717,0.0001,26.2656,0.026,0.0003,0.0,0.0,0.0001,0.0003,STILL1
-18.2086,18.7895,-2.1136,0.0002,26.25,0.1948,0.0001,26.216,0.0128,0.0002,0.0,-0.0,0.0,0.0002,STILL1
-18.3356,18.4409,-2.3315,0.0003,26.1094,0.1407,0.0001,26.2153,0.013,0.0002,0.0,-0.0001,0.0,0.0001,STILL1
-18.6466,19.084,-2.1277,0.0002,26.7661,0.6567,0.0,26.3015,0.0633,0.0002,0.0,-0.0001,-0.0,0.0001,STILL1
-18.4579,18.6641,-1.8865,0.0006,26.3173,0.4487,0.0003,26.2996,0.0633,0.0003,0.0,-0.0001,-0.0001,0.0002,STILL1
-18.4851,18.5656,-1.9092,0.0004,26.2684,0.049,0.0001,26.3422,0.0497,0.0003,0.0,-0.0001,-0.0002,0.0002,STILL1
-18.3037,18.0806,-2.6305,0.0004,25.8622,0.4061,0.0,26.2647,0.0881,0.0004,0.0,-0.0001,-0.0003,0.0002,STILL1
-18.4648,18.2458,-2.5263,0.0005,26.0814,0.2192,0.0,26.2591,0.0899,0.0004,0.0,0.0,-0.0003,0.0002,STILL1
-18.3719,18.5216,-2.4398,0.0006,26.2017,0.1203,0.0001,26.1462,0.0264,0.0005,0.0,0.0001,-0.0004,0.0002,STILL1
-18.0006,18.3548,-2.7393,0.0006,25.8539,0.3478,0.0,26.0535,0.0291,0.0005,0.0,0.0001,-0.0004,0.0001,STILL1
-17.6849,18.4932,-3.0227,0.0005,25.7661,0.0878,0.0,25.9531,0.0263,0.0005,0.0,0.0001,-0.0005,0.0001,STILL1
-17.7666,18.5258,-3.1338,0.0003,25.8589,0.0928,0.0002,25.9524,0.0264,0.0005,0.0,0.0001,-0.0004,0.0,STILL1
-17.6539,18.955,-2.9445,0.0004,26.0696,0.2108,0.0001,25.95,0.0258,0.0005,0.0,0.0,-0.0004,-0.0,STILL1
-17.3888,18.514,-2.8869,0.0004,25.5631,0.5065,0.0,25.8223,0.0268,0.0004,0.0,-0.0,-0.0004,-0.0,STILL1
-17.4516,18.4456,-3.3345,0.0001,25.6109,0.0478,0.0003,25.7737,0.0331,0.0003,0.0,-0.0001,-0.0003,0.0,STILL1
-17.8144,18.4627,-2.9051,0.0002,25.8199,0.209,0.0001,25.7845,0.0334,0.0003,0.0,-0.0001,-0.0002,0.0,STILL1
-17.9016,18.4483,-2.9616,0.0003,25.8762,0.0563,0.0001,25.7879,0.034,0.0003,0.0,-0.0001,-0.0002,0.0001,STILL1
-18.2775,18.7399,-2.8786,0.0003,26.3351,0.4589,0.0,25.841,0.0752,0.0003,0.0,0.0,-0.0001,0.0002,STILL1
-18.4157,18.5107,-2.3404,0.0004,26.2157,0.1194,0.0002,25.9715,0.0708,0.0003,0.0,0.0,-0.0,0.0002,STILL1
-17.9357,18.2085,-2.338,0.0004,25.6653,0.5504,0.0001,25.9824,0.0634,0.0003,0.0,-0.0,0.0001,0.0002,STILL1
-17.9705,17.7887,-1.961,0.0003,25.3618,0.3035,0.0,25.8908,0.1268,0.0003,0.0,0.0,0.0001,0.0002,STILL1
-17.592,18.5216,-1.7157,0.0004,25.6022,0.2404,0.0,25.836,0.1404,0.0004,0.0,0.0001,0.0002,0.0002,STILL1
-17.758,18.3423,-1.8475,0.0003,25.5968,0.0053,0.0,25.6883,0.0802,0.0004,0.0,0.0001,0.0002,0.0001,STILL1
-17.722,18.5957,-2.103,0.0003,25.7739,0.177,0.0,25.6,0.0182,0.0003,0.0,0.0001,0.0002,-0.0,STILL1
-18.1182,18.3859,-2.1105,0.0002,25.8992,0.1253,0.0001,25.6468,0.0331,0.0003,0.0,0.0002,0.0002,-0.0001,STILL1
-18.1415,18.6306,-2.1603,0.0002,26.0937,0.1945,0.0,25.7931,0.0354,0.0003,0.0,0.0001,0.0002,-0.0001,STILL1
-18.6725,18.6295,-2.3064,0.0004,26.4772,0.3835,0.0003,25.9681,0.0911,0.0003,0.0,0.0,0.0002,-0.0001,STILL1
-18.7005,18.413,-2.4263,0.0003,26.3559,0.1213,0.0001,26.12,0.0705,0.0003,0.0,-0.0,0.0002,-0.0001,STILL1
-18.8917,18.096,-2.4348,0.0004,26.2734,0.0826,0.0,26.2199,0.0413,0.0003,0.0,-0.0001,0.0002,-0.0001,STILL1
-19.1508,18.1268,-2.3572,0.0004,26.4744,0.201,0.0,26.3349,0.0204,0.0003,0.0,-0.0002,0.0002,-0.0001,STILL1
-19.0675,18.0452,-1.9577,0.0003,26.3255,0.1489,0.0001,26.3813,0.0067,0.0004,0.0,-0.0002,0.0002,-0.0001,STILL1
-18.9009,17.8768,-1.6474,0.0003,26.0679,0.2576,0.0,26.2994,0.0177,0.0003,0.0,-0.0003,0.0001,-0.0001,STILL1
-19.027,17.7764,-1.9148,0.0003,26.1093,0.0413,0.0,26.2501,0.0219,0.0003,0.0,-0.0003,0.0001,-0.0001,STILL1
-18.5466,18.243,-1.7974,0.0004,26.0771,0.0322,0.0001,26.2108,0.0262,0.0003,0.0,-0.0002,0.0001,-0.0001,STILL1
-18.381,17.9225,-1.6411,0.0003,25.7249,0.3521,0.0,26.0609,0.0371,0.0003,0.0,-0.0002,0.0001,-0.0001,STILL1
-18.4392,17.7099,-2.1254,0.0003,25.6547,0.0703,0.0,25.9268,0.0381,0.0003,0.0,-0.0002,0.0001,-0.0002,STILL1
-18.5482,17.746,-2.1253,0.0002,25.758,0.1034,0.0001,25.8648,0.036,0.0003,0.0,-0.0001,0.0,-0.0002,STILL1
-18.248,18.1218,-2.1659,0.0003,25.8085,0.0505,0.0,25.8046,0.0211,0.0003,0.0,-0.0002,-0.0,-0.0002,STILL1
-18.1234,18.0068,-2.3639,0.0003,25.6572,0.1513,0.0,25.7207,0.0035,0.0003,0.0,-0.0001,0.0,-0.0001,STILL1
-17.7143,18.5742,-2.8474,0.0002,25.8245,0.1674,0.0001,25.7406,0.0053,0.0002,0.0,-0.0001,0.0,-0.0001,STILL1
-17.9996,18.4781,-2.3998,0.0005,25.9072,0.0827,0.0003,25.7911,0.0068,0.0003,0.0,-0.0,-0.0001,0.0,STILL1
-18.3622,18.5044,-2.2761,0.0004,26.168,0.2607,0.0001,25.8731,0.0283,0.0003,0.0,0.0,-0.0001,0.0001,STILL1
-18.4429,18.2098,-2.0615,0.0004,25.9997,0.1683,0.0,25.9113,0.0292,0.0003,0.0,0.0001,-0.0001,0.0001,STILL1
-18.2855,17.6834,-2.0804,0.0003,25.5224,0.4773,0.0001,25.8844,0.0458,0.0003,0.0,0.0002,-0.0001,0.0002,STILL1
-18.1659,18.2717,-2.005,0.0003,25.8433,0.3209,0.0,25.8881,0.0454,0.0004,0.0,0.0002,-0.0001,0.0003,STILL1
-18.5765,18.9049,-2.3509,0.0002,26.6084,0.7651,0.0,26.0284,0.1294,0.0003,0.0,0.0002,-0.0,0.0002,STILL1
-17.9362,19.0552,-1.9744,0.0003,26.2432,0.3652,0.0001,26.0434,0.1345,0.0003,0.0,0.0002,-0.0,0.0002,STILL1
-18.2552,19.1441,-2.2608,0.0002,26.5492,0.306,0.0001,26.1533,0.1732,0.0003,0.0,0.0001,0.0,0.0002,STILL1
-18.0573,18.7528,-2.068,0.0002,26.1153,0.4339,0.0,26.2719,0.0798,0.0002,0.0,0.0,0.0,0.0002,STILL1
-18.7365,19.521,-2.6857,0.0001,27.1908,1.0754,0.0,26.5414,0.1393,0.0002,0.0,0.0,-0.0,0.0002,STILL1
-19.086,19.4355,-2.3048,0.0002,27.3373,0.1466,0.0,26.6872,0.2439,0.0002,0.0,0.0,-0.0,0.0002,STILL1
-18.4251,19.4234,-1.6969,0.0002,26.826,0.5113,0.0,26.8037,0.1947,0.0002,0.0,-0.0001,-0.0001,0.0001,STILL1
-18.0932,18.8794,-1.7794,0.0003,26.2099,0.616,0.0001,26.7359,0.2477,0.0002,0.0,-0.0001,-0.0001,0.0,STILL1
-18.7589,18.5066,-2.0892,0.0002,26.434,0.2241,0.0001,26.7996,0.1848,0.0002,0.0,-0.0001,-0.0002,-0.0,STILL1
-18.529,18.2147,-2.2057,0.0003,26.0761,0.3579,0.0001,26.5767,0.2092,0.0002,0.0,-0.0001,-0.0001,-0.0001,STILL1
-18.6013,17.7905,-1.6521,0.0002,25.7923,0.2839,0.0001,26.2677,0.1211,0.0002,0.0,-0.0001,-0.0001,-0.0001,STILL1
-17.9498,17.7793,-1.9185,0.0002,25.3373,0.455,0.0001,25.9699,0.1432,0.0002,0.0,-0.0001,-0.0001,-0.0002,STILL1
-18.1036,17.5578,-2.0192,0.0002,25.3001,0.0372,0.0001,25.788,0.1883,0.0002,0.0,-0.0001,0.0,-0.0002,STILL1
-18.4735,17.1556,-1.7591,0.0001,25.2721,0.028,0.0,25.5556,0.1041,0.0002,0.0,-0.0,0.0,-0.0002,STILL1
-18.1476,17.112,-2.0479,0.0002,25.0269,0.2452,0.0001,25.3457,0.0617,0.0002,0.0,-0.0,0.0,-0.0001,STILL1
-18.1243,17.2865,-2.2852,0.0003,25.1502,0.1233,0.0001,25.2173,0.013,0.0002,0.0,-0.0,0.0,-0.0002,STILL1
-17.9151,17.926,-1.8188,0.0003,25.4087,0.2584,0.0,25.2316,0.0172,0.0002,0.0,0.0001,0.0,-0.0001,STILL1
-17.8539,17.469,-1.8675,0.0004,25.0483,0.3604,0.0001,25.1812,0.0205,0.0003,0.0,0.0002,0.0001,-0.0001,STILL1
-17.63,17.147,-2.194,0.0003,24.6911,0.3571,0.0,25.065,0.0534,0.0003,0.0,0.0002,0.0001,-0.0001,STILL1
-17.2603,17.227,-2.149,0.0004,24.4807,0.2104,0.0,24.9558,0.1094,0.0003,0.0,0.0003,0.0001,-0.0,STILL1
-17.6957,17.3504,-2.6286,0.0003,24.9215,0.4408,0.0001,24.9101,0.1,0.0003,0.0,0.0003,0.0001,0.0,STILL1
-17.7847,17.3897,-2.481,0.0002,24.997,0.0755,0.0001,24.8277,0.045,0.0003,0.0,0.0003,0.0002,0.0,STILL1
-17.5028,17.643,-2.3848,0.0002,24.9661,0.0309,0.0001,24.8113,0.0389,0.0003,0.0,0.0002,0.0001,0.0001,STILL1
-17.5397,17.7269,-2.6734,0.0002,25.0805,0.1143,0.0,24.8892,0.0444,0.0002,0.0,0.0002,0.0001,0.0001,STILL1
-17.5318,18.1221,-2.7106,0.0001,25.3598,0.2794,0.0,25.065,0.0244,0.0002,0.0,0.0002,0.0001,0.0,STILL1
-17.6723,18.4477,-2.5748,0.0001,25.676,0.3161,0.0,25.2159,0.0722,0.0002,0.0,0.0001,0.0,0.0,STILL1
-18.0191,18.2894,-2.6536,0.0002,25.8115,0.1355,0.0001,25.3788,0.107,0.0002,0.0,0.0001,0.0,-0.0,STILL1
-17.6028,18.0972,-2.8885,0.0004,25.4108,0.4007,0.0001,25.4677,0.0653,0.0002,0.0,0.0002,0.0001,-0.0001,STILL1
-17.7135,17.4621,-2.842,0.0004,25.0353,0.3754,0.0,25.4587,0.0726,0.0003,0.0,0.0002,0.0001,-0.0001,STILL1
-17.8676,17.7697,-2.8111,0.0004,25.3558,0.3205,0.0,25.4579,0.0728,0.0003,0.0,0.0002,0.0001,-0.0002,STILL1
-17.8004,17.9126,-2.4864,0.0005,25.3751,0.0193,0.0001,25.3977,0.061,0.0004,0.0,0.0002,0.0001,-0.0003,STILL1
-17.5903,17.5207,-2.3579,0.0002,24.939,0.4361,0.0003,25.2232,0.0384,0.0004,0.0,0.0001,0.0001,-0.0003,STILL1
-18.3472,17.7041,-2.1519,0.0002,25.5868,0.6478,0.0001,25.2584,0.0566,0.0003,0.0,0.0001,0.0001,-0.0003,STILL1
-18.2934,17.8601,-2.1153,0.0002,25.6536,0.0668,0.0001,25.3821,0.0625,0.0003,0.0,-0.0,0.0001,-0.0002,STILL1
-17.9847,17.6662,-2.1079,0.0003,25.298,0.3556,0.0001,25.3705,0.0637,0.0003,0.0,-0.0001,0.0,-0.0002,STILL1
-18.4097,17.3361,-2.4582,0.0002,25.4067,0.1087,0.0,25.3768,0.0639,0.0002,0.0,-0.0001,0.0,-0.0001,STILL1
-18.259,17.547,-1.9728,0.0004,25.4004,0.0063,0.0002,25.4691,0.0172,0.0003,0.0,-0.0002,-0.0,-0.0001,STILL1
-18.6197,17.8251,-2.2438,0.0005,25.874,0.4736,0.0001,25.5265,0.0439,0.0003,0.0,-0.0002,-0.0001,-0.0002,STILL1
-18.3207,18.1132,-2.3482,0.0004,25.8699,0.0041,0.0,25.5698,0.0624,0.0004,0.0,-0.0003,-0.0001,-0.0002,STILL1
-18.9285,18.5187,-2.7567,0.0004,26.6238,0.7539,0.0,25.835,0.1995,0.0004,0.0,-0.0003,-0.0001,-0.0003,STILL1
-18.7553,18.3368,-2.6241,0.0003,26.3607,0.2631,0.0002,26.0258,0.1817,0.0004,0.0,-0.0002,-0.0001,-0.0003,STILL1
-18.8542,17.8882,-2.3274,0.0002,26.0938,0.2669,0.0001,26.1644,0.0851,0.0004,0.0,-0.0002,-0.0001,-0.0003,STILL1
-18.6084,17.8856,-2.19,0.0004,25.9029,0.1909,0.0002,26.1702,0.0819,0.0003,0.0,-0.0001,-0.0001,-0.0003,STILL1
-18.1086,17.946,-2.0677,0.0004,25.5784,0.3246,0.0,26.1119,0.1305,0.0003,0.0,0.0,-0.0002,-0.0002,STILL1
-18.0744,17.9068,-2.2541,0.0002,25.5424,0.0359,0.0002,25.8956,0.0962,0.0003,0.0,0.0,-0.0002,-0.0001,STILL1
-18.0626,18.0004,-1.9002,0.0003,25.5711,0.0287,0.0,25.7377,0.0491,0.0003,0.0,0.0,-0.0002,-0.0001,STILL1
-17.9438,18.4003,-2.367,0.0005,25.81,0.2389,0.0003,25.681,0.0215,0.0004,0.0,0.0,-0.0003,0.0,STILL1
-18.2332,18.2984,-2.228,0.0004,25.9277,0.1177,0.0001,25.6859,0.0238,0.0004,0.0,0.0,-0.0003,0.0001,STILL1
-18.4741,18.4637,-2.5511,0.0003,26.2432,0.3156,0.0001,25.8189,0.066,0.0004,0.0,0.0,-0.0003,0.0002,STILL1
-18.5699,18.2335,-2.3409,0.0003,26.13,0.1132,0.0,25.9364,0.0562,0.0004,0.0,0.0,-0.0003,0.0002,STILL1
-18.3434,18.1899,-1.9571,0.0002,25.9072,0.2228,0.0001,26.0036,0.0252,0.0004,0.0,0.0001,-0.0002,0.0002,STILL1
-18.1528,17.6707,-1.9938,0.0001,25.4117,0.4955,0.0001,25.924,0.0814,0.0003,0.0,0.0001,-0.0001,0.0002,STILL1
-18.2848,17.4365,-2.1544,0.0001,25.3576,0.0541,0.0001,25.81,0.1326,0.0002,0.0,0.0,-0.0,0.0001,STILL1
-18.4809,17.1461,-1.5579,0.0002,25.2579,0.0997,0.0,25.6129,0.1172,0.0002,0.0,-0.0,0.0,0.0001,STILL1
-18.5598,17.7356,-2.3557,0.0002,25.7792,0.5213,0.0,25.5427,0.0643,0.0002,0.0,-0.0,0.0001,0.0001,STILL1
-18.5134,18.7635,-2.9627,0.0003,26.5253,0.7462,0.0001,25.6663,0.2155,0.0002,0.0,-0.0,0.0,0.0001,STILL1
-18.4451,19.0389,-2.8702,0.0003,26.6635,0.1381,0.0,25.9167,0.3387,0.0002,0.0,-0.0001,0.0001,0.0002,STILL1
-18.6155,19.1155,-2.9774,0.0002,26.8478,0.1843,0.0002,26.2147,0.3608,0.0002,0.0,-0.0001,0.0001,0.0002,STILL1
-18.4924,18.3799,-3.1006,0.0002,26.2565,0.5913,0.0,26.4145,0.1381,0.0002,0.0,-0.0,0.0001,0.0002,STILL1
-18.7283,17.9914,-2.843,0.0002,26.1251,0.1314,0.0,26.4836,0.0694,0.0002,0.0,-0.0001,0.0001,0.0002,STILL1
-18.6826,17.6181,-2.7525,0.0003,25.8267,0.2985,0.0001,26.3439,0.1358,0.0003,0.0,-0.0,0.0002,0.0002,STILL1
-18.643,17.1351,-2.3739,0.0002,25.4324,0.3942,0.0001,26.0977,0.2209,0.0002,0.0,-0.0,0.0001,0.0001,STILL1
-18.0925,17.5612,-2.2429,0.0003,25.3134,0.1191,0.0001,25.7908,0.1373,0.0002,0.0,0.0,0.0002,0.0002,STILL1
-18.724,18.7709,-1.8099,0.0003,26.5746,1.2612,0.0,25.8544,0.2127,0.0003,0.0,0.0,0.0002,0.0001,STILL1
-18.6542,18.5604,-1.9854,0.0002,26.3896,0.185,0.0001,25.9073,0.2525,0.0003,0.0,0.0001,0.0002,0.0001,STILL1
-18.339,18.914,-2.2352,0.0003,26.4396,0.05,0.0001,26.0299,0.2929,0.0003,0.0,0.0001,0.0002,0.0001,STILL1
-18.1493,18.9156,-2.0851,0.0004,26.2972,0.1424,0.0,26.2029,0.2058,0.0003,0.0,0.0001,0.0003,-0.0,STILL1
-17.8351,18.8574,-2.5087,0.0003,26.0766,0.2207,0.0,26.3555,0.0275,0.0003,0.0,0.0001,0.0003,-0.0,STILL1
-17.9556,18.786,-2.3507,0.0003,26.0929,0.0164,0.0,26.2592,0.0224,0.0003,0.0,0.0001,0.0003,-0.0,STILL1
-17.452,19.185,-2.2649,0.0002,26.0339,0.059,0.0001,26.188,0.0241,0.0003,0.0,0.0001,0.0003,-0.0001,STILL1
-17.3647,19.1855,-2.1619,0.0003,25.9671,0.0668,0.0,26.0935,0.0123,0.0003,0.0,0.0001,0.0002,-0.0001,STILL1
-17.423,19.1015,-2.2983,0.0001,25.956,0.0111,0.0002,26.0253,0.0031,0.0003,0.0,0.0001,0.0001,-0.0,STILL1
-17.9728,18.7937,-2.1855,0.0004,26.096,0.14,0.0002,26.0292,0.0036,0.0003,0.0,0.0002,0.0001,-0.0001,STILL1
-17.5532,18.7037,-2.0922,0.0004,25.7356,0.3604,0.0,25.9577,0.0149,0.0003,0.0,0.0002,-0.0,-0.0001,STILL1
-17.3676,18.3036,-1.8081,0.0003,25.2967,0.4389,0.0,25.8103,0.0794,0.0003,0.0,0.0002,-0.0001,-0.0001,STILL1
-16.9159,18.0335,-1.534,0.0002,24.7732,0.5236,0.0001,25.5715,0.2325,0.0003,0.0,0.0002,-0.0001,-0.0001,STILL1
-17.1296,17.5924,-1.6678,0.0003,24.611,0.1622,0.0,25.3025,0.3151,0.0003,0.0,0.0002,-0.0001,-0.0,STILL1
-17.3787,17.549,-2.1499,0.0003,24.7913,0.1803,0.0,25.0415,0.1734,0.0003,0.0,0.0002,-0.0002,0.0,STILL1
-17.4311,17.0704,-1.9636,0.0001,24.4765,0.3148,0.0002,24.7897,0.0775,0.0002,0.0,0.0001,-0.0002,0.0001,STILL1
-17.673,17.1345,-2.4834,0.0002,24.7405,0.264,0.0,24.6785,0.0142,0.0002,0.0,0.0001,-0.0001,0.0001,STILL1
-17.9415,17.4107,-2.3774,0.0001,25.1134,0.3729,0.0001,24.7465,0.0456,0.0002,0.0,0.0001,-0.0001,0.0001,STILL1
-17.872,17.5692,-2.3925,0.0001,25.1755,0.0621,0.0,24.8594,0.066,0.0001,0.0,0.0,-0.0001,0.0001,STILL1
-17.4851,18.1053,-2.6234,0.0001,25.3064,0.1309,0.0,24.9625,0.0944,0.0001,0.0,-0.0,-0.0,0.0,STILL1
-17.5599,17.6749,-2.4925,0.0001,25.0393,0.2671,0.0001,25.075,0.0357,0.0001,0.0,-0.0,-0.0,0.0001,STILL1
-17.6511,17.8649,-2.5721,0.0,25.2454,0.2061,0.0001,25.176,0.0089,0.0001,0.0,-0.0,-0.0,0.0,STILL1
-17.8802,18.0857,-2.2952,0.0002,25.5355,0.2901,0.0001,25.2604,0.0268,0.0001,0.0,-0.0,-0.0,-0.0,STILL1
-18.1448,17.9373,-2.1893,0.0001,25.6081,0.0726,0.0001,25.3469,0.0421,0.0001,0.0,0.0,-0.0,-0.0,STILL1
-18.2377,18.1748,-2.1889,0.0001,25.8405,0.2324,0.0,25.4538,0.0791,0.0001,0.0,0.0,-0.0001,-0.0,STILL1
-18.2996,18.4524,-1.998,0.0002,26.0645,0.224,0.0,25.6588,0.0772,0.0001,0.0,0.0,-0.0001,-0.0,STILL1
-17.8865,18.3931,-2.0047,0.0002,25.7343,0.3302,0.0,25.7566,0.0346,0.0002,0.0,-0.0,-0.0001,-0.0,STILL1
-17.7967,18.1489,-2.2506,0.0004,25.518,0.2163,0.0001,25.7531,0.0362,0.0002,0.0,-0.0001,-0.0001,0.0,STILL1
-17.4811,18.4222,-2.7849,0.0003,25.5485,0.0304,0.0,25.7411,0.0403,0.0002,0.0,-0.0002,-0.0001,0.0001,STILL1
-17.5724,18.4472,-2.7935,0.0003,25.6299,0.0814,0.0,25.699,0.039,0.0003,0.0,-0.0002,-0.0,0.0001,STILL1
-17.6517,18.4609,-2.5817,0.0002,25.672,0.0421,0.0001,25.6205,0.0063,0.0003,0.0,-0.0002,0.0001,0.0001,STILL1
-17.9682,18.4124,-2.581,0.0002,25.8561,0.1841,0.0,25.6449,0.0142,0.0003,0.0,-0.0001,0.0001,0.0002,STILL1
-18.4714,18.2737,-2.021,0.0002,26.0616,0.2055,0.0,25.7536,0.0339,0.0003,0.0,-0.0001,0.0001,0.0002,STILL1
-18.7459,18.4346,-1.6262,0.0002,26.3417,0.2801,0.0001,25.9123,0.0695,0.0002,0.0,-0.0001,0.0001,0.0001,STILL1
-18.6999,17.8008,-1.9947,0.0002,25.8946,0.4471,0.0,25.9652,0.0508,0.0002,0.0,-0.0001,0.0,0.0001,STILL1
-18.8505,17.7844,-1.9395,0.0003,25.9882,0.0936,0.0001,26.0285,0.0297,0.0002,0.0,-0.0001,-0.0,0.0001,STILL1
-18.521,18.2744,-2.311,0.0002,26.1213,0.1331,0.0001,26.0815,0.0227,0.0002,0.0,-0.0002,-0.0,0.0001,STILL1
-18.1543,18.4945,-1.9238,0.0002,25.9871,0.1342,0.0,26.0666,0.0241,0.0002,0.0,-0.0001,-0.0001,0.0001,STILL1
-17.9235,17.9737,-1.9672,0.0002,25.4593,0.5278,0.0,25.8901,0.0516,0.0002,0.0,-0.0001,-0.0001,0.0002,STILL1
-18.3013,18.9321,-1.905,0.0002,26.4006,0.9413,0.0,25.9913,0.0935,0.0002,0.0,-0.0001,-0.0,0.0001,STILL1
-18.191,19.0488,-2.3896,0.0002,26.4477,0.0471,0.0,26.0832,0.1267,0.0002,0.0,-0.0001,-0.0001,0.0001,STILL1
-18.0122,19.1328,-2.4898,0.0002,26.3951,0.0526,0.0,26.1379,0.1429,0.0002,0.0,-0.0001,-0.0001,0.0001,STILL1
-18.0285,19.0156,-2.5512,0.0002,26.3273,0.0678,0.0,26.206,0.1409,0.0002,0.0,-0.0001,-0.0,0.0,STILL1
-17.9291,19.1531,-2.2535,0.0001,26.3319,0.0046,0.0001,26.3805,0.0021,0.0002,0.0,-0.0001,-0.0,0.0,STILL1
-18.412,19.3381,-2.2872,0.0001,26.7992,0.4672,0.0,26.4603,0.0307,0.0001,0.0,-0.0001,-0.0001,-0.0,STILL1
-18.2171,19.2892,-2.1922,0.0,26.6222,0.1769,0.0,26.4952,0.0347,0.0001,0.0,-0.0001,-0.0,-0.0,STILL1
-17.9768,19.147,-2.2288,0.0001,26.3579,0.2643,0.0001,26.4877,0.0364,0.0001,0.0,-0.0,-0.0,-0.0,STILL1
-17.3502,19.2176,-2.158,0.0002,25.9808,0.3771,0.0001,26.4184,0.0778,0.0001,0.0,-0.0,-0.0,-0.0001,STILL1
-17.5239,19.021,-2.267,0.0002,25.962,0.0189,0.0,26.3444,0.1125,0.0001,0.0,-0.0,-0.0,-0.0001,STILL1
-17.5972,17.7293,-2.1043,0.0002,25.0683,0.8937,0.0,25.9982,0.277,0.0001,0.0,-0.0001,-0.0001,-0.0,STILL1
-17.8997,18.3334,-2.5303,0.0001,25.7471,0.6789,0.0001,25.8232,0.1812,0.0002,0.0,-0.0001,-0.0001,-0.0,STILL1
-17.7479,18.3011,-2.6711,0.0001,25.633,0.1141,0.0,25.6782,0.1102,0.0002,0.0,-0.0001,-0.0001,-0.0,STILL1
-18.0764,18.3596,-2.3431,0.0001,25.8713,0.2383,0.0,25.6563,0.0988,0.0001,0.0,-0.0001,-0.0001,-0.0,STILL1
-18.5111,18.7971,-2.287,0.0002,26.4806,0.6093,0.0001,25.7601,0.2053,0.0001,0.0,-0.0001,-0.0001,-0.0,STILL1
-18.662,18.5095,-1.8921,0.0002,26.3525,0.1281,0.0001,26.0169,0.1138,0.0001,0.0,-0.0001,-0.0001,-0.0001,STILL1
-19.3328,18.0733,-1.6668,0.0004,26.5175,0.165,0.0001,26.171,0.1256,0.0002,0.0,-0.0001,-0.0001,-0.0001,STILL1
-18.7693,17.3399,-2.0584,0.0006,25.6358,0.8816,0.0002,26.1715,0.125,0.0003,0.0,-0.0002,-0.0002,-0.0001,STILL1
-18.3623,17.4313,-2.2811,0.0006,25.421,0.2148,0.0,26.0815,0.2115,0.0004,0.0,-0.0002,-0.0003,-0.0001,STILL1
-18.3211,17.8825,-2.2624,0.0003,25.7015,0.2805,0.0002,25.9257,0.1843,0.0004,0.0,-0.0002,-0.0003,-0.0001,STILL1
-17.9006,18.2779,-2.7006,0.0004,25.7256,0.0241,0.0001,25.8003,0.1401,0.0004,0.0,-0.0002,-0.0002,-0.0001,STILL1
-17.4768,17.7786,-2.9354,0.0005,25.1024,0.6232,0.0001,25.5173,0.0546,0.0005,0.0,-0.0003,-0.0001,-0.0001,STILL1
-17.297,17.6416,-2.939,0.0004,24.8807,0.2217,0.0001,25.3663,0.11,0.0004,0.0,-0.0002,0.0001,-0.0001,STILL1
-17.3033,17.857,-2.9168,0.0004,25.0357,0.1549,0.0,25.2892,0.1253,0.0004,0.0,-0.0003,0.0002,-0.0001,STILL1
-17.3332,18.1575,-2.4803,0.0003,25.2247,0.1891,0.0001,25.1938,0.083,0.0004,0.0,-0.0002,0.0003,-0.0001,STILL1
-17.501,18.0979,-2.2186,0.0002,25.2733,0.0485,0.0001,25.1034,0.0196,0.0004,0.0,-0.0002,0.0003,-0.0001,STILL1
-17.4383,17.6033,-2.553,0.0001,24.9096,0.3637,0.0001,25.0648,0.0256,0.0003,0.0,-0.0001,0.0002,-0.0001,STILL1
-17.4569,18.4264,-2.6018,0.0002,25.5156,0.606,0.0001,25.1918,0.0433,0.0003,0.0,-0.0,0.0002,-0.0001,STILL1
-16.7936,18.6661,-2.5127,0.0003,25.2342,0.2814,0.0001,25.2315,0.0372,0.0002,0.0,0.0001,0.0001,-0.0001,STILL1
-17.3693,18.6079,-2.6914,0.0003,25.5967,0.3625,0.0,25.3058,0.0584,0.0002,0.0,0.0001,0.0001,-0.0002,STILL1
-17.2829,18.5051,-2.3625,0.0002,25.4306,0.166,0.0001,25.3373,0.0603,0.0002,0.0,0.0001,0.0001,-0.0002,STILL1
-17.592,17.8572,-2.0494,0.0003,25.1507,0.28,0.0001,25.3855,0.0283,0.0003,0.0,0.0001,0.0002,-0.0002,STILL1
-17.8142,17.7576,-2.7895,0.0003,25.3073,0.1566,0.0001,25.3439,0.0244,0.0003,0.0,0.0001,0.0002,-0.0001,STILL1
-17.2826,17.7373,-2.4191,0.0004,24.8828,0.4245,0.0001,25.2736,0.0596,0.0003,0.0,0.0,0.0003,-0.0001,STILL1
-17.1417,18.2617,-2.7884,0.0005,25.2013,0.3185,0.0,25.1945,0.0335,0.0003,0.0,-0.0,0.0002,0.0001,STILL1
-17.0852,18.4063,-3.2276,0.0005,25.3202,0.1189,0.0,25.1725,0.025,0.0004,0.0,-0.0,0.0002,0.0002,STILL1
-17.3244,18.425,-2.8508,0.0004,25.4508,0.1306,0.0001,25.2325,0.0368,0.0004,0.0,-0.0001,0.0002,0.0003,STILL1
-17.1846,18.2306,-2.6869,0.0003,25.1969,0.2539,0.0001,25.2104,0.0355,0.0004,0.0,-0.0001,0.0001,0.0003,STILL1
-16.657,17.7595,-2.6964,0.0001,24.4975,0.6994,0.0001,25.1334,0.1097,0.0003,0.0,-0.0001,0.0,0.0003,STILL1
-17.1975,17.7326,-2.7071,0.0002,24.8501,0.3526,0.0,25.0631,0.1199,0.0003,0.0,-0.0001,0.0,0.0002,STILL1
-17.1892,17.8548,-2.9376,0.0002,24.9579,0.1078,0.0,24.9906,0.1037,0.0002,0.0,-0.0001,0.0,0.0001,STILL1
-18.242,18.1214,-2.4751,0.0002,25.8318,0.8739,0.0001,25.0668,0.197,0.0002,0.0,-0.0001,0.0,0.0,STILL1
-18.2624,17.894,-2.055,0.0002,25.6502,0.1816,0.0001,25.1575,0.2535,0.0002,0.0,-0.0001,0.0001,-0.0,STILL1
-17.763,18.3277,-2.0128,0.0002,25.6023,0.0478,0.0,25.3785,0.1571,0.0002,0.0,-0.0001,0.0001,-0.0,STILL1
-18.2073,18.2434,-1.8634,0.0002,25.8418,0.2395,0.0,25.5768,0.1049,0.0002,0.0,-0.0001,0.0001,0.0,STILL1
-18.3377,18.5853,-1.9751,0.0001,26.1837,0.3419,0.0001,25.822,0.0418,0.0002,0.0,-0.0001,0.0001,0.0,STILL1
-18.8108,18.8151,-2.0144,0.0002,26.6817,0.498,0.0002,25.9919,0.1607,0.0002,0.0,-0.0,0.0001,-0.0,STILL1
-18.633,18.999,-1.7615,0.0002,26.6693,0.0124,0.0,26.1958,0.1876,0.0002,0.0,0.0,0.0,-0.0,STILL1
-19.1814,19.1429,-1.5967,0.0002,27.1464,0.4771,0.0001,26.5046,0.2025,0.0002,0.0,0.0,0.0,-0.0001,STILL1
-18.6139,19.0737,-1.6899,0.0003,26.7047,0.4418,0.0001,26.6772,0.0929,0.0002,0.0,0.0001,-0.0001,-0.0001,STILL1
-18.9067,19.0215,-1.9832,0.0002,26.8926,0.188,0.0001,26.819,0.0334,0.0002,0.0,0.0001,-0.0001,-0.0001,STILL1
-18.7879,19.2578,-1.7897,0.0001,26.9639,0.0712,0.0001,26.8754,0.0306,0.0002,0.0,0.0,-0.0001,-0.0001,STILL1
-18.9647,18.9562,-1.4411,0.0002,26.8528,0.111,0.0001,26.9121,0.0209,0.0002,0.0,0.0,-0.0001,-0.0001,STILL1
-18.7686,19.0056,-1.2966,0.0003,26.7424,0.1104,0.0001,26.8313,0.0091,0.0002,0.0,0.0001,-0.0002,-0.0,STILL1
-19.2336,18.192,-1.4842,0.0002,26.5157,0.2267,0.0001,26.7935,0.0244,0.0002,0.0,0.0001,-0.0002,-0.0,STILL1
-19.5244,17.7286,-1.8373,0.0002,26.4364,0.0794,0.0,26.7022,0.0396,0.0002,0.0,0.0001,-0.0001,0.0,STILL1
-19.6789,18.2891,-1.8574,0.0003,26.9296,0.4932,0.0001,26.6954,0.0362,0.0002,0.0,0.0001,-0.0001,0.0001,STILL1
-19.4119,18.2626,-1.9671,0.0003,26.7247,0.2048,0.0001,26.6698,0.0308,0.0002,0.0,-0.0,-0.0001,0.0001,STILL1
-18.7389,18.1569,-1.7175,0.0004,26.149,0.5758,0.0001,26.5511,0.0699,0.0003,0.0,-0.0001,-0.0002,0.0001,STILL1
-18.6942,18.3099,-1.8834,0.0003,26.235,0.086,0.0,26.4949,0.0865,0.0003,0.0,-0.0001,-0.0002,0.0001,STILL1
-18.3898,18.2886,-1.9161,0.0003,26.0063,0.2287,0.0001,26.4089,0.1262,0.0003,0.0,-0.0001,-0.0002,0.0001,STILL1
-18.6337,18.5027,-2.1203,0.0002,26.345,0.3388,0.0,26.292,0.0591,0.0003,0.0,-0.0,-0.0003,0.0001,STILL1
-18.2226,18.1803,-1.9994,0.0004,25.8183,0.5268,0.0002,26.1107,0.0336,0.0003,0.0,0.0,-0.0003,0.0001,STILL1
-18.2937,17.9974,-2.0683,0.0003,25.7457,0.0726,0.0001,26.03,0.0535,0.0003,0.0,0.0001,-0.0003,0.0001,STILL1
-18.7537,17.501,-2.0609,0.0003,25.7339,0.0118,0.0001,25.9298,0.0526,0.0003,0.0,0.0001,-0.0003,0.0001,STILL1
-18.628,17.7508,-2.0612,0.0003,25.8136,0.0797,0.0,25.8913,0.0526,0.0003,0.0,0.0001,-0.0003,0.0001,STILL1
-18.6774,17.9913,-2.0802,0.0001,26.0165,0.2029,0.0002,25.8256,0.0103,0.0003,0.0,0.0,-0.0002,0.0001,STILL1
-17.9075,17.4118,-2.8642,0.0001,25.1407,0.8758,0.0,25.6901,0.0857,0.0002,0.0,0.0,-0.0001,0.0001,STILL1
-17.8166,17.3294,-2.3351,0.0003,24.9639,0.1768,0.0002,25.5337,0.1661,0.0002,0.0,0.0001,-0.0001,-0.0,STILL1
-17.6564,17.7854,-2.4743,0.0002,25.1832,0.2193,0.0001,25.4235,0.1706,0.0002,0.0,0.0001,-0.0,-0.0,STILL1
-17.5501,18.1346,-2.042,0.0002,25.3188,0.1356,0.0,25.3246,0.1325,0.0002,0.0,0.0001,-0.0,-0.0,STILL1
-17.3182,18.0358,-2.6179,0.0001,25.1409,0.1779,0.0002,25.1495,0.0129,0.0002,0.0,0.0001,-0.0,-0.0,STILL1
-17.289,18.0193,-2.5568,0.0001,25.1026,0.0383,0.0,25.1419,0.0132,0.0002,0.0,0.0001,-0.0,-0.0,STILL1
-17.5562,17.956,-2.633,0.0002,25.2502,0.1476,0.0001,25.1991,0.006,0.0002,0.0,0.0001,-0.0001,-0.0,STILL1
-17.7574,17.5648,-2.622,0.0002,25.1142,0.1359,0.0,25.1853,0.0072,0.0002,0.0,0.0,-0.0001,-0.0001,STILL1
-17.7841,17.9487,-2.7289,0.0003,25.4141,0.2999,0.0001,25.2044,0.0137,0.0002,0.0,-0.0,-0.0001,-0.0001,STILL1
-18.0648,18.1715,-2.1081,0.0002,25.7096,0.2955,0.0001,25.3181,0.051,0.0002,0.0,-0.0001,-0.0001,-0.0001,STILL1
-18.3018,17.9622,-2.3677,0.0003,25.7527,0.0431,0.0001,25.4482,0.0626,0.0002,0.0,-0.0001,-0.0,-0.0002,STILL1
-17.4977,18.6041,-2.4442,0.0002,25.6565,0.0962,0.0001,25.5294,0.0568,0.0002,0.0,-0.0001,0.0,-0.0002,STILL1
-17.5232,18.6396,-2.2053,0.0002,25.678,0.0214,0.0,25.6422,0.0141,0.0002,0.0,-0.0001,0.0001,-0.0001,STILL1
-17.4373,18.2585,-2.1861,0.0002,25.3419,0.3361,0.0,25.6277,0.0215,0.0002,0.0,-0.0001,0.0001,-0.0001,STILL1
-17.4404,18.2443,-2.1489,0.0003,25.3307,0.0112,0.0001,25.552,0.032,0.0002,0.0,-0.0001,0.0001,-0.0001,STILL1
-17.7055,18.3173,-2.0566,0.0002,25.5585,0.2279,0.0001,25.5131,0.0225,0.0002,0.0,-0.0001,0.0001,-0.0001,STILL1
-17.4081,17.4351,-1.8766,0.0003,24.7093,0.8493,0.0001,25.3237,0.1117,0.0002,0.0,-0.0001,0.0001,-0.0001,STILL1
-17.4203,17.4731,-1.8356,0.0001,24.7415,0.0323,0.0001,25.1364,0.1193,0.0002,0.0,-0.0001,0.0,-0.0001,STILL1
-17.3393,17.3972,-2.0935,0.0003,24.6515,0.09,0.0001,24.9983,0.1388,0.0002,0.0,-0.0001,-0.0001,-0.0001,STILL1
-17.559,17.7334,-1.6685,0.0002,25.0115,0.36,0.0001,24.9345,0.1127,0.0002,0.0,-0.0,-0.0001,-0.0001,STILL1
-17.5065,17.9711,-2.2911,0.0002,25.193,0.1815,0.0,24.8614,0.0428,0.0002,0.0,0.0,-0.0,-0.0001,STILL1
-17.4052,17.3988,-2.4579,0.0002,24.7326,0.4605,0.0,24.866,0.0415,0.0002,0.0,0.0001,0.0,-0.0,STILL1
-17.8211,17.594,-2.4913,0.0002,25.1664,0.4338,0.0,24.951,0.0492,0.0002,0.0,0.0001,0.0,0.0,STILL1
-17.5162,17.4346,-1.718,0.0001,24.7737,0.3927,0.0001,24.9754,0.037,0.0002,0.0,0.0001,0.0001,0.0001,STILL1
-17.7067,17.657,-2.1932,0.0003,25.102,0.3283,0.0001,24.9935,0.0396,0.0002,0.0,0.0001,0.0002,0.0001,STILL1
-17.6248,17.3413,-2.2858,0.0003,24.831,0.271,0.0,24.9211,0.0317,0.0002,0.0,0.0001,0.0002,0.0001,STILL1
-17.5186,17.3668,-2.9786,0.0003,24.8471,0.0161,0.0,24.944,0.0251,0.0002,0.0,0.0001,0.0002,0.0001,STILL1
-17.7336,18.0184,-2.6704,0.0002,25.4219,0.5749,0.0001,24.9951,0.0583,0.0002,0.0,0.0001,0.0002,0.0,STILL1
-17.9588,18.0241,-2.5832,0.0002,25.5746,0.1526,0.0,25.1553,0.09,0.0003,0.0,0.0001,0.0002,0.0,STILL1
-17.8576,18.2662,-2.7041,0.0004,25.6877,0.1132,0.0002,25.2724,0.1324,0.0003,0.0,0.0001,0.0002,0.0,STILL1
-17.8611,18.1692,-2.6132,0.0003,25.6119,0.0759,0.0001,25.4286,0.0921,0.0003,0.0,0.0001,0.0002,-0.0,STILL1
-17.9451,18.7822,-2.0218,0.0003,26.0555,0.4436,0.0,25.6703,0.0446,0.0003,0.0,0.0,0.0003,0.0,STILL1
-17.928,18.4195,-1.7206,0.0002,25.7614,0.294,0.0,25.7382,0.0293,0.0003,0.0,0.0,0.0003,0.0,STILL1
-17.6674,18.595,-1.9421,0.0003,25.7232,0.0383,0.0001,25.7679,0.0231,0.0003,0.0,0.0001,0.0002,0.0001,STILL1
-17.8058,18.5166,-2.1412,0.0003,25.7778,0.0546,0.0,25.786,0.0215,0.0003,0.0,0.0001,0.0001,0.0,STILL1
-17.3321,18.9508,-2.5629,0.0004,25.809,0.0312,0.0,25.8254,0.014,0.0003,0.0,0.0002,0.0001,0.0001,STILL1
-17.7407,18.7231,-2.2722,0.0003,25.8931,0.0841,0.0,25.7929,0.0033,0.0003,0.0,0.0002,0.0,0.0001,STILL1
-17.4863,18.9066,-2.2053,0.0003,25.8475,0.0455,0.0001,25.8101,0.0034,0.0003,0.0,0.0002,0.0,0.0001,STILL1
-17.9828,19.0722,-2.0299,0.0003,26.2916,0.4441,0.0,25.9238,0.0353,0.0003,0.0,0.0002,0.0001,0.0,STILL1
-18.455,18.9702,-2.1333,0.0003,26.552,0.2604,0.0,26.0786,0.086,0.0003,0.0,0.0002,0.0001,0.0001,STILL1
-18.3202,18.2574,-1.9879,0.0003,25.9406,0.6113,0.0,26.105,0.0746,0.0003,0.0,0.0002,0.0001,0.0,STILL1
-18.8156,18.106,-2.4965,0.0003,26.2314,0.2907,0.0001,26.1726,0.0642,0.0003,0.0,0.0002,0.0001,-0.0,STILL1
-18.3962,18.0848,-2.616,0.0003,25.9292,0.3022,0.0001,26.189,0.0547,0.0003,0.0,0.0002,0.0,-0.0,STILL1
-18.1451,18.3959,-3.1553,0.0001,26.031,0.1018,0.0002,26.1368,0.0548,0.0003,0.0,0.0002,0.0,-0.0,STILL1
-18.2848,18.1668,-3.218,0.0001,25.9754,0.0556,0.0,26.0215,0.0123,0.0002,0.0,0.0002,-0.0,-0.0001,STILL1
-18.4872,17.6615,-3.7525,0.0002,25.8416,0.1338,0.0001,26.0017,0.017,0.0002,0.0,0.0001,-0.0,-0.0001,STILL1
-18.471,17.6792,-2.8583,0.0002,25.7275,0.1141,0.0,25.9009,0.0114,0.0002,0.0,0.0,-0.0,-0.0001,STILL1
-18.2956,18.3403,-2.6991,0.0001,26.0457,0.3182,0.0001,25.9242,0.0149,0.0001,0.0,-0.0,-0.0,-0.0001,STILL1
-18.4583,18.116,-2.4124,0.0003,25.9753,0.0704,0.0002,25.9131,0.013,0.0002,0.0,-0.0001,-0.0001,-0.0,STILL1
-18.5635,18.4396,-2.3862,0.0002,26.2739,0.2986,0.0001,25.9728,0.0347,0.0002,0.0,-0.0001,-0.0001,0.0,STILL1
-18.9133,18.6111,-2.3902,0.0002,26.6421,0.3681,0.0001,26.1329,0.0952,0.0002,0.0,-0.0001,-0.0,0.0,STILL1
-19.315,18.2826,-2.834,0.0003,26.7462,0.1041,0.0002,26.3366,0.096,0.0002,0.0,-0.0001,-0.0,0.0001,STILL1
-19.4895,18.1761,-2.7672,0.0002,26.7931,0.0469,0.0001,26.4861,0.0984,0.0002,0.0,-0.0001,0.0,0.0001,STILL1
-19.4291,18.2846,-2.5388,0.0003,26.8004,0.0074,0.0,26.6511,0.0388,0.0002,0.0,-0.0001,0.0,0.0002,STILL1
-18.9214,18.084,-2.3841,0.0003,26.2818,0.5186,0.0,26.6527,0.0376,0.0002,0.0,-0.0001,0.0001,0.0002,STILL1
-18.6121,18.3359,-2.0323,0.0002,26.2059,0.0759,0.0001,26.5655,0.0699,0.0003,0.0,-0.0001,0.0001,0.0002,STILL1
-18.4116,18.4812,-2.1696,0.0002,26.1773,0.0286,0.0,26.4517,0.0806,0.0002,0.0,-0.0001,0.0001,0.0002,STILL1
-18.5511,19.085,-1.8169,0.0004,26.6774,0.5001,0.0002,26.4286,0.0669,0.0003,0.0,-0.0001,0.0001,0.0002,STILL1
-18.6628,18.868,-1.3535,0.0001,26.5732,0.1042,0.0002,26.3831,0.0414,0.0002,0.0,-0.0001,0.0001,0.0001,STILL1
-19.0896,19.6944,-1.7547,0.0004,27.4838,0.9107,0.0003,26.6235,0.2238,0.0003,0.0,-0.0001,0.0002,0.0,STILL1
-19.0373,19.1086,-1.71,0.0001,27.0275,0.4564,0.0003,26.7878,0.1946,0.0002,0.0,-0.0001,0.0002,0.0,STILL1
-18.9174,18.5557,-1.8649,0.0001,26.5642,0.4633,0.0,26.8652,0.124,0.0002,0.0,-0.0001,0.0002,-0.0,STILL1
-18.737,18.9945,-2.4357,0.0003,26.7918,0.2276,0.0002,26.8881,0.1175,0.0002,0.0,-0.0,0.0002,-0.0001,STILL1
-18.2709,18.7362,-2.5767,0.0002,26.2966,0.4952,0.0001,26.8328,0.1646,0.0002,0.0,-0.0,0.0002,-0.0001,STILL1
-18.3323,18.6421,-2.4738,0.0001,26.2626,0.034,0.0,26.5885,0.0852,0.0001,0.0,-0.0,0.0001,-0.0,STILL1
-18.2502,18.7668,-2.7853,0.0002,26.3253,0.0628,0.0001,26.4481,0.0408,0.0002,0.0,-0.0,0.0001,-0.0001,STILL1
-18.8939,18.9041,-2.472,0.0002,26.8413,0.516,0.0,26.5035,0.066,0.0002,0.0,0.0,0.0001,-0.0001,STILL1
-18.762,18.5201,-2.2245,0.0004,26.4567,0.3846,0.0002,26.4365,0.0453,0.0002,0.0,-0.0,0.0002,-0.0001,STILL1
-18.569,17.8005,-2.1483,0.0003,25.8124,0.6443,0.0001,26.3397,0.1099,0.0003,0.0,-0.0,0.0002,-0.0001,STILL1
-18.8364,18.3154,-2.3374,0.0001,26.3767,0.5643,0.0002,26.3625,0.1085,0.0003,0.0,-0.0,0.0002,-0.0001,STILL1
-18.416,18.2179,-2.8387,0.0001,26.0596,0.3171,0.0,26.3093,0.1237,0.0002,0.0,-0.0,0.0001,-0.0001,STILL1
-18.6891,18.4431,-2.3866,0.0002,26.3652,0.3057,0.0001,26.2141,0.0587,0.0002,0.0,-0.0001,0.0001,-0.0001,STILL1
-18.7575,18.1014,-2.5718,0.0001,26.1938,0.1714,0.0001,26.1615,0.0442,0.0002,0.0,-0.0001,-0.0,-0.0001,STILL1
-18.5529,18.1467,-2.4262,0.0001,26.0653,0.1286,0.0,26.2121,0.0191,0.0001,0.0,-0.0001,-0.0001,-0.0,STILL1
-18.2798,17.683,-2.3534,0.0001,25.5417,0.5236,0.0,26.0451,0.0757,0.0001,0.0,-0.0001,-0.0001,-0.0,STILL1
-18.7301,17.8151,-2.3046,0.0004,25.952,0.4103,0.0003,26.0236,0.077,0.0002,0.0,-0.0001,-0.0001,-0.0,STILL1
-18.7185,18.0834,-2.4124,0.0004,26.1383,0.1862,0.0001,25.9782,0.0542,0.0002,0.0,-0.0001,-0.0002,-0.0,STILL1
-18.4873,19.1667,-2.7987,0.0003,26.7764,0.6381,0.0,26.0947,0.1587,0.0003,0.0,-0.0001,-0.0002,-0.0001,STILL1
-18.3086,19.1646,-2.8952,0.0003,26.6621,0.1143,0.0001,26.2141,0.2087,0.0003,0.0,-0.0,-0.0003,-0.0,STILL1
-18.4,18.9661,-3.113,0.0003,26.6075,0.0546,0.0,26.4273,0.1038,0.0003,0.0,0.0,-0.0003,-0.0,STILL1
-18.6544,18.2697,-2.9623,0.0002,26.2782,0.3294,0.0001,26.4925,0.0588,0.0003,0.0,0.0001,-0.0002,-0.0,STILL1
-18.2547,18.2408,-2.5823,0.0003,25.9351,0.3431,0.0001,26.4519,0.0942,0.0003,0.0,0.0,-0.0002,0.0,STILL1
-18.5413,18.1145,-2.6096,0.0002,26.0523,0.1172,0.0001,26.3071,0.0841,0.0002,0.0,0.0,-0.0002,0.0001,STILL1
-18.5393,17.8322,-2.8033,0.0001,25.8757,0.1766,0.0,26.1498,0.0713,0.0002,0.0,-0.0,-0.0001,0.0001,STILL1
-18.7627,17.9283,-2.5708,0.0002,26.0782,0.2025,0.0,26.0439,0.0193,0.0002,0.0,-0.0,-0.0001,0.0001,STILL1
-18.6851,17.8582,-2.2379,0.0001,25.9434,0.1348,0.0001,25.9769,0.0058,0.0002,0.0,-0.0,-0.0001,0.0001,STILL1
-18.6856,17.9804,-2.0091,0.0001,26.0093,0.0659,0.0,25.9918,0.0054,0.0001,0.0,-0.0,0.0,0.0001,STILL1
-18.386,17.9437,-1.7822,0.0002,25.7526,0.2567,0.0,25.9318,0.0126,0.0001,0.0,0.0,0.0,0.0001,STILL1
-18.0994,17.5455,-2.3477,0.0003,25.3169,0.4357,0.0001,25.8201,0.0751,0.0002,0.0,0.0001,-0.0,0.0001,STILL1
-17.8483,17.9864,-2.3656,0.0003,25.4494,0.1324,0.0,25.6943,0.0734,0.0002,0.0,0.0001,-0.0001,0.0001,STILL1
-17.8193,17.4704,-2.33,0.0003,25.0633,0.386,0.0,25.5183,0.1096,0.0002,0.0,0.0002,-0.0001,0.0001,STILL1
-17.6992,17.3982,-2.7265,0.0003,24.9678,0.0955,0.0001,25.31,0.0787,0.0003,0.0,0.0002,-0.0001,0.0001,STILL1
-17.5031,17.6529,-2.6843,0.0003,25.0038,0.036,0.0,25.1602,0.0358,0.0003,0.0,0.0002,-0.0001,0.0001,STILL1
-17.6493,17.6755,-2.4381,0.0003,25.0971,0.0933,0.0,25.1163,0.0298,0.0003,0.0,0.0002,-0.0001,0.0001,STILL1
-17.6195,18.256,-2.4005,0.0003,25.4851,0.388,0.0001,25.1234,0.0347,0.0003,0.0,0.0002,-0.0001,0.0001,STILL1
-18.1237,18.1798,-2.2329,0.0002,25.7674,0.2823,0.0002,25.2642,0.0971,0.0003,0.0,0.0002,-0.0001,0.0001,STILL1
-18.0427,17.9313,-2.0738,0.0003,25.522,0.2454,0.0001,25.3751,0.0805,0.0003,0.0,0.0002,-0.0001,0.0001,STILL1
-18.1529,17.7201,-2.459,0.0002,25.4868,0.0352,0.0001,25.4717,0.0461,0.0003,0.0,0.0001,-0.0001,0.0001,STILL1
-17.6505,17.2854,-2.6641,0.0002,24.848,0.6388,0.0,25.4219,0.0934,0.0002,0.0,0.0001,-0.0,0.0001,STILL1
-17.886,17.7752,-3.2188,0.0001,25.421,0.573,0.0001,25.409,0.0924,0.0002,0.0,0.0,0.0,0.0001,STILL1
-17.7025,18.0108,-3.2157,0.0002,25.458,0.037,0.0001,25.3472,0.0634,0.0002,0.0,0.0,0.0001,0.0001,STILL1
-17.6745,17.5836,-2.9694,0.0004,25.1076,0.3504,0.0002,25.2643,0.0619,0.0002,0.0,-0.0,0.0002,0.0,STILL1
-17.6459,17.6575,-3.1786,0.0004,25.1648,0.0573,0.0,25.1999,0.0498,0.0003,0.0,0.0001,0.0002,0.0,STILL1
-17.8605,17.4792,-2.8898,0.0003,25.1569,0.008,0.0,25.2617,0.0216,0.0003,0.0,0.0001,0.0002,-0.0,STILL1
-17.3915,17.4646,-2.1525,0.0003,24.7408,0.416,0.0,25.1256,0.0523,0.0003,0.0,0.0001,0.0002,-0.0001,STILL1
-17.3726,17.2967,-1.9782,0.0002,24.5946,0.1462,0.0001,24.9529,0.0568,0.0003,0.0,0.0001,0.0002,-0.0001,STILL1
-18.2762,16.9467,-1.9107,0.0003,24.9972,0.4026,0.0001,24.9309,0.0519,0.0003,0.0,0.0001,0.0002,-0.0001,STILL1
-18.0178,17.3199,-2.2442,0.0005,25.0929,0.0957,0.0003,24.9165,0.046,0.0003,0.0,0.0001,0.0003,-0.0001,STILL1
-18.2799,17.5559,-1.9922,0.0004,25.4231,0.3301,0.0002,24.9697,0.0829,0.0003,0.0,0.0001,0.0003,-0.0001,STILL1
-18.5645,17.4572,-1.6032,0.0001,25.5336,0.1106,0.0003,25.1283,0.1109,0.0003,0.0,0.0001,0.0002,-0.0001,STILL1
-18.9547,17.5251,-1.5794,0.0003,25.8633,0.3296,0.0002,25.382,0.0976,0.0003,0.0,0.0001,0.0003,-0.0001,STILL1
-18.5544,17.6889,-1.9073,0.0001,25.706,0.1572,0.0002,25.5238,0.0689,0.0003,0.0,0.0001,0.0002,-0.0001,STILL1
-19.2373,17.9698,-1.9758,0.0002,26.3987,0.6927,0.0,25.7849,0.1166,0.0002,0.0,0.0,0.0001,-0.0,STILL1
-19.1336,17.9259,-2.4244,0.0003,26.3308,0.068,0.0002,25.9665,0.1171,0.0002,0.0,-0.0,0.0001,-0.0,STILL1
-19.1037,17.5626,-2.4114,0.0002,26.0617,0.2691,0.0001,26.0721,0.0703,0.0002,0.0,-0.0,0.0002,-0.0,STILL1
-18.6892,17.6469,-1.8572,0.0001,25.7711,0.2906,0.0001,26.0537,0.0793,0.0002,0.0,-0.0,0.0001,-0.0,STILL1
-18.9108,17.8269,-2.167,0.0001,26.079,0.3078,0.0,26.1283,0.0497,0.0002,0.0,0.0,0.0001,-0.0,STILL1
-18.8161,18.2272,-1.9743,0.0001,26.2712,0.1922,0.0,26.1027,0.0385,0.0002,0.0,0.0001,0.0001,-0.0,STILL1
-18.5748,18.0255,-2.2857,0.0003,25.9839,0.2872,0.0002,26.0334,0.0261,0.0002,0.0,0.0001,-0.0,-0.0,STILL1
-18.1379,17.7485,-2.5629,0.0002,25.5061,0.4778,0.0,25.9223,0.0692,0.0002,0.0,0.0,-0.0001,-0.0,STILL1
-17.951,17.6051,-2.5534,0.0002,25.2724,0.2337,0.0,25.8225,0.1392,0.0002,0.0,0.0,-0.0001,-0.0001,STILL1
-17.9702,17.2559,-3.0553,0.0002,25.1004,0.1721,0.0,25.6268,0.192,0.0002,0.0,-0.0,-0.0002,-0.0001,STILL1
-18.2199,17.0954,-2.6973,0.0003,25.1295,0.0291,0.0001,25.3985,0.1063,0.0002,0.0,-0.0001,-0.0001,-0.0001,STILL1
-18.5884,17.3044,-2.6922,0.0005,25.5386,0.4091,0.0002,25.3094,0.0337,0.0003,0.0,-0.0002,-0.0002,-0.0001,STILL1
-18.8926,17.2904,-2.5975,0.0006,25.7417,0.2031,0.0,25.3565,0.0612,0.0004,0.0,-0.0003,-0.0002,-0.0001,STILL1
-18.4953,17.998,-2.4124,0.0003,25.9196,0.1778,0.0002,25.4859,0.1064,0.0004,0.0,-0.0003,-0.0001,-0.0001,STILL1
-18.615,17.4952,-2.5737,0.0003,25.6754,0.2442,0.0,25.6009,0.0706,0.0004,0.0,-0.0003,-0.0002,-0.0001,STILL1
-18.2389,17.5024,-2.4996,0.0005,25.4016,0.2738,0.0001,25.6554,0.0311,0.0004,0.0,-0.0003,-0.0002,-0.0001,STILL1
-18.5661,17.5582,-2.4215,0.0002,25.6682,0.2666,0.0002,25.6813,0.0278,0.0004,0.0,-0.0002,-0.0002,-0.0001,STILL1
-17.831,18.0122,-2.8278,0.0003,25.5026,0.1656,0.0001,25.6334,0.0311,0.0003,0.0,-0.0002,-0.0002,-0.0,STILL1
-17.7492,18.0535,-2.5435,0.0003,25.4447,0.0579,0.0,25.5385,0.0129,0.0003,0.0,-0.0001,-0.0003,-0.0,STILL1
-17.4806,17.7366,-2.3942,0.0002,25.0178,0.4269,0.0002,25.4069,0.0461,0.0003,0.0,-0.0001,-0.0002,-0.0,STILL1
-17.272,17.6674,-2.6372,0.0003,24.8478,0.17,0.0002,25.2962,0.0963,0.0003,0.0,-0.0001,-0.0002,-0.0,STILL1
-17.2613,18.1495,-2.3004,0.0004,25.1525,0.3048,0.0,25.1931,0.0621,0.0003,0.0,-0.0002,-0.0002,-0.0,STILL1
-17.7528,18.4477,-2.2935,0.0003,25.7049,0.5523,0.0,25.2335,0.0937,0.0003,0.0,-0.0002,-0.0001,-0.0001,STILL1
-17.996,18.1457,-2.6785,0.0001,25.6962,0.0087,0.0002,25.2838,0.1251,0.0003,0.0,-0.0002,-0.0001,-0.0001,STILL1
-17.8374,19.0509,-2.8147,0.0002,26.2495,0.5532,0.0,25.5302,0.2367,0.0003,0.0,-0.0002,-0.0,-0.0,STILL1
-17.6918,18.472,-2.6642,0.0003,25.716,0.5335,0.0001,25.7038,0.1204,0.0003,0.0,-0.0002,0.0,-0.0,STILL1
-17.5285,18.1651,-2.5658,0.0002,25.3732,0.3428,0.0,25.748,0.0795,0.0002,0.0,-0.0001,0.0001,-0.0,STILL1
-17.5571,18.2758,-2.5307,0.0001,25.4689,0.0956,0.0002,25.7008,0.0925,0.0002,0.0,-0.0001,0.0001,-0.0,STILL1
-17.7957,17.7394,-2.3808,0.0003,25.2397,0.2292,0.0002,25.6095,0.1266,0.0002,0.0,-0.0,0.0001,-0.0,STILL1
-17.4584,17.0884,-2.6047,0.0002,24.5682,0.6715,0.0,25.2732,0.1485,0.0002,0.0,0.0001,0.0002,-0.0,STILL1
-17.3574,17.3332,-2.5431,0.0001,24.6614,0.0933,0.0002,25.0623,0.1397,0.0002,0.0,0.0001,0.0001,-0.0001,STILL1
-17.5953,17.4853,-2.3626,0.0002,24.9181,0.2567,0.0001,24.9713,0.1162,0.0002,0.0,0.0001,0.0001,-0.0001,STILL1
-17.3293,17.7945,-2.4182,0.0001,24.9559,0.0378,0.0001,24.8687,0.0562,0.0002,0.0,0.0001,0.0001,-0.0001,STILL1
-17.1447,17.82,-2.7533,0.0002,24.8812,0.0747,0.0001,24.797,0.0236,0.0002,0.0,0.0001,0.0001,-0.0,STILL1
-17.3189,17.8997,-2.4683,0.0002,25.0287,0.1475,0.0,24.8891,0.0153,0.0001,0.0,0.0001,0.0001,0.0,STILL1
-17.9583,18.151,-2.484,0.0003,25.654,0.6253,0.0001,25.0876,0.0826,0.0002,0.0,0.0001,0.0001,0.0,STILL1
-17.9916,18.149,-2.2028,0.0003,25.6502,0.0038,0.0,25.234,0.1187,0.0002,0.0,0.0002,0.0001,0.0,STILL1
-17.7152,18.3942,-2.2123,0.0003,25.6333,0.0169,0.0001,25.3695,0.1168,0.0003,0.0,0.0002,0.0,0.0001,STILL1
-17.6221,18.0403,-2.3823,0.0004,25.3312,0.3021,0.0002,25.4595,0.0613,0.0003,0.0,0.0002,-0.0001,0.0001,STILL1
-17.9133,17.7073,-2.0465,0.0004,25.271,0.0602,0.0,25.5079,0.0289,0.0004,0.0,0.0002,-0.0002,0.0,STILL1
-17.8338,17.9314,-2.1528,0.0004,25.3814,0.1104,0.0,25.4534,0.0249,0.0004,0.0,0.0002,-0.0003,-0.0,STILL1
-17.7014,17.4108,-2.2691,0.0002,24.9324,0.449,0.0002,25.3098,0.0508,0.0004,0.0,0.0001,-0.0003,-0.0001,STILL1
-17.6111,17.188,-2.4372,0.0002,24.7289,0.2035,0.0001,25.129,0.0647,0.0003,0.0,0.0001,-0.0003,-0.0001,STILL1
-17.842,17.0129,-2.7216,0.0002,24.8029,0.074,0.0,25.0233,0.0666,0.0003,0.0,0.0,-0.0002,-0.0001,STILL1
-18.233,16.8134,-2.4492,0.0002,24.9225,0.1196,0.0,24.9536,0.0515,0.0002,0.0,0.0,-0.0001,-0.0001,STILL1
-18.1364,16.7851,-2.2625,0.0002,24.8151,0.1075,0.0,24.8404,0.0059,0.0002,0.0,0.0,-0.0,-0.0,STILL1
-18.0747,16.8344,-2.3256,0.0003,24.8093,0.0058,0.0001,24.8157,0.0038,0.0002,0.0,-0.0,0.0,0.0,STILL1
-18.0004,16.7644,-1.8636,0.0003,24.6684,0.1408,0.0,24.8036,0.0065,0.0002,0.0,-0.0,0.0001,0.0,STILL1
-18.2535,17.0177,-1.794,0.0003,25.0202,0.3518,0.0,24.8471,0.014,0.0002,0.0,-0.0001,0.0001,-0.0,STILL1
-18.1465,16.9517,-2.329,0.0004,24.9415,0.0787,0.0001,24.8509,0.0146,0.0003,0.0,-0.0002,0.0002,-0.0001,STILL1
-17.936,17.3676,-2.3257,0.0003,25.0747,0.1332,0.0001,24.9028,0.0217,0.0003,0.0,-0.0002,0.0002,-0.0001,STILL1
-17.6206,18.1597,-2.5168,0.0003,25.4283,0.3535,0.0001,25.0266,0.0598,0.0003,0.0,-0.0002,0.0002,-0.0001,STILL1
-17.7371,18.0246,-2.3634,0.0005,25.3984,0.0298,0.0002,25.1726,0.0405,0.0004,0.0,-0.0003,0.0002,-0.0001,STILL1
-17.6647,18.1791,-2.5157,0.0003,25.4725,0.0741,0.0002,25.2631,0.0457,0.0004,0.0,-0.0002,0.0002,-0.0002,STILL1
-17.838,17.6933,-2.7563,0.0002,25.2754,0.1972,0.0001,25.3299,0.0206,0.0003,0.0,-0.0002,0.0002,-0.0002,STILL1
-17.9798,17.814,-2.1426,0.0002,25.4008,0.1255,0.0,25.3951,0.0043,0.0003,0.0,-0.0002,0.0001,-0.0002,STILL1
-17.9588,17.8731,-2.2547,0.0003,25.4372,0.0364,0.0001,25.3969,0.0044,0.0003,0.0,-0.0002,0.0001,-0.0002,STILL1
-17.9389,17.7203,-2.1256,0.0003,25.3048,0.1324,0.0,25.3781,0.0058,0.0002,0.0,-0.0002,0.0001,-0.0001,STILL1
-17.873,17.9044,-2.3942,0.0004,25.4115,0.1067,0.0001,25.3659,0.0041,0.0003,0.0,-0.0002,0.0,-0.0002,STILL1
-18.189,17.6235,-2.6873,0.0004,25.4686,0.0571,0.0,25.4046,0.003,0.0003,0.0,-0.0002,0.0,-0.0002,STILL1
-18.0731,17.7019,-2.8154,0.0005,25.4543,0.0143,0.0001,25.4153,0.0034,0.0004,0.0,-0.0003,0.0,-0.0002,STILL1
-18.0772,18.0334,-2.3492,0.0007,25.642,0.1876,0.0002,25.4562,0.0119,0.0004,0.0,-0.0003,0.0001,-0.0002,STILL1
-18.0555,18.0267,-2.2356,0.0004,25.6118,0.0302,0.0003,25.5176,0.0084,0.0005,0.0,-0.0004,0.0001,-0.0002,STILL1
-18.3382,17.9995,-2.4291,0.0003,25.8103,0.1985,0.0001,25.5974,0.0169,0.0004,0.0,-0.0004,0.0002,-0.0002,STILL1
-18.4955,18.0059,-2.3964,0.0005,25.9237,0.1134,0.0002,25.6884,0.0266,0.0005,0.0,-0.0004,0.0002,-0.0001,STILL1
-18.8277,17.7734,-2.6453,0.0007,26.0264,0.1027,0.0001,25.8028,0.0254,0.0005,0.0,-0.0004,0.0003,-0.0,STILL1
-18.659,17.9,-2.4568,0.0006,25.9732,0.0533,0.0001,25.8691,0.0216,0.0005,0.0,-0.0003,0.0003,-0.0,STILL1
-19.421,18.5731,-2.303,0.0006,26.9711,0.9979,0.0,26.1409,0.1774,0.0005,0.0,-0.0004,0.0003,-0.0,STILL1
-19.2337,18.5335,-2.2111,0.0005,26.8014,0.1697,0.0001,26.3392,0.2035,0.0006,0.0,-0.0003,0.0004,-0.0,STILL1
-19.2369,18.0893,-2.3158,0.0006,26.5075,0.2939,0.0,26.4559,0.161,0.0006,0.0,-0.0003,0.0004,-0.0001,STILL1
-19.027,18.3308,-2.0589,0.0002,26.5007,0.0068,0.0004,26.5508,0.1155,0.0005,0.0,-0.0002,0.0004,-0.0001,STILL1
-18.8685,18.4303,-2.3033,0.0001,26.4764,0.0243,0.0,26.6514,0.0397,0.0004,0.0,-0.0002,0.0003,-0.0,STILL1
-18.7823,18.0692,-2.0146,0.0002,26.1406,0.3358,0.0001,26.4853,0.0439,0.0003,0.0,-0.0001,0.0002,0.0001,STILL1
-18.4071,17.9804,-1.9679,0.0002,25.8067,0.3338,0.0,26.2864,0.0764,0.0003,0.0,-0.0001,0.0002,0.0001,STILL1
-18.1194,17.6781,-1.9774,0.0001,25.3917,0.4151,0.0002,26.0632,0.177,0.0002,0.0,0.0,0.0001,0.0001,STILL1
-18.4299,17.3424,-2.0601,0.0002,25.3903,0.0014,0.0001,25.8411,0.1799,0.0002,0.0,0.0,0.0,0.0001,STILL1
-18.0471,17.5208,-1.9231,0.0002,25.2265,0.1638,0.0,25.5911,0.1123,0.0002,0.0,0.0001,0.0,0.0001,STILL1
-17.5158,17.5323,-2.0541,0.0003,24.8677,0.3587,0.0001,25.3366,0.0918,0.0002,0.0,0.0001,0.0,0.0001,STILL1
-17.8282,17.4758,-1.8276,0.0003,25.0318,0.1641,0.0,25.1816,0.0421,0.0002,0.0,0.0002,0.0,0.0001,STILL1
-18.2001,17.4682,-1.5934,0.0001,25.2768,0.245,0.0002,25.1586,0.0346,0.0002,0.0,0.0002,0.0,0.0001,STILL1
-17.932,18.062,-2.1997,0.0002,25.5466,0.2698,0.0001,25.1899,0.053,0.0002,0.0,0.0002,0.0,0.0,STILL1
-17.9612,17.6653,-1.9347,0.0002,25.2667,0.2799,0.0,25.1979,0.0538,0.0002,0.0,0.0001,-0.0001,-0.0,STILL1
-17.6971,17.626,-2.0165,0.0002,25.0585,0.2083,0.0,25.2361,0.0345,0.0002,0.0,0.0001,-0.0001,-0.0,STILL1
-18.1295,17.8226,-2.2382,0.0003,25.5213,0.4628,0.0001,25.334,0.0328,0.0002,0.0,0.0,-0.0002,-0.0,STILL1
-18.2349,17.455,-2.8406,0.0004,25.4019,0.1194,0.0001,25.359,0.0324,0.0003,0.0,0.0001,-0.0002,0.0,STILL1
-18.1629,17.589,-2.9943,0.0005,25.4604,0.0585,0.0001,25.3418,0.0272,0.0003,0.0,0.0001,-0.0003,0.0,STILL1
-18.0991,17.9243,-3.2361,0.0007,25.6774,0.2171,0.0001,25.4239,0.0418,0.0004,0.0,0.0002,-0.0003,0.0001,STILL1
-18.4261,18.1613,-2.5326,0.0004,25.9956,0.3182,0.0003,25.6113,0.0454,0.0005,0.0,0.0003,-0.0004,0.0001,STILL1
-18.3847,17.9916,-2.3511,0.0003,25.8306,0.165,0.0001,25.6732,0.0495,0.0005,0.0,0.0003,-0.0003,0.0001,STILL1
-18.239,17.5651,-2.4121,0.0004,25.4364,0.3942,0.0001,25.6801,0.046,0.0004,0.0,0.0003,-0.0003,0.0001,STILL1
-17.9912,17.8052,-2.2391,0.0004,25.4111,0.0254,0.0,25.6702,0.0507,0.0004,0.0,0.0003,-0.0002,0.0001,STILL1
-18.2242,17.9192,-2.4881,0.0002,25.679,0.2679,0.0001,25.6705,0.0507,0.0003,0.0,0.0003,-0.0001,0.0001,STILL1
-17.8669,18.3135,-2.2999,0.0003,25.6885,0.0095,0.0001,25.6091,0.0259,0.0003,0.0,0.0003,-0.0,0.0,STILL1
-17.7997,18.1758,-2.6337,0.0003,25.5759,0.1126,0.0,25.5582,0.0137,0.0003,0.0,0.0003,0.0,-0.0001,STILL1
-18.021,17.9969,-2.2569,0.0003,25.5683,0.0076,0.0,25.5845,0.01,0.0003,0.0,0.0003,0.0001,-0.0001,STILL1
-17.7575,18.1912,-2.4805,0.0004,25.5422,0.0262,0.0001,25.6108,0.0037,0.0003,0.0,0.0003,0.0001,-0.0001,STILL1
-17.2247,17.528,-2.4376,0.0004,24.6954,0.8467,0.0,25.414,0.1316,0.0003,0.0,0.0003,-0.0,-0.0001,STILL1
-17.2798,17.838,-3.0688,0.0004,25.024,0.3286,0.0,25.2812,0.1293,0.0004,0.0,0.0002,-0.0001,-0.0001,STILL1
-17.1613,17.9423,-2.8675,0.0005,24.9932,0.0309,0.0001,25.1646,0.115,0.0004,0.0,0.0002,-0.0002,0.0,STILL1
-16.9853,17.3445,-2.8472,0.0003,24.4425,0.5507,0.0002,24.9395,0.136,0.0004,0.0,0.0002,-0.0002,0.0001,STILL1
-17.3007,17.5818,-2.4027,0.0003,24.7832,0.3407,0.0,24.7877,0.0452,0.0003,0.0,0.0001,-0.0003,0.0001,STILL1
-17.5218,17.6623,-2.2816,0.0004,24.9836,0.2003,0.0001,24.8453,0.0478,0.0003,0.0,0.0001,-0.0002,0.0002,STILL1
-18.0362,18.1611,-1.819,0.0004,25.6601,0.6765,0.0,24.9725,0.158,0.0004,0.0,0.0001,-0.0002,0.0002,STILL1
-17.6977,18.4226,-2.3771,0.0004,25.6565,0.0036,0.0001,25.1052,0.2339,0.0003,0.0,0.0,-0.0001,0.0003,STILL1
-17.9551,18.2662,-2.3329,0.0004,25.7193,0.0628,0.0,25.3605,0.1563,0.0004,0.0,0.0,-0.0,0.0003,STILL1
-17.9203,17.8942,-2.3569,0.0004,25.4342,0.2851,0.0,25.4907,0.0738,0.0004,0.0,0.0,0.0001,0.0003,STILL1
-18.3925,17.8716,-2.0543,0.0003,25.7274,0.2933,0.0001,25.6395,0.0114,0.0004,0.0,0.0,0.0001,0.0003,STILL1
-18.3484,18.3848,-1.7434,0.0001,26.0327,0.3053,0.0002,25.714,0.0367,0.0003,0.0,0.0,0.0001,0.0003,STILL1
-18.5974,18.3704,-1.7791,0.0003,26.2011,0.1684,0.0002,25.8229,0.0716,0.0003,0.0,0.0,0.0,0.0002,STILL1
-18.6061,18.065,-1.6764,0.0003,25.9873,0.2138,0.0,25.8766,0.072,0.0003,0.0,-0.0,-0.0,0.0002,STILL1
-18.5192,18.0927,-2.2005,0.0003,25.9836,0.0037,0.0,25.9865,0.0231,0.0003,0.0,-0.0,-0.0,0.0002,STILL1
-18.3529,17.8241,-2.0792,0.0004,25.6681,0.3155,0.0,25.9746,0.0298,0.0003,0.0,-0.0,-0.0,0.0002,STILL1
-18.0792,17.7905,-2.0977,0.0003,25.4512,0.2169,0.0001,25.8583,0.0704,0.0003,0.0,-0.0,0.0,0.0003,STILL1
-17.7134,18.0731,-2.275,0.0002,25.4082,0.043,0.0,25.6997,0.0622,0.0003,0.0,-0.0,0.0001,0.0003,STILL1
-17.9832,18.2053,-2.4575,0.0003,25.7074,0.2992,0.0,25.6437,0.0426,0.0003,0.0,-0.0,0.0001,0.0002,STILL1
-17.5115,18.033,-2.5348,0.0003,25.264,0.4434,0.0,25.4997,0.0276,0.0003,0.0,-0.0001,0.0001,0.0002,STILL1
-17.7405,17.4233,-2.5247,0.0003,24.9934,0.2706,0.0001,25.3648,0.055,0.0003,0.0,-0.0001,0.0001,0.0002,STILL1
-17.7955,17.5918,-2.0948,0.0002,25.1105,0.1171,0.0001,25.2967,0.0618,0.0003,0.0,-0.0001,0.0001,0.0002,STILL1
-18.1989,17.9859,-1.8946,0.0002,25.657,0.5465,0.0,25.3465,0.0828,0.0003,0.0,-0.0001,0.0001,0.0002,STILL1
-18.1123,17.4481,-1.8438,0.0002,25.2168,0.4402,0.0,25.2484,0.0504,0.0003,0.0,-0.0,0.0002,0.0002,STILL1
-17.7429,17.6866,-2.0625,0.0003,25.1373,0.0796,0.0001,25.223,0.0522,0.0003,0.0,0.0,0.0002,0.0002,STILL1
-17.585,17.8587,-1.8688,0.0003,25.1327,0.0045,0.0,25.2509,0.0425,0.0003,0.0,-0.0,0.0002,0.0001,STILL1
-17.9211,17.9744,-2.4388,0.0002,25.4989,0.3661,0.0001,25.3285,0.0449,0.0003,0.0,-0.0,0.0002,0.0001,STILL1
-18.365,17.9452,-2.0635,0.0002,25.7597,0.2608,0.0,25.3491,0.06,0.0003,0.0,0.0,0.0002,0.0001,STILL1
-18.3795,18.0655,-2.1539,0.0001,25.8613,0.1017,0.0001,25.478,0.0924,0.0002,0.0,0.0,0.0002,0.0001,STILL1
-17.7224,18.2399,-1.9044,0.0001,25.503,0.3583,0.0,25.5511,0.064,0.0002,0.0,-0.0,0.0002,0.0001,STILL1
-17.8123,18.2763,-1.8298,0.0002,25.5861,0.0831,0.0001,25.6418,0.021,0.0002,0.0,0.0,0.0001,0.0,STILL1
-17.8842,18.1179,-2.0763,0.0001,25.5424,0.0437,0.0001,25.6505,0.0188,0.0002,0.0,0.0,0.0,0.0,STILL1
-17.4667,18.0225,-2.0517,0.0002,25.1814,0.361,0.0001,25.5348,0.047,0.0002,0.0,0.0001,0.0,-0.0,STILL1
-17.9015,18.1742,-1.8413,0.0001,25.5765,0.395,0.0001,25.4779,0.0228,0.0002,0.0,0.0001,0.0,-0.0001,STILL1
-17.8556,18.5706,-2.1981,0.0001,25.8558,0.2793,0.0,25.5484,0.0463,0.0002,0.0,0.0001,-0.0,-0.0001,STILL1
-17.9595,18.369,-2.5303,0.0001,25.814,0.0417,0.0,25.594,0.058,0.0001,0.0,0.0001,0.0,-0.0,STILL1
-17.7363,18.464,-2.7493,0.0003,25.7498,0.0642,0.0002,25.6355,0.0606,0.0002,0.0,0.0001,-0.0,-0.0,STILL1
-17.8984,18.4774,-2.7588,0.0004,25.8724,0.1226,0.0001,25.7737,0.0115,0.0002,0.0,0.0001,-0.0001,-0.0001,STILL1
-18.0031,18.6132,-2.7945,0.0004,26.0456,0.1732,0.0001,25.8675,0.0097,0.0003,0.0,0.0001,-0.0002,-0.0,STILL1
-18.4556,18.7655,-2.6169,0.0004,26.45,0.4044,0.0,25.9864,0.0634,0.0003,0.0,0.0001,-0.0003,-0.0,STILL1
-18.4114,18.7624,-2.7154,0.0005,26.4269,0.0231,0.0001,26.1089,0.0813,0.0004,0.0,0.0001,-0.0004,-0.0,STILL1
-17.8041,18.4568,-2.7129,0.0005,25.7876,0.6393,0.0,26.1165,0.0761,0.0004,0.0,0.0,-0.0004,-0.0,STILL1
-17.787,17.778,-2.9235,0.0005,25.3176,0.47,0.0,26.0055,0.1795,0.0004,0.0,0.0,-0.0004,-0.0001,STILL1
-17.7359,17.9942,-2.8919,0.0005,25.4306,0.113,0.0,25.8825,0.2301,0.0005,0.0,0.0,-0.0004,-0.0001,STILL1
-17.8637,18.011,-2.851,0.0003,25.5272,0.0965,0.0001,25.698,0.1569,0.0004,0.0,0.0,-0.0004,-0.0001,STILL1
-18.1316,18.5088,-2.9433,0.0002,26.0767,0.5495,0.0001,25.6279,0.0745,0.0004,0.0,0.0,-0.0003,-0.0001,STILL1
-18.2709,18.5133,-2.7484,0.0003,26.1557,0.079,0.0001,25.7016,0.1196,0.0003,0.0,-0.0,-0.0003,-0.0001,STILL1
-17.9292,18.1544,-2.7987,0.0002,25.6685,0.4872,0.0001,25.7717,0.0855,0.0003,0.0,-0.0,-0.0002,-0.0001,STILL1
-18.0434,18.4641,-2.9577,0.0003,25.9853,0.3168,0.0001,25.8827,0.059,0.0003,0.0,-0.0001,-0.0002,-0.0001,STILL1
-18.2628,18.1588,-3.3631,0.0002,25.9727,0.0126,0.0001,25.9718,0.0274,0.0002,0.0,-0.0001,-0.0002,-0.0001,STILL1
-17.9353,18.1489,-2.8686,0.0001,25.6766,0.2962,0.0002,25.8918,0.0362,0.0002,0.0,-0.0001,-0.0002,-0.0001,STILL1
-17.442,17.8941,-2.6417,0.0002,25.1277,0.5489,0.0001,25.6862,0.0968,0.0002,0.0,-0.0001,-0.0001,-0.0001,STILL1
-17.3161,17.7841,-2.3384,0.0003,24.9316,0.196,0.0001,25.5388,0.1889,0.0002,0.0,-0.0,-0.0001,-0.0,STILL1
-17.7185,18.0116,-2.2113,0.0003,25.3624,0.4308,0.0001,25.4142,0.1397,0.0002,0.0,0.0001,-0.0001,0.0,STILL1
-17.906,17.7406,-1.9472,0.0002,25.2813,0.0811,0.0001,25.2759,0.0617,0.0002,0.0,0.0001,-0.0001,0.0,STILL1
-17.4686,17.3237,-2.214,0.0003,24.7015,0.5798,0.0001,25.0809,0.0576,0.0003,0.0,0.0001,-0.0,0.0,STILL1
-17.6561,17.1558,-1.6993,0.0002,24.6769,0.0246,0.0001,24.9908,0.0817,0.0003,0.0,0.0002,0.0,0.0,STILL1
-18.0186,17.1528,-2.1282,0.0003,24.9684,0.2915,0.0,24.9981,0.081,0.0003,0.0,0.0002,0.0001,0.0,STILL1
-18.0555,17.4754,-2.4932,0.0003,25.2509,0.2825,0.0001,24.9758,0.0667,0.0003,0.0,0.0001,0.0002,0.0,STILL1
-18.4507,17.5459,-2.4633,0.0002,25.5804,0.3295,0.0001,25.0356,0.1176,0.0003,0.0,0.0001,0.0001,0.0001,STILL1
-18.523,17.8586,-2.4363,0.0003,25.8451,0.2647,0.0001,25.2643,0.174,0.0003,0.0,0.0001,0.0002,0.0001,STILL1
-18.8903,18.0931,-2.524,0.0003,26.2788,0.4337,0.0,25.5847,0.2082,0.0003,0.0,0.0001,0.0002,0.0001,STILL1
-18.9529,18.4558,-2.3098,0.0001,26.5549,0.2761,0.0002,25.902,0.2198,0.0002,0.0,0.0,0.0002,0.0001,STILL1
-19.0154,18.1084,-2.3322,0.0003,26.3617,0.1932,0.0002,26.1242,0.1279,0.0002,0.0,0.0,0.0002,-0.0,STILL1
-18.7623,18.1773,-2.047,0.0003,26.2036,0.1581,0.0,26.2488,0.0545,0.0003,0.0,0.0,0.0002,-0.0001,STILL1
-18.1036,17.9731,-2.4814,0.0002,25.6307,0.573,0.0001,26.2059,0.0965,0.0002,0.0,0.0,0.0002,-0.0001,STILL1
-17.4548,18.0191,-3.5007,0.0002,25.3301,0.3006,0.0,26.0162,0.2128,0.0002,0.0,0.0,0.0001,-0.0001,STILL1
-17.4451,18.1059,-2.8943,0.0002,25.3087,0.0213,0.0,25.767,0.1928,0.0002,0.0,0.0001,0.0001,-0.0001,STILL1
-17.5967,17.9504,-2.7155,0.0002,25.283,0.0257,0.0,25.5512,0.1223,0.0002,0.0,0.0001,0.0,-0.0001,STILL1
-17.7148,18.0009,-2.9786,0.0002,25.4307,0.1477,0.0,25.3966,0.0162,0.0002,0.0,0.0001,-0.0,-0.0,STILL1
-18.1156,18.2445,-2.9298,0.0002,25.877,0.4463,0.0,25.4459,0.049,0.0002,0.0,0.0001,-0.0,-0.0,STILL1
-18.2706,18.0487,-2.7719,0.0003,25.8313,0.0457,0.0002,25.5462,0.0659,0.0002,0.0,0.0001,-0.0001,-0.0001,STILL1
-18.2884,17.9046,-2.1863,0.0002,25.6869,0.1443,0.0001,25.6218,0.0529,0.0002,0.0,0.0001,-0.0002,-0.0,STILL1
-18.4401,17.5049,-3.0897,0.0002,25.6126,0.0744,0.0,25.6877,0.0256,0.0002,0.0,0.0,-0.0002,-0.0,STILL1
-18.0552,18.1289,-3.1311,0.0003,25.777,0.1644,0.0001,25.757,0.0092,0.0002,0.0,-0.0,-0.0002,-0.0,STILL1
-17.7379,18.0157,-2.5549,0.0001,25.4111,0.3659,0.0002,25.6638,0.0216,0.0002,0.0,-0.0001,-0.0002,0.0,STILL1
-18.0028,18.2531,-2.6939,0.0002,25.7786,0.3675,0.0,25.6532,0.0185,0.0002,0.0,-0.0001,-0.0001,0.0,STILL1
-18.0179,18.115,-2.5051,0.0002,25.6724,0.1062,0.0,25.6503,0.0183,0.0002,0.0,-0.0001,-0.0,0.0,STILL1
-17.8612,18.4576,-2.0822,0.0002,25.769,0.0966,0.0,25.6816,0.0199,0.0002,0.0,-0.0,0.0,0.0,STILL1
-17.7921,18.3255,-1.872,0.0002,25.6103,0.1587,0.0,25.6483,0.018,0.0002,0.0,0.0001,0.0,-0.0,STILL1
-17.8774,18.551,-1.8508,0.0002,25.8296,0.2193,0.0,25.732,0.0063,0.0002,0.0,0.0001,0.0001,-0.0,STILL1
-18.3488,19.1689,-1.9869,0.0001,26.6097,0.7801,0.0,25.8982,0.1323,0.0002,0.0,0.0001,0.0001,0.0,STILL1
-17.8197,18.9539,-1.927,0.0002,26.0865,0.5232,0.0,25.981,0.1223,0.0002,0.0,0.0001,0.0001,0.0,STILL1
-18.2432,19.2694,-2.0947,0.0002,26.6179,0.5314,0.0,26.1508,0.1656,0.0002,0.0,0.0,0.0,0.0,STILL1
-18.5071,19.3624,-2.1976,0.0002,26.8746,0.2567,0.0001,26.4036,0.1481,0.0002,0.0,-0.0,0.0,0.0001,STILL1
-18.6463,19.1555,-2.5206,0.0002,26.8509,0.0237,0.0,26.6079,0.0804,0.0002,0.0,-0.0001,-0.0,0.0001,STILL1
-18.8045,18.515,-2.8602,0.0001,26.5443,0.3066,0.0001,26.5948,0.0811,0.0002,0.0,-0.0001,-0.0,0.0001,STILL1
-18.8061,18.1433,-2.6382,0.0002,26.2642,0.2801,0.0001,26.6304,0.05,0.0002,0.0,-0.0001,-0.0,0.0001,STILL1
-18.5043,18.8428,-3.5731,0.0001,26.65,0.3858,0.0001,26.6368,0.05,0.0002,0.0,-0.0001,0.0,0.0,STILL1
-18.3784,18.7961,-3.0803,0.0002,26.4679,0.1822,0.0001,26.5555,0.0378,0.0002,0.0,-0.0001,0.0001,-0.0,STILL1
-18.2152,18.9744,-2.7486,0.0002,26.4457,0.0221,0.0,26.4744,0.0162,0.0002,0.0,-0.0001,0.0001,-0.0,STILL1
-17.9159,18.8451,-2.6708,0.0002,26.1391,0.3066,0.0,26.3934,0.0311,0.0002,0.0,-0.0001,0.0001,-0.0,STILL1
-18.2609,18.7448,-2.3804,0.0003,26.2773,0.1382,0.0001,26.396,0.0305,0.0002,0.0,-0.0,0.0001,-0.0001,STILL1
-18.1118,19.1615,-2.073,0.0002,26.448,0.1708,0.0001,26.3556,0.0165,0.0002,0.0,-0.0,0.0001,-0.0001,STILL1
-18.1332,18.823,-2.0584,0.0002,26.2174,0.2306,0.0,26.3055,0.0152,0.0002,0.0,-0.0,0.0,-0.0002,STILL1
-18.0066,18.7552,-1.9655,0.0003,26.0741,0.1433,0.0001,26.2312,0.0165,0.0002,0.0,0.0,0.0,-0.0002,STILL1
-18.1615,18.7761,-1.9537,0.0002,26.1954,0.1213,0.0001,26.2424,0.0149,0.0002,0.0,0.0,0.0001,-0.0002,STILL1
-18.198,18.6271,-1.9535,0.0001,26.1142,0.0812,0.0,26.2098,0.0169,0.0002,0.0,0.0,0.0,-0.0001,STILL1
-17.7021,18.4142,-2.0191,0.0001,25.6227,0.4915,0.0001,26.0448,0.0473,0.0002,0.0,0.0,0.0001,-0.0001,STILL1
-17.4086,18.0438,-2.1371,0.0002,25.1636,0.4591,0.0001,25.834,0.1522,0.0002,0.0,0.0,0.0,-0.0,STILL1
-17.2956,17.9382,-2.5691,0.0001,25.0503,0.1133,0.0001,25.6292,0.2215,0.0001,0.0,-0.0,0.0,0.0,STILL1
-16.9896,17.6381,-2.7896,0.0002,24.6481,0.4022,0.0001,25.3198,0.2542,0.0001,0.0,-0.0,-0.0,0.0001,STILL1
-17.0323,18.0917,-2.6786,0.0001,24.9917,0.3436,0.0001,25.0953,0.0991,0.0001,0.0,-0.0,0.0,0.0001,STILL1
-17.2821,18.489,-3.2116,0.0002,25.5113,0.5197,0.0001,25.073,0.0776,0.0001,0.0,-0.0,0.0,0.0001,STILL1
-17.5882,18.7037,-2.8599,0.0003,25.8331,0.3218,0.0001,25.2069,0.1736,0.0002,0.0,0.0,0.0,0.0001,STILL1
-17.8237,17.8223,-2.8317,0.0001,25.3641,0.4691,0.0001,25.2697,0.1697,0.0002,0.0,-0.0,0.0,0.0002,STILL1
-17.7339,17.936,-3.0529,0.0002,25.4069,0.0428,0.0001,25.4214,0.0732,0.0002,0.0,0.0,0.0,0.0002,STILL1
-18.3496,18.2644,-2.911,0.0004,26.0533,0.6463,0.0002,25.6337,0.071,0.0003,0.0,0.0,0.0001,0.0002,STILL1
-17.911,19.1897,-2.8007,0.0003,26.3987,0.3454,0.0001,25.8112,0.1535,0.0003,0.0,-0.0,0.0002,0.0001,STILL1
-17.51,18.6674,-2.9906,0.0001,25.7685,0.6302,0.0002,25.7983,0.1536,0.0003,0.0,-0.0001,0.0002,0.0001,STILL1
-17.4705,18.3651,-2.9706,0.0003,25.521,0.2475,0.0002,25.8297,0.1303,0.0003,0.0,-0.0001,0.0002,0.0,STILL1
-17.9545,18.6546,-2.6733,0.0002,26.029,0.508,0.0001,25.9541,0.087,0.0003,0.0,-0.0001,0.0001,-0.0,STILL1
-18.1074,18.4924,-3.1668,0.0003,26.0744,0.0455,0.0001,25.9583,0.0879,0.0003,0.0,-0.0001,-0.0001,-0.0001,STILL1
-17.6359,18.8752,-3.1209,0.0003,26.02,0.0545,0.0,25.8826,0.0442,0.0003,0.0,-0.0001,-0.0002,-0.0001,STILL1
-17.515,18.6595,-2.7561,0.0003,25.74,0.2799,0.0,25.8769,0.0456,0.0003,0.0,-0.0001,-0.0002,-0.0001,STILL1
-17.5214,18.4183,-3.2174,0.0002,25.6238,0.1162,0.0001,25.8974,0.0327,0.0003,0.0,-0.0001,-0.0002,-0.0001,STILL1
-17.4765,18.5284,-2.7802,0.0001,25.6214,0.0025,0.0001,25.8159,0.0378,0.0003,0.0,-0.0001,-0.0002,-0.0,STILL1
-17.6468,18.3321,-2.5366,0.0002,25.5716,0.0498,0.0,25.7154,0.0263,0.0002,0.0,-0.0001,-0.0002,-0.0,STILL1
-17.3331,18.5125,-2.3199,0.0002,25.4663,0.1054,0.0,25.6046,0.0078,0.0002,0.0,-0.0001,-0.0002,-0.0,STILL1
-17.5696,18.3256,-2.5934,0.0004,25.5195,0.0532,0.0002,25.5605,0.0037,0.0002,0.0,-0.0,-0.0002,-0.0,STILL1
-17.6182,18.2136,-2.4748,0.0003,25.461,0.0585,0.0,25.528,0.0038,0.0002,0.0,-0.0001,-0.0002,0.0,STILL1
-17.6758,18.1772,-2.5298,0.0002,25.4802,0.0193,0.0001,25.4997,0.0017,0.0002,0.0,-0.0001,-0.0001,0.0,STILL1
-17.8375,17.9199,-2.4863,0.0,25.4063,0.0739,0.0001,25.4666,0.0013,0.0002,0.0,-0.0001,-0.0001,0.0,STILL1
-17.7231,18.0984,-2.3766,0.0002,25.4423,0.036,0.0001,25.4618,0.0014,0.0002,0.0,-0.0001,-0.0,0.0,STILL1
-17.8722,17.8287,-2.52,0.0003,25.3699,0.0724,0.0002,25.4319,0.0016,0.0002,0.0,-0.0001,0.0001,0.0,STILL1
-17.8165,17.9067,-2.1129,0.0002,25.3485,0.0214,0.0001,25.4094,0.0023,0.0002,0.0,-0.0,0.0002,0.0,STILL1
-17.8532,17.6847,-2.2778,0.0002,25.2325,0.116,0.0,25.3599,0.0051,0.0002,0.0,0.0,0.0002,0.0,STILL1
-17.7763,17.3666,-2.4535,0.0003,24.9723,0.2602,0.0001,25.2731,0.0272,0.0002,0.0,0.0,0.0002,0.0001,STILL1
-17.6179,18.1089,-2.6722,0.0004,25.406,0.4337,0.0001,25.2658,0.0249,0.0003,0.0,0.0,0.0002,0.0001,STILL1
-17.6412,17.6965,-2.394,0.0004,25.102,0.304,0.0001,25.2122,0.0252,0.0003,0.0,0.0001,0.0003,0.0001,STILL1
-17.6942,17.7478,-2.1371,0.0004,25.1523,0.0503,0.0001,25.173,0.0207,0.0003,0.0,0.0001,0.0003,0.0001,STILL1
-17.4804,18.1764,-1.9472,0.0003,25.293,0.1407,0.0,25.1851,0.0227,0.0003,0.0,0.0001,0.0003,0.0001,STILL1
-17.0781,17.5692,-2.2202,0.0003,24.6022,0.6908,0.0,25.1111,0.0762,0.0004,0.0,0.0002,0.0002,0.0001,STILL1
-17.1562,17.6398,-2.2981,0.0004,24.7139,0.1117,0.0001,24.9727,0.0712,0.0004,0.0,0.0002,0.0002,0.0001,STILL1
-17.2187,17.7118,-2.6416,0.0002,24.8429,0.129,0.0001,24.9209,0.0685,0.0003,0.0,0.0002,0.0001,0.0,STILL1
-17.2031,17.3069,-2.7351,0.0003,24.5552,0.2877,0.0001,24.8014,0.0703,0.0003,0.0,0.0003,0.0001,-0.0,STILL1
-17.9531,17.7487,-2.4225,0.0003,25.3613,0.8061,0.0,24.8151,0.0845,0.0003,0.0,0.0002,0.0001,-0.0001,STILL1
-17.95,18.8677,-2.9942,0.0003,26.2137,0.8523,0.0001,25.1374,0.3627,0.0003,0.0,0.0002,0.0001,-0.0001,STILL1
-17.9225,18.6535,-2.9985,0.0002,26.0415,0.1722,0.0001,25.4029,0.4198,0.0003,0.0,0.0002,0.0001,-0.0002,STILL1
-18.0692,18.2166,-2.8582,0.0003,25.8169,0.2247,0.0001,25.5977,0.3534,0.0003,0.0,0.0001,0.0001,-0.0002,STILL1
-17.8773,18.0295,-2.5084,0.0002,25.5138,0.3031,0.0001,25.7894,0.1007,0.0003,0.0,0.0001,0.0001,-0.0002,STILL1
-17.9831,18.2174,-2.7724,0.0001,25.7478,0.234,0.0001,25.8667,0.0584,0.0003,0.0,0.0,-0.0,-0.0002,STILL1
-18.1958,18.3083,-2.6366,0.0001,25.9467,0.1989,0.0,25.8133,0.0328,0.0002,0.0,0.0,-0.0,-0.0002,STILL1
-18.6129,18.5029,-2.7999,0.0002,26.3939,0.4471,0.0001,25.8838,0.0848,0.0002,0.0,-0.0,0.0,-0.0002,STILL1
-18.0685,18.7585,-2.5399,0.0001,26.1687,0.2251,0.0001,25.9542,0.0952,0.0002,0.0,-0.0,0.0,-0.0001,STILL1
-18.0516,18.485,-2.057,0.0,25.9188,0.2499,0.0,26.0352,0.0501,0.0001,0.0,-0.0,0.0,-0.0,STILL1
-17.7601,18.3692,-2.1456,0.0001,25.6408,0.278,0.0,26.0138,0.0642,0.0001,0.0,-0.0,0.0001,-0.0,STILL1
-18.1299,18.4329,-2.1883,0.0002,25.9471,0.3063,0.0001,26.0139,0.0642,0.0001,0.0,-0.0,0.0001,-0.0,STILL1
-18.4008,17.865,-2.1007,0.0002,25.7325,0.2146,0.0,25.8816,0.0337,0.0001,0.0,-0.0,0.0001,0.0,STILL1
-18.6519,18.2983,-2.6212,0.0002,26.2601,0.5275,0.0,25.8999,0.0455,0.0001,0.0,-0.0,0.0001,0.0001,STILL1
-18.4809,19.2011,-2.4313,0.0003,26.7608,0.5007,0.0001,26.0683,0.1653,0.0002,0.0,-0.0001,0.0001,0.0001,STILL1
-18.691,18.3984,-2.6107,0.0005,26.3566,0.4042,0.0002,26.2114,0.1249,0.0003,0.0,-0.0002,0.0001,0.0001,STILL1
-18.5028,18.6312,-3.151,0.0002,26.4462,0.0897,0.0003,26.3112,0.112,0.0003,0.0,-0.0002,0.0,0.0002,STILL1
-18.3272,18.5206,-3.1833,0.0002,26.2494,0.1968,0.0001,26.4146,0.0351,0.0003,0.0,-0.0002,0.0,0.0002,STILL1
-18.5993,18.104,-2.8904,0.0,26.1159,0.1335,0.0001,26.3858,0.0473,0.0002,0.0,-0.0002,0.0,0.0001,STILL1
-18.8419,17.4332,-2.8967,0.0001,25.8326,0.2833,0.0001,26.2002,0.0459,0.0002,0.0,-0.0001,-0.0,0.0001,STILL1
-19.2235,17.6997,-2.858,0.0001,26.2867,0.4541,0.0,26.1862,0.0423,0.0001,0.0,-0.0001,0.0,0.0001,STILL1
-18.9445,17.5254,-2.1176,0.0002,25.8943,0.3924,0.0001,26.0758,0.0337,0.0001,0.0,-0.0,0.0,0.0001,STILL1
-19.0431,16.9328,-1.9691,0.0002,25.5585,0.3358,0.0,25.9376,0.0621,0.0001,0.0,-0.0,0.0,0.0001,STILL1
-19.1876,17.3869,-2.2503,0.0002,25.991,0.4325,0.0,25.9126,0.0556,0.0002,0.0,-0.0001,0.0,0.0001,STILL1
-19.1563,17.3814,-2.4034,0.0002,25.9779,0.013,0.0001,25.9417,0.0544,0.0002,0.0,-0.0001,0.0,0.0001,STILL1
-19.0657,17.6051,-2.1821,0.0002,26.0423,0.0644,0.0,25.8928,0.0302,0.0002,0.0,-0.0001,0.0,0.0001,STILL1
-19.0682,17.2934,-2.2769,0.0003,25.8426,0.1996,0.0001,25.8825,0.0306,0.0002,0.0,-0.0001,0.0,0.0001,STILL1
-18.6045,17.8973,-1.8715,0.0003,25.8833,0.0406,0.0,25.9474,0.0054,0.0002,0.0,-0.0002,0.0,0.0,STILL1
-18.5461,17.8334,-1.6972,0.0003,25.7851,0.0982,0.0,25.9062,0.0086,0.0003,0.0,-0.0002,-0.0,-0.0,STILL1
-18.1807,17.9917,-1.9859,0.0003,25.6551,0.13,0.0001,25.8417,0.016,0.0003,0.0,-0.0002,-0.0001,-0.0001,STILL1
-18.0226,17.6934,-1.795,0.0003,25.3198,0.3352,0.0,25.6972,0.0415,0.0003,0.0,-0.0002,-0.0002,-0.0001,STILL1
-17.8869,17.9453,-1.986,0.0002,25.4149,0.0951,0.0001,25.6116,0.0459,0.0003,0.0,-0.0001,-0.0002,-0.0001,STILL1
-18.0907,17.6188,-1.9888,0.0002,25.3308,0.0841,0.0,25.5012,0.0347,0.0003,0.0,-0.0001,-0.0002,-0.0001,STILL1
-18.0257,17.6169,-1.8004,0.0001,25.269,0.0618,0.0001,25.3979,0.0187,0.0002,0.0,-0.0001,-0.0002,-0.0001,STILL1
-18.1456,17.6373,-1.9059,0.0003,25.3765,0.1075,0.0002,25.3422,0.0025,0.0002,0.0,0.0,-0.0001,-0.0001,STILL1
-18.4008,17.8036,-1.8279,0.0001,25.669,0.2925,0.0001,25.4121,0.0189,0.0002,0.0,0.0,-0.0001,-0.0001,STILL1
-17.8457,17.6304,-2.4123,0.0002,25.2015,0.4675,0.0001,25.3694,0.0259,0.0002,0.0,0.0,-0.0,-0.0001,STILL1
-17.9703,17.6793,-2.1986,0.0003,25.3046,0.1031,0.0001,25.3641,0.0264,0.0002,0.0,0.0001,0.0,-0.0001,STILL1
-17.8731,18.0965,-2.4557,0.0002,25.5532,0.2486,0.0,25.421,0.0285,0.0002,0.0,0.0,0.0001,-0.0001,STILL1
-18.2641,18.0647,-2.6708,0.0002,25.8272,0.2741,0.0,25.5111,0.053,0.0002,0.0,-0.0,0.0001,-0.0001,STILL1
-18.0488,18.0143,-3.4211,0.0002,25.7289,0.0983,0.0,25.5231,0.0574,0.0002,0.0,-0.0001,0.0001,-0.0001,STILL1
-18.2828,18.0271,-3.2712,0.0002,25.8831,0.1542,0.0001,25.6594,0.044,0.0002,0.0,-0.0,0.0001,-0.0002,STILL1
-18.8762,18.0998,-3.1201,0.0001,26.3372,0.4541,0.0001,25.8659,0.0681,0.0002,0.0,-0.0001,0.0,-0.0001,STILL1
-19.1416,18.2267,-3.3055,0.0002,26.6372,0.3,0.0001,26.0827,0.1205,0.0002,0.0,-0.0001,0.0,-0.0001,STILL1
-18.7164,18.3314,-3.4694,0.0003,26.4269,0.2103,0.0001,26.2027,0.1167,0.0002,0.0,-0.0001,0.0,-0.0001,STILL1
-18.3856,18.037,-3.4599,0.0003,25.9872,0.4397,0.0,26.2543,0.0785,0.0002,0.0,-0.0001,0.0001,-0.0001,STILL1
-18.2023,18.0108,-3.1991,0.0002,25.8059,0.1813,0.0001,26.2389,0.0909,0.0002,0.0,-0.0001,0.0001,-0.0001,STILL1
-18.8399,18.1493,-3.0593,0.0003,26.3382,0.5322,0.0,26.2391,0.0909,0.0003,0.0,-0.0001,0.0,-0.0002,STILL1
-18.2876,18.0725,-2.6568,0.0002,25.8478,0.4903,0.0001,26.0812,0.0649,0.0003,0.0,-0.0,0.0,-0.0002,STILL1
-18.4457,17.4143,-2.7723,0.0001,25.5184,0.3295,0.0,25.8995,0.0714,0.0002,0.0,0.0,-0.0,-0.0002,STILL1
-18.6378,17.4564,-2.6741,0.0002,25.6758,0.1574,0.0,25.8372,0.076,0.0002,0.0,0.0001,-0.0001,-0.0001,STILL1
-18.904,17.5901,-2.2487,0.0002,25.9197,0.2439,0.0001,25.86,0.0766,0.0002,0.0,0.0,-0.0001,-0.0001,STILL1
-18.9513,17.419,-2.3427,0.0004,25.8469,0.0728,0.0001,25.7617,0.0212,0.0002,0.0,0.0,-0.0002,-0.0,STILL1
-18.5798,17.3758,-2.2523,0.0004,25.5382,0.3087,0.0001,25.6998,0.0259,0.0003,0.0,0.0,-0.0002,0.0,STILL1
-18.842,17.5444,-2.2799,0.0005,25.8462,0.3079,0.0001,25.7654,0.0193,0.0003,0.0,0.0,-0.0003,0.0001,STILL1
-19.0392,17.7136,-2.5896,0.0004,26.1337,0.2875,0.0002,25.8569,0.0365,0.0004,0.0,0.0,-0.0004,0.0,STILL1
-18.8782,17.9115,-3.4029,0.0003,26.2448,0.1111,0.0001,25.922,0.0615,0.0004,0.0,0.0,-0.0004,0.0001,STILL1
-18.712,18.023,-3.6348,0.0003,26.2331,0.0117,0.0001,25.9992,0.0738,0.0004,0.0,-0.0,-0.0003,0.0001,STILL1
-18.8446,18.0778,-3.1704,0.0003,26.3054,0.0723,0.0,26.1526,0.0265,0.0004,0.0,-0.0,-0.0002,0.0002,STILL1
-18.5725,18.7435,-3.0363,0.0003,26.5608,0.2554,0.0,26.2956,0.0206,0.0003,0.0,-0.0,-0.0002,0.0002,STILL1
-18.6893,18.6166,-2.9259,0.0003,26.5411,0.0197,0.0,26.3771,0.0208,0.0003,0.0,0.0,-0.0001,0.0003,STILL1
-18.442,18.5339,-2.872,0.0003,26.3033,0.2378,0.0,26.3887,0.0183,0.0003,0.0,0.0,-0.0001,0.0003,STILL1
-18.238,18.7615,-2.7726,0.0003,26.3117,0.0084,0.0,26.4045,0.0143,0.0003,0.0,0.0001,-0.0001,0.0002,STILL1
-18.3279,18.0561,-2.1024,0.0003,25.8139,0.4979,0.0001,26.3062,0.0725,0.0003,0.0,0.0001,-0.0001,0.0002,STILL1
-18.178,18.1011,-2.3507,0.0002,25.7607,0.0531,0.0001,26.1461,0.0934,0.0003,0.0,0.0002,-0.0001,0.0001,STILL1
-18.1049,18.4965,-2.6587,0.0002,26.0188,0.258,0.0001,26.0417,0.0545,0.0003,0.0,0.0002,-0.0001,0.0001,STILL1
-17.487,18.6441,-2.1488,0.0002,25.6518,0.367,0.0,25.9114,0.0543,0.0002,0.0,0.0002,-0.0001,0.0,STILL1
-17.9177,18.4528,-1.9159,0.0002,25.7919,0.1401,0.0,25.8074,0.0143,0.0002,0.0,0.0001,-0.0001,0.0,STILL1
-18.0748,18.6716,-1.9046,0.0003,26.0568,0.2649,0.0001,25.856,0.0243,0.0002,0.0,0.0001,0.0,0.0001,STILL1
-17.5942,18.7685,-2.3518,0.0004,25.833,0.2237,0.0001,25.8705,0.0224,0.0003,0.0,0.0001,-0.0,0.0002,STILL1
-17.9504,18.7054,-2.0846,0.0002,26.0088,0.1757,0.0002,25.8685,0.0218,0.0003,0.0,0.0,0.0,0.0002,STILL1
-17.7416,18.4456,-2.5614,0.0002,25.7209,0.2879,0.0,25.8823,0.0166,0.0003,0.0,-0.0,0.0,0.0002,STILL1
-18.1276,18.1252,-2.9304,0.0002,25.8016,0.0807,0.0,25.8842,0.0163,0.0003,0.0,0.0,-0.0,0.0002,STILL1
-18.0802,18.5033,-3.4224,0.0002,26.0956,0.294,0.0,25.892,0.0192,0.0002,0.0,0.0,-0.0001,0.0002,STILL1
-18.2704,18.0183,-3.5254,0.0003,25.9017,0.1939,0.0,25.9057,0.0183,0.0002,0.0,0.0,0.0,0.0001,STILL1
-17.9788,17.4677,-3.3829,0.0001,25.2944,0.6073,0.0001,25.7628,0.0705,0.0002,0.0,0.0,-0.0,0.0001,STILL1
-18.4893,17.7273,-3.525,0.0002,25.8561,0.5618,0.0001,25.7899,0.0712,0.0002,0.0,0.0,-0.0,0.0,STILL1
-18.654,18.16,-3.4107,0.0002,26.2562,0.4001,0.0,25.8808,0.1064,0.0002,0.0,0.0001,-0.0,-0.0001,STILL1
-18.2325,18.0436,-3.1754,0.0002,25.8473,0.4089,0.0,25.8311,0.0949,0.0002,0.0,0.0001,-0.0,-0.0001,STILL1
-18.336,17.4036,-2.7059,0.0001,25.4248,0.4225,0.0001,25.7357,0.1179,0.0002,0.0,0.0001,-0.0001,-0.0001,STILL1
-18.0501,17.9229,-2.871,0.0002,25.5984,0.1736,0.0001,25.7966,0.079,0.0002,0.0,0.0001,-0.0001,-0.0001,STILL1
-17.9432,17.5665,-3.0218,0.0003,25.2917,0.3067,0.0001,25.6837,0.1165,0.0002,0.0,0.0002,-0.0,-0.0001,STILL1
-17.9921,17.6875,-3.0018,0.0002,25.4081,0.1165,0.0001,25.5141,0.0374,0.0002,0.0,0.0002,-0.0,-0.0,STILL1
-17.9874,18.15,-3.0858,0.0004,25.7389,0.3308,0.0002,25.4924,0.0248,0.0002,0.0,0.0002,0.0,-0.0001,STILL1
-17.7399,18.195,-2.6155,0.0003,25.5461,0.1928,0.0001,25.5167,0.0239,0.0003,0.0,0.0002,-0.0,-0.0001,STILL1
-17.9794,18.2279,-2.8862,0.0002,25.7652,0.2191,0.0,25.55,0.0338,0.0003,0.0,0.0002,-0.0001,-0.0001,STILL1
-17.7335,18.4511,-3.2121,0.0002,25.7922,0.027,0.0001,25.6501,0.0221,0.0003,0.0,0.0001,-0.0001,-0.0001,STILL1
-17.7837,18.1515,-2.9165,0.0001,25.5782,0.214,0.0001,25.6841,0.0103,0.0002,0.0,0.0001,-0.0001,-0.0001,STILL1
-17.4363,18.0524,-3.0051,0.0002,25.2774,0.3008,0.0001,25.5918,0.0343,0.0002,0.0,0.0001,-0.0001,-0.0001,STILL1
-17.0991,17.0326,-2.9541,0.0001,24.3149,0.9625,0.0001,25.3456,0.2993,0.0002,0.0,-0.0,-0.0001,-0.0001,STILL1
-17.0574,17.3292,-2.782,0.0001,24.4744,0.1595,0.0,25.0874,0.3493,0.0001,0.0,-0.0,-0.0,-0.0,STILL1
-17.0615,17.3446,-2.835,0.0001,24.4942,0.0199,0.0001,24.8278,0.2529,0.0001,0.0,-0.0,-0.0001,-0.0,STILL1
-17.018,17.1288,-3.6055,0.0002,24.4133,0.081,0.0001,24.5948,0.1204,0.0002,0.0,-0.0,-0.0001,-0.0,STILL1
-17.4675,17.1187,-3.7406,0.0001,24.7418,0.3285,0.0001,24.4877,0.02,0.0001,0.0,-0.0,-0.0001,-0.0001,STILL1
-17.0896,17.5199,-3.1675,0.0002,24.6787,0.0631,0.0001,24.5605,0.0161,0.0001,0.0,0.0,-0.0001,0.0,STILL1
-17.4592,17.7878,-2.7684,0.0002,25.0778,0.3991,0.0,24.6811,0.0535,0.0002,0.0,0.0,-0.0001,0.0,STILL1
-17.858,17.4303,-2.9741,0.0001,25.131,0.0532,0.0001,24.8085,0.0708,0.0002,0.0,0.0,-0.0001,0.0001,STILL1
-17.5895,17.6161,-2.9199,0.0003,25.0648,0.0662,0.0001,24.9388,0.0357,0.0002,0.0,-0.0,-0.0001,0.0001,STILL1
-17.9122,18.2147,-2.8578,0.0002,25.7059,0.6411,0.0001,25.1316,0.1085,0.0002,0.0,-0.0,-0.0001,0.0001,STILL1
-17.961,18.1655,-3.505,0.0002,25.7851,0.0792,0.0,25.3529,0.1039,0.0002,0.0,-0.0,-0.0001,0.0001,STILL1
-17.6876,17.9574,-3.204,0.0001,25.4084,0.3767,0.0001,25.419,0.085,0.0002,0.0,-0.0,-0.0001,0.0001,STILL1
-18.0563,17.8409,-2.6319,0.0002,25.5197,0.1114,0.0001,25.4968,0.0644,0.0002,0.0,-0.0,-0.0001,0.0001,STILL1
-17.7857,17.6696,-2.3931,0.0002,25.1848,0.335,0.0,25.5208,0.0459,0.0002,0.0,-0.0,-0.0,0.0001,STILL1
-17.8848,17.542,-2.6113,0.0003,25.1874,0.0026,0.0001,25.4171,0.0506,0.0002,0.0,-0.0001,0.0,0.0001,STILL1
-17.9453,18.1054,-2.3859,0.0002,25.6034,0.416,0.0001,25.3807,0.0291,0.0002,0.0,-0.0001,0.0001,0.0001,STILL1
-18.2156,18.2,-2.54,0.0003,25.8747,0.2713,0.0,25.474,0.069,0.0002,0.0,-0.0001,0.0002,0.0,STILL1
-18.4819,18.4381,-2.607,0.0003,26.2362,0.3615,0.0,25.6173,0.1643,0.0003,0.0,-0.0,0.0002,0.0,STILL1
-18.8261,18.8724,-2.6356,0.0002,26.7869,0.5506,0.0001,25.9377,0.2978,0.0003,0.0,0.0,0.0002,0.0,STILL1
-18.5953,19.051,-2.1522,0.0001,26.7088,0.0781,0.0001,26.242,0.2115,0.0002,0.0,0.0001,0.0002,0.0,STILL1
-18.9794,19.2189,-2.1968,0.0001,27.1,0.3912,0.0,26.5413,0.1876,0.0002,0.0,0.0001,0.0002,0.0,STILL1
-18.671,18.8314,-2.5949,0.0002,26.6451,0.4549,0.0,26.6954,0.0771,0.0002,0.0,0.0001,0.0001,0.0,STILL1
-18.5899,18.662,-2.7791,0.0002,26.4873,0.1578,0.0,26.7456,0.0411,0.0002,0.0,0.0001,0.0001,0.0,STILL1
-18.1438,18.4515,-2.5764,0.0002,26.0056,0.4817,0.0001,26.5894,0.1259,0.0002,0.0,0.0001,0.0001,0.0,STILL1
-18.3369,18.2174,-2.1986,0.0002,25.9413,0.0643,0.0001,26.4359,0.1834,0.0002,0.0,0.0,0.0001,0.0,STILL1
-18.382,18.5396,-1.9714,0.0002,26.1821,0.2408,0.0,26.2523,0.0744,0.0002,0.0,-0.0,0.0002,0.0,STILL1
-18.8869,18.3754,-1.7115,0.0004,26.4064,0.2243,0.0002,26.2045,0.046,0.0002,0.0,-0.0001,0.0002,0.0,STILL1
-18.8126,18.4597,-1.3348,0.0003,26.3905,0.0159,0.0001,26.1852,0.0366,0.0003,0.0,-0.0002,0.0002,0.0,STILL1
-18.9876,18.949,-1.546,0.0003,26.8698,0.4793,0.0,26.358,0.094,0.0003,0.0,-0.0001,0.0002,0.0001,STILL1
-18.6526,18.5061,-1.5462,0.0003,26.3208,0.549,0.0,26.4339,0.0538,0.0003,0.0,-0.0001,0.0002,0.0001,STILL1
-18.7283,18.1392,-1.8619,0.0003,26.139,0.1818,0.0,26.4253,0.0584,0.0003,0.0,-0.0,0.0002,0.0001,STILL1
-18.3389,18.5395,-2.0802,0.0002,26.1602,0.0212,0.0001,26.376,0.07,0.0003,0.0,0.0,0.0002,0.0002,STILL1
-18.6117,18.866,-1.7735,0.0003,26.5606,0.4004,0.0,26.4101,0.0756,0.0003,0.0,0.0001,0.0002,0.0002,STILL1
-18.8456,18.274,-1.9063,0.0002,26.3198,0.2408,0.0001,26.3001,0.0228,0.0003,0.0,0.0001,0.0001,0.0001,STILL1
-19.1015,18.0161,-1.8063,0.0002,26.3194,0.0004,0.0,26.2998,0.0228,0.0002,0.0,0.0001,0.0001,0.0001,STILL1
-19.0812,17.9066,-2.3513,0.0002,26.273,0.0464,0.0,26.3266,0.0171,0.0002,0.0,0.0,0.0,0.0001,STILL1
-18.9431,18.1409,-2.2373,0.0003,26.3237,0.0508,0.0002,26.3593,0.0105,0.0002,0.0,-0.0,0.0001,0.0,STILL1
-18.9982,18.419,-2.0398,0.0002,26.5397,0.2159,0.0002,26.3551,0.0089,0.0002,0.0,-0.0,0.0,-0.0001,STILL1
-18.8392,18.0352,-2.3037,0.0001,26.1819,0.3578,0.0,26.3275,0.0139,0.0002,0.0,-0.0001,0.0,-0.0001,STILL1
-18.9339,17.9563,-2.6555,0.0003,26.2292,0.0473,0.0002,26.3095,0.0154,0.0002,0.0,-0.0001,0.0,-0.0001,STILL1
-18.7408,18.34,-2.9119,0.0004,26.3829,0.1537,0.0,26.3315,0.0158,0.0003,0.0,-0.0001,-0.0,-0.0002,STILL1
-18.1896,17.9126,-2.5139,0.0003,25.6523,0.7305,0.0001,26.1972,0.09,0.0003,0.0,-0.0001,-0.0001,-0.0002,STILL1
-17.8048,18.2957,-2.3611,0.0003,25.6382,0.0141,0.0,26.0169,0.0965,0.0003,0.0,-0.0001,-0.0002,-0.0002,STILL1
-17.6532,18.0428,-1.9983,0.0003,25.3214,0.3168,0.0,25.8448,0.1582,0.0003,0.0,-0.0001,-0.0002,-0.0002,STILL1
-17.7913,18.6218,-2.0861,0.0003,25.839,0.5176,0.0001,25.7668,0.1226,0.0003,0.0,-0.0,-0.0002,-0.0001,STILL1
-17.7799,18.3818,-2.4751,0.0002,25.6932,0.1457,0.0,25.6288,0.0287,0.0003,0.0,0.0,-0.0002,-0.0001,STILL1
-17.8364,18.0492,-2.3832,0.0003,25.4871,0.2062,0.0001,25.5958,0.0315,0.0003,0.0,0.0001,-0.0002,-0.0,STILL1
-17.2066,18.5019,-2.1535,0.0003,25.3579,0.1292,0.0,25.5397,0.0393,0.0003,0.0,0.0001,-0.0002,0.0,STILL1
-17.5809,18.5546,-2.6665,0.0002,25.6997,0.3417,0.0001,25.6154,0.0292,0.0003,0.0,0.0,-0.0002,0.0001,STILL1
-17.7335,17.9187,-2.227,0.0002,25.3084,0.3913,0.0,25.5093,0.0268,0.0003,0.0,0.0,-0.0002,0.0001,STILL1
-18.1118,18.0412,-2.7409,0.0003,25.7106,0.4022,0.0001,25.5127,0.0281,0.0003,0.0,-0.0,-0.0002,0.0,STILL1
-18.5426,17.8767,-2.8553,0.0003,25.9144,0.2038,0.0001,25.5982,0.0529,0.0003,0.0,-0.0001,-0.0002,-0.0,STILL1
-19.3716,17.6701,-2.2686,0.0003,26.318,0.4036,0.0,25.7902,0.1081,0.0003,0.0,-0.0001,-0.0001,-0.0001,STILL1
-19.1691,17.333,-2.4211,0.0001,25.9567,0.3613,0.0002,25.8416,0.1094,0.0002,0.0,-0.0001,-0.0001,-0.0001,STILL1
-19.204,17.3789,-2.19,0.0003,25.9926,0.036,0.0002,25.9785,0.0384,0.0003,0.0,-0.0001,-0.0001,-0.0002,STILL1
-19.0289,16.9437,-2.2895,0.0002,25.5818,0.4108,0.0001,25.9527,0.0548,0.0002,0.0,-0.0001,-0.0,-0.0002,STILL1
-18.6793,17.4206,-2.1129,0.0002,25.6293,0.0475,0.0,25.8957,0.0722,0.0002,0.0,-0.0,-0.0001,-0.0002,STILL1
-18.4997,17.1771,-2.3028,0.0004,25.3495,0.2798,0.0002,25.702,0.0587,0.0002,0.0,-0.0,-0.0002,-0.0002,STILL1
-18.6592,17.0448,-2.1985,0.0002,25.3678,0.0183,0.0002,25.5842,0.0542,0.0003,0.0,-0.0,-0.0002,-0.0002,STILL1
-18.4773,17.4265,-2.3275,0.0002,25.5051,0.1374,0.0,25.4867,0.0125,0.0002,0.0,-0.0,-0.0002,-0.0001,STILL1
-18.3819,17.7318,-1.8433,0.0003,25.6068,0.1017,0.0001,25.4917,0.0136,0.0003,0.0,0.0,-0.0002,-0.0,STILL1
-18.293,17.8854,-1.9902,0.0003,25.6609,0.0542,0.0,25.498,0.0155,0.0003,0.0,0.0001,-0.0002,-0.0,STILL1
-18.5344,17.7334,-1.7797,0.0004,25.7131,0.0522,0.0001,25.5707,0.015,0.0003,0.0,0.0002,-0.0001,0.0001,STILL1
-18.7431,18.1054,-1.505,0.0002,26.1032,0.3901,0.0002,25.7178,0.0419,0.0003,0.0,0.0002,-0.0001,0.0001,STILL1
-18.6101,18.1187,-1.354,0.0003,26.0088,0.0944,0.0001,25.8186,0.0396,0.0003,0.0,0.0003,-0.0001,0.0001,STILL1
-18.2069,18.4575,-1.7176,0.0003,25.983,0.0258,0.0,25.8938,0.0304,0.0003,0.0,0.0003,-0.0,0.0,STILL1
-18.1686,18.0879,-1.8522,0.0003,25.7041,0.279,0.0001,25.9024,0.0267,0.0003,0.0,0.0003,-0.0,0.0,STILL1
-18.0786,18.6453,-1.8505,0.0003,26.0367,0.3326,0.0,25.9672,0.0189,0.0003,0.0,0.0003,0.0001,-0.0,STILL1
-18.0223,19.1194,-1.5523,0.0002,26.3204,0.2837,0.0001,26.0106,0.0383,0.0003,0.0,0.0002,0.0001,-0.0001,STILL1
-17.671,18.5361,-1.8168,0.0002,25.6739,0.6464,0.0001,25.9436,0.0565,0.0003,0.0,0.0002,0.0001,-0.0,STILL1
-17.8274,18.1258,-1.8378,0.0002,25.4899,0.184,0.0,25.845,0.0876,0.0002,0.0,0.0002,0.0001,-0.0001,STILL1
-18.1369,18.4256,-2.4453,0.0001,25.9698,0.4799,0.0001,25.8981,0.0839,0.0002,0.0,0.0001,0.0001,-0.0001,STILL1
-17.772,18.5592,-2.7625,0.0001,25.8442,0.1256,0.0,25.8596,0.0792,0.0002,0.0,0.0001,0.0001,-0.0001,STILL1
-18.1801,18.6724,-2.6443,0.0002,26.1948,0.3506,0.0001,25.8345,0.0585,0.0002,0.0,0.0,0.0,-0.0001,STILL1
-18.891,18.3785,-2.4717,0.0002,26.4717,0.2769,0.0001,25.9941,0.1091,0.0002,0.0,-0.0,-0.0,-0.0001,STILL1
-18.5222,18.3622,-2.343,0.0001,26.1865,0.2852,0.0002,26.1334,0.0463,0.0001,0.0,-0.0001,-0.0,-0.0001,STILL1
-17.9177,18.4648,-2.3807,0.0001,25.8391,0.3473,0.0,26.1072,0.0576,0.0001,0.0,-0.0001,-0.0,-0.0001,STILL1
-18.0498,17.8718,-1.9451,0.0002,25.4751,0.364,0.0001,26.0334,0.1182,0.0002,0.0,-0.0001,-0.0,-0.0001,STILL1
-18.0242,18.16,-2.0717,0.0003,25.67,0.1949,0.0001,25.9285,0.1284,0.0002,0.0,-0.0001,-0.0,-0.0001,STILL1
-18.2069,17.7655,-2.1043,0.0002,25.5251,0.1449,0.0001,25.7391,0.0661,0.0002,0.0,-0.0001,-0.0001,-0.0,STILL1
-17.8843,18.1999,-2.2522,0.0003,25.6155,0.0904,0.0001,25.625,0.0161,0.0002,0.0,-0.0002,-0.0001,0.0,STILL1
-17.5918,17.8849,-2.1267,0.0003,25.1766,0.4389,0.0,25.4925,0.0296,0.0003,0.0,-0.0002,-0.0001,0.0,STILL1
-18.3359,17.7735,-1.8389,0.0002,25.6025,0.4258,0.0002,25.5179,0.0313,0.0003,0.0,-0.0002,-0.0001,0.0,STILL1
-18.5156,17.4126,-2.7586,0.0001,25.5663,0.0362,0.0,25.4972,0.0267,0.0002,0.0,-0.0001,-0.0001,0.0,STILL1
-18.6469,17.7676,-2.8631,0.0001,25.915,0.3487,0.0,25.5752,0.0554,0.0002,0.0,-0.0001,-0.0,-0.0,STILL1
-18.7581,17.9703,-2.9311,0.0002,26.1417,0.2267,0.0,25.6804,0.1082,0.0002,0.0,-0.0,0.0,-0.0,STILL1
-18.3971,17.77,-2.8949,0.0001,25.7412,0.4006,0.0001,25.7933,0.0454,0.0001,0.0,0.0,0.0,-0.0,STILL1
-18.2489,18.3941,-3.1628,0.0,26.1031,0.3619,0.0001,25.8935,0.0473,0.0001,0.0,0.0,0.0,-0.0,STILL1
-18.0335,17.9653,-3.1209,0.0002,25.6457,0.4574,0.0002,25.9093,0.0379,0.0001,0.0,0.0,-0.0,-0.0,STILL1
-17.8768,17.8847,-2.8873,0.0002,25.4515,0.1941,0.0,25.8166,0.0712,0.0002,0.0,-0.0,-0.0001,0.0,STILL1
-17.3733,18.3453,-2.963,0.0003,25.4394,0.0122,0.0,25.6762,0.0588,0.0002,0.0,-0.0001,-0.0001,0.0001,STILL1
-17.7955,18.3012,-2.9516,0.0002,25.6969,0.2575,0.0001,25.6673,0.0579,0.0002,0.0,-0.0001,-0.0001,0.0001,STILL1
-17.9614,18.1441,-2.4988,0.0002,25.6528,0.0441,0.0,25.5772,0.0119,0.0002,0.0,-0.0001,-0.0,0.0002,STILL1
-18.091,18.0872,-2.3615,0.0003,25.6906,0.0378,0.0001,25.5862,0.0135,0.0003,0.0,-0.0001,0.0001,0.0001,STILL1
-17.7478,18.3979,-2.633,0.0002,25.6982,0.0076,0.0001,25.6356,0.0099,0.0002,0.0,-0.0001,0.0001,0.0001,STILL1
-18.4326,19.0683,-2.1408,0.0002,26.6072,0.909,0.0,25.8691,0.1365,0.0002,0.0,-0.0001,0.0002,0.0001,STILL1
-18.1961,18.6734,-1.897,0.0002,26.1418,0.4655,0.0,25.9581,0.1375,0.0002,0.0,-0.0001,0.0002,0.0,STILL1
-18.1913,18.1418,-1.8613,0.0003,25.7587,0.383,0.0001,25.9793,0.1263,0.0003,0.0,-0.0001,0.0002,-0.0,STILL1
-18.4124,18.6697,-1.8922,0.0002,26.2898,0.5311,0.0001,26.0992,0.1146,0.0002,0.0,-0.0001,0.0002,-0.0,STILL1
-18.308,18.1389,-1.5513,0.0005,25.8188,0.471,0.0002,26.1233,0.0976,0.0003,0.0,-0.0002,0.0001,-0.0001,STILL1
-18.0902,18.5799,-1.3973,0.0003,25.9696,0.1508,0.0002,25.9957,0.0392,0.0003,0.0,-0.0002,0.0001,-0.0001,STILL1
-18.2815,18.0545,-1.3897,0.0002,25.7315,0.2381,0.0001,25.9137,0.0422,0.0003,0.0,-0.0002,-0.0,-0.0001,STILL1
-19.1065,18.2092,-2.0961,0.0003,26.4769,0.7454,0.0001,26.0573,0.0802,0.0003,0.0,-0.0003,-0.0001,-0.0001,STILL1
-18.9852,17.7111,-2.9113,0.0003,26.1266,0.3504,0.0,26.0247,0.0693,0.0003,0.0,-0.0003,-0.0,-0.0,STILL1
-18.7475,17.9658,-2.9415,0.0002,26.1322,0.0056,0.0001,26.0873,0.0592,0.0003,0.0,-0.0002,0.0,-0.0,STILL1
-18.9418,18.057,-2.5532,0.0003,26.2938,0.1616,0.0001,26.1522,0.0607,0.0003,0.0,-0.0002,0.0001,0.0001,STILL1
-18.7503,18.0769,-2.6769,0.0002,26.1823,0.1115,0.0001,26.2423,0.0174,0.0003,0.0,-0.0001,0.0001,0.0,STILL1
-18.8221,17.9177,-2.9822,0.0003,26.1574,0.0249,0.0001,26.1784,0.0037,0.0003,0.0,-0.0,0.0002,-0.0,STILL1
-18.7077,17.5623,-2.5514,0.0002,25.7861,0.3713,0.0001,26.1104,0.0293,0.0003,0.0,0.0,0.0002,-0.0001,STILL1
-18.5693,17.7686,-2.3005,0.0003,25.8037,0.0177,0.0001,26.0447,0.0437,0.0003,0.0,0.0001,0.0002,-0.0001,STILL1
-18.871,17.6555,-2.0404,0.0003,25.9229,0.1191,0.0,25.9705,0.0288,0.0003,0.0,0.0001,0.0001,-0.0002,STILL1
-18.7375,18.1963,-2.7948,0.0001,26.268,0.3451,0.0001,25.9876,0.0372,0.0003,0.0,0.0,0.0,-0.0002,STILL1
-18.7525,18.132,-2.8265,0.0003,26.2376,0.0304,0.0001,26.0037,0.0437,0.0002,0.0,-0.0,-0.0,-0.0002,STILL1
-18.5739,18.2525,-2.708,0.0003,26.1816,0.0561,0.0,26.0828,0.0343,0.0003,0.0,-0.0001,-0.0001,-0.0002,STILL1
-18.5591,18.1426,-3.0696,0.0003,26.1346,0.047,0.0,26.1489,0.0149,0.0003,0.0,-0.0001,-0.0002,-0.0001,STILL1
-18.4223,18.011,-3.2619,0.0001,25.9695,0.1651,0.0002,26.1583,0.011,0.0002,0.0,-0.0001,-0.0001,-0.0001,STILL1
-18.7878,18.0213,-3.0064,0.0002,26.2066,0.2371,0.0001,26.146,0.0089,0.0002,0.0,-0.0,-0.0002,-0.0,STILL1
-18.9834,17.9608,-2.9301,0.0003,26.2972,0.0906,0.0001,26.1579,0.0117,0.0002,0.0,-0.0,-0.0002,0.0,STILL1
-18.493,18.403,-3.0941,0.0003,26.2723,0.0249,0.0,26.176,0.0139,0.0002,0.0,-0.0001,-0.0002,0.0,STILL1
-18.3881,17.9568,-2.8846,0.0003,25.8629,0.4094,0.0,26.1217,0.0302,0.0003,0.0,-0.0001,-0.0001,0.0,STILL1
-18.2636,17.881,-2.839,0.0003,25.7167,0.1462,0.0,26.0712,0.0558,0.0003,0.0,-0.0002,-0.0002,0.0,STILL1
-18.3421,18.2048,-2.7962,0.0002,25.9936,0.2769,0.0,26.0286,0.0515,0.0003,0.0,-0.0002,-0.0002,0.0,STILL1
-17.7956,17.5389,-2.8276,0.0002,25.1454,0.8483,0.0,25.7982,0.14,0.0003,0.0,-0.0001,-0.0001,0.0001,STILL1
-17.9052,17.3623,-2.7839,0.0004,25.0958,0.0496,0.0002,25.5629,0.1383,0.0003,0.0,-0.0,-0.0001,0.0001,STILL1
-18.1523,17.2618,-2.6209,0.0002,25.1862,0.0904,0.0001,25.4275,0.1304,0.0003,0.0,0.0001,-0.0001,0.0001,STILL1
-18.0906,17.5594,-2.1311,0.0003,25.3011,0.1149,0.0001,25.3444,0.11,0.0003,0.0,0.0002,-0.0,0.0001,STILL1
-18.3069,17.91,-1.9049,0.0002,25.6815,0.3804,0.0001,25.282,0.0445,0.0003,0.0,0.0002,0.0,0.0001,STILL1
-18.2205,17.8374,-1.8833,0.0004,25.5677,0.1138,0.0002,25.3664,0.05,0.0003,0.0,0.0002,0.0,0.0001,STILL1
-18.1983,17.7387,-1.7972,0.0003,25.4768,0.0909,0.0001,25.4426,0.0319,0.0003,0.0,0.0002,0.0001,0.0001,STILL1
-18.0399,17.8253,-1.994,0.0001,25.4392,0.0376,0.0002,25.4932,0.0162,0.0003,0.0,0.0002,0.0,0.0001,STILL1
-18.0913,17.6946,-2.3515,0.0003,25.415,0.0242,0.0001,25.516,0.0095,0.0003,0.0,0.0002,-0.0,0.0001,STILL1
-17.9293,18.0713,-2.6124,0.0002,25.5902,0.1751,0.0001,25.4978,0.0048,0.0003,0.0,0.0002,-0.0,0.0001,STILL1
-18.1559,17.6164,-2.2118,0.0003,25.3942,0.1959,0.0,25.4631,0.0048,0.0002,0.0,0.0002,-0.0001,0.0,STILL1
-18.1341,17.4713,-2.2132,0.0003,25.2782,0.116,0.0001,25.4234,0.01,0.0002,0.0,0.0002,-0.0001,0.0,STILL1
-17.7854,17.7333,-2.7174,0.0002,25.2621,0.0161,0.0002,25.388,0.0139,0.0002,0.0,0.0002,-0.0001,0.0001,STILL1
-17.1127,17.871,-2.6115,0.0001,24.8804,0.3817,0.0,25.281,0.0538,0.0002,0.0,0.0002,-0.0001,0.0,STILL1
-17.3933,18.2593,-2.9485,0.0003,25.3894,0.509,0.0002,25.2409,0.0355,0.0002,0.0,0.0002,-0.0001,-0.0,STILL1
-17.849,18.2856,-2.7651,0.0002,25.702,0.3126,0.0001,25.3024,0.0695,0.0002,0.0,0.0002,-0.0001,-0.0,STILL1
-17.9698,18.6347,-2.6121,0.0002,26.019,0.317,0.0001,25.4506,0.1501,0.0002,0.0,0.0002,-0.0001,-0.0,STILL1
-18.179,18.2296,-2.5428,0.0002,25.8701,0.1489,0.0001,25.5722,0.1634,0.0002,0.0,0.0001,-0.0,-0.0001,STILL1
-17.6526,18.0118,-2.4342,0.0,25.337,0.5331,0.0002,25.6635,0.0705,0.0002,0.0,0.0001,-0.0,-0.0001,STILL1
-17.8814,17.6563,-2.0411,0.0002,25.2123,0.1248,0.0002,25.6281,0.0949,0.0002,0.0,0.0,0.0001,-0.0001,STILL1
-18.4676,17.3844,-2.1173,0.0003,25.451,0.2388,0.0001,25.5779,0.0976,0.0002,0.0,-0.0,0.0001,-0.0001,STILL1
-18.5366,17.5919,-2.2938,0.0003,25.6582,0.2072,0.0,25.5057,0.0547,0.0002,0.0,-0.0001,0.0002,-0.0001,STILL1
-18.2574,17.9204,-2.0257,0.0004,25.6628,0.0046,0.0001,25.4643,0.0314,0.0003,0.0,-0.0001,0.0002,-0.0001,STILL1
-18.4184,18.0457,-2.2487,0.0003,25.8833,0.2205,0.0001,25.5735,0.0513,0.0003,0.0,-0.0002,0.0002,-0.0001,STILL1
-18.7222,17.8116,-2.4239,0.0004,25.9548,0.0715,0.0001,25.722,0.0322,0.0003,0.0,-0.0002,0.0003,-0.0,STILL1
-18.7622,18.1336,-2.2579,0.0004,26.1906,0.2358,0.0,25.8699,0.0396,0.0003,0.0,-0.0001,0.0003,-0.0,STILL1
-18.6722,18.5944,-2.0157,0.0002,26.4285,0.238,0.0001,26.024,0.0693,0.0003,0.0,-0.0001,0.0003,-0.0,STILL1
-18.5222,18.2943,-1.9782,0.0002,26.1087,0.3198,0.0,26.1132,0.0367,0.0003,0.0,-0.0001,0.0003,-0.0,STILL1
-18.6927,18.2948,-2.7919,0.0004,26.3042,0.1955,0.0001,26.1974,0.0263,0.0003,0.0,-0.0,0.0003,-0.0,STILL1
-18.3792,18.414,-2.6523,0.0003,26.1515,0.1527,0.0001,26.2367,0.0134,0.0003,0.0,-0.0,0.0003,-0.0,STILL1
-18.8721,18.9937,-2.6437,0.0002,26.9055,0.7539,0.0,26.3797,0.082,0.0003,0.0,-0.0001,0.0002,0.0,STILL1
-18.9477,18.2887,-2.5493,0.0002,26.4573,0.4482,0.0001,26.3855,0.0827,0.0003,0.0,-0.0001,0.0002,0.0,STILL1
-18.2519,18.6153,-2.9395,0.0001,26.2355,0.2218,0.0001,26.4108,0.0712,0.0002,0.0,-0.0001,0.0001,0.0,STILL1
-18.1421,18.4923,-2.8735,0.0003,26.0645,0.171,0.0002,26.3629,0.0907,0.0002,0.0,-0.0,0.0001,0.0001,STILL1
-18.6887,19.3438,-2.6988,0.0002,27.0321,0.9676,0.0001,26.539,0.1403,0.0002,0.0,0.0,0.0,0.0001,STILL1
-18.8447,18.9125,-2.4465,0.0003,26.8103,0.2218,0.0001,26.5199,0.1278,0.0002,0.0,0.0,0.0,0.0002,STILL1
-18.6195,18.8019,-3.1353,0.0002,26.6464,0.1639,0.0001,26.5578,0.1288,0.0002,0.0,0.0001,0.0,0.0002,STILL1
-18.7737,18.4572,-3.3051,0.0002,26.5338,0.1125,0.0,26.6174,0.1045,0.0002,0.0,0.0001,0.0,0.0002,STILL1
-18.5596,18.4157,-3.7254,0.0002,26.4098,0.124,0.0001,26.6865,0.0473,0.0002,0.0,0.0,0.0,0.0002,STILL1
-18.9821,17.5513,-3.699,0.0002,26.1161,0.2937,0.0,26.5033,0.0549,0.0002,0.0,0.0,0.0001,0.0001,STILL1
-19.1763,17.4723,-3.3686,0.0003,26.1603,0.0441,0.0,26.3733,0.0426,0.0002,0.0,0.0001,0.0001,0.0001,STILL1
-18.9754,17.4497,-2.9543,0.0003,25.9478,0.2125,0.0,26.2335,0.0444,0.0002,0.0,0.0001,0.0002,0.0001,STILL1
-18.9209,18.4785,-2.9509,0.0002,26.6114,0.6636,0.0001,26.2491,0.0547,0.0002,0.0,0.0001,0.0001,0.0,STILL1
-18.8118,18.9141,-3.0545,0.0003,26.8506,0.2392,0.0001,26.3372,0.1141,0.0002,0.0,0.0001,0.0002,0.0,STILL1
-18.4057,18.725,-2.8467,0.0003,26.4102,0.4404,0.0,26.396,0.1019,0.0003,0.0,0.0001,0.0002,0.0,STILL1
-17.812,18.8144,-2.768,0.0001,26.0559,0.3543,0.0001,26.3752,0.1135,0.0002,0.0,0.0,0.0001,0.0,STILL1
-18.5152,19.0921,-2.8019,0.0002,26.7427,0.6868,0.0,26.5342,0.0787,0.0002,0.0,0.0,0.0001,0.0001,STILL1
-18.5122,18.8175,-2.9915,0.0002,26.5659,0.1768,0.0,26.5251,0.0777,0.0002,0.0,0.0,0.0001,0.0001,STILL1
-18.5191,19.2821,-3.0651,0.0003,26.9101,0.3442,0.0001,26.537,0.086,0.0002,0.0,0.0,0.0,0.0,STILL1
-18.1309,19.3725,-2.8146,0.0003,26.6824,0.2277,0.0,26.5914,0.084,0.0002,0.0,0.0001,-0.0,-0.0,STILL1
-18.6735,18.8199,-2.7392,0.0004,26.6532,0.0292,0.0001,26.7109,0.0132,0.0002,0.0,0.0002,-0.0001,-0.0,STILL1
-18.7388,19.0497,-2.9476,0.0004,26.8835,0.2303,0.0,26.739,0.0181,0.0003,0.0,0.0002,-0.0001,-0.0001,STILL1
-18.116,19.1085,-2.8018,0.0006,26.4797,0.4037,0.0002,26.7218,0.0253,0.0004,0.0,0.0003,-0.0001,-0.0002,STILL1
-18.0803,18.643,-2.4164,0.0006,26.0826,0.3971,0.0,26.5563,0.0725,0.0005,0.0,0.0003,-0.0003,-0.0001,STILL1
-18.0643,18.1863,-1.6738,0.0004,25.6878,0.3948,0.0002,26.3573,0.1806,0.0005,0.0,0.0003,-0.0003,-0.0002,STILL1
-17.4389,18.3741,-1.2297,0.0005,25.362,0.3257,0.0001,26.0991,0.2946,0.0005,0.0,0.0002,-0.0003,-0.0002,STILL1
-17.3136,18.4242,-1.9368,0.0005,25.3568,0.0053,0.0,25.7938,0.1885,0.0005,0.0,0.0001,-0.0004,-0.0002,STILL1
-17.5572,18.1269,-2.1026,0.0003,25.3231,0.0337,0.0002,25.5625,0.0852,0.0005,0.0,0.0,-0.0003,-0.0002,STILL1
-18.177,18.2484,-1.7852,0.0004,25.8185,0.4954,0.0001,25.5096,0.0414,0.0004,0.0,-0.0,-0.0003,-0.0003,STILL1
-18.0947,18.2643,-2.0532,0.0004,25.7919,0.0266,0.0,25.5304,0.0506,0.0004,0.0,-0.0001,-0.0003,-0.0002,STILL1
-18.1383,18.674,-1.5332,0.0004,26.078,0.2862,0.0001,25.6736,0.0844,0.0004,0.0,-0.0001,-0.0003,-0.0002,STILL1
-18.0544,18.6829,-1.8859,0.0002,26.0493,0.0287,0.0002,25.8122,0.0733,0.0003,0.0,-0.0001,-0.0002,-0.0001,STILL1
-18.3466,18.4963,-2.0431,0.0003,26.1321,0.0828,0.0001,25.974,0.0198,0.0003,0.0,-0.0001,-0.0003,-0.0001,STILL1
-18.6367,18.4877,-2.4001,0.0002,26.3606,0.2285,0.0001,26.0824,0.0331,0.0003,0.0,-0.0001,-0.0002,-0.0,STILL1
-18.5031,17.7995,-2.517,0.0001,25.7977,0.5629,0.0,26.0836,0.0324,0.0002,0.0,-0.0001,-0.0001,-0.0,STILL1
-18.5743,18.0021,-2.2104,0.0002,25.9609,0.1632,0.0001,26.0601,0.0349,0.0002,0.0,-0.0001,-0.0,0.0,STILL1
-18.8657,18.2361,-1.9902,0.0003,26.3141,0.3532,0.0001,26.1131,0.0449,0.0002,0.0,-0.0,0.0,0.0001,STILL1
-18.702,18.4076,-2.2828,0.0003,26.3404,0.0263,0.0,26.1547,0.0535,0.0002,0.0,0.0,0.0001,0.0001,STILL1
-18.9741,18.3323,-2.2825,0.0004,26.4821,0.1417,0.0002,26.179,0.0658,0.0003,0.0,0.0001,0.0001,0.0002,STILL1
-18.8668,18.1971,-2.5166,0.0002,26.3329,0.1491,0.0002,26.2861,0.03,0.0003,0.0,0.0001,0.0001,0.0002,STILL1
-19.0715,18.1139,-2.257,0.0002,26.3995,0.0666,0.0,26.3738,0.0037,0.0003,0.0,0.0001,0.0001,0.0002,STILL1
-19.2572,18.0443,-2.2244,0.0003,26.4837,0.0842,0.0001,26.4077,0.0043,0.0003,0.0,0.0,0.0001,0.0002,STILL1
-18.7402,17.9354,-2.1701,0.0002,26.0304,0.4533,0.0001,26.3457,0.028,0.0003,0.0,-0.0,0.0001,0.0002,STILL1
-18.5827,18.0827,-2.2736,0.0003,26.0283,0.0021,0.0001,26.255,0.0362,0.0002,0.0,-0.0001,0.0001,0.0001,STILL1
-18.5162,17.2537,-2.2345,0.0001,25.4073,0.621,0.0001,26.0698,0.1444,0.0002,0.0,-0.0001,0.0001,0.0,STILL1
-18.6098,17.0904,-2.5657,0.0002,25.3967,0.0106,0.0,25.8693,0.1731,0.0002,0.0,-0.0001,0.0001,0.0,STILL1
-18.6097,16.9786,-2.5963,0.0003,25.3246,0.0721,0.0002,25.6375,0.1032,0.0002,0.0,-0.0002,0.0001,-0.0,STILL1
-18.9972,17.1266,-2.4333,0.0001,25.6931,0.3685,0.0002,25.57,0.0684,0.0002,0.0,-0.0001,0.0001,-0.0,STILL1
-18.8852,17.9201,-2.631,0.0001,26.1668,0.4737,0.0,25.5977,0.0968,0.0002,0.0,-0.0001,0.0001,0.0,STILL1
-18.8144,17.6954,-2.6329,0.0003,25.9623,0.2045,0.0001,25.7087,0.1039,0.0002,0.0,-0.0,0.0002,0.0,STILL1
-18.7516,17.5032,-2.5251,0.0002,25.7752,0.1872,0.0,25.7844,0.0795,0.0002,0.0,0.0,0.0002,0.0001,STILL1
-18.745,17.5182,-2.292,0.0001,25.7588,0.0164,0.0002,25.8712,0.0299,0.0002,0.0,0.0001,0.0001,0.0001,STILL1
-18.4741,17.6114,-2.8336,0.0001,25.6804,0.0784,0.0,25.8687,0.0308,0.0002,0.0,0.0001,0.0001,0.0001,STILL1
-18.623,17.4391,-2.7044,0.0002,25.6565,0.0239,0.0001,25.7666,0.0116,0.0002,0.0,0.0,0.0001,0.0,STILL1
-18.1266,17.8638,-2.9385,0.0,25.6188,0.0377,0.0001,25.6979,0.0036,0.0001,0.0,0.0,0.0,0.0,STILL1
-18.245,17.7567,-2.9414,0.0002,25.6287,0.0099,0.0001,25.6686,0.0025,0.0001,0.0,0.0,-0.0,-0.0,STILL1
-18.0366,17.9022,-3.3531,0.0002,25.633,0.0043,0.0,25.6435,0.0005,0.0001,0.0,-0.0,-0.0,-0.0,STILL1
-17.8356,18.0187,-3.1013,0.0001,25.5421,0.091,0.0,25.6158,0.0015,0.0001,0.0,-0.0,-0.0,-0.0,STILL1
-17.6466,18.3055,-3.206,0.0003,25.6276,0.0855,0.0002,25.61,0.0012,0.0002,0.0,0.0,-0.0,-0.0,STILL1
-17.9985,18.0351,-2.5773,0.0002,25.6096,0.018,0.0001,25.6082,0.0012,0.0002,0.0,0.0001,0.0,-0.0001,STILL1
-18.2207,17.3749,-2.565,0.0002,25.3073,0.3023,0.0,25.5439,0.015,0.0002,0.0,0.0001,0.0001,-0.0,STILL1
-18.4765,17.2968,-2.5051,0.0002,25.433,0.1257,0.0,25.5039,0.0143,0.0002,0.0,0.0001,0.0001,-0.0,STILL1
-18.3844,17.7031,-2.0666,0.0002,25.6057,0.1727,0.0,25.5167,0.0159,0.0002,0.0,0.0001,0.0002,-0.0,STILL1
-18.3794,17.4281,-2.0845,0.0001,25.4143,0.1915,0.0002,25.474,0.0138,0.0002,0.0,0.0,0.0001,0.0,STILL1
-18.1535,17.3643,-2.3145,0.0002,25.2275,0.1868,0.0001,25.3976,0.0164,0.0002,0.0,0.0,0.0001,0.0001,STILL1
-18.3665,17.4134,-2.2641,0.0002,25.4103,0.1828,0.0,25.4182,0.0144,0.0002,0.0,-0.0,0.0001,0.0001,STILL1
-18.5495,17.6588,-2.3863,0.0002,25.7218,0.3116,0.0001,25.4759,0.0294,0.0002,0.0,-0.0,0.0001,0.0001,STILL1
-18.1458,17.4333,-2.4028,0.0003,25.2777,0.4441,0.0001,25.4103,0.0296,0.0002,0.0,0.0,0.0,0.0,STILL1
-18.9042,17.2154,-2.1691,0.0001,25.6601,0.3824,0.0002,25.4595,0.0397,0.0002,0.0,0.0,0.0,0.0,STILL1
-18.7265,17.6129,-2.6071,0.0002,25.8398,0.1796,0.0001,25.5819,0.0428,0.0002,0.0,0.0,0.0,0.0,STILL1
-18.7062,17.6216,-2.6826,0.0001,25.8387,0.0011,0.0,25.6676,0.0428,0.0002,0.0,0.0,0.0,-0.0,STILL1
-19.0493,17.7785,-2.2367,0.0001,26.1525,0.3138,0.0,25.7538,0.0818,0.0001,0.0,0.0,-0.0,-0.0,STILL1
-18.3926,17.1197,-3.1144,0.0002,25.3194,0.8332,0.0002,25.7621,0.0742,0.0001,0.0,-0.0,0.0001,-0.0,STILL1
-17.8891,17.4614,-2.8696,0.0002,25.1625,0.1568,0.0,25.6626,0.1341,0.0002,0.0,-0.0001,0.0,-0.0001,STILL1
-18.205,17.4379,-3.7207,0.0001,25.4822,0.3197,0.0001,25.5911,0.1292,0.0001,0.0,-0.0001,0.0,-0.0001,STILL1
-18.1484,17.8378,-3.3453,0.0,25.666,0.1837,0.0,25.5565,0.1168,0.0001,0.0,-0.0001,0.0,-0.0001,STILL1
-18.1031,17.8859,-3.1231,0.0002,25.6394,0.0266,0.0002,25.4539,0.0366,0.0002,0.0,-0.0,0.0001,-0.0001,STILL1
-17.8043,17.9056,-2.8266,0.0001,25.4085,0.2309,0.0002,25.4717,0.0331,0.0001,0.0,0.0,0.0,-0.0,STILL1
-17.8841,18.0682,-2.8082,0.0001,25.5771,0.1685,0.0001,25.5546,0.0093,0.0001,0.0,-0.0,0.0,-0.0,STILL1
-18.1167,18.2827,-2.9715,0.0001,25.9095,0.3324,0.0001,25.6401,0.0262,0.0001,0.0,-0.0,0.0,0.0,STILL1
-18.2714,18.4668,-3.0304,0.0003,26.1544,0.2449,0.0002,25.7378,0.0694,0.0002,0.0,-0.0001,-0.0,0.0,STILL1
-17.9578,18.3203,-3.0274,0.0004,25.8318,0.3226,0.0,25.7762,0.0677,0.0002,0.0,-0.0002,-0.0,0.0001,STILL1
-17.7162,18.5625,-3.3188,0.0002,25.8736,0.0419,0.0002,25.8693,0.0339,0.0002,0.0,-0.0002,-0.0001,0.0001,STILL1
-17.6042,18.1187,-2.7175,0.0003,25.4083,0.4653,0.0001,25.8355,0.0582,0.0002,0.0,-0.0001,-0.0001,0.0002,STILL1
-18.4396,18.2637,-2.2615,0.0003,26.0518,0.6435,0.0001,25.864,0.0657,0.0003,0.0,-0.0001,-0.0001,0.0002,STILL1
-18.183,18.2922,-2.7092,0.0001,25.9339,0.118,0.0002,25.8199,0.0478,0.0003,0.0,-0.0001,-0.0,0.0002,STILL1
-18.137,18.64,-2.108,0.0003,26.093,0.1591,0.0002,25.8721,0.06,0.0002,0.0,-0.0001,-0.0001,0.0002,STILL1
-18.4065,19.0464,-2.4614,0.0002,26.6012,0.5082,0.0001,26.0176,0.1451,0.0002,0.0,-0.0,-0.0,0.0002,STILL1
-18.5377,19.159,-2.2441,0.0001,26.7535,0.1523,0.0001,26.2867,0.1068,0.0002,0.0,-0.0,-0.0,0.0002,STILL1
-18.402,18.3741,-2.1765,0.0003,26.0956,0.6579,0.0003,26.2954,0.103,0.0002,0.0,-0.0,-0.0001,0.0001,STILL1
-18.2341,17.9055,-2.435,0.0005,25.6714,0.4242,0.0001,26.2429,0.152,0.0003,0.0,0.0001,-0.0002,0.0002,STILL1
-18.2967,18.4119,-2.2949,0.0003,26.0583,0.3869,0.0001,26.236,0.1543,0.0003,0.0,0.0001,-0.0002,0.0001,STILL1
-17.7405,18.2764,-2.1515,0.0002,25.5613,0.497,0.0002,26.028,0.1754,0.0003,0.0,0.0001,-0.0002,0.0001,STILL1
-17.7955,18.2867,-2.1962,0.0002,25.6107,0.0494,0.0,25.7994,0.0527,0.0003,0.0,0.0001,-0.0002,0.0001,STILL1
-18.0895,18.295,-2.3101,0.0002,25.8317,0.221,0.0001,25.7467,0.0326,0.0003,0.0,0.0001,-0.0002,-0.0,STILL1
-17.8216,18.0923,-2.2481,0.0001,25.495,0.3367,0.0001,25.7114,0.0429,0.0002,0.0,0.0001,-0.0001,-0.0001,STILL1
-18.1292,18.1707,-2.1266,0.0002,25.7558,0.2609,0.0001,25.6509,0.0155,0.0002,0.0,0.0,-0.0,-0.0,STILL1
-17.9033,18.0647,-2.0388,0.0004,25.5151,0.2408,0.0002,25.6417,0.0175,0.0002,0.0,0.0001,0.0,-0.0001,STILL1
-18.1289,17.9861,-1.956,0.0002,25.6122,0.0971,0.0002,25.6419,0.0175,0.0002,0.0,0.0001,0.0001,-0.0001,STILL1
-18.4938,17.9295,-1.9867,0.0002,25.8347,0.2226,0.0,25.6426,0.0177,0.0002,0.0,0.0001,0.0001,-0.0,STILL1
-18.4606,17.4499,-1.8519,0.0003,25.47,0.3647,0.0001,25.6376,0.0193,0.0003,0.0,0.0,0.0002,-0.0,STILL1
-17.8529,17.7224,-1.4315,0.0004,25.1964,0.2736,0.0001,25.5257,0.0429,0.0003,0.0,-0.0001,0.0002,-0.0001,STILL1
-17.8261,18.306,-1.4827,0.0004,25.5945,0.3981,0.0,25.5416,0.0436,0.0003,0.0,-0.0002,0.0001,-0.0001,STILL1
-18.3546,17.8073,-1.8486,0.0004,25.64,0.0455,0.0,25.5471,0.0445,0.0004,0.0,-0.0002,0.0002,-0.0001,STILL1
-17.8431,18.0021,-2.0133,0.0003,25.4264,0.2136,0.0002,25.4655,0.0242,0.0004,0.0,-0.0002,0.0002,-0.0001,STILL1
-18.1651,17.6361,-2.0794,0.0001,25.4032,0.0232,0.0001,25.4521,0.0248,0.0003,0.0,-0.0002,0.0001,-0.0001,STILL1
-18.3821,17.5995,-2.0073,0.0,25.5278,0.1246,0.0001,25.5184,0.0085,0.0003,0.0,-0.0001,0.0001,-0.0001,STILL1
-18.6931,17.1827,-3.1527,0.0001,25.5855,0.0577,0.0001,25.5166,0.0082,0.0002,0.0,-0.0,0.0002,-0.0001,STILL1
-18.7483,17.1118,-3.2034,0.0002,25.5846,0.0009,0.0001,25.5055,0.006,0.0001,0.0,0.0,0.0001,-0.0,STILL1
-18.2986,17.7363,-3.2471,0.0002,25.6897,0.1051,0.0,25.5582,0.0087,0.0001,0.0,0.0001,0.0,-0.0,STILL1
-18.0358,17.414,-2.6758,0.0002,25.213,0.4766,0.0,25.5201,0.0263,0.0002,0.0,0.0001,0.0,-0.0001,STILL1
-18.0786,17.5625,-2.7688,0.0002,25.3563,0.1433,0.0,25.4858,0.0305,0.0002,0.0,0.0001,0.0,-0.0,STILL1
-18.5285,18.0656,-2.7244,0.0003,26.021,0.6647,0.0001,25.5729,0.0782,0.0002,0.0,0.0002,0.0,0.0,STILL1
-18.5009,18.2931,-2.817,0.0002,26.1698,0.1488,0.0001,25.69,0.1357,0.0002,0.0,0.0002,0.0001,0.0,STILL1
-18.2882,18.597,-2.8505,0.0002,26.238,0.0682,0.0,25.7996,0.1838,0.0002,0.0,0.0001,0.0001,0.0001,STILL1
-18.54,18.6432,-3.046,0.0002,26.4684,0.2304,0.0001,26.0507,0.1414,0.0002,0.0,0.0001,0.0001,0.0001,STILL1
-18.507,18.3833,-2.9274,0.0003,26.2493,0.2192,0.0001,26.2293,0.0209,0.0003,0.0,0.0001,0.0002,0.0001,STILL1
-18.6243,18.4285,-2.4482,0.0004,26.3148,0.0655,0.0,26.2881,0.0102,0.0003,0.0,-0.0,0.0002,-0.0,STILL1
-18.3151,18.371,-2.2429,0.0002,26.0378,0.2771,0.0002,26.2617,0.0193,0.0003,0.0,-0.0001,0.0002,-0.0001,STILL1
-18.0052,18.4218,-2.16,0.0004,25.8498,0.1879,0.0001,26.184,0.0471,0.0003,0.0,-0.0001,0.0001,-0.0001,STILL1
-17.6417,18.053,-2.0155,0.0003,25.322,0.5279,0.0001,25.9547,0.1269,0.0003,0.0,-0.0002,0.0001,-0.0002,STILL1
-18.1008,18.3424,-2.3561,0.0003,25.8773,0.5554,0.0,25.8803,0.1053,0.0003,0.0,-0.0002,-0.0,-0.0002,STILL1
-18.5525,18.4614,-3.2568,0.0003,26.3748,0.4974,0.0,25.8923,0.1162,0.0003,0.0,-0.0002,-0.0001,-0.0001,STILL1
-18.6733,18.5504,-3.1304,0.0001,26.5068,0.132,0.0002,25.9861,0.1787,0.0003,0.0,-0.0001,-0.0001,-0.0001,STILL1
-18.4449,18.3559,-3.1543,0.0002,26.2127,0.2941,0.0,26.0587,0.18,0.0002,0.0,-0.0001,-0.0001,-0.0001,STILL1
-18.1559,17.5473,-2.8797,0.0001,25.4133,0.7994,0.0,26.077,0.1544,0.0002,0.0,-0.0,-0.0001,-0.0001,STILL1
-18.1622,17.9628,-2.6569,0.0005,25.6824,0.2691,0.0003,26.038,0.1761,0.0002,0.0,-0.0,0.0,-0.0001,STILL1
-17.9735,17.5609,-2.4974,0.0007,25.2521,0.4303,0.0003,25.8135,0.2265,0.0003,0.0,-0.0001,0.0002,-0.0001,STILL1
-17.9882,17.8018,-2.3604,0.0009,25.4175,0.1654,0.0001,25.5956,0.1142,0.0005,0.0,-0.0001,0.0003,-0.0002,STILL1
-18.2562,18.1477,-2.4102,0.0007,25.8541,0.4366,0.0002,25.5239,0.0463,0.0006,0.0,-0.0002,0.0005,-0.0002,STILL1
-18.5143,17.9119,-2.5157,0.0006,25.8833,0.0292,0.0001,25.6179,0.0609,0.0007,0.0,-0.0002,0.0006,-0.0002,STILL1
-18.6646,17.892,-2.3969,0.0004,25.9661,0.0828,0.0002,25.6746,0.0811,0.0006,0.0,-0.0002,0.0006,-0.0002,STILL1
-19.0192,17.7761,-2.1144,0.0004,26.1188,0.1527,0.0,25.848,0.0548,0.0006,0.0,-0.0001,0.0005,-0.0002,STILL1
-19.031,18.1709,-1.9946,0.0002,26.3882,0.2694,0.0001,26.0421,0.0384,0.0005,0.0,-0.0001,0.0004,-0.0001,STILL1
-18.8841,18.1305,-2.6582,0.0002,26.3133,0.0749,0.0001,26.1339,0.0376,0.0003,0.0,-0.0,0.0003,-0.0001,STILL1
-18.8292,18.0669,-2.3516,0.0003,26.2008,0.1126,0.0001,26.1974,0.0219,0.0003,0.0,-0.0,0.0002,-0.0001,STILL1
-18.8352,17.9191,-2.4031,0.0001,26.1082,0.0926,0.0001,26.2258,0.012,0.0002,0.0,-0.0,0.0001,-0.0002,STILL1
-18.4932,17.8791,-2.1944,0.0002,25.8162,0.292,0.0,26.1653,0.0396,0.0002,0.0,-0.0,0.0001,-0.0002,STILL1
-18.9414,17.7345,-2.3805,0.0001,26.0568,0.2406,0.0001,26.099,0.0276,0.0002,0.0,0.0,0.0001,-0.0001,STILL1
-18.6875,17.347,-2.3732,0.0002,25.6081,0.4487,0.0001,25.958,0.0468,0.0002,0.0,0.0,0.0001,-0.0001,STILL1
-18.9938,17.262,-1.7673,0.0003,25.7267,0.1186,0.0001,25.8632,0.0367,0.0002,0.0,0.0001,0.0001,-0.0,STILL1
-18.9606,18.1658,-1.8638,0.0002,26.3244,0.5978,0.0001,25.9064,0.0654,0.0002,0.0,0.0001,0.0,0.0,STILL1
-18.8341,18.3233,-1.7817,0.0002,26.3371,0.0126,0.0,26.0106,0.09,0.0002,0.0,0.0001,0.0001,0.0001,STILL1
-18.8173,18.0586,-2.1191,0.0002,26.1667,0.1704,0.0,26.0326,0.0939,0.0002,0.0,0.0001,0.0,0.0001,STILL1
-18.632,18.2313,-2.3172,0.0003,26.1706,0.0039,0.0001,26.1451,0.049,0.0003,0.0,0.0002,-0.0,0.0001,STILL1
-18.7056,18.1163,-2.4162,0.0002,26.1522,0.0184,0.0001,26.2302,0.0068,0.0002,0.0,0.0001,-0.0,0.0002,STILL1
-18.7957,18.1961,-2.4424,0.0003,26.2744,0.1222,0.0,26.2202,0.0053,0.0003,0.0,0.0001,-0.0,0.0002,STILL1
-18.8272,18.2913,-2.6726,0.0004,26.3852,0.1108,0.0001,26.2298,0.0079,0.0003,0.0,0.0001,-0.0,0.0002,STILL1
-18.7461,18.4643,-2.2537,0.0002,26.4088,0.0237,0.0002,26.2782,0.0112,0.0003,0.0,0.0,-0.0001,0.0002,STILL1
-18.8125,18.1777,-2.1999,0.0002,26.2522,0.1566,0.0,26.2946,0.0087,0.0003,0.0,-0.0,-0.0001,0.0002,STILL1
-18.6781,18.6703,-2.2818,0.0001,26.5077,0.2555,0.0001,26.3657,0.0087,0.0002,0.0,-0.0,-0.0001,0.0001,STILL1
-18.3863,18.2956,-2.1379,0.0002,26.026,0.4817,0.0,26.316,0.0277,0.0002,0.0,-0.0,-0.0001,0.0001,STILL1
-18.2934,18.2271,-2.301,0.0002,25.9262,0.0998,0.0,26.2242,0.0487,0.0002,0.0,-0.0,-0.0002,0.0,STILL1
-18.0472,18.2973,-2.0314,0.0002,25.7802,0.146,0.0001,26.0985,0.0655,0.0002,0.0,-0.0,-0.0002,0.0,STILL1
-17.9503,17.4253,-1.9407,0.0003,25.0923,0.688,0.0,25.8665,0.2094,0.0002,0.0,0.0,-0.0001,0.0001,STILL1
-17.9571,17.3434,-1.6245,0.0001,25.0178,0.0745,0.0001,25.5685,0.1824,0.0002,0.0,0.0001,-0.0001,0.0,STILL1
-18.0719,17.3997,-1.5964,0.0003,25.1375,0.1197,0.0001,25.3908,0.1462,0.0002,0.0,0.0001,-0.0002,0.0,STILL1
-18.1325,17.4291,-1.6678,0.0003,25.2061,0.0686,0.0,25.2468,0.0749,0.0002,0.0,0.0001,-0.0002,0.0,STILL1
-17.7842,17.6527,-1.8342,0.0003,25.1249,0.0812,0.0,25.1157,0.0038,0.0003,0.0,0.0,-0.0002,-0.0,STILL1
-18.2055,17.4503,-2.1768,0.0004,25.3118,0.187,0.0001,25.1596,0.0094,0.0003,0.0,-0.0,-0.0003,-0.0001,STILL1
-18.2456,17.679,-1.8133,0.0004,25.4703,0.1585,0.0,25.2501,0.0165,0.0003,0.0,-0.0001,-0.0003,-0.0001,STILL1
-18.309,17.7151,-1.4787,0.0002,25.5192,0.0489,0.0002,25.3264,0.0226,0.0003,0.0,-0.0,-0.0003,-0.0001,STILL1
-18.5066,17.8252,-1.258,0.0001,25.7257,0.2065,0.0001,25.4304,0.0408,0.0003,0.0,-0.0001,-0.0002,-0.0,STILL1
-18.3021,17.7383,-1.5158,0.0002,25.5326,0.1932,0.0001,25.5119,0.0176,0.0003,0.0,-0.0001,-0.0001,0.0,STILL1
-18.3698,17.9219,-1.1564,0.0003,25.6901,0.1575,0.0,25.5876,0.0102,0.0002,0.0,-0.0001,-0.0,0.0,STILL1
-18.249,17.9375,-1.2438,0.0002,25.6189,0.0712,0.0001,25.6173,0.0068,0.0002,0.0,-0.0,0.0001,0.0,STILL1
-18.5179,18.1094,-2.092,0.0002,25.9854,0.3665,0.0,25.7105,0.0233,0.0002,0.0,-0.0,0.0001,0.0001,STILL1
-18.705,18.3562,-2.0142,0.0003,26.2847,0.2993,0.0001,25.8223,0.0766,0.0002,0.0,-0.0001,0.0002,0.0001,STILL1
-18.5765,18.2787,-2.0957,0.0004,26.1456,0.1391,0.0001,25.9449,0.0657,0.0003,0.0,-0.0001,0.0002,0.0001,STILL1
-18.4831,18.2917,-2.4453,0.0002,26.1188,0.0268,0.0002,26.0307,0.0514,0.0003,0.0,-0.0001,0.0001,0.0001,STILL1
-18.5052,18.2521,-2.3125,0.0004,26.0947,0.0241,0.0002,26.1258,0.0093,0.0003,0.0,-0.0002,0.0002,0.0001,STILL1
-18.2042,17.7923,-2.2656,0.0003,25.5557,0.539,0.0001,26.0399,0.063,0.0003,0.0,-0.0002,0.0002,0.0,STILL1
-18.029,17.8932,-2.4,0.0001,25.5141,0.0415,0.0002,25.8858,0.0825,0.0003,0.0,-0.0002,0.0002,0.0,STILL1
-18.5044,18.1115,-2.4544,0.0002,26.0089,0.4948,0.0001,25.8584,0.0713,0.0002,0.0,-0.0001,0.0002,0.0,STILL1
-18.6035,18.4798,-2.9885,0.0002,26.3918,0.3829,0.0,25.913,0.1116,0.0002,0.0,-0.0,0.0002,0.0,STILL1
-18.7484,18.1651,-3.0346,0.0002,26.2809,0.1109,0.0,25.9503,0.1307,0.0002,0.0,0.0,0.0001,0.0,STILL1
-18.4925,18.4727,-2.6339,0.0002,26.2707,0.0101,0.0,26.0933,0.0997,0.0002,0.0,0.0,0.0001,0.0001,STILL1
-18.4784,18.3969,-2.7102,0.0002,26.2153,0.0554,0.0,26.2335,0.0159,0.0002,0.0,0.0,0.0001,0.0001,STILL1
-18.8983,18.6925,-2.5619,0.0003,26.7043,0.489,0.0001,26.3726,0.0308,0.0002,0.0,-0.0,0.0001,0.0002,STILL1
-18.7624,18.5884,-2.4277,0.0002,26.5226,0.1817,0.0001,26.3988,0.0345,0.0002,0.0,-0.0,0.0,0.0002,STILL1
-18.4537,18.3926,-2.2109,0.0003,26.1479,0.3747,0.0001,26.3722,0.0436,0.0002,0.0,-0.0001,0.0001,0.0002,STILL1
-18.2411,18.4797,-2.2281,0.0003,26.0615,0.0865,0.0001,26.3303,0.0591,0.0003,0.0,-0.0001,0.0001,0.0002,STILL1
-18.6116,18.4056,-2.095,0.0001,26.2593,0.1978,0.0003,26.3391,0.0574,0.0002,0.0,-0.0001,0.0001,0.0001,STILL1
-18.5362,17.8651,-1.8916,0.0002,25.8134,0.4459,0.0001,26.1609,0.0543,0.0002,0.0,-0.0001,0.0001,0.0001,STILL1
-18.4539,18.0859,-1.882,0.0002,25.9073,0.0939,0.0,26.0379,0.0258,0.0002,0.0,-0.0,0.0001,0.0,STILL1
-18.9038,17.7812,-1.8869,0.0004,26.0208,0.1135,0.0002,26.0124,0.0228,0.0002,0.0,0.0001,0.0001,-0.0,STILL1
-18.5355,17.7812,-1.747,0.0004,25.7447,0.2761,0.0,25.9491,0.0327,0.0002,0.0,0.0002,0.0001,-0.0,STILL1
-18.044,17.6125,-2.0289,0.0002,25.2963,0.4484,0.0002,25.7565,0.0616,0.0003,0.0,0.0002,0.0001,0.0,STILL1
-18.3134,17.7212,-2.1575,0.0003,25.5749,0.2786,0.0001,25.7088,0.0652,0.0003,0.0,0.0003,0.0001,-0.0,STILL1
-19.0476,17.7614,-2.2572,0.0003,26.1413,0.5665,0.0,25.7556,0.0926,0.0003,0.0,0.0003,0.0,0.0,STILL1
-18.8818,17.281,-1.7339,0.0002,25.6546,0.4867,0.0001,25.6824,0.0752,0.0003,0.0,0.0002,-0.0,0.0,STILL1
-18.7929,17.7029,-1.3527,0.0002,25.8534,0.1987,0.0001,25.7041,0.0798,0.0003,0.0,0.0002,-0.0001,0.0,STILL1
-18.6094,17.6279,-1.5072,0.0002,25.6773,0.1761,0.0001,25.7803,0.0409,0.0002,0.0,0.0001,-0.0002,-0.0,STILL1
-18.0,17.768,-1.4776,0.0002,25.3354,0.3419,0.0,25.7324,0.0697,0.0002,0.0,0.0,-0.0002,0.0,STILL1
-18.175,17.9675,-1.6102,0.0004,25.6077,0.2723,0.0001,25.6257,0.028,0.0002,0.0,0.0,-0.0002,0.0,STILL1
-17.84,17.724,-1.8569,0.0004,25.2161,0.3916,0.0001,25.538,0.0537,0.0003,0.0,-0.0,-0.0002,0.0,STILL1
-17.6782,17.8105,-1.8918,0.0005,25.1657,0.0505,0.0001,25.4004,0.0426,0.0003,0.0,-0.0001,-0.0003,0.0,STILL1
-17.9645,17.8796,-1.9478,0.0005,25.4204,0.2547,0.0001,25.3491,0.0247,0.0004,0.0,-0.0001,-0.0003,0.0001,STILL1
-18.3809,17.6537,-2.0707,0.0004,25.5695,0.1491,0.0,25.3959,0.0322,0.0004,0.0,-0.0001,-0.0004,0.0001,STILL1
-18.4048,17.4386,-1.791,0.0003,25.4175,0.1521,0.0001,25.3578,0.0219,0.0004,0.0,-0.0002,-0.0003,0.0001,STILL1
-18.8332,17.654,-1.6328,0.0001,25.8654,0.4479,0.0002,25.4877,0.0525,0.0004,0.0,-0.0002,-0.0003,0.0001,STILL1
-18.0603,17.8857,-2.4656,0.0003,25.5373,0.3281,0.0001,25.562,0.0267,0.0003,0.0,-0.0001,-0.0002,0.0002,STILL1
-18.4045,18.1179,-2.1319,0.0003,25.9139,0.3766,0.0,25.6607,0.0377,0.0003,0.0,-0.0001,-0.0002,0.0002,STILL1
-18.2517,17.7537,-1.9211,0.0002,25.5345,0.3794,0.0001,25.6537,0.0392,0.0003,0.0,-0.0001,-0.0001,0.0002,STILL1
-18.3732,17.9405,-2.4431,0.0002,25.7955,0.261,0.0,25.7293,0.0264,0.0002,0.0,-0.0,-0.0001,0.0002,STILL1
-18.1611,18.3649,-2.2264,0.0003,25.9239,0.1285,0.0001,25.741,0.0301,0.0003,0.0,-0.0001,-0.0001,0.0002,STILL1
-17.957,17.8388,-2.6467,0.0003,25.4496,0.4744,0.0001,25.7235,0.0385,0.0003,0.0,-0.0001,-0.0001,0.0002,STILL1
-17.9406,17.7929,-2.3893,0.0004,25.3803,0.0693,0.0002,25.6168,0.0434,0.0003,0.0,-0.0,-0.0001,0.0002,STILL1
-17.8869,17.6749,-2.1864,0.0003,25.2413,0.139,0.0001,25.5581,0.0668,0.0003,0.0,0.0,-0.0002,0.0002,STILL1
-17.5345,17.7056,-2.0835,0.0003,25.0057,0.2356,0.0,25.4002,0.0916,0.0003,0.0,0.0001,-0.0001,0.0001,STILL1
-17.4088,17.3957,-1.8949,0.0004,24.6834,0.3224,0.0001,25.1521,0.0779,0.0003,0.0,0.0002,-0.0002,0.0,STILL1
-17.6302,17.1291,-1.8784,0.0004,24.6527,0.0306,0.0,24.9927,0.0847,0.0004,0.0,0.0002,-0.0002,-0.0,STILL1
-17.326,17.7001,-2.1965,0.0003,24.8659,0.2131,0.0001,24.8898,0.0473,0.0003,0.0,0.0002,-0.0002,-0.0001,STILL1
-17.1171,17.8664,-1.9041,0.0003,24.8159,0.05,0.0,24.8047,0.0164,0.0003,0.0,0.0002,-0.0002,-0.0001,STILL1
-17.0905,17.7087,-2.1983,0.0004,24.7086,0.1072,0.0002,24.7453,0.0067,0.0004,0.0,0.0001,-0.0003,-0.0001,STILL1
-17.2662,17.5107,-2.2774,0.0003,24.6968,0.0118,0.0001,24.748,0.0063,0.0003,0.0,0.0001,-0.0003,-0.0001,STILL1
-17.7348,17.6117,-2.1438,0.0003,25.0857,0.3889,0.0,24.8346,0.0198,0.0003,0.0,0.0001,-0.0002,-0.0001,STILL1
-17.7097,17.4644,-2.7213,0.0002,25.0209,0.0648,0.0001,24.8656,0.0256,0.0003,0.0,0.0001,-0.0002,-0.0001,STILL1
-18.2365,17.8746,-2.7364,0.0003,25.6819,0.6611,0.0001,25.0388,0.1284,0.0003,0.0,0.0002,-0.0002,-0.0001,STILL1
-18.0361,18.0466,-2.7579,0.0002,25.6629,0.019,0.0001,25.2296,0.1481,0.0003,0.0,0.0002,-0.0001,-0.0002,STILL1
-17.8445,17.8998,-2.6969,0.0003,25.4185,0.2444,0.0001,25.374,0.0776,0.0002,0.0,0.0002,-0.0001,-0.0001,STILL1
-17.9537,18.0479,-2.4919,0.0002,25.5788,0.1603,0.0,25.4726,0.0597,0.0002,0.0,0.0002,-0.0001,-0.0001,STILL1
-17.8067,17.8133,-2.4435,0.0003,25.3055,0.2733,0.0,25.5295,0.0212,0.0003,0.0,0.0002,-0.0,-0.0001,STILL1
-17.4673,17.5257,-2.5861,0.0002,24.8786,0.4269,0.0,25.3688,0.0755,0.0002,0.0,0.0002,-0.0,-0.0,STILL1
-17.2332,17.6018,-2.7157,0.0002,24.7827,0.0959,0.0,25.1928,0.0959,0.0003,0.0,0.0002,0.0,-0.0,STILL1
-17.7522,17.7971,-2.5726,0.0002,25.2684,0.4857,0.0,25.1628,0.086,0.0002,0.0,0.0002,0.0001,-0.0,STILL1
-18.1799,18.4501,-2.7487,0.0001,26.0475,0.779,0.0001,25.2565,0.1991,0.0002,0.0,0.0001,0.0001,-0.0,STILL1
-18.4283,18.2351,-2.4146,0.0002,26.0375,0.01,0.0001,25.4029,0.2992,0.0002,0.0,0.0001,0.0001,-0.0,STILL1
-19.0051,18.3756,-2.1785,0.0003,26.5255,0.488,0.0001,25.7323,0.3877,0.0002,0.0,0.0,0.0001,-0.0001,STILL1
-18.7322,18.3349,-1.9835,0.0001,26.2868,0.2387,0.0002,26.0331,0.1784,0.0002,0.0,0.0001,0.0001,-0.0001,STILL1
-18.567,17.9898,-1.7086,0.0003,25.9092,0.3776,0.0002,26.1613,0.0481,0.0002,0.0,0.0,0.0,-0.0,STILL1
-18.5911,18.0543,-1.1482,0.0001,25.9404,0.0313,0.0001,26.1399,0.0548,0.0002,0.0,0.0,-0.0,-0.0,STILL1
-18.4229,18.4434,-1.5092,0.0002,26.1121,0.1717,0.0001,26.1548,0.0526,0.0002,0.0,-0.0,-0.0001,-0.0,STILL1
-18.6352,18.3954,-2.5792,0.0004,26.3118,0.1997,0.0002,26.1121,0.0282,0.0002,0.0,-0.0001,-0.0002,0.0,STILL1
-18.9425,18.3476,-2.7352,0.0002,26.5129,0.2011,0.0002,26.1573,0.0522,0.0002,0.0,-0.0001,-0.0002,0.0001,STILL1
-18.2853,17.6874,-2.4288,0.0002,25.5557,0.9572,0.0,26.0866,0.1073,0.0002,0.0,-0.0001,-0.0002,0.0,STILL1
-18.8282,18.1343,-2.3024,0.0001,26.2423,0.6865,0.0001,26.147,0.1042,0.0002,0.0,-0.0001,-0.0002,0.0,STILL1
-18.7907,18.5168,-2.4294,0.0003,26.4927,0.2505,0.0002,26.2231,0.1221,0.0002,0.0,-0.0001,-0.0001,-0.0,STILL1
-18.5263,18.1135,-2.3467,0.0002,26.0159,0.4768,0.0001,26.1639,0.1256,0.0002,0.0,-0.0001,-0.0,-0.0001,STILL1
-18.5398,18.4345,-2.2461,0.0001,26.2412,0.2253,0.0,26.1096,0.0995,0.0002,0.0,-0.0001,0.0,-0.0001,STILL1
-18.4818,18.4507,-2.4437,0.0002,26.2294,0.0118,0.0,26.2443,0.0228,0.0002,0.0,-0.0,0.0,-0.0001,STILL1
-18.5417,18.3012,-3.1862,0.0001,26.2466,0.0172,0.0,26.2452,0.0228,0.0002,0.0,-0.0,0.0001,-0.0001,STILL1
-18.6428,18.4503,-3.2302,0.0001,26.4273,0.1807,0.0,26.2321,0.017,0.0001,0.0,0.0,0.0,-0.0001,STILL1
-18.2611,18.3259,-2.7061,0.0001,26.0121,0.4152,0.0,26.2313,0.0174,0.0001,0.0,0.0001,0.0,-0.0001,STILL1
-18.5214,18.8482,-2.4086,0.0003,26.5348,0.5228,0.0002,26.29,0.0323,0.0002,0.0,0.0001,0.0001,-0.0001,STILL1
-18.7608,18.4505,-2.155,0.0001,26.4014,0.1335,0.0002,26.3244,0.0329,0.0002,0.0,0.0001,0.0001,-0.0001,STILL1
-17.9993,17.9229,-1.9834,0.0002,25.4782,0.9232,0.0001,26.1708,0.1513,0.0002,0.0,0.0001,0.0,-0.0,STILL1
-17.7963,17.5664,-2.0398,0.0002,25.0888,0.3894,0.0001,25.9031,0.3006,0.0002,0.0,0.0001,0.0,-0.0,STILL1
-17.7589,18.1031,-2.31,0.0,25.4645,0.3756,0.0001,25.7935,0.3247,0.0002,0.0,0.0001,0.0,0.0,STILL1
-17.9321,17.6044,-2.2511,0.0002,25.2298,0.2346,0.0001,25.5325,0.2102,0.0002,0.0,0.0,-0.0001,0.0,STILL1
-17.977,17.8804,-2.1759,0.0002,25.4483,0.2184,0.0001,25.3419,0.0243,0.0002,0.0,-0.0,-0.0001,0.0001,STILL1
-17.6878,17.9793,-2.3313,0.0003,25.3288,0.1194,0.0,25.312,0.0197,0.0002,0.0,-0.0001,-0.0,0.0001,STILL1
-17.8565,18.2116,-2.3369,0.0003,25.6121,0.2832,0.0,25.4167,0.0168,0.0002,0.0,-0.0002,0.0,0.0,STILL1
-17.6946,18.5474,-2.1633,0.0004,25.7252,0.1131,0.0001,25.4688,0.0327,0.0003,0.0,-0.0002,0.0001,-0.0,STILL1
-17.4713,18.1254,-1.8775,0.0003,25.2448,0.4803,0.0,25.4718,0.0313,0.0003,0.0,-0.0002,0.0001,-0.0001,STILL1
-17.6645,18.0253,-1.9301,0.0003,25.3115,0.0667,0.0,25.4445,0.0356,0.0003,0.0,-0.0001,0.0002,-0.0001,STILL1
-17.516,18.0109,-2.0785,0.0001,25.2096,0.102,0.0002,25.4206,0.0433,0.0003,0.0,-0.0001,0.0002,-0.0002,STILL1
-17.6534,17.8712,-1.8472,0.0002,25.188,0.0216,0.0,25.3358,0.0396,0.0003,0.0,-0.0,0.0001,-0.0002,STILL1
-17.6977,17.5626,-2.1559,0.0001,25.026,0.162,0.0001,25.196,0.009,0.0002,0.0,-0.0,0.0001,-0.0001,STILL1
-17.0113,17.5126,-1.9778,0.0002,24.4946,0.5314,0.0001,25.046,0.0844,0.0002,0.0,-0.0,0.0001,-0.0001,STILL1
-17.4934,17.1944,-2.1041,0.0002,24.619,0.1244,0.0,24.9074,0.0875,0.0001,0.0,-0.0001,0.0001,-0.0,STILL1
-17.6229,17.2462,-1.6614,0.0002,24.7135,0.0945,0.0,24.8082,0.067,0.0001,0.0,-0.0001,0.0001,-0.0,STILL1
-17.5202,17.2438,-2.0166,0.0002,24.6652,0.0483,0.0,24.7037,0.0313,0.0001,0.0,-0.0001,0.0001,-0.0001,STILL1
-17.9568,17.7607,-2.2164,0.0001,25.3535,0.6883,0.0,24.7692,0.0907,0.0002,0.0,-0.0001,0.0001,-0.0001,STILL1
-17.8529,17.7898,-1.97,0.0003,25.2801,0.0734,0.0001,24.9263,0.1031,0.0002,0.0,0.0,0.0001,-0.0001,STILL1
-17.5792,17.9037,-1.8604,0.0003,25.1601,0.12,0.0,25.0345,0.0835,0.0002,0.0,0.0001,0.0001,-0.0001,STILL1
-17.6727,17.6261,-1.3914,0.0002,24.9988,0.1613,0.0001,25.0915,0.0598,0.0002,0.0,0.0001,0.0001,-0.0001,STILL1
-17.9038,17.554,-2.1319,0.0002,25.1642,0.1653,0.0001,25.1913,0.0146,0.0002,0.0,0.0001,0.0001,-0.0001,STILL1
-18.1887,17.6213,-2.1524,0.0001,25.416,0.2518,0.0001,25.2038,0.0193,0.0002,0.0,0.0002,0.0001,-0.0001,STILL1
-17.7041,17.7533,-1.8188,0.0001,25.1381,0.2779,0.0001,25.1754,0.0182,0.0002,0.0,0.0001,0.0001,-0.0,STILL1
-17.5695,17.7276,-2.3613,0.0003,25.0706,0.0675,0.0002,25.1575,0.02,0.0002,0.0,0.0001,0.0001,-0.0001,STILL1
-17.34,17.6665,-2.3984,0.0001,24.8703,0.2002,0.0002,25.1318,0.0308,0.0002,0.0,0.0001,0.0001,-0.0001,STILL1
-17.7157,17.7113,-2.0187,0.0001,25.1319,0.2616,0.0,25.1254,0.0305,0.0001,0.0,0.0001,0.0001,-0.0,STILL1
-17.9757,17.8503,-2.2431,0.0003,25.4321,0.3002,0.0002,25.1286,0.0325,0.0002,0.0,0.0,0.0001,-0.0001,STILL1
-17.9181,18.3552,-2.4226,0.0002,25.7651,0.333,0.0001,25.254,0.0977,0.0002,0.0,0.0,0.0001,-0.0001,STILL1
-18.0376,18.0404,-2.2537,0.0003,25.6104,0.1547,0.0001,25.362,0.1048,0.0002,0.0,-0.0,0.0001,-0.0001,STILL1
-17.8207,18.073,-2.4373,0.0004,25.498,0.1123,0.0001,25.4875,0.0444,0.0003,0.0,-0.0001,0.0002,-0.0002,STILL1
-17.8441,18.224,-1.9717,0.0002,25.5815,0.0834,0.0001,25.5774,0.0128,0.0003,0.0,-0.0001,0.0002,-0.0002,STILL1
-17.6221,18.4855,-2.1711,0.0002,25.6313,0.0498,0.0,25.6173,0.0075,0.0003,0.0,-0.0,0.0001,-0.0001,STILL1
-17.3602,18.5415,-2.5432,0.0002,25.5271,0.1043,0.0,25.5697,0.0025,0.0003,0.0,-0.0,0.0002,-0.0001,STILL1
-17.0475,18.8863,-2.4064,0.0003,25.5559,0.0288,0.0001,25.5588,0.0021,0.0003,0.0,-0.0,0.0001,-0.0002,STILL1
-17.213,18.5403,-2.4408,0.0003,25.4163,0.1396,0.0,25.5424,0.0052,0.0002,0.0,0.0,0.0,-0.0001,STILL1
-17.3173,18.576,-2.3901,0.0001,25.5082,0.0919,0.0001,25.5278,0.0049,0.0002,0.0,0.0001,0.0,-0.0001,STILL1
-17.657,18.7827,-2.1402,0.0002,25.8677,0.3595,0.0,25.575,0.0236,0.0002,0.0,0.0,0.0001,-0.0001,STILL1
-17.7349,18.7574,-2.084,0.0002,25.8981,0.0304,0.0,25.6492,0.0385,0.0002,0.0,0.0,0.0,-0.0,STILL1
-17.5442,18.1497,-2.211,0.0001,25.3396,0.5584,0.0001,25.606,0.0541,0.0002,0.0,0.0,0.0,0.0,STILL1
-17.9291,18.0041,-1.9688,0.0002,25.4848,0.1452,0.0001,25.6197,0.0496,0.0002,0.0,0.0001,0.0001,-0.0,STILL1
-18.4714,18.3502,-2.1282,0.0001,26.1238,0.6389,0.0001,25.7428,0.0828,0.0002,0.0,0.0001,0.0001,-0.0,STILL1
-18.4209,17.7489,-2.0275,0.0003,25.6605,0.4632,0.0002,25.7014,0.0793,0.0002,0.0,0.0,0.0001,-0.0,STILL1
-18.0711,17.8335,-1.9564,0.0001,25.4642,0.1963,0.0002,25.6146,0.0753,0.0002,0.0,0.0,0.0001,-0.0001,STILL1
-18.2631,18.0105,-1.7495,0.0001,25.7096,0.2454,0.0,25.6886,0.0565,0.0002,0.0,-0.0,0.0001,-0.0001,STILL1
-18.7949,18.1084,-1.6652,0.0002,26.1522,0.4426,0.0001,25.822,0.0734,0.0002,0.0,-0.0001,0.0,-0.0,STILL1
-18.0359,18.043,-1.9228,0.0003,25.584,0.5682,0.0001,25.7141,0.0548,0.0002,0.0,-0.0001,0.0,-0.0,STILL1
-18.1631,17.8813,-2.0632,0.0002,25.5714,0.0126,0.0001,25.6962,0.058,0.0002,0.0,-0.0001,-0.0001,-0.0,STILL1
-17.9617,18.1019,-1.9381,0.0002,25.5746,0.0032,0.0001,25.7183,0.0497,0.0002,0.0,-0.0001,-0.0001,0.0,STILL1
-17.86,18.0315,-1.8317,0.0001,25.4454,0.1291,0.0,25.6655,0.0618,0.0002,0.0,-0.0001,-0.0,0.0,STILL1
-17.4974,18.2065,-2.331,0.0001,25.3588,0.0867,0.0,25.5068,0.0081,0.0002,0.0,-0.0001,-0.0,0.0,STILL1
-17.626,18.2527,-2.1336,0.0001,25.4635,0.1047,0.0001,25.4827,0.0067,0.0001,0.0,-0.0001,-0.0,0.0,STILL1
-17.8477,18.2521,-2.5881,0.0003,25.6589,0.1954,0.0002,25.5002,0.011,0.0002,0.0,-0.0,0.0,-0.0,STILL1
-17.8375,18.1955,-2.6142,0.0001,25.6142,0.0447,0.0002,25.5082,0.0124,0.0001,0.0,-0.0,0.0001,-0.0001,STILL1
-17.7888,18.0907,-2.7164,0.0001,25.5165,0.0976,0.0001,25.5224,0.0115,0.0001,0.0,-0.0,0.0,-0.0001,STILL1
-18.6623,18.6445,-3.095,0.0001,26.5608,1.0442,0.0,25.7628,0.164,0.0001,0.0,0.0,0.0001,-0.0,STILL1
-18.5642,18.4875,-3.0385,0.0001,26.3751,0.1857,0.0,25.9451,0.1878,0.0002,0.0,0.0,0.0001,-0.0001,STILL1
-19.1014,18.4275,-2.5089,0.0002,26.6595,0.2843,0.0001,26.1452,0.2334,0.0001,0.0,-0.0,0.0,-0.0,STILL1
-19.1092,17.9982,-2.4165,0.0001,26.3617,0.2978,0.0,26.2947,0.1641,0.0001,0.0,-0.0,-0.0,-0.0,STILL1
-18.5717,17.4673,-3.1238,0.0002,25.6861,0.6756,0.0,26.3286,0.1159,0.0001,0.0,-0.0,0.0,-0.0001,STILL1
-18.4386,17.1739,-3.1928,0.0002,25.3992,0.2869,0.0001,26.0963,0.2239,0.0001,0.0,-0.0,-0.0,-0.0001,STILL1
-18.9415,17.0172,-2.9261,0.0001,25.6306,0.2314,0.0001,25.9474,0.2296,0.0002,0.0,-0.0001,-0.0001,-0.0001,STILL1
-18.2876,17.2013,-2.6597,0.0002,25.2467,0.384,0.0001,25.6649,0.1465,0.0002,0.0,-0.0001,-0.0001,-0.0001,STILL1
-19.0332,17.8891,-2.5715,0.0003,26.2468,1.0002,0.0,25.6419,0.1166,0.0002,0.0,-0.0001,-0.0001,-0.0,STILL1
-18.9172,17.9613,-3.2259,0.0003,26.2845,0.0377,0.0,25.7616,0.1845,0.0002,0.0,-0.0001,-0.0002,0.0,STILL1
-18.1713,17.9441,-2.9964,0.0003,25.7131,0.5714,0.0001,25.8243,0.1548,0.0002,0.0,-0.0001,-0.0001,0.0001,STILL1
-18.2058,17.9365,-2.8346,0.0004,25.7139,0.0008,0.0001,25.841,0.1494,0.0003,0.0,-0.0001,-0.0002,0.0001,STILL1
-18.3615,18.1367,-3.077,0.0003,25.9914,0.2775,0.0001,25.9899,0.0611,0.0003,0.0,-0.0001,-0.0002,0.0001,STILL1
-18.4454,18.4031,-3.246,0.0002,26.2573,0.2659,0.0001,25.992,0.0622,0.0003,0.0,-0.0002,-0.0002,0.0001,STILL1
-18.5126,17.8694,-2.9374,0.0003,25.8971,0.3602,0.0001,25.9145,0.0409,0.0003,0.0,-0.0002,-0.0002,0.0001,STILL1
-17.9632,17.7767,-2.6218,0.0003,25.4079,0.4891,0.0,25.8535,0.0804,0.0003,0.0,-0.0002,-0.0002,0.0001,STILL1
-17.7581,18.4714,-3.0412,0.0004,25.8029,0.395,0.0001,25.8713,0.0767,0.0003,0.0,-0.0002,-0.0002,0.0001,STILL1
-17.7096,18.9927,-3.2986,0.0003,26.177,0.3741,0.0001,25.9084,0.0911,0.0003,0.0,-0.0002,-0.0001,0.0001,STILL1
-17.7677,18.4973,-2.8139,0.0002,25.8023,0.3747,0.0,25.8174,0.0607,0.0003,0.0,-0.0002,-0.0001,0.0002,STILL1
-17.9204,18.3104,-2.8417,0.0003,25.7776,0.0247,0.0,25.7935,0.0592,0.0003,0.0,-0.0002,-0.0001,0.0002,STILL1
-17.8988,17.9952,-2.9453,0.0001,25.5513,0.2263,0.0001,25.8222,0.0404,0.0003,0.0,-0.0001,-0.0001,0.0001,STILL1
-18.7347,18.2024,-2.8187,0.0001,26.2728,0.7215,0.0,25.9162,0.0721,0.0002,0.0,-0.0001,-0.0001,0.0001,STILL1
-18.9346,18.1056,-3.0706,0.0001,26.3773,0.1045,0.0,25.9562,0.0994,0.0002,0.0,-0.0,-0.0001,0.0001,STILL1
-19.0321,18.0376,-3.3471,0.0001,26.4344,0.0571,0.0,26.0827,0.1244,0.0001,0.0,-0.0,-0.0001,0.0,STILL1
-18.6694,18.1489,-2.6058,0.0002,26.1671,0.2673,0.0001,26.1606,0.1012,0.0001,0.0,-0.0,-0.0,-0.0,STILL1
-18.273,18.241,-2.1565,0.0002,25.9092,0.2579,0.0,26.2322,0.0344,0.0001,0.0,-0.0,-0.0001,-0.0,STILL1
-18.2559,18.224,-2.4471,0.0002,25.911,0.0018,0.0,26.1598,0.0495,0.0001,0.0,0.0,-0.0,-0.0,STILL1
-17.7954,17.9355,-2.4358,0.0004,25.3829,0.5282,0.0002,25.9609,0.1212,0.0002,0.0,0.0001,-0.0,-0.0001,STILL1
-18.0144,17.839,-2.0705,0.0002,25.4369,0.0541,0.0001,25.7614,0.0915,0.0002,0.0,0.0001,-0.0001,-0.0001,STILL1
-18.2397,17.8243,-2.0252,0.0002,25.5831,0.1462,0.0,25.6446,0.0513,0.0003,0.0,0.0001,-0.0,-0.0001,STILL1
-18.123,17.7095,-2.5983,0.0003,25.4719,0.1111,0.0,25.5572,0.0356,0.0003,0.0,0.0001,0.0001,-0.0001,STILL1
-17.864,17.6894,-3.1411,0.0001,25.3359,0.1361,0.0001,25.4421,0.0071,0.0003,0.0,0.0001,0.0001,-0.0001,STILL1
-17.9131,18.1016,-2.8598,0.0002,25.6266,0.2907,0.0001,25.4909,0.0108,0.0002,0.0,0.0001,0.0001,-0.0001,STILL1
-18.2523,18.35,-3.1409,0.0002,26.0717,0.4451,0.0,25.6178,0.0616,0.0002,0.0,0.0001,0.0001,-0.0,STILL1
-17.9269,18.4644,-2.6284,0.0001,25.8692,0.2026,0.0001,25.6751,0.0707,0.0002,0.0,0.0001,0.0001,-0.0,STILL1
-18.0915,17.9309,-2.5121,0.0002,25.5955,0.2737,0.0001,25.6998,0.0631,0.0002,0.0,0.0001,0.0001,0.0001,STILL1
-18.3888,17.5384,-2.5784,0.0001,25.542,0.0535,0.0001,25.741,0.0399,0.0002,0.0,0.0001,0.0001,0.0001,STILL1
-18.1736,17.7089,-2.1971,0.0002,25.4698,0.0722,0.0001,25.7096,0.051,0.0001,0.0,0.0,0.0,0.0001,STILL1
-17.7295,17.7421,-2.1733,0.0002,25.1762,0.2936,0.0,25.5305,0.0497,0.0001,0.0,-0.0,-0.0,0.0001,STILL1
-17.9805,17.6687,-2.1168,0.0003,25.2974,0.1213,0.0001,25.4162,0.0245,0.0002,0.0,-0.0001,-0.0,0.0,STILL1
-18.15,17.8599,-1.9778,0.0001,25.5404,0.243,0.0001,25.4052,0.021,0.0002,0.0,-0.0001,-0.0,0.0,STILL1
-18.3044,17.8067,-1.7916,0.0002,25.5996,0.0592,0.0001,25.4167,0.0247,0.0002,0.0,-0.0001,-0.0,0.0,STILL1
-18.2966,17.6954,-2.5083,0.0001,25.577,0.0226,0.0002,25.4381,0.0288,0.0002,0.0,-0.0001,-0.0,0.0,STILL1
-18.5029,17.5032,-2.416,0.0001,25.5843,0.0073,0.0,25.5197,0.0127,0.0002,0.0,-0.0001,-0.0,-0.0,STILL1
-18.5805,16.7838,-2.2922,0.0003,25.1433,0.441,0.0003,25.4889,0.0302,0.0002,0.0,-0.0001,-0.0001,0.0,STILL1
-18.4081,16.5739,-2.3931,0.0002,24.8853,0.2579,0.0002,25.3579,0.0854,0.0002,0.0,-0.0,-0.0001,0.0001,STILL1
-18.2702,16.9247,-1.877,0.0002,24.9754,0.0901,0.0001,25.2331,0.0874,0.0002,0.0,-0.0,-0.0001,0.0001,STILL1
-18.2881,17.546,-2.0922,0.0004,25.4302,0.4548,0.0001,25.2037,0.0707,0.0002,0.0,-0.0001,-0.0001,0.0001,STILL1
-17.9648,18.0306,-1.8019,0.0001,25.5164,0.0862,0.0003,25.1901,0.061,0.0002,0.0,-0.0001,-0.0001,0.0002,STILL1
-18.4094,18.6151,-1.7978,0.0002,26.2423,0.726,0.0001,25.4099,0.2337,0.0002,0.0,-0.0001,-0.0,0.0001,STILL1
-18.5087,18.639,-1.8382,0.0,26.3318,0.0895,0.0002,25.6992,0.265,0.0002,0.0,-0.0001,-0.0,0.0001,STILL1
-18.8226,18.7799,-1.9643,0.0001,26.6615,0.3297,0.0,26.0364,0.2317,0.0002,0.0,-0.0,0.0,0.0,STILL1
-18.5956,18.3958,-2.6121,0.0001,26.2874,0.3741,0.0,26.2079,0.1414,0.0001,0.0,-0.0,0.0001,0.0,STILL1
-17.7327,18.8885,-2.3647,0.0001,26.0157,0.2716,0.0,26.3077,0.0431,0.0001,0.0,0.0,0.0001,0.0,STILL1
-17.9987,18.6608,-3.2855,0.0002,26.1338,0.118,0.0001,26.286,0.0479,0.0001,0.0,0.0001,0.0,0.0,STILL1
-18.3458,18.2318,-3.0878,0.0,26.0481,0.0857,0.0002,26.2293,0.0556,0.0001,0.0,0.0001,0.0,0.0,STILL1
-17.986,18.351,-3.0671,0.0001,25.8779,0.1702,0.0001,26.0726,0.0183,0.0001,0.0,0.0,0.0,0.0,STILL1
-17.9045,18.9652,-2.9787,0.0001,26.2511,0.3732,0.0,26.0653,0.0154,0.0001,0.0,0.0,0.0,0.0,STILL1
-17.9704,18.369,-3.4517,0.0002,25.9282,0.3229,0.0001,26.0478,0.0184,0.0001,0.0,0.0,0.0,0.0,STILL1
-17.6295,18.814,-3.027,0.0003,25.9601,0.0319,0.0001,26.0131,0.0172,0.0001,0.0,-0.0,-0.0,-0.0,STILL1
-17.7442,18.3949,-2.5435,0.0002,25.6846,0.2755,0.0001,25.9404,0.0333,0.0002,0.0,-0.0001,0.0,-0.0001,STILL1
-17.6204,18.0628,-2.0973,0.0003,25.3208,0.3639,0.0001,25.829,0.0969,0.0002,0.0,-0.0001,0.0001,-0.0001,STILL1
-17.7869,18.2034,-2.1466,0.0004,25.5411,0.2203,0.0001,25.687,0.0576,0.0003,0.0,-0.0002,0.0001,-0.0002,STILL1
-18.2483,18.719,-2.4704,0.0002,26.2584,0.7173,0.0002,25.753,0.1069,0.0003,0.0,-0.0002,0.0001,-0.0001,STILL1
-17.8174,18.822,-2.5294,0.0004,26.0409,0.2175,0.0002,25.7691,0.1147,0.0003,0.0,-0.0002,0.0002,-0.0002,STILL1
-17.657,18.7858,-2.5267,0.0004,25.9048,0.136,0.0,25.8132,0.115,0.0003,0.0,-0.0002,0.0002,-0.0002,STILL1
-17.7631,18.5755,-3.0651,0.0003,25.8838,0.021,0.0001,25.9258,0.0548,0.0003,0.0,-0.0002,0.0001,-0.0002,STILL1
-18.273,18.676,-2.9583,0.0002,26.2954,0.4116,0.0001,26.0767,0.0298,0.0003,0.0,-0.0002,0.0001,-0.0002,STILL1
-18.4809,18.3721,-2.9854,0.0003,26.2295,0.0658,0.0,26.0709,0.0278,0.0003,0.0,-0.0002,0.0001,-0.0002,STILL1
-18.5972,18.2664,-2.5758,0.0002,26.1945,0.035,0.0001,26.1016,0.0297,0.0003,0.0,-0.0002,0.0,-0.0001,STILL1
-18.8559,17.8975,-2.3607,0.0002,26.1044,0.0901,0.0,26.1415,0.0204,0.0002,0.0,-0.0002,0.0,-0.0001,STILL1
-18.591,17.9367,-2.3667,0.0001,25.9413,0.163,0.0001,26.153,0.015,0.0002,0.0,-0.0001,0.0001,0.0,STILL1
-18.7665,18.0525,-2.4121,0.0001,26.1514,0.2101,0.0,26.1242,0.0101,0.0002,0.0,-0.0001,0.0,0.0001,STILL1
-18.5726,18.1858,-2.4453,0.0003,26.1083,0.0431,0.0002,26.1,0.0074,0.0002,0.0,-0.0,0.0,0.0001,STILL1
-18.6331,18.2861,-2.6187,0.0002,26.238,0.1297,0.0001,26.1087,0.0093,0.0002,0.0,0.0001,0.0001,0.0001,STILL1
-18.3815,18.6133,-2.8481,0.0005,26.3143,0.0763,0.0003,26.1507,0.016,0.0003,0.0,0.0002,0.0001,0.0001,STILL1
-18.2583,18.5281,-2.641,0.0005,26.1463,0.168,0.0,26.1917,0.0056,0.0003,0.0,0.0003,0.0001,0.0002,STILL1
-17.8535,18.2381,-2.3503,0.0004,25.6301,0.5163,0.0001,26.0874,0.0574,0.0004,0.0,0.0003,0.0001,0.0002,STILL1
-17.5703,18.1936,-2.4334,0.0005,25.4095,0.2205,0.0002,25.9477,0.1297,0.0004,0.0,0.0003,0.0001,0.0002,STILL1
-17.875,18.3861,-2.4029,0.0004,25.7554,0.3458,0.0001,25.8511,0.1109,0.0005,0.0,0.0004,0.0001,0.0002,STILL1
-17.8281,18.3402,-2.1223,0.0004,25.6653,0.0901,0.0001,25.7213,0.0581,0.0004,0.0,0.0003,0.0001,0.0002,STILL1
-17.9187,18.1471,-1.701,0.0002,25.5596,0.1057,0.0001,25.604,0.0134,0.0004,0.0,0.0003,0.0,0.0002,STILL1
-17.6381,18.0552,-1.3514,0.0003,25.2769,0.2827,0.0,25.5333,0.0297,0.0004,0.0,0.0002,0.0,0.0002,STILL1
-17.7605,18.166,-1.4249,0.0003,25.4454,0.1686,0.0001,25.5405,0.0281,0.0003,0.0,0.0002,0.0,0.0003,STILL1
-18.1459,17.7641,-1.6024,0.0003,25.4441,0.0013,0.0001,25.4783,0.0169,0.0003,0.0,0.0001,0.0,0.0003,STILL1
-18.4573,17.6081,-1.6257,0.0002,25.561,0.1168,0.0,25.4574,0.0108,0.0003,0.0,0.0001,0.0,0.0002,STILL1
-17.9878,17.6053,-1.6505,0.0001,25.2236,0.3374,0.0001,25.3902,0.0151,0.0002,0.0,0.0001,0.0,0.0002,STILL1
-18.334,17.8405,-2.2486,0.0,25.6802,0.4566,0.0001,25.4709,0.0229,0.0002,0.0,0.0001,-0.0,0.0001,STILL1
-18.789,18.5849,-2.7238,0.0002,26.5677,0.8876,0.0001,25.6953,0.213,0.0002,0.0,0.0001,-0.0001,0.0001,STILL1
-18.9844,18.7148,-3.0478,0.0002,26.8317,0.2639,0.0,25.9728,0.3816,0.0001,0.0,0.0001,-0.0001,0.0,STILL1
-18.9,18.4062,-3.132,0.0002,26.567,0.2646,0.0001,26.174,0.3778,0.0001,0.0,0.0001,-0.0001,-0.0,STILL1
-18.8419,18.0968,-2.4212,0.0002,26.2369,0.3302,0.0,26.3767,0.1569,0.0002,0.0,0.0001,-0.0001,-0.0001,STILL1
-18.7235,18.4868,-2.1214,0.0001,26.3976,0.1607,0.0002,26.5202,0.0394,0.0002,0.0,0.0001,-0.0001,-0.0001,STILL1
-18.2382,17.9707,-2.4846,0.0002,25.7245,0.6731,0.0001,26.3515,0.1371,0.0002,0.0,0.0001,-0.0001,-0.0001,STILL1
-17.9218,18.1297,-2.3033,0.0003,25.5965,0.128,0.0001,26.1045,0.144,0.0002,0.0,0.0,-0.0001,-0.0002,STILL1
-18.2156,18.0381,-1.6895,0.0002,25.6911,0.0946,0.0001,25.9293,0.1047,0.0002,0.0,0.0,-0.0,-0.0001,STILL1
-18.7068,18.143,-2.2547,0.0003,26.1572,0.466,0.0001,25.9134,0.0959,0.0002,0.0,0.0,0.0,-0.0002,STILL1
-18.0123,17.8582,-2.2913,0.0003,25.4678,0.6894,0.0,25.7274,0.0541,0.0002,0.0,0.0,0.0001,-0.0002,STILL1
-17.6099,18.0022,-2.6112,0.0003,25.318,0.1497,0.0001,25.6461,0.081,0.0003,0.0,-0.0,0.0,-0.0002,STILL1
-17.7691,18.0298,-2.9952,0.0003,25.491,0.1729,0.0,25.625,0.0849,0.0003,0.0,-0.0001,0.0001,-0.0002,STILL1
-17.7028,17.327,-2.9243,0.0001,24.9433,0.5477,0.0001,25.4754,0.1546,0.0003,0.0,-0.0001,0.0001,-0.0002,STILL1
-17.956,17.7241,-3.0394,0.0001,25.4126,0.4693,0.0001,25.3265,0.0403,0.0002,0.0,-0.0001,0.0,-0.0001,STILL1
-17.671,17.5699,-3.2503,0.0,25.1303,0.2823,0.0,25.259,0.0394,0.0002,0.0,-0.0001,0.0,-0.0001,STILL1
-17.8275,17.1309,-2.8065,0.0003,24.883,0.2473,0.0002,25.172,0.0594,0.0002,0.0,-0.0,0.0001,-0.0001,STILL1
-18.0526,17.3797,-3.1671,0.0002,25.2583,0.3753,0.0001,25.1255,0.0384,0.0001,0.0,0.0,0.0001,-0.0,STILL1
-17.9608,17.7382,-2.6055,0.0002,25.3776,0.1193,0.0001,25.2124,0.0369,0.0002,0.0,0.0,0.0001,0.0001,STILL1
-17.5562,17.4749,-2.9438,0.0004,24.9451,0.4325,0.0001,25.1189,0.0345,0.0002,0.0,0.0001,0.0002,0.0001,STILL1
-17.8918,17.9206,-2.6644,0.0002,25.463,0.5179,0.0002,25.1854,0.0537,0.0003,0.0,0.0001,0.0002,0.0001,STILL1
-18.4041,17.7896,-2.4847,0.0002,25.7168,0.2538,0.0001,25.3521,0.0641,0.0002,0.0,0.0,0.0002,0.0001,STILL1
-18.4108,17.4629,-2.8908,0.0003,25.5395,0.1773,0.0,25.4084,0.0662,0.0003,0.0,-0.0,0.0002,0.0001,STILL1
-18.138,17.8422,-2.3596,0.0001,25.5519,0.0124,0.0002,25.4432,0.0689,0.0002,0.0,-0.0,0.0002,0.0001,STILL1
-18.2323,17.9925,-2.5126,0.0002,25.7383,0.1864,0.0001,25.6019,0.0115,0.0002,0.0,-0.0001,0.0001,0.0001,STILL1
-18.2046,18.0784,-2.3507,0.0001,25.7635,0.0253,0.0001,25.662,0.0093,0.0002,0.0,-0.0001,0.0001,0.0001,STILL1
-18.4074,17.9596,-2.1056,0.0001,25.8033,0.0398,0.0,25.6793,0.0123,0.0002,0.0,-0.0,0.0001,0.0001,STILL1
-18.4978,17.9114,-2.5126,0.0002,25.8708,0.0675,0.0001,25.7456,0.0114,0.0002,0.0,-0.0,0.0,0.0001,STILL1
-18.3076,18.3979,-2.6382,0.0002,26.0885,0.2177,0.0,25.8529,0.0159,0.0002,0.0,0.0,0.0,0.0001,STILL1
-18.4273,17.9402,-2.5418,0.0003,25.8433,0.2452,0.0,25.8739,0.0128,0.0002,0.0,0.0,0.0001,0.0002,STILL1
-18.42,17.824,-2.4709,0.0003,25.7507,0.0927,0.0001,25.8713,0.0134,0.0002,0.0,0.0001,0.0,0.0002,STILL1
-17.9297,18.4748,-2.633,0.0002,25.8791,0.1284,0.0001,25.8865,0.0123,0.0003,0.0,0.0001,0.0001,0.0002,STILL1
-17.4969,18.6611,-2.547,0.0003,25.7073,0.1718,0.0001,25.8538,0.0176,0.0003,0.0,0.0001,0.0001,0.0002,STILL1
-17.2163,18.1476,-2.6658,0.0003,25.1564,0.5509,0.0,25.6674,0.0691,0.0003,0.0,0.0001,0.0001,0.0002,STILL1
-17.5355,17.74,-2.517,0.0004,25.0706,0.0857,0.0,25.5128,0.1102,0.0003,0.0,0.0002,0.0002,0.0002,STILL1
-17.8409,17.667,-2.9792,0.0004,25.2843,0.2137,0.0,25.4196,0.1007,0.0003,0.0,0.0002,0.0002,0.0001,STILL1
-18.2946,17.6711,-3.449,0.0002,25.6682,0.3839,0.0002,25.3774,0.069,0.0003,0.0,0.0002,0.0002,0.0001,STILL1
-17.8732,17.1963,-2.7873,0.0002,24.9586,0.7096,0.0,25.2276,0.0599,0.0003,0.0,0.0001,0.0001,0.0001,STILL1
-17.6861,17.0539,-2.3549,0.0003,24.6815,0.2771,0.0001,25.1327,0.1095,0.0003,0.0,0.0,0.0001,-0.0,STILL1
-17.727,16.8712,-2.212,0.0001,24.5719,0.1096,0.0002,25.0329,0.1617,0.0002,0.0,-0.0,0.0001,-0.0,STILL1
-17.2409,17.2876,-2.6571,0.0002,24.5596,0.0123,0.0001,24.8879,0.1728,0.0002,0.0,-0.0001,0.0001,-0.0001,STILL1
-17.8615,17.652,-2.1038,0.0003,25.2002,0.6407,0.0001,24.7943,0.0618,0.0002,0.0,-0.0001,0.0001,-0.0001,STILL1
-17.8517,17.9122,-2.0643,0.0001,25.373,0.1728,0.0002,24.8772,0.1165,0.0002,0.0,-0.0001,0.0001,-0.0001,STILL1
-18.522,18.0391,-1.5389,0.0002,25.9006,0.5276,0.0,25.1211,0.2589,0.0002,0.0,-0.0,0.0,-0.0001,STILL1
-18.3176,18.3657,-1.7062,0.0001,25.9951,0.0944,0.0,25.4057,0.2703,0.0002,0.0,-0.0,-0.0,-0.0,STILL1
-18.4697,18.4488,-1.9243,0.0003,26.1761,0.1811,0.0002,25.729,0.1413,0.0002,0.0,0.0,-0.0001,-0.0,STILL1
-18.2445,18.5122,-2.3551,0.0005,26.0981,0.0781,0.0002,25.9086,0.0804,0.0002,0.0,0.0001,-0.0002,0.0,STILL1
-18.0831,18.8472,-2.3122,0.0003,26.2214,0.1234,0.0002,26.0783,0.0138,0.0003,0.0,0.0001,-0.0002,0.0,STILL1
-17.5634,19.3434,-2.4341,0.0002,26.2405,0.0191,0.0001,26.1462,0.0081,0.0003,0.0,0.0002,-0.0002,-0.0,STILL1
-17.7069,19.0622,-2.3004,0.0002,26.1189,0.1216,0.0,26.171,0.0031,0.0003,0.0,0.0002,-0.0002,-0.0001,STILL1
-18.1031,18.8217,-2.2497,0.0003,26.2114,0.0925,0.0001,26.178,0.0034,0.0003,0.0,0.0002,-0.0002,-0.0001,STILL1
-18.2762,18.9917,-2.4341,0.0003,26.4694,0.258,0.0,26.2523,0.0135,0.0003,0.0,0.0001,-0.0001,-0.0,STILL1
-18.4022,18.6309,-2.2504,0.0004,26.2834,0.186,0.0001,26.2647,0.0134,0.0003,0.0,0.0001,-0.0002,0.0,STILL1
-18.5874,18.7578,-2.2847,0.0005,26.506,0.2226,0.0002,26.3178,0.0221,0.0003,0.0,0.0001,-0.0002,0.0,STILL1
-18.5387,18.8813,-2.1903,0.0005,26.5515,0.0455,0.0,26.4043,0.0176,0.0004,0.0,0.0001,-0.0003,0.0001,STILL1
-19.3903,18.8363,-3.221,0.0004,27.2243,0.6728,0.0001,26.6069,0.1036,0.0004,0.0,0.0001,-0.0004,0.0002,STILL1
-18.5966,18.3721,-2.7143,0.0002,26.2819,0.9424,0.0002,26.5694,0.1195,0.0004,0.0,0.0002,-0.0003,0.0001,STILL1
-18.8335,18.1602,-2.6433,0.0001,26.2961,0.0142,0.0001,26.5719,0.1181,0.0004,0.0,0.0001,-0.0003,0.0001,STILL1
-18.8106,17.8313,-2.4396,0.0002,26.0335,0.2625,0.0001,26.4774,0.1663,0.0003,0.0,0.0001,-0.0002,0.0001,STILL1
-18.9828,17.8275,-2.1861,0.0003,26.1333,0.0997,0.0001,26.3938,0.1819,0.0002,0.0,0.0002,-0.0001,0.0001,STILL1
-19.1738,17.4714,-1.9989,0.0003,26.0169,0.1164,0.0,26.1523,0.0141,0.0002,0.0,0.0001,-0.0001,0.0001,STILL1
-18.9953,17.499,-2.296,0.0004,25.9289,0.088,0.0001,26.0817,0.0157,0.0003,0.0,0.0001,-0.0002,0.0001,STILL1
-19.1556,17.8023,-2.3524,0.0005,26.2563,0.3274,0.0001,26.0738,0.0125,0.0003,0.0,0.0002,-0.0002,0.0001,STILL1
-19.1401,17.8325,-2.4944,0.0002,26.2786,0.0223,0.0003,26.1228,0.0182,0.0003,0.0,0.0002,-0.0003,0.0001,STILL1
-19.5152,18.091,-2.5424,0.0001,26.7318,0.4533,0.0001,26.2425,0.078,0.0003,0.0,0.0001,-0.0002,0.0001,STILL1
-18.7309,18.0728,-2.4902,0.0001,26.1472,0.5847,0.0,26.2685,0.069,0.0003,0.0,0.0001,-0.0002,0.0001,STILL1
-18.6847,18.2989,-2.2296,0.0003,26.2476,0.1005,0.0002,26.3323,0.0419,0.0002,0.0,0.0,-0.0001,0.0001,STILL1
-18.6447,17.8922,-1.7931,0.0002,25.9031,0.3446,0.0001,26.2617,0.0726,0.0002,0.0,-0.0001,-0.0,0.0001,STILL1
-18.3782,17.9638,-2.3751,0.0002,25.8089,0.0942,0.0,26.1677,0.1048,0.0002,0.0,-0.0001,0.0,0.0001,STILL1
-18.1432,17.5023,-2.7595,0.0003,25.3598,0.4491,0.0,25.8933,0.0964,0.0002,0.0,-0.0001,0.0,0.0001,STILL1
-18.2927,17.6862,-2.7576,0.0003,25.5935,0.2337,0.0,25.7826,0.0892,0.0003,0.0,-0.0001,0.0001,0.0001,STILL1
-18.031,18.1458,-2.9404,0.0002,25.7495,0.156,0.0001,25.6829,0.0362,0.0002,0.0,-0.0001,0.0002,0.0001,STILL1
-17.9623,17.8792,-3.2492,0.0003,25.5513,0.1982,0.0001,25.6126,0.0251,0.0003,0.0,-0.0001,0.0002,0.0001,STILL1
-17.8011,18.0002,-3.1369,0.0003,25.5093,0.0419,0.0001,25.5527,0.0159,0.0003,0.0,-0.0001,0.0002,0.0001,STILL1
-17.8096,17.6845,-3.2032,0.0001,25.3019,0.2074,0.0003,25.5411,0.0209,0.0002,0.0,-0.0001,0.0002,0.0,STILL1
-18.0946,17.7133,-3.0095,0.0002,25.4996,0.1977,0.0001,25.5223,0.0203,0.0002,0.0,-0.0,0.0001,0.0001,STILL1
-17.9069,17.8987,-2.6763,0.0002,25.4595,0.0401,0.0,25.4643,0.0074,0.0002,0.0,-0.0001,0.0001,0.0,STILL1
-17.3443,17.8471,-2.7317,0.0002,25.0361,0.4234,0.0001,25.3613,0.032,0.0002,0.0,-0.0001,0.0001,0.0,STILL1
-17.9036,17.7152,-2.4947,0.0001,25.3099,0.2738,0.0,25.3214,0.0265,0.0002,0.0,-0.0001,0.0,0.0,STILL1
-17.5791,17.544,-2.2677,0.0003,24.9391,0.3707,0.0001,25.2488,0.0504,0.0002,0.0,-0.0001,0.0,-0.0,STILL1
-18.1226,17.4383,-2.6047,0.0002,25.2846,0.3455,0.0001,25.2058,0.0363,0.0002,0.0,-0.0001,0.0001,-0.0001,STILL1
-17.92,17.6257,-2.4588,0.0002,25.2554,0.0292,0.0001,25.165,0.0222,0.0002,0.0,-0.0001,0.0,-0.0001,STILL1
-18.5422,17.2787,-2.2014,0.0003,25.4404,0.185,0.0,25.2459,0.0275,0.0002,0.0,-0.0001,-0.0001,-0.0001,STILL1
-18.1432,18.0323,-2.0861,0.0003,25.665,0.2246,0.0,25.3169,0.0568,0.0003,0.0,-0.0001,-0.0001,-0.0001,STILL1
-17.577,18.4758,-2.1127,0.0003,25.5885,0.0764,0.0,25.4468,0.0261,0.0003,0.0,-0.0001,-0.0001,-0.0002,STILL1
-17.8241,18.2369,-2.1932,0.0002,25.5948,0.0063,0.0001,25.5088,0.0214,0.0003,0.0,-0.0001,-0.0001,-0.0002,STILL1
-18.0312,18.7052,-2.4858,0.0003,26.0995,0.5047,0.0002,25.6777,0.0498,0.0003,0.0,-0.0001,-0.0001,-0.0002,STILL1
-18.0062,18.1735,-1.8356,0.0003,25.649,0.4506,0.0001,25.7194,0.037,0.0003,0.0,-0.0,-0.0001,-0.0002,STILL1
-18.6893,18.1638,-1.9653,0.0004,26.1357,0.4868,0.0001,25.8135,0.0622,0.0003,0.0,0.0001,-0.0,-0.0002,STILL1
-19.0796,17.6779,-1.8285,0.0002,26.0746,0.0612,0.0002,25.9107,0.0563,0.0003,0.0,0.0001,0.0001,-0.0002,STILL1
-18.9387,17.9611,-2.2128,0.0002,26.1949,0.1203,0.0,26.0307,0.0381,0.0003,0.0,0.0001,0.0001,-0.0002,STILL1
-18.3759,17.6407,-2.3077,0.0002,25.5773,0.6176,0.0,25.9263,0.0673,0.0003,0.0,0.0001,0.0001,-0.0002,STILL1
-17.9351,17.1095,-2.3931,0.0004,24.9024,0.6749,0.0001,25.777,0.2393,0.0003,0.0,0.0001,0.0002,-0.0002,STILL1
-17.7856,17.0438,-2.7988,0.0002,24.7922,0.1102,0.0002,25.5083,0.3353,0.0002,0.0,0.0001,0.0002,-0.0001,STILL1
-17.8785,17.5194,-2.5266,0.0002,25.1586,0.3664,0.0,25.3251,0.2621,0.0002,0.0,0.0001,0.0001,-0.0,STILL1
-18.1403,18.1218,-2.2963,0.0001,25.7438,0.5852,0.0,25.2348,0.1377,0.0002,0.0,0.0001,0.0001,-0.0,STILL1
-18.5154,18.2068,-2.5495,0.0002,26.0923,0.3485,0.0001,25.3378,0.2507,0.0002,0.0,0.0,0.0001,0.0,STILL1
-18.1654,18.5311,-2.2177,0.0005,26.0442,0.048,0.0003,25.5662,0.2604,0.0002,0.0,-0.0,-0.0001,0.0001,STILL1
-17.5636,18.5561,-1.9804,0.0002,25.6268,0.4175,0.0003,25.7331,0.1135,0.0002,0.0,-0.0,-0.0001,0.0,STILL1
-18.0196,18.5793,-2.0375,0.0001,25.9624,0.3357,0.0001,25.8939,0.0321,0.0002,0.0,-0.0001,-0.0001,-0.0,STILL1
-18.0563,18.3322,-2.2487,0.0002,25.8294,0.1331,0.0001,25.911,0.0281,0.0002,0.0,-0.0001,-0.0002,0.0,STILL1
-17.7638,18.5751,-2.1271,0.0002,25.7898,0.0396,0.0,25.8505,0.0208,0.0002,0.0,-0.0001,-0.0002,0.0,STILL1
-17.7735,18.4101,-1.6361,0.0003,25.6419,0.1479,0.0001,25.77,0.0156,0.0002,0.0,-0.0001,-0.0001,0.0,STILL1
-17.672,18.2031,-1.587,0.0004,25.4198,0.2221,0.0001,25.7287,0.0343,0.0003,0.0,-0.0001,-0.0002,0.0001,STILL1
-17.8407,17.7062,-1.7508,0.0002,25.1965,0.2233,0.0002,25.5755,0.0565,0.0003,0.0,-0.0001,-0.0002,0.0001,STILL1
-17.6257,17.3212,-1.61,0.0003,24.7645,0.432,0.0,25.3625,0.1298,0.0003,0.0,-0.0001,-0.0002,0.0001,STILL1
-18.4693,18.5101,-2.2193,0.0003,26.2424,1.4779,0.0001,25.453,0.2399,0.0003,0.0,-0.0001,-0.0002,0.0002,STILL1
-18.3598,18.2831,-2.8285,0.0003,26.0644,0.178,0.0,25.5375,0.3004,0.0003,0.0,-0.0,-0.0002,0.0002,STILL1
-18.341,18.0202,-2.7472,0.0001,25.8586,0.2058,0.0002,25.6253,0.3106,0.0003,0.0,-0.0,-0.0002,0.0002,STILL1
-18.2197,17.9568,-2.379,0.0002,25.6917,0.1669,0.0001,25.7243,0.2649,0.0003,0.0,-0.0,-0.0002,0.0002,STILL1
-18.8007,18.0529,-1.9626,0.0001,26.1386,0.4469,0.0001,25.9991,0.0394,0.0002,0.0,-0.0,-0.0001,0.0002,STILL1
-18.175,18.1267,-1.8013,0.0001,25.7323,0.4063,0.0001,25.8971,0.0314,0.0002,0.0,-0.0,-0.0001,0.0001,STILL1
-17.8962,17.8576,-1.8661,0.0002,25.3506,0.3817,0.0002,25.7544,0.0652,0.0002,0.0,-0.0,-0.0001,0.0001,STILL1
-17.8951,17.5267,-2.0241,0.0003,25.13,0.2206,0.0,25.6086,0.1197,0.0002,0.0,-0.0001,-0.0001,0.0,STILL1
-17.7317,17.0433,-1.9224,0.0003,24.6694,0.4606,0.0,25.4042,0.253,0.0002,0.0,-0.0001,-0.0001,-0.0,STILL1
-17.9604,17.3065,-1.916,0.0004,25.0152,0.3458,0.0,25.1795,0.1249,0.0003,0.0,-0.0001,-0.0002,-0.0001,STILL1
-17.9402,17.4889,-2.1735,0.0004,25.1483,0.1331,0.0,25.0627,0.0503,0.0003,0.0,-0.0002,-0.0002,-0.0,STILL1
-17.5615,17.338,-1.895,0.0002,24.7509,0.3974,0.0002,24.9428,0.0388,0.0003,0.0,-0.0002,-0.0002,-0.0,STILL1
-17.1086,17.1329,-2.291,0.0003,24.3206,0.4303,0.0001,24.7809,0.083,0.0003,0.0,-0.0002,-0.0001,0.0,STILL1
-17.1087,17.1126,-2.1047,0.0004,24.2895,0.0311,0.0001,24.7049,0.1231,0.0003,0.0,-0.0002,0.0,0.0,STILL1
-17.1151,17.2494,-1.9181,0.0002,24.3752,0.0857,0.0002,24.5769,0.1091,0.0003,0.0,-0.0001,0.0001,0.0001,STILL1
-17.2546,17.2933,-1.6126,0.0001,24.4822,0.1071,0.0001,24.4437,0.0279,0.0002,0.0,-0.0001,0.0001,0.0,STILL1
-17.6881,16.9659,-2.2307,0.0002,24.6107,0.1284,0.0001,24.4156,0.0138,0.0002,0.0,-0.0,0.0001,0.0001,STILL1
-18.1223,17.2196,-2.0658,0.0003,25.0839,0.4732,0.0001,24.5683,0.078,0.0002,0.0,-0.0,0.0001,0.0001,STILL1
-18.7166,17.1194,-1.9808,0.0002,25.4423,0.3584,0.0001,24.7988,0.1621,0.0002,0.0,-0.0,0.0001,0.0001,STILL1
-18.2483,17.8518,-2.2034,0.0003,25.6231,0.1808,0.0001,25.0484,0.1998,0.0002,0.0,-0.0,0.0,0.0,STILL1
-18.3205,17.9189,-2.3971,0.0003,25.7386,0.1155,0.0,25.2997,0.1678,0.0003,0.0,0.0,-0.0001,0.0,STILL1
-18.247,17.3695,-2.2739,0.0004,25.2948,0.4438,0.0001,25.4365,0.0541,0.0003,0.0,0.0,-0.0001,0.0,STILL1
-18.2914,17.3487,-1.966,0.0004,25.2867,0.008,0.0,25.4771,0.0321,0.0003,0.0,0.0,-0.0003,-0.0001,STILL1
-18.3175,17.279,-2.0353,0.0004,25.2633,0.0234,0.0001,25.4413,0.0397,0.0004,0.0,0.0001,-0.0003,-0.0001,STILL1
-18.3477,17.1232,-1.5532,0.0003,25.1447,0.1186,0.0001,25.3456,0.0415,0.0004,0.0,0.0,-0.0003,0.0,STILL1
-18.0594,17.5486,-2.1426,0.0002,25.2722,0.1275,0.0001,25.2523,0.003,0.0003,0.0,-0.0,-0.0003,0.0,STILL1
-18.2475,17.542,-1.9078,0.0001,25.3837,0.1115,0.0002,25.2701,0.0058,0.0003,0.0,-0.0,-0.0002,-0.0,STILL1
-18.6043,17.7805,-1.9638,0.0002,25.8093,0.4256,0.0001,25.3747,0.053,0.0002,0.0,-0.0001,-0.0001,0.0,STILL1
-18.7616,17.6837,-2.096,0.0004,25.867,0.0577,0.0002,25.4954,0.0844,0.0002,0.0,-0.0001,0.0,-0.0,STILL1
-18.503,17.9251,-2.2862,0.0002,25.863,0.004,0.0002,25.6391,0.0662,0.0002,0.0,-0.0001,0.0001,-0.0001,STILL1
-18.6961,18.2807,-2.3727,0.0001,26.2557,0.3926,0.0001,25.8358,0.0766,0.0002,0.0,-0.0001,0.0001,-0.0001,STILL1
-18.5819,17.4496,-2.4169,0.0003,25.605,0.6507,0.0002,25.88,0.0444,0.0002,0.0,-0.0001,0.0001,-0.0001,STILL1
-18.2718,18.0597,-2.1992,0.0003,25.7846,0.1796,0.0,25.8751,0.0452,0.0002,0.0,-0.0,0.0001,-0.0002,STILL1
-18.1581,17.504,-2.8999,0.0001,25.3873,0.3973,0.0002,25.7791,0.0836,0.0002,0.0,0.0,0.0,-0.0002,STILL1
-18.3671,17.3594,-3.2918,0.0001,25.486,0.0987,0.0,25.7037,0.0937,0.0002,0.0,0.0,0.0,-0.0002,STILL1
-18.0749,17.6969,-3.5522,0.0003,25.5441,0.0581,0.0001,25.5614,0.0176,0.0002,0.0,0.0,0.0001,-0.0001,STILL1
-18.1068,17.8419,-3.3136,0.0002,25.6353,0.0912,0.0,25.5675,0.0183,0.0002,0.0,0.0,0.0002,-0.0001,STILL1
-17.9323,17.7923,-3.0134,0.0003,25.4404,0.1949,0.0001,25.4986,0.0073,0.0002,0.0,-0.0,0.0002,-0.0,STILL1
-18.0334,17.6307,-3.4514,0.0004,25.455,0.0146,0.0,25.5122,0.0051,0.0003,0.0,-0.0001,0.0002,-0.0,STILL1
-18.1142,17.7608,-2.9705,0.0003,25.542,0.087,0.0001,25.5234,0.005,0.0003,0.0,-0.0001,0.0003,-0.0001,STILL1
-18.282,17.9836,-2.7076,0.0004,25.7871,0.2451,0.0001,25.572,0.0164,0.0003,0.0,-0.0002,0.0003,-0.0001,STILL1
-17.9506,18.2244,-2.3817,0.0005,25.691,0.0961,0.0,25.5831,0.0183,0.0004,0.0,-0.0002,0.0003,-0.0001,STILL1
-18.5792,18.592,-2.421,0.0002,26.3953,0.7043,0.0003,25.7741,0.1097,0.0004,0.0,-0.0001,0.0003,-0.0001,STILL1
-18.4946,18.658,-2.6774,0.0001,26.4072,0.0119,0.0001,25.9645,0.1333,0.0003,0.0,-0.0001,0.0002,-0.0,STILL1
-18.4019,18.7952,-2.7201,0.0001,26.4441,0.0368,0.0,26.1449,0.111,0.0003,0.0,-0.0,0.0002,0.0,STILL1
-18.4809,18.4799,-2.3917,0.0001,26.2444,0.1996,0.0001,26.2364,0.079,0.0002,0.0,0.0,0.0001,0.0001,STILL1
-18.0972,18.7245,-2.0008,0.0002,26.1175,0.127,0.0,26.3217,0.0151,0.0001,0.0,-0.0,0.0001,0.0001,STILL1
-17.6122,18.689,-2.1882,0.0001,25.7731,0.3443,0.0,26.1973,0.0587,0.0001,0.0,-0.0001,0.0001,0.0001,STILL1
-17.5897,18.4012,-2.1974,0.0002,25.5506,0.2226,0.0001,26.0259,0.1042,0.0001,0.0,-0.0,0.0,0.0001,STILL1
-17.5437,17.9522,-2.1986,0.0002,25.1971,0.3534,0.0,25.7765,0.1444,0.0002,0.0,-0.0,-0.0,0.0001,STILL1
-17.7506,17.4868,-2.3651,0.0001,25.0292,0.1679,0.0001,25.5335,0.1532,0.0002,0.0,-0.0,-0.0,0.0001,STILL1
-17.9723,17.055,-2.1577,0.0,24.8704,0.1589,0.0001,25.2841,0.1108,0.0001,0.0,-0.0,-0.0,0.0,STILL1
-18.1341,17.7409,-2.7418,0.0002,25.5167,0.6464,0.0001,25.2328,0.0711,0.0001,0.0,-0.0,-0.0001,0.0,STILL1
-17.8948,17.6583,-3.3997,0.0003,25.3692,0.1475,0.0002,25.1965,0.0533,0.0002,0.0,-0.0,-0.0001,-0.0001,STILL1
-18.094,17.5861,-3.4135,0.0004,25.462,0.0927,0.0001,25.2495,0.0646,0.0002,0.0,-0.0001,-0.0001,-0.0001,STILL1
-17.8283,17.7345,-3.3714,0.0004,25.3717,0.0902,0.0,25.318,0.0532,0.0002,0.0,-0.0001,-0.0002,-0.0001,STILL1
-18.2783,17.3563,-3.1284,0.0002,25.3993,0.0275,0.0002,25.4238,0.0033,0.0003,0.0,-0.0001,-0.0002,-0.0001,STILL1
-18.0039,17.3382,-3.1027,0.0006,25.1869,0.2124,0.0003,25.3578,0.0084,0.0004,0.0,-0.0,-0.0003,-0.0,STILL1
-18.1281,16.9174,-2.8228,0.0003,24.9559,0.231,0.0002,25.2751,0.0339,0.0004,0.0,0.0,-0.0003,0.0,STILL1
-18.2212,16.6402,-2.7614,0.0003,24.8301,0.1258,0.0001,25.1488,0.0505,0.0004,0.0,0.0001,-0.0003,0.0001,STILL1
-17.6239,16.4434,-2.4591,0.0002,24.2288,0.6013,0.0001,24.9202,0.1576,0.0003,0.0,0.0001,-0.0003,0.0,STILL1
-17.7335,16.3672,-1.9329,0.0002,24.2095,0.0193,0.0,24.6822,0.1561,0.0003,0.0,0.0001,-0.0003,0.0,STILL1
-17.8618,16.55,-2.3307,0.0003,24.4618,0.2523,0.0001,24.5372,0.0939,0.0003,0.0,0.0001,-0.0002,-0.0,STILL1
-17.9894,17.3463,-2.2271,0.0004,25.0893,0.6275,0.0,24.5639,0.1191,0.0003,0.0,0.0,-0.0002,-0.0001,STILL1
-18.0072,17.3989,-2.4098,0.0002,25.1552,0.066,0.0001,24.6289,0.1706,0.0003,0.0,-0.0,-0.0002,-0.0001,STILL1
-18.0557,17.5504,-2.2622,0.0001,25.2813,0.126,0.0001,24.8394,0.1794,0.0003,0.0,-0.0,-0.0001,-0.0001,STILL1
-17.9321,17.9153,-2.0348,0.0003,25.4295,0.1482,0.0002,25.0834,0.1101,0.0003,0.0,-0.0001,-0.0,-0.0001,STILL1
-18.1332,18.001,-1.6653,0.0003,25.6051,0.1756,0.0001,25.3121,0.035,0.0003,0.0,-0.0001,0.0001,-0.0001,STILL1
-17.7972,17.982,-1.551,0.0004,25.3475,0.2575,0.0001,25.3637,0.0226,0.0003,0.0,-0.0,0.0002,-0.0,STILL1
-17.7471,17.8294,-1.4595,0.0001,25.1987,0.1488,0.0002,25.3724,0.0193,0.0002,0.0,0.0,0.0002,-0.0,STILL1
-17.7977,18.0229,-1.7395,0.0001,25.3891,0.1904,0.0,25.394,0.0172,0.0002,0.0,-0.0,0.0002,0.0,STILL1
-17.9725,18.2339,-1.9197,0.0001,25.6744,0.2852,0.0,25.443,0.0303,0.0002,0.0,0.0,0.0001,0.0,STILL1
-17.6343,17.9371,-1.8639,0.0002,25.2227,0.4517,0.0001,25.3665,0.0289,0.0002,0.0,0.0,0.0001,0.0,STILL1
-17.9074,17.8028,-2.0411,0.0002,25.3334,0.1108,0.0,25.3637,0.029,0.0002,0.0,0.0001,-0.0,-0.0,STILL1
-18.4228,18.2391,-2.3517,0.0002,26.0307,0.6973,0.0,25.5301,0.0849,0.0002,0.0,0.0001,-0.0001,-0.0,STILL1
-18.2601,17.9819,-2.8469,0.0003,25.7854,0.2453,0.0001,25.6093,0.0877,0.0002,0.0,0.0002,-0.0001,-0.0,STILL1
-18.1643,18.0856,-2.6963,0.0004,25.774,0.0114,0.0,25.6292,0.0919,0.0003,0.0,0.0002,-0.0,-0.0,STILL1
-18.1909,18.5278,-3.0883,0.0002,26.1481,0.3741,0.0001,25.8143,0.0784,0.0003,0.0,0.0002,0.0,-0.0,STILL1
-18.2433,18.4191,-2.9269,0.0002,26.0893,0.0589,0.0001,25.9655,0.0244,0.0003,0.0,0.0002,0.0001,-0.0,STILL1
-18.0071,18.2978,-2.8259,0.0002,25.8274,0.2619,0.0,25.9248,0.0257,0.0003,0.0,0.0002,0.0001,0.0,STILL1
-18.1838,18.1007,-1.9982,0.0002,25.7348,0.0925,0.0,25.9147,0.0289,0.0002,0.0,0.0001,0.0001,0.0,STILL1
-18.0658,18.4556,-2.0329,0.0002,25.9059,0.1711,0.0,25.9411,0.0243,0.0002,0.0,0.0001,0.0001,0.0,STILL1
-17.6683,17.9832,-2.4232,0.0002,25.3266,0.5793,0.0,25.7768,0.0643,0.0002,0.0,0.0,0.0001,0.0,STILL1
-17.8596,18.0522,-2.6386,0.0002,25.5306,0.204,0.0,25.6651,0.0444,0.0002,0.0,-0.0,0.0001,0.0,STILL1
-18.0502,18.1449,-2.4671,0.0003,25.7125,0.1819,0.0001,25.6421,0.039,0.0002,0.0,-0.0,0.0,0.0,STILL1
-18.0589,18.319,-2.0799,0.0002,25.8077,0.0952,0.0001,25.6567,0.0426,0.0002,0.0,-0.0001,0.0,-0.0,STILL1
-18.4378,18.0021,-1.9046,0.0003,25.839,0.0313,0.0001,25.6433,0.0366,0.0002,0.0,-0.0002,0.0001,-0.0,STILL1
-18.4065,17.5861,-2.0237,0.0003,25.5375,0.3015,0.0,25.6855,0.017,0.0002,0.0,-0.0002,0.0001,-0.0,STILL1
-18.6752,17.8251,-1.7533,0.0003,25.876,0.3386,0.0,25.7545,0.0147,0.0003,0.0,-0.0002,0.0001,-0.0001,STILL1
-18.4558,17.707,-1.6651,0.0002,25.6305,0.2455,0.0001,25.7381,0.0172,0.0002,0.0,-0.0001,0.0001,-0.0001,STILL1
-18.1021,17.7124,-1.7477,0.0003,25.3864,0.2441,0.0001,25.6539,0.0338,0.0003,0.0,-0.0,0.0001,-0.0001,STILL1
-17.7973,18.1106,-1.7701,0.0002,25.4533,0.0669,0.0001,25.5768,0.0291,0.0002,0.0,0.0001,0.0001,-0.0001,STILL1
-18.0003,17.7166,-2.1973,0.0004,25.3519,0.1014,0.0002,25.5396,0.0375,0.0003,0.0,0.0001,-0.0,-0.0001,STILL1
-18.5065,17.7983,-1.7016,0.0003,25.7326,0.3807,0.0001,25.5109,0.0215,0.0003,0.0,0.0002,-0.0001,-0.0,STILL1
-18.549,17.7042,-1.6394,0.0003,25.6942,0.0384,0.0,25.5237,0.0252,0.0003,0.0,0.0002,-0.0001,0.0,STILL1
-18.0704,17.2071,-2.1146,0.0002,25.0419,0.6523,0.0001,25.4548,0.0631,0.0003,0.0,0.0002,-0.0002,-0.0,STILL1
-18.5938,17.1688,-2.0136,0.0001,25.3881,0.3462,0.0001,25.4417,0.0638,0.0002,0.0,0.0001,-0.0002,-0.0,STILL1
-18.5844,16.8913,-2.2515,0.0002,25.2144,0.1736,0.0001,25.4142,0.0718,0.0002,0.0,0.0001,-0.0001,0.0,STILL1
-18.2832,16.4412,-2.3168,0.0002,24.6973,0.5172,0.0,25.2072,0.1115,0.0002,0.0,0.0,-0.0001,0.0,STILL1
-18.464,16.7967,-2.3597,0.0002,25.0723,0.375,0.0,25.0828,0.0522,0.0002,0.0,-0.0,-0.0001,0.0001,STILL1
-18.3556,16.8811,-2.4034,0.0003,25.0535,0.0188,0.0001,25.0851,0.052,0.0002,0.0,-0.0,-0.0001,0.0001,STILL1
-18.5907,16.5236,-2.3883,0.0002,24.987,0.0665,0.0001,25.0049,0.0292,0.0002,0.0,0.0,-0.0001,0.0001,STILL1
-18.6288,17.0877,-1.9638,0.0002,25.355,0.368,0.0001,25.033,0.0441,0.0002,0.0,0.0001,-0.0,0.0001,STILL1
-18.1124,17.1389,-1.6492,0.0002,24.9904,0.3646,0.0001,25.0916,0.0185,0.0002,0.0,0.0001,-0.0,0.0001,STILL1
-17.8712,17.2392,-1.6568,0.0002,24.8861,0.1044,0.0,25.0544,0.0255,0.0002,0.0,0.0001,-0.0,0.0001,STILL1
-18.3126,17.3258,-1.6817,0.0002,25.2658,0.3797,0.0,25.0969,0.0326,0.0002,0.0,0.0001,-0.0,0.0,STILL1
-18.2845,17.2512,-1.5391,0.0002,25.1852,0.0806,0.0,25.1365,0.0302,0.0002,0.0,0.0001,-0.0,-0.0,STILL1
-17.9651,17.3604,-1.6875,0.0002,25.0394,0.1458,0.0001,25.0734,0.0185,0.0002,0.0,0.0001,-0.0,-0.0001,STILL1
-18.3595,17.8633,-2.0625,0.0004,25.6987,0.6593,0.0002,25.215,0.0753,0.0002,0.0,0.0001,0.0,-0.0001,STILL1
-18.4501,17.3438,-1.8719,0.0004,25.3913,0.3074,0.0,25.3161,0.0497,0.0003,0.0,0.0001,0.0001,-0.0002,STILL1
-18.2914,17.2031,-2.2694,0.0003,25.2125,0.1788,0.0001,25.3054,0.0512,0.0003,0.0,0.0001,0.0001,-0.0002,STILL1
-18.0612,17.5031,-2.3374,0.0003,25.2593,0.0467,0.0,25.3202,0.0485,0.0003,0.0,0.0001,0.0001,-0.0003,STILL1
-18.349,17.2869,-2.248,0.0003,25.3096,0.0503,0.0,25.3743,0.0298,0.0003,0.0,0.0002,0.0001,-0.0002,STILL1
-18.3573,17.4326,-2.1172,0.0002,25.4041,0.0946,0.0001,25.3154,0.0055,0.0003,0.0,0.0002,0.0,-0.0001,STILL1
-18.9421,18.3992,-1.8781,0.0002,26.4738,1.0697,0.0,25.5319,0.2258,0.0003,0.0,0.0002,-0.0,-0.0001,STILL1
-18.6537,18.5725,-2.0525,0.0002,26.4028,0.0709,0.0001,25.7699,0.3005,0.0003,0.0,0.0002,-0.0,-0.0,STILL1
-18.1854,18.658,-1.5264,0.0003,26.0991,0.3038,0.0001,25.9379,0.2418,0.0002,0.0,0.0002,0.0,-0.0,STILL1
-17.8577,18.7577,-1.8617,0.0004,25.9656,0.1334,0.0002,26.0691,0.1458,0.0003,0.0,0.0001,0.0001,-0.0001,STILL1
-17.5518,18.253,-2.0081,0.0003,25.4022,0.5635,0.0002,26.0687,0.1463,0.0003,0.0,0.0001,0.0001,-0.0002,STILL1
-17.6196,17.9024,-2.3034,0.0002,25.224,0.1782,0.0001,25.8187,0.1937,0.0003,0.0,0.0001,0.0001,-0.0002,STILL1
-17.8113,17.5125,-1.8802,0.0003,25.0493,0.1747,0.0001,25.548,0.1706,0.0003,0.0,0.0,0.0001,-0.0002,STILL1
-17.724,17.4038,-1.9104,0.0002,24.9135,0.1358,0.0,25.3109,0.1342,0.0003,0.0,0.0,0.0,-0.0002,STILL1
-17.4573,17.2574,-1.8783,0.0002,24.6192,0.2943,0.0,25.0416,0.0716,0.0002,0.0,-0.0,-0.0001,-0.0002,STILL1
-18.0346,17.5247,-2.1183,0.0001,25.2359,0.6167,0.0001,25.0084,0.0521,0.0002,0.0,-0.0,-0.0001,-0.0002,STILL1
-17.9527,17.9697,-2.3509,0.0001,25.5096,0.2737,0.0,25.0655,0.0898,0.0002,0.0,0.0,-0.0001,-0.0001,STILL1
-18.1309,18.1102,-2.3526,0.0002,25.7341,0.2245,0.0001,25.2024,0.1603,0.0002,0.0,0.0,-0.0001,-0.0001,STILL1
-18.0172,18.1881,-2.3289,0.0003,25.7071,0.027,0.0,25.3612,0.1694,0.0002,0.0,0.0,-0.0002,-0.0001,STILL1
-18.295,17.863,-2.8725,0.0001,25.7303,0.0232,0.0001,25.5834,0.0372,0.0002,0.0,0.0,-0.0001,-0.0001,STILL1
-18.6142,17.6123,-2.6668,0.0003,25.7641,0.0339,0.0002,25.689,0.0084,0.0002,0.0,0.0,-0.0002,-0.0001,STILL1
-18.4351,17.2305,-2.4615,0.0002,25.3535,0.4106,0.0001,25.6578,0.0235,0.0002,0.0,0.0,-0.0002,-0.0001,STILL1
-17.5262,17.4844,-3.1255,0.0001,24.9527,0.4008,0.0,25.5015,0.0973,0.0002,0.0,0.0,-0.0001,-0.0001,STILL1
-17.5053,17.3531,-3.1379,0.0001,24.8478,0.1049,0.0,25.3297,0.1448,0.0002,0.0,0.0,-0.0001,-0.0,STILL1
-16.7011,17.8419,-3.1166,0.0003,24.6368,0.211,0.0002,25.111,0.1609,0.0002,0.0,-0.0,-0.0,0.0,STILL1
-17.2859,18.1016,-3.5464,0.0004,25.2794,0.6426,0.0001,25.014,0.0719,0.0002,0.0,-0.0001,0.0001,0.0001,STILL1
-16.885,18.3094,-3.6621,0.0005,25.1744,0.105,0.0001,24.9782,0.0527,0.0003,0.0,-0.0002,0.0001,0.0002,STILL1
-16.6892,18.5725,-3.3266,0.0004,25.19,0.0156,0.0001,25.0257,0.0593,0.0003,0.0,-0.0001,0.0002,0.0002,STILL1
-16.5701,18.3299,-2.8144,0.0004,24.8692,0.3208,0.0001,25.0299,0.0578,0.0004,0.0,-0.0001,0.0002,0.0003,STILL1
-17.1811,17.5389,-2.3515,0.0003,24.6644,0.2047,0.0,25.0355,0.0536,0.0004,0.0,-0.0001,0.0002,0.0003,STILL1
-17.6824,17.3061,-2.1593,0.0003,24.8361,0.1717,0.0,24.9468,0.0418,0.0004,0.0,-0.0,0.0001,0.0003,STILL1
-17.9522,17.7855,-1.9587,0.0001,25.3464,0.5103,0.0002,24.9812,0.0622,0.0003,0.0,-0.0,0.0001,0.0002,STILL1
-18.0617,18.0691,-1.6763,0.0003,25.6033,0.2568,0.0002,25.0639,0.124,0.0003,0.0,0.0,-0.0,0.0002,STILL1
-18.2213,18.0959,-1.9786,0.0002,25.7563,0.1531,0.0001,25.2413,0.1809,0.0002,0.0,0.0,-0.0001,0.0002,STILL1
-18.1645,18.0423,-1.6297,0.0001,25.6541,0.1023,0.0001,25.4392,0.1092,0.0002,0.0,0.0,-0.0001,0.0001,STILL1
-18.3754,18.1557,-2.1382,0.0002,25.9202,0.2661,0.0001,25.6561,0.0357,0.0002,0.0,-0.0,-0.0001,0.0001,STILL1
-18.544,18.2496,-2.2887,0.0003,26.1183,0.1981,0.0001,25.8104,0.0354,0.0002,0.0,-0.0,-0.0001,0.0,STILL1
-18.5696,18.0747,-1.9809,0.0002,25.9894,0.1289,0.0001,25.8877,0.0273,0.0002,0.0,-0.0,-0.0001,-0.0,STILL1
-18.8057,17.5347,-1.9285,0.0002,25.7845,0.2049,0.0,25.8933,0.0259,0.0002,0.0,-0.0,-0.0001,-0.0001,STILL1
-18.4727,17.9247,-2.5834,0.0003,25.869,0.0846,0.0001,25.9363,0.0128,0.0002,0.0,-0.0,-0.0001,-0.0001,STILL1
