gx,gy,gz,lin_acc_mag,gyro_mag,gyro_diff,lin_acc_diff,gyro_avg,gyro_var,lin_acc_avg,lin_acc_var,lin_ax_avg,lin_ay_avg,lin_az_avg,label
-15.4952,18.5076,-2.2597,0.0006,24.2434,0.0463,0.0002,24.6912,0.1274,0.0005,0.0,0.0001,0.0005,0.0,STILL
-15.8149,18.603,-2.939,0.0008,24.5931,0.3497,0.0002,24.585,0.0806,0.0006,0.0,0.0001,0.0006,0.0,STILL
-15.3426,18.7918,-3.22,0.0007,24.4723,0.1208,0.0001,24.4943,0.0517,0.0007,0.0,0.0002,0.0006,-0.0,STILL
-15.6116,18.7053,-2.8197,0.0007,24.5267,0.0544,0.0,24.425,0.0184,0.0007,0.0,0.0002,0.0007,0.0,STILL
-14.9111,19.0642,-2.187,0.0008,24.3016,0.2251,0.0001,24.4274,0.0178,0.0007,0.0,0.0003,0.0006,0.0001,STILL
-14.8289,18.9701,-2.4903,0.0008,24.2067,0.095,0.0001,24.4201,0.0207,0.0008,0.0,0.0003,0.0007,0.0001,STILL
-15.3756,19.0886,-2.2235,0.0008,24.6115,0.4049,0.0,24.4238,0.0221,0.0008,0.0,0.0004,0.0007,0.0001,STILL
-15.1067,19.1709,-1.8881,0.0008,24.4806,0.1309,0.0,24.4254,0.0222,0.0008,0.0,0.0003,0.0007,0.0002,STILL
-15.2948,19.443,-2.1261,0.001,24.829,0.3484,0.0002,24.4859,0.0491,0.0008,0.0,0.0003,0.0007,0.0001,STILL
-15.5139,19.2294,-2.0759,0.001,24.7944,0.0346,0.0,24.5844,0.0516,0.0009,0.0,0.0003,0.0008,0.0001,STILL
-15.8924,19.1116,-2.0451,0.0011,24.94,0.1457,0.0001,24.7311,0.0269,0.0009,0.0,0.0004,0.0008,0.0002,STILL
-16.1827,19.1362,-2.2673,0.0012,25.1637,0.2237,0.0001,24.8415,0.0492,0.001,0.0,0.0004,0.0009,0.0002,STILL
-16.2024,18.9621,-1.967,0.001,25.0189,0.1448,0.0002,24.9492,0.0179,0.0011,0.0,0.0004,0.0009,0.0003,STILL
-16.3807,18.9384,-1.6767,0.0011,25.0958,0.0769,0.0001,25.0026,0.0164,0.0011,0.0,0.0004,0.0009,0.0003,STILL
-16.8077,19.4757,-1.6757,0.0012,25.78,0.6842,0.0001,25.1997,0.0898,0.0011,0.0,0.0005,0.0009,0.0003,STILL
-16.4742,19.3993,-1.7843,0.0011,25.5131,0.2669,0.0001,25.3143,0.0828,0.0011,0.0,0.0005,0.001,0.0003,STILL
-16.1481,19.5632,-1.3806,0.0012,25.4045,0.1086,0.0001,25.3625,0.0776,0.0011,0.0,0.0004,0.001,0.0002,STILL
-16.0716,19.1662,-1.6045,0.0009,25.0642,0.3403,0.0003,25.3715,0.0717,0.0011,0.0,0.0004,0.001,0.0002,STILL
-16.3073,19.0892,-2.7023,0.0008,25.2513,0.1871,0.0001,25.4026,0.0584,0.001,0.0,0.0003,0.0009,0.0001,STILL
-15.8084,19.2401,-3.1337,0.0007,25.0979,0.1534,0.0001,25.2662,0.0299,0.0009,0.0,0.0002,0.0009,0.0,STILL
-15.7561,19.2452,-2.232,0.0005,24.9723,0.1257,0.0002,25.158,0.0233,0.0008,0.0,0.0002,0.0008,-0.0,STILL
-15.7767,19.3899,-1.6387,0.0003,25.0511,0.0789,0.0002,25.0874,0.0084,0.0006,0.0,0.0002,0.0006,-0.0001,STILL
-15.8995,19.5151,-1.3391,0.0001,25.2076,0.1565,0.0002,25.1161,0.0104,0.0005,0.0,0.0001,0.0004,-0.0001,STILL
-15.9415,19.2683,-1.14,0.0003,25.0339,0.1737,0.0001,25.0726,0.0062,0.0004,0.0,0.0001,0.0003,-0.0001,STILL
-15.9157,19.8209,-1.3808,0.0002,25.4575,0.4235,0.0001,25.1445,0.0305,0.0003,0.0,0.0001,0.0001,-0.0001,STILL
-16.0075,19.3786,-1.6109,0.0002,25.1866,0.2709,0.0,25.1874,0.0231,0.0002,0.0,0.0,-0.0,-0.0,STILL
-16.1435,19.206,-1.5231,0.0004,25.1357,0.0509,0.0002,25.2043,0.0196,0.0002,0.0,-0.0,-0.0001,0.0,STILL
-16.2398,19.3398,-1.7935,0.0003,25.3175,0.1818,0.0001,25.2263,0.0217,0.0003,0.0,-0.0,-0.0002,0.0001,STILL
-16.1825,19.0125,-2.7129,0.0003,25.1139,0.2036,0.0,25.2422,0.0166,0.0003,0.0,-0.0001,-0.0002,0.0001,STILL
-15.9554,18.7662,-2.9859,0.0006,24.8125,0.3014,0.0003,25.1132,0.0276,0.0004,0.0,-0.0001,-0.0002,0.0002,STILL
-15.833,19.1349,-2.2669,0.0005,24.9393,0.1267,0.0001,25.0638,0.0301,0.0004,0.0,-0.0001,-0.0002,0.0003,STILL
-15.2321,18.5266,-1.7072,0.0006,24.0451,0.8942,0.0001,24.8456,0.1891,0.0005,0.0,-0.0001,-0.0001,0.0003,STILL
-15.3169,18.7619,-1.7752,0.0004,24.2852,0.2401,0.0002,24.6392,0.1647,0.0005,0.0,-0.0,0.0001,0.0003,STILL
-15.5598,18.6939,-2.1233,0.0004,24.4147,0.1295,0.0,24.4993,0.1102,0.0005,0.0,-0.0,0.0002,0.0004,STILL
-15.7509,18.527,-2.1892,0.0004,24.4159,0.0012,0.0001,24.42,0.0857,0.0004,0.0,0.0,0.0003,0.0003,STILL
-15.7539,18.4966,-2.2358,0.0004,24.3989,0.0169,0.0,24.312,0.0202,0.0004,0.0,0.0001,0.0003,0.0003,STILL
-15.7187,18.9848,-2.1199,0.0005,24.7385,0.3396,0.0,24.4506,0.0231,0.0004,0.0,0.0002,0.0003,0.0002,STILL
-16.3312,18.8847,-2.4053,0.0006,25.0824,0.3439,0.0002,24.6101,0.072,0.0005,0.0,0.0002,0.0003,0.0001,STILL
-16.4744,18.8953,-3.0273,0.0006,25.2508,0.1684,0.0,24.7773,0.1185,0.0005,0.0,0.0003,0.0004,-0.0,STILL
-16.8732,18.9912,-3.2156,0.0005,25.6069,0.3561,0.0001,25.0155,0.1733,0.0005,0.0,0.0003,0.0004,-0.0001,STILL
-16.7892,19.2773,-3.01,0.0007,25.7401,0.1332,0.0001,25.2837,0.1303,0.0006,0.0,0.0003,0.0004,-0.0002,STILL
-16.722,19.0969,-2.7455,0.0007,25.5314,0.2087,0.0,25.4423,0.058,0.0006,0.0,0.0003,0.0005,-0.0002,STILL
-16.6745,19.0088,-2.562,0.0008,25.4152,0.1162,0.0001,25.5089,0.0278,0.0007,0.0,0.0003,0.0005,-0.0002,STILL
-16.8896,18.907,-2.809,0.0007,25.5073,0.0921,0.0001,25.5602,0.0118,0.0007,0.0,0.0003,0.0006,-0.0001,STILL
-16.4679,19.0475,-3.0784,0.0007,25.3668,0.1405,0.0,25.5122,0.0166,0.0007,0.0,0.0003,0.0006,-0.0001,STILL
-16.3493,18.9036,-3.5659,0.0004,25.246,0.1208,0.0002,25.4134,0.0106,0.0006,0.0,0.0003,0.0005,-0.0001,STILL
-16.1638,18.5479,-3.3746,0.0006,24.8331,0.413,0.0002,25.2737,0.0556,0.0006,0.0,0.0003,0.0005,-0.0001,STILL
-15.9936,18.5039,-3.3997,0.0002,24.6931,0.14,0.0004,25.1293,0.0982,0.0005,0.0,0.0003,0.0004,-0.0001,STILL
-15.7855,18.4625,-2.0979,0.0004,24.3813,0.3118,0.0002,24.9041,0.1308,0.0005,0.0,0.0002,0.0002,-0.0002,STILL
-16.1503,18.3856,-2.5064,0.0003,24.5997,0.2184,0.0001,24.7506,0.0829,0.0004,0.0,0.0001,0.0,-0.0002,STILL
-16.0765,18.4398,-2.2239,0.0002,24.5647,0.035,0.0001,24.6144,0.0222,0.0004,0.0,0.0001,-0.0,-0.0002,STILL
-16.0737,18.7831,-2.1604,0.0003,24.816,0.2513,0.0001,24.6109,0.0208,0.0003,0.0,-0.0,-0.0001,-0.0002,STILL
-16.4902,18.5765,-1.9533,0.0004,24.9164,0.1004,0.0001,24.6556,0.0361,0.0003,0.0,-0.0001,-0.0,-0.0002,STILL
-16.0171,18.3955,-1.9439,0.0006,24.4688,0.4476,0.0002,24.6731,0.0277,0.0003,0.0,-0.0,0.0002,-0.0002,STILL
-15.67,18.4883,-2.0801,0.0006,24.3247,0.1441,0.0,24.6181,0.0479,0.0004,0.0,-0.0,0.0003,-0.0001,STILL
-15.9204,18.6625,-2.2391,0.0006,24.6325,0.3078,0.0,24.6317,0.0472,0.0005,0.0,0.0,0.0004,-0.0001,STILL
-15.6019,19.2863,-2.2256,0.0006,24.9065,0.274,0.0,24.6498,0.0551,0.0005,0.0,0.0001,0.0005,-0.0001,STILL
-15.7565,19.5821,-2.6336,0.0006,25.2718,0.3653,0.0,24.7209,0.1132,0.0006,0.0,0.0002,0.0005,-0.0001,STILL
-15.7833,19.2626,-2.2132,0.0008,25.0012,0.2706,0.0002,24.8273,0.1049,0.0006,0.0,0.0003,0.0005,-0.0001,STILL
-15.8704,19.2257,-2.808,0.0008,25.0875,0.0863,0.0,24.9799,0.0447,0.0007,0.0,0.0004,0.0005,-0.0002,STILL
-15.6588,18.9993,-2.7933,0.0007,24.7785,0.309,0.0001,25.0091,0.0278,0.0007,0.0,0.0004,0.0005,-0.0002,STILL
-16.1677,18.6651,-2.6878,0.0003,24.8396,0.061,0.0004,24.9957,0.0312,0.0006,0.0,0.0004,0.0004,-0.0002,STILL
-15.9779,18.9508,-2.9096,0.0003,24.9578,0.1183,0.0001,24.9329,0.0123,0.0006,0.0,0.0004,0.0003,-0.0002,STILL
-15.9386,18.5419,-2.2777,0.0004,24.5566,0.4012,0.0001,24.844,0.0318,0.0005,0.0,0.0003,0.0001,-0.0002,STILL
-15.9477,18.4616,-2.4284,0.0006,24.5165,0.0401,0.0002,24.7298,0.0284,0.0005,0.0,0.0001,-0.0001,-0.0002,STILL
-16.0019,18.5287,-2.074,0.0006,24.5698,0.0533,0.0,24.6881,0.0313,0.0004,0.0,0.0,-0.0003,-0.0001,STILL
-15.8453,18.6729,-2.5498,0.0007,24.6222,0.0524,0.0001,24.6446,0.0257,0.0005,0.0,-0.0001,-0.0005,-0.0001,STILL
-16.0262,18.6509,-2.6523,0.0006,24.7332,0.1109,0.0001,24.5997,0.0056,0.0006,0.0,-0.0002,-0.0005,-0.0001,STILL
-15.7679,18.6394,-2.8344,0.0009,24.5782,0.155,0.0003,24.604,0.0053,0.0007,0.0,-0.0002,-0.0006,-0.0001,STILL
-15.7549,18.8678,-3.2769,0.001,24.7982,0.22,0.0002,24.6603,0.0081,0.0008,0.0,-0.0003,-0.0007,-0.0,STILL
-16.1664,19.1099,-4.1496,0.001,25.3724,0.5743,0.0,24.8208,0.0822,0.0008,0.0,-0.0003,-0.0008,-0.0,STILL
-16.1707,18.9504,-3.7916,0.0007,25.1989,0.1735,0.0003,24.9362,0.0895,0.0008,0.0,-0.0003,-0.0008,-0.0,STILL
-16.6646,18.8509,-2.9489,0.0007,25.3331,0.1342,0.0,25.0561,0.0984,0.0009,0.0,-0.0004,-0.0008,0.0,STILL
-16.4786,19.1464,-2.8654,0.0003,25.4232,0.0901,0.0004,25.2251,0.0511,0.0007,0.0,-0.0003,-0.0006,0.0,STILL
-16.3297,19.1577,-2.9235,0.0003,25.3422,0.081,0.0,25.3339,0.0056,0.0006,0.0,-0.0003,-0.0004,0.0001,STILL
-16.2075,19.2137,-2.6388,0.0002,25.2748,0.0674,0.0001,25.3144,0.0056,0.0004,0.0,-0.0003,-0.0002,0.0001,STILL
-15.9317,19.3053,-2.6173,0.0001,25.1667,0.108,0.0001,25.308,0.0072,0.0003,0.0,-0.0002,-0.0001,0.0001,STILL
-16.3922,19.4693,-2.3876,0.0001,25.5628,0.3961,0.0,25.3539,0.018,0.0002,0.0,-0.0001,0.0,0.0001,STILL
-16.4763,19.1692,-2.4788,0.0002,25.3982,0.1646,0.0001,25.3489,0.0174,0.0002,0.0,-0.0001,0.0001,0.0001,STILL
-16.7716,19.1666,-2.6737,0.0003,25.6085,0.2103,0.0001,25.4022,0.028,0.0002,0.0,-0.0,0.0002,-0.0,STILL
-16.4798,19.2989,-3.1515,0.0003,25.5727,0.0358,0.0,25.4618,0.027,0.0002,0.0,-0.0,0.0002,-0.0,STILL
-16.3901,19.4547,-3.0305,0.0002,25.6185,0.0458,0.0,25.5521,0.0064,0.0002,0.0,-0.0,0.0002,-0.0001,STILL
-16.8871,19.4575,-3.3744,0.0004,25.9838,0.3653,0.0002,25.6363,0.0365,0.0003,0.0,0.0,0.0002,-0.0,STILL
-16.6347,19.2192,-2.8995,0.0004,25.5831,0.4007,0.0,25.6733,0.0244,0.0003,0.0,0.0001,0.0002,0.0001,STILL
-16.5952,19.2097,-2.754,0.0006,25.5343,0.0488,0.0001,25.6585,0.0272,0.0004,0.0,0.0001,0.0003,0.0002,STILL
-16.8199,18.874,-1.9907,0.0004,25.3594,0.1748,0.0002,25.6158,0.0418,0.0004,0.0,0.0001,0.0003,0.0002,STILL
-16.3309,18.9367,-2.3019,0.0003,25.1117,0.2477,0.0,25.5145,0.0823,0.0004,0.0,0.0001,0.0003,0.0003,STILL
-15.8929,18.6744,-1.7322,0.0004,24.5828,0.5289,0.0,25.2343,0.1333,0.0004,0.0,0.0001,0.0002,0.0003,STILL
-15.5299,19.1645,-2.2482,0.0004,24.7692,0.1863,0.0,25.0715,0.1258,0.0004,0.0,0.0001,0.0002,0.0003,STILL
-16.5052,19.1566,-2.2455,0.0003,25.3858,0.6166,0.0,25.0418,0.1018,0.0004,0.0,0.0001,0.0002,0.0003,STILL
-16.4635,18.7065,-2.7308,0.0003,25.0687,0.3171,0.0,24.9836,0.0784,0.0004,0.0,0.0001,0.0001,0.0003,STILL
-16.124,18.6371,-2.7502,0.0002,24.7969,0.2718,0.0001,24.9207,0.0781,0.0003,0.0,0.0001,0.0002,0.0002,STILL
-15.8804,18.7784,-2.4158,0.0003,24.7114,0.0855,0.0001,24.9464,0.0634,0.0003,0.0,0.0001,0.0002,0.0001,STILL
-15.6637,18.7227,-2.5701,0.0006,24.5458,0.1656,0.0002,24.9017,0.0872,0.0004,0.0,0.0002,0.0003,0.0,STILL
-16.0185,18.8876,-2.1655,0.0004,24.86,0.3142,0.0001,24.7966,0.0296,0.0004,0.0,0.0002,0.0003,-0.0,STILL
-16.5023,19.1101,-2.373,0.0004,25.3604,0.5004,0.0001,24.8549,0.075,0.0004,0.0,0.0002,0.0003,-0.0001,STILL
-16.8643,19.0693,-2.5734,0.0002,25.5864,0.226,0.0002,25.0128,0.1564,0.0004,0.0,0.0002,0.0003,-0.0,STILL
-16.9602,18.8929,-2.5056,0.0004,25.5121,0.0743,0.0003,25.173,0.1625,0.0004,0.0,0.0002,0.0003,-0.0,STILL
-16.8244,19.0237,-2.3857,0.0005,25.5079,0.0042,0.0001,25.3654,0.0692,0.0004,0.0,0.0002,0.0003,0.0001,STILL
-16.6189,18.894,-3.1898,0.0004,25.3643,0.1437,0.0001,25.4662,0.008,0.0004,0.0,0.0002,0.0002,0.0001,STILL
-16.7014,18.8464,-2.3362,0.0003,25.29,0.0743,0.0001,25.4521,0.0118,0.0004,0.0,0.0001,0.0001,0.0002,STILL
-16.5924,19.1678,-3.2909,0.0001,25.5644,0.2745,0.0002,25.4477,0.0106,0.0004,0.0,0.0001,0.0001,0.0002,STILL
-16.5458,18.9873,-2.6077,0.0002,25.3196,0.2448,0.0001,25.4092,0.0116,0.0003,0.0,0.0,0.0,0.0002,STILL
-16.8054,19.2086,-2.783,0.0004,25.6737,0.3541,0.0002,25.4424,0.0226,0.0003,0.0,-0.0001,-0.0001,0.0001,STILL
-16.6818,18.995,-2.1608,0.0006,25.3725,0.3012,0.0001,25.444,0.0223,0.0003,0.0,-0.0002,-0.0002,-0.0,STILL
-16.2642,18.6085,-2.1724,0.0005,24.8097,0.5628,0.0,25.348,0.0888,0.0004,0.0,-0.0002,-0.0003,-0.0001,STILL
-16.3676,18.6649,-1.9723,0.0008,24.9032,0.0935,0.0003,25.2157,0.1015,0.0005,0.0,-0.0002,-0.0004,-0.0001,STILL
-16.0972,18.6726,-2.0341,0.0007,24.7371,0.1661,0.0002,25.0992,0.1316,0.0006,0.0,-0.0001,-0.0005,-0.0002,STILL
-16.309,18.8287,-2.2398,0.0004,25.0104,0.2733,0.0003,24.9666,0.0496,0.0006,0.0,-0.0001,-0.0005,-0.0002,STILL
-16.0785,18.4411,-2.6918,0.0002,24.6137,0.3967,0.0002,24.8148,0.0185,0.0005,0.0,0.0,-0.0005,-0.0001,STILL
-16.0503,18.6216,-2.4909,0.0001,24.7099,0.0962,0.0001,24.7949,0.0203,0.0004,0.0,0.0,-0.0004,-0.0001,STILL
-16.3777,18.9973,-2.5396,0.0002,25.2106,0.5007,0.0002,24.8563,0.0488,0.0003,0.0,0.0001,-0.0002,-0.0001,STILL
-16.8834,19.0603,-2.7317,0.0003,25.6088,0.3981,0.0001,25.0307,0.1287,0.0002,0.0,0.0001,-0.0001,0.0,STILL
-16.5067,18.9608,-2.7697,0.0003,25.2914,0.3174,0.0,25.0869,0.1391,0.0002,0.0,0.0001,0.0,0.0001,STILL
-16.5429,19.1905,-2.7627,0.0003,25.4867,0.1954,0.0,25.2615,0.0958,0.0002,0.0,0.0001,0.0001,0.0001,STILL
-16.3281,18.8711,-2.7664,0.0001,25.1073,0.3794,0.0001,25.341,0.0334,0.0002,0.0,0.0001,0.0,0.0002,STILL
-16.575,19.125,-2.5725,0.0001,25.4384,0.3311,0.0,25.3865,0.0298,0.0002,0.0,0.0,0.0,0.0001,STILL
-16.4662,19.3344,-2.6142,0.0002,25.5302,0.0917,0.0001,25.3708,0.0238,0.0002,0.0,-0.0,0.0,0.0001,STILL
-16.6167,19.4863,-2.6851,0.0002,25.7496,0.2194,0.0,25.4625,0.0429,0.0002,0.0,-0.0001,0.0,0.0001,STILL
-16.3403,19.1203,-2.1512,0.0003,25.2431,0.5064,0.0,25.4137,0.05,0.0002,0.0,-0.0001,-0.0,0.0001,STILL
-16.166,19.1962,-2.7804,0.0004,25.25,0.0069,0.0001,25.4423,0.0358,0.0002,0.0,-0.0002,0.0,0.0001,STILL
-16.2515,19.5163,-3.6305,0.0003,25.655,0.405,0.0001,25.4856,0.0429,0.0003,0.0,-0.0002,0.0,0.0001,STILL
-16.2918,19.6225,-3.2326,0.0002,25.7082,0.0532,0.0001,25.5212,0.0512,0.0003,0.0,-0.0002,-0.0,0.0001,STILL
-16.4522,19.4042,-4.0173,0.0003,25.7553,0.0471,0.0001,25.5224,0.0517,0.0003,0.0,-0.0002,-0.0,0.0002,STILL
-16.293,18.939,-3.2201,0.0003,25.1896,0.5657,0.0,25.5117,0.0581,0.0003,0.0,-0.0002,-0.0001,0.0002,STILL
-16.4344,19.1106,-2.9073,0.0001,25.3724,0.1827,0.0002,25.5361,0.0477,0.0003,0.0,-0.0002,-0.0001,0.0001,STILL
-16.6194,19.001,-2.2102,0.0002,25.3402,0.0321,0.0001,25.4732,0.0486,0.0002,0.0,-0.0001,-0.0001,0.0001,STILL
-17.2018,18.9414,-2.1244,0.0002,25.6747,0.3345,0.0,25.4664,0.0457,0.0002,0.0,-0.0,-0.0001,0.0,STILL
-16.727,18.8625,-2.2308,0.0003,25.3094,0.3653,0.0001,25.3773,0.0259,0.0002,0.0,-0.0001,-0.0,-0.0,STILL
-16.3566,18.5525,-2.5659,0.0004,24.866,0.4434,0.0001,25.3125,0.067,0.0002,0.0,-0.0001,0.0,-0.0001,STILL
-16.2322,18.3795,-2.5527,0.0004,24.6537,0.2123,0.0,25.1688,0.1324,0.0003,0.0,-0.0001,-0.0,-0.0002,STILL
-15.6764,18.6661,-2.5672,0.0004,24.5105,0.1433,0.0,25.0028,0.1857,0.0003,0.0,-0.0002,-0.0001,-0.0002,STILL
-16.2255,18.761,-2.6725,0.0001,24.9476,0.4372,0.0003,24.8574,0.0749,0.0003,0.0,-0.0002,-0.0001,-0.0002,STILL
-16.4523,18.7369,-2.3411,0.0006,25.0446,0.0969,0.0004,24.8045,0.0382,0.0004,0.0,-0.0001,-0.0,-0.0001,STILL
-16.8056,18.5833,-2.1698,0.0006,25.149,0.1045,0.0,24.8611,0.058,0.0004,0.0,0.0,0.0,0.0001,STILL
-16.3382,19.1823,-1.8202,0.0005,25.2628,0.1138,0.0,24.9829,0.0668,0.0004,0.0,0.0002,0.0001,0.0002,STILL
-16.5456,19.0802,-1.9655,0.0007,25.3312,0.0685,0.0001,25.147,0.0195,0.0005,0.0,0.0002,0.0002,0.0004,STILL
-16.2364,18.9548,-1.6005,0.0005,25.0093,0.3219,0.0002,25.1594,0.0152,0.0006,0.0,0.0002,0.0003,0.0004,STILL
-16.4954,19.5076,-1.5992,0.0005,25.5969,0.5876,0.0,25.2699,0.0386,0.0005,0.0,0.0003,0.0003,0.0003,STILL
-16.6401,19.8467,-1.9293,0.0004,25.9712,0.3743,0.0001,25.4343,0.1071,0.0005,0.0,0.0002,0.0004,0.0001,STILL
-16.9652,19.7117,-1.6435,0.0004,26.059,0.0877,0.0,25.5935,0.1539,0.0005,0.0,0.0001,0.0004,0.0,STILL
-17.0378,19.1913,-1.6554,0.0004,25.7163,0.3426,0.0,25.6706,0.1372,0.0004,0.0,0.0001,0.0004,-0.0001,STILL
-17.1021,18.8343,-1.1618,0.0003,25.4669,0.2495,0.0001,25.7621,0.0497,0.0004,0.0,0.0,0.0003,-0.0001,STILL
-16.9192,18.8862,-1.342,0.0004,25.3918,0.075,0.0,25.7211,0.07,0.0004,0.0,-0.0001,0.0003,-0.0002,STILL
-16.4228,18.7558,-2.1548,0.0004,25.0226,0.3692,0.0001,25.5313,0.119,0.0004,0.0,-0.0002,0.0003,-0.0001,STILL
-16.4508,18.7109,-1.3489,0.0004,24.9508,0.0718,0.0001,25.3097,0.0816,0.0004,0.0,-0.0002,0.0002,-0.0,STILL
-16.6169,18.975,-0.7166,0.0005,25.2326,0.2817,0.0001,25.213,0.0404,0.0004,0.0,-0.0002,0.0001,0.0001,STILL
-16.5404,18.1081,-2.3889,0.0003,24.6413,0.5913,0.0002,25.0478,0.0656,0.0004,0.0,-0.0002,0.0,0.0001,STILL
-16.1698,18.1958,-2.3892,0.0004,24.4593,0.182,0.0001,24.8613,0.0764,0.0004,0.0,-0.0002,-0.0001,0.0002,STILL
-16.2421,18.1723,-2.6114,0.0005,24.5124,0.053,0.0,24.7593,0.0851,0.0004,0.0,-0.0001,-0.0002,0.0002,STILL
-16.3124,19.2566,-2.7985,0.0002,25.3918,0.8794,0.0003,24.8475,0.15,0.0004,0.0,-0.0001,-0.0002,0.0002,STILL
-16.2437,19.0928,-2.9638,0.0013,25.2423,0.1495,0.0011,24.8494,0.1515,0.0005,0.0,-0.0,-0.0001,0.0003,STILL
-16.1512,18.7805,-3.1867,0.0014,24.9744,0.2679,0.0001,24.9161,0.1415,0.0008,0.0,0.0,-0.0,0.0006,STILL
-16.1772,18.7869,-3.365,0.0008,25.0194,0.045,0.0005,25.0281,0.0894,0.0008,0.0,0.0001,0.0001,0.0007,STILL
-16.3699,19.2076,-3.3138,0.0003,25.4536,0.4342,0.0006,25.2163,0.037,0.0008,0.0,0.0,0.0002,0.0007,STILL
-16.5178,19.1036,-3.6292,0.0004,25.5138,0.0602,0.0001,25.2407,0.048,0.0008,0.0,-0.0,0.0003,0.0006,STILL
-16.5799,18.936,-3.7002,0.0011,25.4393,0.0746,0.0007,25.2801,0.0543,0.0008,0.0,-0.0,0.0002,0.0001,STILL
-16.3076,19.1207,-3.2539,0.0015,25.3402,0.099,0.0004,25.3533,0.031,0.0008,0.0,-0.0,0.0002,-0.0004,STILL
-16.1649,19.159,-3.1469,0.0014,25.2641,0.0761,0.0001,25.4022,0.0079,0.0009,0.0,-0.0,0.0003,-0.0008,STILL
-15.2663,19.4366,-2.655,0.0012,24.8574,0.4067,0.0002,25.283,0.0525,0.0011,0.0,-0.0,0.0003,-0.0006,STILL
-14.7755,19.3305,-2.6178,0.0047,24.4712,0.3862,0.0036,25.0744,0.1302,0.002,2e-06,0.0,0.0001,0.0004,STILL
-15.6048,19.1332,-2.638,0.0065,24.8304,0.3592,0.0018,24.9527,0.1006,0.003,5e-06,0.0001,-0.0001,0.0019,STILL
-16.5495,18.9972,-3.4354,0.0062,25.4279,0.5975,0.0003,24.9702,0.1154,0.004,5e-06,0.0002,-0.0005,0.0034,STILL
-17.2521,18.8634,-4.0545,0.0047,25.8824,0.4545,0.0015,25.0938,0.2493,0.0047,4e-06,0.0003,-0.0008,0.0046,STILL
-17.0985,18.8219,-3.8624,0.0038,25.7205,0.1619,0.001,25.2665,0.2869,0.0052,1e-06,0.0003,-0.001,0.0051,STILL
-17.0288,18.5857,-2.5055,0.0024,25.3315,0.389,0.0014,25.4385,0.1316,0.0047,2e-06,0.0003,-0.0012,0.0046,STILL
-16.9668,18.3748,-2.2919,0.0017,25.1149,0.2166,0.0007,25.4954,0.0753,0.0038,3e-06,0.0002,-0.001,0.0036,STILL
-17.0391,18.7873,-2.8773,0.001,25.5259,0.411,0.0007,25.515,0.0742,0.0027,2e-06,0.0001,-0.0009,0.0026,STILL
-16.5781,18.8486,-2.3987,0.0006,25.2162,0.3097,0.0004,25.3818,0.0473,0.0019,1e-06,0.0001,-0.0007,0.0017,STILL
-16.85,19.057,-2.344,0.0008,25.5458,0.3295,0.0002,25.3469,0.0285,0.0013,0.0,0.0001,-0.0007,0.001,STILL
-16.4081,18.9237,-2.297,0.0008,25.1518,0.394,0.0,25.3109,0.0348,0.001,0.0,0.0001,-0.0006,0.0005,STILL
-16.3703,18.6265,-2.3095,0.0006,24.9051,0.2466,0.0002,25.269,0.0583,0.0008,0.0,0.0001,-0.0006,0.0002,STILL
-16.4775,18.6668,-2.132,0.0009,24.99,0.0849,0.0003,25.1618,0.0492,0.0007,0.0,0.0002,-0.0006,-0.0001,STILL
-16.5507,18.7428,-2.3181,0.0006,25.1116,0.1216,0.0003,25.1409,0.0487,0.0007,0.0,0.0002,-0.0006,-0.0003,STILL
-17.0562,18.3849,-1.8888,0.0005,25.1493,0.0377,0.0001,25.0616,0.0096,0.0007,0.0,0.0002,-0.0006,-0.0003,STILL
-17.3981,18.861,-2.1736,0.0003,25.7518,0.6026,0.0001,25.1816,0.0888,0.0006,0.0,0.0001,-0.0004,-0.0003,STILL
-17.2028,18.9826,-2.0826,0.0006,25.7024,0.0494,0.0002,25.341,0.1024,0.0006,0.0,0.0002,-0.0003,-0.0004,STILL
-16.9623,18.7673,-2.4161,0.0007,25.412,0.2904,0.0001,25.4254,0.0716,0.0005,0.0,0.0001,-0.0001,-0.0004,STILL
-16.6698,18.7826,-2.0547,0.0009,25.197,0.2149,0.0003,25.4425,0.0621,0.0006,0.0,0.0002,0.0,-0.0005,STILL
-16.9515,19.3917,-1.8469,0.001,25.8225,0.6255,0.0,25.5771,0.0556,0.0007,0.0,0.0002,0.0002,-0.0006,STILL
-16.6799,19.2446,-1.8213,0.0009,25.5322,0.2903,0.0001,25.5332,0.048,0.0008,0.0,0.0002,0.0003,-0.0007,STILL
-16.8158,19.4832,-2.0133,0.001,25.8151,0.2829,0.0001,25.5558,0.0577,0.0009,0.0,0.0002,0.0003,-0.0008,STILL
-16.837,19.5772,-1.895,0.0013,25.891,0.0759,0.0003,25.6516,0.0668,0.001,0.0,0.0002,0.0004,-0.0009,STILL
-16.6915,19.9742,-1.566,0.0011,26.0774,0.1864,0.0002,25.8276,0.0308,0.0011,0.0,0.0002,0.0004,-0.001,STILL
-15.9095,19.9388,-1.6215,0.001,25.5596,0.5177,0.0001,25.7751,0.0424,0.0011,0.0,0.0002,0.0004,-0.001,STILL
-15.8776,19.6541,-1.1347,0.0009,25.2917,0.2679,0.0,25.727,0.075,0.0011,0.0,0.0002,0.0003,-0.001,STILL
-15.7395,19.1358,-0.9203,0.001,24.7943,0.4973,0.0001,25.5228,0.2057,0.0011,0.0,0.0002,0.0002,-0.001,STILL
-15.8541,18.7805,-1.0206,0.0011,24.5989,0.1955,0.0,25.2644,0.2825,0.001,0.0,0.0001,0.0001,-0.001,STILL
-15.7833,18.9557,-0.6759,0.0007,24.6756,0.0768,0.0004,24.984,0.1411,0.0009,0.0,-0.0,0.0001,-0.0009,STILL
-15.6735,19.102,-0.6001,0.0006,24.7165,0.0409,0.0001,24.8154,0.0607,0.0009,0.0,-0.0001,0.0,-0.0008,STILL
-15.9669,19.0504,-0.5894,0.0007,24.8638,0.1472,0.0001,24.7298,0.0085,0.0008,0.0,-0.0002,-0.0,-0.0008,STILL
-15.9829,18.8622,-0.9747,0.0009,24.7424,0.1214,0.0002,24.7194,0.0076,0.0008,0.0,-0.0002,0.0001,-0.0008,STILL
-16.2207,19.4085,-1.886,0.0007,25.3645,0.6221,0.0002,24.8726,0.0644,0.0007,0.0,-0.0002,0.0001,-0.0007,STILL
-15.9297,19.5112,-2.1275,0.0007,25.2778,0.0867,0.0001,24.993,0.075,0.0007,0.0,-0.0002,0.0,-0.0007,STILL
-15.9719,18.4808,-2.027,0.0007,24.5102,0.7676,0.0,24.9517,0.1046,0.0007,0.0,-0.0002,-0.0001,-0.0007,STILL
-15.9869,18.6971,-1.8591,0.0008,24.6702,0.16,0.0001,24.913,0.1174,0.0008,0.0,-0.0003,-0.0001,-0.0007,STILL
-15.977,18.4296,-2.6217,0.0008,24.5314,0.1389,0.0,24.8708,0.139,0.0007,0.0,-0.0003,-0.0002,-0.0006,STILL
-16.241,18.3937,-2.4911,0.0006,24.6638,0.1324,0.0002,24.7307,0.0792,0.0007,0.0,-0.0003,-0.0002,-0.0006,STILL
-16.1178,18.7806,-2.5991,0.0004,24.8847,0.2209,0.0002,24.6521,0.0179,0.0006,0.0,-0.0002,-0.0002,-0.0005,STILL
-15.9942,19.0588,-2.548,0.0005,25.0109,0.1262,0.0001,24.7522,0.0296,0.0006,0.0,-0.0001,-0.0,-0.0005,STILL
-16.3829,18.9189,-2.3759,0.0006,25.139,0.1281,0.0001,24.846,0.0494,0.0006,0.0,-0.0,0.0001,-0.0005,STILL
-15.7813,19.2289,-2.2445,0.0006,24.9768,0.1623,0.0001,24.935,0.025,0.0005,0.0,0.0001,0.0002,-0.0004,STILL
-16.5219,19.0019,-2.2581,0.0006,25.2813,0.3045,0.0,25.0585,0.0191,0.0005,0.0,0.0001,0.0003,-0.0004,STILL
-16.2238,19.2234,-2.5815,0.0008,25.2866,0.0053,0.0002,25.1389,0.017,0.0006,0.0,0.0002,0.0004,-0.0004,STILL
-16.2165,19.5381,-2.5683,0.0008,25.5207,0.2341,0.0,25.2409,0.0324,0.0007,0.0,0.0001,0.0005,-0.0005,STILL
-15.6638,19.3805,-2.114,0.0006,25.0085,0.5122,0.0002,25.2148,0.0405,0.0007,0.0,0.0001,0.0005,-0.0004,STILL
-15.9623,19.1231,-1.7475,0.0005,24.9708,0.0377,0.0001,25.2136,0.041,0.0007,0.0,0.0,0.0005,-0.0004,STILL
-15.9042,18.8235,-2.0011,0.0005,24.7239,0.2469,0.0,25.1021,0.0757,0.0007,0.0,0.0,0.0005,-0.0004,STILL
-15.8859,18.8775,-2.2321,0.0004,24.7731,0.0491,0.0001,24.9994,0.08,0.0006,0.0,-0.0,0.0004,-0.0004,STILL
-15.8493,18.6708,-2.3826,0.0005,24.6064,0.1667,0.0001,24.8166,0.0231,0.0005,0.0,-0.0001,0.0004,-0.0004,STILL
-16.042,18.7273,-2.5436,0.0004,24.7896,0.1832,0.0001,24.7728,0.0139,0.0005,0.0,-0.0001,0.0003,-0.0004,STILL
-15.9305,18.5162,-2.388,0.0003,24.5424,0.2472,0.0001,24.6871,0.0093,0.0004,0.0,-0.0001,0.0001,-0.0003,STILL
-15.9756,18.5317,-1.8385,0.0003,24.5362,0.0062,0.0,24.6495,0.0122,0.0004,0.0,-0.0,0.0,-0.0003,STILL
-16.1555,18.5722,-1.9427,0.0003,24.6921,0.156,0.0,24.6334,0.0093,0.0004,0.0,-0.0,-0.0001,-0.0003,STILL
-16.19,18.1515,-3.0354,0.0003,24.5114,0.1807,0.0001,24.6143,0.0117,0.0003,0.0,-0.0,-0.0002,-0.0002,STILL
-15.702,18.1962,-3.3033,0.0003,24.2604,0.251,0.0001,24.5085,0.0194,0.0003,0.0,-0.0,-0.0003,-0.0001,STILL
-16.1991,18.607,-3.1802,0.0005,24.8746,0.6142,0.0001,24.5749,0.0416,0.0003,0.0,-0.0001,-0.0003,-0.0001,STILL
-16.353,19.6043,-3.7441,0.0005,25.8025,0.928,0.0,24.8282,0.2785,0.0004,0.0,-0.0002,-0.0003,-0.0,STILL
-16.1606,19.3741,-3.0797,0.0004,25.4166,0.3859,0.0001,24.9731,0.3231,0.0004,0.0,-0.0003,-0.0003,-0.0,STILL
-16.1003,19.2555,-2.4544,0.0004,25.2194,0.1972,0.0001,25.1147,0.2725,0.0004,0.0,-0.0003,-0.0003,-0.0001,STILL
-16.4365,19.12,-2.7041,0.0006,25.3584,0.1389,0.0002,25.3343,0.0902,0.0005,0.0,-0.0003,-0.0003,-0.0001,STILL
-16.3898,18.7398,-2.0914,0.0009,24.9836,0.3748,0.0003,25.3561,0.0721,0.0006,0.0,-0.0003,-0.0002,-0.0003,STILL
-16.5587,18.8575,-2.3825,0.0009,25.2086,0.225,0.0,25.2373,0.0225,0.0006,0.0,-0.0002,-0.0001,-0.0005,STILL
-16.3564,18.7578,-2.506,0.0008,25.0133,0.1952,0.0001,25.1567,0.0196,0.0007,0.0,-0.0001,-0.0001,-0.0007,STILL
-16.2476,18.7406,-2.7142,0.0008,24.9512,0.0621,0.0,25.103,0.0243,0.0008,0.0,-0.0001,-0.0,-0.0008,STILL
-16.1668,18.6769,-2.7026,0.001,24.8495,0.1017,0.0002,25.0012,0.0138,0.0009,0.0,-0.0,0.0001,-0.0009,STILL
-16.4522,18.8446,-3.5465,0.0009,25.266,0.4166,0.0002,25.0577,0.0246,0.0009,0.0,0.0,0.0002,-0.0008,STILL
-16.0368,19.1882,-3.6028,0.0007,25.2655,0.0005,0.0001,25.0691,0.0285,0.0008,0.0,0.0001,0.0003,-0.0008,STILL
-16.145,18.6506,-3.451,0.0007,24.9081,0.3574,0.0,25.0481,0.0326,0.0008,0.0,0.0001,0.0004,-0.0007,STILL
-16.241,18.4017,-3.1733,0.0008,24.748,0.1601,0.0001,25.0074,0.0471,0.0008,0.0,0.0001,0.0005,-0.0006,STILL
-16.0835,17.9776,-2.9418,0.0006,24.3007,0.4473,0.0002,24.8977,0.13,0.0007,0.0,0.0002,0.0006,-0.0004,STILL
-16.3793,17.979,-2.5878,0.0009,24.4585,0.1578,0.0002,24.7362,0.1153,0.0007,0.0,0.0002,0.0005,-0.0004,STILL
-16.2753,17.8613,-2.9546,0.0005,24.3442,0.1143,0.0004,24.5519,0.0561,0.0007,0.0,0.0003,0.0005,-0.0003,STILL
-16.2921,18.0984,-3.2887,0.0006,24.5724,0.2281,0.0001,24.4848,0.0263,0.0007,0.0,0.0003,0.0005,-0.0003,STILL
-16.0149,17.8037,-3.7059,0.0005,24.2319,0.3405,0.0001,24.3815,0.0145,0.0006,0.0,0.0003,0.0004,-0.0002,STILL
-16.1494,17.7024,-2.871,0.0004,24.1334,0.0985,0.0001,24.3481,0.0244,0.0006,0.0,0.0004,0.0003,-0.0003,STILL
-15.9227,18.0588,-3.2124,0.001,24.2893,0.1559,0.0006,24.3142,0.0215,0.0006,0.0,0.0003,0.0002,-0.0003,STILL
-16.0631,18.1439,-3.3262,0.0016,24.4599,0.1706,0.0006,24.3374,0.0251,0.0008,0.0,0.0002,0.0002,-0.0006,STILL
-15.7661,18.3964,-2.7578,0.0015,24.3845,0.0755,0.0001,24.2998,0.013,0.001,0.0,0.0001,0.0002,-0.0009,STILL
-16.1254,18.5796,-2.1344,0.0014,24.6938,0.3094,0.0001,24.3922,0.0346,0.0012,0.0,-0.0,0.0002,-0.0011,STILL
-16.3566,18.6324,-2.3481,0.0015,24.9042,0.2104,0.0001,24.5464,0.0499,0.0014,0.0,-0.0001,0.0002,-0.0013,STILL
-16.6134,18.7903,-1.3566,0.0011,25.1181,0.214,0.0004,24.7121,0.0746,0.0014,0.0,-0.0002,0.0001,-0.0013,STILL
-16.8095,18.9229,-1.5666,0.0007,25.3592,0.241,0.0004,24.892,0.1133,0.0012,0.0,-0.0002,0.0001,-0.0011,STILL
-16.9726,19.0789,-1.8251,0.0007,25.6009,0.2417,0.0,25.1352,0.1031,0.001,0.0,-0.0002,-0.0,-0.001,STILL
-16.5593,19.0631,-1.9288,0.0006,25.3246,0.2763,0.0001,25.2614,0.0554,0.0009,0.0,-0.0002,-0.0001,-0.0009,STILL
-16.6224,19.213,-1.7431,0.0003,25.4653,0.1408,0.0003,25.3736,0.0256,0.0007,0.0,-0.0001,-0.0,-0.0006,STILL
-16.8948,19.2267,-2.332,0.0003,25.7009,0.2356,0.0,25.4902,0.0204,0.0005,0.0,-0.0001,0.0001,-0.0005,STILL
-17.0471,19.4501,-2.2031,0.0005,25.9569,0.256,0.0001,25.6097,0.0462,0.0005,0.0,0.0,0.0002,-0.0004,STILL
-16.8783,19.2726,-2.6406,0.0005,25.7543,0.2027,0.0,25.6404,0.0494,0.0004,0.0,0.0001,0.0003,-0.0003,STILL
-16.4527,19.4212,-2.5562,0.0005,25.5814,0.1729,0.0,25.6918,0.0276,0.0004,0.0,0.0001,0.0004,-0.0002,STILL
-16.5028,18.9213,-2.9168,0.0004,25.2758,0.3056,0.0002,25.6539,0.0505,0.0004,0.0,0.0001,0.0004,-0.0001,STILL
-15.6991,18.7214,-2.446,0.0004,24.5547,0.721,0.0,25.4246,0.2391,0.0004,0.0,0.0001,0.0004,-0.0,STILL
-15.5155,18.8271,-2.3162,0.0003,24.5063,0.0485,0.0001,25.1345,0.2669,0.0004,0.0,0.0001,0.0003,0.0,STILL
-15.7312,18.7711,-2.3748,0.0002,24.6062,0.0999,0.0,24.9049,0.1932,0.0003,0.0,0.0001,0.0003,0.0001,STILL
-15.9662,18.4231,-2.5592,0.0004,24.5128,0.0933,0.0002,24.6912,0.0867,0.0003,0.0,0.0,0.0002,0.0002,STILL
-16.2354,18.8072,-3.1536,0.0003,25.0449,0.5321,0.0001,24.645,0.0413,0.0003,0.0,-0.0,0.0001,0.0002,STILL
-15.9509,18.6989,-2.8354,0.0005,24.741,0.3039,0.0002,24.6822,0.0401,0.0003,0.0,-0.0001,-0.0001,0.0002,STILL
-15.8513,18.7779,-2.5464,0.0005,24.7054,0.0356,0.0001,24.7221,0.0324,0.0004,0.0,-0.0001,-0.0002,0.0003,STILL
-15.9904,18.9036,-1.9622,0.0006,24.8372,0.1318,0.0001,24.7683,0.0302,0.0005,0.0,-0.0001,-0.0003,0.0003,STILL
-15.608,18.7666,-2.5791,0.0005,24.5448,0.2925,0.0001,24.7747,0.0271,0.0005,0.0,-0.0001,-0.0004,0.0003,STILL
-15.8364,18.4852,-2.1258,0.0007,24.4338,0.111,0.0002,24.6524,0.0208,0.0005,0.0,-0.0001,-0.0004,0.0003,STILL
-16.1566,18.5819,-2.4725,0.0005,24.7474,0.3136,0.0001,24.6537,0.0211,0.0005,0.0,-0.0001,-0.0004,0.0004,STILL
-15.8128,19.0749,-2.2749,0.0007,24.8811,0.1337,0.0001,24.6889,0.0296,0.0006,0.0,-0.0,-0.0004,0.0004,STILL
-16.2377,19.0255,-2.4074,0.0007,25.1283,0.2472,0.0,24.7471,0.0605,0.0006,0.0,0.0,-0.0004,0.0005,STILL
-16.3214,18.6017,-2.8134,0.0004,24.9064,0.2219,0.0003,24.8194,0.0521,0.0006,0.0,0.0,-0.0003,0.0005,STILL
-16.379,18.9001,-2.6882,0.0001,25.1538,0.2474,0.0003,24.9634,0.024,0.0005,0.0,0.0001,-0.0003,0.0004,STILL
-15.7313,18.5732,-2.2787,0.0003,24.4465,0.7073,0.0002,24.9032,0.0645,0.0004,0.0,0.0001,-0.0002,0.0003,STILL
-15.6913,19.0429,-2.4823,0.0004,24.7995,0.353,0.0001,24.8869,0.0663,0.0004,0.0,0.0001,-0.0001,0.0003,STILL
-15.9343,18.8687,-2.2609,0.0003,24.8,0.0006,0.0,24.8212,0.0518,0.0003,0.0,0.0001,0.0001,0.0002,STILL
-15.6099,18.6544,-2.9212,0.0003,24.4987,0.3013,0.0,24.7397,0.0645,0.0003,0.0,0.0002,0.0002,0.0001,STILL
-15.6442,18.6079,-2.6432,0.0005,24.4536,0.0451,0.0002,24.5997,0.027,0.0004,0.0,0.0002,0.0002,0.0001,STILL
-15.6997,19.1707,-2.6802,0.0006,24.9235,0.4698,0.0001,24.6951,0.0342,0.0004,0.0,0.0003,0.0003,0.0,STILL
-15.2285,19.2959,-2.2442,0.0006,24.6835,0.2399,0.0,24.6719,0.0315,0.0005,0.0,0.0003,0.0003,0.0001,STILL
-15.4578,18.7617,-1.9422,0.001,24.3869,0.2967,0.0003,24.5892,0.0376,0.0006,0.0,0.0004,0.0003,0.0002,STILL
-15.7225,19.2594,-2.2788,0.001,24.9663,0.5794,0.0001,24.6828,0.0557,0.0008,0.0,0.0004,0.0003,0.0004,STILL
-15.3468,19.3075,-2.1636,0.0011,24.7585,0.2077,0.0,24.7437,0.0426,0.0009,0.0,0.0004,0.0004,0.0006,STILL
-15.6837,19.2585,-2.2747,0.0012,24.9408,0.1822,0.0001,24.7472,0.0439,0.001,0.0,0.0004,0.0003,0.0008,STILL
-16.0688,19.0318,-3.0353,0.0009,25.0924,0.1517,0.0003,24.829,0.0602,0.001,0.0,0.0004,0.0003,0.0009,STILL
-15.5769,19.3848,-4.0345,0.0004,25.193,0.1006,0.0004,24.9902,0.0217,0.0009,0.0,0.0003,0.0002,0.0008,STILL
-15.4928,19.986,-3.1682,0.0005,25.4854,0.2923,0.0001,25.094,0.0598,0.0008,0.0,0.0001,0.0001,0.0007,STILL
-15.6724,19.8919,-3.219,0.0006,25.5279,0.0425,0.0001,25.2479,0.0513,0.0007,0.0,-0.0001,0.0001,0.0006,STILL
-16.1285,19.5354,-2.8783,0.0006,25.496,0.0319,0.0,25.3589,0.0324,0.0006,0.0,-0.0003,0.0,0.0004,STILL
-16.3184,19.5033,-1.9495,0.0007,25.5043,0.0084,0.0001,25.4413,0.0156,0.0006,0.0,-0.0004,-0.0001,0.0003,STILL
-16.1579,19.2995,-1.6096,0.0007,25.2218,0.2825,0.0,25.4471,0.0129,0.0006,0.0,-0.0005,-0.0002,0.0003,STILL
-16.1263,19.3021,-1.7783,0.0007,25.2149,0.0069,0.0,25.393,0.0204,0.0006,0.0,-0.0005,-0.0003,0.0003,STILL
-15.9542,19.4136,-1.3727,0.0008,25.1656,0.0493,0.0002,25.3205,0.0219,0.0007,0.0,-0.0004,-0.0004,0.0003,STILL
-16.2758,19.4871,-0.87,0.0008,25.4049,0.2393,0.0,25.3023,0.0168,0.0007,0.0,-0.0004,-0.0004,0.0004,STILL
-16.0394,19.1053,-1.0835,0.0006,24.969,0.4359,0.0002,25.1952,0.0194,0.0007,0.0,-0.0004,-0.0004,0.0003,STILL
-15.969,19.0405,-0.423,0.0007,24.8542,0.1148,0.0001,25.1217,0.0371,0.0007,0.0,-0.0005,-0.0004,0.0003,STILL
-16.3252,19.2137,-0.6884,0.0007,25.222,0.3679,0.0,25.1231,0.0374,0.0007,0.0,-0.0005,-0.0004,0.0002,STILL
-16.4164,19.1928,-0.8601,0.0005,25.2706,0.0485,0.0002,25.1441,0.041,0.0007,0.0,-0.0005,-0.0004,0.0001,STILL
-16.4925,18.9636,-1.6444,0.0004,25.1858,0.0848,0.0001,25.1003,0.0258,0.0006,0.0,-0.0005,-0.0004,-0.0,STILL
-16.3503,18.6615,-2.1467,0.0005,24.9037,0.2822,0.0,25.0873,0.0299,0.0006,0.0,-0.0004,-0.0003,-0.0001,STILL
-16.3927,19.0136,-2.1174,0.0003,25.1937,0.29,0.0001,25.1552,0.0167,0.0005,0.0,-0.0004,-0.0001,-0.0001,STILL
-16.5704,18.6046,-1.8127,0.0002,24.9799,0.2137,0.0001,25.1067,0.0196,0.0004,0.0,-0.0003,0.0,-0.0001,STILL
-16.0938,18.5743,-2.2783,0.0002,24.6821,0.2978,0.0,24.989,0.0364,0.0003,0.0,-0.0002,0.0001,-0.0001,STILL
-15.6782,18.7845,-2.2445,0.0003,24.5703,0.1118,0.0001,24.8659,0.0486,0.0003,0.0,-0.0001,0.0002,-0.0001,STILL
-15.9332,19.1338,-2.43,0.0005,25.0175,0.4472,0.0001,24.8887,0.0524,0.0003,0.0,-0.0001,0.0002,-0.0001,STILL
-16.5684,18.4383,-2.4658,0.0005,24.9111,0.1063,0.0,24.8322,0.0307,0.0004,0.0,0.0,0.0003,-0.0001,STILL
-16.7454,18.7006,-2.4102,0.0004,25.2177,0.3065,0.0001,24.8797,0.0538,0.0004,0.0,0.0001,0.0004,-0.0001,STILL
-16.7057,18.2574,-2.0906,0.0003,24.8351,0.3826,0.0001,24.9103,0.0454,0.0004,0.0,0.0001,0.0004,-0.0001,STILL
-16.452,19.0684,-2.1475,0.0001,25.2762,0.4411,0.0001,25.0515,0.0292,0.0004,0.0,0.0001,0.0003,-0.0,STILL
-16.2179,19.3172,-1.4243,0.0001,25.2627,0.0135,0.0001,25.1006,0.0354,0.0003,0.0,0.0001,0.0002,0.0,STILL
-16.4462,19.21,-0.7332,0.0006,25.299,0.0363,0.0005,25.1781,0.0301,0.0003,0.0,0.0,0.0,0.0,STILL
-16.4913,19.4337,-1.5615,0.0005,25.5356,0.2366,0.0001,25.2417,0.0513,0.0003,0.0,0.0001,-0.0001,0.0,STILL
-16.4712,19.0438,-1.3305,0.0003,25.2138,0.3218,0.0002,25.3175,0.0127,0.0003,0.0,0.0,-0.0002,-0.0,STILL
-16.4707,19.1069,-1.3769,0.0002,25.2637,0.0499,0.0001,25.315,0.0129,0.0003,0.0,0.0,-0.0003,-0.0,STILL
-16.4641,19.5387,-1.6078,0.0001,25.601,0.3373,0.0002,25.3826,0.0241,0.0004,0.0,0.0,-0.0003,-0.0,STILL
-16.4931,19.3528,-1.6362,0.0002,25.48,0.1209,0.0001,25.4188,0.0233,0.0003,0.0,0.0,-0.0002,-0.0,STILL
-16.6507,19.076,-2.059,0.0002,25.4043,0.0757,0.0,25.3926,0.02,0.0002,0.0,-0.0,-0.0001,-0.0,STILL
-16.3768,19.0514,-2.1284,0.0003,25.2128,0.1915,0.0001,25.3924,0.02,0.0002,0.0,-0.0,0.0001,-0.0001,STILL
-16.5202,19.4224,-2.4496,0.0003,25.6154,0.4025,0.0,25.4627,0.0217,0.0002,0.0,-0.0001,0.0002,-0.0001,STILL
-16.1943,19.1379,-2.2316,0.0004,25.1693,0.4461,0.0001,25.3764,0.0277,0.0003,0.0,-0.0001,0.0002,-0.0001,STILL
-15.8367,19.0009,-2.2915,0.0005,24.8413,0.3281,0.0001,25.2486,0.0665,0.0004,0.0,-0.0,0.0003,-0.0002,STILL
-15.4537,19.3164,-2.952,0.0004,24.9129,0.0717,0.0001,25.1504,0.0745,0.0004,0.0,0.0,0.0003,-0.0002,STILL
-15.7911,19.1844,-3.2116,0.0003,25.0542,0.1413,0.0001,25.1186,0.0745,0.0004,0.0,0.0,0.0003,-0.0002,STILL
-15.7923,19.3287,-3.2942,0.0002,25.1763,0.1221,0.0001,25.0308,0.0181,0.0004,0.0,0.0,0.0003,-0.0002,STILL
-15.4276,18.6505,-2.4479,0.0002,24.3278,0.8485,0.0,24.8625,0.0848,0.0003,0.0,0.0,0.0003,-0.0001,STILL
-15.6952,18.6391,-1.9739,0.0004,24.4469,0.1191,0.0001,24.7836,0.1131,0.0003,0.0,-0.0,0.0002,0.0,STILL
-16.0968,18.5082,-1.4635,0.0006,24.5724,0.1254,0.0002,24.7155,0.114,0.0003,0.0,-0.0001,-0.0,0.0001,STILL
-16.4899,18.8972,-0.8583,0.0004,25.095,0.5226,0.0001,24.7237,0.1198,0.0004,0.0,-0.0001,-0.0001,0.0002,STILL
-15.7763,19.0896,-1.1773,0.0003,24.793,0.302,0.0001,24.647,0.0739,0.0004,0.0,-0.0,-0.0002,0.0002,STILL
-16.3992,19.0904,-1.6668,0.0004,25.2221,0.4292,0.0001,24.8259,0.0877,0.0004,0.0,0.0,-0.0003,0.0002,STILL
-16.2943,19.4067,-1.5741,0.0004,25.3891,0.1669,0.0,25.0143,0.0869,0.0004,0.0,0.0001,-0.0003,0.0002,STILL
-16.6448,19.4004,-1.7155,0.0003,25.6197,0.2306,0.0001,25.2238,0.0773,0.0004,0.0,0.0002,-0.0002,0.0001,STILL
-16.669,19.5891,-1.9037,0.0004,25.7917,0.172,0.0001,25.3631,0.119,0.0004,0.0,0.0003,-0.0001,0.0001,STILL
-16.5415,19.3994,-1.9417,0.0005,25.5681,0.2236,0.0001,25.5181,0.0384,0.0004,0.0,0.0003,-0.0001,0.0,STILL
-16.3644,19.3226,-1.9315,0.0005,25.3946,0.1734,0.0,25.5526,0.0227,0.0004,0.0,0.0004,-0.0001,-0.0,STILL
-16.1197,19.2331,-2.1202,0.0005,25.1843,0.2103,0.0,25.5117,0.0428,0.0004,0.0,0.0004,-0.0,-0.0001,STILL
-16.0707,19.2115,-1.7961,0.0003,25.1113,0.0731,0.0002,25.41,0.0622,0.0004,0.0,0.0004,-0.0,-0.0001,STILL
-16.0441,19.1098,-1.7744,0.0003,25.0149,0.0963,0.0,25.2546,0.0402,0.0004,0.0,0.0004,-0.0001,-0.0001,STILL
-15.7853,19.2722,-2.1133,0.0006,25.0012,0.0137,0.0003,25.1413,0.0205,0.0004,0.0,0.0004,0.0,-0.0001,STILL
-15.7563,18.8365,-2.1625,0.0004,24.6527,0.3485,0.0002,24.9929,0.0334,0.0004,0.0,0.0003,0.0,0.0,STILL
-15.8332,19.0567,-2.2706,0.0004,24.8798,0.2271,0.0,24.932,0.0249,0.0004,0.0,0.0003,0.0001,0.0001,STILL
-15.7416,18.8298,-2.6665,0.0004,24.6874,0.1924,0.0,24.8472,0.0233,0.0004,0.0,0.0003,0.0,0.0002,STILL
-16.3276,18.5326,-3.2926,0.0003,24.9176,0.2302,0.0001,24.8277,0.0182,0.0004,0.0,0.0003,-0.0,0.0002,STILL
-16.684,18.551,-3.2028,0.0001,25.1546,0.237,0.0002,24.8584,0.0327,0.0003,0.0,0.0002,-0.0001,0.0002,STILL
-16.2628,18.0408,-3.106,0.0002,24.4867,0.6679,0.0,24.8252,0.0507,0.0003,0.0,0.0001,-0.0001,0.0002,STILL
-16.0915,18.2077,-2.9848,0.0003,24.4819,0.0048,0.0001,24.7456,0.0674,0.0003,0.0,0.0001,-0.0002,0.0001,STILL
-15.9544,18.5474,-3.291,0.0003,24.6856,0.2037,0.0,24.7453,0.0674,0.0002,0.0,0.0001,-0.0002,0.0001,STILL
-16.4198,18.8035,-3.2109,0.0003,25.1693,0.4837,0.0001,24.7956,0.0949,0.0002,0.0,0.0001,-0.0001,0.0,STILL
-16.5015,18.7116,-2.9187,0.0003,25.1185,0.0508,0.0,24.7884,0.0899,0.0003,0.0,0.0002,-0.0001,0.0001,STILL
-16.1762,19.1786,-3.1725,0.0009,25.2894,0.1709,0.0006,24.9489,0.0961,0.0004,0.0,0.0002,0.0,-0.0001,STILL
-16.0378,19.2085,-3.1567,0.0013,25.2219,0.0675,0.0004,25.0969,0.0455,0.0006,0.0,0.0002,0.0001,-0.0004,STILL
-16.0803,19.1543,-3.066,0.0014,25.1965,0.0254,0.0001,25.1991,0.0032,0.0008,0.0,0.0002,0.0002,-0.0006,STILL
-15.8392,18.5203,-3.0841,0.0014,24.5641,0.6324,0.0001,25.0781,0.069,0.0011,0.0,0.0001,0.0002,-0.0009,STILL
-16.3245,18.385,-2.6047,0.0013,24.7241,0.16,0.0001,24.9992,0.0875,0.0013,0.0,0.0001,0.0002,-0.0012,STILL
-16.6971,18.4518,-2.4588,0.0009,25.0061,0.282,0.0005,24.9425,0.0675,0.0013,0.0,0.0,0.0001,-0.0012,STILL
-16.6702,18.752,-2.9952,0.0008,25.2687,0.2625,0.0001,24.9519,0.0731,0.0012,0.0,-0.0,0.0001,-0.0011,STILL
-16.8861,18.9048,-3.2274,0.0005,25.5528,0.2842,0.0003,25.0232,0.1283,0.001,0.0,-0.0001,-0.0,-0.0009,STILL
-17.1902,18.8488,-2.1882,0.0004,25.604,0.0512,0.0001,25.2312,0.1103,0.0008,0.0,-0.0002,-0.0001,-0.0007,STILL
-17.449,18.8165,-2.3099,0.0006,25.7656,0.1615,0.0001,25.4394,0.0727,0.0006,0.0,-0.0003,-0.0002,-0.0004,STILL
-17.2061,19.0845,-2.4104,0.0004,25.8085,0.0429,0.0002,25.5999,0.0366,0.0005,0.0,-0.0003,-0.0002,-0.0002,STILL
-17.7211,19.1488,-2.5346,0.0006,26.2134,0.4049,0.0002,25.7889,0.0542,0.0005,0.0,-0.0003,-0.0001,-0.0002,STILL
-17.5644,19.2191,-2.7058,0.0013,26.1764,0.037,0.0007,25.9136,0.0575,0.0007,0.0,-0.0003,-0.0,-0.0004,STILL
-16.9109,19.3565,-2.8928,0.0016,25.8654,0.3109,0.0003,25.9658,0.0361,0.0009,0.0,-0.0002,0.0,-0.0006,STILL
-17.3037,18.9477,-2.5955,0.0015,25.7909,0.0745,0.0001,25.9709,0.0342,0.0011,0.0,-0.0001,0.0002,-0.0009,STILL
-17.7961,18.8894,-2.492,0.0013,26.0715,0.2806,0.0002,26.0235,0.0282,0.0013,0.0,-0.0001,0.0003,-0.0012,STILL
-17.3806,18.5022,-2.0811,0.0011,25.4705,0.6009,0.0002,25.8749,0.06,0.0013,0.0,-0.0001,0.0004,-0.0013,STILL
-16.9889,18.7642,-2.1149,0.0006,25.4006,0.0699,0.0005,25.7198,0.0628,0.0012,0.0,-0.0001,0.0004,-0.0011,STILL
-17.4349,18.5895,-2.3419,0.0003,25.5935,0.1929,0.0003,25.6654,0.0588,0.001,0.0,-0.0001,0.0004,-0.0008,STILL
-17.4604,18.6747,-1.961,0.0003,25.6409,0.0474,0.0001,25.6354,0.0548,0.0007,0.0,-0.0,0.0004,-0.0005,STILL
-17.4777,18.6335,-2.2032,0.0003,25.6424,0.0015,0.0,25.5496,0.0095,0.0005,0.0,-0.0,0.0003,-0.0002,STILL
-17.0665,18.7568,-1.4407,0.0003,25.4,0.2424,0.0,25.5355,0.0125,0.0004,0.0,-0.0,0.0002,0.0,STILL
-16.8251,18.5805,-2.3338,0.0004,25.1747,0.2253,0.0001,25.4903,0.0328,0.0003,0.0,-0.0,0.0001,0.0002,STILL
-16.5695,18.2112,-2.6639,0.0004,24.7647,0.4099,0.0,25.3245,0.1085,0.0003,0.0,-0.0,0.0001,0.0003,STILL
-16.4868,18.1409,-3.3624,0.0006,24.7429,0.0218,0.0002,25.1449,0.1239,0.0004,0.0,-0.0001,0.0001,0.0004,STILL
-16.3019,18.6221,-3.3212,0.0004,24.9713,0.2284,0.0002,25.0107,0.0624,0.0004,0.0,-0.0001,0.0001,0.0004,STILL
-16.3634,18.6195,-2.8475,0.0005,24.9511,0.0202,0.0,24.9209,0.0248,0.0005,0.0,-0.0001,0.0001,0.0004,STILL
-16.647,18.3613,-3.3562,0.0006,25.0104,0.0593,0.0001,24.8881,0.0124,0.0005,0.0,-0.0,0.0003,0.0004,STILL
-16.4051,18.1953,-3.2131,0.0005,24.7087,0.3018,0.0,24.8769,0.0157,0.0005,0.0,0.0,0.0003,0.0004,STILL
-16.1616,18.5406,-3.1798,0.0005,24.8004,0.0918,0.0,24.8884,0.0131,0.0005,0.0,0.0001,0.0003,0.0003,STILL
-16.0761,18.9293,-3.0064,0.0006,25.016,0.2156,0.0,24.8973,0.015,0.0005,0.0,0.0001,0.0003,0.0004,STILL
-16.3109,18.6716,-2.9332,0.0006,24.9655,0.0505,0.0,24.9002,0.0153,0.0005,0.0,0.0001,0.0003,0.0004,STILL
-16.3144,18.6935,-2.3216,0.0007,24.9198,0.0458,0.0001,24.8821,0.0126,0.0006,0.0,0.0001,0.0002,0.0005,STILL
-16.3421,18.8298,-2.1791,0.0006,25.0275,0.1077,0.0001,24.9458,0.0068,0.0006,0.0,0.0001,0.0001,0.0005,STILL
-16.7518,19.092,-2.1214,0.0005,25.4878,0.4603,0.0001,25.0833,0.0424,0.0006,0.0,0.0001,0.0,0.0005,STILL
-16.6796,19.0455,-2.9753,0.0005,25.491,0.0032,0.0,25.1783,0.0657,0.0006,0.0,0.0001,-0.0,0.0005,STILL
-16.3405,19.1582,-1.749,0.0006,25.241,0.2499,0.0001,25.2334,0.0544,0.0006,0.0,0.0001,-0.0002,0.0005,STILL
-16.1224,18.9235,-1.5679,0.0008,24.9096,0.3314,0.0002,25.2314,0.0557,0.0006,0.0,0.0,-0.0003,0.0004,STILL
-16.1323,18.9575,-2.87,0.0009,25.0575,0.1478,0.0,25.2374,0.0534,0.0006,0.0,-0.0,-0.0005,0.0003,STILL
-16.0559,18.4379,-3.2553,0.0008,24.6646,0.3928,0.0001,25.0727,0.0793,0.0007,0.0,-0.0,-0.0006,0.0002,STILL
-16.0166,19.0722,-3.1949,0.0007,25.1095,0.4449,0.0,24.9964,0.0388,0.0008,0.0,-0.0001,-0.0007,0.0002,STILL
-15.9351,18.7828,-3.259,0.0007,24.8464,0.2631,0.0,24.9175,0.0251,0.0008,0.0,-0.0001,-0.0008,0.0002,STILL
-16.02,18.8918,-2.6229,0.0009,24.9082,0.0619,0.0001,24.9172,0.0251,0.0008,0.0,-0.0001,-0.0008,0.0002,STILL
-16.1816,18.7541,-3.042,0.0007,24.9562,0.048,0.0002,24.897,0.0211,0.0008,0.0,-0.0,-0.0007,0.0002,STILL
-16.6015,18.3751,-3.1336,0.0005,24.9615,0.0053,0.0002,24.9564,0.0076,0.0007,0.0,0.0,-0.0006,0.0002,STILL
-16.4375,18.5282,-2.6725,0.0005,24.9124,0.0491,0.0,24.917,0.0017,0.0006,0.0,0.0001,-0.0006,0.0002,STILL
-16.9625,18.157,-2.8474,0.0004,25.0102,0.0978,0.0001,24.9497,0.0014,0.0006,0.0,0.0002,-0.0004,0.0002,STILL
-16.9575,18.4381,-2.581,0.0003,25.1829,0.1728,0.0001,25.0047,0.0089,0.0005,0.0,0.0002,-0.0003,0.0002,STILL
-16.7597,18.7067,-2.1773,0.0001,25.2105,0.0276,0.0002,25.0555,0.0143,0.0003,0.0,0.0002,-0.0002,0.0001,STILL
-16.8015,18.8529,-1.9606,0.0003,25.3292,0.1186,0.0002,25.129,0.0221,0.0003,0.0,0.0002,-0.0001,0.0002,STILL
-16.9662,18.8448,-1.781,0.0003,25.4195,0.0903,0.0,25.2305,0.0193,0.0003,0.0,0.0002,-0.0001,0.0002,STILL
-16.6324,18.9383,-1.856,0.0003,25.2733,0.1462,0.0,25.2831,0.0072,0.0003,0.0,0.0001,-0.0,0.0002,STILL
-17.1434,19.3132,-2.1505,0.0003,25.9137,0.6404,0.0,25.4292,0.0634,0.0003,0.0,0.0001,0.0,0.0002,STILL
-16.6428,19.0568,-2.0422,0.0007,25.3834,0.5303,0.0004,25.4638,0.053,0.0004,0.0,0.0002,0.0001,0.0001,STILL
-16.4986,18.6298,-2.0838,0.0011,24.9723,0.4111,0.0005,25.3924,0.0926,0.0006,0.0,0.0001,0.0001,-0.0002,STILL
-16.8552,18.8632,-3.4327,0.0013,25.5284,0.5561,0.0002,25.4142,0.0957,0.0008,0.0,0.0001,0.0002,-0.0005,STILL
-16.8591,18.6124,-3.9149,0.0038,25.4161,0.1123,0.0025,25.4428,0.0909,0.0015,2e-06,-0.0,0.0003,-0.0013,STILL
-16.7467,18.8337,-3.7194,0.0028,25.4754,0.0592,0.001,25.3551,0.0391,0.002,1e-06,-0.0001,0.0003,-0.0019,STILL
-16.6005,19.0545,-3.6005,0.0017,25.5267,0.0513,0.0011,25.3838,0.044,0.0022,1e-06,-0.0002,0.0002,-0.0021,STILL
-16.6835,19.4123,-3.5429,0.001,25.8405,0.3138,0.0007,25.5574,0.0217,0.0021,1e-06,-0.0002,0.0002,-0.0021,STILL
-16.7937,19.6767,-3.275,0.0006,26.0754,0.2349,0.0004,25.6668,0.0632,0.002,1e-06,-0.0002,0.0001,-0.002,STILL
-16.7412,19.6758,-3.1481,0.0007,26.0252,0.0502,0.0001,25.7886,0.0615,0.0014,1e-06,-0.0002,0.0001,-0.0013,STILL
-16.5617,19.0437,-2.9185,0.0012,25.4061,0.6191,0.0005,25.7748,0.071,0.001,0.0,-0.0001,0.0002,-0.001,STILL
-16.515,19.4006,-2.6817,0.0012,25.6187,0.2126,0.0,25.7932,0.0632,0.0009,0.0,-0.0001,0.0002,-0.0009,STILL
-17.2026,19.0611,-2.8703,0.0011,25.8359,0.2172,0.0001,25.7923,0.0631,0.001,0.0,-0.0001,0.0003,-0.0009,STILL
-17.0402,19.0708,-3.09,0.001,25.7607,0.0753,0.0002,25.7293,0.0433,0.001,0.0,-0.0,0.0004,-0.001,STILL
-17.3009,19.1222,-2.9845,0.0005,25.9594,0.1987,0.0005,25.7162,0.0362,0.001,0.0,-0.0,0.0005,-0.0008,STILL
-18.0876,18.8665,-2.872,0.001,26.2937,0.3343,0.0005,25.8937,0.0522,0.001,0.0,0.0,0.0005,-0.0005,STILL
-17.2357,18.5714,-2.9538,0.0006,25.5086,0.785,0.0004,25.8717,0.0662,0.0008,0.0,0.0001,0.0004,-0.0001,STILL
-17.5729,18.6946,-3.4412,0.0007,25.887,0.3784,0.0001,25.8819,0.0659,0.0007,0.0,0.0001,0.0003,0.0002,STILL
-17.3771,18.5932,-3.6467,0.001,25.7093,0.1777,0.0003,25.8716,0.0688,0.0008,0.0,0.0001,0.0002,0.0006,STILL
-17.4954,18.6558,-3.7361,0.001,25.8474,0.1381,0.0,25.8492,0.0669,0.0009,0.0,0.0,0.0,0.0008,STILL
-17.1557,18.7934,-3.4076,0.0011,25.6734,0.174,0.0001,25.7251,0.0182,0.0009,0.0,-0.0001,-0.0002,0.0008,STILL
-17.3402,19.1222,-2.423,0.0007,25.9271,0.2537,0.0004,25.8088,0.01,0.0009,0.0,-0.0001,-0.0004,0.0008,STILL
-17.3097,19.2821,-2.7853,0.0006,26.0611,0.1341,0.0002,25.8437,0.0203,0.0009,0.0,-0.0001,-0.0004,0.0005,STILL
-17.5102,18.882,-3.1532,0.0006,25.9438,0.1174,0.0001,25.8905,0.0165,0.0008,0.0,-0.0001,-0.0004,0.0002,STILL
-17.2207,19.1212,-2.9569,0.0007,25.902,0.0417,0.0,25.9015,0.016,0.0007,0.0,-0.0001,-0.0004,-0.0001,STILL
-16.8672,18.9001,-2.8281,0.0008,25.4895,0.4126,0.0001,25.8647,0.0382,0.0007,0.0,-0.0001,-0.0003,-0.0004,STILL
-16.2469,18.8794,-2.8062,0.0005,25.0653,0.4242,0.0003,25.6923,0.1355,0.0006,0.0,-0.0002,-0.0003,-0.0005,STILL
-16.81,18.6692,-2.5918,0.0001,25.2553,0.19,0.0004,25.5312,0.1205,0.0005,0.0,-0.0002,-0.0002,-0.0004,STILL
-16.9667,18.8791,-2.4516,0.0002,25.501,0.2457,0.0001,25.4426,0.0788,0.0004,0.0,-0.0002,-0.0002,-0.0003,STILL
-16.9671,18.9408,-2.5675,0.0005,25.5583,0.0574,0.0003,25.3739,0.0346,0.0004,0.0,-0.0002,-0.0001,-0.0001,STILL
-16.6862,18.7026,-2.3228,0.0013,25.1717,0.3867,0.0008,25.3103,0.036,0.0005,0.0,-0.0001,-0.0001,0.0003,STILL
-16.4427,19.0277,-2.4051,0.0017,25.2627,0.091,0.0004,25.3498,0.0229,0.0008,0.0,-0.0,-0.0001,0.0007,STILL
-16.7979,18.6316,-1.8334,0.002,25.1529,0.1098,0.0003,25.3293,0.0285,0.0011,0.0,0.0,-0.0001,0.0011,STILL
-16.6602,18.5615,-1.948,0.0018,25.0177,0.1351,0.0002,25.2327,0.0327,0.0015,0.0,0.0001,-0.0001,0.0014,STILL
-16.25,18.4679,-2.3209,0.0016,24.7086,0.3091,0.0002,25.0627,0.0375,0.0017,0.0,0.0002,-0.0001,0.0016,STILL
-16.0969,18.7212,-1.8723,0.0012,24.7609,0.0523,0.0003,24.9805,0.0466,0.0017,0.0,0.0002,-0.0001,0.0016,STILL
-16.2338,18.7926,-2.9198,0.0012,25.0045,0.2436,0.0001,24.9289,0.0281,0.0016,0.0,0.0002,-0.0001,0.0015,STILL
-15.7683,18.7278,-2.0483,0.0011,24.5676,0.4369,0.0001,24.8118,0.0305,0.0014,0.0,0.0002,-0.0001,0.0014,STILL
-15.8084,18.7916,-2.4418,0.0009,24.6778,0.1102,0.0002,24.7439,0.021,0.0012,0.0,0.0001,-0.0001,0.0012,STILL
-16.0279,19.1614,-2.3909,0.0005,25.0953,0.4175,0.0003,24.8212,0.0394,0.001,0.0,0.0001,-0.0001,0.0009,STILL
-16.2349,19.3729,-2.1877,0.0005,25.3706,0.2753,0.0,24.9431,0.0842,0.0008,0.0,0.0001,-0.0001,0.0008,STILL
-16.0691,19.0702,-2.1471,0.0005,25.03,0.3406,0.0,24.9482,0.0849,0.0007,0.0,0.0001,-0.0001,0.0007,STILL
-15.6772,19.1155,-2.0083,0.0009,24.8034,0.2265,0.0004,24.9954,0.0579,0.0007,0.0,0.0002,-0.0001,0.0003,STILL
-15.5105,19.5924,-2.1129,0.0017,25.0779,0.2745,0.0008,25.0754,0.0327,0.0008,0.0,0.0002,0.0001,-0.0002,STILL
-15.4428,19.6771,-1.9403,0.0015,25.0885,0.0105,0.0002,25.0741,0.0327,0.001,0.0,0.0001,0.0002,-0.0006,STILL
-15.2886,19.3604,-1.871,0.0008,24.74,0.3485,0.0007,24.948,0.0215,0.0011,0.0,0.0001,0.0003,-0.0008,STILL
-15.659,18.9758,-2.028,0.0007,24.686,0.054,0.0001,24.8792,0.0291,0.0011,0.0,0.0001,0.0003,-0.0011,STILL
-16.0428,19.2525,-2.0787,0.0006,25.1466,0.4606,0.0001,24.9478,0.0376,0.0011,0.0,0.0001,0.0003,-0.001,STILL
-16.103,19.352,-2.2254,0.0007,25.2737,0.1271,0.0,24.987,0.0539,0.0009,0.0,0.0001,0.0003,-0.0008,STILL
-15.8855,19.166,-2.4772,0.0005,25.0164,0.2573,0.0002,24.9726,0.0518,0.0007,0.0,0.0,0.0003,-0.0006,STILL
-16.3022,19.1047,-2.5662,0.0003,25.2455,0.229,0.0002,25.0737,0.0457,0.0006,0.0,-0.0001,0.0002,-0.0004,STILL
-16.6574,19.09,-2.9592,0.0005,25.5079,0.2624,0.0002,25.238,0.0263,0.0005,0.0,-0.0002,0.0001,-0.0002,STILL
-16.2696,18.8157,-4.233,0.0006,25.232,0.2759,0.0001,25.2551,0.0244,0.0005,0.0,-0.0002,-0.0,-0.0001,STILL
-16.0313,18.7651,-2.4301,0.0008,24.8,0.432,0.0002,25.1603,0.0567,0.0005,0.0,-0.0003,-0.0002,0.0001,STILL
-16.2188,19.1152,-2.5222,0.0008,25.1953,0.3953,0.0001,25.1961,0.0516,0.0006,0.0,-0.0004,-0.0004,0.0002,STILL
-15.9157,19.2265,-2.4584,0.0007,25.0801,0.1152,0.0,25.163,0.0527,0.0007,0.0,-0.0004,-0.0004,0.0003,STILL
-15.52,19.325,-2.6167,0.0005,24.9234,0.1568,0.0002,25.0461,0.0267,0.0007,0.0,-0.0003,-0.0004,0.0001,STILL
-15.291,19.8225,-2.509,0.0003,25.1603,0.237,0.0002,25.0318,0.0222,0.0006,0.0,-0.0003,-0.0003,0.0001,STILL
-14.9891,19.783,-2.326,0.0003,24.9289,0.2314,0.0,25.0576,0.0129,0.0005,0.0,-0.0002,-0.0002,0.0001,STILL
-14.7756,19.6545,-2.1389,0.0001,24.6819,0.247,0.0002,24.9549,0.0268,0.0004,0.0,-0.0001,-0.0001,-0.0,STILL
-14.7455,19.5705,-2.3767,0.0002,24.6188,0.0631,0.0001,24.8626,0.0378,0.0003,0.0,0.0,-0.0,-0.0001,STILL
-15.2183,19.2126,-2.2795,0.0006,24.6154,0.0034,0.0004,24.801,0.0455,0.0003,0.0,0.0001,0.0001,0.0,STILL
-15.1559,18.6107,-1.9049,0.0008,24.0767,0.5387,0.0002,24.5843,0.0776,0.0004,0.0,0.0002,0.0001,0.0002,STILL
-15.3091,18.5355,-1.852,0.0009,24.1114,0.0347,0.0001,24.4208,0.0719,0.0005,0.0,0.0003,0.0001,0.0003,STILL
-15.6129,18.844,-1.5066,0.001,24.5179,0.4065,0.0001,24.388,0.059,0.0007,0.0,0.0004,0.0002,0.0005,STILL
-15.7341,18.3877,-1.8897,0.0008,24.2742,0.2437,0.0002,24.3191,0.0462,0.0008,0.0,0.0003,0.0002,0.0007,STILL
-15.5091,18.7195,-1.7649,0.0007,24.3735,0.0993,0.0,24.2708,0.0269,0.0008,0.0,0.0003,0.0001,0.0008,STILL
-15.8823,18.7569,-1.9681,0.0007,24.6565,0.2829,0.0,24.3867,0.0357,0.0008,0.0,0.0002,0.0001,0.0008,STILL
-15.8902,18.4774,-2.1526,0.0007,24.4652,0.1913,0.0,24.4575,0.0168,0.0008,0.0,0.0001,0.0001,0.0007,STILL
-16.1403,18.21,-1.9971,0.0004,24.4152,0.05,0.0003,24.4369,0.016,0.0006,0.0,0.0001,0.0001,0.0006,STILL
-16.1029,18.7555,-1.7914,0.0005,24.7847,0.3695,0.0001,24.539,0.0245,0.0006,0.0,0.0001,0.0001,0.0005,STILL
-16.4854,18.9763,-1.8706,0.0016,25.2065,0.4218,0.0011,24.7056,0.0803,0.0008,0.0,0.0001,0.0002,0.0007,STILL
-16.9477,19.1967,-1.8684,0.0016,25.6754,0.4689,0.0,24.9094,0.2264,0.001,0.0,0.0001,0.0003,0.0009,STILL
-17.2332,19.2761,-1.8072,0.001,25.9194,0.244,0.0007,25.2002,0.3064,0.001,0.0,0.0001,0.0004,0.0009,STILL
-17.049,19.5677,-1.9864,0.0006,26.0291,0.1097,0.0004,25.523,0.2163,0.0011,0.0,0.0001,0.0005,0.0009,STILL
-17.2299,20.1354,-1.8079,0.0006,26.5626,0.5336,0.0,25.8786,0.197,0.0011,0.0,0.0,0.0005,0.0008,STILL
-17.1964,20.1615,-1.8994,0.0006,26.5671,0.0044,0.0,26.1507,0.1274,0.0009,0.0,-0.0,0.0005,0.0004,STILL
-17.2852,19.8854,-2.1539,0.0005,26.4358,0.1313,0.0002,26.3028,0.0754,0.0006,0.0,-0.0,0.0005,0.0001,STILL
-17.3376,19.374,-2.695,0.0007,26.1382,0.2976,0.0002,26.3465,0.0495,0.0006,0.0,0.0,0.0005,-0.0002,STILL
-17.395,19.2679,-2.806,0.0005,26.1097,0.0285,0.0001,26.3627,0.0403,0.0006,0.0,0.0,0.0005,-0.0002,STILL
-17.2317,19.08,-3.0198,0.0004,25.8862,0.2235,0.0002,26.2274,0.0594,0.0005,0.0,0.0001,0.0005,-0.0002,STILL
-16.9947,19.2608,-2.9377,0.0003,25.854,0.0322,0.0,26.0848,0.0439,0.0005,0.0,0.0001,0.0004,-0.0002,STILL
-16.7895,19.1493,-2.8127,0.0002,25.6222,0.2319,0.0002,25.922,0.0356,0.0004,0.0,0.0,0.0003,-0.0001,STILL
-16.666,19.4257,-2.8251,0.0003,25.7506,0.1285,0.0001,25.8445,0.0261,0.0003,0.0,-0.0001,0.0002,-0.0001,STILL
-16.264,19.4218,-2.5757,0.0002,25.4629,0.2877,0.0001,25.7152,0.0244,0.0003,0.0,-0.0001,0.0001,-0.0,STILL
-16.355,19.2906,-2.5856,0.0001,25.4224,0.0405,0.0,25.6224,0.0271,0.0002,0.0,-0.0001,-0.0,-0.0,STILL
-16.034,19.2106,-2.6997,0.0002,25.1679,0.2545,0.0001,25.4852,0.0389,0.0002,0.0,-0.0001,-0.0001,0.0,STILL
-16.1209,19.256,-2.7035,0.0001,25.2584,0.0905,0.0,25.4124,0.0401,0.0002,0.0,-0.0001,-0.0001,-0.0,STILL
-16.5874,19.7985,-2.7878,0.0001,25.9787,0.7203,0.0,25.4581,0.0793,0.0001,0.0,-0.0,-0.0001,0.0,STILL
-16.7637,19.6982,-2.7834,0.0003,26.0151,0.0364,0.0001,25.5685,0.1292,0.0002,0.0,-0.0,-0.0001,0.0001,STILL
-16.6547,19.4023,-2.5486,0.0003,25.6967,0.3184,0.0,25.6234,0.1252,0.0002,0.0,-0.0001,-0.0001,0.0001,STILL
-16.7612,19.4343,-3.0232,0.0003,25.8413,0.1446,0.0,25.7581,0.075,0.0002,0.0,-0.0001,-0.0001,0.0,STILL
-16.5621,19.5068,-3.2248,0.0003,25.7919,0.0494,0.0,25.8648,0.0139,0.0003,0.0,-0.0002,-0.0001,-0.0,STILL
-16.4153,19.6336,-2.8924,0.0001,25.7547,0.0371,0.0002,25.82,0.0118,0.0003,0.0,-0.0002,-0.0,-0.0,STILL
-16.1916,18.9788,-3.0045,0.0001,25.1275,0.6273,0.0,25.6424,0.0685,0.0002,0.0,-0.0002,-0.0,-0.0001,STILL
-16.0127,18.6549,-3.0286,0.0003,24.7706,0.3569,0.0003,25.4572,0.1856,0.0002,0.0,-0.0002,-0.0,-0.0001,STILL
-16.1758,18.3364,-2.4104,0.0004,24.5701,0.2005,0.0001,25.203,0.2489,0.0003,0.0,-0.0001,-0.0001,-0.0,STILL
-15.7844,18.0847,-1.9596,0.0006,24.0841,0.486,0.0002,24.8614,0.3132,0.0003,0.0,-0.0001,-0.0002,0.0,STILL
-15.6619,18.8584,-1.6302,0.0005,24.5681,0.484,0.0001,24.6241,0.1145,0.0004,0.0,-0.0001,-0.0004,0.0,STILL
-15.6201,18.9992,-1.1885,0.0002,24.6246,0.0565,0.0003,24.5235,0.0537,0.0004,0.0,-0.0001,-0.0004,0.0001,STILL
-16.1555,18.8588,-1.3289,0.0001,24.868,0.2434,0.0001,24.543,0.0648,0.0004,0.0,-0.0001,-0.0003,0.0001,STILL
-16.0525,19.0464,-1.0756,0.0001,24.932,0.064,0.0,24.6154,0.0897,0.0003,0.0,-0.0,-0.0002,0.0001,STILL
-16.267,19.1652,-1.6136,0.0001,25.1898,0.2578,0.0,24.8365,0.0504,0.0002,0.0,-0.0,-0.0001,0.0,STILL
-16.123,19.1353,-1.694,0.0001,25.0795,0.1103,0.0,24.9388,0.0373,0.0001,0.0,-0.0,0.0,0.0,STILL
-16.4359,19.0176,-2.1865,0.0001,25.2307,0.1512,0.0,25.06,0.0199,0.0001,0.0,0.0,0.0001,-0.0,STILL
-16.7018,19.0391,-1.7054,0.0004,25.384,0.1533,0.0003,25.1632,0.0229,0.0002,0.0,0.0001,0.0001,-0.0,STILL
-16.574,19.0125,-1.855,0.0005,25.2906,0.0934,0.0,25.2349,0.0103,0.0002,0.0,0.0001,0.0001,-0.0001,STILL
-16.3342,18.8225,-2.4059,0.0004,25.0376,0.253,0.0001,25.2045,0.0168,0.0003,0.0,0.0001,0.0002,-0.0001,STILL
-15.9673,19.0236,-2.2528,0.0003,24.9385,0.0991,0.0,25.1763,0.027,0.0003,0.0,0.0002,0.0002,-0.0001,STILL
-16.027,19.0658,-2.6897,0.0004,25.052,0.1135,0.0001,25.1405,0.0282,0.0004,0.0,0.0002,0.0003,-0.0001,STILL
-16.2997,19.0839,-3.383,0.0001,25.3243,0.2723,0.0003,25.1286,0.023,0.0003,0.0,0.0002,0.0002,-0.0001,STILL
-16.3054,19.0046,-3.2471,0.0002,25.2504,0.0739,0.0001,25.1206,0.0206,0.0003,0.0,0.0001,0.0001,-0.0001,STILL
-16.2506,18.8256,-2.8508,0.0003,25.0322,0.2183,0.0001,25.1195,0.0208,0.0003,0.0,0.0001,0.0,-0.0001,STILL
-16.4942,18.9604,-2.5369,0.0003,25.2585,0.2264,0.0001,25.1835,0.014,0.0003,0.0,0.0,-0.0001,-0.0001,STILL
-16.9954,19.1871,-2.1951,0.0002,25.7256,0.4671,0.0,25.3182,0.0512,0.0002,0.0,-0.0,-0.0001,-0.0001,STILL
-16.515,19.2341,-2.3405,0.0002,25.4593,0.2663,0.0,25.3452,0.0544,0.0002,0.0,-0.0,-0.0001,-0.0001,STILL
-16.5527,19.1529,-2.8161,0.0002,25.4706,0.0114,0.0001,25.3892,0.0538,0.0002,0.0,-0.0,-0.0001,-0.0001,STILL
-16.564,19.5129,-2.3904,0.0002,25.7067,0.2361,0.0,25.5241,0.0303,0.0002,0.0,0.0,0.0,-0.0001,STILL
-16.7075,19.2135,-2.2029,0.0002,25.5568,0.1499,0.0,25.5838,0.0129,0.0002,0.0,0.0001,0.0001,-0.0001,STILL
-16.4378,19.1208,-2.4874,0.0002,25.3376,0.2192,0.0,25.5062,0.0149,0.0002,0.0,0.0001,0.0002,-0.0001,STILL
-16.6284,19.1904,-2.0399,0.0002,25.4742,0.1366,0.0001,25.5092,0.0147,0.0002,0.0,0.0,0.0002,-0.0001,STILL
-17.0683,19.4085,-1.935,0.0004,25.9184,0.4442,0.0002,25.5987,0.0399,0.0002,0.0,-0.0,0.0002,-0.0001,STILL
-16.9734,19.7862,-2.3262,0.0004,26.1725,0.2541,0.0001,25.6919,0.0947,0.0003,0.0,-0.0001,0.0002,-0.0001,STILL
-16.8162,20.1665,-2.5047,0.0003,26.377,0.2044,0.0002,25.8559,0.158,0.0003,0.0,-0.0001,0.0002,-0.0001,STILL
-16.778,20.1332,-2.785,0.0003,26.3553,0.0217,0.0001,26.0595,0.1127,0.0003,0.0,-0.0002,0.0001,-0.0001,STILL
-16.5974,19.8222,-2.4592,0.0004,25.97,0.3853,0.0,26.1586,0.036,0.0004,0.0,-0.0002,0.0,-0.0001,STILL
-16.8842,19.6577,-2.0236,0.0005,25.9922,0.0223,0.0002,26.1734,0.0297,0.0004,0.0,-0.0002,-0.0001,-0.0001,STILL
-16.8011,19.3387,-2.1252,0.0005,25.7056,0.2866,0.0,26.08,0.0648,0.0004,0.0,-0.0002,-0.0002,-0.0,STILL
-16.8659,19.121,-1.5908,0.0007,25.546,0.1596,0.0002,25.9138,0.0766,0.0005,0.0,-0.0002,-0.0004,0.0,STILL
-16.4739,19.253,-1.1601,0.0007,25.3656,0.1804,0.0,25.7159,0.0585,0.0006,0.0,-0.0002,-0.0005,0.0,STILL
-16.3917,19.4462,-1.0406,0.0007,25.4543,0.0887,0.0,25.6128,0.0487,0.0006,0.0,-0.0003,-0.0006,0.0001,STILL
-16.6414,19.0413,-1.3825,0.0004,25.3263,0.128,0.0002,25.4796,0.0185,0.0006,0.0,-0.0003,-0.0005,0.0001,STILL
-16.7913,19.0893,-2.1872,0.0005,25.5173,0.191,0.0001,25.4419,0.0072,0.0006,0.0,-0.0003,-0.0005,0.0001,STILL
-16.9393,19.1214,-1.4529,0.0003,25.5867,0.0694,0.0002,25.45,0.0091,0.0005,0.0,-0.0003,-0.0004,0.0001,STILL
-17.2233,19.4971,-2.2561,0.0004,26.1127,0.526,0.0001,25.5994,0.0732,0.0005,0.0,-0.0003,-0.0003,0.0001,STILL
-17.0474,19.2477,-2.7142,0.0004,25.8545,0.2582,0.0,25.6795,0.0756,0.0004,0.0,-0.0003,-0.0003,0.0001,STILL
-16.5285,18.9513,-2.5839,0.0003,25.2789,0.5756,0.0001,25.67,0.0826,0.0004,0.0,-0.0002,-0.0003,0.0001,STILL
-16.101,19.2423,-2.5484,0.0002,25.219,0.0598,0.0001,25.6104,0.1151,0.0003,0.0,-0.0002,-0.0002,0.0001,STILL
-16.3839,19.5563,-2.1356,0.0003,25.6016,0.3826,0.0001,25.6133,0.115,0.0003,0.0,-0.0002,-0.0002,0.0002,STILL
-16.2696,19.5107,-2.4085,0.0001,25.518,0.0836,0.0002,25.4944,0.0528,0.0003,0.0,-0.0001,-0.0001,0.0001,STILL
-15.6188,19.4492,-2.2768,0.0,25.048,0.47,0.0001,25.3331,0.0407,0.0002,0.0,-0.0001,-0.0001,0.0001,STILL
-16.0044,19.225,-2.1214,0.0003,25.1046,0.0566,0.0002,25.2983,0.0493,0.0002,0.0,-0.0,-0.0,0.0002,STILL
-16.2629,18.8831,-2.6596,0.0003,25.0625,0.0421,0.0,25.2669,0.0582,0.0002,0.0,0.0,0.0,0.0002,STILL
-16.851,19.0752,-2.4558,0.0004,25.5705,0.508,0.0002,25.2607,0.0542,0.0002,0.0,0.0,0.0001,0.0002,STILL
-16.5964,19.3258,-2.5303,0.0003,25.5994,0.0289,0.0001,25.277,0.0637,0.0003,0.0,0.0,0.0001,0.0002,STILL
-16.3427,19.4731,-2.1055,0.0004,25.5092,0.0902,0.0001,25.3692,0.0554,0.0003,0.0,0.0,0.0002,0.0002,STILL
-15.7992,19.8941,-1.5594,0.0005,25.4524,0.0569,0.0001,25.4388,0.038,0.0004,0.0,0.0001,0.0003,0.0002,STILL
-16.0206,19.8153,-1.3225,0.0005,25.5158,0.0634,0.0,25.5295,0.0026,0.0004,0.0,0.0001,0.0004,0.0002,STILL
-15.7477,19.5085,-1.9049,0.0004,25.1436,0.3722,0.0001,25.4441,0.0248,0.0004,0.0,0.0001,0.0004,0.0001,STILL
-15.9169,19.3318,-2.2395,0.0003,25.1413,0.0024,0.0,25.3525,0.0299,0.0004,0.0,0.0001,0.0004,0.0,STILL
-15.2554,19.3686,-1.7541,0.0002,24.7173,0.4239,0.0001,25.1941,0.0806,0.0004,0.0,0.0001,0.0003,-0.0,STILL
-15.5168,19.7511,-2.022,0.0003,25.1986,0.4812,0.0001,25.1433,0.0647,0.0004,0.0,0.0001,0.0002,-0.0,STILL
-15.8447,19.4571,-2.6864,0.0004,25.2359,0.0374,0.0001,25.0873,0.0355,0.0003,0.0,0.0001,-0.0,-0.0001,STILL
-15.5414,19.3563,-2.471,0.0006,24.9461,0.2898,0.0002,25.0478,0.0373,0.0004,0.0,0.0001,-0.0002,-0.0,STILL
-15.6862,18.9569,-1.7924,0.0005,24.6706,0.2755,0.0001,24.9537,0.0551,0.0004,0.0,0.0002,-0.0003,0.0,STILL
-15.799,18.5687,-1.5371,0.0005,24.4288,0.2418,0.0,24.896,0.0957,0.0005,0.0,0.0002,-0.0004,0.0001,STILL
-15.6454,18.6737,-1.5921,0.0013,24.4136,0.0153,0.0008,24.739,0.0993,0.0006,0.0,0.0002,-0.0003,-0.0001,STILL
-15.5382,18.6827,-2.2175,0.0018,24.4008,0.0128,0.0005,24.572,0.0449,0.0009,0.0,0.0002,-0.0001,-0.0005,STILL
-15.8025,18.8337,-2.5177,0.0011,24.7136,0.3129,0.0007,24.5255,0.0188,0.001,0.0,0.0002,-0.0,-0.0007,STILL
-15.867,18.7419,-2.5861,0.0012,24.6923,0.0214,0.0001,24.5298,0.0201,0.0012,0.0,0.0003,0.0,-0.001,STILL
-15.6811,19.0498,-2.6782,0.001,24.8186,0.1263,0.0002,24.6078,0.0287,0.0013,0.0,0.0002,0.0,-0.0012,STILL
-15.8136,18.9336,-2.9238,0.0008,24.8415,0.0229,0.0002,24.6934,0.0247,0.0012,0.0,0.0002,0.0,-0.0011,STILL
-15.7415,18.9469,-3.1203,0.0004,24.8297,0.0118,0.0003,24.7791,0.004,0.0009,0.0,0.0003,-0.0,-0.0008,STILL
-15.7463,19.4387,-2.8806,0.0003,25.1815,0.3518,0.0001,24.8727,0.0267,0.0007,0.0,0.0002,-0.0001,-0.0007,STILL
-15.4252,19.426,-2.6607,0.0002,24.9477,0.2339,0.0,24.9238,0.0187,0.0005,0.0,0.0002,-0.0,-0.0004,STILL
-15.7652,19.2345,-2.8036,0.0001,25.0273,0.0797,0.0001,24.9656,0.0169,0.0004,0.0,0.0002,0.0,-0.0003,STILL
-15.6309,19.2408,-2.4585,0.0001,24.9114,0.116,0.0,24.9795,0.0142,0.0002,0.0,0.0002,0.0,-0.0001,STILL
-15.8703,19.102,-2.3668,0.0002,24.947,0.0357,0.0001,25.003,0.0094,0.0002,0.0,0.0001,0.0,-0.0,STILL
-15.9431,19.2128,-2.3778,0.0003,25.0793,0.1322,0.0001,24.9825,0.0038,0.0002,0.0,0.0001,-0.0,0.0001,STILL
-15.8326,19.4171,-2.2741,0.0003,25.1569,0.0776,0.0,25.0244,0.0079,0.0002,0.0,0.0,-0.0,0.0001,STILL
-16.2005,19.4087,-2.5849,0.0002,25.4133,0.2564,0.0001,25.1016,0.0322,0.0002,0.0,0.0,-0.0001,0.0002,STILL
-16.1948,19.3113,-3.0554,0.0003,25.3877,0.0256,0.0001,25.1968,0.0322,0.0003,0.0,-0.0,-0.0001,0.0002,STILL
-16.0683,18.946,-3.1819,0.0004,25.0452,0.3424,0.0,25.2165,0.0239,0.0003,0.0,-0.0,-0.0001,0.0003,STILL
-16.1546,19.2724,-3.2205,0.0004,25.3529,0.3077,0.0,25.2712,0.0209,0.0003,0.0,-0.0,-0.0001,0.0003,STILL
-16.2581,19.521,-3.192,0.0004,25.6044,0.2515,0.0,25.3607,0.0325,0.0003,0.0,0.0,0.0,0.0003,STILL
-15.9627,19.3512,-2.6911,0.0003,25.2293,0.3751,0.0001,25.3239,0.034,0.0004,0.0,0.0,0.0001,0.0003,STILL
-15.9952,19.0466,-3.2029,0.0003,25.0774,0.1519,0.0,25.2619,0.0415,0.0003,0.0,0.0001,0.0002,0.0002,STILL
-15.8493,19.3373,-3.1342,0.0003,25.1983,0.1208,0.0,25.2925,0.032,0.0003,0.0,0.0001,0.0002,0.0002,STILL
-15.97,19.1104,-3.4605,0.0005,25.1441,0.0542,0.0001,25.2507,0.0339,0.0004,0.0,0.0001,0.0003,0.0002,STILL
-16.0354,19.1165,-3.3434,0.0005,25.1744,0.0303,0.0,25.1647,0.0027,0.0004,0.0,0.0002,0.0003,0.0001,STILL
-16.0877,19.0744,-3.3122,0.0004,25.1718,0.0026,0.0001,25.1532,0.0017,0.0004,0.0,0.0002,0.0003,0.0001,STILL
-16.1577,19.2408,-3.6841,0.0005,25.3939,0.2221,0.0001,25.2165,0.0082,0.0004,0.0,0.0002,0.0003,0.0001,STILL
-15.8699,18.9239,-3.1254,0.0006,24.8945,0.4994,0.0001,25.1557,0.0251,0.0005,0.0,0.0002,0.0004,0.0001,STILL
-15.3084,18.6422,-2.3753,0.0004,24.2389,0.6556,0.0002,24.9747,0.1605,0.0005,0.0,0.0001,0.0004,0.0001,STILL
-15.178,18.6575,-2.894,0.0003,24.225,0.0139,0.0001,24.7848,0.2289,0.0005,0.0,0.0001,0.0004,0.0001,STILL
-15.2455,19.0385,-3.1652,0.0004,24.5949,0.3699,0.0001,24.6694,0.1928,0.0005,0.0,-0.0,0.0003,0.0002,STILL
-15.4777,18.7996,-3.0103,0.001,24.5366,0.0583,0.0006,24.498,0.062,0.0006,0.0,-0.0001,0.0003,-0.0,STILL
-15.254,18.6459,-2.9707,0.0016,24.273,0.2636,0.0006,24.3737,0.0252,0.0008,0.0,-0.0002,0.0002,-0.0004,STILL
-15.6657,18.4605,-2.3297,0.0009,24.3235,0.0504,0.0007,24.3906,0.0218,0.0008,0.0,-0.0002,0.0,-0.0005,STILL
-15.1482,18.434,-2.5794,0.001,23.9986,0.3249,0.0002,24.3453,0.045,0.001,0.0,-0.0002,-0.0001,-0.0008,STILL
-15.806,18.5222,-2.4854,0.0007,24.4761,0.4775,0.0003,24.3216,0.0354,0.001,0.0,-0.0003,-0.0001,-0.001,STILL
-15.8292,18.6959,-2.2164,0.0005,24.597,0.1209,0.0002,24.3336,0.0411,0.0009,0.0,-0.0003,-0.0,-0.0009,STILL
-15.6915,19.2317,-2.6669,0.0004,24.9639,0.3668,0.0001,24.4718,0.1007,0.0007,0.0,-0.0003,-0.0,-0.0006,STILL
-15.4219,19.0791,-2.8679,0.0002,24.6997,0.2642,0.0002,24.5471,0.1011,0.0006,0.0,-0.0002,0.0001,-0.0005,STILL
-16.0313,19.157,-2.5193,0.0002,25.1066,0.4069,0.0001,24.7687,0.0544,0.0004,0.0,-0.0001,0.0001,-0.0003,STILL
-16.075,19.1663,-2.5998,0.0002,25.1498,0.0432,0.0,24.9034,0.0482,0.0003,0.0,-0.0,0.0002,-0.0002,STILL
-15.9444,18.8861,-2.2861,0.0002,24.8221,0.3277,0.0,24.9484,0.0287,0.0002,0.0,0.0,0.0002,-0.0001,STILL
-16.4837,18.5683,-2.5664,0.0003,24.9615,0.1394,0.0001,24.9479,0.0287,0.0002,0.0,0.0001,0.0001,-0.0,STILL
-16.1494,19.0671,-2.9625,0.0004,25.1622,0.2006,0.0001,25.0404,0.017,0.0002,0.0,0.0002,0.0001,0.0,STILL
-16.1883,19.5006,-2.92,0.0003,25.512,0.3498,0.0,25.1215,0.054,0.0003,0.0,0.0002,0.0001,0.0001,STILL
-16.1131,19.4505,-2.9922,0.0004,25.4344,0.0776,0.0001,25.1784,0.0702,0.0003,0.0,0.0003,0.0001,0.0001,STILL
-16.2155,19.3385,-3.3,0.0003,25.4521,0.0177,0.0001,25.3044,0.0439,0.0004,0.0,0.0003,0.0,0.0002,STILL
-15.9599,19.4364,-3.0057,0.0004,25.3284,0.1237,0.0001,25.3778,0.0151,0.0004,0.0,0.0002,-0.0001,0.0002,STILL
-16.0148,19.4585,-2.8139,0.0005,25.3579,0.0296,0.0001,25.417,0.0044,0.0004,0.0,0.0001,-0.0001,0.0002,STILL
-16.3712,19.1106,-2.5386,0.0003,25.2918,0.0662,0.0002,25.3729,0.0038,0.0004,0.0,0.0001,-0.0002,0.0002,STILL
-16.5032,18.6697,-1.9778,0.0002,24.9965,0.2953,0.0001,25.2854,0.0237,0.0003,0.0,0.0,-0.0002,0.0002,STILL
-16.3182,18.4108,-1.8697,0.0003,24.6726,0.3239,0.0001,25.1294,0.0689,0.0003,0.0,-0.0,-0.0002,0.0002,STILL
-16.3077,18.4567,-1.8864,0.0004,24.7012,0.0286,0.0001,25.004,0.0819,0.0003,0.0,-0.0001,-0.0002,0.0002,STILL
-16.4555,18.2279,-2.0466,0.0004,24.642,0.0592,0.0001,24.8608,0.0626,0.0003,0.0,-0.0001,-0.0002,0.0002,STILL
-16.5863,18.6104,-1.506,0.0005,24.9744,0.3324,0.0001,24.7973,0.024,0.0004,0.0,-0.0001,-0.0003,0.0002,STILL
-16.7628,18.454,-1.2142,0.0007,24.9603,0.0142,0.0002,24.7901,0.0213,0.0005,0.0,-0.0002,-0.0004,0.0002,STILL
-17.079,18.4632,-1.4026,0.0005,25.1902,0.23,0.0002,24.8936,0.0399,0.0005,0.0,-0.0002,-0.0004,0.0002,STILL
-16.7913,18.4862,-1.3846,0.0005,25.0121,0.1782,0.0,24.9558,0.0314,0.0005,0.0,-0.0002,-0.0004,0.0003,STILL
-16.7549,18.9546,-0.9452,0.0004,25.3159,0.3039,0.0001,25.0906,0.0195,0.0005,0.0,-0.0002,-0.0004,0.0003,STILL
-16.9946,18.748,-1.3499,0.0002,25.3402,0.0243,0.0002,25.1637,0.0239,0.0005,0.0,-0.0002,-0.0004,0.0002,STILL
-16.9269,18.8797,-1.3768,0.0003,25.394,0.0538,0.0,25.2505,0.0187,0.0004,0.0,-0.0001,-0.0002,0.0002,STILL
-17.0259,19.1256,-1.4421,0.0005,25.6466,0.2526,0.0002,25.3418,0.041,0.0004,0.0,0.0,-0.0001,0.0002,STILL
-17.352,19.2817,-1.4411,0.0005,25.9799,0.3332,0.0,25.5353,0.0632,0.0004,0.0,0.0002,0.0,0.0,STILL
-17.4503,19.0191,-1.3967,0.0006,25.8494,0.1304,0.0001,25.642,0.062,0.0004,0.0,0.0003,0.0001,-0.0001,STILL
-17.2634,18.9747,-1.2955,0.0006,25.6854,0.164,0.0,25.7111,0.0393,0.0005,0.0,0.0003,0.0002,-0.0002,STILL
-17.167,19.1079,-1.352,0.0007,25.7224,0.037,0.0001,25.7768,0.015,0.0006,0.0,0.0004,0.0002,-0.0003,STILL
-17.0992,19.3238,-1.5535,0.0005,25.8497,0.1272,0.0002,25.8174,0.011,0.0006,0.0,0.0004,0.0002,-0.0003,STILL
-17.2231,19.2122,-2.3365,0.0003,25.9076,0.0579,0.0002,25.8029,0.0071,0.0005,0.0,0.0003,0.0002,-0.0003,STILL
-17.6566,18.9666,-2.2192,0.0002,26.0079,0.1004,0.0001,25.8346,0.0141,0.0004,0.0,0.0003,0.0002,-0.0003,STILL
-17.619,19.192,-1.9941,0.0002,26.1293,0.1214,0.0,25.9234,0.0191,0.0004,0.0,0.0002,0.0001,-0.0002,STILL
-17.5202,19.2786,-1.6172,0.0003,26.1006,0.0288,0.0001,25.999,0.0116,0.0003,0.0,0.0001,0.0001,-0.0001,STILL
-17.5068,19.0292,-1.3031,0.0003,25.8901,0.2105,0.0,26.0071,0.0095,0.0002,0.0,0.0,0.0001,-0.0,STILL
-17.1898,18.6139,-1.1269,0.0003,25.3622,0.5279,0.0,25.898,0.0788,0.0002,0.0,-0.0,0.0,0.0001,STILL
-17.4612,18.7224,-1.1077,0.0004,25.6252,0.263,0.0001,25.8215,0.0854,0.0003,0.0,-0.0001,-0.0,0.0002,STILL
-17.4565,18.5717,-1.1831,0.0003,25.5154,0.1098,0.0002,25.6987,0.0701,0.0003,0.0,-0.0001,-0.0001,0.0002,STILL
-16.9933,18.773,-0.2371,0.0003,25.323,0.1924,0.0,25.5432,0.0418,0.0003,0.0,-0.0001,-0.0,0.0002,STILL
-16.4415,18.4934,-1.224,0.0004,24.7755,0.5474,0.0001,25.3203,0.0859,0.0003,0.0,-0.0002,-0.0,0.0003,STILL
-16.2532,18.3384,-1.4699,0.0004,24.5485,0.2271,0.0,25.1575,0.1782,0.0004,0.0,-0.0002,-0.0001,0.0003,STILL
-16.0526,18.427,-1.979,0.0006,24.5185,0.03,0.0003,24.9362,0.1671,0.0004,0.0,-0.0002,-0.0001,0.0002,STILL
-16.2827,18.3135,-1.7613,0.0006,24.5685,0.05,0.0,24.7468,0.0912,0.0005,0.0,-0.0002,-0.0002,0.0003,STILL
-16.7168,18.4727,-1.7809,0.0006,24.9772,0.4087,0.0,24.6776,0.0307,0.0005,0.0,-0.0002,-0.0003,0.0003,STILL
-16.5422,18.7281,-1.9998,0.0006,25.0676,0.0904,0.0001,24.7361,0.0557,0.0006,0.0,-0.0002,-0.0004,0.0003,STILL
-16.4369,18.9044,-1.2061,0.0007,25.0799,0.0123,0.0001,24.8423,0.061,0.0006,0.0,-0.0002,-0.0005,0.0003,STILL
-16.6557,18.9454,-1.3648,0.0006,25.2627,0.1828,0.0001,24.9912,0.0533,0.0006,0.0,-0.0003,-0.0004,0.0003,STILL
-17.0558,19.0063,-1.1012,0.0004,25.5608,0.2981,0.0002,25.1896,0.043,0.0006,0.0,-0.0003,-0.0004,0.0002,STILL
-17.1009,19.1769,-1.056,0.0002,25.716,0.1552,0.0002,25.3374,0.0676,0.0005,0.0,-0.0002,-0.0004,0.0001,STILL
-17.3307,18.8603,-1.001,0.0003,25.6333,0.0826,0.0001,25.4505,0.0577,0.0004,0.0,-0.0002,-0.0003,0.0001,STILL
-16.9333,18.9976,-1.2946,0.0002,25.4818,0.1515,0.0,25.5309,0.024,0.0003,0.0,-0.0002,-0.0002,0.0,STILL
-16.9873,18.8918,-2.5982,0.0004,25.5386,0.0568,0.0002,25.5861,0.0066,0.0003,0.0,-0.0001,-0.0001,0.0001,STILL
-17.168,18.6166,-2.7723,0.0007,25.4755,0.0631,0.0003,25.569,0.0086,0.0004,0.0,0.0,-0.0001,0.0002,STILL
-17.3312,18.7745,-2.3522,0.0005,25.6591,0.1835,0.0002,25.5577,0.0058,0.0004,0.0,0.0001,-0.0,0.0003,STILL
-17.2431,19.1884,-2.7193,0.0006,25.9406,0.2815,0.0,25.6191,0.0302,0.0005,0.0,0.0001,0.0001,0.0004,STILL
-16.9445,19.0194,-2.5285,0.0005,25.5978,0.3427,0.0,25.6423,0.026,0.0006,0.0,0.0002,0.0001,0.0005,STILL
-16.8306,18.7749,-2.9228,0.0004,25.3833,0.2146,0.0001,25.6112,0.0363,0.0006,0.0,0.0002,0.0001,0.0005,STILL
-16.5832,18.6043,-2.6289,0.0004,25.0606,0.3226,0.0,25.5283,0.0863,0.0005,0.0,0.0003,0.0001,0.0004,STILL
-16.2728,18.1647,-2.6594,0.0004,24.5323,0.5283,0.0,25.3029,0.2305,0.0005,0.0,0.0002,0.0,0.0004,STILL
-16.212,18.3599,-2.5525,0.0001,24.6258,0.0935,0.0003,25.04,0.1717,0.0004,0.0,0.0001,-0.0,0.0003,STILL
-16.4477,18.416,-2.642,0.0002,24.8326,0.2068,0.0001,24.8869,0.0947,0.0003,0.0,0.0,-0.0001,0.0002,STILL
-16.2894,18.6953,-2.6448,0.0001,24.937,0.1044,0.0001,24.7977,0.038,0.0003,0.0,-0.0,-0.0001,0.0002,STILL
-16.3534,18.4531,-2.819,0.0,24.8173,0.1197,0.0001,24.749,0.0218,0.0002,0.0,-0.0001,-0.0001,0.0001,STILL
-16.1046,18.2719,-3.0364,0.0002,24.5447,0.2727,0.0002,24.7515,0.0208,0.0001,0.0,-0.0001,-0.0001,0.0001,STILL
-15.8962,18.4863,-2.5604,0.0003,24.515,0.0296,0.0001,24.7293,0.0283,0.0002,0.0,-0.0,-0.0001,0.0001,STILL
-16.5076,18.539,-2.5327,0.0002,24.9521,0.4371,0.0,24.7532,0.0355,0.0002,0.0,0.0,0.0,0.0001,STILL
-16.4936,18.7625,-2.6137,0.0002,25.1177,0.1655,0.0001,24.7894,0.054,0.0002,0.0,0.0001,0.0,0.0001,STILL
-16.5292,18.9537,-2.0784,0.0001,25.2345,0.1168,0.0001,24.8728,0.0866,0.0002,0.0,0.0001,0.0,0.0001,STILL
-16.4578,18.9223,-1.9034,0.0001,25.1503,0.0842,0.0001,24.9939,0.0657,0.0002,0.0,0.0001,0.0,0.0001,STILL
-16.8725,18.6816,-1.4821,0.0003,25.2167,0.0664,0.0002,25.1342,0.0101,0.0002,0.0,0.0001,0.0,0.0001,STILL
-16.7011,19.0297,-1.6044,0.0004,25.3698,0.1532,0.0001,25.2178,0.0076,0.0002,0.0,0.0001,0.0001,0.0001,STILL
-17.339,18.7706,-1.521,0.0005,25.5986,0.2288,0.0001,25.314,0.0254,0.0003,0.0,0.0001,0.0002,0.0,STILL
-16.6962,18.6759,-2.5606,0.0004,25.1815,0.4171,0.0001,25.3034,0.0275,0.0003,0.0,0.0001,0.0003,0.0,STILL
-16.732,18.7219,-2.5672,0.0004,25.2401,0.0586,0.0001,25.3213,0.0233,0.0004,0.0,0.0001,0.0003,0.0,STILL
-16.6981,18.5307,-2.5538,0.0001,25.0746,0.1655,0.0004,25.2929,0.0325,0.0004,0.0,0.0,0.0003,-0.0,STILL
-16.621,18.6245,-2.1243,0.0003,25.0528,0.0218,0.0002,25.2295,0.0388,0.0003,0.0,-0.0001,0.0002,-0.0001,STILL
-16.3718,18.5715,-2.3119,0.0005,24.8652,0.1875,0.0002,25.0828,0.0166,0.0003,0.0,-0.0001,0.0,-0.0001,STILL
-16.3287,18.4603,-1.1089,0.0004,24.6706,0.1946,0.0001,24.9806,0.0382,0.0003,0.0,-0.0002,-0.0001,-0.0001,STILL
-16.6692,18.6964,-2.1559,0.0004,25.1409,0.4703,0.0,24.9608,0.0294,0.0003,0.0,-0.0002,-0.0003,-0.0,STILL
-16.9603,18.9634,-2.1184,0.0003,25.5294,0.3885,0.0001,25.0518,0.0832,0.0004,0.0,-0.0003,-0.0003,-0.0,STILL
-17.1964,19.1707,-2.2104,0.0003,25.848,0.3186,0.0,25.2108,0.1847,0.0004,0.0,-0.0003,-0.0003,0.0,STILL
-17.1884,19.0459,-2.5402,0.0002,25.7806,0.0674,0.0001,25.3939,0.1922,0.0003,0.0,-0.0002,-0.0002,0.0,STILL
-16.8569,19.1367,-2.2384,0.0003,25.6004,0.1802,0.0001,25.5799,0.0616,0.0003,0.0,-0.0002,-0.0002,0.0001,STILL
-16.7449,19.0906,-2.3501,0.0002,25.5023,0.0981,0.0001,25.6521,0.019,0.0003,0.0,-0.0002,-0.0001,0.0,STILL
-16.4147,19.0788,-2.4051,0.0004,25.2829,0.2194,0.0001,25.6028,0.0408,0.0003,0.0,-0.0002,-0.0,-0.0001,STILL
-16.0943,18.9286,-2.9178,0.0003,25.0166,0.2663,0.0001,25.4366,0.0699,0.0003,0.0,-0.0001,0.0001,-0.0001,STILL
-16.091,19.1523,-2.9405,0.0003,25.1869,0.1702,0.0,25.3178,0.0446,0.0003,0.0,-0.0001,0.0001,-0.0001,STILL
-16.676,19.2,-2.6774,0.0003,25.5714,0.3845,0.0,25.312,0.0414,0.0003,0.0,-0.0,0.0002,-0.0001,STILL
-16.6126,18.7787,-3.1263,0.0002,25.2665,0.3049,0.0001,25.2648,0.0324,0.0003,0.0,-0.0001,0.0002,-0.0001,STILL
-16.5932,19.3698,-3.0604,0.0004,25.6884,0.4219,0.0001,25.3459,0.0616,0.0003,0.0,-0.0001,0.0002,-0.0001,STILL
-17.0277,18.8834,-2.7202,0.0004,25.5719,0.1164,0.0,25.457,0.0378,0.0003,0.0,-0.0001,0.0003,-0.0,STILL
-17.0159,19.0036,-2.7168,0.0004,25.6526,0.0807,0.0,25.5502,0.0222,0.0003,0.0,-0.0001,0.0003,-0.0,STILL
-16.9721,18.8341,-2.3766,0.0001,25.4642,0.1885,0.0003,25.5287,0.0231,0.0003,0.0,-0.0001,0.0002,-0.0,STILL
-16.7839,19.2142,-1.9825,0.0004,25.5894,0.1252,0.0003,25.5933,0.0059,0.0003,0.0,-0.0001,0.0002,-0.0,STILL
-16.8303,18.6401,-2.011,0.0005,25.1943,0.395,0.0001,25.4945,0.0262,0.0003,0.0,-0.0001,0.0,-0.0,STILL
-16.5517,19.0371,-2.9369,0.0003,25.3967,0.2024,0.0001,25.4595,0.0257,0.0003,0.0,-0.0001,-0.0001,-0.0,STILL
-16.8945,18.6047,-2.8214,0.0002,25.2887,0.1081,0.0002,25.3867,0.0188,0.0003,0.0,-0.0002,-0.0002,-0.0,STILL
-16.9156,18.7525,-3.5853,0.0002,25.5078,0.2191,0.0001,25.3954,0.0204,0.0003,0.0,-0.0001,-0.0002,-0.0001,STILL
-16.4981,18.9926,-3.5776,0.0003,25.4107,0.097,0.0001,25.3597,0.0117,0.0003,0.0,-0.0,-0.0002,-0.0001,STILL
-16.8641,18.8816,-3.2839,0.0004,25.5284,0.1176,0.0001,25.4265,0.0074,0.0003,0.0,0.0001,-0.0001,-0.0001,STILL
-17.1288,19.1615,-3.0022,0.0005,25.8761,0.3477,0.0001,25.5223,0.0385,0.0003,0.0,0.0002,-0.0,-0.0001,STILL
-16.9124,19.2886,-2.7486,0.0004,25.7999,0.0762,0.0001,25.6246,0.0325,0.0004,0.0,0.0003,0.0,-0.0001,STILL
-16.7612,19.6902,-3.477,0.0005,26.0908,0.291,0.0001,25.7412,0.0597,0.0004,0.0,0.0004,0.0001,-0.0001,STILL
-16.4089,19.3553,-3.641,0.0004,25.6347,0.4561,0.0001,25.786,0.0381,0.0004,0.0,0.0004,0.0001,-0.0001,STILL
-16.5928,18.2686,-2.769,0.0002,24.8341,0.8006,0.0002,25.6471,0.1868,0.0004,0.0,0.0003,0.0001,-0.0001,STILL
-16.4586,18.6618,-2.8277,0.0002,25.0428,0.2088,0.0,25.4805,0.2215,0.0003,0.0,0.0002,0.0002,-0.0001,STILL
-16.5388,18.5107,-2.1466,0.0002,24.9155,0.1273,0.0001,25.3036,0.2337,0.0003,0.0,0.0002,0.0002,-0.0001,STILL
-16.1998,18.4054,-1.9735,0.0003,24.5985,0.317,0.0001,25.0051,0.1201,0.0003,0.0,0.0001,0.0,-0.0001,STILL
-16.2973,18.4806,-1.9944,0.0005,24.7207,0.1222,0.0001,24.8223,0.0236,0.0003,0.0,0.0001,-0.0001,-0.0,STILL
-16.2035,18.8001,-2.7674,0.0005,24.9731,0.2524,0.0,24.8501,0.0273,0.0003,0.0,-0.0,-0.0002,-0.0001,STILL
-15.8284,18.8744,-2.8389,0.0005,24.796,0.1771,0.0,24.8008,0.018,0.0004,0.0,-0.0001,-0.0003,-0.0001,STILL
-16.1127,18.4652,-3.3493,0.0005,24.7346,0.0614,0.0,24.7646,0.015,0.0005,0.0,-0.0002,-0.0004,-0.0001,STILL
-16.3058,18.4596,-2.4419,0.0004,24.7508,0.0162,0.0001,24.795,0.0086,0.0005,0.0,-0.0002,-0.0004,-0.0001,STILL
-16.9853,18.774,-2.2567,0.0005,25.4176,0.6668,0.0001,24.9344,0.0656,0.0005,0.0,-0.0003,-0.0003,-0.0001,STILL
-16.8132,19.3379,-2.9085,0.0006,25.7895,0.3719,0.0001,25.0977,0.1848,0.0005,0.0,-0.0003,-0.0004,-0.0,STILL
-17.3318,19.5453,-2.9893,0.0006,26.2935,0.504,0.0,25.3972,0.3629,0.0005,0.0,-0.0003,-0.0004,0.0,STILL
-16.6373,19.4581,-2.7414,0.0014,25.7475,0.546,0.0008,25.5998,0.2586,0.0007,0.0,-0.0003,-0.0004,-0.0002,STILL
-15.7692,19.5946,-2.6275,0.0009,25.2888,0.4587,0.0005,25.7074,0.1222,0.0008,0.0,-0.0004,-0.0004,-0.0002,STILL
-15.3998,19.4757,-1.7708,0.001,24.8916,0.3972,0.0001,25.6022,0.2275,0.0009,0.0,-0.0004,-0.0004,-0.0004,STILL
-15.1979,19.5337,-2.3854,0.0008,24.8643,0.0273,0.0002,25.4171,0.2951,0.0009,0.0,-0.0004,-0.0004,-0.0006,STILL
-15.4021,19.4238,-2.852,0.0005,24.9528,0.0886,0.0003,25.149,0.1127,0.0009,0.0,-0.0003,-0.0004,-0.0007,STILL
-15.5279,19.5141,-2.7629,0.0004,25.0908,0.138,0.0,25.0177,0.0245,0.0007,0.0,-0.0001,-0.0004,-0.0004,STILL
-16.2473,19.3925,-2.679,0.0004,25.4406,0.3498,0.0,25.048,0.0446,0.0006,0.0,0.0001,-0.0003,-0.0002,STILL
-16.1916,19.1203,-2.4182,0.0003,25.1714,0.2691,0.0002,25.104,0.0397,0.0005,0.0,0.0002,-0.0002,-0.0001,STILL
-16.3221,19.3337,-2.6971,0.0003,25.4455,0.2741,0.0,25.2202,0.038,0.0004,0.0,0.0003,-0.0001,0.0,STILL
-15.942,19.5545,-2.5358,0.0004,25.3566,0.089,0.0002,25.301,0.0209,0.0004,0.0,0.0003,-0.0,0.0001,STILL
-16.2505,19.3342,-2.438,0.0005,25.3739,0.0173,0.0,25.3576,0.0099,0.0004,0.0,0.0003,0.0001,0.0002,STILL
-16.2879,19.0924,-2.2598,0.0005,25.1976,0.1763,0.0,25.309,0.0113,0.0004,0.0,0.0003,0.0001,0.0002,STILL
-16.7178,19.1083,-2.086,0.0005,25.4747,0.2771,0.0,25.3697,0.0093,0.0004,0.0,0.0003,0.0002,0.0002,STILL
-16.8899,19.3897,-1.6344,0.0005,25.7663,0.2915,0.0001,25.4338,0.0355,0.0005,0.0,0.0003,0.0002,0.0003,STILL
-16.7244,19.1618,-1.5638,0.0006,25.4819,0.2844,0.0,25.4589,0.0342,0.0005,0.0,0.0003,0.0003,0.0003,STILL
-16.492,19.1326,-1.4479,0.0004,25.3009,0.1809,0.0002,25.4443,0.0375,0.0005,0.0,0.0002,0.0002,0.0003,STILL
-16.7311,18.9435,-2.0646,0.0005,25.3584,0.0575,0.0001,25.4764,0.0258,0.0005,0.0,0.0002,0.0,0.0003,STILL
-16.8068,19.258,-2.211,0.0006,25.6559,0.2975,0.0001,25.5127,0.0309,0.0005,0.0,0.0001,-0.0002,0.0003,STILL
-16.8235,19.1251,-2.2813,0.0005,25.5735,0.0824,0.0001,25.4741,0.0173,0.0005,0.0,0.0001,-0.0003,0.0002,STILL
-16.8463,18.6563,-2.4501,0.0004,25.2559,0.3176,0.0001,25.4289,0.0247,0.0005,0.0,0.0001,-0.0004,0.0002,STILL
-16.9364,18.7095,-2.5538,0.0002,25.3655,0.1096,0.0002,25.4419,0.0221,0.0005,0.0,0.0001,-0.0004,0.0001,STILL
-16.5835,18.6082,-2.6587,0.0002,25.0668,0.2987,0.0,25.3835,0.0454,0.0004,0.0,0.0001,-0.0003,0.0001,STILL
-16.1762,18.8022,-3.0644,0.0001,24.9916,0.0752,0.0001,25.2507,0.0437,0.0003,0.0,0.0001,-0.0002,0.0001,STILL
-15.7066,18.6824,-3.0015,0.0002,24.5914,0.4002,0.0001,25.0543,0.0712,0.0002,0.0,0.0001,-0.0001,0.0001,STILL
-15.9653,19.0834,-2.8106,0.0003,25.0393,0.4479,0.0001,25.0109,0.0612,0.0002,0.0,0.0001,0.0,0.0,STILL
-16.016,19.0136,-2.7172,0.0004,25.0082,0.0311,0.0001,24.9395,0.031,0.0002,0.0,0.0001,0.0001,0.0,STILL
-16.0378,19.0234,-2.7988,0.0004,25.0386,0.0304,0.0,24.9338,0.0296,0.0003,0.0,0.0001,0.0002,0.0,STILL
-16.0865,18.6968,-2.714,0.0004,24.8135,0.2251,0.0,24.8982,0.0306,0.0003,0.0,0.0001,0.0003,-0.0,STILL
-16.0192,18.82,-2.8431,0.0004,24.8775,0.0639,0.0,24.9554,0.0086,0.0004,0.0,0.0002,0.0003,-0.0001,STILL
-16.0903,18.9997,-2.9089,0.0002,25.0669,0.1894,0.0001,24.9609,0.0096,0.0003,0.0,0.0001,0.0003,-0.0002,STILL
-16.1848,18.8873,-2.3115,0.0003,24.9804,0.0865,0.0001,24.9554,0.0092,0.0003,0.0,0.0001,0.0002,-0.0002,STILL
-16.4166,19.2942,-2.621,0.0003,25.4684,0.488,0.0001,25.0413,0.0531,0.0003,0.0,-0.0,0.0001,-0.0002,STILL
-16.1614,19.0666,-2.8437,0.0004,25.1558,0.3126,0.0001,25.1098,0.0407,0.0003,0.0,-0.0001,0.0,-0.0001,STILL
-16.0604,19.1658,-3.5406,0.0004,25.2547,0.0989,0.0,25.1852,0.0284,0.0003,0.0,-0.0002,-0.0,-0.0001,STILL
-16.0389,18.7858,-3.2356,0.0004,24.9122,0.3424,0.0,25.1543,0.0395,0.0004,0.0,-0.0003,-0.0,-0.0,STILL
-16.1186,18.8599,-3.1854,0.0003,25.013,0.1008,0.0001,25.1608,0.0374,0.0004,0.0,-0.0003,0.0,0.0,STILL
-15.9574,18.6816,-3.0858,0.0003,24.7621,0.2509,0.0,25.0196,0.0303,0.0004,0.0,-0.0003,0.0001,0.0001,STILL
-16.0784,18.8141,-2.9593,0.0005,24.9247,0.1626,0.0002,24.9734,0.0263,0.0004,0.0,-0.0003,0.0001,0.0001,STILL
-15.844,18.7262,-2.7487,0.0004,24.6832,0.2415,0.0001,24.8591,0.0142,0.0004,0.0,-0.0003,0.0002,0.0001,STILL
-16.2439,19.2154,-2.7458,0.0002,25.3108,0.6276,0.0002,24.9388,0.0481,0.0003,0.0,-0.0002,0.0002,0.0001,STILL
-16.5108,19.0629,-2.8716,0.0003,25.382,0.0712,0.0001,25.0126,0.0809,0.0003,0.0,-0.0001,0.0002,0.0001,STILL
-16.4399,19.1722,-2.3848,0.0004,25.3679,0.0141,0.0001,25.1337,0.0789,0.0003,0.0,-0.0001,0.0002,0.0001,STILL
-16.3206,19.1003,-2.486,0.0002,25.2461,0.1218,0.0002,25.198,0.0686,0.0003,0.0,-0.0,0.0002,0.0001,STILL
-16.4503,18.6021,-2.6825,0.0003,24.9769,0.2692,0.0001,25.2567,0.0219,0.0003,0.0,0.0,0.0002,0.0001,STILL
-16.5383,18.7504,-2.696,0.0005,25.1468,0.17,0.0002,25.2239,0.0226,0.0003,0.0,0.0,0.0003,0.0001,STILL
-16.7244,18.8066,-2.5537,0.0005,25.2966,0.1497,0.0,25.2069,0.0184,0.0004,0.0,0.0001,0.0003,0.0001,STILL
-16.2108,18.864,-2.6867,0.0005,25.0172,0.2794,0.0,25.1367,0.0155,0.0004,0.0,0.0001,0.0004,0.0001,STILL
-15.8186,19.1881,-2.4994,0.0003,24.9932,0.024,0.0002,25.0861,0.0147,0.0004,0.0,0.0001,0.0004,0.0001,STILL
-15.8955,19.1567,-2.3651,0.0002,25.0048,0.0117,0.0001,25.0917,0.0136,0.0004,0.0,0.0001,0.0003,0.0,STILL
-16.3071,18.9441,-2.4265,0.0002,25.1135,0.1087,0.0,25.085,0.013,0.0003,0.0,0.0001,0.0002,0.0,STILL
-16.4956,18.8803,-2.6693,0.0004,25.213,0.0995,0.0002,25.0683,0.0071,0.0003,0.0,-0.0,0.0001,-0.0,STILL
-16.3996,19.2855,-2.1636,0.0003,25.4079,0.1948,0.0001,25.1465,0.0235,0.0003,0.0,-0.0001,-0.0,-0.0,STILL
-16.1322,19.3971,-1.7527,0.0004,25.2897,0.1182,0.0001,25.2058,0.0194,0.0003,0.0,-0.0002,-0.0001,-0.0001,STILL
-16.0495,19.4958,-1.7928,0.0004,25.3158,0.0261,0.0001,25.268,0.0098,0.0003,0.0,-0.0003,-0.0002,-0.0,STILL
-16.4834,18.8685,-2.0124,0.0005,25.1351,0.1807,0.0001,25.2723,0.0086,0.0004,0.0,-0.0003,-0.0002,0.0,STILL
-16.5773,18.7073,-1.413,0.0008,25.0353,0.0997,0.0003,25.2368,0.0178,0.0005,0.0,-0.0004,-0.0002,-0.0,STILL
-16.3087,18.8534,-2.0867,0.0005,25.0156,0.0198,0.0003,25.1583,0.0156,0.0005,0.0,-0.0004,-0.0002,0.0,STILL
-16.5907,18.4327,-2.76,0.0006,24.9526,0.0629,0.0001,25.0909,0.0161,0.0005,0.0,-0.0004,-0.0003,0.0001,STILL
-16.5601,18.6899,-1.6267,0.0005,25.0239,0.0713,0.0001,25.0325,0.0035,0.0006,0.0,-0.0005,-0.0003,0.0001,STILL
-16.9231,18.8707,-1.5451,0.0004,25.3945,0.3706,0.0,25.0844,0.0249,0.0005,0.0,-0.0005,-0.0002,0.0,STILL
-16.9853,18.8872,-2.2423,0.0004,25.5001,0.1056,0.0,25.1773,0.0503,0.0005,0.0,-0.0004,-0.0001,0.0001,STILL
-17.2039,18.7629,-2.0408,0.0003,25.5379,0.0378,0.0001,25.2818,0.0602,0.0005,0.0,-0.0004,-0.0,0.0001,STILL
-17.1287,18.8103,-2.0482,0.0003,25.5228,0.015,0.0001,25.3958,0.0371,0.0004,0.0,-0.0003,0.0001,0.0001,STILL
-17.1092,18.8545,-1.9292,0.0003,25.5331,0.0103,0.0001,25.4977,0.0028,0.0004,0.0,-0.0002,0.0002,0.0001,STILL
-16.7593,19.4461,-1.859,0.0005,25.7387,0.2056,0.0001,25.5665,0.0076,0.0004,0.0,-0.0001,0.0003,0.0,STILL
-16.673,19.3037,-2.4278,0.0004,25.6226,0.116,0.0,25.591,0.0067,0.0004,0.0,-0.0,0.0003,-0.0,STILL
-16.2134,19.1399,-2.6579,0.0005,25.2245,0.3981,0.0001,25.5283,0.0291,0.0004,0.0,0.0001,0.0004,-0.0,STILL
-16.1364,19.1681,-2.6232,0.0005,25.1929,0.0316,0.0,25.4624,0.0472,0.0004,0.0,0.0001,0.0004,-0.0,STILL
-16.5403,19.3533,-3.136,0.0005,25.6509,0.458,0.0,25.4859,0.0528,0.0005,0.0,0.0001,0.0004,-0.0001,STILL
-16.4604,19.342,-2.8776,0.0005,25.5605,0.0904,0.0,25.4503,0.0399,0.0005,0.0,0.0001,0.0004,-0.0001,STILL
-15.9808,19.0736,-2.0427,0.0005,24.9672,0.5933,0.0,25.3192,0.0634,0.0005,0.0,0.0001,0.0003,-0.0002,STILL
-16.3847,19.0339,-2.5498,0.0003,25.2437,0.2765,0.0002,25.323,0.0627,0.0004,0.0,0.0001,0.0003,-0.0002,STILL
-16.6484,18.7021,-2.3898,0.0002,25.1525,0.0913,0.0001,25.315,0.0651,0.0004,0.0,0.0001,0.0002,-0.0002,STILL
-16.4031,18.4742,-2.0494,0.0003,24.7902,0.3622,0.0001,25.1428,0.068,0.0003,0.0,0.0001,0.0001,-0.0002,STILL
-16.0349,18.9887,-2.5832,0.0004,24.9873,0.197,0.0001,25.0282,0.0248,0.0003,0.0,0.0002,0.0001,-0.0002,STILL
-15.9498,19.2847,-2.1916,0.0002,25.1217,0.1344,0.0002,25.0591,0.0248,0.0003,0.0,0.0002,0.0001,-0.0002,STILL
-15.9411,18.7434,-2.2751,0.0003,24.7105,0.4112,0.0,24.9524,0.0309,0.0003,0.0,0.0001,0.0001,-0.0002,STILL
-16.3091,18.9729,-2.2576,0.0003,25.1208,0.4103,0.0001,24.9461,0.0286,0.0003,0.0,0.0001,0.0002,-0.0002,STILL
-16.1848,19.0845,-2.7342,0.0004,25.1723,0.0515,0.0001,25.0225,0.0281,0.0003,0.0,0.0001,0.0002,-0.0002,STILL
-16.351,18.8583,-3.0343,0.0004,25.1435,0.0288,0.0,25.0538,0.0298,0.0003,0.0,0.0001,0.0002,-0.0002,STILL
-16.6089,18.8679,-2.6618,0.0003,25.2772,0.1337,0.0002,25.0849,0.0379,0.0003,0.0,0.0002,0.0002,-0.0003,STILL
-16.334,18.9693,-2.1513,0.0002,25.1249,0.1523,0.0001,25.1677,0.0033,0.0003,0.0,0.0001,0.0001,-0.0003,STILL
-16.1391,18.8973,-2.0335,0.0004,24.9342,0.1907,0.0002,25.1304,0.0124,0.0003,0.0,0.0001,0.0001,-0.0003,STILL
-15.9175,19.0335,-1.98,0.0005,24.891,0.0432,0.0001,25.0741,0.0204,0.0003,0.0,0.0,0.0001,-0.0003,STILL
-15.9871,18.8643,-2.2715,0.0001,24.8316,0.0594,0.0004,25.0118,0.0273,0.0003,0.0,0.0,0.0001,-0.0002,STILL
-15.6085,19.0602,-2.4734,0.0003,24.7595,0.0721,0.0002,24.9082,0.0152,0.0003,0.0,0.0,0.0,-0.0002,STILL
-15.6243,18.9856,-2.2162,0.0001,24.6877,0.0718,0.0002,24.8208,0.0079,0.0003,0.0,0.0,0.0,-0.0001,STILL
-15.7713,18.6291,-2.5605,0.0003,24.5425,0.1452,0.0002,24.7425,0.0147,0.0003,0.0,0.0,-0.0,-0.0001,STILL
-15.9108,18.8908,-2.7234,0.0005,24.8482,0.3057,0.0002,24.7339,0.0124,0.0003,0.0,0.0,-0.0002,0.0,STILL
-16.0099,18.822,-1.8318,0.0003,24.7778,0.0704,0.0002,24.7231,0.0108,0.0003,0.0,-0.0,-0.0002,0.0001,STILL
-16.0923,18.792,-2.8248,0.0004,24.9014,0.1236,0.0,24.7515,0.0161,0.0003,0.0,-0.0001,-0.0002,0.0001,STILL
-15.8207,18.3992,-2.6443,0.0004,24.4094,0.492,0.0,24.6959,0.0356,0.0004,0.0,-0.0002,-0.0003,0.0001,STILL
-16.0066,18.3256,-2.8779,0.0005,24.5014,0.0921,0.0002,24.6876,0.0383,0.0004,0.0,-0.0002,-0.0003,0.0001,STILL
-16.2802,18.3355,-2.8836,0.0004,24.6891,0.1877,0.0001,24.6558,0.0322,0.0004,0.0,-0.0002,-0.0003,0.0001,STILL
-16.2336,18.8434,-2.7194,0.0003,25.0199,0.3308,0.0001,24.7043,0.0534,0.0004,0.0,-0.0001,-0.0003,0.0001,STILL
-16.2587,18.8528,-2.7661,0.0001,25.0485,0.0286,0.0003,24.7337,0.0684,0.0003,0.0,-0.0001,-0.0003,0.0,STILL
-16.2164,18.9542,-2.8535,0.0001,25.1072,0.0587,0.0,24.8732,0.0558,0.0003,0.0,-0.0,-0.0002,0.0,STILL
-15.9012,18.7383,-2.3297,0.0001,24.686,0.4212,0.0,24.9102,0.0338,0.0002,0.0,0.0,-0.0001,0.0001,STILL
-15.9241,18.8407,-2.2012,0.0004,24.7668,0.0807,0.0003,24.9257,0.0279,0.0002,0.0,0.0,-0.0,0.0001,STILL
-16.1549,18.86,-2.2766,0.0005,24.9372,0.1704,0.0,24.9092,0.0259,0.0002,0.0,0.0001,0.0001,0.0002,STILL
-16.4364,18.9161,-2.0213,0.0001,25.1408,0.2036,0.0003,24.9276,0.0324,0.0002,0.0,0.0001,0.0001,0.0002,STILL
-16.7085,18.7548,-2.2264,0.0003,25.2165,0.0757,0.0002,24.9495,0.0422,0.0003,0.0,0.0001,0.0001,0.0002,STILL
-16.6637,19.1195,-2.0593,0.0002,25.4455,0.229,0.0001,25.1014,0.0544,0.0003,0.0,0.0002,0.0002,0.0002,STILL
-16.5716,18.9362,-1.8224,0.0002,25.2293,0.2162,0.0001,25.1939,0.0268,0.0003,0.0,0.0001,0.0002,0.0001,STILL
-16.5541,18.9958,-1.9423,0.0003,25.2716,0.0423,0.0001,25.2608,0.0103,0.0002,0.0,0.0001,0.0002,0.0,STILL
-16.1371,19.0685,-2.5163,0.0001,25.1067,0.1649,0.0002,25.2539,0.0121,0.0002,0.0,0.0001,0.0002,0.0,STILL
-16.1003,19.5111,-2.7224,0.0003,25.4423,0.3357,0.0002,25.2991,0.0169,0.0002,0.0,0.0,0.0001,0.0,STILL
-16.1615,19.5495,-2.8405,0.0006,25.5234,0.0811,0.0003,25.3147,0.0225,0.0003,0.0,-0.0001,0.0001,0.0001,STILL
-15.9323,19.9427,-2.7911,0.0005,25.6776,0.1542,0.0,25.4043,0.0393,0.0004,0.0,-0.0001,0.0,0.0002,STILL
-15.8646,19.7604,-3.0954,0.0006,25.5292,0.1484,0.0001,25.4559,0.0362,0.0004,0.0,-0.0002,-0.0001,0.0003,STILL
-15.8198,19.3583,-3.0888,0.0007,25.1903,0.3389,0.0001,25.4726,0.0257,0.0005,0.0,-0.0003,-0.0002,0.0004,STILL
-16.2433,19.1585,-2.8179,0.0006,25.2752,0.0849,0.0001,25.4392,0.0322,0.0006,0.0,-0.0004,-0.0002,0.0004,STILL
-16.579,18.6143,-2.77,0.0004,25.0805,0.1947,0.0002,25.3506,0.0486,0.0006,0.0,-0.0003,-0.0001,0.0004,STILL
-16.6976,18.7571,-2.5285,0.0003,25.2395,0.159,0.0001,25.2629,0.022,0.0005,0.0,-0.0003,-0.0001,0.0004,STILL
-16.6925,18.5307,-2.304,0.0004,25.0466,0.1929,0.0001,25.1664,0.0079,0.0005,0.0,-0.0002,0.0,0.0004,STILL
-17.0227,18.7714,-2.4838,0.0002,25.4619,0.4153,0.0002,25.2207,0.0223,0.0004,0.0,-0.0001,0.0001,0.0003,STILL
-16.6463,18.664,-2.4246,0.0003,25.1261,0.3358,0.0001,25.1909,0.0226,0.0003,0.0,-0.0,0.0001,0.0002,STILL
-16.8577,19.075,-2.174,0.0004,25.5492,0.423,0.0001,25.2847,0.037,0.0003,0.0,0.0001,0.0002,0.0001,STILL
-16.3705,19.0725,-2.9142,0.0004,25.3031,0.2461,0.0,25.2974,0.0365,0.0003,0.0,0.0001,0.0002,0.0001,STILL
-16.4995,19.1798,-3.2626,0.0005,25.5097,0.2067,0.0002,25.39,0.0244,0.0003,0.0,0.0002,0.0002,0.0,STILL
-16.1215,19.4283,-2.9757,0.0006,25.4208,0.089,0.0001,25.3818,0.0235,0.0004,0.0,0.0003,0.0003,0.0,STILL
-16.4847,19.2864,-2.7618,0.0007,25.5213,0.1005,0.0001,25.4608,0.0081,0.0005,0.0,0.0003,0.0003,0.0,STILL
-16.7503,19.4447,-2.6376,0.0007,25.7997,0.2784,0.0,25.5109,0.027,0.0006,0.0,0.0004,0.0004,0.0002,STILL
-17.1315,19.3245,-3.3038,0.0018,26.0353,0.2356,0.0011,25.6574,0.0519,0.0009,0.0,0.0004,0.0005,0.0005,STILL
-17.6958,18.6971,-2.2931,0.0015,25.8453,0.19,0.0003,25.7245,0.0501,0.0011,0.0,0.0003,0.0005,0.0008,STILL
-17.9379,18.9046,-3.0594,0.0005,26.2395,0.3942,0.001,25.8882,0.0579,0.0011,0.0,0.0002,0.0004,0.0009,STILL
-17.4472,18.4549,-3.5101,0.0006,25.638,0.6015,0.0,25.9116,0.0429,0.001,0.0,0.0,0.0004,0.0007,STILL
-16.6452,18.4952,-2.8205,0.0007,25.0418,0.5962,0.0001,25.76,0.1687,0.001,0.0,-0.0,0.0003,0.0005,STILL
-16.3162,18.3774,-2.8064,0.0006,24.7351,0.3067,0.0001,25.4999,0.296,0.0008,0.0,-0.0001,0.0002,0.0001,STILL
-16.6498,18.5957,-1.4014,0.0005,24.9996,0.2645,0.0001,25.3308,0.2936,0.0006,0.0,-0.0001,0.0001,-0.0003,STILL
-16.5667,18.8797,-1.6461,0.0006,25.1716,0.172,0.0,25.1172,0.088,0.0006,0.0,-0.0,-0.0,-0.0005,STILL
-16.8971,19.0318,-1.5888,0.0003,25.5,0.3284,0.0003,25.0896,0.0622,0.0005,0.0,-0.0,-0.0001,-0.0005,STILL
-16.5865,18.8599,-1.8085,0.0001,25.1809,0.3191,0.0001,25.1174,0.0627,0.0004,0.0,-0.0,-0.0001,-0.0004,STILL
-16.9035,19.016,-2.1749,0.0002,25.5356,0.3548,0.0,25.2775,0.0428,0.0003,0.0,-0.0,-0.0002,-0.0002,STILL
-16.5353,18.3691,-2.2243,0.0003,24.8151,0.7206,0.0001,25.2406,0.0687,0.0003,0.0,0.0,-0.0002,-0.0002,STILL
-15.9001,18.2734,-2.6545,0.0004,24.3675,0.4475,0.0001,25.0798,0.1944,0.0002,0.0,0.0,-0.0001,-0.0002,STILL
-16.1889,18.3343,-2.2517,0.0004,24.5621,0.1946,0.0,24.8922,0.1775,0.0003,0.0,0.0001,-0.0001,-0.0002,STILL
-16.0355,18.3768,-2.5607,0.0001,24.5235,0.0386,0.0002,24.7608,0.1708,0.0003,0.0,0.0001,-0.0001,-0.0002,STILL
-16.3659,18.4483,-2.4767,0.0002,24.7854,0.2619,0.0,24.6107,0.0283,0.0003,0.0,0.0001,-0.0,-0.0002,STILL
-16.2614,18.6399,-2.4939,0.0002,24.8616,0.0762,0.0001,24.62,0.0324,0.0003,0.0,0.0001,0.0,-0.0001,STILL
-16.1154,18.2776,-2.1857,0.0003,24.4653,0.3963,0.0001,24.6396,0.0241,0.0002,0.0,0.0001,0.0,-0.0001,STILL
-16.1673,18.3783,-2.3173,0.0002,24.5869,0.1215,0.0001,24.6446,0.0234,0.0002,0.0,0.0,0.0001,-0.0001,STILL
-16.5932,18.3245,-2.3101,0.0003,24.8286,0.2417,0.0001,24.7056,0.0235,0.0003,0.0,0.0001,0.0001,-0.0002,STILL
-16.884,18.8846,-2.0637,0.0004,25.4157,0.587,0.0,24.8316,0.1072,0.0003,0.0,0.0001,0.0,-0.0002,STILL
-16.8603,18.7921,-1.8666,0.0005,25.3159,0.0997,0.0001,24.9225,0.1457,0.0003,0.0,0.0002,-0.0001,-0.0002,STILL
-16.6445,18.6462,-0.987,0.0004,25.0138,0.3021,0.0001,25.0322,0.0935,0.0004,0.0,0.0002,-0.0002,-0.0001,STILL
-16.3093,18.9107,-1.2084,0.0003,25.0014,0.0125,0.0002,25.1151,0.0472,0.0004,0.0,0.0002,-0.0003,-0.0,STILL
-16.7068,18.6817,-1.0854,0.0002,25.0859,0.0845,0.0001,25.1665,0.0283,0.0003,0.0,0.0001,-0.0003,-0.0,STILL
-16.6686,18.3172,-1.1934,0.0002,24.7949,0.291,0.0001,25.0424,0.0281,0.0003,0.0,0.0001,-0.0002,-0.0,STILL
-16.8599,18.26,-1.5828,0.0003,24.9036,0.1087,0.0,24.9599,0.0102,0.0003,0.0,0.0001,-0.0001,-0.0,STILL
-16.8754,18.583,-1.71,0.0002,25.1601,0.2565,0.0001,24.9892,0.0168,0.0002,0.0,0.0,0.0,-0.0001,STILL
-16.8659,18.4164,-2.1211,0.0001,25.0624,0.0977,0.0001,25.0014,0.0177,0.0002,0.0,0.0,0.0001,-0.0001,STILL
-16.999,19.0581,-2.0594,0.0002,25.6207,0.5583,0.0,25.1083,0.0815,0.0002,0.0,-0.0,0.0001,-0.0001,STILL
-16.8273,18.5215,-2.0913,0.0002,25.1113,0.5094,0.0,25.1716,0.0578,0.0002,0.0,-0.0,0.0,-0.0001,STILL
-16.5306,19.411,-2.4011,0.0002,25.6088,0.4975,0.0001,25.3127,0.0618,0.0002,0.0,0.0001,0.0,-0.0001,STILL
-16.8307,19.4006,-2.3584,0.0003,25.7919,0.1831,0.0001,25.439,0.0871,0.0002,0.0,0.0002,0.0,-0.0001,STILL
-17.174,18.983,-2.7274,0.0004,25.7437,0.0482,0.0,25.5753,0.0587,0.0003,0.0,0.0002,0.0,-0.0,STILL
-17.0829,18.427,-3.5756,0.0001,25.3804,0.3633,0.0003,25.5272,0.0636,0.0002,0.0,0.0002,0.0,-0.0,STILL
-16.1663,18.1666,-3.2855,0.0002,24.5392,0.8413,0.0001,25.4128,0.2112,0.0002,0.0,0.0002,0.0,0.0,STILL
-16.5549,18.1114,-3.4065,0.0003,24.7729,0.2337,0.0002,25.2456,0.2574,0.0003,0.0,0.0001,0.0,0.0001,STILL
-16.5752,18.1329,-4.2627,0.0007,24.9341,0.1613,0.0004,25.0741,0.1877,0.0003,0.0,-0.0001,-0.0001,0.0001,STILL
-16.6758,18.6438,-4.1571,0.0006,25.3566,0.4224,0.0001,24.9966,0.108,0.0004,0.0,-0.0002,-0.0003,0.0,STILL
-16.6281,18.8651,-3.4131,0.0005,25.3778,0.0213,0.0001,24.9961,0.1076,0.0005,0.0,-0.0003,-0.0003,0.0,STILL
-16.59,19.092,-3.2305,0.0002,25.4984,0.1206,0.0003,25.188,0.0795,0.0005,0.0,-0.0003,-0.0004,0.0,STILL
-16.8408,18.7549,-3.2375,0.0002,25.4133,0.0851,0.0,25.3161,0.0388,0.0004,0.0,-0.0002,-0.0004,-0.0,STILL
-16.9945,18.8883,-3.2213,0.0002,25.6116,0.1983,0.0,25.4516,0.0087,0.0003,0.0,-0.0001,-0.0003,-0.0,STILL
-17.3425,19.1012,-3.5395,0.0003,26.0413,0.4296,0.0001,25.5885,0.0577,0.0003,0.0,0.0,-0.0002,0.0,STILL
-17.0771,19.3966,-3.366,0.0001,26.0612,0.0199,0.0001,25.7252,0.0749,0.0002,0.0,0.0001,-0.0001,0.0,STILL
-17.2679,18.7454,-3.2084,0.0002,25.6879,0.3733,0.0,25.7631,0.0634,0.0002,0.0,0.0001,-0.0,-0.0,STILL
-16.6581,18.9463,-3.1761,0.0027,25.4272,0.2606,0.0026,25.7658,0.0615,0.0007,1e-06,0.0001,0.0001,0.0005,STILL
-16.489,19.0602,-2.8534,0.002,25.3637,0.0635,0.0007,25.7163,0.0866,0.0011,1e-06,0.0001,0.0002,0.0009,STILL
-16.5193,18.7888,-2.6733,0.0014,25.1605,0.2032,0.0005,25.5401,0.0963,0.0013,1e-06,0.0001,0.0002,0.0012,STILL
-16.5873,18.6498,-2.5668,0.0011,25.0907,0.0699,0.0003,25.346,0.0447,0.0015,1e-06,0.0001,0.0003,0.0014,STILL
-16.3042,18.8323,-2.5941,0.0007,25.0442,0.0464,0.0004,25.2173,0.0229,0.0016,0.0,0.0001,0.0003,0.0016,STILL
-16.5278,18.8127,-2.069,0.0005,25.127,0.0828,0.0003,25.1572,0.0122,0.0012,0.0,0.0001,0.0002,0.0011,STILL
-16.2816,19.4158,-2.2708,0.0001,25.4405,0.3135,0.0004,25.1726,0.0194,0.0008,0.0,0.0001,0.0001,0.0007,STILL
-16.6659,19.0795,-2.2635,0.0002,25.4343,0.0062,0.0001,25.2273,0.0301,0.0005,0.0,0.0001,0.0,0.0004,STILL
-17.0827,18.6011,-2.2046,0.0003,25.3512,0.0832,0.0001,25.2794,0.0267,0.0004,0.0,0.0001,-0.0001,0.0002,STILL
-17.2974,18.3715,-2.173,0.0004,25.3266,0.0246,0.0001,25.3359,0.0129,0.0003,0.0,0.0002,-0.0001,-0.0,STILL
-17.4848,18.591,-2.6259,0.0004,25.6562,0.3296,0.0,25.4417,0.0135,0.0003,0.0,0.0002,-0.0,-0.0001,STILL
-16.7785,18.3915,-2.3351,0.0004,25.0044,0.6518,0.0,25.3545,0.0442,0.0004,0.0,0.0003,-0.0001,-0.0002,STILL
-16.9697,19.0882,-2.4181,0.0005,25.655,0.6506,0.0001,25.3986,0.059,0.0004,0.0,0.0003,-0.0001,-0.0003,STILL
-16.8476,18.6831,-2.5439,0.0005,25.2858,0.3692,0.0,25.3856,0.0609,0.0004,0.0,0.0003,-0.0001,-0.0003,STILL
-16.2656,18.6652,-2.6601,0.0005,24.9005,0.3853,0.0001,25.3004,0.1,0.0005,0.0,0.0003,-0.0,-0.0004,STILL
-16.1343,18.3665,-2.6093,0.0006,24.5857,0.3148,0.0,25.0863,0.131,0.0005,0.0,0.0003,-0.0,-0.0004,STILL
-16.2262,17.9151,-2.5218,0.0005,24.3023,0.2834,0.0001,24.9458,0.2329,0.0005,0.0,0.0003,0.0,-0.0004,STILL
-16.7997,17.7571,-2.0237,0.0005,24.5284,0.2261,0.0001,24.7205,0.1164,0.0005,0.0,0.0003,0.0001,-0.0004,STILL
-16.6179,18.5025,-2.344,0.0004,24.9799,0.4515,0.0002,24.6593,0.0622,0.0005,0.0,0.0003,0.0001,-0.0004,STILL
-16.3162,18.402,-2.3471,0.0004,24.7055,0.2744,0.0001,24.6203,0.0495,0.0005,0.0,0.0002,0.0002,-0.0003,STILL
-16.3592,18.5435,-2.5589,0.0003,24.8603,0.1548,0.0002,24.6753,0.0577,0.0004,0.0,0.0001,0.0002,-0.0002,STILL
-16.3936,18.8567,-2.3877,0.0003,25.1003,0.2401,0.0,24.8349,0.0406,0.0004,0.0,0.0,0.0002,-0.0002,STILL
-15.9868,18.9541,-2.2758,0.0003,24.9001,0.2002,0.0,24.9092,0.0171,0.0003,0.0,-0.0001,0.0002,-0.0001,STILL
-15.7957,19.057,-2.6863,0.0002,24.8976,0.0025,0.0001,24.8928,0.0159,0.0003,0.0,-0.0001,0.0002,-0.0001,STILL
-15.9772,19.2644,-2.9334,0.0002,25.199,0.3014,0.0,24.9915,0.0179,0.0003,0.0,-0.0001,0.0002,-0.0001,STILL
-16.3849,18.7959,-3.1061,0.0002,25.1276,0.0714,0.0,25.0449,0.0153,0.0002,0.0,-0.0,0.0001,-0.0001,STILL
-16.4391,18.6867,-2.7286,0.0003,25.0376,0.09,0.0001,25.0324,0.0145,0.0002,0.0,-0.0,0.0001,-0.0001,STILL
-16.1794,19.0775,-2.6516,0.0002,25.1546,0.117,0.0,25.0833,0.0114,0.0002,0.0,-0.0,0.0001,-0.0002,STILL
-16.1904,18.8432,-2.2494,0.0004,24.9451,0.2095,0.0001,25.0928,0.0082,0.0002,0.0,-0.0,0.0001,-0.0002,STILL
-16.4523,18.9308,-1.8683,0.0003,25.1505,0.2054,0.0,25.0831,0.0066,0.0003,0.0,-0.0001,0.0002,-0.0002,STILL
-16.5181,19.1072,-1.8071,0.0005,25.3219,0.1714,0.0002,25.1219,0.016,0.0003,0.0,-0.0001,0.0002,-0.0002,STILL
-16.5614,19.5014,-1.7395,0.0003,25.6439,0.322,0.0002,25.2432,0.0544,0.0004,0.0,-0.0001,0.0002,-0.0002,STILL
-16.0647,19.9042,-1.8134,0.0003,25.6426,0.0013,0.0001,25.3408,0.0752,0.0004,0.0,-0.0001,0.0002,-0.0002,STILL
-15.6987,19.2702,-2.4445,0.0002,24.9753,0.6673,0.0,25.3468,0.0706,0.0003,0.0,-0.0,0.0002,-0.0002,STILL
-15.9152,19.4537,-2.2619,0.0005,25.236,0.2607,0.0003,25.3639,0.065,0.0004,0.0,0.0,0.0001,-0.0002,STILL
-15.5946,19.4161,-2.9282,0.0006,25.0749,0.1611,0.0001,25.3145,0.0789,0.0004,0.0,0.0,-0.0001,-0.0002,STILL
-15.5195,19.1922,-2.4895,0.0006,24.8071,0.2678,0.0,25.1472,0.0807,0.0005,0.0,0.0,-0.0003,-0.0002,STILL
-16.0406,19.0194,-1.8478,0.0004,24.949,0.1419,0.0002,25.0085,0.0203,0.0005,0.0,0.0001,-0.0004,-0.0002,STILL
-16.22,18.9343,-1.8376,0.0006,24.9994,0.0504,0.0001,25.0133,0.02,0.0006,0.0,0.0001,-0.0005,-0.0002,STILL
-16.0041,18.7599,-1.8982,0.0003,24.7319,0.2675,0.0003,24.9125,0.0158,0.0005,0.0,0.0,-0.0005,-0.0001,STILL
-16.0564,18.7079,-2.4061,0.0003,24.7706,0.0387,0.0,24.8516,0.0108,0.0004,0.0,0.0,-0.0004,-0.0001,STILL
-16.1107,18.5445,-2.4936,0.0003,24.6915,0.0791,0.0001,24.8285,0.015,0.0004,0.0,0.0001,-0.0003,-0.0001,STILL
-15.8417,18.9043,-2.548,0.0004,24.7957,0.1042,0.0,24.7978,0.0114,0.0004,0.0,0.0,-0.0003,-0.0002,STILL
-16.3171,18.8141,-2.6072,0.0004,25.0403,0.2446,0.0,24.806,0.015,0.0003,0.0,0.0001,-0.0002,-0.0002,STILL
-16.0162,18.9294,-2.6107,0.0005,24.933,0.1072,0.0001,24.8462,0.0155,0.0004,0.0,0.0002,-0.0001,-0.0002,STILL
-16.3192,19.8498,-2.523,0.0005,25.8204,0.8874,0.0,25.0562,0.1601,0.0004,0.0,0.0002,-0.0,-0.0003,STILL
-16.3397,19.8454,-2.5277,0.0005,25.8306,0.0101,0.0,25.284,0.2015,0.0005,0.0,0.0003,0.0,-0.0003,STILL
-16.4843,19.7295,-1.6191,0.0004,25.7605,0.07,0.0001,25.477,0.162,0.0005,0.0,0.0004,0.0,-0.0002,STILL
-16.5968,19.4117,-2.9828,0.0005,25.7131,0.0474,0.0001,25.6115,0.1169,0.0005,0.0,0.0004,-0.0001,-0.0001,STILL
-16.3556,19.4262,-2.8987,0.0005,25.5595,0.1537,0.0,25.7368,0.0097,0.0005,0.0,0.0003,-0.0002,-0.0,STILL
-16.2595,19.1691,-2.2315,0.0004,25.235,0.3245,0.0,25.6197,0.0449,0.0005,0.0,0.0002,-0.0003,0.0,STILL
-16.1919,19.0665,-2.8508,0.0006,25.1762,0.0588,0.0002,25.4889,0.0583,0.0005,0.0,0.0001,-0.0004,0.0001,STILL
-16.4473,19.1407,-3.0869,0.0008,25.4246,0.2484,0.0002,25.4217,0.0398,0.0006,0.0,-0.0,-0.0005,0.0002,STILL
-16.2797,19.322,-2.882,0.0009,25.4298,0.0052,0.0001,25.365,0.0196,0.0006,0.0,-0.0002,-0.0005,0.0002,STILL
-16.3207,19.1451,-2.7712,0.0009,25.3096,0.1202,0.0,25.315,0.0102,0.0007,0.0,-0.0004,-0.0006,0.0002,STILL
-16.7596,19.5942,-2.3451,0.0006,25.8905,0.5809,0.0003,25.4461,0.0579,0.0007,0.0,-0.0005,-0.0005,0.0001,STILL
-16.589,19.6128,-2.373,0.0003,25.7971,0.0934,0.0003,25.5703,0.0526,0.0007,0.0,-0.0005,-0.0005,0.0001,STILL
-16.7868,19.5309,-2.4984,0.0003,25.8746,0.0775,0.0,25.6603,0.0587,0.0006,0.0,-0.0004,-0.0003,0.0001,STILL
-16.3388,18.9903,-2.4331,0.0002,25.1696,0.705,0.0001,25.6083,0.0936,0.0004,0.0,-0.0003,-0.0002,0.0001,STILL
-16.3367,19.3329,-2.5933,0.0002,25.4435,0.2739,0.0,25.6351,0.0804,0.0003,0.0,-0.0002,-0.0001,-0.0,STILL
-16.2412,19.0694,-2.4028,0.0002,25.1634,0.2802,0.0,25.4896,0.0907,0.0002,0.0,-0.0001,-0.0001,-0.0001,STILL
-16.4211,18.9243,-2.1847,0.0002,25.1506,0.0127,0.0001,25.3604,0.0781,0.0002,0.0,-0.0,-0.0,-0.0001,STILL
-16.115,19.0457,-1.8697,0.0002,25.0185,0.1321,0.0,25.1891,0.0193,0.0002,0.0,0.0,0.0,-0.0001,STILL
-16.6733,19.0866,-1.527,0.0004,25.3895,0.3709,0.0002,25.2331,0.0253,0.0002,0.0,0.0001,0.0001,-0.0002,STILL
-16.6792,19.2442,-2.2497,0.0005,25.5656,0.1761,0.0002,25.2575,0.0379,0.0003,0.0,0.0001,0.0002,-0.0002,STILL
-16.4309,19.1516,-2.1935,0.0005,25.3293,0.2363,0.0,25.2907,0.0361,0.0004,0.0,0.0001,0.0003,-0.0002,STILL
-16.2353,18.9369,-1.7892,0.0007,25.0079,0.3214,0.0002,25.2622,0.0474,0.0005,0.0,-0.0,0.0004,-0.0002,STILL
-16.2351,18.8371,-2.2564,0.0006,24.9701,0.0378,0.0001,25.2525,0.0525,0.0005,0.0,-0.0001,0.0005,-0.0002,STILL
-16.2069,19.154,-3.052,0.0004,25.2755,0.3055,0.0002,25.2297,0.0483,0.0005,0.0,-0.0001,0.0005,-0.0001,STILL
-16.3405,19.0545,-2.1228,0.0002,25.1911,0.0845,0.0001,25.1548,0.0204,0.0005,0.0,-0.0002,0.0003,-0.0001,STILL
-16.8349,19.2967,-2.1951,0.0003,25.702,0.511,0.0001,25.2293,0.0687,0.0004,0.0,-0.0002,0.0002,-0.0001,STILL
-16.7242,19.1155,-2.8905,0.0004,25.5627,0.1393,0.0001,25.3403,0.0688,0.0004,0.0,-0.0002,0.0,-0.0001,STILL
-17.0356,19.3611,-3.7186,0.0004,26.0556,0.4928,0.0,25.5574,0.0966,0.0003,0.0,-0.0003,-0.0001,-0.0,STILL
-16.7878,19.1889,-3.503,0.0006,25.7355,0.3201,0.0002,25.6494,0.0785,0.0004,0.0,-0.0003,-0.0002,0.0,STILL
-17.1459,19.2199,-2.9868,0.0004,25.9289,0.1934,0.0002,25.797,0.0304,0.0004,0.0,-0.0003,-0.0002,0.0001,STILL
-16.7636,19.6134,-2.5394,0.0003,25.9259,0.003,0.0001,25.8417,0.0299,0.0004,0.0,-0.0003,-0.0001,0.0001,STILL
-16.9328,19.4563,-2.2409,0.0002,25.8899,0.036,0.0001,25.9072,0.0105,0.0004,0.0,-0.0003,-0.0,0.0001,STILL
-17.3306,19.237,-2.474,0.0005,26.0102,0.1202,0.0003,25.8981,0.0082,0.0004,0.0,-0.0002,0.0001,0.0001,STILL
-17.4082,18.9146,-3.4917,0.0004,25.9422,0.068,0.0001,25.9394,0.0016,0.0003,0.0,-0.0001,0.0002,0.0,STILL
-17.2078,18.7629,-3.5246,0.0005,25.7017,0.2405,0.0002,25.894,0.0108,0.0004,0.0,-0.0,0.0003,-0.0,STILL
-17.4881,19.0759,-3.4572,0.0004,26.109,0.4073,0.0001,25.9306,0.0185,0.0004,0.0,-0.0001,0.0003,-0.0001,STILL
-17.5374,19.9358,-3.2564,0.0005,26.7507,0.6417,0.0001,26.1028,0.123,0.0005,0.0,-0.0,0.0004,-0.0002,STILL
-17.1237,19.8861,-3.2113,0.0004,26.4384,0.3123,0.0001,26.1884,0.1365,0.0004,0.0,0.0,0.0004,-0.0001,STILL
-17.0458,19.5776,-3.041,0.0004,26.136,0.3024,0.0,26.2272,0.1234,0.0005,0.0,0.0,0.0004,-0.0001,STILL
-17.1398,19.4902,-2.8921,0.0005,26.1152,0.0208,0.0,26.3099,0.0639,0.0004,0.0,0.0001,0.0004,-0.0,STILL
-17.1212,19.1609,-1.92,0.0004,25.7675,0.3478,0.0001,26.2416,0.11,0.0004,0.0,0.0001,0.0004,0.0,STILL
-16.8688,18.9975,-2.5953,0.0001,25.5382,0.2293,0.0003,25.9991,0.0983,0.0004,0.0,0.0001,0.0003,0.0001,STILL
-16.5951,18.9386,-2.5888,0.0003,25.3134,0.2247,0.0002,25.7741,0.1031,0.0003,0.0,0.0,0.0002,0.0001,STILL
-16.8729,18.779,-3.1148,0.0001,25.4372,0.1237,0.0001,25.6343,0.08,0.0003,0.0,-0.0,0.0001,0.0001,STILL
-17.3827,18.517,-3.6637,0.0001,25.6605,0.2233,0.0,25.5433,0.0256,0.0002,0.0,-0.0001,-0.0,0.0001,STILL
-17.4593,18.7511,-2.3622,0.0003,25.7296,0.0691,0.0002,25.5358,0.0225,0.0002,0.0,-0.0001,-0.0001,0.0,STILL
-17.2362,18.7352,-2.8366,0.0004,25.6153,0.1143,0.0001,25.5512,0.0235,0.0003,0.0,-0.0001,-0.0002,-0.0,STILL
-16.6827,18.8538,-3.5099,0.0005,25.4185,0.1968,0.0001,25.5722,0.0153,0.0003,0.0,-0.0001,-0.0003,-0.0,STILL
-16.7962,19.0893,-2.4704,0.0005,25.5463,0.1279,0.0,25.594,0.0113,0.0004,0.0,-0.0001,-0.0004,-0.0,STILL
-16.8494,19.1589,-1.7482,0.0005,25.5739,0.0276,0.0,25.5767,0.0102,0.0005,0.0,-0.0001,-0.0004,-0.0001,STILL
-16.5514,18.9834,-1.1486,0.0006,25.2119,0.362,0.0001,25.4732,0.0214,0.0005,0.0,-0.0001,-0.0005,-0.0001,STILL
-16.4568,19.1086,-1.5064,0.0006,25.2633,0.0514,0.0,25.4028,0.0212,0.0006,0.0,-0.0,-0.0005,-0.0001,STILL
-16.506,19.1963,-1.5207,0.0008,25.3625,0.0993,0.0002,25.3916,0.0214,0.0006,0.0,-0.0001,-0.0006,-0.0001,STILL
-16.5736,19.0476,-1.1416,0.0007,25.2745,0.0881,0.0001,25.3372,0.0164,0.0007,0.0,-0.0,-0.0006,-0.0001,STILL
-16.4089,19.1694,-1.5789,0.0006,25.2826,0.0081,0.0001,25.2789,0.0024,0.0007,0.0,-0.0,-0.0007,-0.0001,STILL
-16.2333,19.223,-2.4444,0.0008,25.2788,0.0037,0.0002,25.2923,0.0013,0.0007,0.0,-0.0,-0.0007,-0.0,STILL
-15.9554,19.6159,-1.0492,0.001,25.3073,0.0285,0.0002,25.3011,0.0011,0.0008,0.0,-0.0,-0.0008,0.0,STILL
-16.0487,19.4521,-1.9425,0.0007,25.2927,0.0146,0.0003,25.2872,0.0001,0.0008,0.0,-0.0001,-0.0007,0.0001,STILL
-15.9702,18.9929,-1.8853,0.0004,24.8864,0.4062,0.0003,25.2095,0.0262,0.0007,0.0,-0.0001,-0.0007,0.0001,STILL
-16.5012,18.885,-2.252,0.0003,25.1794,0.293,0.0001,25.1889,0.0249,0.0007,0.0,-0.0001,-0.0006,0.0001,STILL
-16.5759,19.0642,-2.3547,0.0003,25.3722,0.1929,0.0001,25.2076,0.0296,0.0005,0.0,-0.0,-0.0005,0.0001,STILL
-16.4826,18.5357,-2.4525,0.0004,24.9252,0.447,0.0001,25.1312,0.0378,0.0004,0.0,0.0,-0.0004,0.0,STILL
-17.0955,18.9942,-2.4526,0.0003,25.672,0.7468,0.0,25.2071,0.0853,0.0003,0.0,0.0001,-0.0002,-0.0,STILL
-16.8545,19.1485,-2.5621,0.0004,25.6379,0.0341,0.0001,25.3574,0.0793,0.0003,0.0,0.0002,-0.0001,-0.0,STILL
-16.0305,18.7407,-2.5903,0.0002,24.7972,0.8408,0.0002,25.2809,0.1299,0.0003,0.0,0.0002,-0.0,0.0,STILL
-16.5494,19.0113,-2.3066,0.0002,25.3107,0.5135,0.0,25.2686,0.1282,0.0003,0.0,0.0002,0.0,0.0,STILL
-16.827,18.9278,-2.2828,0.0002,25.4287,0.118,0.0,25.3693,0.0996,0.0003,0.0,0.0002,0.0001,-0.0,STILL
-17.0179,18.4829,-2.2044,0.0003,25.2207,0.2081,0.0001,25.279,0.0776,0.0003,0.0,0.0001,0.0001,0.0,STILL
-16.4518,18.2457,-2.3166,0.0004,24.6765,0.5441,0.0,25.0868,0.0874,0.0002,0.0,0.0,0.0002,0.0001,STILL
-16.6271,18.659,-2.3095,0.0003,25.0989,0.4223,0.0001,25.1471,0.067,0.0003,0.0,-0.0001,0.0002,0.0001,STILL
-16.6798,18.171,-2.7133,0.0002,24.8145,0.2843,0.0001,25.0479,0.074,0.0003,0.0,-0.0001,0.0002,0.0001,STILL
-16.4532,18.2118,-2.5737,0.0003,24.6779,0.1366,0.0001,24.8977,0.0498,0.0003,0.0,-0.0001,0.0002,0.0001,STILL
-16.5376,17.9382,-3.034,0.0001,24.5861,0.0919,0.0002,24.7708,0.0322,0.0003,0.0,-0.0001,0.0002,0.0001,STILL
-16.4863,17.4943,-3.4553,0.0002,24.2855,0.3005,0.0001,24.6926,0.0714,0.0002,0.0,-0.0001,0.0001,0.0001,STILL
-16.514,18.1736,-3.5611,0.0003,24.8128,0.5272,0.0001,24.6354,0.038,0.0002,0.0,-0.0,-0.0,0.0001,STILL
-16.58,18.5326,-2.9989,0.0004,25.0469,0.2341,0.0,24.6818,0.0633,0.0003,0.0,0.0,-0.0001,0.0001,STILL
-16.5077,18.8386,-2.9741,0.0005,25.2239,0.177,0.0002,24.791,0.1102,0.0003,0.0,-0.0,-0.0002,0.0001,STILL
-16.6343,18.9709,-3.0293,0.0003,25.412,0.1882,0.0002,24.9562,0.1516,0.0003,0.0,-0.0,-0.0003,0.0001,STILL
-16.1387,18.9111,-3.5984,0.0002,25.1204,0.2916,0.0001,25.1232,0.0391,0.0003,0.0,-0.0,-0.0002,0.0001,STILL
-15.8328,19.3882,-4.0131,0.0002,25.3513,0.2309,0.0,25.2309,0.0187,0.0003,0.0,-0.0001,-0.0002,0.0001,STILL
-15.9225,19.3668,-3.5668,0.0002,25.3243,0.0269,0.0,25.2864,0.0106,0.0003,0.0,-0.0001,-0.0001,0.0001,STILL
-16.0411,19.0591,-3.6128,0.0001,25.1718,0.1525,0.0001,25.276,0.0123,0.0002,0.0,-0.0,0.0,0.0,STILL
-15.961,19.066,-3.7652,0.0003,25.1485,0.0233,0.0002,25.2233,0.0091,0.0002,0.0,0.0,0.0001,0.0,STILL
-15.9595,19.0466,-3.3153,0.0003,25.0692,0.0792,0.0,25.213,0.0116,0.0002,0.0,0.0,0.0001,0.0,STILL
-15.7832,18.5779,-2.6929,0.0003,24.5255,0.5438,0.0,25.0479,0.0751,0.0002,0.0,-0.0,0.0001,-0.0,STILL
-16.0297,18.9623,-2.8418,0.0004,24.9919,0.4664,0.0001,24.9814,0.056,0.0002,0.0,-0.0001,0.0001,-0.0001,STILL
-16.7019,18.7386,-3.3516,0.0003,25.3243,0.3324,0.0001,25.0119,0.0713,0.0003,0.0,-0.0001,0.0002,-0.0001,STILL
-16.2302,18.7627,-3.1219,0.0004,25.0042,0.3201,0.0001,24.983,0.0668,0.0003,0.0,-0.0001,0.0001,-0.0002,STILL
-15.9404,19.2008,-3.0569,0.0005,25.1419,0.1377,0.0001,24.9975,0.0701,0.0004,0.0,-0.0001,0.0001,-0.0003,STILL
-16.6867,18.9732,-2.6705,0.0007,25.4079,0.266,0.0002,25.174,0.0281,0.0004,0.0,-0.0001,0.0001,-0.0004,STILL
-16.8025,18.5629,-2.377,0.0005,25.1507,0.2572,0.0002,25.2058,0.0205,0.0005,0.0,-0.0001,0.0002,-0.0004,STILL
-16.5639,18.6753,-2.7297,0.0005,25.1114,0.0393,0.0,25.1632,0.0177,0.0005,0.0,-0.0001,0.0002,-0.0004,STILL
-16.2449,18.8246,-2.4588,0.0005,24.9862,0.1252,0.0,25.1596,0.0189,0.0005,0.0,-0.0001,0.0002,-0.0004,STILL
-16.1896,18.466,-3.2639,0.0004,24.774,0.2122,0.0001,25.086,0.0432,0.0005,0.0,-0.0001,0.0003,-0.0004,STILL
-16.1361,19.1165,-2.9736,0.0004,25.1924,0.4184,0.0,25.0429,0.0228,0.0005,0.0,-0.0002,0.0003,-0.0003,STILL
-16.1839,19.3776,-3.2727,0.0004,25.4582,0.2658,0.0,25.1044,0.0512,0.0005,0.0,-0.0002,0.0003,-0.0002,STILL
-16.5471,19.2021,-3.4619,0.0004,25.5834,0.1252,0.0,25.1988,0.0882,0.0004,0.0,-0.0002,0.0003,-0.0001,STILL
-16.2783,19.4929,-3.2164,0.0001,25.5989,0.0155,0.0003,25.3214,0.0961,0.0004,0.0,-0.0002,0.0002,-0.0001,STILL
-16.1414,19.6224,-3.2918,0.0005,25.6207,0.0219,0.0004,25.4907,0.0254,0.0004,0.0,-0.0002,0.0001,-0.0,STILL
-16.3381,19.473,-3.5179,0.0006,25.6614,0.0406,0.0001,25.5845,0.0047,0.0004,0.0,-0.0001,-0.0001,0.0,STILL
-16.033,19.5409,-3.158,0.0007,25.473,0.1883,0.0,25.5875,0.004,0.0005,0.0,-0.0001,-0.0003,0.0001,STILL
-16.8264,19.7858,-3.0452,0.0003,26.1511,0.6781,0.0004,25.701,0.0546,0.0004,0.0,-0.0,-0.0004,0.0,STILL
-16.8799,19.7349,-3.1205,0.0005,26.156,0.0049,0.0002,25.8124,0.0815,0.0005,0.0,-0.0,-0.0005,0.0,STILL
-16.8164,19.6879,-3.0058,0.0002,26.0661,0.0899,0.0003,25.9015,0.0791,0.0004,0.0,0.0,-0.0004,0.0001,STILL
-17.3969,19.4972,-2.1765,0.0002,26.2208,0.1547,0.0,26.0134,0.0754,0.0004,0.0,0.0,-0.0004,0.0,STILL
-17.2425,19.4415,-1.9756,0.0002,26.0611,0.1597,0.0001,26.131,0.0036,0.0003,0.0,-0.0,-0.0002,0.0,STILL
-17.2971,19.7907,-1.6867,0.0003,26.3383,0.2773,0.0001,26.1684,0.0108,0.0003,0.0,0.0,-0.0002,-0.0001,STILL
-16.6846,19.5857,-1.9931,0.0004,25.8059,0.5324,0.0001,26.0984,0.0321,0.0002,0.0,0.0001,-0.0001,-0.0001,STILL
-16.8633,19.3373,-1.8226,0.0001,25.722,0.0839,0.0003,26.0296,0.0555,0.0002,0.0,0.0001,-0.0,-0.0002,STILL
-16.8031,19.2136,-1.6612,0.0003,25.5786,0.1434,0.0002,25.9012,0.0724,0.0002,0.0,0.0001,0.0001,-0.0002,STILL
-16.905,19.4084,-1.9352,0.0004,25.811,0.2324,0.0001,25.8512,0.0664,0.0003,0.0,0.0001,0.0001,-0.0002,STILL
-16.5209,19.2611,-2.1107,0.0004,25.4634,0.3477,0.0,25.6762,0.0184,0.0003,0.0,0.0001,0.0001,-0.0002,STILL
-16.0042,19.012,-2.0042,0.0003,24.932,0.5313,0.0001,25.5014,0.0952,0.0003,0.0,0.0001,0.0002,-0.0002,STILL
-16.1971,18.8565,-2.0971,0.0003,24.9461,0.0141,0.0,25.3462,0.1231,0.0004,0.0,0.0001,0.0002,-0.0002,STILL
-16.6671,18.7383,-2.5464,0.0005,25.2071,0.261,0.0002,25.2719,0.1106,0.0004,0.0,0.0002,0.0003,-0.0001,STILL
-16.6961,19.2781,-2.5246,0.0005,25.6278,0.4206,0.0001,25.2353,0.0765,0.0004,0.0,0.0002,0.0003,-0.0001,STILL
-16.5694,19.2225,-2.4635,0.0004,25.4974,0.1303,0.0001,25.2421,0.0798,0.0004,0.0,0.0003,0.0003,-0.0001,STILL
-16.8993,19.3936,-2.802,0.0004,25.8757,0.3782,0.0001,25.4308,0.1052,0.0004,0.0,0.0003,0.0003,-0.0,STILL
-16.7851,19.6774,-2.1447,0.0004,25.9526,0.077,0.0,25.6321,0.0722,0.0004,0.0,0.0003,0.0003,-0.0,STILL
-16.6437,19.3888,-2.3064,0.0004,25.6565,0.2961,0.0,25.722,0.0281,0.0004,0.0,0.0003,0.0003,-0.0001,STILL
-16.5931,19.2235,-2.1326,0.0002,25.4838,0.1728,0.0002,25.6932,0.0368,0.0004,0.0,0.0002,0.0002,-0.0001,STILL
-16.7557,18.807,-2.6311,0.0001,25.3254,0.1583,0.0001,25.6588,0.055,0.0003,0.0,0.0002,0.0002,-0.0,STILL
-16.4264,19.1737,-3.3861,0.0001,25.474,0.1486,0.0,25.5785,0.046,0.0002,0.0,0.0001,0.0001,-0.0001,STILL
-16.4161,19.2858,-2.4964,0.0001,25.4493,0.0247,0.0001,25.4778,0.0112,0.0002,0.0,0.0,0.0001,-0.0,STILL
-16.4454,19.4849,-1.9253,0.0003,25.5699,0.1206,0.0002,25.4605,0.0062,0.0002,0.0,-0.0,-0.0,-0.0001,STILL
-16.4376,18.9598,-1.9746,0.0003,25.1708,0.3991,0.0,25.3979,0.019,0.0002,0.0,-0.0001,-0.0001,0.0,STILL
-16.2782,18.8335,-1.1078,0.0004,24.918,0.2528,0.0001,25.3164,0.0573,0.0002,0.0,-0.0001,-0.0001,0.0,STILL
-16.5132,18.5262,-1.1081,0.0003,24.8421,0.0759,0.0001,25.19,0.0814,0.0003,0.0,-0.0001,-0.0001,0.0001,STILL
-16.1324,18.9459,-2.1302,0.0004,24.9748,0.1327,0.0001,25.0951,0.0682,0.0003,0.0,-0.0002,-0.0,0.0001,STILL
-16.0466,18.363,-2.3417,0.0002,24.4985,0.4763,0.0002,24.8808,0.0484,0.0003,0.0,-0.0002,0.0,0.0001,STILL
-16.5185,18.9373,-2.5827,0.0003,25.2617,0.7632,0.0001,24.899,0.0603,0.0003,0.0,-0.0002,0.0,0.0002,STILL
-16.4742,18.8186,-2.6849,0.0005,25.1544,0.1072,0.0002,24.9463,0.071,0.0004,0.0,-0.0002,0.0,0.0002,STILL
-16.4325,18.8017,-1.7698,0.0005,25.0332,0.1212,0.0,24.9845,0.0689,0.0004,0.0,-0.0001,-0.0001,0.0002,STILL
-16.4366,18.9195,-2.1034,0.0003,25.1502,0.117,0.0002,25.0196,0.0731,0.0004,0.0,-0.0001,-0.0002,0.0002,STILL
-16.2837,18.695,-2.5514,0.0003,24.9233,0.2269,0.0,25.1046,0.0134,0.0004,0.0,-0.0001,-0.0002,0.0003,STILL
-16.0832,18.6341,-2.7161,0.0003,24.7644,0.1589,0.0,25.0051,0.0218,0.0004,0.0,-0.0001,-0.0002,0.0003,STILL
-16.2509,18.7135,-2.251,0.0003,24.8869,0.1225,0.0001,24.9516,0.0172,0.0004,0.0,-0.0001,-0.0002,0.0002,STILL
-16.5507,18.8552,-2.079,0.0003,25.1747,0.2879,0.0,24.9799,0.0251,0.0003,0.0,-0.0001,-0.0002,0.0001,STILL
-16.4218,18.9248,-2.6569,0.0001,25.1969,0.0222,0.0001,24.9892,0.0286,0.0003,0.0,-0.0001,-0.0002,0.0001,STILL
-16.6093,18.8242,-2.4443,0.0003,25.2229,0.026,0.0001,25.0492,0.035,0.0003,0.0,-0.0,-0.0001,0.0,STILL
-17.05,18.7906,-3.0898,0.0004,25.5604,0.3375,0.0001,25.2084,0.0458,0.0003,0.0,0.0,-0.0001,0.0001,STILL
-16.7369,18.7387,-2.9,0.0002,25.2917,0.2687,0.0001,25.2893,0.0199,0.0003,0.0,0.0,0.0,0.0001,STILL
-16.3614,18.8316,-3.1981,0.0003,25.1506,0.1412,0.0,25.2845,0.0211,0.0003,0.0,0.0,0.0001,0.0001,STILL
-16.5641,18.8715,-3.1616,0.0003,25.3081,0.1575,0.0,25.3068,0.0192,0.0003,0.0,0.0,0.0002,0.0001,STILL
-16.7325,18.7691,-3.4137,0.0004,25.3754,0.0673,0.0001,25.3372,0.0178,0.0003,0.0,0.0,0.0003,0.0001,STILL
-16.5766,18.2559,-3.1434,0.0004,24.8585,0.5169,0.0,25.1969,0.034,0.0003,0.0,0.0,0.0003,-0.0001,STILL
-16.6613,18.1735,-4.0491,0.0004,24.9854,0.1269,0.0,25.1356,0.0374,0.0003,0.0,0.0,0.0003,-0.0001,STILL
-16.7697,18.4732,-3.9987,0.0005,25.2679,0.2825,0.0002,25.1591,0.0403,0.0004,0.0,0.0001,0.0003,-0.0001,STILL
-16.7126,18.2567,-3.9677,0.0005,25.0671,0.2008,0.0001,25.1109,0.0352,0.0004,0.0,0.0002,0.0003,-0.0001,STILL
-16.3545,18.2897,-3.5585,0.0005,24.792,0.2751,0.0,24.9942,0.0279,0.0004,0.0,0.0002,0.0003,-0.0,STILL
-16.3961,18.6755,-3.2718,0.0005,25.0661,0.2741,0.0001,25.0357,0.0236,0.0005,0.0,0.0002,0.0004,0.0,STILL
-16.3012,18.831,-3.43,0.0006,25.1417,0.0755,0.0,25.067,0.0243,0.0005,0.0,0.0001,0.0004,0.0001,STILL
-16.2504,19.0867,-3.494,0.0006,25.3098,0.1681,0.0,25.0753,0.028,0.0005,0.0,0.0,0.0004,0.0002,STILL
-15.9878,19.1162,-2.3608,0.0004,25.0322,0.2775,0.0002,25.0684,0.0283,0.0005,0.0,-0.0001,0.0004,0.0002,STILL
-15.9777,19.2524,-2.298,0.0004,25.1241,0.0919,0.0,25.1348,0.0092,0.0005,0.0,-0.0002,0.0003,0.0002,STILL
-16.2134,19.1738,-1.9228,0.0005,25.1834,0.0593,0.0001,25.1582,0.0082,0.0005,0.0,-0.0003,0.0003,0.0002,STILL
-16.2958,19.3109,-1.9476,0.0007,25.3428,0.1593,0.0002,25.1985,0.0133,0.0005,0.0,-0.0003,0.0002,0.0003,STILL
-16.3772,19.2893,-1.5362,0.0004,25.3506,0.0078,0.0002,25.2066,0.0154,0.0005,0.0,-0.0003,0.0002,0.0003,STILL
-16.2455,19.0283,-1.2977,0.0004,25.0535,0.2971,0.0,25.2109,0.014,0.0005,0.0,-0.0003,0.0002,0.0002,STILL
-16.2058,18.9258,-1.6632,0.0003,24.9716,0.0819,0.0001,25.1804,0.023,0.0005,0.0,-0.0003,0.0001,0.0002,STILL
-16.4053,18.7281,-2.1118,0.0003,24.9867,0.0151,0.0,25.141,0.029,0.0004,0.0,-0.0003,0.0001,0.0002,STILL
-16.2836,18.8888,-2.2582,0.0002,25.0408,0.0541,0.0001,25.0806,0.0192,0.0003,0.0,-0.0002,-0.0,0.0001,STILL
-16.1862,19.0923,-2.3972,0.0003,25.1447,0.1039,0.0001,25.0395,0.0037,0.0003,0.0,-0.0002,-0.0001,0.0,STILL
-16.0427,19.0207,-2.274,0.0003,24.9865,0.1581,0.0,25.0261,0.0041,0.0003,0.0,-0.0001,-0.0001,-0.0,STILL
-15.8873,18.629,-2.1536,0.0001,24.5782,0.4084,0.0002,24.9474,0.0374,0.0002,0.0,-0.0001,-0.0001,-0.0,STILL
-16.4036,18.9564,-2.0666,0.0002,25.1534,0.5752,0.0001,24.9807,0.0445,0.0002,0.0,-0.0,-0.0001,-0.0,STILL
-16.7916,19.3432,-2.1252,0.0003,25.7028,0.5494,0.0,25.1131,0.1305,0.0002,0.0,0.0,-0.0001,-0.0,STILL
-16.4271,19.3558,-2.3782,0.0002,25.4981,0.2047,0.0001,25.1838,0.155,0.0002,0.0,0.0001,-0.0,-0.0,STILL
-16.7416,19.2909,-2.3557,0.0003,25.651,0.1529,0.0001,25.3167,0.1732,0.0002,0.0,0.0002,-0.0,0.0,STILL
-16.6714,19.2515,-2.5127,0.0002,25.5904,0.0605,0.0,25.5191,0.0381,0.0003,0.0,0.0002,0.0,0.0,STILL
-16.5215,18.7293,-3.2133,0.0002,25.1808,0.4096,0.0001,25.5246,0.0342,0.0002,0.0,0.0002,0.0001,-0.0,STILL
-16.4079,18.9709,-3.1488,0.0003,25.279,0.0982,0.0001,25.4399,0.0327,0.0002,0.0,0.0002,0.0001,-0.0,STILL
-16.3482,19.3018,-3.7784,0.0003,25.5753,0.2963,0.0,25.4553,0.0355,0.0003,0.0,0.0002,0.0001,-0.0001,STILL
-16.7035,19.657,-3.629,0.0002,26.0495,0.4742,0.0001,25.535,0.0921,0.0003,0.0,0.0001,0.0001,-0.0001,STILL
-17.0534,19.635,-3.4532,0.0003,26.235,0.1856,0.0001,25.6639,0.1728,0.0003,0.0,0.0001,0.0,-0.0001,STILL
-16.7459,19.9611,-3.7094,0.0002,26.3179,0.0828,0.0001,25.8913,0.16,0.0003,0.0,-0.0,-0.0,-0.0001,STILL
-16.7311,19.7689,-3.6956,0.0003,26.161,0.1569,0.0001,26.0677,0.0684,0.0003,0.0,-0.0001,-0.0001,-0.0001,STILL
-16.3349,19.337,-3.5596,0.0004,25.562,0.5989,0.0001,26.0651,0.0711,0.0003,0.0,-0.0002,-0.0001,0.0,STILL
-16.346,19.0915,-2.8227,0.0003,25.2912,0.2709,0.0001,25.9134,0.1678,0.0003,0.0,-0.0002,-0.0001,0.0001,STILL
-16.1924,18.9138,-2.6363,0.0003,25.0375,0.2537,0.0,25.6739,0.2432,0.0003,0.0,-0.0002,-0.0001,0.0001,STILL
-16.2008,18.5404,-2.1653,0.0003,24.7164,0.3211,0.0,25.3536,0.241,0.0003,0.0,-0.0002,-0.0001,0.0001,STILL
-16.02,18.6105,-2.476,0.0028,24.6804,0.0361,0.0025,25.0575,0.1136,0.0008,1e-06,-0.0002,-0.0001,-0.0005,STILL
-16.0535,18.6384,-2.2058,0.0021,24.6976,0.0172,0.0006,24.8846,0.0587,0.0012,1e-06,-0.0002,-0.0001,-0.0009,STILL
-15.8116,18.7669,-2.3146,0.0015,24.6488,0.0488,0.0006,24.7561,0.0203,0.0014,1e-06,-0.0002,-0.0002,-0.0012,STILL
-15.6274,18.8417,-2.2048,0.0013,24.5781,0.0706,0.0002,24.6643,0.0023,0.0016,1e-06,-0.0003,-0.0004,-0.0014,STILL
-15.4769,18.9421,-2.1045,0.0009,24.5513,0.0268,0.0003,24.6312,0.0033,0.0017,0.0,-0.0003,-0.0004,-0.0016,STILL
-15.469,18.9537,-2.1086,0.0006,24.5556,0.0043,0.0003,24.6063,0.0033,0.0013,0.0,-0.0003,-0.0005,-0.0011,STILL
-15.3596,19.0161,-2.7244,0.0003,24.5957,0.0401,0.0003,24.5859,0.0012,0.0009,0.0,-0.0003,-0.0005,-0.0007,STILL
-15.5908,19.2566,-2.5607,0.0002,24.9088,0.313,0.0001,24.6379,0.0186,0.0007,0.0,-0.0002,-0.0004,-0.0004,STILL
-16.1601,18.9115,-2.5798,0.0001,25.009,0.1003,0.0001,24.7241,0.038,0.0004,0.0,-0.0001,-0.0003,-0.0002,STILL
-16.0125,18.6167,-2.4326,0.0001,24.6759,0.3331,0.0001,24.749,0.0319,0.0003,0.0,-0.0,-0.0002,-0.0001,STILL
-16.2444,18.7246,-2.5586,0.0005,24.9206,0.2447,0.0003,24.822,0.025,0.0003,0.0,0.0001,-0.0,0.0,STILL
-16.2299,18.6172,-2.4375,0.0007,24.8183,0.1023,0.0002,24.8665,0.0127,0.0003,0.0,0.0002,0.0001,0.0001,STILL
-16.3964,18.7656,-2.4375,0.0006,25.0386,0.2203,0.0001,24.8925,0.0176,0.0004,0.0,0.0003,0.0003,0.0001,STILL
-16.4296,18.9938,-2.3719,0.0007,25.2254,0.1868,0.0,24.9358,0.0352,0.0005,0.0,0.0004,0.0004,0.0001,STILL
-16.4593,18.6919,-2.61,0.0009,25.0421,0.1833,0.0002,25.009,0.0186,0.0007,0.0,0.0005,0.0004,0.0002,STILL
-16.2612,18.5285,-2.563,0.0007,24.7851,0.257,0.0001,24.9819,0.0263,0.0007,0.0,0.0005,0.0005,0.0002,STILL
-16.3308,18.5322,-2.3879,0.0006,24.8161,0.031,0.0002,24.9815,0.0265,0.0007,0.0,0.0005,0.0004,0.0002,STILL
-16.3115,18.4132,-2.7947,0.0005,24.7573,0.0588,0.0001,24.9252,0.0327,0.0007,0.0,0.0005,0.0004,0.0002,STILL
-16.7961,18.2462,-2.6295,0.0004,24.9389,0.1816,0.0001,24.8679,0.0114,0.0006,0.0,0.0005,0.0003,0.0003,STILL
-16.5744,18.1095,-2.3942,0.0004,24.6657,0.2732,0.0001,24.7926,0.0079,0.0005,0.0,0.0004,0.0002,0.0003,STILL
-16.5345,18.147,-2.3841,0.0004,24.6655,0.0002,0.0,24.7687,0.0105,0.0004,0.0,0.0002,0.0002,0.0003,STILL
-16.5276,18.5676,-2.8729,0.0004,25.0234,0.3579,0.0,24.8102,0.0213,0.0004,0.0,0.0001,0.0002,0.0003,STILL
-16.0846,18.2634,-3.0296,0.0004,24.5244,0.499,0.0,24.7636,0.0349,0.0004,0.0,0.0001,0.0002,0.0002,STILL
-16.1583,17.9389,-2.4487,0.0004,24.267,0.2573,0.0,24.6292,0.06,0.0004,0.0,-0.0,0.0002,0.0003,STILL
-16.2048,17.7823,-2.4683,0.0003,24.1847,0.0824,0.0001,24.533,0.09,0.0004,0.0,-0.0001,0.0002,0.0002,STILL
-16.1919,18.0634,-1.7184,0.0003,24.3191,0.1344,0.0001,24.4637,0.0909,0.0003,0.0,-0.0001,0.0002,0.0002,STILL
-16.1754,18.207,-2.1185,0.0002,24.4464,0.1273,0.0,24.3483,0.015,0.0003,0.0,-0.0,0.0002,0.0002,STILL
-16.2685,18.4281,-1.8698,0.0005,24.6526,0.2063,0.0002,24.374,0.0266,0.0003,0.0,-0.0,0.0001,0.0003,STILL
-16.5898,18.7706,-1.7708,0.0004,25.1136,0.4609,0.0001,24.5433,0.1051,0.0003,0.0,0.0001,0.0001,0.0003,STILL
-17.0062,19.3102,-2.3354,0.0003,25.837,0.7234,0.0001,24.8737,0.3049,0.0003,0.0,0.0001,0.0002,0.0002,STILL
-17.3518,19.3169,-2.4808,0.0003,26.0842,0.2472,0.0,25.2267,0.4118,0.0003,0.0,0.0001,0.0002,0.0002,STILL
-17.1877,18.7942,-2.1378,0.0002,25.5579,0.5262,0.0,25.4491,0.2625,0.0003,0.0,0.0001,0.0002,0.0002,STILL
-16.9189,18.5728,-3.2415,0.0003,25.3319,0.226,0.0001,25.5849,0.1199,0.0003,0.0,0.0002,0.0001,0.0001,STILL
-16.2883,18.2426,-3.1088,0.0004,24.6529,0.679,0.0,25.4928,0.2407,0.0003,0.0,0.0002,0.0002,0.0001,STILL
-16.465,18.5035,-3.1683,0.0004,24.9702,0.3173,0.0001,25.3194,0.2416,0.0003,0.0,0.0002,0.0001,0.0001,STILL
-16.5126,18.6747,-3.1909,0.0005,25.1315,0.1612,0.0001,25.1289,0.0954,0.0004,0.0,0.0003,0.0001,0.0001,STILL
-16.2445,18.6616,-3.0902,0.0005,24.9337,0.1978,0.0,25.004,0.0506,0.0004,0.0,0.0004,0.0001,0.0001,STILL
-16.3893,18.6168,-2.3972,0.0003,24.9187,0.015,0.0002,24.9214,0.0238,0.0004,0.0,0.0004,0.0001,0.0001,STILL
-16.6865,18.5059,-1.7865,0.0002,24.982,0.0633,0.0001,24.9872,0.0057,0.0004,0.0,0.0003,0.0,0.0001,STILL
-16.7585,18.2641,-1.1636,0.0006,24.8149,0.167,0.0004,24.9561,0.0107,0.0004,0.0,0.0002,-0.0001,0.0,STILL
-16.6662,18.2644,-1.1309,0.0005,24.7514,0.0636,0.0001,24.8801,0.0071,0.0004,0.0,0.0001,-0.0002,0.0,STILL
-16.8111,18.1272,-1.4359,0.0003,24.7643,0.0129,0.0002,24.8462,0.0081,0.0004,0.0,-0.0001,-0.0003,0.0,STILL
-17.1208,18.3549,-2.7581,0.0002,25.2513,0.487,0.0001,24.9128,0.0354,0.0003,0.0,-0.0001,-0.0003,0.0,STILL
-16.9872,18.6651,-2.3815,0.0003,25.35,0.0987,0.0001,24.9864,0.0673,0.0004,0.0,-0.0002,-0.0002,0.0,STILL
-16.5835,18.9696,-2.5052,0.0002,25.3207,0.0294,0.0,25.0875,0.0735,0.0003,0.0,-0.0002,-0.0001,0.0001,STILL
-16.3262,19.1788,-2.5667,0.0002,25.3172,0.0035,0.0,25.2007,0.0487,0.0002,0.0,-0.0002,0.0,0.0001,STILL
-16.7391,19.143,-2.1815,0.0003,25.5228,0.2056,0.0001,25.3524,0.0083,0.0002,0.0,-0.0002,0.0001,0.0,STILL
-16.5788,19.5957,-2.5077,0.0005,25.7902,0.2674,0.0002,25.4602,0.033,0.0003,0.0,-0.0001,0.0002,-0.0001,STILL
-16.5224,19.5578,-2.6343,0.0006,25.7378,0.0524,0.0001,25.5377,0.04,0.0004,0.0,-0.0,0.0003,-0.0001,STILL
-16.8867,18.8431,-2.6449,0.0004,25.4405,0.2974,0.0001,25.5617,0.0318,0.0004,0.0,0.0001,0.0003,-0.0001,STILL
-17.2156,19.1776,-2.8722,0.0003,25.9308,0.4903,0.0001,25.6844,0.0321,0.0004,0.0,0.0001,0.0003,-0.0001,STILL
-16.7568,18.9983,-3.1884,0.0001,25.5322,0.3986,0.0002,25.6863,0.0315,0.0004,0.0,0.0001,0.0003,-0.0001,STILL
-16.3992,18.1143,-1.8351,0.0002,24.5037,1.0286,0.0001,25.429,0.2428,0.0003,0.0,0.0001,0.0003,-0.0001,STILL
-15.9788,18.0571,-1.5556,0.0002,24.1619,0.3418,0.0001,25.1138,0.4455,0.0003,0.0,0.0,0.0002,-0.0001,STILL
-16.2736,18.7144,-1.6101,0.0002,24.8526,0.6907,0.0,24.9962,0.424,0.0002,0.0,-0.0001,0.0001,-0.0001,STILL
-16.1595,19.0059,-2.5068,0.0005,25.0727,0.2201,0.0003,24.8246,0.221,0.0003,0.0,-0.0001,-0.0001,-0.0,STILL
-16.2932,19.0891,-2.6336,0.0006,25.2349,0.1622,0.0001,24.7651,0.151,0.0004,0.0,-0.0001,-0.0002,-0.0,STILL
-16.0377,18.8182,-3.0412,0.0006,24.9115,0.3234,0.0001,24.8467,0.135,0.0004,0.0,-0.0002,-0.0004,0.0,STILL
-15.9333,19.0108,-3.1705,0.0006,25.0066,0.0952,0.0,25.0156,0.0178,0.0005,0.0,-0.0002,-0.0004,0.0001,STILL
-16.181,18.5399,-3.2176,0.0006,24.8174,0.1892,0.0,25.0086,0.0203,0.0006,0.0,-0.0003,-0.0004,0.0001,STILL
-16.1729,18.7913,-2.8647,0.0006,24.9576,0.1402,0.0001,24.9856,0.0194,0.0006,0.0,-0.0004,-0.0004,0.0,STILL
-16.1134,18.7174,-2.6762,0.0005,24.8424,0.1153,0.0001,24.9071,0.0049,0.0006,0.0,-0.0004,-0.0004,0.0,STILL
-16.1938,18.6645,-2.7097,0.0006,24.8585,0.0162,0.0001,24.8965,0.0053,0.0006,0.0,-0.0004,-0.0004,0.0,STILL
-16.6675,18.9754,-2.0646,0.0005,25.3404,0.4818,0.0001,24.9633,0.0378,0.0006,0.0,-0.0004,-0.0004,-0.0,STILL
-16.6965,18.5616,-2.3329,0.0003,25.0749,0.2655,0.0002,25.0147,0.0334,0.0005,0.0,-0.0004,-0.0003,0.0,STILL
-16.9354,18.618,-2.2882,0.0002,25.272,0.1971,0.0001,25.0776,0.042,0.0004,0.0,-0.0003,-0.0003,0.0001,STILL
-16.417,18.685,-2.5931,0.0002,25.0075,0.2645,0.0,25.1106,0.0309,0.0003,0.0,-0.0002,-0.0002,0.0001,STILL
-16.2055,18.2168,-2.9838,0.0002,24.5636,0.4438,0.0,25.0517,0.0745,0.0003,0.0,-0.0002,-0.0002,0.0001,STILL
-16.5394,18.2922,-3.0308,0.0001,24.8463,0.2827,0.0001,24.9529,0.0565,0.0002,0.0,-0.0001,-0.0001,0.0001,STILL
-16.4784,18.39,-3.1934,0.0001,24.8983,0.052,0.0,24.9175,0.0529,0.0002,0.0,-0.0,-0.0001,0.0001,STILL
-16.6108,18.2807,-3.0329,0.0002,24.8858,0.0125,0.0001,24.8403,0.022,0.0002,0.0,-0.0,-0.0001,0.0001,STILL
-17.0918,18.2996,-2.3575,0.0003,25.1508,0.265,0.0001,24.869,0.0349,0.0002,0.0,0.0001,-0.0001,0.0001,STILL
-16.6547,18.499,-2.436,0.0002,25.0106,0.1402,0.0001,24.9584,0.0122,0.0002,0.0,0.0001,-0.0001,0.0001,STILL
-16.905,19.1024,-2.6207,0.0,25.6427,0.6321,0.0002,25.1176,0.078,0.0002,0.0,0.0001,-0.0001,0.0,STILL
-16.8365,18.9006,-2.8872,0.0002,25.4762,0.1665,0.0001,25.2332,0.0808,0.0002,0.0,0.0001,-0.0001,0.0,STILL
-16.413,18.7455,-1.3316,0.0002,24.951,0.5252,0.0001,25.2463,0.0724,0.0002,0.0,0.0002,-0.0,-0.0,STILL
-16.7522,18.7183,-1.8622,0.0003,25.1889,0.2379,0.0001,25.2539,0.0712,0.0002,0.0,0.0001,-0.0001,-0.0,STILL
-16.7799,18.7278,-2.3491,0.0007,25.255,0.0661,0.0004,25.3027,0.0569,0.0003,0.0,0.0001,-0.0002,0.0,STILL
-16.3396,18.7291,-2.4074,0.0007,24.9711,0.2839,0.0,25.1684,0.0378,0.0004,0.0,-0.0,-0.0003,0.0,STILL
-16.481,18.8614,-3.1884,0.0008,25.2496,0.2785,0.0001,25.1231,0.0181,0.0006,0.0,-0.0001,-0.0005,0.0,STILL
-15.9286,18.8422,-3.7257,0.0007,24.9526,0.297,0.0001,25.1234,0.018,0.0007,0.0,-0.0001,-0.0006,0.0001,STILL
-15.9272,18.7644,-3.2743,0.0003,24.8294,0.1231,0.0004,25.0515,0.0292,0.0007,0.0,-0.0001,-0.0006,0.0,STILL
-16.223,18.7053,-3.8289,0.0004,25.0546,0.2252,0.0001,25.0115,0.0194,0.0006,0.0,-0.0001,-0.0006,0.0,STILL
-16.3316,18.7861,-2.9568,0.0002,25.0675,0.0129,0.0002,25.0307,0.0193,0.0005,0.0,-0.0,-0.0005,0.0,STILL
-16.5215,19.3133,-2.3217,0.0003,25.5216,0.4541,0.0001,25.0851,0.0549,0.0004,0.0,0.0001,-0.0003,0.0,STILL
-16.9297,19.4131,-2.6324,0.0003,25.8923,0.3707,0.0001,25.2731,0.1464,0.0003,0.0,0.0001,-0.0002,0.0,STILL
-17.1406,19.2024,-2.1184,0.0002,25.8267,0.0656,0.0,25.4726,0.1286,0.0003,0.0,0.0001,-0.0001,0.0001,STILL
-17.4125,18.8463,-2.2853,0.0003,25.7604,0.0663,0.0,25.6137,0.0903,0.0003,0.0,0.0001,-0.0,0.0001,STILL
-17.1769,19.1739,-2.372,0.0004,25.8517,0.0913,0.0001,25.7705,0.0173,0.0003,0.0,0.0001,0.0,0.0002,STILL
-17.0571,19.0985,-2.6789,0.0004,25.7463,0.1053,0.0,25.8155,0.003,0.0003,0.0,0.0001,0.0,0.0003,STILL
-16.9488,18.8819,-2.3712,0.0004,25.4836,0.2628,0.0,25.7337,0.0172,0.0003,0.0,0.0001,0.0001,0.0003,STILL
-16.9403,19.0399,-2.2376,0.0003,25.5832,0.0996,0.0001,25.685,0.0176,0.0004,0.0,0.0,0.0002,0.0003,STILL
-16.7647,19.0413,-2.8932,0.0002,25.5343,0.0489,0.0001,25.6398,0.019,0.0003,0.0,0.0001,0.0002,0.0002,STILL
-17.0212,18.8205,-3.0083,0.0003,25.5535,0.0193,0.0001,25.5802,0.008,0.0003,0.0,0.0001,0.0002,0.0002,STILL
-17.0919,18.8033,-3.0567,0.0003,25.5938,0.0403,0.0,25.5497,0.0015,0.0003,0.0,0.0002,0.0002,0.0001,STILL
-16.5611,18.8208,-2.9547,0.0002,25.2432,0.3506,0.0001,25.5016,0.0171,0.0003,0.0,0.0002,0.0002,0.0001,STILL
-16.277,18.8129,-2.8263,0.0002,25.037,0.2062,0.0,25.3924,0.047,0.0003,0.0,0.0002,0.0002,0.0001,STILL
-16.6935,18.8128,-2.8829,0.0002,25.3161,0.2791,0.0,25.3487,0.0423,0.0002,0.0,0.0002,0.0001,0.0,STILL
-16.6673,19.1065,-2.9188,0.0004,25.522,0.206,0.0002,25.3424,0.0399,0.0003,0.0,0.0002,0.0001,0.0001,STILL
-16.7682,19.0352,-3.0725,0.0005,25.5529,0.0309,0.0001,25.3342,0.036,0.0003,0.0,0.0002,0.0002,0.0001,STILL
-16.0458,18.8844,-2.4205,0.0004,24.8987,0.6542,0.0001,25.2654,0.0675,0.0003,0.0,0.0003,0.0001,0.0002,STILL
-15.8866,19.0888,-2.6896,0.0003,24.98,0.0813,0.0001,25.254,0.0733,0.0004,0.0,0.0003,0.0001,0.0002,STILL
-15.5562,18.7023,-3.0798,0.0001,24.5205,0.4595,0.0002,25.0948,0.1548,0.0003,0.0,0.0002,0.0001,0.0002,STILL
-15.5668,18.5899,-2.5326,0.0003,24.3788,0.1417,0.0002,24.8662,0.1685,0.0003,0.0,0.0002,-0.0,0.0002,STILL
-16.016,18.6626,-2.5948,0.0002,24.7292,0.3505,0.0001,24.7015,0.0508,0.0003,0.0,0.0001,-0.0001,0.0002,STILL
-15.7815,19.0457,-2.8946,0.0003,24.9033,0.174,0.0001,24.7024,0.0512,0.0002,0.0,0.0,-0.0001,0.0002,STILL
-15.794,19.0647,-1.9938,0.0006,24.8372,0.0661,0.0003,24.6738,0.0386,0.0003,0.0,-0.0,-0.0002,0.0002,STILL
-16.2352,19.058,-1.7575,0.0007,25.0973,0.2601,0.0,24.7892,0.0565,0.0004,0.0,-0.0001,-0.0003,0.0002,STILL
-15.91,19.2214,-1.9123,0.0005,25.0249,0.0724,0.0002,24.9184,0.0172,0.0005,0.0,-0.0002,-0.0003,0.0002,STILL
-16.4343,19.1115,-2.2423,0.0003,25.3054,0.2804,0.0002,25.0336,0.0267,0.0005,0.0,-0.0003,-0.0003,0.0002,STILL
-16.0287,18.9454,-2.1314,0.0003,24.9076,0.3977,0.0,25.0345,0.0265,0.0005,0.0,-0.0003,-0.0002,0.0001,STILL
-15.7979,18.6126,-2.0332,0.0002,24.4977,0.4099,0.0,24.9666,0.0717,0.0004,0.0,-0.0003,-0.0001,0.0,STILL
-15.979,18.6495,-2.1422,0.0003,24.652,0.1542,0.0,24.8775,0.0802,0.0003,0.0,-0.0002,0.0,-0.0,STILL
-15.7675,18.9289,-2.2013,0.0005,24.7339,0.082,0.0002,24.8193,0.0766,0.0003,0.0,-0.0001,0.0002,-0.0,STILL
-16.0828,19.0838,-2.1391,0.0006,25.0484,0.3145,0.0001,24.7679,0.0372,0.0004,0.0,-0.0,0.0003,-0.0,STILL
-16.1725,19.1045,-2.0019,0.0007,25.1105,0.0621,0.0001,24.8085,0.0551,0.0004,0.0,0.0,0.0004,-0.0,STILL
-16.3286,19.0305,-2.4578,0.0008,25.1957,0.0852,0.0001,24.9481,0.0463,0.0006,0.0,0.0001,0.0005,-0.0,STILL
-16.0723,19.3681,-2.1787,0.0007,25.2624,0.0667,0.0001,25.0702,0.0336,0.0007,0.0,0.0002,0.0006,-0.0,STILL
-16.2359,19.7414,-2.3211,0.0007,25.6655,0.403,0.0001,25.2565,0.0471,0.0007,0.0,0.0002,0.0007,-0.0,STILL
-15.8294,19.9056,-2.8038,0.0004,25.5864,0.0791,0.0003,25.3641,0.0486,0.0007,0.0,0.0001,0.0006,-0.0,STILL
-15.9604,19.187,-3.7524,0.0003,25.238,0.3484,0.0001,25.3896,0.0383,0.0006,0.0,0.0001,0.0005,-0.0001,STILL
-15.937,19.0246,-3.5738,0.0002,25.0738,0.1641,0.0001,25.3652,0.0501,0.0005,0.0,-0.0,0.0004,-0.0001,STILL
-15.9684,19.1634,-3.384,0.0002,25.173,0.0991,0.0001,25.3473,0.0551,0.0004,0.0,-0.0001,0.0002,-0.0001,STILL
-16.5216,19.2432,-3.3666,0.0004,25.5851,0.4122,0.0003,25.3313,0.0459,0.0003,0.0,-0.0001,-0.0,-0.0001,STILL
-16.636,19.0946,-2.2589,0.0006,25.4256,0.1595,0.0002,25.2991,0.0336,0.0004,0.0,-0.0001,-0.0002,-0.0001,STILL
-16.4463,18.9601,-2.1134,0.0006,25.1879,0.2377,0.0,25.2891,0.0353,0.0004,0.0,-0.0,-0.0004,-0.0,STILL
-16.7914,18.5899,-2.2251,0.0005,25.1493,0.0386,0.0001,25.3042,0.0297,0.0005,0.0,0.0001,-0.0004,0.0,STILL
-16.8769,18.5157,-2.1394,0.0005,25.1443,0.005,0.0,25.2985,0.0313,0.0005,0.0,0.0001,-0.0005,0.0,STILL
-16.4734,18.45,-2.2584,0.0006,24.837,0.3073,0.0001,25.1488,0.0351,0.0006,0.0,0.0001,-0.0006,0.0,STILL
-16.8975,18.61,-2.4536,0.0007,25.2562,0.4192,0.0001,25.115,0.0209,0.0006,0.0,0.0001,-0.0006,0.0,STILL
-17.0242,18.6224,-1.9129,0.0007,25.3037,0.0475,0.0,25.1381,0.0264,0.0006,0.0,-0.0,-0.0006,0.0001,STILL
-16.6569,18.7667,-2.2491,0.001,25.1932,0.1105,0.0003,25.1469,0.0269,0.0007,0.0,-0.0001,-0.0007,0.0001,STILL
-16.6911,19.1321,-2.6305,0.0007,25.5255,0.3323,0.0004,25.2231,0.0498,0.0008,0.0,-0.0002,-0.0007,0.0001,STILL
-16.6029,19.0807,-2.4638,0.0003,25.4126,0.1129,0.0003,25.3382,0.0139,0.0007,0.0,-0.0002,-0.0006,0.0001,STILL
-17.0261,19.2458,-2.546,0.0002,25.8219,0.4093,0.0002,25.4514,0.0465,0.0006,0.0,-0.0002,-0.0005,0.0,STILL
-16.6709,19.1779,-2.6962,0.0002,25.5534,0.2684,0.0001,25.5013,0.0418,0.0005,0.0,-0.0002,-0.0003,0.0,STILL
-16.6367,19.2642,-2.657,0.0004,25.5919,0.0385,0.0002,25.5811,0.0181,0.0003,0.0,-0.0001,-0.0001,-0.0,STILL
-16.7343,19.2645,-3.2193,0.0006,25.7201,0.1281,0.0002,25.62,0.0198,0.0003,0.0,-0.0001,0.0002,-0.0,STILL
-16.9031,19.4335,-2.8192,0.0007,25.9099,0.1898,0.0001,25.7194,0.0181,0.0004,0.0,0.0,0.0003,0.0,STILL
-17.1319,19.8061,-2.4147,0.0007,26.2986,0.3887,0.0,25.8148,0.074,0.0005,0.0,0.0001,0.0004,0.0001,STILL
-17.1774,19.7137,-2.2724,0.0005,26.246,0.0525,0.0001,25.9533,0.0784,0.0006,0.0,0.0002,0.0005,0.0001,STILL
-16.9763,19.5866,-2.4836,0.0005,26.0383,0.2077,0.0,26.0426,0.0457,0.0006,0.0,0.0002,0.0005,0.0001,STILL
-16.4841,19.488,-2.7931,0.0004,25.677,0.3613,0.0001,26.034,0.0516,0.0006,0.0,0.0003,0.0005,0.0001,STILL
-16.7061,19.6373,-2.7189,0.0003,25.925,0.248,0.0002,26.037,0.0508,0.0005,0.0,0.0002,0.0004,0.0001,STILL
-16.8711,19.3973,-2.9032,0.0003,25.8712,0.0538,0.0,25.9515,0.0354,0.0004,0.0,0.0002,0.0002,0.0001,STILL
-16.9625,19.1647,-1.6413,0.0003,25.6458,0.2254,0.0001,25.8315,0.0223,0.0004,0.0,0.0001,0.0001,0.0001,STILL
-16.9981,18.988,-0.5599,0.0004,25.4911,0.1547,0.0,25.722,0.0249,0.0003,0.0,0.0,-0.0001,0.0001,STILL
-16.9829,19.0029,-0.9229,0.0004,25.5026,0.0115,0.0,25.6871,0.0329,0.0003,0.0,-0.0,-0.0002,0.0001,STILL
-17.4238,19.1523,-0.7977,0.0004,25.9044,0.4018,0.0,25.683,0.031,0.0003,0.0,-0.0002,-0.0002,0.0001,STILL
-17.0109,19.0125,-1.2538,0.0003,25.5425,0.3619,0.0001,25.6173,0.0236,0.0003,0.0,-0.0002,-0.0001,0.0001,STILL
-16.4994,18.7975,-1.1687,0.0003,25.0388,0.5037,0.0,25.4959,0.0756,0.0003,0.0,-0.0002,-0.0001,0.0001,STILL
-16.3839,18.7005,-1.3568,0.0002,24.8994,0.1394,0.0001,25.3775,0.1328,0.0003,0.0,-0.0002,-0.0001,0.0001,STILL
-16.0758,18.601,-1.3761,0.0001,24.6237,0.2758,0.0001,25.2017,0.2124,0.0003,0.0,-0.0001,-0.0001,0.0001,STILL
-16.145,19.2558,-1.7227,0.0004,25.1876,0.564,0.0003,25.0584,0.0931,0.0003,0.0,0.0,-0.0001,0.0001,STILL
-16.3785,19.4547,-1.5094,0.0006,25.4758,0.2882,0.0002,25.0451,0.0809,0.0003,0.0,0.0002,0.0,0.0,STILL
-16.5216,19.3231,-1.7357,0.0005,25.4825,0.0067,0.0001,25.1338,0.1113,0.0004,0.0,0.0002,0.0002,-0.0001,STILL
-16.786,19.7147,-1.4917,0.0005,25.9358,0.4533,0.0,25.3411,0.186,0.0004,0.0,0.0003,0.0003,-0.0001,STILL
-16.7569,19.5937,-1.7933,0.0006,25.8442,0.0916,0.0001,25.5852,0.0741,0.0005,0.0,0.0003,0.0004,-0.0001,STILL
-16.7806,19.5968,-1.9253,0.0005,25.8714,0.0272,0.0001,25.7219,0.0402,0.0005,0.0,0.0002,0.0004,-0.0001,STILL
-16.2057,19.4149,-1.984,0.0005,25.3673,0.5041,0.0,25.7002,0.0528,0.0005,0.0,0.0002,0.0005,-0.0001,STILL
-16.4302,19.1163,-1.9466,0.0004,25.2819,0.0854,0.0001,25.6601,0.0767,0.0005,0.0,0.0001,0.0005,-0.0,STILL
-16.5441,19.1993,-1.7416,0.0004,25.4038,0.122,0.0,25.5537,0.0633,0.0005,0.0,0.0001,0.0005,-0.0,STILL
-16.6478,18.8032,-1.4027,0.0004,25.1531,0.2508,0.0001,25.4155,0.0594,0.0005,0.0,-0.0,0.0004,-0.0001,STILL
-16.3683,18.5519,-1.8753,0.0002,24.8115,0.3416,0.0002,25.2035,0.0459,0.0004,0.0,-0.0,0.0004,-0.0,STILL
-16.704,18.3947,-3.0377,0.0001,25.0323,0.2208,0.0001,25.1365,0.0419,0.0003,0.0,-0.0,0.0003,0.0,STILL
-16.3976,18.5907,-3.4427,0.0004,25.0269,0.0053,0.0003,25.0855,0.0375,0.0003,0.0,-0.0001,0.0001,0.0,STILL
-16.6962,19.0538,-2.6135,0.0003,25.4684,0.4415,0.0001,25.0984,0.0463,0.0003,0.0,-0.0001,0.0,0.0001,STILL
-15.9413,18.74,-2.4596,0.0004,24.7257,0.7427,0.0001,25.013,0.0662,0.0003,0.0,-0.0001,-0.0001,0.0001,STILL
-15.6499,18.8201,-1.4426,0.0007,24.5193,0.2064,0.0003,24.9545,0.1034,0.0004,0.0,-0.0002,-0.0003,0.0001,STILL
-15.8137,18.8248,-1.2572,0.0009,24.6176,0.0983,0.0002,24.8716,0.118,0.0005,0.0,-0.0002,-0.0005,0.0001,STILL
-16.2353,18.8317,-1.437,0.0005,24.9055,0.2879,0.0004,24.8473,0.1129,0.0005,0.0,-0.0002,-0.0005,0.0001,STILL
-16.1883,18.731,-1.6528,0.0003,24.8121,0.0934,0.0001,24.7161,0.0187,0.0006,0.0,-0.0001,-0.0005,0.0001,STILL
-16.06,18.8598,-2.0222,0.0003,24.8537,0.0415,0.0,24.7417,0.0218,0.0005,0.0,-0.0001,-0.0005,0.0,STILL
-16.3136,19.0816,-2.0084,0.0004,25.1848,0.3311,0.0001,24.8748,0.0335,0.0005,0.0,0.0,-0.0004,-0.0,STILL
-16.4915,18.984,-1.7692,0.0004,25.209,0.0242,0.0,24.993,0.0286,0.0004,0.0,0.0001,-0.0002,-0.0001,STILL
-16.7182,19.2185,-1.7935,0.0005,25.5356,0.3266,0.0001,25.119,0.0701,0.0004,0.0,0.0002,-0.0001,-0.0002,STILL
-16.4214,19.1842,-2.2567,0.0004,25.3533,0.1823,0.0,25.2273,0.0505,0.0004,0.0,0.0002,-0.0,-0.0003,STILL
-16.5184,18.9786,-2.3303,0.0004,25.2681,0.0852,0.0,25.3101,0.0161,0.0004,0.0,0.0002,0.0001,-0.0003,STILL
-16.5522,19.2047,-2.2893,0.0003,25.4566,0.1886,0.0001,25.3645,0.0143,0.0004,0.0,0.0001,0.0002,-0.0003,STILL
-16.623,19.8763,-2.3814,0.0004,26.0204,0.5638,0.0001,25.5268,0.0691,0.0004,0.0,0.0001,0.0002,-0.0003,STILL
-16.7109,19.9698,-2.7833,0.0033,26.1877,0.1672,0.0029,25.6572,0.1395,0.001,1e-06,0.0,0.0002,-0.0009,STILL
-16.675,19.6446,-2.936,0.0026,25.9342,0.2534,0.0007,25.7734,0.1228,0.0014,2e-06,0.0,0.0002,-0.0013,STILL
-16.6962,19.0657,-2.9332,0.0019,25.5121,0.4221,0.0007,25.8222,0.083,0.0017,1e-06,-0.0,0.0001,-0.0016,STILL
-16.482,19.0025,-2.409,0.0014,25.2697,0.2424,0.0005,25.7848,0.116,0.0019,1e-06,-0.0001,-0.0,-0.0018,STILL
-16.6762,18.6958,-1.7085,0.0009,25.1107,0.159,0.0005,25.6029,0.1627,0.002,1e-06,-0.0001,-0.0002,-0.002,STILL
-16.741,18.9847,-2.1449,0.0008,25.4024,0.2917,0.0,25.4458,0.0776,0.0015,0.0,-0.0001,-0.0003,-0.0014,STILL
-16.5084,19.3034,-2.9909,0.0005,25.5753,0.1729,0.0004,25.374,0.0281,0.0011,0.0,-0.0002,-0.0003,-0.001,STILL
-16.4442,19.149,-2.6834,0.0005,25.383,0.1923,0.0,25.3482,0.0237,0.0008,0.0,-0.0002,-0.0004,-0.0006,STILL
-16.7148,19.4129,-3.6154,0.0005,25.8712,0.4882,0.0,25.4685,0.0626,0.0006,0.0,-0.0002,-0.0004,-0.0004,STILL
-16.8999,19.1022,-4.1361,0.0009,25.8382,0.033,0.0004,25.614,0.0432,0.0006,0.0,-0.0002,-0.0005,-0.0003,STILL
-16.5449,19.5662,-3.562,0.0006,25.87,0.0319,0.0002,25.7075,0.0386,0.0006,0.0,-0.0003,-0.0005,-0.0002,STILL
-16.8672,19.3904,-3.3902,0.0005,25.9227,0.0527,0.0001,25.777,0.0395,0.0006,0.0,-0.0003,-0.0005,-0.0001,STILL
-16.6625,19.8311,-3.0903,0.0002,26.0857,0.163,0.0003,25.9175,0.0078,0.0006,0.0,-0.0002,-0.0004,-0.0,STILL
-16.7238,19.6242,-3.2285,0.0001,25.985,0.1007,0.0002,25.9403,0.0078,0.0005,0.0,-0.0002,-0.0004,0.0,STILL
-16.7759,19.1244,-3.3578,0.0003,25.6602,0.3247,0.0002,25.9047,0.0201,0.0003,0.0,-0.0,-0.0002,0.0001,STILL
-16.8051,19.0401,-3.2019,0.0006,25.5967,0.0636,0.0003,25.85,0.0358,0.0003,0.0,0.0001,-0.0,0.0002,STILL
-16.4972,18.854,-2.8677,0.0007,25.2161,0.3805,0.0001,25.7087,0.0952,0.0004,0.0,0.0002,0.0001,0.0002,STILL
-16.4821,19.0176,-2.8911,0.0006,25.3315,0.1154,0.0001,25.5579,0.0725,0.0005,0.0,0.0003,0.0002,0.0002,STILL
-16.5357,18.9984,-2.5754,0.0004,25.318,0.0135,0.0002,25.4245,0.0297,0.0005,0.0,0.0003,0.0003,0.0003,STILL
-16.4286,18.6706,-2.529,0.0005,24.9977,0.3203,0.0002,25.292,0.0375,0.0006,0.0,0.0002,0.0004,0.0003,STILL
-16.2897,18.7521,-2.8982,0.0006,25.0079,0.0102,0.0001,25.1743,0.0212,0.0006,0.0,0.0002,0.0004,0.0003,STILL
-15.9537,18.7861,-2.5311,0.0005,24.7758,0.2321,0.0001,25.0862,0.0448,0.0005,0.0,0.0001,0.0004,0.0003,STILL
-16.291,18.7445,-2.9717,0.0003,25.0117,0.2359,0.0002,25.0222,0.0298,0.0005,0.0,0.0001,0.0003,0.0003,STILL
-16.386,18.9925,-2.2368,0.0004,25.1837,0.172,0.0001,24.9954,0.0168,0.0005,0.0,0.0001,0.0002,0.0004,STILL
-16.5525,19.1877,-2.6863,0.0005,25.4828,0.2991,0.0001,25.0924,0.0549,0.0005,0.0,0.0001,0.0001,0.0004,STILL
-16.2639,19.3377,-3.024,0.0004,25.4481,0.0347,0.0001,25.1804,0.071,0.0004,0.0,0.0001,0.0,0.0004,STILL
-16.3174,19.0076,-2.8692,0.0004,25.2147,0.2334,0.0001,25.2682,0.0308,0.0004,0.0,0.0002,-0.0,0.0003,STILL
-16.332,19.0936,-3.0485,0.0003,25.31,0.0953,0.0001,25.3278,0.0145,0.0004,0.0,0.0002,-0.0,0.0003,STILL
-16.4656,19.0436,-3.1732,0.0006,25.3741,0.0642,0.0002,25.3659,0.0093,0.0004,0.0,0.0003,0.0,0.0003,STILL
-16.0912,19.0755,-3.076,0.0005,25.1449,0.2292,0.0,25.2983,0.0118,0.0004,0.0,0.0003,0.0001,0.0003,STILL
-15.9292,18.8729,-3.2108,0.0003,24.9046,0.2403,0.0002,25.1896,0.0265,0.0004,0.0,0.0003,0.0002,0.0002,STILL
-15.9746,19.0671,-2.9405,0.0004,25.0478,0.1432,0.0001,25.1563,0.0293,0.0004,0.0,0.0003,0.0002,0.0001,STILL
-15.8797,19.2255,-3.7712,0.0004,25.2192,0.1715,0.0,25.1381,0.025,0.0004,0.0,0.0003,0.0003,0.0001,STILL
-15.9694,18.9679,-3.2951,0.0005,25.0132,0.206,0.0001,25.0659,0.0118,0.0004,0.0,0.0002,0.0003,0.0001,STILL
-16.1599,19.1775,-3.1548,0.0005,25.2759,0.2627,0.0,25.0921,0.0187,0.0004,0.0,0.0002,0.0004,0.0001,STILL
-16.5748,19.1514,-2.702,0.0004,25.4715,0.1956,0.0001,25.2055,0.0276,0.0004,0.0,0.0001,0.0004,0.0001,STILL
-16.3161,19.1742,-2.4522,0.0003,25.2958,0.1757,0.0001,25.2551,0.0217,0.0004,0.0,0.0,0.0003,0.0001,STILL
-16.231,18.805,-2.2649,0.0005,24.944,0.3518,0.0002,25.2001,0.0378,0.0004,0.0,-0.0001,0.0003,0.0002,STILL
-16.1192,18.3377,-2.0557,0.0006,24.5016,0.4424,0.0001,25.0978,0.118,0.0004,0.0,-0.0001,0.0002,0.0003,STILL
-15.6891,18.5639,-1.9695,0.0004,24.3854,0.1162,0.0002,24.9197,0.1814,0.0004,0.0,-0.0002,0.0002,0.0003,STILL
-15.6481,18.7574,-2.135,0.0004,24.5207,0.1353,0.0,24.7295,0.1161,0.0004,0.0,-0.0002,0.0001,0.0003,STILL
-16.2341,19.1247,-2.6174,0.0004,25.222,0.7014,0.0,24.7147,0.1003,0.0004,0.0,-0.0002,0.0002,0.0003,STILL
-16.3811,19.2497,-2.6845,0.0004,25.4185,0.1964,0.0001,24.8096,0.1798,0.0004,0.0,-0.0001,0.0002,0.0003,STILL
-16.4923,19.3467,-3.1195,0.0005,25.6129,0.1945,0.0001,25.0319,0.2405,0.0004,0.0,-0.0,0.0003,0.0002,STILL
-16.5439,19.4586,-3.0206,0.0005,25.7189,0.1059,0.0,25.2986,0.1802,0.0005,0.0,0.0,0.0003,0.0002,STILL
-16.3914,19.3794,-2.8634,0.0004,25.5428,0.1761,0.0001,25.503,0.0293,0.0005,0.0,0.0001,0.0004,0.0002,STILL
-15.9475,19.5035,-2.5782,0.0005,25.325,0.2178,0.0,25.5236,0.0194,0.0005,0.0,0.0002,0.0004,0.0002,STILL
-16.033,19.5309,-2.5188,0.0004,25.394,0.0691,0.0001,25.5187,0.0205,0.0005,0.0,0.0002,0.0004,0.0002,STILL
-15.8951,19.6185,-2.3213,0.0003,25.356,0.038,0.0001,25.4674,0.0214,0.0004,0.0,0.0002,0.0003,0.0002,STILL
-15.9724,19.3542,-2.3883,0.0003,25.2072,0.1488,0.0,25.365,0.0118,0.0004,0.0,0.0001,0.0003,0.0002,STILL
-16.5091,19.5896,-2.3669,0.0003,25.7275,0.5203,0.0,25.402,0.0304,0.0004,0.0,0.0001,0.0002,0.0002,STILL
-16.6323,19.2779,-2.3091,0.0005,25.5657,0.1618,0.0002,25.4501,0.0323,0.0004,0.0,0.0,0.0001,0.0002,STILL
-16.6933,19.1598,-2.1817,0.0006,25.5054,0.0603,0.0001,25.4724,0.0317,0.0004,0.0,-0.0001,-0.0,0.0002,STILL
-16.9515,19.1404,-2.3235,0.0007,25.6731,0.1677,0.0001,25.5358,0.0331,0.0005,0.0,-0.0001,-0.0002,0.0002,STILL
-16.8737,18.7717,-2.2619,0.0007,25.342,0.3311,0.0,25.5627,0.0183,0.0006,0.0,-0.0001,-0.0004,0.0002,STILL
-17.1271,18.7923,-3.172,0.001,25.6233,0.2813,0.0002,25.5419,0.0131,0.0007,0.0,-0.0002,-0.0006,0.0002,STILL
-17.0361,19.012,-3.8876,0.001,25.8224,0.1991,0.0,25.5932,0.0261,0.0008,0.0,-0.0002,-0.0008,0.0002,STILL
-16.507,18.8346,-2.7538,0.0009,25.1954,0.6271,0.0001,25.5312,0.0524,0.0009,0.0,-0.0002,-0.0008,0.0002,STILL
-16.9431,18.6521,-2.8343,0.0008,25.3575,0.1621,0.0001,25.4681,0.0504,0.0009,0.0,-0.0001,-0.0008,0.0002,STILL
-16.6045,18.7216,-1.555,0.0007,25.0724,0.285,0.0001,25.4142,0.0757,0.0009,0.0,-0.0001,-0.0008,0.0002,STILL
-16.7617,18.7211,-1.5408,0.0009,25.1755,0.1031,0.0002,25.3246,0.0703,0.0009,0.0,-0.0001,-0.0008,0.0002,STILL
-16.9094,18.83,-1.3733,0.0008,25.3452,0.1697,0.0001,25.2292,0.0117,0.0008,0.0,-0.0001,-0.0008,0.0001,STILL
-16.8837,19.039,-1.6705,0.0007,25.5016,0.1564,0.0001,25.2905,0.0226,0.0008,0.0,-0.0001,-0.0007,0.0001,STILL
-16.6445,18.9781,-1.4614,0.0005,25.2852,0.2164,0.0002,25.276,0.0215,0.0007,0.0,-0.0002,-0.0007,0.0,STILL
-16.05,18.9762,-1.4285,0.0004,24.8945,0.3907,0.0001,25.2404,0.041,0.0007,0.0,-0.0002,-0.0006,-0.0,STILL
-16.2868,18.7153,-1.0272,0.0004,24.831,0.0635,0.0,25.1715,0.0689,0.0006,0.0,-0.0002,-0.0005,-0.0001,STILL
-16.2014,18.4848,-0.8561,0.0003,24.5948,0.2362,0.0001,25.0214,0.1069,0.0005,0.0,-0.0002,-0.0003,-0.0001,STILL
-16.3205,18.7941,-1.0505,0.0001,24.9134,0.3186,0.0003,24.9038,0.0493,0.0003,0.0,-0.0002,-0.0002,-0.0001,STILL
-16.422,18.7759,-1.2373,0.0002,24.9749,0.0615,0.0002,24.8417,0.0174,0.0003,0.0,-0.0001,-0.0001,-0.0001,STILL
-16.4001,18.5363,-1.4805,0.0003,24.7942,0.1808,0.0,24.8217,0.0168,0.0003,0.0,-0.0001,0.0,-0.0001,STILL
-16.392,18.5228,-1.5156,0.0005,24.7808,0.0134,0.0002,24.8116,0.0171,0.0003,0.0,0.0001,0.0001,-0.0001,STILL
-16.1354,18.4682,-1.2812,0.0004,24.5575,0.2233,0.0,24.8042,0.0205,0.0003,0.0,0.0001,0.0002,-0.0,STILL
-16.1365,18.5871,-1.2187,0.0005,24.6445,0.087,0.0001,24.7504,0.0203,0.0004,0.0,0.0002,0.0003,0.0,STILL
-16.4623,18.9166,-1.2656,0.0005,25.1087,0.4642,0.0,24.7771,0.0352,0.0004,0.0,0.0002,0.0003,-0.0,STILL
-16.6167,18.1801,-1.0437,0.0003,24.652,0.4567,0.0002,24.7487,0.0375,0.0004,0.0,0.0003,0.0003,-0.0001,STILL
-16.709,17.9347,-1.6006,0.0001,24.5643,0.0877,0.0001,24.7054,0.0422,0.0004,0.0,0.0002,0.0002,0.0,STILL
-16.6828,18.1728,-0.8711,0.0002,24.6845,0.1202,0.0001,24.7308,0.0373,0.0003,0.0,0.0002,0.0001,0.0001,STILL
-16.5713,18.3788,-0.6406,0.0003,24.7548,0.0703,0.0001,24.7529,0.0354,0.0003,0.0,0.0001,0.0,0.0001,STILL
-16.3445,18.6625,-0.6563,0.0003,24.8165,0.0618,0.0,24.6944,0.0075,0.0002,0.0,-0.0,-0.0001,0.0001,STILL
-16.4412,18.2581,-0.9938,0.0004,24.5898,0.2267,0.0001,24.682,0.0091,0.0003,0.0,-0.0001,-0.0001,0.0001,STILL
-16.4186,18.2846,-0.3763,0.0003,24.5772,0.0126,0.0001,24.6846,0.0086,0.0003,0.0,-0.0002,-0.0002,0.0001,STILL
-16.3005,18.2589,-1.076,0.0003,24.5001,0.0771,0.0,24.6477,0.014,0.0003,0.0,-0.0002,-0.0002,0.0001,STILL
-16.3435,18.054,-1.4483,0.0002,24.3958,0.1042,0.0002,24.5759,0.0193,0.0003,0.0,-0.0002,-0.0002,0.0001,STILL
-16.3967,17.9932,-1.8868,0.0003,24.4165,0.0207,0.0001,24.4959,0.0064,0.0003,0.0,-0.0002,-0.0002,0.0,STILL
-16.2142,18.0633,-1.9063,0.0004,24.3479,0.0687,0.0001,24.4475,0.0066,0.0003,0.0,-0.0002,-0.0001,-0.0001,STILL
-16.6089,18.2507,-1.5813,0.0002,24.7274,0.3795,0.0002,24.4775,0.018,0.0003,0.0,-0.0001,-0.0001,-0.0001,STILL
-16.5684,18.3787,-1.3119,0.0004,24.7792,0.0518,0.0001,24.5334,0.033,0.0003,0.0,-0.0001,0.0,-0.0002,STILL
-16.6328,18.1467,-2.0401,0.0007,24.7005,0.0787,0.0003,24.5943,0.0311,0.0004,0.0,-0.0001,0.0002,-0.0003,STILL
-16.6938,18.6017,-2.0915,0.0007,25.0815,0.381,0.0001,24.7273,0.0546,0.0005,0.0,-0.0001,0.0003,-0.0003,STILL
-16.8363,19.0251,-2.2044,0.0005,25.5005,0.419,0.0002,24.9578,0.0922,0.0005,0.0,-0.0001,0.0004,-0.0003,STILL
-16.4221,19.1795,-2.7542,0.0004,25.3993,0.1012,0.0001,25.0922,0.1025,0.0005,0.0,-0.0001,0.0004,-0.0002,STILL
-16.2877,18.5436,-2.619,0.0006,24.8196,0.5797,0.0002,25.1003,0.0977,0.0006,0.0,-0.0001,0.0005,-0.0002,STILL
-16.5677,18.5286,-2.7327,0.0006,25.0053,0.1857,0.0,25.1612,0.0638,0.0006,0.0,-0.0001,0.0005,-0.0002,STILL
-16.326,18.376,-2.6674,0.0003,24.7251,0.2802,0.0003,25.09,0.0955,0.0005,0.0,-0.0001,0.0004,-0.0001,STILL
-16.5827,18.7446,-3.4183,0.0003,25.2592,0.5341,0.0,25.0417,0.0652,0.0004,0.0,-0.0001,0.0004,-0.0,STILL
-16.8849,19.1425,-2.794,0.0002,25.6777,0.4184,0.0001,25.0974,0.1174,0.0004,0.0,-0.0001,0.0003,0.0,STILL
-16.9485,18.7015,-2.7696,0.0003,25.3904,0.2873,0.0,25.2115,0.1061,0.0003,0.0,-0.0001,0.0001,0.0,STILL
-16.8557,18.7643,-2.1125,0.0006,25.3116,0.0787,0.0003,25.2728,0.0959,0.0003,0.0,-0.0002,-0.0001,0.0,STILL
-16.5533,18.8115,-2.9307,0.0003,25.2284,0.0832,0.0003,25.3735,0.0261,0.0003,0.0,-0.0002,-0.0002,0.0001,STILL
-16.3989,18.3429,-1.5914,0.0002,24.656,0.5724,0.0001,25.2528,0.1119,0.0003,0.0,-0.0001,-0.0003,0.0,STILL
-16.6816,18.315,-0.9794,0.0001,24.7926,0.1366,0.0001,25.0758,0.0869,0.0003,0.0,-0.0001,-0.0002,0.0,STILL
-16.3703,19.052,-1.6616,0.0002,25.1739,0.3813,0.0001,25.0325,0.0671,0.0003,0.0,-0.0001,-0.0002,-0.0,STILL
-16.4869,18.876,-1.5824,0.0001,25.1122,0.0617,0.0,24.9926,0.0512,0.0002,0.0,-0.0,-0.0001,-0.0,STILL
-16.6551,18.8101,-2.2847,0.0002,25.2276,0.1154,0.0001,24.9925,0.0511,0.0002,0.0,-0.0,-0.0,-0.0,STILL
-16.2366,19.0481,-2.3996,0.0002,25.1439,0.0837,0.0,25.0901,0.0236,0.0002,0.0,-0.0001,-0.0,-0.0001,STILL
-16.6268,19.0385,-2.4603,0.0004,25.3962,0.2523,0.0001,25.2108,0.01,0.0002,0.0,-0.0001,-0.0,-0.0001,STILL
-16.2452,19.2652,-2.5151,0.0004,25.3254,0.0708,0.0,25.2411,0.0115,0.0003,0.0,-0.0001,0.0,-0.0001,STILL
-16.3211,19.1871,-3.1965,0.0003,25.3918,0.0663,0.0,25.297,0.0096,0.0003,0.0,-0.0,0.0001,-0.0001,STILL
-16.0975,18.9966,-2.9353,0.0015,25.0722,0.3196,0.0011,25.2659,0.0178,0.0005,0.0,0.0001,0.0002,-0.0004,STILL
-15.7343,19.0941,-2.9795,0.0022,24.9205,0.1517,0.0008,25.2212,0.0366,0.001,1e-06,0.0001,0.0003,-0.0008,STILL
-15.3968,19.5722,-2.4148,0.0024,25.0193,0.0988,0.0002,25.1458,0.033,0.0014,1e-06,0.0002,0.0003,-0.0012,STILL
-15.4206,19.3296,-2.5506,0.0019,24.8583,0.161,0.0005,25.0524,0.0344,0.0017,1e-06,0.0001,0.0003,-0.0015,STILL
-15.5677,19.1887,-2.328,0.0014,24.8189,0.0394,0.0005,24.9378,0.0091,0.0019,0.0,0.0,0.0004,-0.0018,STILL
-16.1354,18.7228,-2.178,0.001,24.8121,0.0068,0.0004,24.8858,0.0059,0.0018,0.0,-0.0,0.0003,-0.0017,STILL
-15.9865,18.5033,-2.6768,0.0008,24.5988,0.2133,0.0002,24.8215,0.018,0.0015,0.0,-0.0001,0.0003,-0.0014,STILL
-16.1485,18.8589,-2.6196,0.0006,24.9659,0.367,0.0002,24.8108,0.0143,0.0011,0.0,-0.0001,0.0003,-0.001,STILL
-16.3063,18.7371,-3.1769,0.0004,25.0413,0.0755,0.0001,24.8474,0.0231,0.0008,0.0,-0.0001,0.0003,-0.0007,STILL
-16.5326,18.3366,-3.3978,0.0003,24.9219,0.1194,0.0001,24.868,0.0236,0.0006,0.0,-0.0,0.0003,-0.0004,STILL
-16.7292,17.6036,-2.3495,0.0003,24.3982,0.5237,0.0,24.7852,0.0603,0.0005,0.0,-0.0001,0.0003,-0.0002,STILL
-17.0771,17.7298,-1.9171,0.0003,24.691,0.2928,0.0,24.8037,0.0548,0.0004,0.0,-0.0001,0.0003,-0.0,STILL
-16.821,17.8776,-2.3212,0.0004,24.6565,0.0345,0.0001,24.7418,0.05,0.0003,0.0,-0.0001,0.0002,0.0001,STILL
-16.7693,17.9208,-2.0663,0.0005,24.63,0.0265,0.0001,24.6595,0.0278,0.0004,0.0,-0.0002,0.0001,0.0002,STILL
-17.0498,18.0679,-1.9218,0.0006,24.9166,0.2867,0.0002,24.6585,0.0273,0.0004,0.0,-0.0002,0.0001,0.0003,STILL
-16.8524,18.3262,-2.9249,0.0005,25.0681,0.1514,0.0001,24.7924,0.0293,0.0005,0.0,-0.0002,0.0002,0.0003,STILL
-17.1569,18.3797,-2.9993,0.0006,25.3213,0.2533,0.0,24.9185,0.0673,0.0005,0.0,-0.0002,0.0002,0.0004,STILL
-16.9693,18.5381,-2.6995,0.0006,25.2766,0.0447,0.0,25.0425,0.0638,0.0006,0.0,-0.0002,0.0003,0.0004,STILL
-16.7629,18.3524,-3.0627,0.0006,25.0437,0.2329,0.0,25.1253,0.023,0.0006,0.0,-0.0002,0.0003,0.0004,STILL
-16.6947,18.21,-2.6752,0.0004,24.849,0.1946,0.0002,25.1117,0.0293,0.0005,0.0,-0.0002,0.0002,0.0004,STILL
-17.012,18.4774,-2.5995,0.0006,25.2504,0.4013,0.0002,25.1482,0.0315,0.0005,0.0,-0.0002,0.0001,0.0004,STILL
-17.044,18.26,-2.7983,0.0007,25.1348,0.1156,0.0001,25.1109,0.0241,0.0006,0.0,-0.0003,-0.0,0.0004,STILL
-17.4039,18.1299,-2.9574,0.0006,25.3049,0.1701,0.0001,25.1166,0.0261,0.0006,0.0,-0.0002,-0.0001,0.0004,STILL
-17.3825,18.1196,-2.7159,0.0005,25.2556,0.0493,0.0001,25.1589,0.0271,0.0005,0.0,-0.0002,-0.0002,0.0004,STILL
-16.9248,18.0019,-2.4071,0.0003,24.8256,0.43,0.0002,25.1543,0.0301,0.0005,0.0,-0.0001,-0.0002,0.0004,STILL
-16.6179,18.6359,-2.4507,0.0005,25.089,0.2634,0.0002,25.122,0.0281,0.0005,0.0,-0.0,-0.0002,0.0004,STILL
-16.7287,18.5775,-2.0793,0.0006,25.0858,0.0032,0.0001,25.1122,0.0282,0.0005,0.0,0.0001,-0.0001,0.0004,STILL
-16.4986,18.8526,-2.701,0.0005,25.1976,0.1118,0.0,25.0907,0.0218,0.0005,0.0,0.0001,-0.0001,0.0004,STILL
-16.7583,18.5977,-2.4045,0.0003,25.1495,0.0481,0.0003,25.0695,0.0166,0.0004,0.0,0.0001,-0.0,0.0004,STILL
-16.7066,18.7313,-2.5517,0.0005,25.2286,0.0792,0.0002,25.1501,0.0033,0.0005,0.0,0.0001,-0.0,0.0004,STILL
-16.7528,19.4319,-2.4664,0.0006,25.7748,0.5461,0.0001,25.2872,0.0617,0.0005,0.0,0.0001,-0.0,0.0005,STILL
-17.1647,19.3393,-2.5762,0.0005,25.986,0.2113,0.0001,25.4673,0.1189,0.0005,0.0,0.0001,0.0,0.0004,STILL
-16.7318,19.3777,-2.5266,0.0003,25.7261,0.2599,0.0002,25.573,0.1065,0.0004,0.0,0.0001,0.0,0.0004,STILL
-17.1292,19.1678,-2.7338,0.0004,25.8512,0.1252,0.0001,25.7133,0.0664,0.0004,0.0,0.0002,0.0,0.0004,STILL
-16.9627,18.8842,-2.7902,0.0005,25.5369,0.3143,0.0001,25.775,0.0219,0.0004,0.0,0.0002,-0.0,0.0004,STILL
-16.7233,19.0324,-1.429,0.0007,25.376,0.1609,0.0002,25.6952,0.0474,0.0005,0.0,0.0002,-0.0001,0.0004,STILL
-16.4568,18.8259,-1.537,0.0004,25.052,0.324,0.0003,25.5084,0.0783,0.0005,0.0,0.0002,-0.0002,0.0003,STILL
-16.3404,19.0513,-2.4827,0.0004,25.2215,0.1696,0.0,25.4075,0.0751,0.0005,0.0,0.0003,-0.0002,0.0003,STILL
-16.2005,19.2098,-1.8424,0.0005,25.1966,0.025,0.0002,25.2766,0.0275,0.0005,0.0,0.0003,-0.0001,0.0004,STILL
-16.1479,19.3397,-2.6645,0.0005,25.3353,0.1388,0.0,25.2363,0.013,0.0005,0.0,0.0003,-0.0001,0.0004,STILL
-16.3683,19.3749,-2.4973,0.0005,25.4862,0.1508,0.0001,25.2583,0.0211,0.0005,0.0,0.0003,0.0,0.0003,STILL
-16.504,19.0406,-2.6759,0.0004,25.3394,0.1468,0.0,25.3158,0.0106,0.0005,0.0,0.0003,0.0001,0.0003,STILL
-16.5157,19.0793,-2.322,0.0004,25.3413,0.0019,0.0,25.3397,0.0084,0.0005,0.0,0.0003,0.0001,0.0003,STILL
-16.7344,19.3478,-2.2701,0.0004,25.6814,0.3401,0.0,25.4367,0.0182,0.0004,0.0,0.0002,0.0002,0.0003,STILL
-16.3626,19.2751,-2.6161,0.0003,25.4187,0.2627,0.0001,25.4534,0.016,0.0004,0.0,0.0002,0.0002,0.0002,STILL
-15.9963,19.2201,-2.9085,0.0002,25.1745,0.2442,0.0,25.391,0.0274,0.0003,0.0,0.0002,0.0002,0.0002,STILL
-16.3189,19.3167,-2.5674,0.0002,25.4172,0.2427,0.0,25.4066,0.0268,0.0003,0.0,0.0002,0.0002,0.0001,STILL
-16.4739,18.9065,-2.3602,0.0001,25.1876,0.2296,0.0001,25.3759,0.0346,0.0003,0.0,0.0002,0.0002,0.0,STILL
-16.4322,18.4689,-2.11,0.0001,24.8107,0.3769,0.0,25.2017,0.0495,0.0002,0.0,0.0001,0.0001,0.0,STILL
-16.5458,18.4095,-2.1911,0.0003,24.849,0.0383,0.0002,25.0878,0.0519,0.0002,0.0,0.0001,-0.0,0.0,STILL
-16.846,18.3464,-2.1467,0.0003,24.9997,0.1507,0.0,25.0529,0.0508,0.0002,0.0,0.0,-0.0001,0.0,STILL
-16.5237,18.5084,-2.5517,0.0004,24.942,0.0577,0.0001,24.9578,0.0177,0.0002,0.0,-0.0,-0.0002,0.0001,STILL
-16.9439,18.0567,-2.5257,0.0004,24.8902,0.0518,0.0,24.8983,0.0045,0.0003,0.0,-0.0001,-0.0002,0.0001,STILL
-17.1958,18.2797,-2.5612,0.0001,25.227,0.3369,0.0002,24.9816,0.0176,0.0003,0.0,-0.0002,-0.0002,0.0001,STILL
-17.2097,18.5144,-2.3365,0.0001,25.3854,0.1584,0.0,25.0889,0.0352,0.0003,0.0,-0.0001,-0.0002,0.0,STILL
-17.1022,18.5678,-2.3411,0.0003,25.3521,0.0333,0.0002,25.1593,0.0425,0.0003,0.0,-0.0001,-0.0001,-0.0,STILL
-17.1317,18.8073,-3.0885,0.0002,25.6272,0.2751,0.0,25.2964,0.0581,0.0002,0.0,-0.0001,-0.0001,-0.0001,STILL
-16.8023,19.2178,-3.2833,0.0002,25.7375,0.1103,0.0001,25.4658,0.0353,0.0002,0.0,-0.0,-0.0001,-0.0002,STILL
-17.0668,19.1023,-3.5235,0.0002,25.8571,0.1196,0.0,25.5918,0.0386,0.0002,0.0,0.0,-0.0,-0.0002,STILL
-17.0253,19.3975,-3.3282,0.0002,26.0231,0.166,0.0,25.7194,0.051,0.0002,0.0,0.0,0.0,-0.0002,STILL
-16.764,19.7805,-3.2719,0.0001,26.1344,0.1113,0.0001,25.8758,0.034,0.0002,0.0,0.0,0.0,-0.0001,STILL
-16.3706,19.5681,-3.3019,0.0002,25.7257,0.4087,0.0001,25.8955,0.0257,0.0002,0.0,0.0001,0.0,-0.0001,STILL
-16.5652,19.2701,-3.2509,0.0001,25.6186,0.1071,0.0001,25.8718,0.0355,0.0002,0.0,0.0001,0.0,-0.0,STILL
-16.4303,19.1317,-3.4132,0.0002,25.4485,0.1701,0.0001,25.7901,0.0646,0.0002,0.0,0.0,0.0,0.0001,STILL
-16.5536,18.8741,-3.615,0.0003,25.3638,0.0847,0.0001,25.6582,0.0727,0.0002,0.0,-0.0,-0.0001,0.0001,STILL
-16.5398,18.3743,-2.4357,0.0004,24.8417,0.5221,0.0001,25.3997,0.0938,0.0003,0.0,-0.0001,-0.0002,0.0001,STILL
-16.7756,18.0588,-2.6736,0.0003,24.7929,0.0488,0.0001,25.2131,0.1114,0.0003,0.0,-0.0001,-0.0002,0.0,STILL
-16.4798,18.5502,-2.867,0.0003,24.9783,0.1853,0.0,25.0851,0.0732,0.0003,0.0,-0.0002,-0.0002,0.0,STILL
-16.3151,18.6495,-2.9248,0.0004,24.9508,0.0275,0.0001,24.9855,0.0404,0.0004,0.0,-0.0003,-0.0002,0.0,STILL
-16.3958,18.7071,-2.7149,0.0005,25.023,0.0722,0.0002,24.9173,0.0074,0.0004,0.0,-0.0003,-0.0001,-0.0,STILL
-16.6417,18.6594,-1.8,0.0004,25.0671,0.0441,0.0001,24.9624,0.0087,0.0004,0.0,-0.0004,-0.0001,-0.0,STILL
-16.5383,18.6026,-2.0088,0.0004,24.9721,0.095,0.0001,24.9983,0.0017,0.0004,0.0,-0.0004,-0.0,0.0,STILL
-16.8338,18.6414,-2.0383,0.0001,25.1999,0.2278,0.0003,25.0426,0.0078,0.0004,0.0,-0.0003,-0.0,-0.0,STILL
-16.8483,18.71,-1.9837,0.0002,25.256,0.0561,0.0001,25.1036,0.0115,0.0003,0.0,-0.0003,0.0,-0.0,STILL
-17.3599,18.3868,-2.1807,0.0004,25.381,0.125,0.0002,25.1752,0.0205,0.0003,0.0,-0.0001,0.0001,-0.0001,STILL
-17.3004,18.7563,-2.0071,0.0004,25.5955,0.2145,0.0,25.2809,0.0423,0.0003,0.0,-0.0,0.0002,-0.0001,STILL
-17.3184,18.8644,-2.2963,0.0003,25.7112,0.1157,0.0,25.4287,0.0384,0.0003,0.0,0.0001,0.0002,-0.0001,STILL
-16.9016,19.0978,-2.4777,0.0004,25.6228,0.0884,0.0,25.5133,0.0283,0.0003,0.0,0.0001,0.0002,-0.0002,STILL
-16.7307,19.2282,-2.3728,0.0003,25.5982,0.0246,0.0,25.5818,0.0118,0.0004,0.0,0.0001,0.0002,-0.0002,STILL
-16.9095,18.9232,-2.0326,0.0003,25.4588,0.1394,0.0,25.5973,0.0066,0.0003,0.0,0.0001,0.0002,-0.0002,STILL
-17.0526,19.3323,-2.8042,0.0004,25.9306,0.4717,0.0001,25.6643,0.0243,0.0004,0.0,0.0001,0.0001,-0.0003,STILL
-17.1796,19.3065,-3.0371,0.0005,26.0212,0.0906,0.0001,25.7263,0.0455,0.0004,0.0,0.0001,0.0001,-0.0003,STILL
-17.5687,19.1889,-2.0672,0.0003,26.0988,0.0776,0.0002,25.8215,0.062,0.0004,0.0,0.0001,0.0001,-0.0003,STILL
-17.6425,18.8418,-2.0319,0.0004,25.892,0.2068,0.0001,25.8803,0.0496,0.0004,0.0,0.0,0.0,-0.0003,STILL
-17.6921,18.8765,-1.0099,0.0004,25.8912,0.0008,0.0,25.9668,0.0066,0.0004,0.0,-0.0,-0.0001,-0.0003,STILL
-17.438,18.6544,-1.3329,0.0003,25.5704,0.3208,0.0001,25.8947,0.0326,0.0004,0.0,-0.0001,-0.0001,-0.0002,STILL
-17.9692,18.4297,-2.2819,0.0003,25.8409,0.2705,0.0,25.8587,0.0286,0.0004,0.0,-0.0002,-0.0002,-0.0001,STILL
-17.1691,18.6219,-2.1443,0.0003,25.4195,0.4214,0.0,25.7228,0.0372,0.0004,0.0,-0.0002,-0.0003,-0.0001,STILL
-17.1259,18.6413,-1.7811,0.0003,25.3765,0.043,0.0,25.6197,0.0449,0.0003,0.0,-0.0002,-0.0003,-0.0,STILL
-17.1382,18.7724,-2.2217,0.0002,25.5158,0.1393,0.0001,25.5446,0.0266,0.0003,0.0,-0.0002,-0.0002,-0.0,STILL
-17.2981,18.8585,-2.3243,0.0001,25.6957,0.1799,0.0001,25.5697,0.0304,0.0003,0.0,-0.0001,-0.0002,-0.0,STILL
-17.0353,18.8056,-2.525,0.0002,25.4996,0.1961,0.0001,25.5014,0.0121,0.0002,0.0,-0.0001,-0.0001,0.0,STILL
-17.0783,18.3788,-2.3919,0.0003,25.2026,0.297,0.0002,25.458,0.0267,0.0002,0.0,-0.0,-0.0001,0.0001,STILL
-17.0939,18.2968,-2.1791,0.0004,25.1341,0.0685,0.0,25.4096,0.044,0.0002,0.0,0.0001,-0.0,0.0001,STILL
-17.1282,18.7343,-2.0871,0.0004,25.4697,0.3356,0.0,25.4003,0.0424,0.0003,0.0,0.0002,0.0,0.0001,STILL
-17.0588,18.9687,-2.0978,0.0005,25.5972,0.1275,0.0002,25.3806,0.0323,0.0004,0.0,0.0003,0.0001,0.0002,STILL
-17.1002,18.8187,-1.9095,0.0007,25.4992,0.098,0.0001,25.3806,0.0323,0.0005,0.0,0.0003,0.0002,0.0002,STILL
-16.627,18.6675,-2.0932,0.0004,25.0861,0.413,0.0002,25.3573,0.0427,0.0005,0.0,0.0003,0.0002,0.0003,STILL
-16.5329,19.0996,-2.4777,0.0005,25.3825,0.2963,0.0001,25.4069,0.0304,0.0005,0.0,0.0003,0.0001,0.0002,STILL
-16.1357,18.7859,-2.3572,0.0005,24.8762,0.5062,0.0001,25.2882,0.0719,0.0005,0.0,0.0003,-0.0,0.0002,STILL
-15.8679,18.8381,-2.0045,0.0006,24.712,0.1642,0.0002,25.1112,0.0879,0.0006,0.0,0.0002,-0.0002,0.0001,STILL
-16.0537,19.1268,-1.8911,0.0006,25.0426,0.3306,0.0,25.0199,0.0504,0.0005,0.0,0.0,-0.0004,0.0001,STILL
-15.9586,18.6014,-2.1285,0.0008,24.6012,0.4414,0.0002,24.9229,0.0751,0.0006,0.0,-0.0001,-0.0006,0.0,STILL
-16.4075,18.3249,-1.9465,0.0006,24.6738,0.0726,0.0002,24.7812,0.0252,0.0006,0.0,-0.0002,-0.0006,0.0,STILL
-16.376,18.238,-2.6541,0.0006,24.6545,0.0193,0.0,24.7368,0.0246,0.0007,0.0,-0.0002,-0.0006,0.0001,STILL
-16.4977,18.081,-1.9327,0.0005,24.5526,0.1018,0.0001,24.7049,0.0303,0.0006,0.0,-0.0002,-0.0006,0.0001,STILL
-16.6106,18.3523,-1.9805,0.0006,24.8323,0.2797,0.0001,24.6629,0.009,0.0006,0.0,-0.0002,-0.0005,0.0001,STILL
-16.7198,18.235,-1.6657,0.0004,24.796,0.0364,0.0001,24.7018,0.0102,0.0005,0.0,-0.0003,-0.0004,0.0002,STILL
-16.8008,18.5286,-1.8356,0.0001,25.0788,0.2828,0.0003,24.7828,0.0319,0.0005,0.0,-0.0002,-0.0003,0.0001,STILL
-16.8469,18.9135,-1.7248,0.0001,25.3873,0.3085,0.0,24.9294,0.0802,0.0004,0.0,-0.0002,-0.0002,0.0001,STILL
-16.4494,18.7902,-2.1704,0.0003,25.0672,0.3201,0.0002,25.0323,0.045,0.0003,0.0,-0.0002,-0.0001,0.0001,STILL
-16.6658,18.8665,-2.577,0.0004,25.3048,0.2376,0.0001,25.1268,0.043,0.0003,0.0,-0.0001,-0.0001,0.0001,STILL
-16.5576,18.8432,-2.5835,0.0004,25.217,0.0879,0.0,25.211,0.0156,0.0003,0.0,0.0,-0.0001,0.0002,STILL
-16.7711,18.4996,-3.0386,0.0002,25.1543,0.0627,0.0002,25.2261,0.0125,0.0003,0.0,0.0,-0.0001,0.0002,STILL
-17.0731,18.8278,-3.5622,0.0003,25.6645,0.5102,0.0001,25.2816,0.0427,0.0003,0.0,0.0001,-0.0002,0.0002,STILL
-16.921,19.3466,-3.5997,0.0002,25.9532,0.2887,0.0001,25.4588,0.0923,0.0003,0.0,0.0001,-0.0002,0.0001,STILL
-16.2837,19.5273,-3.261,0.0003,25.6341,0.3191,0.0001,25.5246,0.0894,0.0003,0.0,0.0002,-0.0001,0.0,STILL
-16.3176,19.9,-3.2901,0.0005,25.9441,0.31,0.0001,25.67,0.0845,0.0003,0.0,0.0002,-0.0,-0.0001,STILL
-16.5384,19.4981,-2.6352,0.0004,25.7029,0.2412,0.0,25.7798,0.0195,0.0004,0.0,0.0003,0.0,-0.0001,STILL
-16.612,19.6422,-2.63,0.0004,25.8591,0.1562,0.0,25.8187,0.0166,0.0004,0.0,0.0003,0.0001,-0.0001,STILL
-16.4083,19.5325,-2.4696,0.0006,25.6291,0.2299,0.0002,25.7539,0.016,0.0005,0.0,0.0003,0.0002,-0.0001,STILL
-16.4548,19.4604,-2.657,0.0004,25.6228,0.0064,0.0001,25.7516,0.0165,0.0005,0.0,0.0003,0.0003,-0.0001,STILL
-16.6857,19.2964,-2.7631,0.0004,25.6593,0.0365,0.0001,25.6946,0.0076,0.0005,0.0,0.0003,0.0003,-0.0001,STILL
-16.9517,19.084,-3.023,0.0004,25.7041,0.0447,0.0001,25.6949,0.0076,0.0005,0.0,0.0003,0.0003,-0.0001,STILL
-16.7364,18.736,-2.809,0.0004,25.2791,0.425,0.0,25.5789,0.0233,0.0004,0.0,0.0002,0.0004,-0.0001,STILL
-16.661,18.8513,-3.1347,0.0003,25.3532,0.0741,0.0001,25.5237,0.0299,0.0004,0.0,0.0001,0.0003,-0.0001,STILL
-16.8819,18.6748,-3.2828,0.0002,25.3874,0.0342,0.0002,25.4766,0.0295,0.0003,0.0,0.0001,0.0003,-0.0001,STILL
-16.843,18.5992,-3.6793,0.0002,25.3605,0.0269,0.0,25.4169,0.0219,0.0003,0.0,0.0,0.0003,-0.0001,STILL
-16.9307,18.4294,-3.6028,0.0002,25.2838,0.0767,0.0,25.3328,0.0019,0.0002,0.0,-0.0,0.0001,-0.0001,STILL
-16.582,18.4747,-3.1823,0.0003,25.0281,0.2557,0.0002,25.2826,0.0174,0.0002,0.0,-0.0,0.0,-0.0,STILL
-16.5531,18.2017,-3.7927,0.0005,24.8936,0.1345,0.0002,25.1907,0.0382,0.0003,0.0,-0.0001,-0.0001,-0.0,STILL
-16.1612,18.477,-3.9623,0.0003,24.8653,0.0283,0.0002,25.0863,0.0407,0.0003,0.0,-0.0001,-0.0002,-0.0,STILL
-16.4634,18.4691,-3.6792,0.0003,25.0137,0.1484,0.0,25.0169,0.0219,0.0003,0.0,-0.0001,-0.0002,0.0001,STILL
-16.4832,19.044,-3.2652,0.0002,25.3975,0.3838,0.0001,25.0396,0.0361,0.0003,0.0,-0.0002,-0.0002,0.0001,STILL
-16.7491,19.1258,-2.8559,0.0003,25.5829,0.1854,0.0,25.1506,0.0828,0.0003,0.0,-0.0002,-0.0001,0.0001,STILL
-16.2867,19.0288,-2.466,0.0001,25.1681,0.4148,0.0001,25.2055,0.0666,0.0002,0.0,-0.0001,0.0,0.0001,STILL
-16.2356,19.4074,-2.3853,0.0002,25.4152,0.2471,0.0001,25.3155,0.0402,0.0002,0.0,-0.0001,0.0001,0.0002,STILL
-16.2916,19.1384,-2.302,0.0002,25.2388,0.1764,0.0,25.3605,0.0211,0.0002,0.0,-0.0001,0.0001,0.0002,STILL
-16.2583,18.7764,-1.9322,0.0012,24.9122,0.3266,0.0009,25.2634,0.0516,0.0004,0.0,0.0,0.0001,-0.0001,STILL
-16.1317,18.5211,-1.8051,0.001,24.6276,0.2846,0.0001,25.0724,0.0756,0.0006,0.0,0.0,0.0001,-0.0003,STILL
-16.1334,18.7169,-1.4941,0.0014,24.7556,0.128,0.0003,24.9899,0.087,0.0008,0.0,0.0,0.0002,-0.0006,STILL
-16.163,18.6141,-1.6578,0.001,24.7078,0.0478,0.0003,24.8484,0.0467,0.001,0.0,0.0001,0.0002,-0.0008,STILL
-16.0742,18.4351,-1.3887,0.0008,24.4981,0.2097,0.0002,24.7003,0.0188,0.0011,0.0,0.0001,0.0003,-0.001,STILL
-16.1843,18.8762,-1.8735,0.0005,24.935,0.4368,0.0003,24.7048,0.0208,0.001,0.0,0.0001,0.0003,-0.0009,STILL
-16.6037,18.9134,-2.2175,0.0006,25.265,0.33,0.0,24.8323,0.0662,0.0009,0.0,0.0001,0.0004,-0.0007,STILL
-16.758,18.8995,-2.4834,0.0003,25.3809,0.1159,0.0003,24.9573,0.1095,0.0007,0.0,0.0001,0.0004,-0.0004,STILL
-16.2407,18.529,-1.8649,0.0002,24.7096,0.6713,0.0001,24.9577,0.1094,0.0005,0.0,0.0001,0.0004,-0.0003,STILL
-16.3863,18.7076,-1.6263,0.0002,24.9225,0.2129,0.0,25.0426,0.0602,0.0004,0.0,0.0,0.0003,-0.0001,STILL
-16.2153,18.5942,-1.751,0.0002,24.7335,0.189,0.0,25.0023,0.0753,0.0003,0.0,-0.0,0.0002,-0.0001,STILL
-16.4473,18.7128,-2.3383,0.0003,25.023,0.2895,0.0,24.9539,0.0593,0.0002,0.0,-0.0001,0.0,-0.0,STILL
-16.2703,18.7953,-2.5269,0.0002,24.9874,0.0356,0.0,24.8752,0.0168,0.0002,0.0,-0.0001,-0.0,-0.0,STILL
-16.7381,18.7143,-2.2028,0.0001,25.204,0.2166,0.0002,24.9741,0.0232,0.0002,0.0,-0.0001,-0.0001,0.0,STILL
-16.8749,19.034,-2.8685,0.0001,25.5985,0.3944,0.0001,25.1093,0.0824,0.0002,0.0,-0.0001,-0.0,0.0,STILL
-16.7437,19.5866,-2.776,0.0003,25.917,0.3185,0.0001,25.346,0.1286,0.0002,0.0,-0.0001,-0.0,0.0,STILL
-16.8074,19.4099,-1.9083,0.0003,25.7463,0.1706,0.0,25.4906,0.1188,0.0002,0.0,-0.0001,0.0,0.0001,STILL
-16.8678,19.5279,-1.4423,0.0003,25.8446,0.0982,0.0,25.6621,0.0638,0.0002,0.0,-0.0001,-0.0,0.0001,STILL
-16.6818,19.3317,-2.3694,0.0001,25.6439,0.2007,0.0002,25.75,0.0142,0.0002,0.0,-0.0002,-0.0,0.0001,STILL
-16.886,19.6279,-1.9799,0.0004,25.9675,0.3236,0.0003,25.8239,0.0136,0.0003,0.0,-0.0002,0.0,0.0001,STILL
-16.7682,19.6492,-2.1652,0.0004,25.922,0.0455,0.0,25.8249,0.0138,0.0003,0.0,-0.0002,0.0,0.0002,STILL
-16.7958,18.885,-2.0884,0.0004,25.3595,0.5625,0.0,25.7475,0.0499,0.0003,0.0,-0.0001,0.0,0.0002,STILL
-16.7241,18.9205,-2.5207,0.0004,25.3778,0.0184,0.0,25.6541,0.0666,0.0003,0.0,-0.0,0.0,0.0003,STILL
-16.6887,18.6114,-2.7072,0.0003,25.1441,0.2338,0.0001,25.5542,0.1087,0.0004,0.0,0.0,0.0001,0.0003,STILL
-16.701,18.5422,-2.3189,0.0005,25.0622,0.0819,0.0003,25.3731,0.0901,0.0004,0.0,0.0001,0.0001,0.0003,STILL
-16.6483,18.1807,-2.3707,0.0005,24.7653,0.2969,0.0,25.1418,0.0502,0.0004,0.0,0.0001,0.0001,0.0003,STILL
-16.8405,18.2539,-2.4685,0.0005,24.958,0.1926,0.0,25.0615,0.0411,0.0004,0.0,0.0001,0.0002,0.0003,STILL
-16.4255,18.3937,-2.156,0.0003,24.7543,0.2037,0.0002,24.9368,0.0244,0.0004,0.0,0.0001,0.0002,0.0003,STILL
-16.431,18.1275,-2.6436,0.0004,24.6084,0.1459,0.0001,24.8296,0.0259,0.0004,0.0,0.0002,0.0003,0.0003,STILL
-16.5292,18.3489,-2.2055,0.0003,24.7943,0.1859,0.0001,24.7761,0.0124,0.0004,0.0,0.0002,0.0002,0.0002,STILL
-16.1609,18.5385,-2.0394,0.0003,24.6781,0.1163,0.0,24.7586,0.014,0.0004,0.0,0.0001,0.0003,0.0001,STILL
-16.0849,18.4777,-2.7096,0.0001,24.6473,0.0307,0.0001,24.6965,0.0047,0.0003,0.0,0.0001,0.0002,0.0,STILL
-16.0023,18.3352,-3.1583,0.0002,24.5404,0.1069,0.0001,24.6537,0.0071,0.0003,0.0,0.0001,0.0001,0.0,STILL
-15.705,18.3963,-4.386,0.0002,24.5827,0.0423,0.0,24.6486,0.0076,0.0002,0.0,0.0001,0.0,0.0,STILL
-16.314,17.8139,-4.2557,0.0002,24.5274,0.0553,0.0001,24.5952,0.0035,0.0002,0.0,0.0,-0.0001,-0.0,STILL
-16.4324,18.123,-4.4702,0.0002,24.8687,0.3413,0.0001,24.6333,0.0156,0.0002,0.0,0.0,-0.0002,-0.0001,STILL
-17.2678,18.0234,-4.4074,0.0004,25.3465,0.4778,0.0002,24.7731,0.0977,0.0003,0.0,-0.0001,-0.0002,-0.0001,STILL
-16.9674,18.1437,-3.804,0.0004,25.1308,0.2157,0.0001,24.8912,0.0986,0.0003,0.0,-0.0001,-0.0002,-0.0,STILL
-16.8927,18.0994,-3.7495,0.0004,25.0401,0.0907,0.0,24.9827,0.0756,0.0003,0.0,-0.0001,-0.0003,0.0,STILL
-16.5923,18.1857,-4.1058,0.0004,24.9576,0.0825,0.0,25.0688,0.0268,0.0004,0.0,-0.0001,-0.0003,0.0,STILL
-16.2613,19.1017,-3.8784,0.0005,25.384,0.4264,0.0001,25.1718,0.0281,0.0004,0.0,-0.0001,-0.0004,0.0,STILL
-16.2215,18.6095,-3.8152,0.0005,24.9802,0.4039,0.0,25.0985,0.024,0.0004,0.0,-0.0001,-0.0004,0.0001,STILL
-16.3897,18.7188,-2.9866,0.0006,25.0587,0.0785,0.0001,25.0841,0.0239,0.0005,0.0,-0.0002,-0.0004,0.0001,STILL
-16.0962,18.8157,-3.0924,0.0006,24.9536,0.1051,0.0,25.0668,0.0266,0.0005,0.0,-0.0002,-0.0004,0.0001,STILL
-15.8426,19.0244,-3.6708,0.0002,25.0278,0.0742,0.0003,25.0808,0.0243,0.0005,0.0,-0.0002,-0.0004,0.0001,STILL
-15.974,19.0821,-3.3304,0.0001,25.1075,0.0797,0.0002,25.0255,0.003,0.0004,0.0,-0.0002,-0.0003,0.0002,STILL
-16.4667,20.0406,-3.4362,0.0004,26.1646,1.0571,0.0003,25.2624,0.206,0.0004,0.0,-0.0001,-0.0002,0.0002,STILL
-16.464,19.47,-3.4052,0.003,25.7243,0.4403,0.0026,25.3956,0.2226,0.0008,1e-06,0.0,-0.0,0.0008,STILL
-16.1462,19.301,-3.3898,0.0021,25.3913,0.333,0.0009,25.4831,0.1759,0.0012,1e-06,0.0001,0.0001,0.0011,STILL
-15.8951,19.7283,-2.6587,0.0014,25.4741,0.0827,0.0007,25.5724,0.1265,0.0014,1e-06,0.0001,0.0001,0.0014,STILL
-15.9067,19.8576,-2.1613,0.0012,25.5347,0.0606,0.0002,25.6578,0.0762,0.0016,1e-06,0.0002,0.0002,0.0016,STILL
-15.8129,19.658,-2.3603,0.0009,25.3388,0.1959,0.0003,25.4926,0.0179,0.0017,1e-06,0.0001,0.0002,0.0017,STILL
-16.0909,19.8545,-2.4383,0.0005,25.6723,0.3335,0.0003,25.4822,0.0136,0.0012,0.0,0.0002,0.0002,0.0012,STILL
-16.304,19.9336,-2.1725,0.0004,25.8435,0.1713,0.0002,25.5727,0.0298,0.0009,0.0,0.0002,0.0002,0.0008,STILL
-16.0151,19.7563,-2.2849,0.0004,25.5345,0.309,0.0001,25.5848,0.028,0.0007,0.0,0.0002,0.0002,0.0005,STILL
-16.1714,19.7706,-1.1591,0.0003,25.5683,0.0337,0.0001,25.5915,0.0275,0.0005,0.0,0.0002,0.0002,0.0003,STILL
-16.2121,19.1634,-0.7086,0.0002,25.1112,0.4571,0.0001,25.546,0.0588,0.0004,0.0,0.0002,0.0001,0.0002,STILL
-15.4978,18.9932,-0.42,0.0003,24.5174,0.5938,0.0,25.315,0.2139,0.0003,0.0,0.0001,0.0,0.0001,STILL
-15.4889,18.7477,-0.0797,0.0003,24.3185,0.1989,0.0,25.01,0.2636,0.0003,0.0,0.0001,-0.0,-0.0,STILL
-15.8474,19.0075,-1.27,0.0003,24.7798,0.4613,0.0,24.859,0.1964,0.0003,0.0,0.0,-0.0001,-0.0,STILL
-16.2404,19.0591,-2.2098,0.0003,25.1373,0.3575,0.0,24.7728,0.1038,0.0003,0.0,-0.0,-0.0002,-0.0001,STILL
-16.0017,18.8911,-2.4209,0.0005,24.8754,0.2619,0.0002,24.7257,0.0808,0.0003,0.0,-0.0001,-0.0003,-0.0002,STILL
-15.967,18.7504,-1.6336,0.0006,24.6818,0.1937,0.0001,24.7586,0.0714,0.0004,0.0,-0.0001,-0.0003,-0.0002,STILL
-16.0767,18.8909,-1.3475,0.0004,24.8424,0.1606,0.0002,24.8633,0.0231,0.0004,0.0,-0.0001,-0.0003,-0.0002,STILL
-16.1864,18.8221,-2.0061,0.0003,24.9057,0.0634,0.0002,24.8885,0.0214,0.0004,0.0,-0.0001,-0.0003,-0.0002,STILL
-16.3335,18.3139,-1.8987,0.0002,24.6127,0.293,0.0001,24.7836,0.0133,0.0004,0.0,-0.0001,-0.0003,-0.0002,STILL
-16.523,17.9886,-2.2314,0.0002,24.5271,0.0856,0.0,24.7139,0.0199,0.0003,0.0,-0.0001,-0.0002,-0.0002,STILL
-16.3622,17.8972,-2.5101,0.0004,24.3789,0.1483,0.0002,24.6534,0.0385,0.0003,0.0,-0.0,-0.0002,-0.0001,STILL
-16.2616,17.9209,-2.6331,0.0002,24.3419,0.0369,0.0002,24.5533,0.0407,0.0002,0.0,-0.0,-0.0002,-0.0001,STILL
-16.4749,17.9742,-2.419,0.0001,24.502,0.16,0.0001,24.4725,0.0099,0.0002,0.0,-0.0001,-0.0001,-0.0001,STILL
-16.3299,18.5887,-2.9477,0.0004,24.9178,0.4158,0.0003,24.5335,0.0419,0.0003,0.0,-0.0,-0.0,-0.0001,STILL
-16.5952,18.3116,-2.5644,0.0005,24.8454,0.0724,0.0002,24.5972,0.0572,0.0003,0.0,-0.0001,0.0,-0.0001,STILL
-16.6699,18.7712,-2.5234,0.0004,25.2311,0.3858,0.0001,24.7676,0.099,0.0003,0.0,-0.0001,0.0002,-0.0002,STILL
-16.8328,18.8232,-2.55,0.0004,25.3803,0.1491,0.0,24.9753,0.0947,0.0004,0.0,-0.0001,0.0003,-0.0002,STILL
-16.7069,18.846,-2.0837,0.0004,25.2712,0.109,0.0,25.1292,0.0438,0.0004,0.0,-0.0001,0.0003,-0.0002,STILL
-16.9217,18.9706,-2.6514,0.0006,25.5589,0.2877,0.0001,25.2574,0.0553,0.0005,0.0,-0.0001,0.0003,-0.0003,STILL
-16.8374,18.7671,-2.2211,0.0006,25.3108,0.2481,0.0,25.3505,0.0133,0.0005,0.0,-0.0,0.0004,-0.0003,STILL
-16.7012,19.0824,-2.5862,0.0007,25.4903,0.1796,0.0001,25.4023,0.0117,0.0005,0.0,0.0,0.0004,-0.0002,STILL
-17.0078,18.6753,-2.5534,0.0006,25.388,0.1023,0.0001,25.4039,0.0116,0.0006,0.0,0.0001,0.0005,-0.0002,STILL
-16.7156,18.8246,-2.9927,0.0004,25.3522,0.0358,0.0002,25.4201,0.0084,0.0006,0.0,0.0001,0.0005,-0.0002,STILL
-16.1131,18.791,-2.0473,0.0001,24.838,0.5143,0.0003,25.2759,0.0515,0.0005,0.0,0.0,0.0004,-0.0001,STILL
-15.603,19.114,-1.5566,0.0002,24.7229,0.1151,0.0001,25.1583,0.0986,0.0004,0.0,0.0001,0.0004,-0.0,STILL
-16.1574,19.2162,-1.2671,0.0002,25.1382,0.4153,0.0,25.0879,0.0716,0.0003,0.0,0.0,0.0003,-0.0,STILL
-16.1447,18.9855,-2.0981,0.0004,25.01,0.1282,0.0001,25.0123,0.0491,0.0003,0.0,-0.0,0.0001,-0.0,STILL
-16.1001,18.7946,-2.9253,0.0004,24.9201,0.09,0.0,24.9258,0.0202,0.0003,0.0,-0.0001,-0.0,-0.0,STILL
-16.3988,18.8295,-4.5965,0.0006,25.3889,0.4689,0.0002,25.036,0.0494,0.0003,0.0,-0.0001,-0.0002,-0.0,STILL
-16.5284,18.7573,-4.8491,0.0005,25.4664,0.0775,0.0001,25.1847,0.0448,0.0004,0.0,-0.0001,-0.0003,-0.0,STILL
-16.5228,18.684,-4.6418,0.0002,25.37,0.0964,0.0004,25.2311,0.049,0.0004,0.0,-0.0001,-0.0004,-0.0001,STILL
-16.2776,18.4159,-4.3572,0.0002,24.9618,0.4082,0.0,25.2215,0.0537,0.0004,0.0,-0.0,-0.0003,-0.0001,STILL
-16.4752,18.7046,-4.267,0.0003,25.2884,0.3266,0.0002,25.2951,0.031,0.0004,0.0,0.0,-0.0003,-0.0001,STILL
-16.502,18.3481,-4.4948,0.0004,25.0833,0.2051,0.0001,25.234,0.0345,0.0003,0.0,0.0001,-0.0003,-0.0001,STILL
-16.5954,18.5941,-4.0677,0.0003,25.2526,0.1693,0.0002,25.1912,0.0219,0.0003,0.0,0.0001,-0.0002,-0.0001,STILL
-16.6857,18.2753,-3.7761,0.0003,25.0331,0.2195,0.0,25.1238,0.016,0.0003,0.0,0.0001,-0.0002,-0.0001,STILL
-16.3642,18.389,-3.5271,0.0003,24.8673,0.1658,0.0001,25.1049,0.0235,0.0003,0.0,0.0001,-0.0002,-0.0002,STILL
-16.5632,18.4862,-3.6998,0.0003,25.0952,0.2279,0.0001,25.0663,0.0153,0.0003,0.0,0.0001,-0.0001,-0.0001,STILL
-16.6599,18.6702,-3.5536,0.0004,25.2737,0.1785,0.0002,25.1043,0.0224,0.0003,0.0,0.0001,0.0001,-0.0002,STILL
-16.4592,18.7174,-3.0929,0.0004,25.116,0.1577,0.0001,25.077,0.0173,0.0003,0.0,0.0,0.0002,-0.0002,STILL
-16.9861,18.677,-2.8493,0.0004,25.4063,0.2903,0.0001,25.1517,0.033,0.0004,0.0,0.0,0.0003,-0.0002,STILL
-16.9826,18.9854,-3.0013,0.0005,25.6488,0.2426,0.0,25.308,0.0418,0.0004,0.0,0.0001,0.0003,-0.0002,STILL
-16.958,19.1727,-2.8354,0.0003,25.7528,0.1039,0.0001,25.4395,0.055,0.0004,0.0,0.0001,0.0003,-0.0002,STILL
-16.9101,19.3569,-2.684,0.0005,25.8427,0.09,0.0001,25.5533,0.0691,0.0004,0.0,0.0001,0.0003,-0.0002,STILL
-17.1187,19.1918,-2.8909,0.0006,25.8792,0.0365,0.0001,25.706,0.0288,0.0005,0.0,0.0001,0.0003,-0.0003,STILL
-17.2825,18.8253,-2.9346,0.0007,25.7233,0.1559,0.0001,25.7694,0.0069,0.0005,0.0,0.0002,0.0003,-0.0003,STILL
-17.0541,18.6821,-2.6508,0.0005,25.4341,0.2892,0.0002,25.7264,0.0246,0.0005,0.0,0.0002,0.0003,-0.0003,STILL
-17.1902,18.5332,-3.1207,0.0005,25.47,0.0359,0.0,25.6698,0.0344,0.0006,0.0,0.0002,0.0002,-0.0004,STILL
-17.3271,18.4422,-2.8246,0.0006,25.4622,0.0078,0.0001,25.5937,0.0313,0.0006,0.0,0.0003,-0.0,-0.0004,STILL
-16.9805,18.835,-1.8441,0.0005,25.4262,0.0359,0.0001,25.5031,0.0124,0.0006,0.0,0.0003,-0.0002,-0.0004,STILL
-17.3125,19.2117,-1.5315,0.0004,25.9067,0.4805,0.0001,25.5398,0.0339,0.0005,0.0,0.0002,-0.0003,-0.0003,STILL
-17.2281,19.1444,-1.9065,0.0004,25.8254,0.0814,0.0,25.6181,0.0419,0.0005,0.0,0.0001,-0.0003,-0.0003,STILL
-16.9012,19.5249,-1.7814,0.0006,25.8853,0.0599,0.0002,25.7012,0.0449,0.0005,0.0,0.0,-0.0004,-0.0002,STILL
-16.8397,19.348,-1.3783,0.0007,25.687,0.1982,0.0001,25.7461,0.0315,0.0005,0.0,-0.0001,-0.0004,-0.0003,STILL
-16.6343,18.7909,-1.2057,0.0007,25.1247,0.5623,0.0,25.6858,0.0846,0.0006,0.0,-0.0002,-0.0004,-0.0003,STILL
-16.3356,18.914,-0.4427,0.0006,24.9957,0.129,0.0001,25.5036,0.1369,0.0006,0.0,-0.0003,-0.0004,-0.0002,STILL
-16.6872,18.7093,-0.1042,0.0008,25.0701,0.0744,0.0002,25.3526,0.1309,0.0007,0.0,-0.0004,-0.0005,-0.0002,STILL
-16.0373,18.83,0.5323,0.0028,24.7395,0.3306,0.002,25.1234,0.0968,0.0011,1e-06,-0.0004,-0.0005,0.0004,STILL
-16.2767,18.9327,0.5227,0.002,24.973,0.2335,0.0007,24.9806,0.0174,0.0014,1e-06,-0.0004,-0.0004,0.0009,STILL
-16.2213,18.8712,0.2619,0.0016,24.8862,0.0868,0.0005,24.9329,0.0128,0.0016,1e-06,-0.0003,-0.0004,0.0012,STILL
-16.0177,18.8563,-0.4155,0.0011,24.7447,0.1415,0.0004,24.8827,0.0166,0.0017,0.0,-0.0003,-0.0004,0.0015,STILL
-16.0735,18.5632,-0.7355,0.0007,24.5661,0.1786,0.0004,24.7819,0.0194,0.0017,1e-06,-0.0002,-0.0002,0.0016,STILL
-15.9995,18.5912,-1.1853,0.0006,24.5564,0.0096,0.0002,24.7453,0.0279,0.0012,0.0,-0.0001,-0.0002,0.0012,STILL
-15.8277,18.7667,-1.4138,0.0005,24.5907,0.0343,0.0001,24.6688,0.0165,0.0009,0.0,-0.0001,-0.0001,0.0009,STILL
-15.8997,18.9196,-2.0373,0.0004,24.7972,0.2065,0.0001,24.651,0.01,0.0007,0.0,-0.0,0.0,0.0006,STILL
-16.2541,19.0951,-2.3642,0.0003,25.1874,0.3902,0.0001,24.7396,0.0579,0.0005,0.0,-0.0,0.0001,0.0004,STILL
-16.522,19.3104,-2.2695,0.0003,25.5151,0.3277,0.0,24.9294,0.1362,0.0004,0.0,-0.0,0.0002,0.0002,STILL
-16.4114,19.6296,-2.0937,0.0004,25.6717,0.1566,0.0001,25.1524,0.1688,0.0004,0.0,0.0,0.0002,0.0001,STILL
-16.4635,19.8505,-2.2437,0.0005,25.8868,0.215,0.0001,25.4116,0.1464,0.0004,0.0,0.0001,0.0003,-0.0,STILL
-16.352,20.0742,-1.92,0.0005,25.9624,0.0757,0.0,25.6447,0.0772,0.0004,0.0,0.0001,0.0003,-0.0002,STILL
-16.4316,19.9781,-2.2141,0.0005,25.962,0.0004,0.0001,25.7996,0.0316,0.0005,0.0,0.0001,0.0003,-0.0003,STILL
-16.2484,19.4387,-2.7619,0.0006,25.4854,0.4766,0.0001,25.7937,0.0351,0.0005,0.0,0.0001,0.0003,-0.0004,STILL
-15.8894,19.3041,-2.5189,0.0004,25.129,0.3564,0.0002,25.6851,0.1087,0.0005,0.0,0.0001,0.0003,-0.0004,STILL
-16.3646,19.2995,-2.2276,0.0004,25.4015,0.2725,0.0,25.588,0.1072,0.0005,0.0,0.0001,0.0003,-0.0004,STILL
-16.4386,19.074,-2.5352,0.0003,25.3075,0.0939,0.0001,25.4571,0.0778,0.0004,0.0,0.0001,0.0003,-0.0003,STILL
-16.7634,19.3436,-1.5219,0.0006,25.6418,0.3342,0.0003,25.393,0.0295,0.0005,0.0,0.0001,0.0002,-0.0001,STILL
-16.8607,18.878,-2.1613,0.0001,25.4034,0.2384,0.0005,25.3766,0.0275,0.0003,0.0,0.0001,0.0002,-0.0,STILL
-16.7198,18.7961,-3.0509,0.0005,25.3408,0.0626,0.0004,25.419,0.0137,0.0004,0.0,0.0001,0.0001,0.0,STILL
-17.0227,18.4619,-1.8064,0.0002,25.1769,0.1638,0.0003,25.3741,0.0234,0.0003,0.0,0.0,-0.0,0.0,STILL
-16.99,18.4508,-2.0513,0.0005,25.1655,0.0115,0.0003,25.3457,0.0304,0.0004,0.0,-0.0,-0.0001,-0.0,STILL
-16.9733,18.4888,-2.1473,0.0005,25.19,0.0246,0.0,25.2553,0.0095,0.0004,0.0,-0.0001,-0.0003,-0.0002,STILL
-17.0286,18.8129,-2.3616,0.0005,25.4848,0.2948,0.0,25.2716,0.0154,0.0004,0.0,-0.0001,-0.0003,-0.0002,STILL
-16.9292,18.7972,-2.433,0.0006,25.4136,0.0712,0.0002,25.2862,0.0183,0.0005,0.0,-0.0002,-0.0003,-0.0003,STILL
-16.5152,19.019,-2.6121,0.0007,25.3238,0.0897,0.0001,25.3155,0.0153,0.0006,0.0,-0.0003,-0.0003,-0.0004,STILL
-16.6153,18.7589,-2.6303,0.0006,25.1969,0.1269,0.0001,25.3218,0.0136,0.0006,0.0,-0.0003,-0.0002,-0.0004,STILL
-16.7797,19.1103,-2.3855,0.0004,25.5432,0.3462,0.0002,25.3925,0.0149,0.0006,0.0,-0.0002,-0.0002,-0.0004,STILL
-16.7707,19.107,-2.2771,0.0004,25.5248,0.0183,0.0,25.4005,0.0167,0.0005,0.0,-0.0001,-0.0001,-0.0004,STILL
-16.829,19.1543,-2.3186,0.0004,25.6023,0.0775,0.0,25.4382,0.0234,0.0005,0.0,0.0,-0.0,-0.0004,STILL
-17.2476,19.1922,-2.1861,0.0005,25.8959,0.2936,0.0001,25.5526,0.0495,0.0005,0.0,0.0002,-0.0,-0.0004,STILL
-16.9356,18.9381,-2.4301,0.0005,25.522,0.3739,0.0,25.6177,0.0202,0.0005,0.0,0.0003,0.0,-0.0003,STILL
-16.7797,18.6786,-2.1066,0.0006,25.197,0.325,0.0001,25.5484,0.0497,0.0005,0.0,0.0003,0.0001,-0.0003,STILL
-17.0738,18.3554,-2.0415,0.0007,25.1516,0.0454,0.0001,25.4738,0.0755,0.0006,0.0,0.0004,0.0002,-0.0003,STILL
-17.0059,18.5687,-2.2082,0.0006,25.2759,0.1244,0.0001,25.4085,0.0758,0.0006,0.0,0.0004,0.0003,-0.0003,STILL
-16.9047,18.5425,-2.4978,0.0008,25.2157,0.0602,0.0003,25.2724,0.0172,0.0007,0.0,0.0004,0.0005,-0.0002,STILL
-16.6175,18.5152,-2.7983,0.0007,25.0357,0.18,0.0002,25.1752,0.0065,0.0007,0.0,0.0003,0.0006,-0.0002,STILL
-16.8753,18.2122,-3.5199,0.0004,25.0768,0.0411,0.0002,25.1512,0.0077,0.0006,0.0,0.0003,0.0006,-0.0001,STILL
-17.0221,18.5635,-2.4565,0.0001,25.3059,0.2291,0.0003,25.182,0.0116,0.0005,0.0,0.0002,0.0005,-0.0001,STILL
-16.9739,18.1789,-2.0465,0.0004,24.9555,0.3505,0.0003,25.1179,0.0159,0.0005,0.0,0.0002,0.0004,-0.0,STILL
-16.626,18.2338,-2.2403,0.0003,24.7773,0.1782,0.0001,25.0302,0.0296,0.0004,0.0,0.0,0.0003,0.0,STILL
-16.5914,17.8245,-1.436,0.0005,24.3937,0.3836,0.0002,24.9018,0.0941,0.0003,0.0,-0.0001,0.0002,0.0001,STILL
-16.5231,18.0815,-1.9488,0.0006,24.5714,0.1777,0.0001,24.8007,0.0996,0.0004,0.0,-0.0002,0.0001,0.0001,STILL
-16.2591,18.0496,-1.8997,0.0006,24.3671,0.2043,0.0,24.613,0.0509,0.0005,0.0,-0.0003,-0.0,0.0002,STILL
-16.6167,18.3459,-2.6947,0.0006,24.8988,0.5317,0.0,24.6016,0.0437,0.0005,0.0,-0.0004,-0.0002,0.0002,STILL
-16.5059,18.4361,-3.1402,0.0006,24.9438,0.045,0.0001,24.6349,0.0598,0.0006,0.0,-0.0004,-0.0003,0.0002,STILL
-16.4828,18.6614,-3.5465,0.0004,25.1497,0.2059,0.0002,24.7861,0.0783,0.0006,0.0,-0.0004,-0.0004,0.0002,STILL
-16.3175,18.5541,-3.3622,0.0006,24.9363,0.2134,0.0002,24.8591,0.0682,0.0006,0.0,-0.0003,-0.0004,0.0001,STILL
-16.0759,18.6339,-3.4804,0.0006,24.855,0.0814,0.0,24.9567,0.0103,0.0006,0.0,-0.0003,-0.0004,0.0001,STILL
-15.9076,19.3009,-3.4468,0.0005,25.2479,0.3929,0.0001,25.0265,0.0217,0.0005,0.0,-0.0002,-0.0004,0.0001,STILL
-16.1542,18.7094,-3.2199,0.0003,24.9273,0.3206,0.0002,25.0232,0.0223,0.0005,0.0,-0.0002,-0.0004,0.0001,STILL
-16.2265,18.7176,-2.9635,0.0002,24.9485,0.0212,0.0001,24.983,0.0186,0.0004,0.0,-0.0001,-0.0003,0.0001,STILL
-16.7968,18.6053,-2.9895,0.0002,25.2434,0.2949,0.0,25.0444,0.028,0.0004,0.0,-0.0,-0.0002,0.0001,STILL
-16.6968,18.3249,-2.8479,0.0003,24.9539,0.2895,0.0001,25.0642,0.022,0.0003,0.0,0.0001,-0.0001,0.0001,STILL
-16.5856,18.5068,-2.6345,0.0004,24.9904,0.0366,0.0,25.0127,0.0137,0.0003,0.0,0.0002,-0.0,0.0001,STILL
-17.3497,18.4742,-2.5608,0.0005,25.4728,0.4824,0.0001,25.1218,0.0427,0.0003,0.0,0.0003,0.0,0.0001,STILL
-17.3173,18.22,-2.5299,0.0006,25.2637,0.2091,0.0001,25.1848,0.0367,0.0004,0.0,0.0004,0.0001,0.0,STILL
-17.3882,18.0666,-2.6333,0.0004,25.2128,0.0509,0.0002,25.1787,0.0362,0.0004,0.0,0.0004,0.0001,-0.0,STILL
-17.2824,18.4501,-3.0972,0.0004,25.4693,0.2565,0.0,25.2818,0.0323,0.0005,0.0,0.0004,0.0002,-0.0001,STILL
-17.0916,18.7539,-2.7903,0.0007,25.5268,0.0575,0.0002,25.3891,0.0158,0.0005,0.0,0.0004,0.0003,-0.0001,STILL
-16.9076,18.9968,-2.3729,0.0005,25.5417,0.015,0.0002,25.4028,0.0189,0.0005,0.0,0.0003,0.0003,-0.0002,STILL
-16.673,18.7287,-2.0827,0.0005,25.1613,0.3804,0.0,25.3824,0.0263,0.0005,0.0,0.0003,0.0003,-0.0002,STILL
-16.6228,18.4955,-2.8661,0.0004,25.0323,0.129,0.0001,25.3463,0.0437,0.0005,0.0,0.0002,0.0003,-0.0002,STILL
-16.6857,18.2995,-3.9523,0.0,25.078,0.0457,0.0003,25.268,0.049,0.0004,0.0,0.0001,0.0003,-0.0002,STILL
-17.0142,17.8427,-3.1649,0.0002,24.8568,0.2211,0.0002,25.134,0.0515,0.0003,0.0,0.0,0.0002,-0.0002,STILL
-16.9332,18.5242,-2.9163,0.0002,25.2663,0.4094,0.0,25.0789,0.0187,0.0003,0.0,-0.0,0.0002,-0.0001,STILL
-16.5966,18.7319,-2.7424,0.0002,25.1764,0.0899,0.0,25.0819,0.0192,0.0002,0.0,-0.0001,0.0002,-0.0001,STILL
-16.6554,19.0574,-2.8877,0.0003,25.474,0.2976,0.0,25.1703,0.0416,0.0002,0.0,-0.0,0.0001,-0.0001,STILL
-16.5681,18.4553,-2.4383,0.0002,24.9207,0.5533,0.0001,25.1388,0.0514,0.0002,0.0,-0.0,0.0002,-0.0001,STILL
-16.5857,18.3392,-2.985,0.0002,24.9063,0.0145,0.0,25.1487,0.0462,0.0002,0.0,-0.0,0.0001,-0.0001,STILL
-16.8748,18.287,-2.5193,0.0001,25.0104,0.1041,0.0001,25.0975,0.0447,0.0002,0.0,-0.0,0.0001,-0.0002,STILL
-17.1498,18.964,-3.1373,0.0001,25.7603,0.7499,0.0,25.2143,0.1176,0.0002,0.0,-0.0,0.0001,-0.0002,STILL
-16.9574,19.2087,-3.2723,0.0001,25.8309,0.0706,0.0,25.2857,0.1751,0.0002,0.0,-0.0,0.0001,-0.0001,STILL
-17.1159,19.7076,-3.0866,0.0002,26.2844,0.4535,0.0,25.5584,0.2735,0.0002,0.0,-0.0,0.0001,-0.0001,STILL
-16.7865,19.4848,-2.763,0.0002,25.8665,0.4179,0.0,25.7505,0.1706,0.0002,0.0,-0.0001,0.0001,-0.0001,STILL
-17.1667,19.5878,-1.9604,0.0004,26.1194,0.2528,0.0002,25.9723,0.039,0.0002,0.0,-0.0001,0.0,-0.0001,STILL
-16.949,19.7609,-1.2433,0.0003,26.0635,0.0559,0.0001,26.0329,0.028,0.0003,0.0,-0.0001,-0.0,-0.0002,STILL
-16.6967,19.6618,-1.3353,0.0008,25.8293,0.2343,0.0005,26.0326,0.0282,0.0004,0.0,-0.0,-0.0001,-0.0003,STILL
-16.0386,19.7139,-1.9026,0.0007,25.4851,0.3441,0.0001,25.8728,0.0499,0.0005,0.0,-0.0,-0.0003,-0.0003,STILL
-15.8871,19.4555,-1.0252,0.0007,25.1389,0.3462,0.0,25.7272,0.1364,0.0006,0.0,-0.0,-0.0004,-0.0004,STILL
-15.9972,19.38,-1.7264,0.0008,25.1888,0.0498,0.0001,25.5411,0.129,0.0007,0.0,-0.0,-0.0004,-0.0004,STILL
-16.0634,19.0477,-2.4499,0.0005,25.037,0.1518,0.0003,25.3358,0.0831,0.0007,0.0,0.0,-0.0005,-0.0004,STILL
-16.732,18.6382,-3.0755,0.0005,25.2349,0.1979,0.0,25.2169,0.0223,0.0006,0.0,0.0,-0.0005,-0.0003,STILL
-16.9731,18.3231,-4.0386,0.0007,25.3008,0.0659,0.0002,25.1801,0.008,0.0006,0.0,0.0,-0.0005,-0.0002,STILL
-17.2285,18.2428,-3.2402,0.0007,25.3006,0.0002,0.0,25.2124,0.0095,0.0006,0.0,0.0001,-0.0006,-0.0,STILL
-17.0953,18.2693,-3.3109,0.0007,25.2384,0.0622,0.0,25.2223,0.0094,0.0006,0.0,0.0001,-0.0006,0.0001,STILL
-17.5168,18.5467,-3.3019,0.0008,25.7239,0.4855,0.0002,25.3597,0.034,0.0007,0.0,0.0,-0.0006,0.0002,STILL
-17.5291,18.6686,-3.2696,0.0006,25.8162,0.0923,0.0002,25.476,0.059,0.0007,0.0,-0.0,-0.0006,0.0002,STILL
-17.4889,18.5505,-3.0751,0.0005,25.6795,0.1367,0.0002,25.5517,0.0554,0.0007,0.0,-0.0001,-0.0006,0.0002,STILL
-17.2755,18.6935,-3.1632,0.0002,25.6495,0.03,0.0003,25.6215,0.0399,0.0006,0.0,-0.0002,-0.0005,0.0002,STILL
-17.2704,19.0298,-2.9962,0.0001,25.8723,0.2228,0.0001,25.7483,0.007,0.0004,0.0,-0.0001,-0.0004,0.0001,STILL
-17.0476,18.9395,-3.0626,0.0001,25.6652,0.2071,0.0,25.7365,0.0081,0.0003,0.0,-0.0001,-0.0002,0.0,STILL
-16.7006,18.3516,-3.2438,0.0004,25.0242,0.641,0.0003,25.5781,0.0833,0.0002,0.0,-0.0001,-0.0,0.0,STILL
-16.7979,18.3781,-3.3732,0.0004,25.1258,0.1016,0.0,25.4674,0.1099,0.0002,0.0,0.0,0.0001,0.0,STILL
-16.6352,18.4306,-2.9173,0.0003,24.9986,0.1272,0.0,25.3372,0.1303,0.0003,0.0,0.0,0.0002,-0.0,STILL
-17.1926,18.857,-2.6557,0.0005,25.6559,0.6573,0.0001,25.2939,0.0914,0.0003,0.0,0.0,0.0003,0.0,STILL
-16.8415,18.7919,-2.3996,0.0005,25.3482,0.3077,0.0001,25.2305,0.0604,0.0004,0.0,0.0,0.0004,0.0,STILL
-16.8076,18.6991,-2.2321,0.0004,25.2415,0.1066,0.0001,25.274,0.05,0.0004,0.0,-0.0,0.0004,0.0,STILL
-16.3617,18.2655,-2.5295,0.0005,24.6523,0.5893,0.0,25.1793,0.114,0.0005,0.0,0.0,0.0004,-0.0,STILL
-16.5675,18.3343,-2.7798,0.0002,24.8668,0.2145,0.0003,25.1529,0.1263,0.0004,0.0,-0.0,0.0004,-0.0,STILL
-16.6352,18.2143,-2.877,0.0002,24.8349,0.0319,0.0,24.9887,0.069,0.0004,0.0,-0.0001,0.0003,-0.0,STILL
-16.7676,18.3808,-2.7547,0.0005,25.0319,0.197,0.0003,24.9255,0.0395,0.0004,0.0,-0.0001,0.0001,0.0,STILL
-16.9141,18.5047,-2.9725,0.0005,25.2457,0.2138,0.0001,24.9263,0.04,0.0004,0.0,-0.0001,-0.0,0.0001,STILL
-16.7344,18.3537,-3.2874,0.0004,25.0541,0.1916,0.0001,25.0066,0.0218,0.0004,0.0,-0.0002,-0.0001,0.0002,STILL
-16.4781,18.133,-2.5705,0.0006,24.6362,0.4179,0.0001,24.9605,0.0432,0.0004,0.0,-0.0003,-0.0002,0.0002,STILL
-16.3325,17.9814,-2.9627,0.0005,24.4716,0.1646,0.0,24.8879,0.0826,0.0005,0.0,-0.0003,-0.0003,0.0003,STILL
-16.0566,18.5226,-2.9983,0.0003,24.696,0.2244,0.0003,24.8207,0.0813,0.0005,0.0,-0.0003,-0.0003,0.0003,STILL
-16.5703,18.2275,-2.8892,0.0002,24.8025,0.1065,0.0001,24.7321,0.0374,0.0004,0.0,-0.0002,-0.0002,0.0003,STILL
-16.2,18.3632,-2.8145,0.0003,24.6489,0.1536,0.0001,24.651,0.0115,0.0004,0.0,-0.0002,-0.0002,0.0003,STILL
-16.1756,18.4,-2.8641,0.0003,24.666,0.0171,0.0,24.657,0.0114,0.0003,0.0,-0.0001,-0.0001,0.0002,STILL
-16.3936,18.2262,-2.5538,0.0004,24.6469,0.0192,0.0,24.6921,0.0034,0.0003,0.0,-0.0,0.0001,0.0002,STILL
-16.1086,18.5403,-2.6024,0.0003,24.6983,0.0514,0.0001,24.6925,0.0034,0.0003,0.0,0.0,0.0001,0.0002,STILL
-16.115,18.951,-2.1601,0.0004,24.97,0.2717,0.0001,24.726,0.0152,0.0003,0.0,0.0001,0.0002,0.0002,STILL
-16.4077,19.0171,-1.953,0.0006,25.1928,0.2227,0.0002,24.8348,0.0458,0.0004,0.0,0.0002,0.0003,0.0001,STILL
-16.5105,19.423,-2.0312,0.0006,25.573,0.3802,0.0001,25.0162,0.1162,0.0005,0.0,0.0003,0.0003,0.0001,STILL
-16.1959,19.0072,-2.0812,0.0006,25.0582,0.5148,0.0,25.0984,0.0825,0.0005,0.0,0.0003,0.0003,0.0001,STILL
-16.0598,18.9339,-2.0087,0.0005,24.9087,0.1494,0.0001,25.1405,0.0559,0.0005,0.0,0.0003,0.0004,0.0001,STILL
-16.4229,18.7158,-2.1476,0.0004,24.9921,0.0834,0.0001,25.1449,0.0544,0.0005,0.0,0.0004,0.0004,0.0,STILL
-16.8508,18.5945,-2.2993,0.0002,25.1991,0.207,0.0002,25.1462,0.0546,0.0005,0.0,0.0003,0.0003,-0.0,STILL
-16.7431,18.9006,-2.1863,0.0002,25.3446,0.1455,0.0,25.1005,0.0239,0.0004,0.0,0.0002,0.0002,-0.0001,STILL
-16.857,18.808,-2.8241,0.0004,25.4141,0.0695,0.0002,25.1717,0.0382,0.0003,0.0,0.0001,0.0001,-0.0,STILL
-16.5856,18.5745,-2.0436,0.0004,24.9854,0.4286,0.0,25.1871,0.031,0.0003,0.0,0.0,-0.0001,0.0,STILL
-16.6716,18.2253,-2.838,0.0007,24.8628,0.1227,0.0003,25.1612,0.0438,0.0004,0.0,-0.0001,-0.0002,0.0,STILL
-16.7685,18.3958,-2.0892,0.0008,24.9791,0.1163,0.0001,25.1172,0.0482,0.0005,0.0,-0.0002,-0.0004,0.0001,STILL
-16.668,18.1354,-1.9495,0.0007,24.7086,0.2705,0.0001,24.99,0.0551,0.0006,0.0,-0.0002,-0.0005,0.0001,STILL
-16.5406,18.349,-2.6033,0.0007,24.8406,0.132,0.0001,24.8753,0.0104,0.0006,0.0,-0.0002,-0.0006,0.0001,STILL
-16.7794,18.4354,-1.9139,0.0008,25.0015,0.1609,0.0001,24.8785,0.0112,0.0007,0.0,-0.0002,-0.0007,0.0002,STILL
-16.8547,18.2671,-1.9092,0.0006,24.9282,0.0733,0.0002,24.8916,0.0114,0.0007,0.0,-0.0001,-0.0007,0.0001,STILL
-16.815,18.4137,-1.3024,0.0005,24.9701,0.0419,0.0001,24.8898,0.0111,0.0006,0.0,0.0,-0.0006,0.0001,STILL
-16.902,18.3966,-1.5857,0.0002,25.0325,0.0624,0.0003,24.9546,0.0044,0.0005,0.0,0.0001,-0.0005,0.0001,STILL
-16.7216,18.636,-1.3717,0.0003,25.0758,0.0433,0.0001,25.0016,0.0026,0.0005,0.0,0.0,-0.0003,0.0001,STILL
-16.3398,18.5744,-1.9567,0.0002,24.8159,0.2599,0.0001,24.9645,0.0081,0.0004,0.0,0.0,-0.0002,0.0001,STILL
-16.4,18.547,-1.8029,0.0002,24.8234,0.0076,0.0,24.9435,0.0114,0.0003,0.0,0.0,-0.0,0.0001,STILL
-15.9918,18.5345,-1.7954,0.0003,24.5457,0.2777,0.0001,24.8587,0.0357,0.0002,0.0,-0.0,0.0001,0.0001,STILL
-15.7466,18.3807,-1.9801,0.0003,24.2843,0.2614,0.0,24.709,0.0732,0.0003,0.0,-0.0,0.0002,0.0001,STILL
-16.3129,18.9515,-2.3028,0.0002,25.1112,0.8269,0.0001,24.7161,0.0786,0.0002,0.0,0.0,0.0002,0.0,STILL
-16.6128,18.9612,-2.5048,0.0004,25.3335,0.2223,0.0002,24.8196,0.1421,0.0003,0.0,0.0,0.0002,-0.0,STILL
-16.2621,19.1314,-3.3226,0.0005,25.328,0.0055,0.0001,24.9205,0.1836,0.0003,0.0,0.0001,0.0003,-0.0,STILL
-16.1441,18.827,-2.9143,0.0005,24.9716,0.3564,0.0001,25.0057,0.1488,0.0004,0.0,0.0002,0.0003,-0.0,STILL
-16.2496,18.5647,-2.8877,0.0005,24.8403,0.1313,0.0,25.1169,0.0378,0.0004,0.0,0.0002,0.0003,-0.0,STILL
-16.0935,18.7487,-2.9164,0.0002,24.8801,0.0398,0.0002,25.0707,0.0469,0.0004,0.0,0.0002,0.0004,-0.0,STILL
-15.7779,19.1989,-2.53,0.0001,24.9788,0.0988,0.0001,24.9998,0.0297,0.0004,0.0,0.0002,0.0003,0.0,STILL
-15.8411,19.0904,-2.4521,0.0002,24.9278,0.051,0.0,24.9197,0.0028,0.0003,0.0,0.0001,0.0002,0.0,STILL
-15.7572,19.3754,-2.5711,0.0003,25.1059,0.1781,0.0001,24.9466,0.0085,0.0003,0.0,-0.0,0.0001,0.0,STILL
-16.1495,19.0472,-2.4131,0.0004,25.0884,0.0176,0.0001,24.9962,0.0078,0.0002,0.0,-0.0001,-0.0001,0.0,STILL
-16.4228,18.9034,-1.4336,0.0006,25.0819,0.0065,0.0002,25.0366,0.0049,0.0003,0.0,-0.0001,-0.0002,-0.0,STILL
-16.1351,18.6727,-1.65,0.0005,24.7333,0.3486,0.0001,24.9875,0.0203,0.0004,0.0,-0.0002,-0.0003,-0.0001,STILL
-16.0549,18.9351,-1.7169,0.0002,24.8846,0.1514,0.0003,24.9788,0.0216,0.0004,0.0,-0.0002,-0.0003,-0.0001,STILL
-16.2283,18.7418,-2.011,0.0002,24.8728,0.0118,0.0,24.9322,0.0184,0.0004,0.0,-0.0002,-0.0002,-0.0001,STILL
-16.0983,18.6622,-2.6026,0.0003,24.7832,0.0897,0.0001,24.8712,0.0143,0.0004,0.0,-0.0002,-0.0001,-0.0001,STILL
-16.2693,18.9266,-2.0883,0.0002,25.0453,0.2621,0.0001,24.8638,0.0114,0.0003,0.0,-0.0002,0.0,-0.0001,STILL
-16.2998,18.7288,-1.9081,0.0004,24.9016,0.1437,0.0002,24.8975,0.0071,0.0003,0.0,-0.0002,0.0,0.0,STILL
-16.1898,18.4174,-2.3796,0.0004,24.6368,0.2648,0.0,24.848,0.0182,0.0003,0.0,-0.0002,-0.0001,-0.0,STILL
-16.2519,18.1402,-2.4037,0.0004,24.4738,0.163,0.0,24.7682,0.0397,0.0003,0.0,-0.0002,-0.0001,-0.0,STILL
-16.5202,18.5871,-2.9448,0.0002,25.0414,0.5676,0.0002,24.8198,0.052,0.0003,0.0,-0.0002,-0.0002,-0.0001,STILL
-16.3443,19.1322,-3.2559,0.0002,25.3728,0.3314,0.0001,24.8853,0.0987,0.0003,0.0,-0.0002,-0.0002,-0.0001,STILL
-16.5505,18.6464,-3.0703,0.0001,25.1204,0.2524,0.0,24.929,0.1078,0.0003,0.0,-0.0001,-0.0001,-0.0001,STILL
-16.7685,18.6702,-2.7344,0.0004,25.2436,0.1232,0.0003,25.0504,0.0957,0.0003,0.0,-0.0,-0.0,-0.0,STILL
-16.6929,19.0143,-2.7188,0.003,25.4478,0.2042,0.0026,25.2452,0.0229,0.0008,1e-06,0.0001,0.0001,-0.0006,STILL
-16.5387,19.2115,-2.7781,0.0024,25.5015,0.0537,0.0006,25.3372,0.0193,0.0012,2e-06,0.0002,0.0003,-0.0011,STILL
-16.7716,19.2192,-2.9881,0.0019,25.6825,0.181,0.0006,25.3991,0.039,0.0016,1e-06,0.0003,0.0004,-0.0014,STILL
-17.1516,19.2191,-3.1374,0.0016,25.9499,0.2673,0.0003,25.565,0.0566,0.0019,1e-06,0.0003,0.0005,-0.0017,STILL
-17.4619,18.7909,-2.9255,0.0011,25.8181,0.1317,0.0004,25.68,0.0355,0.002,0.0,0.0003,0.0006,-0.0019,STILL
-17.3477,19.1108,-3.2279,0.0009,26.0113,0.1931,0.0002,25.7927,0.034,0.0016,0.0,0.0002,0.0006,-0.0015,STILL
-16.9813,19.2855,-3.2417,0.0008,25.8999,0.1114,0.0001,25.8723,0.013,0.0013,0.0,0.0001,0.0005,-0.0011,STILL
-16.835,19.0128,-2.8309,0.0006,25.5523,0.3476,0.0002,25.8463,0.0256,0.001,0.0,0.0001,0.0005,-0.0008,STILL
-16.8305,19.0884,-3.2303,0.0003,25.6528,0.1005,0.0002,25.7869,0.0274,0.0007,0.0,-0.0,0.0004,-0.0005,STILL
-16.6238,18.7894,-3.3843,0.0002,25.315,0.3379,0.0001,25.6862,0.0616,0.0006,0.0,-0.0001,0.0003,-0.0004,STILL
-16.2459,18.7566,-3.8387,0.0002,25.1092,0.2057,0.0,25.5058,0.0746,0.0004,0.0,-0.0002,0.0002,-0.0002,STILL
-16.3655,18.624,-3.6615,0.0005,25.0617,0.0475,0.0003,25.3382,0.0548,0.0004,0.0,-0.0001,0.0,-0.0,STILL
-16.6643,18.7554,-3.2542,0.0003,25.2993,0.2376,0.0002,25.2876,0.0434,0.0003,0.0,-0.0001,-0.0,0.0001,STILL
-16.9002,18.7762,-3.1534,0.0005,25.4579,0.1586,0.0002,25.2486,0.021,0.0004,0.0,-0.0,-0.0001,0.0001,STILL
-17.217,18.9741,-3.5602,0.0005,25.8673,0.4094,0.0,25.3591,0.0845,0.0004,0.0,0.0001,-0.0001,0.0002,STILL
-17.1798,18.9543,-3.3669,0.0006,25.8021,0.0652,0.0001,25.4977,0.0921,0.0005,0.0,0.0002,-0.0,0.0003,STILL
-16.9251,19.1666,-3.1529,0.0005,25.7635,0.0386,0.0001,25.638,0.0485,0.0005,0.0,0.0003,0.0001,0.0003,STILL
-16.8214,19.0489,-3.338,0.0006,25.6312,0.1323,0.0001,25.7044,0.0211,0.0005,0.0,0.0004,0.0001,0.0003,STILL
-16.8321,18.9985,-3.6766,0.0003,25.6472,0.016,0.0003,25.7423,0.0082,0.0005,0.0,0.0003,0.0002,0.0003,STILL
-16.65,18.9082,-3.5194,0.0003,25.4387,0.2085,0.0,25.6565,0.0162,0.0005,0.0,0.0002,0.0002,0.0003,STILL
-16.5232,19.2546,-2.9155,0.0004,25.5393,0.1006,0.0,25.604,0.0119,0.0004,0.0,0.0002,0.0002,0.0003,STILL
-16.8123,19.435,-3.3981,0.0004,25.9214,0.3821,0.0,25.6356,0.026,0.0004,0.0,0.0002,0.0003,0.0002,STILL
-17.1279,19.198,-3.0903,0.0004,25.9129,0.0085,0.0,25.6919,0.0382,0.0004,0.0,0.0001,0.0003,0.0001,STILL
-17.1117,19.0615,-2.8066,0.0003,25.7688,0.1441,0.0001,25.7162,0.0384,0.0004,0.0,0.0002,0.0003,0.0001,STILL
-16.8769,19.1711,-3.1922,0.0004,25.74,0.0287,0.0001,25.7765,0.0194,0.0004,0.0,0.0002,0.0002,0.0001,STILL
-16.8859,19.1212,-2.8975,0.0002,25.6739,0.0661,0.0002,25.8034,0.0096,0.0004,0.0,0.0001,0.0001,0.0001,STILL
-17.0618,18.947,-3.7149,0.0005,25.7662,0.0922,0.0003,25.7724,0.0061,0.0004,0.0,0.0,-0.0,0.0001,STILL
-16.787,19.1982,-3.3594,0.0006,25.7227,0.0434,0.0001,25.7343,0.0012,0.0004,0.0,-0.0001,-0.0002,0.0001,STILL
-16.8702,18.7367,-3.2469,0.0006,25.4207,0.3021,0.0,25.6647,0.0158,0.0005,0.0,-0.0002,-0.0004,0.0001,STILL
-17.293,18.8925,-2.885,0.0006,25.774,0.3533,0.0,25.6715,0.017,0.0005,0.0,-0.0003,-0.0004,0.0001,STILL
-17.1751,19.164,-3.0955,0.0005,25.9195,0.1456,0.0001,25.7206,0.0269,0.0006,0.0,-0.0003,-0.0005,0.0001,STILL
-17.2557,19.0374,-2.8608,0.0003,25.8528,0.0668,0.0002,25.7379,0.0297,0.0005,0.0,-0.0003,-0.0004,0.0,STILL
-16.9545,19.2737,-1.498,0.0004,25.7133,0.1394,0.0001,25.7361,0.0297,0.0005,0.0,-0.0003,-0.0004,0.0,STILL
-16.948,18.994,-0.6578,0.0006,25.4644,0.2489,0.0002,25.7448,0.0245,0.0005,0.0,-0.0003,-0.0004,0.0,STILL
-16.6865,18.9295,-1.6856,0.0006,25.2905,0.174,0.0,25.6481,0.0563,0.0005,0.0,-0.0003,-0.0004,0.0,STILL
-16.3586,18.7843,-1.5047,0.0004,24.9543,0.3362,0.0002,25.4551,0.1006,0.0005,0.0,-0.0002,-0.0004,0.0,STILL
-16.2744,19.1149,-0.91,0.0008,25.121,0.1667,0.0004,25.3087,0.0698,0.0006,0.0,-0.0003,-0.0005,0.0001,STILL
-16.0976,19.4013,-0.3093,0.0008,25.2119,0.0909,0.0,25.2084,0.0289,0.0006,0.0,-0.0003,-0.0005,0.0002,STILL
-16.6906,19.2992,-1.2162,0.0009,25.5443,0.3324,0.0002,25.2244,0.0381,0.0007,0.0,-0.0003,-0.0005,0.0003,STILL
-16.4494,19.3643,-1.4792,0.0005,25.4509,0.0935,0.0004,25.2565,0.0465,0.0007,0.0,-0.0002,-0.0005,0.0003,STILL
-16.3876,19.1915,-1.9021,0.0003,25.3078,0.1431,0.0003,25.3272,0.0237,0.0006,0.0,-0.0002,-0.0005,0.0003,STILL
-15.9788,18.8844,-2.0498,0.0002,24.8223,0.4855,0.0001,25.2674,0.0626,0.0005,0.0,-0.0001,-0.0004,0.0003,STILL
-16.3049,18.5919,-1.9117,0.0004,24.8025,0.0198,0.0002,25.1856,0.0985,0.0004,0.0,-0.0,-0.0003,0.0003,STILL
-16.5877,18.486,-2.395,0.0004,24.9524,0.1499,0.0,25.0672,0.0697,0.0003,0.0,0.0,-0.0001,0.0002,STILL
-16.5952,18.7201,-2.441,0.0004,25.1356,0.1832,0.0,25.0041,0.0372,0.0003,0.0,0.0,-0.0,0.0002,STILL
-16.6605,18.7604,-2.1215,0.0005,25.1799,0.0443,0.0001,24.9785,0.0243,0.0004,0.0,0.0,0.0001,0.0003,STILL
-16.7097,18.4459,-3.0847,0.0006,25.0794,0.1005,0.0001,25.03,0.0188,0.0005,0.0,0.0001,0.0003,0.0003,STILL
-16.9552,18.4661,-3.1522,0.0006,25.2668,0.1874,0.0,25.1228,0.011,0.0005,0.0,0.0001,0.0004,0.0003,STILL
-16.5986,18.1541,-3.0467,0.0004,24.7864,0.4804,0.0002,25.0896,0.0267,0.0005,0.0,0.0001,0.0004,0.0003,STILL
-16.7445,18.4639,-3.2593,0.0006,25.1379,0.3515,0.0001,25.0901,0.0268,0.0005,0.0,0.0002,0.0005,0.0002,STILL
-16.505,18.7336,-3.3074,0.0004,25.1853,0.0474,0.0001,25.0912,0.027,0.0005,0.0,0.0002,0.0004,0.0002,STILL
-16.6508,18.815,-3.6241,0.0003,25.3848,0.1995,0.0001,25.1523,0.0405,0.0005,0.0,0.0002,0.0003,0.0002,STILL
-16.3363,18.8301,-3.2867,0.0004,25.1446,0.2402,0.0001,25.1278,0.0373,0.0004,0.0,0.0002,0.0002,0.0002,STILL
-16.2253,19.1797,-4.2075,0.0004,25.4721,0.3274,0.0,25.265,0.0188,0.0004,0.0,0.0001,0.0001,0.0003,STILL
-16.2709,19.6469,-3.2754,0.0006,25.7191,0.247,0.0002,25.3812,0.0434,0.0005,0.0,0.0,-0.0001,0.0003,STILL
-16.1667,19.6925,-3.0328,0.0007,25.6584,0.0606,0.0001,25.4758,0.0421,0.0005,0.0,-0.0001,-0.0002,0.0004,STILL
-16.5615,19.504,-2.9981,0.0004,25.762,0.1035,0.0002,25.5512,0.0511,0.0005,0.0,-0.0001,-0.0003,0.0004,STILL
-16.7679,19.397,-2.7829,0.0001,25.7905,0.0286,0.0003,25.6804,0.0128,0.0005,0.0,-0.0002,-0.0002,0.0004,STILL
-16.9456,19.6457,-2.5107,0.0002,26.0655,0.275,0.0001,25.7991,0.0197,0.0004,0.0,-0.0001,-0.0001,0.0004,STILL
-16.7409,19.5291,-2.7242,0.0002,25.8662,0.1993,0.0,25.8285,0.0185,0.0003,0.0,-0.0001,-0.0001,0.0003,STILL
-16.7239,19.3639,-2.7481,0.0004,25.7333,0.1329,0.0002,25.8435,0.0143,0.0003,0.0,0.0,0.0,0.0002,STILL
-16.5291,19.2192,-2.8047,0.0006,25.5041,0.2292,0.0002,25.7919,0.0333,0.0003,0.0,0.0001,0.0001,0.0001,STILL
-16.3483,18.9379,-2.7781,0.0006,25.172,0.3321,0.0,25.6682,0.0949,0.0004,0.0,0.0002,0.0002,-0.0,STILL
-16.613,18.6972,-3.26,0.0004,25.2231,0.0511,0.0002,25.4997,0.0746,0.0004,0.0,0.0003,0.0002,-0.0001,STILL
-16.6935,18.5452,-2.7924,0.0003,25.1077,0.1154,0.0001,25.348,0.0554,0.0005,0.0,0.0003,0.0002,-0.0002,STILL
-16.483,18.8706,-3.0527,0.0003,25.2409,0.1332,0.0,25.2496,0.0183,0.0004,0.0,0.0003,0.0002,-0.0002,STILL
-16.0957,18.6933,-3.0953,0.0003,24.8615,0.3794,0.0,25.1211,0.019,0.0004,0.0,0.0003,0.0002,-0.0002,STILL
-16.311,18.6265,-3.2856,0.0003,24.9758,0.1143,0.0001,25.0818,0.0211,0.0003,0.0,0.0002,0.0001,-0.0002,STILL
-16.4144,18.1044,-3.7878,0.0004,24.7295,0.2463,0.0001,24.9831,0.0322,0.0003,0.0,0.0002,0.0,-0.0001,STILL
-16.3065,18.7772,-4.024,0.0005,25.1929,0.4634,0.0002,25.0001,0.0376,0.0004,0.0,0.0002,-0.0001,-0.0,STILL
-16.1671,18.5937,-3.4942,0.0002,24.8859,0.3069,0.0003,24.9291,0.0236,0.0004,0.0,0.0001,-0.0002,-0.0,STILL
-16.2087,18.6343,-3.7016,0.0002,24.9732,0.0873,0.0001,24.9515,0.0226,0.0003,0.0,0.0001,-0.0002,0.0001,STILL
-16.1576,18.9574,-3.105,0.0005,25.1017,0.1285,0.0003,24.9766,0.0263,0.0004,0.0,-0.0,-0.0003,0.0001,STILL
-16.3011,19.016,-3.6715,0.0006,25.3142,0.2126,0.0002,25.0936,0.0232,0.0004,0.0,-0.0001,-0.0004,0.0002,STILL
-16.3408,19.044,-3.2466,0.0007,25.3029,0.0113,0.0001,25.1156,0.0296,0.0004,0.0,-0.0001,-0.0004,0.0001,STILL
-16.3602,19.004,-3.1785,0.0006,25.2766,0.0263,0.0002,25.1937,0.0181,0.0005,0.0,-0.0002,-0.0004,0.0001,STILL
-15.5975,19.1157,-3.996,0.0003,24.9932,0.2835,0.0002,25.1977,0.0164,0.0005,0.0,-0.0002,-0.0005,0.0001,STILL
-16.203,18.8738,-3.7468,0.0004,25.1554,0.1622,0.0,25.2085,0.0148,0.0005,0.0,-0.0002,-0.0005,0.0,STILL
-16.428,19.0553,-3.3037,0.0003,25.3751,0.2197,0.0001,25.2207,0.018,0.0004,0.0,-0.0002,-0.0004,-0.0,STILL
-16.6987,19.413,-3.0086,0.0001,25.783,0.4078,0.0002,25.3167,0.0706,0.0003,0.0,-0.0001,-0.0003,-0.0,STILL
-16.6808,19.4023,-3.0787,0.0001,25.7716,0.0113,0.0,25.4157,0.1019,0.0002,0.0,-0.0001,-0.0002,-0.0,STILL
-16.3165,19.4593,-2.6473,0.0003,25.5324,0.2392,0.0002,25.5235,0.0573,0.0002,0.0,-0.0,-0.0001,-0.0,STILL
-16.4313,19.4987,-2.1773,0.0004,25.5916,0.0592,0.0001,25.6107,0.0235,0.0002,0.0,-0.0,0.0001,-0.0001,STILL
-16.2607,19.4302,-2.0356,0.0004,25.4182,0.1733,0.0,25.6193,0.0197,0.0003,0.0,0.0,0.0002,-0.0001,STILL
-16.4242,19.3785,-2.3534,0.0005,25.5112,0.0929,0.0001,25.565,0.0138,0.0003,0.0,0.0,0.0003,-0.0002,STILL
-16.5737,19.4778,-2.3109,0.0004,25.6791,0.1679,0.0001,25.5465,0.0075,0.0004,0.0,0.0001,0.0003,-0.0002,STILL
-17.4809,19.6229,-2.1612,0.0005,26.3687,0.6896,0.0001,25.7138,0.1147,0.0004,0.0,0.0,0.0004,-0.0002,STILL
-17.2128,19.0014,-2.5165,0.0005,25.7618,0.607,0.0,25.7478,0.111,0.0005,0.0,0.0,0.0004,-0.0002,STILL
-17.4077,19.023,-2.5475,0.0006,25.9113,0.1495,0.0001,25.8464,0.0849,0.0005,0.0,0.0,0.0004,-0.0002,STILL
-16.9106,18.9903,-2.3599,0.0002,25.5376,0.3737,0.0003,25.8517,0.0815,0.0004,0.0,0.0001,0.0003,-0.0002,STILL
-16.5941,18.6672,-2.0598,0.0001,25.0614,0.4762,0.0001,25.7281,0.1852,0.0004,0.0,0.0,0.0003,-0.0002,STILL
-16.669,18.3275,-2.3635,0.0001,24.8866,0.1748,0.0,25.4317,0.1569,0.0003,0.0,0.0,0.0002,-0.0002,STILL
-16.2446,18.1652,-2.022,0.0002,24.453,0.4336,0.0001,25.17,0.2582,0.0002,0.0,0.0,0.0,-0.0002,STILL
-15.6175,18.3321,-1.3395,0.0003,24.1199,0.3331,0.0001,24.8117,0.2404,0.0002,0.0,0.0001,-0.0001,-0.0001,STILL
-15.7315,18.3407,-1.4935,0.0003,24.2094,0.0895,0.0,24.546,0.137,0.0002,0.0,0.0001,-0.0001,0.0,STILL
-16.0477,18.2163,-0.7792,0.0002,24.2893,0.08,0.0001,24.3916,0.0733,0.0002,0.0,0.0,-0.0001,0.0001,STILL
-15.9288,18.4543,-0.6077,0.0003,24.3856,0.0963,0.0,24.2914,0.0142,0.0003,0.0,0.0001,-0.0002,0.0001,STILL
-15.8993,18.9291,-0.4987,0.0004,24.7254,0.3398,0.0002,24.3459,0.0437,0.0003,0.0,0.0,-0.0002,0.0001,STILL
-16.1507,18.5308,-0.7239,0.0003,24.5918,0.1336,0.0002,24.4403,0.0367,0.0003,0.0,-0.0,-0.0002,0.0001,STILL
-16.1956,18.8215,-1.1198,0.0003,24.8555,0.2637,0.0,24.5695,0.0438,0.0003,0.0,0.0,-0.0002,0.0001,STILL
-16.6283,18.5072,-1.6427,0.0003,24.9342,0.0787,0.0,24.6985,0.038,0.0003,0.0,0.0001,-0.0001,0.0001,STILL
-16.7808,19.0495,-1.7923,0.0003,25.4498,0.5155,0.0,24.9113,0.086,0.0003,0.0,0.0001,-0.0001,0.0,STILL
-16.5184,19.7677,-2.0026,0.0004,25.8385,0.3888,0.0002,25.134,0.2015,0.0003,0.0,0.0002,0.0001,0.0001,STILL
-16.3866,19.6361,-2.6802,0.0004,25.7153,0.1232,0.0,25.3587,0.1598,0.0003,0.0,0.0002,0.0002,0.0,STILL
-16.7686,19.0245,-2.2035,0.0004,25.4553,0.26,0.0,25.4786,0.0967,0.0003,0.0,0.0002,0.0003,-0.0,STILL
-16.743,19.1914,-2.3847,0.0005,25.5798,0.1245,0.0,25.6078,0.0228,0.0004,0.0,0.0002,0.0003,-0.0001,STILL
-16.4382,19.0094,-2.239,0.0005,25.2306,0.3492,0.0001,25.5639,0.0443,0.0004,0.0,0.0002,0.0004,-0.0001,STILL
-15.9287,19.3388,-2.3693,0.0006,25.1659,0.0647,0.0,25.4294,0.0428,0.0005,0.0,0.0002,0.0004,-0.0001,STILL
-16.1711,19.5648,-2.1861,0.0006,25.4767,0.3108,0.0,25.3817,0.0246,0.0005,0.0,0.0002,0.0005,-0.0001,STILL
-15.9837,19.7612,-2.952,0.0002,25.5871,0.1104,0.0004,25.408,0.0313,0.0005,0.0,0.0002,0.0004,-0.0001,STILL
-15.7651,19.2933,-2.6241,0.0003,25.0531,0.534,0.0001,25.3027,0.0395,0.0004,0.0,0.0001,0.0004,-0.0001,STILL
-15.6558,19.2659,-2.5149,0.0006,24.9521,0.101,0.0003,25.247,0.0599,0.0004,0.0,-0.0,0.0004,0.0,STILL
-15.7059,18.994,-2.3744,0.0004,24.7606,0.1915,0.0002,25.1659,0.0994,0.0004,0.0,-0.0002,0.0003,0.0,STILL
-15.7304,18.9639,-3.3558,0.0004,24.8664,0.1058,0.0001,25.0438,0.0831,0.0004,0.0,-0.0003,0.0001,0.0001,STILL
-16.3655,19.0118,-3.7971,0.0005,25.3712,0.5048,0.0001,25.0006,0.0436,0.0004,0.0,-0.0003,0.0001,-0.0,STILL
-16.4612,19.2032,-3.7908,0.0006,25.5754,0.2043,0.0001,25.1051,0.0982,0.0005,0.0,-0.0004,-0.0,-0.0,STILL
-16.5096,19.45,-4.242,0.0007,25.8624,0.287,0.0001,25.2872,0.1751,0.0005,0.0,-0.0004,-0.0002,-0.0,STILL
-16.6514,18.9444,-4.5499,0.0007,25.6293,0.2331,0.0,25.4609,0.1128,0.0006,0.0,-0.0004,-0.0004,0.0,STILL
-16.3086,19.1368,-4.7774,0.0007,25.5932,0.0361,0.0,25.6063,0.0245,0.0006,0.0,-0.0004,-0.0005,0.0,STILL
-16.5938,19.3563,-3.9438,0.0007,25.7987,0.2055,0.0,25.6918,0.0135,0.0007,0.0,-0.0003,-0.0005,0.0001,STILL
-16.9375,19.1382,-4.2894,0.0007,25.9142,0.1155,0.0,25.7596,0.0161,0.0007,0.0,-0.0003,-0.0006,0.0002,STILL
-17.0375,19.073,-2.7097,0.0008,25.7177,0.1966,0.0001,25.7306,0.0135,0.0007,0.0,-0.0003,-0.0006,0.0001,STILL
-17.1956,19.2084,-2.574,0.0006,25.909,0.1914,0.0002,25.7866,0.0147,0.0007,0.0,-0.0002,-0.0006,0.0,STILL
-17.2253,19.2605,-2.5404,0.0004,25.964,0.055,0.0001,25.8607,0.008,0.0006,0.0,-0.0001,-0.0005,-0.0001,STILL
-17.2396,19.4053,-2.6167,0.0002,26.0886,0.1246,0.0002,25.9187,0.0143,0.0005,0.0,-0.0001,-0.0004,-0.0001,STILL
-17.2323,19.2992,-2.2496,0.0007,25.9706,0.118,0.0005,25.93,0.0147,0.0005,0.0,0.0,-0.0003,-0.0002,STILL
-17.5327,19.2675,-2.181,0.0008,26.1417,0.1711,0.0001,26.0148,0.0075,0.0005,0.0,0.0001,-0.0,-0.0004,STILL
-17.2168,19.6109,-2.4354,0.0008,26.2094,0.0677,0.0,26.0749,0.0092,0.0006,0.0,0.0001,0.0002,-0.0004,STILL
-17.1984,19.4762,-2.2702,0.0009,26.0818,0.1276,0.0001,26.0984,0.0062,0.0007,0.0,0.0001,0.0003,-0.0005,STILL
-17.2212,19.0216,-2.038,0.0006,25.74,0.3419,0.0003,26.0287,0.027,0.0007,0.0,0.0001,0.0004,-0.0006,STILL
-16.5645,19.0141,-2.6179,0.0006,25.353,0.387,0.0001,25.9052,0.1024,0.0007,0.0,0.0001,0.0004,-0.0006,STILL
-16.3797,18.8332,-3.1068,0.0004,25.1523,0.2007,0.0002,25.7073,0.1654,0.0007,0.0,0.0001,0.0004,-0.0005,STILL
-16.2225,18.4791,-3.3948,0.0003,24.8228,0.3295,0.0002,25.43,0.1945,0.0005,0.0,0.0001,0.0003,-0.0004,STILL
-16.4593,18.3582,-3.1846,0.0007,24.8611,0.0383,0.0004,25.1858,0.1147,0.0005,0.0,0.0001,0.0002,-0.0001,STILL
-16.7237,18.0522,-3.6758,0.0008,24.8812,0.0201,0.0002,25.0141,0.0423,0.0006,0.0,0.0002,0.0001,0.0001,STILL
-16.8102,18.3043,-3.9844,0.0007,25.1695,0.2883,0.0002,24.9774,0.0228,0.0006,0.0,0.0002,-0.0001,0.0002,STILL
-17.0481,18.0497,-3.4782,0.0007,25.0705,0.0991,0.0,24.961,0.0182,0.0006,0.0,0.0001,-0.0003,0.0003,STILL
-16.6385,18.2522,-3.1263,0.0007,24.8949,0.1755,0.0,24.9754,0.015,0.0007,0.0,0.0001,-0.0005,0.0004,STILL
-16.8108,18.6237,-3.1916,0.001,25.2909,0.396,0.0003,25.0614,0.0249,0.0008,0.0,0.0,-0.0006,0.0005,STILL
-16.7612,18.8583,-2.6283,0.001,25.3669,0.076,0.0,25.1585,0.0277,0.0008,0.0,-0.0,-0.0005,0.0005,STILL
-16.2183,18.7679,-2.7777,0.0008,24.9596,0.4073,0.0001,25.1166,0.0338,0.0008,0.0,-0.0,-0.0004,0.0006,STILL
-16.2965,19.0956,-2.3596,0.0009,25.2148,0.2552,0.0,25.1454,0.0345,0.0009,0.0,-0.0,-0.0003,0.0008,STILL
-16.0778,19.8327,-1.9002,0.0008,25.6016,0.3869,0.0,25.2868,0.0436,0.0009,0.0,-0.0,-0.0002,0.0008,STILL
-16.2279,20.1537,-2.0077,0.0006,25.9528,0.3511,0.0002,25.4191,0.1147,0.0008,0.0,-0.0,-0.0,0.0008,STILL
-16.0167,19.8698,-2.4218,0.0005,25.6361,0.3167,0.0002,25.473,0.1207,0.0007,0.0,-0.0,0.0,0.0007,STILL
-16.154,19.4427,-2.1468,0.0004,25.3689,0.2672,0.0001,25.5548,0.0635,0.0006,0.0,0.0,0.0001,0.0006,STILL
-16.2857,19.4573,-2.3643,0.0004,25.4833,0.1145,0.0,25.6085,0.0385,0.0005,0.0,0.0001,0.0001,0.0005,STILL
-16.4317,19.394,-2.3227,0.0006,25.5249,0.0416,0.0002,25.5932,0.0396,0.0005,0.0,0.0001,0.0001,0.0002,STILL
-16.2266,19.6152,-2.5238,0.0013,25.5818,0.0569,0.0007,25.519,0.0083,0.0006,0.0,0.0001,0.0002,-0.0001,STILL
-16.0406,19.2203,-2.4315,0.0008,25.1522,0.4296,0.0005,25.4222,0.0231,0.0007,0.0,0.0002,0.0003,-0.0004,STILL
-16.3231,19.1762,-2.3358,0.0004,25.2909,0.1387,0.0004,25.4066,0.0257,0.0007,0.0,0.0002,0.0003,-0.0004,STILL
-16.0679,19.2285,-2.6218,0.0007,25.1949,0.0959,0.0002,25.3489,0.0302,0.0008,0.0,0.0002,0.0004,-0.0003,STILL
-16.1949,19.1234,-2.6349,0.0006,25.1977,0.0027,0.0001,25.2835,0.0243,0.0008,0.0,0.0001,0.0004,-0.0001,STILL
-15.9247,19.2862,-2.483,0.0004,25.134,0.0637,0.0002,25.1939,0.0029,0.0006,0.0,0.0001,0.0003,0.0002,STILL
-15.5929,19.3446,-2.7426,0.0003,24.9975,0.1366,0.0001,25.163,0.0094,0.0005,0.0,0.0001,0.0003,0.0004,STILL
-16.2837,19.1976,-3.0003,0.0009,25.3517,0.3542,0.0006,25.1752,0.0131,0.0006,0.0,0.0001,0.0003,0.0005,STILL
-16.4457,19.1862,-2.1284,0.0005,25.3594,0.0078,0.0004,25.208,0.0187,0.0005,0.0,-0.0,0.0003,0.0004,STILL
-16.0253,19.1614,-2.7777,0.0005,25.1334,0.226,0.0,25.1952,0.0196,0.0005,0.0,-0.0001,0.0002,0.0003,STILL
-16.3484,19.2573,-3.3565,0.0005,25.4829,0.3495,0.0,25.265,0.0306,0.0005,0.0,-0.0002,0.0001,0.0002,STILL
-16.4256,19.3714,-3.029,0.0006,25.5779,0.095,0.0001,25.381,0.0224,0.0006,0.0,-0.0003,-0.0,0.0001,STILL
-16.2061,19.3065,-2.2857,0.0006,25.3101,0.2677,0.0,25.3727,0.0231,0.0005,0.0,-0.0003,-0.0002,-0.0001,STILL
-16.668,19.0359,-2.0973,0.0004,25.3887,0.0785,0.0001,25.3786,0.0231,0.0005,0.0,-0.0003,-0.0003,-0.0002,STILL
-16.5938,19.2381,-2.3435,0.0003,25.5137,0.125,0.0002,25.4547,0.0089,0.0005,0.0,-0.0003,-0.0003,-0.0001,STILL
-16.5469,19.0967,-2.5654,0.0001,25.3981,0.1156,0.0001,25.4377,0.0091,0.0004,0.0,-0.0002,-0.0003,-0.0001,STILL
-16.4344,19.493,-2.5273,0.0002,25.6213,0.2232,0.0,25.4464,0.0119,0.0003,0.0,-0.0002,-0.0002,-0.0001,STILL
-16.6506,19.4038,-2.6719,0.0003,25.7077,0.0864,0.0001,25.5259,0.0155,0.0003,0.0,-0.0001,-0.0,-0.0001,STILL
-16.9861,19.2293,-2.4469,0.0005,25.7736,0.0659,0.0002,25.6029,0.0181,0.0003,0.0,-0.0,0.0001,-0.0001,STILL
-16.4577,18.9459,-2.4262,0.0006,25.2129,0.5608,0.0001,25.5427,0.0433,0.0003,0.0,0.0,0.0003,-0.0001,STILL
-16.4536,18.9536,-2.1441,0.0006,25.1904,0.0224,0.0,25.5012,0.0622,0.0004,0.0,0.0,0.0004,-0.0001,STILL
-16.7629,18.5285,-2.3059,0.0004,25.0922,0.0983,0.0001,25.3954,0.0816,0.0005,0.0,0.0,0.0004,-0.0001,STILL
-16.5978,18.7134,-2.426,0.0005,25.131,0.0388,0.0001,25.28,0.0627,0.0005,0.0,0.0,0.0005,-0.0002,STILL
-16.5095,19.5332,-2.1939,0.0004,25.6695,0.5386,0.0001,25.2592,0.0439,0.0005,0.0,-0.0,0.0004,-0.0002,STILL
-16.6295,19.2547,-2.3676,0.0004,25.5517,0.1178,0.0,25.327,0.056,0.0005,0.0,-0.0001,0.0004,-0.0002,STILL
-16.1348,19.3007,-1.2191,0.0011,25.186,0.3657,0.0006,25.3261,0.0563,0.0006,0.0,-0.0001,0.0003,-0.0004,STILL
-15.5079,19.3968,-1.894,0.0013,24.9061,0.2798,0.0002,25.2889,0.0792,0.0007,0.0,-0.0001,0.0003,-0.0006,STILL
-15.3157,19.4174,-1.3434,0.0006,24.7671,0.139,0.0006,25.2161,0.1234,0.0007,0.0,-0.0,0.0001,-0.0006,STILL
-15.815,19.1839,-2.3653,0.0008,24.9747,0.2075,0.0001,25.0771,0.0746,0.0008,0.0,0.0,0.0,-0.0007,STILL
-16.1958,19.1065,-1.6047,0.0005,25.0986,0.1239,0.0003,24.9865,0.0214,0.0008,0.0,0.0001,-0.0001,-0.0008,STILL
-15.666,19.1758,-1.7682,0.0001,24.8246,0.2739,0.0003,24.9142,0.0135,0.0006,0.0,0.0001,-0.0001,-0.0006,STILL
-16.0672,19.7438,-1.7614,0.0002,25.5162,0.6915,0.0001,25.0362,0.071,0.0004,0.0,0.0001,-0.0002,-0.0004,STILL
-15.9819,19.7794,-2.3623,0.0002,25.5387,0.0225,0.0,25.1905,0.0832,0.0004,0.0,0.0,-0.0002,-0.0003,STILL
-16.048,19.8298,-1.4023,0.0005,25.5485,0.0098,0.0003,25.3053,0.0864,0.0003,0.0,-0.0,-0.0002,-0.0001,STILL
-16.0634,19.8763,-2.6937,0.0002,25.6974,0.1489,0.0003,25.4251,0.0942,0.0002,0.0,-0.0,-0.0002,-0.0,STILL
-16.3601,19.7823,-2.8768,0.0003,25.8315,0.1341,0.0001,25.6265,0.0146,0.0003,0.0,-0.0,-0.0002,-0.0,STILL
-16.8474,19.1665,-2.5515,0.0003,25.6457,0.1859,0.0,25.6524,0.0116,0.0003,0.0,-0.0,-0.0003,0.0,STILL
-16.7155,19.5801,-3.4474,0.0002,25.9744,0.3287,0.0001,25.7395,0.0221,0.0003,0.0,0.0,-0.0003,0.0,STILL
-16.7192,19.5765,-3.2673,0.0001,25.9509,0.0235,0.0001,25.82,0.0173,0.0002,0.0,0.0001,-0.0002,0.0,STILL
-17.041,19.505,-3.0389,0.0001,26.0783,0.1273,0.0,25.8962,0.0218,0.0002,0.0,0.0001,-0.0001,0.0,STILL
-16.6578,19.0321,-2.7936,0.0004,25.4462,0.6321,0.0002,25.8191,0.0556,0.0002,0.0,0.0001,-0.0,0.0001,STILL
-16.995,18.8257,-2.788,0.0003,25.5149,0.0687,0.0,25.7929,0.0674,0.0002,0.0,0.0001,0.0001,0.0001,STILL
-16.9335,18.8699,-2.8366,0.0004,25.512,0.0028,0.0001,25.7005,0.068,0.0003,0.0,0.0001,0.0002,0.0001,STILL
-17.6374,19.5522,-3.1943,0.0005,26.5249,1.0129,0.0001,25.8153,0.1782,0.0003,0.0,0.0001,0.0003,0.0001,STILL
-17.4537,19.2699,-2.8805,0.0003,26.1583,0.3666,0.0002,25.8313,0.1877,0.0004,0.0,0.0002,0.0003,0.0001,STILL
-17.3598,19.4003,-3.445,0.0003,26.2603,0.102,0.0,25.9941,0.1683,0.0004,0.0,0.0002,0.0003,0.0,STILL
-17.6722,19.4796,-3.581,0.0004,26.544,0.2838,0.0001,26.1999,0.1405,0.0004,0.0,0.0002,0.0003,-0.0,STILL
-17.3003,19.3274,-2.9585,0.0003,26.1075,0.4365,0.0001,26.319,0.0334,0.0004,0.0,0.0003,0.0003,-0.0,STILL
-17.1559,19.3369,-1.7168,0.0001,25.9073,0.2002,0.0002,26.1955,0.0436,0.0003,0.0,0.0002,0.0002,0.0,STILL
-16.7528,19.1883,-0.8328,0.0002,25.4861,0.4212,0.0001,26.061,0.1259,0.0003,0.0,0.0002,0.0002,0.0001,STILL
-16.4335,19.1194,-1.8913,0.0003,25.2822,0.2039,0.0001,25.8654,0.201,0.0003,0.0,0.0001,0.0001,0.0001,STILL
-16.6749,19.2018,-2.713,0.0005,25.5758,0.2936,0.0001,25.6718,0.0882,0.0003,0.0,-0.0,-0.0,0.0001,STILL
-16.6681,18.6895,-2.6423,0.0007,25.1814,0.3944,0.0002,25.4866,0.064,0.0004,0.0,-0.0001,-0.0002,0.0001,STILL
-16.5126,18.8891,-3.8076,0.0007,25.3764,0.195,0.0001,25.3804,0.0197,0.0005,0.0,-0.0002,-0.0004,0.0001,STILL
-16.4819,19.2613,-3.0211,0.0009,25.53,0.1536,0.0001,25.3892,0.0219,0.0006,0.0,-0.0002,-0.0006,-0.0,STILL
-16.4918,19.1403,-2.6731,0.001,25.4062,0.1237,0.0001,25.414,0.019,0.0007,0.0,-0.0002,-0.0007,-0.0001,STILL
-16.4591,18.9435,-1.9697,0.0008,25.1721,0.2341,0.0002,25.3332,0.019,0.0008,0.0,-0.0002,-0.0008,-0.0001,STILL
-16.2048,19.2923,-1.2008,0.0005,25.2236,0.0514,0.0003,25.3417,0.0167,0.0008,0.0,-0.0002,-0.0007,-0.0002,STILL
-16.2513,18.9495,-0.3419,0.0005,24.966,0.2575,0.0,25.2596,0.0379,0.0007,0.0,-0.0002,-0.0007,-0.0002,STILL
-16.0604,18.6439,-0.9954,0.0004,24.6277,0.3383,0.0001,25.0791,0.0706,0.0006,0.0,-0.0003,-0.0005,-0.0002,STILL
-16.5077,18.3745,-1.0869,0.0003,24.7247,0.097,0.0001,24.9428,0.0558,0.0005,0.0,-0.0003,-0.0004,-0.0001,STILL
-16.4437,18.6215,-1.7695,0.0002,24.9055,0.1809,0.0001,24.8895,0.0427,0.0004,0.0,-0.0002,-0.0003,-0.0001,STILL
-16.2987,18.8691,-1.9844,0.0003,25.0125,0.107,0.0001,24.8473,0.0216,0.0003,0.0,-0.0002,-0.0001,-0.0001,STILL
-16.4577,18.9734,-2.9063,0.0004,25.2842,0.2717,0.0001,24.9109,0.0529,0.0003,0.0,-0.0002,0.0,-0.0,STILL
-16.6724,18.885,-2.5656,0.0002,25.3218,0.0376,0.0002,25.0497,0.0514,0.0003,0.0,-0.0002,0.0001,0.0,STILL
-16.6317,18.5705,-2.1088,0.0004,25.0184,0.3034,0.0002,25.1085,0.027,0.0003,0.0,-0.0002,0.0001,0.0001,STILL
-16.6366,18.7157,-2.5558,0.0004,25.1712,0.1527,0.0,25.1616,0.0167,0.0003,0.0,-0.0002,0.0002,0.0001,STILL
-16.2093,18.4695,-1.9009,0.0002,24.647,0.5241,0.0002,25.0885,0.0599,0.0003,0.0,-0.0002,0.0002,0.0001,STILL
-16.5424,18.8068,-1.8738,0.0002,25.1169,0.4699,0.0,25.0551,0.0513,0.0003,0.0,-0.0002,0.0001,0.0001,STILL
-16.9277,19.0798,-1.4897,0.0005,25.5501,0.4331,0.0003,25.1007,0.084,0.0003,0.0,-0.0002,0.0002,0.0001,STILL
-16.4859,19.017,-1.8324,0.0003,25.2347,0.3154,0.0001,25.144,0.0843,0.0003,0.0,-0.0002,0.0002,0.0001,STILL
-16.7137,18.273,-2.4409,0.0004,24.8839,0.3508,0.0,25.0865,0.0944,0.0003,0.0,-0.0001,0.0003,0.0001,STILL
-16.5772,18.5621,-2.3215,0.0005,24.9949,0.111,0.0002,25.1561,0.0526,0.0004,0.0,-0.0,0.0003,0.0,STILL
-16.0899,18.4653,-2.2134,0.0006,24.5917,0.4032,0.0001,25.0511,0.105,0.0005,0.0,0.0001,0.0004,0.0001,STILL
-16.7063,18.5129,-1.8551,0.0007,25.0054,0.4137,0.0,24.9421,0.0437,0.0005,0.0,0.0001,0.0005,0.0001,STILL
-16.7963,18.7572,-1.9435,0.0005,25.2532,0.2478,0.0001,24.9458,0.0459,0.0006,0.0,0.0001,0.0005,0.0001,STILL
-16.337,19.0245,-2.1985,0.0007,25.1727,0.0805,0.0001,25.0036,0.0521,0.0006,0.0,0.0002,0.0006,0.0001,STILL
-15.9353,19.1665,-2.3744,0.0007,25.0385,0.1342,0.0,25.0123,0.0523,0.0006,0.0,0.0002,0.0006,0.0001,STILL
-16.317,18.9988,-2.5464,0.0008,25.173,0.1346,0.0002,25.1285,0.0086,0.0007,0.0,0.0002,0.0006,0.0001,STILL
-16.1036,18.8647,-2.4871,0.0007,24.9276,0.2454,0.0001,25.113,0.0133,0.0007,0.0,0.0002,0.0006,0.0001,STILL
-16.1954,19.1855,-2.1866,0.0006,25.2023,0.2746,0.0001,25.1028,0.0109,0.0007,0.0,0.0003,0.0006,0.0001,STILL
-15.8875,18.9359,-2.5586,0.0006,24.8501,0.3521,0.0,25.0383,0.0185,0.0007,0.0,0.0003,0.0006,0.0001,STILL
-16.0444,19.0737,-2.3125,0.0005,25.0315,0.1814,0.0001,25.0369,0.0185,0.0007,0.0,0.0003,0.0006,0.0002,STILL
-15.8324,18.8996,-1.8219,0.0005,24.722,0.3095,0.0001,24.9467,0.0265,0.0006,0.0,0.0002,0.0005,0.0002,STILL
-16.0628,18.5103,-1.9357,0.0004,24.5844,0.1377,0.0001,24.8781,0.048,0.0005,0.0,0.0002,0.0003,0.0002,STILL
-16.0815,18.5082,-1.711,0.0002,24.5784,0.006,0.0002,24.7533,0.0294,0.0004,0.0,0.0002,0.0002,0.0002,STILL
-15.9902,18.9441,-2.0063,0.0002,24.8715,0.2931,0.0,24.7576,0.0303,0.0004,0.0,0.0002,0.0001,0.0002,STILL
-15.9984,19.0584,-2.7644,0.0002,25.0362,0.1648,0.0,24.7585,0.0308,0.0003,0.0,0.0001,0.0,0.0002,STILL
-15.9612,19.0623,-2.1678,0.0003,24.9566,0.0796,0.0001,24.8054,0.0362,0.0003,0.0,0.0,0.0001,0.0002,STILL
-15.8252,19.0686,-2.2592,0.0001,24.8828,0.0738,0.0002,24.8651,0.024,0.0002,0.0,-0.0,0.0001,0.0002,STILL
-16.0602,19.2143,-2.2793,0.0003,25.1458,0.263,0.0001,24.9786,0.0105,0.0002,0.0,-0.0,0.0001,0.0002,STILL
-16.27,18.8089,-2.2328,0.0002,24.9695,0.1764,0.0001,24.9982,0.0078,0.0002,0.0,-0.0,0.0001,0.0002,STILL
-16.6848,19.0784,-2.1612,0.0003,25.4369,0.4675,0.0001,25.0783,0.0396,0.0003,0.0,0.0,0.0001,0.0002,STILL
-16.5197,19.1533,-1.7352,0.0003,25.3527,0.0842,0.0,25.1576,0.0454,0.0003,0.0,0.0001,0.0,0.0002,STILL
-16.372,19.5789,-1.8476,0.0003,25.5889,0.2361,0.0,25.2988,0.0476,0.0003,0.0,0.0001,0.0001,0.0002,STILL
-16.5195,19.1225,-1.7343,0.0002,25.3293,0.2596,0.0001,25.3354,0.0418,0.0003,0.0,0.0001,0.0,0.0002,STILL
-16.1968,18.8824,-2.0999,0.0002,24.9658,0.3635,0.0001,25.3347,0.0423,0.0003,0.0,0.0001,0.0,0.0002,STILL
-16.67,18.6028,-2.0643,0.0002,25.0642,0.0984,0.0001,25.2602,0.0493,0.0002,0.0,0.0001,-0.0,0.0002,STILL
-16.211,18.451,-2.6202,0.0001,24.7002,0.364,0.0001,25.1297,0.0933,0.0002,0.0,0.0001,-0.0,0.0001,STILL
-16.3469,18.8295,-2.5462,0.0001,25.065,0.3648,0.0,25.0249,0.0409,0.0002,0.0,0.0001,-0.0001,0.0001,STILL
-15.7556,18.6074,-2.3244,0.0002,24.4924,0.5726,0.0001,24.8575,0.0511,0.0002,0.0,0.0001,-0.0001,0.0,STILL
-15.1951,19.2203,-2.3627,0.0003,24.6149,0.1225,0.0001,24.7873,0.0556,0.0002,0.0,0.0001,-0.0001,-0.0,STILL
-15.2936,19.2575,-2.387,0.0003,24.7071,0.0922,0.0,24.7159,0.0365,0.0002,0.0,0.0001,-0.0002,-0.0001,STILL
-15.4318,19.3091,-2.894,0.0003,24.8869,0.1797,0.0001,24.7533,0.0409,0.0003,0.0,0.0,-0.0002,-0.0001,STILL
-15.3704,19.1785,-3.3964,0.0004,24.8113,0.0755,0.0002,24.7025,0.0195,0.0003,0.0,-0.0,-0.0002,-0.0001,STILL
-15.512,18.9866,-2.714,0.0003,24.6673,0.144,0.0001,24.7375,0.0097,0.0003,0.0,-0.0001,-0.0003,-0.0001,STILL
-15.6221,18.758,-3.2056,0.0005,24.6209,0.0464,0.0002,24.7387,0.0094,0.0004,0.0,-0.0001,-0.0003,-0.0001,STILL
-15.8195,18.6564,-2.752,0.0005,24.6149,0.006,0.0001,24.7203,0.012,0.0004,0.0,-0.0001,-0.0004,-0.0001,STILL
-16.1681,19.0595,-2.511,0.0004,25.1193,0.5044,0.0,24.7667,0.0361,0.0004,0.0,-0.0001,-0.0004,-0.0001,STILL
-16.2689,19.0289,-2.2744,0.0003,25.1385,0.0193,0.0002,24.8322,0.0591,0.0004,0.0,-0.0001,-0.0004,-0.0001,STILL
-16.4151,19.1856,-2.1164,0.0001,25.3381,0.1996,0.0002,24.9663,0.0868,0.0004,0.0,-0.0001,-0.0003,-0.0001,STILL
-16.4758,18.9453,-1.9306,0.0002,25.1815,0.1567,0.0001,25.0785,0.0596,0.0003,0.0,0.0,-0.0002,-0.0001,STILL
-16.2057,19.1031,-2.0632,0.0004,25.1358,0.0456,0.0002,25.1827,0.0065,0.0003,0.0,0.0001,-0.0001,-0.0001,STILL
-16.2239,19.5606,-2.2006,0.0004,25.5084,0.3725,0.0,25.2605,0.0208,0.0003,0.0,0.0002,0.0,-0.0001,STILL
-16.3166,19.5079,-2.4136,0.0003,25.5463,0.038,0.0001,25.342,0.0275,0.0003,0.0,0.0002,0.0001,-0.0001,STILL
-16.2627,19.3407,-2.2215,0.0003,25.3667,0.1796,0.0,25.3478,0.0276,0.0003,0.0,0.0002,0.0002,-0.0001,STILL
-15.9633,19.1288,-2.2022,0.0005,25.0117,0.355,0.0002,25.3138,0.0435,0.0004,0.0,0.0003,0.0002,-0.0002,STILL
-16.2987,18.7343,-2.7149,0.0004,24.9799,0.0319,0.0001,25.2826,0.0585,0.0004,0.0,0.0002,0.0002,-0.0002,STILL
-16.3327,18.4781,-2.5657,0.0003,24.7948,0.1851,0.0001,25.1399,0.0756,0.0004,0.0,0.0002,0.0002,-0.0002,STILL
-16.5974,18.3074,-1.9275,0.0003,24.7861,0.0086,0.0001,24.9878,0.0444,0.0004,0.0,0.0002,0.0002,-0.0002,STILL
-16.6998,18.5928,-1.1295,0.0002,25.0171,0.2309,0.0,24.9179,0.011,0.0004,0.0,0.0002,0.0002,-0.0002,STILL
-16.4942,18.8743,-1.7005,0.0002,25.1235,0.1064,0.0001,24.9403,0.0172,0.0003,0.0,0.0001,0.0002,-0.0001,STILL
-16.1829,18.8525,-2.3135,0.0003,24.9531,0.1704,0.0001,24.9349,0.0169,0.0003,0.0,0.0001,0.0,-0.0001,STILL
-16.2994,18.7758,-2.6289,0.0001,25.0023,0.0492,0.0002,24.9764,0.0121,0.0002,0.0,0.0001,-0.0,-0.0,STILL
-16.0958,18.5269,-1.7969,0.0001,24.6079,0.3944,0.0,24.9408,0.0308,0.0002,0.0,0.0001,-0.0001,-0.0,STILL
-15.9204,18.2434,-2.5875,0.0004,24.3511,0.2568,0.0003,24.8076,0.0814,0.0002,0.0,-0.0,-0.0002,-0.0001,STILL
-16.1426,18.4978,-2.9356,0.0003,24.7259,0.3748,0.0001,24.728,0.0565,0.0002,0.0,-0.0001,-0.0002,-0.0001,STILL
-15.8672,18.4733,-2.8329,0.0003,24.5164,0.2095,0.0,24.6407,0.0477,0.0002,0.0,-0.0001,-0.0001,-0.0001,STILL
-15.6656,18.8474,-2.4976,0.0003,24.6348,0.1184,0.0001,24.5672,0.0161,0.0003,0.0,-0.0002,-0.0001,-0.0001,STILL
-15.445,19.106,-2.3949,0.0004,24.6845,0.0497,0.0,24.5825,0.0183,0.0003,0.0,-0.0002,-0.0002,-0.0001,STILL
-15.4779,19.4754,-2.3659,0.0004,24.9891,0.3046,0.0001,24.7101,0.0244,0.0003,0.0,-0.0003,-0.0001,-0.0001,STILL
-15.2823,19.4928,-1.8771,0.0007,24.8404,0.1487,0.0002,24.733,0.0272,0.0004,0.0,-0.0004,-0.0001,-0.0001,STILL
-15.0258,19.4849,-2.2486,0.0005,24.7082,0.1322,0.0001,24.7714,0.0165,0.0005,0.0,-0.0004,-0.0002,-0.0001,STILL
-15.4738,19.716,-2.7426,0.0005,25.2128,0.5046,0.0,24.887,0.0383,0.0005,0.0,-0.0004,-0.0002,-0.0001,STILL
-15.4259,19.5885,-2.7785,0.0003,25.0876,0.1252,0.0001,24.9676,0.0317,0.0005,0.0,-0.0004,-0.0002,-0.0001,STILL
-15.3439,19.8364,-2.6415,0.0002,25.2169,0.1294,0.0002,25.0132,0.042,0.0004,0.0,-0.0003,-0.0002,-0.0001,STILL
-15.7907,19.4941,-2.2976,0.0001,25.1922,0.0248,0.0,25.0835,0.0374,0.0003,0.0,-0.0002,-0.0001,-0.0001,STILL
-16.0544,19.4484,-2.5912,0.0003,25.3515,0.1594,0.0001,25.2122,0.0071,0.0003,0.0,-0.0,-0.0,-0.0001,STILL
-16.1873,19.5212,-2.6698,0.0004,25.4997,0.1482,0.0001,25.2696,0.0203,0.0003,0.0,0.0001,0.0001,-0.0001,STILL
-16.3748,19.3889,-2.864,0.0003,25.5395,0.0398,0.0001,25.36,0.0201,0.0003,0.0,0.0001,0.0002,-0.0,STILL
-16.5843,19.6486,-3.0224,0.0004,25.889,0.3495,0.0001,25.4944,0.0539,0.0003,0.0,0.0001,0.0002,0.0,STILL
-16.4893,19.5501,-3.2398,0.0004,25.7798,0.1091,0.0001,25.6119,0.0381,0.0003,0.0,0.0001,0.0003,0.0,STILL
-16.7602,19.2276,-3.3294,0.0005,25.7233,0.0565,0.0001,25.6863,0.0215,0.0004,0.0,0.0001,0.0004,0.0,STILL
-16.6644,19.1977,-2.8322,0.0004,25.5788,0.1445,0.0001,25.7021,0.0166,0.0004,0.0,0.0001,0.0003,0.0,STILL
-16.9409,18.8707,-2.5158,0.0003,25.4838,0.095,0.0001,25.6909,0.0207,0.0004,0.0,0.0001,0.0003,0.0001,STILL
-16.7746,18.3247,-2.9283,0.0002,25.0151,0.4687,0.0001,25.5162,0.0737,0.0003,0.0,0.0002,0.0002,0.0,STILL
-16.4822,18.5472,-3.5364,0.0005,25.0633,0.0482,0.0003,25.3729,0.0803,0.0004,0.0,0.0002,0.0001,0.0,STILL
-16.0639,18.8128,-2.2447,0.0004,24.8396,0.2236,0.0001,25.1961,0.0813,0.0003,0.0,0.0002,-0.0001,0.0,STILL
-16.1073,19.1752,-2.2458,0.0002,25.1432,0.3035,0.0002,25.109,0.045,0.0003,0.0,0.0001,-0.0002,0.0,STILL
-16.0359,19.0339,-2.4529,0.0002,25.0091,0.134,0.0,25.0141,0.0099,0.0003,0.0,0.0001,-0.0002,0.0,STILL
-15.9818,19.2053,-2.3842,0.0002,25.0987,0.0896,0.0,25.0308,0.0111,0.0003,0.0,0.0001,-0.0003,0.0,STILL
-15.9167,18.9986,-2.3355,0.0003,24.8946,0.2041,0.0001,24.9971,0.0134,0.0003,0.0,0.0001,-0.0002,-0.0,STILL
-15.9521,18.5114,-2.5184,0.0002,24.5659,0.3287,0.0001,24.9423,0.0426,0.0002,0.0,0.0001,-0.0001,-0.0,STILL
-16.1804,18.7935,-2.5647,0.0001,24.9315,0.3656,0.0002,24.9,0.0328,0.0002,0.0,0.0001,-0.0,-0.0,STILL
-16.1569,18.6004,-2.533,0.0001,24.7676,0.1639,0.0,24.8517,0.0316,0.0002,0.0,0.0001,0.0,-0.0,STILL
-15.888,18.7491,-2.3952,0.0003,24.692,0.0757,0.0001,24.7703,0.0179,0.0002,0.0,0.0001,0.0001,-0.0001,STILL
-15.826,18.8555,-2.538,0.0002,24.7474,0.0555,0.0,24.7409,0.014,0.0002,0.0,0.0001,0.0001,-0.0001,STILL
-15.7014,18.9782,-2.5023,0.0004,24.7582,0.0108,0.0001,24.7793,0.0065,0.0002,0.0,0.0001,0.0001,-0.0,STILL
-15.7955,18.7669,-2.4237,0.0005,24.6489,0.1092,0.0001,24.7228,0.0021,0.0003,0.0,0.0002,0.0001,0.0,STILL
-16.0145,18.8041,-2.6296,0.0003,24.839,0.1901,0.0002,24.7371,0.0041,0.0003,0.0,0.0002,0.0001,0.0,STILL
-16.0054,18.7214,-2.1912,0.0007,24.7278,0.1112,0.0004,24.7443,0.0037,0.0004,0.0,0.0002,-0.0001,0.0001,STILL
-15.6793,18.9615,-2.4342,0.0009,24.7246,0.0032,0.0001,24.7397,0.0038,0.0005,0.0,0.0002,-0.0003,0.0001,STILL
-16.3091,18.9098,-2.263,0.0007,25.0737,0.3491,0.0002,24.8028,0.022,0.0006,0.0,0.0001,-0.0005,0.0001,STILL
-16.2566,18.9748,-1.8354,0.0006,25.0537,0.02,0.0001,24.8838,0.0233,0.0006,0.0,0.0,-0.0006,0.0001,STILL
-16.0459,19.5298,-1.0089,0.0007,25.2963,0.2426,0.0001,24.9752,0.0486,0.0007,0.0,-0.0,-0.0007,0.0001,STILL
-16.3024,19.3207,-1.3134,0.0007,25.3137,0.0174,0.0,25.0924,0.0455,0.0007,0.0,-0.0001,-0.0007,0.0,STILL
-16.5481,18.8128,-1.0757,0.0008,25.0783,0.2354,0.0001,25.1631,0.0135,0.0007,0.0,-0.0003,-0.0006,0.0,STILL
-16.5104,18.8909,-0.4606,0.0007,25.0932,0.0149,0.0001,25.167,0.0129,0.0007,0.0,-0.0003,-0.0006,0.0,STILL
-17.0146,19.0096,-1.8778,0.0005,25.581,0.4877,0.0003,25.2725,0.0335,0.0007,0.0,-0.0003,-0.0006,0.0,STILL
-16.546,19.167,-2.0491,0.0003,25.4037,0.1773,0.0001,25.294,0.0363,0.0006,0.0,-0.0003,-0.0005,0.0,STILL
-16.4087,18.9993,-1.9674,0.0003,25.1811,0.2225,0.0,25.2675,0.0381,0.0005,0.0,-0.0002,-0.0004,0.0001,STILL
-16.5176,19.0057,-1.8677,0.0006,25.2494,0.0683,0.0003,25.3017,0.0298,0.0005,0.0,-0.0001,-0.0004,0.0002,STILL
-16.9422,19.1577,-2.2754,0.0006,25.6755,0.4261,0.0,25.4181,0.0355,0.0005,0.0,-0.0,-0.0004,0.0002,STILL
-16.9131,19.0105,-2.1891,0.0003,25.5391,0.1364,0.0003,25.4098,0.0331,0.0004,0.0,-0.0,-0.0003,0.0002,STILL
-16.7399,18.849,-2.22,0.0004,25.3069,0.2322,0.0001,25.3904,0.0348,0.0004,0.0,-0.0,-0.0003,0.0002,STILL
-17.0107,19.1042,-1.9385,0.0005,25.6533,0.3464,0.0001,25.4848,0.031,0.0005,0.0,-0.0001,-0.0004,0.0002,STILL
-16.9023,18.6865,-2.4727,0.0003,25.3177,0.3356,0.0002,25.4985,0.0253,0.0004,0.0,-0.0001,-0.0003,0.0002,STILL
-16.4937,18.5867,-2.975,0.0001,25.0271,0.2906,0.0001,25.3688,0.0466,0.0003,0.0,-0.0,-0.0002,0.0001,STILL
-16.7543,18.4131,-2.8706,0.0003,25.0597,0.0326,0.0001,25.273,0.0507,0.0003,0.0,0.0,-0.0001,0.0001,STILL
-16.5097,18.2774,-2.9278,0.0005,24.8033,0.2564,0.0002,25.1722,0.0845,0.0003,0.0,0.0001,0.0,0.0001,STILL
-16.7171,18.4594,-3.0422,0.0006,25.0892,0.2859,0.0001,25.0594,0.0268,0.0003,0.0,0.0002,0.0002,0.0,STILL
-16.8237,18.68,-2.8525,0.0004,25.3005,0.2114,0.0002,25.056,0.0251,0.0004,0.0,0.0003,0.0002,-0.0,STILL
-16.7746,18.6909,-2.9133,0.0004,25.2829,0.0177,0.0001,25.1071,0.0326,0.0004,0.0,0.0003,0.0003,-0.0001,STILL
-16.5572,19.1058,-2.8525,0.0005,25.4423,0.1594,0.0001,25.1836,0.0488,0.0005,0.0,0.0003,0.0003,-0.0001,STILL
-16.2145,19.0753,-2.9632,0.0004,25.2103,0.232,0.0001,25.265,0.0134,0.0005,0.0,0.0003,0.0003,-0.0001,STILL
-16.1153,19.4727,-2.7143,0.0004,25.4216,0.2114,0.0001,25.3315,0.0077,0.0004,0.0,0.0002,0.0003,-0.0001,STILL
-16.1298,19.2907,-2.5152,0.0006,25.2711,0.1506,0.0001,25.3256,0.0082,0.0005,0.0,0.0002,0.0003,-0.0001,STILL
-16.5757,19.6826,-1.6184,0.0005,25.7832,0.5122,0.0,25.4257,0.0397,0.0005,0.0,0.0003,0.0003,-0.0001,STILL
-16.8168,19.4335,-1.601,0.0005,25.7494,0.0339,0.0001,25.4871,0.0568,0.0005,0.0,0.0003,0.0004,0.0,STILL
-16.8909,19.5812,-2.3995,0.0004,25.9709,0.2215,0.0001,25.6392,0.0651,0.0005,0.0,0.0002,0.0004,-0.0,STILL
-17.0659,19.4025,-1.9259,0.0003,25.9116,0.0593,0.0001,25.7372,0.0609,0.0005,0.0,0.0002,0.0004,-0.0001,STILL
-16.8465,18.8907,-2.0907,0.0003,25.3975,0.5141,0.0,25.7625,0.0399,0.0004,0.0,0.0002,0.0003,-0.0001,STILL
-16.6772,19.2407,-1.8601,0.0004,25.5302,0.1327,0.0001,25.7119,0.048,0.0004,0.0,0.0001,0.0003,-0.0001,STILL
-16.8511,19.6238,-1.8318,0.0002,25.9309,0.4006,0.0002,25.7482,0.056,0.0003,0.0,0.0001,0.0003,-0.0001,STILL
-16.659,19.8678,-1.9561,0.0003,26.0015,0.0707,0.0001,25.7543,0.0589,0.0003,0.0,0.0,0.0003,-0.0001,STILL
-16.6428,19.8661,-2.0117,0.0004,25.9941,0.0074,0.0001,25.7708,0.0652,0.0003,0.0,0.0,0.0003,-0.0,STILL
-16.3455,20.0835,-2.2438,0.0004,25.9915,0.0026,0.0,25.8896,0.0329,0.0004,0.0,0.0001,0.0003,-0.0,STILL
-16.2514,19.8449,-2.0919,0.0004,25.7353,0.2562,0.0,25.9307,0.0102,0.0003,0.0,0.0001,0.0003,-0.0,STILL
-16.3699,19.6103,-1.911,0.0003,25.6162,0.1191,0.0001,25.8677,0.026,0.0004,0.0,0.0001,0.0003,-0.0001,STILL
-16.8053,19.3383,-1.8257,0.0002,25.685,0.0688,0.0001,25.8044,0.0251,0.0003,0.0,0.0001,0.0003,-0.0001,STILL
-17.1286,19.5956,-1.8574,0.0002,26.0927,0.4077,0.0,25.8241,0.0341,0.0003,0.0,0.0001,0.0002,-0.0001,STILL
-16.8279,19.7796,-1.9859,0.0003,26.0452,0.0474,0.0001,25.8349,0.0382,0.0003,0.0,0.0001,0.0002,-0.0,STILL
-17.0936,19.8393,-2.7387,0.0003,26.3304,0.2851,0.0,25.9539,0.0711,0.0003,0.0,0.0,0.0001,0.0001,STILL
-17.1248,19.534,-2.7941,0.0002,26.1274,0.2029,0.0001,26.0561,0.0439,0.0003,0.0,-0.0,0.0001,0.0001,STILL
-16.953,19.0553,-2.7884,0.0003,25.657,0.4704,0.0001,26.0505,0.0482,0.0003,0.0,-0.0001,0.0,0.0001,STILL
-16.9187,18.7505,-3.8214,0.0005,25.5426,0.1144,0.0002,25.9405,0.0873,0.0003,0.0,-0.0002,-0.0001,0.0001,STILL
-16.8505,18.7285,-3.6196,0.0007,25.4519,0.0907,0.0002,25.8219,0.1188,0.0004,0.0,-0.0002,-0.0002,0.0001,STILL
-16.5429,18.3516,-3.2488,0.0006,24.9199,0.532,0.0001,25.5398,0.1502,0.0004,0.0,-0.0003,-0.0003,-0.0,STILL
-16.0625,18.1719,-2.3084,0.0006,24.3629,0.5571,0.0,25.1869,0.2336,0.0005,0.0,-0.0003,-0.0003,-0.0001,STILL
-15.9312,18.3156,-1.9999,0.0006,24.357,0.0058,0.0001,24.9269,0.2595,0.0006,0.0,-0.0004,-0.0004,-0.0001,STILL
-16.0325,18.4087,-1.928,0.0008,24.4875,0.1305,0.0002,24.7159,0.1778,0.0007,0.0,-0.0004,-0.0004,-0.0,STILL
-16.1447,18.2708,-0.7768,0.001,24.3942,0.0934,0.0002,24.5043,0.0454,0.0007,0.0,-0.0005,-0.0005,-0.0001,STILL
-15.8095,18.3041,-1.2496,0.0031,24.2187,0.1755,0.0022,24.3641,0.0075,0.0012,1e-06,-0.0005,-0.0005,-0.0006,STILL
-15.8383,18.3683,-0.8184,0.0025,24.2675,0.0489,0.0007,24.345,0.009,0.0016,1e-06,-0.0004,-0.0006,-0.001,STILL
-16.2706,18.3915,-1.6266,0.0018,24.6095,0.3419,0.0007,24.3955,0.0204,0.0018,1e-06,-0.0004,-0.0007,-0.0014,STILL
-16.5696,18.5288,-1.7169,0.0012,24.9162,0.3067,0.0005,24.4812,0.0656,0.0019,1e-06,-0.0003,-0.0006,-0.0016,STILL
-16.8651,18.4981,-1.9298,0.0009,25.1064,0.1902,0.0003,24.6237,0.1219,0.0019,1e-06,-0.0002,-0.0004,-0.0018,STILL
-16.5233,18.9141,-1.9626,0.0009,25.1915,0.0851,0.0,24.8182,0.1158,0.0014,0.0,-0.0001,-0.0002,-0.0014,STILL
-16.3905,19.1781,-2.2857,0.0006,25.3313,0.1398,0.0004,25.031,0.0625,0.0011,0.0,-0.0,-0.0,-0.001,STILL
-16.228,19.2425,-2.9285,0.0004,25.3417,0.0104,0.0002,25.1774,0.0248,0.0008,0.0,0.0001,0.0001,-0.0006,STILL
-16.2981,19.3971,-3.071,0.0005,25.5207,0.179,0.0001,25.2983,0.0201,0.0006,0.0,0.0002,0.0002,-0.0005,STILL
-16.1791,19.3021,-2.9911,0.0006,25.363,0.1577,0.0002,25.3496,0.011,0.0006,0.0,0.0002,0.0003,-0.0003,STILL
-15.8276,19.3635,-2.521,0.0005,25.136,0.227,0.0001,25.3385,0.015,0.0005,0.0,0.0002,0.0004,-0.0002,STILL
-15.9902,19.4377,-2.8918,0.0006,25.3352,0.1993,0.0,25.3393,0.015,0.0005,0.0,0.0002,0.0004,-0.0001,STILL
-16.2547,19.347,-2.6728,0.0007,25.41,0.0747,0.0002,25.353,0.0158,0.0006,0.0,0.0002,0.0005,-0.0,STILL
-16.0287,19.2808,-2.8039,0.0006,25.2296,0.1804,0.0001,25.2947,0.0098,0.0006,0.0,0.0002,0.0005,0.0001,STILL
-16.473,19.184,-2.7119,0.0003,25.4311,0.2015,0.0003,25.3084,0.0124,0.0005,0.0,0.0002,0.0004,0.0002,STILL
-16.0909,19.0722,-3.2414,0.0006,25.1629,0.2682,0.0003,25.3137,0.0107,0.0005,0.0,0.0002,0.0003,0.0003,STILL
-16.3196,18.8859,-2.9868,0.0008,25.1382,0.0248,0.0002,25.2743,0.0152,0.0006,0.0,0.0001,0.0002,0.0004,STILL
-15.7713,19.0681,-2.3364,0.0007,24.8553,0.2829,0.0,25.1634,0.0343,0.0006,0.0,0.0,-0.0,0.0005,STILL
-16.0764,18.8013,-2.8253,0.0006,24.8983,0.043,0.0001,25.0971,0.0431,0.0006,0.0,0.0,-0.0002,0.0005,STILL
-16.3924,18.9973,-3.5478,0.0009,25.3416,0.4433,0.0003,25.0792,0.0324,0.0007,0.0,-0.0,-0.0003,0.0006,STILL
-16.7577,18.751,-2.6726,0.0008,25.2895,0.052,0.0002,25.1046,0.0392,0.0008,0.0,-0.0001,-0.0004,0.0006,STILL
-16.3499,18.4789,-2.3412,0.0007,24.7845,0.5051,0.0001,25.0338,0.0545,0.0007,0.0,-0.0001,-0.0004,0.0006,STILL
-16.1674,18.7644,-2.7105,0.0006,24.9165,0.1321,0.0,25.0461,0.0507,0.0007,0.0,-0.0002,-0.0005,0.0005,STILL
-15.8277,18.6084,-3.0715,0.0012,24.6216,0.295,0.0006,24.9907,0.0793,0.0008,0.0,-0.0003,-0.0006,0.0006,STILL
-16.0434,19.0586,-3.8322,0.0017,25.2053,0.5837,0.0004,24.9635,0.0632,0.001,0.0,-0.0003,-0.0006,0.0007,STILL
-16.1347,18.7437,-3.2845,0.0012,24.9488,0.2564,0.0004,24.8953,0.0373,0.0011,0.0,-0.0004,-0.0006,0.0008,STILL
-16.3171,18.4325,-2.1089,0.001,24.7073,0.2415,0.0003,24.8799,0.0417,0.0011,0.0,-0.0004,-0.0005,0.0009,STILL
-16.3475,18.5397,-2.5527,0.0008,24.8491,0.1418,0.0002,24.8664,0.0414,0.0012,0.0,-0.0004,-0.0004,0.001,STILL
-16.2842,18.7537,-2.7578,0.0008,24.9896,0.1405,0.0,24.94,0.0271,0.0011,0.0,-0.0004,-0.0002,0.001,STILL
-16.5899,18.5248,-3.25,0.0007,25.079,0.0893,0.0,24.9148,0.0162,0.0009,0.0,-0.0003,-0.0,0.0008,STILL
-16.8094,18.3855,-3.4625,0.0006,25.151,0.072,0.0001,24.9552,0.0255,0.0008,0.0,-0.0001,0.0002,0.0007,STILL
-16.5194,18.7053,-3.4106,0.0004,25.1875,0.0365,0.0002,25.0512,0.0148,0.0007,0.0,-0.0001,0.0003,0.0005,STILL
-16.5218,18.6236,-2.8629,0.0006,25.06,0.1275,0.0002,25.0934,0.0049,0.0006,0.0,0.0,0.0004,0.0004,STILL
-17.2018,18.9426,-2.5872,0.0006,25.718,0.6581,0.0,25.2391,0.0595,0.0006,0.0,0.0001,0.0004,0.0003,STILL
-17.6146,18.7853,-2.6416,0.0005,25.8871,0.169,0.0001,25.4007,0.1122,0.0005,0.0,0.0001,0.0005,0.0002,STILL
-16.8791,18.8064,-3.0852,0.0005,25.4579,0.4292,0.0,25.4621,0.0966,0.0005,0.0,0.0001,0.0005,0.0001,STILL
-16.8033,18.7764,-3.2306,0.0004,25.4036,0.0543,0.0,25.5053,0.0804,0.0005,0.0,0.0001,0.0005,0.0001,STILL
-16.3645,18.7961,-3.5689,0.0004,25.1759,0.2276,0.0,25.5285,0.0619,0.0005,0.0,0.0001,0.0004,0.0001,STILL
-15.6354,18.94,-2.827,0.0004,24.7221,0.4539,0.0,25.3293,0.1451,0.0004,0.0,0.0,0.0003,0.0002,STILL
-15.3427,19.1239,-2.3553,0.0003,24.6306,0.0914,0.0001,25.078,0.1173,0.0004,0.0,-0.0,0.0003,0.0002,STILL
-15.7304,19.246,-2.1249,0.0003,24.9473,0.3167,0.0,24.9759,0.0815,0.0004,0.0,-0.0001,0.0002,0.0002,STILL
-16.2937,18.9312,-2.478,0.0003,25.1001,0.1528,0.0,24.9152,0.0443,0.0003,0.0,-0.0001,0.0001,0.0002,STILL
-16.61,18.8356,-2.7043,0.0002,25.2583,0.1582,0.0001,24.9317,0.054,0.0003,0.0,-0.0002,0.0001,0.0001,STILL
-17.0286,18.4216,-2.8791,0.0002,25.2511,0.0072,0.0,25.0375,0.0544,0.0003,0.0,-0.0002,0.0001,0.0001,STILL
-17.0354,18.2529,-2.7126,0.0004,25.1143,0.1367,0.0002,25.1342,0.0131,0.0003,0.0,-0.0001,0.0001,-0.0,STILL
-16.6377,18.0648,-2.7764,0.0003,24.7155,0.3988,0.0001,25.0879,0.039,0.0003,0.0,-0.0,0.0001,-0.0,STILL
-16.2633,18.0862,-3.6367,0.0003,24.5933,0.1222,0.0,24.9865,0.0776,0.0003,0.0,0.0,0.0002,-0.0001,STILL
-16.5981,18.244,-3.5,0.0004,24.9116,0.3183,0.0001,24.9172,0.0592,0.0003,0.0,0.0001,0.0002,-0.0001,STILL
-16.6879,18.3014,-3.4125,0.0004,25.0014,0.0898,0.0001,24.8673,0.0358,0.0004,0.0,0.0001,0.0003,-0.0001,STILL
-16.6628,18.5505,-3.2769,0.0005,25.1497,0.1483,0.0001,24.8743,0.0395,0.0004,0.0,0.0001,0.0003,-0.0001,STILL
-17.1927,18.4592,-3.0934,0.0003,25.4146,0.2648,0.0002,25.0141,0.0733,0.0004,0.0,0.0,0.0004,-0.0001,STILL
-17.8979,18.1236,-2.8028,0.0007,25.6253,0.2107,0.0004,25.2205,0.07,0.0005,0.0,-0.0,0.0004,0.0001,STILL
-17.9371,18.0864,-2.5079,0.0009,25.5958,0.0295,0.0002,25.3574,0.0603,0.0006,0.0,-0.0,0.0005,-0.0001,STILL
-17.2622,18.3128,-3.1469,0.0012,25.3623,0.2335,0.0003,25.4295,0.0298,0.0007,0.0,-0.0001,0.0005,-0.0002,STILL
-17.3785,18.2222,-3.7019,0.001,25.4512,0.0889,0.0002,25.4898,0.0106,0.0008,0.0,-0.0001,0.0005,-0.0004,STILL
-17.1903,18.709,-2.2053,0.0009,25.5028,0.0517,0.0001,25.5075,0.0092,0.001,0.0,-0.0,0.0004,-0.0006,STILL
-16.4616,18.7172,-2.2361,0.0008,25.0263,0.4765,0.0002,25.3877,0.0384,0.001,0.0,-0.0,0.0002,-0.0008,STILL
-16.9287,18.7519,-2.392,0.0013,25.3759,0.3495,0.0005,25.3437,0.0278,0.0011,0.0,-0.0,-0.0,-0.001,STILL
-15.8992,18.964,-3.3699,0.0016,24.9754,0.4004,0.0003,25.2663,0.0489,0.0011,0.0,-0.0,-0.0001,-0.0011,STILL
-16.3631,19.2556,-3.5553,0.0013,25.518,0.5425,0.0003,25.2797,0.0545,0.0012,0.0,-0.0,-0.0002,-0.0011,STILL
-16.5499,19.017,-2.588,0.0011,25.3424,0.1755,0.0002,25.2476,0.0443,0.0012,0.0,-0.0001,-0.0001,-0.0012,STILL
-15.7555,18.9917,-3.211,0.0007,24.8843,0.4581,0.0004,25.2192,0.0601,0.0012,0.0,-0.0001,-0.0001,-0.0012,STILL
-16.0888,19.3246,-3.0532,0.0007,25.33,0.4457,0.0,25.2101,0.0576,0.0011,0.0,-0.0,-0.0002,-0.0008,STILL
-16.121,19.3847,-1.8019,0.0013,25.2765,0.0536,0.0006,25.2703,0.0438,0.001,0.0,-0.0,-0.0003,-0.0002,STILL
-16.7937,18.7015,-0.9228,0.0013,25.1521,0.1244,0.0,25.1971,0.029,0.001,0.0,0.0,-0.0004,0.0002,STILL
-17.0756,18.5081,-0.6632,0.0013,25.1906,0.0385,0.0,25.1667,0.0238,0.0011,0.0,0.0,-0.0005,0.0007,STILL
-17.0167,19.5627,-1.24,0.0009,25.9578,0.7672,0.0004,25.3814,0.087,0.0011,0.0,-0.0,-0.0005,0.001,STILL
-17.2134,19.3377,-2.0357,0.0025,25.969,0.0112,0.0016,25.5092,0.1392,0.0015,0.0,-0.0001,-0.0005,0.0004,STILL
-16.8269,19.1201,-2.2786,0.0019,25.5718,0.3972,0.0006,25.5682,0.1256,0.0016,0.0,-0.0,-0.0003,-0.0003,STILL
-16.9459,18.6274,-2.5385,0.0013,25.3098,0.262,0.0006,25.5998,0.1034,0.0016,0.0,-0.0,-0.0002,-0.0008,STILL
-16.6474,18.73,-2.6027,0.0011,25.1937,0.1161,0.0002,25.6004,0.1029,0.0015,0.0,0.0001,-0.0001,-0.0012,STILL
-16.2648,19.1059,-2.9478,0.0005,25.2639,0.0703,0.0006,25.4617,0.0807,0.0015,0.0,0.0003,-0.0,-0.0014,STILL
-16.8556,18.9316,-2.952,0.0006,25.5192,0.2552,0.0001,25.3717,0.0218,0.0011,0.0,0.0003,0.0,-0.0008,STILL
-17.2376,18.8328,-2.9584,0.0008,25.7014,0.1822,0.0002,25.3976,0.0348,0.0009,0.0,0.0003,-0.0,-0.0003,STILL
-17.2213,18.9693,-3.0449,0.0006,25.8008,0.0994,0.0002,25.4958,0.0562,0.0007,0.0,0.0002,-0.0,0.0001,STILL
-17.2177,18.863,-3.2796,0.0005,25.7491,0.0517,0.0001,25.6069,0.0384,0.0006,0.0,0.0001,-0.0,0.0004,STILL
-17.171,19.0216,-2.6237,0.0006,25.7595,0.0104,0.0001,25.706,0.0097,0.0006,0.0,0.0001,0.0001,0.0006,STILL
-17.1743,19.1204,-2.2677,0.0039,25.801,0.0415,0.0033,25.7623,0.0014,0.0013,2e-06,-0.0007,0.0002,0.0005,STILL
-16.8676,18.8713,-2.4923,0.003,25.4333,0.3676,0.0009,25.7087,0.0194,0.0017,2e-06,-0.0013,0.0003,0.0004,STILL
-16.7347,19.3752,-2.6845,0.0022,25.7421,0.3087,0.0008,25.697,0.0178,0.0021,2e-06,-0.0018,0.0004,0.0004,STILL
-16.2409,19.0814,-2.8038,0.0016,25.2136,0.5284,0.0006,25.5899,0.0525,0.0023,1e-06,-0.002,0.0004,0.0004,STILL
-16.0458,18.7933,-3.0618,0.0011,24.9004,0.3132,0.0005,25.4181,0.1123,0.0024,1e-06,-0.0023,0.0004,0.0004,STILL
-16.4023,18.8627,-3.1182,0.0007,25.1905,0.2901,0.0003,25.296,0.0785,0.0017,1e-06,-0.0016,0.0003,0.0004,STILL
-16.2562,19.0089,-3.0414,0.0004,25.1963,0.0058,0.0003,25.2486,0.0744,0.0012,0.0,-0.0011,0.0003,0.0004,STILL
-16.4518,18.8978,-2.5269,0.0003,25.1828,0.0135,0.0002,25.1367,0.0141,0.0008,0.0,-0.0007,0.0002,0.0003,STILL
-16.6615,18.6307,-2.2121,0.0002,25.0919,0.0909,0.0001,25.1124,0.0127,0.0005,0.0,-0.0004,0.0002,0.0003,STILL
-16.7729,18.6952,-2.2697,0.0001,25.2189,0.127,0.0001,25.1761,0.0019,0.0004,0.0,-0.0002,0.0001,0.0002,STILL
-15.8902,18.9718,-2.2376,0.0001,24.8482,0.3707,0.0,25.1076,0.0187,0.0002,0.0,-0.0001,0.0001,0.0001,STILL
-16.2997,18.5868,-2.4526,0.0002,24.8428,0.0054,0.0001,25.0369,0.0261,0.0002,0.0,-0.0,0.0001,0.0,STILL
-16.2397,18.5319,-2.0121,0.0002,24.7227,0.1201,0.0001,24.9449,0.0332,0.0002,0.0,0.0001,0.0,-0.0,STILL
-16.148,18.8318,-1.2003,0.0003,24.8362,0.1135,0.0,24.8938,0.0286,0.0002,0.0,0.0001,-0.0,-0.0,STILL
-16.0247,18.9217,-0.4759,0.0004,24.8001,0.0361,0.0001,24.81,0.0022,0.0002,0.0,0.0001,-0.0,0.0,STILL
-16.3979,18.6311,-1.0526,0.0004,24.8418,0.0417,0.0,24.8087,0.0021,0.0003,0.0,0.0002,-0.0001,0.0,STILL
-16.4683,18.4893,-1.1889,0.0007,24.7885,0.0533,0.0003,24.7979,0.0018,0.0004,0.0,0.0002,-0.0002,0.0001,STILL
-16.8278,18.7258,-0.8168,0.0009,25.1892,0.4007,0.0003,24.8912,0.0226,0.0005,0.0,0.0002,-0.0004,0.0001,STILL
-16.6028,18.5494,-1.1503,0.0008,24.921,0.2682,0.0001,24.9081,0.0219,0.0006,0.0,0.0003,-0.0005,0.0002,STILL
-16.6604,18.1114,-0.9171,0.0006,24.6258,0.2952,0.0002,24.8733,0.0343,0.0007,0.0,0.0003,-0.0006,0.0002,STILL
-16.9846,18.8297,-0.3962,0.0008,25.3612,0.7354,0.0002,24.9772,0.0709,0.0008,0.0,0.0003,-0.0007,0.0002,STILL
-17.2158,18.9357,-1.1138,0.0006,25.6161,0.2549,0.0002,25.1427,0.1181,0.0007,0.0,0.0003,-0.0006,0.0001,STILL
-17.1101,18.711,-1.0254,0.0006,25.3754,0.2407,0.0,25.1799,0.1271,0.0007,0.0,0.0004,-0.0005,0.0001,STILL
-16.7912,18.5907,-0.8985,0.0005,25.0672,0.3081,0.0001,25.2091,0.1153,0.0006,0.0,0.0004,-0.0004,0.0,STILL
-16.8517,18.4851,-0.9782,0.0004,25.0327,0.0346,0.0001,25.2905,0.0469,0.0006,0.0,0.0004,-0.0004,-0.0001,STILL
-17.0876,18.8818,-1.1919,0.0002,25.4937,0.461,0.0002,25.317,0.0535,0.0004,0.0,0.0003,-0.0002,-0.0001,STILL
-16.7357,18.9086,-1.4285,0.0003,25.2915,0.2022,0.0001,25.2521,0.0315,0.0004,0.0,0.0003,-0.0001,-0.0001,STILL
-16.9511,19.1019,-1.3772,0.0004,25.5757,0.2842,0.0,25.2922,0.0478,0.0004,0.0,0.0003,0.0,-0.0001,STILL
-16.7202,18.9846,-1.6361,0.0005,25.3507,0.225,0.0002,25.3489,0.0351,0.0004,0.0,0.0002,0.0001,-0.0001,STILL
-16.8918,19.4002,-1.6027,0.0005,25.7734,0.4227,0.0,25.497,0.0293,0.0004,0.0,0.0003,0.0002,-0.0001,STILL
-16.7291,19.4264,-1.5977,0.0004,25.6866,0.0868,0.0001,25.5356,0.0349,0.0004,0.0,0.0003,0.0003,-0.0,STILL
-16.5926,19.6255,-1.8563,0.0004,25.7667,0.0801,0.0,25.6306,0.0247,0.0004,0.0,0.0003,0.0003,0.0,STILL
-16.9085,19.9504,-2.6819,0.0004,26.2889,0.5223,0.0,25.7733,0.0904,0.0005,0.0,0.0003,0.0003,0.0001,STILL
-16.7862,19.9322,-2.5549,0.0005,26.1839,0.1051,0.0002,25.9399,0.0606,0.0005,0.0,0.0003,0.0002,0.0001,STILL
-17.1727,19.527,-2.2533,0.0012,26.1014,0.0825,0.0007,26.0055,0.056,0.0006,0.0,0.0004,-0.0,0.0004,STILL
-17.7413,19.4372,-2.7151,0.0009,26.4562,0.3548,0.0003,26.1594,0.0526,0.0007,0.0,0.0004,-0.0002,0.0004,STILL
-17.8305,19.4467,-2.4627,0.0009,26.4984,0.0422,0.0,26.3058,0.0233,0.0008,0.0,0.0004,-0.0002,0.0005,STILL
-17.8113,19.5042,-2.1452,0.0007,26.5001,0.0018,0.0002,26.348,0.029,0.0008,0.0,0.0004,-0.0003,0.0006,STILL
-17.6334,19.169,-1.8974,0.0004,26.1149,0.3853,0.0002,26.3342,0.0343,0.0008,0.0,0.0003,-0.0004,0.0006,STILL
-17.413,19.3477,-2.6679,0.0005,26.1661,0.0512,0.0001,26.3471,0.029,0.0007,0.0,0.0002,-0.0003,0.0005,STILL
-17.4023,19.0782,-2.5843,0.0002,25.9517,0.2143,0.0003,26.2463,0.0477,0.0005,0.0,0.0001,-0.0003,0.0004,STILL
-17.7937,18.65,-1.9706,0.0003,25.8519,0.0998,0.0001,26.117,0.0494,0.0004,0.0,0.0,-0.0003,0.0003,STILL
-17.8724,18.6513,-1.0202,0.0003,25.8522,0.0003,0.0001,25.9874,0.0172,0.0004,0.0,-0.0,-0.0002,0.0002,STILL
-17.673,18.4804,-0.2287,0.0004,25.5717,0.2805,0.0001,25.8787,0.0367,0.0003,0.0,0.0,-0.0003,0.0002,STILL
-17.6071,18.3374,-1.9923,0.0005,25.4998,0.0718,0.0001,25.7455,0.0312,0.0003,0.0,0.0001,-0.0002,0.0002,STILL
-17.7763,18.8074,-2.947,0.0006,26.0462,0.5463,0.0001,25.7644,0.0404,0.0004,0.0,0.0002,-0.0003,0.0002,STILL
-17.6336,18.7147,-1.667,0.0004,25.7674,0.2787,0.0002,25.7475,0.0386,0.0004,0.0,0.0002,-0.0003,0.0001,STILL
-17.3318,19.0874,-1.5398,0.0003,25.8281,0.0607,0.0001,25.7427,0.0376,0.0004,0.0,0.0003,-0.0003,0.0001,STILL
-17.2342,18.9574,-1.5444,0.0004,25.6668,0.1613,0.0001,25.7617,0.0326,0.0004,0.0,0.0003,-0.0002,0.0001,STILL
-17.4155,18.5722,-0.7167,0.0004,25.4704,0.1965,0.0,25.7558,0.0358,0.0004,0.0,0.0003,-0.0002,0.0001,STILL
-16.798,18.4734,-1.5546,0.0004,25.0171,0.4532,0.0001,25.55,0.0857,0.0004,0.0,0.0003,-0.0002,0.0001,STILL
-16.6322,18.1849,-1.325,0.0002,24.6795,0.3376,0.0002,25.3324,0.1805,0.0003,0.0,0.0003,-0.0002,0.0001,STILL
-16.3964,18.1698,-1.2537,0.0005,24.5062,0.1733,0.0003,25.068,0.1979,0.0004,0.0,0.0003,-0.0002,0.0001,STILL
-16.6421,18.7577,-1.603,0.0002,25.1273,0.6211,0.0003,24.9601,0.1153,0.0003,0.0,0.0002,-0.0002,0.0001,STILL
-16.7543,18.9531,-1.8918,0.0001,25.3674,0.2401,0.0001,24.9395,0.0959,0.0003,0.0,0.0002,-0.0002,0.0001,STILL
-16.5534,18.9468,-2.5478,0.0001,25.2881,0.0792,0.0,24.9937,0.1161,0.0002,0.0,0.0001,-0.0001,0.0001,STILL
-16.6865,18.7637,-2.4788,0.0003,25.2321,0.056,0.0002,25.1042,0.0955,0.0002,0.0,0.0001,-0.0001,0.0001,STILL
-16.9211,19.011,-1.6643,0.0004,25.5051,0.273,0.0001,25.304,0.0162,0.0002,0.0,0.0,-0.0001,0.0002,STILL
-16.915,19.1088,-1.9627,0.0001,25.5952,0.0901,0.0003,25.3976,0.0182,0.0002,0.0,-0.0,-0.0001,0.0002,STILL
-17.2101,19.6464,-1.9639,0.0002,26.1921,0.5969,0.0001,25.5625,0.117,0.0002,0.0,-0.0,-0.0001,0.0001,STILL
-17.2681,19.2984,-2.4243,0.0001,26.0094,0.1827,0.0001,25.7068,0.1211,0.0002,0.0,0.0,-0.0,0.0001,STILL
-17.1676,19.1106,-1.6613,0.0002,25.743,0.2665,0.0001,25.809,0.0659,0.0002,0.0,0.0001,-0.0,0.0001,STILL
-16.6716,19.1885,-1.7634,0.0001,25.4803,0.2626,0.0001,25.804,0.069,0.0001,0.0,0.0001,-0.0,0.0,STILL
-16.3029,19.1851,-1.8076,0.0002,25.2413,0.2391,0.0001,25.7332,0.1186,0.0002,0.0,0.0001,-0.0,-0.0,STILL
-16.0329,19.3731,-2.2867,0.0002,25.2508,0.0095,0.0,25.545,0.0876,0.0001,0.0,0.0,-0.0,-0.0,STILL
-16.2701,19.2797,-2.7419,0.0002,25.376,0.1252,0.0,25.4183,0.0341,0.0002,0.0,0.0,0.0,-0.0,STILL
-16.6067,18.8769,-2.6247,0.0003,25.2786,0.0974,0.0001,25.3254,0.0083,0.0002,0.0,0.0,-0.0,-0.0001,STILL
-16.8572,18.8609,-3.0217,0.0003,25.4761,0.1974,0.0001,25.3246,0.008,0.0002,0.0,0.0,-0.0,-0.0002,STILL
-17.1389,18.6481,-2.958,0.0002,25.4999,0.0238,0.0001,25.3763,0.0101,0.0002,0.0,0.0001,0.0,-0.0002,STILL
-17.0893,18.5935,-2.3101,0.0001,25.3594,0.1405,0.0001,25.398,0.0065,0.0002,0.0,0.0001,-0.0,-0.0002,STILL
-17.1277,18.8029,-2.5325,0.0002,25.5601,0.2008,0.0001,25.4348,0.0103,0.0002,0.0,0.0001,0.0,-0.0001,STILL
-17.1928,18.608,-2.3885,0.0002,25.447,0.1131,0.0,25.4685,0.0044,0.0002,0.0,0.0001,0.0001,-0.0001,STILL
-17.3917,18.8864,-2.3608,0.0004,25.7825,0.3355,0.0002,25.5298,0.0203,0.0002,0.0,0.0001,0.0002,-0.0001,STILL
-17.5509,19.1716,-2.7167,0.0004,26.1336,0.351,0.0,25.6565,0.077,0.0003,0.0,0.0001,0.0002,-0.0,STILL
-17.5626,19.1873,-2.7359,0.0004,26.1549,0.0214,0.0,25.8156,0.0837,0.0003,0.0,0.0001,0.0003,-0.0,STILL
-17.7157,18.6092,-2.6012,0.0004,25.8247,0.3303,0.0001,25.8685,0.0678,0.0004,0.0,0.0001,0.0003,-0.0,STILL
-17.4569,18.2655,-2.2529,0.0005,25.3663,0.4584,0.0001,25.8524,0.0825,0.0004,0.0,0.0001,0.0004,-0.0,STILL
-17.5343,18.5061,-2.196,0.0006,25.5881,0.2218,0.0001,25.8135,0.094,0.0004,0.0,0.0002,0.0004,0.0,STILL
-17.5149,18.5612,-1.7974,0.0005,25.5836,0.0045,0.0001,25.7035,0.072,0.0005,0.0,0.0002,0.0004,0.0001,STILL
-17.5213,18.2833,-1.963,0.0004,25.3994,0.1842,0.0,25.5524,0.0269,0.0005,0.0,0.0002,0.0004,0.0001,STILL
-17.2014,18.1985,-1.1704,0.0002,25.0688,0.3306,0.0002,25.4012,0.036,0.0004,0.0,0.0001,0.0003,0.0001,STILL
-17.2799,18.4369,-1.1238,0.0004,25.2938,0.225,0.0002,25.3867,0.0378,0.0004,0.0,0.0,0.0002,0.0002,STILL
-17.0145,18.3152,-2.1147,0.0004,25.0881,0.2058,0.0,25.2867,0.0376,0.0004,0.0,-0.0001,0.0001,0.0002,STILL
-17.1335,18.3428,-2.073,0.0004,25.1855,0.0975,0.0,25.2071,0.0157,0.0004,0.0,-0.0002,-0.0001,0.0002,STILL
-17.0224,18.6492,-2.3334,0.0003,25.3575,0.1719,0.0002,25.1987,0.0127,0.0004,0.0,-0.0002,-0.0001,0.0002,STILL
-16.9711,18.8631,-2.4698,0.0003,25.4938,0.1364,0.0,25.2837,0.0195,0.0004,0.0,-0.0003,-0.0001,0.0001,STILL
-16.7675,18.853,-2.5977,0.0002,25.364,0.1298,0.0001,25.2978,0.0206,0.0003,0.0,-0.0003,-0.0001,0.0001,STILL
-16.9046,19.0074,-2.8782,0.0003,25.5994,0.2354,0.0001,25.4,0.0195,0.0003,0.0,-0.0002,0.0001,0.0001,STILL
-16.9862,19.4059,-3.1119,0.0004,25.977,0.3776,0.0001,25.5583,0.0518,0.0003,0.0,-0.0001,0.0001,0.0001,STILL
-17.0077,18.7935,-3.3427,0.0005,25.5662,0.4108,0.0002,25.6001,0.042,0.0003,0.0,-0.0,0.0003,0.0,STILL
-17.1999,18.9629,-3.321,0.0006,25.8159,0.2497,0.0001,25.6645,0.045,0.0004,0.0,0.0,0.0004,-0.0,STILL
-17.2037,19.6235,-3.8256,0.0006,26.3758,0.5599,0.0,25.8668,0.0871,0.0005,0.0,0.0001,0.0005,-0.0,STILL
-17.3379,19.5488,-3.4448,0.0006,26.3557,0.02,0.0001,26.0181,0.0977,0.0005,0.0,0.0001,0.0005,-0.0001,STILL
-17.1797,19.8546,-3.1902,0.0007,26.4486,0.0928,0.0001,26.1124,0.1256,0.0006,0.0,0.0001,0.0006,-0.0001,STILL
-17.3438,19.74,-4.1428,0.0004,26.6014,0.1528,0.0003,26.3195,0.0709,0.0006,0.0,0.0001,0.0006,-0.0,STILL
-17.6907,19.7045,-3.7736,0.0001,26.7482,0.1468,0.0003,26.5059,0.0221,0.0005,0.0,0.0001,0.0005,-0.0,STILL
-17.8463,19.5042,-3.0376,0.0004,26.6107,0.1375,0.0003,26.5529,0.0187,0.0004,0.0,0.0,0.0003,0.0,STILL
-17.2364,19.5752,-2.2989,0.0004,26.1833,0.4274,0.0001,26.5185,0.0371,0.0004,0.0,-0.0001,0.0001,0.0,STILL
-17.1204,19.3477,-3.2266,0.0004,26.0356,0.1478,0.0,26.4358,0.0759,0.0003,0.0,-0.0001,-0.0001,0.0001,STILL
-16.8932,18.8625,-2.6782,0.0008,25.4626,0.5729,0.0004,26.2081,0.208,0.0004,0.0,-0.0002,-0.0003,0.0,STILL
-16.6927,18.615,-1.7613,0.0007,25.0652,0.3974,0.0001,25.8715,0.2976,0.0005,0.0,-0.0003,-0.0004,0.0,STILL
-16.8448,18.6889,-1.609,0.0008,25.2113,0.1461,0.0001,25.5916,0.1971,0.0006,0.0,-0.0003,-0.0005,0.0,STILL
-16.9446,19.0417,-1.8466,0.0007,25.5561,0.3448,0.0002,25.4662,0.1116,0.0007,0.0,-0.0003,-0.0006,-0.0,STILL
-17.4338,18.9209,-1.8991,0.0006,25.7981,0.242,0.0001,25.4187,0.0665,0.0007,0.0,-0.0002,-0.0006,-0.0001,STILL
-17.4345,18.6117,-2.1006,0.0002,25.5885,0.2096,0.0004,25.4439,0.0713,0.0006,0.0,-0.0001,-0.0005,-0.0001,STILL
-17.7851,18.3362,-2.2555,0.0003,25.644,0.0555,0.0001,25.5596,0.0372,0.0005,0.0,0.0,-0.0004,-0.0001,STILL
-17.1718,18.394,-2.0887,0.0002,25.2502,0.3938,0.0001,25.5674,0.0321,0.0004,0.0,0.0001,-0.0002,-0.0002,STILL
-17.2218,18.0339,-2.0772,0.0003,25.0226,0.2276,0.0001,25.4607,0.08,0.0003,0.0,0.0001,-0.0001,-0.0002,STILL
-17.1306,18.1553,-2.4149,0.0002,25.078,0.0554,0.0001,25.3167,0.0658,0.0002,0.0,0.0001,0.0001,-0.0001,STILL
-17.017,18.2774,-2.3976,0.0005,25.0876,0.0096,0.0002,25.2165,0.0515,0.0003,0.0,0.0001,0.0002,-0.0002,STILL
-17.0823,18.2219,-2.2712,0.0006,25.0799,0.0077,0.0001,25.1037,0.0059,0.0004,0.0,0.0,0.0002,-0.0002,STILL
-17.1596,18.1275,-2.2451,0.0009,25.0619,0.018,0.0003,25.066,0.0005,0.0005,0.0,-0.0,0.0003,-0.0004,STILL
-16.8871,18.0176,-2.2586,0.0006,24.7974,0.2645,0.0002,25.0209,0.0126,0.0006,0.0,0.0,0.0003,-0.0004,STILL
-16.6659,17.9204,-2.1631,0.0003,24.5677,0.2297,0.0004,24.9189,0.0426,0.0006,0.0,0.0,0.0003,-0.0004,STILL
-16.4577,17.9519,-1.8617,0.0003,24.4253,0.1424,0.0001,24.7864,0.0681,0.0005,0.0,0.0,0.0002,-0.0005,STILL
-16.7537,17.9772,-2.4644,0.0003,24.6969,0.2716,0.0,24.7098,0.0466,0.0005,0.0,0.0001,0.0002,-0.0004,STILL
-16.6904,18.4786,-1.5153,0.0003,24.9465,0.2495,0.0,24.6867,0.0325,0.0004,0.0,0.0001,0.0001,-0.0003,STILL
-16.7742,18.8829,-1.9653,0.0003,25.3338,0.3873,0.0001,24.794,0.1022,0.0003,0.0,0.0001,-0.0,-0.0002,STILL
-16.7756,19.3938,-2.3504,0.0004,25.7501,0.4163,0.0001,25.0305,0.2189,0.0003,0.0,0.0001,-0.0,-0.0001,STILL
-16.9455,19.24,-2.3553,0.0004,25.7464,0.0037,0.0001,25.2947,0.1783,0.0003,0.0,0.0002,0.0,-0.0,STILL
-16.7783,19.4795,-2.7061,0.0003,25.8512,0.1048,0.0001,25.5256,0.1155,0.0003,0.0,0.0002,0.0001,0.0,STILL
-16.7101,19.4649,-2.3274,0.0003,25.759,0.0922,0.0001,25.6881,0.0329,0.0003,0.0,0.0003,0.0001,0.0001,STILL
-16.5525,18.9563,-2.3088,0.0004,25.2716,0.4874,0.0001,25.6757,0.0423,0.0004,0.0,0.0003,0.0001,0.0002,STILL
-16.8982,18.6244,-2.4158,0.0004,25.2637,0.0079,0.0001,25.5784,0.0657,0.0004,0.0,0.0003,0.0001,0.0002,STILL
-16.9436,18.6839,-2.2389,0.0002,25.3216,0.0579,0.0002,25.4934,0.066,0.0003,0.0,0.0002,0.0001,0.0001,STILL
-16.6299,18.619,-2.5286,0.0002,25.0921,0.2295,0.0,25.3416,0.0496,0.0003,0.0,0.0002,0.0001,0.0001,STILL
-16.6226,18.9421,-2.8198,0.0003,25.3587,0.2666,0.0001,25.2616,0.0084,0.0003,0.0,0.0001,0.0002,0.0001,STILL
-16.6481,18.2912,-2.7808,0.0004,24.8889,0.4698,0.0001,25.185,0.0303,0.0003,0.0,0.0,0.0002,0.0,STILL
-16.5154,18.7329,-2.5184,0.0004,25.1002,0.2113,0.0,25.1523,0.0294,0.0003,0.0,-0.0,0.0003,-0.0,STILL
-16.8779,18.8676,-2.5897,0.0002,25.4471,0.3469,0.0002,25.1774,0.0404,0.0003,0.0,-0.0001,0.0003,-0.0001,STILL
-16.9242,19.1222,-2.6936,0.0003,25.6777,0.2305,0.0001,25.2945,0.0753,0.0003,0.0,-0.0001,0.0002,-0.0,STILL
-16.9769,19.4415,-2.1018,0.0003,25.896,0.2183,0.0,25.402,0.1353,0.0003,0.0,-0.0001,0.0001,0.0,STILL
-16.8752,19.1407,-3.2189,0.0003,25.7197,0.1763,0.0,25.5682,0.0752,0.0003,0.0,-0.0001,0.0,0.0,STILL
-16.9814,19.3501,-2.9345,0.0002,25.9115,0.1918,0.0,25.7304,0.0287,0.0002,0.0,-0.0001,-0.0001,0.0001,STILL
-16.5383,19.2801,-2.7476,0.0005,25.5497,0.3619,0.0003,25.7509,0.0187,0.0003,0.0,-0.0002,-0.0002,0.0001,STILL
-16.6275,18.9584,-3.1075,0.0005,25.4077,0.1419,0.0,25.6969,0.0383,0.0004,0.0,-0.0002,-0.0002,0.0001,STILL
-16.6083,18.5355,-2.8922,0.0029,25.0552,0.3525,0.0024,25.5288,0.0845,0.0009,1e-06,-0.0003,-0.0002,0.0007,STILL
-16.5772,18.819,-3.0919,0.0021,25.2689,0.2137,0.0008,25.4386,0.0825,0.0012,1e-06,-0.0003,-0.0002,0.001,STILL
-16.5805,18.8177,-3.0641,0.0014,25.2668,0.0022,0.0007,25.3097,0.0271,0.0015,1e-06,-0.0004,-0.0001,0.0013,STILL
-16.1551,18.6729,-3.2294,0.0012,24.9017,0.3651,0.0002,25.1801,0.0321,0.0016,1e-06,-0.0004,-0.0001,0.0015,STILL
-16.2053,18.8571,-2.1367,0.0007,24.9553,0.0536,0.0005,25.0896,0.0236,0.0017,1e-06,-0.0003,-0.0001,0.0016,STILL
-16.0267,18.67,-2.7343,0.0006,24.7569,0.1984,0.0002,25.0299,0.042,0.0012,0.0,-0.0003,-0.0002,0.0011,STILL
-16.162,18.5673,-3.4687,0.0002,24.8593,0.1025,0.0004,24.948,0.0296,0.0008,0.0,-0.0002,-0.0002,0.0007,STILL
-16.0265,18.7632,-2.275,0.0002,24.7807,0.0787,0.0,24.8508,0.0055,0.0006,0.0,-0.0001,-0.0002,0.0005,STILL
-16.4806,18.6793,-2.3731,0.0004,25.0231,0.2425,0.0002,24.8751,0.0103,0.0004,0.0,-0.0001,-0.0002,0.0003,STILL
-16.9782,19.0809,-3.8641,0.0004,25.8316,0.8085,0.0001,25.0503,0.1613,0.0003,0.0,0.0,-0.0003,0.0002,STILL
-16.4982,19.0023,-4.0007,0.0004,25.481,0.3506,0.0001,25.1952,0.1602,0.0003,0.0,-0.0,-0.0002,0.0001,STILL
-16.4235,19.1081,-3.7287,0.0005,25.4706,0.0104,0.0002,25.3174,0.1379,0.0004,0.0,-0.0,-0.0004,0.0,STILL
-17.0513,19.2458,-3.9798,0.0006,26.019,0.5484,0.0001,25.5651,0.1174,0.0005,0.0,-0.0,-0.0004,-0.0,STILL
-17.5504,19.231,-2.9682,0.0005,26.2042,0.1852,0.0001,25.8013,0.0845,0.0005,0.0,-0.0,-0.0005,-0.0001,STILL
-17.681,19.0723,-2.7183,0.0003,26.1488,0.0554,0.0002,25.8647,0.1045,0.0005,0.0,-0.0,-0.0004,-0.0001,STILL
-17.5167,19.1454,-2.6059,0.0004,26.0801,0.0688,0.0002,25.9845,0.0699,0.0005,0.0,0.0,-0.0003,-0.0002,STILL
-17.3477,19.3007,-3.091,0.0003,26.1345,0.0545,0.0002,26.1173,0.004,0.0004,0.0,0.0001,-0.0002,-0.0002,STILL
-17.025,18.8812,-3.1228,0.0003,25.6145,0.52,0.0,26.0364,0.0461,0.0004,0.0,0.0001,-0.0,-0.0002,STILL
-16.6075,18.7112,-3.7482,0.0005,25.2976,0.3169,0.0002,25.8551,0.1167,0.0004,0.0,0.0001,0.0001,-0.0003,STILL
-16.4704,18.2377,-3.958,0.0006,24.8908,0.4068,0.0001,25.6035,0.2221,0.0004,0.0,0.0001,0.0002,-0.0003,STILL
-16.5419,18.237,-4.007,0.0005,24.9456,0.0547,0.0001,25.3766,0.2118,0.0004,0.0,0.0001,0.0003,-0.0003,STILL
-16.6398,18.3021,-3.9493,0.0004,25.0489,0.1034,0.0,25.1595,0.0713,0.0004,0.0,0.0001,0.0003,-0.0003,STILL
-16.9806,18.3854,-3.7813,0.0006,25.3113,0.2624,0.0001,25.0988,0.0308,0.0005,0.0,0.0002,0.0003,-0.0004,STILL
-17.1532,18.3865,-3.172,0.0006,25.3448,0.0334,0.0001,25.1083,0.0349,0.0005,0.0,0.0001,0.0003,-0.0004,STILL
-17.2851,18.1998,-3.1563,0.0005,25.2976,0.0471,0.0001,25.1896,0.026,0.0005,0.0,0.0002,0.0003,-0.0004,STILL
-16.9937,18.4473,-3.4094,0.0002,25.3123,0.0147,0.0003,25.263,0.0117,0.0005,0.0,0.0002,0.0002,-0.0004,STILL
-17.12,18.1923,-3.0307,0.0003,25.1642,0.1482,0.0001,25.286,0.004,0.0005,0.0,0.0001,0.0001,-0.0003,STILL
-17.2491,18.3819,-2.8058,0.0005,25.3633,0.1992,0.0001,25.2964,0.0049,0.0005,0.0,0.0,0.0,-0.0003,STILL
-16.8149,18.5774,-3.0509,0.0003,25.2422,0.1211,0.0002,25.2759,0.0046,0.0004,0.0,0.0,-0.0001,-0.0003,STILL
-16.7363,18.5838,-2.797,0.0001,25.1651,0.0771,0.0002,25.2494,0.0063,0.0003,0.0,-0.0,-0.0002,-0.0002,STILL
-17.1484,18.3545,-2.9032,0.0001,25.2861,0.1209,0.0,25.2442,0.0057,0.0003,0.0,-0.0,-0.0001,-0.0002,STILL
-17.1531,18.318,-3.4163,0.0004,25.3269,0.0408,0.0003,25.2767,0.0047,0.0003,0.0,-0.0,-0.0002,-0.0002,STILL
-16.8756,18.6169,-3.3174,0.0004,25.3452,0.0184,0.0,25.2731,0.0042,0.0003,0.0,-0.0,-0.0002,-0.0001,STILL
-16.5817,18.6717,-1.8133,0.0003,25.0374,0.3078,0.0001,25.2321,0.0134,0.0003,0.0,-0.0001,-0.0002,-0.0001,STILL
-16.5248,18.8779,-1.5975,0.0003,25.1395,0.1021,0.0,25.227,0.0142,0.0003,0.0,-0.0001,-0.0002,-0.0001,STILL
-16.5011,19.1492,-1.5499,0.0003,25.3255,0.1859,0.0,25.2349,0.0154,0.0004,0.0,-0.0001,-0.0003,-0.0,STILL
-16.6727,19.2881,-1.6337,0.0001,25.5476,0.2221,0.0002,25.2791,0.0313,0.0003,0.0,-0.0,-0.0002,0.0,STILL
-16.5069,19.0836,-1.9007,0.0002,25.3037,0.2439,0.0001,25.2708,0.0305,0.0002,0.0,0.0,-0.0001,0.0001,STILL
-15.8774,18.4294,-2.7112,0.0002,24.4762,0.8275,0.0,25.1585,0.1332,0.0002,0.0,0.0001,-0.0001,0.0001,STILL
-16.0582,18.406,-3.1564,0.0004,24.6295,0.1532,0.0002,25.0565,0.1787,0.0002,0.0,0.0001,0.0,0.0001,STILL
-15.9747,18.8311,-3.5189,0.0006,24.9436,0.3141,0.0002,24.9801,0.161,0.0003,0.0,0.0002,0.0001,-0.0,STILL
-16.3204,19.043,-3.2932,0.0005,25.295,0.3514,0.0001,24.9296,0.1138,0.0004,0.0,0.0003,0.0001,-0.0001,STILL
-16.1907,18.8031,-3.144,0.0004,25.0116,0.2834,0.0001,24.8712,0.0838,0.0004,0.0,0.0003,0.0001,-0.0002,STILL
-16.315,18.6988,-3.4371,0.0002,25.0527,0.0411,0.0001,24.9865,0.0459,0.0004,0.0,0.0003,0.0001,-0.0002,STILL
-16.2645,18.8903,-3.0965,0.0004,25.119,0.0663,0.0001,25.0844,0.0143,0.0004,0.0,0.0002,0.0002,-0.0002,STILL
-16.5491,18.6935,-3.1585,0.0005,25.1653,0.0463,0.0001,25.1287,0.0097,0.0004,0.0,0.0002,0.0002,-0.0002,STILL
-16.2924,18.8673,-2.9174,0.0004,25.0984,0.067,0.0001,25.0894,0.0028,0.0004,0.0,0.0002,0.0003,-0.0001,STILL
-16.4933,18.9969,-2.7808,0.0004,25.311,0.2126,0.0,25.1493,0.0078,0.0004,0.0,0.0001,0.0003,-0.0001,STILL
-16.5884,18.8757,-2.7965,0.0002,25.2841,0.0269,0.0001,25.1956,0.0075,0.0004,0.0,0.0001,0.0003,-0.0001,STILL
-16.6176,18.6974,-3.2216,0.0003,25.2213,0.0628,0.0001,25.216,0.006,0.0003,0.0,0.0001,0.0003,-0.0002,STILL
-16.741,18.1548,-2.5023,0.0001,24.8217,0.3996,0.0002,25.1473,0.0319,0.0003,0.0,0.0001,0.0002,-0.0001,STILL
-17.1396,17.9363,-2.3581,0.0003,24.9207,0.099,0.0002,25.1118,0.0404,0.0003,0.0,0.0001,0.0001,-0.0001,STILL
-16.868,18.3741,-2.6052,0.0004,25.0783,0.1576,0.0,25.0652,0.0305,0.0003,0.0,0.0001,-0.0001,-0.0001,STILL
-16.8381,18.2868,-2.6123,0.0004,24.995,0.0833,0.0001,25.0074,0.0186,0.0003,0.0,0.0001,-0.0002,-0.0001,STILL
-16.9955,18.0607,-2.7273,0.0003,24.9494,0.0456,0.0002,24.953,0.0072,0.0003,0.0,0.0001,-0.0002,-0.0001,STILL
-17.2026,18.2423,-2.1662,0.0004,25.1675,0.2181,0.0002,25.0222,0.0081,0.0004,0.0,0.0,-0.0003,-0.0001,STILL
-17.1215,18.3469,-2.7299,0.0005,25.243,0.0755,0.0,25.0867,0.0117,0.0004,0.0,-0.0,-0.0003,-0.0001,STILL
-17.5941,18.5088,-2.9245,0.0007,25.7037,0.4607,0.0002,25.2117,0.0721,0.0005,0.0,-0.0001,-0.0004,-0.0001,STILL
-17.3065,18.7727,-2.7834,0.0007,25.6841,0.0196,0.0,25.3496,0.0884,0.0005,0.0,-0.0002,-0.0004,-0.0001,STILL
-17.2515,19.0213,-3.4736,0.0005,25.9131,0.2289,0.0001,25.5423,0.0827,0.0006,0.0,-0.0002,-0.0005,-0.0001,STILL
-17.7918,19.3733,-2.8257,0.0006,26.4548,0.5417,0.0001,25.7997,0.1549,0.0006,0.0,-0.0002,-0.0006,-0.0001,STILL
-17.4491,19.1111,-1.7231,0.0007,25.9359,0.5188,0.0001,25.9383,0.0774,0.0007,0.0,-0.0002,-0.0006,-0.0001,STILL
-17.3092,19.5608,-1.791,0.0005,26.1809,0.245,0.0003,26.0338,0.0691,0.0006,0.0,-0.0002,-0.0006,-0.0001,STILL
-17.3161,19.2142,-2.5578,0.0002,25.9919,0.189,0.0003,26.0953,0.0412,0.0005,0.0,-0.0001,-0.0005,-0.0001,STILL
-17.3185,19.262,-2.1618,0.0002,25.9929,0.001,0.0,26.1113,0.0364,0.0004,0.0,-0.0001,-0.0004,-0.0001,STILL
-17.2173,18.6252,-2.2795,0.0002,25.4663,0.5266,0.0,25.9136,0.0569,0.0004,0.0,-0.0001,-0.0002,-0.0001,STILL
-16.8801,18.7096,-2.4423,0.0004,25.317,0.1493,0.0002,25.7898,0.1127,0.0003,0.0,-0.0001,-0.0001,-0.0001,STILL
-16.8603,18.802,-2.4851,0.0003,25.3764,0.0594,0.0001,25.6289,0.0903,0.0002,0.0,-0.0001,0.0001,-0.0001,STILL
-16.5664,18.3385,-2.5756,0.0003,24.8471,0.5293,0.0,25.4,0.1338,0.0002,0.0,-0.0001,0.0001,-0.0,STILL
-16.5781,18.3114,-2.5042,0.0005,24.8277,0.0195,0.0002,25.1669,0.0747,0.0003,0.0,-0.0001,0.0002,-0.0,STILL
-16.3969,18.2523,-2.2096,0.0006,24.635,0.1926,0.0001,25.0007,0.0857,0.0004,0.0,-0.0001,0.0003,-0.0,STILL
-17.03,17.5956,-2.4833,0.0007,24.6128,0.0222,0.0001,24.8598,0.0759,0.0005,0.0,-0.0,0.0004,-0.0,STILL
-16.8146,17.8046,-2.5335,0.0008,24.6202,0.0073,0.0001,24.7086,0.0112,0.0006,0.0,0.0001,0.0005,-0.0001,STILL
-16.8454,18.1249,-1.7831,0.0006,24.8085,0.1883,0.0002,24.7008,0.0093,0.0006,0.0,0.0001,0.0006,-0.0001,STILL
-17.0326,18.2249,-1.8015,0.0003,25.0101,0.2016,0.0003,24.7373,0.0238,0.0006,0.0,0.0001,0.0006,-0.0,STILL
-16.5886,18.3581,-1.5255,0.0002,24.7897,0.2204,0.0001,24.7682,0.0213,0.0005,0.0,0.0,0.0005,-0.0,STILL
-16.6896,18.149,-0.9767,0.0002,24.6755,0.1141,0.0001,24.7808,0.0181,0.0004,0.0,-0.0,0.0004,-0.0,STILL
-16.6079,17.9567,-0.8751,0.0001,24.4751,0.2004,0.0001,24.7518,0.0307,0.0003,0.0,-0.0001,0.0002,0.0,STILL
-16.7145,18.131,-0.5407,0.0002,24.6657,0.1906,0.0001,24.7232,0.0308,0.0002,0.0,-0.0,0.0001,0.0,STILL
-17.131,17.911,-0.7451,0.0002,24.7958,0.13,0.0001,24.6804,0.0135,0.0002,0.0,-0.0001,0.0001,0.0,STILL
-16.7673,17.7726,-1.4179,0.0003,24.4748,0.321,0.0001,24.6174,0.0156,0.0002,0.0,-0.0001,0.0001,-0.0,STILL
-17.0138,18.0462,-1.1562,0.0004,24.8288,0.354,0.0,24.648,0.0229,0.0002,0.0,-0.0002,-0.0,0.0,STILL
-16.8392,18.1651,-0.8093,0.0004,24.7827,0.0461,0.0001,24.7096,0.0168,0.0003,0.0,-0.0002,0.0,0.0001,STILL
-16.9213,18.1321,-1.0631,0.0003,24.824,0.0413,0.0001,24.7412,0.018,0.0003,0.0,-0.0003,-0.0,0.0001,STILL
-16.8214,18.0713,-1.8224,0.0004,24.7559,0.0682,0.0001,24.7333,0.0174,0.0004,0.0,-0.0003,-0.0,0.0001,STILL
-16.7634,17.5508,-1.8641,0.0004,24.3417,0.4142,0.0,24.7066,0.034,0.0004,0.0,-0.0003,-0.0001,0.0002,STILL
-16.3857,17.5844,-2.0069,0.0003,24.1191,0.2226,0.0001,24.5647,0.0799,0.0004,0.0,-0.0003,0.0,0.0002,STILL
-16.3305,17.9362,-2.2118,0.0002,24.3574,0.2384,0.0,24.4796,0.0718,0.0003,0.0,-0.0002,0.0,0.0001,STILL
-16.23,17.9709,-2.1882,0.0002,24.3136,0.0438,0.0001,24.3775,0.0431,0.0003,0.0,-0.0002,0.0001,0.0001,STILL
-16.5871,18.5548,-2.2974,0.0001,24.9938,0.6802,0.0,24.4251,0.0882,0.0002,0.0,-0.0001,0.0001,0.0001,STILL
-16.5134,18.9626,-2.3848,0.0003,25.2579,0.2641,0.0001,24.6084,0.1919,0.0002,0.0,0.0,0.0001,0.0,STILL
-16.8858,19.0107,-2.2891,0.0003,25.5299,0.272,0.0,24.8905,0.2343,0.0002,0.0,0.0001,0.0002,-0.0,STILL
-16.7649,19.0773,-2.4469,0.0004,25.5145,0.0154,0.0001,25.122,0.2018,0.0002,0.0,0.0001,0.0002,-0.0001,STILL
-17.4431,19.3806,-2.1763,0.0005,26.165,0.6505,0.0001,25.4922,0.1516,0.0003,0.0,0.0002,0.0002,-0.0001,STILL
-17.2545,19.5545,-2.3316,0.0005,26.1827,0.0177,0.0001,25.73,0.1407,0.0004,0.0,0.0002,0.0002,-0.0002,STILL
-17.2817,19.4217,-2.2153,0.0004,26.0915,0.0911,0.0,25.8967,0.0945,0.0004,0.0,0.0002,0.0003,-0.0002,STILL
-17.166,18.8624,-2.0066,0.0006,25.583,0.5086,0.0002,25.9073,0.0871,0.0005,0.0,0.0003,0.0003,-0.0002,STILL
-17.0984,18.4586,-3.4084,0.0006,25.3909,0.1921,0.0001,25.8826,0.109,0.0005,0.0,0.0004,0.0003,-0.0002,STILL
-16.8412,17.92,-2.2892,0.0004,24.6981,0.6928,0.0002,25.5892,0.2876,0.0005,0.0,0.0004,0.0002,-0.0001,STILL
-16.4605,18.0392,-1.9845,0.0004,24.501,0.1971,0.0,25.2529,0.3409,0.0005,0.0,0.0004,0.0,-0.0001,STILL
-15.7246,18.122,-2.2126,0.0012,24.0949,0.406,0.0008,24.8536,0.3089,0.0006,0.0,0.0004,-0.0001,0.0002,STILL
-15.8641,17.5694,-2.567,0.0012,23.8106,0.2843,0.0,24.4991,0.2944,0.0008,0.0,0.0003,-0.0003,0.0004,STILL
-15.7944,18.118,-3.8442,0.001,24.3414,0.5308,0.0002,24.2892,0.0963,0.0009,0.0,0.0002,-0.0004,0.0006,STILL
-15.8668,18.1757,-3.816,0.0013,24.4269,0.0854,0.0003,24.235,0.0637,0.001,0.0,0.0002,-0.0004,0.0009,STILL
-16.3309,18.4437,-3.6747,0.0011,24.9073,0.4804,0.0002,24.3162,0.1334,0.0012,0.0,0.0001,-0.0005,0.0011,STILL
-17.0304,18.9081,-3.2835,0.0009,25.6579,0.7507,0.0002,24.6288,0.3859,0.0011,0.0,0.0001,-0.0005,0.001,STILL
-16.9368,18.9577,-3.1268,0.0009,25.613,0.0449,0.0,24.9893,0.3158,0.0011,0.0,0.0001,-0.0005,0.0009,STILL
-16.8463,19.1037,-2.8983,0.0005,25.6349,0.0219,0.0004,25.248,0.2483,0.001,0.0,0.0,-0.0005,0.0008,STILL
-16.8364,19.1267,-2.178,0.0004,25.5742,0.0607,0.0002,25.4775,0.082,0.0008,0.0,0.0,-0.0004,0.0006,STILL
-16.4066,18.9857,-2.508,0.0002,25.2176,0.3566,0.0002,25.5395,0.0267,0.0006,0.0,-0.0,-0.0003,0.0005,STILL
-16.0972,19.048,-3.0221,0.0003,25.1212,0.0963,0.0001,25.4322,0.0473,0.0005,0.0,-0.0001,-0.0003,0.0003,STILL
-16.7027,18.8384,-2.9583,0.0001,25.3499,0.2287,0.0001,25.3796,0.0394,0.0003,0.0,-0.0001,-0.0001,0.0001,STILL
-16.781,19.2551,-2.8447,0.0003,25.6992,0.3493,0.0002,25.3924,0.0466,0.0003,0.0,-0.0,0.0,0.0,STILL
-16.6435,19.2728,-2.5539,0.0004,25.5924,0.1068,0.0001,25.3961,0.048,0.0003,0.0,0.0,0.0001,-0.0001,STILL
-16.5961,19.0901,-2.4181,0.0006,25.4108,0.1816,0.0002,25.4347,0.0402,0.0003,0.0,0.0001,0.0002,-0.0001,STILL
-16.4831,19.069,-2.1033,0.0006,25.2931,0.1177,0.0,25.4691,0.0233,0.0004,0.0,0.0001,0.0003,-0.0002,STILL
-16.6334,18.9208,-2.6545,0.0005,25.332,0.0389,0.0002,25.4655,0.0243,0.0005,0.0,0.0001,0.0004,-0.0003,STILL
-16.6504,19.0679,-2.7486,0.0005,25.4632,0.1312,0.0,25.4183,0.0111,0.0005,0.0,0.0001,0.0004,-0.0003,STILL
-16.2016,19.0168,-2.6301,0.0005,25.1207,0.3426,0.0,25.324,0.0139,0.0005,0.0,0.0001,0.0004,-0.0004,STILL
-16.1988,18.8853,-2.4041,0.0007,24.9967,0.124,0.0002,25.2412,0.0269,0.0006,0.0,0.0001,0.0004,-0.0004,STILL
-16.5778,19.2583,-2.3077,0.0006,25.5153,0.5185,0.0001,25.2856,0.0394,0.0006,0.0,0.0001,0.0004,-0.0004,STILL
-16.0966,19.4222,-2.3399,0.0004,25.3337,0.1815,0.0002,25.2859,0.0395,0.0006,0.0,0.0001,0.0004,-0.0003,STILL
-15.9523,19.3409,-2.8875,0.0003,25.2366,0.0972,0.0001,25.2406,0.0316,0.0005,0.0,0.0001,0.0003,-0.0003,STILL
-15.7118,19.1509,-2.9506,0.0004,24.9464,0.2902,0.0001,25.2057,0.0448,0.0005,0.0,0.0,0.0002,-0.0003,STILL
-16.2882,18.9144,-3.9855,0.0003,25.2774,0.331,0.0001,25.2619,0.034,0.0004,0.0,-0.0,0.0001,-0.0003,STILL
-16.1462,18.794,-3.7478,0.0002,25.0592,0.2182,0.0001,25.1706,0.021,0.0003,0.0,-0.0001,0.0,-0.0002,STILL
-16.4826,18.7696,-3.3076,0.0003,25.1975,0.1383,0.0,25.1434,0.0151,0.0003,0.0,-0.0001,-0.0,-0.0002,STILL
-16.7892,18.9344,-2.6367,0.0004,25.4429,0.2454,0.0002,25.1847,0.0296,0.0003,0.0,-0.0,0.0,-0.0002,STILL
-16.847,19.0601,-2.45,0.0004,25.556,0.1131,0.0,25.3066,0.031,0.0003,0.0,0.0,0.0002,-0.0002,STILL
-16.7276,18.6137,-2.3819,0.0004,25.1387,0.4173,0.0001,25.2789,0.0357,0.0003,0.0,0.0001,0.0002,-0.0001,STILL
-17.0258,19.0316,-2.5305,0.0004,25.6609,0.5222,0.0,25.3992,0.0407,0.0004,0.0,0.0002,0.0003,-0.0002,STILL
-16.9988,18.594,-2.39,0.0004,25.3063,0.3546,0.0001,25.421,0.0338,0.0004,0.0,0.0002,0.0003,-0.0002,STILL
-16.5615,18.7346,-2.5745,0.0009,25.1376,0.1687,0.0005,25.3599,0.0461,0.0005,0.0,0.0002,0.0003,-0.0003,STILL
-15.9617,17.8127,-2.7284,0.0009,24.073,1.0645,0.0001,25.0633,0.2816,0.0006,0.0,0.0001,0.0003,-0.0005,STILL
-16.035,17.872,-2.8264,0.0033,24.1768,0.1038,0.0023,24.8709,0.4006,0.0012,1e-06,0.0001,0.0002,-0.0011,STILL
-15.7655,17.8101,-3.0393,0.0026,23.9789,0.1979,0.0007,24.5345,0.3218,0.0016,1e-06,0.0001,0.0002,-0.0015,STILL
-15.9249,17.8856,-3.0345,0.0019,24.1393,0.1604,0.0006,24.3011,0.1794,0.0019,1e-06,0.0001,0.0002,-0.0019,STILL
-16.0274,17.4991,-3.062,0.0014,23.9264,0.2129,0.0005,24.0589,0.0089,0.002,1e-06,0.0001,0.0001,-0.002,STILL
-16.3469,18.1055,-2.5184,0.0011,24.5229,0.5965,0.0003,24.1489,0.0438,0.002,1e-06,0.0001,0.0001,-0.002,STILL
-16.4526,18.6282,-2.3366,0.0011,24.9631,0.4401,0.0001,24.3061,0.1515,0.0016,0.0,0.0001,-0.0001,-0.0016,STILL
-16.7589,18.865,-2.9505,0.0009,25.4058,0.4428,0.0003,24.5915,0.2906,0.0013,0.0,0.0,-0.0002,-0.0012,STILL
-16.5165,18.6858,-2.2385,0.0007,25.0393,0.3666,0.0001,24.7715,0.2574,0.001,0.0,-0.0001,-0.0004,-0.0009,STILL
-16.8101,18.6299,-2.5814,0.0005,25.2253,0.186,0.0003,25.0313,0.0882,0.0009,0.0,-0.0002,-0.0004,-0.0006,STILL
-16.3106,18.9476,-4.2589,0.0004,25.3611,0.1358,0.0001,25.1989,0.0302,0.0007,0.0,-0.0003,-0.0004,-0.0004,STILL
-16.2391,19.4394,-4.104,0.0003,25.6601,0.299,0.0001,25.3383,0.0422,0.0006,0.0,-0.0003,-0.0003,-0.0001,STILL
-16.3069,19.5452,-3.9238,0.0004,25.7551,0.0951,0.0,25.4082,0.0711,0.0005,0.0,-0.0003,-0.0002,0.0,STILL
-16.1736,19.3487,-3.9828,0.0003,25.5308,0.2244,0.0,25.5065,0.0372,0.0004,0.0,-0.0003,-0.0,0.0001,STILL
-15.9608,19.4915,-3.58,0.0003,25.4456,0.0852,0.0,25.5506,0.0202,0.0004,0.0,-0.0002,0.0001,0.0002,STILL
-16.0593,19.8244,-3.3796,0.0003,25.7358,0.2901,0.0,25.6255,0.0143,0.0003,0.0,-0.0002,0.0001,0.0002,STILL
-15.9693,20.1658,-3.2318,0.0003,25.9253,0.1896,0.0,25.6785,0.0292,0.0003,0.0,-0.0001,0.0002,0.0002,STILL
-16.541,19.6076,-2.9105,0.0003,25.8174,0.1079,0.0,25.691,0.0317,0.0003,0.0,-0.0001,0.0002,0.0002,STILL
-16.7047,19.0267,-3.1034,0.0004,25.5087,0.3086,0.0,25.6866,0.0332,0.0003,0.0,-0.0001,0.0002,0.0002,STILL
-16.4075,19.6183,-2.9327,0.0005,25.7426,0.2339,0.0001,25.746,0.0187,0.0004,0.0,0.0,0.0002,0.0002,STILL
-16.4791,19.2102,-3.018,0.0004,25.4893,0.2534,0.0001,25.6967,0.0295,0.0004,0.0,0.0,0.0002,0.0003,STILL
-16.6521,19.1088,-2.8113,0.0004,25.5018,0.0125,0.0,25.612,0.0194,0.0004,0.0,0.0001,0.0002,0.0003,STILL
-17.106,19.0714,-3.1115,0.0003,25.8073,0.3055,0.0001,25.6099,0.0186,0.0004,0.0,0.0001,0.0001,0.0003,STILL
-17.0192,18.5821,-2.608,0.0001,25.3328,0.4745,0.0002,25.5748,0.0307,0.0004,0.0,0.0002,0.0001,0.0003,STILL
-16.8716,18.7438,-3.1208,0.0003,25.4111,0.0783,0.0001,25.5084,0.026,0.0003,0.0,0.0001,0.0001,0.0003,STILL
-16.5848,18.8951,-3.2247,0.0004,25.3471,0.0639,0.0001,25.48,0.0303,0.0003,0.0,0.0001,-0.0,0.0002,STILL
-16.5553,18.8723,-3.5829,0.0003,25.359,0.0119,0.0001,25.4515,0.0324,0.0003,0.0,0.0,-0.0,0.0002,STILL
-16.7568,18.9228,-3.8445,0.0002,25.5664,0.2074,0.0001,25.4033,0.0074,0.0003,0.0,0.0,-0.0,0.0002,STILL
-16.9679,19.0883,-3.1256,0.0001,25.7302,0.1637,0.0001,25.4828,0.0214,0.0002,0.0,0.0,-0.0001,0.0002,STILL
-16.89,19.1519,-3.8692,0.0003,25.827,0.0969,0.0002,25.566,0.0372,0.0002,0.0,0.0,-0.0001,0.0002,STILL
-16.7401,19.2652,-3.6516,0.0003,25.7821,0.045,0.0001,25.6529,0.0294,0.0002,0.0,0.0,-0.0001,0.0001,STILL
-16.4921,18.8059,-3.69,0.0006,25.2838,0.4983,0.0003,25.6379,0.0391,0.0003,0.0,-0.0,-0.0002,0.0001,STILL
-16.178,19.0854,-3.477,0.0004,25.2601,0.0237,0.0001,25.5766,0.0629,0.0003,0.0,-0.0001,-0.0003,0.0,STILL
-16.2174,18.8808,-2.8379,0.0004,25.0508,0.2092,0.0,25.4407,0.095,0.0004,0.0,-0.0001,-0.0003,0.0,STILL
-16.4833,18.8265,-2.6891,0.0005,25.1668,0.116,0.0001,25.3087,0.0627,0.0004,0.0,-0.0002,-0.0004,0.0001,STILL
-16.4335,19.0175,-3.4825,0.0004,25.3743,0.2074,0.0002,25.2271,0.0121,0.0005,0.0,-0.0002,-0.0004,0.0001,STILL
-16.5156,19.089,-3.4485,0.0001,25.4764,0.1021,0.0002,25.2657,0.0224,0.0004,0.0,-0.0002,-0.0003,0.0001,STILL
-16.3625,19.1212,-3.4932,0.0001,25.4077,0.0687,0.0,25.2952,0.0256,0.0003,0.0,-0.0001,-0.0002,0.0001,STILL
-16.2931,19.2126,-3.5383,0.0004,25.4383,0.0306,0.0003,25.3727,0.0117,0.0003,0.0,-0.0001,-0.0002,0.0002,STILL
-16.6313,19.2263,-3.0931,0.0005,25.609,0.1707,0.0001,25.4611,0.0066,0.0003,0.0,-0.0,-0.0001,0.0002,STILL
-16.7207,19.3029,-3.2308,0.0005,25.7415,0.1325,0.0001,25.5346,0.0154,0.0003,0.0,0.0,-0.0001,0.0003,STILL
-16.9828,19.5517,-2.7002,0.0004,26.038,0.2965,0.0,25.6469,0.0528,0.0004,0.0,0.0,-0.0,0.0004,STILL
-17.1394,19.382,-2.6914,0.0007,26.0128,0.0252,0.0002,25.7679,0.0535,0.0005,0.0,0.0001,0.0001,0.0005,STILL
-16.7584,19.3837,-2.7125,0.0006,25.7668,0.2459,0.0001,25.8336,0.0275,0.0005,0.0,0.0001,0.0001,0.0005,STILL
-16.4348,19.6601,-2.6825,0.0006,25.7647,0.0021,0.0,25.8647,0.0173,0.0006,0.0,0.0002,0.0002,0.0005,STILL
-16.5166,19.5687,-2.3804,0.0005,25.7177,0.047,0.0001,25.86,0.0186,0.0006,0.0,0.0002,0.0003,0.0005,STILL
-16.3852,18.8862,-1.2293,0.0004,25.0335,0.6842,0.0001,25.6591,0.1085,0.0006,0.0,0.0001,0.0003,0.0005,STILL
-16.5863,18.5152,-2.1616,0.0004,24.9517,0.0817,0.0,25.4469,0.1386,0.0005,0.0,0.0,0.0002,0.0004,STILL
-16.5378,18.8966,-2.6418,0.0005,25.2499,0.2981,0.0001,25.3435,0.1152,0.0005,0.0,-0.0,0.0001,0.0004,STILL
-16.549,18.6079,-3.0415,0.0006,25.0873,0.1626,0.0001,25.208,0.0744,0.0005,0.0,-0.0001,-0.0001,0.0004,STILL
-16.1985,18.9613,-2.2676,0.0005,25.0413,0.046,0.0001,25.0727,0.0098,0.0005,0.0,-0.0001,-0.0003,0.0003,STILL
-15.9463,19.0878,-2.3328,0.0003,24.9814,0.0599,0.0001,25.0623,0.011,0.0005,0.0,-0.0001,-0.0003,0.0003,STILL
-15.6758,19.0171,-2.4069,0.0005,24.7624,0.2191,0.0002,25.0244,0.0251,0.0005,0.0,-0.0002,-0.0003,0.0003,STILL
-15.6125,18.8168,-2.3318,0.0003,24.5614,0.201,0.0002,24.8867,0.0389,0.0004,0.0,-0.0002,-0.0002,0.0002,STILL
-16.0838,18.9284,-1.3123,0.0003,24.8736,0.3122,0.0,24.844,0.029,0.0004,0.0,-0.0003,-0.0001,0.0002,STILL
-16.0326,18.8709,-1.0905,0.0003,24.786,0.0876,0.0,24.7929,0.0193,0.0004,0.0,-0.0003,-0.0001,0.0001,STILL
-16.2667,18.9967,-0.9692,0.0004,25.0284,0.2424,0.0001,24.8023,0.0232,0.0004,0.0,-0.0003,-0.0002,0.0001,STILL
-16.3228,18.9755,-0.8723,0.0004,25.0452,0.0168,0.0,24.8589,0.0315,0.0004,0.0,-0.0002,-0.0002,0.0001,STILL
-16.0176,18.9991,-1.0822,0.0002,24.8737,0.1715,0.0002,24.9214,0.0099,0.0003,0.0,-0.0002,-0.0002,0.0002,STILL
-15.9609,18.4368,-1.2657,0.0003,24.4186,0.4551,0.0001,24.8304,0.0517,0.0003,0.0,-0.0001,-0.0002,0.0002,STILL
-16.1313,18.7213,-1.7813,0.0003,24.7766,0.3579,0.0,24.8285,0.0519,0.0003,0.0,-0.0,-0.0001,0.0002,STILL
-16.5956,18.4677,-1.5126,0.0003,24.8749,0.0983,0.0,24.7978,0.0434,0.0003,0.0,0.0,-0.0001,0.0002,STILL
-16.539,18.5523,-1.5101,0.0003,24.8999,0.0251,0.0,24.7687,0.0324,0.0003,0.0,0.0001,0.0,0.0002,STILL
-16.5218,19.2918,-1.5049,0.0005,25.4443,0.5443,0.0002,24.8828,0.1085,0.0003,0.0,0.0002,0.0001,0.0002,STILL
-16.6893,18.6928,-1.6539,0.0004,25.1136,0.3307,0.0001,25.0218,0.0567,0.0003,0.0,0.0002,0.0002,0.0002,STILL
-16.9733,18.623,-1.5982,0.0003,25.2481,0.1345,0.0,25.1161,0.046,0.0003,0.0,0.0002,0.0002,0.0002,STILL
-16.6881,18.5328,-1.9098,0.0005,25.012,0.236,0.0001,25.1436,0.0358,0.0004,0.0,0.0001,0.0003,0.0001,STILL
-16.8942,18.7731,-1.9528,0.0004,25.3309,0.3189,0.0,25.2298,0.0235,0.0004,0.0,0.0001,0.0004,0.0001,STILL
-17.231,18.8904,-2.3591,0.0005,25.6772,0.3462,0.0,25.2764,0.0522,0.0004,0.0,0.0001,0.0004,0.0,STILL
-17.1004,18.8904,-2.2248,0.0005,25.5778,0.0994,0.0,25.3692,0.0564,0.0005,0.0,0.0001,0.0004,-0.0,STILL
-16.7866,18.8498,-2.7455,0.0004,25.3898,0.1879,0.0001,25.3975,0.0528,0.0005,0.0,0.0002,0.0004,-0.0,STILL
-16.8511,19.1517,-2.4245,0.0001,25.6248,0.2349,0.0002,25.5201,0.0183,0.0004,0.0,0.0002,0.0003,-0.0,STILL
-17.1778,18.8839,-3.0865,0.0004,25.7139,0.0891,0.0003,25.5967,0.0128,0.0004,0.0,0.0001,0.0001,0.0,STILL
-17.3329,18.4727,-1.8473,0.0004,25.3985,0.3154,0.0,25.5409,0.0163,0.0004,0.0,0.0001,0.0,0.0001,STILL
-17.3663,18.5876,-2.5903,0.0005,25.5694,0.1709,0.0001,25.5393,0.0162,0.0004,0.0,-0.0,-0.0002,0.0001,STILL
-16.8243,18.8263,-2.9691,0.0003,25.4225,0.147,0.0002,25.5458,0.0144,0.0004,0.0,-0.0001,-0.0003,0.0001,STILL
-16.9532,18.811,-2.8284,0.0004,25.4807,0.0582,0.0,25.517,0.0132,0.0004,0.0,-0.0002,-0.0003,0.0002,STILL
-16.5063,19.077,-2.0971,0.0004,25.3137,0.1669,0.0,25.437,0.0073,0.0004,0.0,-0.0001,-0.0003,0.0002,STILL
-16.5425,19.1959,-3.1183,0.0005,25.5316,0.2179,0.0002,25.4636,0.0081,0.0004,0.0,-0.0002,-0.0004,0.0001,STILL
-16.5184,18.488,-2.904,0.0005,24.9619,0.5697,0.0001,25.3421,0.0414,0.0004,0.0,-0.0002,-0.0003,0.0001,STILL
-16.2897,18.6342,-3.8482,0.0003,25.0479,0.0859,0.0002,25.2672,0.0518,0.0004,0.0,-0.0002,-0.0003,0.0001,STILL
-16.3037,19.1229,-2.8161,0.0003,25.2869,0.239,0.0,25.2284,0.0413,0.0004,0.0,-0.0002,-0.0002,0.0,STILL
-16.2585,19.0202,-2.981,0.0004,25.1991,0.0878,0.0001,25.2055,0.0394,0.0004,0.0,-0.0003,-0.0002,0.0,STILL
-16.6693,19.5443,-2.5723,0.0003,25.816,0.6168,0.0002,25.2624,0.0895,0.0003,0.0,-0.0003,-0.0001,0.0,STILL
-16.8886,19.3261,-2.3516,0.0003,25.7731,0.0429,0.0,25.4246,0.0973,0.0003,0.0,-0.0002,0.0,-0.0,STILL
-16.3515,18.8827,-2.1781,0.0004,25.0734,0.6997,0.0001,25.4297,0.0935,0.0003,0.0,-0.0002,0.0001,-0.0001,STILL
-16.5218,18.6968,-2.3394,0.0002,25.0602,0.0132,0.0001,25.3843,0.1147,0.0003,0.0,-0.0001,0.0001,-0.0001,STILL
-16.7456,18.7575,-2.4465,0.0003,25.2635,0.2032,0.0,25.3972,0.1106,0.0003,0.0,-0.0,0.0001,-0.0002,STILL
-16.709,18.8372,-2.1228,0.0004,25.2693,0.0058,0.0001,25.2879,0.0668,0.0003,0.0,0.0,0.0001,-0.0003,STILL
-16.5515,19.1198,-2.6983,0.0003,25.4323,0.163,0.0001,25.2197,0.0193,0.0003,0.0,0.0001,0.0001,-0.0003,STILL
-16.3756,18.9989,-2.6055,0.0005,25.2172,0.215,0.0001,25.2485,0.0142,0.0004,0.0,0.0001,0.0002,-0.0002,STILL
-15.9942,18.8492,-2.5656,0.0004,24.8533,0.3639,0.0001,25.2071,0.0366,0.0004,0.0,0.0001,0.0002,-0.0002,STILL
-16.1766,18.7137,-2.7588,0.0003,24.8897,0.0364,0.0,25.1324,0.0505,0.0004,0.0,0.0002,0.0002,-0.0002,STILL
-16.0444,18.7491,-2.7008,0.0004,24.8243,0.0654,0.0001,25.0434,0.0578,0.0004,0.0,0.0002,0.0003,-0.0001,STILL
-15.8481,18.6493,-2.0544,0.0005,24.5596,0.2647,0.0001,24.8688,0.0439,0.0004,0.0,0.0002,0.0003,-0.0001,STILL
-16.0816,18.7257,-2.5372,0.0003,24.8134,0.2538,0.0002,24.7881,0.0137,0.0004,0.0,0.0002,0.0003,-0.0,STILL
-15.759,19.1087,-2.6767,0.0002,24.9129,0.0995,0.0001,24.8,0.0159,0.0003,0.0,0.0002,0.0002,-0.0,STILL
-15.9478,18.8588,-2.1038,0.0003,24.7874,0.1255,0.0002,24.7795,0.0139,0.0003,0.0,0.0001,0.0002,0.0,STILL
-15.8114,19.2402,-1.5706,0.0002,24.953,0.1656,0.0001,24.8053,0.0188,0.0003,0.0,0.0001,0.0002,0.0001,STILL
-15.6772,19.1328,-1.3096,0.0005,24.77,0.183,0.0003,24.8473,0.0052,0.0003,0.0,0.0001,0.0002,0.0002,STILL
-15.4168,19.4937,-0.9414,0.0004,24.871,0.101,0.0001,24.8589,0.005,0.0003,0.0,0.0,0.0002,0.0002,STILL
-15.8709,19.1262,-0.3656,0.0001,24.8562,0.0148,0.0003,24.8475,0.0043,0.0003,0.0,0.0,0.0002,0.0002,STILL
-15.6717,19.0541,-0.5175,0.0004,24.6765,0.1797,0.0003,24.8253,0.0089,0.0003,0.0,-0.0,0.0001,0.0001,STILL
-15.9061,19.1777,0.0485,0.0003,24.9157,0.2392,0.0001,24.8179,0.0072,0.0003,0.0,-0.0,0.0,0.0001,STILL
-15.7999,19.1765,0.5263,0.0005,24.8526,0.0631,0.0002,24.8344,0.0067,0.0004,0.0,-0.0001,-0.0001,0.0001,STILL
-15.8743,19.2099,0.0242,0.0006,24.9202,0.0676,0.0001,24.8442,0.0078,0.0004,0.0,-0.0001,-0.0003,0.0,STILL
-16.0338,19.168,0.2443,0.0006,24.9911,0.0709,0.0,24.8712,0.0114,0.0005,0.0,-0.0002,-0.0004,0.0,STILL
-16.3146,19.2375,-0.5358,0.0004,25.2296,0.2385,0.0002,24.9818,0.0173,0.0005,0.0,-0.0002,-0.0004,0.0001,STILL
-16.6641,19.0212,-0.8724,0.0003,25.3034,0.0738,0.0001,25.0594,0.0311,0.0005,0.0,-0.0003,-0.0004,0.0001,STILL
-16.6376,18.8014,-1.1323,0.0002,25.1313,0.1721,0.0001,25.1151,0.0204,0.0004,0.0,-0.0003,-0.0003,0.0,STILL
-17.0694,18.6973,-1.6933,0.0002,25.3737,0.2424,0.0001,25.2058,0.018,0.0003,0.0,-0.0002,-0.0002,-0.0,STILL
-17.0399,18.5454,-1.9672,0.0003,25.2618,0.1119,0.0001,25.26,0.0065,0.0003,0.0,-0.0002,-0.0,-0.0001,STILL
-17.2913,18.4269,-1.88,0.0002,25.3392,0.0774,0.0,25.2819,0.0071,0.0002,0.0,-0.0001,0.0001,-0.0001,STILL
-16.8893,18.354,-2.1852,0.0003,25.0379,0.3013,0.0001,25.2288,0.016,0.0002,0.0,-0.0,0.0002,-0.0001,STILL
-16.8677,18.4676,-2.0451,0.0028,25.0949,0.057,0.0025,25.2215,0.0177,0.0008,1e-06,0.0,0.0002,0.0005,STILL
-16.7317,18.5085,-2.3173,0.002,25.0576,0.0373,0.0008,25.1583,0.0144,0.0011,1e-06,0.0001,0.0003,0.0009,STILL
-16.7572,18.4224,-2.182,0.0016,24.999,0.0586,0.0004,25.1057,0.0146,0.0014,1e-06,0.0002,0.0003,0.0012,STILL
-16.6651,18.5692,-2.0331,0.0013,25.0335,0.0345,0.0003,25.0446,0.001,0.0016,1e-06,0.0002,0.0003,0.0015,STILL
-16.5071,18.7241,-2.1952,0.0007,25.0578,0.0244,0.0006,25.0485,0.001,0.0017,0.0,0.0003,0.0003,0.0016,STILL
-16.5057,18.6386,-2.3093,0.0003,25.0034,0.0544,0.0004,25.0302,0.0006,0.0012,0.0,0.0003,0.0002,0.0011,STILL
-17.1795,18.0453,-3.1224,0.0002,25.1101,0.1067,0.0001,25.0408,0.0017,0.0008,0.0,0.0003,0.0001,0.0007,STILL
-17.1124,17.9862,-2.8792,0.0002,24.9926,0.1176,0.0,25.0395,0.0018,0.0006,0.0,0.0003,0.0001,0.0004,STILL
-16.7243,18.5671,-4.0971,0.0003,25.3224,0.3299,0.0,25.0973,0.0144,0.0004,0.0,0.0002,0.0,0.0001,STILL
-16.3544,18.2881,-3.7871,0.0004,24.8246,0.4978,0.0002,25.0506,0.0268,0.0003,0.0,0.0001,0.0,-0.0001,STILL
-16.7585,17.9836,-3.5359,0.0006,24.8347,0.01,0.0002,25.0169,0.0346,0.0004,0.0,-0.0,-0.0,-0.0002,STILL
-16.61,18.09,-2.5881,0.0006,24.6949,0.1398,0.0001,24.9338,0.0467,0.0004,0.0,-0.0001,-0.0001,-0.0003,STILL
-16.4286,17.822,-2.6611,0.0006,24.3845,0.3104,0.0,24.8122,0.0915,0.0005,0.0,-0.0001,-0.0002,-0.0004,STILL
-16.6866,18.1701,-2.9351,0.0006,24.8437,0.4592,0.0,24.7165,0.0305,0.0006,0.0,-0.0002,-0.0002,-0.0005,STILL
-17.043,17.9798,-3.1137,0.0006,24.9687,0.125,0.0001,24.7453,0.0401,0.0006,0.0,-0.0002,-0.0002,-0.0005,STILL
-17.2813,17.7964,-2.8347,0.0004,24.9678,0.0009,0.0002,24.7719,0.0477,0.0006,0.0,-0.0001,-0.0001,-0.0005,STILL
-17.3438,17.6652,-3.2834,0.0005,24.9729,0.0052,0.0001,24.8275,0.0515,0.0005,0.0,-0.0001,0.0,-0.0005,STILL
-17.5563,18.0634,-2.9924,0.0006,25.3666,0.3937,0.0001,25.0239,0.0317,0.0005,0.0,-0.0001,0.0001,-0.0005,STILL
-17.7575,17.782,-2.4314,0.0007,25.2476,0.119,0.0001,25.1047,0.0287,0.0005,0.0,-0.0001,0.0002,-0.0005,STILL
-17.3967,17.7756,-2.6389,0.0007,25.0116,0.236,0.0,25.1133,0.0267,0.0006,0.0,-0.0001,0.0001,-0.0005,STILL
-17.4486,17.8705,-2.608,0.0005,25.1119,0.1003,0.0002,25.1421,0.0216,0.0006,0.0,-0.0001,0.0001,-0.0005,STILL
-17.587,18.0245,-2.6614,0.0003,25.3233,0.2114,0.0001,25.2122,0.0175,0.0005,0.0,-0.0001,0.0001,-0.0005,STILL
-17.279,18.4852,-3.0041,0.0004,25.4812,0.1579,0.0001,25.2351,0.0267,0.0005,0.0,-0.0,0.0002,-0.0005,STILL
-16.92,18.4194,-4.0252,0.0003,25.3331,0.1481,0.0001,25.2522,0.0283,0.0004,0.0,0.0,0.0001,-0.0004,STILL
-16.9642,18.3418,-2.7795,0.0001,25.1382,0.1949,0.0002,25.2775,0.0187,0.0003,0.0,0.0,0.0001,-0.0002,STILL
-17.0682,18.1766,-1.558,0.0001,24.9828,0.1555,0.0,25.2517,0.0299,0.0002,0.0,0.0,0.0001,-0.0002,STILL
-17.8577,18.2913,-1.7495,0.0004,25.6228,0.64,0.0003,25.3116,0.0529,0.0003,0.0,0.0,0.0,-0.0001,STILL
-17.3455,18.3955,-1.3246,0.0006,25.3183,0.3045,0.0002,25.279,0.046,0.0003,0.0,-0.0001,-0.0001,-0.0001,STILL
-17.5608,18.8133,-2.2722,0.0004,25.8357,0.5174,0.0001,25.3796,0.0973,0.0003,0.0,-0.0001,-0.0002,-0.0,STILL
-17.2768,18.9225,-2.2896,0.0005,25.7253,0.1104,0.0001,25.497,0.0958,0.0004,0.0,-0.0002,-0.0003,-0.0,STILL
-17.0777,19.0286,-2.1348,0.0008,25.6572,0.0681,0.0003,25.6319,0.0299,0.0005,0.0,-0.0003,-0.0004,0.0,STILL
-17.0684,18.7729,-1.7579,0.0002,25.4331,0.2241,0.0006,25.5939,0.0363,0.0005,0.0,-0.0003,-0.0004,0.0001,STILL
-17.1641,18.9746,-2.7188,0.0003,25.73,0.2969,0.0,25.6762,0.018,0.0005,0.0,-0.0002,-0.0004,0.0001,STILL
-16.375,18.8265,-2.6563,0.0005,25.0925,0.6374,0.0002,25.5276,0.059,0.0005,0.0,-0.0002,-0.0004,0.0001,STILL
-15.9625,19.3487,-3.8281,0.0004,25.3738,0.2813,0.0001,25.4573,0.051,0.0004,0.0,-0.0001,-0.0004,0.0001,STILL
-16.0169,19.1696,-3.1031,0.0006,25.1723,0.2015,0.0002,25.3603,0.0498,0.0004,0.0,-0.0001,-0.0004,-0.0,STILL
-16.3323,19.1732,-2.4981,0.0005,25.31,0.1377,0.0001,25.3357,0.0487,0.0004,0.0,-0.0,-0.0004,-0.0001,STILL
-16.3033,18.7698,-2.5266,0.0004,24.9897,0.3202,0.0001,25.1877,0.0196,0.0005,0.0,0.0001,-0.0004,-0.0001,STILL
-16.6614,18.7002,-2.4713,0.0004,25.1676,0.1778,0.0,25.2027,0.0177,0.0004,0.0,0.0001,-0.0003,-0.0001,STILL
-16.8635,18.4164,-2.4177,0.0004,25.0876,0.08,0.0,25.1454,0.0112,0.0004,0.0,0.0002,-0.0002,-0.0001,STILL
-16.6783,18.4019,-2.156,0.0004,24.9288,0.1588,0.0001,25.0967,0.018,0.0004,0.0,0.0003,-0.0001,-0.0001,STILL
-16.4051,18.6121,-2.3061,0.0003,24.917,0.0117,0.0001,25.0181,0.0092,0.0004,0.0,0.0003,0.0,-0.0,STILL
-16.521,18.1397,-2.4198,0.0004,24.6546,0.2625,0.0001,24.9511,0.031,0.0004,0.0,0.0003,0.0001,0.0,STILL
-16.1387,18.2805,-2.1546,0.0005,24.4801,0.1744,0.0001,24.8136,0.0471,0.0004,0.0,0.0004,0.0001,0.0001,STILL
-16.1047,18.4869,-2.2987,0.0003,24.6254,0.1453,0.0001,24.7212,0.0306,0.0004,0.0,0.0003,0.0002,0.0001,STILL
-15.9869,18.702,-2.1858,0.0003,24.7007,0.0753,0.0,24.6756,0.02,0.0004,0.0,0.0003,0.0002,0.0,STILL
-15.8207,18.8866,-1.9987,0.0003,24.7183,0.0176,0.0,24.6358,0.0071,0.0004,0.0,0.0002,0.0002,0.0001,STILL
-16.2878,18.9312,-2.1489,0.0003,25.0659,0.3476,0.0001,24.7181,0.0373,0.0003,0.0,0.0002,0.0002,0.0001,STILL
-16.6647,18.7262,-3.0004,0.0001,25.2464,0.1805,0.0001,24.8714,0.0583,0.0003,0.0,0.0001,0.0001,0.0,STILL
-17.0005,18.406,-2.2503,0.0003,25.1567,0.0898,0.0001,24.9776,0.0512,0.0003,0.0,-0.0,0.0001,0.0001,STILL
-16.9691,18.4841,-1.7378,0.0003,25.1522,0.0045,0.0001,25.0679,0.0338,0.0003,0.0,-0.0,-0.0,0.0002,STILL
-17.0409,18.6998,-1.8996,0.0002,25.3709,0.2187,0.0001,25.1984,0.0107,0.0002,0.0,-0.0001,-0.0001,0.0002,STILL
-17.1296,19.1411,-1.7165,0.0002,25.744,0.373,0.0,25.3341,0.0483,0.0002,0.0,-0.0001,-0.0001,0.0001,STILL
-16.7724,18.8941,-1.7076,0.0002,25.3223,0.4217,0.0001,25.3492,0.0466,0.0002,0.0,-0.0001,-0.0001,0.0001,STILL
-16.3398,19.3934,-1.8348,0.0002,25.4256,0.1033,0.0,25.403,0.0374,0.0002,0.0,-0.0001,0.0,0.0001,STILL
-16.6906,18.7491,-2.6491,0.0002,25.2413,0.1843,0.0,25.4208,0.0298,0.0002,0.0,-0.0001,0.0001,0.0001,STILL
-16.8619,18.943,-2.2662,0.0003,25.4617,0.2204,0.0002,25.439,0.0293,0.0002,0.0,0.0,0.0001,0.0,STILL
-16.6426,18.8794,-2.2598,0.0006,25.2689,0.1928,0.0002,25.344,0.0074,0.0003,0.0,0.0001,0.0002,-0.0001,STILL
-16.5516,18.9442,-2.3985,0.0007,25.2703,0.0014,0.0001,25.3336,0.0083,0.0004,0.0,0.0002,0.0003,-0.0001,STILL
-15.9288,18.7678,-2.1938,0.0004,24.7138,0.5566,0.0003,25.1912,0.0632,0.0004,0.0,0.0002,0.0003,-0.0001,STILL
-16.4586,18.8205,-2.805,0.0005,25.1588,0.4451,0.0001,25.1747,0.0626,0.0005,0.0,0.0002,0.0004,-0.0002,STILL
-16.8982,18.4127,-2.944,0.0006,25.1643,0.0055,0.0001,25.1152,0.0426,0.0005,0.0,0.0002,0.0004,-0.0002,STILL
-16.606,18.677,-3.3646,0.0005,25.2173,0.053,0.0001,25.1049,0.0399,0.0005,0.0,0.0001,0.0004,-0.0002,STILL
-16.3567,19.1135,-4.8479,0.0004,25.6197,0.4024,0.0001,25.1748,0.0825,0.0005,0.0,0.0,0.0003,-0.0002,STILL
-16.6916,18.7283,-4.744,0.0004,25.5316,0.0881,0.0,25.3384,0.0387,0.0005,0.0,-0.0001,0.0003,-0.0002,STILL
-16.6127,18.5514,-4.1389,0.0005,25.2441,0.2875,0.0001,25.3554,0.0338,0.0005,0.0,-0.0002,0.0001,-0.0002,STILL
-16.4026,19.5474,-3.5861,0.0005,25.7683,0.5242,0.0,25.4762,0.046,0.0005,0.0,-0.0003,0.0,-0.0003,STILL
-16.3284,18.8973,-3.5439,0.0031,25.2246,0.5437,0.0027,25.4777,0.0452,0.001,1e-06,-0.0003,-0.0001,-0.0008,STILL
-16.5908,19.1084,-3.9758,0.0023,25.6163,0.3917,0.0009,25.477,0.045,0.0014,1e-06,-0.0003,-0.0002,-0.0012,STILL
-16.6414,19.0492,-3.8025,0.0017,25.5787,0.0376,0.0005,25.4864,0.0464,0.0016,1e-06,-0.0003,-0.0003,-0.0015,STILL
-16.6287,19.1644,-3.4982,0.0012,25.613,0.0343,0.0005,25.5602,0.0324,0.0018,1e-06,-0.0002,-0.0003,-0.0017,STILL
-16.8436,18.9284,-3.6673,0.0007,25.6016,0.0114,0.0005,25.5268,0.023,0.0018,1e-06,-0.0001,-0.0003,-0.0018,STILL
-16.8311,18.724,-3.062,0.0004,25.3624,0.2392,0.0003,25.5544,0.0094,0.0013,0.0,-0.0001,-0.0003,-0.0012,STILL
-17.0524,18.801,-2.7558,0.0003,25.5315,0.1692,0.0001,25.5374,0.0084,0.0009,0.0,-0.0,-0.0002,-0.0008,STILL
-16.4138,18.6596,-3.1422,0.0004,25.0493,0.4822,0.0001,25.4316,0.0445,0.0006,0.0,0.0001,0.0,-0.0005,STILL
-16.431,18.7245,-3.1325,0.0003,25.1078,0.0585,0.0,25.3305,0.0487,0.0004,0.0,0.0001,0.0001,-0.0003,STILL
-16.298,18.6453,-3.0466,0.0004,24.951,0.1568,0.0,25.2004,0.0459,0.0004,0.0,0.0001,0.0002,-0.0001,STILL
-15.9571,19.2693,-2.3748,0.0005,25.1312,0.1802,0.0002,25.1542,0.0395,0.0004,0.0,0.0,0.0003,0.0,STILL
-16.4094,18.9248,-2.3592,0.0005,25.1592,0.028,0.0,25.0797,0.0055,0.0004,0.0,-0.0,0.0004,0.0001,STILL
-15.7744,18.9836,-2.4186,0.0004,24.8004,0.3588,0.0001,25.0299,0.0184,0.0004,0.0,-0.0001,0.0004,0.0002,STILL
-15.4102,19.0275,-2.6974,0.0003,24.6332,0.1672,0.0001,24.935,0.0396,0.0004,0.0,-0.0,0.0004,0.0002,STILL
-15.6625,18.4783,-2.036,0.0003,24.3086,0.3247,0.0,24.8065,0.1016,0.0004,0.0,-0.0,0.0003,0.0002,STILL
-15.9519,18.2857,-2.9007,0.0005,24.4386,0.13,0.0002,24.668,0.0884,0.0004,0.0,-0.0,0.0003,0.0003,STILL
-16.7521,18.3161,-2.6237,0.0005,24.9599,0.5213,0.0001,24.6281,0.0556,0.0004,0.0,-0.0001,0.0001,0.0003,STILL
-16.758,18.5091,-2.6021,0.0006,25.1035,0.1436,0.0,24.6888,0.0912,0.0004,0.0,-0.0002,0.0,0.0003,STILL
-16.4282,18.2104,-1.5254,0.0006,24.573,0.5305,0.0,24.6767,0.0931,0.0005,0.0,-0.0003,-0.0001,0.0003,STILL
-16.2863,18.2933,-2.1172,0.0007,24.584,0.011,0.0001,24.7318,0.0646,0.0006,0.0,-0.0003,-0.0002,0.0004,STILL
-16.4197,18.3159,-1.7219,0.0006,24.6586,0.0745,0.0001,24.7758,0.0466,0.0006,0.0,-0.0004,-0.0003,0.0003,STILL
-16.1639,18.6496,-1.0838,0.0006,24.7033,0.0448,0.0001,24.7245,0.0382,0.0006,0.0,-0.0004,-0.0004,0.0002,STILL
-16.2436,18.5197,-2.6045,0.0005,24.7713,0.068,0.0,24.658,0.0055,0.0006,0.0,-0.0003,-0.0004,0.0002,STILL
-15.8418,18.9376,-2.118,0.0005,24.7807,0.0094,0.0,24.6996,0.0054,0.0006,0.0,-0.0002,-0.0005,0.0002,STILL
-16.0015,19.0251,-1.9006,0.0004,24.9322,0.1516,0.0001,24.7692,0.0087,0.0005,0.0,-0.0002,-0.0005,0.0001,STILL
-16.395,19.2045,-0.9111,0.0005,25.2673,0.3351,0.0,24.891,0.041,0.0005,0.0,-0.0001,-0.0005,0.0001,STILL
-16.4222,18.9417,-1.9195,0.0007,25.1428,0.1245,0.0002,24.9789,0.0389,0.0005,0.0,-0.0,-0.0005,0.0001,STILL
-16.4847,18.6002,-1.8669,0.0005,24.9238,0.219,0.0002,25.0094,0.03,0.0005,0.0,0.0,-0.0005,0.0001,STILL
-16.6752,18.5646,-2.1685,0.0004,25.0481,0.1243,0.0001,25.0629,0.017,0.0005,0.0,0.0001,-0.0005,0.0001,STILL
-16.6621,18.5485,-2.0317,0.0003,25.016,0.0321,0.0001,25.0796,0.0137,0.0005,0.0,0.0001,-0.0004,0.0001,STILL
-16.7015,18.9794,-1.9535,0.0003,25.357,0.341,0.0,25.0976,0.0217,0.0005,0.0,0.0002,-0.0003,0.0,STILL
-16.6425,18.9586,-2.1128,0.0004,25.3153,0.0417,0.0001,25.132,0.0296,0.0004,0.0,0.0003,-0.0002,0.0,STILL
-16.5265,19.0481,-1.2808,0.0003,25.2506,0.0646,0.0001,25.1974,0.0195,0.0004,0.0,0.0003,-0.0,-0.0,STILL
-16.2431,19.1385,-1.6215,0.0005,25.1545,0.0962,0.0001,25.2187,0.0149,0.0004,0.0,0.0003,0.0001,-0.0001,STILL
-15.9976,19.1483,-1.8441,0.0005,25.0196,0.1349,0.0001,25.2194,0.0146,0.0004,0.0,0.0003,0.0002,-0.0001,STILL
-16.1168,18.8717,-1.8659,0.0005,24.8873,0.1323,0.0,25.1254,0.0241,0.0005,0.0,0.0004,0.0003,-0.0001,STILL
-16.3903,18.6818,-1.7584,0.0005,24.9147,0.0274,0.0,25.0453,0.0194,0.0005,0.0,0.0004,0.0003,-0.0,STILL
-16.6748,18.9423,-1.8129,0.0003,25.3011,0.3864,0.0002,25.0554,0.0239,0.0005,0.0,0.0004,0.0003,-0.0,STILL
-17.1461,19.257,-1.7097,0.0004,25.8407,0.5396,0.0,25.1927,0.1264,0.0005,0.0,0.0004,0.0002,-0.0,STILL
-16.8043,19.1368,-2.0647,0.0003,25.5513,0.2894,0.0,25.299,0.1349,0.0004,0.0,0.0003,0.0001,-0.0,STILL
-16.6747,19.5657,-2.7142,0.0005,25.8502,0.2989,0.0001,25.4916,0.1246,0.0004,0.0,0.0003,0.0,0.0,STILL
-16.6835,19.6432,-2.1589,0.0006,25.8622,0.0121,0.0001,25.6811,0.0496,0.0004,0.0,0.0002,-0.0001,0.0001,STILL
-16.9187,20.0333,-2.1146,0.0006,26.3068,0.4445,0.0,25.8822,0.0586,0.0005,0.0,0.0001,-0.0003,0.0001,STILL
-16.885,19.9579,-2.8261,0.0003,26.2946,0.0122,0.0002,25.973,0.084,0.0004,0.0,0.0,-0.0004,0.0002,STILL
-16.3236,19.7757,-3.3077,0.0004,25.855,0.4396,0.0,26.0337,0.0475,0.0005,0.0,-0.0001,-0.0004,0.0002,STILL
-16.4464,19.0424,-4.4087,0.0005,25.5447,0.3102,0.0002,25.9727,0.0849,0.0005,0.0,-0.0001,-0.0004,0.0002,STILL
-16.2352,19.3683,-4.3769,0.0003,25.649,0.1043,0.0003,25.93,0.1016,0.0004,0.0,-0.0001,-0.0003,0.0002,STILL
-15.8038,18.7009,-4.1609,0.0004,24.8354,0.8136,0.0001,25.6357,0.2262,0.0004,0.0,-0.0002,-0.0002,0.0002,STILL
-15.1837,18.8763,-3.1131,0.0004,24.4244,0.411,0.0001,25.2617,0.293,0.0004,0.0,-0.0001,-0.0002,0.0003,STILL
-15.1126,18.9542,-3.1374,0.0007,24.4437,0.0193,0.0002,24.9795,0.2767,0.0005,0.0,-0.0001,-0.0003,0.0003,STILL
-15.7932,18.9665,-3.438,0.0008,24.9193,0.4756,0.0001,24.8544,0.1979,0.0005,0.0,-0.0001,-0.0003,0.0003,STILL
-15.9064,18.5919,-3.5004,0.0004,24.7169,0.2024,0.0004,24.668,0.0406,0.0005,0.0,-0.0001,-0.0004,0.0003,STILL
-16.122,18.6111,-3.5503,0.0002,24.8776,0.1607,0.0002,24.6764,0.0438,0.0005,0.0,-0.0001,-0.0004,0.0003,STILL
-16.5445,18.5951,-3.559,0.0003,25.1429,0.2653,0.0001,24.8201,0.0539,0.0005,0.0,-0.0001,-0.0003,0.0003,STILL
-16.1075,18.9573,-3.4253,0.0003,25.111,0.0318,0.0,24.9535,0.0247,0.0004,0.0,-0.0001,-0.0002,0.0002,STILL
-16.1953,18.8409,-3.3121,0.0003,25.0647,0.0464,0.0,24.9826,0.0261,0.0003,0.0,-0.0,-0.0,0.0002,STILL
-16.6313,18.6914,-3.0872,0.0002,25.2091,0.1445,0.0,25.0811,0.0126,0.0003,0.0,-0.0,0.0001,0.0001,STILL
-16.5519,18.85,-2.6354,0.0004,25.2237,0.0146,0.0002,25.1503,0.0036,0.0003,0.0,0.0,0.0002,0.0001,STILL
-16.7571,18.9175,-2.6708,0.0006,25.4127,0.1891,0.0002,25.2042,0.0144,0.0004,0.0,0.0001,0.0003,0.0001,STILL
-16.6807,18.9653,-3.0429,0.0006,25.4399,0.0271,0.0,25.27,0.0194,0.0004,0.0,0.0001,0.0004,0.0,STILL
-16.6821,18.9066,-2.2656,0.0007,25.3157,0.1242,0.0001,25.3202,0.0089,0.0005,0.0,0.0002,0.0005,-0.0,STILL
-16.3644,19.0565,-2.3093,0.0004,25.2245,0.0911,0.0002,25.3233,0.0083,0.0005,0.0,0.0002,0.0005,-0.0,STILL
-16.3915,18.9421,-2.8943,0.0002,25.2163,0.0082,0.0002,25.3218,0.0086,0.0005,0.0,0.0002,0.0005,0.0,STILL
-16.8538,18.9255,-2.3311,0.0002,25.4492,0.2329,0.0,25.3291,0.0101,0.0004,0.0,0.0001,0.0003,0.0,STILL
-16.7706,18.6311,-2.468,0.0005,25.1885,0.2607,0.0003,25.2788,0.0091,0.0004,0.0,0.0001,0.0001,0.0001,STILL
-16.4008,18.908,-1.7869,0.0002,25.0937,0.0948,0.0003,25.2344,0.0137,0.0003,0.0,0.0,-0.0001,0.0001,STILL
-16.1238,18.9358,-1.6889,0.0002,24.9277,0.1659,0.0,25.1751,0.029,0.0003,0.0,-0.0,-0.0001,0.0001,STILL
-16.2209,18.5986,-2.0949,0.0004,24.7672,0.1605,0.0002,25.0853,0.0538,0.0003,0.0,-0.0,-0.0002,0.0002,STILL
-16.183,18.182,-2.5821,0.0005,24.4774,0.2898,0.0001,24.8909,0.0635,0.0004,0.0,-0.0,-0.0003,0.0002,STILL
-15.8401,18.1925,-2.7688,0.0005,24.2805,0.1969,0.0001,24.7093,0.0873,0.0004,0.0,-0.0,-0.0003,0.0002,STILL
-16.4627,17.8321,-2.7713,0.0003,24.4272,0.1467,0.0002,24.576,0.0559,0.0004,0.0,-0.0001,-0.0002,0.0002,STILL
-16.7514,17.5813,-2.9233,0.0003,24.4593,0.0322,0.0,24.4823,0.0251,0.0004,0.0,-0.0001,-0.0002,0.0002,STILL
-16.3918,18.2932,-3.0636,0.0003,24.7531,0.2938,0.0001,24.4795,0.0235,0.0004,0.0,-0.0001,-0.0002,0.0002,STILL
-15.9384,18.5627,-3.4947,0.0002,24.7147,0.0384,0.0001,24.527,0.0323,0.0003,0.0,-0.0001,-0.0001,0.0002,STILL
-15.8445,18.722,-3.6864,0.0001,24.8022,0.0875,0.0001,24.6313,0.0245,0.0002,0.0,-0.0,-0.0001,0.0002,STILL
-15.86,18.6714,-3.7491,0.0001,24.7833,0.0189,0.0,24.7026,0.0157,0.0002,0.0,0.0,-0.0001,0.0002,STILL
-15.6348,18.5558,-3.543,0.0001,24.5218,0.2615,0.0,24.7151,0.0102,0.0002,0.0,0.0001,-0.0001,0.0001,STILL
-15.8298,18.5165,-3.7969,0.0002,24.6548,0.133,0.0001,24.6954,0.0103,0.0001,0.0,0.0001,0.0,0.0001,STILL
-16.3169,18.6695,-3.3438,0.0002,25.0194,0.3646,0.0,24.7563,0.0275,0.0002,0.0,0.0001,0.0,0.0001,STILL
-16.5035,19.1356,-2.65,0.0003,25.4079,0.3884,0.0001,24.8775,0.0973,0.0002,0.0,0.0001,0.0001,0.0,STILL
-16.4372,18.8397,-2.42,0.0001,25.1192,0.2887,0.0002,24.9446,0.1027,0.0002,0.0,0.0002,0.0001,0.0,STILL
-16.5029,18.8905,-3.0298,0.0004,25.2661,0.1469,0.0003,25.0935,0.0654,0.0003,0.0,0.0001,0.0002,0.0,STILL
-16.8398,19.0562,-2.9113,0.0003,25.5967,0.3306,0.0,25.2819,0.0421,0.0003,0.0,0.0001,0.0002,0.0,STILL
-16.5125,18.9262,-2.6822,0.0003,25.2598,0.337,0.0,25.3299,0.0261,0.0003,0.0,0.0001,0.0002,-0.0,STILL
-16.9631,18.3691,-2.8207,0.0003,25.162,0.0978,0.0,25.2808,0.0281,0.0003,0.0,0.0001,0.0003,-0.0,STILL
-16.8049,18.364,-2.8003,0.0004,25.0496,0.1124,0.0001,25.2668,0.0334,0.0003,0.0,0.0001,0.0003,-0.0,STILL
-17.0251,18.4131,-2.6653,0.0002,25.2191,0.1695,0.0001,25.2574,0.0338,0.0003,0.0,0.0001,0.0003,-0.0001,STILL
-17.067,18.0461,-1.6728,0.0001,24.8946,0.3244,0.0001,25.117,0.0174,0.0003,0.0,0.0001,0.0002,-0.0001,STILL
-16.838,18.1775,-2.0414,0.0004,24.8617,0.0329,0.0002,25.0374,0.02,0.0003,0.0,-0.0,0.0002,-0.0001,STILL
-17.1204,18.9201,-0.8331,0.0004,25.5298,0.6681,0.0,25.111,0.06,0.0003,0.0,-0.0001,0.0001,-0.0002,STILL
-17.5025,18.0924,-2.0509,0.0004,25.2563,0.2736,0.0,25.1523,0.0617,0.0003,0.0,-0.0002,0.0,-0.0002,STILL
-16.8208,18.0051,-1.4188,0.0004,24.6807,0.5756,0.0,25.0446,0.0937,0.0003,0.0,-0.0002,-0.0001,-0.0002,STILL
-16.7785,18.7479,-1.8632,0.0004,25.2284,0.5477,0.0,25.1114,0.0915,0.0004,0.0,-0.0002,-0.0001,-0.0002,STILL
-17.0384,18.1327,-1.1124,0.0004,24.9066,0.3218,0.0,25.1204,0.0874,0.0004,0.0,-0.0002,-0.0002,-0.0002,STILL
-16.7026,18.1811,-1.3524,0.0004,24.7257,0.1809,0.0,24.9595,0.0591,0.0004,0.0,-0.0002,-0.0003,-0.0001,STILL
-16.559,18.6168,-2.9257,0.0005,25.0867,0.361,0.0001,24.9256,0.0436,0.0004,0.0,-0.0001,-0.0004,-0.0,STILL
-16.0222,18.4653,-1.6999,0.0005,24.5065,0.5802,0.0,24.8908,0.0655,0.0004,0.0,-0.0001,-0.0004,0.0001,STILL
-16.4334,18.8597,-2.4256,0.0007,25.1322,0.6258,0.0002,24.8715,0.054,0.0005,0.0,-0.0,-0.0005,0.0001,STILL
-16.7311,18.9128,-3.2373,0.0008,25.4579,0.3256,0.0001,24.9818,0.1104,0.0006,0.0,-0.0,-0.0005,0.0002,STILL
-16.7099,18.5146,-2.7086,0.0004,25.0868,0.3711,0.0003,25.054,0.0942,0.0006,0.0,-0.0,-0.0005,0.0002,STILL
-16.8023,18.2836,-2.8169,0.0003,24.9908,0.096,0.0001,25.0348,0.0944,0.0006,0.0,0.0,-0.0005,0.0002,STILL
-16.4231,18.63,-2.816,0.0002,24.9945,0.0037,0.0001,25.1324,0.0294,0.0005,0.0,0.0001,-0.0004,0.0001,STILL
-16.4541,18.4602,-2.5153,0.0003,24.8565,0.138,0.0001,25.0773,0.0416,0.0004,0.0,0.0002,-0.0002,0.0001,STILL
-16.3101,19.0713,-2.0779,0.0005,25.1804,0.3239,0.0002,25.0218,0.0117,0.0004,0.0,0.0002,0.0,0.0,STILL
-16.6669,19.4289,-2.456,0.0004,25.7157,0.5353,0.0001,25.1476,0.0913,0.0003,0.0,0.0003,0.0002,0.0,STILL
-16.6147,19.1119,-2.2961,0.0006,25.428,0.2877,0.0002,25.235,0.0945,0.0004,0.0,0.0003,0.0002,-0.0,STILL
-16.6168,19.5051,-2.0775,0.0004,25.7077,0.2796,0.0002,25.3777,0.1073,0.0004,0.0,0.0003,0.0003,-0.0,STILL
-16.4872,19.3135,-2.1276,0.0005,25.4826,0.225,0.0001,25.5029,0.0394,0.0005,0.0,0.0003,0.0003,-0.0001,STILL
-16.871,18.8664,-2.174,0.0005,25.4027,0.0799,0.0,25.5474,0.0187,0.0005,0.0,0.0003,0.0003,-0.0001,STILL
-16.5874,18.815,-1.8361,0.0003,25.1499,0.2528,0.0001,25.4342,0.0318,0.0005,0.0,0.0002,0.0003,-0.0001,STILL
-16.2574,18.8708,-2.3813,0.0003,25.0216,0.1283,0.0,25.3529,0.0592,0.0004,0.0,0.0001,0.0003,-0.0002,STILL
-16.1028,18.8779,-3.6332,0.0005,25.0774,0.0558,0.0002,25.2268,0.0333,0.0004,0.0,0.0,0.0002,-0.0002,STILL
-16.1791,18.796,-3.1097,0.0004,24.9945,0.0829,0.0001,25.1292,0.0215,0.0004,0.0,-0.0001,0.0,-0.0001,STILL
-16.1527,19.3868,-3.2377,0.0028,25.4409,0.4464,0.0024,25.1369,0.0259,0.0009,1e-06,-0.0002,-0.0001,0.0005,STILL
-16.369,19.2626,-3.9714,0.0021,25.5884,0.1474,0.0007,25.2246,0.059,0.0012,1e-06,-0.0002,-0.0002,0.0009,STILL
-15.6171,19.0194,-3.5178,0.0016,24.8598,0.7286,0.0005,25.1922,0.0763,0.0015,1e-06,-0.0002,-0.0004,0.0013,STILL
-15.1905,18.9374,-3.7174,0.0012,24.5601,0.2997,0.0004,25.0887,0.1429,0.0016,1e-06,-0.0002,-0.0004,0.0015,STILL
-15.7431,19.3062,-3.6989,0.0008,25.1844,0.6243,0.0005,25.1267,0.1415,0.0017,1e-06,-0.0002,-0.0004,0.0016,STILL
-15.9788,19.1325,-3.2216,0.0005,25.1347,0.0497,0.0003,25.0655,0.118,0.0013,0.0,-0.0002,-0.0004,0.0011,STILL
-16.4581,18.8247,-1.9085,0.0005,25.0775,0.0572,0.0,24.9633,0.0529,0.0009,0.0,-0.0002,-0.0004,0.0008,STILL
-16.0696,18.2816,-1.5393,0.0006,24.3889,0.6886,0.0001,24.8691,0.1079,0.0007,0.0,-0.0001,-0.0005,0.0005,STILL
-16.015,17.7847,-2.7065,0.0006,24.0853,0.3036,0.0,24.7742,0.2026,0.0006,0.0,-0.0001,-0.0005,0.0003,STILL
-15.8589,17.6871,-3.0839,0.0008,23.9552,0.1301,0.0002,24.5283,0.2427,0.0006,0.0,-0.0,-0.0005,0.0001,STILL
-15.5215,18.0403,-3.1453,0.0003,24.0055,0.0503,0.0004,24.3025,0.1728,0.0006,0.0,-0.0,-0.0005,-0.0,STILL
-15.5672,18.4916,-3.2162,0.0003,24.3849,0.3794,0.0001,24.1639,0.0349,0.0005,0.0,0.0,-0.0005,-0.0001,STILL
-15.7725,18.5371,-3.0198,0.0002,24.5258,0.1409,0.0001,24.1913,0.0502,0.0004,0.0,0.0,-0.0003,-0.0001,STILL
-16.2055,18.6078,-2.5596,0.0003,24.8076,0.2819,0.0001,24.3358,0.103,0.0004,0.0,0.0,-0.0001,-0.0001,STILL
-15.9863,18.6331,-2.9664,0.0005,24.7296,0.078,0.0002,24.4907,0.0811,0.0003,0.0,0.0001,0.0001,-0.0002,STILL
-16.0515,19.1315,-2.8482,0.0007,25.1352,0.4056,0.0002,24.7166,0.066,0.0004,0.0,0.0001,0.0002,-0.0002,STILL
-16.2475,19.6021,-2.716,0.0008,25.6046,0.4695,0.0001,24.9606,0.1422,0.0005,0.0,0.0002,0.0004,-0.0002,STILL
-16.5824,19.4191,-2.5134,0.0007,25.6592,0.0546,0.0,25.1873,0.1506,0.0006,0.0,0.0002,0.0005,-0.0003,STILL
-17.0034,18.9853,-2.4139,0.0007,25.6005,0.0587,0.0,25.3458,0.1308,0.0007,0.0,0.0002,0.0006,-0.0003,STILL
-17.4683,19.0539,-2.6155,0.0008,25.9814,0.3809,0.0001,25.5962,0.073,0.0007,0.0,0.0002,0.0006,-0.0003,STILL
-16.934,19.5244,-2.6705,0.0007,25.9826,0.0012,0.0,25.7657,0.0316,0.0008,0.0,0.0002,0.0006,-0.0003,STILL
-16.5691,18.9726,-3.0833,0.0005,25.3772,0.6054,0.0003,25.7202,0.0546,0.0007,0.0,0.0001,0.0006,-0.0003,STILL
-16.5772,18.5281,-4.2635,0.0002,25.2244,0.1528,0.0002,25.6332,0.0954,0.0006,0.0,-0.0,0.0005,-0.0003,STILL
-16.3805,18.9318,-3.4702,0.0005,25.274,0.0497,0.0003,25.5679,0.1167,0.0005,0.0,-0.0001,0.0003,-0.0003,STILL
-16.4419,18.6424,-4.1918,0.0004,25.208,0.066,0.0001,25.4132,0.0845,0.0005,0.0,-0.0002,0.0001,-0.0002,STILL
-16.6254,18.4514,-3.9284,0.0004,25.1454,0.0626,0.0,25.2458,0.006,0.0004,0.0,-0.0002,-0.0001,-0.0001,STILL
-16.3878,18.908,-4.6177,0.0006,25.444,0.2986,0.0002,25.2592,0.0102,0.0004,0.0,-0.0001,-0.0003,-0.0001,STILL
-16.2884,18.7858,-3.9192,0.0008,25.1709,0.273,0.0002,25.2485,0.0114,0.0005,0.0,-0.0001,-0.0005,-0.0001,STILL
-16.2463,18.7786,-4.4666,0.0006,25.2295,0.0586,0.0002,25.2396,0.0113,0.0005,0.0,-0.0001,-0.0005,-0.0001,STILL
-16.0814,18.9448,-3.5795,0.0006,25.1064,0.1232,0.0,25.2192,0.0142,0.0006,0.0,-0.0,-0.0006,-0.0001,STILL
-16.1308,19.0777,-3.6449,0.0005,25.2477,0.1413,0.0,25.2397,0.0129,0.0006,0.0,-0.0,-0.0006,-0.0,STILL
-15.9484,19.4371,-5.0159,0.0004,25.6381,0.3904,0.0001,25.2785,0.0348,0.0006,0.0,-0.0,-0.0005,-0.0,STILL
-15.7118,19.0372,-5.4002,0.0005,25.2674,0.3707,0.0001,25.2978,0.0321,0.0005,0.0,-0.0001,-0.0005,0.0,STILL
-16.3507,18.7079,-5.0327,0.0005,25.3507,0.0834,0.0001,25.322,0.0312,0.0005,0.0,-0.0001,-0.0005,0.0,STILL
-16.1337,18.6351,-4.548,0.0002,25.0648,0.2859,0.0002,25.3137,0.035,0.0004,0.0,-0.0001,-0.0004,0.0,STILL
-16.7788,18.2299,-3.7728,0.0002,25.0618,0.003,0.0,25.2766,0.0454,0.0004,0.0,-0.0001,-0.0002,0.0,STILL
-16.4637,18.0621,-3.8839,0.0003,24.7462,0.3156,0.0001,25.0982,0.0437,0.0003,0.0,-0.0001,-0.0001,-0.0,STILL
-16.3491,17.6153,-3.7727,0.0003,24.3274,0.4188,0.0,24.9102,0.1215,0.0003,0.0,-0.0001,0.0,-0.0,STILL
-16.8543,17.7141,-3.29,0.0003,24.6714,0.344,0.0,24.7743,0.0756,0.0003,0.0,-0.0,0.0002,0.0,STILL
-17.0959,17.665,-3.3602,0.0003,24.8116,0.1401,0.0,24.7237,0.0565,0.0003,0.0,0.0,0.0002,0.0,STILL
-17.3549,18.1164,-3.6569,0.0005,25.3529,0.5413,0.0002,24.7819,0.1094,0.0003,0.0,0.0001,0.0002,-0.0,STILL
-17.1276,17.8712,-3.5099,0.0004,25.0011,0.3517,0.0001,24.8329,0.1161,0.0003,0.0,0.0001,0.0002,-0.0,STILL
-17.2302,18.1532,-3.0798,0.0005,25.2172,0.2161,0.0001,25.0108,0.0629,0.0004,0.0,0.0002,0.0003,-0.0,STILL
-17.6904,17.7945,-2.8013,0.0005,25.2476,0.0304,0.0,25.1261,0.0378,0.0004,0.0,0.0003,0.0003,-0.0001,STILL
-17.8867,18.1356,-2.3036,0.0005,25.5762,0.3286,0.0,25.279,0.0352,0.0005,0.0,0.0003,0.0003,-0.0002,STILL
-17.825,18.1053,-2.2147,0.0003,25.5037,0.0725,0.0002,25.3092,0.0433,0.0005,0.0,0.0002,0.0003,-0.0002,STILL
-17.4288,18.3655,-1.303,0.0001,25.3525,0.1512,0.0002,25.3794,0.0197,0.0004,0.0,0.0001,0.0003,-0.0002,STILL
-17.0493,18.4237,-2.7049,0.0003,25.2473,0.1053,0.0002,25.3855,0.0179,0.0004,0.0,0.0001,0.0002,-0.0001,STILL
-17.0488,18.4389,-3.5171,0.0005,25.3579,0.1107,0.0002,25.4075,0.0138,0.0003,0.0,-0.0,0.0,-0.0001,STILL
-17.114,18.4449,-3.3918,0.0002,25.3891,0.0312,0.0003,25.3701,0.0068,0.0003,0.0,-0.0,-0.0001,-0.0,STILL
-17.0756,18.9747,-3.0134,0.0003,25.704,0.3148,0.0001,25.4102,0.0239,0.0003,0.0,0.0,-0.0002,0.0,STILL
-17.2167,19.2766,-3.6232,0.0002,26.0985,0.3945,0.0001,25.5594,0.0957,0.0003,0.0,0.0,-0.0002,0.0001,STILL
-17.064,19.2588,-3.3736,0.0003,25.9512,0.1473,0.0001,25.7001,0.0871,0.0003,0.0,0.0,-0.0001,0.0001,STILL
-16.52,18.932,-3.1645,0.0005,25.3248,0.6264,0.0002,25.6935,0.0918,0.0003,0.0,0.0001,0.0001,0.0001,STILL
-16.2816,19.2831,-3.1535,0.0006,25.4337,0.1089,0.0001,25.7024,0.0867,0.0004,0.0,0.0001,0.0003,0.0001,STILL
-16.5878,19.3265,-2.9447,0.0005,25.6386,0.2049,0.0001,25.6894,0.0874,0.0004,0.0,0.0001,0.0004,0.0001,STILL
-16.6796,19.3706,-2.4557,0.0005,25.6799,0.0413,0.0,25.6056,0.0469,0.0005,0.0,0.0002,0.0004,0.0001,STILL
-16.5374,19.7621,-2.5396,0.0006,25.8935,0.2136,0.0001,25.5941,0.0395,0.0005,0.0,0.0002,0.0005,0.0001,STILL
-16.5049,19.3659,-2.1973,0.0006,25.5398,0.3538,0.0,25.6371,0.0237,0.0005,0.0,0.0002,0.0005,0.0,STILL
-16.6446,19.0677,-1.9703,0.0006,25.3871,0.1527,0.0,25.6278,0.0278,0.0005,0.0,0.0003,0.0005,-0.0,STILL
-16.4938,19.2104,-1.7388,0.0003,25.3793,0.0078,0.0003,25.5759,0.0375,0.0005,0.0,0.0003,0.0004,-0.0,STILL
-16.37,19.159,-2.1566,0.0001,25.2922,0.0871,0.0002,25.4984,0.0454,0.0004,0.0,0.0002,0.0003,-0.0001,STILL
-16.621,18.5366,-2.5347,0.0002,25.0257,0.2665,0.0001,25.3248,0.0287,0.0003,0.0,0.0001,0.0002,-0.0001,STILL
-17.3562,18.6074,-2.709,0.0004,25.5893,0.5635,0.0002,25.3347,0.0334,0.0003,0.0,0.0001,0.0001,-0.0002,STILL
-17.5318,18.9796,-3.1297,0.0005,26.0267,0.4374,0.0001,25.4626,0.1122,0.0003,0.0,0.0,-0.0001,-0.0002,STILL
-16.8348,19.1556,-4.1663,0.0005,25.84,0.1866,0.0,25.5548,0.1308,0.0003,0.0,-0.0001,-0.0002,-0.0002,STILL
-17.3147,18.6557,-3.6018,0.0005,25.7062,0.1338,0.0,25.6376,0.1148,0.0004,0.0,-0.0001,-0.0003,-0.0002,STILL
-17.3112,18.7027,-3.8033,0.0005,25.7669,0.0607,0.0,25.7858,0.0213,0.0005,0.0,-0.0002,-0.0003,-0.0002,STILL
-17.2958,18.9622,-3.4301,0.0006,25.8935,0.1266,0.0002,25.8467,0.0121,0.0005,0.0,-0.0003,-0.0003,-0.0002,STILL
-17.1523,18.9697,-3.0691,0.0005,25.7579,0.1356,0.0002,25.7929,0.0044,0.0005,0.0,-0.0003,-0.0003,-0.0001,STILL
-16.9156,19.4852,-2.7772,0.0005,25.9523,0.1944,0.0,25.8154,0.0085,0.0005,0.0,-0.0004,-0.0002,-0.0001,STILL
-17.3731,19.6569,-2.9998,0.0006,26.4048,0.4526,0.0001,25.9551,0.0561,0.0005,0.0,-0.0005,-0.0,-0.0002,STILL
-17.2047,19.588,-4.0436,0.0005,26.3826,0.0222,0.0001,26.0782,0.0704,0.0005,0.0,-0.0004,-0.0,-0.0002,STILL
-17.1294,19.7173,-3.9693,0.0003,26.4186,0.036,0.0001,26.1833,0.0757,0.0005,0.0,-0.0004,-0.0,-0.0002,STILL
-16.8504,19.7113,-3.2629,0.0005,26.1365,0.2821,0.0002,26.259,0.0342,0.0005,0.0,-0.0004,-0.0001,-0.0002,STILL
-16.7959,19.5816,-3.9416,0.0002,26.0975,0.0391,0.0003,26.288,0.0198,0.0004,0.0,-0.0003,-0.0001,-0.0002,STILL
-17.0211,19.2184,-3.6064,0.0003,25.9243,0.1731,0.0001,26.1919,0.0343,0.0004,0.0,-0.0002,-0.0002,-0.0002,STILL
-16.7513,19.0341,-2.8632,0.0002,25.5166,0.4077,0.0002,26.0187,0.0882,0.0003,0.0,-0.0002,-0.0002,-0.0001,STILL
-16.7541,18.8241,-1.7187,0.0003,25.2587,0.2579,0.0002,25.7867,0.1179,0.0003,0.0,-0.0002,-0.0002,-0.0001,STILL
-16.5377,18.4468,-1.075,0.0002,24.7979,0.4608,0.0001,25.519,0.2173,0.0002,0.0,-0.0001,-0.0001,-0.0,STILL
-16.427,18.4606,-1.7162,0.0004,24.7707,0.0272,0.0001,25.2537,0.192,0.0003,0.0,-0.0001,-0.0001,-0.0001,STILL
-16.3729,18.1653,-2.173,0.0002,24.5514,0.2192,0.0001,24.9791,0.1253,0.0003,0.0,-0.0002,-0.0001,-0.0001,STILL
-16.392,17.9573,-2.3259,0.0002,24.4248,0.1266,0.0001,24.7607,0.0812,0.0003,0.0,-0.0002,-0.0,-0.0001,STILL
-16.6324,17.8846,-3.0732,0.0002,24.6158,0.191,0.0001,24.6321,0.0193,0.0002,0.0,-0.0001,0.0,-0.0001,STILL
-16.3028,18.067,-3.1211,0.0003,24.5345,0.0814,0.0001,24.5794,0.0129,0.0003,0.0,-0.0001,0.0001,-0.0001,STILL
-16.3079,18.3974,-3.1687,0.0002,24.7881,0.2537,0.0001,24.5829,0.0143,0.0002,0.0,-0.0001,0.0001,-0.0001,STILL
-16.4932,18.2616,-4.5444,0.0002,25.0233,0.2351,0.0001,24.6773,0.044,0.0002,0.0,-0.0001,0.0002,-0.0001,STILL
-16.4039,17.8874,-4.1386,0.0003,24.6207,0.4026,0.0001,24.7165,0.0303,0.0002,0.0,-0.0,0.0002,-0.0001,STILL
-16.42,17.7318,-4.0984,0.0003,24.5119,0.1088,0.0,24.6957,0.0363,0.0003,0.0,-0.0001,0.0002,-0.0001,STILL
-16.6079,18.0917,-3.2506,0.0002,24.7729,0.2611,0.0002,24.7434,0.03,0.0002,0.0,-0.0001,0.0002,-0.0,STILL
-16.6738,17.9515,-3.2755,0.0002,24.7184,0.0545,0.0,24.7294,0.0295,0.0002,0.0,-0.0001,0.0002,0.0,STILL
-16.5765,17.8299,-4.1298,0.0003,24.693,0.0254,0.0001,24.6634,0.0081,0.0003,0.0,-0.0001,0.0001,0.0001,STILL
-16.7675,18.3671,-4.5257,0.0002,25.2781,0.5851,0.0001,24.7948,0.0661,0.0002,0.0,-0.0,0.0,0.0001,STILL
-16.8577,18.2968,-5.2643,0.0002,25.4297,0.1516,0.0,24.9784,0.0969,0.0002,0.0,0.0,-0.0,0.0,STILL
-16.4799,18.4031,-4.4864,0.0001,25.1076,0.3221,0.0001,25.0453,0.0874,0.0002,0.0,0.0001,-0.0001,0.0,STILL
-16.5371,17.9568,-2.8923,0.0001,24.5823,0.5253,0.0,25.0181,0.1081,0.0002,0.0,0.0001,-0.0001,-0.0,STILL
-16.5484,18.1623,-2.6732,0.0002,24.7157,0.1334,0.0,25.0227,0.1053,0.0002,0.0,0.0001,-0.0,-0.0001,STILL
-16.72,17.908,-2.2136,0.0005,24.5999,0.1158,0.0003,24.887,0.1096,0.0002,0.0,0.0,0.0001,-0.0001,STILL
-16.7635,18.2451,-2.2583,0.0005,24.8797,0.2798,0.0,24.777,0.0386,0.0003,0.0,0.0,0.0002,-0.0001,STILL
-16.6577,18.4805,-2.2192,0.0004,24.9786,0.0989,0.0001,24.7512,0.0242,0.0003,0.0,0.0,0.0003,-0.0001,STILL
-16.7105,18.7469,-1.9816,0.0004,25.1915,0.2129,0.0001,24.8731,0.0424,0.0004,0.0,0.0,0.0004,-0.0001,STILL
-16.409,19.3225,-2.0415,0.0005,25.4319,0.2404,0.0,25.0163,0.0794,0.0005,0.0,0.0,0.0004,-0.0001,STILL
-16.4741,19.9393,-2.0895,0.0006,25.9487,0.5168,0.0001,25.2861,0.1458,0.0005,0.0,0.0001,0.0004,-0.0001,STILL
-16.9355,19.6983,-2.4153,0.0006,26.0896,0.1409,0.0,25.5281,0.1833,0.0005,0.0,0.0001,0.0005,-0.0001,STILL
-17.2109,19.4836,-2.3041,0.0005,26.0986,0.009,0.0,25.7521,0.1379,0.0005,0.0,0.0001,0.0005,-0.0001,STILL
-17.0594,19.3994,-2.4933,0.0005,25.9533,0.1453,0.0001,25.9044,0.0599,0.0005,0.0,0.0001,0.0005,-0.0001,STILL
-17.4506,18.9883,-2.2821,0.0006,25.8899,0.0634,0.0001,25.996,0.0069,0.0006,0.0,0.0002,0.0005,-0.0001,STILL
-17.548,19.0437,-2.4538,0.0004,26.0119,0.122,0.0002,26.0087,0.0064,0.0005,0.0,0.0002,0.0004,-0.0,STILL
-17.7821,19.0694,-2.0037,0.0003,26.1507,0.1388,0.0001,26.0209,0.0089,0.0005,0.0,0.0002,0.0003,0.0,STILL
-17.5101,18.7336,-1.5311,0.0003,25.6884,0.4623,0.0,25.9389,0.0231,0.0004,0.0,0.0002,0.0002,0.0,STILL
-17.5612,18.6244,-2.6655,0.0003,25.7365,0.0481,0.0001,25.8955,0.0294,0.0004,0.0,0.0002,0.0,0.0,STILL
-17.2427,18.4714,-2.748,0.0002,25.4176,0.3189,0.0001,25.801,0.0661,0.0003,0.0,0.0,-0.0001,0.0001,STILL
-16.9442,18.6771,-2.6922,0.0003,25.3611,0.0565,0.0001,25.6709,0.079,0.0003,0.0,-0.0,-0.0001,0.0001,STILL
-17.2022,18.7354,-2.7319,0.0003,25.5812,0.22,0.0,25.557,0.0216,0.0003,0.0,-0.0001,-0.0001,0.0001,STILL
-17.0524,18.7165,-3.1511,0.0002,25.5151,0.0661,0.0,25.5223,0.0173,0.0003,0.0,-0.0001,-0.0,0.0001,STILL
-17.195,19.3794,-2.8521,0.0004,26.0647,0.5496,0.0001,25.5879,0.0626,0.0003,0.0,-0.0001,0.0001,0.0,STILL
-17.0779,18.9254,-3.0723,0.0005,25.6762,0.3885,0.0001,25.6396,0.0557,0.0003,0.0,0.0,0.0002,0.0001,STILL
-17.053,18.8435,-2.8235,0.0005,25.5705,0.1057,0.0,25.6815,0.0394,0.0004,0.0,0.0001,0.0002,0.0001,STILL
-17.1017,18.7185,-2.8588,0.0005,25.5152,0.0553,0.0,25.6683,0.0427,0.0004,0.0,0.0002,0.0003,0.0001,STILL
-17.3876,19.0436,-2.487,0.0004,25.907,0.3918,0.0001,25.7467,0.0433,0.0005,0.0,0.0002,0.0003,0.0001,STILL
-16.7914,18.7161,-2.3709,0.0003,25.256,0.651,0.0001,25.585,0.0451,0.0005,0.0,0.0002,0.0004,0.0001,STILL
-16.9956,18.4729,-2.053,0.0003,25.1856,0.0704,0.0001,25.4868,0.0657,0.0004,0.0,0.0002,0.0004,0.0001,STILL
-16.6683,18.9971,-3.0205,0.0003,25.4528,0.2673,0.0,25.4633,0.064,0.0004,0.0,0.0001,0.0003,0.0001,STILL
-16.3347,18.8351,-2.9851,0.0001,25.1097,0.3431,0.0002,25.3822,0.0819,0.0003,0.0,0.0001,0.0002,0.0001,STILL
-16.0459,18.4275,-3.0381,0.0003,24.6226,0.4871,0.0002,25.1253,0.0762,0.0003,0.0,-0.0,0.0001,0.0,STILL
-16.2804,18.7045,-3.3742,0.0003,25.0259,0.4033,0.0,25.0793,0.0726,0.0003,0.0,-0.0001,0.0,0.0,STILL
-16.3994,18.6073,-2.2494,0.0005,24.9045,0.1215,0.0002,25.0231,0.0733,0.0003,0.0,-0.0001,-0.0001,0.0,STILL
-16.0695,18.3609,-3.0183,0.0005,24.5858,0.3187,0.0001,24.8497,0.0446,0.0003,0.0,-0.0002,-0.0002,0.0,STILL
-16.015,18.6293,-3.4334,0.0007,24.8056,0.2199,0.0002,24.7889,0.0277,0.0005,0.0,-0.0003,-0.0003,0.0,STILL
-16.3963,18.7691,-3.7561,0.0008,25.2037,0.3981,0.0,24.9051,0.0431,0.0006,0.0,-0.0003,-0.0005,0.0001,STILL
-16.3358,18.6278,-4.083,0.0006,25.1102,0.0935,0.0002,24.922,0.0483,0.0006,0.0,-0.0003,-0.0005,0.0001,STILL
-16.3968,18.5491,-2.4976,0.0006,24.883,0.2273,0.0,24.9177,0.0486,0.0006,0.0,-0.0003,-0.0005,0.0002,STILL
-16.0331,18.7299,-1.9669,0.0005,24.7333,0.1497,0.0,24.9472,0.0325,0.0006,0.0,-0.0003,-0.0005,0.0002,STILL
-16.1327,18.8652,-2.2329,0.0004,24.9228,0.1895,0.0001,24.9706,0.028,0.0006,0.0,-0.0003,-0.0005,0.0002,STILL
-15.8124,18.6921,-2.9175,0.0002,24.6564,0.2663,0.0003,24.8611,0.0249,0.0005,0.0,-0.0002,-0.0004,0.0002,STILL
-16.2718,18.51,-2.8247,0.0004,24.8066,0.1502,0.0002,24.8004,0.0094,0.0004,0.0,-0.0001,-0.0003,0.0001,STILL
-16.3018,18.5298,-3.2785,0.0004,24.8968,0.0902,0.0,24.8032,0.0099,0.0004,0.0,0.0001,-0.0002,0.0001,STILL
-16.554,18.1426,-2.054,0.0003,24.6456,0.2512,0.0001,24.7857,0.0136,0.0003,0.0,0.0001,-0.0002,0.0,STILL
-16.6557,18.386,-2.487,0.0003,24.9327,0.2871,0.0001,24.7877,0.0141,0.0003,0.0,0.0002,-0.0001,0.0,STILL
-16.5308,18.2119,-3.2708,0.0004,24.8121,0.1206,0.0001,24.8188,0.0098,0.0004,0.0,0.0002,-0.0002,0.0001,STILL
-16.959,18.4445,-3.551,0.0004,25.3065,0.4944,0.0,24.9187,0.0474,0.0004,0.0,0.0002,-0.0002,0.0001,STILL
-17.2328,18.1462,-4.2408,0.0006,25.3819,0.0754,0.0002,25.0158,0.0808,0.0004,0.0,0.0001,-0.0003,0.0001,STILL
-16.9831,18.3889,-3.8708,0.0004,25.329,0.0529,0.0002,25.1524,0.0543,0.0004,0.0,0.0,-0.0004,0.0001,STILL
-16.6365,18.3986,-3.6716,0.0002,25.0751,0.2539,0.0002,25.1809,0.0451,0.0004,0.0,-0.0,-0.0003,0.0001,STILL
-17.0748,18.3439,-4.6311,0.0002,25.4852,0.41,0.0,25.3156,0.0182,0.0004,0.0,-0.0001,-0.0002,0.0001,STILL
-17.2817,17.8907,-3.8111,0.0002,25.1647,0.3205,0.0001,25.2872,0.022,0.0003,0.0,-0.0001,-0.0002,0.0001,STILL
-17.0379,18.1157,-3.1583,0.0002,25.0688,0.0959,0.0001,25.2246,0.0258,0.0002,0.0,-0.0001,-0.0,0.0001,STILL
-17.2241,18.5582,-2.6954,0.0003,25.4625,0.3937,0.0001,25.2513,0.0342,0.0002,0.0,-0.0001,0.0001,0.0002,STILL
-16.898,18.2591,-1.8719,0.0005,24.9487,0.5138,0.0002,25.226,0.0457,0.0003,0.0,-0.0001,0.0001,0.0002,STILL
-16.9778,18.7604,-1.9663,0.0007,25.3784,0.4296,0.0001,25.2046,0.0364,0.0004,0.0,-0.0001,0.0003,0.0002,STILL
-17.0478,19.3927,-2.3918,0.0006,25.9312,0.5528,0.0,25.3579,0.1182,0.0005,0.0,-0.0001,0.0004,0.0002,STILL
-16.957,19.4766,-2.4884,0.0006,25.9436,0.0125,0.0,25.5329,0.1395,0.0005,0.0,-0.0,0.0005,0.0001,STILL
-17.1125,19.2157,-2.3626,0.0008,25.8392,0.1045,0.0002,25.6082,0.1516,0.0006,0.0,0.0001,0.0006,0.0001,STILL
-17.44,19.1194,-2.0432,0.0007,25.9592,0.1201,0.0001,25.8103,0.0484,0.0007,0.0,0.0001,0.0006,0.0,STILL
-17.0614,19.3518,-1.9939,0.0007,25.8758,0.0834,0.0,25.9098,0.002,0.0007,0.0,0.0002,0.0006,-0.0,STILL
-16.7554,19.5752,-2.3139,0.0006,25.8705,0.0053,0.0001,25.8977,0.0021,0.0007,0.0,0.0003,0.0006,-0.0001,STILL
-17.1449,19.4758,-2.4417,0.0004,26.0618,0.1912,0.0002,25.9213,0.0065,0.0006,0.0,0.0003,0.0005,-0.0001,STILL
-17.2597,19.3775,-2.3596,0.0004,26.0567,0.0051,0.0,25.9648,0.0069,0.0006,0.0,0.0003,0.0004,-0.0001,STILL
-16.9734,19.9614,-2.7752,0.0004,26.3487,0.292,0.0001,26.0427,0.0303,0.0005,0.0,0.0003,0.0004,-0.0002,STILL
-16.5256,19.8847,-2.6296,0.0005,25.9887,0.36,0.0001,26.0653,0.0248,0.0005,0.0,0.0002,0.0003,-0.0002,STILL
-16.3173,19.5922,-2.4661,0.0007,25.6162,0.3725,0.0001,26.0144,0.055,0.0005,0.0,0.0002,0.0004,-0.0002,STILL
-16.5539,19.2706,-2.0542,0.0005,25.4874,0.1288,0.0002,25.8995,0.0969,0.0005,0.0,0.0002,0.0004,-0.0002,STILL
-16.7712,19.0071,-2.3433,0.0001,25.4565,0.0308,0.0004,25.7795,0.1168,0.0004,0.0,0.0002,0.0003,-0.0002,STILL
-16.4763,18.7494,-2.5215,0.0003,25.0872,0.3693,0.0002,25.5272,0.0842,0.0004,0.0,0.0002,0.0002,-0.0002,STILL
-16.5373,19.0808,-3.6204,0.0005,25.5082,0.4209,0.0002,25.4311,0.0325,0.0004,0.0,0.0002,0.0001,-0.0001,STILL
-16.3892,19.1115,-3.6119,0.0004,25.4343,0.0739,0.0001,25.3947,0.0243,0.0003,0.0,0.0001,-0.0001,-0.0001,STILL
-16.0801,19.0267,-3.3552,0.0003,25.1365,0.2978,0.0001,25.3245,0.031,0.0003,0.0,0.0001,-0.0002,-0.0001,STILL
-16.0704,18.9745,-3.1935,0.0004,25.0696,0.0669,0.0,25.2472,0.0345,0.0004,0.0,0.0001,-0.0003,-0.0002,STILL
-16.0907,19.0546,-3.9454,0.0006,25.2498,0.1802,0.0002,25.2797,0.0283,0.0004,0.0,0.0001,-0.0003,-0.0002,STILL
-16.0194,18.8218,-3.1907,0.0003,24.9211,0.3287,0.0003,25.1623,0.0298,0.0004,0.0,0.0,-0.0003,-0.0002,STILL
-16.1812,18.7887,-2.9338,0.0002,24.969,0.0479,0.0001,25.0692,0.0138,0.0004,0.0,0.0,-0.0003,-0.0002,STILL
-16.0543,19.1247,-2.8471,0.0002,25.1317,0.1626,0.0,25.0682,0.0137,0.0003,0.0,-0.0001,-0.0002,-0.0002,STILL
-16.2622,19.3623,-3.4589,0.0005,25.521,0.3893,0.0002,25.1585,0.0465,0.0004,0.0,-0.0001,-0.0002,-0.0001,STILL
-15.6316,19.2023,-2.9577,0.0002,24.9364,0.5846,0.0003,25.0958,0.0508,0.0003,0.0,-0.0002,-0.0001,-0.0,STILL
-15.8178,19.5212,-3.1631,0.0002,25.3236,0.3872,0.0,25.1763,0.0486,0.0003,0.0,-0.0002,-0.0,0.0,STILL
-16.173,19.3232,-3.2305,0.0001,25.4045,0.0809,0.0001,25.2634,0.0428,0.0002,0.0,-0.0002,0.0,0.0,STILL
-16.4384,19.1336,-3.7031,0.0003,25.4956,0.0911,0.0002,25.3362,0.0448,0.0003,0.0,-0.0002,-0.0,-0.0,STILL
-16.207,18.7506,-3.3687,0.0003,25.012,0.4837,0.0,25.2344,0.0487,0.0002,0.0,-0.0002,-0.0,-0.0,STILL
-16.0156,18.813,-3.4481,0.0003,24.9463,0.0657,0.0,25.2364,0.0475,0.0002,0.0,-0.0002,-0.0,-0.0001,STILL
-15.9562,19.6129,-3.396,0.0003,25.5108,0.5645,0.0,25.2738,0.0597,0.0002,0.0,-0.0002,-0.0,-0.0001,STILL
-16.6587,19.8903,-3.098,0.0031,26.1292,0.6184,0.0028,25.4188,0.1816,0.0008,1e-06,-0.0002,-0.0,-0.0007,STILL
-16.6207,19.806,-2.7378,0.0022,26.0004,0.1288,0.0009,25.5197,0.2379,0.0012,1e-06,-0.0002,0.0,-0.0011,STILL
-16.9591,19.9479,-2.7152,0.0016,26.323,0.3226,0.0006,25.7819,0.2466,0.0015,1e-06,-0.0002,0.0001,-0.0014,STILL
-16.7766,19.5927,-2.4253,0.001,25.9078,0.4153,0.0006,25.9742,0.0731,0.0016,1e-06,-0.0001,0.0001,-0.0016,STILL
-16.4463,19.8429,-2.9121,0.0007,25.9365,0.0288,0.0004,26.0594,0.0232,0.0017,1e-06,-0.0001,0.0001,-0.0017,STILL
-16.4508,19.4681,-2.811,0.0006,25.6425,0.294,0.0001,25.962,0.0475,0.0012,0.0,-0.0001,0.0001,-0.0012,STILL
-16.6106,19.3245,-2.6769,0.0005,25.6225,0.0199,0.0001,25.8865,0.0645,0.0009,0.0,-0.0001,0.0,-0.0008,STILL
-16.9166,19.0002,-2.4071,0.0004,25.5534,0.0692,0.0001,25.7325,0.0249,0.0006,0.0,-0.0001,-0.0001,-0.0004,STILL
-17.2646,19.3377,-2.3882,0.0004,26.0329,0.4796,0.0001,25.7576,0.0362,0.0005,0.0,-0.0002,-0.0002,-0.0002,STILL
-17.3648,19.317,-3.1512,0.0002,26.1651,0.1322,0.0001,25.8033,0.0609,0.0004,0.0,-0.0002,-0.0002,-0.0001,STILL
-17.2324,18.813,-2.3897,0.0005,25.6241,0.541,0.0003,25.7996,0.0622,0.0004,0.0,-0.0002,-0.0003,0.0001,STILL
-17.0016,18.9441,-1.7555,0.0006,25.515,0.1091,0.0001,25.7781,0.0716,0.0004,0.0,-0.0002,-0.0003,0.0002,STILL
-17.0231,18.8678,-1.2482,0.0004,25.4429,0.0721,0.0002,25.756,0.0835,0.0004,0.0,-0.0001,-0.0003,0.0002,STILL
-16.6185,18.7724,-1.1954,0.0005,25.0999,0.3429,0.0001,25.5694,0.1194,0.0005,0.0,-0.0001,-0.0004,0.0002,STILL
-16.5386,18.8148,-1.0438,0.0007,25.0721,0.0278,0.0002,25.3508,0.0502,0.0006,0.0,-0.0001,-0.0005,0.0003,STILL
-16.6527,18.4956,-1.9507,0.0009,24.9641,0.108,0.0002,25.2188,0.0477,0.0007,0.0,0.0,-0.0006,0.0003,STILL
-16.7472,18.7058,-2.273,0.001,25.21,0.2459,0.0,25.1578,0.0264,0.0007,0.0,0.0,-0.0006,0.0003,STILL
-16.979,18.5334,-2.3403,0.0007,25.2438,0.0338,0.0003,25.118,0.0101,0.0008,0.0,0.0,-0.0007,0.0004,STILL
-17.1707,18.9017,-2.4316,0.0004,25.6519,0.4081,0.0003,25.2284,0.0549,0.0007,0.0,0.0001,-0.0006,0.0004,STILL
-16.7616,18.4901,-2.3984,0.0004,25.0716,0.5803,0.0001,25.2283,0.0549,0.0007,0.0,0.0001,-0.0005,0.0004,STILL
-16.5749,18.3359,-2.7437,0.0004,24.8688,0.2028,0.0001,25.2092,0.0664,0.0006,0.0,0.0001,-0.0003,0.0004,STILL
-16.6036,18.9968,-2.7606,0.0005,25.3807,0.5119,0.0001,25.2434,0.0711,0.0005,0.0,0.0002,-0.0001,0.0004,STILL
-16.6829,19.035,-2.6397,0.0005,25.4483,0.0676,0.0001,25.2843,0.0778,0.0004,0.0,0.0002,0.0001,0.0003,STILL
-16.5463,19.2748,-2.6024,0.0004,25.5357,0.0874,0.0001,25.261,0.0629,0.0004,0.0,0.0002,0.0002,0.0003,STILL
-16.6558,18.9011,-2.0882,0.0006,25.279,0.2567,0.0002,25.3025,0.0541,0.0005,0.0,0.0002,0.0003,0.0002,STILL
-16.7778,19.3771,-2.008,0.0006,25.7099,0.4309,0.0,25.4707,0.0214,0.0005,0.0,0.0001,0.0004,0.0002,STILL
-17.2347,19.5267,-2.2439,0.0006,26.1412,0.4313,0.0,25.6228,0.0865,0.0006,0.0,0.0,0.0005,0.0002,STILL
-17.2628,19.5026,-2.0014,0.0006,26.1221,0.0192,0.0,25.7576,0.1121,0.0006,0.0,-0.0001,0.0005,0.0002,STILL
-17.2477,19.2865,-1.5355,0.0006,25.9193,0.2028,0.0,25.8343,0.1016,0.0006,0.0,-0.0001,0.0006,0.0002,STILL
-16.9107,19.1292,-1.7128,0.0005,25.5897,0.3296,0.0001,25.8964,0.0481,0.0006,0.0,-0.0001,0.0005,0.0002,STILL
-17.2317,19.1221,-2.0265,0.0005,25.8204,0.2307,0.0,25.9185,0.0418,0.0005,0.0,-0.0001,0.0004,0.0002,STILL
-16.926,19.0758,-1.5618,0.0005,25.5502,0.2702,0.0,25.8003,0.045,0.0005,0.0,-0.0001,0.0004,0.0003,STILL
-17.0189,18.9731,-2.6807,0.0004,25.6283,0.0781,0.0001,25.7016,0.0205,0.0005,0.0,-0.0002,0.0003,0.0003,STILL
-16.9307,18.9504,-2.5446,0.0003,25.539,0.0893,0.0001,25.6255,0.0105,0.0004,0.0,-0.0002,0.0002,0.0003,STILL
-16.4696,18.6166,-1.9544,0.0003,24.9328,0.6063,0.0,25.4941,0.0889,0.0004,0.0,-0.0001,0.0002,0.0003,STILL
-16.5569,18.487,-2.6791,0.0003,24.9615,0.0288,0.0,25.3224,0.0949,0.0004,0.0,-0.0001,0.0001,0.0003,STILL
-16.458,18.5865,-2.2277,0.0003,24.9256,0.0359,0.0,25.1975,0.1004,0.0003,0.0,-0.0001,-0.0,0.0003,STILL
-15.6758,18.2036,-2.4446,0.0003,24.147,0.7786,0.0,24.9012,0.1962,0.0003,0.0,-0.0001,-0.0001,0.0003,STILL
-15.675,18.2785,-2.9682,0.0005,24.2615,0.1145,0.0001,24.6457,0.1314,0.0003,0.0,-0.0001,-0.0002,0.0002,STILL
-16.2306,18.2884,-2.4308,0.0006,24.5725,0.311,0.0002,24.5736,0.1108,0.0004,0.0,-0.0001,-0.0003,0.0002,STILL
-16.1908,18.4057,-2.4947,0.0004,24.6401,0.0676,0.0002,24.5093,0.0774,0.0004,0.0,-0.0001,-0.0004,0.0001,STILL
-16.0495,18.584,-2.1207,0.0004,24.6464,0.0063,0.0,24.4535,0.0434,0.0005,0.0,-0.0001,-0.0004,0.0001,STILL
-16.1208,18.3453,-2.0747,0.0004,24.5099,0.1365,0.0001,24.5261,0.02,0.0005,0.0,-0.0001,-0.0004,0.0001,STILL
-16.2404,18.545,-3.0816,0.0004,24.8428,0.3329,0.0001,24.6423,0.0125,0.0005,0.0,-0.0001,-0.0004,0.0001,STILL
-16.4955,18.3266,-2.8684,0.0003,24.8232,0.0196,0.0001,24.6925,0.0156,0.0004,0.0,-0.0001,-0.0004,0.0001,STILL
-16.5339,18.2988,-2.3729,0.0003,24.7759,0.0473,0.0001,24.7197,0.0157,0.0004,0.0,-0.0,-0.0003,0.0001,STILL
-16.5302,18.289,-2.6671,0.0003,24.7962,0.0203,0.0,24.7496,0.0149,0.0003,0.0,0.0,-0.0003,0.0001,STILL
-16.6804,18.4219,-2.6743,0.0002,24.9951,0.1989,0.0001,24.8466,0.006,0.0003,0.0,0.0001,-0.0002,0.0001,STILL
-16.11,18.2469,-2.8269,0.0002,24.5045,0.4906,0.0,24.779,0.0249,0.0003,0.0,0.0001,-0.0001,0.0001,STILL
-16.4349,18.6475,-2.4022,0.0005,24.9721,0.4676,0.0002,24.8087,0.031,0.0003,0.0,0.0002,0.0,0.0001,STILL
-16.0354,18.5492,-2.3498,0.0007,24.6319,0.3402,0.0002,24.7799,0.0362,0.0004,0.0,0.0003,0.0001,0.0002,STILL
-16.3221,18.805,-2.3299,0.0005,25.0093,0.3774,0.0002,24.8226,0.0449,0.0004,0.0,0.0003,0.0002,0.0002,STILL
-16.2545,19.1253,-2.1077,0.0006,25.1878,0.1785,0.0001,24.8611,0.0641,0.0005,0.0,0.0003,0.0002,0.0002,STILL
-16.2317,18.7158,-1.8267,0.0006,24.8413,0.3466,0.0,24.9285,0.0343,0.0006,0.0,0.0004,0.0003,0.0003,STILL
-16.8604,18.4258,-1.9614,0.0006,25.0525,0.2113,0.0,24.9446,0.0367,0.0006,0.0,0.0004,0.0003,0.0002,STILL
-16.6789,18.3625,-1.8316,0.0006,24.8742,0.1784,0.0,24.993,0.0158,0.0006,0.0,0.0004,0.0003,0.0002,STILL
-16.6057,18.7744,-2.384,0.0004,25.1775,0.3034,0.0001,25.0267,0.0214,0.0005,0.0,0.0004,0.0003,0.0001,STILL
-16.3283,18.6133,-2.4354,0.0003,24.8796,0.2979,0.0001,24.965,0.0167,0.0005,0.0,0.0004,0.0003,0.0001,STILL
-16.1407,19.3062,-2.2733,0.0004,25.267,0.3874,0.0,25.0502,0.0247,0.0005,0.0,0.0003,0.0002,0.0002,STILL
-15.8907,19.7294,-2.1999,0.0003,25.4284,0.1614,0.0001,25.1253,0.0476,0.0004,0.0,0.0002,0.0001,0.0002,STILL
-16.1845,19.421,-2.0099,0.0002,25.3604,0.068,0.0001,25.2226,0.0366,0.0003,0.0,0.0001,-0.0,0.0002,STILL
-16.3632,19.2368,-2.2517,0.0003,25.355,0.0054,0.0,25.2581,0.0384,0.0003,0.0,0.0,-0.0,0.0003,STILL
-16.4874,19.0551,-2.417,0.0002,25.3135,0.0416,0.0001,25.3449,0.0029,0.0003,0.0,0.0,-0.0,0.0002,STILL
-16.4899,18.8409,-2.1054,0.0002,25.1263,0.1872,0.0,25.3167,0.0104,0.0002,0.0,0.0,0.0,0.0002,STILL
-16.4357,18.4321,-1.7906,0.0002,24.7605,0.3658,0.0,25.1831,0.052,0.0002,0.0,0.0001,0.0001,0.0001,STILL
-16.2454,18.9394,-1.4606,0.0004,24.995,0.2345,0.0002,25.1101,0.0474,0.0002,0.0,0.0001,0.0001,0.0001,STILL
-16.3963,18.9234,-1.8216,0.0004,25.1049,0.1099,0.0,25.06,0.0329,0.0003,0.0,0.0002,0.0001,0.0,STILL
-16.6702,18.8606,-2.0104,0.0002,25.2519,0.1471,0.0002,25.0477,0.0273,0.0003,0.0,0.0002,0.0001,0.0,STILL
-16.8424,18.5385,-1.874,0.0003,25.1168,0.1351,0.0001,25.0458,0.027,0.0003,0.0,0.0003,0.0001,-0.0,STILL
-16.7427,18.3089,-1.9304,0.0003,24.8849,0.2319,0.0,25.0707,0.0153,0.0003,0.0,0.0003,0.0,-0.0001,STILL
-16.5035,18.3596,-1.9381,0.0002,24.7628,0.1221,0.0001,25.0243,0.0309,0.0003,0.0,0.0002,0.0,-0.0001,STILL
-16.4091,18.5096,-1.5411,0.0004,24.7838,0.021,0.0002,24.9601,0.0371,0.0003,0.0,0.0001,0.0,-0.0002,STILL
-16.5491,18.3889,-0.3172,0.0005,24.7412,0.0426,0.0001,24.8579,0.0192,0.0003,0.0,-0.0,-0.0001,-0.0002,STILL
-16.6424,18.633,0.165,0.0003,24.9837,0.2425,0.0002,24.8313,0.0082,0.0003,0.0,-0.0001,-0.0001,-0.0002,STILL
-16.4108,19.4564,-0.4399,0.0005,25.457,0.4733,0.0001,24.9457,0.0729,0.0004,0.0,-0.0002,-0.0002,-0.0001,STILL
-16.2193,19.0276,-1.0738,0.0001,25.0254,0.4317,0.0003,24.9982,0.0647,0.0004,0.0,-0.0002,-0.0002,-0.0001,STILL
-16.0317,19.3627,-1.084,0.0003,25.1616,0.1362,0.0002,25.0738,0.0551,0.0004,0.0,-0.0002,-0.0002,-0.0001,STILL
-15.6941,19.5496,-1.4297,0.0004,25.1104,0.0511,0.0001,25.1476,0.0278,0.0003,0.0,-0.0001,-0.0001,-0.0001,STILL
-15.8178,18.9709,-1.4844,0.0002,24.7447,0.3657,0.0002,25.0998,0.0526,0.0003,0.0,-0.0001,0.0,-0.0001,STILL
-16.2198,18.9423,-1.6875,0.0002,24.9949,0.2502,0.0,25.0074,0.0208,0.0003,0.0,-0.0001,0.0001,-0.0001,STILL
-16.0602,18.8445,-1.8531,0.0003,24.829,0.1658,0.0001,24.9681,0.0255,0.0003,0.0,-0.0002,0.0002,-0.0001,STILL
-16.0482,18.76,-1.7981,0.0003,24.7531,0.076,0.0,24.8864,0.0206,0.0003,0.0,-0.0001,0.0002,-0.0001,STILL
-16.1292,18.5299,-1.876,0.0003,24.6379,0.1152,0.0001,24.7919,0.014,0.0003,0.0,-0.0002,0.0001,-0.0,STILL
-16.3658,19.0239,-2.1071,0.0004,25.1831,0.5452,0.0,24.8796,0.0365,0.0003,0.0,-0.0002,0.0002,0.0,STILL
-16.0396,18.866,-2.0825,0.0003,24.8501,0.333,0.0001,24.8507,0.0332,0.0003,0.0,-0.0002,0.0002,0.0,STILL
-16.1629,19.1022,-2.1223,0.0004,25.1125,0.2623,0.0002,24.9073,0.0436,0.0003,0.0,-0.0001,0.0003,0.0,STILL
-16.4334,19.0817,-2.1509,0.0001,25.2744,0.162,0.0003,25.0116,0.0549,0.0003,0.0,-0.0001,0.0003,0.0,STILL
-15.8249,18.5404,-2.1989,0.0001,24.4746,0.7998,0.0,24.979,0.0835,0.0003,0.0,-0.0,0.0002,0.0,STILL
-15.7537,18.9417,-3.6466,0.0006,24.9051,0.4304,0.0004,24.9233,0.0732,0.0003,0.0,-0.0001,0.0,0.0,STILL
-15.9123,19.3065,-4.2985,0.0006,25.3854,0.4803,0.0001,25.0304,0.1034,0.0004,0.0,-0.0001,-0.0001,0.0,STILL
-15.6705,19.0108,-4.1513,0.0006,24.9841,0.4013,0.0001,25.0047,0.1018,0.0004,0.0,-0.0002,-0.0003,0.0001,STILL
-15.8426,18.693,-4.6398,0.0003,24.9388,0.0453,0.0002,24.9376,0.0836,0.0004,0.0,-0.0002,-0.0004,0.0001,STILL
-15.9585,18.7732,-4.5118,0.0003,25.0492,0.1103,0.0,25.0525,0.03,0.0005,0.0,-0.0002,-0.0004,0.0001,STILL
-16.3637,18.2248,-4.4782,0.0007,24.8991,0.1501,0.0004,25.0513,0.0304,0.0005,0.0,-0.0002,-0.0004,0.0001,STILL
-16.3847,17.9798,-3.5576,0.0008,24.5843,0.3148,0.0001,24.8911,0.026,0.0005,0.0,-0.0002,-0.0005,0.0,STILL
-16.6484,17.8964,-4.2679,0.0006,24.8126,0.2283,0.0001,24.8568,0.0243,0.0005,0.0,-0.0001,-0.0005,0.0,STILL
-16.4562,18.5296,-4.6425,0.0004,25.2132,0.4006,0.0002,24.9117,0.0454,0.0006,0.0,-0.0001,-0.0005,0.0,STILL
-16.315,18.1299,-3.8046,0.0009,24.6849,0.5282,0.0004,24.8388,0.0466,0.0007,0.0,-0.0002,-0.0006,0.0,STILL
-16.2395,18.6414,-3.8156,0.0005,25.0156,0.3307,0.0003,24.8621,0.0516,0.0006,0.0,-0.0002,-0.0006,-0.0,STILL
-16.6009,18.6225,-3.4649,0.0004,25.1872,0.1716,0.0002,24.9827,0.0427,0.0006,0.0,-0.0002,-0.0005,-0.0,STILL
-16.6839,18.523,-3.1345,0.0004,25.1253,0.0619,0.0,25.0452,0.0371,0.0005,0.0,-0.0003,-0.0004,0.0,STILL
-17.019,18.684,-2.7669,0.0003,25.4243,0.299,0.0001,25.0875,0.0584,0.0005,0.0,-0.0003,-0.0003,0.0,STILL
-16.8089,18.6972,-2.9604,0.0003,25.3158,0.1085,0.0,25.2136,0.0205,0.0004,0.0,-0.0002,-0.0001,-0.0,STILL
-16.219,18.8734,-2.6558,0.0004,25.0263,0.2895,0.0001,25.2158,0.0197,0.0003,0.0,-0.0001,0.0001,-0.0,STILL
-16.3346,18.905,-2.5997,0.0004,25.1192,0.0929,0.0,25.2022,0.0212,0.0004,0.0,-0.0,0.0002,-0.0,STILL
-16.1552,18.9021,-2.5985,0.0006,25.0006,0.1186,0.0002,25.1773,0.0275,0.0004,0.0,0.0001,0.0003,-0.0,STILL
-16.5523,18.7686,-2.5788,0.0006,25.1572,0.1566,0.0001,25.1238,0.0125,0.0005,0.0,0.0002,0.0004,-0.0,STILL
-16.7449,18.6367,-2.4568,0.0006,25.1745,0.0173,0.0001,25.0956,0.0049,0.0005,0.0,0.0002,0.0004,-0.0,STILL
-16.4085,18.9594,-2.5717,0.0006,25.2053,0.0308,0.0,25.1314,0.005,0.0005,0.0,0.0003,0.0004,0.0,STILL
-16.7174,18.9706,-2.123,0.0004,25.3745,0.1691,0.0002,25.1824,0.0142,0.0005,0.0,0.0003,0.0004,0.0001,STILL
-16.8989,18.8484,-2.2484,0.0005,25.4144,0.0399,0.0001,25.2652,0.0115,0.0005,0.0,0.0003,0.0004,0.0001,STILL
-16.941,19.1225,-1.9299,0.0004,25.6201,0.2058,0.0002,25.3578,0.0258,0.0005,0.0,0.0003,0.0003,0.0001,STILL
-17.0591,18.6448,-1.5252,0.0004,25.3173,0.3028,0.0,25.3863,0.0186,0.0004,0.0,0.0003,0.0002,0.0001,STILL
-16.9254,18.6784,-0.7389,0.0004,25.217,0.1004,0.0,25.3886,0.0178,0.0004,0.0,0.0002,0.0002,0.0002,STILL
-16.4622,18.8458,-1.6599,0.0004,25.0783,0.1386,0.0,25.3294,0.0335,0.0004,0.0,0.0001,0.0001,0.0002,STILL
-16.0447,18.5173,-1.2404,0.0002,24.5329,0.5455,0.0002,25.1531,0.1279,0.0003,0.0,0.0001,0.0,0.0002,STILL
-16.3639,18.5201,-1.5267,0.0002,24.7609,0.228,0.0,24.9813,0.0855,0.0003,0.0,0.0001,0.0,0.0002,STILL
-16.4974,18.6036,-1.1807,0.0003,24.8928,0.1319,0.0001,24.8964,0.0573,0.0003,0.0,0.0,0.0001,0.0002,STILL
-16.5698,18.6516,-1.8446,0.0003,25.0168,0.1241,0.0,24.8563,0.038,0.0003,0.0,-0.0,0.0002,0.0001,STILL
-17.1558,18.3494,-2.185,0.0005,25.215,0.1982,0.0002,24.8837,0.0531,0.0003,0.0,-0.0,0.0003,0.0,STILL
-16.9903,18.6076,-2.4449,0.0006,25.3158,0.1008,0.0001,25.0403,0.0414,0.0004,0.0,-0.0001,0.0004,-0.0,STILL
-17.236,19.1267,-2.3434,0.0005,25.8535,0.5376,0.0001,25.2588,0.1103,0.0005,0.0,-0.0,0.0004,-0.0,STILL
-16.9794,18.9795,-2.6154,0.0006,25.6001,0.2534,0.0001,25.4003,0.0868,0.0005,0.0,-0.0001,0.0005,-0.0,STILL
-17.3304,19.2992,-2.7235,0.0006,26.0811,0.481,0.0,25.6131,0.1048,0.0006,0.0,-0.0,0.0006,-0.0,STILL
-17.0143,19.4456,-2.4601,0.0007,25.9552,0.1259,0.0001,25.7611,0.0746,0.0006,0.0,0.0,0.0006,-0.0,STILL
-17.0646,19.5596,-2.6337,0.0006,26.0905,0.1353,0.0001,25.9161,0.0326,0.0006,0.0,0.0001,0.0006,0.0,STILL
-16.8423,19.3883,-2.432,0.0004,25.797,0.2935,0.0003,25.9048,0.0345,0.0006,0.0,0.0001,0.0005,0.0001,STILL
-16.5551,20.27,-2.8362,0.0003,26.3247,0.5277,0.0001,26.0497,0.0302,0.0005,0.0,0.0001,0.0005,0.0001,STILL
-16.6909,20.5629,-3.2533,0.0002,26.6834,0.3587,0.0,26.1702,0.0958,0.0004,0.0,0.0001,0.0004,0.0001,STILL
-16.2528,20.0035,-2.7308,0.0002,25.9181,0.7653,0.0,26.1627,0.0992,0.0003,0.0,0.0001,0.0003,0.0001,STILL
-15.9491,19.6278,-1.2346,0.0002,25.3209,0.5972,0.0,26.0088,0.2162,0.0002,0.0,-0.0,0.0002,0.0,STILL
-16.3468,19.1897,-2.7752,0.0002,25.3607,0.0398,0.0,25.9215,0.2837,0.0002,0.0,-0.0001,0.0001,-0.0,STILL
-15.9712,19.3018,-2.6358,0.0004,25.1909,0.1697,0.0001,25.6948,0.3065,0.0002,0.0,-0.0001,0.0,-0.0001,STILL
-15.9301,19.3602,-2.5274,0.0004,25.1986,0.0077,0.0,25.3978,0.0721,0.0003,0.0,-0.0001,0.0,-0.0002,STILL
-15.7315,19.2913,-2.1719,0.0003,24.987,0.2116,0.0001,25.2116,0.017,0.0003,0.0,-0.0001,-0.0,-0.0002,STILL
-15.8884,18.7018,-2.6781,0.0002,24.6854,0.3016,0.0001,25.0845,0.0539,0.0003,0.0,-0.0001,-0.0,-0.0002,STILL
-16.0294,18.7114,-2.3144,0.0002,24.747,0.0617,0.0,24.9618,0.0464,0.0003,0.0,-0.0001,0.0,-0.0003,STILL
-16.2642,18.4129,-2.3609,0.0003,24.6806,0.0665,0.0001,24.8597,0.0412,0.0003,0.0,-0.0,0.0001,-0.0003,STILL
-16.0613,18.3803,-2.1606,0.0003,24.5045,0.1761,0.0001,24.7209,0.0242,0.0003,0.0,-0.0,0.0001,-0.0003,STILL
-16.1491,18.9511,-2.0035,0.0002,24.979,0.4745,0.0001,24.7193,0.0234,0.0003,0.0,-0.0,0.0001,-0.0002,STILL
-16.7318,18.4546,-1.7559,0.0002,24.9722,0.0069,0.0,24.7767,0.0327,0.0003,0.0,-0.0,0.0001,-0.0002,STILL
-17.0542,18.8887,-1.636,0.0004,25.5011,0.5289,0.0002,24.9275,0.1147,0.0003,0.0,-0.0001,0.0001,-0.0002,STILL
-17.2715,18.4235,-1.3182,0.0001,25.2876,0.2134,0.0003,25.0489,0.1137,0.0002,0.0,-0.0001,0.0001,-0.0002,STILL
-17.1797,18.6325,-1.5139,0.0001,25.389,0.1014,0.0,25.2258,0.0463,0.0002,0.0,-0.0,0.0001,-0.0001,STILL
-17.075,19.2529,-2.0986,0.0002,25.8192,0.4302,0.0001,25.3938,0.0763,0.0002,0.0,-0.0001,0.0001,-0.0,STILL
-16.9444,19.6086,-1.5726,0.0003,25.9631,0.1438,0.0001,25.592,0.0663,0.0002,0.0,-0.0001,0.0,0.0,STILL
-16.8055,18.8494,-0.9112,0.0002,25.2696,0.6935,0.0001,25.5457,0.0833,0.0002,0.0,-0.0,-0.0,0.0001,STILL
-16.1538,19.217,-1.6509,0.0006,25.1587,0.1109,0.0003,25.5199,0.0992,0.0003,0.0,-0.0001,-0.0002,0.0001,STILL
-16.3761,19.8048,-2.8113,0.0008,25.8517,0.693,0.0002,25.6125,0.1093,0.0004,0.0,-0.0001,-0.0003,0.0001,STILL
-16.3072,19.2595,-2.9959,0.0009,25.4131,0.4386,0.0001,25.5313,0.1021,0.0005,0.0,-0.0001,-0.0005,0.0001,STILL
-16.2926,19.1513,-3.253,0.0007,25.3536,0.0595,0.0002,25.4094,0.0562,0.0006,0.0,-0.0,-0.0006,0.0,STILL
-16.5903,19.043,-1.9618,0.0006,25.3322,0.0214,0.0002,25.4219,0.0534,0.0007,0.0,-0.0,-0.0007,-0.0,STILL
-17.0441,19.4281,-1.7788,0.0004,25.906,0.5737,0.0001,25.5713,0.064,0.0007,0.0,0.0,-0.0007,-0.0001,STILL
-17.0853,19.4487,-2.4324,0.0003,26.0015,0.0955,0.0001,25.6013,0.0844,0.0006,0.0,0.0,-0.0006,-0.0001,STILL
-17.4745,19.5465,-2.4147,0.0003,26.3297,0.3282,0.0001,25.7846,0.1499,0.0005,0.0,0.0,-0.0004,-0.0001,STILL
-17.4484,19.4903,-2.2755,0.0004,26.2582,0.0715,0.0001,25.9655,0.1248,0.0004,0.0,0.0,-0.0003,-0.0002,STILL
-17.3149,19.8485,-2.3235,0.0002,26.4418,0.1836,0.0002,26.1874,0.0408,0.0003,0.0,-0.0,-0.0002,-0.0002,STILL
-16.5019,19.3882,-2.2369,0.0001,25.5582,0.8836,0.0001,26.1179,0.0993,0.0003,0.0,0.0,-0.0001,-0.0001,STILL
-16.6609,19.4074,-2.1677,0.0003,25.6697,0.1115,0.0002,26.0515,0.1323,0.0002,0.0,0.0001,-0.0001,-0.0001,STILL
-16.8569,19.0291,-2.2904,0.0005,25.5246,0.1451,0.0002,25.8905,0.1465,0.0003,0.0,0.0002,0.0,-0.0001,STILL
-16.6949,18.9014,-2.0917,0.0005,25.3053,0.2193,0.0,25.6999,0.1516,0.0003,0.0,0.0002,0.0001,-0.0001,STILL
-16.784,18.9023,-2.2296,0.0003,25.3766,0.0714,0.0001,25.4869,0.017,0.0003,0.0,0.0003,0.0001,-0.0001,STILL
-16.5085,19.0594,-2.3368,0.0004,25.3229,0.0537,0.0,25.4398,0.0192,0.0004,0.0,0.0003,0.0002,-0.0001,STILL
-16.6068,18.9506,-3.6007,0.0006,25.4534,0.1305,0.0002,25.3966,0.0068,0.0004,0.0,0.0004,0.0002,-0.0002,STILL
-16.7354,18.8261,-1.9087,0.0004,25.2614,0.192,0.0002,25.3439,0.0044,0.0004,0.0,0.0003,0.0002,-0.0002,STILL
-16.1758,18.4828,-1.8644,0.0002,24.6322,0.6292,0.0002,25.2093,0.0872,0.0004,0.0,0.0003,0.0001,-0.0002,STILL
-16.8657,17.8956,-2.0416,0.0004,24.6753,0.0431,0.0002,25.0691,0.119,0.0004,0.0,0.0002,0.0,-0.0002,STILL
-17.3675,18.0415,-2.0489,0.0003,25.1262,0.4508,0.0001,25.0297,0.1052,0.0004,0.0,0.0001,-0.0001,-0.0002,STILL
-17.0565,18.0144,-2.2422,0.0007,24.9093,0.2169,0.0004,24.9209,0.0604,0.0004,0.0,0.0,-0.0002,-0.0001,STILL
-16.6765,18.4772,-1.7375,0.0009,24.9505,0.0413,0.0001,24.8587,0.0335,0.0005,0.0,-0.0001,-0.0004,-0.0001,STILL
-16.8381,18.9442,-1.8588,0.0008,25.4138,0.4632,0.0,25.015,0.0604,0.0006,0.0,-0.0002,-0.0006,-0.0001,STILL
-16.4892,18.971,-2.9589,0.0007,25.309,0.1047,0.0001,25.1418,0.0386,0.0007,0.0,-0.0003,-0.0006,-0.0002,STILL
-16.7164,18.6018,-4.2046,0.0006,25.3603,0.0512,0.0001,25.1886,0.0459,0.0007,0.0,-0.0003,-0.0006,-0.0002,STILL
-16.7481,18.7064,-3.0168,0.0006,25.2889,0.0713,0.0,25.2645,0.0265,0.0007,0.0,-0.0003,-0.0006,-0.0002,STILL
-16.8516,18.9214,-4.3041,0.0005,25.7006,0.4117,0.0001,25.4145,0.0223,0.0006,0.0,-0.0003,-0.0005,-0.0001,STILL
-16.5781,18.6934,-3.1276,0.0003,25.1805,0.5201,0.0001,25.3679,0.0311,0.0005,0.0,-0.0002,-0.0004,-0.0,STILL
-16.2844,18.6391,-2.9459,0.0003,24.9254,0.2552,0.0,25.2911,0.0637,0.0004,0.0,-0.0002,-0.0003,0.0,STILL
-15.9869,18.3363,-3.3067,0.0002,24.5506,0.3748,0.0001,25.1292,0.1462,0.0004,0.0,-0.0002,-0.0002,0.0001,STILL
-16.0989,18.669,-3.0797,0.0003,24.8433,0.2927,0.0,25.0401,0.1495,0.0003,0.0,-0.0001,-0.0001,0.0002,STILL
-16.2635,18.9165,-3.4794,0.0003,25.1881,0.3448,0.0,24.9376,0.0561,0.0003,0.0,-0.0,-0.0,0.0002,STILL
-16.692,18.9238,-3.6741,0.003,25.4997,0.3116,0.0028,25.0014,0.1034,0.0008,1e-06,0.0,0.0001,0.0008,STILL
-16.6849,19.0578,-3.4799,0.0022,25.5674,0.0678,0.0008,25.1298,0.1498,0.0012,1e-06,0.0002,0.0002,0.0012,STILL
-16.9198,19.14,-3.1215,0.0016,25.7364,0.1689,0.0006,25.367,0.1001,0.0015,1e-06,0.0002,0.0003,0.0014,STILL
-16.8296,18.9026,-2.6534,0.0014,25.4477,0.2887,0.0002,25.4879,0.0319,0.0017,1e-06,0.0003,0.0004,0.0016,STILL
-17.3918,18.8815,-2.8165,0.0012,25.8247,0.3771,0.0002,25.6152,0.0205,0.0019,0.0,0.0004,0.0005,0.0017,STILL
-17.4822,18.8458,-2.8188,0.0009,25.8599,0.0352,0.0003,25.6872,0.0246,0.0014,0.0,0.0004,0.0006,0.0012,STILL
-17.4764,18.786,-2.9675,0.0006,25.8291,0.0308,0.0003,25.7396,0.023,0.0011,0.0,0.0004,0.0006,0.0008,STILL
-17.5373,18.8444,-1.8928,0.0003,25.8119,0.0172,0.0002,25.7547,0.0238,0.0009,0.0,0.0003,0.0005,0.0005,STILL
-16.8674,18.0568,-2.5642,0.0002,24.8421,0.9698,0.0002,25.6336,0.1568,0.0006,0.0,0.0003,0.0004,0.0002,STILL
-16.2377,18.3111,-3.1889,0.0002,24.6805,0.1617,0.0001,25.4047,0.2788,0.0004,0.0,0.0002,0.0003,0.0,STILL
-16.2182,18.6395,-3.4011,0.0005,24.9405,0.26,0.0003,25.2208,0.2467,0.0003,0.0,0.0001,0.0001,-0.0001,STILL
-15.9965,18.421,-3.1053,0.0006,24.5939,0.3466,0.0001,24.9738,0.1902,0.0004,0.0,0.0,-0.0002,-0.0001,STILL
-16.2909,18.7774,-1.9405,0.0003,24.9349,0.341,0.0003,24.7984,0.0193,0.0004,0.0,0.0,-0.0003,-0.0001,STILL
-16.5859,18.6625,-2.6086,0.0004,25.1035,0.1686,0.0001,24.8507,0.0348,0.0004,0.0,-0.0001,-0.0003,-0.0002,STILL
-16.4749,18.6738,-1.915,0.0006,24.976,0.1275,0.0001,24.9098,0.0287,0.0005,0.0,-0.0002,-0.0004,-0.0002,STILL
-16.4331,18.6672,-1.9976,0.0007,24.9499,0.0261,0.0001,24.9117,0.0288,0.0005,0.0,-0.0002,-0.0004,-0.0001,STILL
-16.4246,18.6525,-3.2825,0.0007,25.069,0.1191,0.0,25.0067,0.0045,0.0005,0.0,-0.0002,-0.0004,-0.0001,STILL
-16.3615,18.7189,-4.776,0.0007,25.3161,0.2471,0.0,25.0829,0.0168,0.0006,0.0,-0.0003,-0.0005,-0.0001,STILL
-16.2799,18.5813,-4.6864,0.0008,25.1448,0.1713,0.0002,25.0912,0.0174,0.0007,0.0,-0.0003,-0.0006,-0.0,STILL
-16.3614,18.5932,-3.2866,0.0008,24.9841,0.1608,0.0001,25.0928,0.0171,0.0007,0.0,-0.0004,-0.0006,-0.0,STILL
-16.4891,19.1808,-3.0074,0.0005,25.4723,0.4882,0.0003,25.1973,0.0309,0.0007,0.0,-0.0004,-0.0005,-0.0,STILL
-16.835,18.8634,-3.0997,0.0002,25.4726,0.0003,0.0002,25.278,0.0362,0.0006,0.0,-0.0003,-0.0004,-0.0001,STILL
-16.4243,18.3782,-2.7329,0.0002,24.7989,0.6737,0.0,25.1745,0.0712,0.0005,0.0,-0.0003,-0.0002,-0.0001,STILL
-16.2269,18.8213,-3.4051,0.0005,25.0829,0.284,0.0002,25.1621,0.0725,0.0004,0.0,-0.0002,-0.0,-0.0002,STILL
-16.294,18.6196,-3.0803,0.0003,24.9334,0.1495,0.0002,25.152,0.0765,0.0003,0.0,-0.0,0.0001,-0.0001,STILL
-16.1102,18.9738,-2.4799,0.0004,25.0139,0.0805,0.0001,25.0603,0.0514,0.0003,0.0,0.0001,0.0002,-0.0001,STILL
-16.1226,19.2134,-2.7214,0.0004,25.2289,0.215,0.0,25.0116,0.0207,0.0004,0.0,0.0001,0.0003,-0.0,STILL
-16.0574,19.402,-2.9052,0.0005,25.3519,0.123,0.0001,25.1222,0.0226,0.0004,0.0,0.0002,0.0003,-0.0,STILL
-15.7584,19.1403,-2.6586,0.0004,24.9349,0.417,0.0001,25.0926,0.0284,0.0004,0.0,0.0003,0.0003,0.0,STILL
-15.9255,18.9279,-2.1769,0.0005,24.8319,0.1029,0.0,25.0723,0.0366,0.0004,0.0,0.0003,0.0003,0.0001,STILL
-16.5467,19.0079,-2.4071,0.0004,25.3158,0.4838,0.0001,25.1327,0.0441,0.0004,0.0,0.0003,0.0003,0.0001,STILL
-16.4904,18.7813,-2.7819,0.0001,25.1478,0.1679,0.0003,25.1165,0.042,0.0004,0.0,0.0003,0.0002,0.0001,STILL
-16.6111,18.9688,-2.7974,0.0002,25.3687,0.2209,0.0,25.1198,0.0436,0.0003,0.0,0.0002,0.0001,0.0001,STILL
-16.667,19.0032,-2.1379,0.0002,25.3669,0.0018,0.0001,25.2062,0.0415,0.0003,0.0,0.0002,0.0,0.0001,STILL
-16.3242,18.9151,-1.5791,0.0004,25.035,0.3319,0.0002,25.2468,0.0177,0.0003,0.0,0.0001,-0.0001,0.0001,STILL
-16.2875,18.6133,-2.4039,0.0004,24.8499,0.1852,0.0001,25.1537,0.0396,0.0003,0.0,-0.0,-0.0002,0.0,STILL
-16.4019,18.6469,-2.0669,0.0004,24.9199,0.07,0.0001,25.1081,0.0485,0.0003,0.0,-0.0001,-0.0002,-0.0,STILL
-16.5778,18.9519,-1.6941,0.0002,25.2362,0.3163,0.0003,25.0816,0.0375,0.0003,0.0,-0.0001,-0.0002,-0.0,STILL
-16.756,18.799,-2.0772,0.0002,25.2681,0.0319,0.0,25.0618,0.0278,0.0003,0.0,-0.0002,-0.0002,-0.0001,STILL
-16.9329,19.2486,-3.1555,0.0005,25.83,0.5618,0.0003,25.2208,0.1203,0.0003,0.0,-0.0002,-0.0002,-0.0001,STILL
-17.5119,18.8707,-3.2744,0.0009,25.9518,0.1218,0.0004,25.4412,0.1511,0.0004,0.0,-0.0002,-0.0003,-0.0002,STILL
-17.2721,19.1216,-1.907,0.0006,25.8379,0.1139,0.0003,25.6248,0.0945,0.0005,0.0,-0.0002,-0.0004,-0.0002,STILL
-17.1208,18.6535,-1.0444,0.0005,25.341,0.4969,0.0001,25.6457,0.08,0.0005,0.0,-0.0002,-0.0004,-0.0002,STILL
-17.0872,18.6197,-1.8792,0.0009,25.3416,0.0007,0.0004,25.6604,0.0698,0.0007,0.0,-0.0002,-0.0006,-0.0002,STILL
-16.8323,18.4989,-1.9721,0.0005,25.0883,0.2533,0.0004,25.5121,0.1075,0.0007,0.0,-0.0001,-0.0006,-0.0002,STILL
-16.6846,19.546,-2.184,0.0003,25.7913,0.703,0.0003,25.48,0.0834,0.0006,0.0,-0.0001,-0.0005,-0.0001,STILL
-16.8227,19.3587,-2.3815,0.0001,25.7572,0.0341,0.0002,25.4639,0.0729,0.0005,0.0,-0.0001,-0.0004,-0.0,STILL
-17.0269,19.3494,-2.4552,0.0002,25.891,0.1338,0.0002,25.5739,0.0942,0.0004,0.0,-0.0001,-0.0003,-0.0,STILL
-16.6059,18.8702,-2.2736,0.0003,25.239,0.652,0.0001,25.5534,0.1054,0.0003,0.0,-0.0,-0.0,-0.0,STILL
-16.7628,18.7555,-2.2095,0.0004,25.2516,0.0126,0.0001,25.586,0.0793,0.0003,0.0,-0.0,0.0001,-0.0001,STILL
-16.6853,18.8263,-2.1926,0.0005,25.2514,0.0002,0.0001,25.478,0.0816,0.0003,0.0,-0.0,0.0003,-0.0001,STILL
-16.3951,19.1985,-1.8197,0.0005,25.3119,0.0605,0.0,25.389,0.0636,0.0004,0.0,-0.0,0.0004,-0.0001,STILL
-16.5223,18.8963,-1.6526,0.0006,25.1553,0.1566,0.0001,25.2419,0.0025,0.0005,0.0,-0.0,0.0005,-0.0001,STILL
-16.4991,18.8764,-1.8846,0.0006,25.1414,0.0139,0.0,25.2223,0.0042,0.0005,0.0,-0.0001,0.0005,-0.0001,STILL
-16.5055,19.098,-1.8577,0.0004,25.3104,0.169,0.0002,25.2341,0.0054,0.0005,0.0,-0.0,0.0005,-0.0001,STILL
-16.2794,18.4565,-1.2768,0.0002,24.6433,0.6671,0.0002,25.1125,0.0603,0.0005,0.0,-0.0,0.0004,-0.0001,STILL
-16.8142,18.5496,-1.0152,0.0001,25.0566,0.4133,0.0001,25.0614,0.0504,0.0004,0.0,-0.0,0.0003,-0.0001,STILL
-16.3263,18.3709,-0.7153,0.0002,24.5876,0.469,0.0001,24.9479,0.0807,0.0003,0.0,-0.0001,0.0002,-0.0001,STILL
-16.2829,18.0718,-0.4535,0.0002,24.3296,0.2581,0.0001,24.7855,0.1233,0.0002,0.0,-0.0001,0.0001,-0.0001,STILL
-16.5014,18.6543,-2.6909,0.0002,25.0503,0.7207,0.0,24.7335,0.0795,0.0002,0.0,-0.0001,0.0,-0.0001,STILL
-16.8792,18.6078,-3.2152,0.0003,25.3278,0.2775,0.0001,24.8704,0.1297,0.0002,0.0,-0.0001,-0.0,-0.0001,STILL
-16.7159,18.605,-3.5722,0.0002,25.2651,0.0626,0.0,24.9121,0.1522,0.0002,0.0,-0.0001,-0.0001,-0.0001,STILL
-16.6602,18.3871,-2.2859,0.0003,24.9173,0.3478,0.0001,24.978,0.1268,0.0002,0.0,-0.0002,-0.0001,-0.0,STILL
-16.7157,18.3534,-2.8193,0.0003,24.9842,0.0669,0.0,25.1089,0.0256,0.0003,0.0,-0.0002,-0.0002,-0.0001,STILL
-16.5381,18.2046,-3.1523,0.0002,24.7963,0.1879,0.0001,25.0581,0.0419,0.0003,0.0,-0.0002,-0.0002,-0.0,STILL
-16.9524,18.3606,-4.4719,0.0003,25.3869,0.5906,0.0001,25.07,0.0488,0.0003,0.0,-0.0002,-0.0002,-0.0001,STILL
-16.3463,18.5228,-3.6119,0.0003,24.9668,0.42,0.0,25.0103,0.0398,0.0003,0.0,-0.0002,-0.0002,-0.0001,STILL
-16.7552,18.3558,-3.6426,0.0003,25.1185,0.1517,0.0,25.0505,0.0388,0.0003,0.0,-0.0002,-0.0001,-0.0001,STILL
-16.7541,18.6877,-3.411,0.0003,25.3292,0.2107,0.0,25.1195,0.0486,0.0003,0.0,-0.0002,-0.0001,-0.0001,STILL
-17.1064,19.4533,-2.9913,0.0004,26.077,0.7478,0.0001,25.3757,0.1455,0.0003,0.0,-0.0001,0.0,-0.0001,STILL
-17.1258,19.1127,-2.6836,0.0005,25.8029,0.2741,0.0001,25.4589,0.175,0.0004,0.0,-0.0001,0.0002,-0.0002,STILL
-16.9069,18.8526,-2.6907,0.0005,25.4657,0.3371,0.0001,25.5586,0.1167,0.0004,0.0,-0.0001,0.0003,-0.0001,STILL
-16.5692,18.704,-2.8119,0.0007,25.1453,0.3204,0.0002,25.564,0.1121,0.0005,0.0,-0.0001,0.0004,-0.0001,STILL
-16.9179,18.6413,-2.8464,0.0007,25.3341,0.1888,0.0,25.565,0.1116,0.0006,0.0,-0.0001,0.0005,-0.0001,STILL
-16.8406,18.8224,-2.1052,0.0006,25.344,0.01,0.0,25.4184,0.0475,0.0006,0.0,-0.0001,0.0006,-0.0001,STILL
-16.8662,18.9267,-2.1654,0.0006,25.4436,0.0996,0.0001,25.3465,0.0129,0.0006,0.0,-0.0001,0.0006,-0.0,STILL
-17.1117,18.6695,-1.9886,0.0005,25.403,0.0406,0.0,25.334,0.0105,0.0006,0.0,-0.0001,0.0006,-0.0,STILL
-17.3144,19.0543,-1.9409,0.0004,25.819,0.416,0.0001,25.4688,0.0323,0.0006,0.0,-0.0001,0.0005,-0.0,STILL
-17.2296,18.9653,-2.3152,0.0005,25.7275,0.0915,0.0001,25.5474,0.0358,0.0005,0.0,-0.0,0.0005,0.0,STILL
-16.3399,18.5129,-3.0553,0.0004,24.8808,0.8467,0.0001,25.4548,0.1079,0.0005,0.0,-0.0,0.0005,0.0001,STILL
-16.3501,18.4666,-2.9849,0.0002,24.8445,0.0363,0.0003,25.335,0.168,0.0004,0.0,0.0,0.0004,0.0001,STILL
-16.7613,18.2264,-3.4723,0.0003,25.004,0.1595,0.0002,25.2552,0.1826,0.0004,0.0,0.0,0.0002,0.0001,STILL
-16.9216,17.9217,-2.9028,0.0002,24.8184,0.1856,0.0001,25.055,0.1171,0.0003,0.0,0.0,0.0001,0.0001,STILL
-17.0247,18.1343,-2.141,0.0003,24.9655,0.1471,0.0001,24.9027,0.005,0.0003,0.0,0.0,-0.0,0.0001,STILL
-17.2917,18.048,-1.944,0.0003,25.0702,0.1046,0.0,24.9405,0.0091,0.0003,0.0,0.0,-0.0002,0.0001,STILL
-17.274,17.6759,-1.2021,0.0006,24.7442,0.326,0.0004,24.9204,0.0146,0.0003,0.0,-0.0001,-0.0003,0.0001,STILL
-17.0223,17.472,-1.1336,0.0007,24.4195,0.3246,0.0001,24.8036,0.0497,0.0004,0.0,-0.0001,-0.0004,0.0001,STILL
-17.021,17.4401,-0.76,0.0005,24.3813,0.0382,0.0002,24.7161,0.0777,0.0005,0.0,-0.0001,-0.0004,0.0001,STILL
-16.523,17.6927,-2.3267,0.0003,24.3199,0.0614,0.0001,24.587,0.08,0.0005,0.0,-0.0001,-0.0004,0.0001,STILL
-16.334,18.0198,-1.5489,0.0005,24.3703,0.0505,0.0002,24.447,0.0231,0.0005,0.0,-0.0002,-0.0005,0.0001,STILL
-16.286,17.8533,-1.7016,0.0007,24.2254,0.1449,0.0001,24.3433,0.0045,0.0005,0.0,-0.0002,-0.0005,0.0001,STILL
-16.3819,18.1358,-0.9019,0.0004,24.4558,0.2304,0.0003,24.3505,0.0058,0.0005,0.0,-0.0002,-0.0004,-0.0,STILL
-16.5337,18.4211,-1.2278,0.0003,24.7832,0.3274,0.0001,24.4309,0.0366,0.0004,0.0,-0.0001,-0.0003,-0.0001,STILL
-15.8863,18.19,-1.8853,0.0007,24.2241,0.5591,0.0004,24.4118,0.0423,0.0005,0.0,-0.0001,-0.0003,-0.0003,STILL
-16.2153,18.4364,-2.1052,0.0007,24.6428,0.4187,0.0,24.4663,0.0497,0.0005,0.0,-0.0,-0.0002,-0.0001,STILL
-17.0754,18.2804,-2.1279,0.0008,25.1051,0.4623,0.0001,24.6422,0.0887,0.0006,0.0,0.0001,-0.0002,0.0,STILL
-16.804,17.9305,-2.6648,0.0004,24.718,0.3871,0.0003,24.6947,0.0802,0.0006,0.0,0.0002,-0.0001,0.0001,STILL
-17.0026,17.9882,-2.7193,0.0005,24.901,0.1829,0.0001,24.7182,0.0866,0.0006,0.0,0.0002,-0.0001,0.0003,STILL
-16.5365,18.1843,-2.5192,0.0003,24.7077,0.1933,0.0002,24.8149,0.0284,0.0005,0.0,0.0002,-0.0001,0.0005,STILL
-16.7885,18.1474,-2.506,0.0003,24.8488,0.1412,0.0,24.8561,0.021,0.0005,0.0,0.0002,0.0,0.0004,STILL
-16.9183,18.393,-2.9173,0.0005,25.1603,0.3115,0.0002,24.8672,0.027,0.0004,0.0,0.0002,0.0001,0.0002,STILL
-17.1284,18.5925,-3.2901,0.0005,25.4929,0.3326,0.0,25.0221,0.0769,0.0004,0.0,0.0002,0.0002,0.0,STILL
-17.0215,19.0177,-3.1258,0.0006,25.7133,0.2204,0.0001,25.1846,0.1431,0.0005,0.0,0.0003,0.0002,-0.0001,STILL
-16.9297,18.9892,-2.5069,0.0003,25.5634,0.1499,0.0003,25.3558,0.097,0.0005,0.0,0.0003,0.0002,-0.0002,STILL
-16.8281,18.832,-2.0399,0.0002,25.3375,0.2259,0.0001,25.4535,0.0361,0.0004,0.0,0.0002,0.0002,-0.0003,STILL
-16.55,18.7812,-2.0944,0.0002,25.1202,0.2174,0.0,25.4455,0.0411,0.0004,0.0,0.0001,0.0002,-0.0003,STILL
-16.1213,18.825,-1.663,0.0005,24.8403,0.2799,0.0002,25.315,0.0968,0.0004,0.0,0.0,0.0001,-0.0003,STILL
-16.0533,18.3256,-2.2992,0.0004,24.4708,0.3695,0.0001,25.0664,0.1459,0.0003,0.0,-0.0,-0.0,-0.0002,STILL
-16.427,18.0949,-1.6237,0.0004,24.493,0.0222,0.0,24.8524,0.1164,0.0003,0.0,-0.0001,-0.0001,-0.0002,STILL
-16.3603,17.8759,-1.7302,0.0002,24.2941,0.1989,0.0001,24.6437,0.0881,0.0003,0.0,-0.0001,-0.0002,-0.0001,STILL
-16.482,17.9226,-2.1154,0.0003,24.4408,0.1467,0.0001,24.5078,0.0325,0.0004,0.0,-0.0001,-0.0003,-0.0001,STILL
-16.5731,18.2349,-1.1642,0.0004,24.6685,0.2278,0.0001,24.4734,0.0143,0.0003,0.0,-0.0002,-0.0003,-0.0001,STILL
-16.5179,19.2067,-2.797,0.0001,25.4865,0.8179,0.0003,24.6766,0.1783,0.0003,0.0,-0.0001,-0.0002,-0.0,STILL
-16.158,19.1997,-2.6813,0.0001,25.2369,0.2496,0.0,24.8253,0.2122,0.0002,0.0,-0.0001,-0.0002,-0.0,STILL
-16.4702,19.4285,-2.2607,0.0005,25.5704,0.3335,0.0004,25.0806,0.2017,0.0003,0.0,-0.0001,-0.0002,-0.0,STILL
-16.4011,19.6522,-2.3773,0.0006,25.7072,0.1368,0.0001,25.3339,0.1341,0.0003,0.0,-0.0001,-0.0003,0.0,STILL
-16.1772,19.5124,-2.5456,0.0003,25.4738,0.2334,0.0004,25.495,0.0236,0.0003,0.0,-0.0001,-0.0003,0.0,STILL
-16.048,18.7224,-2.7084,0.0003,24.8073,0.6665,0.0,25.3591,0.0997,0.0003,0.0,-0.0001,-0.0003,0.0001,STILL
-16.6165,18.6436,-2.3042,0.0001,25.0799,0.2726,0.0001,25.3277,0.1113,0.0003,0.0,-0.0001,-0.0003,0.0001,STILL
-16.3682,18.8086,-2.534,0.0002,25.062,0.0179,0.0,25.226,0.1033,0.0003,0.0,-0.0001,-0.0002,0.0001,STILL
-16.2414,18.8469,-2.3147,0.0002,24.9869,0.075,0.0001,25.082,0.0477,0.0002,0.0,-0.0001,-0.0,0.0,STILL
-15.9463,19.015,-2.2705,0.0004,24.9201,0.0669,0.0002,24.9712,0.01,0.0002,0.0,-0.0,0.0001,0.0,STILL
-16.0414,18.8776,-2.1351,0.0005,24.8646,0.0554,0.0002,24.9827,0.0067,0.0003,0.0,-0.0,0.0002,-0.0,STILL
-16.6894,19.2208,-2.4425,0.0007,25.5723,0.7077,0.0002,25.0812,0.0647,0.0004,0.0,0.0,0.0004,-0.0001,STILL
-16.6577,19.3298,-2.0852,0.0008,25.6022,0.0299,0.0001,25.1892,0.1072,0.0005,0.0,0.0001,0.0004,-0.0002,STILL
-16.5106,19.6732,-2.4026,0.0005,25.7955,0.1933,0.0003,25.3509,0.1464,0.0006,0.0,0.0002,0.0004,-0.0002,STILL
-16.3928,19.7042,-2.3064,0.0005,25.7352,0.0603,0.0,25.514,0.1122,0.0006,0.0,0.0003,0.0004,-0.0002,STILL
-16.2268,19.579,-2.8514,0.0004,25.5886,0.1466,0.0001,25.6587,0.008,0.0006,0.0,0.0004,0.0003,-0.0002,STILL
-15.8845,19.6257,-2.728,0.0004,25.3954,0.1931,0.0,25.6234,0.0191,0.0005,0.0,0.0004,0.0001,-0.0001,STILL
-15.792,19.0006,-3.9886,0.0003,25.0263,0.3691,0.0001,25.5082,0.0771,0.0004,0.0,0.0003,-0.0001,-0.0,STILL
-16.143,19.0098,-4.7034,0.0001,25.379,0.3526,0.0002,25.4249,0.057,0.0003,0.0,0.0002,-0.0001,0.0,STILL
-16.2238,19.2141,-4.244,0.0002,25.503,0.1241,0.0001,25.3785,0.0368,0.0003,0.0,0.0002,-0.0002,0.0,STILL
-15.6259,19.4494,-3.6921,0.0003,25.2206,0.2824,0.0001,25.3049,0.0275,0.0003,0.0,0.0001,-0.0002,-0.0001,STILL
-15.9945,19.5158,-3.2036,0.0003,25.4352,0.2146,0.0,25.3128,0.0292,0.0003,0.0,0.0,-0.0002,-0.0001,STILL
-15.9299,19.3501,-3.8504,0.0004,25.3578,0.0775,0.0,25.3791,0.0088,0.0003,0.0,-0.0001,-0.0002,-0.0,STILL
-16.0721,19.1988,-3.0835,0.0007,25.2273,0.1305,0.0003,25.3488,0.0125,0.0004,0.0,-0.0001,-0.0003,-0.0,STILL
-16.192,18.9185,-4.3761,0.0004,25.2832,0.0559,0.0003,25.3048,0.0067,0.0004,0.0,-0.0002,-0.0003,0.0,STILL
-16.0693,18.7473,-4.4634,0.0004,25.0919,0.1913,0.0,25.2791,0.0137,0.0005,0.0,-0.0003,-0.0003,0.0001,STILL
-16.5179,18.7634,-3.9457,0.0003,25.3076,0.2157,0.0001,25.2536,0.0083,0.0005,0.0,-0.0003,-0.0003,0.0001,STILL
-16.8893,19.0607,-4.1441,0.0005,25.8018,0.4942,0.0002,25.3424,0.0584,0.0005,0.0,-0.0004,-0.0002,0.0001,STILL
-16.9333,18.9017,-3.5746,0.0003,25.6279,0.1739,0.0002,25.4225,0.0656,0.0004,0.0,-0.0003,-0.0001,0.0001,STILL
-16.5248,19.337,-4.091,0.0002,25.7629,0.1349,0.0001,25.5184,0.0757,0.0004,0.0,-0.0003,-0.0001,0.0001,STILL
-16.1386,18.5321,-4.079,0.0002,24.9105,0.8524,0.0,25.4821,0.1119,0.0003,0.0,-0.0002,-0.0,0.0001,STILL
-16.0734,18.6632,-4.1351,0.0004,24.9753,0.0649,0.0002,25.4157,0.1528,0.0003,0.0,-0.0002,0.0001,0.0,STILL
-16.1681,18.7118,-3.8643,0.0004,25.0294,0.0541,0.0,25.2612,0.1289,0.0003,0.0,-0.0001,0.0002,0.0,STILL
-16.6876,18.5444,-3.3915,0.0006,25.1768,0.1474,0.0001,25.171,0.0953,0.0004,0.0,-0.0,0.0003,-0.0,STILL
-16.8563,18.3043,-3.3319,0.0005,25.1055,0.0714,0.0001,25.0395,0.0088,0.0004,0.0,0.0,0.0004,-0.0,STILL
-17.3507,18.7403,-3.7312,0.0006,25.8102,0.7047,0.0001,25.2194,0.0919,0.0005,0.0,0.0001,0.0005,-0.0,STILL
-17.3618,18.5204,-3.5131,0.0007,25.6277,0.1825,0.0001,25.3499,0.0963,0.0005,0.0,0.0001,0.0005,0.0001,STILL
-17.2832,18.6663,-3.4261,0.0006,25.6686,0.0409,0.0,25.4778,0.0797,0.0006,0.0,0.0002,0.0005,0.0001,STILL
-17.0109,18.9487,-2.9659,0.0005,25.6363,0.0323,0.0001,25.5697,0.0582,0.0006,0.0,0.0002,0.0005,0.0001,STILL
-16.8869,18.5058,-3.6446,0.0002,25.3163,0.32,0.0003,25.6118,0.0262,0.0005,0.0,0.0001,0.0005,0.0001,STILL
-16.8939,18.6609,-3.1438,0.0001,25.3676,0.0513,0.0001,25.5233,0.0224,0.0004,0.0,0.0001,0.0004,0.0001,STILL
-17.387,18.5412,-3.8181,0.0003,25.7033,0.3357,0.0002,25.5384,0.0265,0.0004,0.0,0.0,0.0003,0.0,STILL
-17.2502,18.858,-3.9545,0.0003,25.8618,0.1584,0.0,25.5771,0.0425,0.0003,0.0,-0.0,0.0003,0.0,STILL
-17.1533,18.8176,-3.1824,0.0003,25.6606,0.2012,0.0001,25.5819,0.0431,0.0002,0.0,-0.0001,0.0002,0.0,STILL
-16.9508,19.051,-2.799,0.0001,25.6535,0.0071,0.0002,25.6494,0.0255,0.0002,0.0,-0.0001,0.0002,0.0,STILL
-16.8512,19.2064,-3.3298,0.0002,25.767,0.1135,0.0001,25.7292,0.006,0.0002,0.0,-0.0,0.0001,0.0,STILL
-17.2279,18.9276,-2.192,0.0005,25.6877,0.0793,0.0003,25.7261,0.0062,0.0003,0.0,0.0,-0.0,0.0,STILL
-17.4792,18.8359,-3.0411,0.0004,25.8758,0.1881,0.0001,25.7289,0.007,0.0003,0.0,0.0,-0.0002,0.0,STILL
-17.3833,18.8781,-3.3391,0.0002,25.8788,0.0029,0.0002,25.7726,0.0087,0.0003,0.0,-0.0,-0.0002,-0.0,STILL
-16.9348,18.8868,-2.2432,0.0002,25.4663,0.4125,0.0001,25.7351,0.0232,0.0003,0.0,0.0,-0.0003,0.0,STILL
-16.6041,19.0782,-2.9289,0.0004,25.4608,0.0055,0.0002,25.6739,0.0343,0.0003,0.0,-0.0,-0.0003,0.0,STILL
-15.9739,19.1063,-2.6556,0.0004,25.0453,0.4155,0.0,25.5454,0.0968,0.0003,0.0,-0.0,-0.0003,-0.0,STILL
-16.126,19.0132,-2.5183,0.0001,25.0577,0.0124,0.0003,25.3818,0.0957,0.0003,0.0,-0.0,-0.0003,-0.0,STILL
-16.032,18.7762,-2.7146,0.0001,24.8383,0.2195,0.0,25.1737,0.0621,0.0003,0.0,-0.0,-0.0002,-0.0,STILL
-15.61,18.3522,-2.9342,0.0002,24.2711,0.5672,0.0,24.9346,0.1508,0.0003,0.0,-0.0,-0.0001,-0.0001,STILL
-16.1224,18.7474,-2.8005,0.0004,24.8845,0.6134,0.0002,24.8194,0.0826,0.0002,0.0,0.0,-0.0,-0.0001,STILL
-16.5073,18.7166,-2.5779,0.0006,25.0888,0.2043,0.0002,24.8281,0.0869,0.0003,0.0,0.0001,0.0002,-0.0,STILL
-16.6308,18.4889,-2.5811,0.0009,25.0017,0.0871,0.0003,24.8169,0.0822,0.0004,0.0,0.0002,0.0003,-0.0,STILL
-17.1765,18.288,-2.6492,0.0009,25.229,0.2273,0.0,24.895,0.11,0.0006,0.0,0.0003,0.0005,0.0,STILL
-17.6225,18.5398,-2.1725,0.0008,25.6709,0.4419,0.0001,25.175,0.0741,0.0007,0.0,0.0004,0.0006,0.0,STILL
-17.4386,18.7068,-2.388,0.0007,25.6857,0.0148,0.0001,25.3352,0.0837,0.0008,0.0,0.0004,0.0006,0.0,STILL
-17.1446,19.1092,-2.9385,0.0006,25.8406,0.1549,0.0001,25.4856,0.1001,0.0008,0.0,0.0004,0.0006,-0.0,STILL
-17.1001,18.8718,-2.8196,0.0004,25.6224,0.2182,0.0002,25.6097,0.0416,0.0007,0.0,0.0003,0.0006,-0.0,STILL
-16.7582,18.6818,-2.7338,0.0003,25.2452,0.3772,0.0001,25.6129,0.0392,0.0005,0.0,0.0003,0.0004,-0.0001,STILL
-17.0097,18.7423,-2.4839,0.0004,25.4317,0.1865,0.0001,25.5651,0.0428,0.0005,0.0,0.0002,0.0002,-0.0001,STILL
-16.7921,18.5407,-3.5246,0.0004,25.2618,0.17,0.0001,25.4803,0.0511,0.0004,0.0,0.0001,-0.0,-0.0001,STILL
-16.6243,18.2044,-2.8291,0.0006,24.8148,0.447,0.0002,25.2752,0.0716,0.0004,0.0,-0.0,-0.0002,-0.0001,STILL
-16.287,18.8011,-3.307,0.0006,25.0934,0.2787,0.0001,25.1694,0.0429,0.0004,0.0,-0.0001,-0.0004,-0.0001,STILL
-16.8171,18.8346,-3.4394,0.0005,25.483,0.3896,0.0001,25.2169,0.0592,0.0005,0.0,-0.0001,-0.0004,-0.0,STILL
-16.6443,19.3521,-4.0234,0.0005,25.8403,0.3573,0.0001,25.2987,0.121,0.0005,0.0,-0.0002,-0.0005,-0.0,STILL
-16.3654,19.1504,-3.0687,0.0006,25.3768,0.4635,0.0001,25.3217,0.1214,0.0006,0.0,-0.0002,-0.0005,-0.0,STILL
-16.4986,19.0641,-3.2925,0.0006,25.426,0.0492,0.0001,25.4439,0.0573,0.0006,0.0,-0.0002,-0.0005,-0.0001,STILL
-16.0645,18.7856,-4.3558,0.0005,25.0986,0.3274,0.0001,25.445,0.0565,0.0005,0.0,-0.0002,-0.0004,-0.0001,STILL
-16.7016,18.7004,-4.6847,0.0005,25.5067,0.4081,0.0,25.4497,0.057,0.0006,0.0,-0.0003,-0.0004,-0.0002,STILL
-16.8175,19.4791,-5.2384,0.0006,26.2622,0.7555,0.0001,25.5341,0.1514,0.0006,0.0,-0.0003,-0.0004,-0.0001,STILL
-16.7603,18.8989,-5.1157,0.0006,25.7729,0.4893,0.0,25.6133,0.1516,0.0005,0.0,-0.0003,-0.0004,-0.0001,STILL
-17.0395,18.4941,-4.6957,0.0004,25.5817,0.1912,0.0002,25.6444,0.1438,0.0005,0.0,-0.0003,-0.0004,-0.0,STILL
-17.2691,18.4328,-4.7659,0.0005,25.7041,0.1224,0.0001,25.7655,0.0703,0.0005,0.0,-0.0003,-0.0003,0.0001,STILL
-17.3059,18.3681,-4.2502,0.0003,25.5919,0.1122,0.0002,25.7826,0.0626,0.0005,0.0,-0.0003,-0.0002,0.0001,STILL
-16.9228,18.5507,-4.1002,0.0003,25.4425,0.1493,0.0001,25.6186,0.0128,0.0004,0.0,-0.0002,-0.0,0.0002,STILL
-17.057,18.5437,-3.6551,0.0004,25.4592,0.0167,0.0001,25.5559,0.0092,0.0004,0.0,-0.0001,0.0001,0.0002,STILL
-17.0612,18.2225,-3.9054,0.0004,25.2665,0.1927,0.0,25.4929,0.0219,0.0004,0.0,-0.0001,0.0002,0.0002,STILL
-17.4177,17.9592,-3.518,0.0005,25.2644,0.0021,0.0001,25.4049,0.0156,0.0004,0.0,0.0,0.0003,0.0002,STILL
-17.2123,18.2611,-3.6551,0.0006,25.3593,0.0949,0.0002,25.3584,0.0069,0.0004,0.0,0.0002,0.0003,0.0002,STILL
-16.798,18.0714,-3.5522,0.0008,24.9272,0.4321,0.0001,25.2553,0.032,0.0005,0.0,0.0002,0.0004,0.0002,STILL
-16.7134,18.329,-3.698,0.0006,25.0792,0.152,0.0001,25.1793,0.0242,0.0006,0.0,0.0003,0.0004,0.0002,STILL
-16.3895,18.6851,-3.3803,0.0007,25.0833,0.0041,0.0001,25.1427,0.0231,0.0006,0.0,0.0004,0.0005,0.0002,STILL
-16.5834,18.3981,-3.7417,0.0006,25.0499,0.0334,0.0001,25.0998,0.0201,0.0007,0.0,0.0004,0.0005,0.0001,STILL
-15.9668,18.9559,-3.1246,0.0004,24.9806,0.0694,0.0002,25.024,0.0037,0.0006,0.0,0.0004,0.0004,0.0001,STILL
-15.939,18.9804,-3.7309,0.0001,25.0645,0.0839,0.0003,25.0515,0.0014,0.0005,0.0,0.0004,0.0003,0.0,STILL
-15.7481,18.9843,-3.5941,0.0001,24.9264,0.1381,0.0,25.0209,0.0034,0.0004,0.0,0.0003,0.0002,-0.0,STILL
-15.8672,19.3374,-4.3034,0.0002,25.3816,0.4552,0.0001,25.0806,0.0251,0.0003,0.0,0.0002,0.0,-0.0001,STILL
-16.3625,19.0887,-4.6677,0.0002,25.5714,0.1899,0.0001,25.1849,0.0622,0.0002,0.0,0.0001,-0.0001,-0.0001,STILL
-16.4775,18.6678,-5.5592,0.0002,25.5128,0.0587,0.0,25.2913,0.0641,0.0002,0.0,0.0,-0.0001,-0.0001,STILL
-16.5445,18.6905,-4.7442,0.0004,25.408,0.1048,0.0002,25.36,0.0518,0.0002,0.0,0.0,-0.0002,-0.0001,STILL
-16.1856,18.6555,-4.6454,0.0005,25.1313,0.2766,0.0001,25.401,0.0229,0.0003,0.0,0.0,-0.0003,-0.0001,STILL
-15.7172,19.1494,-4.5163,0.0003,25.1819,0.0506,0.0002,25.3611,0.0309,0.0003,0.0,-0.0,-0.0002,-0.0001,STILL
-15.7207,18.4883,-4.1662,0.0004,24.6234,0.5585,0.0001,25.1715,0.0949,0.0004,0.0,-0.0001,-0.0002,-0.0001,STILL
-16.0734,18.5844,-4.4767,0.0004,24.9755,0.352,0.0,25.064,0.0677,0.0004,0.0,-0.0002,-0.0002,-0.0001,STILL
-16.2556,18.9988,-5.172,0.0004,25.5332,0.5578,0.0,25.0891,0.0875,0.0004,0.0,-0.0003,-0.0002,-0.0001,STILL
-16.1951,18.9521,-5.1063,0.0004,25.4468,0.0865,0.0001,25.1522,0.1087,0.0004,0.0,-0.0003,-0.0001,-0.0001,STILL
-16.6123,18.5305,-4.8163,0.0002,25.3485,0.0983,0.0002,25.1855,0.1152,0.0004,0.0,-0.0003,-0.0001,-0.0001,STILL
-16.4117,18.6431,-4.3749,0.0002,25.2201,0.1284,0.0,25.3048,0.038,0.0003,0.0,-0.0002,0.0,-0.0001,STILL
-16.2981,18.552,-3.7812,0.0002,24.9821,0.238,0.0,25.3061,0.0371,0.0003,0.0,-0.0001,0.0001,-0.0001,STILL
-16.3573,18.9447,-3.7781,0.0003,25.3128,0.3307,0.0,25.262,0.0249,0.0003,0.0,-0.0,0.0001,-0.0001,STILL
-16.3046,19.2527,-3.51,0.0003,25.472,0.1592,0.0,25.2671,0.0268,0.0002,0.0,0.0001,0.0002,-0.0001,STILL
-16.2405,19.0677,-3.2611,0.0003,25.258,0.214,0.0001,25.249,0.0252,0.0003,0.0,0.0002,0.0002,-0.0001,STILL
-16.2174,18.8167,-3.037,0.0003,25.0259,0.2321,0.0001,25.2102,0.0335,0.0003,0.0,0.0001,0.0002,-0.0001,STILL
-16.5396,18.444,-3.0077,0.0003,24.9556,0.0703,0.0001,25.2049,0.036,0.0003,0.0,0.0001,0.0002,-0.0001,STILL
-16.4598,18.0708,-2.7531,0.0004,24.5979,0.3577,0.0001,25.0619,0.0869,0.0003,0.0,0.0001,0.0002,-0.0002,STILL
-16.6303,18.3941,-2.9743,0.0004,24.9752,0.3772,0.0,24.9625,0.0449,0.0004,0.0,0.0,0.0002,-0.0002,STILL
-16.823,18.1934,-1.8763,0.0002,24.8503,0.1249,0.0002,24.881,0.0233,0.0003,0.0,-0.0,0.0002,-0.0002,STILL
-16.6615,18.3704,-2.1042,0.0004,24.8899,0.0396,0.0002,24.8538,0.0184,0.0004,0.0,-0.0,0.0001,-0.0002,STILL
-16.8355,18.4901,-1.6302,0.0003,25.0594,0.1695,0.0001,24.8745,0.0243,0.0003,0.0,-0.0,-0.0001,-0.0002,STILL
-16.8903,18.517,-1.4886,0.0002,25.1073,0.0479,0.0001,24.9764,0.0095,0.0003,0.0,0.0,-0.0001,-0.0002,STILL
-16.7185,18.5918,-1.3471,0.0002,25.0395,0.0679,0.0,24.9893,0.0101,0.0003,0.0,0.0001,-0.0002,-0.0001,STILL
-16.7279,18.4265,-1.5089,0.0003,24.9326,0.1068,0.0001,25.0057,0.0066,0.0003,0.0,0.0001,-0.0001,-0.0,STILL
-16.7792,18.3506,-1.6665,0.0003,24.9211,0.0115,0.0,25.012,0.0053,0.0003,0.0,0.0001,0.0,0.0,STILL
-16.5577,18.2211,-1.9957,0.0002,24.7012,0.2199,0.0001,24.9404,0.0191,0.0002,0.0,0.0001,0.0001,0.0,STILL
-16.8774,18.0644,-2.4716,0.0001,24.8451,0.1439,0.0001,24.8879,0.0126,0.0002,0.0,0.0001,0.0001,0.0,STILL
-16.4957,18.2296,-2.4429,0.0002,24.7062,0.1389,0.0001,24.8212,0.0101,0.0002,0.0,0.0001,0.0002,-0.0,STILL
-16.4747,18.8212,-2.3481,0.0003,25.123,0.4168,0.0002,24.8593,0.0244,0.0002,0.0,0.0001,0.0002,-0.0001,STILL
-16.3204,19.3351,-2.5628,0.0002,25.4316,0.3086,0.0001,24.9614,0.0787,0.0002,0.0,0.0001,0.0001,-0.0001,STILL
-16.3625,19.1774,-2.469,0.0003,25.3299,0.1017,0.0,25.0872,0.0765,0.0002,0.0,0.0001,0.0002,-0.0001,STILL
-16.0369,19.017,-2.5221,0.0003,25.0038,0.3261,0.0,25.1189,0.0652,0.0003,0.0,0.0001,0.0002,-0.0,STILL
-16.3327,19.4073,-2.6364,0.0004,25.502,0.4982,0.0001,25.2781,0.0351,0.0003,0.0,0.0001,0.0002,-0.0001,STILL
-16.2911,19.3196,-3.4404,0.0004,25.5046,0.0026,0.0,25.3544,0.0348,0.0003,0.0,0.0001,0.0003,-0.0,STILL
-16.186,19.3432,-4.3054,0.0004,25.5868,0.0822,0.0,25.3854,0.0434,0.0003,0.0,0.0001,0.0003,-0.0001,STILL
-16.5426,18.8277,-4.0475,0.0003,25.3874,0.1994,0.0001,25.3969,0.0427,0.0004,0.0,0.0001,0.0002,-0.0001,STILL
-16.2997,18.5465,-3.7255,0.0002,24.9706,0.4168,0.0001,25.3903,0.0481,0.0003,0.0,0.0001,0.0002,-0.0002,STILL
-16.0804,18.7435,-4.996,0.0003,25.1963,0.2257,0.0001,25.3291,0.0493,0.0003,0.0,0.0,0.0,-0.0002,STILL
-15.708,19.1479,-3.7718,0.0005,25.0522,0.1442,0.0001,25.2387,0.0503,0.0004,0.0,0.0,-0.0001,-0.0003,STILL
-15.7196,19.2589,-3.4862,0.0003,25.1031,0.0509,0.0002,25.1419,0.0204,0.0003,0.0,0.0,-0.0002,-0.0002,STILL
-15.8944,19.0103,-3.5421,0.0004,25.0314,0.0717,0.0001,25.0707,0.0057,0.0003,0.0,0.0,-0.0003,-0.0002,STILL
-15.828,19.1895,-3.443,0.0003,25.1121,0.0807,0.0,25.099,0.0033,0.0004,0.0,0.0,-0.0002,-0.0002,STILL
-16.2343,19.136,-3.3013,0.0003,25.3108,0.1987,0.0,25.1219,0.0098,0.0003,0.0,0.0001,-0.0002,-0.0002,STILL
-16.3187,19.19,-2.7942,0.0004,25.3449,0.0341,0.0001,25.1804,0.0154,0.0003,0.0,0.0001,-0.0002,-0.0001,STILL
-16.4737,18.9395,-2.4885,0.0004,25.2246,0.1203,0.0,25.2047,0.014,0.0003,0.0,0.0002,-0.0001,-0.0,STILL
-16.2852,19.2079,-2.3783,0.0004,25.2944,0.0698,0.0,25.2573,0.0068,0.0004,0.0,0.0002,0.0,-0.0,STILL
-16.525,19.9444,-2.7995,0.0004,26.0518,0.7574,0.0,25.4453,0.0935,0.0004,0.0,0.0003,0.0001,0.0001,STILL
-16.2638,19.2524,-2.5865,0.0005,25.3349,0.7169,0.0001,25.4501,0.0923,0.0004,0.0,0.0003,0.0002,0.0001,STILL
-16.4954,19.9394,-2.0754,0.0005,25.9612,0.6264,0.0,25.5734,0.1271,0.0004,0.0,0.0002,0.0003,0.0002,STILL
-16.9869,19.6609,-2.0572,0.0005,26.0642,0.1029,0.0,25.7413,0.1228,0.0005,0.0,0.0002,0.0003,0.0002,STILL
-17.0489,19.685,-2.4333,0.0005,26.155,0.0909,0.0001,25.9134,0.0874,0.0005,0.0,0.0001,0.0004,0.0002,STILL
-16.6454,19.9042,-2.8435,0.0006,26.1024,0.0527,0.0,25.9235,0.0907,0.0005,0.0,0.0001,0.0004,0.0001,STILL
-16.8101,19.4421,-2.8279,0.0003,25.8568,0.2456,0.0003,26.0279,0.0114,0.0005,0.0,0.0001,0.0003,-0.0,STILL
-16.6731,19.1287,-2.7155,0.0002,25.52,0.3367,0.0001,25.9397,0.0543,0.0004,0.0,0.0,0.0002,-0.0001,STILL
-16.7103,18.7998,-3.1505,0.0002,25.3494,0.1706,0.0,25.7967,0.1004,0.0004,0.0,0.0,0.0002,-0.0002,STILL
-16.1214,18.9336,-2.8516,0.0002,25.0302,0.3192,0.0,25.5718,0.1416,0.0003,0.0,-0.0,0.0001,-0.0002,STILL
-16.1565,19.05,-2.8876,0.0002,25.145,0.1148,0.0001,25.3803,0.0851,0.0002,0.0,-0.0001,-0.0,-0.0002,STILL
-16.4221,19.1744,-2.8476,0.0002,25.4057,0.2607,0.0,25.2901,0.0317,0.0002,0.0,-0.0,0.0,-0.0001,STILL
-16.6314,19.102,-2.4124,0.0002,25.4423,0.0366,0.0,25.2745,0.0255,0.0002,0.0,0.0,0.0001,-0.0001,STILL
-16.477,19.1222,-2.6112,0.0004,25.3766,0.0657,0.0002,25.28,0.0264,0.0003,0.0,0.0,0.0002,-0.0001,STILL
-16.3722,19.4603,-3.3921,0.0005,25.6566,0.28,0.0001,25.4052,0.0266,0.0003,0.0,0.0001,0.0003,-0.0001,STILL
-16.2915,19.5776,-3.3855,0.0003,25.6935,0.037,0.0002,25.5149,0.0177,0.0003,0.0,0.0001,0.0003,-0.0001,STILL
-16.5332,19.284,-2.9897,0.0003,25.5765,0.1171,0.0,25.5491,0.0149,0.0003,0.0,0.0001,0.0003,-0.0001,STILL
-16.9422,18.8272,-3.0542,0.0002,25.5113,0.0651,0.0001,25.5629,0.0127,0.0003,0.0,0.0001,0.0003,-0.0001,STILL
-17.0069,18.8992,-3.3309,0.0003,25.642,0.1306,0.0001,25.616,0.0042,0.0003,0.0,0.0001,0.0002,-0.0001,STILL
-16.7868,18.7788,-3.1647,0.0002,25.3861,0.2559,0.0001,25.5619,0.0115,0.0002,0.0,0.0001,0.0002,-0.0,STILL
-17.0732,19.3855,-2.8724,0.0004,25.9912,0.6051,0.0002,25.6214,0.0413,0.0003,0.0,0.0001,0.0002,-0.0,STILL
-17.1335,19.1178,-4.026,0.0006,25.9857,0.0055,0.0002,25.7033,0.0608,0.0003,0.0,0.0002,0.0002,0.0,STILL
-16.8006,19.6411,-4.074,0.0003,26.1654,0.1797,0.0003,25.8341,0.079,0.0004,0.0,0.0002,0.0002,0.0001,STILL
-16.6686,19.3035,-2.9529,0.0002,25.6746,0.4908,0.0001,25.8406,0.0767,0.0003,0.0,0.0001,0.0002,0.0001,STILL
-16.9255,19.4116,-3.603,0.0004,26.005,0.3304,0.0003,25.9644,0.0254,0.0004,0.0,0.0001,0.0001,0.0002,STILL
-16.4529,19.9292,-3.6824,0.0005,26.1043,0.0992,0.0001,25.987,0.0287,0.0004,0.0,-0.0,-0.0,0.0002,STILL
-16.3061,19.8184,-5.5084,0.0004,26.2488,0.1445,0.0001,26.0396,0.0396,0.0004,0.0,-0.0001,-0.0002,0.0001,STILL
-16.1355,20.3203,-3.9223,0.0006,26.2422,0.0066,0.0001,26.055,0.0444,0.0004,0.0,-0.0001,-0.0004,0.0001,STILL
-16.1428,19.7563,-2.5441,0.0006,25.6393,0.603,0.0,26.0479,0.05,0.0005,0.0,-0.0001,-0.0005,0.0001,STILL
-15.8142,18.8581,-3.7103,0.0008,24.8895,0.7498,0.0002,25.8248,0.2683,0.0006,0.0,-0.0001,-0.0005,0.0002,STILL
-15.8732,19.099,-4.7401,0.0007,25.2824,0.393,0.0001,25.6604,0.2845,0.0006,0.0,-0.0,-0.0006,0.0002,STILL
-15.783,19.3511,-4.9265,0.0007,25.4526,0.1702,0.0,25.5012,0.1985,0.0007,0.0,-0.0,-0.0006,0.0002,STILL
-16.1545,19.3277,-4.2099,0.0007,25.5392,0.0866,0.0,25.3606,0.0692,0.0007,0.0,-0.0,-0.0006,0.0002,STILL
-16.3392,19.4122,-3.8992,0.0007,25.6711,0.1319,0.0,25.367,0.0729,0.0007,0.0,-0.0001,-0.0007,0.0002,STILL
-16.1995,19.0891,-3.6225,0.0005,25.2971,0.3741,0.0002,25.4485,0.0217,0.0007,0.0,-0.0001,-0.0006,0.0002,STILL
-16.219,18.6244,-3.7324,0.0002,24.9771,0.32,0.0003,25.3874,0.0569,0.0006,0.0,-0.0001,-0.0005,0.0001,STILL
-16.4033,19.0683,-3.8234,0.0002,25.4418,0.4647,0.0,25.3853,0.0566,0.0005,0.0,-0.0001,-0.0004,0.0001,STILL
-16.832,18.6859,-3.7712,0.0001,25.4303,0.0115,0.0001,25.3635,0.0518,0.0004,0.0,-0.0001,-0.0003,0.0001,STILL
-16.3969,18.8612,-3.7482,0.0002,25.2716,0.1588,0.0001,25.2836,0.0282,0.0003,0.0,-0.0001,-0.0001,0.0001,STILL
-16.4675,18.6827,-3.3767,0.0003,25.1321,0.1394,0.0,25.2506,0.0316,0.0002,0.0,-0.0,0.0,0.0001,STILL
-16.8865,18.7837,-3.267,0.0002,25.4687,0.3365,0.0,25.3489,0.0165,0.0002,0.0,-0.0,0.0001,0.0001,STILL
-16.7842,18.8926,-3.1823,0.0002,25.4709,0.0022,0.0001,25.3547,0.0177,0.0002,0.0,0.0,0.0001,0.0001,STILL
-16.8461,18.6078,-2.4771,0.0028,25.2226,0.2483,0.0027,25.3132,0.0184,0.0008,1e-06,0.0,0.0002,0.0006,STILL
-16.3613,18.4394,-2.9254,0.002,24.8246,0.398,0.0008,25.2238,0.0578,0.0011,1e-06,0.0,0.0003,0.001,STILL
-16.3671,18.5671,-2.8622,0.0014,24.9161,0.0916,0.0006,25.1806,0.0731,0.0013,1e-06,-0.0,0.0003,0.0013,STILL
-16.5,18.6068,-1.9523,0.0012,24.9454,0.0293,0.0002,25.0759,0.0566,0.0015,1e-06,-0.0,0.0003,0.0015,STILL
-16.2906,18.2511,-3.4525,0.0009,24.7064,0.239,0.0003,24.923,0.0294,0.0017,0.0,-0.0,0.0003,0.0016,STILL
-16.2168,18.3165,-2.762,0.0008,24.6193,0.0871,0.0001,24.8023,0.0153,0.0013,0.0,-0.0,0.0001,0.0012,STILL
-16.2204,17.9563,-3.4596,0.0004,24.4438,0.1755,0.0004,24.7262,0.0351,0.0009,0.0,-0.0,0.0,0.0009,STILL
-16.4325,18.0869,-3.577,0.0005,24.6974,0.2536,0.0001,24.6824,0.0262,0.0008,0.0,-0.0,-0.0002,0.0006,STILL
-16.196,17.9133,-4.396,0.0004,24.5463,0.151,0.0001,24.6026,0.0097,0.0006,0.0,-0.0001,-0.0003,0.0004,STILL
-16.3256,18.2681,-3.6262,0.0004,24.7669,0.2206,0.0001,24.6147,0.0128,0.0005,0.0,-0.0001,-0.0004,0.0003,STILL
-16.1823,18.4145,-3.6634,0.0002,24.7867,0.0199,0.0002,24.6482,0.0176,0.0004,0.0,-0.0001,-0.0003,0.0001,STILL
-16.299,18.4191,-4.2808,0.0003,24.9649,0.1781,0.0001,24.7524,0.0184,0.0003,0.0,-0.0001,-0.0003,0.0001,STILL
-16.1204,18.1509,-3.9371,0.0002,24.5932,0.3717,0.0,24.7316,0.0224,0.0003,0.0,-0.0001,-0.0002,0.0,STILL
-16.3932,18.3082,-3.2872,0.0002,24.7938,0.2007,0.0001,24.7811,0.0139,0.0002,0.0,-0.0,-0.0002,-0.0,STILL
-16.6115,18.1122,-2.9454,0.0003,24.7521,0.0417,0.0001,24.7782,0.014,0.0002,0.0,0.0001,-0.0002,-0.0001,STILL
-16.6454,18.2523,-2.825,0.0004,24.8636,0.1114,0.0001,24.7935,0.0152,0.0003,0.0,0.0001,-0.0001,-0.0001,STILL
-16.6007,18.2862,-3.0382,0.0002,24.8837,0.0202,0.0001,24.7773,0.0107,0.0003,0.0,0.0001,-0.0001,-0.0001,STILL
-16.9556,18.6508,-3.4493,0.0002,25.441,0.5573,0.0,24.9468,0.0633,0.0002,0.0,0.0001,0.0,-0.0001,STILL
-17.0426,18.4832,-3.3657,0.0004,25.3654,0.0755,0.0002,25.0612,0.0806,0.0003,0.0,0.0001,0.0001,-0.0001,STILL
-16.8216,18.7897,-3.2113,0.0005,25.423,0.0576,0.0002,25.1953,0.0697,0.0003,0.0,0.0001,0.0002,-0.0002,STILL
-16.7041,18.5286,-2.6315,0.0005,25.0851,0.3379,0.0,25.2396,0.0481,0.0004,0.0,0.0001,0.0003,-0.0002,STILL
-16.9227,18.4291,-2.9021,0.0006,25.1879,0.1028,0.0001,25.3005,0.0196,0.0004,0.0,0.0,0.0004,-0.0002,STILL
-17.0194,18.7933,-3.4061,0.0004,25.5822,0.3943,0.0002,25.3287,0.0307,0.0005,0.0,-0.0,0.0004,-0.0002,STILL
-17.328,18.4128,-3.3217,0.0004,25.5014,0.0808,0.0001,25.3559,0.0357,0.0005,0.0,-0.0001,0.0003,-0.0003,STILL
-17.3593,18.5177,-2.8636,0.0006,25.5431,0.0417,0.0002,25.38,0.0412,0.0005,0.0,-0.0001,0.0003,-0.0003,STILL
-16.6562,18.3235,-2.844,0.0005,24.9253,0.6178,0.0001,25.348,0.0642,0.0005,0.0,-0.0,0.0003,-0.0003,STILL
-16.9749,19.1057,-2.8252,0.0005,25.713,0.7877,0.0,25.453,0.0747,0.0005,0.0,0.0,0.0003,-0.0003,STILL
-17.1987,18.9908,-2.9008,0.0004,25.7849,0.0719,0.0001,25.4935,0.0917,0.0004,0.0,0.0001,0.0002,-0.0003,STILL
-16.8558,18.8677,-3.2425,0.0006,25.5073,0.2776,0.0002,25.4947,0.0917,0.0005,0.0,0.0002,0.0003,-0.0003,STILL
-16.7128,18.9035,-3.3659,0.0005,25.4556,0.0517,0.0001,25.4772,0.0913,0.0005,0.0,0.0002,0.0003,-0.0003,STILL
-16.6452,19.1072,-3.2646,0.0005,25.5501,0.0944,0.0001,25.6022,0.0158,0.0005,0.0,0.0002,0.0004,-0.0003,STILL
-17.3724,19.1826,-2.8835,0.0004,26.0401,0.4901,0.0001,25.6676,0.0474,0.0005,0.0,0.0001,0.0004,-0.0002,STILL
-17.3511,19.1336,-2.5412,0.0004,25.954,0.0861,0.0,25.7014,0.0599,0.0005,0.0,0.0001,0.0004,-0.0002,STILL
-17.5965,19.435,-2.9642,0.0003,26.3845,0.4305,0.0001,25.8769,0.1149,0.0004,0.0,0.0,0.0003,-0.0001,STILL
-17.5178,19.4011,-3.3401,0.0002,26.3521,0.0324,0.0,26.0562,0.0924,0.0003,0.0,-0.0,0.0003,-0.0001,STILL
-17.7143,19.3084,-3.0815,0.0002,26.3838,0.0317,0.0,26.2229,0.0349,0.0003,0.0,-0.0001,0.0002,-0.0001,STILL
-17.212,19.0592,-3.3746,0.0004,25.9016,0.4821,0.0001,26.1952,0.0481,0.0003,0.0,-0.0002,0.0,-0.0001,STILL
-17.0102,19.2974,-3.5809,0.0006,25.9723,0.0706,0.0002,26.1989,0.0464,0.0003,0.0,-0.0002,-0.0001,-0.0001,STILL
-17.0519,19.4223,-3.5928,0.0004,26.0941,0.1218,0.0002,26.1408,0.0383,0.0004,0.0,-0.0002,-0.0002,-0.0002,STILL
-17.0009,19.4097,-3.5649,0.0002,26.0476,0.0465,0.0002,26.0799,0.0274,0.0004,0.0,-0.0002,-0.0002,-0.0001,STILL
-16.8664,19.3465,-3.3019,0.0002,25.8779,0.1697,0.0,25.9787,0.0068,0.0004,0.0,-0.0001,-0.0002,-0.0002,STILL
-16.615,19.2147,-3.2634,0.0004,25.6108,0.2671,0.0001,25.9205,0.0293,0.0004,0.0,0.0,-0.0002,-0.0002,STILL
-16.5295,19.3093,-2.9045,0.0004,25.5833,0.0274,0.0,25.8427,0.0455,0.0003,0.0,0.0001,-0.0001,-0.0002,STILL
-16.508,19.7818,-3.1048,0.0003,25.9513,0.368,0.0001,25.8142,0.0344,0.0003,0.0,0.0001,-0.0001,-0.0002,STILL
-16.2845,19.5973,-2.5776,0.0002,25.6102,0.3411,0.0001,25.7267,0.0242,0.0003,0.0,0.0002,-0.0001,-0.0002,STILL
-16.3838,19.1341,-2.4402,0.0002,25.3081,0.3021,0.0,25.6128,0.0417,0.0003,0.0,0.0001,-0.0001,-0.0003,STILL
-16.3852,19.0854,-2.749,0.0032,25.3038,0.0042,0.003,25.5514,0.057,0.0009,1e-06,0.0001,-0.0,-0.0009,STILL
-16.4675,18.6496,-3.0055,0.0024,25.0603,0.2435,0.0009,25.4468,0.0941,0.0013,2e-06,0.0001,-0.0,-0.0013,STILL
-16.2834,18.3978,-2.4075,0.0016,24.6865,0.3738,0.0007,25.1938,0.0947,0.0015,1e-06,0.0002,0.0,-0.0015,STILL
-16.0861,18.487,-2.3385,0.0013,24.6171,0.0695,0.0003,24.9952,0.0871,0.0018,1e-06,0.0002,0.0,-0.0017,STILL
-16.4564,18.6427,-1.9146,0.001,24.9405,0.3234,0.0003,24.9216,0.0627,0.0019,1e-06,0.0002,-0.0001,-0.0019,STILL
-16.6807,18.4923,-3.2129,0.0011,25.1104,0.1699,0.0001,24.883,0.0392,0.0015,0.0,0.0001,-0.0002,-0.0014,STILL
-16.5508,18.8657,-2.9391,0.0011,25.2682,0.1578,0.0,24.9245,0.0608,0.0012,0.0,0.0001,-0.0004,-0.001,STILL
-16.4094,18.8332,-2.9263,0.0009,25.15,0.1183,0.0002,25.0172,0.0511,0.0011,0.0,0.0,-0.0006,-0.0008,STILL
-16.8682,19.1166,-2.8941,0.0007,25.6584,0.5084,0.0001,25.2255,0.0579,0.001,0.0,0.0,-0.0007,-0.0007,STILL
-16.5508,18.8745,-2.1934,0.0008,25.1989,0.4595,0.0,25.2772,0.0391,0.0009,0.0,0.0,-0.0007,-0.0006,STILL
-16.9281,19.2527,-2.5891,0.0007,25.7669,0.568,0.0,25.4085,0.0643,0.0008,0.0,0.0,-0.0007,-0.0004,STILL
-16.605,19.0397,-3.2838,0.0004,25.4758,0.291,0.0004,25.45,0.0595,0.0007,0.0,0.0,-0.0006,-0.0003,STILL
-17.334,18.413,-2.7208,0.0003,25.4344,0.0414,0.0,25.5069,0.0383,0.0006,0.0,-0.0,-0.0005,-0.0002,STILL
-17.4078,18.396,-2.7079,0.0002,25.4711,0.0367,0.0002,25.4694,0.0326,0.0005,0.0,-0.0001,-0.0004,-0.0001,STILL
-17.2544,19.2824,-2.7007,0.0001,26.0158,0.5446,0.0,25.6328,0.051,0.0003,0.0,-0.0001,-0.0003,-0.0,STILL
-17.3129,19.126,-2.6824,0.0004,25.9371,0.0787,0.0002,25.6668,0.0647,0.0003,0.0,-0.0001,-0.0001,0.0001,STILL
-17.7441,19.3726,-2.6803,0.0002,26.4071,0.47,0.0002,25.8531,0.1323,0.0003,0.0,-0.0001,-0.0,0.0001,STILL
-17.5421,19.37,-2.4974,0.0002,26.2518,0.1553,0.0,26.0166,0.1023,0.0002,0.0,-0.0,0.0001,0.0001,STILL
-18.0024,19.8116,-2.2229,0.0005,26.8613,0.6095,0.0003,26.2946,0.1082,0.0003,0.0,0.0001,0.0002,0.0002,STILL
-17.8582,19.5055,-2.7033,0.0005,26.5836,0.2777,0.0,26.4082,0.0965,0.0004,0.0,0.0002,0.0002,0.0002,STILL
-17.4709,19.2388,-2.647,0.0008,26.1223,0.4614,0.0002,26.4452,0.0671,0.0005,0.0,0.0003,0.0003,0.0002,STILL
-17.5799,18.9379,-3.2582,0.0006,26.0444,0.0778,0.0002,26.3727,0.0937,0.0005,0.0,0.0003,0.0004,0.0002,STILL
-17.1858,18.8503,-2.8347,0.0007,25.6656,0.3789,0.0001,26.2554,0.177,0.0006,0.0,0.0004,0.0005,0.0002,STILL
-17.0611,18.8865,-2.449,0.0004,25.5691,0.0964,0.0003,25.997,0.131,0.0006,0.0,0.0003,0.0004,0.0002,STILL
-16.9208,19.1655,-2.8123,0.0005,25.7204,0.1512,0.0001,25.8244,0.0477,0.0006,0.0,0.0003,0.0004,0.0002,STILL
-17.1054,19.0386,-3.2749,0.0003,25.8029,0.0825,0.0001,25.7605,0.0259,0.0005,0.0,0.0002,0.0003,0.0003,STILL
-17.0624,18.759,-3.023,0.0001,25.5375,0.2653,0.0002,25.6591,0.0095,0.0004,0.0,0.0002,0.0002,0.0002,STILL
-17.4249,18.6103,-2.9278,0.0002,25.6621,0.1246,0.0001,25.6584,0.0095,0.0003,0.0,0.0001,0.0,0.0002,STILL
-17.3931,18.2883,-2.6329,0.0004,25.3754,0.2867,0.0002,25.6197,0.0224,0.0003,0.0,0.0,0.0,0.0003,STILL
-17.302,18.1337,-2.4657,0.0004,25.1847,0.1907,0.0001,25.5125,0.0467,0.0003,0.0,-0.0,0.0001,0.0002,STILL
-17.0634,18.2851,-2.7475,0.0004,25.1606,0.0241,0.0001,25.3841,0.0381,0.0003,0.0,-0.0,0.0002,0.0001,STILL
-17.3695,18.6937,-2.9262,0.0004,25.685,0.5244,0.0,25.4136,0.0507,0.0004,0.0,0.0,0.0002,0.0002,STILL
-17.2644,19.0706,-2.4159,0.0005,25.8376,0.1527,0.0,25.4487,0.073,0.0004,0.0,0.0001,0.0003,0.0002,STILL
-17.2427,19.5596,-2.2234,0.0004,26.1693,0.3317,0.0,25.6074,0.1506,0.0004,0.0,0.0001,0.0003,0.0002,STILL
-16.9473,19.2789,-2.1756,0.0005,25.7609,0.4085,0.0,25.7227,0.1063,0.0004,0.0,0.0001,0.0004,0.0002,STILL
-16.6797,18.7731,-1.9998,0.0005,25.1921,0.5687,0.0,25.729,0.0994,0.0005,0.0,0.0001,0.0004,0.0002,STILL
-16.9688,18.8216,-1.9905,0.0005,25.4196,0.2275,0.0,25.6759,0.1153,0.0005,0.0,-0.0,0.0004,0.0003,STILL
-16.9469,18.8386,-2.6861,0.0004,25.4815,0.0619,0.0001,25.6047,0.1126,0.0005,0.0,-0.0001,0.0003,0.0003,STILL
-16.8075,18.1334,-3.7083,0.0004,25.0013,0.4802,0.0,25.3711,0.0671,0.0005,0.0,-0.0001,0.0002,0.0003,STILL
-16.8429,18.0067,-3.9104,0.0008,24.9643,0.037,0.0004,25.2117,0.0444,0.0005,0.0,-0.0002,-0.0,0.0003,STILL
-16.9118,18.496,-3.8939,0.0006,25.3628,0.3986,0.0001,25.2459,0.0477,0.0005,0.0,-0.0003,-0.0001,0.0003,STILL
-16.8107,18.4624,-2.9183,0.0007,25.1391,0.2237,0.0,25.1898,0.0408,0.0006,0.0,-0.0004,-0.0003,0.0003,STILL
-16.9548,18.5605,-3.5096,0.0006,25.3826,0.2435,0.0001,25.17,0.0308,0.0006,0.0,-0.0004,-0.0003,0.0003,STILL
-16.8295,18.6047,-3.2296,0.0005,25.2942,0.0884,0.0001,25.2286,0.0248,0.0006,0.0,-0.0005,-0.0003,0.0003,STILL
-16.848,18.565,-3.5618,0.0007,25.3219,0.0277,0.0001,25.3001,0.0074,0.0006,0.0,-0.0005,-0.0002,0.0003,STILL
-16.7596,18.3145,-3.8713,0.0007,25.1255,0.1964,0.0001,25.2527,0.0105,0.0006,0.0,-0.0005,-0.0003,0.0003,STILL
-16.9921,18.2922,-3.9033,0.0006,25.27,0.1444,0.0001,25.2788,0.0073,0.0006,0.0,-0.0005,-0.0003,0.0003,STILL
-16.7593,18.1588,-3.6039,0.0004,24.972,0.2979,0.0002,25.1967,0.0172,0.0006,0.0,-0.0005,-0.0002,0.0002,STILL
-16.5668,18.6551,-3.1237,0.0001,25.1442,0.1722,0.0003,25.1667,0.015,0.0005,0.0,-0.0004,-0.0002,0.0001,STILL
-16.4941,18.5272,-3.0427,0.0002,24.9914,0.1528,0.0001,25.1006,0.0119,0.0004,0.0,-0.0003,-0.0002,0.0001,STILL
-16.3515,18.6249,-3.0904,0.0003,24.9762,0.0152,0.0001,25.0708,0.014,0.0003,0.0,-0.0001,-0.0,0.0,STILL
-17.0531,19.0656,-2.9692,0.0004,25.7511,0.7749,0.0001,25.167,0.0894,0.0003,0.0,-0.0,0.0001,-0.0,STILL
-16.9143,19.2368,-2.5223,0.0004,25.7393,0.0118,0.0,25.3204,0.1237,0.0003,0.0,0.0001,0.0002,-0.0,STILL
-16.7846,19.2957,-2.3897,0.0005,25.6857,0.0536,0.0001,25.4288,0.1325,0.0004,0.0,0.0002,0.0003,-0.0001,STILL
-16.9214,19.0584,-2.2586,0.0004,25.5863,0.0994,0.0002,25.5477,0.0851,0.0004,0.0,0.0001,0.0004,-0.0001,STILL
-16.8278,19.3186,-2.5131,0.0005,25.7429,0.1566,0.0001,25.7011,0.0038,0.0004,0.0,0.0002,0.0004,-0.0,STILL
-16.6528,19.1674,-2.673,0.0007,25.5314,0.2116,0.0002,25.6571,0.0072,0.0005,0.0,0.0002,0.0004,-0.0,STILL
-16.8566,18.7245,-2.7759,0.0005,25.3468,0.1846,0.0001,25.5786,0.0189,0.0005,0.0,0.0003,0.0004,0.0,STILL
-16.3291,19.0234,-2.6364,0.0004,25.2087,0.1381,0.0001,25.4832,0.0349,0.0005,0.0,0.0003,0.0004,0.0001,STILL
-16.3633,19.05,-1.9466,0.0003,25.1882,0.0205,0.0001,25.4036,0.0438,0.0005,0.0,0.0002,0.0003,0.0002,STILL
-16.0594,18.9368,-2.1104,0.0002,24.9191,0.2691,0.0,25.2388,0.0406,0.0004,0.0,0.0001,0.0003,0.0002,STILL
-15.9819,19.287,-2.3102,0.0002,25.1544,0.2353,0.0,25.1634,0.0192,0.0003,0.0,0.0,0.0002,0.0002,STILL
-16.2636,19.4921,-2.0607,0.0004,25.4694,0.315,0.0001,25.188,0.0306,0.0003,0.0,-0.0,0.0002,0.0002,STILL
-16.0765,19.1218,-2.6641,0.0,25.1236,0.3459,0.0004,25.1709,0.0311,0.0002,0.0,-0.0,0.0001,0.0002,STILL
-15.83,19.5318,-2.7501,0.0001,25.2911,0.1676,0.0001,25.1915,0.0335,0.0002,0.0,-0.0,0.0001,0.0001,STILL
-16.0827,19.1473,-2.4813,0.0003,25.1283,0.1629,0.0002,25.2334,0.0177,0.0002,0.0,0.0,0.0001,0.0,STILL
-16.0537,19.0679,-2.7069,0.0003,25.0725,0.0558,0.0,25.217,0.0213,0.0002,0.0,0.0001,-0.0,-0.0,STILL
-15.9211,19.0762,-2.7968,0.0001,25.004,0.0685,0.0002,25.1239,0.009,0.0002,0.0,0.0001,-0.0001,-0.0001,STILL
-16.3275,18.7859,-3.0312,0.0001,25.0736,0.0696,0.0,25.1139,0.0094,0.0002,0.0,0.0001,-0.0001,-0.0001,STILL
-16.2901,18.4912,-2.6937,0.0002,24.7901,0.2835,0.0001,25.0137,0.0141,0.0002,0.0,0.0001,-0.0,-0.0001,STILL
-16.8102,18.7086,-2.4112,0.0003,25.2668,0.4767,0.0001,25.0414,0.0235,0.0002,0.0,0.0001,0.0,-0.0001,STILL
-15.9982,18.4606,-2.6915,0.0002,24.576,0.6907,0.0001,24.9421,0.0567,0.0002,0.0,0.0001,0.0001,-0.0001,STILL
-16.0454,18.6591,-2.0688,0.0002,24.6961,0.1201,0.0,24.8805,0.0643,0.0002,0.0,0.0,0.0001,-0.0,STILL
-16.1801,18.9711,-2.5644,0.0007,25.0654,0.3692,0.0005,24.8789,0.0636,0.0003,0.0,0.0,-0.0001,-0.0,STILL
-16.5128,18.755,-3.6172,0.0008,25.2489,0.1835,0.0,24.9706,0.081,0.0005,0.0,0.0,-0.0002,0.0001,STILL
-16.3634,19.5727,-4.6218,0.0005,25.9271,0.6782,0.0003,25.1027,0.229,0.0005,0.0,-0.0,-0.0004,0.0001,STILL
-16.197,19.4519,-3.8819,0.0004,25.6084,0.3187,0.0,25.3092,0.182,0.0005,0.0,-0.0001,-0.0005,0.0002,STILL
-16.1482,19.8397,-3.3336,0.0007,25.7971,0.1887,0.0002,25.5294,0.106,0.0006,0.0,-0.0001,-0.0006,0.0002,STILL
-16.0092,19.5655,-3.2513,0.0007,25.4887,0.3084,0.0,25.614,0.0561,0.0006,0.0,-0.0001,-0.0006,0.0002,STILL
-16.3761,19.7368,-2.7979,0.0007,25.7981,0.3095,0.0,25.7239,0.0242,0.0006,0.0,-0.0002,-0.0006,0.0001,STILL
-16.629,19.3175,-3.2977,0.0006,25.7015,0.0967,0.0001,25.6787,0.014,0.0006,0.0,-0.0002,-0.0006,0.0001,STILL
-15.7938,18.9165,-3.6163,0.0005,24.907,0.7945,0.0,25.5385,0.1124,0.0006,0.0,-0.0002,-0.0006,0.0,STILL
-15.9132,18.7676,-3.218,0.0002,24.8155,0.0915,0.0003,25.3421,0.1651,0.0005,0.0,-0.0002,-0.0005,-0.0,STILL
-16.0743,19.211,-2.9275,0.0003,25.2193,0.4038,0.0001,25.2883,0.1609,0.0005,0.0,-0.0002,-0.0004,-0.0,STILL
-16.1032,19.2281,-3.0702,0.0004,25.2678,0.0484,0.0,25.1822,0.0977,0.0004,0.0,-0.0003,-0.0003,-0.0,STILL
-16.6388,19.2638,-2.9999,0.0002,25.6309,0.3631,0.0002,25.1681,0.0838,0.0003,0.0,-0.0002,-0.0002,-0.0,STILL
-16.4485,19.2048,-2.8968,0.0002,25.4513,0.1796,0.0,25.2769,0.0744,0.0003,0.0,-0.0001,-0.0001,-0.0,STILL
-16.7776,18.9607,-2.7674,0.0004,25.4687,0.0174,0.0001,25.4076,0.0221,0.0003,0.0,-0.0001,0.0,-0.0001,STILL
-17.1252,19.2092,-2.9514,0.0004,25.9032,0.4345,0.0,25.5444,0.0454,0.0003,0.0,0.0,0.0001,-0.0001,STILL
-17.3189,19.0955,-2.8768,0.0002,25.9395,0.0363,0.0002,25.6787,0.0433,0.0003,0.0,0.0001,0.0002,-0.0002,STILL
-17.4551,18.592,-2.6452,0.0003,25.6387,0.3008,0.0001,25.6803,0.0432,0.0003,0.0,0.0001,0.0002,-0.0001,STILL
-17.1266,18.5142,-2.2224,0.0003,25.3187,0.32,0.0,25.6537,0.0581,0.0003,0.0,0.0001,0.0002,-0.0001,STILL
-16.9732,18.5239,-2.3623,0.0002,25.2349,0.0837,0.0001,25.607,0.0842,0.0003,0.0,0.0001,0.0002,-0.0,STILL
-17.5129,18.8097,-1.8461,0.0003,25.7666,0.5316,0.0001,25.5797,0.071,0.0003,0.0,0.0,0.0002,-0.0,STILL
-17.2884,18.3822,-2.155,0.0005,25.3266,0.4399,0.0002,25.4571,0.0429,0.0003,0.0,0.0,0.0003,-0.0,STILL
-17.1495,18.5964,-2.5365,0.0002,25.4237,0.0971,0.0002,25.4141,0.0346,0.0003,0.0,-0.0,0.0003,-0.0,STILL
-16.5634,18.174,-2.3417,0.0003,24.7006,0.7231,0.0001,25.2905,0.1193,0.0003,0.0,-0.0001,0.0002,-0.0,STILL
-16.4163,18.2954,-3.2546,0.0004,24.7954,0.0947,0.0001,25.2026,0.16,0.0003,0.0,-0.0002,0.0002,-0.0001,STILL
-16.2924,18.6832,-3.8193,0.0005,25.0817,0.2864,0.0001,25.0656,0.0806,0.0004,0.0,-0.0002,0.0002,-0.0001,STILL
-15.8714,18.2278,-3.2773,0.0003,24.3905,0.6912,0.0002,24.8784,0.123,0.0003,0.0,-0.0003,0.0001,-0.0,STILL
-15.9034,18.0416,-3.4406,0.0003,24.2952,0.0953,0.0,24.6527,0.0807,0.0004,0.0,-0.0003,0.0001,0.0,STILL
-16.704,17.7614,-4.6837,0.0004,24.828,0.5328,0.0001,24.6782,0.0857,0.0004,0.0,-0.0003,0.0,-0.0,STILL
-16.2507,17.9654,-4.1251,0.0006,24.5735,0.2545,0.0001,24.6338,0.0832,0.0004,0.0,-0.0003,-0.0,-0.0001,STILL
-16.3755,18.2567,-5.3688,0.0003,25.1056,0.5321,0.0003,24.6385,0.0875,0.0004,0.0,-0.0003,-0.0,-0.0001,STILL
-16.4379,18.3179,-5.1326,0.0002,25.1415,0.0359,0.0001,24.7887,0.1032,0.0004,0.0,-0.0002,-0.0001,-0.0001,STILL
-16.2535,18.0355,-5.1311,0.0003,24.815,0.3265,0.0001,24.8927,0.0439,0.0004,0.0,-0.0002,-0.0001,-0.0002,STILL
-16.0559,18.2159,-5.2767,0.0002,24.8487,0.0337,0.0001,24.8968,0.0434,0.0003,0.0,-0.0001,-0.0001,-0.0002,STILL
-16.426,18.4571,-4.8495,0.0003,25.1793,0.3306,0.0001,25.018,0.0238,0.0003,0.0,-0.0,-0.0,-0.0001,STILL
-16.6877,18.6251,-4.4327,0.0003,25.3972,0.218,0.0,25.0763,0.0476,0.0002,0.0,0.0,0.0,-0.0001,STILL
-16.3095,18.8001,-4.0931,0.0003,25.2229,0.1743,0.0001,25.0926,0.0508,0.0003,0.0,0.0001,0.0001,-0.0001,STILL
-16.5132,18.9244,-3.7182,0.0003,25.3899,0.167,0.0,25.2076,0.0398,0.0003,0.0,0.0002,0.0002,-0.0001,STILL
-16.6856,19.027,-3.4933,0.0003,25.5468,0.157,0.0001,25.3472,0.0176,0.0003,0.0,0.0002,0.0002,-0.0001,STILL
-16.811,19.2779,-4.1821,0.0005,25.9179,0.371,0.0002,25.4949,0.0552,0.0003,0.0,0.0002,0.0002,-0.0,STILL
-16.6738,19.0067,-3.8363,0.0003,25.5732,0.3447,0.0001,25.5301,0.0533,0.0004,0.0,0.0002,0.0002,0.0,STILL
-16.914,19.1772,-3.8878,0.0002,25.8644,0.2912,0.0002,25.6584,0.0403,0.0003,0.0,0.0002,0.0001,0.0001,STILL
-16.8125,19.0668,-3.3103,0.0002,25.6351,0.2292,0.0,25.7075,0.0236,0.0003,0.0,0.0002,0.0001,0.0001,STILL
-16.9,18.4253,-3.2138,0.0002,25.2077,0.4274,0.0001,25.6396,0.0638,0.0003,0.0,0.0001,0.0,0.0002,STILL
-16.7262,18.2215,-3.9461,0.0003,25.0472,0.1606,0.0001,25.4655,0.0882,0.0002,0.0,0.0,-0.0001,0.0001,STILL
-16.9247,17.9834,-3.885,0.0001,24.9989,0.0483,0.0002,25.3506,0.1162,0.0002,0.0,-0.0,-0.0001,0.0001,STILL
-16.896,18.0743,-3.5674,0.0001,24.9976,0.0013,0.0,25.1773,0.0583,0.0002,0.0,-0.0,-0.0001,0.0,STILL
-16.6168,17.7938,-2.9664,0.0003,24.5263,0.4714,0.0002,24.9555,0.052,0.0002,0.0,-0.0,-0.0001,0.0001,STILL
-16.3528,17.7819,-3.1731,0.0005,24.3655,0.1607,0.0002,24.7871,0.0805,0.0002,0.0,-0.0,-0.0001,0.0001,STILL
-16.7166,17.9849,-3.3635,0.0005,24.7834,0.4178,0.0001,24.7343,0.0642,0.0003,0.0,0.0001,-0.0001,0.0002,STILL
-16.4327,18.0223,-3.1252,0.0006,24.5887,0.1947,0.0001,24.6523,0.0477,0.0004,0.0,0.0002,-0.0001,0.0002,STILL
-16.5337,18.1241,-3.0876,0.0004,24.726,0.1374,0.0002,24.598,0.022,0.0004,0.0,0.0002,-0.0001,0.0003,STILL
-16.43,18.0743,-2.8795,0.0004,24.5951,0.131,0.0,24.6117,0.0208,0.0005,0.0,0.0003,-0.0001,0.0003,STILL
-16.7597,17.7719,-3.0098,0.0005,24.6127,0.0177,0.0001,24.6612,0.0062,0.0005,0.0,0.0003,0.0,0.0003,STILL
-16.8265,17.9894,-2.8172,0.0003,24.7929,0.1801,0.0002,24.6631,0.0067,0.0004,0.0,0.0003,0.0001,0.0003,STILL
-16.7487,18.1134,-2.46,0.0002,24.7924,0.0004,0.0001,24.7038,0.0073,0.0004,0.0,0.0003,0.0001,0.0002,STILL
-16.5583,18.147,-2.143,0.0002,24.6593,0.1331,0.0,24.6905,0.0074,0.0003,0.0,0.0002,0.0001,0.0002,STILL
-16.7592,18.4176,-2.1957,0.0003,24.998,0.3386,0.0001,24.7711,0.018,0.0003,0.0,0.0001,0.0001,0.0002,STILL
-16.7605,18.4028,-1.7597,0.0005,24.9534,0.0445,0.0001,24.8392,0.015,0.0003,0.0,-0.0001,0.0001,0.0002,STILL
-16.2334,18.5816,-3.3827,0.0006,24.9047,0.0488,0.0001,24.8616,0.0149,0.0004,0.0,-0.0002,-0.0,0.0001,STILL
-16.1398,18.5872,-3.8281,0.0007,24.9125,0.0078,0.0002,24.8856,0.0139,0.0005,0.0,-0.0003,-0.0002,0.0001,STILL
-16.465,18.2385,-3.0562,0.0008,24.7604,0.152,0.0001,24.9058,0.0064,0.0006,0.0,-0.0004,-0.0003,0.0001,STILL
-16.5095,18.0345,-3.6981,0.0005,24.7282,0.0322,0.0003,24.8518,0.0081,0.0006,0.0,-0.0004,-0.0004,0.0001,STILL
-16.5732,18.0808,-3.3053,0.0006,24.7489,0.0208,0.0001,24.8109,0.0065,0.0006,0.0,-0.0004,-0.0005,0.0,STILL
-16.0929,18.0959,-2.7568,0.0005,24.373,0.376,0.0002,24.7046,0.0318,0.0006,0.0,-0.0003,-0.0005,0.0,STILL
-15.7337,18.5611,-2.4085,0.0005,24.4513,0.0783,0.0001,24.6124,0.0274,0.0006,0.0,-0.0003,-0.0005,0.0001,STILL
-15.5276,18.4082,-2.1143,0.0004,24.1752,0.2761,0.0002,24.4953,0.0476,0.0005,0.0,-0.0003,-0.0004,0.0001,STILL
-16.1752,18.4578,-2.0383,0.0002,24.6269,0.4517,0.0002,24.4751,0.0398,0.0004,0.0,-0.0002,-0.0003,0.0001,STILL
-16.3808,18.1913,-2.0494,0.0003,24.5653,0.0616,0.0001,24.4383,0.0251,0.0004,0.0,-0.0001,-0.0002,0.0,STILL
-16.0171,18.578,-2.202,0.0002,24.628,0.0628,0.0001,24.4893,0.0288,0.0003,0.0,-0.0001,-0.0001,-0.0,STILL
-16.1387,18.1218,-2.346,0.0002,24.3795,0.2485,0.0,24.475,0.0307,0.0003,0.0,0.0,-0.0,-0.0001,STILL
-16.3016,18.1693,-2.3268,0.0002,24.521,0.1415,0.0,24.5441,0.0084,0.0002,0.0,0.0001,0.0,-0.0001,STILL
-16.535,18.2823,-2.0427,0.0003,24.7351,0.2141,0.0001,24.5658,0.0138,0.0002,0.0,0.0001,0.0001,-0.0001,STILL
-16.4124,18.3915,-2.3373,0.0002,24.7604,0.0253,0.0002,24.6048,0.0199,0.0002,0.0,0.0002,0.0001,-0.0001,STILL
-16.6174,18.8319,-2.3979,0.0002,25.2296,0.4692,0.0,24.7251,0.0834,0.0002,0.0,0.0002,0.0001,-0.0,STILL
-16.7689,18.5999,-2.3215,0.0004,25.1504,0.0791,0.0002,24.8793,0.0719,0.0003,0.0,0.0002,0.0001,0.0,STILL
-16.5901,18.4331,-2.4322,0.0001,24.9184,0.232,0.0002,24.9588,0.0402,0.0002,0.0,0.0002,0.0001,0.0,STILL
-16.3284,18.7746,-2.9239,0.0002,25.0529,0.1345,0.0,25.0223,0.0279,0.0002,0.0,0.0001,0.0,0.0001,STILL
-16.6564,18.4572,-3.9922,0.0003,25.1802,0.1273,0.0002,25.1063,0.0122,0.0002,0.0,0.0,0.0,0.0001,STILL
-16.2845,18.772,-2.9657,0.0004,25.0273,0.1528,0.0001,25.0659,0.0087,0.0003,0.0,-0.0001,-0.0001,0.0001,STILL
-16.3901,18.3488,-4.2819,0.0005,24.973,0.0544,0.0001,25.0304,0.0078,0.0003,0.0,-0.0001,-0.0002,0.0001,STILL
-16.5934,18.4822,-4.4443,0.0005,25.2326,0.2596,0.0,25.0932,0.0095,0.0004,0.0,-0.0002,-0.0002,0.0001,STILL
-16.6153,18.2733,-4.5304,0.0005,25.1099,0.1227,0.0,25.1046,0.0091,0.0004,0.0,-0.0002,-0.0003,0.0001,STILL
-16.6329,18.2249,-3.3962,0.0007,24.9065,0.2034,0.0002,25.0498,0.0128,0.0005,0.0,-0.0002,-0.0004,0.0001,STILL
-16.3625,18.9361,-3.9295,0.0008,25.3328,0.4263,0.0001,25.1109,0.025,0.0006,0.0,-0.0002,-0.0005,0.0001,STILL
-16.1775,19.0489,-4.1998,0.0007,25.3419,0.0091,0.0001,25.1847,0.0264,0.0006,0.0,-0.0002,-0.0005,0.0,STILL
-16.6639,18.7985,-3.7692,0.0003,25.4023,0.0604,0.0003,25.2187,0.0342,0.0006,0.0,-0.0002,-0.0005,0.0001,STILL
-16.4468,18.5419,-3.5404,0.0004,25.0366,0.3657,0.0001,25.204,0.0383,0.0006,0.0,-0.0003,-0.0004,0.0001,STILL
-16.2199,18.4148,-3.1229,0.0005,24.7375,0.2992,0.0001,25.1702,0.063,0.0005,0.0,-0.0002,-0.0004,0.0001,STILL
-16.2259,18.4443,-3.3358,0.0002,24.7912,0.0537,0.0003,25.0619,0.0747,0.0004,0.0,-0.0002,-0.0003,0.0001,STILL
-16.4401,18.5398,-3.3312,0.0001,25.002,0.2108,0.0002,24.9939,0.0551,0.0003,0.0,-0.0002,-0.0001,0.0001,STILL
-16.2115,19.035,-2.7649,0.0003,25.1553,0.1533,0.0002,24.9445,0.0245,0.0003,0.0,-0.0002,-0.0,0.0001,STILL
-16.6004,18.9842,-2.6807,0.0005,25.3606,0.2054,0.0002,25.0093,0.0533,0.0003,0.0,-0.0001,0.0001,0.0001,STILL
-16.7991,19.2874,-2.4821,0.0006,25.6977,0.3371,0.0001,25.2014,0.0964,0.0003,0.0,0.0,0.0002,0.0,STILL
-17.2143,18.9643,-2.0325,0.0005,25.6925,0.0052,0.0001,25.3816,0.0785,0.0004,0.0,0.0001,0.0004,0.0,STILL
-17.2245,19.0871,-1.7854,0.0006,25.7719,0.0793,0.0,25.5356,0.0564,0.0005,0.0,0.0001,0.0005,0.0,STILL
-17.2984,19.3321,-1.9283,0.0007,26.0132,0.2413,0.0002,25.7072,0.0436,0.0006,0.0,0.0002,0.0005,-0.0,STILL
-17.4012,19.5595,-2.3833,0.0008,26.2879,0.2748,0.0001,25.8926,0.0527,0.0006,0.0,0.0002,0.0006,-0.0001,STILL
-17.1553,19.4132,-2.2441,0.0008,26.0041,0.2838,0.0,25.9539,0.0438,0.0007,0.0,0.0001,0.0007,-0.0001,STILL
-16.643,19.1649,-2.2609,0.0007,25.4833,0.5209,0.0001,25.9121,0.0727,0.0007,0.0,0.0001,0.0007,-0.0002,STILL
-16.3894,19.4476,-1.9119,0.0005,25.5044,0.0212,0.0002,25.8586,0.0991,0.0007,0.0,0.0001,0.0007,-0.0002,STILL
-16.199,19.5799,-2.2389,0.0002,25.5107,0.0062,0.0002,25.7581,0.1085,0.0006,0.0,0.0,0.0005,-0.0002,STILL
-16.5592,19.5483,-1.5567,0.0005,25.6665,0.1558,0.0002,25.6338,0.0386,0.0005,0.0,-0.0001,0.0004,-0.0003,STILL
-16.5599,19.6043,-2.1172,0.0006,25.7496,0.0831,0.0001,25.5829,0.0112,0.0005,0.0,-0.0001,0.0003,-0.0003,STILL
-16.1479,19.5178,-1.7282,0.0004,25.3907,0.3589,0.0002,25.5644,0.0163,0.0004,0.0,-0.0001,0.0002,-0.0003,STILL
-16.3277,19.3361,-1.745,0.0003,25.3678,0.0229,0.0001,25.537,0.0225,0.0004,0.0,-0.0002,0.0,-0.0003,STILL
-16.6809,19.022,-2.4117,0.0004,25.4147,0.0469,0.0001,25.5178,0.025,0.0005,0.0,-0.0001,-0.0001,-0.0003,STILL
-16.7447,19.3364,-2.1575,0.0004,25.6697,0.2551,0.0,25.5185,0.0252,0.0004,0.0,-0.0001,-0.0002,-0.0003,STILL
-16.3802,19.1878,-2.376,0.0004,25.3402,0.3295,0.0,25.4366,0.0142,0.0004,0.0,-0.0001,-0.0003,-0.0002,STILL
-16.7885,19.3722,-2.3414,0.0002,25.7413,0.4011,0.0002,25.5068,0.0274,0.0004,0.0,-0.0001,-0.0002,-0.0002,STILL
-16.7214,18.879,-1.9231,0.0001,25.2927,0.4486,0.0001,25.4917,0.0325,0.0003,0.0,-0.0001,-0.0002,-0.0002,STILL
-16.8396,18.9219,-1.8885,0.0002,25.4004,0.1077,0.0,25.4889,0.033,0.0003,0.0,-0.0,-0.0001,-0.0002,STILL
-16.5155,19.0063,-2.067,0.0004,25.2641,0.1363,0.0002,25.4077,0.03,0.0003,0.0,-0.0,0.0001,-0.0002,STILL
-16.653,18.6675,-2.0724,0.0003,25.1017,0.1624,0.0001,25.36,0.0455,0.0002,0.0,0.0001,0.0001,-0.0001,STILL
-17.0161,19.1559,-2.4829,0.0004,25.7422,0.6406,0.0001,25.3602,0.0456,0.0003,0.0,0.0001,0.0002,-0.0001,STILL
-17.2785,19.1778,-2.7301,0.0005,25.9575,0.2153,0.0001,25.4932,0.0984,0.0003,0.0,0.0002,0.0003,-0.0001,STILL
-17.1072,19.0798,-2.3216,0.0007,25.731,0.2265,0.0002,25.5593,0.1036,0.0005,0.0,0.0002,0.0004,-0.0002,STILL
-16.9858,19.1076,-2.3166,0.0005,25.6707,0.0603,0.0002,25.6406,0.0821,0.0005,0.0,0.0002,0.0004,-0.0001,STILL
-17.223,18.8017,-2.0564,0.0003,25.5805,0.0901,0.0001,25.7364,0.0155,0.0005,0.0,0.0002,0.0004,-0.0001,STILL
-16.6878,18.957,-1.6233,0.0001,25.3078,0.2728,0.0002,25.6495,0.0447,0.0004,0.0,0.0001,0.0003,-0.0002,STILL
-16.9377,19.2125,-1.0611,0.0002,25.6346,0.3268,0.0001,25.5849,0.0216,0.0004,0.0,0.0001,0.0002,-0.0001,STILL
-16.7877,18.92,-1.1708,0.0002,25.3212,0.3134,0.0,25.5029,0.0245,0.0003,0.0,0.0,0.0001,-0.0,STILL
-16.8895,18.5391,-0.4554,0.0005,25.0831,0.2381,0.0003,25.3854,0.0403,0.0003,0.0,-0.0001,-0.0,0.0001,STILL
-16.9522,18.3469,-0.7455,0.0004,24.9909,0.0922,0.0001,25.2675,0.05,0.0003,0.0,-0.0002,-0.0001,0.0001,STILL
-17.3305,18.1931,-1.9746,0.0003,25.2039,0.2131,0.0001,25.2467,0.05,0.0003,0.0,-0.0001,-0.0001,0.0002,STILL
-17.0082,18.2514,-2.4328,0.0001,25.0661,0.1378,0.0002,25.133,0.0135,0.0003,0.0,-0.0001,-0.0,0.0002,STILL
-17.2347,18.5511,-2.7993,0.0003,25.4758,0.4096,0.0002,25.1639,0.029,0.0003,0.0,-0.0001,-0.0,0.0002,STILL
-17.144,18.544,-2.6551,0.0002,25.3938,0.0819,0.0001,25.2261,0.0344,0.0003,0.0,-0.0,0.0001,0.0002,STILL
-16.9964,18.2946,-2.7866,0.0002,25.1264,0.2674,0.0,25.2532,0.0246,0.0002,0.0,0.0,0.0001,0.0002,STILL
-16.694,18.4169,-2.8418,0.0002,25.019,0.1074,0.0,25.2162,0.0337,0.0002,0.0,0.0,0.0001,0.0001,STILL
-16.4052,18.2054,-2.739,0.0004,24.6591,0.3599,0.0001,25.1348,0.0846,0.0003,0.0,0.0001,0.0001,0.0002,STILL
-16.4992,18.1112,-2.9006,0.0002,24.6709,0.0118,0.0001,24.9738,0.0785,0.0003,0.0,0.0001,0.0001,0.0002,STILL
-16.8056,19.2327,-2.6767,0.0001,25.6805,1.0097,0.0001,25.0312,0.1398,0.0002,0.0,0.0001,0.0001,0.0002,STILL
-16.8757,18.9112,-3.0508,0.0002,25.529,0.1515,0.0001,25.1117,0.1811,0.0002,0.0,0.0001,0.0001,0.0001,STILL
-16.6787,19.1727,-2.9969,0.0002,25.5881,0.0591,0.0,25.2255,0.2118,0.0002,0.0,0.0001,0.0,0.0,STILL
-16.4211,19.1538,-2.1756,0.0001,25.323,0.2652,0.0001,25.3583,0.1319,0.0002,0.0,0.0001,-0.0,-0.0,STILL
-16.3681,19.573,-3.2436,0.0004,25.7204,0.3974,0.0003,25.5682,0.0196,0.0002,0.0,0.0001,-0.0001,-0.0,STILL
-16.3789,19.0428,-1.9168,0.0005,25.1907,0.5298,0.0001,25.4702,0.036,0.0003,0.0,0.0001,-0.0002,-0.0001,STILL
-16.5,19.128,-1.3834,0.0002,25.2991,0.1084,0.0002,25.4242,0.039,0.0003,0.0,0.0001,-0.0002,-0.0001,STILL
-16.0406,19.5368,-3.2849,0.0001,25.4907,0.1916,0.0001,25.4048,0.0341,0.0003,0.0,0.0001,-0.0003,-0.0,STILL
-15.3575,19.645,-3.9466,0.0002,25.2459,0.2448,0.0,25.3893,0.0376,0.0003,0.0,0.0001,-0.0003,-0.0,STILL
-15.9391,19.1754,-4.9729,0.0002,25.426,0.1801,0.0,25.3305,0.0125,0.0002,0.0,0.0,-0.0002,0.0,STILL
-16.4325,18.7684,-4.6408,0.0002,25.3736,0.0524,0.0,25.3671,0.0076,0.0002,0.0,-0.0001,-0.0001,0.0,STILL
-16.4648,19.3023,-5.0189,0.0004,25.8622,0.4886,0.0002,25.4797,0.0431,0.0002,0.0,-0.0001,-0.0001,0.0,STILL
-16.2156,18.8074,-4.1464,0.0003,25.1765,0.6857,0.0001,25.4169,0.0575,0.0002,0.0,-0.0002,-0.0001,-0.0,STILL
-16.2975,18.8459,-5.189,0.0002,25.45,0.2735,0.0001,25.4577,0.0502,0.0002,0.0,-0.0002,-0.0,-0.0,STILL
-16.2067,18.683,-4.5199,0.0001,25.1424,0.3076,0.0001,25.401,0.0666,0.0002,0.0,-0.0001,-0.0,-0.0001,STILL
-15.9341,18.6339,-3.8441,0.0002,24.8172,0.3252,0.0001,25.2897,0.1222,0.0002,0.0,-0.0001,-0.0,-0.0001,STILL
-15.9723,18.5477,-3.6565,0.0003,24.7488,0.0684,0.0001,25.067,0.0656,0.0002,0.0,-0.0,-0.0001,-0.0,STILL
-15.3778,18.5788,-3.9908,0.0004,24.4454,0.3034,0.0001,24.9208,0.1191,0.0002,0.0,-0.0001,-0.0001,-0.0,STILL
-15.0148,19.0381,-5.1052,0.0004,24.7781,0.3327,0.0,24.7864,0.0491,0.0003,0.0,-0.0001,-0.0001,-0.0,STILL
-15.1087,19.1304,-4.5279,0.0011,24.7941,0.016,0.0007,24.7167,0.0189,0.0005,0.0,-0.0002,-0.0001,-0.0002,STILL
-14.8401,19.1075,-4.4379,0.0008,24.5971,0.197,0.0004,24.6727,0.0178,0.0006,0.0,-0.0003,-0.0001,-0.0003,STILL
-15.3252,19.4391,-4.7941,0.0005,25.2136,0.6164,0.0002,24.7657,0.0665,0.0006,0.0,-0.0004,-0.0002,-0.0003,STILL
-15.832,19.2263,-5.6072,0.0009,25.5293,0.3157,0.0003,24.9824,0.1156,0.0007,0.0,-0.0004,-0.0003,-0.0004,STILL
-16.0062,19.506,-4.2701,0.0007,25.5914,0.0621,0.0002,25.1451,0.155,0.0008,0.0,-0.0004,-0.0004,-0.0004,STILL
-16.2206,19.4673,-4.1286,0.0003,25.6735,0.0822,0.0004,25.321,0.1553,0.0006,0.0,-0.0004,-0.0005,-0.0002,STILL
-16.2359,19.3114,-3.9435,0.0003,25.5359,0.1376,0.0001,25.5087,0.0245,0.0005,0.0,-0.0003,-0.0004,-0.0002,STILL
-16.6168,18.8085,-3.8017,0.0001,25.3837,0.1523,0.0001,25.5428,0.009,0.0005,0.0,-0.0002,-0.0003,-0.0002,STILL
-16.3403,18.8655,-3.1507,0.0004,25.1563,0.2273,0.0003,25.4682,0.0333,0.0004,0.0,-0.0002,-0.0002,-0.0002,STILL
-16.5066,19.1987,-2.8956,0.0006,25.4842,0.3278,0.0002,25.4467,0.0298,0.0003,0.0,-0.0001,0.0,-0.0002,STILL
-16.5241,19.2027,-2.5946,0.0005,25.466,0.0181,0.0001,25.4052,0.0179,0.0004,0.0,-0.0,0.0001,-0.0003,STILL
-16.613,19.359,-2.6819,0.0005,25.6507,0.1846,0.0,25.4282,0.026,0.0004,0.0,0.0001,0.0003,-0.0003,STILL
-17.0279,19.0966,-2.3487,0.0005,25.6933,0.0426,0.0,25.4901,0.0358,0.0005,0.0,0.0002,0.0003,-0.0003,STILL
-16.8598,18.8429,-1.9602,0.0006,25.3604,0.3329,0.0001,25.5309,0.0152,0.0005,0.0,0.0003,0.0004,-0.0002,STILL
-16.8379,18.8681,-2.1025,0.0003,25.3759,0.0155,0.0002,25.5093,0.0191,0.0005,0.0,0.0003,0.0003,-0.0002,STILL
-16.2734,18.7257,-2.2133,0.0003,24.9073,0.4686,0.0,25.3975,0.0787,0.0005,0.0,0.0003,0.0003,-0.0001,STILL
-16.6594,18.8274,-2.03,0.0004,25.2216,0.3142,0.0001,25.3117,0.0648,0.0004,0.0,0.0003,0.0002,-0.0,STILL
-16.8087,19.0651,-3.3615,0.0003,25.6381,0.4165,0.0001,25.3007,0.0568,0.0004,0.0,0.0003,0.0,-0.0,STILL
-16.7626,19.0614,-3.6611,0.0001,25.6462,0.0081,0.0002,25.3578,0.0767,0.0003,0.0,0.0002,-0.0,0.0,STILL
-17.4163,19.0085,-3.5882,0.0004,26.0294,0.3832,0.0003,25.4885,0.1498,0.0003,0.0,0.0001,-0.0001,0.0001,STILL
-17.4206,19.1443,-3.005,0.0003,26.0578,0.0285,0.0001,25.7186,0.0941,0.0003,0.0,0.0001,-0.0001,0.0001,STILL
-16.7271,18.9967,-2.7352,0.0002,25.4588,0.599,0.0001,25.7661,0.0559,0.0003,0.0,0.0001,-0.0,0.0001,STILL
-16.5598,19.0567,-2.5038,0.0002,25.3704,0.0885,0.0,25.7125,0.0811,0.0002,0.0,0.0001,0.0,0.0001,STILL
-16.3322,19.6298,-2.4312,0.0004,25.6511,0.2807,0.0001,25.7135,0.081,0.0003,0.0,0.0002,0.0,0.0001,STILL
-16.3564,19.6069,-2.1137,0.0005,25.6209,0.0302,0.0002,25.6318,0.0561,0.0003,0.0,0.0002,0.0001,0.0001,STILL
-16.257,19.5418,-2.3097,0.0003,25.5246,0.0963,0.0002,25.5252,0.0107,0.0003,0.0,0.0002,0.0002,0.0001,STILL
-16.6743,19.4334,-2.0915,0.0005,25.6918,0.1671,0.0001,25.5718,0.0132,0.0004,0.0,0.0002,0.0002,0.0001,STILL
-16.3051,19.7311,-2.1295,0.0004,25.6848,0.007,0.0,25.6346,0.0037,0.0004,0.0,0.0002,0.0003,0.0001,STILL
-16.6003,20.2662,-2.2254,0.0004,26.2915,0.6067,0.0001,25.7627,0.0735,0.0004,0.0,0.0002,0.0004,0.0002,STILL
-16.8428,20.5129,-2.3929,0.0004,26.6493,0.3578,0.0,25.9684,0.1844,0.0004,0.0,0.0001,0.0004,0.0001,STILL
-16.3648,20.0416,-2.6174,0.0005,26.0062,0.6431,0.0001,26.0647,0.136,0.0004,0.0,0.0002,0.0004,-0.0,STILL
-16.7106,19.5083,-3.3127,0.0003,25.8996,0.1066,0.0002,26.1063,0.1119,0.0004,0.0,0.0002,0.0003,-0.0,STILL
-16.7122,19.5191,-2.4376,0.0003,25.8116,0.0881,0.0,26.1316,0.0931,0.0004,0.0,0.0002,0.0002,-0.0,STILL
-16.7729,19.3059,-3.2439,0.0004,25.7793,0.0323,0.0001,26.0292,0.1023,0.0004,0.0,0.0002,0.0,-0.0001,STILL
-16.659,19.2979,-4.0607,0.0003,25.8151,0.0358,0.0001,25.8624,0.0068,0.0004,0.0,0.0002,-0.0,-0.0001,STILL
-16.5178,18.8695,-3.2829,0.0001,25.2918,0.5233,0.0002,25.7195,0.0473,0.0003,0.0,0.0002,-0.0001,-0.0001,STILL
-16.333,18.9894,-2.0826,0.0002,25.1336,0.1581,0.0,25.5663,0.086,0.0003,0.0,0.0001,-0.0002,-0.0001,STILL
-16.1101,18.8946,-2.5223,0.0004,24.9581,0.1756,0.0002,25.3956,0.1188,0.0003,0.0,0.0,-0.0002,-0.0,STILL
-16.2194,18.6095,-2.4804,0.0004,24.8099,0.1482,0.0,25.2017,0.1204,0.0003,0.0,-0.0,-0.0001,0.0,STILL
-16.3724,18.5876,-1.9249,0.0004,24.8447,0.0347,0.0,25.0076,0.0329,0.0003,0.0,-0.0001,-0.0002,0.0001,STILL
-16.3448,18.4263,-1.9399,0.0004,24.7072,0.1375,0.0001,24.8907,0.0212,0.0003,0.0,-0.0002,-0.0002,0.0001,STILL
-16.1727,18.6567,-2.1019,0.0003,24.7799,0.0728,0.0002,24.82,0.0068,0.0004,0.0,-0.0002,-0.0002,0.0002,STILL
-16.2632,18.7628,-2.3472,0.0001,24.9408,0.1609,0.0002,24.8165,0.0059,0.0003,0.0,-0.0002,-0.0001,0.0002,STILL
-16.0043,19.0071,-2.5496,0.0002,24.9782,0.0374,0.0001,24.8501,0.01,0.0003,0.0,-0.0001,-0.0,0.0001,STILL
-15.7503,18.6026,-2.4522,0.0002,24.4978,0.4804,0.0001,24.7808,0.03,0.0002,0.0,-0.0,0.0,0.0001,STILL
-16.0815,18.8321,-1.9805,0.0004,24.8432,0.3454,0.0002,24.808,0.029,0.0002,0.0,0.0001,0.0,0.0,STILL
-16.4183,19.2469,-1.75,0.0004,25.3588,0.5156,0.0,24.9237,0.0761,0.0002,0.0,0.0002,0.0,-0.0,STILL
-16.3003,19.2257,-1.8313,0.0002,25.2721,0.0867,0.0002,24.99,0.0959,0.0003,0.0,0.0002,-0.0,-0.0,STILL
-16.3183,19.2805,-2.315,0.0003,25.3651,0.093,0.0001,25.0674,0.118,0.0003,0.0,0.0001,-0.0001,-0.0,STILL
-16.1516,18.9588,-2.4083,0.0003,25.0222,0.3429,0.0,25.1722,0.0425,0.0003,0.0,0.0001,-0.0001,-0.0,STILL
-16.1681,18.8295,-1.9422,0.0004,24.8944,0.1277,0.0001,25.1825,0.0362,0.0003,0.0,-0.0001,-0.0001,-0.0,STILL
-16.0595,18.7105,-2.2288,0.0004,24.758,0.1364,0.0,25.0623,0.0516,0.0003,0.0,-0.0002,-0.0001,-0.0001,STILL
-16.1382,18.5997,-2.8174,0.0005,24.7856,0.0276,0.0002,24.965,0.0487,0.0004,0.0,-0.0002,-0.0002,-0.0001,STILL
-15.8918,19.1985,-4.5789,0.0005,25.3397,0.554,0.0,24.96,0.0447,0.0004,0.0,-0.0002,-0.0002,-0.0001,STILL
-16.201,18.765,-3.7194,0.0008,25.0685,0.2711,0.0003,24.9692,0.0462,0.0005,0.0,-0.0002,-0.0004,-0.0,STILL
-16.1951,19.2245,-3.6255,0.0007,25.397,0.3285,0.0001,25.0698,0.0716,0.0006,0.0,-0.0002,-0.0005,-0.0,STILL
-16.0717,19.1202,-2.2504,0.0007,25.0789,0.3182,0.0,25.1339,0.048,0.0006,0.0,-0.0003,-0.0006,0.0001,STILL
-16.0105,18.9649,-2.9285,0.0006,24.9916,0.0872,0.0001,25.1751,0.0261,0.0007,0.0,-0.0003,-0.0006,0.0001,STILL
-16.2522,18.722,-3.324,0.0008,25.0139,0.0222,0.0001,25.11,0.0217,0.0007,0.0,-0.0003,-0.0006,0.0001,STILL
-16.0861,18.4182,-3.5717,0.0007,24.7134,0.3005,0.0001,25.0389,0.0477,0.0007,0.0,-0.0003,-0.0006,0.0001,STILL
-16.0626,18.7127,-3.6917,0.0007,24.9359,0.2226,0.0,24.9467,0.0157,0.0007,0.0,-0.0003,-0.0006,0.0001,STILL
-16.1532,18.4326,-3.8409,0.0006,24.8081,0.1278,0.0001,24.8926,0.0131,0.0007,0.0,-0.0003,-0.0006,0.0001,STILL
-15.8038,18.3555,-3.3633,0.0006,24.454,0.3541,0.0,24.785,0.0381,0.0007,0.0,-0.0003,-0.0006,0.0,STILL
-15.6712,17.8969,-3.1907,0.0003,24.0014,0.4526,0.0003,24.5825,0.1094,0.0006,0.0,-0.0003,-0.0005,0.0,STILL
-15.8057,18.08,-3.0713,0.0,24.2103,0.209,0.0003,24.4819,0.1236,0.0004,0.0,-0.0002,-0.0004,-0.0,STILL
-15.9852,18.5578,-3.1727,0.0001,24.6978,0.4875,0.0001,24.4343,0.0894,0.0003,0.0,-0.0002,-0.0003,-0.0,STILL
-16.1975,18.8618,-3.1256,0.0003,25.0579,0.3601,0.0002,24.4843,0.1368,0.0003,0.0,-0.0001,-0.0001,-0.0,STILL
-16.3018,18.5363,-3.1224,0.0003,24.8816,0.1763,0.0,24.5698,0.1608,0.0002,0.0,0.0,0.0,-0.0001,STILL
-16.157,18.9385,-3.0791,0.0003,25.0838,0.2022,0.0,24.7863,0.1022,0.0002,0.0,0.0,0.0001,-0.0,STILL
-16.1163,18.6789,-2.5383,0.0003,24.8008,0.283,0.0,24.9044,0.0219,0.0002,0.0,0.0001,0.0002,-0.0,STILL
-16.5524,18.9744,-2.4338,0.0006,25.2969,0.4961,0.0004,25.0242,0.0299,0.0003,0.0,0.0001,0.0003,-0.0001,STILL
-16.8919,18.7326,-2.8345,0.0005,25.3827,0.0858,0.0001,25.0891,0.0511,0.0004,0.0,0.0002,0.0003,-0.0001,STILL
-16.7354,18.7205,-2.9114,0.0005,25.2786,0.1041,0.0,25.1685,0.0434,0.0004,0.0,0.0002,0.0003,-0.0001,STILL
-16.3664,18.4857,-2.7322,0.0004,24.8405,0.4381,0.0001,25.1199,0.0611,0.0005,0.0,0.0003,0.0003,-0.0002,STILL
-16.5807,18.3292,-2.7514,0.0003,24.8686,0.0282,0.0001,25.1334,0.0532,0.0005,0.0,0.0002,0.0003,-0.0002,STILL
-16.3302,18.2478,-2.5699,0.0002,24.6223,0.2463,0.0001,24.9985,0.0819,0.0004,0.0,0.0002,0.0001,-0.0002,STILL
-16.9422,18.5607,-1.9434,0.0002,25.2055,0.5832,0.0,24.9631,0.0597,0.0003,0.0,0.0001,0.0,-0.0001,STILL
-15.6663,18.5267,-1.9766,0.0002,24.3429,0.8626,0.0001,24.776,0.0817,0.0003,0.0,0.0,-0.0001,-0.0001,STILL
-15.4455,18.6714,-2.3313,0.0002,24.3438,0.0008,0.0001,24.6766,0.1083,0.0002,0.0,-0.0,-0.0001,-0.0001,STILL
-15.2721,19.0308,-1.915,0.0001,24.476,0.1323,0.0001,24.5981,0.1028,0.0002,0.0,-0.0,-0.0001,-0.0001,STILL
-15.4489,18.9809,-1.6695,0.0003,24.5302,0.0542,0.0002,24.5797,0.1033,0.0002,0.0,-0.0,-0.0001,-0.0,STILL
-15.6466,18.9472,-1.9481,0.0003,24.6497,0.1195,0.0001,24.4685,0.0136,0.0002,0.0,-0.0,-0.0002,-0.0,STILL
-16.0423,18.2984,-0.8397,0.0002,24.3494,0.3004,0.0001,24.4698,0.0133,0.0002,0.0,-0.0001,-0.0002,-0.0,STILL
-15.9776,18.3669,-1.4562,0.0004,24.3874,0.038,0.0001,24.4785,0.0114,0.0003,0.0,-0.0,-0.0002,0.0001,STILL
-16.2196,18.4216,-2.1337,0.0005,24.637,0.2496,0.0001,24.5107,0.0154,0.0003,0.0,-0.0,-0.0003,0.0002,STILL
-16.4444,18.181,-1.5476,0.0004,24.5635,0.0736,0.0001,24.5174,0.0158,0.0004,0.0,-0.0001,-0.0003,0.0002,STILL
-16.5805,18.6761,-2.1568,0.0004,25.0671,0.5037,0.0,24.6009,0.0658,0.0004,0.0,-0.0001,-0.0003,0.0002,STILL
-16.9269,18.3284,-1.9473,0.0003,25.0248,0.0423,0.0001,24.736,0.0708,0.0004,0.0,-0.0001,-0.0003,0.0002,STILL
-16.8353,18.5689,-2.2235,0.0003,25.163,0.1382,0.0,24.8911,0.0589,0.0004,0.0,-0.0001,-0.0003,0.0002,STILL
-16.8682,18.9395,-2.6007,0.0003,25.4952,0.3322,0.0,25.0627,0.0896,0.0003,0.0,-0.0,-0.0002,0.0002,STILL
-16.8477,18.9266,-2.4493,0.0005,25.4571,0.0382,0.0002,25.2414,0.0389,0.0004,0.0,0.0,-0.0001,0.0002,STILL
-16.4157,19.4882,-2.35,0.0005,25.5888,0.1317,0.0001,25.3458,0.046,0.0004,0.0,0.0,0.0,0.0003,STILL
-16.4825,18.7593,-2.3019,0.0004,25.0776,0.5112,0.0001,25.3563,0.0397,0.0004,0.0,0.0001,0.0001,0.0003,STILL
-16.2673,18.9824,-2.6853,0.0003,25.1429,0.0654,0.0,25.3523,0.0413,0.0004,0.0,0.0002,0.0002,0.0002,STILL
-15.6138,19.8922,-2.6045,0.0006,25.4219,0.279,0.0002,25.3377,0.038,0.0005,0.0,0.0002,0.0002,0.0003,STILL
-16.1348,19.7419,-2.743,0.0003,25.6437,0.2217,0.0003,25.375,0.0525,0.0004,0.0,0.0002,0.0002,0.0002,STILL
-16.0453,19.5779,-2.8256,0.0005,25.4702,0.1735,0.0002,25.3513,0.0446,0.0004,0.0,0.0002,0.0002,0.0002,STILL
-16.0425,19.3404,-2.2824,0.0007,25.2314,0.2388,0.0002,25.382,0.0315,0.0005,0.0,0.0002,0.0002,0.0002,STILL
-16.6496,18.7973,-2.8884,0.0006,25.2763,0.0449,0.0001,25.4087,0.0216,0.0005,0.0,0.0002,0.0003,0.0003,STILL
-16.5666,19.0816,-2.8982,0.0004,25.4354,0.1591,0.0002,25.4114,0.0217,0.0005,0.0,0.0001,0.0004,0.0003,STILL
-16.7064,19.1903,-3.2998,0.0003,25.6566,0.2212,0.0001,25.414,0.0229,0.0005,0.0,0.0,0.0003,0.0003,STILL
-16.6651,18.7304,-3.2055,0.0002,25.275,0.3815,0.0001,25.375,0.0247,0.0004,0.0,-0.0,0.0003,0.0002,STILL
-17.0696,18.503,-2.8425,0.0001,25.334,0.059,0.0001,25.3955,0.0204,0.0003,0.0,-0.0001,0.0002,0.0002,STILL
-17.2588,18.1899,-1.9553,0.0003,25.1508,0.1832,0.0002,25.3704,0.029,0.0003,0.0,-0.0001,0.0001,0.0002,STILL
-17.1789,18.0519,-2.1142,0.0002,25.0092,0.1416,0.0,25.2851,0.0469,0.0002,0.0,-0.0001,0.0001,0.0001,STILL
-17.0088,18.1916,-3.3226,0.0003,25.1251,0.1159,0.0,25.1788,0.0132,0.0002,0.0,-0.0001,0.0001,0.0001,STILL
-16.9758,17.8595,-3.9143,0.0002,24.9492,0.1759,0.0001,25.1136,0.0176,0.0002,0.0,-0.0001,0.0001,0.0001,STILL
-16.6525,18.0251,-4.6096,0.0001,24.9691,0.02,0.0,25.0407,0.0067,0.0002,0.0,-0.0001,0.0001,0.0001,STILL
-16.597,18.0232,-3.6689,0.0,24.7741,0.195,0.0001,24.9653,0.0129,0.0002,0.0,-0.0001,0.0001,0.0,STILL
-16.5432,18.3342,-4.2195,0.0003,25.0524,0.2783,0.0003,24.974,0.0139,0.0002,0.0,-0.0001,0.0,-0.0,STILL
-16.9783,18.0642,-3.4631,0.0004,25.0314,0.021,0.0,24.9553,0.0097,0.0002,0.0,-0.0001,-0.0,-0.0001,STILL
-16.8608,18.1795,-3.6392,0.0002,25.0604,0.029,0.0002,24.9775,0.0114,0.0002,0.0,-0.0001,-0.0001,-0.0001,STILL
-17.0136,18.303,-3.277,0.0002,25.2032,0.1428,0.0,25.0243,0.0193,0.0002,0.0,-0.0001,-0.0001,-0.0001,STILL
-17.114,18.2611,-3.2122,0.0003,25.2325,0.0293,0.0002,25.116,0.0071,0.0003,0.0,-0.0001,-0.0001,-0.0002,STILL
-16.8193,18.337,-3.0479,0.0003,25.0684,0.164,0.0,25.1192,0.0067,0.0003,0.0,-0.0001,0.0,-0.0002,STILL
-17.2649,17.8259,-3.1415,0.0003,25.0141,0.0543,0.0,25.1157,0.0074,0.0003,0.0,-0.0,0.0001,-0.0002,STILL
-16.9369,17.7295,-3.1007,0.0004,24.7145,0.2996,0.0001,25.0465,0.0342,0.0003,0.0,-0.0,0.0002,-0.0002,STILL
-17.0745,17.8773,-2.8274,0.0005,24.8824,0.1679,0.0001,24.9824,0.0305,0.0004,0.0,-0.0,0.0003,-0.0002,STILL
-17.1846,18.2581,-3.4619,0.0006,25.3111,0.4288,0.0001,24.9981,0.0394,0.0004,0.0,0.0,0.0004,-0.0002,STILL
-17.1071,18.8565,-3.0852,0.0005,25.6464,0.3352,0.0001,25.1137,0.1091,0.0005,0.0,0.0,0.0004,-0.0002,STILL
-17.0606,19.0633,-3.0838,0.0006,25.7679,0.1215,0.0001,25.2645,0.17,0.0005,0.0,0.0,0.0004,-0.0003,STILL
-16.7579,18.2475,-3.1045,0.0005,24.9687,0.7992,0.0001,25.3153,0.1244,0.0005,0.0,0.0001,0.0004,-0.0003,STILL
-16.9438,18.2355,-3.3492,0.0004,25.1166,0.1479,0.0001,25.3622,0.0926,0.0005,0.0,0.0,0.0004,-0.0003,STILL
-16.9957,18.1978,-2.5013,0.0003,25.0254,0.0913,0.0001,25.305,0.1115,0.0005,0.0,-0.0,0.0003,-0.0003,STILL
-16.7965,18.2301,-1.7166,0.0003,24.8477,0.1777,0.0,25.1453,0.1045,0.0004,0.0,-0.0001,0.0003,-0.0003,STILL
-16.9747,18.2778,-1.8608,0.0003,25.0137,0.166,0.0,24.9944,0.0077,0.0004,0.0,-0.0001,0.0002,-0.0002,STILL
-16.6923,18.0629,-1.7355,0.0004,24.6559,0.3578,0.0001,24.9318,0.0266,0.0004,0.0,-0.0002,0.0002,-0.0002,STILL
-16.7601,17.6941,-1.754,0.0004,24.4347,0.2211,0.0001,24.7955,0.0506,0.0004,0.0,-0.0002,0.0002,-0.0001,STILL
-16.6581,17.7178,-1.6095,0.0004,24.3721,0.0626,0.0001,24.6648,0.0588,0.0004,0.0,-0.0003,0.0002,-0.0,STILL
-16.3515,17.968,-1.9251,0.0003,24.3705,0.0016,0.0001,24.5694,0.0603,0.0004,0.0,-0.0003,0.0002,-0.0,STILL
-15.903,18.0994,-1.7401,0.0002,24.1562,0.2144,0.0001,24.3979,0.0256,0.0003,0.0,-0.0002,0.0002,-0.0,STILL
-16.1599,18.6232,-1.9046,0.0003,24.7305,0.5743,0.0001,24.4128,0.0341,0.0003,0.0,-0.0002,0.0002,-0.0001,STILL
-16.2248,18.1267,-2.2049,0.0003,24.4271,0.3033,0.0,24.4113,0.0341,0.0003,0.0,-0.0001,0.0002,-0.0001,STILL
-15.7736,18.6858,-2.2108,0.0002,24.553,0.1259,0.0001,24.4475,0.0365,0.0002,0.0,0.0,0.0002,-0.0001,STILL
-15.9095,18.6861,-2.5124,0.0004,24.6697,0.1167,0.0002,24.5073,0.0416,0.0003,0.0,0.0001,0.0002,-0.0001,STILL
-16.0057,18.1958,-2.8912,0.0004,24.4055,0.2642,0.0,24.5572,0.0165,0.0003,0.0,0.0002,0.0002,-0.0001,STILL
-15.6765,18.2222,-3.2504,0.0003,24.2563,0.1492,0.0001,24.4623,0.0196,0.0003,0.0,0.0002,0.0002,-0.0,STILL
-16.1443,17.8403,-2.541,0.0003,24.1944,0.0618,0.0,24.4158,0.0316,0.0003,0.0,0.0002,0.0001,0.0001,STILL
-16.2592,18.166,-1.7953,0.0005,24.4456,0.2512,0.0002,24.3943,0.0275,0.0004,0.0,0.0002,-0.0,0.0001,STILL
-16.5573,18.3203,-3.1768,0.0007,24.8972,0.4516,0.0001,24.4398,0.0609,0.0004,0.0,0.0001,-0.0002,0.0002,STILL
-16.3803,18.6781,-3.3727,0.0007,25.0711,0.1739,0.0001,24.5729,0.1226,0.0005,0.0,0.0001,-0.0003,0.0003,STILL
-16.5573,18.53,-3.2669,0.0007,25.0635,0.0076,0.0,24.7344,0.1246,0.0006,0.0,0.0,-0.0005,0.0003,STILL
-16.1615,19.0396,-3.9323,0.0006,25.2817,0.2182,0.0002,24.9518,0.079,0.0007,0.0,-0.0,-0.0006,0.0003,STILL
-16.3698,19.0442,-3.1865,0.0007,25.3141,0.0325,0.0001,25.1255,0.0238,0.0007,0.0,-0.0,-0.0006,0.0003,STILL
-16.3396,18.5197,-3.8179,0.0005,24.9908,0.3234,0.0002,25.1442,0.0166,0.0006,0.0,-0.0,-0.0006,0.0003,STILL
-16.0686,18.6033,-4.27,0.0006,24.9502,0.0406,0.0001,25.1201,0.0225,0.0006,0.0,-0.0001,-0.0006,0.0003,STILL
-15.9455,18.917,-4.1191,0.0009,25.0814,0.1312,0.0003,25.1236,0.0222,0.0007,0.0,-0.0001,-0.0006,0.0002,STILL
-16.072,18.8773,-4.289,0.0008,25.1607,0.0792,0.0002,25.0994,0.0168,0.0007,0.0,-0.0002,-0.0006,0.0002,STILL
-16.4607,18.8769,-4.3406,0.0006,25.4191,0.2585,0.0002,25.1204,0.0276,0.0007,0.0,-0.0002,-0.0006,0.0001,STILL
-16.4342,18.7234,-5.1975,0.0005,25.4492,0.0301,0.0001,25.2121,0.0375,0.0007,0.0,-0.0002,-0.0006,0.0001,STILL
-16.0161,18.5756,-4.4861,0.0002,24.9338,0.5154,0.0003,25.2088,0.0392,0.0006,0.0,-0.0002,-0.0005,0.0,STILL
-16.1473,18.0448,-4.1014,0.0002,24.5596,0.3742,0.0,25.1045,0.1094,0.0004,0.0,-0.0002,-0.0004,0.0,STILL
-16.6647,18.2015,-3.7467,0.0001,24.9609,0.4013,0.0001,25.0645,0.1113,0.0003,0.0,-0.0001,-0.0003,0.0,STILL
-16.8411,18.3456,-3.3099,0.0002,25.1225,0.1616,0.0001,25.0052,0.0833,0.0002,0.0,0.0,-0.0002,0.0,STILL
-16.4854,18.164,-3.2167,0.0003,24.7395,0.3829,0.0001,24.8632,0.0378,0.0002,0.0,0.0001,-0.0001,-0.0,STILL
-16.0664,18.1562,-2.8858,0.0003,24.4153,0.3243,0.0,24.7595,0.0662,0.0002,0.0,0.0001,-0.0001,-0.0001,STILL
-16.6625,18.4874,-2.793,0.0003,25.0445,0.6292,0.0,24.8565,0.0651,0.0003,0.0,0.0002,-0.0,-0.0001,STILL
-16.6675,18.8899,-2.4188,0.0004,25.3078,0.2634,0.0001,24.9259,0.0988,0.0003,0.0,0.0002,0.0,-0.0001,STILL
-15.9215,19.3776,-2.8382,0.0006,25.2397,0.0682,0.0002,24.9494,0.1102,0.0004,0.0,0.0003,0.0001,-0.0002,STILL
-16.2747,19.2177,-2.5424,0.0007,25.3111,0.0714,0.0001,25.0637,0.1145,0.0005,0.0,0.0004,0.0001,-0.0002,STILL
-16.3541,18.9835,-2.6902,0.0006,25.2006,0.1105,0.0001,25.2207,0.0095,0.0005,0.0,0.0004,0.0002,-0.0002,STILL
-16.4521,18.7868,-2.4021,0.0006,25.0876,0.113,0.0001,25.2293,0.0068,0.0006,0.0,0.0004,0.0003,-0.0002,STILL
-16.5742,18.9013,-2.203,0.0003,25.2352,0.1477,0.0002,25.2148,0.0053,0.0005,0.0,0.0003,0.0003,-0.0002,STILL
-16.4874,18.8429,-1.2905,0.0003,25.0711,0.1642,0.0,25.1811,0.0082,0.0005,0.0,0.0002,0.0003,-0.0001,STILL
-16.4431,19.0525,-1.773,0.0005,25.2293,0.1582,0.0001,25.1647,0.005,0.0005,0.0,-0.0,0.0002,-0.0,STILL
-16.2201,19.367,-1.3622,0.0004,25.2988,0.0695,0.0,25.1844,0.008,0.0004,0.0,-0.0002,0.0001,0.0,STILL
-16.9261,19.2717,-2.171,0.0004,25.7411,0.4423,0.0,25.3151,0.051,0.0004,0.0,-0.0003,0.0001,0.0001,STILL
-16.8909,19.333,-1.8274,0.0001,25.7372,0.0039,0.0003,25.4155,0.0753,0.0003,0.0,-0.0002,0.0001,0.0001,STILL
-16.7471,19.3383,-2.2088,0.0004,25.6771,0.0602,0.0004,25.5367,0.0506,0.0004,0.0,-0.0002,-0.0,0.0001,STILL
-16.5883,19.2175,-2.7858,0.0006,25.5391,0.138,0.0001,25.5986,0.0278,0.0004,0.0,-0.0002,-0.0001,0.0001,STILL
-16.105,19.2052,-2.063,0.0004,25.1489,0.3901,0.0002,25.5687,0.0494,0.0004,0.0,-0.0001,-0.0002,0.0001,STILL
-16.0652,19.4798,-1.0692,0.0008,25.2725,0.1236,0.0004,25.475,0.0522,0.0005,0.0,-0.0002,-0.0004,0.0,STILL
-15.9178,19.1401,-2.0647,0.0004,24.9797,0.2928,0.0004,25.3234,0.0646,0.0005,0.0,-0.0002,-0.0005,-0.0,STILL
-16.5749,19.4371,-2.283,0.0004,25.6464,0.6668,0.0,25.3173,0.0604,0.0005,0.0,-0.0002,-0.0005,-0.0,STILL
-16.5662,19.3684,-2.2858,0.0001,25.589,0.0574,0.0003,25.3273,0.0652,0.0004,0.0,-0.0002,-0.0003,-0.0,STILL
-16.6311,19.7447,-2.2068,0.0002,25.9098,0.3207,0.0,25.4795,0.1035,0.0004,0.0,-0.0001,-0.0003,-0.0,STILL
-16.6267,19.3489,-2.106,0.0004,25.5981,0.3117,0.0003,25.5446,0.0935,0.0003,0.0,0.0,-0.0001,-0.0,STILL
-15.9795,19.1448,-1.8223,0.0004,25.0037,0.5944,0.0,25.5494,0.0882,0.0003,0.0,0.0001,0.0,0.0,STILL
-16.3586,19.2596,-1.8329,0.0004,25.3356,0.3319,0.0,25.4873,0.0916,0.0003,0.0,0.0002,0.0002,0.0,STILL
-16.5431,19.0076,-1.9694,0.0005,25.2754,0.0602,0.0001,25.4245,0.0946,0.0004,0.0,0.0003,0.0002,0.0,STILL
-17.0408,18.9311,-2.413,0.0007,25.5851,0.3097,0.0002,25.3596,0.0484,0.0005,0.0,0.0004,0.0003,0.0,STILL
-16.8732,19.4886,-2.0117,0.0006,25.8565,0.2714,0.0001,25.4113,0.0837,0.0005,0.0,0.0003,0.0004,0.0001,STILL
-16.9455,18.9159,-2.7281,0.0005,25.5422,0.3143,0.0002,25.519,0.0424,0.0005,0.0,0.0003,0.0004,0.0001,STILL
-16.9876,18.9546,-2.645,0.0005,25.5901,0.0479,0.0001,25.5698,0.0341,0.0006,0.0,0.0002,0.0005,0.0001,STILL
-17.2432,18.9356,-3.0191,0.0004,25.7876,0.1975,0.0001,25.6723,0.0157,0.0005,0.0,0.0002,0.0005,0.0001,STILL
-17.4602,19.0797,-3.6934,0.0004,26.1254,0.3378,0.0,25.7803,0.0436,0.0005,0.0,0.0001,0.0004,0.0002,STILL
-17.0775,18.6138,-3.5047,0.0004,25.5029,0.6225,0.0,25.7096,0.0528,0.0004,0.0,-0.0,0.0003,0.0002,STILL
-17.0964,18.8035,-3.9069,0.0005,25.7123,0.2094,0.0001,25.7436,0.046,0.0004,0.0,-0.0001,0.0001,0.0002,STILL
-17.199,18.6897,-3.0661,0.0006,25.5834,0.1289,0.0002,25.7423,0.0465,0.0004,0.0,-0.0001,-0.0001,0.0002,STILL
-16.7873,18.4017,-2.9248,0.0008,25.0797,0.5037,0.0002,25.6007,0.1138,0.0005,0.0,-0.0001,-0.0003,0.0003,STILL
-16.6111,18.5745,-2.1148,0.0005,25.0083,0.0714,0.0002,25.3773,0.079,0.0005,0.0,-0.0001,-0.0004,0.0002,STILL
-16.5295,18.5877,-2.0887,0.0007,24.9618,0.0465,0.0002,25.2691,0.0987,0.0006,0.0,-0.0001,-0.0005,0.0003,STILL
-16.5361,18.7733,-2.6272,0.0007,25.1552,0.1934,0.0001,25.1577,0.0496,0.0007,0.0,-0.0,-0.0006,0.0003,STILL
-16.4039,19.0218,-4.0268,0.0008,25.4388,0.2836,0.0001,25.1288,0.0283,0.0007,0.0,-0.0,-0.0006,0.0003,STILL
-16.5012,19.2956,-3.5589,0.0007,25.6374,0.1986,0.0,25.2403,0.0671,0.0007,0.0,-0.0,-0.0006,0.0003,STILL
-16.6416,18.6396,-2.8596,0.0005,25.1506,0.4867,0.0002,25.2688,0.0572,0.0007,0.0,-0.0001,-0.0006,0.0003,STILL
-16.3789,18.7742,-2.5158,0.0005,25.0413,0.1093,0.0001,25.2847,0.0484,0.0006,0.0,-0.0001,-0.0005,0.0003,STILL
-16.4188,18.7068,-2.5252,0.0002,25.0179,0.0234,0.0003,25.2572,0.0585,0.0005,0.0,-0.0002,-0.0004,0.0002,STILL
-16.6225,18.078,-2.8826,0.0001,24.7271,0.2908,0.0001,25.1149,0.0879,0.0004,0.0,-0.0002,-0.0003,0.0002,STILL
-16.8605,18.7686,-2.7436,0.0002,25.3784,0.6513,0.0001,25.0631,0.0445,0.0003,0.0,-0.0001,-0.0001,0.0001,STILL
-17.0947,18.8461,-2.8168,0.0004,25.5996,0.2211,0.0001,25.1529,0.0925,0.0003,0.0,-0.0001,0.0,0.0,STILL
-16.7007,18.6238,-2.6909,0.0006,25.1595,0.4401,0.0002,25.1765,0.0894,0.0003,0.0,0.0001,0.0002,-0.0,STILL
-16.6793,18.4053,-2.9246,0.0006,25.0102,0.1494,0.0,25.175,0.0899,0.0004,0.0,0.0001,0.0003,-0.0001,STILL
-16.7716,18.6961,-2.8928,0.0008,25.2824,0.2722,0.0002,25.286,0.0398,0.0005,0.0,0.0002,0.0004,-0.0002,STILL
-16.6141,18.1756,-3.0455,0.0008,24.8125,0.4699,0.0,25.1728,0.0701,0.0006,0.0,0.0003,0.0005,-0.0002,STILL
-16.9663,18.3999,-3.127,0.0008,25.2228,0.4103,0.0,25.0975,0.0285,0.0007,0.0,0.0004,0.0006,-0.0002,STILL
-16.6512,18.0293,-2.661,0.0009,24.686,0.5368,0.0001,25.0028,0.0526,0.0008,0.0,0.0004,0.0006,-0.0003,STILL
-17.3053,17.8453,-2.7194,0.0014,25.0065,0.3205,0.0005,25.002,0.0526,0.001,0.0,0.0004,0.0007,-0.0004,STILL
-17.0724,18.1731,-2.1849,0.0014,25.03,0.0235,0.0,24.9516,0.0345,0.0011,0.0,0.0004,0.0008,-0.0006,STILL
-17.2079,18.2416,-2.7542,0.0012,25.228,0.198,0.0003,25.0347,0.039,0.0012,0.0,0.0003,0.0009,-0.0006,STILL
-16.7663,18.3308,-2.8877,0.001,25.0093,0.2187,0.0002,24.992,0.0303,0.0012,0.0,0.0003,0.0009,-0.0008,STILL
-16.6318,18.224,-2.1695,0.0006,24.7677,0.2416,0.0004,25.0083,0.0213,0.0011,0.0,0.0002,0.0008,-0.0008,STILL
-16.7461,18.6167,-2.4388,0.0003,25.1587,0.391,0.0004,25.0388,0.0249,0.0009,0.0,0.0002,0.0006,-0.0006,STILL
-16.8625,18.2371,-1.5635,0.0001,24.8874,0.2713,0.0002,25.0102,0.0287,0.0006,0.0,0.0001,0.0004,-0.0004,STILL
-16.8431,18.5272,-2.6633,0.0005,25.1802,0.2928,0.0004,25.0007,0.0249,0.0005,0.0,0.0,0.0002,-0.0003,STILL
-17.3995,19.0405,-3.9025,0.0005,26.0866,0.9065,0.0,25.2161,0.2143,0.0004,0.0,-0.0,-0.0001,-0.0001,STILL
-17.379,18.7949,-3.6439,0.0006,25.8564,0.2302,0.0001,25.4339,0.2087,0.0004,0.0,-0.0001,-0.0003,-0.0,STILL
-16.9001,18.6859,-3.4464,0.0005,25.4294,0.4271,0.0001,25.488,0.1906,0.0004,0.0,-0.0002,-0.0004,0.0001,STILL
-16.82,19.0081,-3.229,0.0002,25.5861,0.1567,0.0003,25.6277,0.1009,0.0005,0.0,-0.0001,-0.0004,0.0001,STILL
-16.5873,18.9471,-1.9113,0.0002,25.2544,0.3317,0.0,25.6426,0.0885,0.0004,0.0,-0.0001,-0.0004,0.0001,STILL
-16.6667,18.4983,-2.1509,0.0002,24.9919,0.2625,0.0,25.4236,0.0858,0.0003,0.0,-0.0001,-0.0003,0.0001,STILL
-16.6552,18.1955,-2.4801,0.0003,24.7916,0.2002,0.0001,25.2107,0.0828,0.0003,0.0,-0.0001,-0.0002,0.0001,STILL
-16.6523,18.2658,-2.7185,0.0004,24.8662,0.0746,0.0002,25.098,0.0843,0.0003,0.0,-0.0001,-0.0002,0.0,STILL
-16.5344,18.5345,-1.5373,0.0004,24.8853,0.019,0.0001,24.9579,0.0261,0.0003,0.0,-0.0002,-0.0002,0.0001,STILL
-16.8587,18.5495,-2.3611,0.0004,25.1769,0.2916,0.0,24.9424,0.0178,0.0003,0.0,-0.0002,-0.0002,0.0,STILL
-16.7026,18.2083,-3.3295,0.0003,24.932,0.2448,0.0001,24.9304,0.0172,0.0003,0.0,-0.0002,-0.0002,0.0001,STILL
-16.6183,18.1792,-2.9542,0.0004,24.8068,0.1252,0.0001,24.9334,0.0164,0.0004,0.0,-0.0002,-0.0002,0.0001,STILL
-16.879,18.1246,-3.7134,0.0003,25.0438,0.237,0.0001,24.969,0.0167,0.0004,0.0,-0.0002,-0.0001,0.0002,STILL
-16.9626,18.2965,-2.9957,0.0004,25.129,0.0852,0.0,25.0177,0.018,0.0003,0.0,-0.0002,-0.0001,0.0002,STILL
-16.4701,18.3404,-2.2153,0.0006,24.7496,0.3795,0.0002,24.9322,0.0201,0.0004,0.0,-0.0001,-0.0002,0.0003,STILL
-16.5604,17.9817,-2.366,0.0007,24.5599,0.1897,0.0001,24.8578,0.0422,0.0005,0.0,-0.0001,-0.0003,0.0003,STILL
-16.3484,18.376,-2.4303,0.0004,24.7154,0.1555,0.0003,24.8395,0.0455,0.0005,0.0,-0.0001,-0.0003,0.0003,STILL
-16.1256,18.5726,-2.5005,0.0001,24.723,0.0077,0.0003,24.7754,0.0357,0.0004,0.0,-0.0001,-0.0003,0.0002,STILL
-16.0348,18.3737,-2.2566,0.0001,24.4909,0.2322,0.0,24.6477,0.0106,0.0004,0.0,-0.0001,-0.0003,0.0002,STILL
-16.2685,18.0584,-2.1272,0.0002,24.3986,0.0922,0.0001,24.5776,0.016,0.0003,0.0,-0.0001,-0.0002,0.0001,STILL
-16.4804,18.5654,-2.2236,0.0002,24.9244,0.5257,0.0,24.6505,0.0347,0.0002,0.0,-0.0001,-0.0,-0.0,STILL
-17.025,18.1899,-2.3914,0.0004,25.0288,0.1044,0.0001,24.7131,0.0585,0.0002,0.0,-0.0,0.0001,-0.0,STILL
-16.8637,18.4894,-2.5787,0.0006,25.1573,0.1286,0.0002,24.8,0.0904,0.0003,0.0,0.0,0.0002,-0.0001,STILL
-16.5035,18.854,-3.2005,0.0005,25.2603,0.1029,0.0001,24.9539,0.09,0.0004,0.0,0.0001,0.0003,-0.0001,STILL
