gx,gy,gz,lin_acc_mag,gyro_mag,gyro_diff,lin_acc_diff,gyro_avg,gyro_var,lin_acc_avg,lin_acc_var,lin_ax_avg,lin_ay_avg,lin_az_avg,label
-33.3867,13.2991,-67.1016,0.0982,76.1194,47.7012,0.0968,38.0047,363.2339,0.0202,0.001521,-0.0109,0.0156,-0.0042,TRANSLATE
-28.9062,15.3517,-110.1875,0.0673,114.9458,38.8264,0.031,55.3687,1226.1946,0.0336,0.001707,-0.0215,0.0238,-0.006,TRANSLATE
-30.5937,14.4751,-98.9063,0.0384,104.5369,10.4089,0.0289,70.573,1334.3,0.0412,0.001435,-0.029,0.0251,-0.0064,TRANSLATE
-38.35,11.4957,-76.7188,0.0158,86.5369,17.9999,0.0227,82.1114,903.89,0.0442,0.001224,-0.0316,0.0234,-0.006,TRANSLATE
-42.3956,11.9966,-57.4406,0.0173,72.3929,14.144,0.0015,90.9064,268.8359,0.0474,0.000994,-0.0299,0.0206,-0.0049,TRANSLATE
-38.3352,13.9941,-46.6963,0.0256,62.0159,10.377,0.0083,88.0857,384.0807,0.0329,0.000361,-0.0147,0.0029,0.0014,TRANSLATE
-32.6369,15.6672,-37.2726,0.0334,51.9604,10.0555,0.0078,75.4886,342.1085,0.0261,7.8e-05,0.0021,-0.007,0.0046,TRANSLATE
-29.5596,16.8619,-31.5181,0.0287,46.3841,5.5763,0.0046,63.858,207.4928,0.0241,4.5e-05,0.0147,-0.0108,0.006,TRANSLATE
-27.4758,17.0426,-25.9145,0.0227,41.4359,4.9482,0.006,54.8378,123.8127,0.0255,3e-05,0.0212,-0.0111,0.0065,TRANSLATE
-25.7244,17.6966,-21.2347,0.018,37.7601,3.6757,0.0047,47.9113,72.5289,0.0257,2.7e-05,0.0228,-0.0101,0.0057,TRANSLATE
-24.0639,18.051,-16.544,0.0141,34.331,3.4292,0.0039,42.3743,38.9676,0.0234,4.9e-05,0.0207,-0.0096,0.0044,TRANSLATE
-23.0355,18.994,-13.5352,0.0112,32.7812,1.5498,0.0029,38.5384,24.2808,0.019,3.9e-05,0.0163,-0.009,0.0033,TRANSLATE
-22.1471,19.5639,-10.0938,0.0088,31.227,1.5542,0.0024,35.507,13.4719,0.015,2.5e-05,0.0127,-0.0074,0.0024,TRANSLATE
-21.2427,19.323,-8.4032,0.0072,29.9206,1.3064,0.0016,33.204,7.3792,0.0119,1.5e-05,0.0099,-0.0063,0.0017,TRANSLATE
-20.7129,19.6678,-7.4132,0.0057,29.5093,0.4113,0.0014,31.5538,3.2346,0.0094,9e-06,0.0076,-0.0053,0.0011,TRANSLATE
-20.2485,19.9061,-6.8024,0.0047,29.198,0.3113,0.001,30.5272,1.7482,0.0075,5e-06,0.0059,-0.0046,0.0008,TRANSLATE
-19.4863,20.2218,-5.8388,0.0038,28.6832,0.5148,0.0009,29.7076,0.7405,0.006,3e-06,0.0045,-0.0039,0.0006,TRANSLATE
-18.8359,20.243,-5.3523,0.0034,28.1641,0.5191,0.0004,29.0951,0.38,0.005,2e-06,0.0034,-0.0035,0.0004,TRANSLATE
-18.4687,20.8538,-4.8568,0.0027,28.2765,0.1124,0.0006,28.7662,0.2696,0.0041,1e-06,0.0026,-0.0031,0.0003,TRANSLATE
-18.1437,20.7237,-4.6605,0.0024,27.9354,0.3412,0.0004,28.4515,0.1981,0.0034,1e-06,0.0019,-0.0028,0.0002,TRANSLATE
-18.0587,20.8071,-3.9909,0.0015,27.8384,0.0969,0.0009,28.1795,0.0879,0.0028,1e-06,0.0014,-0.0023,0.0001,TRANSLATE
-17.8782,20.83,-3.8989,0.0015,27.7258,0.1126,0.0,27.9881,0.0416,0.0023,1e-06,0.001,-0.002,0.0001,TRANSLATE
-17.7932,20.9796,-3.4848,0.0012,27.7288,0.003,0.0003,27.901,0.0413,0.0019,0.0,0.0007,-0.0017,0.0,TRANSLATE
-17.7533,21.0118,-3.5035,0.0016,27.73,0.0012,0.0004,27.7917,0.007,0.0016,0.0,0.0004,-0.0009,0.0001,TRANSLATE
-17.562,20.8532,-3.6465,0.0012,27.506,0.224,0.0004,27.7058,0.0118,0.0014,0.0,0.0002,-0.0002,0.0001,TRANSLATE
-17.6871,20.2138,-2.7047,0.0009,26.9953,0.5106,0.0004,27.5372,0.0808,0.0013,0.0,-0.0001,0.0002,0.0001,TRANSLATE
-18.0966,20.4273,-2.32,0.0014,27.3888,0.3934,0.0005,27.4698,0.0736,0.0013,0.0,0.0001,0.0002,0.0001,TRANSLATE
-19.0773,20.5919,-0.6185,0.0095,28.0775,0.6888,0.0081,27.5395,0.1291,0.0029,1.1e-05,0.001,-0.0011,0.0001,TRANSLATE
-19.8337,20.6016,5.4989,0.0082,29.1211,1.0436,0.0012,27.8177,0.5448,0.0042,1.4e-05,0.001,-0.0031,0.0,TRANSLATE
-19.0544,21.2625,8.5273,0.0078,29.7973,0.6762,0.0004,28.276,1.0991,0.0056,1.3e-05,-0.0002,-0.0043,0.0,TRANSLATE
-18.9811,21.5725,3.4937,0.0094,28.9458,0.8515,0.0016,28.6661,0.7086,0.0073,9e-06,-0.0019,-0.0043,0.0,TRANSLATE
-19.4473,21.3424,0.7293,0.015,28.883,0.0628,0.0056,28.965,0.3024,0.01,7e-06,-0.0051,-0.004,0.0,TRANSLATE
-18.9266,21.052,5.2116,0.0274,28.7848,0.0982,0.0124,29.1064,0.1313,0.0136,5.4e-05,-0.0114,-0.0036,0.0,TRANSLATE
-16.4226,21.901,9.9943,0.0421,29.1417,0.3569,0.0148,29.1105,0.1315,0.0203,0.000166,-0.0198,-0.0029,0.0001,TRANSLATE
-17.8599,21.7552,5.986,0.0557,28.7767,0.365,0.0136,28.9064,0.0178,0.0299,0.000293,-0.0297,-0.0027,0.0002,TRANSLATE
-17.7442,22.3573,-3.6424,0.0809,28.7745,0.0022,0.0251,28.8722,0.0198,0.0442,0.000524,-0.0439,-0.0013,0.0004,TRANSLATE
-15.961,22.8671,-9.2108,0.083,29.3683,0.5938,0.0022,28.9692,0.0596,0.0578,0.000469,-0.0575,0.0003,0.0005,TRANSLATE
-16.1032,23.6374,-6.4436,0.0843,29.3182,0.05,0.0013,29.0759,0.0658,0.0692,0.000294,-0.0689,0.0029,0.0009,TRANSLATE
-15.7388,23.7974,-1.3955,0.0866,28.5653,0.753,0.0023,28.9606,0.1038,0.0781,0.000129,-0.0778,0.0046,0.0012,TRANSLATE
-16.4129,24.2161,1.0336,0.0899,29.2723,0.7071,0.0033,29.0597,0.1066,0.0849,1e-05,-0.0847,0.0057,0.0016,TRANSLATE
-15.5834,24.2885,3.7769,0.0958,29.1039,0.1684,0.0059,29.1256,0.0864,0.0879,2.1e-05,-0.0876,0.0063,0.0019,TRANSLATE
-14.9386,24.6777,16.0902,0.0881,33.031,3.927,0.0077,29.8581,2.5884,0.0889,1.5e-05,-0.0884,0.0079,0.0018,TRANSLATE
-19.3415,24.2984,21.4066,0.0683,37.7193,4.6883,0.0198,31.5384,12.0666,0.0857,8.6e-05,-0.085,0.0094,0.0015,TRANSLATE
-18.9076,24.0856,15.4471,0.0516,34.2962,3.4232,0.0167,32.6845,10.5061,0.0787,0.000269,-0.0778,0.0108,0.0014,TRANSLATE
-15.8698,24.456,4.1671,0.0355,29.4501,4.846,0.0161,32.7201,10.2684,0.0679,0.0005,-0.0669,0.0102,0.0009,TRANSLATE
-17.8021,24.0304,-11.7757,0.0277,32.141,2.6909,0.0078,33.3275,7.3512,0.0543,0.000481,-0.052,0.0043,0.001,TRANSLATE
-14.9511,22.1712,-26.8799,0.0334,37.9161,5.7751,0.0056,34.3045,10.59,0.0433,0.000219,-0.0366,-0.0052,0.0017,TRANSLATE
-14.0421,22.5963,-47.2196,0.0311,54.1984,16.2823,0.0022,37.6003,76.5485,0.0359,6.9e-05,-0.0233,-0.0144,0.0018,TRANSLATE
-18.8493,22.4489,-74.0288,0.0229,79.6211,25.4227,0.0082,46.6653,345.3393,0.0301,2e-05,-0.0106,-0.0203,0.0017,TRANSLATE
-15.9326,21.9873,-102.873,0.0246,106.3962,26.7751,0.0017,62.0545,762.7941,0.0279,1.5e-05,0.0013,-0.0209,0.002,TRANSLATE
-15.1273,23.2398,-125.3797,0.0373,128.4095,22.0133,0.0127,81.3082,1093.7205,0.0299,2.9e-05,0.0127,-0.0159,0.0021,TRANSLATE
-15.155,23.4637,-128.9506,0.0468,131.9412,3.5318,0.0095,100.1133,876.255,0.0325,7.7e-05,0.0239,-0.0083,0.0018,TRANSLATE
-16.0396,24.6522,-112.8418,0.0535,116.6116,15.3296,0.0067,112.5959,353.2423,0.037,0.000144,0.0347,-0.0028,0.002,TRANSLATE
-14.8161,25.1687,-85.6953,0.0588,90.5354,26.0762,0.0054,114.7788,228.3427,0.0442,0.000148,0.0432,-0.0029,0.0019,TRANSLATE
-15.256,25.2943,-62.6093,0.0636,69.2277,21.3077,0.0048,107.3451,574.0089,0.052,8.6e-05,0.0503,-0.0064,0.0015,TRANSLATE
-19.2204,26.5104,-42.0406,0.0653,53.2883,15.9394,0.0017,92.3208,843.9672,0.0576,4.6e-05,0.0553,-0.0121,0.0006,TRANSLATE
-17.7482,27.3146,-23.7075,0.0671,40.2881,13.0002,0.0017,73.9902,735.4818,0.0617,2.4e-05,0.0588,-0.0173,0.0003,TRANSLATE
-20.4861,26.0892,-6.7691,0.0664,33.8548,6.4333,0.0007,57.4389,420.3886,0.0642,9e-06,0.0613,-0.0183,-0.0001,TRANSLATE
-20.3732,25.0588,12.7253,0.0713,34.7124,0.8576,0.0049,46.2742,179.9625,0.0667,7e-06,0.0645,-0.015,-0.0004,TRANSLATE
-18.1361,23.3158,31.2928,0.0825,43.0323,8.32,0.0112,41.0352,49.2443,0.0705,4e-05,0.069,-0.0097,-0.0005,TRANSLATE
-16.2089,24.3964,42.6311,0.0886,51.7235,8.6912,0.0061,40.7222,41.9668,0.0752,7.8e-05,0.0743,-0.003,0.0001,TRANSLATE
-18.6108,24.764,45.2205,0.0952,54.8134,3.0899,0.0066,43.6273,73.2021,0.0808,0.000114,0.0799,0.0056,-0.0,TRANSLATE
-16.898,24.0768,34.9202,0.1,45.658,9.1554,0.0048,45.9879,49.3538,0.0875,0.000101,0.0859,0.0132,0.0,TRANSLATE
-16.7434,24.4958,24.2111,0.1053,38.2958,7.3622,0.0053,46.7046,35.2463,0.0943,6.5e-05,0.0916,0.0204,-0.0,TRANSLATE
-18.801,23.8467,9.2251,0.1058,31.7371,6.5587,0.0005,44.4456,72.2511,0.099,4.2e-05,0.0949,0.0269,-0.0002,TRANSLATE
-16.6439,24.6242,-10.2011,0.0993,31.4235,0.3136,0.0065,40.3856,79.0888,0.1011,1.6e-05,0.0961,0.031,-0.0007,TRANSLATE
-17.1683,24.34,-20.2234,0.0886,36.0024,4.5789,0.0107,36.6234,27.1444,0.0998,3.8e-05,0.0941,0.033,-0.0011,TRANSLATE
-21.1096,26.5407,-23.1631,0.0708,41.0677,5.0653,0.0178,35.7053,13.9269,0.0939,0.000172,0.088,0.0326,-0.0013,TRANSLATE
-21.8346,26.1763,-21.3586,0.0499,40.2261,0.8416,0.0209,36.0914,16.5233,0.0829,0.000412,0.0772,0.0299,-0.0015,TRANSLATE
-21.3458,25.863,-23.2556,0.0357,40.8088,0.5827,0.0143,37.9057,13.8905,0.0689,0.000556,0.0639,0.0254,-0.0014,TRANSLATE
-21.8141,26.5841,-23.7326,0.0286,41.7829,0.9741,0.0071,39.9776,4.2005,0.0547,0.000496,0.0504,0.0212,-0.0014,TRANSLATE
-21.9513,26.5829,-21.9392,0.0192,40.8637,0.9192,0.0093,40.9498,0.2518,0.0408,0.000325,0.0376,0.0159,-0.0015,TRANSLATE
-21.9017,26.4195,-19.3076,0.0091,39.3758,1.4879,0.0101,40.6115,0.63,0.0285,0.000194,0.0262,0.0108,-0.0016,TRANSLATE
-20.6276,25.5512,-17.1117,0.0018,37.0293,2.3465,0.0073,39.9721,2.7579,0.0189,0.000152,0.017,0.0069,-0.0017,TRANSLATE
-19.5864,24.4035,-12.8925,0.0129,33.8434,3.186,0.0111,38.579,8.1894,0.0143,8.3e-05,0.008,0.0035,-0.0018,TRANSLATE
-18.4223,23.679,-4.2421,0.0181,30.2997,3.5437,0.0052,36.2824,14.5714,0.0122,4e-05,-0.0008,0.0008,-0.0018,TRANSLATE
-16.4878,22.1307,2.6125,0.017,27.7208,2.5789,0.001,33.6538,18.1245,0.0118,3.5e-05,-0.0078,-0.0005,-0.0016,TRANSLATE
-15.0278,20.5014,8.8869,0.0165,26.9281,0.7927,0.0005,31.1643,14.4254,0.0133,3.6e-05,-0.0128,-0.0007,-0.0015,TRANSLATE
-14.7753,20.3449,10.1814,0.0156,27.1272,0.1992,0.0009,29.1838,6.883,0.016,3e-06,-0.0158,-0.0004,-0.0016,TRANSLATE
-15.9265,20.1416,8.7732,0.0166,27.135,0.0077,0.001,27.8421,1.5802,0.0168,1e-06,-0.0166,0.0002,-0.0016,TRANSLATE
-16.9443,20.782,8.0061,0.018,27.9839,0.849,0.0014,27.379,0.1618,0.0167,1e-06,-0.0166,0.0009,-0.0017,TRANSLATE
-18.368,20.4725,6.5549,0.0179,28.2749,0.291,0.0001,27.4898,0.2867,0.0169,1e-06,-0.0167,0.0016,-0.0018,TRANSLATE
-18.6475,20.8905,1.7502,0.0185,28.0572,0.2178,0.0006,27.7156,0.237,0.0173,1e-06,-0.0166,0.0031,-0.0019,TRANSLATE
-15.5868,20.4436,-4.0624,0.0157,26.0268,2.0304,0.0028,27.4955,0.6897,0.0173,1e-06,-0.0162,0.0044,-0.002,TRANSLATE
-13.8788,18.8799,-10.8843,0.0137,25.8368,0.19,0.002,27.2359,1.1466,0.0168,3e-06,-0.0156,0.0047,-0.002,TRANSLATE
-13.6405,18.0133,-16.6637,0.0121,28.0753,2.2385,0.0016,27.2542,1.1753,0.0156,6e-06,-0.0142,0.0034,-0.002,TRANSLATE
-14.0062,19.0325,-20.8841,0.0126,31.5365,3.4613,0.0005,27.9065,4.2091,0.0145,6e-06,-0.0119,0.0006,-0.0019,TRANSLATE
-14.5987,18.9448,-29.876,0.0099,38.2701,6.7336,0.0027,29.9491,21.5133,0.0128,4e-06,-0.0077,-0.003,-0.0017,TRANSLATE
-15.6758,18.1371,-41.9727,0.0172,48.3362,10.0661,0.0073,34.411,66.1452,0.0131,6e-06,-0.0018,-0.0054,-0.0015,TRANSLATE
-13.175,18.8471,-57.0594,0.0283,61.5189,13.1826,0.0111,41.5474,147.4807,0.016,4.3e-05,0.0066,-0.0058,-0.0014,TRANSLATE
-12.8432,18.7965,-70.9881,0.0391,74.5491,13.0302,0.0108,50.8422,242.6109,0.0214,0.000118,0.0165,-0.0041,-0.0014,TRANSLATE
-15.7433,18.0091,-72.9843,0.0438,76.8042,2.2551,0.0047,59.8957,220.9082,0.0277,0.000163,0.0264,-0.001,-0.0017,TRANSLATE
-14.2915,18.2729,-61.9124,0.0477,66.1157,10.6884,0.0039,65.4648,104.0977,0.0352,0.000123,0.035,0.0016,-0.0016,TRANSLATE
-15.4363,18.8058,-50.1581,0.057,55.7474,10.3684,0.0093,66.947,62.1087,0.0432,9e-05,0.0429,0.0043,-0.0017,TRANSLATE
-15.0241,19.4259,-53.1639,0.0679,58.5619,2.8145,0.0109,66.3557,69.9281,0.0511,0.000105,0.0501,0.0086,-0.0017,TRANSLATE
-13.6505,20.4345,-66.2468,0.0815,70.6579,12.096,0.0136,65.5774,59.5978,0.0596,0.00019,0.0567,0.0157,-0.0016,TRANSLATE
-13.6048,19.9694,-83.8162,0.0931,87.2297,16.5718,0.0116,67.6625,123.8064,0.0695,0.000268,0.0634,0.0253,-0.0015,TRANSLATE
-13.9994,19.5724,-97.7904,0.0979,100.7077,13.478,0.0048,74.5809,293.8604,0.0795,0.000234,0.07,0.0355,-0.0019,TRANSLATE
-15.7464,18.0017,-109.0105,0.0928,111.6033,10.8956,0.0051,85.7521,372.2561,0.0867,0.000117,0.0746,0.0432,-0.0019,TRANSLATE
-14.9596,15.9982,-121.7146,0.0822,123.6697,12.0664,0.0106,98.7736,342.382,0.0895,4.2e-05,0.0768,0.0455,-0.0018,TRANSLATE
-15.5365,16.458,-129.4623,0.066,131.4258,7.7561,0.0162,110.9272,249.806,0.0864,0.00013,0.0753,0.0408,-0.0018,TRANSLATE
-13.2135,16.6507,-135.2292,0.0528,136.8897,5.4639,0.0132,120.8592,173.657,0.0784,0.000282,0.0705,0.0309,-0.0015,TRANSLATE
-12.6521,17.1862,-138.6959,0.0418,140.3282,3.4384,0.011,128.7833,105.4564,0.0671,0.000347,0.0626,0.0186,-0.0007,TRANSLATE
-10.6154,17.0302,-141.4348,0.0352,142.8514,2.5233,0.0066,135.033,46.9502,0.0556,0.000286,0.0534,0.0066,0.0001,TRANSLATE
-13.4517,17.5617,-143.4385,0.0297,145.1343,2.2829,0.0055,139.3259,23.1036,0.0451,0.000169,0.0436,-0.0025,0.0008,TRANSLATE
-13.0989,16.8962,-149.1321,0.0246,150.6567,5.5224,0.0052,143.1721,21.5057,0.0368,9.7e-05,0.0348,-0.0083,0.0015,TRANSLATE
-10.3916,17.9701,-153.34,0.0206,154.7387,4.082,0.004,146.7419,27.6262,0.0304,5.7e-05,0.0264,-0.0124,0.0021,TRANSLATE
-8.2883,18.5042,-151.0064,0.0229,152.3615,2.3772,0.0023,149.1485,19.9231,0.0266,2.8e-05,0.0179,-0.0156,0.0028,TRANSLATE
-7.7619,17.6502,-144.9207,0.0286,146.1978,6.1637,0.0057,149.8178,13.2858,0.0253,1.2e-05,0.0077,-0.0177,0.0034,TRANSLATE
-6.2032,16.8796,-136.9585,0.0362,138.1341,8.0637,0.0076,148.4178,34.2406,0.0266,3e-05,-0.003,-0.0198,0.0036,TRANSLATE
-8.6313,17.6943,-123.723,0.0459,125.2796,12.8545,0.0098,143.3423,114.5531,0.0308,8.6e-05,-0.0147,-0.0221,0.0041,TRANSLATE
-10.1551,17.9335,-112.1441,0.057,114.022,11.2575,0.011,135.199,194.1997,0.0381,0.000149,-0.0268,-0.0241,0.0045,TRANSLATE
-9.8928,20.2031,-106.034,0.0658,108.3939,5.6281,0.0088,126.4055,201.666,0.0467,0.000182,-0.0382,-0.0256,0.0043,TRANSLATE
-10.983,20.4781,-96.146,0.0812,98.9142,9.4797,0.0155,116.9488,185.0433,0.0572,0.000244,-0.0494,-0.0281,0.0041,TRANSLATE
-13.3677,21.2262,-77.3136,0.0991,81.2813,17.6329,0.0179,105.5782,220.4242,0.0698,0.000348,-0.0622,-0.0311,0.004,TRANSLATE
-16.366,19.3497,-47.2634,0.1177,53.6292,27.6521,0.0186,91.2481,477.1845,0.0842,0.000487,-0.0762,-0.0353,0.0031,TRANSLATE
-16.974,19.7298,-0.9732,0.1383,26.0448,27.5844,0.0206,73.6527,914.1496,0.1004,0.000661,-0.0923,-0.0393,0.0022,TRANSLATE
-19.0167,19.4182,53.4183,0.1541,59.9351,33.8903,0.0158,63.9609,616.4628,0.1181,0.000684,-0.1099,-0.0427,0.0012,TRANSLATE
-21.3415,19.5252,108.4096,0.1618,112.2022,52.2671,0.0078,66.6185,830.4984,0.1342,0.000536,-0.1261,-0.0455,0.0,TRANSLATE
-24.092,18.7139,153.2277,0.1618,156.235,44.0327,0.0001,81.6093,2168.9988,0.1467,0.000285,-0.1385,-0.0483,-0.0007,TRANSLATE
-22.8611,18.9274,185.7947,0.1591,188.1503,31.9153,0.0026,108.5135,3558.7832,0.155,7.8e-05,-0.1467,-0.0501,-0.001,TRANSLATE
-23.0982,20.045,200.8857,0.1543,203.2004,15.0501,0.0049,143.9446,2736.3242,0.1582,1.2e-05,-0.1495,-0.0516,-0.001,TRANSLATE
-23.4348,20.8485,194.3586,0.1472,196.8734,6.3271,0.007,171.3322,1135.0122,0.1568,3.1e-05,-0.1476,-0.0529,-0.0005,TRANSLATE
-22.5729,20.4382,169.2588,0.1368,171.9761,24.8972,0.0104,183.287,292.9067,0.1518,8.1e-05,-0.1424,-0.0526,0.0001,TRANSLATE
-24.5739,19.7474,139.0039,0.1213,142.5339,29.4422,0.0155,180.5468,471.1984,0.1438,0.000182,-0.1359,-0.0454,0.0004,TRANSLATE
-22.9779,20.1792,108.0969,0.1001,112.3393,30.1946,0.0213,165.3846,1160.1969,0.1319,0.000376,-0.126,-0.0331,0.0006,TRANSLATE
-20.4948,20.8902,81.2119,0.0791,86.3239,26.0154,0.021,142.0093,1577.9055,0.1169,0.00061,-0.1129,-0.0205,0.0008,TRANSLATE
-13.8302,26.9497,61.3883,0.0547,68.4549,17.8689,0.0244,116.3256,1398.29,0.0984,0.000857,-0.0963,-0.0082,0.0007,TRANSLATE
-9.4142,32.6941,51.4637,0.0422,61.6932,6.7618,0.0125,94.269,889.3426,0.0795,0.000836,-0.0788,0.0022,0.0022,TRANSLATE
-12.272,30.7584,53.1054,0.0246,62.5848,0.8917,0.0176,78.2792,368.5462,0.0601,0.000713,-0.0593,0.007,0.0034,TRANSLATE
-14.2426,29.2817,49.228,0.0132,59.0226,3.5622,0.0114,67.6159,96.9852,0.0428,0.000533,-0.0403,0.008,0.0043,TRANSLATE
-13.0097,29.0973,38.9324,0.0183,50.3154,8.7073,0.0051,60.4142,34.9847,0.0306,0.000241,-0.0235,0.0098,0.005,TRANSLATE
-12.2577,28.3559,29.3397,0.02,42.6043,7.711,0.0018,55.2441,58.762,0.0237,9.9e-05,-0.0103,0.0114,0.0054,TRANSLATE
-14.3499,26.4066,22.7218,0.0218,37.6764,4.928,0.0017,50.4407,89.0964,0.0196,1.4e-05,0.0007,0.0137,0.0037,TRANSLATE
-18.2175,24.0753,16.1243,0.0229,34.227,3.4494,0.0011,44.7691,80.0106,0.0192,1.1e-05,0.0085,0.0154,0.0026,TRANSLATE
-17.5583,23.6321,12.6026,0.0226,32.0249,2.2021,0.0003,39.3696,42.7062,0.0211,3e-06,0.0129,0.0161,0.0015,TRANSLATE
-17.7279,23.3588,9.2852,0.025,30.7592,1.2657,0.0024,35.4584,18.2743,0.0225,3e-06,0.0162,0.0152,0.0005,TRANSLATE
-17.6948,23.0152,7.2594,0.0259,29.925,0.8342,0.001,32.9225,7.7543,0.0236,2e-06,0.0184,0.0145,-0.0003,TRANSLATE
-17.9121,22.634,5.8075,0.0258,29.4427,0.4823,0.0002,31.2758,2.9446,0.0244,2e-06,0.0202,0.0135,-0.0007,TRANSLATE
-17.7766,21.9885,3.9241,0.0255,28.5464,0.8962,0.0003,30.1396,1.4017,0.025,1e-06,0.0214,0.0126,-0.001,TRANSLATE
-17.7463,22.1783,2.0018,0.0251,28.4748,0.0716,0.0004,29.4296,0.741,0.0255,0.0,0.0226,0.0117,-0.0012,TRANSLATE
-18.0626,21.9989,1.3139,0.0243,28.4945,0.0197,0.0008,28.9767,0.3572,0.0253,0.0,0.0227,0.0111,-0.0012,TRANSLATE
-18.647,22.4585,0.9137,0.0234,29.2049,0.7104,0.0009,28.8327,0.167,0.0248,1e-06,0.0224,0.0106,-0.0013,TRANSLATE
-18.277,22.0887,-0.1222,0.0226,28.67,0.5349,0.0008,28.6781,0.074,0.0242,1e-06,0.0219,0.0102,-0.0012,TRANSLATE
-18.1091,22.3959,0.3272,0.0218,28.8032,0.1331,0.0008,28.7295,0.071,0.0235,1e-06,0.0213,0.0098,-0.0012,TRANSLATE
-18.4998,22.5074,-1.7632,0.021,29.1879,0.3847,0.0008,28.8721,0.0797,0.0226,1e-06,0.0205,0.0094,-0.0012,TRANSLATE
-19.0029,22.2434,-2.3887,0.02,29.3528,0.1649,0.001,29.0438,0.068,0.0218,1e-06,0.0198,0.009,-0.0012,TRANSLATE
-19.1867,21.726,-2.6391,0.0185,29.1052,0.2476,0.0016,29.0238,0.0631,0.0208,2e-06,0.0189,0.0085,-0.0013,TRANSLATE
-19.0869,21.3558,-2.4706,0.0172,28.7486,0.3566,0.0012,29.0395,0.053,0.0197,3e-06,0.018,0.008,-0.0013,TRANSLATE
-18.6351,21.4877,-2.5359,0.013,28.5556,0.193,0.0042,28.99,0.0862,0.018,8e-06,0.0163,0.0074,-0.0014,TRANSLATE
-17.6675,21.5277,-2.0568,0.0112,27.9251,0.6305,0.0018,28.7375,0.2414,0.016,1.1e-05,0.0144,0.0068,-0.0014,TRANSLATE
-17.9277,21.2534,-3.4673,0.0086,28.0202,0.0951,0.0026,28.4709,0.1975,0.0137,1.4e-05,0.0121,0.0063,-0.0014,TRANSLATE
-17.1547,21.6496,-5.5426,0.0032,28.1728,0.1526,0.0054,28.2845,0.1001,0.0107,2.2e-05,0.0089,0.0054,-0.0012,TRANSLATE
-17.0769,21.7134,-4.1747,0.0067,27.9378,0.235,0.0035,28.1223,0.0547,0.0085,1.2e-05,0.0045,0.0042,-0.001,TRANSLATE
-19.3927,21.3457,-1.8085,0.0165,28.8962,0.9584,0.0099,28.1904,0.1323,0.0092,2e-05,-0.001,0.0026,-0.0007,TRANSLATE
-19.2236,21.4766,8.1032,0.0266,29.9408,1.0446,0.01,28.5936,0.5685,0.0123,7e-05,-0.0078,-0.0006,-0.0007,TRANSLATE
-22.1726,21.425,19.4263,0.0359,36.4422,6.5014,0.0093,30.278,9.9858,0.0178,0.000149,-0.0155,-0.0052,-0.0007,TRANSLATE
-20.5506,21.6431,35.0629,0.0437,46.0452,9.6029,0.0078,33.8524,46.0437,0.0259,0.000175,-0.0232,-0.0101,-0.0008,TRANSLATE
-22.5717,22.1301,50.8441,0.0478,59.8694,13.8242,0.0042,40.2388,133.6384,0.0341,0.00013,-0.0306,-0.0144,-0.0009,TRANSLATE
-22.523,23.4291,66.8034,0.0513,74.2893,14.4199,0.0035,49.3174,257.3742,0.0411,7.9e-05,-0.0372,-0.0169,-0.0006,TRANSLATE
-24.3247,23.0714,82.3646,0.0541,88.9264,14.6371,0.0028,61.1145,356.8865,0.0466,4.1e-05,-0.0432,-0.0153,-0.0002,TRANSLATE
-22.3003,25.329,88.4854,0.0533,94.7023,5.7759,0.0009,72.7665,325.0013,0.0501,1.5e-05,-0.0474,-0.0099,0.0006,TRANSLATE
-24.9684,24.6663,86.0196,0.0551,92.9044,1.798,0.0018,82.1384,175.4704,0.0523,7e-06,-0.0506,-0.0032,0.0011,TRANSLATE
-24.3216,23.9674,83.8782,0.0579,90.5623,2.3421,0.0028,88.2769,52.7994,0.0543,5e-06,-0.0534,0.0019,0.0015,TRANSLATE
-24.3573,22.899,85.5307,0.0592,91.8321,1.2698,0.0014,91.7855,3.8865,0.0559,5e-06,-0.0553,0.0029,0.0015,TRANSLATE
-24.0421,23.1504,95.2495,0.0604,100.9279,9.0958,0.0011,94.1858,13.2069,0.0572,7e-06,-0.0557,-0.0011,0.0018,TRANSLATE
-19.1305,21.036,112.0996,0.0573,115.6495,14.7217,0.0031,98.3752,87.7406,0.058,3e-06,-0.0552,-0.0084,0.0021,TRANSLATE
-20.4482,21.585,130.7984,0.0468,134.1353,18.4857,0.0105,106.6214,269.5113,0.0563,2.4e-05,-0.0525,-0.0155,0.0024,TRANSLATE
-22.8742,21.6368,141.5231,0.0287,144.9834,10.8481,0.0181,117.5056,393.7937,0.0505,0.000142,-0.0462,-0.0188,0.0026,TRANSLATE
-23.3337,22.8375,146.1935,0.0127,149.7951,4.8117,0.016,129.0982,336.1009,0.0412,0.000325,-0.037,-0.0167,0.0029,TRANSLATE
-24.8482,23.1825,143.2642,0.0112,147.2396,2.5555,0.0016,138.3606,157.4179,0.0313,0.000334,-0.0251,-0.0102,0.003,TRANSLATE
-25.5005,23.221,137.3051,0.0239,141.5704,5.6692,0.0127,143.5447,29.4448,0.0247,0.000166,-0.0115,-0.0016,0.003,TRANSLATE
-28.0722,23.4956,126.5097,0.0349,131.6996,9.8708,0.011,143.0576,39.5611,0.0223,8.3e-05,0.0028,0.0061,0.003,TRANSLATE
-29.4109,24.0183,116.4296,0.046,122.4653,9.2344,0.0111,138.554,103.3457,0.0257,0.000175,0.0169,0.0107,0.0028,TRANSLATE
-25.0256,23.7647,109.0843,0.0563,114.4134,8.0518,0.0104,131.4777,144.5524,0.0344,0.000253,0.0306,0.0118,0.0026,TRANSLATE
-23.5361,24.6836,106.6644,0.0681,111.9844,2.429,0.0118,124.4266,121.145,0.0458,0.000242,0.0435,0.0106,0.0019,TRANSLATE
-22.7476,25.475,100.1315,0.0838,105.7958,6.1887,0.0157,117.2717,80.5921,0.0578,0.00029,0.0566,0.0089,0.0012,TRANSLATE
-21.8262,24.8925,83.8552,0.1017,90.1538,15.6419,0.0179,108.9625,116.9927,0.0712,0.000391,0.0706,0.0082,0.0006,TRANSLATE
-22.461,24.039,64.7279,0.1075,72.609,17.5448,0.0058,98.9913,245.4178,0.0835,0.000376,0.083,0.0088,-0.0001,TRANSLATE
-22.1438,24.0812,45.6667,0.1068,56.1756,16.4334,0.0007,87.3437,428.8203,0.0936,0.000236,0.0929,0.0108,-0.0007,TRANSLATE
-19.1119,23.9243,30.3427,0.099,43.1082,13.0674,0.0078,73.5685,508.986,0.0998,7.4e-05,0.0989,0.0125,-0.0008,TRANSLATE
-22.252,24.4426,24.4961,0.0903,41.1418,1.9664,0.0087,60.6377,344.3591,0.1011,3.9e-05,0.1001,0.0137,-0.0012,TRANSLATE
-22.3235,24.3478,23.4312,0.0845,40.4991,0.6427,0.0058,50.7068,152.6078,0.0976,8.2e-05,0.0967,0.0132,-0.0015,TRANSLATE
-21.9775,24.3251,22.345,0.0793,39.674,0.8251,0.0052,44.1198,37.6218,0.092,9.8e-05,0.0912,0.0118,-0.0014,TRANSLATE
-21.0477,23.6601,22.1885,0.0742,38.667,1.007,0.0051,40.618,2.2375,0.0855,7.5e-05,0.0849,0.0095,-0.0012,TRANSLATE
-20.6538,24.1937,19.0789,0.0703,37.0934,1.5736,0.0039,39.4151,2.0348,0.0797,5.1e-05,0.0792,0.0088,-0.0013,TRANSLATE
-21.6293,22.7831,13.5288,0.0694,34.2041,2.8893,0.0009,38.0275,4.9439,0.0755,3.2e-05,0.0749,0.009,-0.001,TRANSLATE
-19.319,22.1546,11.4168,0.0694,31.534,2.6701,0.0,36.2345,8.9403,0.0725,1.5e-05,0.0714,0.0113,-0.0009,TRANSLATE
-17.4896,21.8049,9.0709,0.0636,29.3875,2.1466,0.0059,34.1772,11.7182,0.0694,1.2e-05,0.0674,0.0145,-0.0009,TRANSLATE
-16.1636,21.8439,9.0224,0.0581,28.6325,0.7549,0.0055,32.1703,9.8076,0.0662,2.2e-05,0.063,0.0186,-0.0012,TRANSLATE
-16.8652,21.6595,7.3491,0.0448,28.418,0.2146,0.0132,30.4352,4.7658,0.0611,8.4e-05,0.0571,0.0207,-0.0013,TRANSLATE
-16.7234,21.4808,4.7887,0.0315,27.641,0.7769,0.0133,29.1226,1.7633,0.0535,0.000187,0.0489,0.0211,-0.0016,TRANSLATE
-16.8819,21.0909,2.7466,0.0186,27.1545,0.4866,0.0129,28.2467,0.6079,0.0433,0.000276,0.0387,0.0191,-0.0018,TRANSLATE
-16.6461,20.8039,1.9441,0.0099,26.7147,0.4397,0.0088,27.7121,0.5312,0.0326,0.000302,0.0284,0.0157,-0.0018,TRANSLATE
-16.7044,21.3369,2.0584,0.0044,27.176,0.4613,0.0055,27.4208,0.3344,0.0219,0.000216,0.018,0.0114,-0.0018,TRANSLATE
-17.1948,21.207,2.4249,0.0066,27.4094,0.2334,0.0022,27.2191,0.0949,0.0142,9.8e-05,0.0089,0.0082,-0.0017,TRANSLATE
-17.5121,21.2906,2.0305,0.0099,27.6421,0.2327,0.0033,27.2194,0.0951,0.0099,2.4e-05,0.0017,0.0057,-0.0015,TRANSLATE
-17.8534,21.2106,1.2338,0.0121,27.7517,0.1096,0.0022,27.3388,0.1367,0.0086,7e-06,-0.0038,0.0041,-0.0014,TRANSLATE
-18.1265,20.8185,-0.6161,0.0138,27.6108,0.1409,0.0017,27.518,0.0415,0.0094,1.2e-05,-0.0079,0.0031,-0.0013,TRANSLATE
-17.8387,20.7579,-1.7335,0.0152,27.4247,0.1861,0.0013,27.5678,0.0173,0.0115,9e-06,-0.011,0.0025,-0.0012,TRANSLATE
-17.6272,20.747,-2.3712,0.016,27.3272,0.0975,0.0009,27.5513,0.0236,0.0134,5e-06,-0.0131,0.0018,-0.0013,TRANSLATE
-17.3674,20.8882,-2.5438,0.0165,27.2839,0.0433,0.0005,27.4797,0.0312,0.0147,3e-06,-0.0146,0.001,-0.0013,TRANSLATE
-17.3345,21.1637,-2.3851,0.0169,27.4604,0.1765,0.0004,27.4214,0.013,0.0157,1e-06,-0.0156,0.0003,-0.0012,TRANSLATE
-17.4301,20.9434,-3.1987,0.0168,27.4348,0.0256,0.0001,27.3862,0.0047,0.0163,0.0,-0.0162,-0.0004,-0.0012,TRANSLATE
-17.2753,21.336,-3.5933,0.0166,27.6871,0.2523,0.0001,27.4387,0.0197,0.0166,0.0,-0.0165,-0.0011,-0.0011,TRANSLATE
-17.3734,21.5907,-2.4403,0.0163,27.8199,0.1328,0.0003,27.5372,0.0366,0.0166,0.0,-0.0165,-0.0015,-0.001,TRANSLATE
-16.6362,21.5444,-3.8897,0.0129,27.4965,0.3234,0.0034,27.5797,0.0223,0.0159,2e-06,-0.0158,-0.0018,-0.001,TRANSLATE
-17.409,21.123,-4.918,0.0101,27.8108,0.3144,0.0028,27.6498,0.0252,0.0146,7e-06,-0.0144,-0.0021,-0.0009,TRANSLATE
-16.7491,20.8047,-3.1063,0.0111,26.8889,0.9219,0.0009,27.5406,0.1198,0.0134,7e-06,-0.0132,-0.002,-0.0009,TRANSLATE
-16.4836,20.7,-1.2413,0.0089,26.4904,0.3986,0.0022,27.3013,0.2789,0.0119,7e-06,-0.0117,-0.0019,-0.0008,TRANSLATE
-17.1525,20.6006,-0.3899,0.0086,26.8095,0.3191,0.0003,27.0992,0.2326,0.0103,2e-06,-0.0102,-0.0017,-0.0007,TRANSLATE
-17.1783,20.4867,-0.0557,0.0085,26.7358,0.0737,0.0002,26.9471,0.2043,0.0095,1e-06,-0.0093,-0.0011,-0.0006,TRANSLATE
-18.3082,20.2519,-0.3133,0.0102,27.3025,0.5667,0.0018,26.8454,0.07,0.0095,1e-06,-0.0094,-0.0008,-0.0005,TRANSLATE
-17.2153,19.9359,1.2587,0.0124,26.3703,0.9323,0.0022,26.7417,0.1041,0.0097,2e-06,-0.0096,-0.0013,-0.0006,TRANSLATE
-16.3723,20.58,-1.9649,0.0085,26.3713,0.001,0.0039,26.7179,0.1183,0.0097,2e-06,-0.0095,-0.0013,-0.0007,TRANSLATE
-15.7697,20.5608,-6.05,0.0107,26.6089,0.2376,0.0022,26.6778,0.1174,0.0101,2e-06,-0.0099,-0.0011,-0.0007,TRANSLATE
-16.2189,20.7393,-9.5838,0.0101,28.0182,1.4093,0.0005,26.9343,0.4103,0.0104,2e-06,-0.0102,-0.0018,-0.0007,TRANSLATE
-16.7157,20.3883,-9.0483,0.0051,27.8742,0.144,0.005,27.0486,0.5468,0.0094,6e-06,-0.0091,-0.0018,-0.0007,TRANSLATE
-16.6038,20.5607,-5.8605,0.0029,27.0698,0.8044,0.0022,27.1885,0.4353,0.0075,9e-06,-0.0062,-0.0011,-0.0006,TRANSLATE
-16.4549,20.7485,-2.5915,0.0173,26.6079,0.4618,0.0143,27.2358,0.3669,0.0092,2.5e-05,-0.0011,-0.0002,-0.0004,TRANSLATE
-18.514,20.8051,-3.9326,0.0341,28.1262,1.5183,0.0168,27.5393,0.3548,0.0139,0.000126,0.0078,0.0004,-0.0002,TRANSLATE
-21.3174,20.8222,-7.7179,0.0518,30.7825,2.6563,0.0177,28.0921,2.107,0.0222,0.000341,0.02,0.0021,0.0001,TRANSLATE
-19.4477,20.4296,-19.2837,0.0642,34.1679,3.3854,0.0123,29.3509,7.896,0.034,0.000495,0.0338,0.0032,0.0004,TRANSLATE
-16.5206,18.9906,-33.9707,0.0716,42.2798,8.112,0.0074,32.3929,31.0332,0.0478,0.000394,0.0476,0.004,0.0006,TRANSLATE
-15.4134,17.9862,-43.6203,0.077,49.6368,7.3569,0.0054,36.9986,62.5975,0.0597,0.000236,0.0596,0.0037,0.001,TRANSLATE
-16.662,17.7202,-51.7869,0.0813,57.2146,7.5778,0.0043,42.8163,94.745,0.0692,0.000108,0.069,0.0032,0.0014,TRANSLATE
-16.1514,17.4105,-57.3608,0.0837,62.0826,4.868,0.0024,49.0763,100.8327,0.0755,4.9e-05,0.0755,0.0016,0.0017,TRANSLATE
-23.0712,20.6691,-61.0417,0.0863,68.4513,6.3687,0.0026,55.933,84.444,0.08,2.7e-05,0.0799,-0.0001,0.002,TRANSLATE
-18.9694,17.2759,-57.1146,0.0846,62.6129,5.8384,0.0016,59.9996,39.5489,0.0826,1e-05,0.0824,-0.0028,0.0024,TRANSLATE
-21.4224,18.0113,-43.798,0.0783,51.9768,10.6361,0.0063,60.4677,30.7252,0.0828,8e-06,0.0823,-0.0064,0.0025,TRANSLATE
-19.5598,16.8341,-34.9821,0.0707,43.4709,8.5059,0.0076,57.7189,78.831,0.0807,3.2e-05,0.0798,-0.01,0.0026,TRANSLATE
-19.7416,17.2829,-40.8951,0.0596,48.5884,5.1175,0.0112,55.0201,84.412,0.0759,9.7e-05,0.0744,-0.0132,0.0024,TRANSLATE
-20.5214,19.495,-36.9879,0.0448,46.5757,2.0128,0.0148,50.6449,43.4523,0.0676,0.0002,0.0653,-0.0162,0.0025,TRANSLATE
-18.864,19.6867,-22.6653,0.0265,35.4561,11.1196,0.0183,45.2136,31.4464,0.056,0.000345,0.053,-0.0167,0.0025,TRANSLATE
-20.2162,19.3743,-6.1104,0.0142,28.66,6.7961,0.0123,40.5502,55.3553,0.0432,0.00043,0.0399,-0.0153,0.0022,TRANSLATE
-20.9542,19.6588,11.0242,0.0119,30.7747,2.1147,0.0023,38.011,66.3136,0.0314,0.000334,0.0246,-0.0135,0.0018,TRANSLATE
-25.1852,22.4833,18.06,0.029,38.2878,7.5132,0.0171,35.9509,39.7084,0.0253,0.000139,0.0075,-0.0093,0.0017,TRANSLATE
-18.3294,19.696,8.4855,0.0554,28.2118,10.076,0.0264,32.2781,15.6204,0.0274,0.00024,-0.0105,-0.0005,0.0014,TRANSLATE
-14.5417,19.5193,-10.1866,0.0846,26.3862,1.8256,0.0292,30.4641,17.2528,0.039,0.00076,-0.0296,0.0108,0.0012,TRANSLATE
-15.324,19.9248,-35.2149,0.1119,43.2656,16.8794,0.0273,33.3852,40.8447,0.0586,0.001316,-0.0528,0.0204,0.0012,TRANSLATE
-18.8061,20.7117,-46.1876,0.1357,53.9994,10.7338,0.0238,38.0302,102.895,0.0833,0.001458,-0.0778,0.027,0.0009,TRANSLATE
-26.5073,24.1694,-47.4094,0.1544,59.4513,5.4519,0.0187,42.2629,176.7387,0.1084,0.001249,-0.1029,0.0277,0.0008,TRANSLATE
-23.0559,21.6511,-40.6213,0.1668,51.4824,7.9689,0.0124,46.917,132.5914,0.1307,0.000873,-0.1264,0.0209,0.0007,TRANSLATE
-23.2978,20.9084,-30.2033,0.1713,43.4993,7.9831,0.0045,50.3396,38.9107,0.148,0.000478,-0.1459,0.0085,0.0006,TRANSLATE
-23.1789,21.0361,-23.8408,0.1645,39.3467,4.1526,0.0068,49.5558,52.457,0.1585,0.000161,-0.1575,-0.0039,0.0005,TRANSLATE
-21.665,21.8039,-17.6445,0.1548,35.4416,3.905,0.0097,45.8442,74.5743,0.1623,4.5e-05,-0.1614,-0.0132,0.0005,TRANSLATE
-22.1226,21.8806,-13.5406,0.1391,33.934,1.5076,0.0156,40.7408,39.8695,0.1593,0.000131,-0.1582,-0.0178,0.0003,TRANSLATE
-21.3012,21.5607,-11.1793,0.1075,32.3046,1.6295,0.0316,36.9052,16.3157,0.1474,0.000515,-0.1462,-0.0187,-0.0001,TRANSLATE
-20.291,22.2048,-8.2528,0.0854,31.1912,1.1134,0.0221,34.4436,8.0899,0.1303,0.000875,-0.1292,-0.0168,-0.0005,TRANSLATE
-19.2859,22.3795,-4.7773,0.0628,29.9268,1.2644,0.0226,32.5596,3.8129,0.1099,0.001137,-0.1091,-0.0137,-0.0008,TRANSLATE
-19.3412,22.4661,-2.3031,0.0426,29.734,0.1927,0.0202,31.4181,2.4455,0.0875,0.001138,-0.0869,-0.0102,-0.0009,TRANSLATE
-19.623,22.3448,-0.1237,0.0276,29.7383,0.0042,0.015,30.579,1.0397,0.0652,0.000825,-0.0648,-0.0073,-0.0011,TRANSLATE
-18.9515,21.9664,1.0198,0.0126,29.0297,0.7086,0.015,29.924,0.4952,0.0462,0.00066,-0.0459,-0.0046,-0.0013,TRANSLATE
-19.0581,21.47,0.7033,0.0045,28.717,0.3127,0.0081,29.4292,0.2206,0.03,0.000439,-0.0297,-0.0021,-0.0013,TRANSLATE
-19.2558,20.8416,1.9564,0.0027,28.4427,0.2743,0.0017,29.1324,0.2776,0.018,0.000229,-0.0167,-0.0005,-0.0014,TRANSLATE
-18.1609,21.1233,5.2433,0.0103,28.3462,0.0966,0.0076,28.8548,0.2517,0.0116,7.8e-05,-0.0062,-0.0002,-0.0014,TRANSLATE
-18.6725,21.3643,9.4415,0.017,29.9038,1.5576,0.0066,28.8879,0.3146,0.0094,2.7e-05,0.0026,-0.0004,-0.0014,TRANSLATE
-19.0942,21.0445,10.2251,0.0221,30.1996,0.2958,0.0051,29.1219,0.5999,0.0113,5.4e-05,0.0095,-0.0005,-0.0013,TRANSLATE
-19.5754,21.0888,8.9863,0.0213,30.1444,0.0552,0.0008,29.4073,0.6948,0.0147,5.3e-05,0.0145,-0.0009,-0.0013,TRANSLATE
-19.5728,21.0804,9.714,0.0205,30.3618,0.2174,0.0009,29.7912,0.5436,0.0182,1.9e-05,0.0181,-0.0009,-0.0014,TRANSLATE
-19.0739,20.9424,11.7962,0.0185,30.6847,0.3229,0.002,30.2589,0.0669,0.0199,4e-06,0.0197,0.0003,-0.0014,TRANSLATE
-19.1404,20.5196,10.5932,0.0187,29.9937,0.691,0.0002,30.2768,0.0554,0.0202,2e-06,0.0201,0.0013,-0.0013,TRANSLATE
-18.9717,20.3032,9.1496,0.0198,29.255,0.7387,0.0011,30.0879,0.2274,0.0198,1e-06,0.0196,0.0016,-0.0013,TRANSLATE
-18.0398,20.555,6.5134,0.0204,28.1135,1.1415,0.0006,29.6818,0.8414,0.0196,1e-06,0.0194,0.0015,-0.0012,TRANSLATE
-16.8506,20.8565,4.2326,0.0194,27.145,0.9685,0.001,29.0384,1.622,0.0194,0.0,0.0192,0.0014,-0.0012,TRANSLATE
-14.1399,21.1008,2.6298,0.0184,25.5362,1.6088,0.001,28.0087,2.4728,0.0193,1e-06,0.0193,0.0009,-0.0011,TRANSLATE
-13.6994,21.015,1.2789,0.018,25.1185,0.4177,0.0005,27.0337,2.4046,0.0192,1e-06,0.0192,0.0004,-0.001,TRANSLATE
-12.8626,21.3433,0.1168,0.0169,24.9198,0.1987,0.0011,26.1666,1.5596,0.0186,1e-06,0.0186,0.0004,-0.0009,TRANSLATE
-13.4089,21.3653,-0.8221,0.0161,25.2378,0.318,0.0007,25.5915,0.6433,0.0178,1e-06,0.0177,0.0008,-0.001,TRANSLATE
-15.3146,21.7641,-3.4546,0.0147,26.8355,1.5977,0.0014,25.5296,0.4663,0.0168,2e-06,0.0166,0.0018,-0.001,TRANSLATE
-15.5985,21.4456,-4.273,0.0136,26.8605,0.025,0.0011,25.7945,0.7504,0.0159,2e-06,0.0154,0.0028,-0.0012,TRANSLATE
-15.9913,21.6534,-3.8466,0.0104,27.1917,0.3311,0.0032,26.2091,0.8776,0.0143,5e-06,0.0137,0.0034,-0.0012,TRANSLATE
-16.2524,21.5352,-4.6585,0.0158,27.379,0.1873,0.0054,26.7009,0.577,0.0141,4e-06,0.0134,0.0039,-0.0012,TRANSLATE
-14.8895,21.1438,-3.2268,0.0112,26.0609,1.3181,0.0046,26.8655,0.2037,0.0131,4e-06,0.0124,0.004,-0.0011,TRANSLATE
-18.3303,20.3588,0.1154,0.0095,27.3951,1.3343,0.0017,26.9774,0.2471,0.0121,5e-06,0.0115,0.0034,-0.0009,TRANSLATE
-19.5455,20.0464,2.508,0.0121,28.1101,0.7149,0.0027,27.2273,0.4385,0.0118,5e-06,0.0114,0.0028,-0.0005,TRANSLATE
-15.2458,22.059,4.9189,0.0112,27.2622,0.8478,0.0009,27.2415,0.4382,0.012,4e-06,0.0117,0.0025,-0.0002,TRANSLATE
-18.556,20.5816,3.9882,0.0103,27.997,0.7348,0.0009,27.3651,0.5334,0.0109,1e-06,0.0106,0.0023,-0.0001,TRANSLATE
-17.5542,21.2059,15.3687,0.0073,31.5283,3.5313,0.003,28.4585,2.464,0.0101,3e-06,0.0074,0.0009,0.0004,TRANSLATE
-12.9965,23.6116,32.2793,0.0156,42.052,10.5237,0.0083,31.3899,30.6013,0.0113,7e-06,0.0025,0.0,-0.0004,TRANSLATE
-12.8097,24.4424,53.1985,0.0122,59.9299,17.8779,0.0034,37.7539,150.856,0.0114,7e-06,-0.0018,0.001,-0.0011,TRANSLATE
-13.0352,26.6445,64.7432,0.0135,71.2146,11.2847,0.0013,46.5444,275.4926,0.0118,8e-06,-0.005,0.0029,-0.0006,TRANSLATE
-16.9344,24.5594,72.2352,0.0161,78.1528,6.9381,0.0026,56.5755,305.8856,0.013,1e-05,-0.0075,0.0056,-0.0012,TRANSLATE
-13.8601,25.785,73.4225,0.0186,79.0432,0.8905,0.0025,66.0785,191.0659,0.0152,5e-06,-0.007,0.0097,-0.0032,TRANSLATE
-22.7255,21.0655,70.1411,0.0213,76.6811,2.3622,0.0027,73.0043,50.1272,0.0164,1.1e-05,-0.0007,0.0125,-0.001,TRANSLATE
-21.6429,21.6243,57.591,0.0107,65.2131,11.4679,0.0106,74.061,26.9633,0.0161,1.4e-05,0.003,0.0106,0.0006,TRANSLATE
-20.9987,21.9088,44.9166,0.0105,54.2074,11.0057,0.0003,70.6595,92.606,0.0155,1.8e-05,0.0058,0.0072,0.0008,TRANSLATE
-22.1396,21.0677,34.9333,0.0086,46.4149,7.7925,0.0018,64.3119,158.6449,0.0139,2.5e-05,0.0077,0.0032,0.0018,TRANSLATE
-20.8617,21.3323,24.856,0.0132,38.8342,7.5807,0.0045,56.2701,180.3951,0.0129,2e-05,0.0108,-0.0005,0.0042,TRANSLATE
-21.6643,20.6283,-2.4902,0.0168,30.0179,8.8163,0.0036,46.9375,147.8122,0.012,8e-06,0.0106,-0.0037,0.0037,TRANSLATE
-21.9815,19.8558,-20.4015,0.0109,35.9675,5.9496,0.0058,41.0884,70.8682,0.012,8e-06,0.0109,-0.0035,0.0029,TRANSLATE
-19.6321,19.4127,-28.8431,0.0067,39.9274,3.9599,0.0042,38.2324,28.5593,0.0113,1.2e-05,0.0105,-0.0022,0.002,TRANSLATE
-19.44,19.8302,-22.7651,0.0098,35.9082,4.0192,0.0031,36.131,11.8333,0.0115,1.1e-05,0.0075,-0.0002,0.0011,TRANSLATE
-17.4551,20.3517,-21.4965,0.0146,34.3652,1.543,0.0048,35.2372,10.1967,0.0118,1.3e-05,0.0024,0.0014,-0.0005,TRANSLATE
-14.9266,19.7219,-22.3909,0.015,33.3633,1.0019,0.0003,35.9063,5.0029,0.0114,9e-06,-0.0033,0.0035,-0.0019,TRANSLATE
-15.8257,20.6557,5.0873,0.0409,26.5139,6.8494,0.026,34.0156,19.0708,0.0174,0.000148,-0.013,0.0071,-0.0028,TRANSLATE
-27.0418,18.5777,28.6386,0.0569,43.5495,17.0355,0.016,34.74,29.735,0.0274,0.000336,-0.0249,0.0107,-0.0034,TRANSLATE
-21.5522,20.5309,28.5327,0.0595,41.2326,2.3168,0.0026,35.8049,36.7588,0.0374,0.000381,-0.035,0.0119,-0.0036,TRANSLATE
-18.3574,22.3903,28.3481,0.0696,40.5208,0.7119,0.0101,37.036,39.2765,0.0484,0.000364,-0.0463,0.01,-0.0025,TRANSLATE
-16.464,23.856,31.1472,0.0856,42.5479,2.0271,0.016,38.8729,39.2806,0.0625,0.000218,-0.0605,0.0059,-0.0013,TRANSLATE
-28.14,20.8817,36.6709,0.1235,50.7214,8.1735,0.0379,43.7144,13.3688,0.079,0.000597,-0.0775,-0.0006,0.0005,TRANSLATE
-29.7151,21.3554,33.118,0.1064,49.3542,1.3672,0.0172,44.8754,18.377,0.0889,0.00055,-0.088,-0.0073,0.0013,TRANSLATE
-32.0502,23.1843,26.1694,0.0964,47.4295,1.9247,0.0099,46.1147,15.4918,0.0963,0.000334,-0.0956,-0.0102,0.0024,TRANSLATE
-24.6808,23.8068,24.2511,0.0878,42.0003,5.4293,0.0087,46.4106,12.5315,0.0999,0.000193,-0.0992,-0.0079,0.003,TRANSLATE
-22.8978,24.5079,25.2915,0.0771,42.0072,0.007,0.0107,46.3025,13.4136,0.0982,0.000253,-0.0976,-0.003,0.0014,TRANSLATE
-18.4776,24.3626,29.9895,0.0655,42.829,0.8218,0.0116,44.7241,9.4299,0.0866,0.000205,-0.0861,0.0016,0.0004,TRANSLATE
-23.8352,23.3245,39.0634,0.054,51.3624,8.5334,0.0115,45.1257,13.7945,0.0762,0.000231,-0.0758,0.0042,0.0003,TRANSLATE
-26.8994,23.5908,29.2258,0.0401,46.1979,5.1645,0.0139,44.8794,12.9022,0.0649,0.000282,-0.0645,0.0054,0.0003,TRANSLATE
-22.557,23.357,-4.6006,0.024,32.7954,13.4026,0.016,43.0384,37.0598,0.0521,0.000348,-0.0517,0.0052,-0.0001,TRANSLATE
-20.8019,24.6981,-50.4055,0.0088,59.8618,27.0664,0.0153,46.6093,80.7009,0.0385,0.000413,-0.0378,0.0036,0.0018,TRANSLATE
-11.9321,22.9772,-101.1619,0.0125,104.4225,44.5607,0.0037,58.928,594.566,0.0279,0.00029,-0.0225,0.0023,0.0028,TRANSLATE
-14.3144,21.5162,-136.117,0.0341,138.5485,34.126,0.0216,76.3652,1546.9475,0.0239,0.000145,-0.0049,0.0018,0.0034,TRANSLATE
-16.6703,22.0848,-145.5405,0.0603,148.1475,9.599,0.0262,96.7551,1979.7249,0.0279,0.000342,0.0149,-0.0008,0.0039,TRANSLATE
-15.1675,22.4397,-122.2762,0.0854,125.24,22.9075,0.025,115.2441,981.9913,0.0402,0.000848,0.0363,-0.0051,0.0044,TRANSLATE
-21.9434,23.808,-85.7741,0.095,91.6816,33.5583,0.0096,121.608,439.0892,0.0575,0.000954,0.0564,-0.0089,0.0049,TRANSLATE
-23.4359,23.5152,-49.3786,0.1019,59.5017,32.1799,0.0068,112.6239,1070.7444,0.0753,0.000623,0.0742,-0.0118,0.0052,TRANSLATE
-24.7081,23.8996,-16.5373,0.1089,38.1466,21.3551,0.007,92.5435,1642.4768,0.0903,0.000285,0.089,-0.0144,0.0054,TRANSLATE
-22.9509,23.8228,0.7702,0.1168,33.0887,5.0579,0.008,69.5317,1201.549,0.1016,0.000118,0.1003,-0.0154,0.0049,TRANSLATE
-23.4107,23.8645,4.8255,0.1213,33.7767,0.6879,0.0045,51.2391,501.9311,0.1088,9.2e-05,0.1076,-0.0151,0.0041,TRANSLATE
-23.7661,22.8166,-0.624,0.1231,32.9517,0.825,0.0018,39.4931,103.7284,0.1144,6.4e-05,0.1135,-0.0137,0.0023,TRANSLATE
-24.4785,22.1314,-3.071,0.1169,33.1425,0.1908,0.0062,34.2212,3.9329,0.1174,2.4e-05,0.1167,-0.0118,0.0005,TRANSLATE
-24.314,21.2864,4.6025,0.1056,32.6415,0.501,0.0113,33.1202,0.138,0.1168,3.7e-05,0.1163,-0.009,-0.0009,TRANSLATE
-24.7294,21.1854,22.9383,0.0924,39.8312,7.1897,0.0132,34.4687,7.3269,0.1119,0.000132,0.1116,-0.005,-0.0016,TRANSLATE
-27.1397,21.4108,38.0319,0.08,51.3947,11.5634,0.0124,37.9923,52.1128,0.1036,0.000249,0.1033,0.0,-0.002,TRANSLATE
-23.4774,21.8693,42.2661,0.07,53.0649,1.6702,0.01,42.0149,76.286,0.093,0.000286,0.0924,0.0048,-0.0022,TRANSLATE
-21.8851,21.9485,41.5473,0.0664,51.835,1.2298,0.0036,45.7534,65.8525,0.0829,0.000211,0.0819,0.0091,-0.0022,TRANSLATE
-18.4362,24.0026,39.4941,0.059,49.7574,2.0776,0.0074,49.1766,22.9558,0.0735,0.000134,0.0723,0.0121,-0.0022,TRANSLATE
-24.4177,21.1271,40.4046,0.0532,51.7215,1.9641,0.0058,51.5547,1.1286,0.0657,8.5e-05,0.0643,0.0131,-0.0017,TRANSLATE
-21.4716,21.7985,40.6956,0.0451,50.915,0.8065,0.0081,51.4587,1.1961,0.0587,8e-05,0.0574,0.012,-0.0011,TRANSLATE
-22.4898,20.9669,38.9221,0.0441,49.6018,1.3133,0.0011,50.7661,0.8901,0.0536,7.1e-05,0.0525,0.01,-0.0006,TRANSLATE
-21.0137,22.6173,38.6439,0.0404,49.4618,0.1399,0.0037,50.2915,0.7766,0.0484,4.6e-05,0.0477,0.0068,-0.0002,TRANSLATE
-17.7641,23.6032,42.4995,0.0278,51.7579,2.2961,0.0126,50.6916,0.9895,0.0421,6.9e-05,0.0418,0.0043,-0.0002,TRANSLATE
-17.9019,23.6295,41.8871,0.0211,51.3163,0.4417,0.0067,50.6106,0.8489,0.0357,9.1e-05,0.0355,0.0022,-0.0007,TRANSLATE
-18.4684,23.3567,39.2722,0.0144,49.2841,2.0322,0.0067,50.2844,1.0759,0.0295,0.000126,0.0294,0.0009,-0.0015,TRANSLATE
-18.0591,23.6447,32.1209,0.0081,43.783,5.501,0.0063,49.1206,8.0818,0.0224,0.000125,0.0222,-0.0003,-0.0018,TRANSLATE
-17.6098,23.6189,25.3217,0.0026,38.8477,4.9353,0.0055,46.9978,24.6587,0.0148,8e-05,0.0141,-0.0007,-0.0021,TRANSLATE
-17.5784,23.267,19.4886,0.0052,35.0737,3.7741,0.0026,43.661,37.4295,0.0103,4.5e-05,0.0079,-0.0015,-0.0019,TRANSLATE
-17.4034,22.8167,16.969,0.0097,33.3381,1.7356,0.0045,40.0653,34.0924,0.008,1.6e-05,0.0018,-0.0019,-0.0019,TRANSLATE
-17.7102,22.7628,14.1596,0.0132,32.1292,1.2088,0.0035,36.6343,17.92,0.0078,1.3e-05,-0.0036,-0.002,-0.0018,TRANSLATE
-17.7432,21.7446,13.1652,0.0158,30.9995,1.1298,0.0027,34.0776,7.5128,0.0093,2.4e-05,-0.0083,-0.0021,-0.0017,TRANSLATE
-17.3414,21.6207,11.1071,0.018,29.8588,1.1407,0.0022,32.2799,3.2898,0.0124,2.1e-05,-0.0119,-0.0019,-0.0017,TRANSLATE
-17.7388,21.7559,9.4888,0.0187,29.6314,0.2274,0.0006,31.1914,1.9468,0.0151,1.1e-05,-0.0149,-0.0014,-0.0016,TRANSLATE
-17.6566,21.3985,8.8286,0.0198,29.1135,0.5179,0.0012,30.3465,1.1748,0.0171,6e-06,-0.017,-0.0013,-0.0016,TRANSLATE
-17.3503,21.0,8.3597,0.0203,28.4942,0.6193,0.0005,29.6195,0.6968,0.0185,3e-06,-0.0184,-0.0011,-0.0016,TRANSLATE
-17.5709,21.0531,7.5347,0.0199,28.4384,0.0558,0.0004,29.1072,0.3326,0.0193,1e-06,-0.0193,-0.0009,-0.0015,TRANSLATE
-17.3317,20.9363,6.9715,0.0195,28.0592,0.3792,0.0004,28.7473,0.3098,0.0196,0.0,-0.0196,-0.0008,-0.0014,TRANSLATE
-17.4841,21.149,6.2553,0.0189,28.1443,0.0852,0.0006,28.4499,0.1377,0.0197,0.0,-0.0196,-0.0007,-0.0014,TRANSLATE
-17.656,20.9223,6.1199,0.0178,28.0523,0.092,0.0011,28.2377,0.0362,0.0193,1e-06,-0.0192,-0.0008,-0.0013,TRANSLATE
-17.678,20.8566,5.1959,0.0172,27.8299,0.2224,0.0006,28.1048,0.0386,0.0187,1e-06,-0.0186,-0.0008,-0.0012,TRANSLATE
-17.4767,20.8947,3.8942,0.0166,27.5171,0.3129,0.0006,27.9206,0.0515,0.018,1e-06,-0.0179,-0.001,-0.0005,TRANSLATE
-17.3033,21.2376,2.5497,0.016,27.5125,0.0045,0.0006,27.8112,0.069,0.0173,1e-06,-0.0172,-0.0011,0.0,TRANSLATE
-17.127,21.5526,1.121,0.0156,27.5519,0.0393,0.0004,27.6927,0.0463,0.0166,1e-06,-0.0165,-0.0012,0.0004,TRANSLATE
-17.4172,21.4577,0.5375,0.0152,27.642,0.0902,0.0004,27.6107,0.0142,0.0161,1e-06,-0.016,-0.0011,0.0007,TRANSLATE
-17.7775,21.2318,5.6675,0.0173,28.2657,0.6237,0.0021,27.6978,0.0828,0.0161,1e-06,-0.016,-0.0007,0.001,TRANSLATE
-18.0501,21.2792,9.4871,0.017,29.4723,1.2066,0.0003,28.0889,0.5531,0.0162,1e-06,-0.0161,-0.0003,0.0006,TRANSLATE
-18.8276,21.5358,12.3991,0.0153,31.177,1.7048,0.0017,28.8218,1.8569,0.0161,1e-06,-0.016,0.0001,0.0002,TRANSLATE
-18.6308,21.888,11.588,0.0118,30.9916,0.1855,0.0035,29.5097,2.0026,0.0153,4e-06,-0.0153,0.0001,-0.0,TRANSLATE
-18.5453,21.7104,10.6985,0.0101,30.4915,0.5001,0.0017,30.0796,1.173,0.0143,8e-06,-0.0142,-0.0001,-0.0002,TRANSLATE
-17.5362,21.2715,8.4119,0.0041,28.8228,1.6686,0.006,30.191,0.8184,0.0116,2e-05,-0.0114,-0.0008,-0.0002,TRANSLATE
-17.7321,21.2234,13.4233,0.0153,30.7416,1.9188,0.0112,30.4449,0.7112,0.0113,1.7e-05,-0.005,-0.0014,-0.0002,TRANSLATE
-19.7107,21.3569,24.1886,0.0335,37.8116,7.07,0.0182,31.7718,9.697,0.0149,9.9e-05,0.0048,-0.0017,-0.0003,TRANSLATE
-17.6592,20.6386,31.5728,0.0533,41.649,3.8374,0.0198,33.9033,24.5438,0.0232,0.000323,0.0177,-0.0014,-0.0014,TRANSLATE
-19.6898,19.9828,39.2364,0.0665,48.2337,6.5847,0.0132,37.4518,50.6963,0.0345,0.000535,0.0329,-0.0009,-0.0028,TRANSLATE
-14.6081,21.2987,44.4422,0.077,51.4018,3.168,0.0105,41.9676,54.3329,0.0491,0.000497,0.0488,0.0001,-0.0045,TRANSLATE
-15.6428,21.0484,46.935,0.088,53.7645,2.3628,0.0109,46.5721,35.7602,0.0636,0.000359,0.0631,0.0001,-0.0076,TRANSLATE
-18.7955,20.6168,59.1949,0.097,65.4397,11.6752,0.009,52.0978,61.0754,0.0764,0.000238,0.0756,-0.001,-0.0098,TRANSLATE
-19.2832,19.9872,80.8403,0.1,85.478,20.0383,0.003,60.8635,185.2489,0.0857,0.000156,0.0847,-0.0044,-0.0102,TRANSLATE
-17.0172,15.2491,106.8316,0.0968,109.248,23.77,0.0032,73.0664,472.6473,0.0918,7.1e-05,0.0904,-0.0084,-0.01,TRANSLATE
-28.1731,22.0368,135.6715,0.0899,140.3072,31.0592,0.0069,90.8475,966.8746,0.0943,2.1e-05,0.0928,-0.0119,-0.0093,TRANSLATE
-25.3416,21.7951,155.8747,0.0808,159.4182,19.111,0.0091,111.9782,1185.7261,0.0929,4.7e-05,0.0915,-0.0131,-0.0076,TRANSLATE
-20.1139,21.8048,155.7998,0.069,158.5988,0.8193,0.0118,130.61,840.1119,0.0873,0.000127,0.086,-0.0119,-0.0067,TRANSLATE
-24.4537,21.2595,140.8148,0.0549,144.4949,14.104,0.0141,142.4134,331.9692,0.0783,0.000223,0.0772,-0.0071,-0.0054,TRANSLATE
-25.0317,21.2701,114.4112,0.0391,119.0333,25.4615,0.0158,144.3705,217.4752,0.0668,0.000329,0.066,-0.0022,-0.0053,TRANSLATE
-25.1035,21.6286,75.3696,0.0228,82.332,36.7013,0.0163,132.7754,849.4828,0.0533,0.000427,0.0526,0.0006,-0.0057,TRANSLATE
-16.0984,21.1997,15.8957,0.0138,31.0042,51.3278,0.0091,107.0927,2119.3872,0.0399,0.000409,0.0384,0.0041,-0.0052,TRANSLATE
-10.46,20.2879,-45.0428,0.0068,50.4962,19.492,0.007,85.4721,1761.9939,0.0275,0.000305,0.0242,0.0052,-0.0045,TRANSLATE
-3.5023,19.4428,-91.2311,0.0103,93.3456,42.8494,0.0035,75.2423,973.0059,0.0186,0.000134,0.0114,0.0032,-0.0048,TRANSLATE
2.945,20.6605,-120.0005,0.0156,121.8017,28.4561,0.0053,75.796,1022.7243,0.0138,2.9e-05,0.0012,0.0007,-0.0027,TRANSLATE
0.6779,22.3003,-131.9442,0.0226,133.8172,12.0154,0.007,86.093,1581.4436,0.0138,2.8e-05,-0.007,-0.0011,-0.0004,TRANSLATE
-2.0233,20.1809,-135.8241,0.0311,137.3301,3.5129,0.0085,107.3582,1047.3287,0.0173,7.6e-05,-0.0147,-0.0048,0.0012,TRANSLATE
-9.503,19.6041,-137.5343,0.0452,139.2491,1.919,0.014,125.1087,288.9955,0.0249,0.000151,-0.0232,-0.0071,0.0011,TRANSLATE
-14.0556,27.0457,-127.0181,0.0549,130.6239,8.6251,0.0097,132.5644,37.7133,0.0339,0.000208,-0.0322,-0.006,0.003,TRANSLATE
-14.4319,22.7835,-114.5457,0.0652,117.6779,12.9461,0.0103,131.7396,58.1877,0.0438,0.000239,-0.0426,-0.0035,0.0019,TRANSLATE
-13.1737,21.533,-103.6178,0.0755,106.6483,11.0295,0.0103,126.3059,153.7133,0.0544,0.000238,-0.0538,0.0003,0.0016,TRANSLATE
-11.0139,19.3858,-97.5786,0.0893,100.0935,6.5549,0.0137,118.8585,211.362,0.066,0.000238,-0.0655,0.0049,0.001,TRANSLATE
-7.0612,20.7243,-93.1254,0.1074,95.6645,4.429,0.0182,110.1416,159.8153,0.0785,0.000339,-0.0775,0.0107,0.0021,TRANSLATE
-9.4896,20.12,-97.5316,0.1261,100.0364,4.3719,0.0187,104.0241,58.9094,0.0927,0.000479,-0.0911,0.0157,0.0029,TRANSLATE
-9.6041,17.6054,-99.6003,0.1376,101.5992,1.5629,0.0115,100.8084,12.4594,0.1072,0.000521,-0.1052,0.0192,0.0043,TRANSLATE
-3.6646,20.7062,-96.0396,0.1405,98.3147,3.2845,0.0029,99.1416,4.1041,0.1202,0.000374,-0.1182,0.0205,0.0042,TRANSLATE
-9.6973,18.6712,-95.7442,0.1389,98.0285,0.2861,0.0016,98.7287,4.0002,0.1301,0.000154,-0.1282,0.0198,0.0052,TRANSLATE
-10.0609,19.3901,-94.0703,0.1292,96.5734,1.4551,0.0097,98.9104,3.0183,0.1345,3.3e-05,-0.1331,0.0159,0.0056,TRANSLATE
-7.0488,19.9402,-94.1063,0.1248,96.4535,0.1199,0.0044,98.1939,3.4586,0.1342,3.7e-05,-0.1335,0.0096,0.0049,TRANSLATE
-7.0453,20.0459,-93.6038,0.1192,95.9851,0.4684,0.0056,97.0711,0.8543,0.1305,6.7e-05,-0.1301,0.0038,0.0054,TRANSLATE
-9.0487,19.1274,-97.6455,0.1106,99.9119,3.9268,0.0085,97.3905,2.057,0.1245,9e-05,-0.1241,-0.0012,0.0065,TRANSLATE
-8.3265,19.5738,-100.1695,0.0975,102.4031,2.4913,0.0131,98.2654,6.2354,0.1163,0.000126,-0.1157,-0.006,0.0059,TRANSLATE
-9.708,19.9153,-95.4731,0.0861,98.0101,4.393,0.0114,98.5527,5.5933,0.1076,0.0002,-0.107,-0.009,0.0055,TRANSLATE
-12.0289,20.251,-86.8379,0.0675,89.9756,8.0345,0.0186,97.2572,17.7468,0.0962,0.000332,-0.0955,-0.0096,0.0043,TRANSLATE
-13.695,20.6633,-72.3828,0.0541,76.5101,13.4655,0.0134,93.3622,88.3404,0.0832,0.000411,-0.0826,-0.0093,0.0028,TRANSLATE
-15.2466,20.8337,-56.6625,0.0373,62.2667,14.2434,0.0168,85.8331,216.4598,0.0685,0.000466,-0.068,-0.008,0.0015,TRANSLATE
-16.2692,20.8607,-42.3706,0.0246,49.9512,12.3155,0.0127,75.3428,309.001,0.054,0.000471,-0.0536,-0.0059,0.0011,TRANSLATE
-17.2466,21.0823,-28.5215,0.0135,39.4384,10.5129,0.0111,63.6284,326.838,0.0394,0.00038,-0.0391,-0.0043,0.0009,TRANSLATE
-18.0942,21.3159,-16.0953,0.004,32.2618,7.1766,0.0095,52.0856,251.5401,0.0267,0.000313,-0.0264,-0.0034,0.0009,TRANSLATE
-16.6222,22.1465,-7.0044,0.0031,28.5626,3.6992,0.0008,42.4962,150.9375,0.0165,0.000169,-0.015,-0.0022,0.0007,TRANSLATE
-17.554,22.2953,0.0121,0.0115,28.3765,0.1862,0.0084,35.7181,66.6938,0.0113,6.1e-05,-0.0053,-0.0012,0.0006,TRANSLATE
-17.937,22.2269,5.5816,0.019,29.1019,0.7255,0.0074,31.5482,17.5444,0.0102,3.6e-05,0.0034,-0.0005,0.0006,TRANSLATE
-17.7277,22.8565,10.9246,0.0216,30.9199,1.8179,0.0026,29.8445,2.2699,0.0118,5.7e-05,0.0103,0.0003,0.0006,TRANSLATE
-17.779,22.4758,16.2647,0.0201,32.9514,2.0316,0.0015,29.9825,3.0128,0.0151,4.8e-05,0.015,0.0011,0.0005,TRANSLATE
-18.8607,21.6432,24.1805,0.0225,37.5347,4.5832,0.0024,31.7769,10.7969,0.0189,1.5e-05,0.0189,0.0012,0.0005,TRANSLATE
-20.0198,21.6364,25.5413,0.0253,39.0036,1.469,0.0029,33.9023,14.4121,0.0217,5e-06,0.0216,0.0011,0.0004,TRANSLATE
-20.9565,21.3591,22.6612,0.0279,37.5355,1.4681,0.0026,35.589,9.5984,0.0235,8e-06,0.0234,0.001,0.0001,TRANSLATE
-20.7558,21.5748,17.0102,0.0293,34.4329,3.1026,0.0014,36.2916,5.0119,0.025,1.2e-05,0.025,0.0006,-0.0001,TRANSLATE
-20.0359,21.813,10.93,0.028,31.5707,2.8622,0.0013,36.0155,7.1617,0.0266,6e-06,0.0266,-0.0002,-0.0001,TRANSLATE
-19.8193,21.6066,4.5784,0.0265,29.6751,1.8955,0.0015,34.4436,12.2692,0.0274,2e-06,0.0274,-0.0009,-0.0001,TRANSLATE
-19.5055,21.5134,1.3315,0.0253,29.07,0.6052,0.0013,32.4568,9.9383,0.0274,2e-06,0.0274,-0.0012,0.0,TRANSLATE
-19.5544,22.0639,0.8527,0.0243,29.4943,0.4243,0.001,30.8486,3.9486,0.0267,3e-06,0.0266,-0.0012,0.0001,TRANSLATE
-19.3623,22.3105,0.2978,0.0231,29.5422,0.0479,0.0012,29.8705,0.7638,0.0254,3e-06,0.0254,-0.001,0.0001,TRANSLATE
-19.3929,22.1015,-0.4055,0.0222,29.4062,0.136,0.0009,29.4376,0.0413,0.0243,2e-06,0.0242,-0.0007,0.0007,TRANSLATE
-19.1268,21.9406,-0.9401,0.021,29.1223,0.2839,0.0012,29.327,0.0377,0.0232,2e-06,0.0231,-0.0002,0.0011,TRANSLATE
-19.2827,21.4587,-1.0052,0.0193,28.8671,0.2552,0.0017,29.2864,0.0652,0.022,3e-06,0.0219,-0.0001,0.0014,TRANSLATE
-19.2043,21.9326,-0.1448,0.0183,29.1524,0.2853,0.001,29.2181,0.0554,0.0208,3e-06,0.0207,-0.0,0.0017,TRANSLATE
-19.0072,22.2117,1.4373,0.0167,29.2694,0.117,0.0016,29.1635,0.032,0.0195,4e-06,0.0194,0.0001,0.0019,TRANSLATE
-19.7495,21.9412,4.8499,0.0146,29.9162,0.6468,0.002,29.2655,0.1231,0.018,5e-06,0.0179,0.0005,0.0015,TRANSLATE
-20.109,21.7686,17.2924,0.0128,34.3114,4.3951,0.0018,30.3033,4.1341,0.0163,6e-06,0.0161,0.0014,0.0012,TRANSLATE
-20.7153,22.1493,35.9183,0.0157,47.0089,12.6975,0.0028,33.9317,46.3719,0.0156,3e-06,0.0145,0.0035,0.001,TRANSLATE
-22.4879,21.7569,48.2346,0.0195,57.4948,10.4859,0.0038,39.6001,120.7159,0.0158,5e-06,0.0128,0.0069,0.0008,TRANSLATE
-21.209,21.8305,50.1658,0.029,58.6771,1.1824,0.0096,45.4817,137.565,0.0183,3.3e-05,0.01,0.0126,0.0002,TRANSLATE
-26.6485,19.6832,47.8889,0.0296,58.2316,0.4456,0.0006,51.1448,89.5501,0.0213,4.7e-05,0.0072,0.0182,-0.0002,TRANSLATE
-27.125,19.4809,49.9705,0.0328,60.1026,1.871,0.0032,56.303,22.3187,0.0253,4.3e-05,0.0058,0.0237,-0.0007,TRANSLATE
-21.7688,20.5035,51.3358,0.0398,59.4107,0.6919,0.007,58.7834,0.8221,0.0301,4.3e-05,0.005,0.0294,-0.0006,TRANSLATE
-22.7588,19.9559,57.3468,0.0478,64.8448,5.4341,0.008,60.2534,5.6773,0.0358,5.1e-05,0.0053,0.0353,-0.0005,TRANSLATE
-21.1789,20.0491,57.7087,0.0566,64.6591,0.1857,0.0088,61.4498,7.6311,0.0413,9.7e-05,0.0078,0.0404,0.0002,TRANSLATE
-20.615,20.0018,59.045,0.0647,65.661,1.0019,0.0081,62.9357,6.8988,0.0483,0.00013,0.0117,0.0468,0.0003,TRANSLATE
-19.6232,20.0702,68.1767,0.0616,73.7288,8.0678,0.0032,65.6609,21.1652,0.0541,8.4e-05,0.0148,0.0519,0.0003,TRANSLATE
-21.6611,18.4999,77.2038,0.0623,82.2914,8.5626,0.0008,70.237,47.7262,0.0586,3.6e-05,0.0169,0.0561,-0.0001,TRANSLATE
-21.0976,19.7687,83.7131,0.0685,88.5652,6.2737,0.0062,74.9811,86.5888,0.0627,1.5e-05,0.0184,0.0599,-0.0009,TRANSLATE
-17.4094,20.9837,81.8548,0.0642,86.2764,2.2888,0.0042,79.3046,72.1044,0.0643,6e-06,0.0185,0.0615,-0.0006,TRANSLATE
-15.29,19.8869,78.887,0.0493,82.7794,3.497,0.0149,82.7282,25.5683,0.0612,4.1e-05,0.0165,0.0588,0.0,TRANSLATE
-13.9195,20.7877,66.9158,0.0431,71.4396,11.3399,0.0063,82.2704,34.6477,0.0575,9.3e-05,0.0148,0.0555,0.0006,TRANSLATE
-10.9856,20.9208,45.6733,0.0327,51.4238,20.0157,0.0104,76.0969,186.8371,0.0516,0.000176,0.0138,0.0495,0.0013,TRANSLATE
-12.9041,21.3304,26.248,0.0273,36.2003,15.2236,0.0054,65.6239,364.4101,0.0433,0.000169,0.0134,0.0406,0.0028,TRANSLATE
-17.767,19.5799,7.1047,0.0249,27.3773,8.823,0.0024,53.8441,432.9013,0.0355,8.7e-05,0.0141,0.0309,0.0039,TRANSLATE
-17.9355,19.1514,-18.1475,0.0261,31.9029,4.5256,0.0011,43.6688,258.197,0.0308,4.5e-05,0.0165,0.0238,0.0043,TRANSLATE
-19.3796,20.293,-66.7149,0.026,72.3758,40.4729,0.0,43.856,268.7372,0.0274,8e-06,0.0187,0.0181,0.0039,TRANSLATE
-14.8225,21.5438,-114.9469,0.0198,117.884,45.5082,0.0063,57.148,1176.6333,0.0248,7e-06,0.0198,0.0132,0.0034,TRANSLATE
-12.8767,20.6944,-128.1138,0.0244,130.4117,12.5277,0.0046,75.9903,1807.3525,0.0242,5e-06,0.021,0.0067,0.0024,TRANSLATE
-13.4139,22.5399,-103.4348,0.0425,106.7086,23.7031,0.0181,91.8566,1271.6918,0.0278,6e-05,0.0215,-0.0034,0.0016,TRANSLATE
-17.9655,19.0725,-21.6291,0.0947,33.9755,72.7331,0.0522,92.2711,1222.6729,0.0415,0.000767,0.0199,-0.0246,0.001,TRANSLATE
-23.1911,21.7143,46.0124,0.1046,55.9149,21.9394,0.0099,88.979,1397.0247,0.0572,0.001269,0.0148,-0.0481,0.0009,TRANSLATE
-29.6123,22.3277,112.6943,0.128,118.6398,62.7249,0.0234,89.1301,1405.855,0.0789,0.001523,0.0071,-0.0744,0.0009,TRANSLATE
-29.9805,22.459,176.1273,0.1215,180.0668,61.427,0.0065,99.0611,2620.2922,0.0983,0.000917,-0.0022,-0.096,0.0008,TRANSLATE
-31.4781,22.136,228.7987,0.1068,232.0123,51.9455,0.0148,124.1219,5515.7588,0.1111,0.000145,-0.0101,-0.1098,-0.0003,TRANSLATE
-30.22,23.3088,256.7452,0.0804,259.5663,27.554,0.0263,169.2401,5523.877,0.1083,0.000271,-0.0137,-0.1071,-0.0004,TRANSLATE
-28.4322,23.0001,239.2837,0.063,242.0621,17.5042,0.0175,206.4695,2629.9395,0.0999,0.00061,-0.0137,-0.0988,-0.0004,TRANSLATE
-27.1177,22.3251,181.777,0.0544,185.1395,56.9226,0.0086,219.7694,1001.2347,0.0852,0.00065,-0.0105,-0.0843,-0.0005,TRANSLATE
-21.916,21.2945,115.6903,0.0486,119.6579,65.4816,0.0058,207.6877,2544.4692,0.0706,0.000442,-0.0052,-0.0702,-0.0008,TRANSLATE
-19.4141,20.3949,56.6929,0.0478,63.3004,56.3575,0.0007,173.9453,5457.1167,0.0588,0.000146,-0.0016,-0.0587,-0.0014,TRANSLATE
-19.8594,17.0066,17.5387,0.054,31.4837,31.8167,0.0062,128.3287,5969.1162,0.0535,2.9e-05,0.0003,-0.0534,-0.0017,TRANSLATE
-18.8875,17.5146,-5.8222,0.0457,26.4083,5.0754,0.0083,85.198,3599.3503,0.0501,1.2e-05,0.002,-0.0499,-0.0016,TRANSLATE
-16.1975,18.3867,-26.0077,0.0346,35.7328,9.3245,0.0111,55.3166,1198.1536,0.0461,4.1e-05,0.004,-0.0458,-0.0017,TRANSLATE
-16.5611,17.7375,-45.4687,0.0277,51.5392,15.8064,0.0069,41.6929,187.4409,0.042,9e-05,0.0046,-0.0416,-0.0016,TRANSLATE
-14.5333,16.9744,-72.625,0.028,75.9851,24.4458,0.0003,44.2298,322.8185,0.038,0.000106,0.0054,-0.0376,-0.0008,TRANSLATE
-14.1516,17.7576,-84.7156,0.0279,87.706,11.7209,0.0002,55.4743,541.9232,0.0328,4.9e-05,0.0048,-0.0324,-0.0002,TRANSLATE
-14.4525,17.578,-86.6194,0.0301,89.5588,1.8528,0.0022,68.1044,445.7883,0.0297,7e-06,0.0046,-0.0292,0.0001,TRANSLATE
-15.437,18.1624,-80.3299,0.0275,83.7918,5.767,0.0026,77.7162,193.0371,0.0282,1e-06,0.0041,-0.0279,0.0005,TRANSLATE
-15.5153,18.2799,-67.7608,0.0189,71.8777,11.9141,0.0086,81.7839,46.2621,0.0265,1.5e-05,0.0035,-0.0262,0.001,TRANSLATE
-12.6591,19.4177,-56.0461,0.0103,60.6504,11.2273,0.0085,78.7169,119.4557,0.0229,5.4e-05,0.003,-0.0227,0.001,TRANSLATE
-13.6335,18.9935,-46.7619,0.004,52.281,8.3694,0.0064,71.6319,192.8697,0.0182,9.8e-05,0.0024,-0.018,0.0004,TRANSLATE
-14.5943,19.3198,-37.9814,0.0023,45.0426,7.2384,0.0017,62.7287,190.7259,0.0126,8.9e-05,0.001,-0.0119,-0.0001,TRANSLATE
-15.6629,18.8621,-30.8007,0.0049,39.3674,5.6752,0.0026,53.8438,132.2039,0.0081,3.7e-05,0.0003,-0.0055,-0.0002,TRANSLATE
-14.9835,19.5678,-25.3093,0.0083,35.3266,4.0408,0.0034,46.5336,82.298,0.006,9e-06,-0.0003,-0.0001,-0.0004,TRANSLATE
-14.1649,19.3199,-26.9537,0.0082,36.0611,0.7346,0.0001,41.6157,40.1906,0.0055,6e-06,-0.0002,0.0036,-0.0006,TRANSLATE
-15.6569,17.0778,-27.363,0.0086,35.8542,0.207,0.0004,38.3304,13.2866,0.0065,6e-06,0.0001,0.006,-0.0007,TRANSLATE
-12.6005,16.8185,-23.8123,0.008,31.7594,4.0948,0.0006,35.6737,5.8537,0.0076,2e-06,0.0012,0.0074,-0.0008,TRANSLATE
-16.4711,13.5423,-13.7186,0.01,25.3552,6.4041,0.002,32.8713,16.5657,0.0086,1e-06,0.0015,0.0083,-0.0003,TRANSLATE
-14.4956,12.9401,-14.2967,0.0154,24.1239,1.2313,0.0053,30.6308,25.6434,0.0101,8e-06,0.0017,0.0097,0.0001,TRANSLATE
-17.7559,12.9958,-12.0436,0.022,25.0841,0.9601,0.0067,28.4354,21.079,0.0128,2.8e-05,-0.0002,0.0121,0.0012,TRANSLATE
-17.3734,14.9029,-10.2287,0.0214,25.0711,0.013,0.0006,26.2787,7.6838,0.0154,3.3e-05,-0.002,0.0143,0.0025,TRANSLATE
-17.9394,15.9973,-5.3204,0.0181,24.6179,0.4531,0.0034,24.8504,0.188,0.0174,1.9e-05,-0.0033,0.0163,0.0037,TRANSLATE
-16.2577,16.9885,-4.7813,0.0155,23.9955,0.6224,0.0026,24.5785,0.2093,0.0185,8e-06,-0.0039,0.0173,0.0039,TRANSLATE
-15.4187,18.7877,-4.8126,0.0144,24.7765,0.781,0.0011,24.709,0.1587,0.0183,9e-06,-0.0042,0.0172,0.0039,TRANSLATE
-16.61,18.952,-4.4344,0.0135,25.5878,0.8113,0.0009,24.8097,0.2749,0.0166,8e-06,-0.003,0.0158,0.0031,TRANSLATE
-16.3692,19.6991,-3.2569,0.0136,25.8189,0.2311,0.0,24.9593,0.4425,0.015,3e-06,-0.0018,0.0147,0.0023,TRANSLATE
-16.8079,19.7655,-2.568,0.0116,26.0725,0.2536,0.002,25.2502,0.5824,0.0137,2e-06,-0.0015,0.0135,0.0013,TRANSLATE
-18.6807,18.6155,-4.6419,0.0098,26.7779,0.7054,0.0018,25.8067,0.4247,0.0126,3e-06,-0.0021,0.0122,0.0006,TRANSLATE
-18.4008,19.2424,-2.3135,0.0071,26.7248,0.0531,0.0027,26.1964,0.2291,0.0111,6e-06,-0.0027,0.0105,-0.0002,TRANSLATE
-18.7394,18.7221,5.4429,0.0055,27.0427,0.3179,0.0016,26.4873,0.2136,0.0095,9e-06,-0.0031,0.0086,-0.0006,TRANSLATE
-19.0196,18.8683,8.2543,0.0077,28.0338,0.9911,0.0022,26.9303,0.4063,0.0083,5e-06,-0.0038,0.007,-0.0012,TRANSLATE
-19.3376,18.2228,4.2441,0.0104,26.9077,1.1261,0.0026,27.0973,0.2314,0.0081,3e-06,-0.0046,0.0064,-0.0016,TRANSLATE
-18.2044,19.4282,-3.3141,0.0104,26.8298,0.0778,0.0,27.1077,0.2251,0.0082,4e-06,-0.0051,0.0061,-0.0019,TRANSLATE
-16.6386,20.1082,-9.8107,0.0109,27.8824,1.0526,0.0005,27.3393,0.2622,0.009,4e-06,-0.0059,0.0064,-0.0021,TRANSLATE
-13.4296,20.9866,-11.8423,0.0073,27.5868,0.2957,0.0035,27.4481,0.245,0.0093,2e-06,-0.0063,0.0052,-0.0026,TRANSLATE
-19.1249,18.5861,-2.6957,0.0167,26.8043,0.7824,0.0094,27.2022,0.1989,0.0111,9e-06,-0.006,0.001,-0.0033,TRANSLATE
-23.1531,17.422,-4.1909,0.0204,29.2772,2.4729,0.0037,27.6761,0.818,0.0131,2.2e-05,-0.0051,-0.0048,-0.0029,TRANSLATE
-19.9756,18.6939,-7.509,0.0289,28.3702,0.907,0.0085,27.9842,0.6763,0.0168,5.7e-05,-0.0018,-0.0117,-0.0022,TRANSLATE
-17.2086,20.002,-15.5009,0.0422,30.6022,2.232,0.0133,28.5281,1.7491,0.0231,0.000139,0.0028,-0.021,-0.0016,TRANSLATE
-17.9044,20.2016,-20.9851,0.0611,34.1913,3.5891,0.0188,29.8491,6.2413,0.0338,0.000262,0.0076,-0.0322,-0.0014,TRANSLATE
-18.5235,20.3738,-29.7287,0.0803,40.5217,6.3304,0.0193,32.5925,19.6417,0.0466,0.000473,0.0112,-0.0449,-0.0005,TRANSLATE
-20.6594,20.4584,-37.6236,0.1055,47.5489,7.0272,0.0251,36.2469,48.8277,0.0636,0.00074,0.0134,-0.0618,-0.0005,TRANSLATE
-24.64,19.5542,-40.9083,0.1319,51.6041,4.0553,0.0264,40.8936,61.9959,0.0842,0.001007,0.0121,-0.0827,-0.001,TRANSLATE
-20.0433,21.584,-31.6235,0.1517,43.2163,8.3878,0.0198,43.4165,35.5275,0.1061,0.001087,0.0083,-0.1051,-0.0002,TRANSLATE
-15.7784,21.4328,-10.7019,0.1658,28.6854,14.5309,0.0141,42.3153,60.6949,0.127,0.000956,0.0026,-0.1266,0.0008,TRANSLATE
-19.0696,21.8525,33.0947,0.1575,44.005,15.3196,0.0083,43.0119,60.1372,0.1424,0.000467,-0.0034,-0.1421,0.002,TRANSLATE
-20.8932,22.6258,82.8383,0.113,88.3778,44.3727,0.0444,51.1777,400.952,0.144,0.000364,-0.0104,-0.1431,0.0031,TRANSLATE
-26.727,24.3662,122.0488,0.0448,127.2947,38.917,0.0683,66.3158,1330.5125,0.1265,0.001999,-0.0141,-0.1251,0.0042,TRANSLATE
-25.9379,23.793,128.7859,0.0403,133.5091,6.2144,0.0045,84.3744,1800.6696,0.1043,0.002864,-0.0154,-0.087,0.003,TRANSLATE
-26.1753,23.2813,98.1818,0.0927,104.2441,29.265,0.0524,99.4861,1031.0138,0.0897,0.001921,-0.0145,-0.0354,0.0022,TRANSLATE
-23.0246,24.4875,61.9423,0.1093,70.4743,33.7698,0.0166,104.78,555.6953,0.08,0.000985,-0.0137,0.0177,0.001,TRANSLATE
-11.8947,16.4931,43.2914,0.1224,47.8294,22.6449,0.0131,96.6703,1084.7961,0.0819,0.001123,-0.0117,0.064,-0.0016,TRANSLATE
-12.9439,18.132,19.655,0.144,29.7091,18.1203,0.0216,77.1532,1413.068,0.1017,0.001225,-0.0106,0.101,-0.0035,TRANSLATE
-14.1176,19.4275,6.1615,0.1555,24.7931,4.916,0.0115,55.41,853.4198,0.1248,0.000518,-0.0087,0.1243,-0.0031,TRANSLATE
-14.9847,21.0076,4.7729,0.1725,26.242,1.4489,0.017,39.8096,303.247,0.1407,0.000513,-0.0051,0.1402,-0.003,TRANSLATE
-18.2159,19.3905,4.9308,0.2018,27.0578,0.8158,0.0293,31.1263,72.3041,0.1593,0.000718,0.0031,0.1584,-0.0028,TRANSLATE
-20.3071,19.503,-13.6209,0.2148,31.2774,4.2196,0.013,27.8159,5.5511,0.1777,0.000723,0.0123,0.1767,-0.0007,TRANSLATE
-21.2363,20.193,-12.503,0.158,31.8601,0.5827,0.0568,28.2461,7.9203,0.1805,0.000566,0.018,0.1793,0.0005,TRANSLATE
-21.964,20.445,-4.2524,0.1199,30.3068,1.5533,0.0381,29.3488,5.169,0.1734,0.001124,0.0208,0.1721,0.0008,TRANSLATE
-19.8212,20.7404,12.1668,0.0851,31.1621,0.8553,0.0348,30.3328,2.9278,0.156,0.002377,0.0207,0.1545,0.001,TRANSLATE
-20.2726,21.0642,30.1803,0.0631,42.0182,10.8561,0.022,33.3249,19.1397,0.1282,0.002911,0.0163,0.1271,0.0008,TRANSLATE
-17.6462,21.4951,41.4755,0.0522,49.9364,7.9182,0.0109,37.0567,59.5634,0.0957,0.001507,0.0115,0.095,0.0002,TRANSLATE
-16.1513,21.8242,42.2179,0.0403,50.1948,0.2583,0.0119,40.7237,75.2375,0.0721,0.000789,0.0088,0.0716,-0.0002,TRANSLATE
-17.5898,22.0687,32.6837,0.0339,43.1817,7.0131,0.0065,43.2986,48.113,0.0549,0.000329,0.007,0.0545,-0.0006,TRANSLATE
-16.8094,22.9425,17.6188,0.0161,33.4565,9.7252,0.0178,43.7575,37.817,0.0411,0.000257,0.0059,0.0406,-0.0011,TRANSLATE
-16.2725,22.3571,15.8888,0.0104,31.8918,1.5646,0.0056,41.7322,61.2691,0.0306,0.000238,0.0055,0.0264,-0.0015,TRANSLATE
-15.9586,21.9732,11.9454,0.0123,29.668,2.2238,0.0018,37.6786,60.484,0.0226,0.000148,0.0047,0.0138,-0.0018,TRANSLATE
-17.295,21.6348,8.2157,0.0139,28.8908,0.7772,0.0017,33.4178,26.4434,0.0173,7.2e-05,0.0043,0.003,-0.0021,TRANSLATE
-17.061,21.9922,6.4663,0.014,28.5753,0.3155,0.0001,30.4965,3.5328,0.0133,4e-06,0.0034,-0.0065,-0.0021,TRANSLATE
-16.9613,21.5719,5.7981,0.0168,28.0473,0.528,0.0028,29.4147,1.8098,0.0135,4e-06,0.0022,-0.0128,-0.0019,TRANSLATE
-17.4284,21.5388,6.3478,0.0171,28.4247,0.3774,0.0003,28.7212,0.2977,0.0148,3e-06,0.0008,-0.0145,-0.0016,TRANSLATE
-17.4865,21.0435,6.8126,0.0184,28.1961,0.2286,0.0013,28.4269,0.0869,0.016,3e-06,-0.0001,-0.0159,-0.0012,TRANSLATE
-17.6861,21.1317,11.8032,0.0192,29.9777,1.7816,0.0009,28.6442,0.4776,0.0171,3e-06,-0.0007,-0.0171,-0.0008,TRANSLATE
-16.302,20.9085,15.5082,0.0187,30.7152,0.7375,0.0005,29.0722,1.1513,0.018,1e-06,-0.0008,-0.018,-0.0007,TRANSLATE
-15.9635,21.0737,12.2222,0.0178,29.1258,1.5894,0.0009,29.2879,0.8953,0.0183,1e-06,-0.0007,-0.0182,-0.0006,TRANSLATE
-16.5551,20.7808,8.059,0.016,27.7644,1.3614,0.0018,29.1558,1.193,0.018,1e-06,-0.0009,-0.018,-0.0005,TRANSLATE
-16.6785,20.2621,3.9785,0.0158,26.5434,1.221,0.0002,28.8253,2.2645,0.0175,2e-06,-0.0012,-0.0174,-0.0005,TRANSLATE
-17.3428,19.6285,-0.3266,0.0147,26.1946,0.3489,0.001,28.0687,2.8106,0.0166,2e-06,-0.0015,-0.0165,-0.0005,TRANSLATE
-19.7711,20.2121,-3.9425,0.0104,28.5477,2.3531,0.0044,27.6352,1.2677,0.0149,6e-06,-0.0016,-0.0148,-0.0006,TRANSLATE
-18.8981,20.3541,-3.9134,0.0117,28.0489,0.4988,0.0013,27.4198,0.8112,0.0137,5e-06,-0.0016,-0.0136,-0.0006,TRANSLATE
-18.7216,20.7177,-4.1651,0.0116,28.2324,0.1835,0.0001,27.5134,0.9107,0.0128,4e-06,-0.0014,-0.0127,-0.0006,TRANSLATE
-18.7679,21.0366,-3.5321,0.0115,28.4122,0.1797,0.0001,27.8872,0.7444,0.012,2e-06,-0.0012,-0.0119,-0.0006,TRANSLATE
-21.7675,20.1949,-3.7632,0.01,29.9302,1.5181,0.0016,28.6343,0.4481,0.011,1e-06,-0.001,-0.011,-0.0006,TRANSLATE
-21.4359,20.2372,-3.4199,0.0107,29.6772,0.2531,0.0007,28.8602,0.6131,0.0111,0.0,-0.0009,-0.0111,-0.0003,TRANSLATE
-20.6674,20.8991,-3.6266,0.0106,29.6153,0.0619,0.0,29.1735,0.4974,0.0109,0.0,-0.0009,-0.0108,-0.0002,TRANSLATE
-19.8871,20.8662,-5.52,0.0096,29.349,0.2663,0.001,29.3968,0.2765,0.0105,0.0,-0.0006,-0.0104,-0.0002,TRANSLATE
-19.6065,20.7242,-5.8847,0.0102,29.1297,0.2193,0.0005,29.5403,0.0763,0.0102,0.0,-0.0004,-0.0102,-0.0002,TRANSLATE
-19.504,20.7262,-5.7953,0.0103,29.0442,0.0855,0.0001,29.3631,0.0637,0.0103,0.0,-0.0004,-0.0103,-0.0001,TRANSLATE
-19.6782,20.6591,-3.9331,0.01,28.801,0.2432,0.0003,29.1879,0.0765,0.0101,0.0,-0.0006,-0.0101,-0.0001,TRANSLATE
-19.0175,21.171,-3.9215,0.0082,28.7273,0.0737,0.0018,29.0102,0.0508,0.0096,1e-06,-0.001,-0.0095,-0.0002,TRANSLATE
-18.3734,21.0337,-9.9997,0.0065,29.6647,0.9374,0.0017,29.0734,0.1095,0.009,2e-06,-0.0016,-0.0088,-0.0002,TRANSLATE
-19.4331,20.1957,-14.206,0.0075,31.4217,1.757,0.001,29.5318,1.0017,0.0085,2e-06,-0.0023,-0.008,-0.0001,TRANSLATE
-14.2621,21.9628,-15.8586,0.0108,30.6148,0.8069,0.0034,29.8459,1.09,0.0086,3e-06,-0.0038,-0.0073,0.0003,TRANSLATE
-11.6753,20.9078,-14.8181,0.0119,28.1607,2.4541,0.0011,29.7178,1.4233,0.009,4e-06,-0.0056,-0.006,0.0012,TRANSLATE
-15.6684,19.5887,-19.3607,0.0158,31.6868,3.5261,0.0038,30.3097,1.6521,0.0105,1.1e-05,-0.0081,-0.004,0.0017,TRANSLATE
-17.0566,18.896,-25.2605,0.0212,35.8619,4.1751,0.0054,31.5492,6.1979,0.0134,2.2e-05,-0.0116,-0.0013,0.002,TRANSLATE
-17.4109,18.9168,-36.7146,0.0275,44.8213,8.9594,0.0063,34.2291,34.2425,0.0174,3.8e-05,-0.0161,0.0014,0.0022,TRANSLATE
-23.535,16.4084,-46.3873,0.0384,54.5428,9.7215,0.0109,39.0147,91.2571,0.023,8.7e-05,-0.0218,0.0047,0.0025,TRANSLATE
-18.9873,18.6236,-49.3724,0.043,56.0802,1.5374,0.0046,44.5986,94.7616,0.0292,0.000105,-0.0282,0.0059,0.0032,TRANSLATE
-12.8649,21.2301,-43.126,0.0479,49.7602,6.32,0.0049,48.2133,53.6813,0.0356,9.7e-05,-0.0342,0.0038,0.005,TRANSLATE
-14.6888,20.7404,-25.0852,0.0562,35.7098,14.0504,0.0083,48.1828,54.4364,0.0426,9.2e-05,-0.0408,-0.0007,0.0074,TRANSLATE
-18.3698,19.8079,3.3287,0.0592,27.2192,8.4906,0.003,44.6624,127.6782,0.0489,6.1e-05,-0.0471,-0.0049,0.0072,TRANSLATE
-19.0552,19.7151,21.5349,0.0651,34.8645,7.6454,0.0059,40.7268,111.8644,0.0543,6.3e-05,-0.0527,-0.0074,0.0059,TRANSLATE
-12.3817,23.7439,29.5873,0.0699,39.906,5.0414,0.0048,37.4919,54.3894,0.0597,5.7e-05,-0.0582,-0.0071,0.0044,TRANSLATE
-8.6084,25.0952,30.0229,0.075,40.0656,0.1596,0.0051,35.553,21.8526,0.0651,4.7e-05,-0.064,-0.0041,0.0023,TRANSLATE
-4.743,27.5105,29.409,0.0828,40.5489,0.4833,0.0078,36.5208,25.9028,0.0704,6.6e-05,-0.0699,0.0005,0.0014,TRANSLATE
-3.335,28.349,35.2053,0.0881,45.3233,4.7744,0.0053,40.1416,10.985,0.0762,7e-05,-0.0759,0.0044,0.0025,TRANSLATE
-15.5649,25.3792,50.1799,0.0926,58.3472,13.0238,0.0045,44.8382,49.6461,0.0817,6.9e-05,-0.0812,0.0076,0.0047,TRANSLATE
-23.4613,21.8909,69.5751,0.0953,76.6182,18.271,0.0026,52.1806,192.863,0.0868,5.2e-05,-0.0854,0.0111,0.0084,TRANSLATE
-13.9315,24.9221,72.282,0.0932,77.7167,1.0985,0.0021,59.7108,237.222,0.0904,2e-05,-0.0879,0.0153,0.0109,TRANSLATE
-14.5015,22.9908,63.6787,0.0822,69.2376,8.4791,0.011,65.4486,149.016,0.0903,2.2e-05,-0.0871,0.0189,0.01,TRANSLATE
-14.2512,24.8614,47.3461,0.0711,55.3429,13.8947,0.0111,67.4525,84.4199,0.0869,8.3e-05,-0.0832,0.0212,0.0107,TRANSLATE
-12.1884,24.9047,31.8113,0.057,42.1991,13.1439,0.014,64.2229,184.9554,0.0797,0.000204,-0.0761,0.0175,0.0109,TRANSLATE
-17.5133,22.6488,41.3709,0.0525,50.3114,8.1123,0.0045,58.9615,165.251,0.0712,0.00023,-0.0659,0.0065,0.0082,TRANSLATE
-20.5731,25.769,77.1936,0.0549,83.9413,33.63,0.0023,60.2065,218.1479,0.0635,0.000129,-0.0527,-0.0093,0.0059,TRANSLATE
-22.6241,24.3371,113.6361,0.0457,118.3947,34.4534,0.0092,70.0379,782.3539,0.0562,6.9e-05,-0.0362,-0.0235,0.0056,TRANSLATE
-22.2743,26.6759,109.1995,0.0412,114.5962,3.7986,0.0045,81.8885,995.816,0.0503,3.5e-05,-0.0156,-0.0314,0.0031,TRANSLATE
-18.6851,26.5939,80.6971,0.0597,86.9965,27.5997,0.0186,90.848,605.7111,0.0508,4.4e-05,0.0073,-0.0328,0.0006,TRANSLATE
-22.0605,26.9376,43.9858,0.0811,56.0986,30.8979,0.0214,92.0055,517.2313,0.0565,0.000194,0.0314,-0.0277,-0.0013,TRANSLATE
-22.9516,23.8751,20.6012,0.0979,39.0026,17.096,0.0168,83.0177,985.3068,0.0651,0.000463,0.0549,-0.0212,-0.003,TRANSLATE
-24.3206,24.1282,8.4903,0.114,35.2951,3.7074,0.0161,66.3978,914.2674,0.0788,0.000678,0.0758,-0.0185,-0.0045,TRANSLATE
-32.6346,20.3994,9.5797,0.1288,39.6601,4.365,0.0147,51.4106,368.0147,0.0963,0.000588,0.0927,-0.0237,-0.0056,TRANSLATE
-29.6827,21.4977,44.7013,0.1402,57.805,18.1449,0.0115,45.5723,88.8354,0.1124,0.000446,0.1076,-0.0302,-0.0061,TRANSLATE
-29.8212,20.8106,69.8235,0.1419,78.7255,20.9205,0.0017,50.0977,266.0231,0.1246,0.000277,0.1195,-0.0325,-0.0062,TRANSLATE
-30.0038,21.5235,61.4963,0.1439,71.7307,6.9949,0.002,56.6433,292.155,0.1337,0.000125,0.1291,-0.0285,-0.0058,TRANSLATE
-26.0405,22.1688,30.7971,0.1402,46.022,25.7087,0.0037,58.7887,218.966,0.139,2.8e-05,0.1352,-0.0222,-0.0055,TRANSLATE
-26.5262,22.5444,13.6814,0.1358,37.4041,8.6179,0.0043,58.3375,237.0418,0.1404,7e-06,0.1383,-0.0164,-0.0045,TRANSLATE
-26.6147,21.9668,18.2795,0.134,39.0515,1.6474,0.0018,54.5868,297.3069,0.1392,1.4e-05,0.1381,-0.0126,-0.0037,TRANSLATE
-27.0324,21.2609,26.2673,0.1305,43.2753,4.2238,0.0035,47.4967,156.0921,0.1369,2.2e-05,0.1359,-0.0116,-0.003,TRANSLATE
-27.5103,20.4681,32.0076,0.1268,46.9068,3.6315,0.0037,42.532,14.056,0.1335,2.1e-05,0.1325,-0.0117,-0.0025,TRANSLATE
-25.8739,20.987,27.9717,0.1094,43.5009,3.4059,0.0174,42.0277,11.5534,0.1273,9e-05,0.1263,-0.0099,-0.002,TRANSLATE
-22.3616,21.8021,19.7055,0.0873,36.928,6.5729,0.0222,41.9325,12.4703,0.1176,0.000302,0.1168,-0.005,-0.0015,TRANSLATE
-23.5705,20.4042,14.805,0.0634,34.5122,2.4159,0.0238,41.0246,20.9984,0.1035,0.000636,0.1031,-0.0012,-0.001,TRANSLATE
-22.3783,20.6046,12.769,0.0428,32.9907,1.5215,0.0207,38.9677,28.6632,0.0859,0.000919,0.0857,0.0006,-0.0009,TRANSLATE
-21.6745,20.1743,8.9558,0.0311,30.9353,2.0554,0.0116,35.7734,18.7577,0.0668,0.000819,0.0665,-0.0003,-0.0009,TRANSLATE
-21.5459,20.4019,-0.2634,0.0165,29.6738,1.2615,0.0146,33.008,6.6085,0.0482,0.000616,0.048,-0.002,-0.0008,TRANSLATE
-21.0554,20.5309,-3.3201,0.0057,29.5952,0.0786,0.0108,31.5414,3.7138,0.0319,0.000407,0.0316,-0.0032,-0.001,TRANSLATE
-20.9881,20.6747,-5.9811,0.0074,30.0619,0.4668,0.0018,30.6514,1.5943,0.0207,0.000203,0.0176,-0.0016,-0.0015,TRANSLATE
-20.6592,20.0742,-7.0099,0.0139,29.6465,0.4154,0.0065,29.9825,0.2545,0.0149,8.2e-05,0.0064,-0.0001,-0.0019,TRANSLATE
-20.2649,20.3093,-6.7798,0.0183,29.4805,0.166,0.0044,29.6916,0.0387,0.0124,2.5e-05,-0.0034,0.0008,-0.0021,TRANSLATE
-20.4119,20.0225,-6.4551,0.0219,29.3123,0.1682,0.0036,29.6193,0.0621,0.0134,3.8e-05,-0.0109,0.0013,-0.0028,TRANSLATE
-20.0327,20.1305,-7.2766,0.0237,29.3171,0.0047,0.0018,29.5637,0.0772,0.0171,3.4e-05,-0.0166,0.0019,-0.0034,TRANSLATE
-20.4886,20.2263,-6.2712,0.0249,29.4655,0.1484,0.0012,29.4444,0.0152,0.0205,1.6e-05,-0.02,0.0023,-0.0038,TRANSLATE
-20.8284,20.3154,-3.3201,0.0272,29.2841,0.1813,0.0023,29.3719,0.007,0.0232,9e-06,-0.0226,0.0028,-0.0041,TRANSLATE
-20.5815,20.6304,4.4783,0.0287,29.4833,0.1992,0.0015,29.3725,0.0071,0.0253,6e-06,-0.0245,0.0039,-0.0041,TRANSLATE
-20.1902,20.3043,9.0982,0.0298,30.0448,0.5614,0.0011,29.519,0.0753,0.0269,5e-06,-0.0258,0.0056,-0.0035,TRANSLATE
-19.4834,20.9591,7.013,0.0263,29.463,0.5818,0.0035,29.5481,0.0669,0.0274,3e-06,-0.0261,0.0069,-0.0031,TRANSLATE
-18.9711,21.2579,0.976,0.0215,28.5088,0.9542,0.0048,29.3568,0.245,0.0267,8e-06,-0.0255,0.0066,-0.0027,TRANSLATE
-18.7706,21.4407,-0.4723,0.0207,28.5002,0.0086,0.0008,29.2,0.3661,0.0254,1.4e-05,-0.0243,0.0054,-0.0023,TRANSLATE
-18.8915,21.4026,-3.6404,0.0197,28.7786,0.2784,0.001,29.0591,0.3657,0.0236,1.5e-05,-0.0227,0.0039,-0.002,TRANSLATE
-18.8476,21.2127,-5.5779,0.0203,28.9192,0.1406,0.0006,28.834,0.1246,0.0217,6e-06,-0.0213,0.0017,-0.0018,TRANSLATE
-18.7781,20.9826,-4.128,0.0209,28.4592,0.46,0.0005,28.6332,0.0333,0.0206,0.0,-0.0205,0.0,-0.0016,TRANSLATE
-18.6131,20.6236,-3.9774,0.0209,28.0642,0.395,0.0,28.5443,0.087,0.0205,0.0,-0.0204,0.0001,-0.0015,TRANSLATE
-18.7405,21.0114,-3.4475,0.0189,28.3649,0.3007,0.002,28.5172,0.0923,0.0201,1e-06,-0.0201,0.0006,-0.0014,TRANSLATE
-18.3986,20.6091,-0.883,0.0159,27.641,0.7239,0.003,28.2897,0.1805,0.0194,4e-06,-0.0193,0.0005,-0.0013,TRANSLATE
-18.5595,20.7935,0.1186,0.0139,27.8719,0.2309,0.002,28.0802,0.0923,0.0181,8e-06,-0.018,0.0003,-0.0011,TRANSLATE
-18.5226,21.1692,4.0511,0.0124,28.4189,0.547,0.0014,28.0722,0.0864,0.0164,1e-05,-0.0163,-0.0003,-0.0008,TRANSLATE
-21.1462,20.9791,6.8784,0.0104,30.5712,2.1523,0.002,28.5736,1.084,0.0143,8e-06,-0.0142,-0.0004,-0.0007,TRANSLATE
-18.5201,21.4864,7.0183,0.0039,29.2219,1.3493,0.0065,28.745,1.13,0.0113,1.7e-05,-0.0112,-0.0004,-0.0004,TRANSLATE
-19.8255,21.2266,4.1209,0.0033,29.336,0.1141,0.0006,29.084,0.8412,0.0088,1.9e-05,-0.0081,0.0004,-0.0,TRANSLATE
-20.6354,21.1969,2.5092,0.0101,29.6888,0.3528,0.0068,29.4474,0.4885,0.008,1.4e-05,-0.0034,0.0011,0.0002,TRANSLATE
-19.8739,20.8419,-2.9426,0.0162,28.9485,0.7403,0.0062,29.5533,0.3155,0.0088,2.3e-05,0.0022,0.0022,0.0004,TRANSLATE
-18.646,20.736,-8.1072,0.0276,29.0411,0.0925,0.0114,29.2472,0.067,0.0122,8.1e-05,0.0096,0.0036,0.0006,TRANSLATE
-17.8199,20.4857,-14.6014,0.0395,30.8288,1.7877,0.012,29.5686,0.4639,0.0193,0.000166,0.0181,0.0051,0.0005,TRANSLATE
-16.7528,20.2604,-26.753,0.0505,37.5082,6.6794,0.011,31.2031,10.389,0.0288,0.00022,0.0282,0.0057,0.0002,TRANSLATE
-15.1398,20.6584,-38.7243,0.056,46.4279,8.9197,0.0055,34.5509,45.0815,0.038,0.000214,0.0374,0.0043,-0.0,TRANSLATE
-12.8993,20.2267,-42.82,0.0657,49.0822,2.6544,0.0097,38.5776,64.8215,0.0479,0.000175,0.0471,0.0009,-0.0002,TRANSLATE
-11.5538,18.1063,-41.5342,0.0749,46.7591,2.3231,0.0092,42.1213,47.4625,0.0573,0.000148,0.0563,-0.0043,-0.0,TRANSLATE
-9.8056,17.4413,-38.693,0.0817,43.5602,3.1989,0.0068,44.6675,15.8891,0.0658,0.000132,0.0644,-0.0102,-0.0001,TRANSLATE
-12.2132,17.6249,-33.5044,0.0874,39.7787,3.7816,0.0057,45.1216,10.2119,0.0731,0.000125,0.0712,-0.0162,-0.0001,TRANSLATE
-11.6549,17.975,-29.7754,0.0882,36.6812,3.0975,0.0008,43.1723,20.3189,0.0796,7.1e-05,0.0768,-0.0206,0.0001,TRANSLATE
-14.8771,17.7331,-24.7484,0.0821,33.8862,2.795,0.0061,40.1331,21.343,0.0828,2.3e-05,0.0793,-0.0237,0.0006,TRANSLATE
-16.3548,18.1615,-14.83,0.0737,28.5875,5.2987,0.0083,36.4988,26.0137,0.0826,2.7e-05,0.0781,-0.0262,0.0009,TRANSLATE
-18.837,17.2104,-2.2359,0.0653,25.6131,2.9745,0.0084,32.9093,26.8565,0.0793,7.6e-05,0.0738,-0.0283,0.0006,TRANSLATE
-18.6071,16.4152,10.9707,0.0536,27.13,1.517,0.0117,30.3796,17.6995,0.0726,0.00015,0.0662,-0.029,0.0002,TRANSLATE
-17.0231,16.7822,22.989,0.0432,33.1651,6.0351,0.0104,29.6764,10.8148,0.0636,0.000193,0.057,-0.0277,-0.0003,TRANSLATE
-18.1748,17.5976,38.1881,0.0305,45.8075,12.6424,0.0127,32.0606,53.6284,0.0533,0.000237,0.0478,-0.0224,-0.0013,TRANSLATE
-17.4117,17.5468,38.2599,0.0329,45.5508,0.2567,0.0024,35.4533,76.1026,0.0451,0.000169,0.0392,-0.0116,-0.0021,TRANSLATE
-17.9544,17.1906,11.9829,0.0487,27.5947,17.9561,0.0159,35.8496,68.9311,0.0418,7.9e-05,0.0304,0.004,-0.0018,TRANSLATE
-18.6947,16.9994,-32.3012,0.061,41.0102,13.4156,0.0123,38.6257,51.3447,0.0433,0.000123,0.0199,0.0216,-0.0015,TRANSLATE
-25.5683,21.637,-84.3847,0.0698,90.7892,49.779,0.0087,50.1505,456.7661,0.0486,0.000235,0.0055,0.0377,-0.0009,TRANSLATE
-23.9484,21.2377,-131.4203,0.078,135.2621,44.473,0.0082,68.0414,1581.7081,0.0581,0.000253,-0.0133,0.0472,-0.0002,TRANSLATE
-23.0775,18.9652,-148.955,0.0915,151.9205,16.6583,0.0136,89.3153,2435.1018,0.0698,0.000212,-0.0362,0.045,0.0006,TRANSLATE
-20.8307,18.4065,-124.5608,0.111,127.6249,24.2955,0.0194,109.3214,1566.4965,0.0823,0.000307,-0.0611,0.0339,0.0013,TRANSLATE
-14.7646,17.719,-88.0956,0.1191,91.0647,36.5602,0.0081,119.3323,599.6566,0.0939,0.000353,-0.0836,0.0217,0.0011,TRANSLATE
-12.4398,17.2314,-74.0171,0.1242,77.0078,14.0569,0.0052,116.576,787.3905,0.1048,0.000303,-0.101,0.015,0.0006,TRANSLATE
-11.3987,16.5726,-84.9793,0.1308,87.3273,10.3195,0.0066,106.989,796.7432,0.1153,0.000184,-0.1125,0.016,0.0005,TRANSLATE
-12.3877,16.4269,-116.9365,0.1482,118.7327,31.4054,0.0174,100.3515,376.5023,0.1267,0.000158,-0.1218,0.0248,0.0003,TRANSLATE
-12.5977,16.4477,-143.2242,0.1554,144.7149,25.9822,0.0072,103.7695,609.6747,0.1355,0.000195,-0.1301,0.0329,-0.0001,TRANSLATE
-14.1031,17.5832,-145.3669,0.1708,147.104,2.3891,0.0154,114.9773,827.3529,0.1459,0.000283,-0.1404,0.0311,0.0003,TRANSLATE
-15.57,17.5666,-114.9716,0.1862,117.3435,29.7606,0.0154,123.0445,475.0561,0.1583,0.00036,-0.1523,0.0166,0.0007,TRANSLATE
-17.6373,17.6532,-71.9117,0.1831,76.1183,41.2251,0.0031,120.8027,655.3,0.1688,0.000223,-0.1637,-0.0024,0.0008,TRANSLATE
-19.0942,18.3382,-40.4669,0.1532,48.3575,27.7609,0.03,106.7276,1505.9984,0.1697,0.000186,-0.1666,-0.0173,0.0007,TRANSLATE
-19.2503,18.9924,-33.0829,0.1178,42.729,5.6285,0.0353,86.3305,1620.5125,0.1622,0.000628,-0.1597,-0.0233,0.0008,TRANSLATE
-18.9972,19.1627,-19.66,0.0894,33.3859,9.3431,0.0285,63.5868,925.1788,0.1459,0.00141,-0.1435,-0.0216,0.0006,TRANSLATE
-18.2227,19.3052,-5.3187,0.0628,27.0748,6.3111,0.0266,45.5331,287.9119,0.1213,0.001859,-0.1199,-0.0125,0.0005,TRANSLATE
-18.7813,19.7754,2.3857,0.0444,27.3769,0.3021,0.0184,35.7848,71.7209,0.0935,0.001504,-0.0933,-0.003,0.0003,TRANSLATE
-18.0594,19.6141,4.6054,0.0265,27.0567,0.3202,0.0179,31.5247,37.1937,0.0682,0.001049,-0.0681,0.0014,-0.0001,TRANSLATE
-18.4413,19.7975,9.8906,0.0097,28.807,1.7504,0.0168,28.7403,5.8107,0.0466,0.000772,-0.0464,0.0006,-0.0003,TRANSLATE
-19.0843,19.6661,13.4437,0.0069,30.5238,1.7167,0.0028,28.1678,1.8028,0.0301,0.000448,-0.0273,0.0001,-0.0005,TRANSLATE
-19.2112,19.3985,11.4987,0.0158,29.6242,0.8996,0.0089,28.6777,1.7281,0.0207,0.000186,-0.0116,-0.0004,-0.0007,TRANSLATE
-18.5283,19.3407,9.5459,0.0197,28.4339,1.1903,0.0039,28.8891,1.3568,0.0157,4.9e-05,0.0012,-0.0012,-0.0009,TRANSLATE
-19.1383,19.2726,7.3054,0.0218,28.126,0.3078,0.0021,29.103,0.756,0.0148,3.2e-05,0.0108,-0.0021,-0.0008,TRANSLATE
-18.8606,20.1024,5.6912,0.0236,28.1464,0.0204,0.0018,28.9709,0.904,0.0176,3.5e-05,0.0173,-0.0018,-0.0009,TRANSLATE
-18.6979,20.3288,3.6936,0.0245,27.866,0.2804,0.0009,28.4393,0.3833,0.0211,1e-05,0.021,-0.0014,-0.0008,TRANSLATE
-18.9114,20.2912,2.7955,0.025,27.8781,0.0121,0.0005,28.0901,0.0436,0.0229,4e-06,0.0229,-0.0012,-0.0008,TRANSLATE
-19.0916,20.4329,1.8177,0.0251,28.0232,0.1451,0.0001,28.008,0.0141,0.024,1e-06,0.024,-0.001,-0.0008,TRANSLATE
-18.4702,20.5901,1.251,0.0246,27.6887,0.3345,0.0004,27.9205,0.024,0.0246,0.0,0.0245,-0.0005,-0.0008,TRANSLATE
-18.9793,20.7252,1.5258,0.0244,28.1438,0.4551,0.0002,27.92,0.0238,0.0247,0.0,0.0247,-0.0,-0.0008,TRANSLATE
-18.8022,21.0989,0.3144,0.0237,28.2628,0.1189,0.0008,27.9993,0.0404,0.0246,0.0,0.0245,0.0005,-0.0008,TRANSLATE
-18.4667,21.0666,-0.2829,0.0237,28.0161,0.2467,0.0,28.0269,0.0368,0.0243,0.0,0.0243,0.0008,-0.0008,TRANSLATE
-17.7953,20.8283,-1.2357,0.0232,27.4229,0.5932,0.0005,27.9069,0.0953,0.0239,0.0,0.0239,0.001,-0.0008,TRANSLATE
-18.2018,20.8533,-3.3698,0.0217,27.8841,0.4611,0.0015,27.9459,0.0844,0.0233,1e-06,0.0233,0.0008,-0.0008,TRANSLATE
-19.1521,20.6295,-4.4115,0.0207,28.4928,0.6087,0.001,28.0157,0.1315,0.0226,1e-06,0.0226,0.0005,-0.0007,TRANSLATE
-19.1154,20.3723,-4.1823,0.0198,28.2475,0.2453,0.0009,28.0127,0.13,0.0218,2e-06,0.0218,0.0002,-0.0006,TRANSLATE
-18.633,20.7854,-1.0708,0.0187,27.935,0.3125,0.0011,27.9965,0.1309,0.0208,2e-06,0.0208,0.0003,-0.0005,TRANSLATE
-18.8095,21.1033,1.2371,0.018,28.2962,0.3612,0.0008,28.1711,0.0526,0.0198,2e-06,0.0198,0.0004,-0.0005,TRANSLATE
-18.8101,21.367,4.024,0.0176,28.75,0.4538,0.0003,28.3443,0.0732,0.019,1e-06,0.019,0.0005,-0.0004,TRANSLATE
-19.4356,21.1811,7.6255,0.017,29.741,0.991,0.0006,28.594,0.3966,0.0182,1e-06,0.0182,0.0004,-0.0003,TRANSLATE
-19.886,21.4699,9.8754,0.0165,30.8858,1.1447,0.0005,29.1216,1.1447,0.0176,1e-06,0.0176,0.0005,-0.0002,TRANSLATE
-19.7088,21.2978,15.6972,0.0158,32.9914,2.1056,0.0007,30.1329,2.8354,0.017,1e-06,0.0169,-0.0002,-0.0001,TRANSLATE
-20.2201,20.9007,26.3202,0.014,39.2231,6.2317,0.0018,32.3183,13.9113,0.0162,2e-06,0.0158,0.001,-0.0002,TRANSLATE
-17.8011,21.3925,25.3718,0.0287,37.6596,1.5635,0.0147,34.1002,13.8955,0.0184,2.8e-05,0.0152,0.0058,-0.0001,TRANSLATE
-18.9065,21.5046,11.9693,0.0356,31.035,6.6247,0.0069,34.359,11.9072,0.0221,7.2e-05,0.0147,0.0123,-0.0003,TRANSLATE
-19.6846,21.038,5.7255,0.031,29.3745,1.6604,0.0046,34.0567,14.3722,0.025,7.3e-05,0.0144,0.0177,-0.0003,TRANSLATE
-14.957,22.1273,-0.104,0.0337,26.7085,2.6661,0.0027,32.8001,23.3656,0.0286,5.9e-05,0.0138,0.0245,-0.0007,TRANSLATE
-19.2781,20.78,-5.3394,0.038,28.8438,2.1353,0.0043,30.7243,13.936,0.0334,1.1e-05,0.0141,0.0302,-0.0004,TRANSLATE
-21.0913,21.8334,-12.8341,0.0411,32.9583,4.1145,0.0031,29.784,4.4303,0.0359,1.2e-05,0.0134,0.0331,-0.0002,TRANSLATE
-17.823,22.3604,-16.7704,0.047,33.1496,0.1913,0.006,30.2069,6.2039,0.0381,3.2e-05,0.013,0.0357,0.0009,TRANSLATE
-19.949,21.5602,-18.2475,0.0517,34.5801,1.4305,0.0047,31.248,8.8063,0.0423,4.1e-05,0.0129,0.0402,0.0008,TRANSLATE
-16.9092,22.1857,-19.7355,0.047,34.1704,0.4096,0.0048,32.7404,4.1656,0.0449,2.4e-05,0.0133,0.0429,0.0012,TRANSLATE
-15.6149,21.9298,-20.9041,0.0335,34.084,0.0864,0.0135,33.7885,0.3914,0.044,4e-05,0.0122,0.0423,0.0007,TRANSLATE
-18.1169,21.2657,-10.2295,0.0247,29.7506,4.3335,0.0088,33.1469,3.103,0.0408,0.000102,0.0111,0.0392,0.0,TRANSLATE
-21.2341,20.9157,0.4883,0.0365,29.8093,0.0587,0.0118,32.4789,4.8846,0.0387,9.3e-05,0.011,0.037,-0.001,TRANSLATE
-20.6342,20.7076,1.1687,0.0538,29.2564,0.5529,0.0174,31.4141,4.9448,0.0391,0.000105,0.0133,0.0365,-0.0012,TRANSLATE
-17.948,20.4442,-19.0588,0.0669,33.2164,3.96,0.0131,31.2233,4.0386,0.0431,0.000232,0.0178,0.0387,-0.0012,TRANSLATE
-16.6053,20.546,-44.3126,0.0676,51.5895,18.3731,0.0007,34.7244,73.1006,0.0499,0.000287,0.0247,0.0427,-0.001,TRANSLATE
-14.7873,19.9086,-80.4532,0.0562,84.1887,32.5992,0.0114,45.6121,438.955,0.0562,0.000128,0.0307,0.0466,-0.0006,TRANSLATE
-10.158,19.455,-104.872,0.0246,107.1439,22.9552,0.0317,61.079,907.0162,0.0538,0.000245,0.0317,0.0433,-0.0004,TRANSLATE
-9.2889,19.2203,-95.7788,0.0048,98.1289,9.015,0.0197,74.8535,789.2837,0.044,0.000629,0.0275,0.0337,0.0,TRANSLATE
-11.4405,19.8825,-75.5981,0.0049,79.0017,19.1273,0.0001,84.0105,362.1443,0.0316,0.000676,0.0205,0.0218,0.0003,TRANSLATE
-12.2805,19.7872,-32.9816,0.0157,40.3749,38.6268,0.0107,81.7676,527.7038,0.0212,0.000361,0.0139,0.0087,0.0002,TRANSLATE
-13.5807,20.186,-16.1259,0.0139,29.1883,11.1866,0.0018,70.7675,958.447,0.0128,5.5e-05,0.0091,0.0014,0.0004,TRANSLATE
-12.1927,19.8082,-29.9945,0.0058,37.9565,8.7682,0.0081,56.93,717.6361,0.009,2.3e-05,0.0066,-0.0028,0.0007,TRANSLATE
-12.1791,20.0997,-26.4987,0.0366,35.419,2.5374,0.0308,44.3881,313.41,0.0154,0.000131,0.0025,-0.0093,0.0008,TRANSLATE
-13.4308,21.3579,-3.3708,0.0638,25.454,9.965,0.0272,33.6785,30.7952,0.0272,0.00044,-0.0046,-0.0193,0.0009,TRANSLATE
-17.4071,21.7644,15.544,0.0443,31.911,6.457,0.0196,31.9858,19.5864,0.0329,0.000439,-0.011,-0.0244,0.0017,TRANSLATE
-17.5351,22.2709,6.7102,0.0158,29.129,2.782,0.0285,31.9739,19.6532,0.0333,0.000425,-0.0147,-0.0287,0.0019,TRANSLATE
-28.6093,22.1324,-9.3631,0.0439,37.3631,8.2341,0.0281,31.8552,18.2897,0.0409,0.000239,-0.0167,-0.0367,0.0017,TRANSLATE
-25.6812,21.834,-29.5999,0.0415,44.8598,7.4967,0.0024,33.7434,46.008,0.0419,0.000234,-0.0132,-0.0383,0.001,TRANSLATE
-21.0325,20.9641,-25.658,0.0525,39.2453,5.6145,0.011,36.5016,30.7115,0.0396,0.000155,-0.0047,-0.0378,-0.0,TRANSLATE
-20.6822,19.5088,-21.9983,0.0473,35.9482,3.2971,0.0052,37.3091,25.9061,0.0402,0.000162,0.0003,-0.0396,-0.0014,TRANSLATE
-18.9739,17.2539,-28.4518,0.0496,38.3042,2.356,0.0022,39.1441,9.3541,0.047,1.5e-05,0.0005,-0.0465,-0.0029,TRANSLATE
-20.3104,17.4531,12.8167,0.0573,29.6882,8.6159,0.0077,37.6091,24.2463,0.0496,2.8e-05,-0.0008,-0.049,-0.0039,TRANSLATE
-26.8702,15.6125,28.5065,0.052,42.1708,12.4826,0.0053,37.0713,17.6045,0.0517,1.1e-05,-0.0034,-0.0508,-0.0035,TRANSLATE
-25.643,16.3994,18.6208,0.0458,35.6825,6.4883,0.0062,36.3588,16.5373,0.0504,1.6e-05,-0.0071,-0.0495,-0.0026,TRANSLATE
-24.2988,17.2664,15.3373,0.0497,33.523,2.1595,0.0039,35.8737,17.8766,0.0509,1.4e-05,-0.0095,-0.0498,-0.0015,TRANSLATE
-25.3859,17.535,14.1105,0.0519,33.9268,0.4038,0.0022,34.9982,16.6869,0.0513,1.4e-05,-0.0103,-0.0502,-0.0001,TRANSLATE
-25.065,18.1342,14.8134,0.0496,34.3007,0.374,0.0023,35.9207,10.294,0.0498,5e-06,-0.0086,-0.049,0.0011,TRANSLATE
-22.8395,19.3386,17.1444,0.0422,34.4899,0.1892,0.0073,34.3846,0.5309,0.0478,1.2e-05,-0.0062,-0.0473,0.0012,TRANSLATE
-21.1403,20.3678,12.5593,0.0356,31.9296,2.5604,0.0066,33.634,0.8361,0.0458,3.7e-05,-0.0047,-0.0454,0.0016,TRANSLATE
-21.2154,19.4317,6.7037,0.0295,29.5402,2.3893,0.0061,32.8374,3.5509,0.0418,7e-05,-0.0012,-0.0413,0.0017,TRANSLATE
-21.1254,19.2516,6.0536,0.0259,29.2157,0.3245,0.0036,31.8952,5.0492,0.0366,7.3e-05,0.0019,-0.0361,0.0015,TRANSLATE
-19.2597,19.3107,5.1679,0.0213,27.7587,1.457,0.0046,30.5868,5.6022,0.0309,5.4e-05,0.0042,-0.0302,0.0013,TRANSLATE
-18.9109,19.3985,-1.6095,0.0182,27.1388,0.6199,0.003,29.1166,2.7715,0.0261,3.7e-05,0.0056,-0.025,0.0011,TRANSLATE
-17.8912,19.7876,-2.9594,0.0181,26.8403,0.2985,0.0001,28.0987,1.1892,0.0226,2e-05,0.0071,-0.0214,0.0004,TRANSLATE
-17.2317,19.9176,-4.3926,0.011,26.7009,0.1394,0.0071,27.5309,0.842,0.0189,2.4e-05,0.0068,-0.0175,-0.0,TRANSLATE
-17.5729,19.8747,-6.739,0.0073,27.372,0.6711,0.0037,27.1621,0.1434,0.0152,2.7e-05,0.0067,-0.0134,-0.0002,TRANSLATE
-17.0489,19.7716,-9.3444,0.0051,27.729,0.3571,0.0021,27.1562,0.1364,0.0119,2.9e-05,0.0061,-0.0096,-0.0004,TRANSLATE
-17.6641,19.936,-11.6692,0.0048,29.0799,1.3508,0.0003,27.5444,0.7258,0.0093,2.4e-05,0.0053,-0.0059,-0.0005,TRANSLATE
-18.9719,19.4738,-11.2948,0.0058,29.4404,0.3605,0.001,28.0644,1.0751,0.0068,5e-06,0.0046,-0.0014,-0.0006,TRANSLATE
-19.2057,20.0384,-10.3452,0.0072,29.6213,0.1809,0.0014,28.6485,0.8469,0.0061,1e-06,0.0038,0.0018,-0.0006,TRANSLATE
-19.2333,19.5089,-8.9043,0.0084,28.8063,0.815,0.0011,28.9354,0.4437,0.0063,2e-06,0.0031,0.0044,-0.0007,TRANSLATE
-19.0054,19.3759,-8.9109,0.0087,28.5663,0.24,0.0004,29.1028,0.1518,0.007,2e-06,0.0025,0.0062,-0.0006,TRANSLATE
-19.3762,19.4663,-12.5569,0.0085,30.2001,1.6339,0.0002,29.3269,0.3423,0.0077,1e-06,0.0022,0.0074,-0.0006,TRANSLATE
-18.4478,19.3699,-20.3892,0.0087,33.6339,3.4337,0.0002,30.1656,3.3464,0.0083,0.0,0.0023,0.0079,-0.0006,TRANSLATE
-18.1708,19.6022,-34.3301,0.0071,43.5084,9.8745,0.0017,32.943,31.1793,0.0083,0.0,0.0026,0.0078,-0.0006,TRANSLATE
-16.1616,19.6693,-55.2235,0.0067,60.8088,17.3004,0.0004,39.3435,142.091,0.008,1e-06,0.0035,0.0062,-0.0005,TRANSLATE
-15.8043,19.6417,-69.2475,0.0102,73.6939,12.8851,0.0035,48.369,273.3914,0.0082,2e-06,0.0036,0.0025,-0.0004,TRANSLATE
-18.8997,18.1477,-70.9855,0.0177,75.6669,1.973,0.0075,57.4624,273.7156,0.0101,1.6e-05,0.0044,-0.0024,0.0,TRANSLATE
-19.6447,18.49,-70.2697,0.0302,75.2703,0.3966,0.0125,65.7897,154.2368,0.0144,7.8e-05,0.0062,-0.0095,0.0006,TRANSLATE
-16.7502,19.7889,-64.672,0.0451,69.6752,5.5951,0.0149,71.023,30.5772,0.022,0.000199,0.0089,-0.0191,0.0015,TRANSLATE
-18.2876,19.1499,-62.5938,0.0528,67.9643,1.7109,0.0077,72.4541,9.5342,0.0312,0.000257,0.0117,-0.0288,0.0017,TRANSLATE
-12.3364,21.348,-65.1532,0.0639,69.6625,1.6982,0.0111,71.6479,10.1354,0.0419,0.000268,0.0149,-0.039,0.0005,TRANSLATE
-17.9035,21.3784,-67.7413,0.0814,73.2561,3.5936,0.0175,71.1657,7.1896,0.0547,0.000299,0.0154,-0.0519,-0.0009,TRANSLATE
-17.6884,21.7621,-58.4368,0.1071,64.8177,8.4384,0.0257,69.0751,7.5091,0.0701,0.000492,0.0122,-0.0677,-0.0033,TRANSLATE
-22.1132,20.7066,-43.9682,0.1341,53.3944,11.4233,0.0269,65.819,46.0119,0.0879,0.000871,0.0066,-0.086,-0.0064,TRANSLATE
-14.0218,25.8809,-13.6246,0.1605,32.4355,20.9589,0.0264,58.7132,217.4913,0.1094,0.001216,-0.001,-0.1081,-0.0093,TRANSLATE
-16.2893,25.1485,34.1754,0.1673,45.4504,13.015,0.0068,53.8708,205.2453,0.1301,0.001044,-0.0093,-0.129,-0.0103,TRANSLATE
-19.9658,23.0813,79.4622,0.1556,85.1212,39.6707,0.0117,56.2438,319.7732,0.1449,0.000481,-0.0174,-0.1433,-0.0084,TRANSLATE
-17.9164,23.315,119.5947,0.1381,123.1563,38.0352,0.0175,67.9116,1064.3923,0.1511,0.000166,-0.0245,-0.1484,-0.005,TRANSLATE
-27.1519,21.0426,154.8914,0.108,158.6549,35.4985,0.0301,88.9637,2225.9211,0.1459,0.000452,-0.0291,-0.1422,-0.0009,TRANSLATE
-30.9153,19.931,177.0319,0.0571,180.8128,22.158,0.0509,118.6391,2393.4546,0.1252,0.001559,-0.029,-0.1211,0.0039,TRANSLATE
-33.4478,19.1198,172.8599,0.0199,177.1013,3.7116,0.0373,144.9693,1312.4241,0.0958,0.002557,-0.0258,-0.0906,0.0088,TRANSLATE
-34.2583,16.274,165.0973,0.0199,169.3977,7.7036,0.0001,161.8246,431.3126,0.0686,0.002254,-0.0202,-0.0577,0.0111,TRANSLATE
-35.6879,17.466,178.8747,0.0396,183.2344,13.8367,0.0197,173.8402,79.5667,0.0489,0.001067,-0.0122,-0.0237,0.012,TRANSLATE
-34.9003,18.8416,195.4779,0.0953,199.4609,16.2265,0.0558,182.0014,98.1261,0.0464,0.000792,-0.0022,0.0154,0.0119,TRANSLATE
-36.7421,18.9639,202.6167,0.1705,206.7925,7.3316,0.0751,187.1973,193.7653,0.069,0.003335,0.0099,0.0591,0.01,TRANSLATE
-27.5749,20.3742,153.9871,0.235,157.7578,49.0347,0.0646,183.3286,331.7499,0.1121,0.006511,0.0249,0.1066,0.0079,TRANSLATE
-29.0506,19.0869,94.0772,0.2556,100.2934,57.4644,0.0206,169.5078,1480.8905,0.1592,0.006713,0.0399,0.1533,0.0047,TRANSLATE
-24.0967,19.507,50.3649,0.2378,59.1422,41.1512,0.0178,144.6893,3263.365,0.1988,0.003514,0.053,0.1914,0.0024,TRANSLATE
-22.7305,19.715,26.2669,0.2248,39.9413,19.2009,0.013,112.7854,3839.9519,0.2247,0.000836,0.0616,0.2161,0.0007,TRANSLATE
-23.4469,19.5595,4.0823,0.2069,30.8058,9.1355,0.0179,77.5881,2177.7659,0.232,0.000257,0.0621,0.2235,0.0003,TRANSLATE
-27.5856,18.0351,-12.8217,0.1851,35.3642,4.5584,0.0218,53.1094,649.693,0.222,0.000596,0.0547,0.215,-0.001,TRANSLATE
-24.7341,19.8187,-27.723,0.149,42.1085,6.7442,0.0361,41.4724,93.2113,0.2007,0.000983,0.0426,0.1956,-0.0013,TRANSLATE
-24.5748,19.5237,-32.6784,0.1174,45.3097,3.2013,0.0316,38.7059,26.0586,0.1766,0.001517,0.0287,0.1734,-0.0015,TRANSLATE
-22.4224,20.444,-34.174,0.0871,45.701,0.3912,0.0303,39.8578,34.2126,0.1491,0.001899,0.0138,0.1472,-0.0016,TRANSLATE
-21.7129,20.4614,-29.186,0.0606,41.7366,3.9644,0.0265,42.044,13.7513,0.1198,0.00194,-0.001,0.1176,-0.0015,TRANSLATE
-21.0922,20.766,-22.477,0.0484,37.1661,4.5705,0.0121,42.4044,9.4563,0.0925,0.00136,-0.0122,0.0893,-0.001,TRANSLATE
-18.3144,21.2316,-16.0128,0.0345,32.2894,4.8767,0.0139,40.4406,26.0447,0.0696,0.00087,-0.019,0.0646,-0.0007,TRANSLATE
-12.0452,22.8946,-10.9134,0.0251,28.0776,4.2118,0.0094,36.9941,39.9935,0.0511,0.000468,-0.0226,0.044,-0.0004,TRANSLATE
-15.8362,22.1532,-14.9463,0.0168,31.0635,2.9859,0.0084,34.0667,23.2961,0.0371,0.000249,-0.0226,0.0282,-0.0001,TRANSLATE
-16.9502,21.8851,-13.4446,0.0121,30.7737,0.2898,0.0046,31.8741,8.8918,0.0274,0.000169,-0.0194,0.0168,0.0003,TRANSLATE
-16.9195,21.2487,-11.54,0.015,29.5118,1.2619,0.0029,30.3432,2.0632,0.0207,6.6e-05,-0.0161,0.0063,0.0003,TRANSLATE
-17.1044,21.2958,-9.9883,0.0164,29.0833,0.4286,0.0014,29.702,1.212,0.0171,1.9e-05,-0.0131,-0.0015,0.0002,TRANSLATE
-16.7179,21.4867,-9.1094,0.0184,28.7079,0.3754,0.0021,29.8281,0.866,0.0157,5e-06,-0.0106,-0.0076,-0.0002,TRANSLATE
-16.2931,21.6674,-8.9906,0.0194,28.5617,0.1462,0.001,29.3277,0.6311,0.0163,7e-06,-0.0091,-0.0126,-0.0006,TRANSLATE
-17.0188,21.3652,-9.2112,0.0203,28.8264,0.2646,0.0008,28.9382,0.1115,0.0179,4e-06,-0.0082,-0.0158,-0.0009,TRANSLATE
-17.1401,21.6265,-9.1159,0.0207,29.0618,0.2354,0.0005,28.8482,0.0406,0.019,2e-06,-0.0077,-0.0173,-0.0011,TRANSLATE
-17.3277,20.8106,-7.2802,0.0206,28.0416,1.0202,0.0001,28.6399,0.1163,0.0199,1e-06,-0.0074,-0.0184,-0.0011,TRANSLATE
-17.6153,20.6829,-5.7398,0.0204,27.7673,0.2743,0.0002,28.4518,0.2323,0.0203,0.0,-0.0071,-0.019,-0.0011,TRANSLATE
-18.2297,20.5494,-6.8387,0.0189,28.3085,0.5411,0.0015,28.4011,0.2314,0.0202,0.0,-0.0067,-0.019,-0.001,TRANSLATE
-18.8525,20.7833,-7.2803,0.0194,28.9891,0.6806,0.0004,28.4336,0.2633,0.02,1e-06,-0.0064,-0.0189,-0.0009,TRANSLATE
-19.0101,20.7391,-8.2961,0.0182,29.3313,0.3422,0.0011,28.4875,0.3426,0.0195,1e-06,-0.006,-0.0185,-0.0009,TRANSLATE
-18.4144,20.5194,-8.2338,0.0186,28.7738,0.5575,0.0003,28.634,0.2978,0.0191,1e-06,-0.0055,-0.0183,-0.0008,TRANSLATE
-18.1627,20.4249,-7.9714,0.0192,28.4711,0.3026,0.0006,28.7747,0.133,0.0189,0.0,-0.005,-0.0182,-0.0008,TRANSLATE
-18.2052,20.9024,-6.4709,0.0183,28.4642,0.0069,0.001,28.8059,0.1079,0.0187,0.0,-0.0048,-0.0181,-0.0007,TRANSLATE
-18.0673,20.8782,-6.4298,0.0173,28.349,0.1152,0.001,28.6779,0.1265,0.0183,0.0,-0.0045,-0.0177,-0.0007,TRANSLATE
-17.7476,21.0932,-6.2845,0.0169,28.2735,0.0755,0.0004,28.4664,0.0291,0.0181,1e-06,-0.0043,-0.0175,-0.0007,TRANSLATE
-17.4356,20.9995,-8.287,0.0149,28.5246,0.2511,0.002,28.4165,0.0084,0.0173,2e-06,-0.0041,-0.0168,-0.0007,TRANSLATE
-18.3422,20.959,-10.0764,0.0155,29.6184,1.0938,0.0006,28.646,0.2441,0.0166,1e-06,-0.0039,-0.0161,-0.0007,TRANSLATE
-18.8706,20.6953,-11.4987,0.0142,30.2757,0.6573,0.0013,29.0083,0.6374,0.0158,1e-06,-0.004,-0.0152,-0.0008,TRANSLATE
-19.0028,20.5219,-11.7489,0.0138,30.3363,0.0606,0.0005,29.4057,0.7452,0.0151,1e-06,-0.0038,-0.0145,-0.0009,TRANSLATE
-19.7678,20.3769,-14.2085,0.0125,31.7469,1.4106,0.0013,30.1004,1.1026,0.0142,1e-06,-0.0037,-0.0136,-0.0011,TRANSLATE
-19.9799,20.1046,-16.6356,0.0117,32.8654,1.1185,0.0008,30.9685,1.3813,0.0135,2e-06,-0.0036,-0.0129,-0.0013,TRANSLATE
-20.0902,19.9025,-20.6147,0.016,34.9955,2.1301,0.0043,32.044,3.1036,0.0136,2e-06,-0.0049,-0.0124,-0.0014,TRANSLATE
-20.9378,19.722,-21.9136,0.0128,36.1601,1.1646,0.0031,33.2209,4.4817,0.0133,2e-06,-0.0057,-0.0117,-0.0013,TRANSLATE
-18.7565,20.9213,-20.2153,0.0126,34.6145,1.5456,0.0002,34.0765,2.4738,0.0131,2e-06,-0.0063,-0.0112,-0.0011,TRANSLATE
-20.5083,20.6277,-16.2066,0.0108,33.2978,1.3167,0.0018,34.3867,1.4135,0.0128,3e-06,-0.006,-0.0109,-0.0006,TRANSLATE
-20.7691,20.1334,-10.7934,0.0096,30.8741,2.4238,0.0012,33.9884,3.2597,0.0124,5e-06,-0.0056,-0.0106,-0.0002,TRANSLATE
-21.0216,21.1036,-3.391,0.008,29.9794,0.8946,0.0016,32.9852,5.2648,0.0108,3e-06,-0.0049,-0.0091,0.0002,TRANSLATE
-22.736,20.1548,-1.2597,0.012,30.4093,0.4299,0.004,31.835,3.2529,0.0106,3e-06,-0.0051,-0.0058,0.0003,TRANSLATE
-20.0544,20.3363,-2.9827,0.0196,28.7166,1.6927,0.0076,30.6554,2.2614,0.012,1.6e-05,-0.0056,-0.0002,-0.0004,TRANSLATE
-17.0529,21.0503,-7.4143,0.019,28.0872,0.6294,0.0006,29.6133,1.0981,0.0137,2.3e-05,-0.0069,0.0054,-0.0006,TRANSLATE
-16.7955,21.3559,-5.2939,0.0297,27.6801,0.4071,0.0108,28.9745,1.1196,0.0177,5.5e-05,-0.008,0.013,-0.0013,TRANSLATE
-18.7426,20.1753,-9.3945,0.0373,29.0961,1.4161,0.0076,28.7979,0.8894,0.0235,8e-05,-0.0088,0.0211,-0.0026,TRANSLATE
-19.1222,19.9559,-10.5531,0.0438,29.5849,0.4887,0.0065,28.633,0.4667,0.0299,9.5e-05,-0.0099,0.0279,-0.0027,TRANSLATE
-18.5478,20.2834,-9.9081,0.0526,29.2166,0.3683,0.0088,28.733,0.5234,0.0365,0.000133,-0.0113,0.0345,-0.0017,TRANSLATE
-12.9007,22.358,-8.1984,0.0611,27.0836,2.133,0.0085,28.5323,0.9438,0.0449,0.000122,-0.0125,0.043,-0.0019,TRANSLATE
-20.0206,20.0708,-12.9556,0.0724,31.169,4.0854,0.0113,29.23,1.7021,0.0534,0.000154,-0.0132,0.0514,-0.0028,TRANSLATE
-17.7633,21.5098,-19.1738,0.0738,33.8503,2.6813,0.0014,30.1809,5.0638,0.0607,0.000132,-0.0127,0.059,-0.0032,TRANSLATE
-16.2357,22.1703,-25.3297,0.0733,37.3726,3.5223,0.0005,31.7384,12.911,0.0666,7.2e-05,-0.0125,0.065,-0.005,TRANSLATE
-10.3292,23.3269,-29.6013,0.0697,39.0777,1.7051,0.0037,33.7107,18.5225,0.07,2.2e-05,-0.0123,0.0686,-0.0062,TRANSLATE
-18.4196,21.024,-37.8748,0.07,47.0721,7.9944,0.0004,37.7084,29.4632,0.0718,3e-06,-0.0133,0.0701,-0.0069,TRANSLATE
-19.2732,22.1036,-45.0123,0.0617,53.7227,6.6506,0.0083,42.2191,51.8558,0.0697,1.9e-05,-0.016,0.0673,-0.0058,TRANSLATE
-23.2154,21.336,-50.8505,0.0537,59.8327,6.11,0.008,47.4156,72.8926,0.0657,5e-05,-0.0197,0.062,-0.0049,TRANSLATE
-22.7817,21.1875,-60.1179,0.0435,67.691,7.8584,0.0102,53.4793,98.171,0.0597,0.000101,-0.0231,0.0539,-0.0033,TRANSLATE
-24.4566,21.2063,-77.9974,0.0348,84.4478,16.7568,0.0087,62.5533,166.1625,0.0528,0.000157,-0.0259,0.0439,-0.0021,TRANSLATE
-20.3434,20.0463,-97.0417,0.0326,101.1573,16.7095,0.0023,73.3703,299.2753,0.0453,0.000123,-0.0287,0.0299,-0.001,TRANSLATE
-21.8185,21.3151,-102.4959,0.0478,106.9382,5.7809,0.0152,84.0134,334.1552,0.0425,6.2e-05,-0.0312,0.0124,-0.0009,TRANSLATE
-17.3892,21.0834,-97.4936,0.0667,101.2516,5.6866,0.019,92.2972,208.0237,0.0451,0.000148,-0.034,-0.0074,0.0004,TRANSLATE
-16.852,19.7729,-77.2198,0.0745,81.4731,19.7785,0.0078,95.0536,102.7656,0.0513,0.000283,-0.0357,-0.0263,0.0015,TRANSLATE
-20.1253,20.2715,-2.3978,0.1451,28.6655,52.8076,0.0705,83.8971,837.2784,0.0733,0.001502,-0.037,-0.058,0.0017,TRANSLATE
-19.3721,21.8203,6.8943,0.1079,29.9823,1.3168,0.0371,69.6621,1156.4231,0.0884,0.001181,-0.0331,-0.0789,0.0024,TRANSLATE
-20.5633,22.8906,8.3467,0.0925,31.8826,1.9003,0.0154,54.651,938.6468,0.0974,0.000774,-0.0242,-0.0911,0.0035,TRANSLATE
-26.1569,22.3687,10.8836,0.0864,36.0971,4.2145,0.0061,41.6201,403.369,0.1013,0.000595,-0.0109,-0.0971,0.0035,TRANSLATE
-22.063,21.9731,12.8319,0.0841,33.6787,2.4184,0.0023,32.0612,6.9578,0.1032,0.000507,0.0036,-0.0998,0.0035,TRANSLATE
-22.4942,22.7254,56.1968,0.1041,64.6568,30.9782,0.02,39.2595,165.3315,0.095,9e-05,0.0172,-0.0916,0.0036,TRANSLATE
-20.0797,23.4022,92.7574,0.0924,97.7486,33.0918,0.0117,52.8128,648.6231,0.0919,4.8e-05,0.0264,-0.0874,0.0033,TRANSLATE
-21.7919,22.2874,109.0434,0.0855,113.4111,15.6625,0.0069,69.1185,1029.5648,0.0905,5.4e-05,0.031,-0.0849,0.0029,TRANSLATE
-23.946,21.0893,114.3879,0.0777,118.755,5.3439,0.0079,85.65,1030.946,0.0888,8.1e-05,0.0318,-0.0828,0.0025,TRANSLATE
-26.0162,20.7214,116.7197,0.075,121.366,2.611,0.0026,103.1875,438.304,0.087,0.000111,0.0314,-0.081,0.0018,TRANSLATE
-24.5567,21.3365,110.2257,0.0688,114.926,6.44,0.0062,113.2413,67.8603,0.0799,6.8e-05,0.0319,-0.0731,0.0014,TRANSLATE
-21.2516,21.7286,92.0368,0.0652,96.9254,18.0006,0.0037,113.0767,73.0701,0.0745,5e-05,0.0333,-0.0661,0.0009,TRANSLATE
-22.4294,20.8391,71.3701,0.0604,77.6598,19.2657,0.0048,105.9264,272.7935,0.0694,4e-05,0.0357,-0.0586,0.0005,TRANSLATE
-21.8279,19.7244,49.3711,0.0567,57.4718,20.1879,0.0037,93.6698,559.2235,0.0652,4.1e-05,0.0382,-0.0519,0.0004,TRANSLATE
-21.8842,20.1702,36.4656,0.0562,47.069,10.4028,0.0005,78.8104,619.3328,0.0615,2.4e-05,0.0406,-0.0454,0.0006,TRANSLATE
-20.6449,19.3111,26.1725,0.0565,38.5244,8.5446,0.0003,63.5301,449.57,0.059,1.2e-05,0.0425,-0.0406,0.0006,TRANSLATE
-19.9378,19.5364,20.163,0.0566,34.4345,4.0899,0.0,51.0319,239.6265,0.0573,2e-06,0.0436,-0.037,0.0005,TRANSLATE
-18.2065,20.2729,13.1929,0.0524,30.274,4.1604,0.0041,41.5548,94.1795,0.0557,3e-06,0.0435,-0.0346,0.0005,TRANSLATE
-19.437,20.2308,1.3793,0.0449,28.0889,2.1851,0.0076,35.6782,45.2403,0.0533,2e-05,0.0413,-0.0335,0.001,TRANSLATE
-18.2653,20.4315,2.2347,0.0381,27.4966,0.5923,0.0068,31.7637,17.3543,0.0497,5.2e-05,0.0375,-0.0322,0.001,TRANSLATE
-17.9216,20.289,-0.2779,0.0309,27.0722,0.4244,0.0072,29.4732,7.3687,0.0446,8.7e-05,0.0331,-0.0294,0.001,TRANSLATE
-18.3029,19.9749,-3.5754,0.0205,27.3272,0.255,0.0104,28.0518,1.3465,0.0374,0.000122,0.0274,-0.0251,0.0012,TRANSLATE
-18.0204,19.9581,-6.3885,0.0131,27.6382,0.311,0.0074,27.5246,0.1152,0.0295,0.000133,0.0211,-0.0202,0.0012,TRANSLATE
-17.9851,20.2383,-7.1108,0.0103,27.9932,0.3549,0.0028,27.5055,0.095,0.0226,0.000111,0.017,-0.0136,0.0007,TRANSLATE
-18.5975,20.625,-10.1136,0.0092,29.5558,1.5626,0.0011,27.9173,0.7661,0.0168,6.5e-05,0.0138,-0.0067,0.0004,TRANSLATE
-18.0998,20.8344,-16.8596,0.0104,32.3407,2.785,0.0012,28.971,3.4263,0.0127,1.7e-05,0.0097,-0.0003,0.0001,TRANSLATE
-22.4205,19.2988,-28.1815,0.0096,40.8573,8.5165,0.0008,31.677,23.82,0.0105,2e-06,0.007,0.0038,-0.0,TRANSLATE
-21.077,19.414,-31.492,0.0089,42.5781,1.7208,0.0006,34.665,35.3963,0.0097,0.0,0.0047,0.0067,-0.0,TRANSLATE
-19.7366,20.1625,-42.0093,0.0076,50.6047,8.0266,0.0013,39.1873,56.8571,0.0091,1e-06,0.0028,0.0081,0.0002,TRANSLATE
-19.9987,20.1018,-39.8605,0.0038,48.9172,1.6875,0.0038,43.0596,42.2433,0.0081,5e-06,0.0017,0.0076,0.0006,TRANSLATE
-19.7958,19.8409,-37.8509,0.0082,47.0981,1.8192,0.0044,46.0111,13.8152,0.0076,4e-06,0.0014,0.0072,0.0009,TRANSLATE
-19.671,20.0571,-38.3151,0.0016,47.5109,0.4128,0.0066,47.3418,7.1819,0.006,8e-06,0.0008,0.0057,0.0008,TRANSLATE
-21.1087,19.5863,-34.649,0.0041,45.0527,2.4581,0.0026,47.8367,3.4463,0.0051,6e-06,0.0013,0.0045,0.0009,TRANSLATE
-21.5526,18.3596,-46.3973,0.0074,54.3535,9.3007,0.0032,48.5865,9.8454,0.005,6e-06,0.0019,0.0042,0.0007,TRANSLATE
-20.1733,18.5252,-61.421,0.0054,67.2509,12.8974,0.002,52.2532,66.0506,0.0053,6e-06,0.0022,0.0029,0.0006,TRANSLATE
-16.6855,19.5795,-75.5493,0.0102,79.8089,12.558,0.0048,58.7954,169.7987,0.0057,9e-06,0.0032,-0.0004,0.0004,TRANSLATE
-13.3203,20.2824,-89.4707,0.0241,92.7028,12.8939,0.0138,67.8338,292.5809,0.0103,5.2e-05,0.0045,-0.0054,0.0004,TRANSLATE
-11.1156,21.2665,-95.7703,0.0357,98.7308,6.028,0.0116,78.5694,264.4582,0.0166,0.000134,0.0059,-0.0127,0.0001,TRANSLATE
-11.5425,21.5164,-95.2256,0.0503,98.3061,0.4247,0.0146,87.3599,147.8109,0.0251,0.000271,0.0086,-0.0234,0.0001,TRANSLATE
-12.5965,21.3412,-86.6774,0.0656,90.1503,8.1558,0.0153,91.9398,47.5183,0.0372,0.000375,0.014,-0.0342,-0.0001,TRANSLATE
-13.4553,21.7761,-73.0356,0.0818,77.3915,12.7588,0.0162,91.4563,60.1832,0.0515,0.000424,0.022,-0.0461,0.0002,TRANSLATE
-14.3768,22.0615,-54.5098,0.0953,60.5369,16.8546,0.0135,85.0231,209.6889,0.0657,0.000455,0.0321,-0.0568,0.0004,TRANSLATE
-16.442,22.8929,-39.3016,0.0952,48.3636,12.1733,0.0002,74.9497,339.4189,0.0776,0.000306,0.0414,-0.0652,0.0008,TRANSLATE
-15.2036,24.0894,-35.56,0.0975,45.5627,2.8009,0.0023,64.401,291.7585,0.0871,0.000147,0.0473,-0.0729,0.0007,TRANSLATE
-10.8567,25.7871,-27.7324,0.1148,39.3945,6.1682,0.0173,54.2499,181.1719,0.0969,0.000111,0.0485,-0.0831,0.0012,TRANSLATE
-10.5884,24.3703,8.8485,0.1339,28.0058,11.3887,0.0191,44.3727,114.2567,0.1074,0.000231,0.0459,-0.0955,0.0007,TRANSLATE
-18.2364,24.0119,57.7569,0.1371,65.1536,37.1479,0.0032,45.296,147.5174,0.1157,0.000309,0.0404,-0.1069,0.0007,TRANSLATE
-21.2016,22.947,105.1805,0.1113,109.7225,44.5688,0.0258,57.5678,825.1914,0.1189,0.000218,0.0349,-0.1131,-0.0004,TRANSLATE
-27.5019,21.6639,142.5132,0.0678,146.7504,37.0279,0.0435,77.8053,1977.5159,0.113,0.000614,0.0312,-0.1083,-0.0009,TRANSLATE
-25.5797,22.0342,151.7043,0.0293,155.4156,8.6652,0.0385,101.0096,2348.6719,0.0959,0.00172,0.0296,-0.0865,-0.0006,TRANSLATE
-35.0075,20.7367,142.2915,0.0567,147.9947,7.421,0.0274,125.0073,1148.387,0.0805,0.001499,0.0273,-0.05,-0.0,TRANSLATE
-34.1747,21.5175,121.4176,0.0913,127.9576,20.037,0.0346,137.5681,275.8606,0.0713,0.000797,0.0198,-0.005,0.0009,TRANSLATE
-37.7742,20.889,117.8872,0.1126,125.5414,2.4163,0.0213,140.7319,139.7032,0.0716,0.000819,0.007,0.0377,0.0039,TRANSLATE
-27.9256,20.1768,132.3973,0.1459,136.8064,11.265,0.0333,138.7431,131.5855,0.0872,0.001679,-0.008,0.0776,0.0065,TRANSLATE
-33.1623,17.4008,126.9366,0.1908,132.3459,4.4605,0.0449,134.1292,62.8875,0.1195,0.002114,-0.0225,0.1148,0.0053,TRANSLATE
-24.7111,17.5738,98.5743,0.2223,103.1327,29.2131,0.0315,125.1568,136.0893,0.1526,0.002344,-0.0344,0.148,0.0057,TRANSLATE
-21.0908,19.0497,58.1282,0.2291,64.7039,38.4288,0.0068,112.506,705.3895,0.1802,0.002004,-0.0415,0.1748,0.0044,TRANSLATE
-13.732,19.971,21.0994,0.2195,32.134,32.5699,0.0097,93.8246,1614.3418,0.2015,0.000944,-0.0456,0.196,0.0022,TRANSLATE
-14.3543,19.7174,-4.9174,0.2047,24.8798,7.2542,0.0148,71.4393,1694.4291,0.2133,0.00019,-0.0504,0.2068,-0.0009,TRANSLATE
-15.2272,19.4239,-24.8964,0.1885,35.0569,10.1771,0.0161,51.9815,838.6356,0.2128,0.000212,-0.0584,0.2034,-0.0015,TRANSLATE
-13.688,19.6641,-41.5734,0.1672,47.9832,12.9263,0.0214,40.9515,196.8831,0.2018,0.000489,-0.0689,0.1877,-0.003,TRANSLATE
-18.9817,17.2219,-47.1399,0.1409,53.657,5.6738,0.0263,38.7422,111.4526,0.1841,0.00077,-0.0788,0.1638,-0.0039,TRANSLATE
-22.8447,15.3869,-39.6744,0.1205,48.298,5.359,0.0204,41.975,110.5308,0.1643,0.000938,-0.0852,0.1378,-0.0049,TRANSLATE
-21.6851,15.8502,-33.8052,0.1011,43.1771,5.1209,0.0194,45.6344,38.979,0.1436,0.000984,-0.0868,0.1121,-0.0047,TRANSLATE
-20.9575,16.8895,-26.0441,0.0793,37.4536,5.7236,0.0218,46.1138,29.7578,0.1218,0.00093,-0.0835,0.0868,-0.0044,TRANSLATE
-20.8035,17.3366,-16.3228,0.0615,31.6193,5.8343,0.0179,42.841,60.3659,0.1007,0.0008,-0.0755,0.0656,-0.0041,TRANSLATE
-19.1053,18.5068,-22.1176,0.048,34.5934,2.9741,0.0135,39.0283,36.0366,0.0821,0.000687,-0.0647,0.0501,-0.0032,TRANSLATE
-16.5874,19.9336,-27.3754,0.0341,37.7081,3.1147,0.0139,36.9103,14.7136,0.0648,0.000554,-0.0531,0.0369,-0.0023,TRANSLATE
-17.2668,19.8718,-31.4222,0.0215,40.9925,3.2844,0.0126,36.4734,10.0009,0.0489,0.000412,-0.0416,0.0246,-0.0019,TRANSLATE
-17.6978,20.0912,-29.3159,0.0136,39.7025,1.29,0.0079,36.9231,11.6919,0.0357,0.000302,-0.0305,0.0145,-0.0016,TRANSLATE
-17.9676,20.0917,-26.4777,0.0176,37.7833,1.9192,0.004,38.156,4.6938,0.0269,0.000158,-0.0206,0.0042,-0.0011,TRANSLATE
-17.771,19.5703,-22.4009,0.019,34.6497,3.1336,0.0014,38.1672,4.6141,0.0212,4.8e-05,-0.0123,-0.0052,-0.001,TRANSLATE
-17.9011,19.6718,-18.2988,0.02,32.2844,2.3654,0.001,37.0825,10.3168,0.0183,7e-06,-0.0053,-0.0123,-0.0008,TRANSLATE
-18.624,19.4312,-14.9453,0.0207,30.7862,1.4982,0.0007,35.0412,11.0211,0.0182,6e-06,0.0002,-0.0167,-0.0004,TRANSLATE
-18.1555,19.9918,-12.9156,0.0215,29.9351,0.8511,0.0008,33.0877,8.074,0.0198,2e-06,0.0038,-0.0192,-0.0001,TRANSLATE
-18.3744,19.981,-12.2825,0.0219,29.7946,0.1405,0.0003,31.49,3.2805,0.0206,1e-06,0.0055,-0.0199,0.0,TRANSLATE
-18.3058,19.6785,-11.3041,0.0218,29.157,0.6376,0.0001,30.3914,1.1655,0.0212,0.0,0.0063,-0.0202,0.0002,TRANSLATE
-18.1634,20.3647,-10.9902,0.0217,29.4179,0.2609,0.0001,29.8181,0.3097,0.0215,0.0,0.0068,-0.0204,0.0003,TRANSLATE
-17.2713,21.0574,-9.6703,0.021,28.9003,0.5176,0.0007,29.441,0.1485,0.0216,0.0,0.0071,-0.0203,0.0004,TRANSLATE
-16.9733,21.4678,-8.8362,0.0205,28.7583,0.142,0.0005,29.2056,0.1375,0.0214,0.0,0.0073,-0.02,0.0005,TRANSLATE
-17.1786,20.9836,-8.7315,0.0198,28.4896,0.2687,0.0007,28.9446,0.1026,0.0209,1e-06,0.0079,-0.0193,0.0006,TRANSLATE
-18.2273,20.5213,-11.2789,0.0185,29.6744,1.1848,0.0013,29.0481,0.1894,0.0203,1e-06,0.0081,-0.0186,0.0006,TRANSLATE
-18.0475,20.942,-12.8106,0.0187,30.4695,0.7951,0.0002,29.2584,0.5219,0.0197,1e-06,0.0081,-0.0179,0.0005,TRANSLATE
-20.813,20.2161,-11.4454,0.0176,31.1908,0.7213,0.0011,29.7165,1.0332,0.019,1e-06,0.0079,-0.0173,0.0003,TRANSLATE
-19.4972,20.6416,-13.0219,0.014,31.2376,0.0468,0.0036,30.2124,1.0664,0.0177,4e-06,0.0075,-0.016,-0.0002,TRANSLATE
-19.8697,20.4633,-15.6738,0.0126,32.5456,1.308,0.0014,31.0236,0.9036,0.0163,6e-06,0.0068,-0.0147,-0.0004,TRANSLATE
-20.0895,20.2394,-18.3203,0.0107,33.8947,1.3491,0.0019,31.8677,1.4757,0.0147,9e-06,0.0059,-0.0134,-0.0006,TRANSLATE
-18.6622,20.7603,-19.1687,0.0113,33.8631,0.0317,0.0006,32.5464,1.4204,0.0132,6e-06,0.0043,-0.0122,-0.0007,TRANSLATE
-18.7079,20.952,-16.1662,0.0112,32.4086,1.4545,0.0001,32.7899,0.9974,0.0119,1e-06,0.0021,-0.0109,-0.0002,TRANSLATE
-18.8226,20.6022,-17.3861,0.0092,32.8788,0.4702,0.002,33.1182,0.4093,0.011,1e-06,-0.0005,-0.0098,-0.0,TRANSLATE
-19.0518,20.6599,-18.8683,0.0142,33.8499,0.9711,0.005,33.379,0.3828,0.0113,3e-06,-0.0043,-0.0086,-0.0001,TRANSLATE
-17.0664,21.3498,-17.5821,0.0188,32.4993,1.3505,0.0046,33.0999,0.4065,0.013,1.1e-05,-0.0086,-0.0079,-0.0002,TRANSLATE
-19.7125,20.2923,-12.7407,0.0249,31.0272,1.4721,0.0061,32.5328,0.8276,0.0157,3.2e-05,-0.0128,-0.0074,-0.0017,TRANSLATE
-17.895,20.7401,-5.2676,0.0261,27.895,3.1322,0.0012,31.63,4.3113,0.0187,4.1e-05,-0.017,-0.0061,-0.0026,TRANSLATE
-15.9941,21.889,1.5641,0.0353,27.1548,0.7402,0.0092,30.4853,6.6944,0.0239,5.1e-05,-0.0227,-0.0039,-0.0032,TRANSLATE
-11.3141,23.1143,9.3794,0.0474,27.3907,0.2359,0.0121,29.1934,4.6767,0.0305,9.9e-05,-0.0287,0.001,-0.004,TRANSLATE
-17.695,20.2789,6.9348,0.0615,27.7928,0.4021,0.0141,28.2521,1.9971,0.0391,0.000191,-0.0354,0.0089,-0.0053,TRANSLATE
-18.1873,21.4263,2.5572,0.0722,28.2206,0.4278,0.0106,27.6908,0.142,0.0485,0.000281,-0.0445,0.0157,-0.0039,TRANSLATE
-27.8311,18.416,7.927,0.0864,34.3009,6.0804,0.0142,28.972,7.2311,0.0606,0.000322,-0.0563,0.0194,-0.005,TRANSLATE
-25.8055,20.4922,25.6291,0.1006,41.7457,7.4448,0.0142,31.8901,30.6885,0.0736,0.000344,-0.0694,0.0202,-0.0037,TRANSLATE
-18.3725,22.1625,46.397,0.1096,54.6023,12.8566,0.0091,37.3325,100.1891,0.0861,0.000312,-0.0822,0.0206,-0.0014,TRANSLATE
-20.5886,22.1706,53.9989,0.1178,61.8975,7.2953,0.0082,44.1534,156.1514,0.0973,0.000267,-0.0929,0.0246,0.0019,TRANSLATE
-18.9772,22.0896,45.2585,0.1256,53.8183,8.0792,0.0077,49.273,97.8527,0.108,0.000186,-0.0986,0.0356,0.0035,TRANSLATE
-18.2942,20.8155,19.938,0.1331,34.1392,19.6791,0.0075,49.2406,98.8254,0.1173,0.000131,-0.0997,0.0522,0.0074,TRANSLATE
-15.4635,18.9242,-19.0746,0.1289,31.0014,3.1378,0.0041,47.0918,149.5069,0.123,7e-05,-0.0963,0.0701,0.0084,TRANSLATE
-15.0177,19.9425,-59.5378,0.1089,64.5599,33.5585,0.02,49.0833,195.2864,0.1229,7.4e-05,-0.0926,0.0784,0.0086,TRANSLATE
-13.5923,18.1915,-75.9177,0.0919,79.2413,14.6814,0.0171,52.552,332.3142,0.1177,0.000234,-0.0895,0.0714,0.0081,TRANSLATE
-15.8457,15.9563,-47.0279,0.0728,52.1279,27.1134,0.0191,52.2139,331.9152,0.1071,0.000513,-0.0844,0.0518,0.0079,TRANSLATE
-18.5328,17.7963,20.3433,0.0363,32.7723,19.3556,0.0364,51.9406,342.097,0.0878,0.001006,-0.0733,0.0301,0.0063,TRANSLATE
-19.1325,19.9027,50.059,0.028,57.1671,24.3948,0.0083,57.1737,232.4849,0.0676,0.000973,-0.0553,0.0159,0.0053,TRANSLATE
-12.0279,19.7784,13.7816,0.0713,26.9404,30.2266,0.0433,49.6498,347.7746,0.0601,0.000578,-0.0292,0.015,0.0044,TRANSLATE
-13.8785,19.279,-73.8997,0.0587,77.6239,50.6834,0.0126,49.3263,329.0483,0.0534,0.000332,-0.0014,0.0176,0.0038,TRANSLATE
-12.8403,18.5294,-122.3323,0.0689,124.3921,46.7683,0.0102,63.7792,1245.5695,0.0527,0.000305,0.025,0.0149,0.0032,TRANSLATE
-14.5598,17.1798,-103.5471,0.1182,105.9676,18.4245,0.0493,78.4182,1194.9552,0.069,0.000841,0.0475,-0.0007,0.0024,TRANSLATE
-16.0666,19.4095,-60.5939,0.1373,65.6238,40.3438,0.0191,80.1096,1134.5115,0.0909,0.000959,0.0661,-0.0248,0.0022,TRANSLATE
-13.672,19.5713,-34.8533,0.1429,42.2458,23.378,0.0056,83.1706,846.4822,0.1052,0.001219,0.0806,-0.0537,0.0023,TRANSLATE
-15.3939,20.8758,-19.6732,0.1459,32.5547,9.6912,0.003,74.1568,1271.4751,0.1226,0.000814,0.0947,-0.0765,0.0022,TRANSLATE
-17.8495,19.51,-10.6448,0.1405,28.5054,4.0493,0.0054,54.9795,815.7972,0.1369,9.6e-05,0.1048,-0.0873,0.0021,TRANSLATE
-21.8733,20.9205,8.5404,0.1455,31.4491,2.9438,0.005,40.0758,184.4543,0.1424,1e-05,0.1139,-0.085,0.0026,TRANSLATE
-19.4424,22.9395,16.0511,0.1501,34.0862,2.637,0.0046,33.7682,21.3039,0.145,1e-05,0.1217,-0.0773,0.0023,TRANSLATE
-21.0945,21.5485,-2.0998,0.1546,30.2279,3.8582,0.0045,31.3646,3.6595,0.1473,2.3e-05,0.1287,-0.0685,0.0017,TRANSLATE
-23.4038,20.9888,-19.4861,0.1533,36.9861,6.7582,0.0012,32.2509,8.9109,0.1488,2.7e-05,0.1341,-0.0605,0.0005,TRANSLATE
-21.998,23.1254,-33.8639,0.1465,46.5345,9.5484,0.0068,35.8568,33.9071,0.15,1.3e-05,0.139,-0.0542,-0.0009,TRANSLATE
-20.3922,22.7285,-34.038,0.1338,45.7275,0.807,0.0127,38.7124,41.3531,0.1477,5.6e-05,0.1378,-0.0516,-0.0019,TRANSLATE
-20.4825,22.2984,-13.5054,0.1243,33.1534,12.5742,0.0094,38.5259,43.2185,0.1425,0.000137,0.1308,-0.054,-0.0026,TRANSLATE
-20.9704,22.2793,5.4988,0.1151,31.0864,2.067,0.0092,38.6976,40.487,0.1346,0.000196,0.1212,-0.0566,-0.0032,TRANSLATE
-22.0732,21.6797,16.7272,0.1082,35.1715,4.0851,0.0068,38.3346,42.2562,0.1256,0.000184,0.1122,-0.0552,-0.003,TRANSLATE
-20.1898,21.1157,13.238,0.0976,32.074,3.0975,0.0107,35.4426,28.2836,0.1158,0.000157,0.104,-0.0486,-0.0026,TRANSLATE
-22.6143,21.0988,0.4623,0.0837,30.9319,1.1422,0.0139,32.4834,2.4403,0.1058,0.000198,0.097,-0.0389,-0.0027,TRANSLATE
-20.8821,20.279,-6.6646,0.0688,29.8616,1.0702,0.0149,31.8251,3.2918,0.0947,0.000279,0.0884,-0.0315,-0.003,TRANSLATE
-17.9432,21.0263,-12.8691,0.0557,30.4906,0.629,0.0131,31.7059,3.5246,0.0828,0.000359,0.077,-0.0272,-0.0032,TRANSLATE
-17.517,21.6398,-5.9172,0.0487,28.463,2.0277,0.007,30.3642,1.4258,0.0709,0.000321,0.062,-0.0282,-0.0033,TRANSLATE
-18.2168,21.59,-2.4806,0.0327,28.3572,0.1058,0.016,29.6209,1.0941,0.0579,0.000302,0.0457,-0.0301,-0.0034,TRANSLATE
-18.239,21.6876,-1.7376,0.02,28.3907,0.0335,0.0127,29.1126,0.7947,0.0452,0.000294,0.0299,-0.0308,-0.003,TRANSLATE
-18.4037,21.172,-1.9151,0.0133,28.1179,0.2728,0.0067,28.7639,0.7588,0.0341,0.000263,0.0165,-0.0272,-0.0026,TRANSLATE
-18.8167,21.5407,-1.7196,0.0131,28.6536,0.5357,0.0002,28.3965,0.0299,0.0255,0.000185,0.0055,-0.0215,-0.0022,TRANSLATE
-18.5628,21.7169,-2.7944,0.0164,28.7056,0.052,0.0033,28.445,0.0458,0.0191,5.2e-05,-0.0032,-0.0138,-0.0019,TRANSLATE
-17.9627,22.4642,-3.5762,0.0199,28.9842,0.2787,0.0035,28.5704,0.0867,0.0165,9e-06,-0.01,-0.0074,-0.0015,TRANSLATE
-17.8264,22.2963,-3.6547,0.0228,28.7796,0.2047,0.0029,28.6482,0.0829,0.0171,1.4e-05,-0.015,-0.0026,-0.0012,TRANSLATE
-17.9518,22.0027,-3.8925,0.0247,28.6624,0.1171,0.0019,28.7571,0.0149,0.0194,1.8e-05,-0.0187,0.0012,-0.001,TRANSLATE
-17.6364,21.6178,-4.2515,0.0258,28.2214,0.4411,0.0011,28.6706,0.0627,0.0219,1.2e-05,-0.0213,0.0041,-0.0007,TRANSLATE
-17.7247,21.1849,-3.6637,0.0262,27.8637,0.3577,0.0004,28.5023,0.1643,0.0239,5e-06,-0.023,0.0062,-0.0007,TRANSLATE
-18.7454,20.8166,-1.7966,0.0264,28.0705,0.2067,0.0002,28.3195,0.1217,0.0252,2e-06,-0.024,0.0074,-0.0006,TRANSLATE
-18.7713,20.5127,-1.0591,0.0279,27.8254,0.245,0.0015,28.1287,0.0918,0.0262,1e-06,-0.0245,0.0091,-0.0006,TRANSLATE
-18.3046,20.5664,-3.3129,0.0231,27.731,0.0944,0.0049,27.9424,0.0318,0.0259,2e-06,-0.0237,0.0101,-0.0006,TRANSLATE
-19.7249,20.4594,-5.1285,0.0183,28.8783,1.1473,0.0047,28.0738,0.1741,0.0244,1.2e-05,-0.0216,0.0108,-0.0006,TRANSLATE
-21.9018,19.7737,-5.9715,0.0117,30.1056,1.2273,0.0067,28.5222,0.7899,0.0215,3.5e-05,-0.0178,0.011,-0.001,TRANSLATE
-19.4964,20.2659,-6.3116,0.0081,28.8211,1.2846,0.0036,28.6723,0.7444,0.0178,5.3e-05,-0.0118,0.0105,-0.0016,TRANSLATE
-20.6753,20.2127,-8.3055,0.0129,30.0833,1.2622,0.0048,29.1239,0.7953,0.0148,2.8e-05,-0.0043,0.0078,-0.0018,TRANSLATE
-19.4965,20.9795,-6.0132,0.027,29.2645,0.8187,0.014,29.4306,0.3171,0.0156,4.3e-05,0.0049,0.0044,-0.0022,TRANSLATE
-18.3941,20.7399,-5.9512,0.0471,28.3531,0.9114,0.0202,29.3255,0.4773,0.0213,0.000207,0.017,0.0006,-0.0025,TRANSLATE
-20.4027,21.5982,-8.5703,0.0673,30.9225,2.5694,0.0202,29.4889,0.839,0.0325,0.000487,0.0314,-0.0034,-0.0023,TRANSLATE
-20.1159,21.1754,-14.7781,0.0852,32.7329,1.8104,0.0179,30.2713,2.2424,0.0479,0.000685,0.0472,-0.0074,-0.0021,TRANSLATE
-18.7678,20.2872,-20.56,0.1006,34.4458,1.7129,0.0154,31.1438,4.9594,0.0654,0.000689,0.0643,-0.0118,-0.0017,TRANSLATE
-12.4861,19.8454,-18.4355,0.1145,29.8263,4.6195,0.014,31.2561,4.5876,0.0829,0.000569,0.0815,-0.0154,-0.0014,TRANSLATE
-23.2889,21.5763,-29.6109,0.1217,43.4133,13.587,0.0072,34.2682,23.3891,0.0979,0.00039,0.0963,-0.0167,-0.0005,TRANSLATE
-17.1061,20.5923,-54.8918,0.1211,61.0719,17.6586,0.0006,40.298,128.479,0.1086,0.000195,0.1069,-0.0189,0.0005,TRANSLATE
-12.8567,20.1426,-78.6072,0.1203,82.1591,21.0872,0.0008,50.1833,369.7844,0.1156,6.3e-05,0.1123,-0.0251,0.0021,TRANSLATE
-9.9354,19.5234,-85.267,0.1245,88.036,5.8769,0.0043,60.9013,491.9405,0.1204,1.1e-05,0.1119,-0.0366,0.0025,TRANSLATE
-3.1671,19.1594,-67.8699,0.1327,70.5934,17.4426,0.0082,69.0548,251.1183,0.1241,2.1e-05,0.1052,-0.0534,0.0033,TRANSLATE
6.0976,19.3556,-41.8553,0.1238,46.5154,24.078,0.009,69.6752,220.8406,0.1245,2e-05,0.0926,-0.0725,0.0031,TRANSLATE
2.3562,18.972,-15.2999,0.1049,24.4862,22.0292,0.0189,62.358,560.9055,0.1212,8.3e-05,0.0767,-0.0876,0.0022,TRANSLATE
-3.6963,20.3432,-4.8086,0.0776,21.2281,3.2581,0.0273,50.1718,672.3201,0.1127,0.000391,0.0595,-0.0932,0.001,TRANSLATE
-8.7383,18.0371,-5.8063,0.0593,20.8664,0.3617,0.0183,36.7379,376.8719,0.0997,0.000763,0.043,-0.0889,0.0009,TRANSLATE
-9.6219,18.0265,-2.1388,0.0509,20.5453,0.3211,0.0084,26.7283,99.8801,0.0833,0.000752,0.0267,-0.0777,-0.0005,TRANSLATE
-11.0663,17.7775,13.814,0.0431,25.0864,4.541,0.0078,22.4425,3.745,0.0672,0.000488,0.0105,-0.0631,-0.0006,TRANSLATE
-10.5655,15.422,38.0981,0.0368,42.4374,17.351,0.0063,26.0327,69.9789,0.0536,0.000202,-0.0047,-0.0449,0.0005,TRANSLATE
-8.3055,19.0782,46.3441,0.0587,50.8009,8.3636,0.0219,31.9473,153.0727,0.0498,7.7e-05,-0.0188,-0.0229,0.002,TRANSLATE
-9.2475,17.9719,29.9846,0.098,36.1606,14.6404,0.0393,35.0061,122.7094,0.0575,0.000464,-0.0334,0.0042,0.0021,TRANSLATE
-18.5887,18.1619,3.2596,0.1193,26.192,9.9686,0.0213,36.1354,95.1491,0.0712,0.001031,-0.048,0.0327,0.0038,TRANSLATE
-20.7334,17.867,-1.6017,0.1485,27.4166,1.2247,0.0293,36.6015,85.7191,0.0923,0.001625,-0.064,0.0614,0.0039,TRANSLATE
-22.0961,17.4686,-19.5782,0.1828,34.3031,6.8864,0.0343,34.9746,77.3175,0.1215,0.001797,-0.0818,0.0892,0.004,TRANSLATE
-17.005,17.5343,-44.3813,0.209,50.6589,16.3559,0.0262,34.9462,76.4217,0.1515,0.001639,-0.102,0.1118,0.0035,TRANSLATE
-16.6853,17.2962,-81.2738,0.2228,84.7525,34.0936,0.0138,44.6646,477.8132,0.1765,0.001459,-0.1231,0.1261,0.0037,TRANSLATE
-13.4357,18.3619,-115.9566,0.2194,118.1677,33.4152,0.0033,63.0598,1151.7245,0.1965,0.000772,-0.1442,0.1324,0.0029,TRANSLATE
-12.2642,19.0864,-117.609,0.2082,119.7772,1.6095,0.0112,81.5319,1199.7926,0.2084,0.000197,-0.1616,0.1282,0.0024,TRANSLATE
-10.7239,18.0004,-128.7028,0.2111,130.3972,10.62,0.0029,100.7507,861.8809,0.2141,3.5e-05,-0.1764,0.1155,0.0016,TRANSLATE
-10.2635,18.5253,-109.4998,0.2061,111.529,18.8682,0.005,112.9247,235.0708,0.2135,4.2e-05,-0.1876,0.0932,0.0006,TRANSLATE
-11.3545,19.739,-71.7529,0.1973,75.2797,36.2493,0.0088,111.0302,356.176,0.2084,5.2e-05,-0.1937,0.0687,-0.0004,TRANSLATE
-13.0961,19.7662,-37.643,0.183,44.4883,30.7915,0.0143,96.2943,1014.4064,0.2011,0.000104,-0.1932,0.0516,-0.0006,TRANSLATE
-13.0644,20.5567,-16.7394,0.1677,29.5544,14.9338,0.0153,78.2497,1469.3528,0.193,0.000252,-0.1873,0.0443,-0.0004,TRANSLATE
-14.8796,20.3266,-15.3446,0.139,29.4963,0.0581,0.0287,58.0695,993.6202,0.1786,0.000562,-0.174,0.0387,-0.0002,TRANSLATE
-16.6006,19.355,-13.8226,0.1071,29.0045,0.4918,0.0319,41.5646,318.5804,0.1588,0.001043,-0.1544,0.0356,-0.0001,TRANSLATE
-18.018,19.5622,-2.0706,0.0734,26.6761,2.3284,0.0336,31.8439,41.0802,0.134,0.00159,-0.1298,0.0328,0.0001,TRANSLATE
-17.8363,20.0091,10.6092,0.0467,28.828,2.1519,0.0267,28.7119,1.1138,0.1068,0.001891,-0.1032,0.0266,-0.0,TRANSLATE
-22.7128,19.3385,21.5998,0.0312,36.8294,8.0014,0.0155,30.1668,12.0336,0.0795,0.001548,-0.0772,0.0182,-0.0007,TRANSLATE
-21.889,20.624,26.2642,0.0148,39.9285,3.0991,0.0164,32.2533,26.6484,0.0547,0.00106,-0.0532,0.011,-0.0019,TRANSLATE
-23.3862,20.5117,29.252,0.0085,42.7004,2.7719,0.0063,34.9925,38.8628,0.0349,0.000548,-0.0315,0.0076,-0.003,TRANSLATE
-21.6621,21.8843,31.1266,0.0121,43.784,1.0836,0.0036,38.414,28.7813,0.0227,0.000206,-0.0148,0.0052,-0.0038,TRANSLATE
-20.9359,21.3137,26.8607,0.0175,40.1756,3.6083,0.0054,40.6836,5.8726,0.0168,6.1e-05,-0.0022,0.0036,-0.0045,TRANSLATE
-24.455,20.1978,20.5854,0.0253,37.8121,2.3635,0.0078,40.8801,4.512,0.0156,3.2e-05,0.0085,0.0007,-0.005,TRANSLATE
-24.0921,20.5333,19.3433,0.0353,37.0973,0.7148,0.01,40.3139,6.8722,0.0197,9.3e-05,0.0177,-0.0028,-0.0046,TRANSLATE
-22.0456,20.9516,14.7528,0.0382,33.8027,3.2946,0.0029,38.5343,11.0455,0.0257,0.000101,0.024,-0.0065,-0.0041,TRANSLATE
-21.5364,20.53,11.3022,0.0378,31.8283,1.9744,0.0004,36.1432,8.8105,0.0308,6.7e-05,0.0288,-0.0096,-0.0038,TRANSLATE
-21.0823,19.9334,9.4605,0.0363,30.5173,1.311,0.0015,34.2115,8.1572,0.0346,2.3e-05,0.0323,-0.0118,-0.0032,TRANSLATE
-20.2564,20.6124,7.7372,0.0344,29.9175,0.5998,0.0019,32.6326,6.7592,0.0364,2e-06,0.0341,-0.0126,-0.0024,TRANSLATE
-20.4177,21.0899,5.3022,0.035,29.8291,0.0884,0.0006,31.179,2.2313,0.0363,2e-06,0.0341,-0.0125,-0.0021,TRANSLATE
-20.9248,20.8438,5.1762,0.0357,29.985,0.1559,0.0007,30.4155,0.5567,0.0358,1e-06,0.0336,-0.0123,-0.0016,TRANSLATE
-22.3086,20.0344,7.2191,0.0312,30.8409,0.8559,0.0044,30.218,0.1547,0.0345,3e-06,0.0323,-0.012,-0.0012,TRANSLATE
-23.7656,19.2025,11.0565,0.0244,32.4929,1.6519,0.0069,30.6131,1.0157,0.0321,1.7e-05,0.0302,-0.0109,-0.0009,TRANSLATE
-21.5812,20.8401,24.3421,0.0177,38.6341,6.1413,0.0067,32.3564,10.7472,0.0288,4.7e-05,0.0273,-0.0088,-0.0007,TRANSLATE
-23.8681,20.6315,30.0268,0.0216,43.554,4.9199,0.004,35.1014,27.0121,0.0261,4.2e-05,0.023,-0.003,0.0002,TRANSLATE
-22.6695,20.7614,16.0996,0.0286,34.7007,8.8533,0.007,36.0445,20.9192,0.0247,2.3e-05,0.0186,0.0048,0.0008,TRANSLATE
-22.7325,20.7748,-6.6047,0.0145,31.4957,3.205,0.0141,36.1755,19.625,0.0213,2.5e-05,0.0121,0.0101,0.0011,TRANSLATE
-20.2453,20.4292,-15.1088,0.0166,32.4885,0.9928,0.0021,36.1746,19.6314,0.0198,2.5e-05,0.0041,0.0116,0.0013,TRANSLATE
-18.3494,20.9996,-21.6152,0.0344,35.2831,2.7946,0.0178,35.5044,18.1313,0.0231,5.5e-05,-0.0062,0.0106,0.0011,TRANSLATE
-19.342,20.7122,-21.889,0.0541,35.8083,0.5252,0.0197,33.9553,2.7907,0.0296,0.000205,-0.0191,0.0043,0.0008,TRANSLATE
-19.708,20.5979,-10.6487,0.0724,30.4314,5.3769,0.0183,33.1014,4.434,0.0384,0.000494,-0.0352,-0.0052,0.0004,TRANSLATE
-25.5414,18.9908,11.831,0.0831,33.9557,3.5242,0.0107,33.5934,3.8222,0.0521,0.000591,-0.0504,-0.0124,-0.0001,TRANSLATE
-22.1269,20.9895,30.3773,0.0907,43.0458,9.0901,0.0076,35.7049,16.9893,0.0669,0.000416,-0.0647,-0.0168,0.0003,TRANSLATE
-17.9234,23.8979,43.5925,0.0947,52.8456,9.7998,0.004,39.2174,63.3772,0.079,0.000213,-0.0763,-0.0201,0.0012,TRANSLATE
-19.0543,24.1745,53.4646,0.098,61.6923,8.8467,0.0033,44.3942,135.2783,0.0878,8.4e-05,-0.0849,-0.0222,0.0019,TRANSLATE
-17.2435,25.5521,65.4404,0.0976,72.3374,10.6451,0.0004,52.7754,182.2072,0.0928,3e-05,-0.09,-0.0226,0.0024,TRANSLATE
-20.0541,25.6698,82.893,0.0993,89.0638,16.7264,0.0017,63.797,253.2646,0.0961,1e-05,-0.0932,-0.0228,0.0036,TRANSLATE
-24.4558,24.464,97.9206,0.0952,103.851,14.7872,0.0041,75.958,340.1158,0.097,3e-06,-0.0945,-0.0209,0.004,TRANSLATE
-20.999,25.5587,105.6428,0.0862,110.7005,6.8495,0.009,87.529,340.7998,0.0953,2.2e-05,-0.0933,-0.0167,0.0041,TRANSLATE
-16.1711,25.747,108.1392,0.0768,112.3321,1.6316,0.0095,97.6569,227.7564,0.091,7.1e-05,-0.0897,-0.0117,0.0037,TRANSLATE
-18.6181,25.1476,113.7895,0.066,118.0131,5.681,0.0107,106.7921,98.9642,0.0847,0.000148,-0.0839,-0.0076,0.0032,TRANSLATE
-18.7101,25.5712,118.9972,0.0522,123.1434,5.1303,0.0138,113.608,43.1219,0.0753,0.000228,-0.075,-0.0029,0.0037,TRANSLATE
-17.3712,24.9413,119.8384,0.0385,123.6328,0.4894,0.0137,117.5644,28.5284,0.0639,0.00029,-0.0635,0.0013,0.004,TRANSLATE
-22.1407,24.7374,119.0176,0.0329,123.5611,0.0717,0.0055,120.1365,19.6822,0.0533,0.000269,-0.0507,0.0064,0.004,TRANSLATE
-17.4813,23.8556,109.4797,0.046,113.4041,10.157,0.013,120.3509,16.5195,0.0471,0.000132,-0.0362,0.0153,0.0049,TRANSLATE
-25.4819,24.9813,84.9463,0.057,92.1372,21.2669,0.011,115.1757,147.8464,0.0453,7.7e-05,-0.0211,0.0269,0.0061,TRANSLATE
-21.0043,25.6726,53.3976,0.0468,62.8615,29.2757,0.0102,103.1193,537.1487,0.0442,6.7e-05,-0.007,0.0352,0.0065,TRANSLATE
-17.6878,27.5412,25.3619,0.0333,41.4077,21.4538,0.0135,86.6743,944.2145,0.0432,8.3e-05,0.0063,0.036,0.0071,TRANSLATE
-18.3471,26.1767,13.6832,0.0503,34.7716,6.6361,0.0169,68.9164,895.5229,0.0467,5.9e-05,0.0201,0.0278,0.0075,TRANSLATE
-21.4621,27.6539,17.0122,0.0802,38.9201,4.1484,0.03,54.0196,457.7341,0.0535,0.000238,0.0347,0.0108,0.0075,TRANSLATE
-15.9197,27.6762,29.741,0.1099,43.6341,4.7141,0.0297,44.319,94.6139,0.0641,0.000759,0.0528,-0.0095,0.0071,TRANSLATE
-16.0045,26.3878,36.0459,0.1334,47.4528,3.8187,0.0235,41.2373,18.3162,0.0814,0.001359,0.0742,-0.0269,0.0057,TRANSLATE
-15.3661,22.7759,28.0524,0.1529,39.2657,8.1871,0.0196,40.8089,18.9043,0.1053,0.001348,0.0973,-0.0394,0.0044,TRANSLATE
-21.2554,23.6551,26.82,0.1691,41.6013,2.3356,0.0162,42.1748,9.8745,0.1291,0.000989,0.1198,-0.0471,0.0032,TRANSLATE
-21.123,20.3303,40.3904,0.1833,49.9088,8.3075,0.0142,44.3726,14.8887,0.1497,0.000674,0.1411,-0.0498,0.0019,TRANSLATE
-22.9828,23.8049,54.7467,0.1998,63.9694,14.0606,0.0164,48.4396,75.0459,0.1677,0.000534,0.1605,-0.047,0.0007,TRANSLATE
-19.33,23.7564,50.2911,0.2117,58.883,5.0864,0.0119,50.7256,91.4383,0.1834,0.00044,0.1777,-0.0401,-0.0001,TRANSLATE
-20.9546,23.3926,44.4641,0.2092,54.4369,4.4462,0.0025,53.7599,58.7202,0.1946,0.000262,0.1906,-0.0292,-0.0012,TRANSLATE
-20.5793,24.3391,30.4776,0.1975,44.0997,10.3372,0.0117,54.2596,47.5682,0.2003,0.000101,0.1979,-0.0138,-0.0019,TRANSLATE
-18.8041,24.9213,8.5008,0.1743,32.3563,11.7434,0.0232,50.749,127.4095,0.1985,0.000175,0.1975,0.0005,-0.0025,TRANSLATE
-18.4151,25.9027,-8.6837,0.1477,32.9465,0.5902,0.0266,44.5445,117.3434,0.1881,0.000583,0.1875,0.0089,-0.003,TRANSLATE
-14.6759,24.9409,-22.6564,0.1227,36.7524,3.8059,0.025,40.1183,68.7771,0.1703,0.00101,0.1697,0.0118,-0.0034,TRANSLATE
-14.8657,24.2902,-24.6563,0.1018,37.6688,0.9164,0.0209,36.7647,17.7265,0.1488,0.001184,0.1482,0.0099,-0.0033,TRANSLATE
-15.8676,23.5384,-18.6438,0.0887,33.9622,3.7066,0.0131,34.7372,4.4263,0.127,0.000958,0.1267,0.005,-0.0031,TRANSLATE
-17.0972,22.762,-13.7401,0.0752,31.6103,2.3519,0.0135,34.588,5.2258,0.1072,0.000655,0.107,0.0017,-0.0028,TRANSLATE
-17.3465,22.2315,-13.567,0.0538,31.2922,0.3181,0.0214,34.2572,6.7499,0.0884,0.000545,0.0883,0.0001,-0.0025,TRANSLATE
-17.7459,22.2539,-10.4724,0.0327,30.3286,0.9636,0.021,32.9724,6.9407,0.0704,0.000608,0.0703,-0.0011,-0.0022,TRANSLATE
-17.953,21.4031,-8.981,0.0163,29.3439,0.9848,0.0164,31.3074,2.3906,0.0533,0.000704,0.0532,-0.0005,-0.002,TRANSLATE
-17.478,21.36,-8.9817,0.0043,29.0242,0.3197,0.0121,30.3198,1.0484,0.0364,0.000651,0.0362,0.0001,-0.002,TRANSLATE
-17.0605,20.0036,-10.3322,0.0062,28.2482,0.7759,0.0019,29.6474,1.1215,0.0226,0.000344,0.0201,-0.0003,-0.0022,TRANSLATE
-17.3078,20.3217,-10.9033,0.0136,28.8342,0.586,0.0074,29.1558,0.4711,0.0146,0.000102,0.0067,-0.0006,-0.0023,TRANSLATE
-16.7681,20.3386,-9.7695,0.0193,28.1118,0.7225,0.0057,28.7124,0.2174,0.0119,3.4e-05,-0.0037,0.0003,-0.0023,TRANSLATE
-17.4989,20.5896,-10.3,0.0186,28.9177,0.8059,0.0007,28.6272,0.1388,0.0124,3.9e-05,-0.0105,0.0012,-0.0023,TRANSLATE
-17.396,20.6717,-8.9775,0.0229,28.4699,0.4478,0.0042,28.5164,0.1,0.0161,3.3e-05,-0.0158,0.0019,-0.0023,TRANSLATE
-17.1574,21.528,-8.4664,0.0259,28.8012,0.3313,0.003,28.6269,0.0896,0.0201,1.7e-05,-0.0198,0.0023,-0.0023,TRANSLATE
-17.6259,21.2943,-8.9825,0.0276,29.0655,0.2643,0.0017,28.6732,0.1173,0.0228,1.2e-05,-0.0226,0.0028,-0.0023,TRANSLATE
-17.4039,21.2823,-9.8985,0.0286,29.22,0.1545,0.001,28.8949,0.065,0.0247,1.3e-05,-0.0244,0.0029,-0.0022,TRANSLATE
-17.2012,21.8696,-8.9,0.0292,29.2125,0.0075,0.0006,28.9538,0.0815,0.0268,5e-06,-0.0266,0.0027,-0.0021,TRANSLATE
-17.461,22.0519,-7.6763,0.0294,29.1564,0.0561,0.0002,29.0911,0.0241,0.0281,2e-06,-0.0279,0.0025,-0.002,TRANSLATE
-17.5657,22.0197,-6.2129,0.0292,28.8447,0.3117,0.0002,29.0998,0.0193,0.0288,0.0,-0.0286,0.0024,-0.0019,TRANSLATE
-17.4244,21.9345,-5.2641,0.0273,28.5034,0.3414,0.0019,28.9874,0.0776,0.0287,1e-06,-0.0285,0.0028,-0.0019,TRANSLATE
-17.4676,22.0695,-11.1206,0.0267,30.263,1.7596,0.0006,29.196,0.3487,0.0284,1e-06,-0.028,0.0034,-0.0018,TRANSLATE
-16.7241,22.0149,-17.6309,0.0256,32.7903,2.5273,0.0011,29.9115,2.4204,0.0276,2e-06,-0.0272,0.004,-0.0017,TRANSLATE
-16.9762,21.8432,-20.3078,0.0259,34.318,1.5277,0.0003,30.9439,5.124,0.0269,2e-06,-0.0265,0.0042,-0.0017,TRANSLATE
-16.4591,22.1902,-22.3213,0.0257,35.5182,1.2002,0.0002,32.2786,6.6462,0.0262,0.0,-0.0258,0.0041,-0.0016,TRANSLATE
-16.611,22.0646,-19.8695,0.0258,34.0231,1.4951,0.0001,33.3825,3.1858,0.026,0.0,-0.0257,0.0033,-0.0015,TRANSLATE
-17.0919,21.433,-16.9144,0.0248,32.2118,1.8113,0.001,33.7723,1.3617,0.0256,0.0,-0.0254,0.0023,-0.0014,TRANSLATE
-17.0642,21.7026,-16.394,0.0232,32.1084,0.1034,0.0016,33.6359,1.7039,0.0251,1e-06,-0.025,0.0017,-0.0013,TRANSLATE
-17.3638,21.8152,-15.9027,0.022,32.0983,0.0101,0.0012,33.192,1.8866,0.0243,2e-06,-0.0242,0.0019,-0.0012,TRANSLATE
-15.7848,22.5616,-16.6284,0.0223,32.1666,0.0682,0.0003,32.5216,0.5653,0.0236,2e-06,-0.0233,0.0029,-0.0011,TRANSLATE
-17.1654,22.4961,-20.3183,0.0217,34.8362,2.6696,0.0005,32.6843,1.1594,0.0228,1e-06,-0.0225,0.0031,-0.0009,TRANSLATE
-16.451,22.6188,-21.3266,0.0185,35.172,0.3358,0.0032,33.2763,2.002,0.0216,3e-06,-0.0212,0.0028,-0.0007,TRANSLATE
-17.2702,21.4888,-24.5519,0.0082,36.9164,1.7444,0.0104,34.2379,3.4546,0.0185,2.9e-05,-0.0182,0.002,-0.0004,TRANSLATE
-17.1943,20.9535,-32.7415,0.0056,42.5053,5.5889,0.0026,36.3193,11.8768,0.0153,4.9e-05,-0.0131,0.0004,-0.0001,TRANSLATE
-15.8586,20.7753,-36.6588,0.0209,45.022,2.5167,0.0153,38.8904,16.9647,0.015,4.6e-05,-0.0051,-0.0028,0.0,TRANSLATE
-15.9431,20.614,-35.9739,0.0347,44.4212,0.6008,0.0138,40.8074,16.1206,0.0176,0.000108,0.0056,-0.006,0.0,TRANSLATE
-15.9045,20.5381,-33.4885,0.0559,42.3821,2.0391,0.0212,42.2494,8.1855,0.0251,0.000346,0.0201,-0.0085,0.0,TRANSLATE
-17.9392,20.7055,-34.5814,0.0736,44.1181,1.736,0.0176,43.6897,1.1212,0.0381,0.000589,0.0364,-0.0096,0.0,TRANSLATE
-17.2139,20.6487,-40.1995,0.0853,48.36,4.2419,0.0117,44.8607,3.8318,0.0541,0.000567,0.0526,-0.0097,-0.0,TRANSLATE
-18.1992,19.5971,-48.119,0.0975,55.0518,6.6918,0.0122,46.8666,20.5743,0.0694,0.000489,0.0684,-0.0087,-0.0004,TRANSLATE
-13.9437,19.8933,-59.1077,0.1055,63.9053,8.8536,0.008,50.7635,62.2565,0.0836,0.000308,0.083,-0.0084,-0.0004,TRANSLATE
-13.0862,19.5834,-64.658,0.11,68.8144,4.9091,0.0045,56.0499,85.4278,0.0944,0.000179,0.0937,-0.01,-0.0003,TRANSLATE
-10.2346,19.073,-65.8671,0.1091,69.3325,0.5181,0.0009,61.0928,66.8089,0.1015,8.5e-05,0.1004,-0.0132,-0.0004,TRANSLATE
-8.8346,19.524,-68.6436,0.1054,71.911,2.5785,0.0038,65.803,35.6047,0.1055,2e-05,0.1041,-0.0159,-0.0001,TRANSLATE
-11.4364,21.3411,-77.1118,0.0969,80.8236,8.9127,0.0085,70.9574,31.0433,0.1054,2.2e-05,0.1039,-0.0169,0.0005,TRANSLATE
-3.5804,17.7541,-91.0113,0.0823,92.7959,11.9723,0.0145,76.7355,83.095,0.1007,0.000106,0.0994,-0.0156,0.0005,TRANSLATE
-2.3924,15.022,-103.5278,0.0678,104.6393,11.8434,0.0145,83.9005,174.9341,0.0923,0.000235,0.0912,-0.0134,0.0008,TRANSLATE
1.3298,14.5145,-111.8004,0.053,112.7464,8.1071,0.0149,92.5833,223.516,0.0811,0.000362,0.08,-0.0118,0.001,TRANSLATE
-2.9612,16.4085,-114.5372,0.0395,115.7444,2.998,0.0134,101.35,168.4802,0.0679,0.000416,0.0658,-0.0126,0.0009,TRANSLATE
-7.2033,15.7393,-113.9641,0.028,115.2711,0.4733,0.0115,108.2395,75.509,0.0541,0.000376,0.0496,-0.0155,0.0007,TRANSLATE
-11.2845,17.3071,-116.9994,0.0265,118.8097,3.5385,0.0015,113.4422,23.0859,0.043,0.000244,0.0329,-0.0195,0.0014,TRANSLATE
-10.0401,16.5394,-114.1995,0.0384,115.827,2.9827,0.0119,115.6797,3.7187,0.0371,9.1e-05,0.0159,-0.0243,0.0011,TRANSLATE
-10.729,15.544,-98.569,0.0529,100.3622,15.4648,0.0145,113.2029,42.7883,0.0371,9e-05,-0.0016,-0.0286,0.0016,TRANSLATE
-14.1457,16.3227,-80.1677,0.0531,83.0265,17.3358,0.0002,106.6593,180.8012,0.0398,0.000133,-0.0179,-0.0284,0.0019,TRANSLATE
-16.7322,15.5363,-69.1467,0.0561,72.819,10.2075,0.003,98.1689,322.9145,0.0454,0.000127,-0.0322,-0.0225,0.0021,TRANSLATE
-14.4232,14.079,-82.5923,0.0695,85.0161,12.1972,0.0134,91.4101,226.6246,0.054,9.8e-05,-0.0435,-0.0097,0.0022,TRANSLATE
-12.523,14.5601,-111.9364,0.0834,113.5719,28.5558,0.0138,90.9591,205.4134,0.063,0.000141,-0.0527,0.0078,0.0029,TRANSLATE
-8.609,13.0637,-136.9491,0.0903,137.8399,24.268,0.007,98.4547,571.1075,0.0705,0.000214,-0.0614,0.0234,0.0037,TRANSLATE
-8.5372,14.1103,-149.228,0.1086,150.1366,12.2967,0.0183,111.8767,877.5549,0.0816,0.000321,-0.0729,0.0318,0.004,TRANSLATE
-12.0548,15.6789,-136.3199,0.1329,137.7471,12.3895,0.0242,124.8623,537.6831,0.0969,0.000481,-0.0882,0.0329,0.0048,TRANSLATE
-13.4032,16.0337,-116.7747,0.1521,118.6299,19.1172,0.0192,131.5851,182.7125,0.1135,0.000666,-0.1067,0.0298,0.005,TRANSLATE
-19.9007,14.9989,-104.3948,0.1683,107.3279,11.3021,0.0162,130.3363,233.9405,0.1304,0.000798,-0.1257,0.0302,0.0044,TRANSLATE
-23.2987,13.7366,-136.2377,0.1803,138.8965,31.5686,0.012,130.5476,237.2904,0.1484,0.00065,-0.1419,0.038,0.0031,TRANSLATE
-19.7421,15.458,-131.5964,0.1812,133.9639,4.9326,0.0009,127.313,152.4167,0.1629,0.000337,-0.1557,0.0428,0.0033,TRANSLATE
-23.0374,16.4383,-119.799,0.1794,123.0965,10.8674,0.0019,124.3829,125.6129,0.1723,0.000124,-0.1649,0.0444,0.003,TRANSLATE
-20.7924,16.435,-103.6798,0.1772,107.0137,16.0827,0.0022,122.0597,173.9337,0.1773,2.2e-05,-0.1702,0.0373,0.0019,TRANSLATE
-15.7933,19.2855,-70.7157,0.1684,74.9805,32.0332,0.0088,115.5902,531.9643,0.1773,2.2e-05,-0.1716,0.0206,0.0018,TRANSLATE
-18.2253,19.294,-43.1601,0.1485,50.6677,24.3128,0.0199,97.9444,954.9419,0.1709,0.000146,-0.1686,-0.0003,0.0029,TRANSLATE
-18.9396,19.7446,-31.6781,0.1182,41.8576,8.8101,0.0302,79.5232,985.2668,0.1583,0.000521,-0.157,-0.0109,0.0031,TRANSLATE
-15.8079,21.0176,-21.605,0.0864,34.0353,7.8223,0.0319,61.711,702.0948,0.1397,0.001122,-0.1386,-0.0158,0.0033,TRANSLATE
-17.4807,20.8672,-12.8496,0.0589,30.1019,3.9334,0.0275,46.3286,254.8356,0.1161,0.001589,-0.115,-0.0137,0.0036,TRANSLATE
-17.2314,21.3594,-9.6859,0.0346,29.1026,0.9993,0.0243,37.153,65.8052,0.0893,0.001653,-0.0887,-0.0088,0.0039,TRANSLATE
-16.6539,22.3187,-8.5831,0.0149,29.1402,0.0375,0.0197,32.8475,23.5798,0.0626,0.001347,-0.0623,-0.0044,0.0028,TRANSLATE
-17.2075,22.2925,-7.0509,0.0032,29.0305,0.1097,0.0117,30.2821,3.6762,0.0396,0.000904,-0.0393,-0.003,0.0014,TRANSLATE
-17.5941,22.3996,-2.5032,0.0055,28.593,0.4374,0.0023,29.1936,0.2447,0.0234,0.000437,-0.0211,-0.0022,0.0002,TRANSLATE
-17.9847,22.0634,4.0474,0.0119,28.7511,0.1581,0.0064,28.9235,0.0459,0.014,0.000124,-0.007,-0.0016,-0.0005,TRANSLATE
-18.2346,21.8258,12.1223,0.0148,30.9163,2.1652,0.0028,29.2862,0.7021,0.0101,2.4e-05,0.0028,-0.0007,-0.0013,TRANSLATE
-18.3533,22.2294,23.3072,0.0171,37.0704,6.1542,0.0023,30.8723,10.3011,0.0105,2.9e-05,0.0091,0.0004,-0.0019,TRANSLATE
-17.7202,22.4585,31.677,0.0217,42.6828,5.6124,0.0045,33.6027,30.065,0.0142,2.9e-05,0.0139,0.0013,-0.0023,TRANSLATE
-17.8167,22.3949,33.076,0.0252,43.7378,1.0549,0.0035,36.6317,36.4149,0.0181,2.3e-05,0.0178,0.0023,-0.0026,TRANSLATE
-17.0534,22.2128,28.4046,0.0284,39.8879,3.8498,0.0032,38.859,21.1537,0.0214,2.5e-05,0.021,0.0028,-0.0029,TRANSLATE
-16.8583,22.0421,24.9174,0.0292,37.2952,2.5927,0.0008,40.1348,7.3976,0.0243,2e-05,0.0239,0.0023,-0.003,TRANSLATE
-15.8148,22.3993,19.487,0.0306,33.639,3.6562,0.0014,39.4485,13.4877,0.027,1e-05,0.0267,0.0013,-0.003,TRANSLATE
-16.5737,22.5945,15.5771,0.0298,32.06,1.579,0.0008,37.324,17.7999,0.0286,4e-06,0.0284,0.0003,-0.0029,TRANSLATE
-16.359,22.1256,12.9836,0.028,30.4258,1.6342,0.0019,34.6616,12.0013,0.0292,1e-06,0.029,-0.0006,-0.0029,TRANSLATE
-16.9091,21.6348,13.6837,0.0246,30.6794,0.2536,0.0034,32.8199,6.3181,0.0284,5e-06,0.0283,-0.0009,-0.0028,TRANSLATE
-17.8679,21.1829,15.5501,0.0234,31.777,1.0976,0.0011,31.7163,1.3118,0.0273,8e-06,0.027,0.0,-0.0028,TRANSLATE
-18.2224,20.7182,15.7182,0.0238,31.7547,0.0223,0.0004,31.3394,0.4307,0.0259,6e-06,0.0255,0.0018,-0.0027,TRANSLATE
-18.3436,20.6245,15.6277,0.0234,31.7188,0.0359,0.0004,31.2712,0.351,0.0246,3e-06,0.024,0.0034,-0.0027,TRANSLATE
-18.053,21.0746,15.7834,0.0238,31.9244,0.2056,0.0004,31.5709,0.2036,0.0238,0.0,0.023,0.0051,-0.0027,TRANSLATE
-15.933,21.6722,16.8236,0.024,31.7266,0.1978,0.0003,31.7803,0.0056,0.0237,0.0,0.0224,0.0069,-0.0026,TRANSLATE
-16.9808,21.3846,22.3245,0.026,35.2709,3.5442,0.0019,32.4791,1.9541,0.0242,1e-06,0.0219,0.0094,-0.0022,TRANSLATE
-20.3752,20.0765,17.6846,0.0339,33.6298,1.6411,0.0079,32.8541,1.9734,0.0262,1.6e-05,0.0212,0.0135,-0.0027,TRANSLATE
-17.8814,21.1205,15.4414,0.0337,31.6901,1.9397,0.0002,32.8483,1.9865,0.0283,2.1e-05,0.0201,0.018,-0.003,TRANSLATE
-20.0083,21.2246,12.1656,0.0419,31.6041,0.086,0.0081,32.7843,2.1213,0.0319,4.1e-05,0.0198,0.0238,-0.0027,TRANSLATE
-20.5035,21.139,15.9075,0.0467,33.4709,1.8668,0.0049,33.1331,1.8702,0.0364,5.2e-05,0.0196,0.0301,-0.0023,TRANSLATE
-19.1591,21.6706,23.1229,0.0617,37.0318,3.5609,0.015,33.4853,3.8721,0.0436,0.000107,0.0194,0.0386,-0.0022,TRANSLATE
-18.2272,20.4896,12.0733,0.0811,29.9637,7.0681,0.0193,32.7521,5.8107,0.053,0.00028,0.0197,0.0488,-0.0014,TRANSLATE
-13.8349,21.0042,-4.9539,0.0915,25.6344,4.3293,0.0104,31.541,14.2507,0.0646,0.000368,0.0206,0.0608,-0.001,TRANSLATE
-12.8179,21.0565,-23.3443,0.0933,33.9504,8.3161,0.0018,32.0102,15.1908,0.0749,0.000323,0.0208,0.0717,-0.0008,TRANSLATE
-11.6137,19.7264,-38.0973,0.0851,44.4457,10.4952,0.0081,34.2052,40.8743,0.0825,0.000128,0.021,0.0798,0.0001,TRANSLATE
-10.666,20.4124,-45.0373,0.0795,50.5844,6.1387,0.0057,36.9157,85.5852,0.0861,3e-05,0.0221,0.0831,0.0015,TRANSLATE
-13.5703,19.833,-50.6486,0.0722,56.0605,5.4761,0.0073,42.1351,121.9817,0.0843,6e-05,0.0233,0.0808,0.0025,TRANSLATE
-10.8875,20.5008,-53.6563,0.0631,58.4622,2.4017,0.0091,48.7006,77.7352,0.0786,0.000108,0.0236,0.0747,0.0035,TRANSLATE
-9.3912,19.0944,-54.7094,0.057,58.7019,0.2398,0.0061,53.6509,29.7213,0.0714,0.000107,0.0233,0.0672,0.0045,TRANSLATE
-9.1474,19.5443,-53.7301,0.0493,57.9014,0.8005,0.0077,56.3421,9.145,0.0642,0.000115,0.0213,0.0603,0.0047,TRANSLATE
-8.3148,20.1573,-54.7497,0.0442,58.932,1.0306,0.0051,58.0116,1.0691,0.0571,9.8e-05,0.0178,0.054,0.004,TRANSLATE
-2.2799,14.1352,-56.5154,0.0348,58.3008,0.6311,0.0094,58.4597,0.1237,0.0497,9.7e-05,0.0132,0.0474,0.0039,TRANSLATE
-5.1614,16.5113,-65.2498,0.0253,67.5041,9.2032,0.0095,60.268,13.2137,0.0421,0.000122,0.0085,0.0408,0.0035,TRANSLATE
-8.101,16.434,-93.6123,0.0101,95.3885,27.8845,0.0152,67.6054,205.5768,0.0327,0.000195,0.0039,0.0321,0.0029,TRANSLATE
-6.9808,15.8097,-107.6305,0.0178,109.0092,13.6206,0.0077,77.8269,425.1183,0.0264,0.000146,0.0003,0.0192,0.0021,TRANSLATE
-8.3065,15.8415,-98.145,0.033,99.7617,9.2475,0.0152,85.9929,383.2589,0.0242,8.6e-05,-0.0022,0.004,0.0015,TRANSLATE
-10.4609,15.7107,-93.8004,0.0276,95.6806,4.0811,0.0054,93.4688,192.7698,0.0227,6.4e-05,-0.0001,-0.0075,0.0009,TRANSLATE
-10.5687,17.5248,-107.0966,0.0366,109.0344,13.3538,0.009,101.7749,37.4028,0.025,9.5e-05,0.0046,-0.0182,0.0003,TRANSLATE
-9.0018,18.1542,-109.0835,0.0582,110.9496,1.9153,0.0216,104.8871,36.3951,0.0346,0.000179,0.0095,-0.0309,-0.0003,TRANSLATE
-6.4921,19.3078,-107.8074,0.0845,109.715,1.2346,0.0263,105.0282,37.6386,0.048,0.000442,0.0125,-0.0445,-0.0008,TRANSLATE
-12.7749,18.9056,-83.3585,0.1246,86.4248,23.2902,0.0401,102.3609,94.1939,0.0663,0.001236,0.0133,-0.0629,-0.0008,TRANSLATE
-14.4481,19.1588,-43.6711,0.1337,49.8295,36.5954,0.0091,93.1907,553.0853,0.0875,0.001395,0.0099,-0.0849,-0.0008,TRANSLATE
-15.7147,19.9771,-18.3682,0.1294,31.3596,18.4699,0.0043,77.6557,1026.162,0.1061,0.000882,0.0054,-0.1052,-0.001,TRANSLATE
-20.4186,19.7223,9.2242,0.1251,29.8492,1.5104,0.0043,61.4356,998.4659,0.1195,0.000316,0.0019,-0.1194,-0.0015,TRANSLATE
-19.488,19.8966,12.5169,0.0884,30.5341,0.6849,0.0368,45.5994,472.4827,0.1202,0.000265,0.003,-0.12,-0.0019,TRANSLATE
-20.2467,19.6923,-8.3334,0.0918,29.4475,1.0865,0.0035,34.204,61.4604,0.1137,0.00038,0.0054,-0.1133,-0.0023,TRANSLATE
-18.2598,19.4194,-3.8729,0.1009,26.9358,2.5118,0.0091,29.6252,2.2298,0.1071,0.000289,0.0067,-0.1067,-0.0026,TRANSLATE
-18.1329,19.7449,8.261,0.102,28.0519,1.1161,0.0011,28.9637,1.6856,0.1016,0.000165,0.0063,-0.1012,-0.0024,TRANSLATE
-19.2875,19.8428,25.8776,0.0883,37.8866,9.8347,0.0137,30.5712,14.8685,0.0943,3.6e-05,0.0053,-0.0939,-0.0018,TRANSLATE
-19.4769,20.1899,35.7271,0.0677,45.4247,7.5381,0.0206,33.5493,50.1244,0.0901,0.000154,0.0037,-0.0899,-0.0013,TRANSLATE
-19.0815,20.3582,36.3723,0.0543,45.8421,0.4174,0.0133,36.8282,66.231,0.0826,0.000353,0.0035,-0.0824,-0.0012,TRANSLATE
-19.8527,20.0553,37.8134,0.0445,47.1826,1.3405,0.0099,40.8776,51.7043,0.0713,0.00045,0.0044,-0.0709,-0.0012,TRANSLATE
-19.5322,20.3661,36.057,0.0326,45.7864,1.3963,0.0118,44.4245,11.0432,0.0575,0.00037,0.0062,-0.0569,-0.0013,TRANSLATE
-19.0882,20.3491,29.7925,0.0221,40.8171,4.9692,0.0105,45.0106,4.7535,0.0442,0.000255,0.0079,-0.0434,-0.0015,TRANSLATE
-18.9081,21.1262,21.5027,0.0134,35.5837,5.2335,0.0088,43.0424,18.6187,0.0334,0.000218,0.0078,-0.0323,-0.0017,TRANSLATE
-19.2796,21.6041,16.8459,0.0087,33.4996,2.0841,0.0047,40.5739,29.1704,0.0243,0.000169,0.0068,-0.023,-0.0018,TRANSLATE
-19.1706,21.6176,16.8205,0.0045,33.4329,0.0667,0.0042,37.824,23.0718,0.0163,0.000101,0.0058,-0.0146,-0.0019,TRANSLATE
-18.8958,21.6566,15.1876,0.0048,32.5073,0.9256,0.0003,35.1681,8.9918,0.0107,4.3e-05,0.005,-0.0076,-0.0018,TRANSLATE
-19.776,21.6503,19.3564,0.0065,35.1354,2.6281,0.0017,34.0318,1.3184,0.0076,1.1e-05,0.0043,-0.0024,-0.0017,TRANSLATE
-19.7333,21.9859,15.8445,0.0133,33.5236,1.6118,0.0068,33.6198,0.7187,0.0076,1.1e-05,0.0038,0.0026,-0.0016,TRANSLATE
-18.8617,22.0949,12.335,0.0125,31.561,1.9625,0.0008,33.232,1.4131,0.0083,1.5e-05,0.004,0.0061,-0.0014,TRANSLATE
-18.5987,21.6416,11.1961,0.0126,30.6533,0.9078,0.0001,32.6761,2.426,0.01,1.3e-05,0.0041,0.0088,-0.0013,TRANSLATE
-18.9446,21.6289,7.3069,0.0136,29.6664,0.9868,0.001,32.1079,3.9091,0.0117,7e-06,0.0042,0.0108,-0.0013,TRANSLATE
-18.115,21.1906,3.1267,0.0111,28.053,1.6134,0.0025,30.6915,3.3581,0.0126,1e-06,0.004,0.0119,-0.0013,TRANSLATE
-18.3639,21.315,-2.8892,0.0039,28.2827,0.2296,0.0072,29.6433,1.8157,0.0107,1.2e-05,0.0028,0.0099,-0.0013,TRANSLATE
-18.6349,21.0145,-6.2833,0.0044,28.781,0.4983,0.0005,29.0873,0.9197,0.0091,1.7e-05,0.001,0.0081,-0.0015,TRANSLATE
-19.6579,20.7741,-11.436,0.0051,30.8022,2.0212,0.0007,29.1171,1.0166,0.0076,1.6e-05,-0.0004,0.005,-0.0016,TRANSLATE
-19.6107,20.6036,-12.6769,0.015,31.1415,0.3393,0.0098,29.4121,1.6889,0.0079,1.9e-05,-0.0011,-0.0006,-0.0016,TRANSLATE
-18.9136,20.3954,-11.2665,0.0285,30.0105,1.131,0.0135,29.8036,1.2378,0.0114,9e-05,-0.0011,-0.0084,-0.0015,TRANSLATE
-14.8246,21.5226,-12.4788,0.038,28.9605,1.05,0.0095,29.9392,0.8989,0.0182,0.000173,0.0,-0.0165,-0.001,TRANSLATE
-13.8409,21.4337,-13.8143,0.0511,29.014,0.0534,0.0131,29.9857,0.7997,0.0275,0.000265,0.0009,-0.0272,-0.0004,TRANSLATE
-13.3477,20.4626,-10.6452,0.072,26.6496,2.3644,0.0209,29.1552,2.2026,0.0409,0.000381,0.0008,-0.0408,-0.0002,TRANSLATE
-13.4688,21.4419,4.9526,0.1009,25.801,0.8485,0.0289,28.0871,2.5228,0.0581,0.000672,-0.0012,-0.0579,-0.0004,TRANSLATE
-21.0438,22.1598,34.2933,0.1221,45.934,20.1329,0.0211,31.2718,55.3427,0.0768,0.000965,-0.0041,-0.0765,-0.0001,TRANSLATE
-21.9913,23.4122,65.0253,0.1337,72.5261,26.5921,0.0116,39.9849,318.739,0.0959,0.000943,-0.0068,-0.0956,-0.0005,TRANSLATE
-24.268,22.7985,103.4077,0.1424,108.6364,36.1103,0.0087,55.9094,983.6821,0.1142,0.000639,-0.0083,-0.1139,-0.0004,TRANSLATE
-26.1613,21.9419,158.2887,0.1503,161.9295,53.2931,0.0079,82.9654,2328.4802,0.1299,0.000297,-0.0081,-0.1295,-0.0003,TRANSLATE
-29.7822,23.3536,193.2872,0.1179,196.9576,35.0281,0.0324,117.1967,3101.9897,0.1333,0.000147,-0.0067,-0.133,0.0,TRANSLATE
-29.4664,22.9735,205.3923,0.0945,208.7631,11.8055,0.0234,149.7625,2702.6606,0.1277,0.000392,-0.0057,-0.1276,0.0001,TRANSLATE
-31.195,23.1631,218.5482,0.0799,221.9752,13.2121,0.0145,179.6524,1659.0984,0.117,0.000726,-0.0056,-0.1168,0.0005,TRANSLATE
-34.1403,22.6055,235.1823,0.0599,238.7201,16.7449,0.0201,205.6691,671.3738,0.1005,0.000978,-0.0054,-0.1003,0.0005,TRANSLATE
-35.5248,22.2094,251.8646,0.0198,255.3254,16.6053,0.0401,224.3483,432.9813,0.0744,0.001104,-0.004,-0.074,0.0006,TRANSLATE
-37.0761,22.18,254.0604,0.0372,257.7078,2.3824,0.0175,236.4983,357.8799,0.0583,0.000742,0.0005,-0.0442,0.0013,TRANSLATE
-40.6015,23.219,239.0827,0.0871,243.6148,14.093,0.0498,243.4687,165.5749,0.0568,0.000643,0.0068,-0.0087,0.0022,TRANSLATE
-36.7374,23.9721,217.2256,0.1315,221.6106,22.0042,0.0445,243.3957,168.7306,0.0671,0.001547,0.0141,0.0329,0.0025,TRANSLATE
-31.5431,24.1777,192.2961,0.1652,196.3602,25.2504,0.0337,234.9237,535.0525,0.0882,0.003018,0.0199,0.0776,0.0026,TRANSLATE
-28.7001,24.5703,171.9462,0.1917,176.048,20.3121,0.0265,219.0683,893.681,0.1225,0.003045,0.0245,0.1194,0.0028,TRANSLATE
-28.2788,24.0906,151.6539,0.22,156.1376,19.9104,0.0283,198.7542,974.4728,0.1591,0.002153,0.0275,0.1565,0.0024,TRANSLATE
-25.7137,23.06,119.4606,0.241,124.3535,31.7841,0.021,174.902,1110.1427,0.1899,0.001508,0.031,0.1873,0.0014,TRANSLATE
-23.2553,22.3949,79.5122,0.2486,85.8169,38.5366,0.0076,147.7432,1523.4374,0.2133,0.000968,0.0345,0.2105,0.0006,TRANSLATE
-22.0543,21.544,40.9004,0.2289,51.2189,34.5979,0.0197,118.715,2071.4651,0.2261,0.000391,0.0371,0.223,-0.0,TRANSLATE
-20.5653,21.2071,15.3078,0.1947,33.2716,17.9473,0.0342,90.1597,2058.7585,0.2267,0.000352,0.0363,0.2237,-0.0008,TRANSLATE
-19.296,20.9719,7.6681,0.1562,29.512,3.7597,0.0385,64.8346,1282.41,0.2139,0.001172,0.0304,0.2114,-0.0014,TRANSLATE
-19.4305,21.4182,1.4376,0.1232,28.9543,0.5577,0.033,45.7547,467.3484,0.1903,0.002115,0.0203,0.1885,-0.0017,TRANSLATE
-19.4725,20.9502,-0.0999,0.0875,28.6024,0.3518,0.0357,34.3118,74.2542,0.1581,0.002513,0.0085,0.1569,-0.0019,TRANSLATE
-19.2155,21.0164,1.7451,0.063,28.5302,0.0723,0.0245,29.7741,3.1787,0.1249,0.002218,-0.0015,0.124,-0.002,TRANSLATE
-19.0162,21.0568,3.3711,0.0422,28.5722,0.042,0.0208,28.8342,0.1377,0.0944,0.001683,-0.0086,0.0934,-0.0019,TRANSLATE
-19.2036,21.1611,4.5031,0.0284,28.9283,0.3561,0.0137,28.7175,0.034,0.0688,0.001136,-0.0122,0.0673,-0.0018,TRANSLATE
-19.5129,21.5601,7.465,0.0189,30.0219,1.0936,0.0096,28.931,0.3175,0.048,0.000609,-0.0129,0.0455,-0.0017,TRANSLATE
-18.8572,21.3731,8.5376,0.0128,29.7539,0.2681,0.0061,29.1613,0.3783,0.033,0.000322,-0.0124,0.0294,-0.0016,TRANSLATE
-18.5701,21.2672,8.9207,0.0114,29.6095,0.1444,0.0014,29.3772,0.2922,0.0227,0.00013,-0.012,0.0166,-0.0014,TRANSLATE
-18.8592,21.0138,7.6678,0.0125,29.2582,0.3513,0.0011,29.5144,0.1466,0.0168,4.1e-05,-0.0116,0.0072,-0.0013,TRANSLATE
-17.8999,21.0579,2.5968,0.0151,27.7594,1.4988,0.0027,29.2806,0.6393,0.0141,7e-06,-0.0109,-0.0003,-0.0012,TRANSLATE
-17.8668,21.3463,1.1368,0.018,27.86,0.1006,0.0029,28.8482,0.746,0.014,6e-06,-0.0102,-0.0062,-0.001,TRANSLATE
-17.3622,21.2896,-1.2468,0.0197,27.4999,0.3601,0.0017,28.3974,0.7423,0.0153,1e-05,-0.0096,-0.0109,-0.0009,TRANSLATE
-17.1116,21.3348,-3.1475,0.0209,27.5297,0.0298,0.0012,27.9815,0.426,0.0172,9e-06,-0.0091,-0.0142,-0.0008,TRANSLATE
-17.1924,21.3866,-4.368,0.0215,27.7857,0.2559,0.0006,27.6869,0.0209,0.019,5e-06,-0.0087,-0.0168,-0.0008,TRANSLATE
-16.9571,21.1311,-7.4538,0.0209,28.1003,0.3146,0.0006,27.7551,0.0494,0.0202,2e-06,-0.0085,-0.0183,-0.0007,TRANSLATE
-16.5406,21.4143,-11.1755,0.021,29.2755,1.1753,0.0001,28.0382,0.4294,0.0208,0.0,-0.0085,-0.0189,-0.0006,TRANSLATE
-16.6169,21.4408,-12.2341,0.0213,29.7574,0.4819,0.0003,28.4897,0.7587,0.0211,0.0,-0.0087,-0.0192,-0.0005,TRANSLATE
-17.0373,21.8776,-12.0529,0.0211,30.2353,0.4779,0.0002,29.0308,0.891,0.0211,0.0,-0.0088,-0.0192,-0.0005,TRANSLATE
-16.7454,21.7896,-10.7392,0.0204,29.5047,0.7306,0.0007,29.3746,0.5076,0.0209,0.0,-0.0089,-0.0189,-0.0004,TRANSLATE
-17.7057,21.5786,-9.5976,0.0192,29.5168,0.0121,0.0011,29.6579,0.1066,0.0206,1e-06,-0.0088,-0.0186,-0.0004,TRANSLATE
-17.9708,21.0316,-12.9062,0.0148,30.5262,1.0094,0.0045,29.9081,0.1655,0.0193,6e-06,-0.0084,-0.0174,-0.0004,TRANSLATE
-17.3267,20.5472,-16.7281,0.0145,31.658,1.1318,0.0002,30.2882,0.6289,0.018,8e-06,-0.008,-0.0161,-0.0004,TRANSLATE
-17.4676,20.4721,-20.6262,0.0138,33.9067,2.2487,0.0007,31.0225,2.7079,0.0165,7e-06,-0.0079,-0.0145,-0.0004,TRANSLATE
-15.2334,20.6558,-27.5447,0.0145,37.6488,3.7421,0.0007,32.6513,8.3758,0.0154,4e-06,-0.0085,-0.0125,-0.0005,TRANSLATE
-15.5555,21.0965,-31.2827,0.0247,40.8123,3.1635,0.0102,34.9104,14.6275,0.0165,1.7e-05,-0.0111,-0.0116,-0.0005,TRANSLATE
-14.1007,21.3897,-34.0074,0.0269,42.5776,1.7653,0.0021,37.3207,16.731,0.0189,3.2e-05,-0.0146,-0.0111,-0.0008,TRANSLATE
-14.1961,21.4149,-33.4778,0.033,42.2006,0.377,0.0062,39.4292,10.6347,0.0226,5.5e-05,-0.0196,-0.01,-0.0009,TRANSLATE
-13.9882,21.5913,-31.3697,0.0314,40.5698,1.6308,0.0016,40.7618,3.0195,0.0261,4.2e-05,-0.024,-0.0095,-0.0013,TRANSLATE
-13.6405,21.4262,-25.8239,0.0328,36.2218,4.348,0.0014,40.4764,5.1222,0.0298,1.1e-05,-0.028,-0.0093,-0.0013,TRANSLATE
-13.2156,21.7128,-23.0279,0.0311,34.2984,1.9234,0.0016,39.1736,11.036,0.031,5e-06,-0.03,-0.0073,-0.0013,TRANSLATE
-13.4099,20.7671,-22.6285,0.0315,33.5134,0.7849,0.0003,37.3608,11.8399,0.032,1e-06,-0.0313,-0.0056,-0.0014,TRANSLATE
-14.6061,20.3262,-23.4466,0.0332,34.2963,0.7828,0.0017,35.78,6.5343,0.032,1e-06,-0.0314,-0.004,-0.0021,TRANSLATE
-18.7255,19.6391,-22.9916,0.0354,35.5662,1.2699,0.0022,34.7792,0.9534,0.0328,2e-06,-0.0325,-0.0017,-0.0022,TRANSLATE
-15.8398,21.4206,-19.0308,0.038,32.7401,2.8261,0.0025,34.0829,0.8839,0.0338,7e-06,-0.0337,0.0002,-0.0022,TRANSLATE
-14.7937,22.9959,-12.909,0.0413,30.2375,2.5026,0.0033,33.2707,3.1723,0.0359,1.2e-05,-0.0356,0.0023,-0.0029,TRANSLATE
-18.5568,21.2123,-8.321,0.0451,29.3864,0.8512,0.0038,32.4453,5.4969,0.0386,1.8e-05,-0.0376,0.006,-0.003,TRANSLATE
-17.558,22.5886,-10.4037,0.0474,30.4428,1.0564,0.0023,31.6746,5.0197,0.0414,1.9e-05,-0.0394,0.0102,-0.0028,TRANSLATE
-19.0557,20.4146,-13.4854,0.0468,31.0119,0.5691,0.0005,30.7637,1.2489,0.0437,1.3e-05,-0.0407,0.014,-0.0025,TRANSLATE
-21.7821,22.0848,-12.6977,0.0478,33.5176,2.5058,0.001,30.9192,1.9603,0.0457,6e-06,-0.0418,0.0174,-0.0033,TRANSLATE
-18.0351,23.8616,-11.6832,0.0547,32.1113,1.4063,0.0069,31.294,2.0112,0.0484,1.1e-05,-0.0433,0.021,-0.0037,TRANSLATE
-16.9218,24.7987,-12.2747,0.0616,32.4344,0.3231,0.0069,31.9036,1.1718,0.0516,3.3e-05,-0.0452,0.0245,-0.0037,TRANSLATE
-13.6031,23.9639,-18.6041,0.0661,33.248,0.8136,0.0046,32.4646,0.7917,0.0554,5.7e-05,-0.0469,0.0287,-0.0036,TRANSLATE
-15.2699,25.0024,-25.852,0.066,39.072,5.824,0.0001,34.0767,6.5024,0.0592,5e-05,-0.0489,0.0325,-0.0031,TRANSLATE
-20.3816,24.5613,-32.2504,0.0617,45.3735,6.3015,0.0043,36.4478,26.3412,0.062,1.7e-05,-0.0503,0.0358,-0.0015,TRANSLATE
-20.3334,23.8272,-31.4066,0.0512,44.3571,1.0164,0.0105,38.897,29.0931,0.0613,2.9e-05,-0.05,0.0348,0.0005,TRANSLATE
-26.8198,22.7992,-16.7377,0.0415,38.9777,5.3794,0.0097,40.2056,19.0287,0.0573,9.2e-05,-0.0478,0.0302,0.0017,TRANSLATE
-28.734,19.3144,2.4286,0.0325,34.7071,4.2705,0.0091,40.4975,15.3084,0.0506,0.000155,-0.0434,0.025,0.0022,TRANSLATE
-28.2559,19.5578,10.9928,0.034,36.0797,1.3726,0.0015,39.899,18.4471,0.0442,0.000121,-0.0353,0.0231,0.0022,TRANSLATE
-24.5923,20.5337,5.513,0.0394,32.5085,3.5712,0.0055,37.326,16.7568,0.0397,4.4e-05,-0.0252,0.0239,0.0019,TRANSLATE
-22.2363,20.502,-10.2552,0.0276,31.9367,0.5718,0.0119,34.842,6.508,0.035,2.5e-05,-0.0145,0.0252,0.0014,TRANSLATE
-20.0328,22.8141,-21.251,0.0125,37.0594,5.1227,0.0151,34.4583,3.9234,0.0292,8.4e-05,-0.0041,0.0234,0.0012,TRANSLATE
-16.1575,21.7044,-20.9883,0.0322,34.244,2.8154,0.0197,34.3657,3.9116,0.0291,8.4e-05,0.0057,0.0152,0.0017,TRANSLATE
-17.3979,22.8354,-6.8625,0.0563,29.5167,4.7274,0.0241,33.0531,6.3036,0.0336,0.000207,0.0149,-0.0001,0.0018,TRANSLATE
-15.4964,24.3183,8.5975,0.0749,30.0905,0.5738,0.0185,32.5695,7.7659,0.0407,0.00049,0.0254,-0.0186,0.0018,TRANSLATE
-7.7034,23.4703,16.7905,0.0903,29.8683,0.2221,0.0154,32.1558,8.9739,0.0532,0.00079,0.0379,-0.0356,0.0023,TRANSLATE
-16.444,22.0293,17.8699,0.099,32.7876,2.9193,0.0087,31.3014,3.5147,0.0705,0.000577,0.0512,-0.048,0.0026,TRANSLATE
-18.2302,20.6766,12.9084,0.1023,30.4383,2.3494,0.0033,30.5403,1.3525,0.0846,0.000289,0.0634,-0.0553,0.0025,TRANSLATE
-23.4935,20.1288,8.1455,0.1054,31.9916,1.5533,0.0031,31.0352,1.3192,0.0944,0.00012,0.073,-0.0596,0.0026,TRANSLATE
-23.4292,19.8093,9.9351,0.1108,32.2497,0.2581,0.0054,31.4671,1.2492,0.1015,4.7e-05,0.0789,-0.0638,0.0025,TRANSLATE
-24.8371,20.4287,16.6106,0.1153,36.1956,3.946,0.0045,32.7326,3.6084,0.1065,3.4e-05,0.0828,-0.0669,0.0018,TRANSLATE
-21.6947,20.8836,23.3104,0.1159,38.0809,1.8853,0.0006,33.7912,8.208,0.1099,2.9e-05,0.0859,-0.0684,0.0014,TRANSLATE
-22.1182,22.9537,24.8545,0.1122,40.4208,2.3399,0.0037,35.7877,10.7637,0.1119,1.4e-05,0.0885,-0.0681,0.0014,TRANSLATE
-24.2321,25.4942,20.8305,0.1024,40.8786,0.4578,0.0098,37.5651,9.9059,0.1113,2.3e-05,0.0898,-0.0652,0.0011,TRANSLATE
-24.17,25.2766,18.8207,0.0966,39.7154,1.1632,0.0058,39.0583,2.9504,0.1085,5.8e-05,0.0899,-0.0603,0.0009,TRANSLATE
-20.0048,24.7744,20.2003,0.09,37.7096,2.0058,0.0066,39.3611,1.5835,0.1034,9.2e-05,0.0876,-0.0549,0.0006,TRANSLATE
-20.0445,23.607,20.8196,0.0875,37.3166,0.393,0.0025,39.2082,2.0683,0.0978,7.9e-05,0.0847,-0.0487,-0.0,TRANSLATE
-20.1168,23.4888,12.9963,0.0805,33.5457,3.7709,0.007,37.8332,6.2965,0.0914,5.7e-05,0.0807,-0.0426,-0.0006,TRANSLATE
-18.1622,22.7316,7.9627,0.0709,30.1662,3.3795,0.0096,35.6907,11.608,0.0851,7.7e-05,0.0759,-0.0381,-0.0008,TRANSLATE
-18.3016,22.8666,5.3264,0.0614,29.7691,0.397,0.0095,33.7014,11.4241,0.0781,0.000114,0.07,-0.0341,-0.0011,TRANSLATE
-18.8444,22.737,2.8517,0.0499,29.6684,0.1007,0.0115,32.0932,8.8776,0.07,0.000179,0.0631,-0.03,-0.0011,TRANSLATE
-18.7474,22.1958,1.6158,0.0344,29.0987,0.5698,0.0155,30.4496,2.5129,0.0594,0.00026,0.053,-0.0265,-0.0008,TRANSLATE
-19.1042,21.0754,7.1551,0.0243,29.3315,0.2329,0.0101,29.6068,0.1354,0.0482,0.000291,0.0412,-0.0242,-0.0012,TRANSLATE
-18.999,20.701,17.8303,0.0134,33.2778,3.9463,0.0109,30.2291,2.3808,0.0367,0.000297,0.0301,-0.0203,-0.0017,TRANSLATE
-19.2836,20.8827,17.758,0.003,33.5155,0.2377,0.0104,30.9784,3.9371,0.025,0.000265,0.0197,-0.0141,-0.0019,TRANSLATE
-19.4862,20.6811,16.5845,0.0086,32.9009,0.6146,0.0056,31.6249,3.9152,0.0167,0.000127,0.0101,-0.0075,-0.002,TRANSLATE
-20.2515,20.5324,13.4926,0.0156,31.8395,1.0614,0.007,32.173,2.3476,0.013,5.1e-05,0.0018,-0.002,-0.0021,TRANSLATE
-20.0418,20.0478,10.6941,0.0187,30.2977,1.5418,0.0031,32.3663,1.3988,0.0118,3e-05,-0.0047,0.0035,-0.0015,TRANSLATE
-19.7647,20.4789,6.4209,0.0203,29.1763,1.1214,0.0017,31.546,2.5949,0.0132,4.2e-05,-0.0101,0.0073,-0.001,TRANSLATE
-19.2586,20.3237,1.0024,0.0219,28.017,1.1593,0.0015,30.4463,3.1005,0.017,2.2e-05,-0.0142,0.009,-0.0007,TRANSLATE
-19.3913,20.8777,-4.72,0.0227,28.8822,0.8652,0.0008,29.6425,1.7388,0.0198,6e-06,-0.0172,0.0099,-0.0003,TRANSLATE
-19.5255,20.9084,-10.6635,0.0237,30.5306,1.6485,0.001,29.3808,0.8626,0.0214,3e-06,-0.0189,0.0102,-0.0001,TRANSLATE
-18.361,20.9736,-15.2558,0.0232,31.7767,1.2461,0.0005,29.6766,1.7551,0.0224,1e-06,-0.0198,0.0103,0.0001,TRANSLATE
-17.9107,21.3289,-17.539,0.0205,32.914,1.1373,0.0027,30.4241,3.2424,0.0224,1e-06,-0.0199,0.0103,0.0003,TRANSLATE
-17.3817,21.8725,-23.4187,0.0139,36.455,3.541,0.0066,32.1117,6.5099,0.0208,1.3e-05,-0.0182,0.0099,0.0004,TRANSLATE
-17.7085,22.1105,-24.3443,0.0077,37.3512,0.8962,0.0062,33.8055,7.0454,0.0178,3.8e-05,-0.0156,0.0084,0.0004,TRANSLATE
-17.6293,22.0071,-36.0411,0.0017,45.761,8.4098,0.006,36.8516,24.2086,0.0134,6.3e-05,-0.0117,0.0065,0.0004,TRANSLATE
-16.0128,21.6807,-41.2048,0.0071,49.2371,3.4762,0.0053,40.3437,37.5435,0.0102,4.2e-05,-0.007,0.0032,0.0003,TRANSLATE
-14.2602,20.5289,-41.1826,0.0181,48.1746,1.0625,0.0111,43.3958,29.453,0.0097,3.3e-05,-0.0007,-0.0011,0.0004,TRANSLATE
-16.0051,20.645,-43.0679,0.0277,50.3709,2.1962,0.0095,46.179,21.8023,0.0125,8.6e-05,0.0062,-0.0058,0.0001,TRANSLATE
-15.3103,20.816,-43.2418,0.0423,50.3743,0.0034,0.0146,48.7836,2.9525,0.0194,0.000212,0.0147,-0.0111,-0.0001,TRANSLATE
-15.5045,19.5122,-40.006,0.0606,47.1338,3.2405,0.0183,49.0581,1.5943,0.0312,0.000351,0.0252,-0.0179,-0.0001,TRANSLATE
-19.0005,19.7941,-35.0735,0.0777,44.5306,2.6031,0.0171,48.1168,4.8015,0.0453,0.000469,0.0384,-0.0239,-0.0003,TRANSLATE
-19.9473,19.1884,-34.3619,0.0913,44.1229,0.4077,0.0135,47.3065,7.3344,0.0599,0.00053,0.0527,-0.028,-0.0004,TRANSLATE
-19.5828,18.882,-38.3833,0.0944,47.0457,2.9227,0.0032,46.6415,5.0277,0.0733,0.000382,0.0658,-0.0313,-0.0004,TRANSLATE
-17.6037,18.9275,-45.1441,0.0974,52.0205,4.9749,0.003,46.9707,7.9193,0.0843,0.000185,0.0764,-0.035,-0.0007,TRANSLATE
-20.9736,19.9045,-44.5216,0.0981,53.0872,1.0667,0.0007,48.1614,13.9786,0.0918,5.5e-05,0.082,-0.04,-0.0008,TRANSLATE
-22.1164,20.558,-40.5829,0.1004,50.5839,2.5033,0.0022,49.372,11.0502,0.0963,1e-05,0.0829,-0.0464,-0.0008,TRANSLATE
-32.0494,17.5901,-34.0944,0.0992,49.99,0.5939,0.0012,50.5455,4.239,0.0979,4e-06,0.0794,-0.0544,-0.0012,TRANSLATE
-32.4207,17.3533,-25.8849,0.0947,44.9697,5.0204,0.0045,50.1303,7.8347,0.0979,4e-06,0.0737,-0.0627,-0.0006,TRANSLATE
-31.6116,17.9327,-16.3986,0.0804,39.8721,5.0976,0.0143,47.7006,22.2627,0.0946,5.4e-05,0.0656,-0.0674,0.0005,TRANSLATE
-28.483,19.9993,-8.9657,0.0561,35.9394,3.9328,0.0243,44.271,32.363,0.0861,0.000276,0.0557,-0.0653,0.0013,TRANSLATE
-26.002,18.8525,-4.9132,0.0253,32.491,3.4484,0.0308,40.6524,39.0521,0.0711,0.00075,0.0435,-0.0559,0.0023,TRANSLATE
-22.5173,18.1633,-7.5212,0.0074,29.8915,2.5995,0.0179,36.6327,28.6156,0.0528,0.001068,0.0287,-0.0411,0.0035,TRANSLATE
-20.5763,18.0994,-10.8451,0.0327,29.4718,0.4197,0.0252,33.5331,15.363,0.0404,0.000644,0.012,-0.0219,0.0038,TRANSLATE
-18.4673,19.1639,-15.2417,0.0594,30.6693,1.1975,0.0267,31.6926,5.5791,0.0362,0.000378,-0.0052,0.0,0.0039,TRANSLATE
-11.9145,16.0467,-24.0058,0.0859,31.2367,0.5674,0.0266,30.7521,1.1291,0.0421,0.000758,-0.0222,0.0226,0.0038,TRANSLATE
-8.0409,15.2093,-35.7516,0.1096,39.6756,8.4389,0.0237,32.189,14.3854,0.059,0.001328,-0.0407,0.0419,0.0021,TRANSLATE
-17.114,18.058,-37.5794,0.1247,45.0687,5.3932,0.0151,35.2244,37.2934,0.0825,0.001109,-0.0608,0.0545,0.0011,TRANSLATE
-18.0881,18.5964,-19.6104,0.1436,32.5203,12.5484,0.019,35.8341,31.7656,0.1046,0.00087,-0.0818,0.0631,0.0003,TRANSLATE
-14.9861,18.9084,-4.8414,0.16,24.6079,7.9124,0.0164,34.6219,50.1664,0.1248,0.000668,-0.1015,0.0705,-0.0011,TRANSLATE
-19.0295,18.3767,-4.2544,0.177,26.7941,2.1862,0.017,33.7333,59.3398,0.143,0.00058,-0.1183,0.0792,-0.0019,TRANSLATE
-20.6548,18.9107,-19.3848,0.18,34.0589,7.2648,0.003,32.61,51.037,0.1571,0.000432,-0.1299,0.0873,-0.0016,TRANSLATE
-17.8333,19.1723,-44.0609,0.1746,51.254,17.1951,0.0054,33.847,87.9823,0.1671,0.000184,-0.1361,0.0958,-0.0015,TRANSLATE
-18.7854,19.616,-46.2081,0.1617,53.5991,2.3452,0.0129,38.0628,147.8866,0.1707,6.7e-05,-0.1385,0.099,-0.0011,TRANSLATE
-16.772,19.9959,-46.3853,0.1495,53.2234,0.3757,0.0122,43.7859,124.8946,0.1686,0.00013,-0.1384,0.0947,-0.0005,TRANSLATE
-16.1114,20.8749,-38.402,0.134,46.5838,6.6396,0.0154,47.7438,53.0509,0.16,0.00028,-0.1356,0.0821,0.0001,TRANSLATE
-17.5141,19.9999,-33.4778,0.1209,42.7493,3.8344,0.0131,49.4819,17.5635,0.1481,0.000365,-0.1303,0.0684,0.0007,TRANSLATE
-17.1394,20.6249,-22.601,0.1063,35.0707,7.6786,0.0147,46.2453,47.9964,0.1345,0.000389,-0.1229,0.0538,0.001,TRANSLATE
-16.9209,20.2999,-18.9308,0.0796,32.5081,2.5625,0.0267,42.0271,57.1289,0.1181,0.000574,-0.11,0.0427,0.0009,TRANSLATE
-17.1242,20.4118,-20.0415,0.059,33.3398,0.8317,0.0206,38.0503,31.3366,0.1,0.000747,-0.0936,0.035,0.0008,TRANSLATE
-16.3713,20.3857,-17.1707,0.0396,31.2798,2.06,0.0195,34.9896,16.5723,0.0811,0.000887,-0.076,0.0283,0.0004,TRANSLATE
-16.8751,20.0086,-15.7803,0.0252,30.5636,0.7163,0.0143,32.5524,2.5077,0.0619,0.000827,-0.0585,0.0203,0.0002,TRANSLATE
-17.0345,20.0881,-12.6555,0.0133,29.221,1.3426,0.0119,31.3825,2.0903,0.0433,0.000561,-0.041,0.0136,0.0,TRANSLATE
-17.8276,20.3955,-6.8244,0.0057,27.9351,1.2859,0.0076,30.4679,3.3772,0.0286,0.000363,-0.0271,0.0079,-0.0001,TRANSLATE
-17.8402,20.2726,-4.3158,0.0035,27.3474,0.5878,0.0023,29.2694,2.2387,0.0175,0.00018,-0.0158,0.0029,-0.0,TRANSLATE
-18.1409,20.5931,-2.6651,0.0089,27.573,0.2257,0.0054,28.528,1.4562,0.0113,5.9e-05,-0.0067,-0.0003,-0.0001,TRANSLATE
-18.2033,20.2401,-2.2821,0.0169,27.3172,0.2558,0.008,27.8787,0.4992,0.0097,2.4e-05,0.0011,-0.0033,-0.0001,TRANSLATE
-18.1221,20.5296,-3.3007,0.0191,27.582,0.2648,0.0022,27.551,0.049,0.0108,3.8e-05,0.0071,-0.0054,-0.0002,TRANSLATE
-17.9258,20.9487,-3.5187,0.0198,27.795,0.213,0.0007,27.5229,0.0306,0.0136,4.1e-05,0.0116,-0.0068,-0.0002,TRANSLATE
-18.4281,20.8152,-3.6743,0.0207,28.0423,0.2473,0.0009,27.6619,0.0591,0.0171,1.8e-05,0.015,-0.008,-0.0003,TRANSLATE
-18.2925,20.6897,-3.1394,0.0212,27.7945,0.2478,0.0005,27.7062,0.0591,0.0195,2e-06,0.0173,-0.0091,-0.0003,TRANSLATE
-18.4371,20.7955,-3.0459,0.0212,27.9581,0.1636,0.0001,27.8344,0.0251,0.0204,1e-06,0.0182,-0.0092,-0.0003,TRANSLATE
-18.2809,21.0895,-4.2961,0.0212,28.2386,0.2804,0.0,27.9657,0.0278,0.0208,0.0,0.0186,-0.0092,-0.0004,TRANSLATE
-17.8341,20.8966,-5.1525,0.0209,27.9513,0.2873,0.0003,27.9969,0.021,0.021,0.0,0.0189,-0.0092,-0.0004,TRANSLATE
-17.9986,21.236,-5.7595,0.0202,28.4269,0.4757,0.0006,28.0739,0.0517,0.0209,0.0,0.0189,-0.0091,-0.0004,TRANSLATE
-17.8926,21.2763,-5.1451,0.0193,28.2719,0.155,0.001,28.1693,0.0348,0.0206,1e-06,0.0186,-0.0088,-0.0004,TRANSLATE
-17.8578,20.9992,-4.8067,0.0187,27.9816,0.2902,0.0005,28.1741,0.0329,0.0201,1e-06,0.0182,-0.0084,-0.0004,TRANSLATE
-17.6988,20.5931,-4.8172,0.0179,27.5777,0.404,0.0008,28.0419,0.0857,0.0194,1e-06,0.0177,-0.0079,-0.0005,TRANSLATE
-17.8934,20.537,-3.7413,0.017,27.4943,0.0833,0.0008,27.9505,0.1357,0.0186,1e-06,0.0171,-0.0074,-0.0005,TRANSLATE
-17.621,20.0046,-3.3212,0.0161,26.8647,0.6296,0.0009,27.638,0.2284,0.0178,1e-06,0.0164,-0.007,-0.0004,TRANSLATE
-17.3686,20.1412,-2.0257,0.0153,26.6728,0.1919,0.0008,27.3182,0.2321,0.017,1e-06,0.0156,-0.0067,-0.0004,TRANSLATE
-17.1355,20.4661,-3.0018,0.0123,26.8607,0.1879,0.003,27.094,0.1357,0.0157,4e-06,0.0146,-0.0057,-0.0002,TRANSLATE
-17.0553,20.7791,-5.7796,0.0113,27.4965,0.6358,0.001,27.0778,0.1211,0.0144,5e-06,0.0136,-0.0046,-0.0,TRANSLATE
-17.0817,20.7733,-6.7611,0.01,27.7314,0.2349,0.0013,27.1252,0.1696,0.013,6e-06,0.0122,-0.0042,0.0001,TRANSLATE
-17.5498,20.4624,-5.8433,0.0107,27.5835,0.1479,0.0007,27.269,0.1773,0.0119,3e-06,0.0112,-0.0037,0.0003,TRANSLATE
-17.5461,20.6793,-4.509,0.013,27.4923,0.0911,0.0023,27.4329,0.0893,0.0115,1e-06,0.0107,-0.0036,0.0005,TRANSLATE
-17.1525,20.984,0.3584,0.0149,27.1047,0.3876,0.0019,27.4817,0.043,0.012,3e-06,0.011,-0.0044,0.0006,TRANSLATE
-17.3282,20.5404,9.2711,0.0231,28.4276,1.3229,0.0082,27.6679,0.1873,0.0143,2.2e-05,0.0127,-0.0017,0.0006,TRANSLATE
-17.6626,20.451,14.4231,0.0468,30.6307,2.2031,0.0237,28.2478,1.6058,0.0217,0.000175,0.0177,0.0056,0.0006,TRANSLATE
-15.4988,21.0108,8.3385,0.0747,27.408,3.2227,0.0279,28.2127,1.6574,0.0345,0.000549,0.0252,0.018,0.0005,TRANSLATE
-14.0834,21.5868,-7.9448,0.0876,26.9713,0.4367,0.0129,28.1085,1.8509,0.0494,0.000798,0.0339,0.0327,0.0004,TRANSLATE
-11.5792,21.8757,-20.5809,0.0879,32.19,5.2187,0.0003,29.1255,3.9468,0.064,0.000643,0.0435,0.0466,0.0004,TRANSLATE
-14.529,22.7255,-26.2553,0.0871,37.6415,5.4515,0.0008,30.9683,14.958,0.0768,0.00025,0.0527,0.0556,0.0006,TRANSLATE
-13.2045,23.0211,-32.6324,0.0834,42.0619,4.4203,0.0037,33.2545,34.3216,0.0841,2.5e-05,0.0591,0.0594,0.0004,TRANSLATE
-17.2761,23.2606,-33.5872,0.0804,44.3578,2.296,0.003,36.6445,40.6499,0.0853,9e-06,0.0623,0.0577,0.0005,TRANSLATE
-15.1084,23.0585,-40.426,0.0797,48.9307,4.5729,0.0007,41.0364,32.8375,0.0837,1.1e-05,0.063,0.0549,0.0012,TRANSLATE
-17.5617,21.5968,-40.7627,0.0735,49.3602,0.4295,0.0062,44.4704,19.2504,0.0808,2e-05,0.0608,0.0529,0.0025,TRANSLATE
-19.8837,20.8931,-47.4914,0.0639,55.5636,6.2034,0.0097,48.0548,21.6873,0.0762,4.8e-05,0.0554,0.0515,0.0042,TRANSLATE
-18.0789,19.8488,-49.5868,0.0595,56.3886,0.825,0.0043,50.9202,20.1843,0.0714,7.1e-05,0.0486,0.0512,0.006,TRANSLATE
-17.9756,20.2072,-53.107,0.0603,59.597,3.2084,0.0007,53.968,17.3394,0.0674,6.3e-05,0.0417,0.0517,0.0073,TRANSLATE
-18.1961,19.9595,-65.2106,0.0614,70.5826,10.9856,0.0011,58.2984,48.7211,0.0637,2.6e-05,0.0354,0.0518,0.0086,TRANSLATE
-17.3225,20.3457,-81.8653,0.0524,86.1159,15.5333,0.009,65.6495,133.4663,0.0595,1.5e-05,0.0299,0.0505,0.0085,TRANSLATE
-11.5768,22.6953,-91.8641,0.0408,95.3316,9.2157,0.0116,73.6031,226.0665,0.0549,6e-05,0.0263,0.0474,0.0081,TRANSLATE
-12.2802,21.7281,-109.2319,0.0357,112.047,16.7154,0.0051,84.7348,338.4702,0.0501,0.000106,0.0224,0.0442,0.0067,TRANSLATE
-9.5522,20.2544,-160.3668,0.0139,161.9228,49.8758,0.0217,105.2,984.8626,0.0408,0.000261,0.0152,0.036,0.0055,TRANSLATE
-9.3449,21.4066,-156.4716,0.0354,158.2053,3.7175,0.0214,122.7245,999.9926,0.0356,0.000155,0.0049,0.0202,0.0021,TRANSLATE
-18.1759,16.8753,-150.2929,0.0449,152.3256,5.8797,0.0096,135.9665,731.8503,0.0341,0.000114,-0.0056,0.0042,-0.0001,TRANSLATE
-10.2689,19.2784,-150.7218,0.0501,152.2963,0.0293,0.0052,147.3594,325.1458,0.036,0.000153,-0.0149,-0.0113,-0.0018,TRANSLATE
-9.0213,19.0633,-145.0618,0.0498,146.5869,5.7094,0.0003,154.2674,28.1516,0.0388,0.000183,-0.0207,-0.0273,-0.0019,TRANSLATE
-10.8077,18.535,-136.6588,0.0551,138.3329,8.254,0.0053,149.5494,44.9528,0.0471,4.5e-05,-0.0225,-0.0402,-0.0011,TRANSLATE
-8.8024,18.8562,-132.699,0.0842,134.3207,4.0122,0.0291,144.7725,53.5317,0.0568,0.000198,-0.0255,-0.05,0.0018,TRANSLATE
-12.0044,17.5849,-104.4935,0.1291,106.6407,27.68,0.0449,135.6355,249.4441,0.0737,0.00093,-0.032,-0.0659,0.0036,TRANSLATE
-11.391,18.5086,-60.8167,0.1378,64.5832,42.0574,0.0087,118.0929,895.869,0.0912,0.001335,-0.0411,-0.0809,0.0047,TRANSLATE
-13.041,19.1131,-39.3627,0.1192,45.6596,18.9236,0.0187,97.9074,1375.3496,0.1051,0.000957,-0.0512,-0.0912,0.0055,TRANSLATE
-13.8015,19.5467,-39.5933,0.1076,46.2622,0.6025,0.0115,79.4933,1242.8717,0.1156,0.000347,-0.0605,-0.0982,0.0053,TRANSLATE
-14.26,19.6968,-38.2747,0.1011,45.346,0.9162,0.0065,61.6983,558.2106,0.119,0.000181,-0.0637,-0.1003,0.0042,TRANSLATE
-20.6955,21.0293,-38.0229,0.1076,48.1276,2.7817,0.0065,49.9957,54.1293,0.1147,0.000168,-0.0624,-0.0961,0.0038,TRANSLATE
-22.572,22.2484,-29.6339,0.1119,43.3896,4.7381,0.0043,45.757,2.3316,0.1095,3.5e-05,-0.0588,-0.0922,0.003,TRANSLATE
-22.942,21.6987,-16.429,0.108,35.5961,7.7935,0.0039,43.7443,18.9276,0.1073,1.2e-05,-0.0552,-0.0918,0.0021,TRANSLATE
-22.4723,22.5809,-3.1244,0.0984,32.0104,3.5857,0.0096,40.8939,37.0721,0.1054,2.4e-05,-0.0506,-0.0923,0.0012,TRANSLATE
-20.6466,22.8834,13.5629,0.0925,33.6733,1.6629,0.0059,38.5594,38.0855,0.1037,5.1e-05,-0.0457,-0.0928,0.0006,TRANSLATE
-18.7798,22.6755,22.3129,0.0654,36.9422,3.2689,0.0271,36.3223,15.2937,0.0952,0.00027,-0.0384,-0.0869,-0.0002,TRANSLATE
-18.5582,22.9623,17.8597,0.0521,34.5057,2.4365,0.0133,34.5455,2.8074,0.0833,0.000443,-0.0302,-0.0773,-0.0007,TRANSLATE
-18.5028,23.0636,13.8659,0.0356,32.658,1.8477,0.0166,33.9579,2.9539,0.0688,0.000566,-0.0217,-0.0651,-0.0012,TRANSLATE
-17.5929,22.7821,10.1302,0.0234,30.5148,2.1432,0.0122,33.6588,4.4768,0.0538,0.000578,-0.0139,-0.0517,-0.0017,TRANSLATE
-17.5837,22.2694,13.1573,0.0171,31.2766,0.7618,0.0064,33.1795,5.3819,0.0387,0.000321,-0.0072,-0.0375,-0.0024,TRANSLATE
-17.6826,22.3093,15.9289,0.0099,32.6207,1.3441,0.0072,32.3152,1.8658,0.0276,0.000222,-0.0024,-0.0264,-0.0029,TRANSLATE
-20.0117,22.4193,18.0057,0.0076,35.0328,2.4121,0.0023,32.4206,2.3721,0.0187,0.000102,0.0014,-0.016,-0.0034,TRANSLATE
-19.7093,22.2198,13.8733,0.0145,32.7818,2.251,0.0069,32.4454,2.3863,0.0145,3.1e-05,0.0041,-0.0066,-0.0038,TRANSLATE
-20.0237,22.3884,9.9799,0.0169,31.651,1.1308,0.0024,32.6726,1.7155,0.0132,1.4e-05,0.0057,0.0011,-0.0039,TRANSLATE
-18.894,22.8294,5.0776,0.0157,30.0657,1.5853,0.0012,32.4304,2.6262,0.0129,1.3e-05,0.0066,0.0069,-0.0037,TRANSLATE
-18.6871,22.7511,2.7184,0.013,29.567,0.4988,0.0027,31.8197,3.8858,0.0135,1e-05,0.0075,0.0101,-0.0036,TRANSLATE
-20.459,22.7446,5.4434,0.0149,31.0728,1.5058,0.0019,31.0277,1.3053,0.015,2e-06,0.0089,0.011,-0.0036,TRANSLATE
-21.036,23.2425,6.8548,0.0155,32.0892,1.0164,0.0006,30.8891,0.8961,0.0152,2e-06,0.0104,0.0091,-0.0035,TRANSLATE
-20.9757,23.4472,9.6588,0.0187,32.9096,0.8204,0.0032,31.1409,1.5331,0.0156,3e-06,0.0125,0.0048,-0.0036,TRANSLATE
-20.7399,23.3296,15.5333,0.0187,34.8668,1.9573,0.0,32.1011,3.1565,0.0162,5e-06,0.0144,0.0012,-0.0037,TRANSLATE
-21.8763,22.7824,11.0298,0.0154,33.4555,1.4114,0.0033,32.8788,1.6342,0.0167,3e-06,0.0153,0.0006,-0.0038,TRANSLATE
-23.3198,22.6135,12.4269,0.0098,34.7794,1.324,0.0056,33.6201,1.1548,0.0156,1.1e-05,0.0145,-0.0002,-0.0037,TRANSLATE
-23.2246,22.1439,15.0822,0.0083,35.4571,0.6776,0.0015,34.2937,0.9073,0.0142,1.9e-05,0.0123,-0.0019,-0.0038,TRANSLATE
-21.2453,21.6214,-1.2155,0.0067,30.3368,5.1203,0.0016,33.7791,3.3907,0.0118,2.1e-05,0.009,-0.0018,-0.0036,TRANSLATE
-20.89,19.6315,-15.6537,0.035,32.6623,2.3254,0.0283,33.3382,3.2091,0.015,0.000108,0.0054,-0.0077,-0.0032,TRANSLATE
-16.412,17.7677,-21.8917,0.0809,32.6234,0.0388,0.0459,33.1718,3.2809,0.0281,0.000804,0.0001,-0.0248,-0.003,TRANSLATE
-12.3952,18.1048,-15.9821,0.1282,27.145,5.4784,0.0473,31.6449,7.6971,0.0518,0.002178,-0.0088,-0.0499,-0.0029,TRANSLATE
-16.0662,18.0026,2.4362,0.159,24.2518,2.8932,0.0308,29.4039,10.6999,0.0819,0.003188,-0.0194,-0.079,-0.0022,TRANSLATE
-19.3529,18.8145,39.5646,0.1652,47.8945,23.6427,0.0062,32.9154,66.5755,0.1136,0.002436,-0.0299,-0.1092,-0.0016,TRANSLATE
-23.6011,19.1641,59.6767,0.1588,66.9745,19.08,0.0064,39.7778,251.4739,0.1384,0.000994,-0.04,-0.1323,-0.0008,TRANSLATE
-18.5153,21.6188,77.2663,0.1651,82.3424,15.3679,0.0063,49.7216,504.7066,0.1552,0.000191,-0.0489,-0.1473,0.0002,TRANSLATE
-23.8685,22.9919,98.1662,0.1718,103.6095,21.2671,0.0067,65.0145,749.6737,0.1639,2.3e-05,-0.0526,-0.1552,0.0012,TRANSLATE
-26.4541,23.5154,159.8111,0.1696,163.6838,60.0743,0.0021,92.9009,1586.8259,0.1661,2e-05,-0.0508,-0.158,0.0018,TRANSLATE
-32.2477,23.7905,230.2457,0.1264,233.7071,70.0233,0.0433,130.0634,3765.9304,0.1583,0.000275,-0.0413,-0.1518,0.0021,TRANSLATE
-32.9263,23.2292,272.3966,0.0523,275.3609,41.6539,0.074,171.7408,5455.1616,0.137,0.002068,-0.0226,-0.1279,0.002,TRANSLATE
-33.7441,23.3084,271.1923,0.1116,274.2758,1.0851,0.0593,210.1274,4485.8999,0.1263,0.001925,0.0055,-0.0821,0.0018,TRANSLATE
-35.4516,22.8342,211.4476,0.191,215.6115,58.6643,0.0794,232.5278,1720.9248,0.1302,0.002335,0.0369,-0.0172,0.0012,TRANSLATE
-26.3581,25.808,142.5612,0.223,147.2566,68.3549,0.032,229.2424,2216.4678,0.1409,0.003634,0.0645,0.0557,0.0009,TRANSLATE
-23.6646,25.5683,87.2646,0.2181,93.962,53.2946,0.0049,201.2934,5091.4888,0.1592,0.004449,0.083,0.1209,0.0013,TRANSLATE
-22.788,25.7577,63.1335,0.2112,71.8929,22.0691,0.0069,160.5997,5687.2114,0.191,0.001695,0.091,0.1659,0.0011,TRANSLATE
-19.0929,24.8468,58.1068,0.221,66.0175,5.8755,0.0098,118.9481,3157.0637,0.2129,0.000135,0.091,0.192,0.0013,TRANSLATE
-18.3868,22.6837,46.4667,0.2411,54.8797,11.1378,0.02,86.8017,1075.8661,0.2229,9.9e-05,0.0883,0.2046,0.002,TRANSLATE
-17.3063,20.9282,16.8234,0.2514,31.9456,22.934,0.0103,63.7395,414.8825,0.2286,0.000229,0.0856,0.2119,0.0023,TRANSLATE
-16.7325,20.5176,-14.2101,0.2238,30.0479,1.8978,0.0275,50.9567,295.8284,0.2297,0.00021,0.081,0.2148,0.0016,TRANSLATE
-17.486,19.3172,-34.3743,0.1827,43.1336,13.0857,0.0412,45.2049,187.3196,0.224,0.000552,0.0726,0.2115,0.0013,TRANSLATE
-15.217,20.1787,-42.3651,0.1416,49.3309,6.1973,0.0411,41.8675,92.9538,0.2081,0.001656,0.0593,0.1987,0.0008,TRANSLATE
-14.0392,20.5867,-45.5514,0.1076,51.9215,2.5906,0.034,41.2759,78.9571,0.1814,0.002747,0.0411,0.1754,0.0001,TRANSLATE
-14.9001,21.4006,-41.4974,0.0695,49.0106,2.911,0.038,44.6889,61.8629,0.145,0.002947,0.0216,0.1417,-0.0004,TRANSLATE
-14.7232,21.7393,-33.5729,0.055,42.6205,6.39,0.0146,47.2034,13.5238,0.1113,0.002188,0.0058,0.1096,-0.0008,TRANSLATE
-15.6317,21.782,-29.7021,0.0354,40.0128,2.6078,0.0196,46.5793,20.1626,0.0818,0.001453,-0.0052,0.0804,-0.0009,TRANSLATE
-16.0366,21.6663,-23.9898,0.022,36.0848,3.928,0.0133,43.93,33.6568,0.0579,0.000881,-0.0113,0.0557,-0.0011,TRANSLATE
-16.5512,21.9518,-20.5637,0.0154,34.332,1.7528,0.0066,40.4121,26.9327,0.0395,0.000409,-0.0135,0.0357,-0.0013,TRANSLATE
-17.6284,21.602,-17.1822,0.0136,32.7511,1.5809,0.0018,37.1602,13.3094,0.0283,0.000236,-0.0137,0.0221,-0.0014,TRANSLATE
-17.5996,21.7004,-14.2645,0.0152,31.3708,1.3803,0.0016,34.9103,8.9877,0.0203,6.5e-05,-0.0138,0.0102,-0.0015,TRANSLATE
-17.5203,21.5603,-8.4147,0.02,29.0279,2.343,0.0047,32.7133,5.8746,0.0173,1e-05,-0.0139,0.0012,-0.0015,TRANSLATE
-18.6006,21.6795,-3.5537,0.0189,28.7856,0.2422,0.001,31.2535,4.5556,0.0166,6e-06,-0.0137,-0.005,-0.0015,TRANSLATE
-19.1711,21.8498,2.2602,0.0197,29.1557,0.3701,0.0008,30.2182,2.4685,0.0175,7e-06,-0.0132,-0.0098,-0.0015,TRANSLATE
-19.4119,21.1424,7.6332,0.019,29.7,0.5442,0.0008,29.608,0.8667,0.0186,3e-06,-0.0126,-0.013,-0.0015,TRANSLATE
-19.0733,21.2389,8.5221,0.0181,29.7911,0.0911,0.0009,29.292,0.1521,0.0191,0.0,-0.0119,-0.0148,-0.0014,TRANSLATE
-18.7149,21.3786,8.4396,0.0189,29.6398,0.1513,0.0008,29.4144,0.1473,0.0189,0.0,-0.011,-0.0153,-0.0013,TRANSLATE
-19.1406,20.9279,7.3204,0.0195,29.2904,0.3494,0.0006,29.5154,0.0611,0.019,0.0,-0.0107,-0.0157,-0.0013,TRANSLATE
-18.175,21.1611,6.3063,0.0197,28.5988,0.6916,0.0002,29.404,0.1908,0.019,0.0,-0.0106,-0.0158,-0.0012,TRANSLATE
-17.5869,21.8226,3.0669,0.0191,28.1945,0.4043,0.0006,29.1029,0.3753,0.019,0.0,-0.0105,-0.0159,-0.0012,TRANSLATE
-17.1758,22.4956,-0.8714,0.0185,28.3164,0.1219,0.0006,28.808,0.3173,0.0191,0.0,-0.0104,-0.016,-0.0013,TRANSLATE
-17.5187,22.8558,-2.0597,0.0221,28.8711,0.5547,0.0036,28.6542,0.1561,0.0198,2e-06,-0.0116,-0.0158,-0.0012,TRANSLATE
-17.8775,21.7472,-3.0102,0.0255,28.3126,0.5584,0.0034,28.4587,0.0602,0.021,7e-06,-0.0139,-0.0151,-0.0016,TRANSLATE
-17.6832,22.0071,-2.9238,0.0281,28.3824,0.0697,0.0025,28.4154,0.0556,0.0227,1.4e-05,-0.017,-0.0137,-0.0014,TRANSLATE
-19.7997,21.2776,-5.0203,0.0265,29.4952,1.1128,0.0016,28.6755,0.2113,0.0242,1.2e-05,-0.0201,-0.0118,-0.0014,TRANSLATE
-19.2898,20.5564,-5.9537,0.0289,28.8116,0.6836,0.0024,28.7746,0.1794,0.0262,6e-06,-0.0236,-0.0105,-0.0014,TRANSLATE
-17.3912,20.3451,-7.7849,0.0309,27.8744,0.9372,0.0021,28.5752,0.2999,0.028,4e-06,-0.0262,-0.0092,-0.0015,TRANSLATE
-17.0411,20.8074,-5.2154,0.0358,27.3961,0.4783,0.0049,28.3919,0.5306,0.0301,1e-05,-0.0287,-0.0089,-0.0009,TRANSLATE
-16.4266,21.2646,1.6621,0.0356,26.9218,0.4743,0.0002,28.0998,0.8775,0.0316,1.4e-05,-0.0302,-0.009,-0.0007,TRANSLATE
-15.7819,22.0023,7.7828,0.0354,28.1735,1.2517,0.0002,27.8355,0.4193,0.0333,8e-06,-0.0322,-0.008,-0.0005,TRANSLATE
-15.4912,22.0675,12.8793,0.0341,29.8802,1.7068,0.0014,28.0492,1.0193,0.0344,3e-06,-0.0334,-0.0053,-0.0007,TRANSLATE
-13.9461,21.1196,14.5379,0.0376,29.187,0.6932,0.0036,28.3117,1.2032,0.0357,1e-06,-0.0347,-0.002,-0.0006,TRANSLATE
-11.6006,22.2644,16.424,0.0398,30.0005,0.8135,0.0022,28.8326,1.3346,0.0365,4e-06,-0.0356,0.0025,-0.0011,TRANSLATE
-16.2523,21.7647,19.8455,0.044,33.6405,3.64,0.0042,30.1763,3.4219,0.0382,1.2e-05,-0.0375,0.0056,-0.0014,TRANSLATE
-20.1738,20.3961,28.5201,0.0442,40.4522,6.8117,0.0002,32.6321,17.7076,0.0399,1.5e-05,-0.0392,0.0071,-0.0019,TRANSLATE
-23.4015,20.5231,39.6755,0.0408,50.4279,9.9757,0.0034,36.7416,62.6431,0.0413,6e-06,-0.0401,0.0088,-0.0017,TRANSLATE
-22.7743,20.531,44.4029,0.0442,53.9612,3.5333,0.0033,41.6964,85.9809,0.0426,4e-06,-0.0389,0.0134,-0.0017,TRANSLATE
-20.5882,19.5748,31.1754,0.0485,42.1777,11.7835,0.0044,44.1319,52.7366,0.0443,6e-06,-0.0365,0.0194,-0.0012,TRANSLATE
-19.3331,19.3692,18.7091,0.0465,33.1506,9.027,0.002,44.0339,54.8307,0.0448,7e-06,-0.0343,0.0249,-0.001,TRANSLATE
-20.4665,20.0798,14.786,0.0489,32.2599,0.8908,0.0023,42.3955,77.3061,0.0458,9e-06,-0.0342,0.0284,-0.0005,TRANSLATE
-20.5013,19.9763,18.8101,0.0561,34.2516,1.9918,0.0072,39.1602,67.1995,0.0488,1.6e-05,-0.0374,0.0284,-0.0002,TRANSLATE
-20.9417,21.1029,34.0543,0.0668,45.206,10.9544,0.0107,37.4092,27.6299,0.0534,5.6e-05,-0.0441,0.0262,-0.0003,TRANSLATE
-27.2658,21.2698,42.2403,0.0759,54.5901,9.3841,0.0091,39.8916,75.9562,0.0589,0.000123,-0.0521,0.0253,-0.0001,TRANSLATE
-23.0689,22.3877,39.9423,0.0788,51.2715,3.3185,0.0029,43.5158,79.6337,0.0653,0.00013,-0.0589,0.0271,0.0001,TRANSLATE
-24.302,22.5914,31.0757,0.0773,45.4605,5.811,0.0015,46.156,48.0805,0.071,7.3e-05,-0.0644,0.0288,0.0003,TRANSLATE
-24.1947,22.045,30.8512,0.0765,44.9796,0.4809,0.0008,48.3015,15.4111,0.0751,1.8e-05,-0.0685,0.0286,0.0009,TRANSLATE
-23.2714,21.686,37.4341,0.0769,49.1238,4.1442,0.0004,49.0851,13.0159,0.0771,1e-06,-0.0712,0.024,0.0018,TRANSLATE
-22.9421,21.6957,46.566,0.0709,56.2622,7.1384,0.006,49.4195,17.1453,0.0761,7e-06,-0.072,0.0153,0.0022,TRANSLATE
-23.8412,20.1003,59.2778,0.0583,66.9797,10.7175,0.0127,52.5612,68.2615,0.072,5.2e-05,-0.0698,0.0036,0.0028,TRANSLATE
-20.0948,19.7021,64.3097,0.044,70.1977,3.218,0.0142,57.5086,95.91,0.0653,0.000158,-0.0636,-0.0064,0.0034,TRANSLATE
-18.8821,19.3711,62.5259,0.0261,68.1268,2.0709,0.0179,62.1381,65.6321,0.0552,0.000339,-0.0522,-0.0123,0.0039,TRANSLATE
-21.0838,20.975,61.2832,0.0235,68.1184,0.0085,0.0027,65.937,24.4792,0.0446,0.000333,-0.0364,-0.0166,0.0041,TRANSLATE
-23.9983,21.8456,52.1297,0.0336,61.4057,6.7127,0.0102,66.9657,8.8074,0.0371,0.000163,-0.0179,-0.0202,0.004,TRANSLATE
-23.8018,21.7984,33.7475,0.0554,46.6968,14.7089,0.0218,62.9091,74.517,0.0365,0.00014,0.0015,-0.0244,0.0035,TRANSLATE
-22.5164,20.1606,32.5355,0.0898,44.4072,2.2896,0.0343,57.751,105.75,0.0457,0.000612,0.0225,-0.0329,0.0031,TRANSLATE
-24.3725,21.5878,50.1065,0.1149,59.7555,15.3483,0.0251,56.0767,82.2188,0.0634,0.001177,0.0427,-0.0453,0.0021,TRANSLATE
-32.1293,18.5796,79.3102,0.1312,87.5649,27.8094,0.0164,59.966,236.3927,0.085,0.001313,0.0628,-0.0569,-0.001,TRANSLATE
-29.4253,19.3106,95.0982,0.1337,101.4022,13.8374,0.0025,67.9653,515.3815,0.105,0.00086,0.082,-0.0644,-0.0025,TRANSLATE
-30.3433,18.8578,92.8161,0.1369,99.4543,1.9479,0.0031,78.5168,511.8884,0.1213,0.000307,0.0997,-0.0658,-0.0036,TRANSLATE
-27.1809,19.3175,60.206,0.1341,68.8239,30.6304,0.0027,83.4002,274.1384,0.1302,6.2e-05,0.112,-0.0622,-0.0047,TRANSLATE
-21.1166,20.3415,9.7492,0.1286,30.8988,37.9251,0.0055,77.6288,680.2948,0.1329,8e-06,0.1192,-0.0562,-0.0053,TRANSLATE
-21.3214,21.6201,-18.1069,0.131,35.3538,4.455,0.0024,67.1866,908.9452,0.1329,8e-06,0.121,-0.0536,-0.0034,TRANSLATE
-17.8259,22.3086,-13.8762,0.1377,31.7487,3.6051,0.0067,53.2559,731.9075,0.1337,1.2e-05,0.1209,-0.0555,-0.0024,TRANSLATE
-18.6826,22.55,5.1772,0.1375,29.7379,2.0108,0.0002,39.3126,221.2535,0.1338,1.3e-05,0.1189,-0.0602,-0.0021,TRANSLATE
-19.8742,22.9431,21.4261,0.1263,37.1544,7.4165,0.0111,32.9787,7.8838,0.1322,2.1e-05,0.1173,-0.06,-0.0015,TRANSLATE
-19.5556,23.0139,20.6972,0.1076,36.6119,0.5425,0.0187,34.1214,8.353,0.128,0.000122,0.1144,-0.0554,-0.0015,TRANSLATE
-19.5445,23.0205,15.514,0.0954,33.9501,2.6618,0.0122,33.8406,7.9762,0.1209,0.000282,0.1107,-0.0454,-0.0015,TRANSLATE
-18.2918,22.8789,6.4299,0.0834,29.9896,3.9605,0.012,33.4888,9.9433,0.1101,0.000389,0.1036,-0.0345,-0.0019,TRANSLATE
-18.4241,22.45,3.9658,0.0718,29.3117,0.6779,0.0117,33.4036,10.6118,0.0969,0.000359,0.0936,-0.0246,-0.0019,TRANSLATE
-18.758,22.1162,4.1258,0.0634,29.2919,0.0198,0.0084,31.8311,8.7065,0.0843,0.000253,0.0818,-0.02,-0.0019,TRANSLATE
-18.6127,21.6055,4.8037,0.0496,28.9189,0.3729,0.0137,30.2925,3.464,0.0727,0.00025,0.0704,-0.0177,-0.0018,TRANSLATE
-19.1964,21.7469,18.0836,0.0398,34.1825,5.2636,0.0099,30.3389,3.8127,0.0616,0.000241,0.0587,-0.0179,-0.0015,TRANSLATE
-19.6602,21.3631,28.1888,0.0235,40.4662,6.2837,0.0162,32.4343,19.9103,0.0496,0.000291,0.0471,-0.0147,-0.001,TRANSLATE
-19.6938,21.3593,24.2854,0.0111,37.8661,2.6001,0.0124,34.1451,20.9342,0.0375,0.000342,0.0354,-0.0104,-0.0007,TRANSLATE
-19.3426,21.7062,20.7502,0.0043,35.7192,2.1469,0.0068,35.4306,15.0664,0.0257,0.000289,0.0235,-0.0056,-0.0005,TRANSLATE
-18.9772,21.9649,17.6939,0.0082,33.9951,1.7241,0.0039,36.4458,5.9675,0.0174,0.000167,0.0127,-0.0017,-0.0003,TRANSLATE
-18.9692,22.1876,17.4582,0.0148,34.0134,0.0183,0.0066,36.412,6.1252,0.0124,4.3e-05,0.0033,0.0038,-0.0,TRANSLATE
-18.441,23.0469,16.4822,0.0201,33.8067,0.2066,0.0053,35.0801,2.4214,0.0117,3e-05,-0.0048,0.0063,0.0002,TRANSLATE
-18.7841,22.7282,16.0233,0.0251,33.5582,0.2485,0.005,34.2185,0.5899,0.0145,5.8e-05,-0.0111,0.0085,0.0004,TRANSLATE
-18.996,22.7357,15.2624,0.0265,33.3271,0.2311,0.0014,33.7401,0.0695,0.019,4.6e-05,-0.0158,0.0104,0.0004,TRANSLATE
-19.5218,22.651,16.2224,0.0265,34.0196,0.6925,0.0001,33.745,0.0722,0.0226,2.1e-05,-0.0192,0.012,0.0004,TRANSLATE
-20.1174,22.4302,14.1154,0.0269,33.2727,0.747,0.0005,33.5969,0.0804,0.025,6e-06,-0.0215,0.0128,0.0004,TRANSLATE
-19.119,22.7817,11.2455,0.027,31.7962,1.4765,0.0,33.1948,0.5584,0.0264,0.0,-0.0229,0.013,0.0004,TRANSLATE
-18.8795,22.616,7.0557,0.0282,30.2936,1.5026,0.0012,32.5418,1.7891,0.027,0.0,-0.0239,0.0125,0.0003,TRANSLATE
-18.1693,22.6146,4.2196,0.0274,29.3146,0.9789,0.0008,31.7394,3.1047,0.0272,0.0,-0.0244,0.0119,0.0003,TRANSLATE
-18.326,22.5573,4.5476,0.0249,29.417,0.1023,0.0025,30.8188,2.2961,0.0269,1e-06,-0.0244,0.0111,0.0003,TRANSLATE
-19.3608,21.6646,-0.1526,0.0191,29.0555,0.3615,0.0058,29.9754,1.0023,0.0253,1.1e-05,-0.0231,0.0104,0.0002,TRANSLATE
-17.7762,22.1098,-4.8221,0.0102,28.7765,0.2789,0.0089,29.3714,0.2619,0.0219,4.5e-05,-0.0197,0.0094,0.0001,TRANSLATE
-17.8897,21.8504,-8.2358,0.0022,29.4161,0.6396,0.008,29.1959,0.0614,0.0168,8.8e-05,-0.0142,0.0074,-0.0001,TRANSLATE
-16.9555,21.7459,-12.8199,0.014,30.4093,0.9932,0.0118,29.4149,0.3051,0.0141,6e-05,-0.0066,0.004,-0.0001,TRANSLATE
-16.305,21.603,-15.9309,0.0258,31.406,0.9967,0.0118,29.8127,0.9398,0.0142,6.4e-05,0.0029,0.0005,0.0001,TRANSLATE
-16.369,21.323,-19.9541,0.0329,33.4781,2.0721,0.0071,30.6972,2.7298,0.017,0.000121,0.0125,-0.0033,0.0005,TRANSLATE
-16.7733,20.574,-25.8633,0.0428,37.0614,3.5833,0.0099,32.3542,7.347,0.0235,0.000202,0.0224,-0.0064,0.0006,TRANSLATE
-16.9062,20.6749,-35.175,0.048,44.165,7.1036,0.0052,35.3039,24.8186,0.0327,0.000147,0.0314,-0.0089,0.0007,TRANSLATE
-18.7656,20.9836,-49.8244,0.0567,57.227,13.062,0.0087,40.6675,87.3833,0.0412,0.00012,0.04,-0.0098,0.0009,TRANSLATE
-16.9031,20.3744,-69.6876,0.0648,74.5466,17.3196,0.0081,49.2956,225.3426,0.0491,0.000122,0.0475,-0.012,0.0003,TRANSLATE
-12.4662,22.4652,-88.9438,0.0781,92.5802,18.0336,0.0133,61.116,410.2928,0.0581,0.000157,0.0547,-0.0178,-0.0002,TRANSLATE
-14.6323,20.619,-98.0707,0.0902,101.2774,8.6972,0.012,73.9592,452.2065,0.0676,0.000226,0.0602,-0.0277,-0.0009,TRANSLATE
-14.8777,20.8764,-94.8941,0.0991,98.2958,2.9816,0.009,84.7854,275.9151,0.0778,0.000244,0.0639,-0.0403,-0.0015,TRANSLATE
-5.4459,22.648,-83.934,0.1051,87.1063,11.1895,0.006,90.7613,89.3882,0.0875,0.000211,0.0643,-0.0558,-0.0025,TRANSLATE
-9.4099,20.7497,-71.8785,0.1121,75.403,11.7033,0.0069,90.9325,83.9512,0.0969,0.00014,0.0626,-0.0716,-0.0038,TRANSLATE
-12.8529,20.8716,-56.4559,0.1215,61.5475,13.8555,0.0094,84.726,217.5835,0.1056,0.000115,0.06,-0.0853,-0.0051,TRANSLATE
-16.2448,19.8942,-28.5178,0.1195,38.3789,23.1686,0.002,72.1463,434.1551,0.1115,7.1e-05,0.0565,-0.0953,-0.0057,TRANSLATE
-11.3646,21.3622,0.8295,0.1053,24.2113,14.1676,0.0142,57.3294,537.4083,0.1127,4.7e-05,0.0524,-0.0994,-0.0056,TRANSLATE
-11.8979,22.8991,20.4698,0.0685,32.9385,8.7272,0.0368,46.4958,361.692,0.1054,0.000372,0.0481,-0.0935,-0.0047,TRANSLATE
-12.7965,22.4068,27.079,0.0305,37.4044,4.4659,0.038,38.8961,153.3426,0.089,0.001217,0.0421,-0.0777,-0.003,TRANSLATE
-5.4466,25.1786,23.2163,0.0226,34.6789,2.7255,0.0079,33.5224,25.4061,0.0693,0.001499,0.0343,-0.0529,-0.0007,TRANSLATE
-4.2104,25.8491,12.4606,0.0525,29.0029,5.6759,0.0299,31.6472,21.2577,0.0559,0.000872,0.0241,-0.021,0.0021,TRANSLATE
-1.3714,25.8324,-6.5097,0.0896,26.6753,2.3276,0.0371,32.14,14.9003,0.0528,0.000602,0.0113,0.0155,0.0027,TRANSLATE
-1.4003,28.6534,-39.5359,0.1302,48.8474,22.1721,0.0405,35.3218,60.4764,0.0651,0.001599,-0.0058,0.0513,0.003,TRANSLATE
-0.0671,27.6821,-85.3849,0.1529,89.7602,40.9128,0.0227,45.7929,542.6725,0.0896,0.002302,-0.0269,0.081,0.0028,TRANSLATE
-9.9599,21.8301,-113.7423,0.1677,116.2457,26.4855,0.0148,62.1063,1244.5614,0.1186,0.001786,-0.0533,0.1019,0.0021,TRANSLATE
-12.4742,22.4828,-124.597,0.1833,127.2222,10.9765,0.0156,81.7502,1487.53,0.1447,0.001067,-0.082,0.1145,0.0005,TRANSLATE
-14.0387,20.2112,-127.9307,0.1899,130.2761,3.0538,0.0066,102.4703,922.5093,0.1648,0.000464,-0.109,0.119,0.001,TRANSLATE
-15.956,20.5065,-123.8258,0.1914,126.5225,3.7536,0.0015,118.0053,221.7895,0.177,0.000216,-0.1311,0.116,0.0022,TRANSLATE
-17.4554,20.8677,-122.3232,0.1882,125.312,1.2105,0.0032,125.1157,22.3521,0.1841,7.4e-05,-0.1465,0.1103,0.0034,TRANSLATE
-19.03,19.0754,-116.9992,0.1829,120.0617,5.2503,0.0053,125.8789,11.143,0.1871,1.2e-05,-0.1559,0.1026,0.0023,TRANSLATE
-22.6052,18.626,-93.3837,0.1757,97.8695,22.1922,0.0072,120.0084,133.2242,0.1856,3.3e-05,-0.1596,0.0933,0.001,TRANSLATE
-18.7967,20.8164,-78.1945,0.1631,83.0723,14.7972,0.0126,110.5676,295.8655,0.1802,0.000102,-0.1592,0.0827,-0.0011,TRANSLATE
-16.7748,19.6812,-61.1024,0.1468,66.3495,16.7228,0.0163,98.533,491.1706,0.1713,0.000222,-0.1551,0.0712,-0.0035,TRANSLATE
-16.5636,20.8325,-48.107,0.1166,54.9784,11.3711,0.0301,84.4663,529.2753,0.157,0.000558,-0.1451,0.0593,-0.0049,TRANSLATE
-16.6978,20.8597,-36.3449,0.0879,45.1099,9.8686,0.0287,69.4759,360.943,0.138,0.001017,-0.1289,0.049,-0.0042,TRANSLATE
-15.7895,22.844,-25.6041,0.0656,37.772,7.3378,0.0224,57.4564,256.263,0.116,0.001299,-0.1087,0.0402,-0.0027,TRANSLATE
-19.7378,21.0659,-20.802,0.0491,35.582,2.1901,0.0164,47.9583,130.5131,0.0932,0.00123,-0.0874,0.0323,-0.0012,TRANSLATE
-18.0965,21.5152,-16.4947,0.0331,32.5955,2.9865,0.016,41.2075,64.4966,0.0705,0.000862,-0.0659,0.0249,0.0004,TRANSLATE
-17.6803,21.6809,-11.6864,0.0189,30.3188,2.2767,0.0142,36.2756,25.9584,0.0509,0.000586,-0.0477,0.0175,0.0011,TRANSLATE
-17.8161,21.5572,-10.6679,0.0081,29.9321,0.3866,0.0108,33.2401,9.183,0.035,0.000424,-0.0327,0.0113,0.0006,TRANSLATE
-17.6529,21.1333,-8.7468,0.0027,28.892,1.0401,0.0054,31.4641,5.7022,0.0224,0.000287,-0.0204,0.0061,0.0,TRANSLATE
-18.8786,19.6535,-5.0349,0.0109,27.713,1.179,0.0082,29.8903,2.6481,0.0148,0.000111,-0.0095,0.0013,-0.0004,TRANSLATE
-20.3529,19.8697,-3.4905,0.0153,28.657,0.944,0.0043,29.1026,0.8682,0.0112,3.1e-05,-0.0008,-0.0027,-0.0016,TRANSLATE
-20.2479,20.2895,-4.1111,0.0212,28.9576,0.3006,0.006,28.8304,0.5025,0.0116,4e-05,0.0064,-0.0057,-0.0022,TRANSLATE
-20.7452,20.0472,-5.7014,0.024,29.4068,0.4492,0.0027,28.7253,0.3151,0.0148,5.7e-05,0.0121,-0.0078,-0.0013,TRANSLATE
-20.0837,20.744,-5.5267,0.0289,29.3975,0.0093,0.005,28.8264,0.3897,0.0201,4e-05,0.0171,-0.0103,-0.0006,TRANSLATE
-18.9794,21.064,-6.0589,0.0343,28.9934,0.4041,0.0053,29.0825,0.0818,0.0247,4.2e-05,0.0211,-0.0127,0.0002,TRANSLATE
-18.9492,20.6293,-5.819,0.0315,28.6094,0.384,0.0028,29.073,0.0903,0.028,2.3e-05,0.0238,-0.0146,0.0011,TRANSLATE
-17.7625,21.2784,-6.5271,0.029,28.476,0.1335,0.0025,28.9766,0.1496,0.0295,1.2e-05,0.0251,-0.0153,0.0019,TRANSLATE
-16.1693,21.8478,-7.0685,0.027,28.0844,0.3915,0.002,28.7122,0.2018,0.0302,6e-06,0.0255,-0.016,0.0021,TRANSLATE
-16.798,21.722,-8.7361,0.0257,28.8155,0.7311,0.0014,28.5958,0.0965,0.0295,1e-05,0.0249,-0.0157,0.0021,TRANSLATE
-17.3009,21.2057,-9.6951,0.0232,29.0344,0.2189,0.0024,28.604,0.1033,0.0273,8e-06,0.0232,-0.0142,0.0019,TRANSLATE
-17.0532,21.7864,-10.2498,0.0216,29.5046,0.4702,0.0016,28.783,0.2334,0.0253,7e-06,0.0218,-0.0128,0.0015,TRANSLATE
-16.8769,21.8291,-8.0874,0.0196,28.7532,0.7513,0.002,28.8384,0.2117,0.0234,7e-06,0.0204,-0.0115,0.0011,TRANSLATE
-17.4172,21.5727,-8.0636,0.0184,28.8749,0.1217,0.0012,28.9965,0.0733,0.0217,7e-06,0.0191,-0.0103,0.0008,TRANSLATE
-17.2587,21.6769,-5.3103,0.0165,28.2126,0.6623,0.0019,28.8759,0.1751,0.0199,6e-06,0.0176,-0.0091,0.0008,TRANSLATE
-16.8007,21.6728,-10.0139,0.0119,29.1933,0.9807,0.0046,28.9077,0.1892,0.0176,1.1e-05,0.0159,-0.007,0.0007,TRANSLATE
-16.5781,22.057,-11.7048,0.0041,29.9724,0.7791,0.0079,29.0013,0.3359,0.0141,3.2e-05,0.0129,-0.0051,0.0006,TRANSLATE
-17.025,21.4831,-15.4889,0.0051,31.4846,1.5121,0.001,29.5476,1.2585,0.0112,3.4e-05,0.0091,-0.0023,0.0004,TRANSLATE
-15.1262,22.4615,-17.5598,0.0191,32.2749,0.7903,0.014,30.2276,2.1933,0.0114,3.6e-05,0.0021,-0.0005,0.0008,TRANSLATE
-14.7541,22.7598,-10.976,0.0365,29.2603,3.0146,0.0174,30.4371,1.5245,0.0154,0.000141,-0.0081,0.0025,0.0009,TRANSLATE
-16.6502,21.8735,-6.7714,0.0581,28.3113,0.949,0.0216,30.2607,2.0878,0.0246,0.000419,-0.0218,0.0052,0.0003,TRANSLATE
-16.6639,21.4925,-1.5921,0.0751,27.2424,1.0689,0.017,29.7147,3.5951,0.0388,0.000643,-0.0374,0.0076,-0.0002,TRANSLATE
-13.1655,23.2815,-2.105,0.0896,26.8289,0.4135,0.0146,28.7836,3.7671,0.0557,0.000647,-0.055,0.0074,0.0008,TRANSLATE
-10.3136,24.9033,-0.6152,0.1021,26.9616,0.1327,0.0125,27.7209,0.8639,0.0723,0.000536,-0.0714,0.0053,0.0019,TRANSLATE
-19.3728,21.8727,6.4828,0.1125,29.929,2.9674,0.0104,27.8546,1.3472,0.0875,0.000372,-0.0861,-0.0009,0.0048,TRANSLATE
-14.8326,24.8419,26.6519,0.1213,39.3376,9.4086,0.0088,30.0599,22.8141,0.1001,0.000269,-0.0975,-0.011,0.0093,TRANSLATE
-15.2536,24.5891,52.2246,0.1218,59.7052,20.3676,0.0005,36.5525,154.8418,0.1095,0.00015,-0.1056,-0.0203,0.0142,TRANSLATE
-21.1372,23.8744,77.4328,0.1026,83.7414,24.0362,0.0192,47.9349,451.7297,0.1121,7.4e-05,-0.107,-0.0248,0.019,TRANSLATE
-22.9223,23.8339,89.2463,0.0824,95.1755,11.4342,0.0202,61.5777,623.962,0.1081,0.000214,-0.1026,-0.0228,0.0221,TRANSLATE
-25.8816,21.1421,81.1439,0.0625,87.7564,7.4192,0.0199,73.1432,426.9373,0.0981,0.000527,-0.0927,-0.0159,0.0221,TRANSLATE
-26.5396,21.8762,66.5057,0.0472,74.8728,12.8836,0.0153,80.2503,148.4621,0.0833,0.000718,-0.0792,-0.0075,0.0198,TRANSLATE
-24.4505,24.8947,65.9171,0.0403,74.5831,0.2897,0.0069,83.2258,61.6115,0.067,0.000527,-0.0634,-0.0041,0.0158,TRANSLATE
-31.1697,23.5876,84.1649,0.0443,92.7991,18.216,0.004,85.0374,76.606,0.0553,0.00024,-0.0486,-0.0079,0.0109,TRANSLATE
-27.2983,23.5607,121.5226,0.0375,126.7598,33.9607,0.0067,91.3542,364.2989,0.0464,7.6e-05,-0.0331,-0.0155,0.006,TRANSLATE
-21.7199,26.7517,140.5837,0.0256,144.7452,17.9855,0.0119,102.752,801.9208,0.039,5.6e-05,-0.0168,-0.0202,0.0034,TRANSLATE
-20.8197,26.1889,135.5544,0.053,139.6221,5.1232,0.0274,115.7018,750.6527,0.0401,8e-05,0.0026,-0.0186,0.003,TRANSLATE
-20.4839,26.4636,115.7217,0.0783,120.4633,19.1587,0.0253,124.8779,332.8366,0.0477,0.000314,0.0243,-0.0091,0.0034,TRANSLATE
-17.2496,24.4021,80.0898,0.0904,85.4833,34.98,0.012,123.4147,435.2723,0.057,0.00059,0.046,0.0041,0.0018,TRANSLATE
-16.7247,23.2248,51.1531,0.09,58.6153,26.868,0.0004,109.7858,1087.0819,0.0675,0.000622,0.0641,0.014,0.0006,TRANSLATE
-16.5516,24.9049,39.7288,0.09,49.7251,8.8902,0.0,90.7818,1202.9563,0.0803,0.000208,0.0775,0.0149,-0.0016,TRANSLATE
-12.9163,24.5301,44.2205,0.0966,52.1921,2.467,0.0067,73.2958,717.9556,0.0891,3.5e-05,0.0863,0.0089,-0.0046,TRANSLATE
-3.9049,28.3522,54.0545,0.1082,61.1636,8.9716,0.0116,61.4359,161.7799,0.095,5e-05,0.0931,-0.0006,-0.0061,TRANSLATE
-8.4395,26.4693,61.7217,0.1205,67.6862,6.5226,0.0123,57.8765,41.2681,0.1011,0.000139,0.0996,-0.0106,-0.0044,TRANSLATE
-10.5454,25.1536,64.1368,0.1277,69.6953,2.0091,0.0072,60.0925,64.1852,0.1086,0.0002,0.1068,-0.0176,-0.001,TRANSLATE
-15.7707,25.8603,65.5344,0.1266,72.1958,2.5005,0.0011,64.5866,51.7894,0.1159,0.000141,0.1137,-0.0214,0.0017,TRANSLATE
-19.9384,23.7664,68.94,0.1184,75.5984,3.4026,0.0082,69.2679,23.4021,0.1203,4.9e-05,0.1178,-0.0235,0.0033,TRANSLATE
-18.0101,24.8662,72.9552,0.1096,79.1527,3.5543,0.0089,72.8657,16.8642,0.1206,4.3e-05,0.1179,-0.0248,0.004,TRANSLATE
-15.7393,26.7274,82.536,0.1026,88.1718,9.0191,0.007,76.9628,41.5682,0.117,9.4e-05,0.1143,-0.0242,0.0045,TRANSLATE
-15.0665,26.7413,87.8475,0.1011,93.0553,4.8835,0.0015,81.6348,60.9709,0.1117,9.4e-05,0.1094,-0.0205,0.0032,TRANSLATE
-26.6157,23.0649,74.6562,0.0983,82.5465,10.5088,0.0028,83.7049,39.0327,0.106,5.3e-05,0.1043,-0.0135,0.0021,TRANSLATE
-28.78,20.5269,64.4624,0.0936,73.5191,9.0275,0.0047,83.2891,46.4669,0.101,2.8e-05,0.0998,-0.0056,0.0024,TRANSLATE
-24.9522,21.4372,47.3543,0.0859,57.6593,15.8598,0.0076,78.9904,155.9435,0.0963,3.6e-05,0.0955,0.0016,0.0028,TRANSLATE
-26.2524,19.5935,32.6741,0.0771,46.2676,11.3917,0.0089,70.6095,283.0019,0.0912,7.6e-05,0.0906,0.0077,0.0019,TRANSLATE
-27.2206,18.5342,21.6174,0.0647,39.3928,6.8748,0.0123,59.877,261.9504,0.0839,0.000144,0.0833,0.0097,0.0015,TRANSLATE
-26.564,18.7898,15.3533,0.0562,35.9781,3.4146,0.0085,50.5634,186.6561,0.0755,0.000185,0.0749,0.0093,0.0016,TRANSLATE
-25.67,19.1069,13.7608,0.0457,34.8336,1.1446,0.0106,42.8263,70.886,0.0659,0.000206,0.0655,0.0075,0.0008,TRANSLATE
-24.5078,19.0699,13.243,0.0333,33.759,1.0746,0.0124,38.0462,20.4763,0.0554,0.000228,0.055,0.0056,-0.0003,TRANSLATE
-23.8438,19.5121,11.1288,0.0188,32.7582,1.0008,0.0144,35.3443,5.2508,0.0438,0.000266,0.0435,0.0036,-0.0014,TRANSLATE
-23.0781,19.6722,10.1936,0.008,31.9923,0.7659,0.0108,33.8642,2.0294,0.0324,0.000305,0.0319,0.0029,-0.0024,TRANSLATE
-21.8,20.0815,8.858,0.0053,30.935,1.0573,0.0027,32.8556,1.8344,0.0222,0.000234,0.0204,0.0019,-0.0033,TRANSLATE
-21.2119,19.9371,6.7895,0.0102,29.892,1.043,0.0049,31.8673,1.8318,0.0151,0.000103,0.0095,0.0017,-0.0039,TRANSLATE
-21.082,20.1059,4.4129,0.0145,29.4648,0.4272,0.0043,31.0084,1.5329,0.0114,2.3e-05,0.0002,0.0019,-0.0044,TRANSLATE
-20.8594,20.2004,2.6366,0.0179,29.1568,0.308,0.0034,30.2882,1.0875,0.0112,2e-05,-0.0069,0.0021,-0.0047,TRANSLATE
-20.4437,20.6697,1.4061,0.0201,29.106,0.0508,0.0022,29.7109,0.4529,0.0136,2.8e-05,-0.0121,0.0023,-0.0049,TRANSLATE
-20.0831,20.8264,0.2655,0.0216,28.9334,0.1726,0.0015,29.3106,0.1139,0.0169,1.7e-05,-0.0158,0.0025,-0.0051,TRANSLATE
-20.4384,20.5548,-0.9845,0.0195,29.0034,0.07,0.0021,29.1329,0.0336,0.0187,6e-06,-0.0178,0.0028,-0.0051,TRANSLATE
-19.6976,20.7157,-4.9594,0.0145,29.0126,0.0092,0.005,29.0424,0.0063,0.0187,6e-06,-0.0177,0.003,-0.0051,TRANSLATE
-19.2706,21.1851,-10.7957,0.008,30.6057,1.5931,0.0065,29.3322,0.4085,0.0167,2.5e-05,-0.0155,0.0031,-0.005,TRANSLATE
-22.8414,19.9137,-13.9147,0.0028,33.3452,2.7395,0.0052,30.1801,2.9002,0.0133,4.9e-05,-0.0116,0.0028,-0.0045,TRANSLATE
-23.9138,19.2497,-17.5067,0.0093,35.3399,1.9946,0.0065,31.4614,6.2724,0.0108,3.3e-05,-0.0059,0.0031,-0.0039,TRANSLATE
-24.0029,18.2685,-21.4273,0.0153,37.0001,1.6602,0.0059,33.0607,8.6416,0.01,2.1e-05,0.0006,0.0026,-0.0041,TRANSLATE
-21.8867,19.2898,-28.5918,0.0241,40.8487,3.8486,0.0089,35.4279,11.8911,0.0119,5.3e-05,0.008,0.0024,-0.0039,TRANSLATE
-19.8125,20.9412,-34.7516,0.0414,45.1524,4.3037,0.0173,38.3373,17.6893,0.0186,0.000179,0.0172,0.003,-0.0047,TRANSLATE
-16.8187,19.628,-50.6481,0.0578,56.8627,11.7102,0.0164,43.0407,59.2205,0.0296,0.000317,0.0285,0.0039,-0.0062,TRANSLATE
-12.4362,18.7274,-67.7935,0.073,71.4236,14.561,0.0152,50.2575,156.3959,0.0423,0.000449,0.0413,0.0018,-0.0076,TRANSLATE
-18.4865,22.0038,-72.4723,0.0852,77.9625,6.5389,0.0122,58.45,207.6408,0.0563,0.000474,0.0552,-0.0017,-0.0071,TRANSLATE
-17.9173,20.7468,-74.7403,0.0979,79.6089,1.6464,0.0127,66.202,175.1256,0.0711,0.000396,0.0697,-0.0056,-0.0078,TRANSLATE
-16.3557,21.688,-90.5267,0.1117,94.5143,14.9054,0.0139,76.0744,149.3618,0.0851,0.000353,0.084,-0.0081,-0.0069,TRANSLATE
-12.7346,20.6629,-106.9807,0.1212,109.6996,15.1852,0.0094,86.6418,190.0043,0.0978,0.000303,0.0969,-0.0102,-0.0055,TRANSLATE
-12.5439,20.3116,-127.7377,0.1224,129.9493,20.2498,0.0012,98.3469,381.7841,0.1077,0.000203,0.1067,-0.0118,-0.0044,TRANSLATE
-11.0664,21.4305,-141.3277,0.1142,143.371,13.4217,0.0081,111.4286,532.9817,0.1135,7.7e-05,0.112,-0.0146,-0.0039,TRANSLATE
-13.3062,20.4788,-147.884,0.0991,149.887,6.516,0.0151,125.4843,428.7319,0.1137,6.9e-05,0.1101,-0.021,-0.0022,TRANSLATE
-15.9669,19.4893,-144.8072,0.0902,146.9827,2.9044,0.0089,135.9779,219.224,0.1094,0.000161,0.1007,-0.0322,0.0001,TRANSLATE
-17.8329,19.7008,-130.4364,0.0832,133.1157,13.867,0.007,140.6611,60.8197,0.1018,0.000213,0.0859,-0.0448,0.002,TRANSLATE
-13.885,19.3731,-109.9929,0.0676,112.5457,20.5699,0.0156,137.1804,183.8508,0.0909,0.000243,0.0677,-0.054,0.0034,TRANSLATE
-11.6049,19.3423,-90.2943,0.0214,93.0691,19.4766,0.0462,127.12,464.1366,0.0723,0.000753,0.047,-0.052,0.0044,TRANSLATE
-9.6402,19.8863,-88.6136,0.0297,91.3278,1.7413,0.0082,115.4082,479.5193,0.0584,0.000781,0.0262,-0.0375,0.0044,TRANSLATE
-6.7309,17.1184,-103.6534,0.068,105.2728,13.945,0.0383,107.0662,231.0867,0.054,0.000578,0.0034,-0.0156,0.0034,TRANSLATE
-7.1316,19.1416,-117.2602,0.0976,119.0261,13.7533,0.0296,104.2483,116.039,0.0569,0.00078,-0.0225,0.0084,0.0026,TRANSLATE
-11.6803,14.9258,-124.2644,0.1238,125.7014,6.6753,0.0261,106.8794,187.394,0.0681,0.001525,-0.0519,0.0286,0.0021,TRANSLATE
-8.9723,17.1219,-115.6865,0.1538,117.2904,8.411,0.03,111.7237,147.4596,0.0946,0.001857,-0.0832,0.0396,0.0007,TRANSLATE
-6.4247,17.7631,-105.9305,0.1881,107.6014,9.6889,0.0344,114.9784,57.0662,0.1263,0.001761,-0.1161,0.0444,-0.0006,TRANSLATE
-7.8648,17.6074,-103.8069,0.2214,105.5829,2.0186,0.0333,115.0404,55.8778,0.1569,0.001951,-0.1488,0.0472,-0.0013,TRANSLATE
-12.8418,17.2234,-104.4236,0.2409,106.6108,1.0279,0.0195,112.5574,60.747,0.1856,0.001837,-0.1793,0.0471,-0.0017,TRANSLATE
-15.536,18.6881,-101.9483,0.253,104.8049,1.8059,0.0121,108.3781,20.7473,0.2115,0.001313,-0.2063,0.0439,-0.002,TRANSLATE
-16.6538,18.8974,-96.2086,0.2573,99.4513,5.3536,0.0042,104.8103,8.0696,0.2321,0.000639,-0.2277,0.0336,-0.0021,TRANSLATE
-14.2293,20.9304,-68.5325,0.2344,73.0566,26.3947,0.0229,97.9013,160.4368,0.2414,0.000167,-0.2375,0.0158,-0.0014,TRANSLATE
-16.6803,20.2599,-43.7948,0.1803,51.0556,22.0009,0.0541,86.9958,468.6092,0.2332,0.000766,-0.2307,-0.0011,-0.0012,TRANSLATE
-14.938,21.7236,-28.0046,0.1284,38.4618,12.5938,0.0519,73.3661,676.9987,0.2107,0.002443,-0.2091,-0.0146,-0.0012,TRANSLATE
-17.1191,21.5039,-18.513,0.0885,33.1393,5.3225,0.0399,59.0329,597.5186,0.1778,0.003986,-0.1762,-0.022,-0.0008,TRANSLATE
-17.7297,22.0625,-10.8073,0.0579,30.2967,2.8426,0.0306,45.202,244.6495,0.1379,0.004007,-0.1363,-0.0205,-0.0001,TRANSLATE
-18.69,22.0062,-6.4208,0.0346,29.5773,0.7194,0.0233,36.5062,62.6828,0.0979,0.002685,-0.097,-0.0132,0.0002,TRANSLATE
-19.077,22.505,-2.1679,0.0208,29.5822,0.0049,0.0138,32.2115,11.4892,0.066,0.001499,-0.0654,-0.0092,0.0001,TRANSLATE
-18.9522,23.3196,4.7813,0.0083,30.4278,0.8456,0.0125,30.6047,1.7303,0.042,0.000811,-0.0415,-0.0064,-0.0002,TRANSLATE
-17.9555,22.9869,6.275,0.0049,29.8358,0.592,0.0035,29.944,0.1271,0.0253,0.000375,-0.0233,-0.0033,-0.0007,TRANSLATE
-17.4363,23.0552,9.2294,0.0094,30.3438,0.508,0.0045,29.9534,0.1341,0.0156,0.000119,-0.0101,-0.001,-0.001,TRANSLATE
-17.5803,22.4941,8.296,0.014,29.7301,0.6138,0.0047,29.9839,0.1149,0.0115,3e-05,-0.0006,0.0008,-0.0013,TRANSLATE
-17.658,22.1953,7.1087,0.0174,29.2399,0.4902,0.0033,29.9155,0.1886,0.0108,1.9e-05,0.0068,0.0023,-0.0015,TRANSLATE
-17.867,22.325,4.8432,0.0198,29.0016,0.2383,0.0024,29.6302,0.2218,0.0131,2.9e-05,0.0122,0.0038,-0.0017,TRANSLATE
-18.1311,22.5506,3.9277,0.021,29.2009,0.1993,0.0012,29.5033,0.2341,0.0163,1.8e-05,0.0157,0.004,-0.0018,TRANSLATE
-18.8861,22.2686,2.9359,0.0221,29.3462,0.1452,0.0011,29.3037,0.0579,0.0188,8e-06,0.0182,0.0045,-0.0018,TRANSLATE
-19.2089,22.1368,2.9518,0.0225,29.4573,0.1111,0.0004,29.2492,0.0233,0.0205,3e-06,0.0199,0.0046,-0.0018,TRANSLATE
-19.5515,22.05,3.3896,0.023,29.664,0.2067,0.0005,29.334,0.0505,0.0217,1e-06,0.0211,0.0046,-0.0017,TRANSLATE
-19.2568,21.9557,4.8367,0.0231,29.6019,0.0622,0.0002,29.4541,0.0283,0.0223,1e-06,0.0218,0.0045,-0.0016,TRANSLATE
-19.8805,21.652,6.7475,0.0218,30.1591,0.5572,0.0014,29.6457,0.0782,0.0225,0.0,0.022,0.0046,-0.0015,TRANSLATE
-19.7419,22.2997,9.5699,0.0211,31.2826,1.1235,0.0006,30.033,0.4462,0.0223,1e-06,0.0217,0.0049,-0.0013,TRANSLATE
-19.0966,22.3492,8.3215,0.0217,30.5518,0.7308,0.0005,30.2519,0.3858,0.0221,1e-06,0.0214,0.0055,-0.0012,TRANSLATE
-19.5242,21.9825,6.8228,0.0214,30.1823,0.3695,0.0003,30.3555,0.3069,0.0218,0.0,0.0209,0.0061,-0.0011,TRANSLATE
-19.4943,21.5047,7.5895,0.0214,30.0014,0.1809,0.0,30.4355,0.212,0.0215,0.0,0.0201,0.0073,-0.0009,TRANSLATE
-19.4767,21.7569,12.5747,0.0335,31.7935,1.7922,0.0122,30.7623,0.4588,0.0238,2.4e-05,0.0198,0.0117,-0.0008,TRANSLATE
-18.7033,21.6805,12.5254,0.0436,31.2529,0.5407,0.0101,30.7564,0.4527,0.0283,8.1e-05,0.019,0.0185,-0.001,TRANSLATE
-18.297,21.8319,0.3953,0.0603,28.488,2.7648,0.0167,30.3436,1.3031,0.0361,0.000217,0.0182,0.0287,-0.0011,TRANSLATE
-20.022,21.5593,-15.4556,0.0671,33.2349,4.7468,0.0068,30.9541,2.597,0.0452,0.000283,0.018,0.0401,-0.0009,TRANSLATE
-16.1019,22.8068,-28.8645,0.0411,40.157,6.9221,0.026,32.9853,15.2284,0.0492,0.000157,0.0171,0.0457,-0.0007,TRANSLATE
-18.4222,22.5642,-25.5385,0.0284,38.7393,1.4177,0.0128,34.3744,19.6364,0.0481,0.000194,0.0151,0.0456,-0.0009,TRANSLATE
-16.0315,23.6076,-17.1183,0.0338,33.2771,5.4622,0.0054,34.7792,17.7645,0.0462,0.000227,0.014,0.0439,-0.0003,TRANSLATE
-14.5658,24.6892,-14.0196,0.0392,31.9103,1.3667,0.0055,35.4637,11.0263,0.0419,0.000179,0.0129,0.0399,0.0001,TRANSLATE
-15.712,23.6826,-18.5563,0.042,33.9422,2.0318,0.0028,35.6052,10.4758,0.0369,2.6e-05,0.0116,0.0349,-0.001,TRANSLATE
-17.0352,23.1273,-23.7357,0.0445,37.262,3.3198,0.0025,35.0262,6.5458,0.0376,3.4e-05,0.0114,0.0357,-0.0011,TRANSLATE
-17.5282,22.6644,-32.4167,0.043,43.2638,6.0018,0.0015,35.9311,16.5411,0.0405,1.4e-05,0.0121,0.0386,-0.0014,TRANSLATE
-18.2601,22.2409,-39.8083,0.0386,49.1202,5.8564,0.0044,39.0997,39.8826,0.0415,5e-06,0.0122,0.0395,-0.002,TRANSLATE
-17.7768,22.0583,-40.5279,0.0316,49.4479,0.3278,0.007,42.6072,38.6598,0.0399,2.1e-05,0.0126,0.0378,-0.0015,TRANSLATE
-19.8933,22.2217,-41.7786,0.0276,51.3322,1.8843,0.0039,46.0852,26.7719,0.0371,4.2e-05,0.0126,0.0347,-0.0001,TRANSLATE
-23.3865,21.0555,-42.8729,0.0209,53.1822,1.85,0.0067,49.2692,11.1374,0.0324,6.1e-05,0.0115,0.03,0.0004,TRANSLATE
-21.6061,21.1537,-42.9764,0.0204,52.5479,0.6343,0.0005,51.1261,2.6263,0.0278,4.7e-05,0.0106,0.0255,0.0017,TRANSLATE
-22.2255,20.6355,-41.8468,0.0195,51.6812,0.8666,0.0009,51.6383,1.6208,0.024,2.3e-05,0.0098,0.0217,0.0016,TRANSLATE
-21.9773,20.2303,-40.0962,0.0189,49.9997,1.6815,0.0006,51.7486,1.1861,0.0215,1e-05,0.009,0.0193,0.001,TRANSLATE
-22.5756,19.7905,-43.4176,0.0164,52.7864,2.7867,0.0025,52.0395,1.2823,0.0192,3e-06,0.0078,0.0174,0.0006,TRANSLATE
-19.998,19.2855,-43.9059,0.0116,51.9575,0.8289,0.0048,51.7945,0.9624,0.0174,1e-05,0.007,0.0158,0.0005,TRANSLATE
-19.439,20.3253,-39.956,0.0089,48.8618,3.0957,0.0027,51.0573,2.0257,0.0151,1.7e-05,0.0053,0.0138,-0.0001,TRANSLATE
-17.9387,20.1602,-42.7398,0.0129,50.5462,1.6845,0.004,50.8303,1.9485,0.0137,1.3e-05,0.0028,0.0126,0.0004,TRANSLATE
-17.8103,19.3313,-47.22,0.0128,54.0429,3.4966,0.0001,51.6389,3.2207,0.0125,6e-06,-0.0008,0.011,0.0001,TRANSLATE
-18.2826,19.1244,-31.7635,0.0101,41.339,12.7038,0.0027,49.3495,18.9334,0.0112,2e-06,-0.0039,0.0089,-0.0005,TRANSLATE
-16.4855,18.8964,-29.2389,0.0154,38.5196,2.8194,0.0053,46.6619,33.8072,0.012,5e-06,-0.0054,0.0097,-0.0014,TRANSLATE
-13.2884,18.6921,-38.9474,0.0076,45.1982,6.6786,0.0078,45.9292,32.731,0.0117,7e-06,-0.006,0.0093,-0.0017,TRANSLATE
-11.7901,18.6568,-38.811,0.0052,44.6473,0.5509,0.0024,44.7494,27.4043,0.0102,1.3e-05,-0.0053,0.0059,-0.0019,TRANSLATE
-13.9883,18.6848,-31.0301,0.0145,38.8286,5.8187,0.0092,41.7065,7.8827,0.0106,1.5e-05,-0.005,0.0016,-0.0016,TRANSLATE
-13.625,19.9322,-19.7834,0.011,31.2141,7.6145,0.0035,39.6815,25.7734,0.0107,1.5e-05,-0.0044,-0.001,-0.0011,TRANSLATE
-12.7813,20.7489,-24.3955,0.0141,34.4822,3.2681,0.0032,38.8741,30.258,0.0105,1.3e-05,-0.0026,-0.0066,-0.0005,TRANSLATE
-10.4063,19.6241,-43.3601,0.0261,48.7186,14.2364,0.012,39.5781,41.1463,0.0142,4.7e-05,0.002,-0.0113,-0.0002,TRANSLATE
-11.3719,20.9524,-34.3162,0.042,41.7843,6.9343,0.0159,39.0056,36.6527,0.0215,0.000131,0.007,-0.0173,-0.0002,TRANSLATE
-14.4819,19.6213,-55.2342,0.0505,60.3783,18.594,0.0085,43.3155,109.43,0.0287,0.000238,0.0151,-0.0224,0.0001,TRANSLATE
-16.0043,20.1252,-26.6593,0.0838,37.0388,23.3395,0.0333,44.4804,86.6634,0.0433,0.000568,0.0209,-0.0367,0.0005,TRANSLATE
-15.5565,21.6939,32.7507,0.1141,42.2521,5.2133,0.0303,46.0344,65.2485,0.0633,0.001,0.0212,-0.0568,0.0007,TRANSLATE
-19.3734,22.102,70.9568,0.0991,76.803,34.5509,0.015,51.6513,221.5987,0.0779,0.000766,0.0185,-0.0732,0.0009,TRANSLATE
-18.5237,21.2597,72.2467,0.078,77.5544,0.7515,0.0211,58.8053,285.1414,0.0851,0.000457,0.0152,-0.0818,0.0012,TRANSLATE
-15.6783,21.6828,59.6036,0.0787,65.3341,12.2203,0.0008,59.7965,292.1891,0.0907,0.000194,0.0104,-0.0898,0.0011,TRANSLATE
-17.1552,21.3306,52.5954,0.0807,59.2922,6.0419,0.002,64.2472,168.8494,0.0901,0.000204,0.0074,-0.0898,0.0007,TRANSLATE
-16.1429,22.0364,48.9044,0.0776,56.0164,3.2758,0.0031,67.0,78.0637,0.0828,6.7e-05,0.0084,-0.0824,0.0001,TRANSLATE
-16.0706,22.951,34.8517,0.0662,44.7174,11.299,0.0114,60.5829,116.9677,0.0762,2.6e-05,0.0092,-0.0756,-0.0003,TRANSLATE
-15.4877,24.1795,24.4407,0.0686,37.7076,7.0098,0.0024,52.6136,100.5063,0.0744,3.4e-05,0.0108,-0.0735,-0.0011,TRANSLATE
-12.0058,25.1624,16.0963,0.0609,32.1928,5.5149,0.0077,45.9853,107.6117,0.0708,5.4e-05,0.0126,-0.0695,-0.0014,TRANSLATE
-13.2015,24.9611,14.0427,0.0565,31.5362,0.6565,0.0044,40.4341,83.1359,0.066,5.2e-05,0.0143,-0.0642,-0.0019,TRANSLATE
-16.8674,24.747,9.5685,0.0467,31.4402,0.0961,0.0098,35.5188,26.5929,0.0598,6e-05,0.0154,-0.0575,-0.0024,TRANSLATE
-16.0533,24.6851,4.2861,0.0389,29.7563,1.6839,0.0078,32.5266,7.3581,0.0543,0.000109,0.0169,-0.0513,-0.0028,TRANSLATE
-16.002,23.8419,1.8945,0.0271,28.7765,0.9797,0.0117,30.7404,1.6115,0.046,0.000148,0.0169,-0.0425,-0.0027,TRANSLATE
-17.1016,23.0641,0.5437,0.0166,28.7178,0.0587,0.0105,30.0454,1.5248,0.0372,0.000198,0.0152,-0.0335,-0.0028,TRANSLATE
-16.6876,22.8669,-1.9963,0.0095,28.3788,0.3391,0.0071,29.4139,1.237,0.0278,0.000188,0.0135,-0.0238,-0.0025,TRANSLATE
-16.3344,22.4404,-6.022,0.0065,28.4016,0.0228,0.003,28.8062,0.2515,0.0197,0.000142,0.0112,-0.0155,-0.002,TRANSLATE
-15.1832,22.9586,-7.2114,0.0059,28.454,0.0524,0.0006,28.5457,0.028,0.0131,6.3e-05,0.0088,-0.0091,-0.0014,TRANSLATE
-16.359,22.8075,-5.016,0.0053,28.5124,0.0585,0.0006,28.4929,0.0148,0.0088,1.7e-05,0.0068,-0.005,-0.001,TRANSLATE
-17.8466,23.7397,-3.0347,0.0064,29.8544,1.342,0.0011,28.7202,0.3237,0.0067,2e-06,0.0058,-0.0016,-0.0007,TRANSLATE
-19.9273,23.2074,-3.6746,0.0035,30.8088,0.9544,0.0029,29.2062,0.9366,0.0055,1e-06,0.0049,-0.0008,-0.0005,TRANSLATE
-18.4481,24.0034,-2.4209,0.0077,30.3703,0.4385,0.0042,29.6,0.9231,0.0058,2e-06,0.0052,-0.0006,-0.0004,TRANSLATE
-18.471,22.6902,-10.2992,0.0163,31.0177,0.6474,0.0087,30.1127,0.7995,0.0078,2e-05,0.0059,-0.0028,0.0002,TRANSLATE
-12.7299,24.0834,-24.1675,0.0352,36.4161,5.3984,0.0188,31.6935,5.735,0.0138,0.000133,0.0069,-0.0091,0.0005,TRANSLATE
-13.8027,23.2355,-34.7528,0.0681,44.0245,7.6084,0.0329,34.5275,27.4378,0.0262,0.000558,0.0065,-0.0235,0.0004,TRANSLATE
-9.3734,24.6384,-25.0335,0.106,36.3536,7.6709,0.038,35.6365,24.1093,0.0467,0.001311,0.0059,-0.0444,0.0007,TRANSLATE
-15.4487,23.6357,4.5764,0.1272,28.6051,7.7485,0.0212,35.2834,28.3262,0.0706,0.001733,0.0054,-0.0697,0.0001,TRANSLATE
-14.7215,22.6867,19.4017,0.1327,33.2841,4.679,0.0055,35.7367,25.2809,0.0939,0.001376,0.0044,-0.0935,-0.0009,TRANSLATE
-19.1772,23.4306,31.037,0.1437,43.3596,10.0754,0.011,37.1254,34.8817,0.1156,0.000714,0.0024,-0.1155,-0.0006,TRANSLATE
-21.9292,25.6445,54.6765,0.1612,64.2499,20.8903,0.0174,41.1705,156.1471,0.1342,0.000332,0.0011,-0.134,0.0025,TRANSLATE
-22.5715,25.5125,89.4974,0.1665,95.7609,31.511,0.0053,53.0519,606.3606,0.1463,0.000236,0.0003,-0.146,0.0044,TRANSLATE
-23.1353,27.235,134.8761,0.1527,139.5297,43.7688,0.0138,75.2368,1490.3424,0.1514,0.000146,-0.001,-0.1511,0.0065,TRANSLATE
-29.3458,25.6505,174.1384,0.1186,178.4469,38.9172,0.034,104.2694,2425.9099,0.1485,0.000283,-0.0024,-0.1482,0.0082,TRANSLATE
-26.6454,27.6954,191.4826,0.0698,195.3013,16.8544,0.0488,134.6577,2417.8181,0.1338,0.001299,-0.0038,-0.1334,0.0074,TRANSLATE
-20.8444,27.2094,193.2079,0.0351,196.2247,0.9235,0.0347,161.0527,1487.7705,0.1085,0.00246,-0.0044,-0.1081,0.0055,TRANSLATE
-21.1318,27.8332,197.5601,0.0086,200.6271,4.4023,0.0265,182.0259,508.5164,0.077,0.00279,-0.0043,-0.0751,0.005,TRANSLATE
-25.2273,26.504,179.8668,0.0325,183.551,17.0761,0.0239,190.8302,70.2809,0.0529,0.001461,-0.0026,-0.0384,0.0046,TRANSLATE
-28.3037,22.4064,176.2185,0.0425,179.878,3.673,0.0099,191.1164,63.5197,0.0377,0.000387,-0.0013,-0.0064,0.0053,TRANSLATE
-22.7149,27.4063,192.1248,0.0791,195.3945,15.5165,0.0366,191.1351,63.6771,0.0395,0.00052,0.0016,0.0232,0.0058,TRANSLATE
-25.5813,23.8876,222.4561,0.1477,225.1926,29.7982,0.0686,196.9286,256.9142,0.0621,0.002348,0.0061,0.0592,0.0077,TRANSLATE
-20.415,23.1288,213.0961,0.2234,215.3176,9.875,0.0757,199.8667,313.1768,0.105,0.005135,0.0132,0.1037,0.0061,TRANSLATE
-21.9758,20.6999,158.755,0.2877,161.6001,53.7175,0.0643,195.4766,533.5302,0.1561,0.008154,0.0201,0.1544,0.0048,TRANSLATE
-26.6337,18.4131,89.4134,0.3053,95.0955,66.5046,0.0176,178.5201,2212.6157,0.2086,0.007266,0.0279,0.2066,0.0036,TRANSLATE
-26.4226,18.7211,19.9963,0.2856,38.059,57.0365,0.0197,147.0529,5111.3501,0.25,0.003386,0.0337,0.2475,0.0044,TRANSLATE
-29.1318,19.6487,-16.5248,0.2407,38.8305,0.7715,0.0449,109.7805,4843.375,0.2686,0.000966,0.0356,0.2661,0.0034,TRANSLATE
-25.6273,19.8034,-18.6011,0.1912,37.3488,1.4817,0.0495,74.1868,2398.1147,0.2621,0.001714,0.0316,0.26,0.0052,TRANSLATE
-24.7987,19.2364,-10.8121,0.164,33.1952,4.1536,0.0271,48.5058,546.448,0.2374,0.002894,0.0241,0.2359,0.0058,TRANSLATE
-26.3234,18.2454,-3.5778,0.1397,32.2276,0.9676,0.0244,35.9322,7.2291,0.2042,0.002782,0.0143,0.2033,0.0047,TRANSLATE
-28.7649,17.4369,1.8127,0.1093,33.6861,1.4586,0.0303,35.0576,6.5686,0.169,0.002015,0.0037,0.1683,0.0029,TRANSLATE
-26.7338,18.2839,8.8783,0.0877,33.5831,0.103,0.0217,34.0082,3.0552,0.1384,0.001372,-0.0049,0.1375,0.0002,TRANSLATE
-26.6714,17.3365,5.4183,0.0693,32.2688,1.3143,0.0184,32.9922,0.396,0.114,0.001175,-0.0113,0.1127,-0.0025,TRANSLATE
-23.5028,18.6442,1.6877,0.048,30.0472,2.2216,0.0213,32.3626,1.7259,0.0908,0.001008,-0.016,0.0885,-0.0044,TRANSLATE
-23.5928,18.4966,5.2064,0.026,30.4279,0.3806,0.0219,32.0026,2.3413,0.0681,0.000852,-0.0187,0.0639,-0.0048,TRANSLATE
-23.8868,18.741,11.5464,0.0178,32.4827,2.0548,0.0083,31.7619,1.7626,0.0498,0.000682,-0.0187,0.043,-0.0052,TRANSLATE
-22.5,19.4616,14.9403,0.0146,33.2899,0.8072,0.0031,31.7033,1.5628,0.0351,0.000427,-0.0177,0.0252,-0.0056,TRANSLATE
-21.1407,19.788,17.5585,0.0166,33.8643,0.5744,0.002,32.0224,2.331,0.0246,0.000152,-0.0163,0.0103,-0.0063,TRANSLATE
-21.5094,19.6554,16.0186,0.0166,33.2504,0.614,0.0,32.663,1.4419,0.0183,1.6e-05,-0.0146,-0.0001,-0.0064,TRANSLATE
-20.2763,20.1618,10.6087,0.0183,30.4987,2.7517,0.0017,32.6772,1.3794,0.0168,2e-06,-0.0127,-0.0062,-0.0065,TRANSLATE
-20.9429,19.6607,3.9213,0.0155,28.9918,1.5069,0.0029,31.979,3.6008,0.0163,2e-06,-0.0108,-0.0096,-0.0064,TRANSLATE
-20.4231,19.763,0.0214,0.0256,28.4196,0.5722,0.0102,31.005,4.8421,0.0185,1.3e-05,-0.0091,-0.0138,-0.006,TRANSLATE
-20.426,20.2604,-2.2204,0.0264,28.8554,0.4357,0.0008,30.0032,3.1275,0.0205,2.1e-05,-0.0068,-0.0175,-0.0049,TRANSLATE
-20.3283,20.6083,-2.5294,0.0258,29.0575,0.2021,0.0007,29.1646,0.4943,0.0223,2.1e-05,-0.0048,-0.0208,-0.0038,TRANSLATE
-20.2095,20.6273,-2.0829,0.0249,28.9525,0.105,0.0009,28.8554,0.0518,0.0236,1.7e-05,-0.0035,-0.0229,-0.003,TRANSLATE
-19.952,20.9362,-2.3507,0.0229,29.016,0.0636,0.002,28.8602,0.0532,0.0251,2e-06,-0.0028,-0.0248,-0.0024,TRANSLATE
-19.6209,21.1677,-2.8087,0.0231,28.999,0.017,0.0002,28.9761,0.0048,0.0246,2e-06,-0.0027,-0.0243,-0.002,TRANSLATE
-19.2593,20.7342,-2.9001,0.0225,28.4471,0.5519,0.0006,28.8944,0.0512,0.0238,2e-06,-0.0035,-0.0235,-0.0018,TRANSLATE
-19.573,20.5904,-2.1576,0.0216,28.4908,0.0437,0.0009,28.7811,0.0656,0.023,1e-06,-0.004,-0.0226,-0.0016,TRANSLATE
-19.4053,20.6536,-2.9917,0.0188,28.4971,0.0064,0.0028,28.69,0.0675,0.0218,2e-06,-0.0034,-0.0214,-0.0015,TRANSLATE
-19.7242,20.5479,-4.7808,0.0162,28.8811,0.3839,0.0026,28.663,0.0529,0.0204,7e-06,-0.0025,-0.0201,-0.0014,TRANSLATE
-19.4638,21.3196,-7.7122,0.0135,29.8804,0.9993,0.0027,28.8393,0.2956,0.0185,1.1e-05,-0.0005,-0.018,-0.0014,TRANSLATE
-18.0398,20.7369,-11.2416,0.0174,29.6956,0.1849,0.0039,29.089,0.3491,0.0175,7e-06,0.0013,-0.0169,-0.0013,TRANSLATE
-18.7818,20.1301,-10.9964,0.0147,29.6463,0.0493,0.0027,29.3201,0.2863,0.0161,4e-06,0.0034,-0.0153,-0.001,TRANSLATE
-17.9848,19.7166,-13.9909,0.0161,30.1321,0.4858,0.0014,29.6471,0.1758,0.0156,2e-06,0.0058,-0.014,-0.0008,TRANSLATE
-18.5847,19.6764,-17.7021,0.0216,32.3406,2.2085,0.0055,30.339,1.0307,0.0166,8e-06,0.0081,-0.0142,-0.0005,TRANSLATE
-17.9615,20.5536,-5.2742,0.0331,27.8008,4.5398,0.0114,29.9231,2.1041,0.0206,4.4e-05,0.0116,-0.0165,-0.0002,TRANSLATE
-17.1692,20.5492,0.1025,0.0489,26.778,1.0228,0.0159,29.3396,3.7316,0.0269,0.000163,0.0202,-0.0155,-0.0004,TRANSLATE
-17.726,20.0456,3.4977,0.0691,26.9865,0.2085,0.0202,28.8076,4.5372,0.0378,0.000372,0.0327,-0.0121,-0.0008,TRANSLATE
-17.6839,19.6802,-1.1862,0.0932,26.4847,0.5018,0.0241,28.0781,4.7334,0.0532,0.000655,0.0487,-0.0054,-0.0013,TRANSLATE
-13.169,19.4004,-10.2646,0.1106,25.5961,0.8886,0.0174,26.7292,0.5121,0.071,0.000798,0.0672,0.0048,-0.0018,TRANSLATE
-17.0977,16.1735,-54.0117,0.1119,58.9167,33.3206,0.0013,32.9524,168.7611,0.0867,0.000596,0.0827,0.019,-0.0017,TRANSLATE
-15.9407,19.4044,-64.3031,0.0918,69.0328,10.1161,0.0201,41.4034,350.0767,0.0953,0.000242,0.0905,0.0276,-0.0005,TRANSLATE
-17.4525,19.4985,-63.8144,0.0839,68.9714,0.0614,0.008,49.8003,389.9976,0.0983,0.000122,0.0918,0.0339,0.0018,TRANSLATE
-22.0402,19.2176,-70.8546,0.0778,76.6516,7.6801,0.006,59.8337,324.8027,0.0952,0.000191,0.0871,0.037,0.0045,TRANSLATE
-28.1384,18.9147,-87.0868,0.0758,93.454,16.8024,0.0021,73.4053,132.2372,0.0882,0.000171,0.0782,0.0392,0.0068,TRANSLATE
-26.7638,20.1755,-100.7663,0.0578,106.1942,12.7402,0.018,82.8608,215.8693,0.0774,0.000128,0.0669,0.0366,0.0088,TRANSLATE
-22.8923,18.0279,-107.3818,0.0449,111.2651,5.0709,0.0129,91.3073,267.6447,0.068,0.000209,0.0551,0.0371,0.0104,TRANSLATE
-17.6732,21.6004,-114.0055,0.0339,117.3719,6.1068,0.011,100.9874,210.0358,0.058,0.000292,0.0425,0.0356,0.0116,TRANSLATE
-14.2542,22.7647,-120.5012,0.0258,123.4584,6.0864,0.008,110.3487,104.9438,0.0476,0.000313,0.0283,0.0328,0.0117,TRANSLATE
-12.6784,22.293,-121.6635,0.0271,124.3371,0.8788,0.0013,116.5253,48.8421,0.0379,0.000144,0.0111,0.0237,0.0115,TRANSLATE
-5.6802,22.4594,-108.2714,0.0552,110.7221,13.615,0.0281,117.4309,33.4109,0.0374,0.000125,-0.0077,0.0116,0.0099,TRANSLATE
-4.9973,22.1238,-84.689,0.0816,87.6736,23.0485,0.0264,112.7126,180.6445,0.0447,0.00045,-0.0272,-0.0032,0.0083,TRANSLATE
-14.3197,18.8584,-60.1356,0.0918,64.6296,23.044,0.0102,102.1642,527.4286,0.0563,0.000735,-0.0456,-0.0178,0.0058,TRANSLATE
-17.7714,19.193,-63.9835,0.0852,69.1236,4.4941,0.0066,91.2972,536.985,0.0682,0.000576,-0.061,-0.0281,0.0048,TRANSLATE
-16.6046,19.9325,-71.1868,0.0928,75.7666,6.643,0.0076,81.5831,272.534,0.0813,0.000188,-0.0736,-0.0335,0.004,TRANSLATE
-13.8212,19.3241,-96.6932,0.1057,99.5692,23.8026,0.0129,79.3525,162.4415,0.0914,6.8e-05,-0.0838,-0.0352,0.0039,TRANSLATE
-12.6101,20.8874,-85.5264,0.1308,88.9386,10.6306,0.0251,79.6055,166.9077,0.1012,0.000262,-0.0926,-0.0397,0.0032,TRANSLATE
-13.1287,23.6756,33.9757,0.0933,43.4424,45.4961,0.0375,75.3681,365.6497,0.1015,0.000257,-0.0932,-0.0387,0.0055,TRANSLATE
-26.7404,18.6311,-3.4413,0.066,32.7721,10.6703,0.0273,68.0978,667.8771,0.0977,0.000441,-0.0903,-0.0338,0.0058,TRANSLATE
-26.0142,18.3549,-26.0968,0.0813,41.1665,8.3944,0.0153,61.1778,753.2867,0.0954,0.000485,-0.0869,-0.0359,0.0043,TRANSLATE
-26.852,18.5433,-16.8337,0.1021,36.7186,4.4479,0.0208,48.6077,420.1491,0.0947,0.000472,-0.0829,-0.0418,0.0034,TRANSLATE
-26.4066,18.4315,-7.7669,0.1143,33.1263,3.5923,0.0122,37.4452,18.1667,0.0914,0.000278,-0.077,-0.0444,0.0032,TRANSLATE
-21.5159,19.4796,5.3958,0.1135,29.5212,3.6051,0.0007,34.661,15.7792,0.0954,0.000359,-0.0774,-0.0515,-0.0004,TRANSLATE
-20.8721,19.1805,13.3479,0.1036,31.3322,1.8109,0.01,34.373,17.1989,0.103,0.000142,-0.0802,-0.0639,-0.0026,TRANSLATE
-20.4008,19.8319,14.2471,0.099,31.8194,0.4873,0.0045,32.5036,5.7778,0.1065,3.9e-05,-0.0808,-0.0693,-0.0027,TRANSLATE
-19.7488,20.2624,14.7695,0.0876,31.9174,0.0979,0.0114,31.5433,1.3711,0.1036,9.8e-05,-0.0779,-0.0682,-0.0029,TRANSLATE
-19.324,20.7318,15.1125,0.0636,32.1187,0.2014,0.024,31.3418,0.8955,0.0935,0.000293,-0.0704,-0.0614,-0.0036,TRANSLATE
-18.5936,21.0386,12.8556,0.045,30.8806,1.2382,0.0186,31.6137,0.2013,0.0798,0.000494,-0.0598,-0.0526,-0.0037,TRANSLATE
-18.3374,20.6777,11.447,0.0303,29.9142,0.9663,0.0147,31.3301,0.6826,0.0651,0.000655,-0.0479,-0.0438,-0.0039,TRANSLATE
-18.9324,21.3609,10.1357,0.019,30.2896,0.3753,0.0113,31.0241,0.7576,0.0491,0.000594,-0.0351,-0.0338,-0.0041,TRANSLATE
-18.9147,21.1044,8.6211,0.0108,29.6223,0.6672,0.0082,30.5651,0.7803,0.0337,0.000354,-0.0226,-0.0241,-0.0041,TRANSLATE
-18.5442,20.7522,6.7531,0.0067,28.6382,0.9841,0.0041,29.869,0.5556,0.0224,0.000193,-0.0126,-0.0166,-0.0042,TRANSLATE
-18.726,20.8799,3.8212,0.008,28.3061,0.3321,0.0013,29.3541,0.5743,0.015,7.7e-05,-0.0048,-0.0106,-0.0042,TRANSLATE
-18.1308,21.6914,1.1726,0.0098,28.2952,0.0109,0.0018,29.0303,0.6309,0.0108,1.9e-05,0.0011,-0.0058,-0.0036,TRANSLATE
-17.6828,21.5438,-0.3494,0.0124,27.8736,0.4216,0.0027,28.5471,0.3479,0.0095,4e-06,0.0055,-0.002,-0.0032,TRANSLATE
-16.94,21.6663,-1.9233,0.0143,27.5697,0.3039,0.0019,28.1366,0.1392,0.0102,8e-06,0.0088,0.0008,-0.0028,TRANSLATE
-16.8926,22.033,-3.7667,0.0153,28.0179,0.4482,0.001,28.0125,0.0763,0.012,8e-06,0.0111,0.0028,-0.0025,TRANSLATE
-16.5703,21.9733,-6.1915,0.016,28.2088,0.1909,0.0006,27.993,0.0664,0.0136,5e-06,0.0125,0.0045,-0.0023,TRANSLATE
-17.0344,22.4505,-12.6938,0.0113,30.9084,2.6996,0.0047,28.5157,1.4748,0.0139,3e-06,0.0127,0.0047,-0.0026,TRANSLATE
-16.4931,22.4292,-17.0894,0.0117,32.6671,1.7587,0.0004,29.4744,3.9202,0.0137,4e-06,0.0124,0.005,-0.0028,TRANSLATE
-14.5133,22.7121,-21.3716,0.013,34.3979,1.7308,0.0014,30.84,6.1779,0.0135,4e-06,0.0119,0.0056,-0.0026,TRANSLATE
-9.8794,24.6353,-28.3379,0.0136,38.827,4.4291,0.0005,33.0018,12.6698,0.0131,3e-06,0.0107,0.0066,-0.0019,TRANSLATE
-13.4035,23.127,-39.7953,0.0077,47.9393,9.1123,0.0058,36.9479,37.129,0.0115,4e-06,0.0074,0.0064,-0.0022,TRANSLATE
-14.0978,22.611,-45.93,0.0123,53.0996,5.1603,0.0046,41.3862,62.311,0.0117,4e-06,0.0033,0.0054,-0.0031,TRANSLATE
-14.9376,21.87,-45.369,0.0301,52.5336,0.566,0.0178,45.3595,56.1724,0.0154,5.9e-05,-0.0027,0.0003,-0.0044,TRANSLATE
-16.2626,21.4741,-33.5452,0.0403,43.022,9.5116,0.0102,47.0843,30.259,0.0208,0.000152,-0.0098,-0.0072,-0.006,TRANSLATE
-18.3101,21.6574,-23.5862,0.0462,36.8864,6.1355,0.0059,46.6962,37.271,0.0274,0.000229,-0.0179,-0.0158,-0.0077,TRANSLATE
-19.6637,21.9072,-7.6252,0.0611,30.4094,6.4771,0.0148,43.1902,77.722,0.038,0.000265,-0.0278,-0.0233,-0.0079,TRANSLATE
-19.9747,21.332,8.7092,0.073,30.4942,0.0848,0.012,38.6691,69.8804,0.0502,0.000231,-0.0396,-0.0276,-0.0075,TRANSLATE
-19.3141,20.6469,15.6236,0.0855,32.3021,1.808,0.0125,34.6228,23.1709,0.0612,0.000278,-0.0521,-0.028,-0.0064,TRANSLATE
-14.9888,22.455,27.3364,0.1032,38.421,6.1188,0.0177,33.7026,11.1001,0.0738,0.000385,-0.0664,-0.0293,-0.0054,TRANSLATE
-17.8504,22.5484,51.4473,0.108,58.9397,20.5187,0.0047,38.1133,117.001,0.0862,0.000314,-0.0799,-0.0312,-0.0045,TRANSLATE
-22.1491,20.3981,54.2328,0.119,62.0311,3.0914,0.0111,44.4376,179.5464,0.0978,0.00027,-0.0903,-0.0363,-0.0041,TRANSLATE
-28.1443,21.3653,100.0956,0.1231,106.1495,44.1183,0.0041,59.5687,673.3842,0.1078,0.000176,-0.0966,-0.0459,-0.003,TRANSLATE
-29.4373,23.2923,130.4296,0.1056,135.7239,29.5744,0.0175,80.253,1256.7719,0.1118,6.1e-05,-0.0978,-0.0529,-0.002,TRANSLATE
-32.878,23.6776,137.1031,0.0878,142.9645,7.2406,0.0178,101.1617,1256.1591,0.1087,0.000152,-0.0937,-0.0545,-0.001,TRANSLATE
-32.9242,24.5545,138.0668,0.0759,144.0465,1.082,0.0119,118.1831,977.7125,0.1023,0.000327,-0.0861,-0.0549,0.0006,TRANSLATE
-33.6144,24.7405,136.6035,0.0585,142.8374,1.209,0.0174,134.3443,207.4849,0.0902,0.000507,-0.0746,-0.0503,0.0026,TRANSLATE
-31.079,24.2205,128.5547,0.0327,134.4576,8.3798,0.0258,140.006,16.4433,0.0721,0.000624,-0.0587,-0.0409,0.004,TRANSLATE
-27.5195,24.6108,125.7156,0.0263,131.0245,3.4331,0.0064,139.0661,28.0259,0.0562,0.000568,-0.0374,-0.033,0.0049,TRANSLATE
-26.8812,23.5605,128.9756,0.0729,133.8372,2.8127,0.0466,137.2406,27.1224,0.0532,0.000415,-0.0078,-0.0239,0.0061,TRANSLATE
-29.5706,22.9109,144.0274,0.1259,148.8059,14.9687,0.053,138.1925,43.7037,0.0632,0.001269,0.0286,-0.0077,0.0063,TRANSLATE
-21.8752,23.3819,135.6313,0.1811,139.3595,9.4464,0.0552,137.4969,39.1772,0.0878,0.003441,0.0694,0.0172,0.0057,TRANSLATE
-23.4189,23.8805,107.8738,0.223,112.9401,26.4194,0.0419,133.1935,139.4173,0.1258,0.005043,0.1093,0.0487,0.0045,TRANSLATE
-18.507,25.1919,69.6428,0.2487,76.3364,36.6037,0.0257,122.2558,665.389,0.1703,0.0041,0.1444,0.0836,0.003,TRANSLATE
-15.84,23.4316,25.683,0.2488,38.2042,38.1322,0.0002,103.1292,1685.6722,0.2055,0.002196,0.1699,0.1129,0.0017,TRANSLATE
-14.6532,23.3047,-3.6161,0.2282,27.7651,10.4391,0.0207,78.9211,1818.3148,0.226,0.000613,0.1855,0.1282,0.0007,TRANSLATE
-14.6882,22.4781,-11.6335,0.1949,29.2634,1.4983,0.0333,56.9019,1096.0847,0.2287,0.000397,0.1905,0.1241,-0.0002,TRANSLATE
-16.0974,21.8825,-4.4881,0.1597,27.5339,1.7296,0.0352,39.8206,348.7543,0.216,0.001183,0.1852,0.107,-0.0004,TRANSLATE
-16.5842,21.281,4.9377,0.1216,27.428,0.1058,0.0381,30.0389,17.107,0.1906,0.002109,0.1702,0.0812,-0.0003,TRANSLATE
-14.7174,22.0904,12.1564,0.0915,29.1953,1.7673,0.03,28.2372,0.6687,0.1592,0.002404,0.1477,0.0569,-0.0004,TRANSLATE
-14.977,21.9848,11.1407,0.062,28.8403,0.355,0.0295,28.4522,0.6506,0.1259,0.002235,0.1198,0.0383,-0.0008,TRANSLATE
-14.8191,22.3972,7.8938,0.0428,27.9921,0.8482,0.0193,28.1979,0.4967,0.0955,0.001742,0.0914,0.0273,-0.001,TRANSLATE
-15.824,22.249,5.1932,0.0268,27.7919,0.2002,0.016,28.2495,0.4388,0.0689,0.001158,0.0661,0.0191,-0.0013,TRANSLATE
-15.7405,21.8617,9.9202,0.0159,28.7073,0.9154,0.0109,28.5054,0.2803,0.0478,0.000721,0.0456,0.0139,-0.0016,TRANSLATE
-16.1299,21.9644,14.258,0.0119,30.7555,2.0482,0.004,28.8174,1.1003,0.0319,0.000342,0.0304,0.0086,-0.0017,TRANSLATE
-17.7477,22.0528,17.8845,0.0056,33.4837,2.7283,0.0063,29.7461,4.5927,0.0206,0.00017,0.0197,0.0044,-0.0019,TRANSLATE
-18.3606,21.811,18.1108,0.0029,33.7762,0.2924,0.0027,30.9029,5.8874,0.0126,7.1e-05,0.0114,0.0018,-0.0019,TRANSLATE
-18.8791,21.4488,16.1417,0.0103,32.8181,0.9581,0.0074,31.9082,3.6748,0.0093,2.1e-05,0.0042,0.0011,-0.0019,TRANSLATE
-18.3002,21.7715,13.3415,0.0134,31.4148,1.4033,0.0031,32.4497,1.3812,0.0088,1.6e-05,-0.0016,0.001,-0.0012,TRANSLATE
-17.5308,21.6485,10.8888,0.0148,29.909,1.5058,0.0014,32.2804,2.0694,0.0094,2.1e-05,-0.0069,0.0008,-0.0008,TRANSLATE
-18.1059,21.3906,8.2517,0.0161,29.2143,0.6948,0.0013,31.4265,2.9309,0.0115,2.2e-05,-0.0111,0.0004,-0.0004,TRANSLATE
-17.8441,21.8594,8.4764,0.0175,29.4634,0.2492,0.0015,30.5639,1.8534,0.0144,6e-06,-0.0142,-0.0009,-0.0001,TRANSLATE
-18.0471,21.9531,7.3623,0.0182,29.3572,0.1062,0.0007,29.8717,0.6493,0.016,3e-06,-0.0157,-0.0022,0.0,TRANSLATE
-18.219,21.9063,6.8399,0.0187,29.3018,0.0553,0.0004,29.4491,0.0594,0.0171,2e-06,-0.0168,-0.0029,-0.0004,TRANSLATE
-18.6408,22.0531,7.2875,0.019,29.7813,0.4795,0.0003,29.4236,0.0385,0.0179,1e-06,-0.0176,-0.0032,-0.0007,TRANSLATE
-19.322,22.2175,11.1331,0.0203,31.4786,1.6973,0.0013,29.8765,0.6693,0.0187,1e-06,-0.0185,-0.0025,-0.0009,TRANSLATE
-22.5857,21.9959,7.3628,0.0216,32.3751,0.8964,0.0013,30.4588,1.5446,0.0196,1e-06,-0.0191,-0.0001,-0.0011,TRANSLATE
-23.3717,21.7561,12.259,0.0264,34.203,1.828,0.0049,31.428,3.1664,0.0212,8e-06,-0.0208,0.001,-0.0013,TRANSLATE
-22.2817,22.0674,21.1572,0.0338,37.8295,3.6265,0.0073,33.1335,7.5494,0.0242,2.9e-05,-0.0229,0.005,-0.0014,TRANSLATE
-20.966,21.6414,16.2601,0.0433,34.2391,3.5904,0.0095,34.0251,4.7516,0.0291,7.3e-05,-0.0264,0.0102,-0.0013,TRANSLATE
-20.0103,22.385,6.9081,0.0451,30.8095,3.4296,0.0019,33.8912,5.5049,0.034,8.4e-05,-0.03,0.0147,-0.0017,TRANSLATE
-19.3583,22.8049,-0.261,0.0416,29.9144,0.895,0.0035,33.3991,7.9659,0.038,4.9e-05,-0.0333,0.0171,-0.0015,TRANSLATE
-19.3929,22.5283,-9.1026,0.0402,31.088,1.1736,0.0014,32.7761,8.5168,0.0408,1.5e-05,-0.0358,0.0188,-0.0017,TRANSLATE
-16.7612,22.6664,-10.4758,0.0357,30.074,1.014,0.0045,31.225,2.4637,0.0412,1e-05,-0.0372,0.0159,-0.0017,TRANSLATE
-16.4339,22.905,-9.7275,0.0372,29.8217,0.2522,0.0015,30.3415,0.2601,0.04,1.1e-05,-0.0372,0.013,-0.0016,TRANSLATE
-15.3471,22.549,-17.0133,0.0403,32.1472,2.3255,0.0032,30.6091,0.7968,0.039,5e-06,-0.0365,0.0122,-0.0009,TRANSLATE
-16.0933,22.5861,-21.0981,0.0412,34.8462,2.699,0.0009,31.5954,3.318,0.0389,4e-06,-0.0361,0.0127,-0.0009,TRANSLATE
-15.5997,22.7095,-23.0222,0.0433,35.9039,1.0578,0.002,32.5586,6.0515,0.0395,8e-06,-0.0356,0.0155,-0.0005,TRANSLATE
-13.0954,22.4488,-22.574,0.0506,34.4242,1.4797,0.0073,33.4287,4.7559,0.0425,2e-05,-0.0369,0.0204,-0.0002,TRANSLATE
-13.4325,21.8528,-27.4811,0.0581,37.5924,3.1682,0.0076,34.9828,3.206,0.0467,4.6e-05,-0.0385,0.0263,0.0001,TRANSLATE
-11.8835,21.0979,-33.788,0.0619,41.5688,3.9764,0.0038,36.8671,6.7224,0.051,6.5e-05,-0.0403,0.0309,0.0005,TRANSLATE
-12.8162,21.1127,-46.7398,0.0606,52.864,11.2952,0.0014,40.4707,44.1002,0.0549,4.9e-05,-0.0426,0.0343,0.0011,TRANSLATE
-13.1405,21.8683,-56.1137,0.0565,61.6412,8.7772,0.0041,45.6181,103.0711,0.0575,1.6e-05,-0.0446,0.0361,0.0015,TRANSLATE
-12.378,21.129,-62.3347,0.0545,66.9721,5.3309,0.002,52.1277,126.834,0.0583,7e-06,-0.046,0.0353,0.0015,TRANSLATE
-12.2055,20.9219,-58.3834,0.0466,63.2086,3.7636,0.0079,57.251,82.8885,0.056,2.9e-05,-0.046,0.0308,0.0013,TRANSLATE
-16.1613,20.6344,-52.0505,0.0372,58.2771,4.9315,0.0094,60.5926,22.7467,0.0511,6.9e-05,-0.0439,0.0251,0.0005,TRANSLATE
-16.9322,20.7638,-50.081,0.0322,56.7974,1.4797,0.005,61.3793,13.0625,0.0454,9e-05,-0.0402,0.0206,0.0003,TRANSLATE
-16.5801,21.286,-48.8179,0.0263,55.778,1.0194,0.0059,60.2066,17.9485,0.0394,0.000102,-0.0352,0.0173,0.0002,TRANSLATE
-13.5328,21.2351,-51.7637,0.0199,57.5634,1.7854,0.0064,58.3249,6.6505,0.0324,8.4e-05,-0.0276,0.0159,0.0002,TRANSLATE
-15.3356,21.0224,-53.7141,0.0127,59.6852,2.1218,0.0072,57.6202,1.754,0.0257,7.5e-05,-0.02,0.0149,0.0002,TRANSLATE
-14.6435,20.7242,-48.115,0.0102,54.3965,5.2887,0.0025,56.8441,3.1438,0.0203,6.8e-05,-0.0138,0.0139,0.0,TRANSLATE
-13.3711,20.5106,-49.2326,0.0232,54.9848,0.5882,0.013,56.4816,3.7034,0.0185,3.8e-05,-0.008,0.0153,-0.0002,TRANSLATE
-13.8781,20.1147,-58.3236,0.0337,63.2365,8.2517,0.0105,57.9733,10.5049,0.02,7e-05,-0.0029,0.0188,-0.0003,TRANSLATE
-10.2931,20.1668,-73.612,0.028,77.0154,13.779,0.0057,61.8637,67.8568,0.0216,8e-05,0.0009,0.0209,-0.0,TRANSLATE
-9.4814,19.7334,-88.7209,0.0146,91.3821,14.3667,0.0134,68.2031,200.9879,0.022,7.4e-05,0.0044,0.0201,0.0006,TRANSLATE
-11.8663,13.293,-89.683,0.0321,91.436,0.0539,0.0175,75.611,215.9408,0.0263,4.8e-05,0.0087,0.013,-0.0002,TRANSLATE
-18.2931,15.1969,-73.7995,0.0591,77.5367,13.8993,0.027,80.1214,111.2508,0.0335,0.000209,0.0127,-0.0026,-0.0011,TRANSLATE
-17.9657,16.6981,-51.8177,0.0747,57.3295,20.2072,0.0156,78.94,156.729,0.0417,0.000481,0.0167,-0.0234,-0.0021,TRANSLATE
-16.0319,16.9866,-26.8573,0.0812,35.5933,21.7362,0.0065,70.6555,463.1431,0.0523,0.000642,0.021,-0.0439,-0.003,TRANSLATE
-19.3193,17.9299,-8.889,0.0831,27.816,7.7773,0.0019,57.9423,582.6432,0.066,0.000359,0.0265,-0.06,-0.0043,TRANSLATE
-17.2898,19.9314,3.6888,0.078,26.6422,1.1738,0.0051,44.9836,386.2873,0.0752,7.3e-05,0.0322,-0.0673,-0.0037,TRANSLATE
-18.0225,20.7827,3.3729,0.0751,27.7147,1.0725,0.0029,35.0192,134.6987,0.0784,1.1e-05,0.0387,-0.0668,-0.0033,TRANSLATE
-20.0524,21.5324,-0.8516,0.079,29.4358,1.7211,0.0039,29.4404,10.2609,0.0793,7e-06,0.0448,-0.0641,-0.0027,TRANSLATE
-16.4013,22.8728,-1.0251,0.0883,28.1641,1.2717,0.0092,27.9546,0.8074,0.0807,2.1e-05,0.0501,-0.0626,-0.0022,TRANSLATE
-14.0648,22.8045,6.5956,0.0955,27.5928,0.5713,0.0072,27.9099,0.8277,0.0832,5.7e-05,0.0532,-0.0636,-0.0017,TRANSLATE
-15.9237,23.7873,18.1327,0.0956,33.885,6.2922,0.0001,29.3585,5.5484,0.0867,7e-05,0.0549,-0.0668,-0.0014,TRANSLATE
-19.4639,24.7299,26.5187,0.0907,41.154,7.269,0.0049,32.0463,25.6102,0.0898,3.7e-05,0.0548,-0.071,-0.0012,TRANSLATE
-17.7587,24.6651,32.2806,0.081,44.337,3.1831,0.0097,35.0266,45.5776,0.0902,2.9e-05,0.0545,-0.0718,-0.0013,TRANSLATE
-18.8351,23.7446,31.4932,0.0708,43.708,0.6291,0.0102,38.1354,41.5676,0.0867,9.1e-05,0.0542,-0.0672,-0.0016,TRANSLATE
-17.4555,23.8832,31.0633,0.0707,42.8956,0.8124,0.0001,41.1959,14.5034,0.0818,0.000103,0.0547,-0.0598,-0.0018,TRANSLATE
-18.4613,23.7628,34.3913,0.0635,45.6974,2.8018,0.0073,43.5584,2.2849,0.0753,9e-05,0.054,-0.0515,-0.0021,TRANSLATE
-19.0159,24.1509,34.2411,0.0594,46.0144,0.317,0.0041,44.5305,1.3901,0.0691,5.5e-05,0.0544,-0.0413,-0.0025,TRANSLATE
-19.5002,23.5582,30.9054,0.0553,43.4786,2.5358,0.004,44.3588,1.5744,0.0639,3.8e-05,0.054,-0.0332,-0.0027,TRANSLATE
-19.4596,22.8872,31.5556,0.0448,43.5689,0.0903,0.0105,44.331,1.6137,0.0587,7.4e-05,0.0516,-0.027,-0.0026,TRANSLATE
-19.8239,22.6535,32.3851,0.0318,44.215,0.646,0.0131,44.5949,1.1347,0.051,0.00013,0.0462,-0.0203,-0.0025,TRANSLATE
-19.581,22.7447,31.2362,0.0199,43.3178,0.8971,0.0119,44.119,0.9913,0.0422,0.000216,0.0398,-0.0136,-0.0022,TRANSLATE
-19.3304,22.7676,30.0296,0.0103,42.3533,0.9645,0.0096,43.3867,0.36,0.0324,0.000265,0.0309,-0.0092,-0.0015,TRANSLATE
-19.2362,22.4453,29.8924,0.0051,42.0402,0.3131,0.0052,43.0991,0.6382,0.0224,0.000208,0.0213,-0.0044,-0.0011,TRANSLATE
-19.8452,22.0406,27.7108,0.0061,40.5896,1.4507,0.0009,42.5032,1.4985,0.0146,0.000101,0.0123,-0.0003,-0.0007,TRANSLATE
-20.0231,21.3606,23.8218,0.0109,37.7449,2.8447,0.0048,41.2092,3.7663,0.0105,2.7e-05,0.0048,0.0029,-0.0004,TRANSLATE
-19.3591,21.826,18.6074,0.0137,34.6032,3.1416,0.0028,39.4663,8.5669,0.0092,1e-05,-0.0009,0.0056,-0.0001,TRANSLATE
-18.3841,22.3483,11.4797,0.0155,31.1321,3.4712,0.0018,37.222,15.7549,0.0103,1.7e-05,-0.005,0.008,0.0001,TRANSLATE
-18.6104,21.8568,3.1087,0.0142,28.8744,2.2577,0.0013,34.5888,18.1147,0.0121,1.1e-05,-0.0076,0.0093,0.0002,TRANSLATE
-17.804,21.201,-9.0661,0.0113,29.1318,0.2574,0.0029,32.2973,11.6176,0.0131,3e-06,-0.008,0.0103,0.0003,TRANSLATE
-17.6713,21.289,-21.7435,0.0029,35.1891,6.0574,0.0084,31.7861,7.0936,0.0115,2.1e-05,-0.0062,0.0088,0.0001,TRANSLATE
-17.687,21.5655,-29.6636,0.0212,40.7165,5.5273,0.0184,33.0088,19.9618,0.013,3.6e-05,-0.0004,0.0052,0.0003,TRANSLATE
-18.034,22.1431,-43.2434,0.0292,51.8221,11.1056,0.008,37.1468,72.9224,0.0158,8e-05,0.0065,-0.0004,0.0004,TRANSLATE
-16.5085,21.602,-50.1291,0.0455,57.0271,5.2051,0.0162,42.7773,106.5788,0.022,0.000216,0.0161,-0.0072,0.0003,TRANSLATE
-18.3599,21.5472,-54.8532,0.0654,61.7272,4.7,0.0199,49.2964,98.6596,0.0328,0.000452,0.0284,-0.0158,0.0001,TRANSLATE
-16.4192,21.0284,-60.8076,0.0825,66.4029,4.6757,0.0171,55.5392,78.4111,0.0488,0.000512,0.0417,-0.025,-0.0,TRANSLATE
-12.7791,19.2289,-64.1367,0.0949,68.1658,1.7629,0.0124,61.029,36.2164,0.0635,0.000569,0.0532,-0.0345,-0.0004,TRANSLATE
-15.3233,19.6675,-69.8469,0.1012,74.1633,5.9975,0.0064,65.4973,33.7996,0.0779,0.000413,0.064,-0.0441,-0.0003,TRANSLATE
-14.8805,18.9372,-79.7244,0.105,83.2828,9.1194,0.0038,70.7484,55.1415,0.0898,0.000208,0.0709,-0.0544,-0.0002,TRANSLATE
-18.4169,19.4403,-78.8357,0.1135,83.2597,0.023,0.0085,75.0549,51.6258,0.0994,0.000108,0.0729,-0.0663,0.0002,TRANSLATE
-20.6616,19.0492,-61.4623,0.1206,67.5825,15.6772,0.007,75.2908,47.7661,0.107,8.2e-05,0.0714,-0.078,0.0009,TRANSLATE
-18.3106,19.5112,-32.2042,0.113,41.8698,25.7127,0.0075,70.0316,233.347,0.1107,4.7e-05,0.0692,-0.0853,0.002,TRANSLATE
-30.8547,18.0308,-17.4696,0.0971,39.7783,2.0915,0.0159,63.1546,365.6924,0.1098,6.5e-05,0.0684,-0.0849,0.0031,TRANSLATE
-26.6338,18.2997,-17.5007,0.0796,36.7493,3.029,0.0175,53.8479,337.4974,0.1048,0.000217,0.0683,-0.0763,0.0041,TRANSLATE
-23.2695,18.5085,-28.4818,0.0615,41.1734,4.4241,0.0181,45.4306,125.7647,0.0944,0.000468,0.067,-0.06,0.0052,TRANSLATE
-18.0812,18.1662,-42.4917,0.0324,49.6234,8.45,0.0291,41.8388,18.2386,0.0767,0.000788,0.061,-0.0393,0.0057,TRANSLATE
-18.7587,18.1173,-47.5309,0.0128,54.2154,4.592,0.0196,44.308,42.7778,0.0567,0.00094,0.0471,-0.0187,0.0057,TRANSLATE
-18.8351,16.897,-41.1309,0.0503,48.291,5.9244,0.0375,46.0105,38.9485,0.0473,0.000534,0.0247,0.0002,0.0054,TRANSLATE
-17.94,18.6301,-39.3423,0.0909,47.0822,1.2088,0.0406,48.0771,17.7533,0.0496,0.0007,-0.0035,0.0186,0.005,TRANSLATE
-16.2863,18.4978,-46.0051,0.1255,52.1908,5.1086,0.0345,50.2806,6.7503,0.0624,0.00166,-0.0337,0.038,0.0046,TRANSLATE
-15.2103,19.4201,-61.3759,0.1488,66.1476,13.9568,0.0233,53.5854,46.0943,0.0857,0.002431,-0.0625,0.0575,0.0052,TRANSLATE
-15.2308,20.2767,-75.4851,0.1591,79.6312,13.4836,0.0103,58.6686,155.8529,0.1149,0.001592,-0.088,0.0734,0.0047,TRANSLATE
-14.9346,19.8026,-68.1912,0.1703,72.5619,7.0693,0.0111,63.5227,149.3563,0.1389,0.000795,-0.1104,0.0829,0.0035,TRANSLATE
-18.2102,19.6827,-51.0998,0.1871,57.708,14.8539,0.0169,65.6479,97.5441,0.1581,0.000429,-0.1297,0.0887,0.0024,TRANSLATE
-16.8556,18.7462,-34.333,0.2058,42.5945,15.1136,0.0187,63.7286,163.934,0.1742,0.000411,-0.1467,0.0928,0.0014,TRANSLATE
-18.3158,18.3501,-28.9539,0.2154,38.8654,3.729,0.0095,58.2722,256.6269,0.1875,0.000443,-0.1598,0.0977,-0.0002,TRANSLATE
-13.9651,19.2676,-33.9381,0.2088,41.4495,2.5841,0.0066,50.6359,163.6727,0.1975,0.000273,-0.1677,0.1037,-0.0006,TRANSLATE
-17.6158,20.3078,-34.3099,0.1877,43.5877,2.1383,0.0211,44.841,43.8775,0.201,0.000132,-0.1691,0.1082,-0.0007,TRANSLATE
-18.8145,21.24,-27.2916,0.1607,39.3695,4.2182,0.0269,41.1733,3.3011,0.1957,0.000389,-0.163,0.1082,-0.0008,TRANSLATE
-19.3454,21.9545,-22.0927,0.1272,36.6651,2.7044,0.0335,39.9875,5.5557,0.18,0.001059,-0.1481,0.1021,-0.001,TRANSLATE
-18.4919,20.9917,-18.4773,0.1001,33.5263,3.1388,0.0271,38.9196,12.5129,0.1569,0.001551,-0.1289,0.0894,-0.0012,TRANSLATE
-18.4592,21.3652,-13.1974,0.0774,31.1671,2.3592,0.0227,36.8632,19.0242,0.1306,0.001587,-0.1077,0.0739,-0.0016,TRANSLATE
-19.983,21.8078,-7.758,0.058,30.5792,0.5879,0.0194,34.2614,11.1089,0.1047,0.001318,-0.0856,0.0602,-0.0017,TRANSLATE
-17.5832,21.54,-3.3782,0.0382,28.0099,2.5693,0.0199,31.9895,8.5451,0.0802,0.000975,-0.0651,0.0468,-0.0018,TRANSLATE
-14.6978,21.9945,-2.5526,0.0188,26.5763,1.4336,0.0194,29.9718,5.9621,0.0585,0.000816,-0.0471,0.0344,-0.0017,TRANSLATE
-14.7239,22.3862,-2.7702,0.0049,26.9372,0.3608,0.014,28.6539,3.5402,0.0395,0.000682,-0.0303,0.0235,-0.0018,TRANSLATE
-12.476,23.0496,-3.9599,0.0184,26.5069,0.4303,0.0135,27.7219,2.3303,0.0276,0.000344,-0.014,0.0138,-0.0018,TRANSLATE
-12.0714,22.4928,-4.1398,0.0224,25.8609,0.646,0.004,26.7782,0.4997,0.0205,0.000114,-0.0004,0.0054,-0.0019,TRANSLATE
-15.2884,21.7193,-3.2618,0.0232,26.7601,0.8992,0.0008,26.5283,0.1338,0.0175,4.4e-05,0.0099,-0.0013,-0.0016,TRANSLATE
-15.562,21.8567,-2.0938,0.0239,26.9123,0.1523,0.0007,26.5955,0.1583,0.0185,5e-05,0.0164,-0.0066,-0.0015,TRANSLATE
-16.7621,21.8541,-0.5032,0.0247,27.5467,0.6344,0.0008,26.7174,0.3011,0.0225,5e-06,0.0199,-0.0101,-0.0014,TRANSLATE
-16.1597,21.7645,1.8068,0.0252,27.1679,0.3788,0.0005,26.8496,0.3154,0.0239,1e-06,0.0205,-0.012,-0.001,TRANSLATE
-16.3621,22.3866,4.1517,0.0276,28.0377,0.8699,0.0025,27.2849,0.2127,0.0249,2e-06,0.0211,-0.0132,-0.0008,TRANSLATE
-17.4553,22.7562,2.6807,0.0279,28.8048,0.7671,0.0002,27.6939,0.4523,0.0259,3e-06,0.022,-0.0134,-0.0008,TRANSLATE
-16.6705,22.6924,1.3915,0.0261,28.192,0.6128,0.0018,27.9498,0.3143,0.0263,2e-06,0.0226,-0.0134,-0.0007,TRANSLATE
-17.0801,22.8102,-0.2837,0.0202,28.4977,0.3057,0.0059,28.14,0.3056,0.0254,8e-06,0.022,-0.0126,-0.0007,TRANSLATE
-17.7141,22.8763,-0.2738,0.0177,28.9342,0.4366,0.0025,28.4933,0.118,0.0239,1.7e-05,0.0209,-0.0116,-0.0007,TRANSLATE
-17.8244,23.1791,-1.1222,0.0147,29.2616,0.3274,0.003,28.7381,0.1346,0.0213,2.5e-05,0.0187,-0.01,-0.0011,TRANSLATE
-18.0564,23.2964,-8.2884,0.0055,30.6179,1.3563,0.0092,29.1007,0.709,0.0168,4.6e-05,0.0147,-0.0075,-0.0015,TRANSLATE
-13.3983,24.3747,-11.2338,0.0074,29.9973,0.6206,0.002,29.4617,0.5743,0.0131,3.3e-05,0.0086,-0.0047,-0.0017,TRANSLATE
-13.903,23.7966,-25.2902,0.0247,37.4054,7.4081,0.0173,31.2433,9.8348,0.014,4.9e-05,0.0003,-0.0018,-0.0022,TRANSLATE
-14.4693,23.7873,-30.6415,0.0428,41.4017,3.9963,0.0181,33.7368,23.1895,0.019,0.000186,-0.0112,-0.0007,-0.0026,TRANSLATE
-15.6973,24.3048,-37.4007,0.0583,47.2858,5.8841,0.0155,37.3416,42.9044,0.0277,0.000415,-0.025,-0.0022,-0.0024,TRANSLATE
-14.3797,24.2532,-31.5706,0.0713,42.3284,4.9573,0.0131,39.6837,33.351,0.0409,0.000523,-0.0395,-0.0068,-0.0023,TRANSLATE
-15.2006,23.9307,-18.8377,0.078,34.0382,8.2903,0.0067,40.4919,20.3068,0.055,0.000375,-0.0528,-0.0125,-0.0022,TRANSLATE
-17.8761,23.3696,0.2142,0.0877,29.4234,4.6147,0.0096,38.8955,40.3551,0.0676,0.000246,-0.0644,-0.0197,-0.0017,TRANSLATE
-19.0072,23.455,15.5839,0.0854,33.9745,4.5511,0.0023,37.4101,41.7357,0.0761,0.000113,-0.0721,-0.0243,-0.0011,TRANSLATE
-21.3932,24.0578,27.4765,0.0766,42.325,8.3505,0.0087,36.4179,26.0767,0.0798,3.5e-05,-0.0757,-0.0247,-0.0006,TRANSLATE
-18.7302,24.7181,33.8499,0.0699,45.9088,3.5839,0.0067,37.134,36.5927,0.0795,4.1e-05,-0.076,-0.0227,0.0002,TRANSLATE
-18.0467,24.7276,41.4206,0.0639,51.5053,5.5965,0.006,40.6274,63.7789,0.0767,8.1e-05,-0.074,-0.0184,0.0006,TRANSLATE
-20.0592,24.7727,45.4865,0.0567,55.5435,4.0381,0.0072,45.8514,55.8805,0.0705,9.8e-05,-0.069,-0.0131,0.001,TRANSLATE
-22.5849,23.4557,54.011,0.0521,63.0669,7.5235,0.0046,51.6699,53.0882,0.0639,7.8e-05,-0.0629,-0.0099,0.0016,TRANSLATE
-23.6241,24.6458,64.4432,0.0435,72.9277,9.8607,0.0086,57.7904,88.54,0.0572,8.4e-05,-0.0563,-0.0089,0.0023,TRANSLATE
-22.9306,25.0323,73.7952,0.0347,81.229,8.3014,0.0088,64.8545,120.2784,0.0502,0.000104,-0.049,-0.0087,0.0031,TRANSLATE
-23.4695,25.4446,84.7893,0.0274,91.5831,10.3541,0.0073,72.87,163.2731,0.0429,0.000117,-0.0406,-0.0109,0.004,TRANSLATE
-20.7662,25.8275,91.4845,0.0056,97.3022,5.7191,0.0218,81.2218,152.8655,0.0327,0.000252,-0.0298,-0.0109,0.0039,TRANSLATE
-22.8442,25.7558,92.4564,0.0154,98.658,1.3558,0.0098,88.34,97.0812,0.0253,0.000182,-0.0166,-0.0084,0.0037,TRANSLATE
-21.9691,25.489,88.2276,0.0344,94.4269,4.2311,0.019,92.6398,38.4946,0.0235,0.000129,-0.0016,-0.0043,0.0034,TRANSLATE
-22.9503,23.4068,75.3102,0.053,82.1354,12.2915,0.0186,92.8211,34.4891,0.0272,0.000264,0.015,0.0008,0.0027,TRANSLATE
-21.5415,23.688,60.8575,0.0643,68.7662,13.3692,0.0114,88.2578,129.0856,0.0345,0.000486,0.0322,0.0044,0.0018,TRANSLATE
-14.7238,24.0816,50.8892,0.0747,58.193,10.5733,0.0103,80.4359,232.3222,0.0483,0.00045,0.0472,0.0017,0.0022,TRANSLATE
-16.5541,23.5215,61.5957,0.0865,67.9804,9.7874,0.0118,74.3004,159.2965,0.0626,0.000322,0.0594,-0.0067,0.0021,TRANSLATE
-20.8682,23.0954,85.7047,0.0938,91.1821,23.2017,0.0073,73.6514,134.8583,0.0745,0.000217,0.0691,-0.0179,0.0018,TRANSLATE
-19.5633,21.145,104.32,0.0913,108.2243,17.0422,0.0025,78.8692,332.2944,0.0821,0.000122,0.0764,-0.0258,0.0016,TRANSLATE
-19.9757,21.9942,106.8623,0.1017,110.9158,2.6915,0.0104,87.2991,446.2139,0.0896,8e-05,0.0839,-0.0258,0.0016,TRANSLATE
-20.7868,22.1109,86.8492,0.1138,91.9987,18.9171,0.0121,94.0602,235.4846,0.0974,9.1e-05,0.0918,-0.0181,0.0012,TRANSLATE
-21.1482,21.9638,62.1262,0.1167,69.2049,22.7938,0.0029,94.3052,222.9503,0.1034,0.000105,0.0996,-0.0062,0.0002,TRANSLATE
-23.4217,21.8648,47.1291,0.1144,56.9894,12.2155,0.0023,87.4666,452.727,0.1076,9.3e-05,0.1061,0.0052,-0.0004,TRANSLATE
-22.3061,21.6824,38.3501,0.11,49.3804,7.609,0.0044,75.6978,518.1588,0.1113,2.8e-05,0.1105,0.0104,-0.0011,TRANSLATE
-21.1136,21.3303,36.527,0.1049,47.2757,2.1047,0.005,62.9698,269.6595,0.1119,1.7e-05,0.1111,0.0091,-0.0017,TRANSLATE
-19.8378,21.6236,37.3403,0.099,47.4913,0.2156,0.006,54.0683,69.8047,0.109,4.1e-05,0.1085,0.0038,-0.0019,TRANSLATE
-20.0327,21.9583,32.3691,0.0971,43.9458,3.5454,0.0019,49.0165,18.9536,0.1051,4.2e-05,0.1049,0.0,-0.0016,TRANSLATE
-20.073,22.1604,24.2328,0.0944,38.4869,5.459,0.0027,45.316,14.7211,0.1011,3.2e-05,0.101,-0.0015,-0.0015,TRANSLATE
-18.0897,21.0846,17.5175,0.0824,32.8429,5.6439,0.012,42.0085,31.5933,0.0956,5.5e-05,0.0955,-0.0016,-0.0012,TRANSLATE
-17.5155,21.0301,9.4671,0.075,28.9601,3.8829,0.0074,38.3454,46.6786,0.0896,8.7e-05,0.0895,-0.0001,-0.0009,TRANSLATE
-17.8999,19.9397,6.9425,0.0547,27.6803,1.2798,0.0203,34.3832,36.9993,0.0807,0.000234,0.0807,0.0004,-0.0007,TRANSLATE
-18.0012,19.408,6.2008,0.0378,27.1876,0.4927,0.0169,31.0315,17.8322,0.0689,0.000407,0.0687,-0.0009,-0.0005,TRANSLATE
-17.4728,19.2796,8.3232,0.026,27.318,0.1305,0.0118,28.7978,4.4842,0.0552,0.000457,0.0549,-0.0026,-0.0004,TRANSLATE
-17.7689,19.283,12.0554,0.0187,28.86,1.542,0.0073,28.0012,0.5777,0.0425,0.000413,0.042,-0.0037,-0.0001,TRANSLATE
-19.0495,19.7702,11.06,0.0147,29.5984,0.7384,0.004,28.1289,0.8878,0.0304,0.00021,0.0299,-0.0046,-0.0005,TRANSLATE
-19.3583,19.1286,9.7136,0.011,28.8964,0.702,0.0038,28.3721,0.9062,0.0216,9e-05,0.0211,-0.0036,-0.0012,TRANSLATE
-19.9679,20.1217,5.6552,0.0071,28.9064,0.01,0.0039,28.7159,0.5645,0.0155,4.3e-05,0.0148,-0.0028,-0.0018,TRANSLATE
-20.54,19.5692,6.1461,0.0055,29.0279,0.1215,0.0016,29.0578,0.0762,0.0114,2.4e-05,0.0097,-0.0024,-0.0026,TRANSLATE
-19.2257,19.9241,6.5731,0.0105,28.4571,0.5708,0.0051,28.9772,0.1341,0.0098,1e-05,0.0044,-0.0024,-0.0032,TRANSLATE
-18.7087,19.7987,13.1772,0.0143,30.2596,1.8025,0.0038,29.1095,0.3683,0.0097,1e-05,-0.0013,-0.0017,-0.003,TRANSLATE
-19.6826,19.6014,10.9137,0.0091,29.8451,0.4145,0.0052,29.2992,0.4315,0.0093,9e-06,-0.005,-0.001,-0.0027,TRANSLATE
-23.6179,19.4093,5.4872,0.0035,31.0586,1.2135,0.0056,29.7296,0.8344,0.0086,1.4e-05,-0.0067,-0.0001,-0.0022,TRANSLATE
-23.5069,20.2837,-6.1603,0.0082,31.6536,0.595,0.0046,30.2548,1.2005,0.0091,1.2e-05,-0.0051,0.0007,-0.0019,TRANSLATE
-22.8742,19.8019,-17.0938,0.0216,34.7498,3.0962,0.0135,31.5133,3.0112,0.0114,3.8e-05,0.0008,0.001,-0.0019,TRANSLATE
-22.09,20.0478,-24.8376,0.038,38.8174,4.0676,0.0164,33.2249,10.4372,0.0161,0.000156,0.0112,-0.0002,-0.0025,TRANSLATE
-22.9814,20.0257,-30.7388,0.0507,43.2903,4.4729,0.0127,35.9139,21.1841,0.0244,0.000317,0.0228,-0.0019,-0.0023,TRANSLATE
-18.6164,19.1893,-41.4817,0.0717,49.3511,6.0608,0.021,39.5724,39.1962,0.0381,0.000492,0.0377,-0.0018,-0.0022,TRANSLATE
-29.415,20.1577,-58.3353,0.0945,68.3709,19.0199,0.0228,46.9159,138.599,0.0553,0.000652,0.0551,-0.0021,-0.0021,TRANSLATE
-26.8038,19.6606,-74.712,0.1121,81.7733,13.4024,0.0175,56.3206,263.5554,0.0734,0.000742,0.0731,-0.0045,-0.0016,TRANSLATE
-23.4056,19.3378,-85.1415,0.1255,90.3927,8.6194,0.0134,66.6357,328.0642,0.0909,0.000728,0.0901,-0.0091,-0.0008,TRANSLATE
-17.4776,18.5171,-93.6257,0.1298,97.0264,6.6337,0.0043,77.3829,288.2794,0.1067,0.000457,0.105,-0.015,-0.0005,TRANSLATE
-17.1477,18.7668,-100.8131,0.128,103.9688,6.9424,0.0018,88.3064,153.1612,0.118,0.000176,0.1152,-0.023,-0.0003,TRANSLATE
-14.4838,19.2072,-109.7973,0.1143,112.4017,8.4329,0.0137,97.1126,112.2447,0.1219,5.4e-05,0.1173,-0.0317,0.0005,TRANSLATE
-11.7339,21.0439,-112.0972,0.0941,114.6574,2.2557,0.0202,103.6894,83.4953,0.1183,0.000176,0.1109,-0.0388,0.001,TRANSLATE
-11.1746,19.1445,-101.0309,0.065,103.4342,11.2232,0.0291,106.2977,41.3449,0.1062,0.000588,0.0964,-0.0416,0.0017,TRANSLATE
-12.4741,18.2125,-86.5247,0.023,89.2963,14.1379,0.042,104.7517,79.5729,0.0849,0.001406,0.0744,-0.038,0.003,TRANSLATE
-11.7574,17.4012,-84.801,0.0395,87.3628,1.9335,0.0165,101.4305,128.8947,0.0672,0.001132,0.0453,-0.0242,0.004,TRANSLATE
-13.409,18.2929,-108.069,0.0885,110.4234,23.0606,0.049,101.0348,120.8391,0.062,0.000753,0.0125,-0.002,0.004,TRANSLATE
-7.3366,16.3655,-141.2739,0.1202,142.4078,31.9844,0.0317,106.5849,395.2653,0.0673,0.001197,-0.0226,0.0224,0.0058,TRANSLATE
-8.1974,16.0549,-167.6629,0.1406,168.6292,26.2214,0.0204,119.6239,993.1631,0.0824,0.002043,-0.0587,0.0411,0.0054,TRANSLATE
-10.2798,16.2564,-174.7616,0.1693,175.8168,7.1876,0.0287,136.928,1141.3071,0.1116,0.001993,-0.0954,0.0482,0.0048,TRANSLATE
-11.177,16.227,-156.2999,0.1938,157.537,18.2798,0.0245,150.9628,537.9343,0.1425,0.001352,-0.1295,0.0411,0.0039,TRANSLATE
-11.7947,16.816,-122.3087,0.2128,124.0214,33.5156,0.019,153.6824,347.0177,0.1673,0.001141,-0.1602,0.0254,0.0036,TRANSLATE
-12.7826,16.9059,-87.5813,0.2097,90.1093,33.912,0.0031,143.2227,1020.4966,0.1852,0.000735,-0.1828,0.0099,0.0013,TRANSLATE
-12.5355,15.6935,-60.2588,0.2062,63.5181,26.5913,0.0035,122.2005,1720.0316,0.1983,0.000253,-0.198,-0.0002,0.0007,TRANSLATE
-15.1503,17.011,-46.2039,0.1898,51.5142,12.0039,0.0164,97.34,1526.3566,0.2024,8.2e-05,-0.2023,-0.0039,-0.0001,TRANSLATE
-16.7577,18.2807,-36.2725,0.172,43.9397,7.5744,0.0178,74.6205,855.7654,0.1981,0.000234,-0.198,-0.003,-0.0001,TRANSLATE
-18.6562,19.6183,-30.293,0.1393,40.6275,3.3122,0.0327,57.9418,320.6002,0.1834,0.000666,-0.1833,0.0004,-0.0002,TRANSLATE
-19.1124,20.7009,-27.6219,0.11,39.4561,1.1715,0.0292,47.8111,79.3638,0.1634,0.001207,-0.1634,0.0025,-0.0003,TRANSLATE
-18.7899,21.217,-24.4288,0.08,37.4164,2.0397,0.0301,42.5908,24.3802,0.1382,0.001598,-0.1382,0.0025,-0.0005,TRANSLATE
-18.8445,21.4955,-18.4024,0.056,33.9973,3.4191,0.024,39.0874,10.9509,0.1114,0.001701,-0.1114,0.0026,-0.0008,TRANSLATE
-19.1037,22.0057,-10.9313,0.0381,31.1239,2.8734,0.0179,36.5242,12.3556,0.0847,0.001328,-0.0846,0.0029,-0.0011,TRANSLATE
-18.6205,21.8296,-3.9888,0.0231,28.9683,2.1556,0.015,34.1924,14.9691,0.0614,0.000951,-0.0613,0.0028,-0.0012,TRANSLATE
-18.7089,22.0293,-0.1723,0.0119,28.9023,0.066,0.0112,32.0816,10.5696,0.0418,0.000584,-0.0414,0.003,-0.001,TRANSLATE
-18.6733,22.1891,2.1184,0.0052,29.0781,0.1758,0.0066,30.414,3.9008,0.0268,0.000336,-0.0255,0.0037,-0.0008,TRANSLATE
-18.6293,22.2669,2.0822,0.0089,29.1067,0.0286,0.0036,29.4359,0.7178,0.0174,0.000142,-0.0128,0.0041,-0.0007,TRANSLATE
-18.4628,22.2198,0.8752,0.0128,28.9026,0.2041,0.0039,28.9916,0.0074,0.0124,3.6e-05,-0.0027,0.0042,-0.0006,TRANSLATE
-18.2796,21.9571,-0.0405,0.0151,28.5702,0.3323,0.0023,28.912,0.0365,0.0108,1.2e-05,0.0048,0.0039,-0.0006,TRANSLATE
-17.8706,22.1625,-1.3199,0.0168,28.5005,0.0698,0.0017,28.8316,0.0639,0.0117,1.8e-05,0.0103,0.0033,-0.0007,TRANSLATE
-18.2933,22.405,-2.3653,0.018,29.0211,0.5206,0.0012,28.8202,0.0588,0.0143,1e-05,0.0139,0.0028,-0.0007,TRANSLATE
-18.5284,22.599,-3.3766,0.0185,29.418,0.3969,0.0006,28.8825,0.11,0.0162,4e-06,0.016,0.0025,-0.0008,TRANSLATE
-18.6665,22.6542,-4.0513,0.0189,29.6321,0.2141,0.0004,29.0284,0.201,0.0174,2e-06,0.0173,0.0024,-0.0007,TRANSLATE
-18.3301,22.4952,-3.7879,0.0193,29.2639,0.3682,0.0004,29.1671,0.1509,0.0183,1e-06,0.0181,0.0024,-0.0007,TRANSLATE
-18.6766,22.6899,-3.0022,0.0193,29.5408,0.2769,0.0001,29.3752,0.0466,0.0188,0.0,0.0186,0.0024,-0.0007,TRANSLATE
-19.4475,22.502,-1.9518,0.0191,29.8052,0.2644,0.0002,29.532,0.0339,0.019,0.0,0.0188,0.0025,-0.0006,TRANSLATE
-19.3174,22.7609,-0.6677,0.0186,29.8608,0.0556,0.0005,29.6206,0.0451,0.019,0.0,0.0188,0.0026,-0.0006,TRANSLATE
-19.1133,22.7275,-0.2904,0.0184,29.6975,0.1633,0.0002,29.6336,0.0461,0.0189,0.0,0.0187,0.0026,-0.0005,TRANSLATE
-19.2187,22.4789,0.1146,0.0179,29.5749,0.1226,0.0005,29.6958,0.0156,0.0186,0.0,0.0185,0.0025,-0.0005,TRANSLATE
-18.8812,22.3831,0.1823,0.017,29.2837,0.2911,0.0009,29.6444,0.0421,0.0182,0.0,0.018,0.0024,-0.0004,TRANSLATE
-19.4019,22.3909,0.449,0.0159,29.6308,0.3471,0.0011,29.6095,0.0357,0.0176,1e-06,0.0174,0.0024,-0.0005,TRANSLATE
-19.6402,23.6033,4.1123,0.0139,30.9801,1.3493,0.002,29.8334,0.3487,0.0166,3e-06,0.0162,0.0031,-0.0004,TRANSLATE
-20.9684,22.7358,1.043,0.0285,30.9464,0.0337,0.0146,30.0832,0.5303,0.0187,2.6e-05,0.015,0.0077,-0.0006,TRANSLATE
-20.6841,22.048,-9.6188,0.0275,31.7249,0.7785,0.0011,30.5132,0.8328,0.0206,3.8e-05,0.014,0.0122,-0.0004,TRANSLATE
-20.2254,22.429,-19.1231,0.0156,35.7467,4.0218,0.0118,31.8058,4.3376,0.0203,4e-05,0.0133,0.0103,-0.0001,TRANSLATE
-20.2272,20.9526,-14.1079,0.0221,32.3602,3.3864,0.0064,32.3517,3.155,0.0215,3.5e-05,0.0139,0.0074,0.0002,TRANSLATE
-20.7474,19.3308,-4.6051,0.027,28.7288,3.6315,0.0049,31.9014,5.2011,0.0241,2.3e-05,0.0167,0.0049,0.0004,TRANSLATE
-20.9854,20.7522,4.4816,0.0392,29.8517,1.1229,0.0122,31.6824,5.811,0.0263,6e-05,0.0221,-0.0001,0.0006,TRANSLATE
-19.754,20.9205,10.854,0.0541,30.7522,0.9004,0.0149,31.4879,5.9458,0.0316,0.000186,0.03,-0.0022,-0.0,TRANSLATE
-22.7188,22.3958,1.7801,0.0717,31.9513,1.1991,0.0175,30.7288,1.7852,0.0428,0.000331,0.0407,0.0041,-0.0006,TRANSLATE
-24.8844,23.3541,-8.0478,0.0834,35.063,3.1118,0.0117,31.2694,4.7177,0.0551,0.000424,0.0519,0.0141,-0.001,TRANSLATE
-24.4638,22.7239,-29.8195,0.0889,44.7667,9.7036,0.0056,34.477,29.5736,0.0674,0.000342,0.0617,0.0248,-0.0012,TRANSLATE
-23.4929,22.4229,-42.0243,0.0811,53.1107,8.344,0.0079,39.1288,73.099,0.0758,0.000149,0.0677,0.0331,-0.0015,TRANSLATE
-24.4881,20.0821,-48.107,0.0611,57.5954,4.4847,0.02,44.4974,98.4467,0.0772,9.6e-05,0.0682,0.0357,-0.001,TRANSLATE
-22.9405,19.3656,-46.945,0.0431,55.7236,1.8718,0.0179,49.2519,69.5659,0.0715,0.00029,0.0627,0.0341,-0.0004,TRANSLATE
-14.9867,17.8519,-45.6935,0.041,51.2951,4.4285,0.0022,52.4983,19.5969,0.063,0.000376,0.0545,0.0312,0.0001,TRANSLATE
-14.705,16.7753,-68.0735,0.0439,71.6356,20.3405,0.0029,57.8721,52.0106,0.054,0.000234,0.0445,0.029,0.0008,TRANSLATE
-16.3984,14.8733,-82.7057,0.0334,85.6175,13.9819,0.0105,64.3734,159.1705,0.0445,8.2e-05,0.0352,0.0254,0.0013,TRANSLATE
-18.8531,15.4987,-76.0552,0.026,79.8751,5.7423,0.0074,68.8294,178.1874,0.0375,4.7e-05,0.0279,0.0237,0.0019,TRANSLATE
-15.3137,19.2302,-68.3629,0.018,72.6484,7.2267,0.0081,72.2143,135.2943,0.0325,9.1e-05,0.0236,0.0205,0.0017,TRANSLATE
-13.4854,20.8904,-41.8247,0.026,48.6577,23.9908,0.008,71.6869,158.4763,0.0295,7.6e-05,0.0196,0.0114,0.0011,TRANSLATE
-20.4602,22.7842,-4.0098,0.0281,30.8839,17.7738,0.0021,63.5365,425.0241,0.0263,2.5e-05,0.0158,-0.0013,0.0005,TRANSLATE
-21.1213,22.393,29.6078,0.0219,42.7104,11.8265,0.0062,54.9551,340.6152,0.024,1.3e-05,0.0093,-0.0101,0.0003,TRANSLATE
-27.2283,20.905,57.7581,0.0196,67.1893,24.4789,0.0023,52.4179,239.9113,0.0227,1.4e-05,0.0018,-0.0145,0.0004,TRANSLATE
-25.6857,21.7396,69.0628,0.0261,76.8247,9.6354,0.0064,53.2532,276.4969,0.0243,1e-05,-0.0054,-0.0109,0.0006,TRANSLATE
-21.5173,23.1573,55.519,0.0401,63.8875,12.9372,0.014,56.2991,285.6129,0.0271,5.1e-05,-0.0101,0.0012,0.0023,TRANSLATE
-18.7857,24.2759,37.287,0.0403,48.2964,15.5911,0.0003,59.7816,157.1069,0.0296,7.9e-05,-0.0109,0.0147,0.0017,TRANSLATE
-23.6661,24.9894,27.4828,0.036,44.0438,4.2526,0.0043,60.0483,148.286,0.0324,6.8e-05,-0.0079,0.0257,0.002,TRANSLATE
-22.4891,23.6134,15.2643,0.0286,36.0049,8.0389,0.0074,53.8115,214.806,0.0342,3.5e-05,-0.0037,0.0323,0.0014,TRANSLATE
-18.2694,19.8564,0.0208,0.023,26.9824,9.0226,0.0056,43.843,153.4743,0.0336,4.6e-05,0.0002,0.0331,0.0015,TRANSLATE
-14.2874,20.3538,-18.6708,0.0111,31.0968,4.1144,0.0119,37.2849,62.6021,0.0278,0.000106,0.0012,0.0275,0.0001,TRANSLATE
-15.0018,22.1612,-21.9773,0.0026,34.6291,3.5323,0.0084,34.5514,32.2899,0.0203,0.000144,0.0004,0.0196,0.0008,TRANSLATE
-18.5108,25.9071,-21.3162,0.0042,38.3172,3.6881,0.0016,33.4061,15.7932,0.0139,0.000105,-0.0014,0.0128,0.001,TRANSLATE
-17.3993,25.0632,-27.003,0.0057,40.7438,2.4266,0.0014,34.3538,24.3126,0.0093,5.5e-05,-0.0028,0.0074,0.0005,TRANSLATE
-16.3476,23.2943,-63.6149,0.0188,69.6902,28.9464,0.0131,42.8954,190.2176,0.0085,3.5e-05,-0.0059,0.0052,-0.0006,TRANSLATE
-14.028,23.4167,-98.5107,0.0302,102.2227,32.5325,0.0115,57.1206,663.9653,0.0123,0.000113,-0.009,-0.0014,-0.0008,TRANSLATE
-10.0287,22.3865,-79.6741,0.0503,83.3649,18.8578,0.02,66.8677,605.5371,0.0218,0.000292,-0.0143,-0.0098,-0.0009,TRANSLATE
-10.7354,23.3592,-75.0456,0.0575,79.3268,4.0381,0.0072,75.0697,406.2846,0.0325,0.000371,-0.0207,-0.0192,-0.0014,TRANSLATE
-11.9071,23.3748,-69.1302,0.0727,73.9402,5.3866,0.0152,81.7089,126.807,0.0459,0.000371,-0.0281,-0.0314,-0.0007,TRANSLATE
-7.8819,23.9655,-56.1135,0.0758,61.524,12.4162,0.003,80.0757,176.7358,0.0573,0.000273,-0.0341,-0.046,0.0001,TRANSLATE
-11.693,23.7505,-42.3908,0.0636,49.978,11.546,0.0122,69.6267,150.6322,0.064,8.9e-05,-0.0382,-0.0513,-0.0003,TRANSLATE
-15.4982,22.1785,-51.5314,0.0569,58.2028,8.2249,0.0067,64.5943,113.6612,0.0653,6e-05,-0.0407,-0.0508,-0.0008,TRANSLATE
-15.1111,21.621,-57.8783,0.0864,63.6058,5.403,0.0295,61.4502,60.5618,0.0711,0.000103,-0.0446,-0.0549,-0.0026,TRANSLATE
-13.0013,21.503,-37.2682,0.1157,44.9482,18.6577,0.0293,55.6518,50.2035,0.0797,0.000427,-0.0497,-0.0618,-0.005,TRANSLATE
-13.9136,22.6587,-2.9115,0.1174,26.7484,18.1997,0.0017,48.6966,162.0137,0.088,0.000638,-0.0555,-0.0677,-0.006,TRANSLATE
-14.584,24.1457,21.3896,0.1012,35.4009,8.6524,0.0161,45.7812,188.5412,0.0955,0.000498,-0.0608,-0.0731,-0.007,TRANSLATE
-13.0391,26.2884,36.3179,0.0749,46.6914,11.2906,0.0264,43.4789,152.5472,0.0991,0.000272,-0.0626,-0.0762,-0.008,TRANSLATE
-19.6281,23.7776,49.7887,0.0345,58.5624,11.871,0.0403,42.4703,116.0134,0.0887,0.000966,-0.0554,-0.0685,-0.008,TRANSLATE
-12.5744,27.2408,43.5778,0.0305,52.9075,5.6549,0.0041,44.0621,134.0387,0.0717,0.001209,-0.0449,-0.055,-0.007,TRANSLATE
-18.6251,23.3583,35.4529,0.0198,46.3618,6.5458,0.0107,47.9848,59.7563,0.0522,0.00095,-0.0302,-0.0405,-0.0071,TRANSLATE
-19.0407,23.5023,30.0186,0.0176,42.6148,3.747,0.0022,49.4276,31.7709,0.0355,0.000428,-0.0152,-0.0283,-0.0065,TRANSLATE
-18.8045,23.5831,23.8649,0.0154,38.4617,4.1531,0.0022,47.7816,51.6147,0.0236,5.7e-05,-0.003,-0.0195,-0.0056,TRANSLATE
-20.1873,22.4414,23.8763,0.0117,38.4866,0.025,0.0037,43.7665,29.5277,0.019,4e-05,0.0031,-0.0147,-0.004,TRANSLATE
-20.4061,22.6313,19.0729,0.0118,35.9494,2.5373,0.0001,40.3749,13.5341,0.0153,1e-05,0.0083,-0.0089,-0.0031,TRANSLATE
-20.103,22.7425,14.9646,0.013,33.8422,2.1072,0.0012,37.8709,8.6311,0.0139,5e-06,0.0106,-0.0038,-0.0019,TRANSLATE
-19.2387,23.1096,10.4154,0.0146,31.8224,2.0198,0.0016,35.7124,6.7883,0.0133,2e-06,0.0111,0.001,-0.0008,TRANSLATE
-17.5722,23.9065,2.7229,0.0169,29.7945,2.0278,0.0022,33.979,9.2762,0.0136,4e-06,0.0112,0.0058,0.0,TRANSLATE
-16.2327,23.9658,-7.8248,0.0171,29.9848,0.1903,0.0002,32.2786,5.5119,0.0147,4e-06,0.011,0.0091,0.0007,TRANSLATE
-18.1987,22.357,-17.3661,0.0134,33.6543,3.6695,0.0036,31.8196,2.9848,0.015,3e-06,0.0101,0.0107,0.0009,TRANSLATE
-17.259,23.0544,-27.2991,0.0058,39.6814,6.0272,0.0076,32.9875,13.1644,0.0136,1.7e-05,0.0085,0.0103,0.0014,TRANSLATE
-19.8572,22.5997,-35.7299,0.02,46.7085,7.027,0.0142,35.9647,41.6822,0.0146,2.4e-05,0.0055,0.0045,0.0018,TRANSLATE
-17.3076,23.9392,-28.2246,0.0439,40.8566,5.8519,0.0238,38.1771,33.9594,0.02,0.000165,0.0002,-0.0062,0.0026,TRANSLATE
-7.4336,28.1388,-14.2328,0.0564,32.3979,8.4587,0.0126,38.6597,26.9835,0.0279,0.000366,-0.007,-0.0181,0.0063,TRANSLATE
-0.5969,31.8611,-9.805,0.065,33.341,0.9431,0.0085,38.5971,27.6265,0.0382,0.000492,-0.0162,-0.0301,0.0098,TRANSLATE
-0.5119,31.3889,-14.1315,0.0816,34.427,1.0861,0.0166,37.5462,29.7648,0.0534,0.000428,-0.0278,-0.043,0.0105,TRANSLATE
-8.997,26.4361,-19.3552,0.1186,33.977,0.4501,0.037,34.9999,9.0396,0.0731,0.000668,-0.0423,-0.0573,0.0092,TRANSLATE
-11.0913,24.927,3.1159,0.1594,27.4605,6.5164,0.0408,32.3207,6.3696,0.0962,0.001454,-0.0599,-0.0734,0.0073,TRANSLATE
-18.9356,22.0666,32.5458,0.1804,43.6431,16.1826,0.0209,34.5697,26.9496,0.121,0.00194,-0.0795,-0.0903,0.0043,TRANSLATE
-24.7641,20.6689,84.2679,0.1883,90.2305,46.5874,0.008,45.9476,516.8152,0.1457,0.001611,-0.097,-0.1084,0.0031,TRANSLATE
-25.4394,22.4601,139.4737,0.1786,143.5428,53.3123,0.0098,67.7708,1918.9836,0.1651,0.00063,-0.108,-0.1244,0.0041,TRANSLATE
-18.2453,29.0337,196.4602,0.1456,199.4303,55.8875,0.0329,100.8615,4062.4348,0.1705,0.000244,-0.1069,-0.1316,0.0073,TRANSLATE
-14.7681,33.102,236.0119,0.0684,238.7791,39.3488,0.0773,143.1252,5002.9302,0.1522,0.001973,-0.0889,-0.1206,0.0105,TRANSLATE
-12.4988,36.0503,253.2346,0.0438,256.0929,17.3138,0.0246,185.6151,3770.5396,0.1249,0.003421,-0.0555,-0.0942,0.0111,TRANSLATE
-18.1678,31.5965,245.6189,0.1109,248.3084,7.7845,0.0671,217.2307,1737.4377,0.1095,0.002417,-0.013,-0.0524,0.01,TRANSLATE
-20.1343,32.6897,241.4889,0.1754,244.5217,3.7867,0.0645,237.4265,392.5461,0.1088,0.00233,0.0326,0.0012,0.0111,TRANSLATE
-18.8918,32.2893,193.0005,0.2386,196.5927,47.9291,0.0632,236.859,436.9631,0.1274,0.005081,0.0776,0.063,0.0108,TRANSLATE
-18.4666,30.922,140.1223,0.269,144.677,51.9157,0.0304,218.0385,1781.5205,0.1675,0.006784,0.1145,0.1177,0.01,TRANSLATE
-22.2201,26.7783,71.4947,0.2782,79.5129,65.1641,0.0092,182.7225,4082.5444,0.2144,0.003973,0.1422,0.1597,0.0083,TRANSLATE
-19.9823,24.7257,13.927,0.2631,34.7076,44.8053,0.0151,140.0024,5778.915,0.2448,0.001378,0.1604,0.1846,0.0058,TRANSLATE
-23.0671,22.3243,-19.1522,0.2203,37.3801,2.6725,0.0428,98.5741,3984.0151,0.2538,0.000453,0.168,0.1899,0.0019,TRANSLATE
-22.4506,21.4282,-17.4655,0.1722,35.6124,1.7678,0.0481,66.378,1818.7346,0.2406,0.001562,0.1621,0.1774,-0.001,TRANSLATE
-21.223,21.3488,-16.8818,0.1297,34.5135,1.0989,0.0425,44.3453,310.2173,0.2127,0.003082,0.1459,0.1545,-0.0035,TRANSLATE
-20.0315,21.4009,-19.1492,0.0986,35.0136,0.5001,0.0311,35.4454,1.0741,0.1768,0.003538,0.1224,0.1273,-0.0044,TRANSLATE
-20.1439,21.1926,-21.1287,0.0686,36.0739,1.0603,0.0301,35.7187,0.9695,0.1379,0.002878,0.0952,0.0994,-0.0041,TRANSLATE
-19.2433,21.2635,-17.228,0.0464,33.4551,2.6189,0.0222,34.9337,0.826,0.1031,0.001983,0.0689,0.0762,-0.0044,TRANSLATE
-18.6852,21.3045,-14.2699,0.0308,31.7278,1.7273,0.0156,34.1568,2.1859,0.0748,0.001272,0.0471,0.0576,-0.0043,TRANSLATE
-18.7857,21.4749,-11.8096,0.0194,30.8794,0.8483,0.0114,33.43,3.7803,0.0528,0.000798,0.0304,0.0426,-0.0041,TRANSLATE
-18.7067,21.0736,-10.5383,0.0114,30.0848,0.7946,0.008,32.4442,4.545,0.0353,0.000415,0.0177,0.0298,-0.0037,TRANSLATE
-18.4278,21.612,-8.8557,0.0079,29.7504,0.3344,0.0035,31.1795,1.7619,0.0232,0.000197,0.0087,0.02,-0.0035,TRANSLATE
-18.2267,21.6865,-7.7064,0.0086,29.3582,0.3922,0.0007,30.3601,0.7183,0.0156,7.4e-05,0.002,0.0126,-0.0033,TRANSLATE
-18.6188,21.6023,-6.2933,0.0112,29.2049,0.1533,0.0026,29.8556,0.3565,0.0117,1.7e-05,-0.0031,0.007,-0.0032,TRANSLATE
-18.4482,21.9131,-4.4502,0.0135,28.9884,0.2166,0.0024,29.4773,0.1542,0.0105,4e-06,-0.0069,0.0027,-0.0031,TRANSLATE
-17.9804,21.993,-2.7196,0.0154,28.5374,0.451,0.0019,29.1679,0.1613,0.0113,8e-06,-0.0099,-0.0007,-0.003,TRANSLATE
-18.0406,22.0163,-2.9413,0.0166,28.6152,0.0778,0.0011,28.9408,0.103,0.0131,8e-06,-0.0121,-0.0032,-0.0028,TRANSLATE
-18.2325,22.0568,-2.2155,0.0172,28.7025,0.0873,0.0007,28.8097,0.0623,0.0148,5e-06,-0.0136,-0.005,-0.0026,TRANSLATE
-17.8579,22.1923,-2.0912,0.0178,28.5618,0.1407,0.0006,28.681,0.0268,0.0161,2e-06,-0.0145,-0.0064,-0.0024,TRANSLATE
-17.8832,21.8945,-2.0104,0.0181,28.3411,0.2207,0.0003,28.5516,0.0143,0.017,1e-06,-0.0151,-0.0075,-0.0022,TRANSLATE
-18.4284,21.7656,-1.924,0.0183,28.584,0.243,0.0002,28.5609,0.0144,0.0176,0.0,-0.0155,-0.0081,-0.002,TRANSLATE
-18.124,21.8031,-1.0298,0.0179,28.371,0.2131,0.0004,28.5121,0.0186,0.0179,0.0,-0.0156,-0.0085,-0.0018,TRANSLATE
-17.7961,22.0331,0.4793,0.0173,28.3264,0.0446,0.0005,28.4369,0.0126,0.0179,0.0,-0.0157,-0.0083,-0.0016,TRANSLATE
-17.6462,22.639,-2.5916,0.0158,28.8206,0.4942,0.0016,28.4886,0.0362,0.0175,1e-06,-0.0156,-0.0075,-0.0015,TRANSLATE
-17.6232,22.7456,-3.1545,0.0171,28.9463,0.1257,0.0013,28.6097,0.0591,0.0173,1e-06,-0.0156,-0.007,-0.0015,TRANSLATE
-16.8298,23.2964,-1.5174,0.014,28.7797,0.1666,0.003,28.6488,0.0633,0.0164,2e-06,-0.0152,-0.0055,-0.0015,TRANSLATE
-16.967,22.6934,-9.9264,0.0131,30.0234,1.2437,0.001,28.9793,0.3165,0.0155,3e-06,-0.0145,-0.0027,-0.0011,TRANSLATE
-16.7642,22.611,-15.0224,0.0123,31.9056,1.8822,0.0008,29.6951,1.4315,0.0144,3e-06,-0.0138,-0.0013,-0.0009,TRANSLATE
-17.3739,21.9888,-10.3804,0.0131,29.885,2.0206,0.0008,29.908,1.2404,0.0139,3e-06,-0.0133,0.0002,-0.001,TRANSLATE
-18.771,21.9285,-14.0637,0.0121,32.1091,2.2242,0.0009,30.5405,1.6244,0.0129,0.0,-0.0124,0.0016,-0.0013,TRANSLATE
-27.123,19.1803,-16.7009,0.0131,37.1815,5.0724,0.001,32.2209,7.0011,0.0127,0.0,-0.0111,0.0041,-0.0014,TRANSLATE
-26.4172,19.2255,-4.0108,0.0161,32.9177,4.2638,0.003,32.7998,5.7973,0.0133,2e-06,-0.011,0.0052,-0.0021,TRANSLATE
-24.8087,19.4648,5.7476,0.0256,32.0529,0.8648,0.0095,32.8292,5.748,0.016,2.5e-05,-0.0108,0.0098,-0.0025,TRANSLATE
-23.8095,19.7906,9.0075,0.0333,32.2443,0.1914,0.0077,33.3011,3.8601,0.02,6.6e-05,-0.0096,0.0156,-0.0027,TRANSLATE
-22.0382,20.6043,13.3591,0.036,32.9953,0.751,0.0028,33.4783,3.5632,0.0248,8.2e-05,-0.0086,0.0225,-0.0022,TRANSLATE
-21.3025,21.3147,12.2498,0.0395,32.5295,0.4658,0.0035,32.5479,0.1349,0.0301,7e-05,-0.0087,0.0281,-0.0019,TRANSLATE
-19.6638,21.2549,8.8498,0.0412,30.278,2.2515,0.0018,32.02,0.8593,0.0351,3e-05,-0.0075,0.0341,-0.0014,TRANSLATE
-18.3436,21.5945,7.6236,0.0402,29.3416,0.9364,0.001,31.4777,1.9998,0.038,9e-06,-0.0066,0.0374,-0.0009,TRANSLATE
-17.5655,21.7444,6.6426,0.0402,28.7313,0.6103,0.0,30.7751,2.8972,0.0394,3e-06,-0.0062,0.0389,-0.0009,TRANSLATE
-16.9493,22.0518,4.7016,0.0384,28.2075,0.5238,0.0019,29.8176,2.3131,0.0399,1e-06,-0.0058,0.0394,-0.0006,TRANSLATE
-11.7,23.6102,1.0738,0.0363,26.372,1.8355,0.0021,28.5861,1.7,0.0393,3e-06,-0.0043,0.039,-0.0008,TRANSLATE
-11.9975,22.6913,-1.9285,0.0374,25.7401,0.6319,0.0011,27.6785,1.9237,0.0385,2e-06,-0.0035,0.0382,-0.0018,TRANSLATE
-11.948,22.6218,-9.5271,0.0385,27.2996,1.5595,0.0011,27.2701,1.2324,0.0382,2e-06,-0.002,0.0379,-0.0029,TRANSLATE
-10.6084,22.6818,-19.128,0.0345,31.51,4.2105,0.004,27.8258,4.0919,0.037,2e-06,-0.0007,0.0367,-0.0033,TRANSLATE
-10.5992,22.6954,-37.118,0.0341,44.7791,13.2691,0.0004,31.1402,50.561,0.0362,3e-06,0.0004,0.0359,-0.0036,TRANSLATE
-11.8075,21.9282,-69.2788,0.0405,73.6194,28.8402,0.0064,40.5896,317.6181,0.037,6e-06,0.0015,0.0367,-0.0036,TRANSLATE
-11.9116,21.4957,-100.798,0.0433,103.7506,30.1313,0.0028,56.1917,827.9529,0.0382,1.2e-05,0.0032,0.0378,-0.0028,TRANSLATE
-9.4731,22.4966,-120.1447,0.0364,122.5992,18.8486,0.0069,75.2517,1179.7112,0.0378,1.3e-05,0.0052,0.0371,-0.0013,TRANSLATE
-9.5784,21.7035,-93.5845,0.0174,96.5445,26.0547,0.019,88.2586,718.5419,0.0343,8.2e-05,0.0077,0.0323,-0.0,TRANSLATE
-12.0346,21.9878,-46.127,0.0174,52.4975,44.047,0.0,89.8023,593.8369,0.031,0.000128,0.01,0.028,0.0003,TRANSLATE
-10.0465,21.5902,-65.9328,0.0281,70.1014,17.6039,0.0106,89.0987,618.5895,0.0285,0.000105,0.0104,0.0253,0.0011,TRANSLATE
-10.0934,21.5066,-82.3213,0.0074,85.6808,15.5794,0.0207,85.4847,564.9291,0.0213,0.0001,0.0089,0.0181,0.002,TRANSLATE
-8.9966,21.6365,-85.5445,0.0129,88.6958,3.015,0.0056,78.704,245.5157,0.0166,4.6e-05,0.0058,0.0089,0.0025,TRANSLATE
-11.3004,21.0405,-37.7262,0.0825,44.6505,44.0453,0.0695,68.3252,306.0674,0.0296,0.000743,-0.0033,-0.0083,0.0033,TRANSLATE
-11.3716,20.8136,-43.7622,0.0594,49.776,5.1255,0.023,67.7809,324.4827,0.038,0.00082,-0.009,-0.0222,0.0042,TRANSLATE
-11.0441,20.5853,-76.5067,0.051,79.9937,30.2177,0.0084,69.7594,349.322,0.0426,0.000813,-0.0121,-0.0376,0.0043,TRANSLATE
-11.3947,20.4807,-91.5335,0.0686,94.4864,14.4926,0.0176,71.5205,417.8069,0.0549,0.000549,-0.0143,-0.0524,0.0044,TRANSLATE
-14.0189,20.8064,-95.8111,0.0881,99.0415,4.5551,0.0195,73.5896,506.0084,0.0699,0.000191,-0.0161,-0.0676,0.0039,TRANSLATE
-12.7682,21.492,-81.5302,0.0986,85.2766,13.7648,0.0105,81.7148,299.8121,0.0732,0.000315,-0.0124,-0.0719,0.0026,TRANSLATE
-20.5052,20.1311,-64.8491,0.0968,70.9305,14.3461,0.0018,85.9457,101.1544,0.0807,0.000333,-0.0105,-0.0799,0.0018,TRANSLATE
-19.5792,20.4893,-62.4668,0.0902,68.5949,2.3356,0.0066,83.666,149.0822,0.0885,0.000114,-0.0098,-0.0878,0.0012,TRANSLATE
-19.6758,21.1039,-48.9047,0.1132,56.7819,11.813,0.0229,76.1251,213.3516,0.0974,7.8e-05,-0.0093,-0.0969,0.0005,TRANSLATE
-19.2532,21.5706,-8.2738,0.1097,30.0738,26.7081,0.0035,62.3315,342.2021,0.1017,7.2e-05,-0.0092,-0.1012,-0.0,TRANSLATE
-20.8775,21.4034,25.2966,0.1053,39.165,9.0912,0.0044,53.1092,259.1932,0.103,7.1e-05,-0.0088,-0.1026,0.0002,TRANSLATE
-19.9302,22.0008,54.3029,0.0956,61.8874,22.7225,0.0097,51.3006,207.8138,0.1028,7.4e-05,-0.0078,-0.1024,0.0001,TRANSLATE
-20.7004,21.6725,75.8392,0.0817,81.5462,19.6588,0.0139,53.8909,324.2458,0.1011,0.000129,-0.0066,-0.1007,-0.0005,TRANSLATE
-21.6978,21.8943,80.4839,0.066,86.1847,4.6385,0.0157,59.7714,496.5719,0.0916,0.000257,-0.0038,-0.0913,-0.0007,TRANSLATE
-21.7176,21.6186,85.234,0.0526,90.5751,4.3904,0.0133,71.8717,363.5385,0.0802,0.000366,-0.0003,-0.08,-0.0008,TRANSLATE
-19.946,20.7073,73.5966,0.0402,79.0132,11.5619,0.0124,79.8413,96.2775,0.0672,0.000391,0.0031,-0.067,-0.0013,TRANSLATE
-16.563,22.1752,52.9148,0.0298,59.7164,19.2968,0.0105,79.4071,112.6232,0.0541,0.000338,0.0053,-0.0536,-0.0018,TRANSLATE
-17.2348,21.8746,35.9943,0.0205,45.5096,14.2068,0.0092,72.1998,289.5709,0.0418,0.00026,0.0066,-0.0409,-0.0021,TRANSLATE
-19.7378,21.1715,18.3517,0.0124,34.2724,11.2372,0.0081,61.8174,430.3569,0.0311,0.000202,0.0077,-0.0291,-0.0025,TRANSLATE
-18.759,21.2591,-7.128,0.0098,29.2346,5.0379,0.0026,49.5492,326.7766,0.0225,0.000127,0.0085,-0.018,-0.0028,TRANSLATE
-18.1322,20.3479,-32.9774,0.0162,42.7823,13.5477,0.0064,42.3031,109.8024,0.0177,4.9e-05,0.0095,-0.0077,-0.0026,TRANSLATE
-17.8995,20.4815,-54.9788,0.0104,61.3396,18.5574,0.0058,42.6277,121.5306,0.0139,1.6e-05,0.009,-0.0004,-0.0025,TRANSLATE
-17.6415,20.1352,-63.708,0.0041,69.104,7.7643,0.0063,47.3466,237.8005,0.0106,1.6e-05,0.0071,0.004,-0.0021,TRANSLATE
-18.4101,20.4644,-60.4633,0.0061,66.4344,2.6696,0.002,53.779,235.1073,0.0093,1.7e-05,0.0042,0.0061,-0.0018,TRANSLATE
-17.8624,20.6121,-60.7175,0.0091,66.5623,0.1279,0.003,61.2445,91.5697,0.0092,1.7e-05,0.0011,0.0067,-0.0015,TRANSLATE
-17.7774,20.5866,-64.0615,0.0077,69.5969,3.0345,0.0014,66.6075,8.5902,0.0075,5e-06,-0.002,0.0056,-0.0014,TRANSLATE
-17.4251,20.9755,-66.8961,0.0049,72.2405,2.6437,0.0028,68.7876,4.6334,0.0064,3e-06,-0.0038,0.0048,-0.0011,TRANSLATE
-16.0744,21.2304,-63.3075,0.0058,68.6801,3.5604,0.0009,68.7029,4.6085,0.0067,2e-06,-0.0045,0.0048,-0.0008,TRANSLATE
-15.9127,21.1,-54.4866,0.0086,60.5575,8.1226,0.0028,67.5275,15.4671,0.0072,3e-06,-0.0045,0.0056,-0.0006,TRANSLATE
-17.5958,20.3268,-56.3612,0.0087,62.445,1.8874,0.0001,66.704,19.769,0.0072,2e-06,-0.0047,0.0051,-0.0004,TRANSLATE
-16.0579,20.5333,-63.1014,0.0089,68.2735,5.8285,0.0002,66.4393,18.5179,0.0074,3e-06,-0.004,0.002,-0.0002,TRANSLATE
-16.5057,20.5048,-65.0093,0.0308,70.1362,1.8628,0.0219,66.0185,14.3434,0.0126,8.5e-05,-0.0013,-0.0045,-0.0001,TRANSLATE
-14.7733,21.1507,-70.273,0.06,74.8592,4.723,0.0291,67.2543,27.0311,0.0234,0.000407,0.003,-0.0168,0.0001,TRANSLATE
-16.9155,20.9237,-68.3466,0.0984,73.452,1.4073,0.0385,69.8332,19.0934,0.0414,0.001166,0.0079,-0.0376,0.0003,TRANSLATE
-17.0793,20.9421,-47.4398,0.1314,54.5967,18.8552,0.033,68.2635,52.1423,0.0659,0.001973,0.0127,-0.0644,0.0005,TRANSLATE
-18.8134,21.4255,-7.8549,0.1439,29.5753,25.0214,0.0125,60.5239,291.596,0.0929,0.001811,0.0146,-0.0914,0.0005,TRANSLATE
-15.7382,21.4373,33.1879,0.1413,42.5287,12.9534,0.0026,55.0024,307.395,0.115,0.00102,0.0136,-0.1138,0.0001,TRANSLATE
-17.6468,21.4373,64.2066,0.1316,69.9533,27.4246,0.0097,54.0212,272.2791,0.1293,0.000264,0.0114,-0.1286,-0.0002,TRANSLATE
-19.93,20.9186,81.7903,0.1209,86.7435,16.7903,0.0107,56.6795,403.852,0.1338,6.7e-05,0.0081,-0.1335,-0.0006,TRANSLATE
-22.4659,21.6412,103.8135,0.1109,108.3988,21.6552,0.01,67.4399,822.1743,0.1297,0.000154,0.0045,-0.1295,-0.0023,TRANSLATE
-26.3102,22.7504,121.8008,0.0946,126.6698,18.271,0.0163,86.8588,859.9709,0.1199,0.000263,0.0009,-0.1196,-0.0037,TRANSLATE
-30.1825,21.8753,134.8687,0.0714,139.9253,13.2555,0.0232,106.3381,650.7057,0.1059,0.000444,-0.003,-0.1053,-0.0051,TRANSLATE
-35.4335,20.7221,134.2075,0.034,140.3446,0.4193,0.0374,120.4164,419.0239,0.0864,0.000965,-0.0059,-0.0854,-0.0065,TRANSLATE
-33.4062,20.8152,129.5879,0.0209,135.4336,4.9109,0.0131,130.1544,142.5261,0.0664,0.001184,-0.0089,-0.0639,-0.0086,TRANSLATE
-35.1875,19.9115,147.3203,0.0171,152.7675,17.3338,0.0038,139.0281,71.3912,0.0476,0.000921,-0.0107,-0.0394,-0.0084,TRANSLATE
-27.7187,23.9167,168.4719,0.0594,172.4039,19.6364,0.0423,148.175,179.9693,0.0406,0.000458,-0.01,-0.0088,-0.0064,TRANSLATE
-25.8906,24.2271,174.9744,0.1357,178.531,6.1271,0.0763,155.8961,291.0395,0.0534,0.001912,-0.0062,0.0322,-0.0043,TRANSLATE
-24.1781,23.3661,147.7045,0.1898,151.4832,27.0477,0.054,158.1238,241.6012,0.0846,0.004584,-0.0038,0.0765,-0.0023,TRANSLATE
-24.155,23.571,110.7948,0.2057,115.8212,35.662,0.0159,154.2014,481.1485,0.1215,0.005342,-0.0026,0.1203,0.0007,TRANSLATE
-26.8115,24.5693,92.064,0.1965,98.9863,16.8349,0.0092,143.4451,974.7814,0.1574,0.002997,-0.0029,0.1572,0.0022,TRANSLATE
-26.1586,24.9179,91.2043,0.2005,98.099,0.8873,0.004,128.5841,997.4653,0.1856,0.00065,-0.0035,0.1855,0.0022,TRANSLATE
-27.7769,23.7218,85.0822,0.2187,92.5919,5.507,0.0181,111.3963,462.1951,0.2022,9.5e-05,-0.0028,0.202,0.0015,TRANSLATE
-24.8215,23.1931,55.9095,0.2324,65.421,27.171,0.0138,94.1839,267.2811,0.2108,0.000173,0.0013,0.2103,0.0005,TRANSLATE
-23.4322,21.2701,19.5526,0.2133,37.1993,28.2216,0.0192,78.4595,575.8376,0.2123,0.000167,0.007,0.2116,-0.0003,TRANSLATE
-20.9895,20.8192,-3.3767,0.1696,29.7557,7.4436,0.0436,64.6134,774.2647,0.2069,0.000452,0.0117,0.2062,-0.0006,TRANSLATE
-20.9572,19.9585,-23.5638,0.1272,37.3202,7.5646,0.0424,52.4576,551.2286,0.1922,0.001499,0.0135,0.1916,-0.0012,TRANSLATE
-21.072,19.398,-33.2886,0.0913,43.914,6.5938,0.0359,42.722,148.8935,0.1668,0.002749,0.0103,0.1661,-0.0006,TRANSLATE
-19.9889,19.4341,-33.7683,0.0591,43.7897,0.1243,0.0321,38.3958,27.3571,0.1321,0.003002,0.0029,0.1314,0.0003,TRANSLATE
-19.3442,19.3441,-31.1241,0.0367,41.4379,2.3518,0.0224,39.2435,28.203,0.0968,0.002257,-0.0056,0.0953,0.0009,TRANSLATE
-18.291,20.0003,-24.7617,0.0264,36.7113,4.7267,0.0103,40.6346,9.5465,0.0682,0.001366,-0.0113,0.0653,0.0012,TRANSLATE
-17.9078,20.4909,-20.7219,0.0185,34.2047,2.5066,0.0079,40.0115,15.23,0.0464,0.000689,-0.0144,0.042,0.0015,TRANSLATE
-18.27,21.4208,-17.4088,0.0131,33.1015,1.1032,0.0054,37.849,17.0573,0.0308,0.000264,-0.0155,0.0245,0.0014,TRANSLATE
-18.5691,21.7554,-14.9739,0.0147,32.2851,0.8164,0.0016,35.5481,10.8961,0.0219,7.6e-05,-0.0159,0.0126,0.0011,TRANSLATE
-18.6365,21.8075,-13.0666,0.0139,31.5218,0.7633,0.0008,33.5649,3.2672,0.0173,2.4e-05,-0.0143,0.0047,0.0009,TRANSLATE
-18.9186,22.3428,-13.8439,0.0156,32.3847,0.8629,0.0017,32.6996,0.817,0.0152,3e-06,-0.0121,-0.002,0.0007,TRANSLATE
-18.3693,22.0274,-11.872,0.0187,31.0416,1.3431,0.0031,32.0669,0.5135,0.0152,4e-06,-0.0094,-0.0078,0.0004,TRANSLATE
-18.8267,21.5875,-10.5445,0.0193,30.523,0.5186,0.0007,31.5512,0.5102,0.0164,5e-06,-0.0071,-0.0124,0.0003,TRANSLATE
-18.6832,21.4263,-8.5231,0.0196,29.6781,0.8448,0.0003,31.0298,0.8324,0.0174,5e-06,-0.0046,-0.0159,0.0004,TRANSLATE
-18.9059,22.1035,-6.906,0.0201,29.8947,0.2166,0.0005,30.7044,0.9358,0.0187,3e-06,-0.0027,-0.0183,0.0004,TRANSLATE
-18.5748,22.4922,-6.0185,0.0198,29.7849,0.1098,0.0003,30.1845,0.2698,0.0195,0.0,-0.0019,-0.0194,0.0005,TRANSLATE
-18.0661,22.3094,-6.7711,0.0176,29.4947,0.2902,0.0022,29.8751,0.1223,0.0193,1e-06,-0.0022,-0.0191,0.0007,TRANSLATE
-17.6653,22.56,-6.5856,0.0186,29.4005,0.0942,0.0011,29.6506,0.033,0.0191,1e-06,-0.0031,-0.0188,0.0008,TRANSLATE
-17.5729,22.498,-5.4716,0.0201,29.0673,0.3332,0.0015,29.5284,0.086,0.0192,1e-06,-0.0048,-0.0183,0.0009,TRANSLATE
-17.9302,22.5797,-4.4023,0.0205,29.167,0.0997,0.0004,29.3829,0.0641,0.0193,1e-06,-0.0072,-0.0173,0.001,TRANSLATE
-18.4567,23.1887,-4.7875,0.0182,30.0214,0.8544,0.0023,29.4302,0.1111,0.019,1e-06,-0.0098,-0.0153,0.001,TRANSLATE
-18.6309,22.7822,-14.605,0.0215,32.8549,2.8335,0.0034,30.1022,2.0045,0.0198,2e-06,-0.0123,-0.0149,0.001,TRANSLATE
-18.2766,23.3445,-13.9871,0.0242,32.7817,0.0732,0.0027,30.7785,2.8846,0.0209,4e-06,-0.0138,-0.0153,0.0009,TRANSLATE
-15.9932,23.96,-17.5866,0.0281,33.7513,0.9696,0.0039,31.7153,3.1889,0.0225,1.2e-05,-0.016,-0.0155,0.0012,TRANSLATE
-15.6914,25.068,-14.9255,0.0332,33.127,0.6243,0.0051,32.5073,1.6615,0.025,2.7e-05,-0.0187,-0.0162,0.0013,TRANSLATE
-12.7969,26.17,-18.906,0.0384,34.7285,1.6015,0.0052,33.4487,0.5261,0.0291,3.7e-05,-0.023,-0.0161,0.002,TRANSLATE
-7.9125,29.0735,-24.9061,0.0497,39.0921,4.3636,0.0113,34.6961,5.2691,0.0347,7.9e-05,-0.0295,-0.0158,0.0021,TRANSLATE
-7.5394,28.9307,-20.853,0.0636,36.451,2.6411,0.0139,35.43,4.6135,0.0426,0.000162,-0.0388,-0.0158,0.0014,TRANSLATE
-8.1628,28.1758,-6.1386,0.0725,29.9698,6.4812,0.0089,34.6737,9.4405,0.0515,0.00022,-0.048,-0.0176,0.0008,TRANSLATE
-8.4396,27.6594,11.7828,0.0758,31.2267,1.2568,0.0033,34.2936,11.194,0.06,0.000199,-0.0569,-0.0187,0.0012,TRANSLATE
-7.6829,28.5775,29.2138,0.074,41.583,10.3563,0.0019,35.6645,19.9039,0.0671,9.4e-05,-0.0642,-0.0178,0.0005,TRANSLATE
-11.6338,26.7933,33.446,0.0796,44.4056,2.8226,0.0057,36.7272,31.7064,0.0731,2.8e-05,-0.0699,-0.0106,-0.0007,TRANSLATE
-7.8352,23.1784,22.1412,0.0875,32.9979,11.4078,0.0078,36.0366,33.9958,0.0779,2.9e-05,-0.0742,-0.0005,-0.002,TRANSLATE
-11.2338,24.5239,10.0755,0.0921,28.7947,4.2031,0.0046,35.8016,37.0683,0.0818,4.8e-05,-0.0786,0.0087,-0.0032,TRANSLATE
-7.9089,25.616,-0.349,0.0964,26.8114,1.9833,0.0044,34.9185,48.2671,0.0859,6.7e-05,-0.0835,0.0124,-0.0054,TRANSLATE
-7.8459,25.6584,7.3052,0.098,27.8079,0.9965,0.0016,32.1635,41.9061,0.0907,4.4e-05,-0.0868,0.0059,-0.0067,TRANSLATE
-13.2236,25.1705,40.141,0.0922,49.1906,21.3827,0.0058,33.1205,69.0009,0.0932,1.4e-05,-0.0859,-0.0102,-0.0058,TRANSLATE
-19.2851,24.8708,76.9472,0.0707,83.1345,33.9438,0.0215,43.1478,468.7299,0.0899,9.7e-05,-0.078,-0.0276,-0.0036,TRANSLATE
-15.9406,26.6779,100.6234,0.0373,105.3132,22.1788,0.0334,58.4515,966.2316,0.0789,0.00053,-0.0619,-0.0387,-0.0017,TRANSLATE
-15.265,26.5267,111.2987,0.0277,115.43,10.1168,0.0096,76.1752,1101.192,0.0652,0.000805,-0.0377,-0.0399,-0.0002,TRANSLATE
-22.2589,25.2838,100.4983,0.0499,105.9936,9.4364,0.0222,91.8124,566.6185,0.0555,0.000543,-0.0098,-0.0307,0.0,TRANSLATE
-16.8352,27.1614,76.5674,0.068,82.9683,23.0253,0.0181,98.5679,173.3019,0.0507,0.000282,0.0178,-0.0161,-0.0006,TRANSLATE
-13.8057,26.9542,52.9696,0.0834,61.0156,21.9527,0.0154,94.1441,388.1298,0.0533,0.00041,0.0428,-0.0065,-0.0009,TRANSLATE
-15.2414,26.4258,47.2819,0.0998,56.269,4.7465,0.0163,84.3353,553.8716,0.0658,0.000635,0.0628,-0.0076,-0.0009,TRANSLATE
-13.6931,23.9688,62.1755,0.1137,68.0279,11.7589,0.014,74.8549,323.8032,0.083,0.000509,0.0786,-0.0143,0.0001,TRANSLATE
-15.2076,23.5063,67.4717,0.1236,73.0496,5.0217,0.0099,68.2661,87.1187,0.0977,0.000403,0.0933,-0.0199,0.0016,TRANSLATE
-17.4724,23.1707,50.0273,0.1446,57.8351,15.2145,0.021,63.2394,40.3816,0.113,0.000432,0.1087,-0.0189,0.0025,TRANSLATE
-24.2154,20.7178,16.2437,0.1513,35.7697,22.0654,0.0068,58.1903,164.8159,0.1266,0.000366,0.1212,-0.0089,0.0031,TRANSLATE
-21.9317,20.7742,-13.3863,0.1408,33.0418,2.7279,0.0106,53.5448,268.9868,0.1348,0.000195,0.1305,0.0053,0.0037,TRANSLATE
-20.011,21.0569,-29.1371,0.1139,41.1437,8.1019,0.0268,48.168,228.8816,0.1348,0.000193,0.1324,0.0148,0.0037,TRANSLATE
-19.1838,21.5143,-27.3097,0.0999,39.7077,1.436,0.0141,41.4996,74.9105,0.1301,0.000389,0.1278,0.0156,0.0037,TRANSLATE
-17.4658,21.6833,-25.129,0.0852,37.5058,2.2019,0.0146,37.4337,8.1997,0.1182,0.000609,0.1158,0.0081,0.0042,TRANSLATE
-15.8414,20.4685,-22.9407,0.0711,34.5859,2.9199,0.0142,37.197,9.2118,0.1022,0.000577,0.1004,-0.0037,0.0038,TRANSLATE
-19.5168,20.0498,-20.0338,0.0504,34.413,0.1729,0.0207,37.4712,7.2335,0.0841,0.000489,0.0826,-0.0126,0.003,TRANSLATE
-19.501,20.7648,-14.2458,0.0342,31.8498,2.5632,0.0162,35.6124,7.4011,0.0682,0.000556,0.0662,-0.0155,0.0024,TRANSLATE
-19.1352,21.2369,-7.8341,0.0212,29.6401,2.2097,0.013,33.5989,7.1265,0.0524,0.000548,0.0505,-0.0136,0.0019,TRANSLATE
-19.2113,21.4051,-5.2079,0.0098,29.2297,0.4104,0.0114,31.9437,5.1521,0.0373,0.000468,0.0356,-0.0109,0.0015,TRANSLATE
-19.3659,21.6428,-4.3757,0.0031,29.37,0.1403,0.0067,30.9005,3.9923,0.0237,0.000289,0.0223,-0.0077,0.0012,TRANSLATE
-18.9489,21.858,-4.2787,0.0042,29.2428,0.1272,0.0011,29.8665,1.0052,0.0145,0.000138,0.0118,-0.005,0.0011,TRANSLATE
-17.4373,22.9958,-4.2073,0.0085,29.1645,0.0783,0.0043,29.3294,0.0286,0.0094,4.1e-05,0.0038,-0.0027,0.0011,TRANSLATE
-16.9873,22.9591,-5.0252,0.0112,28.999,0.1654,0.0027,29.2012,0.0147,0.0074,1e-05,-0.0025,-0.0016,0.0011,TRANSLATE
-17.1461,22.8298,-5.8264,0.0134,29.14,0.1409,0.0022,29.1833,0.0149,0.0081,1.6e-05,-0.007,-0.0009,0.0011,TRANSLATE
-17.3388,22.7482,-6.6424,0.015,29.3639,0.2239,0.0016,29.182,0.0145,0.0105,1.5e-05,-0.0104,-0.0003,0.001,TRANSLATE
-17.9023,22.3673,-6.7577,0.0162,29.4356,0.0717,0.0012,29.2206,0.0251,0.0129,8e-06,-0.0128,0.0002,0.0009,TRANSLATE
-17.9937,22.1314,-5.0624,0.017,28.9689,0.4667,0.0008,29.1815,0.0356,0.0146,4e-06,-0.0145,0.0005,0.0008,TRANSLATE
-18.4762,22.2676,-4.6218,0.0174,29.3015,0.3326,0.0004,29.242,0.0282,0.0158,2e-06,-0.0158,0.0009,0.0007,TRANSLATE
-18.9185,21.6953,-7.3849,0.0172,29.7175,0.4161,0.0002,29.3575,0.058,0.0166,1e-06,-0.0163,0.002,0.0006,TRANSLATE
-19.1566,22.0594,-10.2454,0.0174,30.9607,1.2431,0.0003,29.6768,0.47,0.017,0.0,-0.0168,0.0025,0.0006,TRANSLATE
-19.0128,22.5694,-13.3276,0.0164,32.3804,1.4197,0.001,30.2658,1.5733,0.0171,0.0,-0.0168,0.0029,0.0005,TRANSLATE
-18.1196,22.8243,-18.1246,0.0117,34.3186,1.9382,0.0047,31.3357,3.3773,0.016,5e-06,-0.0154,0.0037,0.0005,TRANSLATE
-17.0801,22.5563,-23.6309,0.0111,36.8637,2.5451,0.0006,32.8482,6.3739,0.0148,8e-06,-0.0142,0.0035,0.0009,TRANSLATE
-17.9422,22.2607,-28.211,0.009,40.1661,3.3024,0.0021,34.9379,10.7572,0.0131,1e-05,-0.0126,0.0026,0.0015,TRANSLATE
-17.8225,21.521,-36.1032,0.0045,45.6534,5.4873,0.0045,37.8765,21.9229,0.0106,1.5e-05,-0.0097,0.0019,0.002,TRANSLATE
-18.1049,21.7699,-40.6169,0.0097,49.5121,3.8587,0.0052,41.3028,31.2194,0.0092,6e-06,-0.0049,0.0002,0.002,TRANSLATE
-18.3433,20.9816,-45.9623,0.0198,53.7516,4.2395,0.0102,45.1894,37.3525,0.0108,2.5e-05,0.0009,-0.0021,0.0012,TRANSLATE
-19.7371,19.2696,-46.6698,0.0376,54.212,0.4604,0.0177,48.6591,27.7322,0.0161,0.00014,0.0103,-0.0042,-0.0001,TRANSLATE
-16.5459,20.0251,-47.4484,0.0515,54.0936,0.1184,0.0139,51.4446,11.4541,0.0246,0.000308,0.022,-0.0063,-0.0016,TRANSLATE
-19.9149,19.2482,-48.5587,0.0699,55.9021,1.8085,0.0185,53.4943,4.5191,0.0377,0.000467,0.0365,-0.0079,-0.0029,TRANSLATE
-19.6757,19.2111,-50.547,0.0826,57.5429,1.6409,0.0126,55.1005,2.0462,0.0523,0.0005,0.0513,-0.0079,-0.0035,TRANSLATE
-16.828,19.0782,-59.7376,0.0958,64.9287,7.3858,0.0132,57.3359,16.0041,0.0675,0.000437,0.0667,-0.0062,-0.0036,TRANSLATE
-16.5749,18.9407,-70.4025,0.1069,74.7663,9.8376,0.0111,61.4467,57.9171,0.0813,0.000377,0.0808,-0.0019,-0.0033,TRANSLATE
-16.2099,18.6901,-85.422,0.1165,88.9326,14.1663,0.0096,68.4145,149.6479,0.0943,0.000277,0.0937,0.0039,-0.0027,TRANSLATE
-12.3929,17.8302,-111.0095,0.1199,113.1133,24.1807,0.0034,79.8568,387.0065,0.1043,0.000188,0.1035,0.0096,-0.0025,TRANSLATE
-10.555,17.4735,-133.0014,0.1166,134.5589,21.4456,0.0033,95.2599,648.6315,0.1111,7.8e-05,0.1102,0.0125,-0.0023,TRANSLATE
-10.4346,18.3913,-146.4386,0.11,147.9574,13.3985,0.0066,111.8657,744.2879,0.114,2.3e-05,0.113,0.0105,-0.0018,TRANSLATE
-7.2602,17.9224,-151.0384,0.0877,152.2712,4.3138,0.0223,127.3667,555.2553,0.1101,0.000136,0.1091,0.0053,-0.0011,TRANSLATE
-9.8863,19.1442,-153.9401,0.0624,155.4406,3.1694,0.0253,140.6683,240.5167,0.0993,0.000466,0.0981,-0.0021,-0.0003,TRANSLATE
-6.5871,16.7185,-154.1646,0.0304,155.2083,0.2323,0.032,149.0873,60.064,0.0814,0.00101,0.0801,-0.0084,0.0008,TRANSLATE
-1.4541,16.7279,-165.3129,0.017,166.1635,10.9552,0.0135,155.4082,36.2145,0.0615,0.001198,0.0543,-0.0081,0.0001,TRANSLATE
-2.9383,15.4042,-184.7878,0.0734,185.4521,19.2886,0.0565,162.9071,149.4045,0.0542,0.000703,0.0178,-0.0076,-0.0007,TRANSLATE
-3.1256,14.864,-146.474,0.1204,147.2595,38.1926,0.047,161.9048,174.745,0.0607,0.001311,-0.0231,-0.0096,-0.0021,TRANSLATE
-1.7255,17.6412,-110.6761,0.1586,112.0865,35.1729,0.0382,153.234,587.5767,0.08,0.002857,-0.0658,-0.0139,-0.0023,TRANSLATE
-9.2804,16.3192,-81.2815,0.1837,83.4214,28.6652,0.0251,138.8766,1355.4224,0.1106,0.00358,-0.1079,-0.0159,-0.0035,TRANSLATE
-11.6556,17.4241,-52.3908,0.2031,56.4292,26.9922,0.0194,116.9297,2084.3579,0.1479,0.002151,-0.146,-0.0169,-0.0031,TRANSLATE
-12.7151,18.0049,-39.7783,0.2103,45.477,10.9521,0.0072,88.9347,1382.6718,0.1752,0.001072,-0.1732,-0.0115,-0.0029,TRANSLATE
-11.5283,17.9789,-39.2914,0.2116,44.7209,0.7562,0.0014,68.427,672.7227,0.1935,0.000403,-0.1919,-0.0046,-0.002,TRANSLATE
-13.5789,18.7363,-31.6331,0.2086,39.193,5.5279,0.0031,53.8483,249.8788,0.2035,0.000106,-0.2028,-0.0004,-0.0024,TRANSLATE
-14.6569,19.8953,-24.5034,0.1643,34.8003,4.3927,0.0443,44.1241,52.9702,0.1996,0.00032,-0.1991,0.0019,-0.0018,TRANSLATE
-15.9005,19.8881,-20.8371,0.122,32.9021,1.8982,0.0423,39.4186,25.7328,0.1833,0.001259,-0.1828,-0.0009,-0.0013,TRANSLATE
-16.7173,20.2542,-17.0759,0.0837,31.3255,1.5765,0.0382,36.5883,23.4811,0.158,0.002457,-0.1577,-0.0055,-0.0004,TRANSLATE
-17.0082,21.469,-13.9045,0.0603,30.717,0.6086,0.0234,33.7876,9.3037,0.1278,0.002877,-0.1275,-0.0073,0.0001,TRANSLATE
-17.1347,21.7471,-11.533,0.0415,29.9924,0.7246,0.0188,31.9474,2.9547,0.0944,0.001944,-0.0942,-0.0034,0.0004,TRANSLATE
-16.3702,22.2539,-10.392,0.0272,29.5163,0.476,0.0143,30.8906,1.3921,0.0669,0.001117,-0.0668,-0.0012,0.0006,TRANSLATE
-16.9774,22.3344,-5.7792,0.0159,28.6436,0.8727,0.0112,30.039,0.8674,0.0457,0.000582,-0.0457,0.0009,0.0009,TRANSLATE
-17.4788,22.3769,-2.964,0.0073,28.5485,0.0951,0.0087,29.4836,0.6722,0.0304,0.000354,-0.0302,0.0016,0.0012,TRANSLATE
-17.5924,22.6203,-0.7712,0.0042,28.6664,0.1179,0.0031,29.0735,0.3333,0.0192,0.000188,-0.0182,0.0022,0.0014,TRANSLATE
-17.5458,22.5743,-1.5326,0.006,28.6322,0.0342,0.0019,28.8014,0.1294,0.0121,7.3e-05,-0.0091,0.0026,0.0016,TRANSLATE
-17.7523,22.1501,-0.1479,0.0086,28.3865,0.2458,0.0026,28.5755,0.0105,0.0084,1.6e-05,-0.0022,0.0032,0.0017,TRANSLATE
-16.8862,22.5826,0.1441,0.0116,28.1982,0.1883,0.003,28.4864,0.0301,0.0075,6e-06,0.003,0.004,0.0018,TRANSLATE
-16.4558,22.0629,0.4778,0.0132,27.5281,0.6701,0.0016,28.2823,0.1714,0.0087,1.1e-05,0.0067,0.0045,0.0018,TRANSLATE
-16.4772,22.0535,0.9729,0.0143,27.5463,0.0182,0.0011,28.0583,0.2,0.0107,9e-06,0.0093,0.0048,0.0018,TRANSLATE
-15.1942,22.8053,1.0096,0.015,27.422,0.1243,0.0007,27.8162,0.1565,0.0125,5e-06,0.0113,0.005,0.0017,TRANSLATE
-16.5898,23.2286,0.6826,0.0164,28.5527,1.1307,0.0014,27.8494,0.1988,0.0141,3e-06,0.013,0.0052,0.0015,TRANSLATE
-17.7749,23.2204,-0.0289,0.0169,29.2427,0.69,0.0005,28.0583,0.5191,0.0151,2e-06,0.0142,0.005,0.0014,TRANSLATE
-18.0856,22.7513,0.6269,0.017,29.0707,0.172,0.0001,28.3669,0.5726,0.0159,1e-06,0.015,0.0049,0.0012,TRANSLATE
-17.4716,23.0104,2.4796,0.0153,28.998,0.0726,0.0017,28.6572,0.4333,0.0161,1e-06,0.0153,0.0049,0.0012,TRANSLATE
-15.6179,23.3021,-1.7319,0.018,28.1053,0.8927,0.0027,28.7938,0.1704,0.0167,1e-06,0.0155,0.0058,0.0011,TRANSLATE
-18.3881,23.0135,-1.1699,0.0133,29.4807,1.3755,0.0047,28.9795,0.2187,0.0161,3e-06,0.0148,0.0059,0.001,TRANSLATE
-18.4042,22.9265,1.9891,0.0125,29.4668,0.0139,0.0008,29.0243,0.2503,0.0152,4e-06,0.0137,0.0063,0.001,TRANSLATE
-18.7046,23.1099,5.8194,0.0137,30.2951,0.8283,0.0012,29.2692,0.5129,0.0146,4e-06,0.0124,0.0072,0.0011,TRANSLATE
-19.1168,23.5754,7.7336,0.0185,31.3219,1.0268,0.0048,29.734,1.1249,0.0152,6e-06,0.0107,0.0097,0.0011,TRANSLATE
-16.9466,23.7541,0.9525,0.0321,29.195,2.1269,0.0136,29.9519,0.605,0.018,5.4e-05,0.0085,0.014,0.001,TRANSLATE
-17.726,23.2033,3.9245,0.0316,29.4619,0.2669,0.0005,29.9482,0.6086,0.0217,7.3e-05,0.0056,0.0193,0.0009,TRANSLATE
-17.3527,23.8282,7.2677,0.0369,30.3599,0.8979,0.0053,30.1268,0.5642,0.0266,7.9e-05,0.003,0.0254,0.0006,TRANSLATE
-18.5946,23.7501,4.8517,0.0369,30.5511,0.1912,0.0,30.178,0.5919,0.0312,4.5e-05,0.0003,0.0308,0.0014,TRANSLATE
-17.4945,23.7501,13.5407,0.041,32.4573,1.9062,0.0041,30.405,1.3177,0.0357,1.2e-05,-0.0019,0.0354,0.0016,TRANSLATE
-15.6581,24.4438,15.6951,0.0575,33.0002,0.5429,0.0165,31.1661,1.7927,0.0408,7.9e-05,-0.0044,0.0404,0.0014,TRANSLATE
-17.9608,23.4676,11.9186,0.0673,31.8649,1.1353,0.0098,31.6466,1.0786,0.0479,0.000152,-0.0055,0.0475,0.0006,TRANSLATE
-16.6437,24.1084,7.1817,0.0661,30.163,1.7019,0.0012,31.6073,1.1861,0.0538,0.00016,-0.0052,0.0533,0.0002,TRANSLATE
-20.0399,22.5399,0.3704,0.0667,30.1626,0.0004,0.0006,31.5296,1.3744,0.0597,0.000101,-0.0042,0.0593,-0.0025,TRANSLATE
-22.6976,20.3913,-4.3537,0.0625,30.8211,0.6585,0.0042,31.2023,1.1956,0.064,1.4e-05,-0.0025,0.0636,-0.0033,TRANSLATE
-22.5393,20.4099,-10.6142,0.0546,32.2063,1.3852,0.0079,31.0436,0.7255,0.0634,2.2e-05,-0.0006,0.0632,-0.0038,TRANSLATE
-21.4502,20.8748,-14.207,0.042,33.1316,0.9254,0.0126,31.2969,1.3984,0.0584,8.6e-05,-0.0003,0.0581,-0.0037,TRANSLATE
-19.5727,21.5123,-12.6093,0.0265,31.6996,1.432,0.0155,31.6042,1.0793,0.0505,0.000214,-0.0021,0.0498,-0.003,TRANSLATE
-17.5738,21.9224,-3.4468,0.0115,28.3074,3.3922,0.0151,31.2332,2.6998,0.0394,0.000343,-0.0043,0.0379,-0.0015,TRANSLATE
-20.9309,20.1098,7.4675,0.0095,29.9711,1.6637,0.002,31.0632,2.9555,0.0288,0.000304,-0.0068,0.026,-0.0013,TRANSLATE
-23.5416,19.2784,11.449,0.0105,32.5107,2.5396,0.001,31.1241,3.1095,0.02,0.00016,-0.0065,0.0166,0.0008,TRANSLATE
-24.3708,18.5571,3.753,0.0286,30.8607,1.6499,0.0182,30.6699,2.111,0.0173,7.1e-05,-0.0033,0.0136,0.0021,TRANSLATE
-19.6247,17.902,-17.2976,0.0457,31.6989,0.8381,0.017,30.6698,2.1107,0.0212,0.000201,0.0024,0.0171,0.003,TRANSLATE
-15.6154,18.7247,-45.6537,0.0519,51.7563,20.0575,0.0063,35.3596,67.9291,0.0292,0.000306,0.0101,0.0243,0.0041,TRANSLATE
-13.6642,19.4891,-78.723,0.0336,82.2426,30.4863,0.0183,45.8138,392.4339,0.0341,0.000208,0.0176,0.0269,0.0057,TRANSLATE
-16.2657,17.8976,-63.9721,0.0402,68.391,13.8516,0.0065,52.9899,407.4888,0.04,6.9e-05,0.0216,0.0189,0.0055,TRANSLATE
-16.4845,19.5993,-27.0308,0.068,37.2362,31.1548,0.0278,54.265,357.5587,0.0479,0.000138,0.0231,0.0005,0.0054,TRANSLATE
-18.3407,19.4451,-7.3965,0.0529,27.7345,9.5018,0.0152,53.4721,395.8579,0.0493,0.00014,0.0236,-0.0176,0.0051,TRANSLATE
-16.6257,18.9435,-2.6672,0.041,25.3453,2.3891,0.0119,48.1899,525.5909,0.0471,0.000147,0.0229,-0.0326,0.0042,TRANSLATE
-14.6912,19.7205,-15.6619,0.035,29.1552,3.8098,0.006,37.5724,253.4074,0.0474,0.00014,0.0222,-0.0407,0.0026,TRANSLATE
-14.3248,21.1201,-34.3514,0.0345,42.7934,13.6383,0.0005,32.4529,42.6927,0.0463,0.000162,0.0215,-0.04,0.0013,TRANSLATE
-17.4255,22.893,-55.9061,0.0512,62.8747,20.0813,0.0167,37.5806,196.9205,0.0429,6.1e-05,0.0211,-0.0366,0.0006,TRANSLATE
-17.781,22.6144,-61.403,0.0787,67.8079,4.9331,0.0274,45.5953,296.0333,0.0481,0.00027,0.0199,-0.0423,-0.0004,TRANSLATE
-17.2717,21.0978,-53.5662,0.0865,60.1062,7.7016,0.0079,52.5475,207.8016,0.0572,0.000472,0.0168,-0.0531,-0.0005,TRANSLATE
-16.258,20.7095,-47.7123,0.0837,54.4947,5.6116,0.0029,57.6154,73.4361,0.0669,0.00042,0.0143,-0.0648,-0.0002,TRANSLATE
-16.597,21.3613,-42.6948,0.0882,50.5432,3.9514,0.0045,59.1653,37.0989,0.0776,0.000185,0.0139,-0.0762,0.0,TRANSLATE
-16.2651,21.4328,-18.2746,0.0731,32.5251,18.0181,0.0151,53.0954,139.4436,0.082,3e-05,0.0155,-0.0803,0.0,TRANSLATE
-18.7996,19.1587,-24.3635,0.0626,36.25,3.7249,0.0105,46.7838,113.0702,0.0788,9.3e-05,0.0176,-0.0763,0.0003,TRANSLATE
-19.8584,19.1864,-8.3001,0.0904,28.8334,7.4165,0.0277,40.5293,102.8967,0.0796,0.000107,0.0202,-0.0766,0.0004,TRANSLATE
-21.543,19.8272,18.4693,0.0772,34.6169,5.7835,0.0131,36.5537,55.0765,0.0783,0.000103,0.0213,-0.0751,0.0003,TRANSLATE
-21.1938,19.1774,15.9942,0.0572,32.753,1.8639,0.0201,32.9957,6.1647,0.0721,0.000135,0.022,-0.0685,0.0006,TRANSLATE
-20.6956,21.0044,8.0422,0.0584,30.5642,2.1888,0.0012,32.6035,7.149,0.0691,0.000164,0.0203,-0.0659,0.0012,TRANSLATE
-19.7815,21.3723,6.5275,0.048,29.8444,0.7198,0.0104,31.3224,4.371,0.0662,0.000236,0.0183,-0.0635,0.0016,TRANSLATE
-19.5408,21.5197,2.6564,0.0349,29.189,0.6554,0.0131,31.3935,4.0372,0.0551,0.000193,0.0163,-0.0525,0.0017,TRANSLATE
-19.7514,22.0095,-0.8905,0.025,29.586,0.397,0.0099,30.3873,1.6001,0.0447,0.000168,0.0145,-0.0422,0.0017,TRANSLATE
-19.6168,21.3639,-1.0343,0.0191,29.0224,0.5635,0.0059,29.6412,0.2967,0.037,0.00021,0.0121,-0.0349,0.0013,TRANSLATE
-19.709,21.413,0.2726,0.0101,29.1039,0.0814,0.009,29.3491,0.0988,0.0274,0.000171,0.0103,-0.0252,0.0007,TRANSLATE
-19.6516,21.9616,0.4649,0.0038,29.474,0.3701,0.0062,29.2751,0.0474,0.0186,0.000119,0.008,-0.0163,0.0001,TRANSLATE
-18.9057,23.3662,-1.1031,0.0068,30.0769,0.6029,0.003,29.4526,0.1429,0.0129,6.2e-05,0.006,-0.0086,-0.0003,TRANSLATE
-18.0464,24.1148,-3.6949,0.0085,30.3455,0.2686,0.0017,29.6045,0.2757,0.0097,2.6e-05,0.0045,-0.0023,-0.0006,TRANSLATE
-17.384,24.095,-6.8778,0.0097,30.4971,0.1516,0.0012,29.8995,0.2803,0.0078,5e-06,0.0031,0.0031,-0.0008,TRANSLATE
-17.9978,23.8541,-9.3304,0.0081,31.3049,0.8077,0.0016,30.3397,0.355,0.0074,4e-06,0.0019,0.0062,-0.0008,TRANSLATE
-18.192,23.4864,-15.2799,0.0048,33.4071,2.1023,0.0034,31.1263,1.4682,0.0076,3e-06,0.0013,0.0074,-0.0007,TRANSLATE
-14.4255,23.8985,-13.7614,0.0014,31.1225,2.2846,0.0034,31.3354,1.2042,0.0065,9e-06,0.0005,0.0059,-0.0006,TRANSLATE
-14.2998,23.7376,-13.8467,0.0036,30.9788,0.1437,0.0022,31.4621,1.0176,0.0055,9e-06,-0.0005,0.0046,-0.0002,TRANSLATE
-15.1054,23.6025,-11.4523,0.0061,30.2723,0.7065,0.0025,31.4171,1.1125,0.0048,5e-06,-0.0018,0.0024,0.0003,TRANSLATE
-15.3468,24.2633,-17.4212,0.0108,33.5817,3.3095,0.0046,31.8725,1.8397,0.0053,1e-05,-0.0022,-0.0013,0.0005,TRANSLATE
-16.1087,24.2231,-20.4432,0.0274,35.5553,1.9735,0.0166,32.3021,3.8967,0.0099,8.6e-05,-0.0028,-0.0077,0.0008,TRANSLATE
-18.5307,23.4723,-16.014,0.04,33.9232,1.6321,0.0126,32.8622,3.8302,0.0176,0.000194,-0.0025,-0.0155,0.0007,TRANSLATE
-19.1715,23.0841,-18.2018,0.0481,35.0959,1.1727,0.0082,33.6857,3.4406,0.0265,0.000263,-0.0013,-0.0254,0.0001,TRANSLATE
-18.9965,22.2016,-31.5302,0.0585,42.9876,7.8917,0.0104,36.2287,11.9483,0.037,0.000275,0.0008,-0.0368,-0.0008,TRANSLATE
-18.4722,22.0738,-44.0867,0.0763,52.6508,9.6632,0.0178,40.0426,49.9387,0.0501,0.000276,0.0028,-0.0499,-0.0012,TRANSLATE
-17.859,22.0215,-45.8037,0.1077,53.869,1.2182,0.0314,43.7053,70.73,0.0661,0.00058,0.0047,-0.0659,-0.0015,TRANSLATE
-16.7091,21.6204,-24.1961,0.1356,36.4977,17.3713,0.0279,44.2202,61.7167,0.0853,0.001043,0.0049,-0.085,-0.0009,TRANSLATE
-16.1829,23.265,10.3213,0.1521,30.1608,6.3369,0.0165,43.2332,83.6251,0.1061,0.001229,0.0036,-0.1059,-0.0009,TRANSLATE
-18.8495,22.6495,50.5601,0.1506,58.5203,28.3595,0.0015,46.3398,120.7017,0.1245,0.000835,0.0022,-0.1243,-0.0009,TRANSLATE
-21.4327,23.3759,90.62,0.1335,96.0092,37.4889,0.0171,55.0114,530.9493,0.1359,0.000256,-0.0,-0.1358,-0.0007,TRANSLATE
-18.5149,22.8976,122.3491,0.1126,125.8428,29.8335,0.0209,69.4062,1326.8954,0.1369,0.000205,-0.0017,-0.1369,-0.0,TRANSLATE
-22.94,22.3149,149.7512,0.0881,153.1327,27.2899,0.0245,92.7332,1968.1785,0.1274,0.00059,-0.0032,-0.1273,-0.0007,TRANSLATE
-25.677,23.6051,156.6478,0.0458,160.4838,7.3511,0.0423,118.7978,1423.7856,0.1061,0.001347,-0.0037,-0.106,-0.0006,TRANSLATE
-27.8166,22.7778,164.0151,0.0155,167.9094,7.4256,0.0303,140.6756,700.8634,0.0791,0.001863,-0.0046,-0.0786,-0.0006,TRANSLATE
-23.6252,22.866,173.5371,0.0299,176.6243,8.7149,0.0144,156.7986,300.3575,0.0584,0.001326,-0.0039,-0.0459,-0.0006,TRANSLATE
-24.4158,21.4772,178.5797,0.0726,181.5161,4.8919,0.0426,167.9332,106.9159,0.0504,0.000714,-0.0019,-0.009,-0.0009,TRANSLATE
-20.3826,22.6224,181.7731,0.1239,184.306,2.7899,0.0513,174.1679,77.8469,0.0576,0.001458,0.0037,0.033,-0.001,TRANSLATE
-24.4092,21.6541,162.4716,0.1705,165.7159,18.5901,0.0466,175.2143,53.5884,0.0825,0.003359,0.0102,0.0757,-0.0014,TRANSLATE
-27.7743,20.6858,129.0492,0.1912,133.6151,32.1007,0.0207,168.3555,341.9706,0.1176,0.003593,0.0156,0.1165,-0.0009,TRANSLATE
-24.6913,21.2924,113.58,0.1968,118.167,15.4482,0.0055,156.664,695.3828,0.151,0.002195,0.018,0.1498,-0.0007,TRANSLATE
-24.9718,21.3964,98.7296,0.2097,104.0621,14.1048,0.0129,141.1732,885.2841,0.1784,0.000903,0.0188,0.1772,-0.0002,TRANSLATE
-23.993,21.5765,74.6274,0.2104,81.3048,22.7574,0.0007,120.573,805.673,0.1957,0.000214,0.0161,0.1949,0.0003,TRANSLATE
-22.4069,21.555,53.6926,0.2042,62.045,19.2598,0.0062,99.8388,653.2965,0.2024,5.5e-05,0.0123,0.202,0.0014,TRANSLATE
-20.5505,21.8721,28.8509,0.1919,41.6304,20.4146,0.0123,81.4418,764.3244,0.2026,5.2e-05,0.0094,0.2023,0.0018,TRANSLATE
-19.8592,21.1602,16.187,0.1545,33.2289,8.4015,0.0374,64.4542,670.8962,0.1941,0.000437,0.0057,0.1939,0.002,TRANSLATE
-19.1311,21.375,10.8277,0.1211,30.6615,2.5674,0.0334,49.7741,370.0223,0.1764,0.00114,0.0015,0.1762,0.0015,TRANSLATE
-19.7861,20.4125,9.0747,0.0926,29.8414,0.8201,0.0285,39.4814,144.7092,0.1528,0.001759,-0.0027,0.1526,0.0013,TRANSLATE
-19.1883,21.2363,3.5785,0.0759,28.844,0.9975,0.0167,32.8412,21.4255,0.1272,0.001759,-0.0065,0.1267,0.001,TRANSLATE
-17.8975,20.8515,-2.6435,0.0513,27.606,1.2379,0.0246,30.0364,3.5899,0.0991,0.001283,-0.0103,0.0983,0.0006,TRANSLATE
-18.4867,20.9062,-5.4616,0.0411,28.4369,0.8309,0.0102,29.078,1.1446,0.0764,0.000827,-0.0112,0.0754,0.0004,TRANSLATE
-17.6457,20.1093,-16.1099,0.0276,31.2295,2.7926,0.0135,29.1916,1.556,0.0577,0.000554,-0.0116,0.0563,0.0002,TRANSLATE
-18.8446,18.7593,-21.8098,0.0134,34.3904,3.1609,0.0142,30.1014,6.0494,0.0419,0.000452,-0.012,0.0383,0.0003,TRANSLATE
-18.8976,19.87,-19.7979,0.0102,33.8214,0.569,0.0032,31.0969,7.5099,0.0287,0.000249,-0.011,0.0218,0.0003,TRANSLATE
-17.5962,19.5679,-21.1539,0.0208,33.7641,0.0573,0.0106,32.3285,4.9787,0.0226,0.000122,-0.0089,0.0078,0.0002,TRANSLATE
-18.0238,19.7199,-16.6231,0.0218,31.4653,2.2989,0.001,32.9342,1.7321,0.0188,3.9e-05,-0.0075,-0.0045,0.0002,TRANSLATE
-18.4378,20.0478,-12.7048,0.0228,30.0546,1.4107,0.0009,32.6992,2.7541,0.0178,2.5e-05,-0.006,-0.0141,0.0001,TRANSLATE
-18.1409,21.1945,-10.4701,0.0231,29.798,0.2566,0.0003,31.7807,3.0217,0.0197,2.3e-05,-0.004,-0.019,-0.0002,TRANSLATE
-17.719,21.1056,-8.4698,0.0223,28.8296,0.9684,0.0008,30.7823,2.9338,0.0222,1e-06,-0.0033,-0.0219,-0.0004,TRANSLATE
-17.2877,21.622,-9.2508,0.0171,29.1882,0.3586,0.0053,29.8671,0.8263,0.0214,5e-06,-0.003,-0.0212,-0.0003,TRANSLATE
-16.6583,22.0351,-13.9538,0.0199,30.9475,1.7593,0.0028,29.7636,0.5382,0.021,5e-06,-0.0031,-0.0208,-0.0002,TRANSLATE
-16.2797,22.9781,-14.6662,0.0225,31.7509,0.8033,0.0027,30.1028,1.196,0.021,5e-06,-0.0033,-0.0207,-0.0001,TRANSLATE
-16.0832,22.7012,-17.9017,0.0202,33.083,1.3321,0.0023,30.7598,2.522,0.0204,4e-06,-0.0032,-0.0201,0.0001,TRANSLATE
-16.2415,23.0672,-18.3151,0.0194,33.6352,0.5522,0.0008,31.721,2.5067,0.0198,3e-06,-0.0033,-0.0195,0.0002,TRANSLATE
-16.7557,22.7694,-21.6458,0.0147,35.6054,1.9702,0.0046,33.0044,2.5942,0.0193,6e-06,-0.0037,-0.0189,0.0003,TRANSLATE
-16.2265,21.9405,-31.6385,0.008,41.7813,6.176,0.0067,35.1711,12.4602,0.017,2.6e-05,-0.0039,-0.0164,0.0002,TRANSLATE
-16.0999,21.6243,-35.9108,0.0107,44.9044,3.1231,0.0026,37.8018,22.1472,0.0146,2.3e-05,-0.0042,-0.0138,0.0,TRANSLATE
-16.7393,21.4119,-35.4193,0.0076,44.6453,0.2591,0.003,40.1143,21.7127,0.0121,2e-05,-0.0046,-0.0109,-0.0,TRANSLATE
-15.7946,22.2233,-39.9917,0.0081,48.4012,3.7559,0.0005,43.0675,18.33,0.0098,7e-06,-0.0054,-0.0075,-0.0001,TRANSLATE
-15.8013,21.9599,-49.809,0.0075,56.682,8.2808,0.0007,47.2828,26.4951,0.0084,1e-06,-0.0059,-0.0053,-0.0003,TRANSLATE
-16.316,21.3679,-44.3159,0.0126,51.8334,4.8486,0.0051,49.2933,20.5415,0.0093,4e-06,-0.0076,-0.0044,-0.0004,TRANSLATE
-16.4372,21.6162,-39.6934,0.0198,48.0937,3.7397,0.0072,49.9311,16.57,0.0111,2.2e-05,-0.0101,-0.0011,-0.0004,TRANSLATE
-15.4841,21.9461,-39.5203,0.0303,47.7833,0.3104,0.0105,50.5587,11.5107,0.0156,7.3e-05,-0.0143,0.003,-0.0001,TRANSLATE
-15.3967,22.1694,-38.2288,0.0406,46.7972,0.9861,0.0103,50.2379,13.3067,0.0221,0.000144,-0.0201,0.007,0.0001,TRANSLATE
-14.3423,22.4511,-31.6674,0.0528,41.3833,5.4139,0.0121,47.1782,11.3202,0.0312,0.000206,-0.0289,0.0101,0.0002,TRANSLATE
-15.1333,23.0703,-18.7402,0.0626,33.3534,8.03,0.0098,43.4822,31.5507,0.0412,0.000234,-0.0388,0.0128,-0.0,TRANSLATE
-16.7222,23.2781,-0.4546,0.0703,28.6655,4.6879,0.0077,39.5965,56.1062,0.0513,0.000209,-0.049,0.0135,-0.0005,TRANSLATE
-20.1653,23.6318,19.3832,0.0674,36.6171,7.9516,0.0029,37.3633,39.4895,0.0587,0.000117,-0.0568,0.0138,-0.001,TRANSLATE
-19.1353,24.0024,40.3878,0.0636,50.7292,14.1121,0.0038,38.1497,56.8007,0.0633,3.5e-05,-0.0613,0.0151,-0.0011,TRANSLATE
-19.1395,23.9175,55.4977,0.0704,63.3906,12.6614,0.0068,42.5511,162.7574,0.0669,1.1e-05,-0.0614,0.0221,-0.0008,TRANSLATE
-19.6616,23.9684,51.3763,0.0816,60.0049,3.3857,0.0112,47.8814,178.3522,0.0707,3.6e-05,-0.0578,0.0336,-0.0002,TRANSLATE
-18.5074,24.256,29.1229,0.0825,42.1784,17.8265,0.0009,50.584,103.7023,0.0731,5.8e-05,-0.0514,0.0461,0.0013,TRANSLATE
-22.2309,24.2735,8.1952,0.0687,33.9202,8.2582,0.0138,50.0447,119.9329,0.0734,5.5e-05,-0.0447,0.0551,0.0019,TRANSLATE
-23.7004,23.2001,-0.4094,0.0464,33.168,0.7522,0.0223,46.5324,164.4676,0.0699,0.00017,-0.0383,0.0577,0.0024,TRANSLATE
-23.9384,21.4819,0.2756,0.0289,32.1652,1.0029,0.0175,40.2873,109.9107,0.0616,0.000438,-0.0316,0.0526,0.0026,TRANSLATE
-22.0882,21.1824,1.1736,0.0139,30.6262,1.539,0.015,34.4116,16.2976,0.0481,0.00063,-0.0249,0.0407,0.0025,TRANSLATE
-21.2737,20.1022,4.1576,0.0045,29.5627,1.0634,0.0094,31.8885,2.5688,0.0325,0.000529,-0.017,0.0265,0.0021,TRANSLATE
-17.8752,21.3505,6.0417,0.0183,28.4933,1.0694,0.0137,30.8031,2.8706,0.0224,0.000205,-0.0071,0.015,0.0022,TRANSLATE
-16.4783,20.7335,1.1834,0.0297,26.5106,1.9827,0.0115,29.4716,3.6642,0.0191,9e-05,0.0042,0.0078,0.0021,TRANSLATE
-16.692,20.7618,-10.0002,0.0387,28.4549,1.9442,0.0089,28.7295,1.8692,0.021,0.000144,0.0154,0.0015,0.0021,TRANSLATE
-15.3567,20.4688,-20.2376,0.0492,32.6246,4.1697,0.0105,29.1292,4.0243,0.0281,0.000242,0.026,-0.0052,0.0022,TRANSLATE
-17.8104,21.2407,-30.7807,0.0655,41.4226,8.798,0.0163,31.5012,28.5858,0.0403,0.000263,0.0346,-0.0152,0.0016,TRANSLATE
-17.7858,21.6082,-33.8683,0.0812,43.9353,2.5127,0.0157,34.5896,48.1596,0.0529,0.000343,0.0405,-0.029,0.0012,TRANSLATE
-14.0568,18.1459,-33.5415,0.0948,40.6436,3.2917,0.0136,37.4162,34.4462,0.0659,0.000419,0.0454,-0.045,0.0006,TRANSLATE
-16.2392,18.6511,-29.5082,0.0988,38.5008,2.1428,0.0039,39.4254,14.5836,0.0779,0.000342,0.0484,-0.0598,-0.0002,TRANSLATE
-16.4601,20.0365,-21.2378,0.098,33.5178,4.983,0.0008,39.604,12.2815,0.0877,0.000163,0.0514,-0.0708,-0.0006,TRANSLATE
-18.5118,20.6667,-16.0934,0.0929,32.0749,1.4429,0.0051,37.7345,19.4625,0.0931,4e-05,0.054,-0.0758,-0.0006,TRANSLATE
-19.0251,21.4802,-17.8403,0.0902,33.7881,1.7132,0.0027,35.705,10.7685,0.0949,1e-05,0.056,-0.0765,-0.0009,TRANSLATE
-17.0544,21.2811,-17.091,0.0892,32.1845,1.6036,0.001,34.0132,5.5072,0.0938,1.6e-05,0.0557,-0.0754,-0.0012,TRANSLATE
-18.2811,21.2436,-10.4947,0.091,29.927,2.2575,0.0018,32.2985,1.8785,0.0922,1e-05,0.0545,-0.0742,-0.0011,TRANSLATE
-17.9498,21.3793,2.3105,0.0856,28.0109,1.9162,0.0053,31.1971,4.0448,0.0898,6e-06,0.0516,-0.0732,-0.0011,TRANSLATE
-21.8036,21.2097,10.8484,0.0768,32.2945,4.2837,0.0088,31.241,4.1296,0.0865,2.7e-05,0.0483,-0.0716,-0.0013,TRANSLATE
-23.171,21.0615,18.0006,0.0685,36.1179,3.8234,0.0083,31.707,7.3718,0.0822,7.1e-05,0.0448,-0.0689,-0.0014,TRANSLATE
-25.0212,21.5179,19.6911,0.0596,38.4294,2.3115,0.0089,32.9559,14.8046,0.0763,0.000129,0.0416,-0.0638,-0.0015,TRANSLATE
-21.3201,21.6268,21.5029,0.0505,37.2108,1.2187,0.0091,34.4127,14.4683,0.0682,0.000153,0.0383,-0.0562,-0.0014,TRANSLATE
-21.0967,21.4327,23.3242,0.0415,38.0585,0.8477,0.0089,36.4222,4.8917,0.0594,0.000157,0.0341,-0.0485,-0.0014,TRANSLATE
-21.2555,21.9056,26.1093,0.0352,40.1665,2.108,0.0063,37.9966,1.8093,0.0511,0.000143,0.0293,-0.0417,-0.0014,TRANSLATE
-21.4138,22.4588,25.9375,0.0304,40.4438,0.2773,0.0048,38.8618,1.5526,0.0434,0.00011,0.0254,-0.0351,-0.0013,TRANSLATE
-20.6904,22.4233,23.625,0.0257,38.588,1.8558,0.0047,38.8935,1.5292,0.0367,7.5e-05,0.0218,-0.0293,-0.001,TRANSLATE
-20.5273,22.5043,21.5687,0.0162,37.3232,1.2648,0.0096,38.916,1.4555,0.0298,7.4e-05,0.018,-0.0234,-0.001,TRANSLATE
-20.3437,21.9878,20.155,0.0088,36.1048,1.2185,0.0073,38.5253,2.7364,0.0233,9.2e-05,0.0151,-0.0174,-0.0009,TRANSLATE
-19.7969,21.8277,18.6802,0.003,34.8901,1.2147,0.0058,37.47,3.727,0.0168,0.000104,0.0119,-0.0118,-0.0008,TRANSLATE
-19.0375,21.9434,17.1036,0.0027,33.7116,1.1785,0.0003,36.1235,2.9704,0.0113,7.6e-05,0.0076,-0.0068,-0.0007,TRANSLATE
-18.8706,22.1766,14.1547,0.0058,32.3768,1.3348,0.0031,34.8813,3.0201,0.0073,2.5e-05,0.0031,-0.0024,-0.0005,TRANSLATE
-19.084,21.9757,13.7238,0.0079,32.1787,0.1981,0.0021,33.8524,2.2296,0.0056,6e-06,-0.0007,0.0006,-0.0005,TRANSLATE
-19.0422,22.143,13.8384,0.0091,32.3175,0.1388,0.0012,33.0949,1.1125,0.0057,7e-06,-0.0035,0.0028,-0.0004,TRANSLATE
-18.2181,21.9582,15.4613,0.0094,32.4517,0.1342,0.0003,32.6073,0.3129,0.007,6e-06,-0.0055,0.0043,-0.0004,TRANSLATE
-18.4995,21.8509,16.8066,0.0084,33.1987,0.747,0.001,32.5047,0.1284,0.0081,2e-06,-0.0064,0.005,-0.0003,TRANSLATE
-19.6121,21.8557,14.5609,0.0103,32.7769,0.4218,0.0019,32.5847,0.1336,0.009,1e-06,-0.0069,0.0058,-0.0003,TRANSLATE
-20.1647,22.2158,10.3956,0.0077,31.7526,1.0244,0.0026,32.4995,0.2318,0.009,1e-06,-0.0063,0.0062,-0.0003,TRANSLATE
-17.6786,22.1477,9.0977,0.0059,29.7628,1.9898,0.0017,31.9885,1.4621,0.0083,2e-06,-0.0055,0.0041,-0.0004,TRANSLATE
-15.8866,22.3838,11.5657,0.0128,29.7856,0.0229,0.0068,31.4553,2.1054,0.009,5e-06,-0.0023,0.0011,-0.0007,TRANSLATE
-12.7624,22.5039,7.4588,0.0275,26.9247,2.8609,0.0148,30.2005,4.0283,0.0128,5.9e-05,0.0036,-0.003,-0.0011,TRANSLATE
-15.3693,22.2656,0.092,0.0458,27.0552,0.1305,0.0183,29.0562,3.3698,0.0199,0.000225,0.0127,-0.0094,-0.0015,TRANSLATE
-14.7423,21.6094,-15.1108,0.0664,30.2099,3.1547,0.0206,28.7476,2.0867,0.0317,0.000489,0.0246,-0.0178,-0.0018,TRANSLATE
-14.9001,22.9062,-25.7917,0.0909,37.5756,7.3657,0.0245,30.3102,15.0255,0.0487,0.000768,0.04,-0.0274,-0.0023,TRANSLATE
-14.4357,23.1281,-33.5865,0.1071,43.2591,5.6836,0.0162,33.0049,41.2442,0.0675,0.000837,0.0549,-0.0391,-0.0024,TRANSLATE
-16.9767,22.6244,-40.9286,0.1203,49.7516,6.4924,0.0132,37.5703,69.0981,0.0861,0.000729,0.068,-0.0523,-0.0023,TRANSLATE
-20.1157,22.1089,-42.5116,0.1311,51.9681,2.2165,0.0108,42.5528,63.618,0.1032,0.000519,0.078,-0.0669,-0.0015,TRANSLATE
-20.0207,23.0465,-34.1468,0.1338,45.8036,6.1645,0.0026,45.6716,25.5351,0.1166,0.000254,0.0837,-0.0805,-0.0006,TRANSLATE
-13.2478,23.4341,-26.7487,0.1244,37.9493,7.8543,0.0093,45.7464,24.347,0.1233,8.9e-05,0.0844,-0.0893,0.0011,TRANSLATE
-11.0639,22.666,-23.6083,0.1142,34.5472,3.4021,0.0102,44.004,45.158,0.1248,5.1e-05,0.0821,-0.0936,0.0012,TRANSLATE
-14.6824,21.1047,-13.6867,0.0967,29.1256,5.4216,0.0175,39.8788,65.8067,0.12,0.000182,0.0759,-0.0928,0.0001,TRANSLATE
-5.6646,24.0181,7.1975,0.0638,25.7053,3.4203,0.0329,34.6262,49.1646,0.1066,0.000609,0.066,-0.0836,-0.0002,TRANSLATE
-6.7223,22.7832,29.3237,0.0116,37.7378,12.0325,0.0521,33.0131,23.5118,0.0821,0.001667,0.051,-0.0632,0.0005,TRANSLATE
-13.4154,20.7485,29.1808,0.0541,38.236,0.4982,0.0424,33.0704,24.091,0.0681,0.001269,0.0305,-0.0344,0.0017,TRANSLATE
-6.8385,24.8269,12.4853,0.1017,28.6186,9.6174,0.0476,31.8847,26.2125,0.0656,0.001063,0.0045,-0.0003,0.0053,TRANSLATE
-12.4615,20.4553,0.5351,0.1267,23.9581,4.6604,0.025,30.8512,36.188,0.0716,0.00158,-0.0253,0.0326,0.0081,TRANSLATE
-19.2223,22.2767,6.1062,0.1487,30.0505,6.0924,0.0221,31.7202,30.2649,0.0885,0.00247,-0.0567,0.0609,0.0088,TRANSLATE
-19.5622,22.5026,24.4975,0.1688,38.5898,8.5393,0.02,31.8906,32.4319,0.12,0.001586,-0.0854,0.0818,0.0077,TRANSLATE
-19.7029,21.5302,41.5855,0.1891,50.8046,12.2148,0.0203,34.4043,89.608,0.147,0.000944,-0.1076,0.0988,0.0057,TRANSLATE
-18.9748,22.5711,42.8184,0.2075,51.9895,1.1849,0.0184,39.0785,122.9127,0.1682,0.000818,-0.1219,0.1148,0.0026,TRANSLATE
-19.1986,22.6787,26.7891,0.2104,40.0071,11.9824,0.0028,42.2883,67.0573,0.1849,0.00055,-0.1286,0.1311,0.0023,TRANSLATE
-20.6464,21.443,3.425,0.1962,29.9634,10.0437,0.0142,42.2709,67.485,0.1944,0.000223,-0.1305,0.1428,0.0028,TRANSLATE
-19.3234,20.995,4.7025,0.1717,28.9188,1.0446,0.0244,40.3367,96.6895,0.195,0.000194,-0.129,0.1455,0.0035,TRANSLATE
-20.1306,21.4304,6.2214,0.1453,30.0534,1.1346,0.0264,36.1864,78.6987,0.1862,0.000604,-0.1236,0.1384,0.0041,TRANSLATE
-22.1482,22.9912,10.2896,0.1205,33.5412,3.4878,0.0248,32.4968,16.5371,0.1688,0.001074,-0.1161,0.1214,0.0036,TRANSLATE
-25.2436,22.3273,22.0567,0.0949,40.2771,6.7359,0.0256,32.5508,17.3599,0.1457,0.001289,-0.1061,0.0992,0.0019,TRANSLATE
-26.0573,22.2931,31.3203,0.0732,46.4428,6.1657,0.0217,35.8466,43.7558,0.1211,0.001227,-0.0919,0.0787,0.0,TRANSLATE
-25.3615,21.7407,36.3282,0.052,49.3518,2.909,0.0212,39.9333,53.9342,0.0972,0.001096,-0.0743,0.0625,-0.0019,TRANSLATE
-25.033,21.5332,30.5969,0.0351,45.0166,4.3352,0.0169,42.9259,30.6241,0.0752,0.000917,-0.0562,0.0492,-0.0036,TRANSLATE
-24.4232,20.9234,20.0213,0.0152,37.8832,7.1334,0.02,43.7943,17.3413,0.0541,0.000781,-0.0385,0.0366,-0.0043,TRANSLATE
-24.7073,21.2013,15.8795,0.0044,36.223,1.6602,0.0108,42.9835,25.6746,0.036,0.000615,-0.0233,0.0245,-0.0043,TRANSLATE
-24.7315,21.1641,13.9599,0.0129,35.4181,0.8048,0.0086,40.7786,29.8664,0.0239,0.000299,-0.0105,0.0132,-0.0039,TRANSLATE
-24.4977,20.1594,11.6179,0.0185,33.7863,1.6318,0.0055,37.6655,15.2532,0.0172,0.000102,-0.0003,0.0034,-0.0033,TRANSLATE
-22.9294,20.49,9.9599,0.0247,32.3234,1.463,0.0062,35.1268,3.7081,0.0151,4.5e-05,0.0068,-0.006,-0.0027,TRANSLATE
-22.3592,20.4858,8.7492,0.0282,31.5618,0.7616,0.0035,33.8625,3.132,0.0177,7.2e-05,0.0121,-0.0123,-0.0021,TRANSLATE
-21.7967,20.5636,7.5337,0.0273,30.8985,0.6633,0.0009,32.7976,2.6407,0.0223,3.3e-05,0.0159,-0.0155,-0.0018,TRANSLATE
-21.3124,20.5447,6.2301,0.0255,30.2508,0.6476,0.0018,31.7642,1.4965,0.0248,1.2e-05,0.018,-0.017,-0.0018,TRANSLATE
-21.5343,21.0201,5.5872,0.0242,30.607,0.3561,0.0013,31.1283,0.5421,0.026,2e-06,0.0189,-0.0177,-0.0018,TRANSLATE
-20.9243,21.4005,6.3666,0.0245,30.5997,0.0073,0.0003,30.7836,0.1935,0.0259,2e-06,0.0191,-0.0174,-0.0015,TRANSLATE
-20.2363,21.8641,5.2246,0.0237,30.2464,0.3533,0.0007,30.5205,0.0609,0.025,2e-06,0.0184,-0.0169,-0.0013,TRANSLATE
-20.1672,21.9444,4.3422,0.0211,30.1185,0.1278,0.0026,30.3645,0.0403,0.0238,2e-06,0.0174,-0.0162,-0.0011,TRANSLATE
-19.8494,22.0305,4.0768,0.0196,29.9326,0.1859,0.0015,30.3008,0.071,0.0226,4e-06,0.0164,-0.0155,-0.0009,TRANSLATE
-19.9732,22.1588,3.5552,0.0185,30.043,0.1104,0.0011,30.188,0.0528,0.0215,5e-06,0.0155,-0.0149,-0.0008,TRANSLATE
-20.0598,21.9395,3.1442,0.018,29.8936,0.1494,0.0005,30.0468,0.0163,0.0202,4e-06,0.0142,-0.0143,-0.0007,TRANSLATE
-18.6916,21.7548,2.1528,0.017,28.7625,1.1311,0.001,29.75,0.2502,0.0188,2e-06,0.013,-0.0136,-0.0006,TRANSLATE
-19.0752,21.6007,0.5223,0.0165,28.8223,0.0598,0.0005,29.4908,0.3279,0.0179,1e-06,0.0122,-0.0131,-0.0005,TRANSLATE
-19.2789,21.9368,-0.1291,0.0158,29.2047,0.3824,0.0007,29.3452,0.2841,0.0172,1e-06,0.0116,-0.0126,-0.0004,TRANSLATE
-19.6544,21.8244,-0.6564,0.0189,29.3774,0.1727,0.0031,29.2121,0.1692,0.0172,1e-06,0.0122,-0.012,-0.0004,TRANSLATE
-22.3391,21.3002,-4.7376,0.026,31.2278,1.8505,0.0071,29.4789,0.8177,0.0188,1.4e-05,0.0149,-0.01,-0.0004,TRANSLATE
-20.3432,20.8058,-12.2088,0.0294,31.556,0.3281,0.0035,30.0376,1.2657,0.0213,2.9e-05,0.0186,-0.0076,-0.0003,TRANSLATE
-19.8183,20.7384,-18.4452,0.0396,34.1038,2.5478,0.0102,31.0939,3.1613,0.0259,7e-05,0.0242,-0.0046,-0.0003,TRANSLATE
-21.839,20.2063,-8.7436,0.0487,31.0111,3.0927,0.0091,31.4552,2.3183,0.0325,0.00011,0.0314,0.0007,-0.0005,TRANSLATE
-22.8368,20.7963,-12.5262,0.0591,33.3303,2.3192,0.0105,32.2458,1.533,0.0406,0.00015,0.0384,0.0088,-0.0007,TRANSLATE
-21.8038,21.2433,-23.1959,0.0743,38.2719,4.9415,0.0152,33.6546,6.6037,0.0502,0.000242,0.0457,0.0175,-0.0003,TRANSLATE
-21.4524,21.0196,-35.4099,0.0846,46.4316,8.1597,0.0103,36.6297,29.5216,0.0613,0.000269,0.0544,0.0261,0.0001,TRANSLATE
-22.362,20.547,-43.7998,0.0861,53.2978,6.8662,0.0015,40.4685,69.074,0.0705,0.000212,0.0616,0.0338,-0.0002,TRANSLATE
-21.2896,21.8844,-46.2679,0.0831,55.4337,2.1359,0.003,45.3531,72.1181,0.0774,0.0001,0.0673,0.038,-0.0004,TRANSLATE
-20.8598,22.1482,-49.53,0.0793,58.1282,2.6945,0.0037,50.3126,51.2525,0.0815,1.8e-05,0.0717,0.0383,-0.0002,TRANSLATE
-19.9066,20.6404,-46.5459,0.0778,54.6701,3.4582,0.0015,53.5923,15.2979,0.0822,1e-05,0.073,0.0374,-0.0012,TRANSLATE
-17.8846,20.5905,-45.4804,0.0781,53.0311,1.639,0.0003,54.9122,3.3637,0.0809,1e-05,0.0718,0.037,-0.0019,TRANSLATE
-17.8702,19.4161,-48.5531,0.0752,55.2606,2.2295,0.0029,55.3047,2.7126,0.0787,7e-06,0.0692,0.0371,-0.002,TRANSLATE
-19.443,18.7766,-53.3112,0.0666,59.7719,4.5113,0.0086,56.1724,5.9476,0.0754,2.1e-05,0.0657,0.0367,-0.0011,TRANSLATE
-11.8638,16.8244,-56.7834,0.0477,60.4,0.6281,0.0189,56.6267,8.5507,0.0691,0.000132,0.0594,0.0351,-0.0013,TRANSLATE
-10.516,16.9783,-59.9079,0.0281,63.1491,2.7491,0.0196,58.3226,13.4175,0.0591,0.000354,0.0497,0.0318,-0.0007,TRANSLATE
-15.5347,20.3889,-68.7951,0.0121,73.4153,10.2661,0.016,62.3994,36.755,0.0459,0.00055,0.0351,0.0257,-0.0004,TRANSLATE
-16.7059,20.8049,-81.5142,0.0316,85.77,12.3548,0.0195,68.5013,98.5668,0.0372,0.000344,0.0165,0.0158,-0.0,TRANSLATE
-16.9866,20.9126,-94.8801,0.0575,98.6312,12.8612,0.0259,76.2731,204.4876,0.0354,0.00025,-0.0055,0.0044,-0.0004,TRANSLATE
-16.3393,20.6582,-103.151,0.0801,106.4606,7.8294,0.0225,85.4852,251.4899,0.0419,0.000577,-0.0281,-0.0076,-0.0001,TRANSLATE
-16.762,18.8766,-125.1458,0.101,127.6666,21.206,0.0209,98.3887,341.0626,0.0565,0.001025,-0.05,-0.021,0.0003,TRANSLATE
-16.3253,19.8044,-108.4166,0.1239,111.4132,16.2534,0.023,105.9883,192.5012,0.0788,0.001042,-0.0681,-0.0385,0.0011,TRANSLATE
-23.2915,20.9779,-12.9489,0.118,33.9152,77.498,0.006,95.6173,1042.0959,0.0961,0.000605,-0.0787,-0.0535,0.0024,TRANSLATE
-34.7832,19.8229,46.0346,0.0791,61.0082,27.0931,0.0388,88.0928,1223.218,0.1004,0.000346,-0.0821,-0.0563,0.0026,TRANSLATE
-37.1859,18.3865,10.9027,0.0548,42.892,18.1162,0.0243,75.379,1402.7253,0.0954,0.000653,-0.0787,-0.0503,0.0026,TRANSLATE
-32.0394,17.7279,-11.7185,0.0544,38.4464,4.4456,0.0004,57.535,810.322,0.0861,0.000896,-0.0714,-0.0438,0.0019,TRANSLATE
-29.0284,18.3167,-15.8123,0.0588,37.7912,0.6551,0.0044,42.8106,90.9059,0.073,0.000588,-0.0617,-0.0349,0.001,TRANSLATE
-26.5133,18.6878,-11.4623,0.0594,34.4031,3.3881,0.0006,42.9082,89.2079,0.0613,8.4e-05,-0.054,-0.0261,-0.0002,TRANSLATE
-23.8607,18.1627,-6.3699,0.0577,30.656,3.7471,0.0018,36.8377,16.8585,0.057,4e-06,-0.0488,-0.0261,-0.0006,TRANSLATE
-23.6666,18.2739,-10.474,0.0582,31.682,1.026,0.0005,34.5957,9.8174,0.0577,3e-06,-0.0466,-0.0326,-0.001,TRANSLATE
-25.1927,17.3754,-15.3886,0.0612,34.2547,2.5727,0.0031,33.7574,6.1724,0.0591,2e-06,-0.0451,-0.0379,-0.0014,TRANSLATE
-23.4104,18.5691,-21.2421,0.0628,36.6618,2.4071,0.0015,33.5315,4.5541,0.0599,4e-06,-0.0441,-0.0404,-0.0016,TRANSLATE
-19.9096,19.8677,-22.8687,0.0646,36.2505,0.4113,0.0019,33.901,5.7442,0.0609,7e-06,-0.0431,-0.0428,-0.0018,TRANSLATE
-15.2683,22.3473,-18.2418,0.0649,32.6387,3.6117,0.0002,34.2975,3.7995,0.0623,6e-06,-0.0416,-0.0459,-0.0009,TRANSLATE
-12.224,23.6185,-9.6716,0.0559,28.2984,4.3404,0.009,33.6208,9.1714,0.0619,1.1e-05,-0.0388,-0.0477,-0.0007,TRANSLATE
-5.7386,25.5885,-4.3341,0.0457,26.5799,1.7185,0.0101,32.0858,16.6499,0.0588,5.3e-05,-0.0346,-0.0471,-0.0013,TRANSLATE
0.5248,28.1583,-11.6079,0.0458,30.4616,3.8818,0.0001,30.8458,11.452,0.0554,7.2e-05,-0.0305,-0.046,-0.0014,TRANSLATE
-2.7864,27.1423,-15.2207,0.0459,31.2432,0.7816,0.0001,29.8444,4.6387,0.0516,5.9e-05,-0.0265,-0.044,-0.0022,TRANSLATE
-5.6979,26.042,-13.9828,0.0326,30.1026,1.1406,0.0132,29.3372,2.833,0.0452,5.5e-05,-0.0217,-0.0393,-0.0036,TRANSLATE
-7.9833,24.9804,-13.9581,0.022,29.7083,0.3943,0.0106,29.6191,2.5653,0.0384,9.3e-05,-0.0167,-0.0341,-0.0039,TRANSLATE
-10.5242,23.9,-13.9696,0.0145,29.6162,0.0922,0.0076,30.2264,0.3491,0.0322,0.000158,-0.0118,-0.0293,-0.0029,TRANSLATE
-12.3381,23.3856,-12.882,0.0099,29.4119,0.2043,0.0046,30.0165,0.4266,0.025,0.000168,-0.0063,-0.0232,-0.0027,TRANSLATE
-13.1298,23.3647,-11.7181,0.0085,29.2509,0.161,0.0014,29.618,0.0841,0.0175,8e-05,-0.0009,-0.0159,-0.002,TRANSLATE
-14.9726,22.4887,-13.4651,0.0099,30.1866,0.9356,0.0014,29.6348,0.1014,0.013,2.5e-05,0.0035,-0.0098,-0.0014,TRANSLATE
-16.975,21.4284,-15.8096,0.009,31.5796,1.393,0.0009,30.009,0.7168,0.0103,5e-06,0.006,-0.0062,-0.0008,TRANSLATE
-17.3331,21.3646,-11.3945,0.0084,29.7778,1.8018,0.0006,30.0414,0.6955,0.0091,0.0,0.0075,-0.0038,-0.0005,TRANSLATE
-11.6946,23.5104,-10.4062,0.0114,28.2453,1.5326,0.003,29.808,1.207,0.0094,1e-06,0.0077,-0.0038,-0.0012,TRANSLATE
-8.1432,25.3896,-9.725,0.015,28.3817,0.1364,0.0036,29.6342,1.5216,0.0107,6e-06,0.0063,-0.0059,-0.0014,TRANSLATE
-5.9302,26.5617,-5.2706,0.025,27.7213,0.6604,0.01,29.1411,1.9493,0.0137,3.7e-05,0.0038,-0.0109,-0.0015,TRANSLATE
-9.8348,27.6025,3.7773,0.0344,29.5447,1.8234,0.0094,28.7341,0.6271,0.0188,9.2e-05,0.0008,-0.017,-0.0008,TRANSLATE
-4.9866,28.7351,17.8156,0.0353,34.1755,4.6309,0.0009,29.6137,5.5573,0.0242,9.5e-05,-0.0017,-0.0234,-0.0,TRANSLATE
-6.8017,29.0881,20.6274,0.0287,36.3025,2.127,0.0066,31.2251,11.5341,0.0277,5.5e-05,-0.0019,-0.0267,0.0034,TRANSLATE
-9.4383,28.0173,2.2582,0.032,29.6505,6.652,0.0034,31.4789,10.3486,0.0311,1.5e-05,-0.0004,-0.0285,0.0078,TRANSLATE
-9.5881,27.567,-39.8841,0.0534,49.4228,19.7723,0.0213,35.8192,53.083,0.0367,7.4e-05,0.0024,-0.0334,0.0112,TRANSLATE
-13.6924,25.4911,-81.501,0.1032,86.4852,37.0624,0.0499,47.2073,428.929,0.0505,0.000768,0.0015,-0.0471,0.0128,TRANSLATE
-13.6883,25.4148,-98.607,0.1605,102.7455,16.2603,0.0573,60.9213,823.7876,0.0756,0.002513,-0.0052,-0.0713,0.0129,TRANSLATE
-15.835,26.4256,-73.82,0.1914,79.9903,22.7551,0.0309,69.6589,698.9514,0.1081,0.003698,-0.0187,-0.1023,0.0108,TRANSLATE
-17.9805,26.8186,-34.9498,0.1879,47.5817,32.4086,0.0035,73.2451,463.4365,0.1393,0.002842,-0.0344,-0.1324,0.0067,TRANSLATE
-19.05,27.6674,6.4433,0.1602,34.2038,13.3779,0.0277,70.2013,645.5153,0.1606,0.000997,-0.0489,-0.1521,0.0033,TRANSLATE
-19.3056,27.1745,59.389,0.1095,68.1045,33.9006,0.0507,66.5252,579.8474,0.1619,0.000859,-0.0559,-0.1516,0.0008,TRANSLATE
-18.6289,27.0334,100.8987,0.0399,106.1056,38.0011,0.0696,67.1972,630.3355,0.1378,0.003255,-0.0521,-0.1274,0.0003,TRANSLATE
-20.5937,29.0486,110.244,0.0335,115.8519,9.7463,0.0064,74.3695,1019.6165,0.1062,0.003858,-0.0379,-0.0847,0.0004,TRANSLATE
-20.5344,29.2639,99.7421,0.0938,105.9552,9.8966,0.0604,86.0442,939.3327,0.0874,0.0022,-0.0169,-0.0325,0.0004,TRANSLATE
-12.9619,22.9423,96.2187,0.139,99.7617,6.1936,0.0451,99.1558,267.5686,0.0831,0.001653,0.0062,0.0227,-0.0001,TRANSLATE
-13.9445,24.1226,97.8562,0.1873,101.7457,1.984,0.0483,105.884,30.8043,0.0987,0.003441,0.0308,0.0767,-0.0003,TRANSLATE
-11.3618,24.6512,89.6256,0.2409,93.6457,8.1,0.0536,103.392,54.5398,0.1389,0.005178,0.0549,0.1274,-0.0014,TRANSLATE
-8.2395,23.5366,46.9192,0.2744,53.1345,40.5112,0.0335,90.8485,371.3157,0.1871,0.004306,0.0759,0.1709,-0.0036,TRANSLATE
-6.1447,22.8262,4.1447,0.271,23.9994,29.1351,0.0034,74.4574,950.7653,0.2225,0.00272,0.0923,0.2024,-0.0042,TRANSLATE
-9.497,20.6234,-18.5623,0.2068,29.3271,5.3277,0.0642,60.3705,1031.6108,0.236,0.00119,0.1002,0.2137,-0.0037,TRANSLATE
-13.5539,20.0831,-18.378,0.1487,30.4103,1.0832,0.058,46.1034,665.202,0.2283,0.00218,0.0984,0.206,-0.0032,TRANSLATE
-17.015,19.3852,-10.943,0.1123,28.0187,2.3917,0.0364,32.978,106.2832,0.2026,0.00418,0.0884,0.1823,-0.0024,TRANSLATE
-18.0401,19.5863,-0.7482,0.0867,26.6389,1.3798,0.0256,27.6789,4.9827,0.1651,0.004429,0.0738,0.1477,-0.0006,TRANSLATE
-18.7321,19.4566,10.3171,0.0693,28.9118,2.2729,0.0174,28.6614,1.6137,0.1248,0.002395,0.0569,0.111,0.0001,TRANSLATE
-16.6669,21.3652,13.6256,0.0553,30.3301,1.4183,0.0141,28.8619,2.0417,0.0945,0.001098,0.0428,0.0842,0.0002,TRANSLATE
-17.1898,21.4297,6.9817,0.0387,28.3454,1.9847,0.0165,28.449,1.445,0.0725,0.000647,0.0315,0.0651,-0.0003,TRANSLATE
-16.2924,21.9344,4.4072,0.0105,27.6764,0.669,0.0282,28.3805,1.5227,0.0521,0.000683,0.0214,0.0472,-0.0007,TRANSLATE
-17.1746,21.2881,4.9727,0.0047,27.8007,0.1243,0.0058,28.6129,0.9293,0.0357,0.000623,0.0128,0.0325,-0.001,TRANSLATE
-18.0209,21.0493,4.3969,0.0043,28.0563,0.2556,0.0004,28.4418,0.9441,0.0227,0.000426,0.0056,0.02,-0.0012,TRANSLATE
-17.3886,21.755,2.5831,0.0065,27.9699,0.0864,0.0022,27.9698,0.0527,0.013,0.000171,0.0002,0.009,-0.0013,TRANSLATE
-18.2015,21.904,2.6665,0.009,28.604,0.6341,0.0025,28.0215,0.1022,0.007,6e-06,-0.0031,0.0001,-0.001,TRANSLATE
-19.8143,21.4638,2.7332,0.0111,29.339,0.7349,0.002,28.354,0.315,0.0071,7e-06,-0.0042,-0.0039,-0.0009,TRANSLATE
-19.7702,21.6148,2.0366,0.0124,29.3634,0.0244,0.0013,28.6665,0.3599,0.0086,9e-06,-0.0048,-0.0068,-0.0008,TRANSLATE
-18.788,21.4575,0.923,0.0132,28.5354,0.8281,0.0009,28.7623,0.2797,0.0104,6e-06,-0.0052,-0.0089,-0.0007,TRANSLATE
-18.6304,21.3847,0.7478,0.0139,28.3718,0.1635,0.0007,28.8427,0.1781,0.0119,3e-06,-0.0056,-0.0105,-0.0007,TRANSLATE
-18.5044,20.9078,0.2638,0.0143,27.9216,0.4502,0.0004,28.7062,0.3178,0.013,1e-06,-0.0062,-0.0114,-0.0007,TRANSLATE
-18.0035,21.4169,-0.7983,0.0146,27.9901,0.0685,0.0002,28.4365,0.2675,0.0137,1e-06,-0.0066,-0.012,-0.0007,TRANSLATE
-18.0715,21.1491,-0.7043,0.0145,27.8273,0.1627,0.0001,28.1292,0.0755,0.0141,0.0,-0.0069,-0.0123,-0.0007,TRANSLATE
-18.3666,21.0505,-0.954,0.0145,27.953,0.1256,0.0,28.0128,0.0351,0.0143,0.0,-0.0072,-0.0124,-0.0007,TRANSLATE
-18.5527,21.1279,0.2524,0.014,28.1186,0.1656,0.0004,27.9621,0.009,0.0144,0.0,-0.0074,-0.0123,-0.0007,TRANSLATE
-18.864,21.1242,2.1175,0.014,28.4001,0.2816,0.0,28.0578,0.0379,0.0143,0.0,-0.0076,-0.0121,-0.0007,TRANSLATE
-18.4318,20.8463,5.6128,0.0134,28.3866,0.0135,0.0007,28.1371,0.0523,0.0141,0.0,-0.008,-0.0115,-0.0007,TRANSLATE
-17.808,20.7926,8.1246,0.0118,28.5564,0.1697,0.0015,28.2829,0.047,0.0136,1e-06,-0.0087,-0.0098,-0.0006,TRANSLATE
-17.7495,20.9216,5.5091,0.0123,27.9841,0.5723,0.0005,28.2892,0.0431,0.0131,1e-06,-0.0097,-0.0071,-0.0007,TRANSLATE
-18.2527,20.9967,5.2479,0.0159,28.3119,0.3278,0.0036,28.3278,0.0359,0.0135,2e-06,-0.0111,-0.0036,-0.0006,TRANSLATE
-18.7522,21.2661,-0.6267,0.0214,28.3599,0.048,0.0055,28.3198,0.035,0.015,1.2e-05,-0.0133,0.0007,-0.0003,TRANSLATE
-18.733,21.0504,-2.1795,0.0194,28.2629,0.097,0.002,28.295,0.0341,0.0162,1.4e-05,-0.015,0.004,-0.0002,TRANSLATE
-19.0551,20.2715,-2.0842,0.0238,27.8994,0.3635,0.0044,28.1636,0.0345,0.0186,1.6e-05,-0.0175,0.0053,0.0004,TRANSLATE
-18.3129,20.6704,0.7233,0.0181,27.6251,0.2743,0.0057,28.0918,0.0809,0.0197,7e-06,-0.0185,0.006,0.0011,TRANSLATE
-18.219,20.5269,4.3349,0.0191,27.7863,0.1612,0.001,27.9867,0.0788,0.0204,4e-06,-0.0187,0.007,0.0014,TRANSLATE
-20.3252,20.834,9.7554,0.0268,30.6975,2.9112,0.0076,28.4543,1.3021,0.0214,1.1e-05,-0.018,0.0094,0.0014,TRANSLATE
-19.5571,21.1172,10.9012,0.0403,30.7775,0.0799,0.0135,28.9572,2.1213,0.0256,6.4e-05,-0.0182,0.0151,0.0012,TRANSLATE
-20.4363,20.5969,9.7959,0.0489,30.6241,0.1534,0.0086,29.5021,2.1563,0.0306,0.000146,-0.0178,0.0234,0.0002,TRANSLATE
-19.4053,21.5369,7.5836,0.051,29.9652,0.6589,0.0021,29.9701,1.2755,0.0372,0.000154,-0.0191,0.0315,-0.0006,TRANSLATE
-21.6992,20.2451,12.32,0.0471,32.1326,2.1674,0.0039,30.8394,0.5014,0.0428,7.7e-05,-0.0204,0.0375,-0.0016,TRANSLATE
-21.05,20.4305,24.6529,0.043,38.318,6.1854,0.0041,32.3635,9.3606,0.046,1.5e-05,-0.0207,0.041,-0.0023,TRANSLATE
-19.7931,20.4163,31.9004,0.0491,42.7344,4.4164,0.0062,34.7549,24.65,0.0478,7e-06,-0.0193,0.0434,-0.0027,TRANSLATE
-19.2376,20.0486,35.8079,0.0589,45.3237,2.5893,0.0097,37.6948,34.9341,0.0498,2.8e-05,-0.0173,0.0462,-0.0025,TRANSLATE
-20.0026,20.6108,36.7338,0.0699,46.6292,1.3055,0.0111,41.0276,27.8419,0.0536,9.4e-05,-0.014,0.0511,-0.0024,TRANSLATE
-20.4708,20.448,27.5402,0.0778,39.9454,6.6838,0.0079,42.5901,9.8104,0.0598,0.000165,-0.0109,0.0583,-0.002,TRANSLATE
-18.1673,19.8522,16.1634,0.078,31.3913,8.5541,0.0002,41.2048,29.324,0.0668,0.000127,-0.0077,0.0661,-0.0014,TRANSLATE
-16.0088,20.463,2.1119,0.0692,26.0668,5.3245,0.0088,37.8713,63.5756,0.0708,4.9e-05,-0.0051,0.0704,-0.0007,TRANSLATE
-15.0321,22.7516,-11.7354,0.0542,29.687,3.6203,0.015,34.7439,56.084,0.0699,7.5e-05,-0.0023,0.0697,-0.0002,TRANSLATE
-11.1069,23.0138,-20.3196,0.0319,32.6479,2.9609,0.0224,31.9477,20.8918,0.0622,0.000305,-0.0003,0.0621,0.0001,TRANSLATE
-12.3386,21.561,-14.4338,0.0154,28.7307,3.9171,0.0164,29.7047,5.1381,0.0498,0.000539,0.0027,0.0493,-0.0001,TRANSLATE
-14.1678,22.5051,-2.2345,0.0247,26.687,2.0437,0.0093,28.7639,5.5053,0.0391,0.000391,0.0069,0.0365,-0.0002,TRANSLATE
-18.0905,21.9822,-5.0033,0.0423,28.9053,2.2182,0.0176,29.3316,3.7321,0.0337,0.000183,0.0134,0.0278,-0.0005,TRANSLATE
-17.063,22.2014,-36.4182,0.0442,45.9384,17.0331,0.0019,32.5819,48.2997,0.0317,0.000116,0.02,0.0221,-0.0007,TRANSLATE
-15.8629,21.2361,-66.5002,0.0284,71.5883,25.6499,0.0158,40.3699,291.9447,0.031,0.000118,0.0251,0.0165,-0.0008,TRANSLATE
-15.256,21.2826,-88.122,0.0444,91.9304,20.3421,0.0159,53.0099,636.7779,0.0368,7.2e-05,0.0258,0.0053,-0.0002,TRANSLATE
-14.8954,20.3261,-106.982,0.0827,109.9099,17.9795,0.0383,69.6544,868.6799,0.0484,0.000329,0.0216,-0.014,0.0002,TRANSLATE
-14.3913,21.0953,-91.8825,0.1093,95.3652,14.5447,0.0266,82.9464,492.1129,0.0618,0.000884,0.0134,-0.041,0.0008,TRANSLATE
-14.8005,21.3137,-71.806,0.1095,76.3507,19.0144,0.0002,89.0289,189.8985,0.0749,0.001106,0.0057,-0.0681,0.001,TRANSLATE
-19.4561,21.9916,8.2114,0.0993,30.4893,45.8614,0.0103,80.8091,746.8752,0.089,0.000594,0.0004,-0.0887,0.001,TRANSLATE
-21.0961,21.287,10.7598,0.062,31.8427,1.3534,0.0373,68.7915,1057.259,0.0926,0.000329,0.0004,-0.0923,0.0009,TRANSLATE
-22.8863,20.7921,-26.5203,0.0633,40.736,8.8933,0.0013,54.9568,685.1378,0.0887,0.000466,0.0038,-0.088,0.0001,TRANSLATE
-20.784,21.0337,-23.4037,0.0931,37.7111,3.0249,0.0298,43.4259,285.0931,0.0854,0.000374,0.0079,-0.0846,-0.0006,TRANSLATE
-22.221,20.9582,55.1083,0.1347,63.0074,25.2964,0.0416,40.7573,137.8503,0.0905,0.000719,0.0058,-0.0895,-0.0009,TRANSLATE
-24.0393,19.7509,99.4897,0.1063,104.241,41.2336,0.0285,55.5076,705.2284,0.0919,0.000751,0.0039,-0.0909,-0.0017,TRANSLATE
-22.897,21.5008,88.9762,0.073,94.3574,9.8837,0.0333,68.0106,738.759,0.0941,0.000639,0.0019,-0.0933,-0.0021,TRANSLATE
-19.9739,22.1787,61.7059,0.058,68.5454,25.812,0.015,73.5725,559.1006,0.093,0.000709,-0.0002,-0.0926,-0.002,TRANSLATE
-19.4666,23.0305,23.5179,0.0346,38.2419,30.3035,0.0234,73.6786,551.5316,0.0813,0.001255,-0.0003,-0.0805,-0.0023,TRANSLATE
-18.9983,21.9056,-36.0951,0.025,46.2995,8.0576,0.0096,70.3371,667.5137,0.0593,0.000837,0.0059,-0.0571,-0.0027,TRANSLATE
-17.083,21.6276,-82.0167,0.0478,86.5235,40.224,0.0229,66.7935,477.4615,0.0477,0.000286,0.0101,-0.0451,-0.0022,TRANSLATE
-16.9883,21.974,-60.7696,0.0875,66.8162,19.7073,0.0397,61.2853,295.168,0.0506,0.000468,0.013,-0.0478,-0.0022,TRANSLATE
-17.05,21.8636,-37.1219,0.0794,46.3331,20.4831,0.0081,56.8428,309.6043,0.0549,0.000605,0.0149,-0.0518,-0.0019,TRANSLATE
-17.4181,22.1096,-32.4069,0.0602,42.9236,3.4095,0.0192,57.7792,278.2777,0.06,0.000502,0.0155,-0.057,-0.0015,TRANSLATE
-17.5939,22.3908,-30.8412,0.0485,41.977,0.9466,0.0117,56.9147,301.1156,0.0647,0.000261,0.0148,-0.0629,-0.0011,TRANSLATE
-17.6813,22.0533,-24.6948,0.0376,37.5341,4.4429,0.0109,47.1168,104.9016,0.0626,0.000347,0.0142,-0.0609,-0.0008,TRANSLATE
-17.6545,21.8614,-21.3558,0.0249,35.2941,2.2401,0.0126,40.8124,15.4981,0.0501,0.000351,0.0123,-0.0485,-0.0005,TRANSLATE
-17.2704,21.5641,-20.1972,0.0147,34.2229,1.0712,0.0102,38.3903,12.2205,0.0372,0.000262,0.0101,-0.0358,-0.0004,TRANSLATE
-17.5914,21.0825,-19.9484,0.0066,33.9391,0.2837,0.0081,36.5934,8.8442,0.0265,0.000229,0.0071,-0.0255,-0.0002,TRANSLATE
-17.3293,20.1066,-21.8618,0.0016,34.3878,0.4487,0.005,35.0756,1.7168,0.0171,0.000167,0.0043,-0.0165,0.0,TRANSLATE
-17.2916,20.8978,-27.9457,0.0044,38.9446,4.5568,0.0028,35.3577,3.4221,0.0105,7.1e-05,0.0031,-0.009,0.0005,TRANSLATE
-16.9989,21.4183,-31.3034,0.0045,41.5645,2.6199,0.0,36.6118,9.5535,0.0064,2e-05,0.0025,-0.0047,0.0008,TRANSLATE
-17.3616,21.6596,-31.4771,0.0072,41.9687,0.4042,0.0027,38.161,11.7515,0.0049,4e-06,0.0024,-0.0031,0.0009,TRANSLATE
-16.7143,21.8839,-30.1848,0.0057,40.8583,1.1105,0.0015,39.5448,7.7269,0.0047,3e-06,0.0028,-0.0027,0.0011,TRANSLATE
-16.7683,21.9446,-35.4572,0.0132,44.944,4.0857,0.0075,41.656,3.781,0.007,1.1e-05,0.0038,-0.0048,0.0013,TRANSLATE
-16.8272,22.1307,-38.2939,0.0256,47.3217,2.3778,0.0124,43.3314,5.9236,0.0112,6.1e-05,0.0042,-0.01,0.0011,TRANSLATE
-15.6586,23.2077,-42.0633,0.0421,50.5283,3.2066,0.0165,45.1242,12.4442,0.0187,0.000186,0.0058,-0.0176,0.0014,TRANSLATE
-11.1363,24.0943,-53.5631,0.0602,59.7792,9.251,0.0181,48.6863,40.7183,0.0294,0.00039,0.0074,-0.0281,0.0023,TRANSLATE
-11.0059,24.0192,-66.2286,0.0847,71.3041,11.5249,0.0245,54.7755,93.698,0.0452,0.000641,0.0078,-0.0442,0.0026,TRANSLATE
-13.2797,23.106,-69.8516,0.1255,74.7629,3.4587,0.0408,60.7392,118.6989,0.0676,0.001223,0.0059,-0.0668,0.0026,TRANSLATE
-17.0644,22.3692,-52.0438,0.1667,59.1619,15.601,0.0412,63.1073,77.5829,0.0958,0.002037,0.0024,-0.0951,0.0027,TRANSLATE
-22.0234,21.2797,-9.1944,0.1934,31.9749,27.187,0.0267,59.3966,226.0129,0.1261,0.002447,-0.0015,-0.1257,0.0027,TRANSLATE
-27.8718,20.4519,55.8913,0.1995,65.7188,33.7439,0.006,60.5845,232.5665,0.154,0.001879,-0.0032,-0.1538,0.0018,TRANSLATE
-27.7475,20.824,106.2162,0.1831,111.7383,46.0195,0.0164,68.6713,667.5292,0.1736,0.000703,-0.001,-0.1733,0.0023,TRANSLATE
-30.5105,21.9467,147.8636,0.1596,152.5654,40.8271,0.0235,84.2318,1825.6198,0.1805,0.000232,0.0029,-0.18,0.0027,TRANSLATE
-31.5146,22.998,186.9565,0.1141,190.9838,38.4184,0.0456,110.5962,3284.0352,0.1699,0.000965,0.0063,-0.1696,0.0033,TRANSLATE
-27.6742,22.1671,212.7308,0.0532,215.6656,24.6818,0.0609,147.3344,2905.9954,0.1419,0.002795,0.0081,-0.1414,0.0015,TRANSLATE
-29.705,21.6243,219.9065,0.0204,222.9549,7.2893,0.0327,178.7816,1728.5403,0.1061,0.003799,0.0067,-0.0977,0.0001,TRANSLATE
-28.8265,22.0588,201.1221,0.0919,204.3714,18.5835,0.0714,197.3082,617.3112,0.0878,0.002321,0.0038,-0.0429,-0.0011,TRANSLATE
-26.8206,20.8064,171.0727,0.1453,174.4079,29.9635,0.0534,201.6767,302.7275,0.085,0.001941,0.0021,0.0179,-0.0031,TRANSLATE
-29.1002,21.9858,144.2488,0.185,148.7881,25.6198,0.0397,193.2376,768.0813,0.0991,0.003571,0.0022,0.0777,-0.0044,TRANSLATE
-27.4145,21.3511,115.5115,0.2185,120.6248,28.1633,0.0336,174.2294,1360.6913,0.1322,0.004905,0.0037,0.1319,-0.0037,TRANSLATE
-26.6098,21.4215,76.5999,0.2432,83.8719,36.7529,0.0247,146.4128,1744.9896,0.1768,0.002884,0.0078,0.1765,-0.0027,TRANSLATE
-20.9972,21.4497,36.4049,0.2581,47.1836,36.6884,0.0149,114.9753,2054.1199,0.21,0.00166,0.0117,0.2096,-0.0028,TRANSLATE
-20.8634,20.3723,-13.3761,0.258,32.0816,15.1019,0.0001,86.51,1911.6725,0.2326,0.000774,0.0149,0.232,-0.0014,TRANSLATE
-22.6407,20.7291,-45.979,0.2194,55.2844,23.2028,0.0386,67.8092,981.2493,0.2394,0.000309,0.0168,0.2388,-0.0011,TRANSLATE
-22.8469,20.8239,-44.9488,0.1708,54.5528,0.7315,0.0486,54.5949,283.8794,0.2299,0.001072,0.0166,0.2293,-0.001,TRANSLATE
-19.5557,20.3747,-27.0684,0.1431,39.1185,15.4344,0.0277,45.6442,80.2392,0.2099,0.002143,0.0138,0.2093,-0.0013,TRANSLATE
-20.4727,18.4873,-18.161,0.1256,33.0262,6.0922,0.0175,42.8127,103.5906,0.1834,0.002396,0.0096,0.183,-0.0013,TRANSLATE
-19.4375,18.5148,-15.6851,0.1001,31.0908,1.9354,0.0255,42.6145,108.0008,0.1518,0.001673,0.0032,0.1515,-0.0015,TRANSLATE
-20.7375,18.6775,-12.448,0.0709,30.5589,0.5319,0.0292,37.6694,80.5094,0.1221,0.001186,-0.0038,0.1214,-0.0014,TRANSLATE
-19.6525,20.2545,-7.2522,0.0588,29.1386,1.4203,0.0121,32.5866,12.2192,0.0997,0.001011,-0.0091,0.0984,-0.0008,TRANSLATE
-16.7533,20.3005,-17.058,0.0458,31.3649,2.2263,0.013,31.0359,1.58,0.0802,0.000837,-0.0119,0.0787,-0.0005,TRANSLATE
-13.5557,19.6904,-16.6933,0.0241,29.1571,2.2078,0.0217,30.262,0.8948,0.0599,0.000644,-0.0146,0.0574,0.0006,TRANSLATE
-14.579,19.5929,-16.0609,0.0166,29.2298,0.0727,0.0075,29.8899,0.8321,0.0432,0.000418,-0.0148,0.0399,0.0012,TRANSLATE
-16.0819,20.3775,-18.0518,0.0093,31.6186,2.3888,0.0072,30.1018,1.2954,0.0309,0.000343,-0.0127,0.0268,0.0017,TRANSLATE
-15.4718,20.6801,-18.4977,0.01,31.768,0.1494,0.0006,30.6277,1.3885,0.0212,0.00018,-0.0105,0.0146,0.0022,TRANSLATE
-16.8462,21.8597,-18.0982,0.015,33.0028,1.2348,0.005,30.9553,2.3008,0.015,2.9e-05,-0.0097,0.0031,0.0026,TRANSLATE
-16.4644,21.9346,-15.6254,0.0186,31.5652,1.4376,0.0037,31.4369,1.4965,0.0139,1.3e-05,-0.0083,-0.0042,0.002,TRANSLATE
-16.7903,21.9321,-15.4378,0.0195,31.6426,0.0775,0.0009,31.9195,0.2978,0.0145,1.8e-05,-0.0075,-0.0103,0.0015,TRANSLATE
-17.001,21.9613,-15.1784,0.0198,31.6499,0.0072,0.0003,31.9257,0.2942,0.0166,1.4e-05,-0.0071,-0.0145,0.0012,TRANSLATE
-17.3633,22.0378,-14.1458,0.0199,31.4206,0.2293,0.0001,31.8562,0.3355,0.0186,3e-06,-0.0069,-0.0172,0.0007,TRANSLATE
-17.6875,22.5552,-12.9323,0.02,31.4457,0.0251,0.0,31.5448,0.0093,0.0196,0.0,-0.0069,-0.0183,0.0006,TRANSLATE
-17.8656,22.7504,-11.9083,0.0198,31.2821,0.1635,0.0002,31.4882,0.0198,0.0198,0.0,-0.0069,-0.0186,0.0005,TRANSLATE
-17.7206,22.8722,-10.5579,0.0195,30.7998,0.4823,0.0003,31.3196,0.0814,0.0198,0.0,-0.007,-0.0185,0.0004,TRANSLATE
-16.739,23.2572,-8.7995,0.0192,29.9753,0.8245,0.0004,30.9847,0.3088,0.0197,0.0,-0.0071,-0.0183,0.0003,TRANSLATE
-16.9162,23.4932,-9.8864,0.0173,30.5914,0.616,0.0019,30.8189,0.2742,0.0191,1e-06,-0.0072,-0.0177,0.0003,TRANSLATE
-17.3142,23.7008,-13.0529,0.0154,32.123,1.5317,0.0018,30.9543,0.5175,0.0182,3e-06,-0.0072,-0.0168,0.0003,TRANSLATE
-18.6389,22.6732,-16.0423,0.0156,33.449,1.326,0.0002,31.3877,1.5529,0.0174,3e-06,-0.0073,-0.0158,0.0002,TRANSLATE
-19.6673,21.8229,-15.2401,0.0151,33.0954,0.3536,0.0005,31.8468,1.8562,0.0165,2e-06,-0.0078,-0.0145,0.0004,TRANSLATE
-21.0464,20.8771,-19.0233,0.012,35.2234,2.128,0.0031,32.8964,2.3343,0.0151,3e-06,-0.0084,-0.0118,0.0009,TRANSLATE
-17.9746,22.686,-25.0812,0.0114,38.2989,3.0755,0.0005,34.438,4.7327,0.0139,3e-06,-0.0091,-0.0083,0.0015,TRANSLATE
-18.7984,22.077,-22.8649,0.0138,36.9267,1.3723,0.0024,35.3987,3.9767,0.0136,3e-06,-0.0097,-0.0045,0.0031,TRANSLATE
-17.7419,21.9834,-34.7107,0.0248,44.7535,7.8269,0.011,37.6596,15.6073,0.0154,2.4e-05,-0.0112,0.002,0.0043,TRANSLATE
-11.6529,22.8774,-50.2873,0.0353,56.4622,11.7086,0.0105,42.3329,60.3082,0.0195,8.6e-05,-0.0123,0.0105,0.0055,TRANSLATE
-10.9317,23.6363,-50.8267,0.0417,57.1098,0.6476,0.0063,46.7102,74.7097,0.0254,0.000138,-0.0154,0.0177,0.0064,TRANSLATE
-12.5922,23.1809,-50.4208,0.0485,56.9049,0.2049,0.0068,50.4314,67.4988,0.0328,0.000151,-0.0211,0.023,0.0069,TRANSLATE
-12.4988,24.1103,-45.746,0.0577,53.1998,3.7051,0.0092,53.6861,21.9633,0.0416,0.000126,-0.0292,0.0275,0.0055,TRANSLATE
-17.9459,23.2664,-42.428,0.0647,51.6093,1.5905,0.007,55.0572,4.9878,0.0496,0.000113,-0.0378,0.0294,0.0048,TRANSLATE
-19.7911,23.31,-37.8612,0.0675,48.6674,2.9419,0.0028,53.4982,10.3287,0.056,9.5e-05,-0.0472,0.0285,0.0028,TRANSLATE
-17.1172,23.9199,-34.6608,0.0639,45.4591,3.2082,0.0036,51.1681,15.216,0.0605,4.6e-05,-0.0529,0.0287,0.0021,TRANSLATE
-14.4313,24.8765,-38.8099,0.0603,48.3044,2.8452,0.0036,49.448,7.3152,0.0628,1.2e-05,-0.054,0.0311,0.0022,TRANSLATE
-13.845,23.1168,-53.3885,0.0528,59.8031,11.4987,0.0075,50.7687,24.2014,0.0618,2.6e-05,-0.0506,0.0333,0.0043,TRANSLATE
-8.2385,22.1216,-63.4233,0.0395,67.6739,7.8708,0.0134,53.9816,70.8948,0.0568,9.9e-05,-0.0451,0.0317,0.0067,TRANSLATE
-10.4877,21.3692,-63.8637,0.0343,68.1557,0.4818,0.0051,57.8792,90.236,0.0501,0.000132,-0.0392,0.0254,0.0092,TRANSLATE
-15.7183,21.0359,-48.1034,0.0375,54.8043,13.3514,0.0032,59.7483,57.7818,0.0449,9.9e-05,-0.0337,0.0141,0.0099,TRANSLATE
-15.9153,20.2881,-23.239,0.0281,34.7125,20.0919,0.0094,57.0299,149.5581,0.0384,6.6e-05,-0.0279,0.0015,0.0098,TRANSLATE
-20.0603,19.743,-15.2787,0.0118,32.0256,2.6868,0.0163,51.4744,242.1991,0.0302,0.0001,-0.0202,-0.0082,0.0086,TRANSLATE
-23.3701,20.0913,-15.3448,0.0218,34.428,2.4024,0.0099,44.8252,203.6189,0.0267,8.5e-05,-0.0104,-0.0145,0.0061,TRANSLATE
-19.9899,20.3043,-16.4759,0.0322,32.9137,1.5143,0.0104,37.7768,73.4535,0.0263,7.9e-05,0.0011,-0.0176,0.0043,TRANSLATE
-20.62,20.1122,-14.1276,0.0409,32.0823,0.8314,0.0087,33.2324,1.3001,0.027,9.6e-05,0.0118,-0.019,0.0028,TRANSLATE
-19.8835,19.9366,-5.9708,0.0487,28.7832,3.2991,0.0078,32.0466,3.4149,0.0311,0.000173,0.0198,-0.0228,0.0014,TRANSLATE
-19.8349,19.5993,4.4827,0.0513,28.2427,0.5405,0.0026,31.29,5.7362,0.039,0.000118,0.0237,-0.0301,-0.0001,TRANSLATE
-19.7086,21.7263,11.4331,0.0505,31.4829,3.2402,0.0008,30.701,3.4273,0.0447,5.3e-05,0.0243,-0.037,-0.0008,TRANSLATE
-20.4887,22.331,21.0027,0.0519,36.8724,5.3895,0.0014,31.4927,9.4386,0.0486,1.6e-05,0.024,-0.0421,-0.0017,TRANSLATE
-18.5066,23.6773,28.8803,0.0498,41.6795,4.8071,0.0021,33.4122,26.439,0.0504,1e-06,0.0247,-0.0437,-0.002,TRANSLATE
-16.0147,24.4512,29.9855,0.0439,41.8744,0.1948,0.0059,36.0304,29.6201,0.0495,8e-06,0.027,-0.0403,-0.0024,TRANSLATE
-17.0399,23.6079,13.329,0.04,32.0211,9.8533,0.0039,36.7861,20.1344,0.0472,2e-05,0.0293,-0.0349,-0.0028,TRANSLATE
-17.9038,23.1175,-6.2587,0.0402,29.9021,2.119,0.0001,36.4699,23.8876,0.0452,2.4e-05,0.0313,-0.0306,-0.0031,TRANSLATE
-18.0043,23.0347,-27.7726,0.0449,40.3245,10.4224,0.0047,37.1603,26.35,0.0438,1.3e-05,0.0315,-0.029,-0.003,TRANSLATE
-20.8378,22.2871,-39.143,0.0604,49.6297,9.3052,0.0155,38.7503,50.8343,0.0459,5.7e-05,0.0289,-0.0325,-0.0038,TRANSLATE
-20.9265,23.6453,-30.0894,0.0739,43.6164,6.0133,0.0134,39.0988,53.4967,0.0519,0.000176,0.0252,-0.0419,-0.0048,TRANSLATE
-22.6474,22.6131,-8.0934,0.0716,33.0116,10.6049,0.0023,39.2969,50.8497,0.0582,0.000186,0.0223,-0.0519,-0.0048,TRANSLATE
-17.6711,21.7311,13.0596,0.0607,30.9041,2.1075,0.0109,39.4972,47.245,0.0623,0.000106,0.0216,-0.0578,-0.0037,TRANSLATE
-21.3712,20.5005,21.2227,0.0485,36.4336,5.5295,0.0123,38.7191,48.3798,0.063,8.3e-05,0.0243,-0.0563,-0.0039,TRANSLATE
-24.1657,19.1535,12.2563,0.0452,33.1822,3.2514,0.0033,35.4296,19.882,0.06,0.000136,0.0289,-0.0487,-0.0041,TRANSLATE
-25.0638,18.8072,7.755,0.0467,32.2808,0.9014,0.0015,33.1624,3.3202,0.0545,0.000103,0.0336,-0.0386,-0.0033,TRANSLATE
-18.9448,18.8489,7.6197,0.0501,27.7893,4.4914,0.0034,32.118,7.9988,0.0502,3e-05,0.0379,-0.0304,-0.0034,TRANSLATE
-21.6496,18.9104,10.902,0.0419,30.7435,2.9541,0.0082,32.0859,8.081,0.0465,8e-06,0.0393,-0.024,-0.0042,TRANSLATE
-21.7791,19.7658,11.7685,0.0367,31.6782,0.9348,0.0052,31.1348,3.4292,0.0441,2.1e-05,0.0384,-0.0213,-0.0035,TRANSLATE
-24.592,18.8033,12.5554,0.0336,33.4061,1.7279,0.0031,31.1796,3.6205,0.0418,3.7e-05,0.0364,-0.02,-0.0031,TRANSLATE
-25.4142,18.777,13.7912,0.036,34.4769,1.0708,0.0024,31.6188,5.3595,0.0397,3.5e-05,0.0351,-0.0176,-0.0025,TRANSLATE
-24.1814,19.2872,11.2517,0.0376,32.9141,1.5628,0.0016,32.6437,1.7116,0.0372,7e-06,0.0341,-0.0134,-0.0018,TRANSLATE
-22.9295,19.0173,9.8639,0.0296,31.3801,1.5339,0.008,32.7711,1.2925,0.0347,8e-06,0.0328,-0.0101,-0.0016,TRANSLATE
-23.1655,18.9232,8.6161,0.0213,31.1282,0.252,0.0083,32.6611,1.5814,0.0316,3.4e-05,0.0305,-0.0063,-0.0019,TRANSLATE
-20.2199,20.2698,3.3054,0.0147,28.8207,2.3075,0.0066,31.744,3.579,0.0278,7.6e-05,0.0273,-0.0033,-0.0014,TRANSLATE
-17.7821,20.9721,-3.0807,0.0109,27.6681,1.1526,0.0039,30.3822,3.5535,0.0228,9.5e-05,0.0225,-0.001,-0.0015,TRANSLATE
-18.1226,20.7995,-12.2771,0.0128,30.1956,2.5275,0.0019,29.8386,1.9828,0.0179,4.7e-05,0.0173,0.0006,-0.0024,TRANSLATE
-16.3918,21.8615,-21.0529,0.0157,34.4941,4.2985,0.0029,30.4613,5.4544,0.0151,1.2e-05,0.0142,0.0011,-0.0036,TRANSLATE
-18.2291,21.0767,-28.3829,0.0241,39.7759,5.2818,0.0084,32.1909,19.7262,0.0156,2.1e-05,0.0139,-0.0016,-0.0048,TRANSLATE
-20.4739,20.3582,-34.4595,0.0372,44.9566,5.1807,0.013,35.4181,39.6326,0.0201,9.3e-05,0.0163,-0.0069,-0.006,TRANSLATE
-18.0166,21.3272,-35.0957,0.0565,44.8459,0.1107,0.0194,38.8536,33.5942,0.0292,0.000258,0.0224,-0.015,-0.0069,TRANSLATE
-14.0664,22.7774,-31.9703,0.0737,41.6986,3.1473,0.0172,41.1542,14.9281,0.0414,0.00045,0.0311,-0.0253,-0.0071,TRANSLATE
-17.4031,21.4532,-29.7731,0.0921,40.6146,1.084,0.0184,42.3783,4.6164,0.0567,0.000597,0.0429,-0.0361,-0.0052,TRANSLATE
-18.0444,20.1719,-29.7185,0.114,40.1957,0.4189,0.0219,42.4623,4.2075,0.0747,0.000718,0.0573,-0.0473,-0.0046,TRANSLATE
-18.4105,20.2,-39.2029,0.1336,47.7897,7.594,0.0196,43.0289,8.3185,0.094,0.000758,0.0735,-0.0582,-0.004,TRANSLATE
-20.2034,19.4444,-50.1873,0.148,57.4894,9.6997,0.0144,45.5576,43.085,0.1123,0.000726,0.0865,-0.0711,-0.004,TRANSLATE
-23.794,19.068,-38.1061,0.1517,48.8039,8.6855,0.0037,46.9787,40.1949,0.1279,0.000495,0.0919,-0.0869,-0.0033,TRANSLATE
-24.0883,22.2607,-8.1193,0.138,33.7891,15.0147,0.0137,45.6136,65.0239,0.1371,0.000175,0.0885,-0.1008,-0.0028,TRANSLATE
-18.8175,24.4085,10.2233,0.109,32.4714,1.3177,0.029,44.0687,91.31,0.1361,0.000226,0.0761,-0.1082,-0.0024,TRANSLATE
-14.0134,25.1768,32.4912,0.0766,43.4272,10.9558,0.0324,43.1962,87.8618,0.1247,0.000802,0.0564,-0.1076,-0.0028,TRANSLATE
-2.2045,30.5508,63.1679,0.0381,70.2026,26.7754,0.0385,45.7388,186.4065,0.1027,0.001708,0.0356,-0.0945,-0.0022,TRANSLATE
-4.7479,28.7625,80.1312,0.0158,85.2692,15.0667,0.0223,53.0319,443.869,0.0755,0.001998,0.0175,-0.0665,-0.0008,TRANSLATE
-6.4421,27.585,84.3925,0.0631,89.0198,3.7506,0.0473,64.078,506.8207,0.0605,0.001023,0.0004,-0.0301,-0.0015,TRANSLATE
-3.6693,25.8305,73.5327,0.1065,78.024,10.9958,0.0434,73.1886,262.9211,0.06,0.000976,-0.0171,0.0088,-0.0019,TRANSLATE
-0.7448,26.9676,63.1043,0.1434,68.6291,9.3949,0.0369,78.2289,64.5258,0.0734,0.002133,-0.0365,0.0466,-0.0023,TRANSLATE
-5.9021,23.8647,54.0553,0.1763,59.383,9.2462,0.0329,76.065,117.993,0.1011,0.003239,-0.0595,0.0811,-0.0035,TRANSLATE
-9.4842,22.9511,39.0755,0.1982,46.299,13.0839,0.0218,68.271,217.5054,0.1375,0.002343,-0.084,0.1082,-0.0057,TRANSLATE
-13.2967,22.3984,13.801,0.2054,29.4781,16.8209,0.0072,56.3626,290.5715,0.166,0.001347,-0.1076,0.1255,-0.0089,TRANSLATE
-19.6093,20.2093,14.4971,0.1958,31.6718,2.1937,0.0096,47.0922,232.715,0.1838,0.0005,-0.1268,0.1317,-0.0094,TRANSLATE
-21.4218,20.9893,17.3477,0.1907,34.6466,2.9748,0.0051,40.2957,124.7334,0.1933,9.4e-05,-0.1377,0.1345,-0.0083,TRANSLATE
-22.2749,20.2165,12.9188,0.1858,32.7379,1.9087,0.0049,34.9667,34.8944,0.1952,4.4e-05,-0.141,0.1342,-0.0075,TRANSLATE
-20.2418,20.8201,11.3506,0.1704,31.1776,1.5603,0.0154,31.9424,2.9353,0.1896,0.000134,-0.1374,0.13,-0.0065,TRANSLATE
-18.9997,21.2185,6.0243,0.1407,29.112,2.0656,0.0297,31.8692,3.3176,0.1767,0.000395,-0.1269,0.1223,-0.0036,TRANSLATE
-20.4091,20.6717,0.2632,0.1088,29.0503,0.0616,0.0319,31.3449,4.6241,0.1593,0.000942,-0.1111,0.1139,-0.0017,TRANSLATE
-18.2586,21.1936,-1.402,0.0799,28.0091,1.0412,0.0289,30.0174,2.9071,0.1371,0.001515,-0.0943,0.0994,0.0001,TRANSLATE
-16.8006,21.7705,-0.7528,0.0575,27.5097,0.4994,0.0224,28.9717,1.5912,0.1115,0.001651,-0.077,0.0803,0.0021,TRANSLATE
-17.7874,21.3977,-2.6585,0.0382,27.9521,0.4424,0.0193,28.3266,0.4098,0.085,0.00133,-0.0594,0.0606,0.0031,TRANSLATE
-20.383,20.5338,-2.3143,0.0228,29.0251,1.0731,0.0153,28.3093,0.3837,0.0614,0.000926,-0.0428,0.0437,0.0033,TRANSLATE
-21.6252,20.6364,-7.4733,0.0118,30.8117,1.7865,0.011,28.6615,1.4022,0.042,0.000593,-0.0282,0.0302,0.0033,TRANSLATE
-18.8251,21.2404,-14.3037,0.0089,31.7826,0.9709,0.0029,29.4162,2.6957,0.0278,0.000325,-0.0153,0.0201,0.0029,TRANSLATE
-16.0039,21.5798,-18.3992,0.0112,32.5629,0.7803,0.0023,30.4269,2.9276,0.0186,0.000119,-0.0046,0.012,0.0025,TRANSLATE
-17.0312,21.4263,-17.0006,0.0191,32.2206,0.3422,0.0079,31.2806,1.6174,0.0148,2.8e-05,0.0025,0.0032,0.0031,TRANSLATE
-16.8562,21.7536,-14.7661,0.02,31.2312,0.9895,0.0009,31.7218,0.4058,0.0142,2e-05,0.0071,-0.0039,0.0037,TRANSLATE
-16.1756,22.0341,-14.1598,0.02,30.7839,0.4473,0.0,31.7162,0.416,0.0158,2.3e-05,0.0098,-0.0094,0.0035,TRANSLATE
-15.053,22.9773,-16.2966,0.0228,31.9394,1.1555,0.0028,31.7476,0.4241,0.0186,1.5e-05,0.0119,-0.0133,0.0029,TRANSLATE
-14.4393,23.3943,-18.2185,0.0248,32.9803,1.0409,0.0019,31.8311,0.5881,0.0213,5e-06,0.0133,-0.016,0.0028,TRANSLATE
-13.9139,23.6717,-20.606,0.0224,34.3301,1.3498,0.0024,32.253,1.6288,0.022,3e-06,0.0145,-0.0162,0.0021,TRANSLATE
-14.203,23.628,-21.7192,0.0198,35.096,0.7659,0.0026,33.026,2.4391,0.022,3e-06,0.0148,-0.016,0.0015,TRANSLATE
-14.5343,23.2899,-22.2316,0.0185,35.3258,0.2297,0.0013,33.9343,1.6664,0.0217,5e-06,0.0147,-0.0157,0.0016,TRANSLATE
-14.4087,23.7694,-22.9697,0.0172,36.0583,0.7325,0.0013,34.7581,1.0941,0.0205,7e-06,0.0132,-0.0155,0.002,TRANSLATE
-13.8426,24.1312,-23.8226,0.016,36.6258,0.5675,0.0012,35.4872,0.6281,0.0188,5e-06,0.0113,-0.0148,0.002,TRANSLATE
-15.2897,23.8112,-23.8956,0.0143,37.0371,0.4113,0.0017,36.0286,0.5476,0.0172,4e-06,0.0097,-0.014,0.002,TRANSLATE
-15.838,23.2864,-24.4383,0.0138,37.2872,0.2501,0.0005,36.4668,0.4985,0.016,3e-06,0.0085,-0.0133,0.0021,TRANSLATE
-16.3423,22.5448,-22.9069,0.0128,36.0564,1.2308,0.001,36.6129,0.2504,0.0148,2e-06,0.0076,-0.0125,0.0021,TRANSLATE
-17.0176,22.8015,-22.2974,0.0108,36.148,0.0916,0.002,36.6309,0.2318,0.0135,3e-06,0.0068,-0.0116,0.0018,TRANSLATE
-16.8984,22.6724,-20.5348,0.0099,34.9467,1.2013,0.0009,36.2951,0.6863,0.0123,3e-06,0.0061,-0.0106,0.0016,TRANSLATE
-15.9594,23.0348,-23.8497,0.0064,36.7983,1.8515,0.0035,36.2473,0.6245,0.0107,7e-06,0.0055,-0.0091,0.0015,TRANSLATE
-14.5894,23.831,-32.7267,0.0067,43.0325,6.2343,0.0003,37.3964,8.2957,0.0093,6e-06,0.0039,-0.0078,0.0018,TRANSLATE
-14.6277,23.6992,-47.6782,0.0106,55.2162,12.1837,0.0039,41.2284,56.762,0.0089,4e-06,0.0012,-0.007,0.0019,TRANSLATE
-15.5959,22.5406,-57.5769,0.0273,63.7684,8.5522,0.0167,46.7524,122.6956,0.0122,6e-05,-0.0041,-0.0083,0.0002,TRANSLATE
-17.1924,22.67,-52.7428,0.0392,59.9275,3.8409,0.0119,51.7486,104.5756,0.018,0.000171,-0.0108,-0.0119,-0.0015,TRANSLATE
-18.8695,21.586,-44.5255,0.0568,52.9578,6.9697,0.0176,54.9805,49.7203,0.0281,0.000342,-0.0215,-0.0165,-0.0027,TRANSLATE
-18.88,22.2219,-25.7298,0.0622,38.8881,14.0697,0.0054,54.1516,72.2753,0.0392,0.000359,-0.0331,-0.0193,-0.0028,TRANSLATE
-18.7603,20.6869,-12.6588,0.073,30.6617,8.2264,0.0108,49.2407,158.287,0.0517,0.000268,-0.046,-0.02,-0.0027,TRANSLATE
-18.1082,20.937,-7.9489,0.0857,28.8002,1.8615,0.0127,42.2471,150.7281,0.0634,0.000244,-0.0589,-0.0174,-0.0011,TRANSLATE
-13.0303,22.884,-1.7841,0.0949,26.3941,2.4061,0.0093,35.5404,93.4922,0.0745,0.000202,-0.0721,-0.0141,0.0002,TRANSLATE
-12.8742,22.3416,8.0883,0.0997,27.0243,0.6302,0.0048,30.3537,20.4217,0.0831,0.000193,-0.0818,-0.0121,0.002,TRANSLATE
-19.0713,22.642,25.3769,0.0971,38.9918,11.9675,0.0027,30.3744,20.7772,0.0901,9.5e-05,-0.0888,-0.013,0.0018,TRANSLATE
-17.3445,23.3542,46.2046,0.0874,54.5996,15.6078,0.0097,35.162,115.2121,0.093,3e-05,-0.091,-0.0161,0.0028,TRANSLATE
-12.2162,26.374,66.695,0.0653,72.7533,18.1536,0.0221,43.9526,312.4635,0.0889,0.000156,-0.0867,-0.0177,0.0036,TRANSLATE
-15.6355,26.8055,75.0466,0.041,81.2096,8.4563,0.0243,54.9157,408.2295,0.0781,0.00049,-0.0759,-0.0146,0.004,TRANSLATE
-17.8459,28.3537,65.0966,0.0263,73.2119,7.9976,0.0147,64.1532,234.2615,0.0634,0.000717,-0.0603,-0.0077,0.0033,TRANSLATE
-20.8517,28.2049,46.1679,0.0182,57.9809,15.231,0.0081,67.9511,100.8379,0.0477,0.000652,-0.0418,0.0009,0.0032,TRANSLATE
-29.3845,24.7608,33.1625,0.0131,50.7572,7.2237,0.0051,67.1826,123.721,0.0328,0.000354,-0.0234,0.0069,-0.0002,TRANSLATE
-31.1638,23.5774,31.2331,0.022,50.0258,0.7314,0.0089,62.6371,155.7237,0.0241,9.1e-05,-0.0075,0.0063,-0.0028,TRANSLATE
-31.5873,23.7119,45.9146,0.0327,60.5654,10.5395,0.0107,58.5083,70.5475,0.0225,4.5e-05,0.0047,0.0008,-0.0056,TRANSLATE
-23.4667,21.8508,63.2598,0.0343,70.9221,10.3567,0.0016,58.0503,57.9191,0.024,6.8e-05,0.014,-0.0069,-0.0067,TRANSLATE
-24.8609,22.7994,73.8266,0.0364,81.168,10.2459,0.0021,62.6877,143.2981,0.0277,7.8e-05,0.0215,-0.0115,-0.0078,TRANSLATE
-21.5106,23.0207,68.2019,0.0435,75.1276,6.0404,0.0071,67.5618,122.0244,0.0338,4.8e-05,0.0283,-0.0108,-0.0056,TRANSLATE
-19.171,24.4322,57.5178,0.0458,65.3663,9.7613,0.0023,70.6299,52.0733,0.0386,2.7e-05,0.0343,-0.0066,-0.0041,TRANSLATE
-19.318,23.8364,53.7236,0.0425,61.8675,3.4988,0.0033,70.8903,47.1025,0.0405,1.9e-05,0.0386,-0.0033,-0.0021,TRANSLATE
-24.4888,23.0379,65.157,0.0492,73.3204,11.4529,0.0067,71.37,48.0533,0.0435,1.8e-05,0.0418,-0.0038,-0.0014,TRANSLATE
-21.3629,25.9022,85.535,0.0619,91.8887,18.5683,0.0127,73.5141,108.4593,0.0486,5e-05,0.0457,-0.0084,-0.0006,TRANSLATE
-15.7435,26.2311,107.0655,0.0732,111.3505,19.4619,0.0112,80.7587,341.774,0.0545,0.00013,0.0516,-0.0122,-0.0007,TRANSLATE
-16.076,25.3536,113.1149,0.0836,117.0309,5.6803,0.0105,91.0916,450.7542,0.0621,0.000227,0.0591,-0.0116,-0.0004,TRANSLATE
-17.1796,24.7423,104.1325,0.0962,108.4016,8.6293,0.0125,100.3984,253.2547,0.0728,0.000268,0.0686,-0.0034,0.0003,TRANSLATE
-18.2124,23.647,85.1467,0.0952,90.2265,18.1751,0.001,103.7796,115.8717,0.082,0.000172,0.0773,0.0091,0.001,TRANSLATE
-18.5355,23.2801,68.3736,0.0882,74.5686,15.6579,0.007,100.3156,246.2504,0.0873,7.1e-05,0.0827,0.0211,0.0013,TRANSLATE
-20.6128,22.3522,50.5614,0.0767,58.9996,15.5689,0.0115,89.8454,453.6737,0.088,5.3e-05,0.0832,0.0267,0.0016,TRANSLATE
-21.1871,23.2786,41.5522,0.0698,52.1284,6.8712,0.0069,76.865,421.8854,0.0852,0.000108,0.0806,0.0249,0.0025,TRANSLATE
-20.2028,23.4948,37.7324,0.0631,48.8251,3.3033,0.0067,64.9497,238.2459,0.0786,0.000138,0.0753,0.0175,0.0032,TRANSLATE
-19.7216,23.0302,35.3015,0.0681,46.5353,2.2898,0.005,56.2114,101.9231,0.0732,7.6e-05,0.0715,0.0102,0.0034,TRANSLATE
-17.5179,23.8679,15.5006,0.0759,33.4189,13.1164,0.0079,47.9815,70.6938,0.0707,2.6e-05,0.07,0.0064,0.0042,TRANSLATE
-13.3518,25.2881,-12.5183,0.0775,31.2164,2.2025,0.0016,42.4248,71.7509,0.0709,2.8e-05,0.0705,0.0041,0.0042,TRANSLATE
-11.7409,26.2492,-29.2802,0.0791,41.039,9.8226,0.0015,40.207,48.3839,0.0727,3.8e-05,0.0719,-0.0002,0.0035,TRANSLATE
-13.2771,26.7181,-23.2273,0.0797,37.8107,3.2284,0.0006,38.0041,29.8251,0.0761,1.8e-05,0.0744,-0.005,0.0034,TRANSLATE
-12.6091,26.3557,-19.7787,0.0774,35.2819,2.5287,0.0023,35.7534,11.6853,0.0779,2e-06,0.0763,-0.0065,0.0028,TRANSLATE
-14.5436,24.9846,-13.048,0.0577,31.7174,3.5645,0.0198,35.4131,13.7373,0.0743,7e-05,0.0728,-0.0107,0.0022,TRANSLATE
-15.6505,24.2877,0.321,0.0369,28.8952,2.8222,0.0208,34.9488,18.496,0.0661,0.000281,0.0646,-0.0124,0.0019,TRANSLATE
-17.1204,24.2051,7.5599,0.0232,30.5965,1.7014,0.0137,32.8603,10.5046,0.055,0.000492,0.0539,-0.0087,0.0019,TRANSLATE
-18.1776,23.4516,11.0573,0.014,31.6649,1.0684,0.0092,31.6312,4.3785,0.0418,0.000533,0.0416,-0.0037,0.0015,TRANSLATE
-18.3014,22.9488,10.0646,0.0102,31.0304,0.6345,0.0038,30.7809,1.0621,0.0284,0.000299,0.0281,-0.0024,0.0015,TRANSLATE
-18.2849,22.0434,6.1267,0.0078,29.288,1.7424,0.0024,30.295,1.0964,0.0184,0.000113,0.0183,-0.0008,0.001,TRANSLATE
-17.6498,22.0379,0.742,0.0084,28.2442,1.0438,0.0007,30.1648,1.5287,0.0127,3.2e-05,0.0126,-0.0,0.0005,TRANSLATE
-17.3573,21.3178,-6.1283,0.013,28.1652,0.0789,0.0045,29.6785,2.0546,0.0107,6e-06,0.0106,-0.0002,0.0002,TRANSLATE
-17.9327,21.6792,-16.0589,0.0194,32.3954,4.2301,0.0065,29.8246,2.7204,0.0118,1.8e-05,0.0117,-0.0006,-0.0001,TRANSLATE
-20.5556,22.759,-25.0659,0.0308,39.6081,7.2127,0.0113,31.5402,18.6298,0.0159,7.3e-05,0.0158,-0.0015,-0.0004,TRANSLATE
-20.0663,22.6635,-35.1496,0.0472,46.3873,6.7792,0.0165,34.96,50.0073,0.0238,0.000194,0.0236,-0.0026,-0.0006,TRANSLATE
-20.1874,23.0276,-47.3665,0.0639,56.4038,10.0165,0.0167,40.592,101.2354,0.0349,0.000346,0.0344,-0.0052,-0.0004,TRANSLATE
-23.2062,21.8534,-55.6807,0.0818,64.1595,7.7556,0.0179,47.7908,129.6128,0.0486,0.000501,0.0476,-0.0092,-0.0004,TRANSLATE
-17.565,20.5264,-55.1602,0.0996,61.4208,2.7387,0.0178,53.5959,85.665,0.0646,0.000593,0.0628,-0.0145,-0.0,TRANSLATE
-17.4863,23.0618,-54.6594,0.1209,61.8488,0.428,0.0213,58.044,40.3693,0.0827,0.000671,0.0804,-0.0187,0.0001,TRANSLATE
-14.5953,22.565,-61.665,0.1376,67.2665,5.4177,0.0168,62.2199,12.7666,0.1007,0.000697,0.0984,-0.0204,0.0003,TRANSLATE
-10.7825,23.3958,-83.5477,0.15,87.429,20.1625,0.0124,68.4249,94.5993,0.118,0.000614,0.1159,-0.0178,0.0004,TRANSLATE
-11.9916,22.2916,-117.9381,0.1518,120.6239,33.1948,0.0018,79.7178,508.3777,0.132,0.000385,0.1305,-0.0132,0.0006,TRANSLATE
-9.6277,19.8896,-148.0786,0.1328,149.7183,29.0944,0.019,97.3773,1109.5779,0.1386,0.000131,0.1379,-0.01,0.0007,TRANSLATE
-10.4084,18.1648,-158.8723,0.0903,160.2457,10.5274,0.0425,117.0567,1260.332,0.1325,0.000498,0.1314,-0.0108,0.0012,TRANSLATE
-7.9048,20.7662,-145.0478,0.0487,146.7399,13.5058,0.0416,132.9514,688.0972,0.1147,0.00158,0.1114,-0.0141,0.0023,TRANSLATE
-8.3832,20.7067,-124.5133,0.0264,126.5014,20.2385,0.0224,140.7658,220.8951,0.09,0.00228,0.0786,-0.0181,0.004,TRANSLATE
-11.2035,20.1904,-109.5856,0.0604,111.9919,14.5095,0.034,139.0394,302.3632,0.0717,0.001357,0.0363,-0.0188,0.0055,TRANSLATE
-11.3284,20.021,-100.9404,0.1025,103.5284,8.4634,0.0421,129.8015,446.4219,0.0657,0.000765,-0.0104,-0.0143,0.0076,TRANSLATE
-8.9283,19.52,-96.171,0.1402,98.5374,4.991,0.0376,117.4598,304.223,0.0756,0.001655,-0.0554,-0.0062,0.0095,TRANSLATE
-7.2489,20.5003,-82.9681,0.1777,85.7701,12.7672,0.0375,105.2658,184.9123,0.1014,0.002928,-0.0982,0.0023,0.0106,TRANSLATE
-7.2304,20.0003,-62.8839,0.2083,66.3827,19.3874,0.0306,93.2421,252.5315,0.1378,0.00276,-0.1369,0.0093,0.01,TRANSLATE
-10.3031,19.9221,-43.3227,0.2268,48.7842,17.5985,0.0186,80.6006,417.7133,0.1711,0.002038,-0.1702,0.0132,0.0087,TRANSLATE
-9.9393,20.7064,-28.9207,0.2289,36.9317,11.8525,0.002,67.2812,516.5652,0.1964,0.001127,-0.1956,0.0152,0.0063,TRANSLATE
-10.6265,19.5745,-27.9647,0.2236,35.7506,1.1811,0.0053,54.7239,362.3249,0.213,0.000365,-0.2124,0.0157,0.0037,TRANSLATE
-11.9574,20.1002,-20.4124,0.2145,31.0429,4.7077,0.0091,43.7784,161.9058,0.2204,6.1e-05,-0.2199,0.0145,0.001,TRANSLATE
-13.0441,20.9208,-15.8955,0.1823,29.3342,1.7087,0.0321,36.3687,46.5384,0.2152,0.000295,-0.2147,0.0139,-0.0006,TRANSLATE
-12.754,21.5085,-20.6789,0.1486,32.4484,3.1142,0.0338,33.1016,8.109,0.1996,0.000911,-0.1988,0.0152,-0.0024,TRANSLATE
-11.7938,21.5881,-30.5931,0.1158,39.2566,6.8082,0.0328,33.5665,12.5356,0.1769,0.001632,-0.176,0.0148,-0.0045,TRANSLATE
-11.6726,21.4455,-35.787,0.0848,43.3228,4.0662,0.031,35.081,28.325,0.1492,0.002125,-0.1481,0.0137,-0.0057,TRANSLATE
-13.538,20.0689,-32.5609,0.0564,40.574,2.7488,0.0284,36.9872,27.4648,0.1176,0.001995,-0.1165,0.0133,-0.006,TRANSLATE
-15.0273,20.077,-28.1299,0.0346,37.6855,2.8885,0.0217,38.6575,13.0589,0.088,0.001659,-0.087,0.0116,-0.0062,TRANSLATE
-18.8781,19.071,-20.9696,0.0183,34.0559,3.6296,0.0164,38.979,9.4799,0.062,0.001221,-0.0612,0.0075,-0.0054,TRANSLATE
-19.2494,19.7505,-11.8132,0.0084,30.0028,4.0531,0.0098,37.1282,22.1533,0.0405,0.000754,-0.0399,0.0048,-0.0034,TRANSLATE
-20.1339,20.0285,-4.5224,0.0043,28.757,1.2458,0.0042,34.2151,20.0076,0.0244,0.000365,-0.0224,0.0033,-0.0019,TRANSLATE
-19.8227,20.1416,-1.1492,0.0086,28.2833,0.4738,0.0043,31.7569,12.9152,0.0148,0.000119,-0.0095,0.0028,-0.0011,TRANSLATE
-19.3144,20.6914,0.4275,0.0105,28.3084,0.0251,0.0019,29.8815,4.7468,0.01,2.1e-05,-0.0005,0.0022,-0.0005,TRANSLATE
-19.4828,20.9125,1.092,0.0126,28.6025,0.2942,0.0021,28.7908,0.3992,0.0089,8e-06,0.0056,0.0015,-0.0,TRANSLATE
-18.9269,21.3425,-0.0451,0.0136,28.5259,0.0766,0.001,28.4954,0.0322,0.0099,1.1e-05,0.0098,0.0007,-0.0002,TRANSLATE
-18.3946,21.0271,-0.9955,0.0144,27.9552,0.5708,0.0008,28.3351,0.0511,0.012,5e-06,0.0119,0.0001,-0.0003,TRANSLATE
-18.4751,21.3529,-1.8401,0.0148,28.296,0.3408,0.0004,28.3376,0.0509,0.0132,2e-06,0.0132,-0.0002,-0.0005,TRANSLATE
-18.8332,21.3292,-2.4252,0.0148,28.5571,0.2611,0.0,28.3873,0.0579,0.0141,1e-06,0.014,-0.0002,-0.0006,TRANSLATE
-19.1228,21.6165,-2.4996,0.015,28.969,0.4119,0.0002,28.4606,0.1109,0.0145,0.0,0.0145,-0.0001,-0.0007,TRANSLATE
-19.0576,21.7495,-2.2871,0.0147,29.008,0.039,0.0003,28.557,0.1607,0.0148,0.0,0.0147,-0.0001,-0.0007,TRANSLATE
-19.1711,21.7902,-1.1703,0.0143,29.0467,0.0388,0.0004,28.7753,0.0885,0.0147,0.0,0.0147,0.0,-0.0008,TRANSLATE
-19.0087,21.6728,0.8044,0.014,28.839,0.2077,0.0003,28.884,0.0316,0.0146,0.0,0.0146,0.0001,-0.0008,TRANSLATE
-18.2289,22.3007,2.0435,0.0137,28.8754,0.0364,0.0003,28.9476,0.0062,0.0144,0.0,0.0143,0.0,-0.0008,TRANSLATE
-18.1175,22.5781,1.5317,0.0134,28.9889,0.1135,0.0004,28.9516,0.0064,0.014,0.0,0.014,-0.0001,-0.0008,TRANSLATE
-18.3784,22.5,1.6878,0.0126,29.1009,0.1119,0.0008,28.9702,0.0099,0.0136,0.0,0.0136,-0.0001,-0.0008,TRANSLATE
-18.6777,23.0312,4.3159,0.0131,29.9653,0.8644,0.0005,29.1539,0.173,0.0134,0.0,0.0133,-0.0001,-0.0008,TRANSLATE
-18.0171,22.8156,6.1683,0.0122,29.719,0.2463,0.0009,29.3299,0.1861,0.013,0.0,0.013,-0.0,-0.0009,TRANSLATE
-19.6262,22.0337,9.9378,0.0113,31.1357,1.4167,0.001,29.782,0.5926,0.0125,1e-06,0.0124,0.0006,-0.0013,TRANSLATE
-20.6103,21.377,17.5346,0.0117,34.4851,3.3494,0.0005,30.8812,3.6825,0.0122,0.0,0.0109,0.0026,-0.0015,TRANSLATE
-18.4383,21.6266,9.8277,0.0154,30.071,4.4142,0.0037,31.0752,3.1422,0.0128,2e-06,0.01,0.0052,-0.0018,TRANSLATE
-18.6506,22.2356,13.0246,0.0132,31.8106,1.7396,0.0023,31.4443,2.8678,0.0128,2e-06,0.0088,0.0073,-0.002,TRANSLATE
-18.3768,22.2635,12.8322,0.0194,31.5917,0.2189,0.0062,31.8188,2.1365,0.0142,9e-06,0.0073,0.011,-0.0022,TRANSLATE
-18.317,22.2014,7.0939,0.0242,29.6436,1.9481,0.0048,31.5204,2.9005,0.0168,2e-05,0.0054,0.0153,-0.002,TRANSLATE
-15.563,23.1237,6.2314,0.0298,28.5612,1.0824,0.0056,30.3356,1.4902,0.0204,3.6e-05,0.0025,0.0191,-0.002,TRANSLATE
-17.8254,22.5083,3.5695,0.0335,28.9328,0.3717,0.0037,30.108,1.8179,0.024,5.2e-05,-0.001,0.0228,-0.0019,TRANSLATE
-18.6166,21.6004,1.3837,0.0382,28.5494,0.3834,0.0048,29.4557,1.2985,0.029,4.4e-05,-0.0051,0.0278,-0.0014,TRANSLATE
-19.9901,21.0616,-1.5118,0.0399,29.0771,0.5277,0.0017,28.9528,0.1618,0.0331,3.3e-05,-0.0087,0.0316,-0.0007,TRANSLATE
-19.6265,21.5242,-3.0563,0.0445,29.2888,0.2116,0.0046,28.8819,0.0839,0.0372,2.6e-05,-0.0113,0.0354,0.0,TRANSLATE
-15.4043,22.2538,-9.145,0.0443,28.5684,0.7204,0.0002,28.8833,0.083,0.0401,1.7e-05,-0.011,0.0384,0.0011,TRANSLATE
-15.3172,22.5436,-12.591,0.0392,30.0228,1.4543,0.0051,29.1013,0.2947,0.0412,7e-06,-0.0106,0.0397,0.0014,TRANSLATE
-15.01,22.8724,-12.926,0.0344,30.2577,0.2349,0.0048,29.443,0.3845,0.0405,1.4e-05,-0.0098,0.0391,0.001,TRANSLATE
-14.9393,23.1011,-10.347,0.0263,29.3922,0.8655,0.0081,29.506,0.3543,0.0377,4.7e-05,-0.0095,0.0363,-0.0,TRANSLATE
-17.1108,23.1121,-4.537,0.0171,29.1124,0.2798,0.0091,29.4707,0.3746,0.0323,9.3e-05,-0.0098,0.0298,-0.0008,TRANSLATE
-17.2324,22.9053,6.5548,0.0117,29.4036,0.2912,0.0054,29.6377,0.1847,0.0258,0.000105,-0.0107,0.0209,-0.0019,TRANSLATE
-18.6109,22.2586,23.2813,0.0135,37.1999,7.7963,0.0018,31.0732,9.5319,0.0206,7.3e-05,-0.0111,0.0115,-0.0028,TRANSLATE
-22.6637,20.8756,38.9251,0.0117,49.6447,12.4448,0.0018,34.9506,63.3451,0.0161,3e-05,-0.0106,0.0035,-0.0037,TRANSLATE
-20.5654,20.4161,54.3526,0.0068,61.5951,11.9504,0.0049,41.3911,157.6709,0.0122,1.1e-05,-0.0086,-0.0006,-0.0042,TRANSLATE
-20.5335,20.8423,58.2195,0.0184,65.1578,3.5628,0.0116,48.6002,188.5176,0.0124,1.4e-05,-0.005,0.0007,-0.0046,TRANSLATE
-19.0081,18.6207,46.4444,0.0259,53.5268,11.631,0.0075,53.4249,96.3928,0.0153,4.2e-05,-0.0013,0.0059,-0.0041,TRANSLATE
-19.4533,18.5247,32.3711,0.02,42.0653,11.4615,0.0059,54.3979,68.6041,0.0166,4.4e-05,0.0016,0.0114,-0.0028,TRANSLATE
-20.1658,19.1635,25.0313,0.0086,37.4228,4.6425,0.0114,51.9535,115.7417,0.0159,5.2e-05,0.0027,0.0145,-0.0011,TRANSLATE
-18.9951,19.5964,25.9844,0.0065,37.6832,0.2604,0.0021,47.1712,115.0073,0.0159,5.3e-05,0.0022,0.0131,0.0004,TRANSLATE
-17.2524,19.7084,29.8,0.008,39.675,1.9918,0.0015,42.0746,35.567,0.0138,6e-05,0.0007,0.0082,0.0016,TRANSLATE
-17.655,20.4355,31.2525,0.0087,41.3041,1.6291,0.0007,39.6301,3.4794,0.0104,2.4e-05,-0.0014,0.0016,0.0021,TRANSLATE
-17.574,20.1734,28.1301,0.0086,38.8216,2.4825,0.0001,38.9813,2.0032,0.0081,1e-06,-0.0022,-0.0038,0.0024,TRANSLATE
-16.0373,20.1981,21.9479,0.011,33.8654,4.9562,0.0024,38.2699,6.2457,0.0086,2e-06,-0.0009,-0.0072,0.0027,TRANSLATE
-16.0674,20.1647,10.6802,0.0195,27.9077,5.9577,0.0084,36.3148,23.8292,0.0112,1.8e-05,0.0013,-0.01,0.0027,TRANSLATE
-16.8758,20.4318,4.0191,0.0298,26.803,1.1047,0.0103,33.7404,33.0381,0.0155,6.7e-05,0.0039,-0.0141,0.003,TRANSLATE
-13.9694,20.8704,-0.2472,0.0361,25.1153,1.6877,0.0063,30.5026,25.9915,0.021,0.000112,0.007,-0.0193,0.0031,TRANSLATE
-16.8411,19.9963,-2.9728,0.0411,26.3119,1.1966,0.005,28.0007,9.4032,0.0275,0.00012,0.0104,-0.0252,0.0025,TRANSLATE
-15.8541,20.0127,-5.4845,0.0431,26.114,0.1979,0.0019,26.4504,0.8326,0.0339,7.3e-05,0.014,-0.0307,0.0017,TRANSLATE
-16.3114,19.8852,-9.9438,0.0408,27.5747,1.4607,0.0023,26.3838,0.6562,0.0382,2.3e-05,0.0174,-0.0336,0.0015,TRANSLATE
-15.0554,20.1331,-16.0426,0.0459,29.8223,2.2477,0.0052,26.9876,2.6211,0.0414,1e-05,0.0206,-0.0357,0.0009,TRANSLATE
-14.4381,20.5471,-21.6153,0.0594,33.134,3.3117,0.0135,28.5914,6.9036,0.0461,4.8e-05,0.0245,-0.0389,0.0002,TRANSLATE
-14.4723,18.4346,-25.536,0.0746,34.6608,1.5267,0.0152,30.2612,10.4437,0.0528,0.000161,0.0281,-0.0446,0.0004,TRANSLATE
-17.7779,17.4445,-21.7975,0.0837,33.0983,1.5625,0.009,31.658,6.6626,0.0609,0.000268,0.0287,-0.0532,0.0009,TRANSLATE
-19.3317,17.3275,-8.9505,0.0851,27.4603,5.638,0.0014,31.6351,6.8515,0.0697,0.000225,0.0283,-0.063,0.0009,TRANSLATE
-17.6435,18.462,3.574,0.0755,25.7859,1.6744,0.0095,30.8278,12.3853,0.0757,8.4e-05,0.0274,-0.0699,0.0012,TRANSLATE
-16.9335,18.7915,6.606,0.0628,26.1439,0.358,0.0127,29.4298,13.755,0.0763,6.3e-05,0.0255,-0.0716,0.0016,TRANSLATE
-18.4062,20.3144,5.3723,0.051,27.9343,1.7904,0.0118,28.0845,6.92,0.0716,0.000169,0.0224,-0.0679,0.0016,TRANSLATE
-17.8718,20.5203,2.401,0.0459,27.3176,0.6167,0.0051,26.9284,0.6734,0.064,0.000215,0.0219,-0.0599,0.0014,TRANSLATE
-16.6693,20.1787,1.677,0.0448,26.2271,1.0905,0.0011,26.6817,0.6544,0.056,0.000136,0.0225,-0.0509,0.0014,TRANSLATE
-16.3386,20.443,4.7166,0.0451,26.5916,0.3645,0.0003,26.8429,0.4695,0.0499,4.6e-05,0.025,-0.0423,0.0012,TRANSLATE
-16.9084,20.3888,2.7264,0.0377,26.6276,0.036,0.0074,26.9396,0.3717,0.0449,1.8e-05,0.0266,-0.035,0.0009,TRANSLATE
-17.6642,21.1548,-0.2376,0.0333,27.5609,0.9333,0.0045,26.865,0.2454,0.0414,2.5e-05,0.0281,-0.0294,0.0008,TRANSLATE
-17.6001,21.2926,-5.0995,0.0319,28.0917,0.5307,0.0013,27.0198,0.4815,0.0386,3.1e-05,0.0288,-0.0248,0.0007,TRANSLATE
-16.752,20.8622,-13.3671,0.0333,29.9088,1.8172,0.0014,27.7561,1.4829,0.0363,2.3e-05,0.0289,-0.0217,0.0004,TRANSLATE
-17.1516,21.0897,-14.7593,0.044,30.932,1.0232,0.0106,28.6242,2.4754,0.036,1.9e-05,0.0282,-0.0222,0.0002,TRANSLATE
-17.6838,20.9937,-18.6699,0.0536,33.1966,2.2646,0.0096,29.938,4.1334,0.0392,7e-05,0.0294,-0.0256,-0.0001,TRANSLATE
-16.5939,21.2324,-22.5297,0.0706,35.1249,1.9283,0.0171,31.4508,6.0955,0.0467,0.000205,0.033,-0.0327,-0.0001,TRANSLATE
-16.997,20.4766,-22.1863,0.0925,34.647,0.4779,0.0219,32.7619,4.163,0.0588,0.000435,0.0394,-0.0436,-0.0002,TRANSLATE
-18.0132,20.0688,-22.0928,0.114,34.8615,0.2144,0.0214,33.7524,2.4355,0.0749,0.000653,0.0496,-0.0562,-0.0002,TRANSLATE
-21.1449,18.7081,-21.1961,0.1274,35.3041,0.4426,0.0135,34.6268,0.5615,0.0916,0.000734,0.0591,-0.07,0.0002,TRANSLATE
-23.8597,19.2915,-8.0506,0.1278,31.7216,3.5825,0.0004,34.3318,1.7535,0.1065,0.000486,0.0655,-0.0837,0.001,TRANSLATE
-22.4753,19.0801,-7.4905,0.1179,30.4187,1.3029,0.0099,33.3906,3.8043,0.1159,0.000166,0.0671,-0.0939,0.0021,TRANSLATE
-21.4802,20.1297,-8.6299,0.1131,30.677,0.2584,0.0049,32.5966,4.3308,0.12,4.1e-05,0.0623,-0.1011,0.003,TRANSLATE
-24.9529,19.8725,4.0586,0.109,32.1564,1.4794,0.0041,32.0556,3.0509,0.119,5.7e-05,0.0504,-0.1057,0.0031,TRANSLATE
-25.7592,21.3105,29.75,0.0957,44.7519,12.5955,0.0132,33.9451,29.6095,0.1127,0.000112,0.0361,-0.1047,0.0032,TRANSLATE
-27.9542,22.0672,64.8375,0.0695,73.975,29.223,0.0262,42.3958,277.6846,0.101,0.000303,0.023,-0.097,0.0032,TRANSLATE
-28.7696,21.2443,97.7606,0.0291,104.0968,30.1219,0.0404,57.1315,793.2588,0.0833,0.000965,0.0122,-0.0817,0.0029,TRANSLATE
-20.7532,24.2549,123.4647,0.034,127.5247,23.4278,0.0049,76.501,1269.1534,0.0675,0.001023,0.0024,-0.0545,0.0043,TRANSLATE
-25.2838,22.5383,131.5937,0.0913,135.8828,8.3582,0.0573,97.2463,1150.74,0.0639,0.00078,-0.0069,-0.0159,0.0071,TRANSLATE
-27.7208,22.2587,109.9468,0.1444,115.5517,20.3311,0.0532,111.4062,466.1232,0.0737,0.001779,-0.0186,0.03,0.0091,TRANSLATE
-26.9641,23.3007,75.8293,0.1716,83.7859,31.7658,0.0271,113.3684,334.6303,0.0941,0.003275,-0.0328,0.0753,0.0105,TRANSLATE
-23.8182,20.8437,56.8791,0.1759,65.0922,18.6937,0.0043,105.5675,722.7012,0.1234,0.002908,-0.0488,0.1123,0.0114,TRANSLATE
-25.4858,21.6187,49.5126,0.1781,59.7361,5.3562,0.0022,92.0097,862.5692,0.1523,0.001075,-0.0625,0.1381,0.0103,TRANSLATE
-25.3511,21.4106,45.1414,0.1823,56.0253,3.7107,0.0042,76.0382,481.4866,0.1704,0.000181,-0.0726,0.1538,0.0083,TRANSLATE
-25.2622,21.7941,35.7287,0.1898,48.8846,7.1408,0.0076,62.7048,138.9079,0.1795,3.8e-05,-0.077,0.1619,0.0064,TRANSLATE
-24.0816,21.454,22.8236,0.1818,39.511,9.3736,0.008,53.8498,79.2057,0.1816,2.3e-05,-0.0772,0.1641,0.0045,TRANSLATE
-24.3465,20.4789,8.6151,0.1707,32.9599,6.551,0.0111,47.4234,99.9056,0.1805,3.9e-05,-0.073,0.1649,0.0029,TRANSLATE
-22.3772,21.1706,1.7077,0.1411,30.8521,2.1079,0.0296,41.6466,91.1354,0.1731,0.000294,-0.0676,0.1593,0.0017,TRANSLATE
-21.2237,21.6708,0.6849,0.1074,30.3404,0.5117,0.0336,36.5096,48.963,0.1582,0.000916,-0.0603,0.1462,0.0006,TRANSLATE
-20.9383,20.996,0.2886,0.08,29.6535,0.6869,0.0274,32.6634,12.9428,0.1362,0.001456,-0.0519,0.1259,-0.0002,TRANSLATE
-19.9663,20.3281,2.1434,0.0597,28.5741,1.0794,0.0203,30.476,2.1247,0.1118,0.001614,-0.0432,0.103,-0.0008,TRANSLATE
-20.1386,19.925,6.3991,0.0464,29.0434,0.4693,0.0133,29.6927,0.6876,0.0869,0.001157,-0.0354,0.0793,-0.0015,TRANSLATE
-19.4703,20.4369,5.7255,0.0391,28.8017,0.2417,0.0074,29.2826,0.4094,0.0665,0.000612,-0.0274,0.0606,-0.0021,TRANSLATE
-18.8262,20.8589,0.0648,0.026,28.0985,0.7033,0.0131,28.8342,0.265,0.0502,0.000341,-0.0213,0.0454,-0.0025,TRANSLATE
-19.4891,21.2277,-2.6951,0.0147,28.9431,0.8447,0.0113,28.6921,0.113,0.0372,0.000245,-0.0161,0.0333,-0.0029,TRANSLATE
-18.8788,21.4197,-5.9998,0.0046,29.1755,0.2324,0.0101,28.8124,0.1424,0.0262,0.000234,-0.0114,0.0228,-0.0032,TRANSLATE
-19.2749,21.3576,-5.6123,0.0077,29.3116,0.1361,0.0031,28.8661,0.1787,0.0184,0.000161,-0.0068,0.0133,-0.0035,TRANSLATE
-19.7824,22.0236,-5.9055,0.0103,30.187,0.8755,0.0026,29.1431,0.4501,0.0127,5.5e-05,-0.0024,0.0048,-0.0039,TRANSLATE
-20.1728,21.447,-10.24,0.0152,31.1733,0.9862,0.0049,29.7581,0.678,0.0105,1.7e-05,0.002,-0.002,-0.0042,TRANSLATE
-19.4914,21.3982,-10.9201,0.0221,30.9362,0.2371,0.0069,30.1567,0.6638,0.012,3.8e-05,0.0053,-0.0083,-0.0042,TRANSLATE
-19.4525,21.4717,-9.5267,0.0214,30.499,0.4371,0.0007,30.4214,0.4246,0.0153,3.3e-05,0.0077,-0.0123,-0.0041,TRANSLATE
-19.4307,21.6805,-7.8901,0.0205,30.1637,0.3353,0.0009,30.5919,0.1625,0.0179,2e-05,0.009,-0.0147,-0.004,TRANSLATE
-19.3352,21.3038,-6.6684,0.0198,29.5325,0.6313,0.0007,30.4609,0.337,0.0198,6e-06,0.0095,-0.0169,-0.0038,TRANSLATE
-19.265,21.6805,-6.7753,0.0192,29.7841,0.2516,0.0006,30.1831,0.25,0.0206,1e-06,0.0092,-0.0181,-0.0035,TRANSLATE
-19.0402,21.6725,-7.1609,0.0186,29.7238,0.0603,0.0006,29.9406,0.1199,0.0199,1e-06,0.0086,-0.0176,-0.0033,TRANSLATE
-19.0103,21.5349,-7.2818,0.0176,29.6339,0.0899,0.001,29.7676,0.0465,0.0192,1e-06,0.0081,-0.0171,-0.0031,TRANSLATE
-18.6113,21.6967,-5.2755,0.0163,29.0682,0.5657,0.0013,29.5485,0.0649,0.0183,2e-06,0.0075,-0.0165,-0.0029,TRANSLATE
-18.3203,21.9355,-3.8922,0.0151,28.8435,0.2246,0.0012,29.4107,0.1453,0.0174,2e-06,0.0068,-0.0157,-0.0027,TRANSLATE
-18.4094,22.1734,-3.1388,0.0145,28.9899,0.1464,0.0006,29.2519,0.1276,0.0164,2e-06,0.0062,-0.015,-0.0025,TRANSLATE
-18.5338,22.4137,-1.9829,0.0134,29.1514,0.1615,0.0011,29.1374,0.0719,0.0154,2e-06,0.0058,-0.014,-0.0024,TRANSLATE
-18.3676,22.1622,-2.3926,0.0128,28.8835,0.2679,0.0006,28.9873,0.013,0.0144,2e-06,0.0061,-0.0127,-0.0022,TRANSLATE
-18.066,21.0735,-5.2766,0.0144,28.2545,0.6291,0.0016,28.8246,0.0926,0.014,1e-06,0.0075,-0.0109,-0.002,TRANSLATE
-18.0653,20.6369,-16.3025,0.0211,31.9063,3.6518,0.0067,29.4371,1.6167,0.0152,9e-06,0.0106,-0.0087,-0.0019,TRANSLATE
-17.1272,19.7252,-22.017,0.0257,34.1639,2.2577,0.0046,30.4719,4.9744,0.0175,2.6e-05,0.0145,-0.0076,-0.0017,TRANSLATE
-18.6549,21.0801,-19.3824,0.0341,34.1768,0.0129,0.0084,31.477,6.3607,0.0216,6.1e-05,0.0199,-0.007,-0.0015,TRANSLATE
-17.4958,22.2891,-19.859,0.0446,34.6018,0.425,0.0105,32.6207,5.6605,0.028,0.00011,0.027,-0.0063,-0.0016,TRANSLATE
-17.0404,21.6688,-23.8091,0.0544,36.425,1.8232,0.0099,34.2548,2.0721,0.036,0.000149,0.0353,-0.0056,-0.0017,TRANSLATE
-16.4136,22.0444,-32.3535,0.0631,42.4513,6.0262,0.0087,36.3638,9.9576,0.0444,0.000181,0.0438,-0.0049,-0.0016,TRANSLATE
-16.184,21.398,-40.6328,0.0686,48.6911,6.2398,0.0055,39.2692,30.9407,0.053,0.000155,0.0526,-0.0029,-0.0019,TRANSLATE
-18.3284,22.3934,-50.7125,0.0733,58.388,9.6969,0.0047,44.1114,75.4123,0.0608,0.000105,0.0607,-0.0004,-0.0019,TRANSLATE
-18.0096,22.1554,-62.5075,0.075,68.7197,10.3317,0.0017,50.935,131.8778,0.0669,5.6e-05,0.0668,0.0011,-0.0011,TRANSLATE
-17.7171,21.9024,-75.5748,0.0736,80.6545,11.9349,0.0014,59.7809,188.1701,0.0707,1.9e-05,0.0706,0.001,-0.0015,TRANSLATE
-19.3174,21.4751,-80.1067,0.0625,85.1553,4.5007,0.0111,68.3217,183.9333,0.0706,2.1e-05,0.0702,-0.0017,-0.0022,TRANSLATE
-17.4539,20.7175,-79.176,0.0577,83.6821,1.4732,0.0048,75.3199,105.0744,0.0684,4.9e-05,0.0673,-0.0063,-0.001,TRANSLATE
-13.0694,22.5084,-75.0689,0.0502,79.453,4.2291,0.0075,79.5329,33.4034,0.0638,8.9e-05,0.062,-0.0105,-0.001,TRANSLATE
-17.7743,20.1474,-70.6082,0.0386,75.5471,3.9059,0.0116,80.8984,11.331,0.0565,0.000138,0.0543,-0.0134,-0.002,TRANSLATE
-20.2382,19.6554,-71.9366,0.0276,77.2709,1.7238,0.011,80.2217,13.4929,0.0473,0.000163,0.0451,-0.0131,-0.0021,TRANSLATE
-20.1218,18.8024,-74.7649,0.0199,79.6757,2.4048,0.0076,79.1257,7.4834,0.0388,0.000194,0.0362,-0.0086,-0.0024,TRANSLATE
-20.7662,17.7482,-82.9307,0.0143,87.314,7.6383,0.0056,79.8521,16.2131,0.0301,0.000167,0.0256,-0.0019,-0.0041,TRANSLATE
-20.2411,18.0048,-88.7195,0.0197,92.7633,5.4493,0.0054,82.5142,42.4344,0.024,7.1e-05,0.013,0.0038,-0.0046,TRANSLATE
-24.571,17.7976,-88.7225,0.0312,93.7666,1.0033,0.0115,86.1581,44.7717,0.0225,3.6e-05,-0.0004,0.0074,-0.0046,TRANSLATE
-24.8224,18.5506,-80.5968,0.0403,86.3488,7.4178,0.0091,87.9737,25.6862,0.0251,8.8e-05,-0.0138,0.0074,-0.0035,TRANSLATE
-20.2548,20.4561,-62.1868,0.0503,68.5267,17.8221,0.01,85.7439,82.5799,0.0311,0.000173,-0.0272,0.0053,-0.0017,TRANSLATE
-19.9132,22.3586,-76.2057,0.0668,81.8764,13.3498,0.0165,84.6564,83.8956,0.0416,0.00026,-0.0407,0.0012,-0.0004,TRANSLATE
-19.5181,25.265,-64.9583,0.09,72.38,9.4965,0.0233,80.5797,84.2738,0.0557,0.000434,-0.0543,-0.007,0.0018,TRANSLATE
-17.927,28.9183,14.449,0.0885,36.9651,35.4149,0.0016,69.2194,300.8857,0.0672,0.000397,-0.0653,-0.0129,0.0019,TRANSLATE
-20.3259,26.6377,8.1904,0.0629,34.4934,2.4716,0.0255,58.8483,375.8216,0.0717,0.000235,-0.0691,-0.0086,0.0014,TRANSLATE
-20.6514,26.0633,-4.257,0.0635,33.5246,0.9688,0.0005,51.8479,436.3398,0.0743,0.00015,-0.0717,-0.0073,0.0,TRANSLATE
-19.943,24.0132,-3.7775,0.0672,31.4424,2.0822,0.0037,41.7611,237.5302,0.0744,0.000149,-0.0718,-0.0047,-0.0008,TRANSLATE
-19.9044,22.2199,-14.0595,0.0719,32.9784,1.5361,0.0048,33.8808,3.355,0.0708,8.8e-05,-0.0691,0.004,-0.0026,TRANSLATE
-21.5516,22.1103,-21.9632,0.076,37.8909,4.9125,0.0041,34.066,4.6344,0.0683,2.5e-05,-0.0673,0.0092,-0.0029,TRANSLATE
-25.3226,20.0289,-31.2081,0.0827,44.9036,7.0127,0.0067,36.148,23.7538,0.0723,4.5e-05,-0.0715,0.0021,-0.0041,TRANSLATE
-26.7237,19.4075,-24.3946,0.0899,41.0597,3.8439,0.0072,37.655,24.9313,0.0775,6.4e-05,-0.0754,-0.0058,-0.0053,TRANSLATE
-23.9727,21.1353,-11.1282,0.0928,33.8412,7.2185,0.0029,38.1348,19.8907,0.0827,6.3e-05,-0.0789,-0.0142,-0.0072,TRANSLATE
-22.3032,21.7739,-4.3244,0.0739,31.468,2.3733,0.0189,37.8327,23.3712,0.0831,5.5e-05,-0.0787,-0.0213,-0.0086,TRANSLATE
-21.1488,22.7004,-2.0533,0.0536,31.0933,0.3747,0.0203,36.4732,30.606,0.0786,0.000198,-0.0736,-0.0253,-0.0088,TRANSLATE
-21.4815,21.7322,-0.952,0.0376,30.572,0.5213,0.0161,33.6069,15.1406,0.0696,0.00045,-0.0642,-0.0254,-0.0081,TRANSLATE
-22.179,21.2795,6.0978,0.0287,31.3354,0.7633,0.0088,31.662,1.281,0.0573,0.000551,-0.0525,-0.0215,-0.0069,TRANSLATE
-24.2338,19.9986,10.2313,0.0217,33.0439,1.7085,0.007,31.5025,0.6877,0.0431,0.000351,-0.039,-0.017,-0.0047,TRANSLATE
-24.1214,20.0957,15.107,0.0145,34.8411,1.7972,0.0072,32.1771,2.4615,0.0312,0.000184,-0.027,-0.0146,-0.0029,TRANSLATE
-23.0878,20.061,21.3043,0.0085,37.2741,2.433,0.006,33.4133,5.8943,0.0222,0.000105,-0.0178,-0.0125,-0.002,TRANSLATE
-22.6171,20.7769,25.7622,0.0044,40.0862,2.8121,0.0041,35.3161,9.5645,0.0156,7.8e-05,-0.0107,-0.0102,-0.0008,TRANSLATE
-21.6624,21.0059,29.8316,0.0066,42.4315,2.3453,0.0022,37.5354,11.5959,0.0111,3.9e-05,-0.0048,-0.0078,0.0003,TRANSLATE
-22.2581,20.6641,30.6528,0.0099,43.1511,0.7196,0.0033,39.5568,9.7824,0.0088,1.2e-05,0.0005,-0.005,0.0008,TRANSLATE
-22.1564,21.1157,29.8191,0.013,42.7312,0.4199,0.0031,41.1348,4.86,0.0085,9e-06,0.005,-0.0024,0.0012,TRANSLATE
-21.5158,21.3331,30.2178,0.0151,42.7919,0.0607,0.0021,42.2384,1.2103,0.0098,1.5e-05,0.0088,-0.0005,0.0014,TRANSLATE
-20.7533,21.1321,35.4086,0.0149,46.1631,3.3712,0.0002,43.4538,1.8875,0.0119,1e-05,0.0115,0.0007,0.0016,TRANSLATE
-19.9713,21.6307,42.3488,0.0164,51.5767,5.4136,0.0015,45.2828,11.5295,0.0138,5e-06,0.0134,0.0026,0.0015,TRANSLATE
-20.1583,22.4421,50.1259,0.0162,58.5031,6.9263,0.0002,48.3532,36.1484,0.0151,1e-06,0.014,0.0045,0.0018,TRANSLATE
-19.236,22.488,47.1101,0.0235,55.6336,2.8695,0.0073,50.9337,33.769,0.0172,1e-05,0.014,0.008,0.0019,TRANSLATE
-20.1763,22.1998,40.1818,0.0249,50.1447,5.4889,0.0014,52.4043,18.4732,0.0192,1.7e-05,0.0137,0.0117,0.0013,TRANSLATE
-19.9004,22.2255,34.0142,0.0232,45.2434,4.9013,0.0018,52.2203,20.9046,0.0208,1.4e-05,0.0127,0.0155,0.001,TRANSLATE
-18.6922,22.3897,29.552,0.0273,41.5213,3.7221,0.0041,50.2092,39.671,0.023,1.4e-05,0.0119,0.0193,0.0003,TRANSLATE
-18.2632,21.6618,24.4478,0.0281,37.4229,4.0984,0.0009,45.9932,40.8365,0.0254,4e-06,0.0113,0.0226,-0.0004,TRANSLATE
-19.3949,21.2763,20.2427,0.0324,35.1939,2.229,0.0043,41.9052,28.8628,0.0272,1e-05,0.0106,0.0249,-0.0007,TRANSLATE
-18.9222,20.6804,13.1504,0.0327,30.9622,4.2316,0.0003,38.0687,24.5161,0.0287,1.3e-05,0.0091,0.0271,-0.0004,TRANSLATE
-17.4971,21.5225,10.9672,0.0352,29.8269,1.1353,0.0025,34.9855,18.2998,0.0312,9e-06,0.0081,0.0299,-0.0001,TRANSLATE
-17.6102,21.6398,11.1675,0.0399,30.0519,0.225,0.0047,32.6916,9.3624,0.0337,1.5e-05,0.0067,0.0328,0.0006,TRANSLATE
-17.7319,20.9588,18.3684,0.042,33.0316,2.9797,0.0021,31.8133,4.137,0.0365,1.5e-05,0.0063,0.0358,0.0013,TRANSLATE
-18.4761,22.3701,39.1041,0.0431,48.6921,15.6605,0.0011,34.5129,51.542,0.0386,1.6e-05,0.0056,0.0381,0.0016,TRANSLATE
-17.6434,22.0274,57.7926,0.0555,64.3155,15.6234,0.0124,41.1836,182.1613,0.0432,4.6e-05,0.0061,0.0427,0.0018,TRANSLATE
-18.0741,21.6844,74.1529,0.0717,79.3444,15.0289,0.0162,51.0871,349.5365,0.0505,0.000143,0.0076,0.0498,0.0016,TRANSLATE
-19.3124,22.2069,78.441,0.0923,83.7801,4.4357,0.0205,61.8327,359.3384,0.0609,0.000361,0.0111,0.0598,0.0015,TRANSLATE
-21.1968,23.1343,71.4966,0.1111,78.0785,5.7016,0.0188,70.8421,165.0535,0.0747,0.000602,0.0167,0.0726,0.0014,TRANSLATE
-24.1106,22.873,59.716,0.1232,68.341,9.7375,0.0121,74.7719,52.7364,0.0908,0.000614,0.0255,0.0867,0.0014,TRANSLATE
-20.9041,21.9422,43.4384,0.1207,52.9654,15.3756,0.0025,72.5019,120.8206,0.1038,0.000375,0.0337,0.0977,0.0014,TRANSLATE
-18.8076,20.66,16.7601,0.1052,32.5801,20.3853,0.0155,63.1491,342.7306,0.1105,0.000125,0.0402,0.1026,0.0016,TRANSLATE
-18.9024,19.703,-17.4169,0.0777,32.386,0.1941,0.0274,52.8702,341.2209,0.1076,0.000265,0.0431,0.0984,0.0017,TRANSLATE
-18.6469,19.053,-47.8835,0.0514,54.8047,22.4187,0.0263,48.2155,193.2107,0.0956,0.000751,0.0416,0.0859,0.0022,TRANSLATE
-16.7894,18.4768,-77.9349,0.0178,81.836,27.0313,0.0336,50.9145,330.9864,0.0745,0.001367,0.0346,0.0653,0.0028,TRANSLATE
-15.2878,18.4752,-94.9761,0.0336,97.9566,16.1206,0.0158,59.9127,691.7701,0.0571,0.000974,0.0246,0.0366,0.0035,TRANSLATE
-14.4583,20.3301,-100.2309,0.0722,103.2888,5.3322,0.0387,74.0545,718.6652,0.0505,0.000515,0.0131,0.0034,0.0042,TRANSLATE
-14.7292,20.386,-94.5878,0.1002,97.8744,5.4145,0.0279,87.1521,313.3429,0.055,0.000839,0.0027,-0.0301,0.005,TRANSLATE
-12.6521,21.1525,-91.7452,0.1069,94.9984,2.876,0.0068,95.1908,51.7635,0.0661,0.001252,-0.006,-0.0598,0.0054,TRANSLATE
-12.6123,20.9845,-93.3181,0.1123,96.4763,1.4779,0.0053,98.1189,7.85,0.085,0.000852,-0.0108,-0.084,0.0057,TRANSLATE
-11.8461,21.8751,-90.6295,0.1245,93.9817,2.4947,0.0123,97.3239,10.6361,0.1032,0.000304,-0.0115,-0.1023,0.0057,TRANSLATE
-12.2425,21.3595,-79.3223,0.1324,83.055,10.9266,0.0079,93.2772,27.8641,0.1153,0.000138,-0.0083,-0.1145,0.0055,TRANSLATE
-13.069,21.7345,-68.336,0.1341,72.8903,10.1647,0.0017,88.2803,81.794,0.1221,0.000117,-0.0043,-0.1216,0.0049,TRANSLATE
-17.2239,22.8719,-56.7344,0.1347,63.5499,9.3404,0.0005,81.9906,155.5264,0.1276,7.2e-05,-0.0011,-0.1274,0.0035,TRANSLATE
-17.551,22.0632,-44.3875,0.1287,52.584,10.9659,0.0059,73.2122,209.4478,0.1309,1.4e-05,-0.0002,-0.1308,0.0023,TRANSLATE
-13.9377,23.0068,-31.11,0.1182,41.1267,11.4573,0.0106,62.6412,217.3228,0.1296,3.7e-05,-0.0013,-0.1295,0.0019,TRANSLATE
-16.3127,22.8617,-14.763,0.0953,31.7286,9.3981,0.0229,52.3759,219.7188,0.1222,0.000216,-0.0023,-0.1221,0.0014,TRANSLATE
-16.6501,23.0175,-7.8792,0.0748,29.4807,2.2479,0.0205,43.694,165.0131,0.1103,0.000496,-0.0015,-0.1101,0.0012,TRANSLATE
-16.3639,22.9796,-1.0815,0.059,28.2313,1.2494,0.0158,36.6303,84.0847,0.0952,0.000676,0.0006,-0.0948,0.0015,TRANSLATE
-16.4661,22.3712,-4.6714,0.0411,28.1678,0.0635,0.0179,31.747,23.6572,0.0777,0.000729,0.0039,-0.077,0.0016,TRANSLATE
-16.5385,21.8907,-14.2403,0.0356,30.9113,2.7435,0.0056,29.7039,2.0271,0.0611,0.000482,0.0065,-0.0605,0.001,TRANSLATE
-16.6589,21.3344,-14.761,0.0225,30.8312,0.0801,0.013,29.5245,1.4291,0.0466,0.000336,0.0076,-0.0459,0.0005,TRANSLATE
-16.949,21.7613,-14.6869,0.0134,31.2494,0.4182,0.0092,29.8782,1.8987,0.0343,0.000247,0.0068,-0.0336,0.0,TRANSLATE
-17.7217,21.0465,-15.1776,0.0079,31.4225,0.1731,0.0055,30.5165,1.4259,0.0241,0.00016,0.0052,-0.0234,-0.0003,TRANSLATE
-17.6899,21.8466,-8.539,0.0076,29.3789,2.0436,0.0003,30.7587,0.5228,0.0174,0.000112,0.0035,-0.0169,-0.0005,TRANSLATE
-17.9863,21.8742,2.8688,0.006,28.4643,0.9146,0.0016,30.2693,1.3315,0.0115,3.7e-05,0.0031,-0.011,-0.0004,TRANSLATE
-14.2203,23.5275,14.1575,0.0042,30.9224,2.4581,0.0018,30.2875,1.3533,0.0078,9e-06,0.0028,-0.0069,0.0003,TRANSLATE
-12.62,24.4532,21.0979,0.0162,34.6748,3.7525,0.012,30.9726,4.5486,0.0084,1.7e-05,0.0025,-0.0011,0.0005,TRANSLATE
-8.2303,26.0063,19.7315,0.0042,33.666,1.0089,0.0119,31.4213,5.7577,0.0077,2e-05,0.0015,0.0009,0.0011,TRANSLATE
-9.0999,25.7207,34.1039,0.0033,43.6742,10.0083,0.0009,34.2803,26.7762,0.0068,2.3e-05,0.0009,0.003,0.0013,TRANSLATE
-12.2955,24.764,34.8456,0.0152,44.4821,0.8079,0.0118,37.4839,30.5632,0.0086,3.3e-05,0.0009,0.0071,0.0016,TRANSLATE
-11.8021,24.605,28.7671,0.0288,39.6515,4.8306,0.0137,39.2297,19.8442,0.0136,8.7e-05,0.0012,0.0132,0.0013,TRANSLATE
-13.1041,23.7059,16.0825,0.0263,31.5013,8.1502,0.0026,38.595,27.2377,0.0156,0.000114,0.0014,0.0152,0.0014,TRANSLATE
-14.5427,23.0647,8.3722,0.0166,28.523,2.9783,0.0097,37.5664,41.6096,0.018,8.2e-05,0.002,0.0179,0.001,TRANSLATE
-15.8435,22.758,2.8071,0.0095,27.8716,0.6515,0.0071,34.4059,42.9576,0.0193,5.2e-05,0.0023,0.019,0.0004,TRANSLATE
-14.9748,22.7595,-1.9293,0.0022,27.3123,0.5592,0.0073,30.972,20.9234,0.0167,0.0001,0.0021,0.0161,-0.0002,TRANSLATE
-16.9049,21.7545,-7.7653,0.0098,28.624,1.3116,0.0077,28.7664,2.0948,0.0129,6.6e-05,0.0015,0.0084,-0.0005,TRANSLATE
-18.677,21.2536,-9.3341,0.024,29.7938,1.1698,0.0142,28.425,0.6934,0.0124,5.4e-05,0.0012,-0.0016,-0.001,TRANSLATE
-17.826,22.181,-3.3235,0.0309,28.6498,1.1441,0.0069,28.4503,0.701,0.0153,0.000111,0.001,-0.0111,-0.0011,TRANSLATE
-22.9889,20.1386,0.6318,0.0351,30.5688,1.919,0.0042,28.9897,1.2406,0.0204,0.000157,0.0,-0.0199,-0.0008,TRANSLATE
-31.5349,16.8202,-0.0352,0.0378,35.7403,5.1715,0.0027,30.6753,6.9507,0.0275,0.0001,-0.001,-0.0274,-0.0002,TRANSLATE
-22.856,20.5812,-0.2438,0.0448,30.7578,4.9825,0.007,31.1021,5.9283,0.0345,4.8e-05,-0.0025,-0.0341,0.0015,TRANSLATE
-24.613,21.5806,7.6956,0.0567,33.6265,2.8687,0.0119,31.8686,6.2729,0.041,8.2e-05,-0.0055,-0.0401,0.0042,TRANSLATE
-19.7904,23.3332,20.7909,0.0666,36.9913,3.3648,0.0099,33.5369,6.6658,0.0482,0.000141,-0.0079,-0.0469,0.0062,TRANSLATE
-22.4698,22.0228,38.6639,0.067,49.8477,12.8564,0.0004,37.3927,43.2451,0.0546,0.000136,-0.0081,-0.053,0.0088,TRANSLATE
-21.5727,22.3714,47.353,0.0629,56.6407,6.793,0.0041,41.5728,99.3229,0.0596,6.9e-05,-0.0071,-0.0579,0.0109,TRANSLATE
-22.2988,21.9502,46.4605,0.0703,56.0146,0.6261,0.0075,46.6242,92.1267,0.0647,2.2e-05,-0.0057,-0.0628,0.0128,TRANSLATE
-29.9172,20.7258,48.5247,0.0873,60.6567,4.6422,0.017,52.0302,68.4962,0.0708,7.4e-05,-0.0038,-0.0691,0.0141,TRANSLATE
-24.09,23.0838,61.9448,0.1028,70.3587,9.7019,0.0154,58.7037,45.9136,0.0781,0.000222,-0.0036,-0.0765,0.014,TRANSLATE
-23.1845,23.9326,87.2902,0.0988,93.4338,23.0751,0.0039,67.4209,195.474,0.0844,0.000243,-0.0054,-0.0829,0.0126,TRANSLATE
-24.6976,23.6367,112.7915,0.0763,117.8584,24.4246,0.0225,79.6644,531.1153,0.0871,0.000156,-0.0073,-0.0857,0.011,TRANSLATE
-26.3674,24.1125,130.377,0.0393,135.1844,17.326,0.0371,95.4984,785.0307,0.0809,0.000519,-0.0073,-0.0799,0.0079,TRANSLATE
-24.4721,25.3025,136.1297,0.0192,140.6072,5.4229,0.02,111.4885,693.5216,0.0673,0.001086,-0.0039,-0.0601,0.0041,TRANSLATE
-33.1089,22.5139,124.91,0.0615,131.1701,9.4372,0.0423,123.6508,284.741,0.059,0.000773,0.0022,-0.0281,0.002,TRANSLATE
-37.7059,20.1267,108.7843,0.0906,116.8796,14.2905,0.029,128.3399,89.3092,0.0574,0.000652,0.0092,0.009,-0.0004,TRANSLATE
-33.5678,21.092,98.3149,0.1077,106.007,10.8725,0.0172,125.9697,161.4699,0.0637,0.001048,0.0154,0.0452,-0.0026,TRANSLATE
-31.0168,20.5267,94.605,0.1161,101.6538,4.3532,0.0084,119.2635,217.7677,0.079,0.001242,0.0195,0.0758,-0.0045,TRANSLATE
-31.1259,20.8901,100.4778,0.1381,107.2427,5.5889,0.022,112.5907,111.0295,0.1028,0.00066,0.0226,0.0998,-0.0081,TRANSLATE
-36.2257,18.959,92.2979,0.1801,100.9487,6.294,0.0419,106.5464,32.5643,0.1265,0.000951,0.0269,0.1229,-0.0122,TRANSLATE
-33.29,19.1109,53.1633,0.2072,65.5727,35.376,0.0272,96.285,241.6815,0.1499,0.001451,0.0324,0.1455,-0.0149,TRANSLATE
-31.0507,18.7356,17.5525,0.1986,40.2897,25.283,0.0086,83.1415,677.1219,0.168,0.001242,0.0364,0.1631,-0.0163,TRANSLATE
-29.4968,19.1854,-7.1861,0.1763,35.9135,4.3762,0.0223,69.9935,881.8066,0.1801,0.000571,0.0368,0.1753,-0.0164,TRANSLATE
-28.635,19.2108,-26.0333,0.1458,43.2059,7.2923,0.0305,57.1861,583.7917,0.1816,0.000452,0.0321,0.1777,-0.0132,TRANSLATE
-27.3767,19.7999,-30.9079,0.1082,45.791,2.5851,0.0376,46.1546,105.0336,0.1672,0.001323,0.0225,0.1645,-0.0091,TRANSLATE
-23.2545,20.9649,-19.1419,0.0755,36.6976,9.0934,0.0327,40.3795,14.1565,0.1409,0.001993,0.0105,0.1393,-0.0053,TRANSLATE
-20.1505,22.4157,-3.3448,0.0619,30.3264,6.3712,0.0136,38.3869,30.3972,0.1135,0.001826,-0.0,0.1128,-0.0029,TRANSLATE
-19.4548,22.9857,0.5367,0.0574,30.1184,0.208,0.0045,37.2279,41.504,0.0897,0.001103,-0.007,0.089,-0.0021,TRANSLATE
-19.6951,22.6823,0.5575,0.0402,30.0448,0.0735,0.0172,34.5956,37.7473,0.0686,0.000519,-0.0102,0.0676,-0.0021,TRANSLATE
-19.5748,22.3865,-0.7884,0.0276,29.7481,0.2968,0.0125,31.3871,7.0848,0.0525,0.000282,-0.0111,0.0511,-0.0019,TRANSLATE
-19.3692,22.8717,-0.787,0.0186,29.9816,0.2336,0.0091,30.0439,0.0354,0.0411,0.000277,-0.0112,0.0391,-0.0015,TRANSLATE
-19.386,22.6255,0.0173,0.0118,29.7948,0.1869,0.0068,29.9375,0.0205,0.0311,0.000263,-0.0109,0.0283,-0.0011,TRANSLATE
-19.1994,22.0847,0.5576,0.0084,29.2688,0.5259,0.0034,29.7676,0.0745,0.0213,0.000132,-0.0102,0.017,-0.0004,TRANSLATE
-19.2127,22.1553,0.3492,0.0088,29.3276,0.0587,0.0003,29.6242,0.0773,0.015,5.3e-05,-0.0094,0.0083,0.0001,TRANSLATE
-18.8233,21.4805,-0.6863,0.0106,28.5692,0.7584,0.0018,29.3884,0.2412,0.0116,1.4e-05,-0.0087,0.0016,-0.0001,TRANSLATE
-18.3274,21.4875,-0.049,0.0127,28.2419,0.3272,0.0022,29.0405,0.3127,0.0105,3e-06,-0.0077,-0.0036,-0.0002,TRANSLATE
-17.8681,22.015,-0.5798,0.014,28.3596,0.1177,0.0012,28.7534,0.2092,0.0109,5e-06,-0.0069,-0.0074,-0.0004,TRANSLATE
-17.2445,21.9995,-0.2482,0.0167,27.9538,0.4058,0.0028,28.4904,0.2148,0.0126,8e-06,-0.0068,-0.0103,-0.0004,TRANSLATE
-19.5362,21.3902,1.167,0.0159,28.9926,1.0388,0.0008,28.4234,0.1205,0.014,5e-06,-0.0073,-0.0118,-0.0005,TRANSLATE
-17.6727,22.2091,-2.0039,0.0126,28.4532,0.5394,0.0033,28.4002,0.1159,0.0144,3e-06,-0.0081,-0.0116,-0.0005,TRANSLATE
-16.5538,22.136,-3.6875,0.0151,27.886,0.5672,0.0024,28.329,0.1587,0.0149,2e-06,-0.0097,-0.0103,-0.0006,TRANSLATE
-17.8899,21.2307,-5.575,0.018,28.3173,0.4313,0.0029,28.3206,0.1585,0.0157,3e-06,-0.0121,-0.0079,-0.0004,TRANSLATE
-22.7901,19.6502,-4.7819,0.0227,30.4694,2.152,0.0047,28.8237,0.8019,0.0169,1.1e-05,-0.015,-0.0048,-0.0012,TRANSLATE
-21.9571,19.9795,-1.438,0.0242,29.7214,0.748,0.0015,28.9695,0.9362,0.0185,1.9e-05,-0.0178,-0.0021,-0.0015,TRANSLATE
-21.0188,20.1774,0.9434,0.0278,29.1514,0.57,0.0037,29.1091,0.87,0.0215,2e-05,-0.0212,-0.0003,-0.0007,TRANSLATE
-16.7869,19.5263,6.8047,0.0333,26.6342,2.5172,0.0054,28.8587,1.7332,0.0252,2.6e-05,-0.0247,0.0026,-0.0005,TRANSLATE
-16.4139,19.9429,13.8219,0.0389,29.2947,2.6605,0.0057,29.0542,1.6743,0.0294,3.6e-05,-0.0283,0.0058,-0.001,TRANSLATE
-13.2624,21.4856,24.1075,0.0457,34.9098,5.6151,0.0068,29.9423,7.3426,0.034,5.9e-05,-0.0315,0.0106,-0.0008,TRANSLATE
-12.6349,22.0541,31.311,0.0521,40.3287,5.4189,0.0063,32.0637,24.4077,0.0396,7.4e-05,-0.0337,0.0181,-0.0009,TRANSLATE
-13.4517,21.4526,33.8926,0.0576,42.3068,1.9782,0.0055,34.6948,36.773,0.0455,7.7e-05,-0.0346,0.0272,-0.0015,TRANSLATE
-10.4551,22.459,33.1578,0.0603,41.3903,0.9166,0.0027,37.646,24.0342,0.0509,6.1e-05,-0.0336,0.0361,-0.0018,TRANSLATE
-13.7016,21.4172,28.3044,0.0663,38.0469,3.3434,0.006,39.3965,7.0533,0.0564,4.9e-05,-0.0315,0.0453,-0.002,TRANSLATE
-11.6831,22.8619,17.1154,0.073,30.8561,7.1908,0.0067,38.5857,16.9576,0.0618,5.2e-05,-0.0289,0.054,-0.0018,TRANSLATE
-14.0621,23.1082,-2.6202,0.0743,27.1772,3.6789,0.0013,35.9554,35.4626,0.0663,4.4e-05,-0.0277,0.0599,-0.0007,TRANSLATE
-13.6341,22.0147,-26.268,0.0729,36.8856,9.7084,0.0014,34.8712,26.392,0.0694,2.8e-05,-0.0268,0.0638,0.0003,TRANSLATE
-17.201,18.4743,-48.2988,0.0631,54.4972,17.6117,0.0098,37.4926,88.0569,0.0699,1.9e-05,-0.0278,0.0639,0.0013,TRANSLATE
-15.5108,18.7263,-56.9797,0.0494,61.9511,7.4539,0.0137,42.2734,184.783,0.0665,8.9e-05,-0.0289,0.0594,0.0026,TRANSLATE
-14.6118,20.3904,-54.4337,0.0319,59.9358,2.0153,0.0175,48.0894,187.2784,0.0583,0.000254,-0.0285,0.05,0.0034,TRANSLATE
-18.3175,21.6905,-44.9126,0.0177,53.1333,6.8025,0.0141,53.2806,77.9538,0.047,0.000404,-0.0255,0.0385,0.0029,TRANSLATE
-15.3447,25.3274,-43.7707,0.0067,52.847,0.2863,0.011,56.4729,14.0412,0.0338,0.00042,-0.0201,0.0264,0.002,TRANSLATE
-11.382,25.5744,-54.1822,0.0185,60.9861,8.1391,0.0118,57.7707,15.6501,0.0249,0.000214,-0.0101,0.0155,0.0016,TRANSLATE
-13.6306,25.2314,-86.7301,0.0383,91.3484,30.3623,0.0197,63.6502,203.0795,0.0226,0.000125,0.0032,0.0052,0.001,TRANSLATE
-13.6263,24.3664,-116.156,0.0637,119.4639,28.1154,0.0254,75.5558,681.6107,0.029,0.000405,0.0178,-0.0072,0.0011,TRANSLATE
-8.2136,24.8212,-126.8342,0.0907,129.5008,10.037,0.027,90.8293,929.7919,0.0436,0.000928,0.0297,-0.0251,0.0012,TRANSLATE
-9.2209,24.7101,-114.4142,0.1106,117.4148,12.0861,0.0198,103.7428,615.8603,0.0644,0.001122,0.0383,-0.0468,0.0005,TRANSLATE
-6.7954,25.4837,-93.8095,0.1121,97.4465,19.9683,0.0015,111.0349,204.9885,0.0831,0.000807,0.0428,-0.0676,0.0006,TRANSLATE
-12.2707,23.0682,-81.3132,0.1064,85.4082,12.0383,0.0056,109.8468,257.4115,0.0967,0.000329,0.044,-0.0846,-0.0001,TRANSLATE
-15.8166,21.3733,-73.26,0.1067,77.9359,7.4723,0.0003,101.5412,373.5925,0.1053,5.8e-05,0.0428,-0.0959,-0.0032,TRANSLATE
-16.5689,21.3705,-59.0111,0.1164,64.9118,13.0241,0.0097,88.6234,318.7182,0.1104,1.4e-05,0.0421,-0.1017,-0.0062,TRANSLATE
-21.9989,20.8652,-34.9714,0.1223,46.285,18.6268,0.0059,74.3975,309.0603,0.1128,3.6e-05,0.0413,-0.1044,-0.0077,TRANSLATE
-18.1866,24.2015,-11.6115,0.1132,32.4236,13.8614,0.0091,61.3929,386.0506,0.113,3.6e-05,0.0396,-0.1052,-0.0086,TRANSLATE
-15.8555,25.5643,2.0452,0.0957,30.1515,2.2721,0.0175,50.3416,343.7766,0.1108,8.3e-05,0.0379,-0.1036,-0.0064,TRANSLATE
-11.0719,26.8358,3.5737,0.084,29.2493,0.9023,0.0117,40.6042,185.6487,0.1063,0.000203,0.0371,-0.0991,-0.0026,TRANSLATE
-6.1482,28.7781,2.8964,0.0747,29.5697,0.3204,0.0093,33.5358,41.8674,0.098,0.000313,0.0358,-0.0905,0.0026,TRANSLATE
-6.9217,25.6693,13.239,0.0772,29.7001,0.1304,0.0025,30.2188,1.2992,0.0889,0.000199,0.033,-0.0819,0.006,TRANSLATE
-11.9373,24.0198,13.6256,0.0626,30.085,0.3849,0.0146,29.7511,0.1118,0.0788,0.000119,0.0319,-0.0715,0.0066,TRANSLATE
-14.628,23.2721,12.2255,0.0621,30.0837,0.0013,0.0006,29.7376,0.1017,0.0721,7.3e-05,0.0329,-0.0632,0.0067,TRANSLATE
-18.7243,20.9958,19.9616,0.0655,34.4948,4.411,0.0034,30.7867,3.4796,0.0684,4e-05,0.0358,-0.0558,0.0076,TRANSLATE
-18.0794,21.5873,12.4756,0.0568,30.798,3.6968,0.0087,31.0323,3.1231,0.0648,4.6e-05,0.0385,-0.0483,0.007,TRANSLATE
-17.5979,21.4011,3.2961,0.0502,27.9026,2.8954,0.0066,30.6728,4.5979,0.0594,2.9e-05,0.0417,-0.0394,0.0065,TRANSLATE
-17.4939,20.9615,0.7212,0.0346,27.3119,0.5907,0.0155,30.1182,6.4803,0.0538,0.000119,0.0421,-0.0319,0.0071,TRANSLATE
-17.5795,20.9536,-2.4011,0.0214,27.4565,0.1445,0.0132,29.5928,7.6209,0.0457,0.000249,0.038,-0.0245,0.0063,TRANSLATE
-17.523,21.1003,-2.5772,0.0136,27.5485,0.0921,0.0078,28.2035,1.7207,0.0353,0.000269,0.0295,-0.0187,0.0045,TRANSLATE
-17.7403,20.9272,4.232,0.0117,27.7592,0.2107,0.0018,27.5958,0.0446,0.0263,0.000207,0.0207,-0.0155,0.0029,TRANSLATE
-16.3985,21.5417,9.2169,0.0119,28.5991,0.8399,0.0001,27.735,0.2077,0.0186,7.6e-05,0.0135,-0.0119,0.0021,TRANSLATE
-13.7875,22.7678,20.3391,0.0079,33.4985,4.8994,0.004,28.9723,5.2844,0.0133,2e-05,0.0081,-0.0096,0.0011,TRANSLATE
-20.2113,20.5923,31.7307,0.0072,42.8879,9.3895,0.0006,32.0586,34.0283,0.0105,6e-06,0.0039,-0.0071,-0.0008,TRANSLATE
-13.8659,19.8676,31.3689,0.0148,39.6358,3.2522,0.0076,34.4761,35.5986,0.0107,8e-06,-0.0004,-0.004,-0.0024,TRANSLATE
-13.7927,20.7753,26.0701,0.0169,36.0764,3.5594,0.0021,36.1395,24.3205,0.0117,1.4e-05,-0.0038,0.0002,-0.0038,TRANSLATE
-10.0904,22.9953,20.3342,0.024,32.3122,3.7642,0.007,36.8821,15.3269,0.0141,3.8e-05,-0.0082,0.0048,-0.0064,TRANSLATE
-5.9005,24.5462,10.4424,0.0243,27.3199,4.9923,0.0004,35.6464,29.7975,0.0174,4e-05,-0.0121,0.0084,-0.0087,TRANSLATE
-6.7985,23.1307,4.0477,0.0202,24.4465,2.8733,0.0041,31.9582,30.7937,0.02,1.4e-05,-0.0136,0.0105,-0.0098,TRANSLATE
-8.8419,22.6233,-10.2869,0.0189,26.3783,1.9317,0.0013,29.3067,18.2012,0.0208,8e-06,-0.0134,0.011,-0.0111,TRANSLATE
-8.6923,22.8268,-26.9076,0.0106,36.3406,9.9623,0.0083,29.3595,18.9278,0.0196,2.5e-05,-0.0123,0.0091,-0.0115,TRANSLATE
-11.3476,21.5208,-41.8323,0.0121,48.3927,12.0522,0.0015,32.5756,79.2936,0.0172,2.6e-05,-0.008,0.0044,-0.0098,TRANSLATE
-13.1906,18.5666,-49.2659,0.0312,54.2756,5.8828,0.0191,37.9667,138.8824,0.0186,5.4e-05,-0.0009,-0.0027,-0.0086,TRANSLATE
-12.7462,18.5408,-51.0408,0.0454,55.7799,1.5043,0.0141,44.2334,126.5135,0.0236,0.000171,0.0068,-0.0118,-0.0085,TRANSLATE
-11.0032,19.3452,-56.0483,0.0565,60.3052,4.5253,0.0111,51.0188,68.3715,0.0312,0.000326,0.017,-0.0214,-0.0073,TRANSLATE
-14.7432,18.898,-63.3011,0.0654,67.687,7.3818,0.0089,57.2881,41.5435,0.0421,0.000356,0.0271,-0.0311,-0.0066,TRANSLATE
-14.8289,19.6246,-66.6815,0.0798,71.0736,3.3866,0.0144,61.8242,43.1492,0.0557,0.000276,0.0349,-0.0423,-0.007,TRANSLATE
-18.6444,18.2435,-59.2421,0.0969,64.7307,6.3429,0.0171,63.9153,29.0699,0.0688,0.000325,0.0394,-0.0549,-0.0065,TRANSLATE
-17.7811,19.4385,-40.9656,0.1103,48.7053,16.0254,0.0134,62.5003,60.0998,0.0818,0.000391,0.0396,-0.0695,-0.0046,TRANSLATE
-26.003,16.7977,-12.4881,0.1157,33.3807,15.3245,0.0054,57.1154,199.7295,0.0936,0.000352,0.0364,-0.0844,-0.0018,TRANSLATE
-32.0931,15.2663,17.0752,0.104,39.4282,6.0475,0.0117,51.4637,208.0032,0.1013,0.000155,0.0317,-0.0952,-0.0014,TRANSLATE
-31.5494,16.4037,36.9883,0.0838,51.3087,11.8804,0.0202,47.5107,115.4725,0.1021,0.000124,0.0267,-0.0981,-0.0018,TRANSLATE
-24.1896,19.151,55.975,0.0538,63.9148,12.6061,0.0299,47.3475,109.9588,0.0935,0.00051,0.0212,-0.0909,-0.002,TRANSLATE
-21.3016,21.2021,64.7894,0.0185,71.4209,7.5062,0.0353,51.8907,204.8559,0.0752,0.001242,0.0153,-0.0733,-0.0012,TRANSLATE
-26.5038,19.1679,68.669,0.0217,76.0611,4.6402,0.0032,60.4267,180.3098,0.0564,0.001131,0.0075,-0.0487,0.0,TRANSLATE
-19.2249,21.2187,70.1508,0.0476,75.7692,0.2919,0.0259,67.6949,86.3738,0.0451,0.000566,-0.0021,-0.0212,0.004,TRANSLATE
-20.5268,20.4875,75.1957,0.0762,80.5945,4.8253,0.0286,73.5521,31.6452,0.0436,0.000459,-0.0132,0.0078,0.0091,TRANSLATE
-23.1808,16.9118,72.4971,0.1078,77.9692,2.6253,0.0316,76.363,9.0706,0.0544,0.001146,-0.0255,0.0372,0.0132,TRANSLATE
-20.9103,17.5857,67.4915,0.1309,72.8121,5.1571,0.0231,76.6412,6.6303,0.0769,0.001554,-0.0363,0.0646,0.0142,TRANSLATE
-20.747,19.1467,65.4557,0.1499,71.2845,1.5276,0.019,75.6859,11.3892,0.1025,0.001355,-0.0456,0.09,0.0131,TRANSLATE
-22.9101,19.3424,59.2427,0.1621,66.398,4.8865,0.0122,73.8117,25.1281,0.1254,0.00094,-0.0529,0.1126,0.0112,TRANSLATE
-19.2999,20.7864,49.9941,0.1574,57.4802,8.9178,0.0047,69.1888,47.899,0.1416,0.000399,-0.0583,0.1287,0.0077,TRANSLATE
-22.7868,19.8916,50.9609,0.1462,59.2616,1.7813,0.0112,65.4473,38.1908,0.1493,0.000116,-0.0608,0.1362,0.0038,TRANSLATE
-24.1576,19.8039,51.8844,0.1399,60.5621,1.3006,0.0063,62.9973,26.1133,0.1511,6.2e-05,-0.0612,0.138,0.0017,TRANSLATE
-24.7511,19.7931,46.77,0.1348,56.4962,4.066,0.0051,60.0396,12.0828,0.1481,0.000106,-0.0595,0.1355,0.0002,TRANSLATE
-23.4227,20.5876,39.9222,0.1208,50.6583,5.8379,0.0139,56.8917,11.6893,0.1398,0.000147,-0.0559,0.1281,-0.0011,TRANSLATE
-21.2788,21.4857,34.4003,0.1078,45.8018,4.8565,0.013,54.556,30.7617,0.1299,0.000192,-0.0513,0.1193,-0.0015,TRANSLATE
-21.7074,20.8573,24.7109,0.0908,38.947,6.8548,0.017,50.4931,58.5541,0.1188,0.000322,-0.0471,0.1091,-0.0003,TRANSLATE
-20.8441,21.1046,19.9124,0.0706,35.7265,3.2204,0.0201,45.526,57.2148,0.105,0.000506,-0.0436,0.0952,0.0005,TRANSLATE
-20.9534,21.3681,16.0393,0.0537,33.9544,1.7722,0.0169,41.0176,39.6007,0.0888,0.00059,-0.039,0.0794,0.0006,TRANSLATE
-19.4065,21.0757,10.7033,0.0356,30.5836,3.3707,0.0181,37.0027,26.666,0.0717,0.000658,-0.0345,0.0625,0.0005,TRANSLATE
-19.1814,21.4137,6.9345,0.0224,29.573,1.0106,0.0132,33.7569,11.6861,0.0546,0.000592,-0.0293,0.0458,0.0004,TRANSLATE
-19.1826,21.006,4.2414,0.0122,28.7613,0.8117,0.0102,31.7198,7.1399,0.0389,0.000444,-0.0234,0.0308,0.0003,TRANSLATE
-18.5586,21.1673,1.0337,0.0062,28.1699,0.5914,0.0061,30.2084,4.1653,0.026,0.000292,-0.0169,0.0191,0.0002,TRANSLATE
-18.3438,21.5432,-0.2011,0.0067,28.2956,0.1257,0.0005,29.0767,0.8098,0.0166,0.000124,-0.0115,0.009,0.0001,TRANSLATE
-18.0906,21.5314,-1.1734,0.0094,28.1469,0.1487,0.0027,28.5893,0.291,0.0114,3.5e-05,-0.0071,0.0015,0.0001,TRANSLATE
-17.8975,21.7564,-2.5856,0.0117,28.2904,0.1435,0.0023,28.3328,0.0496,0.0092,6e-06,-0.0038,-0.004,-0.0,TRANSLATE
-17.6399,21.5707,-4.6997,0.0138,28.2586,0.0318,0.0021,28.2323,0.0039,0.0095,9e-06,-0.0013,-0.008,-0.0001,TRANSLATE
-17.8213,21.4535,-7.041,0.015,28.765,0.5064,0.0011,28.3513,0.0457,0.0113,9e-06,0.0004,-0.0111,-0.0001,TRANSLATE
-17.482,21.9753,-8.8266,0.0156,29.4354,0.6704,0.0006,28.5793,0.2281,0.0131,5e-06,0.0017,-0.0129,-0.0,TRANSLATE
-17.22,21.7927,-10.5081,0.0159,29.6963,0.2609,0.0003,28.8891,0.3443,0.0144,2e-06,0.0025,-0.0142,0.0001,TRANSLATE
-17.3447,21.3592,-10.4253,0.0158,29.4235,0.2729,0.0,29.1158,0.2783,0.0152,1e-06,0.003,-0.0149,0.0002,TRANSLATE
-16.2227,22.1905,-10.2527,0.0152,29.3379,0.0856,0.0006,29.3316,0.0947,0.0155,0.0,0.0033,-0.0151,0.0003,TRANSLATE
-16.3469,22.2961,-11.1553,0.013,29.8124,0.4745,0.0022,29.5411,0.0328,0.0151,1e-06,0.0036,-0.0147,0.0002,TRANSLATE
-16.1681,22.6963,-11.1055,0.014,29.9977,0.1853,0.001,29.6535,0.0596,0.0148,1e-06,0.0038,-0.0143,0.0001,TRANSLATE
-16.6189,22.757,-12.5781,0.013,30.859,0.8613,0.001,29.8861,0.2958,0.0142,1e-06,0.0039,-0.0137,0.0,TRANSLATE
-16.142,22.3775,-14.2469,0.0099,31.053,0.194,0.0032,30.212,0.4191,0.013,3e-06,0.0039,-0.0124,-0.0002,TRANSLATE
-16.523,21.8457,-18.435,0.0083,33.0166,1.9636,0.0016,30.9477,1.2981,0.0116,5e-06,0.0038,-0.011,-0.0006,TRANSLATE
-16.2809,21.5422,-17.8918,0.009,32.3921,0.6245,0.0007,31.4637,1.1914,0.0108,5e-06,0.0035,-0.0102,-0.0004,TRANSLATE
-16.8528,21.6557,-21.4509,0.0036,34.83,2.4378,0.0054,32.4301,2.0939,0.0087,9e-06,0.0024,-0.0081,-0.0006,TRANSLATE
-21.8635,19.4214,-23.7107,0.0078,37.6484,2.8184,0.0043,33.788,5.2024,0.0077,5e-06,0.0008,-0.0064,-0.0018,TRANSLATE
-20.8471,19.8059,-27.1748,0.0126,39.5644,1.916,0.0048,35.4903,7.482,0.0083,8e-06,-0.0016,-0.0063,-0.0023,TRANSLATE
-19.3526,20.2197,-22.9742,0.0136,36.2102,3.3542,0.001,36.129,5.9538,0.0093,1.3e-05,-0.0046,-0.006,-0.0026,TRANSLATE
-20.2915,19.3789,-24.5981,0.013,37.3143,1.1041,0.0006,37.1134,2.4728,0.0101,1.5e-05,-0.0074,-0.0032,-0.003,TRANSLATE
-18.6707,20.4062,-31.9848,0.018,42.2852,4.9709,0.005,38.6045,4.5561,0.013,1e-05,-0.0104,-0.0011,-0.0027,TRANSLATE
-18.0647,21.2375,-27.2066,0.0236,38.9559,3.3293,0.0056,38.866,4.3296,0.0161,1.8e-05,-0.014,0.0016,-0.0016,TRANSLATE
-19.4517,20.8962,-23.3152,0.0329,36.8595,2.0964,0.0093,38.325,4.7445,0.0202,5.4e-05,-0.0178,0.0069,-0.0009,TRANSLATE
-19.4333,20.6857,-18.4897,0.0418,33.8736,2.9859,0.009,37.8577,7.5946,0.0258,0.000107,-0.0223,0.0129,-0.0005,TRANSLATE
-17.4404,20.6517,-12.1293,0.0578,29.6273,4.2463,0.0159,36.3203,18.7197,0.0348,0.000198,-0.0292,0.0187,-0.0005,TRANSLATE
-16.621,21.0933,-10.5065,0.0684,28.837,0.7903,0.0107,33.6307,15.5697,0.0449,0.000266,-0.0365,0.0258,-0.0006,TRANSLATE
-17.35,21.5934,-10.5584,0.0745,29.6441,0.8071,0.0061,31.7683,9.6083,0.0551,0.000246,-0.0444,0.0326,0.0002,TRANSLATE
-17.3956,21.8309,-7.9123,0.0742,29.0138,0.6303,0.0003,30.1992,3.4794,0.0634,0.000153,-0.0513,0.0371,0.0008,TRANSLATE
-23.7196,21.0866,-7.3955,0.0699,32.5877,3.5739,0.0043,29.942,1.854,0.069,3.7e-05,-0.057,0.0385,0.0011,TRANSLATE
-22.8101,20.2662,-2.1851,0.0646,30.5907,1.997,0.0053,30.1347,1.8813,0.0703,1.4e-05,-0.0598,0.0361,0.0013,TRANSLATE
-27.3887,20.0036,5.655,0.0575,34.384,3.7933,0.0071,31.2441,3.9251,0.0682,4.1e-05,-0.0602,0.0305,0.0007,TRANSLATE
-27.4578,20.456,15.6084,0.0517,37.6298,3.2458,0.0059,32.8412,9.0178,0.0636,6.7e-05,-0.0583,0.0238,-0.0008,TRANSLATE
-23.66,21.3023,24.218,0.0418,40.0012,2.3714,0.0098,35.0387,11.5121,0.0571,9.7e-05,-0.0541,0.0165,-0.0018,TRANSLATE
-20.9311,22.2262,29.4931,0.0261,42.4495,2.4483,0.0157,37.011,17.4045,0.0483,0.000179,-0.0468,0.0111,-0.0019,TRANSLATE
-18.4449,22.7747,26.1539,0.0129,39.2801,3.1694,0.0132,38.7489,7.1699,0.038,0.00027,-0.0372,0.0064,-0.0018,TRANSLATE
-15.2559,23.2541,20.4793,0.014,34.5384,4.7417,0.0011,38.7798,6.9041,0.0293,0.000233,-0.0263,0.0006,-0.0007,TRANSLATE
-13.7641,24.0033,21.0272,0.0302,34.7528,0.2143,0.0162,38.2044,9.5519,0.025,0.000115,-0.0123,-0.0059,0.0008,TRANSLATE
-15.6113,23.4714,20.4968,0.0442,34.8531,0.1003,0.014,37.1748,10.0924,0.0255,0.000132,0.0034,-0.0115,0.0025,TRANSLATE
-15.9578,26.9646,10.7537,0.0571,33.1268,1.7263,0.0129,35.3102,4.3286,0.0317,0.000294,0.0189,-0.0169,0.0038,TRANSLATE
-16.7662,26.3967,-4.0346,0.0689,31.5305,1.5963,0.0118,33.7603,1.6316,0.0429,0.000375,0.0341,-0.0222,0.0042,TRANSLATE
-15.6599,25.7267,-10.2714,0.0812,31.8213,0.2909,0.0123,33.2169,1.9672,0.0563,0.000322,0.0478,-0.0283,0.0042,TRANSLATE
-16.6341,26.6689,-1.7546,0.0881,31.4802,0.3411,0.0069,32.5624,1.6702,0.0679,0.000252,0.0576,-0.0349,0.0039,TRANSLATE
-17.2229,25.5976,13.0807,0.0848,33.5108,2.0306,0.0032,32.2939,0.7285,0.076,0.000131,0.0639,-0.0401,0.003,TRANSLATE
-17.7002,24.1718,14.0114,0.0777,33.0741,0.4367,0.0071,32.2834,0.7114,0.0801,4.4e-05,0.0675,-0.0423,0.0022,TRANSLATE
-16.6602,24.2281,-2.0346,0.0755,29.4738,3.6003,0.0022,31.872,2.0077,0.0814,2.1e-05,0.0694,-0.0411,0.0019,TRANSLATE
-16.475,23.4825,-18.0089,0.0712,33.87,4.3962,0.0043,32.2818,2.6376,0.0794,3.8e-05,0.0685,-0.0386,0.0016,TRANSLATE
-15.3331,23.7235,-23.2665,0.0705,36.5956,2.7257,0.0007,33.3048,5.1843,0.0759,2.7e-05,0.0652,-0.0371,0.0013,TRANSLATE
-16.3134,23.1163,-6.3476,0.0739,28.9962,7.5994,0.0034,32.4019,8.0734,0.0738,7e-06,0.0604,-0.0389,0.0013,TRANSLATE
-16.9132,23.8149,9.4063,0.0671,30.6869,1.6907,0.0068,31.9245,8.3434,0.0717,8e-06,0.0546,-0.0428,0.0013,TRANSLATE
-20.2431,22.9332,17.6688,0.0525,35.3256,4.6387,0.0146,33.0949,8.0859,0.0671,5.8e-05,0.0473,-0.0461,0.0016,TRANSLATE
-21.1163,22.3903,17.3538,0.0394,35.3324,0.0068,0.0131,33.3874,8.8815,0.0607,0.000167,0.0403,-0.0451,0.002,TRANSLATE
-20.8556,21.6279,14.9924,0.0283,33.5781,1.7543,0.011,32.7839,6.466,0.0523,0.000286,0.0341,-0.0393,0.0025,TRANSLATE
-19.8282,22.396,12.9189,0.0223,32.5828,0.9953,0.006,33.5012,3.0903,0.0419,0.000265,0.0279,-0.0311,0.0024,TRANSLATE
-18.6563,22.9043,13.0539,0.0224,32.2966,0.2862,0.0001,33.8231,1.6928,0.033,0.000134,0.0214,-0.0246,0.002,TRANSLATE
-18.9438,22.3422,15.1525,0.0262,32.9794,0.6828,0.0038,33.3539,1.1635,0.0277,3.9e-05,0.0159,-0.0219,0.0016,TRANSLATE
-19.6269,21.9425,22.1939,0.0244,36.8681,3.8887,0.0018,33.661,2.7562,0.0247,5e-06,0.0133,-0.0203,0.0011,TRANSLATE
-20.2109,22.0728,17.9363,0.0246,34.8913,1.9769,0.0002,33.9236,2.9886,0.024,2e-06,0.0132,-0.0193,0.0004,TRANSLATE
-21.0843,20.9332,13.4084,0.0175,32.5966,2.2947,0.0071,33.9264,2.9812,0.023,9e-06,0.0138,-0.0169,-0.0002,TRANSLATE
-24.6675,19.9903,-0.542,0.0199,31.7552,0.8414,0.0023,33.8181,3.3811,0.0225,1.1e-05,0.0155,-0.0145,-0.0011,TRANSLATE
-23.259,20.8235,-4.7555,0.0224,31.5787,0.1765,0.0025,33.538,4.1649,0.0218,7e-06,0.0169,-0.0128,-0.0015,TRANSLATE
-28.5134,21.5338,0.0581,0.0219,35.7313,4.1526,0.0005,33.3106,2.8574,0.0213,6e-06,0.0154,-0.0132,-0.0015,TRANSLATE
-28.8733,21.2177,5.7371,0.0216,36.2873,0.556,0.0003,33.5898,4.0519,0.0206,3e-06,0.0133,-0.0141,-0.002,TRANSLATE
-24.1955,21.3085,7.671,0.0152,33.1409,3.1464,0.0064,33.6987,3.883,0.0202,7e-06,0.012,-0.0151,-0.0025,TRANSLATE
-23.222,21.3406,3.8368,0.018,31.7711,1.3698,0.0028,33.7018,3.8707,0.0198,8e-06,0.0108,-0.0161,-0.0019,TRANSLATE
-21.8932,21.6412,3.3788,0.0194,30.9689,0.8022,0.0014,33.5799,4.4481,0.0192,6e-06,0.0108,-0.0152,-0.0021,TRANSLATE
-21.6896,21.4723,3.778,0.0208,30.7534,0.2155,0.0013,32.5843,4.129,0.019,5e-06,0.0116,-0.0144,-0.0028,TRANSLATE
-21.136,21.0122,4.0693,0.0132,30.08,0.6734,0.0075,31.3428,1.0997,0.0173,8e-06,0.0114,-0.0125,-0.0028,TRANSLATE
-21.4088,20.5973,4.0054,0.0101,29.9772,0.1028,0.0031,30.7101,0.4258,0.0163,1.6e-05,0.0112,-0.0109,-0.0027,TRANSLATE
-20.6989,20.0497,-2.605,0.0135,28.9348,1.0424,0.0034,30.1428,0.5092,0.0154,1.6e-05,0.0116,-0.0077,-0.0033,TRANSLATE
-19.0779,20.196,-10.9903,0.0111,29.8769,0.9421,0.0024,29.9245,0.3392,0.0137,1.4e-05,0.0106,-0.005,-0.0037,TRANSLATE
-19.5717,20.0912,-18.3922,0.0145,33.5407,3.6638,0.0034,30.4819,2.5064,0.0125,3e-06,0.0105,-0.0032,-0.0036,TRANSLATE
-21.9261,19.4073,-20.9138,0.0234,35.9831,2.4424,0.0088,31.6626,7.1329,0.0145,2.2e-05,0.013,-0.0033,-0.0035,TRANSLATE
-19.519,19.7915,-27.956,0.0332,39.4238,3.4407,0.0099,33.5519,15.0425,0.0191,6.7e-05,0.0161,-0.0073,-0.0027,TRANSLATE
-21.6308,22.6988,-15.5211,0.0519,34.9862,4.4376,0.0186,34.7621,9.7258,0.0268,0.000216,0.0206,-0.0152,-0.0023,TRANSLATE
-22.0359,22.2278,-6.8137,0.066,32.0325,2.9536,0.0142,35.1933,6.257,0.0378,0.000353,0.0282,-0.0246,-0.0015,TRANSLATE
-17.6319,21.7197,-9.3854,0.0854,29.5079,2.5247,0.0193,34.3867,11.525,0.052,0.000497,0.0376,-0.0354,-0.0008,TRANSLATE
-17.0805,19.9914,-9.3614,0.1055,27.9112,1.5967,0.0201,32.7723,16.7954,0.0684,0.000635,0.0474,-0.0492,-0.0006,TRANSLATE
-19.9425,18.8525,-6.6673,0.1226,28.2413,0.3301,0.0172,30.5358,7.0511,0.0863,0.000657,0.0575,-0.0641,-0.0011,TRANSLATE
-18.9478,17.8789,3.6349,0.1341,26.3037,1.9376,0.0115,28.7993,3.6568,0.1027,0.000608,0.0652,-0.0789,-0.0021,TRANSLATE
-20.5707,18.4656,14.9548,0.1339,31.429,5.1253,0.0002,28.6786,2.9345,0.1163,0.000349,0.0694,-0.0927,-0.0041,TRANSLATE
-23.6972,19.6506,29.2889,0.1248,42.4917,11.0627,0.0091,31.2754,34.2138,0.1242,0.000109,0.0703,-0.1018,-0.0053,TRANSLATE
-26.2578,19.3674,41.8998,0.1121,53.1052,10.6135,0.0127,36.3142,101.869,0.1255,6.7e-05,0.069,-0.1046,-0.0043,TRANSLATE
-23.6562,21.8251,49.8105,0.098,59.3046,6.1994,0.014,42.5268,155.95,0.1206,0.000192,0.067,-0.0996,-0.0015,TRANSLATE
-12.8187,24.6851,51.9328,0.0745,58.9125,0.3921,0.0236,49.0486,114.4769,0.1087,0.000438,0.0642,-0.0859,0.0024,TRANSLATE
-11.1831,25.1293,47.7618,0.0469,55.1157,3.7969,0.0276,53.7859,37.3061,0.0913,0.00077,0.0594,-0.0639,0.0069,TRANSLATE
-12.3559,25.966,30.9314,0.043,42.2332,12.8824,0.004,53.7343,38.4842,0.0749,0.000744,0.0501,-0.0352,0.0105,TRANSLATE
-20.2097,20.9415,2.5295,0.074,29.2126,13.0206,0.0311,48.9557,135.833,0.0673,0.00041,0.0345,-0.0022,0.01,TRANSLATE
-26.3021,18.5407,-26.8639,0.0933,41.9193,12.7067,0.0193,45.4787,112.2254,0.0663,0.000355,0.012,0.0284,0.0075,TRANSLATE
-24.7354,19.1451,-41.5568,0.1059,52.0129,10.0936,0.0126,44.0988,82.7667,0.0726,0.000615,-0.0154,0.0515,0.0038,TRANSLATE
-12.3415,21.4692,-34.5485,0.1157,42.5069,9.506,0.0098,41.577,52.6397,0.0864,0.000665,-0.044,0.0646,0.0004,TRANSLATE
-14.0826,20.9379,-14.2107,0.1326,28.9596,13.5474,0.0169,38.9223,77.3459,0.1043,0.000393,-0.07,0.0714,-0.002,TRANSLATE
-9.1879,24.269,-5.4373,0.1569,26.5135,2.446,0.0243,38.3825,88.9944,0.1209,0.000489,-0.0898,0.0784,-0.0024,TRANSLATE
-8.041,24.3965,-7.9936,0.1793,26.9025,0.3889,0.0225,35.3791,103.8302,0.1381,0.000725,-0.1031,0.09,-0.0008,TRANSLATE
-8.1015,23.6172,-13.8824,0.1916,28.5679,1.6655,0.0123,30.6901,35.7852,0.1552,0.000798,-0.1109,0.106,0.0022,TRANSLATE
-10.0937,22.5594,-24.9403,0.1856,35.1116,6.5437,0.0061,29.211,9.5799,0.1692,0.000473,-0.1142,0.123,0.0041,TRANSLATE
-9.0375,22.9881,-25.8272,0.169,35.7376,0.626,0.0165,30.5666,16.2488,0.1765,0.000152,-0.1148,0.1335,0.0036,TRANSLATE
-12.8362,22.8217,-21.3243,0.1482,33.7687,1.9689,0.0208,32.0177,12.9085,0.1748,0.000232,-0.1132,0.1327,0.0038,TRANSLATE
-14.4909,22.3793,-18.3094,0.1284,32.3427,1.426,0.0198,33.1057,6.5127,0.1646,0.000553,-0.1092,0.1226,0.0011,TRANSLATE
-16.6864,20.9003,-12.9132,0.109,29.6986,2.6441,0.0194,33.3319,4.6649,0.148,0.000751,-0.1019,0.1069,-0.0018,TRANSLATE
-17.0585,20.5984,-7.5805,0.0909,27.7984,1.9003,0.0181,31.8692,8.0159,0.1291,0.000765,-0.092,0.0904,-0.0035,TRANSLATE
-17.4656,20.4131,-6.7363,0.0696,27.6969,0.1015,0.0214,30.2611,5.9186,0.1092,0.00076,-0.0787,0.0756,-0.0037,TRANSLATE
-16.5193,21.393,-6.8078,0.0482,27.8728,0.1759,0.0214,29.0819,3.2082,0.0892,0.000801,-0.064,0.062,-0.004,TRANSLATE
-15.9405,22.3081,-7.9931,0.0326,28.5594,0.6866,0.0156,28.3252,0.5636,0.07,0.000767,-0.0494,0.0495,-0.0034,TRANSLATE
-14.5617,22.834,-8.4695,0.0194,28.3755,0.1839,0.0132,28.0606,0.1169,0.0521,0.000656,-0.0358,0.0377,-0.0026,TRANSLATE
-12.965,23.2078,-8.0287,0.0095,27.7697,0.6058,0.0099,28.0548,0.12,0.0358,0.000453,-0.024,0.0264,-0.0024,TRANSLATE
-12.6908,23.5194,-9.1792,0.0023,28.2573,0.4876,0.0072,28.1669,0.09,0.0224,0.00027,-0.0146,0.0166,-0.0022,TRANSLATE
-13.7776,23.4436,-11.3621,0.0038,29.4707,1.2134,0.0015,28.4865,0.3105,0.0135,0.000127,-0.0076,0.009,-0.002,TRANSLATE
-14.8627,23.1612,-12.321,0.0075,30.152,0.6813,0.0037,28.805,0.7628,0.0085,3.6e-05,-0.0024,0.0029,-0.0016,TRANSLATE
-15.6402,22.7352,-14.388,0.0084,31.121,0.969,0.0009,29.3542,1.4971,0.0063,8e-06,0.0015,-0.0008,-0.0012,TRANSLATE
-15.0278,22.7975,-20.0385,0.0094,33.8689,2.7479,0.001,30.574,3.5836,0.0063,8e-06,0.0045,-0.0028,-0.0007,TRANSLATE
-13.6253,23.6568,-32.3996,0.0106,42.3677,8.4988,0.0012,33.3961,22.3644,0.008,5e-06,0.0069,-0.0033,0.0001,TRANSLATE
-14.0534,23.2785,-40.7853,0.0145,49.0186,6.6509,0.0039,37.3057,52.8108,0.0101,6e-06,0.0083,-0.005,0.0007,TRANSLATE
-12.9052,24.2416,-43.6939,0.0194,51.6077,2.589,0.0049,41.5968,65.0716,0.0125,1.6e-05,0.0092,-0.0071,0.0015,TRANSLATE
-14.396,24.2526,-44.727,0.0193,52.8766,1.269,0.0001,45.9479,49.6379,0.0147,1.7e-05,0.0098,-0.0096,0.0022,TRANSLATE
-13.6856,24.7146,-49.6941,0.0153,57.163,4.2864,0.004,50.6067,23.9084,0.0158,1.1e-05,0.0093,-0.0118,0.0027,TRANSLATE
-14.8203,24.5873,-49.7896,0.0176,57.4733,0.3104,0.0023,53.6279,10.6351,0.0172,4e-06,0.0074,-0.0149,0.0025,TRANSLATE
-16.7563,22.8261,-43.8255,0.0205,52.1773,5.296,0.0029,54.2596,6.4078,0.0184,3e-06,0.0038,-0.0164,0.0024,TRANSLATE
-17.08,22.6046,-36.7197,0.027,46.3793,5.7981,0.0065,53.2139,16.3278,0.0199,1.5e-05,-0.0023,-0.0166,0.0014,TRANSLATE
-16.3265,23.065,-26.6102,0.0367,38.8156,7.5637,0.0098,50.4017,49.8589,0.0234,6e-05,-0.0106,-0.0169,-0.0008,TRANSLATE
-19.7112,25.0645,-15.3725,0.0419,35.3988,3.4168,0.0052,46.0489,66.7862,0.0288,8.7e-05,-0.0196,-0.0175,-0.0021,TRANSLATE
-26.4252,21.4734,-0.2574,0.0495,34.051,1.3478,0.0075,41.3644,47.528,0.0351,0.000107,-0.0289,-0.0176,-0.0017,TRANSLATE
-29.2152,19.4163,11.741,0.0502,36.9915,2.9405,0.0007,38.3272,18.7441,0.0411,7.4e-05,-0.0369,-0.0158,-0.0001,TRANSLATE
-28.7971,20.0205,23.8709,0.0551,42.4254,5.434,0.0049,37.5364,8.5107,0.0467,4.2e-05,-0.0436,-0.0123,0.0019,TRANSLATE
-22.9315,21.9508,34.078,0.0631,46.5725,4.1471,0.008,39.0878,22.1067,0.0519,4.8e-05,-0.0497,-0.0066,0.005,TRANSLATE
-23.3108,22.2044,38.7249,0.0739,50.3591,3.7867,0.0108,42.0799,35.841,0.0583,8.4e-05,-0.056,0.0014,0.007,TRANSLATE
-25.0643,21.4072,41.3768,0.0812,52.9011,2.5419,0.0073,45.8499,32.1548,0.0647,0.000133,-0.0627,0.0081,0.0073,TRANSLATE
-25.7202,21.7664,47.9077,0.0849,58.57,5.6689,0.0037,50.1656,30.1952,0.0716,0.000124,-0.0699,0.0104,0.0075,TRANSLATE
-24.323,20.1319,64.8636,0.0825,72.1401,13.5701,0.0024,56.1086,79.4698,0.0771,6.3e-05,-0.0755,0.0095,0.0071,TRANSLATE
-22.1647,20.7899,69.4534,0.0728,75.8107,3.6706,0.0097,61.9562,104.7225,0.079,2.3e-05,-0.0776,0.0086,0.006,TRANSLATE
-21.8755,20.6444,68.1471,0.0626,74.49,1.3208,0.0102,66.7824,85.9512,0.0768,6.7e-05,-0.0761,0.0057,0.0041,TRANSLATE
-23.9754,19.4749,68.5239,0.047,75.164,0.674,0.0156,71.235,41.6379,0.07,0.000194,-0.0694,0.0039,0.0026,TRANSLATE
-26.1897,19.4706,63.1285,0.0263,71.0648,4.0991,0.0207,73.7339,3.3188,0.0582,0.000394,-0.0577,0.0048,0.0003,TRANSLATE
-18.6767,21.2171,58.5559,0.0035,65.0214,6.0434,0.0227,72.3102,15.9653,0.0424,0.000625,-0.0419,0.0053,-0.0009,TRANSLATE
-19.6195,22.1299,51.5698,0.0227,59.4483,5.5731,0.0192,69.0377,35.8911,0.0324,0.000418,-0.0233,0.0022,-0.0012,TRANSLATE
-23.6206,22.0695,50.6527,0.0393,60.089,0.6408,0.0166,66.1575,37.6658,0.0278,0.000224,-0.0038,-0.0028,0.0005,TRANSLATE
-24.484,23.2588,56.5628,0.0508,65.877,5.788,0.0114,64.3001,18.0084,0.0285,0.000255,0.0147,-0.0084,0.0014,TRANSLATE
-26.2684,26.3039,64.4221,0.0541,74.3783,8.5013,0.0033,64.9628,28.7309,0.0341,0.000353,0.0297,-0.014,0.0022,TRANSLATE
-23.5554,25.6431,70.6814,0.0555,78.7927,4.4144,0.0015,67.7171,59.3974,0.0445,0.000151,0.0407,-0.0177,0.0025,TRANSLATE
-16.0443,26.5926,74.7326,0.064,80.9293,2.1366,0.0085,72.0133,62.1781,0.0527,6.4e-05,0.0489,-0.0188,0.0036,TRANSLATE
-15.3511,26.9022,70.8642,0.074,77.3377,3.5916,0.01,75.463,27.5099,0.0597,7e-05,0.0565,-0.0171,0.0036,TRANSLATE
-16.4809,24.1686,62.7226,0.0815,69.2089,8.1288,0.0075,76.1294,16.5104,0.0658,0.000112,0.0635,-0.0142,0.0041,TRANSLATE
-24.5566,26.6693,51.4375,0.0897,62.9293,6.2796,0.0082,73.8396,45.5026,0.0729,0.000148,0.0715,-0.0099,0.0057,TRANSLATE
-18.4234,27.1386,32.425,0.0934,46.1227,16.8066,0.0037,67.3056,151.548,0.0805,0.000114,0.0797,-0.0063,0.0066,TRANSLATE
-22.5949,25.3734,19.2306,0.0943,39.0404,7.0823,0.0008,58.9278,204.0233,0.0866,6e-05,0.086,-0.0057,0.0067,TRANSLATE
-17.026,23.4581,12.7501,0.0925,31.6659,7.3745,0.0017,49.7934,201.4438,0.0903,2.2e-05,0.0896,-0.0073,0.0059,TRANSLATE
-13.7958,24.0789,6.0313,0.0878,28.3989,3.267,0.0048,41.6314,150.9789,0.0915,6e-06,0.0905,-0.0094,0.0045,TRANSLATE
-12.5554,23.3944,2.372,0.0759,26.6564,1.7425,0.0119,34.3769,52.481,0.0888,4.7e-05,0.0872,-0.0137,0.0018,TRANSLATE
-15.6318,23.0218,3.5413,0.0688,28.0517,1.3953,0.007,30.7626,19.8272,0.0839,9.8e-05,0.081,-0.0193,0.0001,TRANSLATE
-13.4586,21.9518,13.5924,0.0681,29.1165,1.0648,0.0007,28.7779,2.7254,0.0786,9.8e-05,0.0749,-0.0223,-0.0019,TRANSLATE
-14.6825,22.0146,16.5052,0.0681,31.1871,2.0707,0.0,28.6821,2.209,0.0737,5.8e-05,0.0697,-0.023,-0.0023,TRANSLATE
-13.4772,22.6242,13.7323,0.0734,29.6996,1.4876,0.0054,28.9422,2.3324,0.0709,1e-05,0.0669,-0.0222,-0.0017,TRANSLATE
-14.2099,22.9149,12.9796,0.0726,29.9247,0.2251,0.0009,29.5959,1.0531,0.0702,5e-06,0.0668,-0.0195,-0.0017,TRANSLATE
-14.6367,23.1413,9.9368,0.0679,29.1289,0.7958,0.0047,29.8113,0.5733,0.07,6e-06,0.0679,-0.0153,-0.002,TRANSLATE
-14.0843,23.1099,1.8713,0.0638,27.1282,2.0007,0.0041,29.4137,1.7585,0.0692,1.2e-05,0.0681,-0.0099,-0.0023,TRANSLATE
-14.3706,22.5661,-6.5248,0.0574,27.5375,0.4093,0.0064,28.6838,1.3007,0.067,3.5e-05,0.0664,-0.0072,-0.0032,TRANSLATE
-12.0277,23.2966,-12.6605,0.0466,29.1151,1.5775,0.0108,28.5669,1.1179,0.0616,8.2e-05,0.0609,-0.0068,-0.004,TRANSLATE
-13.0097,23.0154,-13.1471,0.0371,29.5264,0.4113,0.0094,28.4872,0.9269,0.0546,0.000128,0.0534,-0.0079,-0.0042,TRANSLATE
-14.2202,22.5436,-10.8458,0.0281,28.776,0.7504,0.009,28.4167,0.8563,0.0466,0.000168,0.0445,-0.0094,-0.0042,TRANSLATE
-14.8762,22.2911,-9.4923,0.0181,28.4306,0.3454,0.01,28.6771,0.4565,0.0375,0.000188,0.0342,-0.012,-0.004,TRANSLATE
-15.9728,22.6891,-7.5782,0.0145,28.7638,0.3332,0.0036,28.9224,0.1381,0.0289,0.000141,0.0249,-0.0128,-0.0036,TRANSLATE
-17.022,22.8357,-11.5251,0.0122,30.7253,1.9615,0.0023,29.2444,0.677,0.022,8.7e-05,0.0182,-0.0113,-0.0029,TRANSLATE
-17.2551,23.3092,-18.7451,0.0141,34.5316,3.8063,0.002,30.2455,5.2499,0.0174,3.2e-05,0.0141,-0.0091,-0.0025,TRANSLATE
-16.2041,22.7692,-22.4585,0.013,35.8524,1.3208,0.0012,31.6608,9.1026,0.0144,4e-06,0.0121,-0.0063,-0.0018,TRANSLATE
-16.1383,22.0029,-27.5512,0.0121,38.7768,2.9244,0.0009,33.73,12.8617,0.0132,1e-06,0.0119,-0.0045,-0.0012,TRANSLATE
-15.5512,22.0429,-26.3378,0.0103,37.7016,1.0752,0.0017,35.5176,7.8885,0.0123,2e-06,0.0119,-0.0028,-0.0009,TRANSLATE
-18.1472,21.9093,-32.2234,0.0123,42.9848,5.2831,0.0019,37.9695,8.4354,0.0124,2e-06,0.012,-0.0015,-0.0004,TRANSLATE
-19.074,21.8775,-41.41,0.0197,50.5691,7.5843,0.0074,41.1769,27.5338,0.0135,1e-05,0.0131,-0.001,0.0004,TRANSLATE
-18.4092,22.302,-49.7499,0.0346,57.5441,6.9751,0.0149,45.5153,56.6195,0.0178,8.1e-05,0.0172,-0.0025,0.0001,TRANSLATE
-16.0368,21.9666,-57.9436,0.0483,64.0092,6.465,0.0137,50.5617,90.4759,0.025,0.000208,0.0243,-0.0039,0.0001,TRANSLATE
-17.7294,21.492,-73.7987,0.0635,78.8827,14.8735,0.0152,58.798,149.9796,0.0357,0.000347,0.0348,-0.0061,0.0001,TRANSLATE
-16.4023,21.2217,-82.0671,0.0763,86.3389,7.4562,0.0129,67.4688,176.4852,0.0485,0.000405,0.047,-0.011,-0.0007,TRANSLATE
-16.4343,20.4649,-85.4661,0.0852,89.4056,3.0667,0.0089,75.2361,155.2788,0.0616,0.000337,0.0595,-0.0157,-0.0021,TRANSLATE
-18.1256,19.5532,-94.4635,0.0904,98.1541,8.7485,0.0052,83.3581,131.7578,0.0727,0.000233,0.0699,-0.0196,-0.0018,TRANSLATE
-16.4317,19.3425,-95.1677,0.0946,98.4938,0.3397,0.0042,90.255,55.132,0.082,0.000123,0.0784,-0.0236,-0.0026,TRANSLATE
-19.9797,19.0396,-96.9404,0.0909,100.7926,2.2988,0.0037,94.637,32.2725,0.0875,4e-05,0.0833,-0.0267,-0.002,TRANSLATE
-21.4275,17.7317,-98.7836,0.0764,102.6243,1.8317,0.0145,97.8941,20.6516,0.0875,4e-05,0.0834,-0.0262,-0.0011,TRANSLATE
-16.4264,17.4604,-103.03,0.0621,105.7822,3.1579,0.0144,101.1694,7.9575,0.0829,0.000147,0.0791,-0.0244,0.0005,TRANSLATE
-7.9036,18.9714,-103.1334,0.0472,105.1612,0.621,0.0149,102.5708,7.362,0.0742,0.000316,0.071,-0.0212,0.001,TRANSLATE
-9.526,18.599,-102.5161,0.0354,104.6242,0.537,0.0117,103.7969,3.3776,0.0624,0.000394,0.0598,-0.0176,0.0016,TRANSLATE
-13.2771,17.598,-87.2316,0.0272,89.974,14.6501,0.0082,101.6332,35.1051,0.0497,0.000317,0.0469,-0.0151,0.0006,TRANSLATE
-7.8873,20.669,-64.5291,0.0065,68.216,21.7581,0.0207,94.7515,210.8934,0.0357,0.000351,0.0324,-0.011,-0.0012,TRANSLATE
0.062,25.5883,-49.8107,0.0435,55.9989,12.2171,0.037,84.7948,387.7761,0.032,0.00021,0.0139,-0.0023,-0.0033,TRANSLATE
-12.216,24.7425,-79.7142,0.1131,84.3551,28.3562,0.0697,80.6336,287.5414,0.0451,0.001307,-0.0131,0.0139,-0.006,TRANSLATE
-8.679,22.369,-101.9151,0.153,104.7014,20.3464,0.0399,80.6491,288.2839,0.0687,0.003061,-0.0481,0.0277,-0.008,TRANSLATE
-6.1401,23.2608,-81.0165,0.1801,84.5129,20.1885,0.0271,79.5569,272.6859,0.0992,0.004267,-0.087,0.0409,-0.007,TRANSLATE
-10.5527,21.2149,-71.4007,0.183,75.2296,9.2834,0.0029,80.9596,248.7401,0.1345,0.002703,-0.1224,0.051,-0.0043,TRANSLATE
-17.0078,22.9938,-64.433,0.1757,70.4954,4.7342,0.0073,83.8589,137.6268,0.161,0.000684,-0.1501,0.0533,-0.0015,TRANSLATE
-15.6906,22.1482,-54.0621,0.1652,60.4933,10.002,0.0105,79.0865,223.9921,0.1714,0.000121,-0.1647,0.0453,0.0031,TRANSLATE
-13.6462,23.5623,-47.984,0.1548,55.1713,5.3221,0.0104,69.1805,109.0259,0.1717,0.000109,-0.1668,0.039,0.0079,TRANSLATE
-18.3795,20.5436,-40.5122,0.148,49.0009,6.1704,0.0068,62.0781,93.0084,0.1653,0.000166,-0.1611,0.034,0.0111,TRANSLATE
-21.9942,22.1661,-40.8691,0.1465,51.4332,2.4323,0.0015,57.3188,58.4281,0.158,0.000122,-0.1548,0.0277,0.0141,TRANSLATE
-21.3329,21.6829,-39.6672,0.1476,49.9873,1.4459,0.0012,53.2172,17.6307,0.1524,4.9e-05,-0.15,0.0204,0.0148,TRANSLATE
-16.2163,24.0151,-27.2181,0.1324,39.7557,10.2315,0.0152,49.0697,26.0823,0.1458,5.4e-05,-0.144,0.015,0.0142,TRANSLATE
-16.3855,24.0839,-13.5589,0.1074,32.1304,7.6253,0.025,44.4615,54.7886,0.1364,0.000244,-0.135,0.0098,0.0125,TRANSLATE
-17.0241,22.514,0.0998,0.0808,28.226,3.9044,0.0265,40.3065,86.1217,0.1229,0.000653,-0.1222,0.0048,0.0089,TRANSLATE
-17.8067,22.3393,5.0829,0.0539,29.0166,0.7905,0.0269,35.8232,66.7537,0.1044,0.001152,-0.1042,0.0021,0.0039,TRANSLATE
-16.7016,23.2434,6.0257,0.0307,29.2491,0.2325,0.0233,31.6756,18.0707,0.081,0.00132,-0.0806,0.0033,0.0012,TRANSLATE
-18.0426,22.8697,2.9643,0.0181,29.2804,0.0314,0.0126,29.5805,1.7709,0.0582,0.001064,-0.0572,0.0048,-0.0014,TRANSLATE
-17.0059,22.2426,-2.9535,0.0117,28.1542,1.1262,0.0064,28.7853,0.245,0.039,0.000646,-0.0363,0.0067,-0.0037,TRANSLATE
-19.2704,21.0441,-5.7816,0.0053,29.114,0.9598,0.0063,28.9629,0.1725,0.0239,0.000295,-0.0196,0.0071,-0.0041,TRANSLATE
-14.8069,23.0415,-7.8378,0.0079,28.4884,0.6257,0.0026,28.8572,0.2058,0.0147,8.2e-05,-0.0076,0.0057,-0.0043,TRANSLATE
-12.8299,23.9301,-4.914,0.0081,27.5935,0.8948,0.0002,28.5261,0.3848,0.0102,2e-05,-0.0007,0.0033,-0.0051,TRANSLATE
-16.5108,22.3941,1.1376,0.0137,27.8459,0.2524,0.0056,28.2392,0.2812,0.0093,9e-06,0.0048,0.001,-0.0051,TRANSLATE
-12.9555,23.9746,5.5101,0.0181,27.8027,0.0432,0.0044,28.1689,0.313,0.0106,2.1e-05,0.009,-0.0014,-0.0034,TRANSLATE
-15.1738,23.5641,5.8549,0.0219,28.632,0.8293,0.0038,28.0725,0.1679,0.0139,3e-05,0.0126,-0.0015,-0.0015,TRANSLATE
-20.5484,21.4919,3.2996,0.0229,29.917,1.285,0.001,28.3582,0.7321,0.0169,3e-05,0.0158,-0.0007,0.0,TRANSLATE
-20.0575,21.7623,-2.2416,0.0251,29.6804,0.2366,0.0022,28.7756,0.7906,0.0203,1.6e-05,0.0194,0.001,0.0027,TRANSLATE
-21.2616,20.4567,-7.8808,0.02,30.5391,0.8588,0.0051,29.3142,0.9496,0.0216,6e-06,0.0207,0.0025,0.0045,TRANSLATE
-18.2593,21.2716,-14.5171,0.0177,31.5694,1.0303,0.0024,30.0676,0.9423,0.0215,6e-06,0.0206,0.0038,0.0046,TRANSLATE
-18.9074,21.0142,-17.5043,0.0177,33.2489,1.6794,0.0,30.991,1.7016,0.0207,9e-06,0.0199,0.0035,0.0039,TRANSLATE
-17.5134,21.0457,-18.4503,0.0177,33.016,0.2329,0.0001,31.6108,1.9069,0.0196,8e-06,0.0189,0.0022,0.0034,TRANSLATE
-15.2639,19.9084,-12.9915,0.0172,28.2509,4.7651,0.0005,31.3249,3.3377,0.018,1e-06,0.0174,-0.0003,0.0017,TRANSLATE
-14.5455,21.358,-11.5807,0.0174,28.3169,0.0661,0.0002,30.8804,4.8262,0.0175,0.0,0.0169,-0.001,0.002,TRANSLATE
-13.1551,22.7083,-6.5427,0.0163,27.0468,1.2701,0.0011,29.9759,6.8524,0.0172,0.0,0.0164,-0.0012,0.003,TRANSLATE
-20.8772,20.4104,-1.5467,0.0166,29.2375,2.1907,0.0003,29.1736,4.1754,0.017,0.0,0.0157,-0.0001,0.0037,TRANSLATE
-19.7549,21.1502,4.0439,0.0171,29.2222,0.0153,0.0005,28.4149,0.6473,0.0169,0.0,0.0148,0.0029,0.0035,TRANSLATE
-20.8508,20.8014,11.532,0.0215,31.6298,2.4075,0.0044,29.0907,2.2524,0.0178,4e-06,0.0133,0.008,0.0031,TRANSLATE
-22.0806,20.988,10.9225,0.0323,32.3628,0.733,0.0108,29.8998,3.6193,0.0208,3.7e-05,0.0106,0.0143,0.001,TRANSLATE
-24.0489,20.5685,8.7036,0.0401,32.8202,0.4574,0.0077,31.0545,2.3638,0.0255,8.5e-05,0.0078,0.0218,-0.0013,TRANSLATE
-24.7954,20.0142,14.7879,0.048,35.1292,2.309,0.0079,32.2328,3.6356,0.0318,0.00013,0.0049,0.0301,-0.0034,TRANSLATE
-21.7207,20.4864,14.3272,0.0626,33.1172,2.012,0.0146,33.0118,1.3725,0.0409,0.000194,0.0032,0.0401,-0.0053,TRANSLATE
-21.7234,20.1516,13.2993,0.0733,32.4787,0.6385,0.0107,33.1816,1.0185,0.0512,0.000221,0.0013,0.0509,-0.0056,TRANSLATE
-19.685,20.6775,12.8925,0.0829,31.3253,1.1533,0.0096,32.9741,1.5305,0.0614,0.000248,0.0003,0.061,-0.0052,TRANSLATE
-22.1886,20.2983,9.7546,0.0847,31.615,0.2897,0.0018,32.7331,1.8371,0.0703,0.000187,-0.0012,0.07,-0.0044,TRANSLATE
-19.0009,20.6417,8.8287,0.0834,29.4119,2.2031,0.0013,31.5896,1.5873,0.0774,7.1e-05,-0.0027,0.077,-0.0039,TRANSLATE
-12.7195,22.6446,0.438,0.0833,25.9761,3.4359,0.0001,30.1614,5.3832,0.0815,1.7e-05,-0.0046,0.0813,-0.0021,TRANSLATE
-18.1912,19.7782,-15.9527,0.0832,31.2504,5.2743,0.0001,29.9157,4.4861,0.0835,0.0,-0.0037,0.0833,-0.0024,TRANSLATE
-19.7311,18.7601,-48.3434,0.0791,55.4828,24.2324,0.0041,34.7472,111.4806,0.0828,4e-06,0.0,0.0821,-0.0029,TRANSLATE
-17.2849,19.2143,-80.2998,0.0672,84.3564,28.8736,0.0119,45.2955,490.4663,0.0793,3.9e-05,0.0061,0.0778,-0.003,TRANSLATE
-15.8123,19.7558,-65.7086,0.0422,70.4126,13.9438,0.025,53.4957,498.9398,0.071,0.000242,0.0133,0.0675,-0.002,TRANSLATE
-13.9623,21.1922,-56.92,0.045,62.3212,8.0914,0.0028,60.7647,310.2133,0.0633,0.000288,0.0218,0.0559,-0.0012,TRANSLATE
-20.3917,21.2256,-81.9985,0.0462,87.1212,24.7999,0.0012,71.9389,150.0655,0.0559,0.000214,0.0298,0.0421,0.0008,TRANSLATE
-21.3321,19.5992,-101.2988,0.0485,105.3595,18.2384,0.0023,81.9142,219.7863,0.0498,8e-05,0.0358,0.024,0.003,TRANSLATE
-22.697,21.57,-95.0234,0.0607,100.0493,5.3102,0.0122,85.0528,274.5192,0.0485,4.1e-05,0.0388,0.0021,0.0039,TRANSLATE
-20.7638,21.6248,-83.1406,0.0659,88.3806,11.6687,0.0052,88.6464,220.9532,0.0532,7.1e-05,0.0401,-0.0155,0.0039,TRANSLATE
-17.4517,21.3436,-85.8375,0.0649,90.1564,1.7758,0.001,94.2134,51.815,0.0572,6.9e-05,0.0382,-0.0322,0.0033,TRANSLATE
-17.5613,22.0311,-78.5606,0.0736,83.4598,6.6966,0.0087,93.4811,64.3468,0.0627,6.8e-05,0.0343,-0.0488,0.0024,TRANSLATE
-18.6584,19.8561,-80.911,0.0763,85.3756,1.9158,0.0027,89.4843,33.2931,0.0683,3.3e-05,0.029,-0.0609,0.0008,TRANSLATE
-18.4143,19.2287,-80.5569,0.0907,84.8425,0.5331,0.0145,86.443,6.0289,0.0743,8.7e-05,0.0245,-0.0694,-0.0002,TRANSLATE
-16.4783,19.5454,-59.033,0.1179,64.3308,20.5116,0.0272,81.633,79.9317,0.0847,0.000346,0.0218,-0.0814,-0.0011,TRANSLATE
-17.0545,20.8145,-32.9639,0.1005,42.5525,21.7783,0.0174,72.1122,280.2137,0.0918,0.000267,0.0217,-0.089,-0.002,TRANSLATE
-17.2061,20.8766,-29.3743,0.084,39.9341,2.6185,0.0165,63.4071,385.7678,0.0939,0.000208,0.0205,-0.0915,-0.0025,TRANSLATE
-17.5586,21.1856,-39.5682,0.0864,48.1952,8.2611,0.0024,55.971,280.2299,0.0959,0.000153,0.0182,-0.094,-0.003,TRANSLATE
-18.1563,21.586,-44.7202,0.0992,52.8725,4.6773,0.0128,49.577,74.5549,0.0976,0.000147,0.0145,-0.096,-0.0032,TRANSLATE
-19.8875,21.4407,-28.3792,0.109,40.7504,12.122,0.0099,44.8609,24.3602,0.0958,8.7e-05,0.0087,-0.0945,-0.0032,TRANSLATE
-15.5819,21.5869,-4.0221,0.1073,26.9252,13.8252,0.0018,41.7355,77.8639,0.0972,0.000107,0.0017,-0.0965,-0.0028,TRANSLATE
-19.4718,21.9633,15.7667,0.0939,33.3185,6.3933,0.0134,40.4124,89.6333,0.0992,7.1e-05,-0.0032,-0.0989,-0.0026,TRANSLATE
-20.0337,21.7488,32.0508,0.0717,43.6075,10.289,0.0222,39.4948,78.7187,0.0962,0.000181,-0.0053,-0.096,-0.0021,TRANSLATE
-21.9613,21.6334,30.1157,0.0587,43.0959,0.5116,0.013,37.5395,41.6966,0.0881,0.000395,-0.0048,-0.0879,-0.0021,TRANSLATE
-22.7347,21.8411,22.0582,0.0438,38.4767,4.6191,0.0149,37.0848,39.6035,0.0751,0.00053,-0.0022,-0.0749,-0.0022,TRANSLATE
-20.1502,21.7697,15.6059,0.0407,33.5186,4.9581,0.0031,38.4034,19.7649,0.0618,0.000381,0.0016,-0.0614,-0.0025,TRANSLATE
-19.4202,21.8314,14.5222,0.0363,32.629,0.8897,0.0044,38.2655,21.2435,0.0503,0.000171,0.0059,-0.0491,-0.0027,TRANSLATE
-19.558,21.6058,11.9678,0.0279,31.5048,1.1242,0.0084,35.845,18.8187,0.0415,0.000103,0.0093,-0.0395,-0.003,TRANSLATE
-19.2527,21.0565,16.6742,0.0286,33.0465,1.5417,0.0007,33.8351,5.8304,0.0355,4e-05,0.0117,-0.0328,-0.0032,TRANSLATE
-16.899,21.6952,22.6269,0.0255,35.6123,2.5658,0.0031,33.2622,1.8249,0.0318,3.3e-05,0.0124,-0.0289,-0.0033,TRANSLATE
-16.7473,22.3155,21.589,0.0184,35.278,0.3342,0.0072,33.6141,2.5006,0.0274,3.3e-05,0.0105,-0.0247,-0.0033,TRANSLATE
-17.1572,22.0305,20.2931,0.0157,34.5185,0.7596,0.0026,33.992,2.3273,0.0232,2.7e-05,0.0069,-0.0212,-0.0033,TRANSLATE
-17.7758,22.2994,15.8907,0.0141,32.646,1.8725,0.0017,34.2202,1.4003,0.0205,3.2e-05,0.0036,-0.0192,-0.0033,TRANSLATE
-19.1675,22.8146,8.4219,0.0171,30.9649,1.681,0.0031,33.8039,3.0709,0.0182,1.6e-05,0.0015,-0.0175,-0.0034,TRANSLATE
-20.0621,22.3766,3.7094,0.0309,30.2814,0.6835,0.0137,32.7378,3.7618,0.0192,3.6e-05,0.0008,-0.0188,-0.0032,TRANSLATE
-20.3278,21.8107,-3.1012,0.0481,29.9757,0.3057,0.0172,31.6773,2.8724,0.0252,0.000167,0.0027,-0.0245,-0.0032,TRANSLATE
-18.3841,21.6892,-19.8028,0.0668,34.6489,4.6732,0.0187,31.7034,3.0234,0.0354,0.000392,0.0056,-0.0346,-0.0029,TRANSLATE
-16.0511,22.1763,-38.0235,0.0926,46.8531,12.2042,0.0258,34.5448,40.6748,0.0511,0.000709,0.009,-0.0502,-0.0028,TRANSLATE
-14.2784,21.1786,-44.9876,0.1351,51.7328,4.8797,0.0425,38.6984,79.9449,0.0747,0.001331,0.0116,-0.0737,-0.0024,TRANSLATE
-16.5133,20.771,-33.1369,0.1718,42.4521,9.2807,0.0367,41.1325,62.6687,0.1029,0.002037,0.0127,-0.1019,-0.0022,TRANSLATE
-21.5856,20.7605,-1.6658,0.1915,29.9952,12.4568,0.0197,41.1364,62.5817,0.1316,0.002185,0.0118,-0.1308,-0.0022,TRANSLATE
-22.6498,21.5709,28.5674,0.1947,42.3605,12.3652,0.0032,42.6787,52.0851,0.1571,0.00149,0.0093,-0.1566,-0.0021,TRANSLATE
-18.8011,22.4192,46.382,0.1843,54.8397,12.4792,0.0104,44.2761,75.6264,0.1755,0.00047,0.0041,-0.1751,-0.004,TRANSLATE
-20.1596,22.8885,77.2775,0.1648,83.0789,28.2392,0.0195,50.5453,326.3348,0.1814,0.000131,-0.0029,-0.1808,-0.0061,TRANSLATE
-12.4996,27.1608,135.2439,0.1178,138.5094,55.4305,0.047,69.7568,1491.6914,0.1706,0.000805,-0.0097,-0.1696,-0.0065,TRANSLATE
-12.4215,29.3474,185.967,0.0312,188.6777,50.1683,0.0866,101.4933,2996.73,0.1386,0.003578,-0.0131,-0.1371,-0.0055,TRANSLATE
-9.631,28.5623,203.658,0.0905,205.8765,17.1988,0.0593,134.1964,3407.0664,0.1177,0.002976,-0.0108,-0.0803,-0.0057,TRANSLATE
-5.4485,25.4967,173.6857,0.1826,175.6317,30.2447,0.0921,158.3548,1907.3164,0.1174,0.00293,-0.0035,-0.0074,-0.0039,TRANSLATE
-7.7432,24.2349,125.6673,0.2345,128.2169,47.4149,0.0519,167.3824,874.1851,0.1313,0.00503,0.0058,0.0718,-0.0019,TRANSLATE
-13.4258,21.8441,72.8776,0.2622,77.2565,50.9604,0.0277,155.1319,2181.915,0.1602,0.007586,0.0139,0.1472,-0.0019,TRANSLATE
-13.9625,22.5597,47.0646,0.2648,54.0275,23.229,0.0025,128.2018,3276.0417,0.2069,0.004263,0.0176,0.2059,-0.0026,TRANSLATE
-9.27,25.4728,28.0423,0.2761,39.0021,15.0254,0.0114,94.8269,2546.8062,0.244,0.001131,0.0167,0.2432,-0.0037,TRANSLATE
-8.141,25.7438,3.9245,0.2733,27.2841,11.718,0.0028,65.1574,1273.0491,0.2622,0.000219,0.0132,0.2616,-0.0048,TRANSLATE
-6.3534,23.7607,-17.3042,0.2544,30.0728,2.7887,0.0189,45.5286,338.6461,0.2662,6.1e-05,0.0096,0.2659,-0.0059,TRANSLATE
-13.3702,21.0742,-33.2277,0.2142,41.5568,11.484,0.0402,38.3886,89.4903,0.2566,0.000505,0.0057,0.2564,-0.0069,TRANSLATE
-15.8618,20.2093,-42.7634,0.1591,49.8871,8.3304,0.0552,37.5606,66.333,0.2354,0.001946,0.0012,0.2351,-0.0072,TRANSLATE
-16.5176,17.9862,-40.1889,0.1152,47.0264,2.8608,0.0439,39.1654,81.2621,0.2033,0.00347,-0.0052,0.2024,-0.0058,TRANSLATE
-22.6578,20.4609,-27.5167,0.0755,41.0998,5.9266,0.0398,41.9286,46.1423,0.1637,0.004188,-0.013,0.1616,-0.0042,TRANSLATE
-19.92,21.8499,-15.9165,0.0579,33.5792,7.5206,0.0176,42.6298,31.4809,0.1244,0.003236,-0.0202,0.121,-0.0024,TRANSLATE
-20.9829,20.9362,-7.6051,0.0441,30.6014,2.9778,0.0137,40.4388,55.3867,0.0904,0.001751,-0.0247,0.0854,-0.0007,TRANSLATE
-20.3551,20.7615,-3.8622,0.0309,29.3306,1.2708,0.0132,36.3275,45.3079,0.0647,0.000855,-0.0261,0.0579,-0.0002,TRANSLATE
-20.5934,21.2404,1.8415,0.0227,29.6418,0.3112,0.0082,32.8505,19.2652,0.0462,0.000356,-0.0253,0.0374,-0.0001,TRANSLATE
-21.2122,21.2861,4.3513,0.014,30.3643,0.7225,0.0087,30.7034,2.2814,0.0339,0.000242,-0.022,0.0238,0.0,TRANSLATE
-20.5823,21.832,7.1811,0.0106,30.8518,0.4875,0.0034,30.158,0.3343,0.0245,0.000147,-0.0181,0.0122,-0.0001,TRANSLATE
-20.0596,21.6531,8.0136,0.0116,30.5853,0.2665,0.001,30.1548,0.3315,0.018,6e-05,-0.0141,0.0029,0.0,TRANSLATE
-19.7102,21.4381,8.1578,0.0138,30.2429,0.3424,0.0022,30.3372,0.1639,0.0145,1.8e-05,-0.0104,-0.0039,0.0004,TRANSLATE
-18.1713,21.9599,6.0481,0.0146,29.1378,1.1051,0.0008,30.2364,0.3448,0.0129,2e-06,-0.0073,-0.0086,0.0008,TRANSLATE
-16.9151,22.3929,3.1947,0.0153,28.2448,0.893,0.0007,29.8125,0.9551,0.0132,3e-06,-0.0054,-0.0117,0.0011,TRANSLATE
-16.6009,22.4081,1.1839,0.0158,27.9126,0.3322,0.0006,29.2247,1.1155,0.0142,2e-06,-0.0045,-0.0134,0.0015,TRANSLATE
-17.4088,21.9452,-0.331,0.017,28.0137,0.1011,0.0011,28.7103,0.774,0.0153,1e-06,-0.0042,-0.0146,0.0017,TRANSLATE
-17.5177,22.2405,-3.2148,0.0133,28.4929,0.4792,0.0037,28.3603,0.1912,0.0152,2e-06,-0.0037,-0.0146,0.0019,TRANSLATE
-18.5079,22.8206,-4.0656,0.0126,29.6622,1.1693,0.0006,28.4652,0.3983,0.0148,3e-06,-0.0038,-0.014,0.0022,TRANSLATE
-17.4157,22.3596,-5.5462,0.0112,28.8794,0.7829,0.0015,28.5922,0.4068,0.014,5e-06,-0.0045,-0.0126,0.0025,TRANSLATE
-17.7982,22.2564,-8.3495,0.0084,29.6957,0.8164,0.0028,28.9488,0.4308,0.0125,8e-06,-0.0054,-0.0096,0.0025,TRANSLATE
-17.0135,21.302,-12.5077,0.015,29.9946,0.2989,0.0066,29.345,0.3177,0.0121,5e-06,-0.0072,-0.0046,0.0017,TRANSLATE
-16.6608,21.3041,-18.1405,0.0225,32.5657,2.5711,0.0075,30.1595,1.5837,0.0139,2.3e-05,-0.0103,0.0007,0.0009,TRANSLATE
-13.2224,22.4683,-24.2281,0.0299,35.5901,3.0244,0.0074,31.3451,6.0268,0.0174,6.2e-05,-0.0144,0.0059,0.0001,TRANSLATE
-10.0436,24.334,-27.5699,0.033,38.1198,2.5297,0.0031,33.1932,10.5746,0.0217,8.3e-05,-0.0189,0.0098,-0.0013,TRANSLATE
-9.0598,24.5891,-22.9153,0.0338,34.8111,3.3086,0.0008,34.2163,7.605,0.0268,5.1e-05,-0.0239,0.0109,-0.0019,TRANSLATE
-12.3916,24.0525,-17.9979,0.0319,32.4962,2.315,0.0019,34.7166,4.3821,0.0302,1.7e-05,-0.0278,0.0097,-0.002,TRANSLATE
-15.9477,22.5701,-7.2139,0.0297,28.5619,3.9343,0.0022,33.9158,10.3917,0.0317,3e-06,-0.0302,0.0069,-0.0015,TRANSLATE
-20.0175,21.9592,5.2351,0.0306,30.1714,1.6096,0.0009,32.8321,11.4606,0.0318,2e-06,-0.0305,0.0065,-0.0001,TRANSLATE
-25.7109,20.9143,5.6475,0.0371,33.6207,3.4492,0.0064,31.9323,5.1834,0.0326,7e-06,-0.0296,0.0094,0.0009,TRANSLATE
-23.4437,21.3314,1.6211,0.0421,31.7374,1.8832,0.005,31.3175,3.1554,0.0343,2.2e-05,-0.0283,0.0148,0.0016,TRANSLATE
-18.1175,22.2901,-5.2406,0.0393,29.1986,2.5389,0.0028,30.658,3.3406,0.0358,2.3e-05,-0.0267,0.0205,0.0028,TRANSLATE
-20.0471,21.679,-8.6331,0.0324,30.7635,1.565,0.0069,31.0983,2.2702,0.0363,1.8e-05,-0.0249,0.0255,0.0032,TRANSLATE
-25.1596,20.5994,-7.2034,0.0283,33.3051,2.5415,0.004,31.7251,2.6795,0.0358,2.4e-05,-0.0237,0.0266,0.0026,TRANSLATE
-22.9901,21.5952,-2.0783,0.0239,31.6104,1.6947,0.0045,31.323,1.8018,0.0332,4.6e-05,-0.0226,0.0237,0.0031,TRANSLATE
-21.389,21.9855,3.3405,0.0213,30.8547,0.7557,0.0026,31.1465,1.7802,0.029,4.1e-05,-0.0206,0.0195,0.0038,TRANSLATE
-19.3081,22.3072,6.5536,0.0196,30.2219,0.6328,0.0017,31.3511,1.1504,0.0251,2.2e-05,-0.0184,0.0159,0.0045,TRANSLATE
-18.4996,22.9676,2.7741,0.0174,29.6216,0.6002,0.0022,31.1227,1.6274,0.0221,1.4e-05,-0.0159,0.0139,0.0049,TRANSLATE
-21.2028,22.921,0.6693,0.0135,31.231,1.6094,0.0038,30.7079,0.5052,0.0191,1.2e-05,-0.0128,0.0124,0.0054,TRANSLATE
-21.5654,21.2336,-1.9927,0.0069,30.3299,0.9011,0.0066,30.4518,0.3053,0.0157,2.6e-05,-0.0091,0.0111,0.0055,TRANSLATE
-20.4742,20.34,-0.8473,0.0011,28.8726,1.4573,0.0058,30.0554,0.6145,0.0117,4.7e-05,-0.0058,0.0089,0.0045,TRANSLATE
-23.57,20.7814,-2.7997,0.0059,31.5476,2.675,0.0048,30.3205,0.9839,0.009,3.4e-05,-0.0027,0.0057,0.004,TRANSLATE
-20.7716,19.997,-10.6179,0.0091,30.7259,0.8217,0.0032,30.5414,0.8703,0.0073,1.7e-05,0.0,0.0017,0.0039,TRANSLATE
-19.9266,18.8726,-27.7412,0.0201,39.0233,8.2975,0.011,32.0998,12.735,0.0086,4e-05,0.0014,-0.0045,0.0037,TRANSLATE
-19.3944,21.1387,-31.3242,0.0513,42.4758,3.4525,0.0312,34.529,27.7397,0.0175,0.000324,0.0016,-0.0157,0.0038,TRANSLATE
-15.3062,20.0172,-5.8375,0.0754,25.8659,16.6099,0.0242,33.9277,35.989,0.0323,0.000721,0.0034,-0.0308,0.0043,TRANSLATE
-18.5512,20.8325,26.5644,0.0803,38.5202,12.6543,0.0049,35.3222,37.1296,0.0472,0.00082,0.0082,-0.0453,0.0038,TRANSLATE
-19.066,20.6473,40.9421,0.0704,49.6596,11.1394,0.01,39.109,59.677,0.0595,0.000485,0.0156,-0.0555,0.0032,TRANSLATE
-18.3746,21.1897,28.7912,0.0607,40.1941,9.4655,0.0097,39.3431,59.8562,0.0676,0.000109,0.0256,-0.0579,0.0025,TRANSLATE
-15.6841,20.3236,0.2361,0.0547,25.6729,14.5212,0.006,35.9825,83.9751,0.0683,8.9e-05,0.0352,-0.0534,0.0018,TRANSLATE
-15.7004,20.7683,-11.2549,0.0598,28.3636,2.6908,0.0051,36.4821,74.8658,0.0652,8.3e-05,0.0403,-0.0482,0.0019,TRANSLATE
-17.0634,21.3084,-7.0851,0.0713,28.203,0.1607,0.0115,34.4186,83.486,0.0634,4.1e-05,0.0405,-0.0462,0.0019,TRANSLATE
-21.4664,21.4748,5.5538,0.0768,30.8677,2.6648,0.0055,30.6603,25.4247,0.0646,6.6e-05,0.0382,-0.049,0.0017,TRANSLATE
-22.0575,21.2017,23.318,0.0671,38.4678,7.6001,0.0097,30.315,19.3185,0.0659,6.2e-05,0.0335,-0.0548,0.0019,TRANSLATE
-20.3679,22.2364,28.2763,0.052,41.3383,2.8704,0.0151,33.4481,29.4949,0.0654,7.6e-05,0.031,-0.057,0.0013,TRANSLATE
-20.4755,22.8547,19.6054,0.0423,36.4137,4.9246,0.0097,35.0581,23.4914,0.0619,0.000164,0.0314,-0.0516,0.0008,TRANSLATE
-16.1304,22.8619,4.3218,0.0426,28.3114,8.1023,0.0003,35.0798,23.1959,0.0561,0.000188,0.0331,-0.0429,0.0006,TRANSLATE
-14.295,23.0145,-6.6082,0.0486,27.887,0.4244,0.006,34.4836,29.6396,0.0505,8.2e-05,0.0343,-0.0352,0.0003,TRANSLATE
-15.8422,22.646,-3.8178,0.0498,27.8997,0.0127,0.0012,32.37,30.6671,0.047,1.5e-05,0.0352,-0.0305,-0.0,TRANSLATE
-14.6519,22.8293,-1.4199,0.0455,27.1638,0.7359,0.0042,29.5351,11.9653,0.0457,9e-06,0.034,-0.0299,0.0001,TRANSLATE
-15.6996,23.7853,0.9922,0.0398,28.5167,1.353,0.0057,27.9557,0.2153,0.0453,1.4e-05,0.0315,-0.0318,-0.0005,TRANSLATE
-15.5378,23.497,-2.1375,0.0362,28.2507,0.266,0.0036,27.9436,0.2072,0.044,2.7e-05,0.029,-0.0328,-0.0009,TRANSLATE
-19.9584,22.5695,-9.9162,0.0327,31.7183,3.4676,0.0035,28.7098,2.4691,0.0408,3.8e-05,0.0262,-0.0312,-0.0011,TRANSLATE
-20.7917,21.8462,-13.1923,0.0351,32.9179,1.1996,0.0024,29.7135,4.8721,0.0379,2e-05,0.023,-0.0299,-0.0014,TRANSLATE
-19.6646,21.6707,-12.0414,0.0265,31.6435,1.2744,0.0085,30.6094,3.5142,0.0341,2e-05,0.0197,-0.0274,-0.0016,TRANSLATE
-19.2348,21.1366,-11.6269,0.0167,30.8532,0.7904,0.0098,31.0767,2.4319,0.0294,5.2e-05,0.0161,-0.0242,-0.0016,TRANSLATE
-17.7129,21.7593,-12.7952,0.0067,30.8371,0.016,0.01,31.594,0.5785,0.0235,0.000111,0.0115,-0.0201,-0.0015,TRANSLATE
-16.5984,21.2543,-19.8393,0.0013,33.4791,2.642,0.0054,31.9462,1.1621,0.0173,0.000154,0.0069,-0.0155,-0.0015,TRANSLATE
-15.8444,21.3753,-23.4496,0.0029,35.4659,1.9868,0.0016,32.4558,3.1912,0.0108,9e-05,0.0033,-0.0098,-0.0014,TRANSLATE
-15.8849,21.1721,-28.869,0.006,39.1664,3.7005,0.003,33.9603,9.8021,0.0067,2.9e-05,0.0021,-0.0056,-0.0012,TRANSLATE
-15.3766,21.1877,-37.5234,0.0151,45.7533,6.5868,0.0092,36.9404,26.8053,0.0064,2.3e-05,0.0029,-0.0048,-0.001,TRANSLATE
-12.0576,21.3814,-33.1468,0.0277,41.2463,4.5069,0.0125,39.0222,18.7296,0.0106,9.6e-05,0.0065,-0.0074,-0.0008,TRANSLATE
-12.096,21.8676,-35.4112,0.0379,43.3412,2.0949,0.0102,40.9946,12.4247,0.0179,0.000174,0.0127,-0.0118,-0.0009,TRANSLATE
-13.4862,21.3253,-43.8165,0.0533,50.5621,7.2209,0.0154,44.0139,15.503,0.028,0.000277,0.0208,-0.0185,-0.0014,TRANSLATE
-13.7358,21.3572,-50.75,0.0769,56.7483,6.1861,0.0237,47.5303,30.8716,0.0422,0.000458,0.0311,-0.0282,-0.0027,TRANSLATE
-15.2449,20.4982,-64.6563,0.1075,69.5199,12.7716,0.0305,52.2836,104.3551,0.0606,0.000824,0.0448,-0.0406,-0.0036,TRANSLATE
-14.4553,19.6455,-70.2657,0.1387,74.3785,4.8586,0.0312,58.91,133.7185,0.0828,0.001331,0.0599,-0.0569,-0.0042,TRANSLATE
-8.8236,20.557,-59.6313,0.1658,63.6894,10.6891,0.0271,62.9797,73.2474,0.1084,0.001647,0.0775,-0.0756,-0.0047,TRANSLATE
-12.4745,17.23,-59.2456,0.1724,62.9486,0.7407,0.0066,65.4569,36.2717,0.1322,0.001289,0.0951,-0.0917,-0.0044,TRANSLATE
-16.7234,16.4902,-66.509,0.1759,70.534,7.5854,0.0036,68.2141,18.6571,0.152,0.000667,0.1104,-0.1043,-0.0029,TRANSLATE
-16.8912,17.3672,-79.9072,0.1656,83.4991,12.965,0.0103,71.0099,57.2254,0.1637,0.000172,0.1189,-0.1123,-0.0018,TRANSLATE
-17.6286,17.7062,-80.5508,0.1449,84.3369,0.8378,0.0207,73.0016,86.5106,0.1649,0.000116,0.1167,-0.1157,-0.0003,TRANSLATE
-13.5029,18.5462,-56.9281,0.1198,61.3767,22.9601,0.0251,72.5391,95.9807,0.1557,0.000438,0.0975,-0.1161,0.0011,TRANSLATE
-16.9679,18.8151,6.0825,0.1025,26.056,35.3207,0.0173,65.1605,455.2775,0.1417,0.000754,0.0655,-0.1122,0.0019,TRANSLATE
-3.19,20.499,100.0223,0.0931,102.151,76.095,0.0093,71.4839,683.1768,0.1252,0.000718,0.0237,-0.1001,0.0027,TRANSLATE
-0.9395,22.1742,182.4147,0.1038,183.7599,81.6088,0.0106,91.5361,2773.3926,0.1128,0.000331,-0.0192,-0.0693,0.0059,TRANSLATE
-4.1391,18.8425,239.8099,0.179,240.5846,56.8247,0.0752,122.7856,6229.583,0.1196,0.000954,-0.0551,-0.0155,0.006,TRANSLATE
-7.6675,16.0271,203.0354,0.2572,203.8113,36.7733,0.0782,151.2726,5976.8975,0.1471,0.003984,-0.0791,0.0557,0.005,TRANSLATE
0.1254,17.6248,141.3377,0.2936,142.4324,61.3788,0.0364,174.5479,2314.9519,0.1853,0.006418,-0.0945,0.1295,0.005,TRANSLATE
-16.2716,16.178,83.8827,0.281,86.9643,55.4681,0.0126,171.5105,2791.6421,0.2229,0.005137,-0.1042,0.1908,0.0033,TRANSLATE
-21.411,17.5674,46.1249,0.2495,53.801,33.1633,0.0315,145.5187,4857.165,0.2521,0.001588,-0.1124,0.2247,-0.0003,TRANSLATE
-16.4194,14.907,37.5655,0.2212,43.6232,10.1778,0.0283,106.1264,3574.4473,0.2605,0.000639,-0.1209,0.229,-0.0023,TRANSLATE
-18.3293,17.5506,36.8556,0.2009,44.7473,1.1241,0.0204,74.3137,1407.4093,0.2492,0.001222,-0.1275,0.2119,-0.0025,TRANSLATE
-17.2353,20.0217,31.0501,0.1687,40.768,3.9792,0.0321,53.9808,291.0118,0.2243,0.0015,-0.1287,0.182,-0.0033,TRANSLATE
-19.9008,19.1955,23.3307,0.1368,36.1777,4.5903,0.032,43.8235,33.6476,0.1954,0.001555,-0.1224,0.1517,-0.0032,TRANSLATE
-22.1487,19.7189,15.6802,0.106,33.545,2.6327,0.0308,39.7723,18.4543,0.1667,0.001745,-0.11,0.1251,-0.0031,TRANSLATE
-22.8002,18.8126,8.3254,0.0792,30.7096,2.8355,0.0267,37.1895,25.2443,0.1383,0.001875,-0.0933,0.102,-0.003,TRANSLATE
-21.7652,18.6501,-2.2022,0.0529,28.7472,1.9624,0.0263,33.9895,17.8349,0.1087,0.001675,-0.0743,0.0792,-0.0035,TRANSLATE
-23.5465,19.1701,-3.5618,0.028,30.5715,1.8243,0.0249,31.9502,6.823,0.0806,0.001467,-0.0552,0.0585,-0.0035,TRANSLATE
-21.7247,19.2517,-3.5525,0.0084,29.244,1.3275,0.0196,30.5635,2.7902,0.0549,0.001219,-0.0379,0.0395,-0.0031,TRANSLATE
-20.811,20.2857,-10.0139,0.0075,30.739,1.495,0.0008,30.0023,0.7035,0.0352,0.000758,-0.0224,0.023,-0.0031,TRANSLATE
-22.2238,19.4067,-14.7424,0.0161,32.9827,2.2436,0.0086,30.4569,2.1733,0.0226,0.000284,-0.0096,0.009,-0.0024,TRANSLATE
-19.2759,20.9316,-14.1751,0.0221,31.7904,1.1923,0.006,31.0655,1.5739,0.0164,6.2e-05,-0.0005,-0.0028,-0.0015,TRANSLATE
-18.0051,21.4953,-13.6714,0.0213,31.1952,0.5952,0.0008,31.1903,1.5129,0.0151,3.8e-05,0.0057,-0.0103,-0.0012,TRANSLATE
-18.251,21.2431,-16.8183,0.0207,32.6684,1.4732,0.0006,31.8751,0.7232,0.0175,2.9e-05,0.0092,-0.0148,-0.0009,TRANSLATE
-17.182,21.6789,-21.0109,0.0212,34.7369,2.0685,0.0005,32.6747,1.4637,0.0203,5e-06,0.0109,-0.017,-0.0006,TRANSLATE
-17.3737,21.5775,-24.7556,0.0214,37.152,2.4151,0.0002,33.5086,4.7587,0.0213,0.0,0.0114,-0.018,-0.0003,TRANSLATE
-17.5896,21.4776,-26.4982,0.0222,38.3776,1.2255,0.0007,34.826,7.1741,0.0214,0.0,0.012,-0.0176,-0.0002,TRANSLATE
-16.0342,21.7665,-27.1767,0.0216,38.3334,0.0442,0.0006,36.2537,4.9596,0.0214,0.0,0.0125,-0.0174,0.0001,TRANSLATE
-18.2586,20.9663,-26.232,0.0186,38.2241,0.1093,0.003,37.3648,1.9306,0.021,2e-06,0.0122,-0.0171,0.0001,TRANSLATE
-16.6256,21.0449,-25.0294,0.0174,36.6847,1.5394,0.0012,37.7544,0.4902,0.0203,4e-06,0.0108,-0.017,0.0002,TRANSLATE
-16.4443,21.3203,-22.1797,0.0164,34.8842,1.8005,0.001,37.3008,1.8595,0.0192,5e-06,0.0091,-0.0166,0.0004,TRANSLATE
-15.2273,22.675,-20.7625,0.0133,34.309,0.5752,0.0031,36.4871,2.7556,0.0175,7e-06,0.0071,-0.0156,0.0008,TRANSLATE
-14.7287,23.0244,-21.6913,0.011,34.8937,0.5847,0.0022,35.7991,2.1084,0.0153,8e-06,0.0054,-0.0141,0.0009,TRANSLATE
-15.7267,23.482,-23.8436,0.0092,36.9764,2.0827,0.0019,35.5496,1.1472,0.0135,1e-05,0.0043,-0.0126,0.0012,TRANSLATE
-16.2907,22.9637,-28.1593,0.0073,39.8204,2.844,0.0019,36.1767,4.1442,0.0114,1e-05,0.0039,-0.0106,0.0012,TRANSLATE
-14.8638,23.2522,-32.9118,0.0069,42.951,3.1306,0.0004,37.7901,10.3853,0.0095,6e-06,0.004,-0.0085,0.0013,TRANSLATE
-13.5192,23.7612,-39.0326,0.0072,47.654,4.703,0.0003,40.4591,20.2975,0.0083,3e-06,0.004,-0.0072,0.001,TRANSLATE
-15.3341,22.8089,-39.7042,0.008,48.2888,0.6348,0.0008,43.1381,19.1863,0.0077,1e-06,0.0026,-0.0066,0.0013,TRANSLATE
-16.4517,22.6284,-44.5977,0.0048,52.6465,4.3578,0.0032,46.2721,19.8528,0.0069,1e-06,0.0011,-0.0056,0.0013,TRANSLATE
-17.5207,22.4152,-49.0094,0.0054,56.6687,4.0222,0.0006,49.6418,21.791,0.0065,1e-06,-0.0004,-0.0052,0.0012,TRANSLATE
-18.6072,21.1759,-50.4638,0.0069,57.8035,1.1348,0.0016,52.6123,17.3363,0.0065,1e-06,-0.0017,-0.0052,0.0003,TRANSLATE
-18.3014,21.3595,-53.1648,0.01,60.147,2.3435,0.003,55.1109,17.5307,0.007,3e-06,-0.002,-0.0058,-0.0004,TRANSLATE
-19.0567,20.822,-52.6068,0.0145,59.7009,0.4462,0.0046,57.3933,7.2265,0.0083,1.3e-05,-0.0003,-0.007,-0.0018,TRANSLATE
-17.8235,21.2388,-47.1886,0.0165,54.7314,4.9694,0.002,57.8103,3.9634,0.0107,1.8e-05,0.0016,-0.0094,-0.0025,TRANSLATE
-18.0213,21.2536,-41.4571,0.0145,49.9517,4.7797,0.0021,56.4669,14.2495,0.0125,1.2e-05,0.0036,-0.0111,-0.0029,TRANSLATE
-20.0077,20.9591,-36.222,0.0121,46.3856,3.5662,0.0023,54.1833,29.0041,0.0135,5e-06,0.0053,-0.0121,-0.0024,TRANSLATE
-20.9343,21.2392,-31.0057,0.0109,43.0197,3.3658,0.0012,50.7579,35.0823,0.0137,4e-06,0.006,-0.0121,-0.002,TRANSLATE
-20.8255,21.2757,-26.6483,0.0109,39.9561,3.0636,0.0,46.8089,26.8283,0.013,5e-06,0.0062,-0.0113,-0.0013,TRANSLATE
-20.1792,21.7081,-22.9624,0.01,37.4928,2.4633,0.0009,43.3612,19.7462,0.0117,2e-06,0.0061,-0.0099,-0.0009,TRANSLATE
-19.3652,22.3477,-21.3824,0.0065,36.4916,1.0012,0.0035,40.6692,13.2504,0.0101,4e-06,0.0056,-0.0083,-0.0006,TRANSLATE
-19.5015,21.9594,-19.5653,0.0015,35.2892,1.2024,0.0049,38.4499,7.5786,0.008,1.3e-05,0.0043,-0.0061,-0.0006,TRANSLATE
-19.2481,21.9519,-20.9616,0.0125,35.9411,0.6519,0.0109,37.0342,2.6564,0.0083,1.5e-05,0.0011,-0.0027,-0.0004,TRANSLATE
-18.4891,21.7521,-25.3287,0.0261,38.1647,2.2236,0.0136,36.6759,1.0761,0.0113,6.8e-05,-0.0047,0.0014,-0.0006,TRANSLATE
-21.5975,22.4642,-24.5942,0.0399,39.6985,1.5338,0.0138,37.117,2.5753,0.0173,0.000195,-0.0138,0.0045,0.0003,TRANSLATE
-18.1624,23.6276,-19.766,0.0526,35.7608,3.9377,0.0128,36.9709,2.8436,0.0265,0.000336,-0.025,0.0068,0.0012,TRANSLATE
-14.9018,25.2083,-8.7784,0.064,30.571,5.1898,0.0114,36.0272,9.5792,0.039,0.000337,-0.0376,0.0072,0.0023,TRANSLATE
-14.4589,25.0448,5.3554,0.0728,29.4106,1.1604,0.0088,34.7211,16.6277,0.0511,0.000279,-0.0501,0.0075,0.0025,TRANSLATE
-19.7203,24.9827,15.9031,0.0845,35.58,6.1694,0.0117,34.2042,14.1363,0.0628,0.00024,-0.0615,0.0102,0.0035,TRANSLATE
-19.0231,25.5737,20.3475,0.0971,37.8142,2.2342,0.0126,33.8273,10.5632,0.0742,0.00024,-0.0716,0.0162,0.0036,TRANSLATE
-28.9247,20.7277,12.1748,0.1053,37.6099,0.2043,0.0082,34.1971,12.5404,0.0847,0.000229,-0.0799,0.0245,0.0044,TRANSLATE
-23.121,22.4822,-3.6883,0.1024,32.4597,5.1502,0.0028,34.5749,10.3716,0.0924,0.000147,-0.086,0.0315,0.006,TRANSLATE
-20.8093,24.7076,-9.6319,0.0915,33.7085,1.2488,0.011,35.4344,4.4489,0.0961,5.6e-05,-0.089,0.0336,0.0097,TRANSLATE
-21.8318,24.5223,-2.4805,0.0773,32.9261,0.7825,0.0142,34.9037,5.4213,0.0947,9.8e-05,-0.0882,0.0286,0.0111,TRANSLATE
-22.1436,21.0304,18.6562,0.0563,35.7865,2.8604,0.0209,34.4981,3.7186,0.0866,0.000325,-0.0813,0.0199,0.0124,TRANSLATE
-20.7243,24.3055,39.0156,0.0288,50.4229,14.6365,0.0275,37.0607,45.9348,0.0713,0.000688,-0.0678,0.0115,0.013,TRANSLATE
-18.7919,25.8663,29.5062,0.0149,43.5066,6.9164,0.0139,39.2701,45.1293,0.0538,0.000822,-0.0487,0.0067,0.0116,TRANSLATE
-19.5898,26.1118,13.5581,0.0193,35.347,8.1596,0.0044,39.5978,41.9139,0.0393,0.000567,-0.028,0.004,0.0094,TRANSLATE
-15.8249,27.1144,1.6652,0.0293,31.4387,3.9082,0.0099,39.3003,46.2371,0.0297,0.000207,-0.0074,0.0013,0.0071,TRANSLATE
-18.0912,26.5103,4.7916,0.043,32.4507,1.0119,0.0137,38.6332,52.7061,0.0271,9.4e-05,0.0101,-0.0031,0.0045,TRANSLATE
-20.3292,25.3301,20.3895,0.0503,38.3487,5.898,0.0073,36.2183,19.0911,0.0314,0.000183,0.0232,-0.0104,0.002,TRANSLATE
-20.8602,24.6203,29.4429,0.0558,43.6829,5.3342,0.0055,36.2536,19.6101,0.0395,0.000181,0.0332,-0.0176,0.0009,TRANSLATE
-20.2038,23.5619,23.5887,0.0643,38.9844,4.6985,0.0085,36.9811,20.4079,0.0485,0.000141,0.0424,-0.0217,-0.0013,TRANSLATE
-17.4443,23.9526,13.3209,0.0731,32.4882,6.4962,0.0089,37.191,18.2576,0.0573,0.000111,0.0515,-0.0222,-0.0013,TRANSLATE
-16.7836,23.359,14.9161,0.0785,32.4009,0.0872,0.0054,37.181,18.3523,0.0644,0.00011,0.06,-0.0209,-0.0011,TRANSLATE
-18.8144,22.9934,16.0391,0.0826,33.7629,1.3619,0.0041,36.2639,19.5752,0.0709,9.5e-05,0.0681,-0.0187,-0.0016,TRANSLATE
-16.6296,23.7135,12.5282,0.0848,31.5568,2.2061,0.0021,33.8386,7.1164,0.0767,5.4e-05,0.0746,-0.0174,-0.0024,TRANSLATE
-20.3818,23.4052,7.5913,0.0873,31.9507,0.394,0.0026,32.4319,0.5546,0.0813,2.5e-05,0.0793,-0.0171,-0.0025,TRANSLATE
-21.0242,23.9679,0.9012,0.0884,31.895,0.0558,0.001,32.3133,0.5976,0.0843,1.3e-05,0.0825,-0.0168,-0.0025,TRANSLATE
-20.7725,24.4462,-5.9509,0.0861,32.6271,0.7321,0.0022,32.3585,0.6137,0.0858,4e-06,0.0842,-0.0161,-0.0026,TRANSLATE
-21.693,23.3882,-6.9108,0.0817,32.6397,0.0127,0.0045,32.1339,0.1846,0.0857,5e-06,0.0836,-0.0175,-0.0026,TRANSLATE
-22.4638,23.2574,-3.8599,0.0775,32.5642,0.0755,0.0042,32.3353,0.1144,0.0842,1.6e-05,0.0809,-0.021,-0.0026,TRANSLATE
-18.0741,20.9091,2.4434,0.0701,27.7459,4.8183,0.0074,31.4944,3.5902,0.0808,4.2e-05,0.0762,-0.0247,-0.0026,TRANSLATE
-17.4937,20.4991,5.9359,0.0633,27.5949,0.151,0.0068,30.6344,5.8597,0.0758,6.6e-05,0.0705,-0.0265,-0.0028,TRANSLATE
-18.82,20.5462,4.055,0.0561,28.1563,0.5614,0.0072,29.7402,5.4941,0.0698,8.6e-05,0.0645,-0.026,-0.0028,TRANSLATE
-17.256,21.3182,-1.1872,0.0505,27.4526,0.7038,0.0056,28.7028,3.7831,0.0635,9.2e-05,0.0591,-0.0221,-0.0021,TRANSLATE
-16.5923,20.4108,-8.6873,0.0458,27.7015,0.2489,0.0047,27.7302,0.0556,0.0572,7.6e-05,0.0541,-0.017,-0.0016,TRANSLATE
-18.3051,20.6193,-13.7248,0.0363,30.7994,3.0979,0.0095,28.3409,1.5665,0.0504,8.4e-05,0.0482,-0.0138,-0.0013,TRANSLATE
-17.3347,21.1267,-11.4424,0.0349,29.6269,1.1724,0.0015,28.7473,1.6208,0.0447,6.7e-05,0.0412,-0.0142,-0.0012,TRANSLATE
-21.3927,19.2513,0.8867,0.0347,28.7932,0.8337,0.0002,28.8747,1.5351,0.0404,4.3e-05,0.0357,-0.0155,-0.0017,TRANSLATE
-17.3236,20.9761,0.8813,0.0301,27.2191,1.5741,0.0046,28.828,1.6767,0.0364,2.7e-05,0.0307,-0.0174,-0.0014,TRANSLATE
-16.4307,20.7496,5.0894,0.0255,26.9521,0.267,0.0046,28.6781,2.1042,0.0323,1.6e-05,0.0258,-0.0189,-0.0017,TRANSLATE
-16.4696,19.5934,4.0559,0.0179,25.9152,1.0369,0.0077,27.7013,1.7768,0.0286,4.1e-05,0.0222,-0.0178,-0.0018,TRANSLATE
-16.7288,20.4435,3.8228,0.0135,26.6909,0.7756,0.0043,27.1141,0.8946,0.0243,6e-05,0.0193,-0.0146,-0.002,TRANSLATE
-17.1893,20.1985,2.8114,0.0073,26.6713,0.0196,0.0062,26.6897,0.1898,0.0189,6.7e-05,0.0147,-0.0114,-0.0018,TRANSLATE
-16.9264,20.4213,1.6679,0.005,26.5766,0.0947,0.0023,26.5612,0.1198,0.0138,5.5e-05,0.0095,-0.0088,-0.0025,TRANSLATE
-18.6068,20.4402,0.478,0.0027,27.6449,1.0683,0.0023,26.6998,0.305,0.0093,3.2e-05,0.0054,-0.0059,-0.0025,TRANSLATE
-17.7135,21.399,1.1824,0.0074,27.8044,0.1595,0.0048,27.0776,0.2832,0.0072,1.3e-05,0.0034,-0.0041,-0.0031,TRANSLATE
-18.3427,20.0349,-0.6416,0.0075,27.171,0.6335,0.0,27.1736,0.2458,0.006,4e-06,0.0028,-0.0025,-0.0031,TRANSLATE
-14.2835,21.9873,0.5211,0.0152,26.2246,0.9464,0.0077,27.0843,0.3674,0.0076,1.8e-05,0.0047,-0.0025,-0.0039,TRANSLATE
-16.3425,22.2086,-2.6143,0.0251,27.6971,1.4725,0.0099,27.3084,0.3408,0.0116,6.2e-05,0.0095,-0.0035,-0.0044,TRANSLATE
-16.5677,22.5481,-3.7415,0.0392,28.2295,0.5324,0.0141,27.4253,0.4741,0.0189,0.000145,0.0167,-0.0061,-0.0048,TRANSLATE
-18.4417,22.9572,-11.5838,0.0664,31.6435,3.4141,0.0272,28.1932,3.4145,0.0307,0.000432,0.0285,-0.0096,-0.0051,TRANSLATE
-17.5877,22.8689,-23.7108,0.0923,37.3432,5.6997,0.0258,30.2276,15.8113,0.0476,0.000795,0.0445,-0.0152,-0.0063,TRANSLATE
-16.2577,21.6951,-29.8749,0.1149,40.3423,2.9991,0.0226,33.0511,25.0955,0.0676,0.001092,0.0631,-0.0231,-0.006,TRANSLATE
-13.7405,20.5717,-26.4562,0.137,36.2205,4.1218,0.0221,34.7558,18.4655,0.0899,0.001193,0.0836,-0.0323,-0.0055,TRANSLATE
-13.7987,21.073,-19.0243,0.154,31.5658,4.6547,0.017,35.4231,11.537,0.1129,0.000972,0.1055,-0.0393,-0.005,TRANSLATE
-15.3983,19.474,-27.1038,0.1631,36.7554,5.1897,0.0091,36.4454,7.9898,0.1322,0.00067,0.1245,-0.0434,-0.0038,TRANSLATE
-16.4249,19.4198,-56.1487,0.1646,61.6407,24.8853,0.0015,41.305,111.1745,0.1467,0.00035,0.1391,-0.0452,-0.0026,TRANSLATE
-14.5743,19.9359,-83.3096,0.1513,86.8927,25.2519,0.0133,50.615,439.9593,0.154,9.9e-05,0.1459,-0.0479,-0.0013,TRANSLATE
-11.2751,21.705,-91.8914,0.125,95.0908,8.1982,0.0264,62.3891,655.5096,0.1516,0.000204,0.1394,-0.0536,0.0001,TRANSLATE
-5.9232,23.3171,-68.5975,0.0943,72.6938,22.397,0.0306,70.6147,419.0712,0.1397,0.000716,0.1184,-0.0608,0.0009,TRANSLATE
-3.1604,23.3599,-29.978,0.047,38.136,34.5578,0.0474,70.8908,400.6783,0.1164,0.001785,0.0859,-0.0625,0.0022,TRANSLATE
-9.2283,20.1629,-7.4574,0.0412,23.3948,14.7412,0.0057,63.2416,776.2288,0.0918,0.001843,0.0461,-0.0523,0.0033,TRANSLATE
-24.0264,25.471,-1.6222,0.0964,35.0524,11.6575,0.0551,52.8736,715.7845,0.0808,0.001017,0.0046,-0.027,0.0035,TRANSLATE
-16.5649,27.6799,-22.9946,0.1394,39.6147,4.5623,0.043,41.7783,271.3809,0.0837,0.001306,-0.0336,0.0095,0.002,TRANSLATE
-11.5082,29.5533,-49.7832,0.1662,59.0271,19.4124,0.0268,39.045,132.2608,0.098,0.002438,-0.0681,0.0468,0.0007,TRANSLATE
-9.7753,28.2583,-76.2797,0.1958,81.9309,22.9038,0.0296,47.804,423.2159,0.1278,0.002942,-0.1016,0.0751,-0.0003,TRANSLATE
-9.8015,26.6816,-78.6331,0.2161,83.6131,1.6822,0.0203,59.8476,415.4631,0.1628,0.001779,-0.1348,0.0862,0.0001,TRANSLATE
-4.0443,28.0515,-46.9065,0.2277,54.8039,28.8092,0.0116,63.7979,281.9854,0.189,0.001052,-0.1653,0.0839,0.0019,TRANSLATE
-3.6261,26.8006,-29.8596,0.2273,40.2867,14.5172,0.0004,63.9323,275.5576,0.2066,0.000543,-0.1894,0.0764,0.0048,TRANSLATE
-5.7665,26.6749,-18.7345,0.2198,33.1026,7.184,0.0076,58.7474,433.9565,0.2173,0.000136,-0.2054,0.0676,0.0075,TRANSLATE
-5.9351,26.918,-7.2407,0.2075,28.4997,4.6029,0.0123,48.0612,395.2508,0.2197,5.7e-05,-0.2113,0.0592,0.0092,TRANSLATE
-8.2793,25.9844,-6.2207,0.1727,27.972,0.5277,0.0347,36.933,99.3414,0.211,0.00042,-0.2034,0.0553,0.0093,TRANSLATE
-6.8141,26.4407,-5.7203,0.1377,27.8973,0.0747,0.035,31.5517,22.8376,0.193,0.001115,-0.1859,0.0512,0.0079,TRANSLATE
-8.4825,26.1744,-4.6888,0.1064,27.9112,0.0139,0.0313,29.0766,4.1021,0.1688,0.001793,-0.1626,0.045,0.0062,TRANSLATE
-7.7673,27.2958,-3.9229,0.0785,28.6492,0.738,0.028,28.1859,0.1035,0.1406,0.002108,-0.1351,0.0383,0.0046,TRANSLATE
-7.6513,27.0116,1.2929,0.0498,28.1041,0.5451,0.0287,28.1068,0.0789,0.109,0.001867,-0.1043,0.0315,0.003,TRANSLATE
-13.1335,24.4218,4.8937,0.0283,28.1578,0.0537,0.0215,28.1439,0.0744,0.0801,0.001525,-0.0756,0.0252,0.0009,TRANSLATE
-15.2818,22.7281,-1.5506,0.0131,27.4318,0.726,0.0151,28.0508,0.155,0.0552,0.001138,-0.0501,0.0202,-0.0007,TRANSLATE
-15.2161,22.4387,-2.9061,0.0054,27.2667,0.1651,0.0077,27.9219,0.2575,0.035,0.000701,-0.029,0.0144,-0.0021,TRANSLATE
-16.3604,22.0385,-2.2249,0.0078,27.5374,0.2707,0.0024,27.6995,0.1318,0.0209,0.000272,-0.0127,0.0095,-0.003,TRANSLATE
-16.0914,23.0214,-1.7206,0.0101,28.1403,0.603,0.0023,27.7068,0.1379,0.0129,6.5e-05,-0.0016,0.0052,-0.0036,TRANSLATE
-16.3013,23.039,-1.7952,0.012,28.2798,0.1395,0.0019,27.7312,0.1623,0.0097,8e-06,0.0052,0.0012,-0.0032,TRANSLATE
-17.0066,22.4374,-1.8799,0.0137,28.217,0.0628,0.0017,27.8882,0.1669,0.0098,9e-06,0.0088,-0.0018,-0.0027,TRANSLATE
-17.0053,22.8687,-2.4758,0.015,28.6057,0.3887,0.0012,28.156,0.1209,0.0117,7e-06,0.0111,-0.0028,-0.0022,TRANSLATE
-17.7761,22.8387,-2.6556,0.0152,29.0629,0.4571,0.0002,28.4612,0.1157,0.0132,4e-06,0.0126,-0.0034,-0.0019,TRANSLATE
-17.8396,22.6647,-3.0651,0.0154,29.0058,0.057,0.0002,28.6342,0.1245,0.0143,2e-06,0.0137,-0.0037,-0.0017,TRANSLATE
-17.9936,23.0505,-2.874,0.0155,29.3829,0.3771,0.0001,28.8549,0.1628,0.015,0.0,0.0144,-0.0038,-0.0016,TRANSLATE
-17.8511,23.1529,-2.4429,0.0154,29.3375,0.0454,0.0001,29.079,0.0778,0.0153,0.0,0.0147,-0.0039,-0.0015,TRANSLATE
-18.159,22.5973,-1.8012,0.0153,29.0454,0.2921,0.0001,29.1669,0.0255,0.0153,0.0,0.0148,-0.0038,-0.0014,TRANSLATE
-18.6147,22.6997,-1.4754,0.0155,29.3932,0.3479,0.0002,29.233,0.0292,0.0154,0.0,0.0148,-0.0039,-0.0013,TRANSLATE
-18.8543,22.4754,-0.4647,0.0172,29.3401,0.0531,0.0017,29.2998,0.0167,0.0158,1e-06,0.0153,-0.0034,-0.0012,TRANSLATE
-18.199,22.4991,-0.7311,0.0193,28.9473,0.3928,0.0021,29.2127,0.0326,0.0165,2e-06,0.0162,-0.0027,-0.0008,TRANSLATE
-20.278,21.7711,-3.3505,0.0212,29.94,0.9927,0.0019,29.3332,0.1207,0.0177,5e-06,0.0175,-0.0018,-0.0004,TRANSLATE
-25.6693,20.1419,-3.8429,0.025,32.8539,2.9138,0.0037,30.0949,2.0029,0.0197,1.1e-05,0.0195,-0.0009,-0.0004,TRANSLATE
-23.1323,19.7573,-7.7243,0.0291,31.3866,1.4673,0.0041,30.4936,2.0792,0.0224,1.8e-05,0.0221,0.0016,-0.0003,TRANSLATE
-16.4746,21.8183,0.3893,0.0351,27.3423,4.0443,0.0061,30.094,3.6396,0.026,3.2e-05,0.0253,0.0042,-0.0002,TRANSLATE
-14.9703,22.6422,0.2239,0.0531,27.1446,0.1978,0.0179,29.7335,4.9865,0.0327,0.000125,0.03,0.0105,-0.0009,TRANSLATE
-20.395,21.0294,-16.024,0.0631,33.391,6.2464,0.0101,30.4237,7.177,0.0411,0.000214,0.0357,0.0181,-0.0004,TRANSLATE
-21.7816,21.1891,-24.1473,0.053,38.8138,5.4228,0.0102,31.6156,18.6538,0.0467,0.000159,0.0406,0.0218,0.0004,TRANSLATE
-22.4972,19.8763,-15.2335,0.0492,33.6637,5.15,0.0038,32.0711,19.2749,0.0507,8.2e-05,0.0448,0.0197,0.0013,TRANSLATE
-21.4259,21.0073,3.5663,0.0496,30.2174,3.4463,0.0005,32.6461,15.1592,0.0536,2.5e-05,0.048,0.0159,0.0019,TRANSLATE
-22.3251,20.5277,33.6156,0.052,45.2747,15.0573,0.0023,36.2721,27.8543,0.0534,2.6e-05,0.0498,0.0101,0.0032,TRANSLATE
-23.2069,21.4565,51.6268,0.0619,60.5333,15.2585,0.0099,41.7006,114.4463,0.0531,2.1e-05,0.0508,0.008,0.0033,TRANSLATE
-19.8124,21.8184,45.5765,0.0791,54.2751,6.2581,0.0172,44.7929,134.8412,0.0583,0.000128,0.0522,0.0153,0.0032,TRANSLATE
-14.2468,24.3516,17.7049,0.0787,33.3082,20.9669,0.0003,44.7217,136.4443,0.0643,0.00016,0.0527,0.0276,0.0037,TRANSLATE
-6.9412,25.5375,-6.9548,0.0504,27.3626,5.9455,0.0284,44.1508,154.311,0.0644,0.000156,0.0499,0.0362,0.0041,TRANSLATE
-8.1967,25.6612,-1.2795,0.0132,26.9689,0.3937,0.0372,40.4896,199.6975,0.0567,0.000589,0.0421,0.0366,0.0031,TRANSLATE
-11.6449,22.8477,29.4389,0.0119,39.0419,12.073,0.0013,36.1914,101.2921,0.0467,0.000884,0.0306,0.0286,0.0022,TRANSLATE
-18.1378,21.6876,58.1511,0.0061,64.6598,25.6178,0.0058,38.2683,193.664,0.0321,0.000791,0.0187,0.0168,0.001,TRANSLATE
-16.704,22.0188,83.174,0.0256,87.6457,22.986,0.0195,49.1358,558.2669,0.0214,0.00025,0.0106,0.0092,-0.0022,TRANSLATE
-16.1663,21.6838,52.1924,0.0686,58.7842,28.8615,0.043,55.4201,442.5785,0.0251,0.000514,0.0088,0.0146,-0.0052,TRANSLATE
-19.533,19.5283,-24.0992,0.0736,36.6561,22.1281,0.005,57.3575,347.3487,0.0372,0.000811,0.0115,0.027,-0.0088,TRANSLATE
-18.6671,23.4851,-103.2513,0.0202,107.5213,70.8652,0.0535,71.0534,595.9606,0.0388,0.000738,0.0126,0.0322,-0.0112,TRANSLATE
-17.3836,20.185,-130.3073,0.0584,133.0023,25.481,0.0382,84.7219,1168.4897,0.0493,0.000491,0.0064,0.0237,-0.0124,TRANSLATE
-18.7694,19.9199,-114.5427,0.1037,117.7672,15.2351,0.0453,90.7462,1348.8864,0.0649,0.000727,-0.0087,0.0033,-0.0119,TRANSLATE
-18.9562,20.1703,-82.8466,0.1251,87.3484,30.4188,0.0215,96.4591,1114.2444,0.0762,0.001323,-0.0305,-0.028,-0.0106,TRANSLATE
-12.4243,20.7862,-36.4648,0.117,43.7734,43.575,0.0082,97.8825,952.0934,0.0849,0.001579,-0.0525,-0.0575,-0.0073,TRANSLATE
-9.2613,26.179,58.75,0.0748,64.9821,21.2087,0.0422,89.3747,1077.6165,0.0958,0.000643,-0.0632,-0.0714,-0.0053,TRANSLATE
-4.9403,31.0619,126.5906,0.0223,130.4394,65.4573,0.0524,88.8621,1033.9426,0.0886,0.00139,-0.0597,-0.0598,-0.0014,TRANSLATE
-16.4366,28.0308,77.9413,0.0332,84.4436,45.9958,0.0109,82.1974,826.3278,0.0745,0.001758,-0.0471,-0.0379,0.0032,TRANSLATE
-17.8149,26.7121,58.3593,0.0199,66.6087,17.835,0.0133,78.0495,852.4175,0.0534,0.001398,-0.0322,-0.0173,0.0071,TRANSLATE
-19.1644,25.2135,58.0405,0.0283,66.1188,0.4898,0.0084,82.5185,625.9437,0.0357,0.000403,-0.0194,-0.0037,0.0106,TRANSLATE
-20.0815,23.5395,67.3387,0.0322,74.1072,7.9884,0.0039,84.3435,575.2581,0.0272,2.8e-05,-0.0141,0.0042,0.0142,TRANSLATE
-20.7871,22.5379,61.0647,0.0273,68.3298,5.7774,0.0049,71.9216,47.2759,0.0282,2.2e-05,-0.0157,0.0006,0.0145,TRANSLATE
-19.4016,21.899,50.4143,0.016,58.2888,10.0409,0.0113,66.6906,25.7232,0.0247,3.5e-05,-0.0178,-0.0045,0.0131,TRANSLATE
-18.3838,21.6474,30.4595,0.0156,41.6456,16.6432,0.0004,61.698,126.2469,0.0239,4.6e-05,-0.0169,-0.0036,0.0113,TRANSLATE
-17.4976,20.5616,12.677,0.0062,29.8271,11.8185,0.0094,54.4397,272.8062,0.0195,8.5e-05,-0.0137,-0.0015,0.0091,TRANSLATE
-19.0512,22.5368,10.301,0.0129,31.2565,1.4294,0.0067,45.8695,229.4889,0.0156,4.7e-05,-0.0094,-0.0009,0.0068,TRANSLATE
-19.6629,20.4169,-6.3623,0.0219,29.051,2.2055,0.009,38.0138,123.4564,0.0145,2.6e-05,-0.0074,-0.0029,0.005,TRANSLATE
-21.2865,21.2836,2.1226,0.0394,30.1763,1.1254,0.0175,32.3913,21.9137,0.0192,0.000127,-0.0093,-0.0102,0.003,TRANSLATE
-18.5136,15.755,-5.2113,0.0473,24.8622,5.3141,0.008,29.0346,4.8555,0.0255,0.000243,-0.0147,-0.02,0.0022,TRANSLATE
-18.939,12.4102,-10.3378,0.0634,24.8911,0.0289,0.0161,28.0474,7.189,0.037,0.000324,-0.0227,-0.0287,0.0014,TRANSLATE
-14.3231,16.3813,-7.0952,0.0689,22.8876,2.0036,0.0054,26.3736,7.6527,0.0482,0.000286,-0.0311,-0.0367,0.0011,TRANSLATE
-20.1178,20.9488,-5.9168,0.0594,29.641,6.7534,0.0095,26.4916,8.3403,0.0557,0.000117,-0.036,-0.0423,-0.0004,TRANSLATE
-22.9911,20.9215,-3.7959,0.0453,31.3163,1.6754,0.0141,26.7196,10.2284,0.0569,8.4e-05,-0.0365,-0.0434,-0.0007,TRANSLATE
-21.7835,20.8122,1.3007,0.0384,30.1557,1.1607,0.0069,27.7783,10.7788,0.0551,0.00013,-0.0332,-0.0434,-0.0014,TRANSLATE
-20.955,21.8185,5.4937,0.034,30.7464,0.5907,0.0044,28.9494,9.5022,0.0492,0.00017,-0.0262,-0.0407,-0.002,TRANSLATE
-21.8702,21.3705,6.0825,0.0245,31.1769,0.4305,0.0095,30.6073,0.3969,0.0403,0.000136,-0.0173,-0.0351,-0.0027,TRANSLATE
-21.2274,21.612,4.3004,0.0193,30.597,0.5799,0.0052,30.7985,0.1736,0.0323,8.8e-05,-0.0087,-0.0299,-0.002,TRANSLATE
-19.7226,21.6052,3.2372,0.0155,29.432,1.1649,0.0038,30.4216,0.3513,0.0264,7.5e-05,-0.002,-0.0249,-0.002,TRANSLATE
-18.2406,22.1279,1.721,0.0132,28.7285,0.7036,0.0023,30.1361,0.8291,0.0213,5.5e-05,0.0029,-0.0194,-0.0021,TRANSLATE
-17.6956,22.6836,0.2924,0.0123,28.7709,0.0424,0.0009,29.741,0.9713,0.017,2e-05,0.0068,-0.0138,-0.002,TRANSLATE
-17.0408,22.8312,-3.0629,0.0124,28.6538,0.1171,0.0,29.2364,0.5407,0.0145,7e-06,0.0093,-0.0094,-0.0019,TRANSLATE
-16.7202,22.8712,-7.2629,0.0116,29.2473,0.5936,0.0008,28.9665,0.0977,0.013,2e-06,0.0106,-0.0057,-0.0019,TRANSLATE
-14.9324,25.0564,-14.004,0.0101,32.356,3.1087,0.0014,29.5513,2.0101,0.0119,1e-06,0.0107,-0.0042,-0.0016,TRANSLATE
-16.2084,24.2857,-23.4376,0.0231,37.441,5.085,0.013,31.2938,11.2879,0.0139,2.2e-05,0.0079,-0.0071,-0.0012,TRANSLATE
-15.0574,24.988,-23.147,0.0564,37.2412,0.1999,0.0333,32.9879,14.2193,0.0227,0.000306,0.0007,-0.0162,-0.0011,TRANSLATE
-17.924,23.2279,-10.0488,0.0741,31.0126,6.2285,0.0176,33.4596,11.0201,0.0351,0.000659,-0.0092,-0.0285,-0.0001,TRANSLATE
-21.5455,21.9229,-13.9797,0.0817,33.7676,2.755,0.0076,34.3637,6.6731,0.0491,0.000787,-0.0206,-0.042,0.0002,TRANSLATE
-16.8301,24.179,-6.4681,0.1106,30.1614,3.6062,0.0289,33.9248,9.2061,0.0692,0.000836,-0.0337,-0.0599,0.0017,TRANSLATE
-17.1078,25.2432,-0.6495,0.144,30.5011,0.3397,0.0334,32.5368,7.1511,0.0934,0.000947,-0.0463,-0.0808,0.0026,TRANSLATE
-18.9925,24.1133,6.3429,0.1882,31.3432,0.8421,0.0442,31.3572,1.6184,0.1197,0.001779,-0.0567,-0.1051,0.0023,TRANSLATE
-26.0284,21.2063,36.1774,0.2237,49.3558,18.0125,0.0355,35.0258,52.9253,0.1496,0.00263,-0.066,-0.1338,-0.0001,TRANSLATE
-24.1446,22.7838,97.2263,0.2199,102.7376,53.3819,0.0038,48.8198,779.3119,0.1773,0.00193,-0.0731,-0.1611,-0.0017,TRANSLATE
-29.8719,21.077,153.0654,0.1516,157.3709,54.6333,0.0684,74.2617,2419.062,0.1855,0.001105,-0.0749,-0.1694,-0.0037,TRANSLATE
-29.8882,21.3429,178.593,0.0583,182.3301,24.9592,0.0933,104.6275,3449.7375,0.1683,0.003705,-0.0675,-0.1538,-0.0064,TRANSLATE
-34.1168,20.3305,186.19,0.0207,190.3786,8.0485,0.0375,136.4346,2834.5786,0.1348,0.006862,-0.0507,-0.1158,-0.0072,TRANSLATE
-36.6309,20.9769,183.352,0.0969,188.1484,2.2302,0.0762,164.1931,1082.3606,0.1095,0.004926,-0.0234,-0.0582,-0.0067,TRANSLATE
-31.4547,22.5253,167.4629,0.1685,171.8738,16.2746,0.0716,178.0204,147.6113,0.0992,0.003078,0.0114,0.0107,-0.0058,TRANSLATE
-31.3044,22.2015,131.5797,0.211,137.0623,34.8115,0.0425,173.9586,381.346,0.1111,0.00489,0.0485,0.0729,-0.0058,TRANSLATE
-30.281,21.4237,95.4169,0.2373,102.3733,34.689,0.0262,157.9673,1136.4983,0.1469,0.006234,0.0816,0.1216,-0.0045,TRANSLATE
-26.9561,20.7608,55.321,0.2484,64.9465,37.4267,0.0111,132.8809,2027.6429,0.1924,0.003038,0.1076,0.1594,-0.0033,TRANSLATE
-25.2742,20.7805,16.6474,0.2468,36.7118,28.2348,0.0016,102.5935,2349.1206,0.2224,0.000905,0.1233,0.185,-0.0027,TRANSLATE
-23.4381,21.2869,-13.8758,0.2151,34.569,2.1427,0.0317,75.1326,1560.5326,0.2317,0.000248,0.1268,0.1939,-0.0023,TRANSLATE
-20.138,21.6764,-36.0382,0.1724,46.6278,12.0588,0.0428,57.0457,628.843,0.224,0.000807,0.12,0.189,-0.0024,TRANSLATE
-17.1417,21.3786,-37.3305,0.1218,46.3082,0.3196,0.0505,45.8327,115.2518,0.2009,0.002326,0.1046,0.1714,-0.0027,TRANSLATE
-18.0383,21.4435,-32.3769,0.0899,42.8191,3.4892,0.0319,41.4072,24.4152,0.1692,0.003335,0.0854,0.146,-0.0029,TRANSLATE
-16.6713,21.858,-28.6734,0.0676,39.7224,3.0967,0.0223,42.0093,20.211,0.1334,0.002911,0.065,0.1163,-0.0027,TRANSLATE
-17.4558,21.427,-32.5044,0.0532,42.6656,2.9432,0.0144,43.6286,6.6034,0.101,0.00181,0.0471,0.0892,-0.0023,TRANSLATE
-17.9334,21.7447,-38.8535,0.0389,48.0003,5.3347,0.0143,43.9031,8.5514,0.0743,0.00085,0.0326,0.0666,-0.0015,TRANSLATE
-15.3998,22.3551,-39.9547,0.0178,48.3041,0.3037,0.0211,44.3023,11.1088,0.0535,0.000602,0.0212,0.0488,-0.0005,TRANSLATE
-14.9699,23.3997,-36.8106,0.0114,46.1158,2.1883,0.0065,44.9616,10.8918,0.0378,0.000444,0.0129,0.0351,0.0004,TRANSLATE
-16.029,22.6104,-35.0797,0.0032,44.7074,1.4084,0.0082,45.9586,4.4208,0.0249,0.00034,0.0068,0.0235,0.001,TRANSLATE
-14.9951,23.1071,-28.6857,0.0047,39.7701,4.9373,0.0015,45.3795,9.5763,0.0152,0.000168,0.0024,0.0128,0.0012,TRANSLATE
-18.2242,21.6763,-23.0485,0.0065,36.5133,3.2568,0.0019,43.0821,18.6466,0.0087,2.8e-05,-0.0004,0.0042,0.001,TRANSLATE
-18.6981,21.5223,-17.9982,0.0085,33.7159,2.7973,0.0019,40.1645,22.2253,0.0068,8e-06,-0.0017,-0.0008,0.0006,TRANSLATE
-18.7241,21.4866,-13.7486,0.0101,31.6431,2.0728,0.0016,37.2699,21.2861,0.0066,6e-06,-0.0027,-0.0047,0.0003,TRANSLATE
-18.5949,21.4549,-10.2926,0.0116,30.1997,1.4435,0.0015,34.3684,11.8019,0.0083,6e-06,-0.0039,-0.0072,0.0001,TRANSLATE
-18.1228,22.1077,-7.306,0.0124,29.5053,0.6944,0.0008,32.3155,6.4817,0.0098,4e-06,-0.0052,-0.0083,-0.0,TRANSLATE
-18.4045,22.2893,-7.376,0.0117,29.8319,0.3266,0.0007,30.9792,2.4054,0.0108,2e-06,-0.0064,-0.0087,0.0001,TRANSLATE
-17.7392,22.9533,-7.1071,0.0151,29.8671,0.0352,0.0034,30.2094,0.5622,0.0122,3e-06,-0.008,-0.009,0.0002,TRANSLATE
-17.2883,23.0064,-6.3325,0.0154,29.4666,0.4005,0.0003,29.7741,0.072,0.0132,3e-06,-0.0097,-0.0085,0.0004,TRANSLATE
-16.8994,23.3238,-7.7566,0.0163,29.8288,0.3622,0.0009,29.6999,0.0309,0.0142,3e-06,-0.0114,-0.0077,0.0008,TRANSLATE
-19.9882,21.9153,-6.4428,0.0186,30.3533,0.5245,0.0023,29.8695,0.0799,0.0154,5e-06,-0.0132,-0.0072,0.0019,TRANSLATE
-17.7093,22.9885,-7.7074,0.0163,30.0249,0.3283,0.0023,29.9081,0.083,0.0163,2e-06,-0.0144,-0.0067,0.0028,TRANSLATE
-17.3893,22.8689,-10.8253,0.0152,30.7012,0.6763,0.0011,30.0749,0.1806,0.0163,1e-06,-0.0148,-0.006,0.0031,TRANSLATE
-20.5771,24.0826,-10.8165,0.0153,33.4722,2.771,0.0002,30.8761,1.773,0.0163,1e-06,-0.0147,-0.006,0.0035,TRANSLATE
-17.8117,23.5536,-13.2501,0.0187,32.3665,1.1056,0.0034,31.3836,1.7403,0.0168,2e-06,-0.015,-0.0065,0.0031,TRANSLATE
-20.8993,21.8273,-13.3157,0.0249,33.023,0.6565,0.0062,31.9176,1.7804,0.0181,1.3e-05,-0.0163,-0.0072,0.0017,TRANSLATE
-19.7289,22.3493,-8.0338,0.0263,30.8749,2.1481,0.0014,32.0876,1.2525,0.0201,2.2e-05,-0.018,-0.0085,0.0008,TRANSLATE
-19.9706,23.5013,-1.7864,0.0241,30.8922,0.0173,0.0021,32.1258,1.1524,0.0218,1.7e-05,-0.0196,-0.0093,0.0011,TRANSLATE
-19.164,23.2323,-0.8635,0.0198,30.1288,0.7634,0.0043,31.4571,1.1403,0.0227,9e-06,-0.0206,-0.0079,0.0016,TRANSLATE
-14.3905,24.2952,-1.6033,0.0206,28.2828,1.846,0.0008,30.6403,2.3231,0.0231,6e-06,-0.0208,-0.0054,0.0035,TRANSLATE
-15.7156,22.9112,-3.8795,0.0213,28.0527,0.2301,0.0007,29.6463,1.5387,0.0224,6e-06,-0.0202,-0.002,0.0054,TRANSLATE
-11.6787,24.7571,-4.2755,0.0249,27.7053,0.3473,0.0035,29.0124,1.5884,0.0222,4e-06,-0.0199,0.0009,0.0075,TRANSLATE
-13.4023,23.5869,-0.4454,0.0271,27.1323,0.573,0.0022,28.2604,1.023,0.0227,8e-06,-0.0206,0.0033,0.0087,TRANSLATE
-17.2594,22.4914,4.2624,0.0301,28.6691,1.5368,0.0031,27.9684,0.273,0.0248,1.3e-05,-0.0226,0.0045,0.0082,TRANSLATE
-18.32,23.0212,4.96,0.0331,29.8362,1.1671,0.003,28.2791,0.8545,0.0273,1.7e-05,-0.0252,0.0056,0.0075,TRANSLATE
-23.5216,20.2576,5.3055,0.0377,31.4926,1.6564,0.0047,28.9671,2.4362,0.0306,2.1e-05,-0.0288,0.0061,0.0063,TRANSLATE
-20.9485,22.0436,6.7194,0.0421,31.1434,0.3492,0.0044,29.6547,2.5922,0.034,2.9e-05,-0.0327,0.0058,0.0053,TRANSLATE
-18.0963,23.2849,17.4411,0.0445,34.2616,3.1182,0.0024,31.0806,3.5312,0.0375,2.9e-05,-0.0363,0.0039,0.0047,TRANSLATE
-20.6989,23.7123,27.0748,0.043,41.5182,7.2566,0.0015,33.6504,17.553,0.0401,1.7e-05,-0.0389,0.0005,0.0043,TRANSLATE
-22.281,22.7198,37.2473,0.0374,48.9898,7.4716,0.0055,37.4811,47.0282,0.041,8e-06,-0.0398,-0.0036,0.0043,TRANSLATE
-21.128,23.2196,43.1104,0.0307,53.3296,4.3398,0.0067,41.8485,71.0164,0.0396,2.5e-05,-0.0381,-0.0068,0.0059,TRANSLATE
-14.7117,25.1351,47.4289,0.0262,55.6571,2.3275,0.0045,46.7512,62.1951,0.0364,4.9e-05,-0.0347,-0.0087,0.0055,TRANSLATE
-19.1319,23.3299,50.365,0.0231,58.7107,3.0537,0.0032,51.6411,35.6922,0.0321,5.3e-05,-0.0304,-0.0085,0.0036,TRANSLATE
-20.8524,22.7046,48.6576,0.0199,57.6011,1.1096,0.0031,54.8576,11.9557,0.0275,3.8e-05,-0.0257,-0.0081,0.0033,TRANSLATE
-27.2694,23.4043,48.6511,0.0255,60.484,2.8829,0.0056,57.1565,6.1158,0.0251,1.3e-05,-0.0221,-0.0097,0.0026,TRANSLATE
-26.6624,22.8703,56.5584,0.0332,66.5792,6.0952,0.0077,59.8064,13.9221,0.0256,1.9e-05,-0.0198,-0.0139,0.0013,TRANSLATE
-25.3924,23.1775,67.2717,0.0239,75.5477,8.9685,0.0093,63.7845,44.2109,0.0251,2e-05,-0.0165,-0.0167,0.0012,TRANSLATE
-24.2733,24.0482,70.4892,0.0131,78.3342,2.7865,0.0108,67.7092,65.9975,0.0231,4.4e-05,-0.0118,-0.0178,0.0008,TRANSLATE
-23.0093,23.9917,71.4226,0.0104,78.7796,0.4454,0.0028,71.9449,52.132,0.0212,7e-05,-0.0062,-0.0168,0.0006,TRANSLATE
-26.0543,24.7496,66.0162,0.0141,75.1633,3.6163,0.0037,74.8808,19.3136,0.0189,7.2e-05,-0.0,-0.0124,-0.0004,TRANSLATE
-26.2997,25.5747,57.8442,0.0152,68.496,6.6673,0.0011,75.2641,13.5365,0.0153,2.1e-05,0.0059,-0.0054,-0.0018,TRANSLATE
-26.2991,25.4535,51.741,0.0117,63.3771,5.1188,0.0035,72.83,35.8558,0.0129,3e-06,0.0098,-0.0005,-0.0031,TRANSLATE
-24.0768,26.5972,45.7709,0.0122,58.1557,5.2214,0.0005,68.7943,56.577,0.0127,3e-06,0.0118,0.0015,-0.0029,TRANSLATE
-23.4864,26.4652,46.2511,0.0155,58.2339,0.0783,0.0033,64.6852,42.0553,0.0138,2e-06,0.0117,-0.0004,-0.0026,TRANSLATE
-19.786,25.6941,49.4728,0.0225,59.1543,0.9204,0.007,61.4834,15.964,0.0154,1.5e-05,0.0127,-0.0038,-0.0027,TRANSLATE
-16.3226,25.5896,49.6876,0.022,58.2247,0.9296,0.0005,59.4291,4.0326,0.0168,2.2e-05,0.014,-0.007,-0.0025,TRANSLATE
-19.2643,24.2311,46.6595,0.0245,55.9943,2.2304,0.0025,57.9526,1.0947,0.0194,2.2e-05,0.0163,-0.0086,-0.0003,TRANSLATE
-17.1614,24.8224,41.3557,0.0272,51.1953,4.799,0.0027,56.5605,8.2807,0.0224,1.5e-05,0.0188,-0.0092,0.0027,TRANSLATE
-10.6417,26.0829,36.2846,0.0317,45.9362,5.2591,0.0045,54.101,24.2465,0.0256,1.3e-05,0.0223,-0.0095,0.0048,TRANSLATE
-18.6352,23.0663,34.4433,0.0351,45.4496,0.4866,0.0034,51.36,26.5958,0.0281,2.2e-05,0.0245,-0.0102,0.0072,TRANSLATE
-19.4894,23.6031,31.1827,0.0374,43.6956,1.754,0.0024,48.4542,20.4759,0.0312,2.3e-05,0.0264,-0.0129,0.0088,TRANSLATE
-16.4415,27.0793,30.1056,0.0392,43.7031,0.0075,0.0017,45.9959,7.5768,0.0341,1.8e-05,0.0277,-0.0167,0.0087,TRANSLATE
-16.8063,25.1697,34.7782,0.0368,46.103,2.4,0.0024,44.9775,1.1352,0.0361,6e-06,0.0294,-0.0191,0.0064,TRANSLATE
-20.2388,24.4889,37.8069,0.0363,49.383,3.28,0.0005,45.6669,4.3579,0.037,2e-06,0.0311,-0.0178,0.0034,TRANSLATE
-18.3411,24.5067,37.1643,0.0437,48.1473,1.2357,0.0074,46.2064,5.2879,0.0387,7e-06,0.0337,-0.013,-0.0003,TRANSLATE
-16.126,24.746,28.4721,0.0513,41.0252,7.122,0.0076,45.6723,9.1107,0.0415,3.1e-05,0.0375,-0.0058,-0.0034,TRANSLATE
-19.8945,23.4562,17.6089,0.0489,35.4409,5.5843,0.0024,44.0199,26.5409,0.0434,3.7e-05,0.0409,0.0013,-0.0076,TRANSLATE
-19.5031,22.4524,11.7152,0.0485,31.9645,3.4764,0.0003,41.1922,46.7434,0.0457,2.8e-05,0.0438,0.006,-0.0096,TRANSLATE
-25.54,21.012,11.8128,0.0485,35.1189,3.1544,0.0001,38.3394,32.564,0.0482,6e-06,0.0464,0.0076,-0.0093,TRANSLATE
-24.3851,21.1471,15.4628,0.0454,35.7901,0.6712,0.003,35.8679,8.5168,0.0485,3e-06,0.047,0.0058,-0.0076,TRANSLATE
-27.5268,18.7239,17.4952,0.0417,37.6084,1.8184,0.0038,35.1846,3.3361,0.0466,8e-06,0.0456,0.0031,-0.0061,TRANSLATE
-29.409,17.4104,15.618,0.0385,37.5757,0.0327,0.0031,35.6115,4.2841,0.0445,1.5e-05,0.0442,0.0016,-0.0033,TRANSLATE
-26.3772,19.3689,13.9038,0.0426,35.556,2.0197,0.0041,36.3298,1.1087,0.0433,1.1e-05,0.0431,0.0015,-0.0006,TRANSLATE
-24.1892,19.742,7.5043,0.048,32.112,3.444,0.0054,35.7284,4.0118,0.0432,1e-05,0.0429,0.0027,0.001,TRANSLATE
-21.2077,20.453,-3.2216,0.0463,29.639,2.4731,0.0016,34.4982,9.9139,0.0434,1.1e-05,0.0431,0.004,0.0008,TRANSLATE
-22.563,19.9374,-5.4273,0.0439,30.5948,0.9559,0.0024,33.0955,9.0589,0.0439,1.1e-05,0.0435,0.0036,0.0014,TRANSLATE
-22.0379,19.5593,-4.8418,0.0329,29.861,0.7339,0.011,31.5525,4.7562,0.0428,2.8e-05,0.0424,0.0025,0.0011,TRANSLATE
-24.9803,18.1662,1.6109,0.0258,30.9293,1.0683,0.0072,30.6272,0.7721,0.0394,7.4e-05,0.039,0.0002,0.0004,TRANSLATE
-23.8999,18.9361,-0.9394,0.0257,30.5067,0.4226,0.0001,30.3062,0.231,0.0349,7.7e-05,0.0347,-0.0012,-0.0007,TRANSLATE
-21.1012,20.3176,-1.0609,0.0329,29.3119,1.1948,0.0073,30.2408,0.3354,0.0322,4.5e-05,0.032,-0.0026,-0.001,TRANSLATE
-13.7528,22.2978,-5.2425,0.0416,26.7173,2.5946,0.0086,29.4653,2.1919,0.0318,3.4e-05,0.0314,-0.0035,-0.0013,TRANSLATE
-18.6804,19.9726,-9.8283,0.0532,29.0596,2.3422,0.0117,29.305,2.1678,0.0358,0.00011,0.0351,-0.0058,-0.0017,TRANSLATE
-21.4724,20.1375,-11.447,0.0705,31.5851,2.5255,0.0173,29.4361,2.6627,0.0448,0.00025,0.0437,-0.0079,-0.0033,TRANSLATE
-16.3842,22.8756,-15.8858,0.0839,32.3124,0.7273,0.0134,29.7973,3.9576,0.0564,0.000348,0.0552,-0.0107,-0.0037,TRANSLATE
-15.4355,22.6661,-21.9649,0.0945,35.1349,2.8225,0.0105,30.9619,8.2523,0.0687,0.000375,0.0674,-0.0122,-0.0028,TRANSLATE
-13.4203,22.4641,-36.6625,0.1076,45.0431,9.9082,0.0131,34.627,30.872,0.0819,0.000354,0.0807,-0.0117,-0.0023,TRANSLATE
-14.5081,20.1244,-52.3394,0.109,57.9214,12.8783,0.0015,40.3994,99.8781,0.0931,0.000212,0.0923,-0.0097,-0.0017,TRANSLATE
-17.8471,18.0746,-69.5903,0.1109,74.0811,16.1597,0.0018,48.8986,238.9952,0.1012,0.000108,0.1007,-0.0085,-0.0002,TRANSLATE
-21.0464,16.1284,-82.0222,0.1043,86.2016,12.1205,0.0066,59.6764,346.1164,0.1053,3.4e-05,0.1047,-0.0092,-0.0006,TRANSLATE
-19.3403,15.7683,-90.2271,0.0937,93.6142,7.4126,0.0106,71.3723,319.2206,0.1051,3.7e-05,0.1038,-0.0126,-0.0018,TRANSLATE
-12.3285,15.2897,-86.3005,0.0791,88.5073,5.107,0.0146,80.0651,163.7314,0.0994,0.000139,0.0971,-0.0171,-0.0037,TRANSLATE
-16.7909,14.4724,-81.1279,0.0603,84.1018,4.4054,0.0188,85.3012,41.5049,0.0897,0.000331,0.0864,-0.0209,-0.0039,TRANSLATE
-17.7702,13.2716,-70.0898,0.0396,73.5153,10.5865,0.0207,85.188,44.0956,0.0754,0.000538,0.0706,-0.0239,-0.0037,TRANSLATE
-8.2162,15.5142,-57.0687,0.0215,59.7079,13.8074,0.0181,79.8893,145.661,0.0589,0.000678,0.051,-0.0246,-0.0025,TRANSLATE
-15.1323,17.2739,-48.9769,0.0228,54.0935,5.6144,0.0012,71.9852,178.5955,0.0447,0.000494,0.0288,-0.0199,-0.0002,TRANSLATE
-14.5527,18.691,-51.0471,0.0508,56.2756,2.1821,0.028,65.5388,131.8023,0.039,0.000232,0.0042,-0.0118,0.0017,TRANSLATE
-17.2516,17.884,-58.4783,0.0862,63.5387,7.2631,0.0354,61.4262,46.7718,0.0442,0.00056,-0.0237,-0.0032,0.0011,TRANSLATE
-16.1544,20.4416,-63.3451,0.1262,68.494,4.9553,0.04,60.4219,26.5248,0.0615,0.001602,-0.0547,0.0061,-0.0001,TRANSLATE
-15.9047,24.6658,-59.498,0.1645,66.3428,2.1512,0.0383,61.7489,31.6734,0.0901,0.002587,-0.0886,0.012,0.0009,TRANSLATE
-11.1207,26.1982,-42.7515,0.1942,51.3586,14.9842,0.0297,61.202,41.2447,0.1244,0.002673,-0.123,0.0151,0.0005,TRANSLATE
-13.0997,25.0836,-37.4575,0.2148,46.9452,4.4135,0.0206,59.3359,73.5597,0.1572,0.002149,-0.156,0.0158,0.0007,TRANSLATE
-16.1141,23.1388,-23.4816,0.2227,36.694,10.2512,0.0079,53.9669,143.7322,0.1845,0.001254,-0.1837,0.0142,0.0023,TRANSLATE
-16.2538,23.3016,-6.479,0.2177,29.1398,7.5542,0.005,46.0961,162.8521,0.2028,0.000461,-0.2023,0.0123,0.0055,TRANSLATE
-16.2312,23.5132,10.8949,0.2062,30.5781,1.4383,0.0115,38.9431,77.8631,0.2111,0.0001,-0.2106,0.0133,0.0064,TRANSLATE
-17.0568,22.8449,24.6315,0.1765,37.6768,7.0987,0.0297,36.2068,39.8671,0.2076,0.000271,-0.2069,0.015,0.0069,TRANSLATE
-20.8298,21.4603,32.7177,0.1394,44.3269,6.6502,0.0371,35.6831,29.7176,0.1925,0.000962,-0.1915,0.0163,0.0076,TRANSLATE
-21.442,21.7557,40.8617,0.1079,51.0171,6.6902,0.0316,38.5477,68.3336,0.1695,0.001684,-0.1683,0.0173,0.0074,TRANSLATE
-21.2442,20.6577,47.1081,0.0776,55.6528,4.6356,0.0303,43.8503,81.0308,0.1415,0.002125,-0.14,0.0182,0.0061,TRANSLATE
-21.1922,20.7668,47.5334,0.0499,56.0338,0.3811,0.0277,48.9415,49.568,0.1103,0.001991,-0.1081,0.0194,0.0046,TRANSLATE
-21.935,20.8447,44.5704,0.0299,53.8718,2.162,0.02,52.1805,18.5595,0.0809,0.001545,-0.0775,0.0193,0.0032,TRANSLATE
-21.6855,20.9695,36.4032,0.0163,47.2777,6.5941,0.0137,52.7706,10.6831,0.0563,0.001091,-0.0511,0.0177,0.0013,TRANSLATE
-21.9328,20.8287,29.6788,0.0113,42.3759,4.9018,0.0049,51.0424,28.6914,0.037,0.000591,-0.0284,0.0161,0.0002,TRANSLATE
-22.2962,20.688,23.3149,0.0138,38.3236,4.0523,0.0024,47.5766,44.7817,0.0242,0.000206,-0.0109,0.0142,-0.0008,TRANSLATE
-20.7214,21.1035,18.8332,0.0147,35.0631,3.2605,0.0009,43.3824,44.203,0.0172,4.3e-05,0.0009,0.0114,-0.0017,TRANSLATE
-19.6896,21.3172,13.8822,0.0175,32.1686,2.8945,0.0029,39.0418,28.5065,0.0147,5e-06,0.0083,0.0091,-0.0022,TRANSLATE
-19.5986,20.8756,3.3245,0.0205,28.8262,3.3424,0.003,35.3515,22.194,0.0156,1e-05,0.0127,0.0084,-0.0023,TRANSLATE
-17.7507,22.1442,-11.7873,0.0214,30.731,1.9049,0.0009,33.0225,11.1711,0.0176,9e-06,0.0148,0.009,-0.0026,TRANSLATE
-18.3693,21.4748,-18.4986,0.0217,33.7757,3.0446,0.0003,32.1129,4.8368,0.0192,7e-06,0.0162,0.0095,-0.0034,TRANSLATE
-15.2111,22.9736,-23.1739,0.0187,36.0026,2.227,0.003,32.3008,6.0867,0.02,3e-06,0.0169,0.0081,-0.0046,TRANSLATE
-15.7407,22.2164,-21.4766,0.0185,34.6783,1.3244,0.0002,32.8027,6.9617,0.0201,2e-06,0.0173,0.006,-0.0056,TRANSLATE
-16.452,22.3512,-20.4438,0.0181,34.4702,0.2081,0.0003,33.9315,3.0809,0.0197,2e-06,0.0173,0.0037,-0.0061,TRANSLATE
-16.7772,21.9122,-21.2206,0.0196,34.8129,0.3427,0.0015,34.7479,0.5212,0.0193,2e-06,0.0173,0.0026,-0.0067,TRANSLATE
-16.2499,22.4767,-23.414,0.0176,36.297,1.4842,0.002,35.2522,0.5578,0.0185,0.0,0.0168,0.0017,-0.0066,TRANSLATE
-19.0249,20.8001,-28.9093,0.0263,40.3775,4.0804,0.0087,36.1272,4.9333,0.02,1e-05,0.0174,0.0054,-0.0057,TRANSLATE
-19.7231,20.3119,-33.8837,0.0234,44.1552,3.7777,0.0029,38.0225,13.8108,0.021,1.1e-05,0.017,0.0093,-0.0044,TRANSLATE
-25.1659,17.3745,-42.5164,0.0263,52.3721,8.2169,0.0029,41.6029,39.6498,0.0226,1.2e-05,0.0167,0.0136,-0.0035,TRANSLATE
-25.9921,16.8371,-48.1912,0.0227,57.2841,4.912,0.0036,46.0972,59.4105,0.0233,1e-05,0.0161,0.0159,-0.0018,TRANSLATE
-20.6218,19.9728,-29.5436,0.0181,41.1946,16.0895,0.0045,47.0767,44.0494,0.0234,9e-06,0.0149,0.0174,0.0006,TRANSLATE
-15.3475,22.8345,-18.8911,0.0228,33.3742,7.8205,0.0047,45.676,70.6636,0.0227,7e-06,0.0128,0.0178,0.0031,TRANSLATE
-13.9561,22.6239,-9.9723,0.0276,28.3912,4.983,0.0048,42.5232,120.0143,0.0235,1.1e-05,0.0118,0.0192,0.0046,TRANSLATE
-16.4336,21.5147,0.3378,0.0365,27.0751,1.3161,0.0089,37.4638,122.7456,0.0256,3.9e-05,0.0115,0.0215,0.0066,TRANSLATE
-15.0532,22.1618,3.9202,0.0488,27.076,0.0009,0.0122,31.4222,29.2569,0.0308,0.000118,0.0124,0.0269,0.0077,TRANSLATE
-17.5738,21.6763,-2.6513,0.0587,28.0309,0.9548,0.01,28.7895,5.5257,0.0389,0.000176,0.0145,0.035,0.0086,TRANSLATE
-18.5684,20.5848,-12.3148,0.0632,30.3344,2.3035,0.0045,28.1815,1.4295,0.047,0.000178,0.0179,0.0425,0.0089,TRANSLATE
-15.8203,22.4428,-20.6643,0.0536,34.3654,4.031,0.0096,29.3763,7.6411,0.0522,8.4e-05,0.0199,0.0471,0.01,TRANSLATE
-20.625,20.5011,-31.7908,0.0362,43.0853,8.72,0.0175,32.5784,33.9162,0.0521,8.7e-05,0.0194,0.0474,0.009,TRANSLATE
-21.1438,17.8322,-36.2921,0.0315,45.6307,2.5453,0.0047,36.2893,48.1624,0.0486,0.000158,0.0179,0.0443,0.0063,TRANSLATE
-18.2588,18.3251,-38.018,0.0238,45.9844,0.3537,0.0076,39.88,40.4277,0.0417,0.000212,0.0155,0.0378,0.0025,TRANSLATE
-14.5414,20.7195,-40.4707,0.0234,47.7349,1.7506,0.0004,43.3601,22.4324,0.0337,0.000122,0.0124,0.0302,-0.0012,TRANSLATE
-13.4487,21.7599,-43.989,0.0183,50.8861,3.1512,0.0051,46.6643,6.662,0.0266,4e-05,0.0098,0.0232,-0.0058,TRANSLATE
-12.2965,22.533,-38.4569,0.013,46.2371,4.6491,0.0054,47.2946,3.7393,0.022,3.8e-05,0.0092,0.0179,-0.0077,TRANSLATE
-13.8653,22.792,-36.0592,0.0127,44.8552,1.3819,0.0003,47.1395,4.3517,0.0182,2.3e-05,0.009,0.0133,-0.0076,TRANSLATE
-18.361,22.2336,-32.638,0.0144,43.5511,1.3041,0.0017,46.6529,6.4234,0.0164,1.6e-05,0.0096,0.0106,-0.0069,TRANSLATE
-16.8138,22.7525,-31.3104,0.0194,42.1986,1.3525,0.005,45.5456,8.9313,0.0156,8e-06,0.0103,0.0095,-0.0055,TRANSLATE
-17.9229,21.7958,-38.9358,0.0228,48.0862,5.8876,0.0034,44.9856,4.2044,0.0164,1.6e-05,0.0124,0.0094,-0.0022,TRANSLATE
-13.0665,22.4616,-45.3987,0.0234,52.3096,4.2234,0.0007,46.2001,13.1443,0.0185,1.9e-05,0.0146,0.0091,0.0014,TRANSLATE
-7.6282,24.1318,-48.2439,0.0236,54.4794,2.1698,0.0002,48.125,22.7868,0.0207,1.2e-05,0.0159,0.0059,0.0051,TRANSLATE
0.7006,26.1336,-50.1889,0.0302,56.5896,2.1101,0.0066,50.7327,26.1324,0.0239,1.2e-05,0.0165,-0.0002,0.0086,TRANSLATE
1.9136,27.1943,-36.2324,0.038,45.3429,11.2467,0.0078,51.3615,16.9808,0.0276,3.5e-05,0.0158,-0.0097,0.0115,TRANSLATE
2.4465,26.4492,-23.4734,0.0364,35.4478,9.8951,0.0016,48.8339,59.0955,0.0304,3.8e-05,0.0128,-0.0192,0.0125,TRANSLATE
-0.0147,25.5406,-18.3818,0.0307,31.4677,3.9801,0.0058,44.6655,99.6207,0.0318,2.6e-05,0.0093,-0.0259,0.0127,TRANSLATE
-4.4555,22.0231,-27.6617,0.0237,35.6376,4.1699,0.0069,40.8971,82.4578,0.0318,2.6e-05,0.0074,-0.0283,0.0111,TRANSLATE
-3.9738,22.5279,-46.4263,0.0343,51.7561,16.1185,0.0106,39.9304,55.8562,0.0326,2.6e-05,0.0054,-0.0303,0.0101,TRANSLATE
-6.4946,22.5879,-53.3691,0.0551,58.3152,6.5591,0.0208,42.5249,110.8658,0.036,0.00011,0.0032,-0.0342,0.0102,TRANSLATE
-6.702,22.3891,-43.9953,0.0684,49.8174,8.4978,0.0132,45.3988,103.2256,0.0424,0.000278,0.0017,-0.0409,0.0092,TRANSLATE
-9.0116,23.0332,-31.19,0.0744,39.8064,10.011,0.006,47.0665,67.8841,0.0512,0.000378,-0.0007,-0.05,0.0063,TRANSLATE
-9.9093,23.5015,-25.2239,0.0634,35.8714,3.935,0.011,47.1133,66.8241,0.0591,0.000194,-0.0035,-0.058,0.0032,TRANSLATE
-13.1899,23.7106,-27.076,0.0555,38.3311,2.4597,0.0078,44.4283,70.7291,0.0634,5.5e-05,-0.0066,-0.0622,-0.0004,TRANSLATE
-9.3488,24.7091,-27.5077,0.0548,38.1394,0.1918,0.0007,40.3931,23.7877,0.0633,5.6e-05,-0.0089,-0.0621,-0.0047,TRANSLATE
-6.6572,25.1954,-25.5467,0.0567,36.4933,1.646,0.0018,37.7283,1.9648,0.0609,5.4e-05,-0.0106,-0.0594,-0.007,TRANSLATE
-8.4507,24.4626,-22.3093,0.0629,34.1692,2.3241,0.0062,36.6009,2.3634,0.0587,1.4e-05,-0.011,-0.0569,-0.0088,TRANSLATE
-13.9075,24.0076,-11.0693,0.0669,29.8716,4.2977,0.004,35.4009,9.8739,0.0594,2.2e-05,-0.0108,-0.0577,-0.0081,TRANSLATE
-13.5447,24.1935,1.5102,0.0617,27.7681,2.1034,0.0052,33.2883,15.3455,0.0606,1.9e-05,-0.0096,-0.0592,-0.0076,TRANSLATE
-13.7233,24.5705,7.6675,0.0481,29.1689,1.4008,0.0136,31.4942,10.8141,0.0593,4.2e-05,-0.0072,-0.0581,-0.0076,TRANSLATE
-15.6911,23.6251,3.7059,0.0427,28.6023,0.5666,0.0055,29.916,4.9979,0.0565,8.7e-05,-0.0038,-0.0555,-0.0077,TRANSLATE
-14.9685,24.2251,2.2897,0.0421,28.5684,0.0339,0.0005,28.7959,0.4884,0.0523,0.000103,-0.0006,-0.0516,-0.0071,TRANSLATE
-13.7936,24.1863,0.488,0.0304,27.8474,0.721,0.0118,28.391,0.273,0.045,0.000103,0.0013,-0.0442,-0.0075,TRANSLATE
-12.3911,25.0647,-3.1377,0.0216,28.1358,0.2884,0.0088,28.4646,0.203,0.037,9.3e-05,0.0037,-0.0358,-0.0074,TRANSLATE
-13.816,24.4361,-7.4789,0.0206,29.0507,0.9149,0.001,28.4409,0.1719,0.0315,9.1e-05,0.0062,-0.0294,-0.007,TRANSLATE
-15.7747,23.5489,-17.8769,0.0279,33.5108,4.4602,0.0073,29.4226,4.3437,0.0285,6e-05,0.0088,-0.0254,-0.0062,TRANSLATE
-23.8197,19.8891,-11.6328,0.0299,33.1403,0.3705,0.002,30.337,6.1259,0.0261,1.7e-05,0.01,-0.0225,-0.0062,TRANSLATE
-22.587,20.7707,-8.9593,0.0335,31.9666,1.1737,0.0036,31.1608,4.7387,0.0267,2.4e-05,0.011,-0.0228,-0.0068,TRANSLATE
-23.4415,19.6978,-20.1206,0.0391,36.638,4.6714,0.0056,32.8613,6.017,0.0302,3.7e-05,0.0118,-0.0259,-0.0083,TRANSLATE
-21.7001,19.7989,-39.4558,0.0497,49.19,12.5519,0.0107,36.8891,40.2143,0.036,6.2e-05,0.0109,-0.0325,-0.009,TRANSLATE
-21.7476,19.2953,-61.1428,0.0719,67.7031,18.5131,0.0221,43.7276,181.0671,0.0448,0.000228,0.008,-0.0425,-0.0089,TRANSLATE
-20.7949,19.8925,-78.283,0.1076,83.4049,15.7018,0.0358,53.7805,372.4446,0.0604,0.000731,0.0048,-0.0586,-0.0075,TRANSLATE
-22.7016,18.2671,-78.7764,0.1359,83.9927,0.5878,0.0283,64.1857,351.5621,0.0808,0.001309,0.001,-0.0796,-0.0052,TRANSLATE
-24.2456,17.7575,-56.0305,0.1522,63.5814,20.4113,0.0163,69.5744,170.8223,0.1035,0.001466,-0.0036,-0.103,-0.0022,TRANSLATE
-20.059,18.9028,-23.5181,0.152,36.2324,27.349,0.0002,66.9829,303.3395,0.1239,0.000942,-0.0059,-0.1237,-0.0001,TRANSLATE
-23.8285,18.8192,-4.1676,0.134,30.6484,5.584,0.018,59.5719,512.3525,0.1364,0.000266,-0.0061,-0.1361,0.0008,TRANSLATE
-24.3534,20.4459,14.0909,0.1092,34.7804,4.132,0.0248,49.8471,427.1015,0.1367,0.000248,-0.005,-0.1365,0.0017,TRANSLATE
-25.489,20.7724,29.9946,0.0644,44.5068,9.7264,0.0448,41.9499,137.255,0.1224,0.001088,-0.004,-0.1222,0.0024,TRANSLATE
-20.6693,22.7804,34.5582,0.0199,46.2648,1.758,0.0446,38.4866,35.3996,0.0959,0.00231,-0.0032,-0.0953,0.0031,TRANSLATE
-21.8542,21.6993,48.4465,0.02,57.4067,11.1419,0.0002,42.7214,88.0437,0.0695,0.002135,-0.0048,-0.0617,0.0029,TRANSLATE
-19.3927,22.5907,80.6604,0.0509,85.9797,28.573,0.0308,53.7877,310.6858,0.0529,0.001096,-0.0074,-0.025,0.0041,TRANSLATE
-19.1142,24.6819,119.1283,0.1016,123.1507,37.171,0.0507,71.4618,888.3038,0.0513,0.000933,-0.0074,0.017,0.0053,TRANSLATE
-22.0945,26.5049,131.1651,0.1721,135.6281,12.4773,0.0705,89.686,1234.3291,0.0729,0.00335,-0.003,0.0639,0.0081,TRANSLATE
-16.4068,28.1977,102.3852,0.2385,107.4571,28.1709,0.0664,101.9245,770.6319,0.1166,0.006362,0.0056,0.1145,0.0074,TRANSLATE
-15.4848,26.3738,47.2801,0.2669,56.3095,51.1476,0.0284,101.705,790.3628,0.166,0.006577,0.0154,0.1642,0.0067,TRANSLATE
-15.316,24.2084,-18.9603,0.2581,34.3529,21.9566,0.0088,91.3797,1541.5547,0.2074,0.003906,0.0226,0.2057,0.0061,TRANSLATE
-12.7059,23.9136,-55.712,0.2032,61.9446,27.5917,0.0549,79.1384,1363.1118,0.2278,0.001255,0.0239,0.2261,0.004,TRANSLATE
-12.5397,24.1559,-57.1134,0.1515,63.2668,1.3222,0.0517,64.6662,565.8318,0.2236,0.001781,0.0198,0.2223,0.0006,TRANSLATE
-13.7287,24.4935,-44.7813,0.1164,52.8561,10.4107,0.0351,53.746,108.2637,0.1992,0.003439,0.0118,0.1984,0.0002,TRANSLATE
-14.5954,23.8104,-35.8657,0.0927,45.4567,7.3995,0.0238,51.5754,115.9805,0.1644,0.00358,0.0031,0.164,0.0005,TRANSLATE
-15.0982,23.2014,-29.4832,0.0777,40.4416,5.0151,0.0149,52.7931,79.967,0.1283,0.002024,-0.003,0.1282,-0.0008,TRANSLATE
-14.0567,23.6643,-27.1053,0.0718,38.6301,1.8115,0.006,48.1302,81.5931,0.102,0.00085,-0.0058,0.1018,-0.0014,TRANSLATE
-20.5922,19.622,-40.3998,0.066,49.4086,10.7785,0.0058,45.3586,28.4151,0.0849,0.000328,-0.0059,0.0846,-0.0026,TRANSLATE
-20.2207,19.0476,-54.7261,0.0459,61.3729,11.9643,0.0201,47.062,65.5628,0.0708,0.000234,-0.0063,0.0703,-0.0038,TRANSLATE
-18.864,19.3662,-56.8778,0.0188,62.9761,1.6031,0.0271,50.5659,103.4218,0.056,0.000462,-0.0071,0.0549,-0.0039,TRANSLATE
-20.9225,19.493,-51.3522,0.0126,58.7774,4.1987,0.0062,54.233,82.9592,0.043,0.000575,-0.0074,0.0378,-0.0048,TRANSLATE
-21.5255,20.1538,-36.6693,0.0214,47.0548,11.7225,0.0089,55.918,41.7352,0.0329,0.000401,-0.0069,0.0194,-0.0047,TRANSLATE
-21.8266,20.0011,-27.1667,0.0212,40.1805,6.8743,0.0003,54.0723,79.388,0.024,0.00013,-0.0063,0.0021,-0.0042,TRANSLATE
-22.8113,20.1072,-20.2458,0.0204,36.5315,3.6491,0.0008,49.104,105.5808,0.0189,1.1e-05,-0.005,-0.0109,-0.0029,TRANSLATE
-22.5084,19.8982,-14.4935,0.0196,33.3561,3.1753,0.0008,43.1801,81.6,0.019,1.1e-05,-0.0031,-0.0179,-0.0028,TRANSLATE
-22.6317,20.5498,-11.1105,0.019,32.5259,0.8302,0.0007,37.9298,28.0816,0.0203,1e-06,-0.0019,-0.0201,-0.0017,TRANSLATE
-21.1366,20.0242,-9.4571,0.0183,30.6131,1.9127,0.0006,34.6414,11.3217,0.0197,1e-06,-0.0008,-0.0196,-0.0015,TRANSLATE
-20.0468,20.0819,-7.9157,0.0182,29.4587,1.1544,0.0001,32.4971,5.9592,0.0191,1e-06,-0.0007,-0.0191,-0.0012,TRANSLATE
-18.6187,20.5999,-5.8607,0.0167,28.3788,1.0799,0.0015,30.8665,3.4373,0.0184,1e-06,-0.0006,-0.0183,-0.0015,TRANSLATE
-18.0481,21.1549,-4.8979,0.0153,28.2357,0.1432,0.0014,29.8425,2.5332,0.0175,2e-06,-0.0006,-0.0174,-0.0017,TRANSLATE
-17.3791,21.2114,-4.2152,0.0143,27.7439,0.4917,0.001,28.8861,1.0591,0.0166,2e-06,-0.0007,-0.0165,-0.0017,TRANSLATE
-16.2908,21.6441,-3.1253,0.0134,27.2695,0.4744,0.001,28.2173,0.538,0.0156,3e-06,-0.0009,-0.0155,-0.0018,TRANSLATE
-15.2076,22.3809,-2.6909,0.0121,27.1923,0.0772,0.0013,27.764,0.2345,0.0144,3e-06,-0.0008,-0.0142,-0.0019,TRANSLATE
-15.0505,22.9048,-1.7964,0.0125,27.4658,0.2736,0.0004,27.5814,0.1433,0.0135,1e-06,-0.0008,-0.0132,-0.0025,TRANSLATE
-16.2123,23.2332,-3.3059,0.0108,28.5227,1.0569,0.0017,27.6388,0.2316,0.0126,1e-06,-0.0014,-0.012,-0.003,TRANSLATE
-17.6542,22.2897,-3.1666,0.0087,28.6099,0.0872,0.0021,27.812,0.388,0.0115,3e-06,-0.0027,-0.0102,-0.0028,TRANSLATE
-16.3265,22.8286,-9.4239,0.0091,29.6059,0.996,0.0005,28.2793,0.7544,0.0106,2e-06,-0.0041,-0.008,-0.003,TRANSLATE
-16.2112,23.0754,-11.3985,0.0126,30.4171,0.8112,0.0035,28.9243,1.0161,0.0107,3e-06,-0.0065,-0.0062,-0.0027,TRANSLATE
-16.9064,22.4697,-10.9813,0.0152,30.1878,0.2293,0.0026,29.4687,0.6136,0.0113,6e-06,-0.0093,-0.0044,-0.0018,TRANSLATE
-18.1033,22.1289,-8.7663,0.0203,29.9042,0.2836,0.0051,29.745,0.3962,0.0132,1.9e-05,-0.0118,-0.0002,-0.0017,TRANSLATE
-16.8764,21.9656,-17.2474,0.0277,32.6309,2.7266,0.0073,30.5492,1.1574,0.017,4.2e-05,-0.0138,0.0049,-0.003,TRANSLATE
-22.2417,19.9725,-25.2854,0.035,39.1529,6.522,0.0073,32.4586,12.1384,0.0222,6.7e-05,-0.017,0.0093,-0.0055,TRANSLATE
-24.4528,18.9061,-31.7158,0.0342,44.2863,5.1334,0.0008,35.2324,31.5895,0.0265,5.9e-05,-0.02,0.0128,-0.0083,TRANSLATE
-22.9591,19.5561,-28.107,0.0343,41.2258,3.0604,0.0001,37.44,28.8106,0.0303,3.2e-05,-0.0231,0.0148,-0.0109,TRANSLATE
-19.936,20.9824,-17.2106,0.0357,33.6736,7.5522,0.0014,38.1939,19.7219,0.0334,8e-06,-0.0264,0.0149,-0.0118,TRANSLATE
-17.0769,21.2047,-10.2748,0.0407,29.1004,4.5733,0.005,37.4878,29.5723,0.036,6e-06,-0.0294,0.0155,-0.0116,TRANSLATE
-21.524,19.3169,-14.1323,0.0488,32.1893,3.0889,0.0081,36.0951,32.693,0.0387,3.1e-05,-0.0303,0.0195,-0.0085,TRANSLATE
-18.5286,21.4535,-25.3496,0.0469,38.0285,5.8392,0.0019,34.8435,18.4551,0.0412,3.4e-05,-0.0312,0.0235,-0.0053,TRANSLATE
-15.5604,22.844,-26.5047,0.0403,38.2946,0.2661,0.0066,34.2573,12.3466,0.0425,2.3e-05,-0.0315,0.0268,-0.0031,TRANSLATE
-13.4202,21.9534,-21.6725,0.0334,33.6415,4.6531,0.0069,34.2508,12.3542,0.042,3e-05,-0.0308,0.0274,-0.0027,TRANSLATE
-15.3018,23.3283,-17.0505,0.0337,32.6967,0.9448,0.0003,34.9701,7.0145,0.0406,4.1e-05,-0.0305,0.0254,-0.001,TRANSLATE
-12.7758,23.4814,-12.8216,0.0299,29.6478,3.0489,0.0038,34.4618,10.8749,0.0368,3.7e-05,-0.0303,0.0197,-0.0015,TRANSLATE
-13.7331,23.6726,-9.0479,0.0254,28.8246,0.8232,0.0045,32.621,11.2978,0.0325,2.4e-05,-0.0288,0.0139,-0.0028,TRANSLATE
-13.5959,23.5193,-3.9634,0.0238,27.4539,1.3707,0.0015,30.4529,5.499,0.0292,1.6e-05,-0.0271,0.0088,-0.0029,TRANSLATE
-9.7548,23.6811,1.6918,0.0196,25.6674,1.7865,0.0042,28.8581,5.5024,0.0265,2.4e-05,-0.025,0.0046,-0.0019,TRANSLATE
-15.9289,21.5636,6.6222,0.0183,27.6147,1.9473,0.0013,27.8417,1.8315,0.0234,1.7e-05,-0.0224,0.001,-0.002,TRANSLATE
-15.6306,21.6415,11.9196,0.0104,29.2361,1.6214,0.0079,27.7593,1.5612,0.0195,2.7e-05,-0.0189,-0.0011,-0.0015,TRANSLATE
-17.4201,20.4507,6.6701,0.0065,27.68,1.5561,0.0039,27.5304,1.2831,0.0157,4e-05,-0.0133,-0.0013,-0.0006,TRANSLATE
-15.5798,20.1637,-6.2796,0.0172,26.2438,1.4362,0.0107,27.2884,1.5544,0.0144,2.6e-05,-0.0053,-0.0,-0.0002,TRANSLATE
-18.3701,18.931,-20.483,0.0255,33.3976,7.1537,0.0083,28.8344,6.103,0.0156,4.4e-05,0.0034,-0.0003,0.0,TRANSLATE
-16.8555,19.9823,-26.1614,0.0324,36.984,3.5865,0.0068,30.7083,15.5772,0.0184,9.1e-05,0.0119,-0.0035,0.0004,TRANSLATE
-17.3906,19.4639,-20.9479,0.0409,33.4678,3.5162,0.0086,31.5546,15.9504,0.0245,0.000142,0.0188,-0.0101,0.0007,TRANSLATE
-17.425,19.3337,-12.6239,0.0466,28.9272,4.5406,0.0057,31.8041,14.2663,0.0325,0.00011,0.0231,-0.0189,0.0015,TRANSLATE
-17.04,19.4888,-5.0991,0.0494,26.3852,2.5421,0.0028,31.8323,13.9552,0.039,7.9e-05,0.0259,-0.0276,0.0022,TRANSLATE
-14.2226,21.4317,2.5613,0.0493,25.8488,0.5364,0.0001,30.3226,18.3465,0.0437,4.2e-05,0.028,-0.0331,0.0028,TRANSLATE
-12.35,22.5203,2.449,0.0486,25.8009,0.0479,0.0006,28.086,8.5582,0.047,1e-05,0.0311,-0.0344,0.003,TRANSLATE
-14.3144,22.3225,1.728,0.0464,26.5741,0.7732,0.0022,26.7072,1.3217,0.0481,2e-06,0.0341,-0.0327,0.0038,TRANSLATE
-16.3859,23.858,-1.0489,0.0476,28.9621,2.388,0.0012,26.7142,1.3528,0.0483,1e-06,0.037,-0.0299,0.0044,TRANSLATE
-13.6806,24.0177,-1.9328,0.045,27.7081,1.2539,0.0026,26.9788,1.4587,0.0474,2e-06,0.0383,-0.0271,0.0052,TRANSLATE
-15.4413,23.1329,0.2444,0.0447,27.8141,0.106,0.0003,27.3719,1.1884,0.0465,2e-06,0.0384,-0.0255,0.0055,TRANSLATE
-15.2062,23.0438,-1.5983,0.0424,27.655,0.1591,0.0023,27.7427,0.5733,0.0452,3e-06,0.0373,-0.0249,0.0059,TRANSLATE
-15.0962,23.16,-2.8599,0.0449,27.7932,0.1382,0.0025,27.9865,0.2412,0.0449,3e-06,0.0363,-0.0258,0.0056,TRANSLATE
