gx,gy,gz,lin_acc_mag,gyro_mag,gyro_diff,lin_acc_diff,gyro_avg,gyro_var,lin_acc_avg,lin_acc_var,lin_ax_avg,lin_ay_avg,lin_az_avg,label
126.113,-13.5384,-100.1231,0.0337,161.5933,9.0324,0.0004,155.3701,417.3567,0.0378,2.6e-05,-0.0177,-0.0011,-0.0319,TRANSLATE2
124.8623,-12.6776,-90.4672,0.0313,154.7114,6.8819,0.0025,159.3974,314.7383,0.0368,3.3e-05,-0.016,-0.0022,-0.0323,TRANSLATE2
97.1336,13.9423,-76.2332,0.0524,124.2611,30.4504,0.0211,158.5026,372.815,0.0377,5.7e-05,-0.0162,0.0019,-0.0325,TRANSLATE2
58.5725,63.5726,-67.5022,0.0785,109.6757,14.5854,0.0261,144.1734,540.1655,0.046,0.000321,-0.0229,0.0082,-0.0379,TRANSLATE2
29.3517,101.1456,-78.8767,0.0923,131.5807,21.9051,0.0138,136.3644,370.9553,0.0576,0.000587,-0.0287,0.0129,-0.0478,TRANSLATE2
-20.353,120.854,-86.1451,0.0896,149.8029,18.2222,0.0027,134.0064,274.2137,0.0688,0.000552,-0.033,0.0133,-0.0582,TRANSLATE2
-47.0199,107.8894,-79.5411,0.0601,142.0485,7.7544,0.0295,131.4738,194.9951,0.0746,0.000252,-0.0368,0.0105,-0.0627,TRANSLATE2
-71.3378,96.3022,-68.6735,0.0573,138.1276,3.9209,0.0028,134.2471,185.7539,0.0756,0.000212,-0.0395,0.0062,-0.0628,TRANSLATE2
-76.364,88.1542,-58.2763,0.0477,130.3793,7.7483,0.0096,138.3878,50.8491,0.0694,0.000328,-0.0384,0.0007,-0.0564,TRANSLATE2
-61.3224,88.8703,-54.7617,0.0483,121.067,9.3123,0.0006,136.2851,97.1627,0.0606,0.000234,-0.0377,-0.0031,-0.0459,TRANSLATE2
-51.9517,83.5118,-53.4906,0.0418,111.9574,9.1096,0.0065,128.716,121.6923,0.0511,4.5e-05,-0.0368,-0.0036,-0.0345,TRANSLATE2
-99.8551,68.3188,-45.3894,0.0383,129.2235,17.2661,0.0035,126.1509,79.613,0.0467,4.2e-05,-0.0343,-0.0049,-0.0304,TRANSLATE2
-148.3091,73.0926,-30.9802,0.0424,168.2198,38.9963,0.004,132.1694,368.6604,0.0437,1.4e-05,-0.0331,-0.004,-0.0275,TRANSLATE2
-170.3098,81.4241,-20.6998,0.044,189.9047,21.6849,0.0016,144.0744,892.9616,0.043,1e-05,-0.0329,-0.003,-0.0265,TRANSLATE2
-180.276,81.7611,-17.6067,0.0328,198.7317,8.8271,0.0111,159.6074,1143.3038,0.0399,1.6e-05,-0.031,-0.0023,-0.0237,TRANSLATE2
-153.577,77.2526,-28.8698,0.0328,174.3196,24.4121,0.0001,172.0798,576.9266,0.0381,2.2e-05,-0.0306,-0.002,-0.0197,TRANSLATE2
-106.8116,74.2771,-44.9458,0.0382,137.6442,36.6754,0.0054,173.764,443.9185,0.038,2.2e-05,-0.0335,-0.0002,-0.0148,TRANSLATE2
-58.3243,67.5373,-56.0598,0.0365,105.3836,32.2606,0.0017,161.1968,1215.0105,0.0369,1.7e-05,-0.0342,-0.0026,-0.0091,TRANSLATE2
-20.9501,48.958,-60.8353,0.0359,80.85,24.5336,0.0006,139.3858,1865.5857,0.0352,5e-06,-0.033,-0.0067,-0.0038,TRANSLATE2
-19.1257,21.1289,-53.3433,0.039,60.4791,20.3709,0.0032,111.7353,1641.9023,0.0365,5e-06,-0.0321,-0.0125,-0.003,TRANSLATE2
-36.5849,3.1125,-37.7902,0.0419,52.6901,7.789,0.0028,87.4094,964.0618,0.0383,5e-06,-0.0302,-0.0194,-0.0038,TRANSLATE2
-74.5148,-0.9881,-10.4791,0.0428,75.2545,22.5644,0.0009,74.9315,333.2036,0.0392,8e-06,-0.0274,-0.0255,-0.0049,TRANSLATE2
-101.3025,1.7689,21.248,0.0416,103.522,28.2674,0.0012,74.5591,311.0812,0.0402,6e-06,-0.0264,-0.0288,-0.0069,TRANSLATE2
-114.6889,7.0057,49.164,0.041,124.9789,21.4569,0.0006,83.3849,733.7016,0.0413,2e-06,-0.0268,-0.029,-0.0102,TRANSLATE2
-132.8042,13.5733,66.15,0.0378,148.9866,24.0078,0.0032,101.0864,1176.1404,0.041,3e-06,-0.0271,-0.0268,-0.0124,TRANSLATE2
-141.5902,13.4524,76.4012,0.0328,161.4494,12.4628,0.005,122.8383,963.2944,0.0392,1.3e-05,-0.0275,-0.0221,-0.0145,TRANSLATE2
-139.9628,7.2026,88.4616,0.0285,165.7315,4.2821,0.0043,140.9337,550.9739,0.0364,2.5e-05,-0.028,-0.0154,-0.015,TRANSLATE2
-127.2734,-1.3223,104.5912,0.0275,164.7409,0.9906,0.001,153.1775,234.4934,0.0335,2.7e-05,-0.0271,-0.0079,-0.0127,TRANSLATE2
-118.1843,-2.1454,116.9136,0.0337,166.2556,1.5147,0.0061,161.4328,41.5178,0.0321,1.4e-05,-0.0246,0.0013,-0.0074,TRANSLATE2
-99.7537,3.665,117.6183,0.0447,154.267,11.9886,0.011,162.4889,19.6908,0.0335,3.7e-05,-0.0205,0.0122,0.0015,TRANSLATE2
-73.2061,18.3476,79.7916,0.062,109.8292,44.4378,0.0173,152.1649,467.4968,0.0393,0.000166,-0.0148,0.0232,0.0138,TRANSLATE2
-51.9774,35.1656,19.9051,0.0398,65.8368,43.9925,0.0222,132.1859,1522.0355,0.0415,0.000138,-0.0074,0.0306,0.0185,TRANSLATE2
-21.5288,52.5106,-34.6384,0.0464,66.4881,0.6513,0.0066,112.5353,1787.165,0.0453,8.9e-05,0.0003,0.0362,0.0228,TRANSLATE2
-14.2355,70.4272,-76.7607,0.0458,105.1421,38.6539,0.0006,100.3126,1071.5297,0.0477,5.6e-05,0.0064,0.0395,0.0238,TRANSLATE2
-1.4072,89.0136,-95.1961,0.036,130.3369,25.1948,0.0098,95.5266,646.6996,0.046,7.9e-05,0.0083,0.0384,0.0223,TRANSLATE2
-31.5632,82.3984,-85.2537,0.0141,122.6945,7.6424,0.0219,98.0997,746.785,0.0364,0.000139,0.0077,0.0323,0.0141,TRANSLATE2
-86.6631,75.6719,-59.7467,0.029,129.6395,6.945,0.0149,110.8602,574.7266,0.0342,0.000144,0.0058,0.0245,0.0173,TRANSLATE2
33.0664,146.8531,-24.7411,0.026,152.5495,22.91,0.003,128.0725,232.287,0.0302,0.000111,0.0049,0.0188,0.0173,TRANSLATE2
128.85,148.3294,-1.2429,0.064,196.4827,43.9332,0.038,146.3406,729.3939,0.0338,0.000278,0.0058,0.0153,0.0027,TRANSLATE2
131.6456,130.976,6.4432,0.0901,185.8139,10.6688,0.0261,157.436,866.6901,0.0446,0.000794,0.009,0.0177,-0.0162,TRANSLATE2
141.3415,132.3152,14.0483,0.0941,194.1187,8.3048,0.0039,171.7209,690.3627,0.0606,0.00084,0.0112,0.0249,-0.0323,TRANSLATE2
159.5045,148.4928,21.1011,0.104,218.9453,24.8265,0.0099,189.582,463.2018,0.0756,0.00079,0.0116,0.0382,-0.0544,TRANSLATE2
186.4504,177.3224,10.2622,0.1331,257.5117,38.5665,0.0291,210.5745,671.1264,0.0971,0.000499,0.0103,0.054,-0.0788,TRANSLATE2
211.9353,188.9766,-13.2872,0.1771,284.2628,26.751,0.044,228.1305,1409.1901,0.1197,0.001049,0.0078,0.0701,-0.0959,TRANSLATE2
208.067,183.5032,-28.8672,0.2045,278.9241,5.3387,0.0275,246.7525,1220.2688,0.1425,0.001792,0.0057,0.08,-0.117,TRANSLATE2
225.0724,162.6275,-24.4375,0.2119,278.7516,0.1724,0.0074,263.6791,584.4857,0.1661,0.001728,0.005,0.0823,-0.1417,TRANSLATE2
224.7767,136.5395,-1.4125,0.2043,263.0011,15.7505,0.0076,272.4903,106.718,0.1862,0.000846,0.0059,0.0755,-0.1658,TRANSLATE2
171.0557,114.366,1.0044,0.1913,205.7684,57.2327,0.013,262.1416,845.1127,0.1978,0.000152,0.0078,0.0592,-0.1841,TRANSLATE2
89.3196,96.3209,-16.6028,0.1846,132.406,73.3624,0.0067,231.7703,3191.0886,0.1993,9.9e-05,0.0099,0.0348,-0.1921,TRANSLATE2
21.2588,78.6974,-28.6916,0.1859,86.42,45.986,0.0013,193.2695,5489.4189,0.1956,0.000115,0.012,0.007,-0.1915,TRANSLATE2
54.0383,48.1485,7.1186,0.176,72.7261,13.6939,0.0099,152.0644,5236.2554,0.1884,8.7e-05,0.0136,-0.0173,-0.184,TRANSLATE2
143.6494,17.3969,85.7636,0.1483,168.2058,95.4797,0.0277,133.1053,2467.5251,0.1772,0.000232,0.0132,-0.0404,-0.1678,TRANSLATE2
217.3164,24.5113,152.839,0.1159,266.8089,98.6031,0.0324,145.3134,4837.832,0.1622,0.000718,0.0108,-0.0639,-0.1367,TRANSLATE2
209.8,71.6934,169.7587,0.1114,279.2383,12.4294,0.0045,174.6798,7529.2983,0.1475,0.000918,0.0088,-0.0826,-0.1001,TRANSLATE2
125.5525,89.5797,141.557,0.1105,209.3474,69.8908,0.0009,199.2653,5607.2627,0.1325,0.000669,0.0084,-0.095,-0.0615,TRANSLATE2
28.8295,71.1763,91.1112,0.1113,119.1573,90.1901,0.0008,208.5515,3602.0552,0.1195,0.000211,0.0111,-0.1035,-0.0219,TRANSLATE2
-5.1895,37.1098,54.4952,0.1059,66.1347,53.0226,0.0054,188.1373,6916.2705,0.111,1e-05,0.0184,-0.1038,0.0108,TRANSLATE2
-45.5829,-27.0247,35.5118,0.1107,63.7904,2.3442,0.0047,147.5336,7122.1953,0.11,4e-06,0.029,-0.0985,0.0281,TRANSLATE2
-52.5444,-106.2104,38.1094,0.1381,124.4744,60.684,0.0275,116.5809,2801.2446,0.1153,0.000134,0.0384,-0.0947,0.0459,TRANSLATE2
-85.4074,-172.6839,75.9719,0.1779,207.0891,82.6146,0.0397,116.1292,2718.2625,0.1288,0.000731,0.0396,-0.0918,0.073,TRANSLATE2
-94.0103,-206.3753,111.315,0.2352,252.6257,45.5366,0.0574,142.8229,5730.1333,0.1536,0.002322,0.032,-0.0833,0.1119,TRANSLATE2
-103.4489,-179.4502,112.4458,0.2753,235.6864,16.9392,0.04,176.7332,5128.7354,0.1874,0.003683,0.0165,-0.0661,0.158,TRANSLATE2
-130.1497,-132.3914,85.3066,0.2735,204.3127,31.3738,0.0018,204.8376,1939.7861,0.22,0.002925,-0.004,-0.0409,0.2008,TRANSLATE2
-139.4073,-99.3975,43.9984,0.2465,176.777,27.5356,0.027,215.2982,696.1945,0.2417,0.001255,-0.0241,-0.0114,0.2301,TRANSLATE2
-130.9946,-96.318,29.7425,0.2076,165.2917,11.4853,0.0389,206.9387,1112.965,0.2476,0.000638,-0.0383,0.0131,0.2402,TRANSLATE2
-111.3269,-84.1075,43.4659,0.1975,146.1405,19.1512,0.0101,185.6416,981.2264,0.2401,0.001053,-0.0454,0.0266,0.2332,TRANSLATE2
-83.6709,-57.5517,60.9071,0.1702,118.4174,27.7231,0.0273,162.1879,834.0692,0.2191,0.001341,-0.0455,0.0287,0.2118,TRANSLATE2
-60.1336,-39.0163,60.8444,0.1376,94.0232,24.3942,0.0326,140.13,921.9026,0.1919,0.001336,-0.0402,0.0253,0.1854,TRANSLATE2
-47.7881,-22.1318,39.8912,0.1113,66.0668,27.9564,0.0263,117.9879,1260.101,0.1649,0.001306,-0.0321,0.0226,0.1589,TRANSLATE2
-34.7461,-12.5555,14.2754,0.0785,39.6071,26.4598,0.0328,92.851,1409.418,0.139,0.001764,-0.0217,0.0246,0.1326,TRANSLATE2
-28.725,-12.6412,-9.6328,0.0533,32.8286,6.7785,0.0253,70.1886,1048.4187,0.1102,0.00172,-0.0098,0.0287,0.1025,TRANSLATE2
-30.4425,-14.0192,-26.4781,0.0372,42.7127,9.8841,0.0161,55.0477,504.9529,0.0836,0.001358,0.0023,0.0294,0.074,TRANSLATE2
-40.779,-15.231,-33.8075,0.0341,55.1168,12.4041,0.0031,47.2664,140.5871,0.0629,0.000835,0.0137,0.0241,0.0497,TRANSLATE2
-46.7513,-17.3067,-34.7022,0.038,60.7409,5.6241,0.0039,46.2012,105.0734,0.0482,0.000274,0.023,0.0145,0.0288,TRANSLATE2
-51.1073,-23.2047,-34.6524,0.0425,65.9637,5.2228,0.0045,51.4725,146.7011,0.041,4.5e-05,0.0301,0.0044,0.0129,TRANSLATE2
-56.9921,-32.6388,-32.1563,0.0426,73.1261,7.1624,0.0001,59.532,106.0018,0.0389,1.1e-05,0.0336,-0.006,0.0023,TRANSLATE2
-68.7499,-40.0048,-20.7626,0.0383,82.2072,9.0811,0.0043,67.4309,89.864,0.0391,1e-05,0.0324,-0.015,-0.0016,TRANSLATE2
-86.7531,-32.0038,-8.3819,0.0429,92.8472,10.64,0.0046,74.977,131.7903,0.0408,5e-06,0.0266,-0.0214,0.0016,TRANSLATE2
-99.3775,-13.5031,6.2976,0.0514,100.4882,7.641,0.0085,82.9264,158.2271,0.0435,1.8e-05,0.0175,-0.0257,0.0105,TRANSLATE2
-109.8738,5.8194,21.7693,0.0544,112.1607,11.6726,0.003,92.1659,186.2419,0.0459,3.6e-05,0.0077,-0.0278,0.0224,TRANSLATE2
-116.1334,22.2368,41.0123,0.0561,125.1538,12.993,0.0017,102.5714,223.1041,0.0486,4.7e-05,-0.0007,-0.026,0.0353,TRANSLATE2
-104.9005,42.4144,59.038,0.0552,127.6267,2.473,0.0008,111.6553,183.2003,0.052,2.3e-05,-0.0046,-0.0199,0.0455,TRANSLATE2
-90.2985,52.8941,69.8117,0.0507,125.7985,1.8282,0.0045,118.2456,109.0255,0.0536,5e-06,-0.0036,-0.0108,0.0497,TRANSLATE2
-75.6607,53.2465,70.6649,0.0586,116.4185,9.3801,0.0079,121.4317,36.4769,0.055,7e-06,0.0007,0.0001,0.0512,TRANSLATE2
-64.5567,52.9378,56.2945,0.072,100.6928,15.7257,0.0134,119.1381,100.0462,0.0585,5.2e-05,0.0058,0.0118,0.0535,TRANSLATE2
-58.1172,60.0315,31.8106,0.0833,89.4053,11.2875,0.0113,111.9884,218.4981,0.064,0.000144,0.0107,0.023,0.0569,TRANSLATE2
-59.3282,68.0658,2.3766,0.0828,90.3241,0.9188,0.0005,104.5278,207.7954,0.0695,0.000169,0.0148,0.0302,0.0605,TRANSLATE2
-59.65,70.6745,-23.1144,0.0806,95.3273,5.0032,0.0022,98.4336,97.097,0.0755,8.8e-05,0.0184,0.0317,0.0655,TRANSLATE2
-59.2169,70.1584,-39.5446,0.0829,99.9631,4.6358,0.0023,95.1425,22.0422,0.0803,1.8e-05,0.0221,0.0283,0.0706,TRANSLATE2
-59.6548,71.2517,-49.1232,0.0884,105.1123,5.1492,0.0055,96.0264,34.9789,0.0836,7e-06,0.027,0.0213,0.0743,TRANSLATE2
-57.9738,67.1826,-55.4298,0.0855,104.6276,0.4847,0.0029,99.0708,31.7385,0.084,7e-06,0.0328,0.0132,0.0747,TRANSLATE2
-60.5603,52.4086,-63.6532,0.0783,102.3032,2.3244,0.0071,101.4667,12.7869,0.0831,1.3e-05,0.0373,0.0084,0.0731,TRANSLATE2
-63.7701,28.7019,-86.3695,0.0738,111.131,8.8279,0.0045,104.6274,13.9381,0.0818,2.7e-05,0.0389,0.0079,0.0709,TRANSLATE2
-83.213,17.3459,-117.0112,0.0735,144.6268,33.4957,0.0003,113.5602,249.7823,0.0799,3.7e-05,0.038,0.0086,0.0691,TRANSLATE2
-89.5016,18.4111,-134.7246,0.078,162.7889,18.1621,0.0045,125.0955,587.1384,0.0778,1.9e-05,0.0335,0.0062,0.0685,TRANSLATE2
-95.9232,32.2414,-137.0109,0.0838,170.3313,7.5424,0.0058,138.2362,739.9279,0.0775,1.4e-05,0.0265,-0.0013,0.0689,TRANSLATE2
-104.0542,54.8368,-125.2025,0.0925,171.7848,1.4535,0.0087,152.1326,513.6844,0.0803,5.1e-05,0.0181,-0.0156,0.0696,TRANSLATE2
-111.9277,78.5851,-104.4464,0.0955,172.0827,0.298,0.0031,164.3229,108.4574,0.0846,7e-05,0.0089,-0.0355,0.0669,TRANSLATE2
-122.0547,106.3618,-81.1196,0.104,181.0816,8.9989,0.0085,171.6139,33.8827,0.0907,8.2e-05,-0.002,-0.0572,0.0596,TRANSLATE2
-131.8812,146.5363,-53.8769,0.108,204.3729,23.2912,0.004,179.9307,163.7681,0.0967,7.3e-05,-0.0115,-0.0757,0.0457,TRANSLATE2
-138.8019,185.9478,-21.6453,0.114,233.0474,28.6745,0.006,192.4739,552.2828,0.1028,6.3e-05,-0.0196,-0.0897,0.0252,TRANSLATE2
-155.4821,223.1364,14.6119,0.1226,272.3565,39.3091,0.0087,212.5882,1338.334,0.1088,8.4e-05,-0.0245,-0.0973,-0.0019,TRANSLATE2
-181.2294,251.7091,36.6301,0.1392,312.3193,39.9629,0.0165,240.6355,2212.802,0.1175,0.000156,-0.026,-0.0958,-0.035,TRANSLATE2
-229.0523,266.2642,28.901,0.171,352.4157,40.0964,0.0319,274.9024,2828.2153,0.1309,0.000512,-0.0245,-0.0817,-0.0747,TRANSLATE2
-267.9669,264.502,44.2114,0.1954,379.1071,26.6914,0.0244,309.8492,2783.7781,0.1484,0.000932,-0.0182,-0.0593,-0.115,TRANSLATE2
-240.2079,269.8266,83.1535,0.2228,370.703,8.4041,0.0274,337.3803,1586.7478,0.1702,0.001326,-0.008,-0.0306,-0.1531,TRANSLATE2
-195.7694,227.2363,118.1791,0.2641,322.3791,48.3239,0.0414,347.3848,686.0449,0.1985,0.001837,0.0034,0.0035,-0.1901,TRANSLATE2
-158.1499,165.6796,131.2339,0.2768,263.9763,58.4028,0.0126,337.7162,1738.043,0.226,0.0016,0.0152,0.044,-0.2152,TRANSLATE2
-121.6574,120.8624,114.9496,0.2798,206.4502,57.5261,0.003,308.5231,4288.7456,0.2478,0.0011,0.0264,0.0839,-0.2247,TRANSLATE2
-102.4728,81.2337,69.5159,0.2709,148.0948,58.3554,0.0089,262.3206,6305.1084,0.2629,0.00043,0.0313,0.1215,-0.2227,TRANSLATE2
-102.4408,63.2713,16.1815,0.2407,121.4875,26.6073,0.0302,212.4775,5438.2236,0.2664,0.000195,0.0301,0.1523,-0.208,TRANSLATE2
-101.0432,57.1733,-28.7173,0.1907,119.596,1.8915,0.05,171.9209,3103.1128,0.2517,0.001126,0.0246,0.1684,-0.1806,TRANSLATE2
-93.8408,57.7824,-52.9363,0.1382,122.2586,2.6626,0.0525,143.5774,1098.1904,0.224,0.002812,0.0178,0.1622,-0.1518,TRANSLATE2
-71.7539,54.7666,-43.0397,0.1095,100.0021,22.2565,0.0287,122.2878,234.1079,0.19,0.003654,0.0126,0.1383,-0.1275,TRANSLATE2
-47.0688,35.6101,-23.3568,0.0953,63.4751,36.527,0.0142,105.3639,506.2752,0.1549,0.002904,0.0103,0.1052,-0.1083,TRANSLATE2
-31.0238,11.3693,-8.4698,0.0748,34.1097,29.3654,0.0205,87.8883,1164.3163,0.1217,0.001614,0.0103,0.0722,-0.093,TRANSLATE2
-32.8065,-9.2983,-9.6696,0.047,35.4433,1.3335,0.0278,71.0578,1230.0693,0.093,0.000953,0.0107,0.047,-0.0776,TRANSLATE2
-42.3796,-17.598,-21.3325,0.0166,50.6043,15.161,0.0304,56.7269,584.0592,0.0687,0.001119,0.01,0.0306,-0.0591,TRANSLATE2
-46.0568,-10.8628,-20.7535,0.0199,51.6714,1.0671,0.0033,47.0608,121.1882,0.0507,0.00094,0.0071,0.0184,-0.0366,TRANSLATE2
-43.5986,-6.0715,-9.0528,0.0371,44.9405,6.7309,0.0172,43.3539,54.46,0.0391,0.000444,0.0026,0.0086,-0.0125,TRANSLATE2
-39.5788,-3.5978,4.2077,0.0414,39.9642,4.9764,0.0044,44.5247,38.2962,0.0324,0.000145,-0.0022,-0.0001,0.0084,TRANSLATE2
-35.185,-9.0126,7.3162,0.0426,37.0504,2.9137,0.0011,44.8462,32.8713,0.0315,0.000122,-0.0058,-0.0075,0.0241,TRANSLATE2
-37.4261,-18.3351,1.9436,0.0503,41.7213,4.6708,0.0077,43.0696,25.0368,0.0382,0.000102,-0.0086,-0.0124,0.0348,TRANSLATE2
-49.2502,-20.1806,-6.1201,0.0627,53.5752,11.8539,0.0124,43.4503,32.1669,0.0468,8.1e-05,-0.0108,-0.013,0.0431,TRANSLATE2
-55.569,-14.6976,-10.0555,0.0704,58.3527,4.7776,0.0078,46.1328,68.9436,0.0535,0.000129,-0.013,-0.0114,0.0503,TRANSLATE2
-54.8864,-8.5862,-9.6069,0.073,56.3785,1.9742,0.0025,49.4156,71.5511,0.0598,0.000136,-0.0151,-0.0092,0.057,TRANSLATE2
-49.4873,-0.069,-10.3011,0.0714,50.5481,5.8304,0.0015,52.1151,33.9407,0.0655,7.1e-05,-0.0172,-0.0067,0.0627,TRANSLATE2
-43.7836,3.0573,-13.9284,0.0614,46.0472,4.5008,0.01,52.9803,18.9495,0.0678,2.3e-05,-0.0184,-0.003,0.0647,TRANSLATE2
-35.9331,-2.951,-19.1615,0.0549,40.8296,5.2176,0.0065,50.4312,41.9088,0.0662,4.8e-05,-0.0187,0.0013,0.0628,TRANSLATE2
-26.0277,-9.9608,-22.5604,0.0526,35.8557,4.9739,0.0023,45.9318,51.6032,0.0627,6.9e-05,-0.0184,0.0061,0.059,TRANSLATE2
-21.9034,-17.2968,-26.6327,0.0519,38.5777,2.722,0.0007,42.3717,27.9185,0.0584,5.3e-05,-0.0178,0.0088,0.0547,TRANSLATE2
-18.0634,-18.9687,-21.5999,0.0563,33.9507,4.627,0.0044,39.0522,17.7114,0.0554,1.2e-05,-0.0175,0.0081,0.0516,TRANSLATE2
-13.0132,-17.8562,-12.5112,0.0596,25.3913,8.5595,0.0033,34.921,28.1829,0.0551,8e-06,-0.0177,0.0046,0.0512,TRANSLATE2
-9.2856,-16.3537,-4.0933,0.0609,19.2463,6.145,0.0013,30.6043,51.7063,0.0563,1.3e-05,-0.0184,0.0011,0.0525,TRANSLATE2
-9.7253,-12.7861,-4.1528,0.0605,16.5925,2.6538,0.0004,26.7517,70.6143,0.0578,1.2e-05,-0.0191,-0.002,0.0543,TRANSLATE2
-10.3928,-8.5101,-5.5504,0.0562,14.534,2.0585,0.0043,21.943,49.3738,0.0587,4e-06,-0.0196,-0.0042,0.0551,TRANSLATE2
-11.7736,-6.7987,-7.0622,0.049,15.3204,0.7863,0.0072,18.2169,15.4247,0.0572,2e-05,-0.0195,-0.0059,0.0534,TRANSLATE2
-6.4126,-4.5921,-0.5029,0.0456,7.9033,7.4171,0.0034,14.7193,14.1713,0.0544,3.8e-05,-0.0184,-0.0086,0.0498,TRANSLATE2
0.7293,-0.9018,20.8165,0.0378,20.8488,12.9455,0.0078,15.0398,17.4839,0.0498,6.3e-05,-0.0168,-0.0118,0.0441,TRANSLATE2
-0.4884,5.5036,35.1938,0.0235,35.6249,14.7761,0.0143,18.8463,87.2615,0.0424,0.000124,-0.0152,-0.0105,0.0367,TRANSLATE2
-21.872,8.8341,25.1488,0.0408,34.4802,1.1446,0.0173,22.8355,116.5127,0.0394,7.7e-05,-0.0132,-0.0019,0.0267,TRANSLATE2
-50.3257,6.0423,0.5347,0.059,50.69,16.2097,0.0182,29.9094,210.3513,0.0414,0.000132,-0.0122,0.0118,0.0161,TRANSLATE2
-62.8043,2.8401,-23.5629,0.0609,67.1391,16.4491,0.0019,41.7566,250.3518,0.0444,0.000195,-0.0113,0.0278,0.0058,TRANSLATE2
-57.0278,-0.0061,-32.7597,0.0543,65.7676,1.3716,0.0066,50.7404,197.5216,0.0477,0.000195,-0.0101,0.0419,-0.0042,TRANSLATE2
-41.3785,-3.8111,-33.1609,0.06,53.1634,12.6041,0.0057,54.2481,140.6962,0.055,5.5e-05,-0.0076,0.0507,-0.0152,TRANSLATE2
-19.2216,-8.2176,-36.0131,0.0754,41.6406,11.5228,0.0154,55.6801,92.2816,0.0619,5.1e-05,-0.0042,0.054,-0.0257,TRANSLATE2
0.5759,-13.7179,-44.6355,0.0884,46.6994,5.0588,0.013,54.882,102.7949,0.0678,0.000155,-0.0,0.0544,-0.037,TRANSLATE2
22.7732,-20.9899,-56.1802,0.0967,64.1515,17.4521,0.0083,54.2845,89.5753,0.075,0.000261,0.0032,0.0544,-0.0496,TRANSLATE2
41.3529,-27.3388,-61.7723,0.0947,79.2041,15.0526,0.002,56.9718,180.179,0.083,0.000188,0.0053,0.0539,-0.0618,TRANSLATE2
58.1511,-28.496,-51.1147,0.0855,82.5003,3.2961,0.0092,62.8392,273.1925,0.0881,5.7e-05,0.0049,0.052,-0.07,TRANSLATE2
82.8178,-11.0468,-32.8668,0.0803,89.7833,7.283,0.0052,72.4677,235.8049,0.0891,3.6e-05,0.0029,0.0499,-0.0732,TRANSLATE2
111.7073,23.9969,-20.2059,0.083,116.0287,26.2454,0.0027,86.3336,290.2537,0.088,4.2e-05,0.0001,0.0485,-0.073,TRANSLATE2
147.2565,61.1819,-4.3335,0.0885,159.5195,43.4908,0.0055,105.4072,899.2793,0.0864,2.5e-05,-0.0025,0.0464,-0.0724,TRANSLATE2
186.024,88.6143,20.3113,0.1069,207.0506,47.5311,0.0184,130.9765,2174.4475,0.0888,8.9e-05,-0.0037,0.0447,-0.076,TRANSLATE2
233.9973,96.7289,48.7741,0.1249,257.8568,50.8062,0.018,166.0478,3694.1848,0.0967,0.000284,-0.0009,0.0414,-0.0852,TRANSLATE2
265.7166,83.3613,62.9911,0.1462,285.5211,27.6643,0.0213,205.1953,3853.1726,0.1099,0.000546,0.006,0.0357,-0.1004,TRANSLATE2
253.1545,35.939,49.2429,0.1519,260.3914,25.1297,0.0057,234.0679,2038.7324,0.1236,0.000565,0.0161,0.0306,-0.1161,TRANSLATE2
222.158,-11.5113,9.8474,0.1421,222.6739,37.7175,0.0097,246.6988,793.6671,0.1344,0.00027,0.0269,0.0257,-0.1276,TRANSLATE2
197.9514,-56.4403,-33.8283,0.117,208.6016,14.0723,0.0251,247.0089,769.4548,0.1364,0.000176,0.0364,0.0195,-0.1292,TRANSLATE2
188.7861,-89.0647,-52.3689,0.0832,215.2097,6.6082,0.0338,238.4795,875.4069,0.1281,0.000645,0.0418,0.0093,-0.1181,TRANSLATE2
211.3227,-106.5393,-39.0982,0.0803,239.8678,24.6581,0.0029,229.3489,349.8419,0.1149,0.000862,0.0435,-0.0075,-0.0942,TRANSLATE2
212.0581,-118.9846,-16.5755,0.0936,243.7226,3.8548,0.0132,226.0151,187.3211,0.1032,0.000544,0.0434,-0.0289,-0.0618,TRANSLATE2
189.7715,-149.1783,-17.2791,0.095,242.004,1.7186,0.0015,229.8811,221.2711,0.0938,0.000166,0.0424,-0.0451,-0.023,TRANSLATE2
147.7578,-215.877,-55.2108,0.1185,267.364,25.3599,0.0235,241.6336,273.5782,0.0941,0.000181,0.0387,-0.0587,0.0182,TRANSLATE2
91.0282,-269.2234,-76.4936,0.1826,294.3105,26.9465,0.0641,257.4538,438.6268,0.114,0.001329,0.033,-0.071,0.0633,TRANSLATE2
81.5413,-252.7444,-69.7668,0.2374,274.5835,19.727,0.0547,264.3969,387.2518,0.1454,0.003159,0.0239,-0.082,0.1085,TRANSLATE2
63.0455,-234.9955,-47.5666,0.2556,247.9117,26.6718,0.0183,265.2348,355.4171,0.1779,0.003999,0.0116,-0.0931,0.1478,TRANSLATE2
35.6052,-211.4496,-32.4064,0.2573,216.8613,31.0504,0.0016,260.2062,690.1959,0.2103,0.002837,-0.0015,-0.1092,0.1785,TRANSLATE2
25.1279,-187.6378,-22.0095,0.2526,190.5879,26.2733,0.0047,244.851,1413.5073,0.2371,0.000791,-0.0139,-0.1233,0.2015,TRANSLATE2
17.6273,-157.4008,-19.4138,0.2412,159.5702,31.0178,0.0114,217.9029,1652.6243,0.2488,6.4e-05,-0.0243,-0.129,0.211,TRANSLATE2
6.6268,-131.5144,-19.3748,0.2209,133.099,26.4712,0.0204,189.606,1647.7125,0.2455,0.000183,-0.0324,-0.1272,0.2071,TRANSLATE2
-7.3173,-111.4115,-18.0592,0.2019,113.1026,19.9964,0.019,162.6442,1411.4156,0.2348,0.000428,-0.0388,-0.1225,0.196,TRANSLATE2
-18.1757,-85.5136,4.137,0.191,87.5217,25.5809,0.0109,136.7763,1283.0465,0.2215,0.000534,-0.0437,-0.1186,0.1812,TRANSLATE2
-7.5781,-62.2265,33.9815,0.1555,71.3043,16.2174,0.0355,112.9196,992.0804,0.2021,0.000835,-0.045,-0.1138,0.1597,TRANSLATE2
4.4688,-55.5656,49.8883,0.1088,74.8087,3.5044,0.0467,95.9673,559.9317,0.1756,0.001569,-0.0435,-0.1038,0.1339,TRANSLATE2
6.1907,-51.5931,43.0888,0.0821,67.5042,7.3046,0.0267,82.8483,274.1013,0.1479,0.002138,-0.0404,-0.0905,0.1092,TRANSLATE2
3.4775,-43.7182,31.0273,0.0737,53.7221,13.782,0.0085,70.9722,119.6615,0.1222,0.001997,-0.0366,-0.0762,0.0878,TRANSLATE2
-0.4273,-22.4277,30.8812,0.0676,38.1685,15.5537,0.0061,61.1016,182.6718,0.0975,0.001039,-0.0324,-0.0613,0.0682,TRANSLATE2
-1.895,-4.7265,36.5487,0.0476,36.9017,1.2667,0.02,54.2211,231.6374,0.076,0.000399,-0.0284,-0.0474,0.0513,TRANSLATE2
-4.8223,7.6438,40.6483,0.0276,41.6409,4.7392,0.02,47.5875,134.5146,0.0597,0.000387,-0.0243,-0.0384,0.0362,TRANSLATE2
-11.0766,12.84,36.1718,0.0217,39.9494,1.6915,0.0059,42.0765,36.4772,0.0476,0.000429,-0.0195,-0.032,0.021,TRANSLATE2
-19.3175,16.5626,30.9187,0.0236,40.0431,0.0937,0.0019,39.3407,2.6955,0.0376,0.000309,-0.0138,-0.025,0.0057,TRANSLATE2
-24.004,20.7251,27.2068,0.0302,41.7844,1.7412,0.0066,40.0639,3.092,0.0302,8.5e-05,-0.0077,-0.0152,-0.0089,TRANSLATE2
-28.6157,18.3613,21.5217,0.0426,40.239,1.5453,0.0124,40.7314,0.6527,0.0291,5.4e-05,-0.0017,-0.0035,-0.0204,TRANSLATE2
-35.8457,13.0766,3.8861,0.0504,38.3538,1.8853,0.0078,40.0739,1.1857,0.0337,0.000123,0.003,0.0084,-0.0275,TRANSLATE2
-45.0859,12.2894,-17.1724,0.0468,49.7861,11.4324,0.0036,42.0413,16.1774,0.0387,0.000103,0.006,0.0188,-0.0295,TRANSLATE2
-52.2969,16.8565,-33.3723,0.0324,64.2869,14.5008,0.0144,46.8901,90.8423,0.0405,6.3e-05,0.0069,0.0259,-0.0277,TRANSLATE2
-57.1656,23.9227,-40.4197,0.0163,73.9862,9.6992,0.0161,53.3304,190.9903,0.0377,0.000151,0.0057,0.0282,-0.022,TRANSLATE2
-58.9481,33.1663,-38.0389,0.0148,77.6005,3.6143,0.0014,60.8027,218.6859,0.0321,0.00022,0.0028,0.0256,-0.0128,TRANSLATE2
-62.5866,44.933,-37.3217,0.0223,85.6094,8.0089,0.0074,70.2538,151.6458,0.0265,0.000141,-0.0007,0.0206,-0.0022,TRANSLATE2
-72.1443,57.8433,-39.3918,0.028,100.5105,14.9011,0.0058,80.3987,148.0349,0.0228,4.5e-05,-0.0039,0.0148,0.0079,TRANSLATE2
-85.7717,71.0934,-43.8415,0.0296,119.7211,19.2106,0.0015,91.4855,282.4489,0.0222,3.6e-05,-0.0062,0.0089,0.0163,TRANSLATE2
-99.1455,87.7778,-43.342,0.0339,139.3316,19.6106,0.0043,104.5546,508.252,0.0257,4.3e-05,-0.0072,0.0024,0.0223,TRANSLATE2
-115.1226,98.3129,-31.4798,0.0401,154.6274,15.2958,0.0063,119.96,627.0779,0.0308,3.6e-05,-0.0071,-0.0056,0.0251,TRANSLATE2
-140.4106,100.4316,-20.1214,0.0479,173.8002,19.1728,0.0078,137.5981,659.7347,0.0359,5.4e-05,-0.0071,-0.015,0.0273,TRANSLATE2
-162.4597,105.3484,-7.1596,0.0565,193.7594,19.9592,0.0085,156.2479,667.6387,0.0416,9.4e-05,-0.0079,-0.0234,0.0312,TRANSLATE2
-195.274,117.9756,1.0911,0.0648,228.1477,34.3883,0.0084,177.9333,964.4585,0.0486,0.000123,-0.01,-0.0279,0.0371,TRANSLATE2
-193.7349,138.9117,-5.3459,0.0781,238.4497,10.3019,0.0133,197.7569,1005.9123,0.0575,0.000174,-0.0129,-0.0275,0.0461,TRANSLATE2
-208.0473,165.145,-17.8736,0.0799,266.2255,27.7758,0.0018,220.0765,1073.3064,0.0654,0.000151,-0.0158,-0.0239,0.0564,TRANSLATE2
-216.5784,187.6223,-34.1707,0.0791,288.5758,22.3503,0.0008,243.0316,1056.5002,0.0717,8.8e-05,-0.017,-0.0204,0.0656,TRANSLATE2
-223.0565,206.0759,-44.4116,0.0804,306.9102,18.3344,0.0013,265.6618,874.9213,0.0765,3.4e-05,-0.0168,-0.0192,0.0717,TRANSLATE2
-211.2858,222.8295,-46.3637,0.0785,310.5548,3.6446,0.0019,282.1432,724.9003,0.0792,1e-06,-0.0151,-0.0203,0.0747,TRANSLATE2
-184.4224,236.4011,-49.844,0.0708,303.9433,6.6115,0.0076,295.2419,266.5477,0.0777,1.2e-05,-0.0129,-0.0229,0.0728,TRANSLATE2
-169.6661,240.3896,-57.294,0.0639,299.7605,4.1828,0.0069,301.9489,57.2567,0.0745,3.9e-05,-0.0112,-0.0271,0.0681,TRANSLATE2
-167.9735,238.5524,-67.2602,0.0648,299.4099,0.3506,0.0009,304.1157,18.0828,0.0717,4.6e-05,-0.0111,-0.0311,0.0629,TRANSLATE2
-156.7163,246.3544,-72.7957,0.064,300.9148,1.5049,0.0008,302.9167,17.1324,0.0684,3.2e-05,-0.0117,-0.0346,0.0568,TRANSLATE2
-129.3262,248.9991,-75.0521,0.0532,290.4456,10.4691,0.0108,298.8948,20.3943,0.0633,3.2e-05,-0.0121,-0.0384,0.0468,TRANSLATE2
-102.1984,238.6649,-72.3448,0.0602,269.5167,20.9289,0.007,292.0095,140.5038,0.0612,1.9e-05,-0.0118,-0.0446,0.0322,TRANSLATE2
-83.7775,212.3913,-53.2821,0.0841,234.452,35.0647,0.0239,278.9478,620.4533,0.0653,0.000106,-0.0106,-0.053,0.0143,TRANSLATE2
-59.7595,188.7068,-6.8913,0.0906,198.063,36.389,0.0065,258.6784,1434.3362,0.0704,0.000208,-0.0085,-0.0605,-0.005,TRANSLATE2
-4.167,183.6623,57.0401,0.0826,192.3611,5.7019,0.008,236.9677,1485.7961,0.0741,0.000215,-0.0054,-0.0623,-0.0264,TRANSLATE2
44.1758,183.4924,101.0258,0.0943,214.0728,21.7117,0.0117,221.6931,785.3407,0.0824,0.000141,-0.0013,-0.056,-0.0496,TRANSLATE2
35.9875,170.247,116.4894,0.125,209.4014,4.6714,0.0307,209.67,213.5849,0.0953,0.000238,0.006,-0.0369,-0.0711,TRANSLATE2
-1.0725,135.4664,115.6853,0.1369,178.1442,31.2571,0.0119,198.4085,162.7087,0.1059,0.000447,0.0039,-0.0141,-0.09,TRANSLATE2
-39.1767,164.045,153.1013,0.1326,227.7841,49.6399,0.0043,204.3527,299.9364,0.1143,0.000473,0.004,0.0143,-0.1038,TRANSLATE2
-41.4133,198.2204,156.6873,0.1756,256.0416,28.2575,0.043,217.0888,643.3158,0.1329,0.000678,0.0066,0.0448,-0.12,TRANSLATE2
-40.8025,186.6107,141.978,0.2223,238.0045,18.0371,0.0468,221.8752,706.0807,0.1585,0.001325,0.008,0.0734,-0.1375,TRANSLATE2
-38.967,136.101,122.0043,0.243,186.8876,51.1169,0.0207,217.3724,899.513,0.1821,0.001973,0.0058,0.097,-0.1517,TRANSLATE2
-43.4517,99.7308,89.9534,0.2355,141.1592,45.7284,0.0075,209.9754,1698.7188,0.2018,0.001747,0.0113,0.1218,-0.1596,TRANSLATE2
-73.852,85.1878,58.4127,0.2165,126.9769,14.1823,0.019,189.8139,2606.5552,0.2186,0.00055,0.0131,0.1409,-0.1656,TRANSLATE2
-111.8285,84.8034,30.2708,0.2026,143.5742,16.5973,0.0139,167.3205,1651.0016,0.224,0.000202,0.0115,0.1511,-0.1639,TRANSLATE2
-130.7378,79.8364,16.2416,0.1926,154.0455,10.4713,0.01,150.5287,405.0354,0.2181,0.000363,0.011,0.1529,-0.1545,TRANSLATE2
-124.034,60.2504,14.1308,0.1896,138.6154,15.4301,0.0031,140.8742,75.8185,0.2074,0.000287,0.0113,0.1475,-0.145,TRANSLATE2
-105.4991,16.8534,14.564,0.1729,107.8249,30.7905,0.0167,134.2074,249.8071,0.1948,0.000209,0.0129,0.1375,-0.137,TRANSLATE2
-90.7305,-20.6985,11.6856,0.1383,93.7924,14.0325,0.0346,127.5705,521.977,0.1792,0.00051,0.0141,0.1254,-0.1268,TRANSLATE2
-91.5407,-43.3994,-1.7265,0.1013,101.3222,7.5298,0.037,119.12,537.1384,0.1589,0.001204,0.0133,0.1125,-0.1104,TRANSLATE2
-100.1825,-37.3695,-18.4093,0.0739,108.4985,7.1763,0.0273,110.0106,232.7632,0.1352,0.001857,0.0098,0.0992,-0.087,TRANSLATE2
-103.4616,-17.1644,-35.7056,0.0576,110.7873,2.2888,0.0164,104.445,38.2619,0.1088,0.001774,0.0045,0.0853,-0.0596,TRANSLATE2
-87.5162,79.0497,-63.8551,0.041,134.1097,23.3225,0.0166,109.702,184.3403,0.0824,0.001177,-0.0006,0.0699,-0.0297,TRANSLATE2
-96.113,131.3929,-69.4122,0.0235,176.9742,42.8644,0.0175,126.3384,762.0572,0.0595,0.000719,-0.0035,0.0542,-0.0084,TRANSLATE2
-73.2247,140.5081,-63.6673,0.0168,170.7569,6.2173,0.0067,140.2253,838.6486,0.0426,0.000447,-0.0043,0.0389,0.0051,TRANSLATE2
-66.1267,128.544,-51.8869,0.0168,153.5856,17.1712,0.0,149.2427,591.7164,0.0311,0.000253,-0.0037,0.026,0.0114,TRANSLATE2
-55.6826,102.3602,-38.5252,0.0186,122.7288,30.8569,0.0018,151.631,430.846,0.0234,8.4e-05,-0.0033,0.0152,0.0154,TRANSLATE2
-52.4898,69.1694,-22.5608,0.0226,89.7139,33.0149,0.004,142.7519,1057.3544,0.0197,8e-06,-0.0037,0.0074,0.0157,TRANSLATE2
-50.6044,32.2293,-6.9517,0.0322,60.3975,29.3164,0.0096,119.4365,1635.9652,0.0214,3.4e-05,-0.0055,0.0016,0.0193,TRANSLATE2
-42.3991,3.4584,6.3386,0.0392,43.0096,17.3879,0.007,93.8871,1624.6503,0.0259,7.3e-05,-0.0067,-0.0024,0.024,TRANSLATE2
-41.713,-6.4895,10.4771,0.0437,43.4955,0.486,0.0046,71.869,934.934,0.0313,9.1e-05,-0.007,-0.0055,0.0296,TRANSLATE2
-36.3642,-3.826,5.2692,0.044,36.9426,6.5529,0.0002,54.7118,367.1922,0.0363,6.5e-05,-0.0063,-0.0079,0.0346,TRANSLATE2
-32.4288,-1.9764,2.9279,0.0466,32.6207,4.3219,0.0027,43.2932,89.3819,0.0411,2.6e-05,-0.0056,-0.011,0.0389,TRANSLATE2
-24.9462,-4.3186,7.3142,0.0481,26.3526,6.2681,0.0015,36.4842,41.905,0.0443,9e-06,-0.005,-0.0134,0.0416,TRANSLATE2
-24.9007,-15.5612,10.9045,0.0477,31.3226,4.9699,0.0005,34.1468,33.254,0.046,3e-06,-0.0054,-0.0158,0.0424,TRANSLATE2
-23.3706,-31.3427,17.4548,0.0507,42.8161,11.4935,0.003,34.0109,30.7871,0.0474,5e-06,-0.0065,-0.0193,0.0425,TRANSLATE2
-21.0746,-41.0741,23.8076,0.0505,51.9425,9.1264,0.0002,37.0109,84.3767,0.0487,3e-06,-0.0076,-0.0219,0.0428,TRANSLATE2
-13.0284,-43.6624,26.1398,0.0463,52.5304,0.5878,0.0042,40.9928,112.8369,0.0487,3e-06,-0.0078,-0.021,0.043,TRANSLATE2
-1.4259,-39.5362,27.5994,0.0408,48.2376,4.2927,0.0055,45.3698,61.3091,0.0472,1.3e-05,-0.0071,-0.0182,0.0425,TRANSLATE2
15.9781,-32.4852,30.9576,0.0333,47.6336,0.604,0.0075,48.632,12.2268,0.0443,4.3e-05,-0.0049,-0.0135,0.0409,TRANSLATE2
28.6637,-25.2913,30.1286,0.0266,48.6723,1.0386,0.0067,49.8033,4.0902,0.0395,7.4e-05,-0.0017,-0.0057,0.0367,TRANSLATE2
43.2216,-26.4518,31.0998,0.0293,59.4558,10.7836,0.0026,51.3059,19.5514,0.0353,5.3e-05,0.0023,0.0038,0.0295,TRANSLATE2
55.5085,-33.9302,31.3267,0.0398,72.2067,12.7509,0.0106,55.2412,91.1338,0.034,3.2e-05,0.0071,0.0137,0.0204,TRANSLATE2
76.5193,-35.3504,32.4145,0.0513,90.3081,18.1014,0.0115,63.6553,256.464,0.0361,7.8e-05,0.0124,0.0239,0.0104,TRANSLATE2
101.5748,-35.9241,35.8441,0.0637,113.5464,23.2383,0.0124,76.8379,529.1691,0.0422,0.000192,0.0177,0.0344,-0.0005,TRANSLATE2
126.6067,-37.7236,37.8253,0.0754,137.4158,23.8694,0.0117,94.5866,789.4287,0.0519,0.000271,0.022,0.0442,-0.011,TRANSLATE2
146.626,-34.282,37.0383,0.0833,155.0686,17.6529,0.0079,113.7091,908.5394,0.0627,0.000248,0.0242,0.0534,-0.0202,TRANSLATE2
162.5602,-20.785,33.7307,0.0859,167.3188,12.2502,0.0026,132.7315,776.9974,0.0719,0.000166,0.0242,0.0605,-0.0287,TRANSLATE2
179.0857,0.0814,33.4627,0.0948,182.1852,14.8663,0.0089,151.107,568.5239,0.0806,0.000109,0.0231,0.0658,-0.0388,TRANSLATE2
185.2904,20.9088,32.4451,0.0984,189.2681,7.0829,0.0036,166.2513,348.268,0.0875,6.7e-05,0.0211,0.0682,-0.0489,TRANSLATE2
186.0948,49.2021,37.028,0.0923,196.0184,6.7503,0.0061,177.9718,221.8155,0.0909,3.1e-05,0.0186,0.0659,-0.0577,TRANSLATE2
191.9915,74.5054,57.6474,0.0942,213.8575,17.8391,0.0018,189.7296,236.2154,0.0931,1.7e-05,0.016,0.0592,-0.0674,TRANSLATE2
194.8495,93.5668,75.8304,0.1114,229.0662,15.2087,0.0173,202.0791,292.7314,0.0982,4.8e-05,0.0141,0.053,-0.0792,TRANSLATE2
182.2483,94.0003,81.6862,0.1389,220.7332,8.333,0.0274,209.7887,223.7353,0.107,0.000298,0.0114,0.0503,-0.0925,TRANSLATE2
169.5518,79.6753,51.1771,0.1483,194.2036,26.5296,0.0095,210.7758,187.1207,0.117,0.000524,0.009,0.0521,-0.1038,TRANSLATE2
142.4602,78.6777,9.2729,0.1383,163.0064,31.1973,0.01,204.1734,556.3563,0.1262,0.000408,0.0064,0.0537,-0.1138,TRANSLATE2
145.8432,87.3391,-16.3129,0.1331,170.776,7.7697,0.0052,195.5571,686.4362,0.134,0.000151,0.0065,0.0485,-0.123,TRANSLATE2
167.6183,85.9431,-16.7472,0.1597,189.11,18.3339,0.0266,187.5658,406.3171,0.1437,8.8e-05,0.0091,0.0325,-0.133,TRANSLATE2
190.5634,56.342,-1.2259,0.1812,198.7217,9.6118,0.0215,183.1635,191.8126,0.1521,0.000293,0.015,0.0071,-0.1404,TRANSLATE2
192.8819,23.408,3.3974,0.1804,194.3268,4.3949,0.0008,183.1882,192.3592,0.1585,0.000409,0.0226,-0.0253,-0.145,TRANSLATE2
185.0212,-1.0642,-2.0696,0.1662,185.0358,9.291,0.0142,187.5941,92.1689,0.1641,0.000308,0.0309,-0.0571,-0.1452,TRANSLATE2
163.767,-11.9858,-19.8088,0.1519,165.3955,19.6403,0.0143,186.518,132.997,0.1679,0.000131,0.0376,-0.0805,-0.1387,TRANSLATE2
146.4479,-23.0917,-43.5001,0.1502,154.5072,10.8882,0.0017,179.5974,288.6966,0.166,0.000177,0.0427,-0.095,-0.1257,TRANSLATE2
138.4583,-65.964,-55.0751,0.1646,162.9578,8.4505,0.0144,172.4446,219.762,0.1626,0.00012,0.0461,-0.1085,-0.1078,TRANSLATE2
114.0448,-115.7243,-44.1039,0.175,168.3553,5.3975,0.0104,167.2503,100.3594,0.1616,8.7e-05,0.0462,-0.1242,-0.0843,TRANSLATE2
91.4577,-147.0014,-14.6893,0.1779,173.7518,5.3965,0.0029,164.9935,40.4553,0.1639,0.00013,0.0439,-0.1391,-0.0569,TRANSLATE2
61.2662,-168.2636,11.4954,0.1591,179.4389,5.6871,0.0188,167.8022,74.2682,0.1653,0.000104,0.0393,-0.1485,-0.0286,TRANSLATE2
29.8723,-203.2234,2.1182,0.1247,205.4181,25.9792,0.0344,177.9844,218.2316,0.1602,0.000363,0.0317,-0.1453,0.0045,TRANSLATE2
3.7947,-234.4287,-31.2429,0.1458,236.5319,31.1138,0.0211,192.6992,642.1089,0.1565,0.000387,0.0201,-0.1309,0.0455,TRANSLATE2
-35.0236,-263.0305,-68.2975,0.191,274.0004,37.4685,0.0452,213.8282,1399.1252,0.1597,0.000546,0.0052,-0.1103,0.0878,TRANSLATE2
-71.022,-268.7057,-82.8692,0.2445,290.0244,16.024,0.0535,237.0828,1698.3008,0.173,0.001743,-0.0118,-0.0923,0.1302,TRANSLATE2
-87.8926,-214.577,-53.6548,0.2755,238.0068,52.0176,0.031,248.7963,896.701,0.1963,0.003263,-0.0291,-0.0814,0.1718,TRANSLATE2
-98.261,-179.8179,-19.7144,0.2521,205.86,32.1468,0.0234,248.8847,889.0643,0.2218,0.002209,-0.0447,-0.0801,0.2012,TRANSLATE2
-97.5744,-156.5918,7.0628,0.2302,184.6392,21.2208,0.0219,238.5062,1576.3293,0.2387,0.000783,-0.0562,-0.0804,0.2173,TRANSLATE2
-88.6876,-132.9641,20.0284,0.2082,161.0779,23.5613,0.022,215.9217,2013.3298,0.2421,0.000503,-0.0623,-0.0747,0.2209,TRANSLATE2
-90.472,-100.3213,8.8977,0.1907,135.3835,25.6943,0.0175,184.9935,1255.8108,0.2314,0.000913,-0.063,-0.0609,0.2126,TRANSLATE2
-91.2026,-62.4976,2.5307,0.1673,110.5905,24.793,0.0235,159.5102,1151.4915,0.2097,0.000875,-0.0591,-0.0443,0.1948,TRANSLATE2
-85.5371,-28.0887,6.6902,0.1306,90.2791,20.3114,0.0367,136.3941,1146.062,0.1854,0.001178,-0.0508,-0.029,0.1751,TRANSLATE2
-75.2953,-7.0835,15.6365,0.0915,77.2273,13.0519,0.039,114.9117,919.192,0.1577,0.001771,-0.0401,-0.0162,0.1512,TRANSLATE2
-66.9362,-2.923,10.3123,0.0648,67.789,9.4383,0.0267,96.2539,588.926,0.129,0.002162,-0.0275,-0.0057,0.1244,TRANSLATE2
-66.4365,3.0991,-2.4658,0.053,66.5544,1.2346,0.0117,82.4881,269.6141,0.1014,0.001794,-0.0143,0.0028,0.097,TRANSLATE2
-66.0836,4.0511,-13.057,0.0419,67.4828,0.9284,0.0111,73.8665,82.3648,0.0764,0.001007,-0.0018,0.0114,0.0701,TRANSLATE2
-70.0731,-0.7966,-20.5518,0.0361,73.0291,5.5463,0.0058,70.4165,16.7277,0.0575,0.000386,0.0072,0.0192,0.0484,TRANSLATE2
-71.0054,-3.0404,-25.3602,0.0334,75.4596,2.4304,0.0027,70.063,12.4119,0.0459,0.000135,0.0116,0.0247,0.034,TRANSLATE2
-74.8418,2.3771,-34.5476,0.0374,82.465,7.0055,0.004,72.9982,33.5243,0.0404,4.8e-05,0.012,0.0268,0.0264,TRANSLATE2
-80.8797,13.0673,-43.2505,0.0343,92.6439,10.1789,0.0031,78.2161,75.184,0.0366,9e-06,0.0091,0.0259,0.0226,TRANSLATE2
-84.3319,25.1913,-45.8536,0.0288,99.2422,6.5984,0.0055,84.568,100.2169,0.034,9e-06,0.0045,0.0235,0.0221,TRANSLATE2
-85.9624,33.9562,-44.5204,0.0225,102.5895,3.3473,0.0063,90.48,103.5907,0.0313,2.7e-05,-0.0003,0.0211,0.0218,TRANSLATE2
-86.3012,38.7118,-42.3288,0.0184,103.6254,1.0358,0.0042,96.1132,61.2952,0.0283,5e-05,-0.0039,0.0184,0.0205,TRANSLATE2
-86.7691,43.5445,-39.6818,0.0166,104.8791,1.2537,0.0018,100.596,19.3131,0.0241,4.4e-05,-0.0061,0.0146,0.0178,TRANSLATE2
-88.5496,45.0231,-35.6329,0.017,105.5359,0.6567,0.0004,103.1744,4.898,0.0206,2.1e-05,-0.0075,0.0113,0.0151,TRANSLATE2
-89.4241,45.9372,-26.022,0.0226,103.8462,1.6897,0.0056,104.0952,1.048,0.0194,7e-06,-0.0093,0.0084,0.0138,TRANSLATE2
-86.2799,45.4466,-14.2301,0.0308,98.55,5.2962,0.0083,103.2873,6.0916,0.0211,2.8e-05,-0.0121,0.0058,0.0151,TRANSLATE2
-82.8208,43.3448,-4.7403,0.0424,93.5977,4.9524,0.0115,101.2818,20.8244,0.0259,9.5e-05,-0.0158,0.0035,0.0193,TRANSLATE2
-81.5816,44.7415,0.889,0.0539,93.0492,0.5485,0.0115,98.9158,26.1935,0.0333,0.000179,-0.0204,0.0015,0.026,TRANSLATE2
-86.6778,46.4307,-0.97,0.0659,98.3351,5.2859,0.012,97.4756,15.4218,0.0431,0.000242,-0.0254,-0.0002,0.0347,TRANSLATE2
-88.8516,58.2258,-1.8135,0.08,106.2457,7.9106,0.0141,97.9555,22.4574,0.0546,0.000297,-0.0299,-0.0028,0.0453,TRANSLATE2
-87.0094,73.64,3.021,0.0783,114.029,7.7833,0.0016,101.0513,64.4741,0.0641,0.000207,-0.0325,-0.0063,0.0544,TRANSLATE2
-78.9607,80.2745,9.3012,0.0666,112.9836,1.0454,0.0117,104.9285,66.8061,0.0689,9e-05,-0.0322,-0.01,0.0595,TRANSLATE2
-69.5873,73.2852,15.6222,0.0556,102.2603,10.7233,0.011,106.7707,36.6124,0.0693,8e-05,-0.0293,-0.0136,0.0606,TRANSLATE2
-63.6886,65.7251,19.6603,0.0533,93.6085,8.6518,0.0023,105.8254,56.1358,0.0668,0.000123,-0.0242,-0.0169,0.0593,TRANSLATE2
-65.9477,59.1426,24.9501,0.0573,92.0296,1.5788,0.004,102.9822,86.0814,0.0622,8.5e-05,-0.0185,-0.0196,0.0555,TRANSLATE2
-74.6019,57.6203,22.5413,0.0562,96.9209,4.8913,0.001,99.5606,57.3154,0.0578,2.1e-05,-0.0127,-0.0218,0.0515,TRANSLATE2
-94.5222,47.6869,18.5768,0.0613,107.4876,10.5667,0.0051,98.4614,32.639,0.0568,7e-06,-0.0085,-0.0245,0.05,TRANSLATE2
-109.8084,41.9745,11.4427,0.0696,118.113,10.6254,0.0083,101.6319,96.9373,0.0596,3.2e-05,-0.006,-0.027,0.0525,TRANSLATE2
-101.1092,61.539,7.4573,0.0744,118.599,0.4861,0.0048,106.63,116.6577,0.0638,5e-05,-0.0052,-0.0286,0.0566,TRANSLATE2
-89.678,94.1593,3.1971,0.0631,130.0705,11.4715,0.0113,114.2382,126.0305,0.0649,4.1e-05,-0.0033,-0.0303,0.0571,TRANSLATE2
-85.2674,113.7118,-0.6142,0.0507,142.1312,12.0607,0.0124,123.2803,139.8981,0.0638,6.5e-05,-0.0009,-0.0325,0.0536,TRANSLATE2
-89.4264,117.5851,-3.9507,0.051,147.7801,5.6488,0.0003,131.3387,145.125,0.0617,9.2e-05,0.0028,-0.0353,0.0464,TRANSLATE2
-90.3005,120.4181,0.4175,0.0546,150.5153,2.7353,0.0037,137.8192,141.6924,0.0587,8.1e-05,0.0079,-0.039,0.0359,TRANSLATE2
-79.106,121.6095,6.6621,0.0483,145.2274,5.2879,0.0063,143.1449,50.4224,0.0535,2.7e-05,0.0136,-0.042,0.022,TRANSLATE2
-72.3348,121.0751,9.7453,0.0476,141.3735,3.8539,0.0007,145.4055,11.7517,0.0504,6e-06,0.0168,-0.0442,0.0093,TRANSLATE2
-67.4554,125.7288,22.1338,0.0496,144.3879,3.0144,0.002,145.8569,9.6109,0.0502,6e-06,0.0169,-0.0458,0.0009,TRANSLATE2
-50.6924,145.3268,40.7445,0.0425,159.2159,14.828,0.0071,148.144,39.333,0.0485,1.5e-05,0.0147,-0.0447,-0.0051,TRANSLATE2
-36.3258,170.3708,57.6581,0.0356,183.4945,24.2786,0.0069,154.7399,244.6348,0.0447,2.7e-05,0.0125,-0.0374,-0.0133,TRANSLATE2
-22.0763,185.9279,64.0327,0.0645,197.8806,14.3861,0.0289,165.2705,487.8684,0.048,9.2e-05,0.0115,-0.0248,-0.0249,TRANSLATE2
-21.136,172.6392,53.7981,0.1046,182.0584,15.8222,0.0401,173.4075,363.8116,0.0594,0.000604,0.0123,-0.0065,-0.0411,TRANSLATE2
-38.0369,150.0239,30.6728,0.1282,157.7808,24.2776,0.0236,176.0861,237.0479,0.0751,0.001285,0.0148,0.0164,-0.0604,TRANSLATE2
-46.4827,130.4566,12.5226,0.14,139.0553,18.7255,0.0118,172.0539,438.125,0.0946,0.001535,0.0176,0.0382,-0.0818,TRANSLATE2
-55.4143,107.459,2.1306,0.1449,120.9245,18.1309,0.005,159.5399,778.1919,0.1164,0.000868,0.0186,0.0528,-0.1016,TRANSLATE2
-80.0002,83.6672,-5.833,0.1447,115.9062,5.0182,0.0002,143.1451,596.1778,0.1325,0.000231,0.018,0.0596,-0.1165,TRANSLATE2
-117.2064,61.9307,-16.7602,0.1439,133.6175,17.7113,0.0008,133.4569,217.6219,0.1403,4e-05,0.0164,0.0609,-0.1249,TRANSLATE2
-153.912,49.7789,-24.78,0.1469,163.6487,30.0311,0.003,134.6304,280.2227,0.1441,5e-06,0.0167,0.0569,-0.131,TRANSLATE2
-159.6421,49.0044,0.6666,0.1474,166.9954,3.3467,0.0005,140.2185,454.5791,0.1456,2e-06,0.0173,0.0472,-0.1358,TRANSLATE2
-124.5137,39.6941,58.6489,0.1616,143.2445,23.751,0.0142,144.6825,362.0314,0.1489,4.2e-05,0.0192,0.0381,-0.1414,TRANSLATE2
-97.1109,3.1897,112.5848,0.1658,148.7146,5.4702,0.0042,151.2442,156.6132,0.1531,7.8e-05,0.0211,0.0343,-0.1467,TRANSLATE2
-109.1856,-19.9639,139.1428,0.1411,177.991,29.2763,0.0246,160.1188,158.7921,0.1526,8.9e-05,0.022,0.0373,-0.1446,TRANSLATE2
-140.9454,-5.9055,126.2767,0.1376,189.3312,11.3402,0.0035,165.2553,300.5886,0.1507,0.000124,0.0206,0.0485,-0.1351,TRANSLATE2
-175.3969,13.4069,97.437,0.1426,201.0915,11.7604,0.005,172.0746,510.3278,0.1498,0.000134,0.0198,0.0681,-0.1218,TRANSLATE2
-193.405,28.1536,70.8996,0.1401,207.906,6.8145,0.0025,185.0069,433.6269,0.1454,0.000106,0.0193,0.0881,-0.1053,TRANSLATE2
-171.3584,26.2323,61.2166,0.1327,183.8459,24.0601,0.0074,192.0331,121.1033,0.1388,1.2e-05,0.0201,0.1025,-0.088,TRANSLATE2
-133.7242,19.7233,57.7951,0.1278,147.0083,36.8375,0.0049,185.8366,448.7157,0.1362,2.8e-05,0.0227,0.1095,-0.077,TRANSLATE2
-101.7231,8.7599,44.3361,0.1218,111.3105,35.6979,0.006,170.2325,1313.6119,0.133,5.9e-05,0.0256,0.1099,-0.0699,TRANSLATE2
-85.6223,-3.7483,18.9283,0.1014,87.7696,23.5409,0.0204,147.5681,1969.5052,0.1248,0.000172,0.0271,0.1048,-0.061,TRANSLATE2
-87.8509,-5.383,-4.0105,0.0755,88.107,0.3374,0.0258,123.6083,1374.4233,0.1119,0.000443,0.0265,0.0962,-0.0471,TRANSLATE2
-89.2089,4.4342,-14.4272,0.0531,90.4767,2.3697,0.0224,104.9344,519.5377,0.0959,0.000793,0.0229,0.0846,-0.0283,TRANSLATE2
-77.9796,19.2161,-17.0074,0.0492,82.0934,8.3833,0.0039,91.9514,101.2791,0.0802,0.000779,0.0182,0.0714,-0.0091,TRANSLATE2
-61.7462,25.5823,-20.9371,0.0405,70.0386,12.0548,0.0087,83.6971,54.2243,0.064,0.000483,0.0131,0.0562,0.0075,TRANSLATE2
-45.1126,20.3189,-23.081,0.036,54.5961,15.4425,0.0045,77.0624,176.2611,0.0509,0.000189,0.009,0.0417,0.0201,TRANSLATE2
-40.7369,9.4864,-28.0554,0.037,50.3646,4.2315,0.001,69.5139,237.4386,0.0432,4.6e-05,0.006,0.0297,0.0283,TRANSLATE2
-44.6302,0.1266,-32.6724,0.0514,55.3115,4.9468,0.0143,62.4808,140.4289,0.0428,4e-05,0.0041,0.0213,0.0346,TRANSLATE2
-45.1698,2.9857,-35.5786,0.0629,57.5765,2.2651,0.0115,57.5775,44.2657,0.0456,0.000104,0.0022,0.0128,0.0412,TRANSLATE2
-35.7889,12.2792,-25.791,0.0692,45.7908,11.7857,0.0063,52.7279,17.4764,0.0513,0.000178,-0.0,0.0043,0.0491,TRANSLATE2
-17.1468,18.1577,-16.5047,0.0639,29.9352,15.8556,0.0053,47.7957,96.3533,0.0569,0.000132,-0.0021,-0.0034,0.0553,TRANSLATE2
-4.9174,18.798,-11.2069,0.0554,22.4308,7.5044,0.0085,42.209,192.4975,0.0605,4e-05,-0.0036,-0.0083,0.0592,TRANSLATE2
-2.2214,13.4009,-14.8749,0.0509,20.144,2.2868,0.0045,35.1755,206.065,0.0604,4.2e-05,-0.0037,-0.0118,0.0589,TRANSLATE2
-1.3865,11.3457,-16.6218,0.0541,20.1725,0.0285,0.0032,27.6947,94.7589,0.0587,4.6e-05,-0.0029,-0.0149,0.0565,TRANSLATE2
7.647,14.811,-6.9568,0.0626,18.0621,2.1105,0.0085,22.1489,17.0668,0.0574,2.5e-05,-0.0014,-0.0189,0.0535,TRANSLATE2
19.7176,21.3144,20.5346,0.0681,35.5634,17.5013,0.0055,23.2746,39.6642,0.0582,3.9e-05,-0.0007,-0.0238,0.0519,TRANSLATE2
28.3397,31.064,47.2964,0.0617,63.2856,27.7221,0.0064,31.4455,292.9333,0.0595,3.9e-05,-0.0015,-0.0266,0.0522,TRANSLATE2
12.3718,51.0137,39.0653,0.0534,65.4336,2.148,0.0083,40.5034,416.3803,0.06,3.1e-05,-0.0025,-0.0228,0.0527,TRANSLATE2
-18.7307,75.8016,9.6553,0.0417,78.6762,13.2426,0.0117,52.2042,488.236,0.0575,8.4e-05,-0.0024,-0.0141,0.0493,TRANSLATE2
-20.0471,88.8194,-1.0632,0.01,91.0599,12.3837,0.0317,66.8037,343.9056,0.047,0.000419,-0.0008,-0.0069,0.0396,TRANSLATE2
12.6092,80.6837,16.3088,0.0319,83.2756,7.7843,0.0219,76.3462,111.9206,0.0397,0.000323,0.0037,-0.0002,0.0245,TRANSLATE2
54.6343,60.2719,41.2314,0.0443,91.2011,7.9255,0.0124,81.9293,90.7674,0.0363,0.000219,0.0104,0.0052,0.0064,TRANSLATE2
85.2012,31.5582,46.982,0.0547,102.2862,11.0851,0.0104,89.2998,64.9022,0.0365,0.000228,0.0174,0.0089,-0.0116,TRANSLATE2
97.0734,13.3465,34.4637,0.0575,103.8707,1.5845,0.0028,94.3387,59.402,0.0397,0.000301,0.0223,0.013,-0.0234,TRANSLATE2
108.3931,11.9147,19.9116,0.0596,110.849,6.9783,0.0021,98.2965,96.1056,0.0496,0.000106,0.0245,0.0228,-0.0289,TRANSLATE2
127.0426,11.8599,14.148,0.0653,128.377,17.528,0.0058,107.3168,150.5815,0.0563,4.8e-05,0.0242,0.0347,-0.0319,TRANSLATE2
154.4028,9.0598,16.2559,0.075,155.5203,27.1433,0.0097,120.1806,397.8758,0.0624,5.2e-05,0.0228,0.0447,-0.0352,TRANSLATE2
181.1566,6.0228,16.5172,0.0928,182.0078,26.4874,0.0177,136.125,844.1305,0.0701,0.000166,0.022,0.0505,-0.0416,TRANSLATE2
195.1222,-1.9099,9.9263,0.11,195.3839,13.3761,0.0172,154.4276,1003.4003,0.0805,0.000343,0.0228,0.0535,-0.054,TRANSLATE2
186.5603,-17.081,-2.5496,0.1237,187.3579,8.0259,0.0138,169.7294,606.3184,0.0934,0.000464,0.0248,0.0563,-0.0694,TRANSLATE2
175.9357,-37.7867,-19.4147,0.1267,180.9921,6.3658,0.0029,180.2524,178.9505,0.1056,0.000378,0.0265,0.06,-0.0825,TRANSLATE2
171.5455,-51.1137,-41.6817,0.1308,183.7874,2.7953,0.0041,185.9058,27.1538,0.1168,0.000193,0.0271,0.0645,-0.0934,TRANSLATE2
171.877,-62.2754,-66.9704,0.1245,194.692,10.9045,0.0063,188.4427,33.1185,0.1231,4.9e-05,0.0268,0.0651,-0.1009,TRANSLATE2
178.4485,-71.5453,-78.3638,0.1028,207.6138,12.9218,0.0217,190.8886,91.0058,0.1217,9.5e-05,0.024,0.0591,-0.1028,TRANSLATE2
192.04,-60.4394,-66.0754,0.0911,211.8921,4.2783,0.0118,195.7955,152.6645,0.1152,0.000239,0.0194,0.0463,-0.1007,TRANSLATE2
190.9758,-47.6609,-47.5353,0.0982,202.4918,9.4003,0.0071,200.0954,99.3152,0.1095,0.000238,0.0144,0.0285,-0.0993,TRANSLATE2
169.9088,-39.5068,-39.4439,0.107,178.8452,23.6466,0.0088,199.1069,135.4627,0.1047,0.000126,0.0114,0.0072,-0.0984,TRANSLATE2
131.6051,-38.3742,-42.1333,0.1144,143.4144,35.4307,0.0074,188.8514,646.7198,0.1027,6.2e-05,0.0103,-0.0148,-0.0972,TRANSLATE2
99.9497,-49.8744,-46.691,0.113,121.068,22.3465,0.0013,171.5423,1195.6279,0.1047,7.9e-05,0.0115,-0.0338,-0.0958,TRANSLATE2
87.2879,-59.9932,-53.909,0.0975,118.8468,2.2212,0.0155,152.9332,1079.0734,0.106,5.1e-05,0.0146,-0.0477,-0.0907,TRANSLATE2
77.6335,-73.8321,-66.4397,0.0963,126.0649,7.2182,0.0012,137.6479,498.6021,0.1057,5.7e-05,0.0194,-0.0603,-0.0795,TRANSLATE2
75.6318,-87.3938,-70.8455,0.117,135.5615,9.4966,0.0207,128.9911,85.0899,0.1077,7.9e-05,0.0243,-0.076,-0.0608,TRANSLATE2
68.8804,-105.6932,-62.0577,0.1436,140.5941,5.0326,0.0266,128.4271,70.0913,0.1135,0.000294,0.0286,-0.0932,-0.037,TRANSLATE2
7.7762,-143.8545,-79.743,0.1488,164.6619,24.0678,0.0052,137.1458,245.8353,0.1207,0.000492,0.0334,-0.1073,-0.0104,TRANSLATE2
-62.354,-187.9899,-111.7569,0.167,227.4155,62.7536,0.0181,158.8596,1337.1001,0.1346,0.000621,0.0359,-0.1193,0.0228,TRANSLATE2
-91.827,-218.2481,-140.2805,0.1983,275.2146,47.7991,0.0313,188.6895,2939.874,0.155,0.000726,0.0323,-0.1246,0.0636,TRANSLATE2
-98.5553,-222.236,-169.0088,0.2396,296.0844,20.8698,0.0413,220.7941,3651.384,0.1795,0.001271,0.0218,-0.1244,0.1075,TRANSLATE2
-118.3536,-215.5794,-182.3164,0.2728,306.1394,10.0551,0.0332,253.9032,2725.5317,0.2053,0.002089,0.0047,-0.1229,0.151,TRANSLATE2
-141.3142,-201.5448,-169.6281,0.3078,298.9376,7.2018,0.035,280.7583,817.1522,0.2371,0.002542,-0.0196,-0.1259,0.194,TRANSLATE2
-153.5107,-168.9015,-134.8931,0.3263,265.1215,33.8161,0.0185,288.2995,240.0944,0.269,0.002134,-0.047,-0.1299,0.2283,TRANSLATE2
-147.8398,-122.0899,-87.577,0.3156,210.7897,54.3318,0.0107,275.4145,1241.3831,0.2925,0.001019,-0.0713,-0.1343,0.2481,TRANSLATE2
-122.725,-81.4719,-38.7304,0.2739,152.3126,58.4771,0.0418,246.6602,3359.9368,0.2993,0.000484,-0.0892,-0.1326,0.2517,TRANSLATE2
-100.6362,-62.6901,-3.9562,0.2155,118.6311,33.6815,0.0584,209.1585,4524.2925,0.2878,0.001617,-0.0989,-0.1206,0.2407,TRANSLATE2
-88.909,-52.977,18.5007,0.1785,105.1364,13.4948,0.037,170.3983,3573.9995,0.262,0.003258,-0.0998,-0.0994,0.2197,TRANSLATE2
-77.8335,-39.2785,33.8443,0.1472,93.5216,11.6148,0.0313,136.0783,1783.6458,0.2262,0.00378,-0.0932,-0.0756,0.1907,TRANSLATE2
-67.1386,-28.0947,51.8036,0.1205,89.3337,4.1878,0.0267,111.7871,514.2352,0.1871,0.002886,-0.0823,-0.0539,0.1585,TRANSLATE2
-49.4953,-14.582,73.396,0.1011,89.7184,0.3846,0.0194,99.2682,126.455,0.1526,0.001668,-0.0704,-0.0362,0.13,TRANSLATE2
-32.9869,-0.1312,89.2949,0.0781,95.1931,5.4748,0.0229,94.5806,32.8183,0.1251,0.001229,-0.059,-0.02,0.1074,TRANSLATE2
-23.7864,10.9981,83.5547,0.0615,87.5679,7.6252,0.0166,91.0669,8.0233,0.1017,0.000919,-0.0478,-0.0039,0.0854,TRANSLATE2
-23.9853,17.6173,65.7063,0.0521,72.1317,15.4362,0.0095,86.789,60.2261,0.0827,0.000635,-0.037,0.0106,0.0652,TRANSLATE2
-26.6758,21.9657,48.9369,0.0401,59.9075,12.2242,0.0119,80.9037,168.8175,0.0666,0.000452,-0.0264,0.0232,0.046,TRANSLATE2
-27.3656,22.4757,41.4151,0.0302,54.4908,5.4167,0.0099,73.8582,243.167,0.0524,0.000278,-0.0163,0.0319,0.0274,TRANSLATE2
-25.1394,21.5212,42.154,0.0328,53.592,0.8988,0.0026,65.538,165.0485,0.0433,0.00014,-0.0077,0.035,0.0104,TRANSLATE2
-21.8802,16.1326,40.4638,0.0399,48.7476,4.8445,0.0071,57.7739,64.0878,0.039,5.8e-05,-0.0013,0.0339,-0.003,TRANSLATE2
-20.6886,14.3185,34.546,0.041,42.7372,6.0104,0.0011,51.895,33.518,0.0368,2e-05,0.0028,0.0318,-0.0132,TRANSLATE2
-22.2259,13.2798,30.3712,0.0373,39.9093,2.8279,0.0037,47.8954,33.4123,0.0362,1.7e-05,0.0048,0.0293,-0.0196,TRANSLATE2
-24.9588,13.1395,29.2907,0.0322,40.6637,0.7544,0.0051,45.13,27.5244,0.0366,1.3e-05,0.0051,0.028,-0.023,TRANSLATE2
-24.5545,14.171,30.8419,0.029,41.8923,1.2287,0.0032,42.79,9.8241,0.0359,2.1e-05,0.0041,0.027,-0.0231,TRANSLATE2
-20.9218,17.6524,30.2673,0.0287,40.8098,1.0826,0.0003,41.2025,0.9896,0.0336,2.3e-05,0.0023,0.0259,-0.021,TRANSLATE2
-15.3343,22.4875,27.792,0.0271,38.9002,1.9096,0.0016,40.4351,0.9897,0.0308,1.3e-05,0.0004,0.0245,-0.0179,TRANSLATE2
-10.2831,26.6557,26.1242,0.0224,38.7136,0.1866,0.0047,40.1959,1.47,0.0279,1e-05,-0.0016,0.0233,-0.0138,TRANSLATE2
-5.6139,32.4089,27.2337,0.021,42.7028,3.9893,0.0014,40.6037,2.5168,0.0256,1.1e-05,-0.0038,0.0225,-0.0083,TRANSLATE2
-0.8349,41.4459,25.312,0.0271,48.5711,5.8683,0.0061,41.9395,13.0963,0.0252,9e-06,-0.006,0.0221,-0.0017,TRANSLATE2
-1.6023,54.1067,13.5652,0.0362,55.8043,7.2332,0.0091,44.9384,42.2941,0.0268,2.8e-05,-0.0083,0.022,0.0055,TRANSLATE2
-5.8256,66.2885,-6.1353,0.0345,66.8262,11.0219,0.0018,50.5236,99.623,0.0282,3.8e-05,-0.0099,0.0216,0.0121,TRANSLATE2
-12.0292,72.1339,-24.3301,0.028,77.0711,10.2449,0.0065,58.1951,153.8298,0.0294,3e-05,-0.0109,0.0193,0.0178,TRANSLATE2
-14.6828,73.629,-26.3579,0.0299,79.571,2.4999,0.0019,65.5688,142.8429,0.0311,1.3e-05,-0.0112,0.0133,0.0221,TRANSLATE2
-13.4118,72.3907,-17.3832,0.0409,75.647,3.9241,0.0111,70.9839,76.049,0.0339,2.1e-05,-0.011,0.0042,0.0253,TRANSLATE2
-12.192,72.4938,-7.6722,0.0438,73.9112,1.7358,0.0029,74.6053,18.564,0.0354,3.7e-05,-0.0104,-0.0063,0.0272,TRANSLATE2
-16.8067,70.1638,-4.7377,0.0443,72.304,1.6072,0.0005,75.7009,6.3201,0.0374,4.9e-05,-0.0103,-0.0156,0.0298,TRANSLATE2
-29.7172,70.8498,-17.0058,0.0469,78.6893,6.3853,0.0025,76.0245,7.626,0.0411,3.5e-05,-0.0107,-0.0214,0.0331,TRANSLATE2
-55.0832,79.2642,-29.7515,0.0652,101.0056,22.3163,0.0184,80.3114,111.5436,0.0482,7.6e-05,-0.0117,-0.0251,0.0392,TRANSLATE2
-74.0759,98.7083,-34.2731,0.0771,128.0828,27.0772,0.0118,90.7986,453.6328,0.0554,0.000179,-0.0121,-0.0289,0.0454,TRANSLATE2
-84.8982,119.4385,-29.2185,0.0784,149.4221,21.3394,0.0014,105.9008,855.8646,0.0624,0.00021,-0.0109,-0.0338,0.0507,TRANSLATE2
-92.2061,131.0539,-28.1779,0.0649,162.6994,13.2772,0.0135,123.9798,948.4796,0.0665,0.000129,-0.0081,-0.0396,0.0512,TRANSLATE2
-104.7211,122.4056,-25.8829,0.0757,163.1551,0.4557,0.0108,140.873,559.7941,0.0723,3.5e-05,-0.0043,-0.0498,0.0482,TRANSLATE2
-113.6956,111.5308,-2.1689,0.1033,159.2812,3.8738,0.0276,152.5281,173.8423,0.0799,0.00016,-0.0003,-0.0637,0.0427,TRANSLATE2
-104.9878,103.9652,39.418,0.1022,152.9215,6.3598,0.0011,157.4959,29.6801,0.0849,0.000232,0.0027,-0.0738,0.0379,TRANSLATE2
-106.0996,103.9441,46.1063,0.0681,155.5226,2.6011,0.034,158.7159,15.9333,0.0829,0.000276,0.0053,-0.0749,0.0334,TRANSLATE2
-142.6203,99.0302,15.1413,0.0365,174.2894,18.7668,0.0317,161.034,55.8931,0.0772,0.00061,0.0071,-0.0692,0.0307,TRANSLATE2
-178.2994,97.1523,-24.9182,0.0442,204.5731,30.2837,0.0078,169.3176,365.5068,0.0709,0.000786,0.0086,-0.0622,0.0298,TRANSLATE2
-188.227,111.2156,-29.7221,0.0682,220.6393,16.0662,0.0239,181.5892,721.5534,0.0638,0.000528,0.0091,-0.0556,0.0269,TRANSLATE2
-164.691,123.2037,16.0505,0.0839,206.3005,14.3389,0.0158,192.265,565.3428,0.0602,0.000302,0.0104,-0.0534,0.0184,TRANSLATE2
-130.5809,114.7474,67.8966,0.0692,186.6234,19.6771,0.0147,198.4852,263.0173,0.0604,0.000305,0.0108,-0.0546,0.0063,TRANSLATE2
-108.0491,102.026,92.3423,0.044,174.9601,11.6633,0.0252,198.6193,256.5986,0.0619,0.000242,0.0117,-0.0524,-0.0065,TRANSLATE2
-118.6237,72.7802,83.5176,0.0567,162.3075,12.6526,0.0127,190.1662,441.7629,0.0644,0.000179,0.0123,-0.0401,-0.0204,TRANSLATE2
-148.4021,54.8804,61.936,0.0599,169.9149,7.6075,0.0032,180.0213,235.1435,0.0628,0.000178,0.0141,-0.0188,-0.0314,TRANSLATE2
-174.1873,53.9793,53.6738,0.0722,190.0943,20.1794,0.0123,176.78,106.8115,0.0604,0.0001,0.0152,0.0077,-0.0407,TRANSLATE2
-182.2998,48.6272,46.7828,0.0951,194.3874,4.2931,0.0228,178.3328,147.0258,0.0656,0.000298,0.0159,0.0338,-0.0488,TRANSLATE2
-175.943,46.1018,36.9168,0.1073,185.5914,8.796,0.0122,180.4591,150.7669,0.0782,0.000393,0.0161,0.051,-0.0564,TRANSLATE2
-165.8169,44.0002,35.2397,0.1105,175.1373,10.454,0.0032,183.0251,83.9507,0.089,0.000393,0.0163,0.0593,-0.064,TRANSLATE2
-135.4754,42.1658,56.6699,0.1159,152.7842,22.3532,0.0054,179.5989,220.7393,0.1002,0.000243,0.0165,0.0643,-0.0746,TRANSLATE2
-120.3803,28.4014,68.6953,0.1338,141.4818,11.3024,0.0179,169.8764,394.7647,0.1125,0.00016,0.0169,0.0702,-0.0859,TRANSLATE2
-131.998,6.4898,57.8562,0.1456,144.2669,2.7851,0.0118,159.8523,305.2943,0.1226,0.000216,0.0167,0.0757,-0.0947,TRANSLATE2
-165.5672,-4.4519,27.2412,0.143,167.8523,23.5854,0.0026,156.3045,173.0074,0.1298,0.000201,0.0166,0.082,-0.0987,TRANSLATE2
-197.5256,7.6104,0.8805,0.1274,197.6741,29.8218,0.0156,160.8118,424.0448,0.1332,0.000117,0.0165,0.0868,-0.099,TRANSLATE2
-181.183,22.4945,7.5294,0.1139,182.7292,14.9449,0.0135,166.8009,471.3621,0.1328,0.000131,0.0168,0.0883,-0.0972,TRANSLATE2
-144.6839,32.0238,34.6298,0.1216,152.1781,30.5511,0.0077,168.9401,381.3398,0.1303,0.00015,0.0178,0.0884,-0.0938,TRANSLATE2
-118.769,30.4971,51.8976,0.137,133.1522,19.0259,0.0153,166.7172,510.7997,0.1286,0.000109,0.0201,0.09,-0.0892,TRANSLATE2
-114.9527,23.5321,36.5868,0.15,122.9084,10.2438,0.013,157.7284,813.5856,0.13,0.000157,0.0215,0.0941,-0.0858,TRANSLATE2
-130.3809,15.5944,3.8976,0.1458,131.368,8.4596,0.0042,144.4672,457.5679,0.1337,0.000192,0.0222,0.102,-0.0807,TRANSLATE2
-135.561,11.0755,-19.9694,0.1095,137.4708,6.1028,0.0364,135.4155,92.6281,0.1328,0.00023,0.0216,0.1073,-0.0723,TRANSLATE2
-124.905,9.4136,-18.3662,0.0747,126.5986,10.8722,0.0348,130.2996,25.8065,0.1234,0.000792,0.0193,0.1052,-0.06,TRANSLATE2
-101.4334,6.3558,-2.7992,0.0528,101.6709,24.9277,0.0219,124.0033,148.4568,0.1066,0.001469,0.0159,0.0947,-0.0454,TRANSLATE2
-85.3592,5.4034,10.1669,0.042,86.1322,15.5387,0.0108,116.6481,380.9618,0.085,0.001459,0.0121,0.0779,-0.0294,TRANSLATE2
-79.8405,6.7759,14.0366,0.0432,81.3477,4.7845,0.0012,106.644,486.769,0.0644,0.000645,0.0089,0.06,-0.0143,TRANSLATE2
-74.7162,7.3144,9.9887,0.0442,75.7349,5.6128,0.001,94.2969,335.3329,0.0514,0.000151,0.0065,0.0475,-0.0006,TRANSLATE2
-62.7323,6.1734,3.5566,0.0443,63.1356,12.5993,0.0001,81.6043,159.7558,0.0453,1.5e-05,0.0046,0.039,0.0122,TRANSLATE2
-58.3858,8.8137,4.8453,0.0516,59.2458,3.8898,0.0073,73.1192,107.2065,0.045,1.1e-05,0.0025,0.0321,0.0248,TRANSLATE2
-48.8024,17.0635,5.0387,0.0578,51.9445,7.3013,0.0062,66.2817,116.2611,0.0482,3.2e-05,0.0005,0.0262,0.0359,TRANSLATE2
-41.9451,22.4008,3.4966,0.0552,47.6803,4.2642,0.0026,59.5482,94.7269,0.0506,3.1e-05,-0.0012,0.0192,0.0442,TRANSLATE2
-37.0686,22.6269,2.6035,0.053,43.5067,4.1736,0.0023,53.1026,52.2448,0.0524,2.1e-05,-0.0024,0.0122,0.0498,TRANSLATE2
-28.508,22.339,6.3109,0.0521,36.7636,6.7431,0.0008,47.8282,57.6855,0.0539,5e-06,-0.0026,0.0073,0.053,TRANSLATE2
-13.1126,26.065,12.3581,0.0555,31.6867,5.0769,0.0034,42.3164,53.3424,0.0547,4e-06,-0.0017,0.0049,0.0543,TRANSLATE2
0.313,35.0676,19.7209,0.0568,40.2337,8.547,0.0013,39.9742,30.1841,0.0545,3e-06,0.0005,0.0062,0.0537,TRANSLATE2
14.7785,47.2884,23.7486,0.0599,54.9418,14.7081,0.003,41.4265,61.0038,0.0555,8e-06,0.0037,0.0131,0.0513,TRANSLATE2
25.951,50.4839,12.1426,0.0695,58.0476,3.1058,0.0096,44.3347,106.9328,0.0588,3.5e-05,0.008,0.0254,0.045,TRANSLATE2
35.1764,40.2246,-9.489,0.0786,54.2719,3.7756,0.0092,47.8363,102.9569,0.0641,7.7e-05,0.0128,0.04,0.0356,TRANSLATE2
42.0317,24.2516,-30.5319,0.0686,57.3324,3.0605,0.01,52.9654,42.5218,0.0667,5.9e-05,0.0167,0.0522,0.0254,TRANSLATE2
53.2129,18.395,-40.5505,0.05,69.3854,12.053,0.0185,58.7958,30.032,0.0653,9.4e-05,0.0179,0.0579,0.0174,TRANSLATE2
61.5922,22.7035,-32.8341,0.036,73.3971,4.0117,0.0141,62.4869,56.0767,0.0605,0.000237,0.0161,0.0562,0.0122,TRANSLATE2
71.0488,31.2784,-20.6611,0.0296,80.3315,6.9344,0.0064,66.9436,95.9584,0.0526,0.000349,0.0115,0.0489,0.0103,TRANSLATE2
82.0046,37.329,-8.6101,0.0335,90.5116,10.1801,0.0039,74.1916,122.401,0.0435,0.000204,0.0049,0.0405,0.0099,TRANSLATE2
94.4037,42.6538,-5.085,0.0447,103.7172,13.2057,0.0112,83.4685,153.8451,0.0388,5.7e-05,-0.0014,0.0361,0.0077,TRANSLATE2
109.2761,49.7981,-16.6805,0.0513,121.2409,17.5236,0.0066,93.8396,291.968,0.039,6.3e-05,-0.0062,0.0363,0.002,TRANSLATE2
122.2021,57.0291,-28.1287,0.0457,137.7567,16.5158,0.0056,106.7116,428.4428,0.041,6.6e-05,-0.0091,0.0373,-0.0062,TRANSLATE2
136.5086,65.8576,-30.1749,0.0372,154.5391,16.7825,0.0085,121.5531,526.485,0.0425,4e-05,-0.011,0.0353,-0.0148,TRANSLATE2
153.7662,77.5674,-25.743,0.0466,174.1363,19.5972,0.0093,138.278,607.0449,0.0451,2.1e-05,-0.0117,0.0292,-0.0244,TRANSLATE2
167.5911,80.9883,-16.8788,0.0667,186.8978,12.7615,0.0201,154.9141,564.1706,0.0495,9.4e-05,-0.0112,0.0191,-0.0362,TRANSLATE2
189.4667,67.0656,-3.7968,0.0815,201.0219,14.1242,0.0148,170.8703,507.9776,0.0555,0.000261,-0.0108,0.0074,-0.0492,TRANSLATE2
211.2952,52.2556,3.9282,0.086,217.6965,16.6745,0.0045,186.8583,471.5961,0.0636,0.000363,-0.0102,0.0001,-0.0615,TRANSLATE2
226.4268,31.292,-6.7543,0.0922,228.6786,10.9821,0.0062,201.6862,392.6108,0.0746,0.000267,-0.0085,-0.0006,-0.0736,TRANSLATE2
228.6821,8.1867,-32.6222,0.0911,231.1422,2.4636,0.0011,213.0874,284.3555,0.0835,8.6e-05,-0.0065,0.0012,-0.0826,TRANSLATE2
225.355,-14.7975,-57.5759,0.0879,233.064,1.9218,0.0032,222.3206,141.7364,0.0877,1.5e-05,-0.005,0.0011,-0.087,TRANSLATE2
217.1403,-32.7567,-66.6732,0.0924,229.4956,3.5685,0.0044,228.0154,28.8754,0.0899,6e-06,-0.0031,-0.0024,-0.0886,TRANSLATE2
228.4935,-47.3304,-51.4136,0.1006,238.941,9.4454,0.0082,232.2643,13.3999,0.0928,1.7e-05,-0.0003,-0.0118,-0.0892,TRANSLATE2
263.251,-60.6924,-9.8152,0.1105,270.335,31.394,0.01,240.5956,231.294,0.0965,6.7e-05,0.0036,-0.0244,-0.0904,TRANSLATE2
301.654,-74.5883,35.5853,0.1126,312.7696,42.4346,0.0021,256.9211,988.7186,0.1008,9.4e-05,0.0089,-0.0334,-0.0932,TRANSLATE2
323.8607,-84.305,65.8714,0.109,341.0749,28.3053,0.0036,278.5233,1824.6082,0.105,5.7e-05,0.0156,-0.0361,-0.096,TRANSLATE2
285.4385,-87.4784,55.0846,0.0992,303.5818,37.4931,0.0098,293.3405,1249.9025,0.1064,3e-05,0.025,-0.0299,-0.0959,TRANSLATE2
190.1633,-82.1484,-13.2354,0.0915,207.5708,96.0111,0.0077,287.0665,2089.9666,0.1046,6.4e-05,0.0354,-0.019,-0.0923,TRANSLATE2
68.5619,-80.9406,-104.2696,0.0919,148.7423,58.8285,0.0004,262.7479,5269.3018,0.1008,7.5e-05,0.0453,-0.0145,-0.0848,TRANSLATE2
-14.4255,-91.7712,-157.2876,0.1222,182.673,33.9307,0.0303,236.7286,5374.2588,0.1028,0.000135,0.0536,-0.0258,-0.0733,TRANSLATE2
-25.7248,-129.7295,-147.8426,0.1692,198.3656,15.6926,0.047,208.1867,2676.3313,0.1148,0.000865,0.0603,-0.0517,-0.0605,TRANSLATE2
-4.8111,-188.4242,-98.0334,0.196,212.4556,14.09,0.0268,189.9614,527.7693,0.1342,0.001761,0.0641,-0.0891,-0.0467,TRANSLATE2
-1.8332,-253.1394,-53.5705,0.1988,258.7522,46.2966,0.0028,200.1977,1307.4036,0.1556,0.001772,0.0636,-0.1287,-0.0285,TRANSLATE2
-50.8166,-304.9115,-35.3345,0.2098,311.13,52.3778,0.011,232.6753,2184.2732,0.1792,0.000991,0.0569,-0.1602,0.002,TRANSLATE2
-100.1533,-315.3698,-25.077,0.2641,331.8398,20.7098,0.0543,262.5086,2760.9182,0.2076,0.000976,0.0426,-0.1798,0.0484,TRANSLATE2
-129.9695,-282.5084,2.2603,0.303,310.9793,20.8604,0.039,285.0314,1900.6605,0.2343,0.001787,0.0214,-0.1858,0.1038,TRANSLATE2
-125.8725,-239.7661,29.9363,0.2878,272.4478,38.5315,0.0153,297.0298,734.9175,0.2527,0.001728,-0.003,-0.1785,0.1557,TRANSLATE2
-127.7761,-210.7285,32.6741,0.2591,248.5977,23.8502,0.0287,294.9989,906.8921,0.2647,0.001009,-0.027,-0.1622,0.1969,TRANSLATE2
-141.4553,-179.7453,14.6143,0.2524,229.1976,19.4001,0.0067,278.6125,1452.2963,0.2733,0.000363,-0.0476,-0.1426,0.2233,TRANSLATE2
-161.7642,-134.165,-0.8023,0.2498,210.1631,19.0344,0.0026,254.2771,1230.5197,0.2704,0.000448,-0.0618,-0.1231,0.2304,TRANSLATE2
-171.2582,-81.2695,6.4988,0.2293,189.6743,20.4888,0.0205,230.0161,833.5995,0.2557,0.000356,-0.0672,-0.1058,0.2221,TRANSLATE2
-158.116,-35.1843,43.4646,0.1817,167.7133,21.961,0.0475,209.0692,811.0636,0.2345,0.000794,-0.0653,-0.0928,0.2049,TRANSLATE2
-117.924,-21.4412,75.2873,0.1115,141.5415,26.1719,0.0703,187.658,952.1218,0.2049,0.002827,-0.0572,-0.0792,0.1799,TRANSLATE2
-87.158,-23.6655,80.4611,0.0757,120.9568,20.5846,0.0357,166.0098,1028.1797,0.1696,0.004468,-0.045,-0.0601,0.1497,TRANSLATE2
-70.5826,-19.8605,63.1095,0.0761,96.7427,24.2141,0.0004,143.3257,1083.2947,0.1349,0.003723,-0.0307,-0.0346,0.119,TRANSLATE2
-65.9536,-4.3478,39.1751,0.0752,76.834,19.9087,0.0009,120.7577,1028.5686,0.104,0.001702,-0.0176,-0.0075,0.0921,TRANSLATE2
-64.5004,10.2936,23.5745,0.065,69.4407,7.3933,0.0102,101.1032,727.9875,0.0807,0.000254,-0.0075,0.0166,0.0715,TRANSLATE2
-61.9628,23.8037,12.7439,0.0581,67.59,1.8507,0.0069,86.3129,406.8098,0.07,5.2e-05,-0.0012,0.0332,0.0592,TRANSLATE2
-57.3984,33.9867,4.3045,0.0571,66.8446,0.7455,0.0011,75.4904,125.4464,0.0663,6.6e-05,0.0027,0.0412,0.0501,TRANSLATE2
-50.0156,42.1581,-6.6001,0.0602,65.7451,1.0994,0.0032,69.2909,15.6743,0.0631,4.4e-05,0.0056,0.0453,0.0406,TRANSLATE2
-47.2625,45.2952,-21.2864,0.0607,68.8368,3.0917,0.0005,67.6915,1.7775,0.0602,8e-06,0.0075,0.049,0.0297,TRANSLATE2
-47.2975,46.0612,-32.4416,0.0506,73.5604,4.7236,0.0102,68.5154,7.3756,0.0573,1.3e-05,0.0079,0.0512,0.0208,TRANSLATE2
-47.9973,50.4146,-37.422,0.0376,79.0303,5.4698,0.013,70.8035,24.0816,0.0532,7.4e-05,0.0064,0.05,0.0149,TRANSLATE2
-43.9416,57.7348,-28.172,0.0286,77.8321,1.1982,0.009,73.001,25.9984,0.0475,0.000161,0.0034,0.0454,0.0114,TRANSLATE2
-34.9252,65.7847,-17.8126,0.0263,76.5812,1.2509,0.0022,75.1682,13.3359,0.0408,0.000173,-0.0006,0.0384,0.0099,TRANSLATE2
-22.3995,71.0184,-5.4907,0.0244,74.6693,1.912,0.0019,76.3347,4.0078,0.0335,9.3e-05,-0.0051,0.0298,0.0106,TRANSLATE2
-6.7384,73.721,9.0043,0.0242,74.5739,0.0954,0.0002,76.5373,3.0476,0.0282,2.4e-05,-0.0091,0.0213,0.0126,TRANSLATE2
7.5093,77.3612,25.3785,0.0302,81.7631,7.1892,0.006,77.0839,6.9676,0.0268,5e-06,-0.0125,0.0138,0.0156,TRANSLATE2
18.9043,86.4702,40.659,0.0339,97.4044,15.6413,0.0037,80.9984,74.1172,0.0278,1.4e-05,-0.0146,0.0072,0.0189,TRANSLATE2
26.5328,91.1074,53.6678,0.0316,109.0174,11.6129,0.0023,87.4856,185.1435,0.0289,1.5e-05,-0.0153,0.0007,0.0218,TRANSLATE2
35.6388,95.0703,65.8405,0.0305,121.0102,11.9928,0.0012,96.7538,291.1717,0.0301,1e-05,-0.0141,-0.0045,0.0249,TRANSLATE2
51.1704,94.2062,70.2193,0.0288,128.1561,7.1459,0.0017,107.4702,275.1608,0.031,3e-06,-0.0119,-0.0067,0.0271,TRANSLATE2
58.9457,93.9025,59.5473,0.0362,125.8497,2.3063,0.0074,116.2876,132.8056,0.0322,7e-06,-0.0093,-0.0049,0.0292,TRANSLATE2
54.8316,105.922,30.2097,0.0467,123.039,2.8107,0.0104,121.4145,44.3223,0.0348,4.2e-05,-0.0073,0.0004,0.032,TRANSLATE2
36.3934,126.3595,-13.3728,0.0456,132.1742,9.1352,0.0011,126.0458,15.2896,0.0376,5.5e-05,-0.0058,0.006,0.0351,TRANSLATE2
7.7491,147.3938,-60.5139,0.0328,159.5209,27.3467,0.0128,133.748,175.0111,0.038,5e-05,-0.0053,0.0083,0.036,TRANSLATE2
-14.4164,160.2213,-95.0361,0.0315,186.8437,27.3228,0.0013,145.4855,594.8183,0.0385,4.1e-05,-0.0052,0.0052,0.0354,TRANSLATE2
-7.7268,173.6864,-110.0289,0.0412,205.7499,18.9063,0.0097,161.4655,988.704,0.0395,4e-05,-0.005,-0.0037,0.032,TRANSLATE2
0.0279,182.4741,-114.02,0.0455,215.1682,9.4183,0.0043,179.8914,930.6677,0.0393,3.7e-05,-0.0044,-0.0164,0.024,TRANSLATE2
-11.1808,187.4887,-119.4535,0.0513,222.5896,7.4214,0.0058,197.9745,512.912,0.0404,5.6e-05,-0.0041,-0.0294,0.0122,TRANSLATE2
-35.1134,185.7847,-125.0128,0.0634,226.6652,4.0755,0.0121,211.4033,201.4738,0.0466,0.000113,-0.005,-0.0404,-0.0008,TRANSLATE2
-55.3407,179.5746,-121.9665,0.0755,224.0211,2.644,0.0121,218.8388,57.3938,0.0554,0.000157,-0.0066,-0.0483,-0.0153,TRANSLATE2
-68.8632,169.4128,-112.5388,0.0874,214.7274,9.2938,0.0119,220.6343,23.2871,0.0646,0.000237,-0.0078,-0.0534,-0.031,TRANSLATE2
-75.7031,155.024,-92.8811,0.0981,195.9344,18.793,0.0107,216.7876,124.5309,0.0751,0.000277,-0.0093,-0.0579,-0.0455,TRANSLATE2
-73.8656,135.4442,-58.458,0.0989,164.9806,30.9538,0.0008,205.2657,521.8383,0.0847,0.000186,-0.0113,-0.0615,-0.0566,TRANSLATE2
-85.8862,130.0772,-26.6758,0.0895,158.1396,6.841,0.0094,191.5606,686.5956,0.0899,7.3e-05,-0.0127,-0.0621,-0.0635,TRANSLATE2
-103.7902,129.4993,2.9906,0.0786,165.9862,7.8466,0.0109,179.9536,471.9463,0.0905,5.6e-05,-0.0145,-0.0578,-0.0674,TRANSLATE2
-112.3259,126.4776,21.9456,0.0693,170.5734,4.5872,0.0093,171.1228,169.7186,0.0869,0.000131,-0.0169,-0.0466,-0.0685,TRANSLATE2
-121.5951,125.5508,22.9753,0.0682,176.2845,5.7111,0.0011,167.1929,36.4799,0.0809,0.00014,-0.0177,-0.0302,-0.0674,TRANSLATE2
-148.2198,118.2407,20.9865,0.0724,190.7627,14.4782,0.0042,172.3493,120.0198,0.0756,6.1e-05,-0.0179,-0.0121,-0.0661,TRANSLATE2
-160.5509,103.7113,14.1923,0.0716,191.6613,0.8985,0.0008,179.0536,109.2788,0.072,1.3e-05,-0.018,0.0051,-0.0653,TRANSLATE2
-177.697,81.8003,2.582,0.0627,195.6378,3.9766,0.0089,184.9839,94.9657,0.0688,1.2e-05,-0.0186,0.0163,-0.0629,TRANSLATE2
-198.1701,72.1121,9.1874,0.0472,211.0828,15.4449,0.0155,193.0858,124.0225,0.0644,8.6e-05,-0.0201,0.0183,-0.0572,TRANSLATE2
-214.5767,80.7866,28.2562,0.0451,231.0152,19.9324,0.002,204.032,235.4757,0.0598,0.000136,-0.0237,0.0135,-0.0499,TRANSLATE2
-224.1645,88.8917,41.8393,0.0455,244.7488,13.7336,0.0004,214.8292,415.2537,0.0544,0.000116,-0.0262,0.0086,-0.0437,TRANSLATE2
-229.5816,85.8228,57.6277,0.0545,251.7821,7.0332,0.009,226.8533,436.4256,0.051,4.6e-05,-0.0315,0.0024,-0.0378,TRANSLATE2
-228.0903,99.0207,108.5178,0.0402,271.305,19.5229,0.0142,241.9868,407.713,0.0465,2.1e-05,-0.0335,-0.0022,-0.0314,TRANSLATE2
-193.4628,108.5884,151.0736,0.0321,268.4075,2.8975,0.0082,253.4517,224.8676,0.0435,5.4e-05,-0.031,0.0004,-0.0284,TRANSLATE2
-169.2922,115.4801,184.787,0.0538,275.9379,7.5305,0.0218,262.4362,144.5923,0.0452,7.2e-05,-0.0263,0.0111,-0.0285,TRANSLATE2
-163.7837,127.5747,196.3359,0.0989,285.7415,9.8036,0.045,270.6348,123.4344,0.0559,0.000533,-0.0209,0.0293,-0.0293,TRANSLATE2
-176.6739,144.7567,178.8281,0.1342,290.0821,4.3406,0.0354,278.2948,69.3133,0.0719,0.001506,-0.0108,0.0537,-0.0343,TRANSLATE2
-180.311,148.9428,159.2781,0.153,282.9585,7.1236,0.0188,280.6255,58.4596,0.0944,0.002115,-0.0009,0.0797,-0.0466,TRANSLATE2
-178.0582,137.2699,148.3256,0.175,269.3478,13.6107,0.022,280.8136,54.0056,0.123,0.001819,0.0074,0.1034,-0.0639,TRANSLATE2
-175.4465,108.8159,131.5355,0.1951,244.7937,24.554,0.0201,274.5847,269.9386,0.1512,0.001104,0.0173,0.1242,-0.0823,TRANSLATE2
-165.701,73.2777,104.4221,0.2001,209.1182,35.6755,0.005,259.2601,867.3719,0.1715,0.000623,0.0276,0.1381,-0.0962,TRANSLATE2
-147.4608,46.0816,56.6096,0.1886,164.5382,44.58,0.0115,234.1513,1841.3668,0.1824,0.000286,0.0378,0.1453,-0.1021,TRANSLATE2
-149.5342,25.1777,13.2689,0.1562,152.2185,12.3197,0.0324,208.0033,2023.8158,0.183,0.00025,0.0466,0.1461,-0.0973,TRANSLATE2
-158.2618,14.3485,-20.0255,0.1123,160.1677,7.9492,0.0439,186.1673,1252.0239,0.1705,0.00108,0.0531,0.1376,-0.081,TRANSLATE2
-158.4313,18.5538,-36.636,0.0752,163.6671,3.4994,0.0371,169.9419,402.6018,0.1465,0.002199,0.0557,0.1189,-0.0576,TRANSLATE2
-136.295,19.168,-29.6494,0.0518,140.7936,22.8735,0.0234,156.277,78.8412,0.1168,0.002537,0.0544,0.092,-0.0339,TRANSLATE2
-101.2892,17.2782,-17.4164,0.0462,104.2178,36.5758,0.0056,144.2129,461.6812,0.0884,0.001692,0.05,0.0642,-0.0116,TRANSLATE2
-67.0657,16.3069,-10.9769,0.0481,69.8872,34.3307,0.0019,127.7467,1282.5897,0.0667,0.000627,0.0439,0.041,0.0073,TRANSLATE2
-44.5713,10.9705,-7.8878,0.0524,46.5744,23.3128,0.0042,105.028,1874.0164,0.0548,0.00011,0.0367,0.0249,0.022,TRANSLATE2
-39.3789,10.5014,-11.6508,0.0603,42.3878,4.1866,0.0079,80.7721,1382.7214,0.0518,2.3e-05,0.0293,0.0155,0.0343,TRANSLATE2
-44.5344,13.448,-13.7613,0.0698,48.5132,6.1255,0.0096,62.3161,529.7074,0.0554,7.5e-05,0.0217,0.0101,0.0462,TRANSLATE2
-43.5869,21.8647,-11.159,0.0794,50.024,1.5108,0.0096,51.4773,91.2958,0.062,0.00013,0.0138,0.0048,0.0574,TRANSLATE2
-41.8789,32.6355,-5.7616,0.0799,53.4052,3.3811,0.0005,48.1809,13.3884,0.0683,0.000116,0.0063,-0.001,0.0661,TRANSLATE2
-34.725,40.3521,-0.8999,0.0647,53.244,0.1611,0.0151,49.5149,16.2199,0.0708,6.1e-05,0.0005,-0.006,0.0695,TRANSLATE2
-30.4237,19.9067,1.4769,0.0393,36.3877,16.8564,0.0255,48.3148,39.0853,0.0666,0.00022,-0.0039,-0.0094,0.0654,TRANSLATE2
-26.2671,-6.3965,-1.7247,0.0418,27.0897,9.298,0.0026,44.0301,110.8201,0.061,0.00031,-0.0064,-0.0098,0.0597,TRANSLATE2
-20.1293,-17.3141,-5.4235,0.0564,27.0995,0.0098,0.0145,39.4452,139.9426,0.0564,0.000225,-0.0077,-0.0078,0.0551,TRANSLATE2
0.6278,-10.17,-6.1919,0.0625,11.9232,15.1762,0.0061,31.1488,183.6284,0.0529,0.00011,-0.0078,-0.0046,0.0518,TRANSLATE2
19.6991,2.664,-2.4192,0.0548,20.0251,8.1019,0.0077,24.505,66.596,0.0509,7.9e-05,-0.0071,-0.0005,0.0501,TRANSLATE2
41.1343,9.4718,3.6928,0.0487,42.3719,22.3469,0.0061,25.7019,100.7695,0.0528,4.9e-05,-0.0052,0.0046,0.0517,TRANSLATE2
62.8981,18.4837,9.098,0.0488,66.186,23.8141,0.0001,33.5211,367.0362,0.0542,2.6e-05,-0.002,0.0114,0.0508,TRANSLATE2
83.9622,24.9932,10.0534,0.0549,88.1781,21.9921,0.006,45.7369,807.0415,0.0539,2.5e-05,0.003,0.0209,0.044,TRANSLATE2
93.4573,25.2321,-0.0417,0.0656,96.8035,8.6254,0.0107,62.7129,811.7426,0.0546,3.8e-05,0.0085,0.0328,0.0335,TRANSLATE2
97.7908,23.3107,-14.949,0.0719,101.6361,4.8326,0.0063,79.0351,483.8807,0.058,8.6e-05,0.0132,0.0453,0.023,TRANSLATE2
103.942,23.811,-28.106,0.072,110.2763,8.6402,0.0002,92.616,225.8046,0.0626,8.7e-05,0.0163,0.056,0.0126,TRANSLATE2
125.9255,20.2113,-34.4723,0.0717,132.1138,21.8376,0.0003,105.8016,224.2522,0.0672,4.4e-05,0.0179,0.0633,0.0022,TRANSLATE2
155.5404,13.3909,-38.2216,0.0697,160.7265,28.6127,0.002,120.3113,554.9545,0.0702,6e-06,0.0181,0.0661,-0.0075,TRANSLATE2
177.9136,5.4502,-39.9648,0.067,182.4284,21.7019,0.0027,137.4362,922.8747,0.0705,4e-06,0.0171,0.0648,-0.0163,TRANSLATE2
201.4871,-2.0523,-42.0312,0.0668,205.8346,23.4062,0.0002,158.2759,1167.9192,0.0695,5e-06,0.0153,0.0609,-0.0253,TRANSLATE2
217.7366,-9.3293,-45.5593,0.0722,222.6475,16.8129,0.0054,180.7502,1030.7733,0.0695,5e-06,0.0133,0.056,-0.0354,TRANSLATE2
225.3893,-25.2166,-54.5943,0.0781,233.2739,10.6265,0.0059,200.9822,700.0895,0.0708,1.7e-05,0.0106,0.0502,-0.0457,TRANSLATE2
228.1364,-41.1202,-58.8005,0.0774,239.1539,5.8799,0.0007,216.6677,421.3677,0.0723,2.4e-05,0.007,0.0442,-0.0545,TRANSLATE2
224.8123,-51.5274,-63.5248,0.0718,239.23,0.0762,0.0056,228.028,159.6575,0.0733,1.7e-05,0.0029,0.0384,-0.0608,TRANSLATE2
209.2404,-54.2407,-71.2354,0.065,227.5919,11.6381,0.0068,232.3795,42.251,0.0729,2.2e-05,-0.0018,0.0334,-0.0639,TRANSLATE2
180.5486,-47.43,-88.8884,0.0651,206.7572,20.8347,0.0001,229.2014,144.5087,0.0715,3.2e-05,-0.0062,0.0296,-0.0643,TRANSLATE2
152.4045,-46.3003,-110.4982,0.0747,193.8574,12.8998,0.0095,221.3181,328.8847,0.0708,2.5e-05,-0.0098,0.0262,-0.0647,TRANSLATE2
133.358,-59.0465,-123.0704,0.0849,190.8328,3.0246,0.0102,211.6539,357.7351,0.0723,5.4e-05,-0.0128,0.0208,-0.0673,TRANSLATE2
118.8676,-76.4872,-125.9001,0.0925,189.2898,1.543,0.0077,201.6658,205.9154,0.0765,0.000118,-0.0154,0.0109,-0.0715,TRANSLATE2
110.5722,-92.0991,-109.2138,0.1073,180.6547,8.6351,0.0147,192.2784,71.652,0.0849,0.000211,-0.0175,-0.0056,-0.0772,TRANSLATE2
109.4578,-113.1605,-65.4242,0.1222,170.4894,10.1653,0.0149,185.0248,72.0627,0.0963,0.000281,-0.0208,-0.0271,-0.0827,TRANSLATE2
152.6037,-120.2316,-19.6112,0.1131,195.2643,24.7749,0.0091,185.3062,77.3499,0.104,0.000184,-0.0252,-0.0471,-0.0834,TRANSLATE2
198.8799,-120.354,13.1173,0.1004,232.8312,37.5669,0.0127,193.7059,452.4112,0.1071,0.000104,-0.0298,-0.06,-0.0809,TRANSLATE2
233.8539,-119.4613,21.7688,0.09,263.5005,30.6694,0.0105,208.548,1202.4808,0.1066,0.00012,-0.0323,-0.0633,-0.0782,TRANSLATE2
247.5456,-126.1816,5.7682,0.0911,277.9099,14.4093,0.0012,227.9991,1630.7438,0.1033,0.000157,-0.0321,-0.0605,-0.0761,TRANSLATE2
235.3209,-131.3796,-5.1417,0.0982,269.5607,8.3492,0.0071,247.8133,922.141,0.0986,6.9e-05,-0.0292,-0.0582,-0.0723,TRANSLATE2
222.8098,-124.0318,3.9804,0.124,255.0372,14.5235,0.0258,259.7679,237.3857,0.1007,0.000151,-0.0236,-0.0642,-0.0698,TRANSLATE2
207.6354,-122.7755,27.7593,0.142,242.8103,12.2269,0.018,261.7637,145.7971,0.1091,0.000423,-0.0151,-0.0773,-0.0692,TRANSLATE2
202.0427,-138.011,50.2106,0.1201,249.7786,6.9684,0.0219,259.0193,166.3905,0.1151,0.000338,-0.0068,-0.0908,-0.065,TRANSLATE2
202.4404,-136.1244,48.0778,0.0896,248.6432,1.1354,0.0305,253.166,82.2914,0.1148,0.000352,0.001,-0.0991,-0.0541,TRANSLATE2
176.8773,-126.2433,30.3341,0.0901,219.4154,29.2278,0.0004,243.1369,155.773,0.1132,0.000417,0.0099,-0.102,-0.042,TRANSLATE2
125.4644,-124.9196,7.4798,0.1064,177.2066,42.2088,0.0163,227.5708,754.5084,0.1096,0.00039,0.0189,-0.1004,-0.0299,TRANSLATE2
62.2402,-136.992,-12.1818,0.119,150.9604,26.2462,0.0126,209.2008,1544.4357,0.105,0.000177,0.0265,-0.0977,-0.0136,TRANSLATE2
25.3609,-148.6904,-16.9235,0.1331,151.7842,0.8238,0.0141,189.6019,1490.3423,0.1076,0.000283,0.0313,-0.1008,0.0049,TRANSLATE2
15.9981,-152.6992,0.5143,0.1496,153.5359,1.7517,0.0165,170.5805,691.5045,0.1196,0.000426,0.0325,-0.1095,0.0239,TRANSLATE2
-0.4796,-148.2063,18.7333,0.1412,149.3863,4.1496,0.0084,156.5747,108.2103,0.1299,0.00024,0.0295,-0.1135,0.0437,TRANSLATE2
-42.4681,-144.8869,1.2273,0.1302,150.9876,1.6013,0.011,151.3309,1.8208,0.1346,0.000107,0.023,-0.109,0.0647,TRANSLATE2
-77.6838,-144.022,-10.3557,0.1451,163.9645,12.9769,0.0149,153.9317,26.9509,0.1398,5.3e-05,0.0129,-0.1015,0.0869,TRANSLATE2
-92.7627,-129.8614,6.2311,0.1719,159.7113,4.2532,0.0268,155.5171,30.1958,0.1476,0.000189,0.0012,-0.0925,0.1093,TRANSLATE2
-78.2477,-100.7953,46.8755,0.1712,135.9401,23.7713,0.0007,151.998,93.6783,0.1519,0.000281,-0.0106,-0.0764,0.1268,TRANSLATE2
-58.9637,-69.8363,73.5004,0.1513,117.2866,18.6535,0.0199,145.578,292.0748,0.1539,0.000254,-0.0203,-0.0539,0.1375,TRANSLATE2
-48.5991,-52.0159,50.4878,0.1341,87.2728,30.0137,0.0172,132.8351,803.7382,0.1547,0.000219,-0.0269,-0.0275,0.1405,TRANSLATE2
-54.9543,-38.3658,12.0996,0.1259,68.1052,19.1677,0.0082,113.6632,1080.3615,0.1509,0.000352,-0.0295,0.0012,0.1359,TRANSLATE2
-62.2978,-18.9864,-21.5265,0.1036,68.5922,0.4871,0.0222,95.4394,730.4457,0.1372,0.000524,-0.0282,0.0271,0.1232,TRANSLATE2
-63.4226,4.3609,-37.8931,0.0757,74.009,5.4168,0.0279,83.0532,340.8178,0.1181,0.000685,-0.0238,0.0426,0.1049,TRANSLATE2
-56.4881,22.4293,-33.652,0.0444,69.4726,4.5365,0.0313,73.4904,51.8721,0.0967,0.001095,-0.0184,0.0434,0.0839,TRANSLATE2
-47.9936,32.206,-25.1966,0.0191,63.0514,6.4212,0.0252,68.6461,12.208,0.0737,0.001492,-0.013,0.034,0.0636,TRANSLATE2
-44.3105,39.4241,-22.051,0.0147,63.2766,0.2252,0.0044,67.6804,16.9831,0.0515,0.001151,-0.0074,0.0227,0.0429,TRANSLATE2
-45.6015,42.7862,-25.4658,0.0285,67.5179,4.2413,0.0138,67.4655,16.7759,0.0365,0.000488,-0.0014,0.0162,0.0218,TRANSLATE2
-49.3781,38.3383,-30.782,0.036,69.6818,2.1639,0.0075,66.6001,8.4458,0.0285,0.000117,0.0039,0.0141,0.0024,TRANSLATE2
-54.6619,36.5707,-34.6069,0.0332,74.3167,4.6348,0.0028,67.5689,17.7662,0.0263,6.7e-05,0.0079,0.0151,-0.0113,TRANSLATE2
-59.242,38.5409,-40.1136,0.0294,81.2657,6.9491,0.0038,71.2117,37.9349,0.0284,5.4e-05,0.0094,0.017,-0.0194,TRANSLATE2
-64.5373,40.9765,-46.394,0.0255,89.4234,8.1577,0.0039,76.4411,64.3284,0.0305,1.4e-05,0.0088,0.0176,-0.0229,TRANSLATE2
-69.7455,46.6218,-53.5496,0.0171,99.5268,10.1034,0.0083,82.8429,114.0108,0.0282,4.4e-05,0.0061,0.0163,-0.0216,TRANSLATE2
-77.737,52.7256,-57.8866,0.0118,110.3353,10.8085,0.0053,90.9736,164.4267,0.0234,6.2e-05,0.0021,0.0143,-0.0168,TRANSLATE2
-79.4271,61.9211,-56.3155,0.0149,115.3877,5.0524,0.0031,99.1878,160.6727,0.0197,4.4e-05,-0.0027,0.0119,-0.0102,TRANSLATE2
-72.5042,72.3869,-50.8711,0.0237,114.3879,0.9998,0.0088,105.8122,98.758,0.0186,2.7e-05,-0.0072,0.0096,-0.0022,TRANSLATE2
-63.4284,82.4282,-45.9219,0.028,113.6943,0.6936,0.0042,110.6664,33.9017,0.0191,3.5e-05,-0.0114,0.0066,0.0056,TRANSLATE2
-53.7396,90.1176,-39.5469,0.0355,112.1297,1.5646,0.0075,113.187,3.1585,0.0228,7.4e-05,-0.0153,0.003,0.0134,TRANSLATE2
-46.5979,100.9941,-32.5219,0.0494,115.8829,3.7531,0.0139,114.2965,1.7546,0.0303,0.000135,-0.0192,-0.001,0.0223,TRANSLATE2
-49.1189,115.2546,-29.3769,0.0576,128.683,12.8001,0.0082,116.9556,35.84,0.0388,0.000164,-0.0224,-0.005,0.0304,TRANSLATE2
-53.4295,132.4256,-26.0828,0.065,145.1605,16.4775,0.0074,123.1101,155.7467,0.0471,0.000187,-0.0252,-0.0103,0.0378,TRANSLATE2
-50.5499,148.7936,-22.2006,0.0654,158.7063,13.5458,0.0004,132.1125,310.3904,0.0546,0.000125,-0.0275,-0.0158,0.0442,TRANSLATE2
-40.893,161.5505,-16.5011,0.0635,167.4607,8.7544,0.0019,143.1787,357.9677,0.0602,3.7e-05,-0.0289,-0.0206,0.0484,TRANSLATE2
-29.1519,169.6091,-11.4603,0.0614,172.4773,5.0166,0.0021,154.4976,252.5208,0.0626,8e-06,-0.0291,-0.0246,0.0493,TRANSLATE2
-23.0965,176.8654,-9.0963,0.0605,178.5989,6.1216,0.0009,164.4807,135.7534,0.0632,4e-06,-0.0287,-0.028,0.0485,TRANSLATE2
-23.2397,185.9267,-10.6802,0.0541,187.6776,9.0787,0.0064,172.9842,96.4093,0.061,1.5e-05,-0.0275,-0.0302,0.045,TRANSLATE2
-38.123,196.0508,-13.1785,0.049,200.1573,12.4796,0.0051,181.2744,134.5858,0.0577,2.9e-05,-0.026,-0.0317,0.0402,TRANSLATE2
-48.6172,206.8656,-13.1022,0.0472,212.9053,12.748,0.0018,190.3633,213.9171,0.0544,3.4e-05,-0.0239,-0.0341,0.0332,TRANSLATE2
-62.4469,208.0987,-7.8286,0.0502,217.4074,4.5021,0.003,199.3493,215.4638,0.0522,2.2e-05,-0.0211,-0.0373,0.0231,TRANSLATE2
-79.47,196.7446,3.8996,0.0575,212.2242,5.1832,0.0073,206.0744,117.2744,0.0516,1.4e-05,-0.0177,-0.0415,0.0107,TRANSLATE2
-96.1073,179.6113,18.5353,0.0608,204.5492,7.675,0.0034,209.4487,38.6656,0.0529,2.8e-05,-0.0142,-0.0458,-0.0023,TRANSLATE2
-114.7639,161.3766,26.9376,0.0572,199.8469,4.7023,0.0036,209.3866,39.8346,0.0546,2.6e-05,-0.0109,-0.0487,-0.0142,TRANSLATE2
-138.7112,148.5512,32.4376,0.0529,205.8166,5.9697,0.0043,207.9688,37.8974,0.0557,1.4e-05,-0.0084,-0.0486,-0.0235,TRANSLATE2
-163.0877,138.9847,30.6844,0.0502,216.4622,10.6456,0.0027,207.7798,34.4718,0.0557,1.4e-05,-0.0061,-0.0451,-0.0303,TRANSLATE2
-173.6545,127.1409,23.1007,0.0538,216.4586,0.0036,0.0036,208.6267,44.8684,0.055,1.4e-05,-0.0037,-0.0393,-0.0361,TRANSLATE2
-178.1517,111.7909,20.8149,0.0682,211.3492,5.1094,0.0144,209.9867,41.176,0.0565,4e-05,-0.0008,-0.0346,-0.0426,TRANSLATE2
-178.8776,90.2296,28.7519,0.0761,202.3988,8.9505,0.0079,210.4971,31.8678,0.0602,0.000102,0.0022,-0.0312,-0.0502,TRANSLATE2
-160.0209,67.9149,50.1953,0.0771,180.9383,21.4604,0.0011,205.5214,177.4734,0.0651,0.000125,0.0048,-0.0286,-0.0578,TRANSLATE2
-134.7479,40.4757,68.6812,0.0717,156.5644,24.374,0.0054,193.5419,489.3823,0.0694,7.1e-05,0.006,-0.0245,-0.0641,TRANSLATE2
-129.4984,22.193,67.6075,0.0605,147.7604,8.804,0.0112,179.8022,614.7574,0.0707,3.6e-05,0.0056,-0.0168,-0.0663,TRANSLATE2
-157.0049,19.6138,46.386,0.0537,164.8846,17.1242,0.0067,170.5093,373.8631,0.0678,8.4e-05,0.0039,-0.0059,-0.0636,TRANSLATE2
-186.5008,29.441,29.3307,0.0432,191.0749,26.1904,0.0106,168.2445,249.9352,0.0613,0.000149,0.002,0.005,-0.057,TRANSLATE2
-190.8288,42.4153,24.2239,0.0384,196.9809,5.906,0.0048,171.453,372.5704,0.0535,0.000143,0.0011,0.0149,-0.0489,TRANSLATE2
-185.7255,52.2448,27.7198,0.0454,194.9151,2.0659,0.007,179.1232,379.4982,0.0482,6.2e-05,0.0015,0.0224,-0.042,TRANSLATE2
-173.2586,47.9646,33.9914,0.0541,182.9605,11.9545,0.0088,186.1632,136.1563,0.047,3.8e-05,0.0026,0.0255,-0.0392,TRANSLATE2
-166.0725,32.8842,40.4994,0.0488,174.0737,8.8869,0.0054,188.001,71.454,0.046,2.8e-05,0.0038,0.0264,-0.0374,TRANSLATE2
-165.5236,34.4948,56.6995,0.0304,178.3334,4.2597,0.0183,185.4527,81.7629,0.0434,6.8e-05,0.0045,0.0263,-0.034,TRANSLATE2
-157.2658,47.599,85.4627,0.0243,185.2082,6.8748,0.0062,183.0981,49.651,0.0406,0.000129,0.0045,0.0264,-0.0296,TRANSLATE2
-140.1876,64.5979,114.8483,0.042,192.3944,7.1862,0.0178,182.594,38.753,0.0399,0.000124,0.0046,0.0292,-0.0238,TRANSLATE2
-134.3689,87.8909,145.813,0.0639,216.8899,24.4955,0.0219,189.3799,227.9196,0.0419,0.000195,0.0053,0.0359,-0.0158,TRANSLATE2
-134.7201,106.2627,159.1661,0.0874,234.0408,17.1509,0.0234,201.3733,436.1401,0.0496,0.000539,0.0061,0.0471,-0.0105,TRANSLATE2
-128.5886,111.4289,156.436,0.1071,231.1355,2.9053,0.0197,211.9338,395.6073,0.0649,0.000892,0.0085,0.0633,-0.0106,TRANSLATE2
-118.4333,109.2181,150.2707,0.1202,220.3096,10.8259,0.0131,218.9541,217.5024,0.0841,0.000803,0.0115,0.0824,-0.0116,TRANSLATE2
-101.6717,109.2307,142.2478,0.1319,206.1624,14.1473,0.0117,221.7076,101.5624,0.1021,0.000583,0.0144,0.1002,-0.0123,TRANSLATE2
-88.5248,109.2784,124.8014,0.1467,188.026,18.1363,0.0148,215.9349,290.4857,0.1186,0.000416,0.0171,0.1165,-0.0133,TRANSLATE2
-80.7886,105.9758,93.138,0.1578,162.5803,25.4457,0.0111,201.6428,589.9986,0.1327,0.000328,0.021,0.1301,-0.0146,TRANSLATE2
-74.4903,101.0088,59.3822,0.1439,138.8446,23.7357,0.0139,183.1846,864.0511,0.1401,0.000167,0.0246,0.1369,-0.0155,TRANSLATE2
-60.5766,94.0195,36.7214,0.1198,117.7186,21.1261,0.024,162.6664,1024.5605,0.14,0.00017,0.0279,0.1355,-0.0185,TRANSLATE2
-49.6457,82.8344,25.3584,0.1012,99.8462,17.8723,0.0187,141.4032,983.3291,0.1339,0.00042,0.0312,0.1271,-0.0232,TRANSLATE2
-46.2197,67.6019,13.3367,0.0871,82.9707,16.8755,0.0141,120.3921,789.9958,0.122,0.000682,0.0344,0.1123,-0.0279,TRANSLATE2
-44.0007,52.694,4.1319,0.0677,68.7735,14.1972,0.0194,101.6307,614.934,0.104,0.00069,0.0364,0.0909,-0.03,TRANSLATE2
-38.635,37.8552,2.8024,0.0499,54.1621,14.6114,0.0178,84.6942,501.7686,0.0851,0.000603,0.0373,0.0683,-0.0295,TRANSLATE2
-28.4642,23.8342,8.1075,0.0395,38.0001,16.1619,0.0104,68.7505,465.5134,0.0691,0.000521,0.0372,0.0488,-0.0266,TRANSLATE2
-24.1245,11.4798,6.1641,0.0348,27.4185,10.5816,0.0047,54.265,403.9609,0.0558,0.000373,0.0364,0.0332,-0.0209,TRANSLATE2
-27.9996,7.037,-1.9437,0.0314,28.9357,1.5172,0.0033,43.458,250.6804,0.0447,0.000172,0.0346,0.0205,-0.0128,TRANSLATE2
-29.8309,4.7515,-12.8174,0.0299,32.8138,3.8781,0.0015,36.266,93.4411,0.0371,5.2e-05,0.0323,0.0106,-0.0046,TRANSLATE2
-30.3772,-0.8113,-17.5258,0.0341,35.0798,2.2659,0.0043,32.4496,15.1037,0.0339,1.1e-05,0.0291,0.0024,0.0041,TRANSLATE2
-22.2987,-1.4241,-13.2332,0.0438,25.9687,9.111,0.0097,30.0433,11.5521,0.0348,2.3e-05,0.0254,-0.005,0.0137,TRANSLATE2
-17.1796,-2.0049,-9.4803,0.05,19.7239,6.2448,0.0062,28.5044,29.1039,0.0378,6e-05,0.0209,-0.0124,0.0229,TRANSLATE2
-21.8062,-1.0726,-5.8467,0.0545,22.6018,2.8779,0.0046,27.2376,34.43,0.0425,8.6e-05,0.0159,-0.0188,0.0312,TRANSLATE2
-24.4105,3.345,-4.5524,0.057,25.0557,2.4539,0.0025,25.686,26.7557,0.0479,6.8e-05,0.0108,-0.0225,0.0393,TRANSLATE2
-18.5441,11.2698,-5.1013,0.0538,22.2915,2.7642,0.0032,23.1283,4.87,0.0518,2.1e-05,0.0068,-0.0221,0.0455,TRANSLATE2
-9.1009,13.7471,-3.7435,0.0433,16.9063,5.3853,0.0105,21.3158,7.7142,0.0517,2.3e-05,0.004,-0.0192,0.0472,TRANSLATE2
1.3505,12.8508,-0.2948,0.035,12.9249,3.9813,0.0083,19.956,19.4399,0.0487,6.9e-05,0.0027,-0.0142,0.0461,TRANSLATE2
9.3617,9.6337,-1.1984,0.0307,13.4865,0.5616,0.0043,18.133,23.0872,0.044,0.000104,0.0026,-0.0075,0.0423,TRANSLATE2
12.2175,8.7851,-5.2274,0.0313,15.9302,2.4437,0.0005,16.3079,11.1419,0.0388,7.6e-05,0.0034,-0.0001,0.0369,TRANSLATE2
22.5396,6.8937,-7.2226,0.0308,24.652,8.7218,0.0004,16.78,17.6832,0.0342,2.3e-05,0.0047,0.0072,0.0303,TRANSLATE2
33.5942,4.7618,-8.2999,0.0346,34.9304,10.2784,0.0038,20.3848,70.5728,0.0325,4e-06,0.0061,0.0154,0.0241,TRANSLATE2
48.6003,0.8564,-10.5212,0.0424,49.7335,14.8031,0.0078,27.7465,177.5171,0.034,2e-05,0.0067,0.0241,0.0174,TRANSLATE2
63.6928,-6.0524,-16.2607,0.054,66.0137,16.2802,0.0116,38.252,319.3588,0.0386,7.6e-05,0.0056,0.0332,0.0097,TRANSLATE2
69.2198,-19.0138,-26.2617,0.0679,76.4368,10.4231,0.014,50.3533,364.8808,0.0459,0.000184,0.0029,0.0432,0.002,TRANSLATE2
72.6353,-25.386,-38.1281,0.0765,85.8725,9.4357,0.0086,62.5974,335.1745,0.0551,0.000241,-0.0017,0.0535,-0.0023,TRANSLATE2
72.6488,-22.0776,-49.2025,0.0781,90.4774,4.6049,0.0016,73.7068,214.1222,0.0638,0.000187,-0.0073,0.0624,-0.0035,TRANSLATE2
75.3284,-15.0871,-54.4995,0.0748,94.1923,3.7149,0.0033,82.5985,104.0465,0.0702,7.8e-05,-0.0124,0.0683,-0.0018,TRANSLATE2
81.519,-4.879,-55.0996,0.0684,98.5146,4.3223,0.0063,89.0987,57.447,0.0731,1.8e-05,-0.0156,0.0709,0.0014,TRANSLATE2
94.3808,5.0468,-54.439,0.0627,109.0725,10.558,0.0057,95.6259,62.5696,0.0721,3.3e-05,-0.0161,0.0699,0.0027,TRANSLATE2
105.6703,10.6155,-54.745,0.0587,119.4818,10.4093,0.0041,102.3477,112.1822,0.0685,5.2e-05,-0.0138,0.0661,-0.0003,TRANSLATE2
114.2956,15.1112,-56.8054,0.0507,128.525,9.0432,0.0079,109.9573,163.1464,0.0631,6.7e-05,-0.01,0.0597,-0.0067,TRANSLATE2
124.0677,20.9671,-54.2224,0.0442,137.0127,8.4877,0.0066,118.5213,186.4958,0.0569,7.4e-05,-0.0057,0.0511,-0.0153,TRANSLATE2
129.7729,25.7174,-52.8779,0.0465,142.4727,5.46,0.0023,127.313,143.8824,0.0526,5e-05,-0.0012,0.0403,-0.0255,TRANSLATE2
131.0059,28.2583,-44.8461,0.0547,141.3232,1.1496,0.0082,133.7631,74.9928,0.051,2.8e-05,0.0024,0.0262,-0.0351,TRANSLATE2
156.6141,33.1379,-27.13,0.0697,162.3642,21.041,0.015,142.3396,124.2504,0.0532,8.2e-05,0.0053,0.01,-0.0444,TRANSLATE2
200.76,34.5697,3.7679,0.0926,203.7495,41.3853,0.0229,157.3845,613.9684,0.0615,0.000321,0.008,-0.0067,-0.0556,TRANSLATE2
249.3299,21.3214,38.2799,0.1113,253.1508,49.4014,0.0187,180.6121,1825.6849,0.075,0.000576,0.0101,-0.0214,-0.0691,TRANSLATE2
281.817,3.5071,57.0833,0.1136,287.5616,34.4108,0.0023,209.6298,2980.3718,0.0884,0.000532,0.0119,-0.0299,-0.0819,TRANSLATE2
291.0224,-12.4287,54.026,0.1094,296.2555,8.6939,0.0042,240.6163,2587.8511,0.0993,0.000274,0.0134,-0.0319,-0.0925,TRANSLATE2
285.9523,-19.9898,30.0989,0.102,288.226,8.0294,0.0074,265.7887,1182.8606,0.1058,5.8e-05,0.0145,-0.03,-0.0996,TRANSLATE2
274.54,-24.5637,2.126,0.1,275.6449,12.5811,0.002,280.1678,225.7581,0.1073,2.8e-05,0.0149,-0.0259,-0.1025,TRANSLATE2
271.1476,-27.5541,-20.8054,0.1029,273.337,2.3079,0.0029,284.205,72.8077,0.1056,2.6e-05,0.0153,-0.0228,-0.1018,TRANSLATE2
298.0306,-31.9902,-32.4975,0.1114,301.4991,28.162,0.0085,286.9925,122.6011,0.1051,2e-05,0.0165,-0.0243,-0.1006,TRANSLATE2
340.1245,-49.3328,-28.3886,0.1229,344.854,43.355,0.0115,296.7122,680.5592,0.1078,7.2e-05,0.0177,-0.0324,-0.1004,TRANSLATE2
356.809,-72.7662,-22.0046,0.1217,364.8174,19.9634,0.0012,312.0305,1359.1711,0.1118,8.8e-05,0.0194,-0.0435,-0.0997,TRANSLATE2
340.6409,-89.9317,-30.835,0.1069,353.6591,11.1584,0.0148,327.6333,1197.5284,0.1132,6.3e-05,0.0211,-0.0524,-0.0967,TRANSLATE2
303.8878,-104.4548,-51.2523,0.0963,325.4003,28.2588,0.0106,338.046,500.4841,0.1118,9.7e-05,0.0238,-0.0568,-0.0925,TRANSLATE2
259.8915,-124.2107,-79.405,0.093,298.7926,26.6077,0.0033,337.5047,541.2206,0.1081,0.000155,0.0262,-0.0579,-0.087,TRANSLATE2
239.3476,-160.8154,-100.4896,0.0883,305.3637,6.5711,0.0047,329.6066,674.647,0.1012,0.000142,0.0287,-0.0548,-0.0796,TRANSLATE2
231.2343,-192.7336,-107.9042,0.0847,319.7794,14.4156,0.0036,320.599,364.865,0.0938,5.8e-05,0.0301,-0.0535,-0.0696,TRANSLATE2
219.1562,-210.9088,-94.8202,0.0872,318.5951,1.1843,0.0025,313.5862,97.8953,0.0899,1.8e-05,0.0296,-0.0571,-0.0571,TRANSLATE2
196.0812,-223.2895,-75.2968,0.0875,306.5545,12.0406,0.0003,309.8171,65.6631,0.0881,7e-06,0.0262,-0.0642,-0.0409,TRANSLATE2
148.3431,-222.0504,-60.5937,0.0899,273.8314,32.7231,0.0025,304.8248,275.4267,0.0875,3e-06,0.0194,-0.0719,-0.0187,TRANSLATE2
107.1339,-208.6247,-52.0312,0.0889,240.2273,33.6041,0.0011,291.7975,940.2263,0.0876,3e-06,0.0093,-0.0752,0.0076,TRANSLATE2
81.704,-188.4247,-56.8,0.094,213.086,27.1413,0.0051,270.4588,1567.3909,0.0895,6e-06,-0.0025,-0.0707,0.0326,TRANSLATE2
67.1413,-166.8367,-63.5087,0.1014,190.7244,22.3616,0.0074,244.8847,1721.4531,0.0923,2.5e-05,-0.0145,-0.0627,0.0533,TRANSLATE2
54.013,-153.7662,-60.3726,0.1082,173.7996,16.9247,0.0068,218.3337,1266.4841,0.0965,5.4e-05,-0.0262,-0.0556,0.069,TRANSLATE2
41.9729,-143.0161,-48.7325,0.1159,156.8126,16.987,0.0077,194.93,859.7208,0.1017,9.4e-05,-0.037,-0.0508,0.0786,TRANSLATE2
21.3252,-127.6348,-39.4828,0.1189,135.2934,21.5192,0.003,173.9432,720.2114,0.1077,8.4e-05,-0.0457,-0.0487,0.0839,TRANSLATE2
8.1727,-106.9859,-39.78,0.1131,114.4344,20.8589,0.0058,154.2129,732.7524,0.1115,3.8e-05,-0.0528,-0.0487,0.0848,TRANSLATE2
-0.1025,-87.2075,-41.7584,0.1042,96.6898,17.7446,0.0089,135.406,774.2147,0.1121,2.8e-05,-0.0581,-0.0479,0.0824,TRANSLATE2
-2.5914,-70.3191,-40.5348,0.0918,81.207,15.4829,0.0123,116.8874,723.9703,0.1088,9.6e-05,-0.0616,-0.0455,0.0764,TRANSLATE2
-0.6793,-58.3178,-36.7622,0.0783,68.9412,12.2657,0.0135,99.3132,556.0796,0.1013,0.000215,-0.0623,-0.0424,0.0654,TRANSLATE2
-0.0278,-56.3386,-26.341,0.0745,62.1924,6.7488,0.0038,84.693,359.005,0.0924,0.000217,-0.061,-0.0424,0.0496,TRANSLATE2
-1.2754,-49.6365,-11.5322,0.0712,50.9745,11.2178,0.0033,72.001,248.3944,0.084,0.000151,-0.0583,-0.0442,0.0332,TRANSLATE2
-3.3984,-35.2061,0.0461,0.0651,35.3698,15.6048,0.0061,59.737,244.4496,0.0762,8e-05,-0.0546,-0.0456,0.0171,TRANSLATE2
-10.8094,-22.0836,4.79,0.0589,25.0494,10.3203,0.0062,48.5055,266.756,0.0696,4.8e-05,-0.0499,-0.045,0.0018,TRANSLATE2
-16.5475,-11.8857,6.4476,0.0581,21.3696,3.6798,0.0007,38.9911,239.9806,0.0656,4.2e-05,-0.0453,-0.0421,-0.0111,TRANSLATE2
-23.3193,-4.0648,8.2894,0.0589,25.0803,3.7107,0.0008,31.5687,115.9311,0.0624,2.5e-05,-0.0409,-0.0371,-0.0216,TRANSLATE2
-29.7773,3.8013,11.9065,0.0591,32.294,7.2136,0.0002,27.8326,26.7608,0.06,6e-06,-0.0367,-0.0319,-0.0311,TRANSLATE2
-34.5125,12.2035,16.0408,0.0589,39.9668,7.6728,0.0002,28.752,44.0013,0.0588,0.0,-0.0321,-0.0265,-0.0395,TRANSLATE2
-37.3756,11.4691,19.3358,0.0613,43.6159,3.6491,0.0024,32.4653,71.6578,0.0593,1e-06,-0.0272,-0.0217,-0.0465,TRANSLATE2
-41.7411,6.4034,16.1749,0.0521,45.2211,1.6052,0.0092,37.2356,56.8212,0.0581,1e-05,-0.0225,-0.0167,-0.0494,TRANSLATE2
-51.3741,11.6821,6.9368,0.0417,53.1403,7.9192,0.0104,42.8476,46.3683,0.0546,5.1e-05,-0.0183,-0.0118,-0.049,TRANSLATE2
-68.9399,18.655,-3.8568,0.039,71.5234,18.3831,0.0027,50.6935,126.9948,0.0506,8e-05,-0.0143,-0.0093,-0.0472,TRANSLATE2
-87.4332,19.9053,-10.148,0.039,90.2428,18.7194,0.0,60.7487,315.7048,0.0466,7.7e-05,-0.0112,-0.0097,-0.0434,TRANSLATE2
-104.4934,23.0586,-12.8402,0.0375,107.775,17.5322,0.0015,73.5805,534.6368,0.0418,2.8e-05,-0.0094,-0.0125,-0.0371,TRANSLATE2
-121.6322,22.5156,-14.5034,0.0359,124.546,16.771,0.0016,89.4455,641.584,0.0386,4e-06,-0.0086,-0.0172,-0.0313,TRANSLATE2
-136.7027,24.1531,-13.1621,0.0385,139.4426,14.8966,0.0026,106.706,579.989,0.038,1e-06,-0.0091,-0.024,-0.025,TRANSLATE2
-144.3965,32.2725,-6.8578,0.0439,148.1178,8.6752,0.0054,122.0249,440.747,0.0389,7e-06,-0.0108,-0.0298,-0.0173,TRANSLATE2
-151.9735,44.6399,5.5262,0.0482,158.4904,10.3725,0.0043,135.6743,318.365,0.0408,2.1e-05,-0.0128,-0.0345,-0.0092,TRANSLATE2
-161.9788,54.1494,20.9929,0.0434,172.0755,13.5852,0.0048,148.5345,262.3165,0.042,1.9e-05,-0.0145,-0.0372,-0.0016,TRANSLATE2
-169.3674,63.1945,33.8162,0.0375,183.9087,11.8332,0.0059,160.407,256.5371,0.0423,1.5e-05,-0.0154,-0.0377,0.0062,TRANSLATE2
-179.4283,68.0837,41.7998,0.0309,196.4106,12.502,0.0066,171.8006,298.074,0.0408,3.6e-05,-0.0155,-0.034,0.0125,TRANSLATE2
-184.3364,75.5107,44.7117,0.0378,204.1591,7.7484,0.0069,183.0089,269.6886,0.0396,3.4e-05,-0.0151,-0.027,0.0188,TRANSLATE2
-186.6191,87.2992,47.9287,0.0444,211.5302,7.3711,0.0065,193.6168,199.6216,0.0388,2.3e-05,-0.0148,-0.0183,0.0254,TRANSLATE2
-178.1734,98.7706,55.4336,0.0491,211.1262,0.4039,0.0047,201.427,107.1338,0.0399,3.9e-05,-0.0145,-0.0097,0.0325,TRANSLATE2
-159.4825,108.3571,64.7469,0.0539,203.3915,7.7348,0.0048,205.3235,31.3445,0.0432,6.6e-05,-0.0143,-0.0004,0.0389,TRANSLATE2
-131.7516,114.8076,66.8007,0.0587,187.0871,16.3044,0.0048,203.4588,78.4926,0.0488,5.3e-05,-0.013,0.0087,0.0446,TRANSLATE2
-122.5388,116.2023,56.0499,0.0572,177.9335,9.1536,0.0015,198.2137,181.1918,0.0526,2.8e-05,-0.0111,0.0156,0.0475,TRANSLATE2
-132.5779,115.2806,41.8712,0.0592,180.6093,2.6758,0.002,192.0295,169.4652,0.0556,1.4e-05,-0.0088,0.021,0.0498,TRANSLATE2
-143.3717,124.3464,33.1219,0.065,192.6513,12.042,0.0058,188.3345,82.9527,0.0588,1.3e-05,-0.007,0.0235,0.0529,TRANSLATE2
-144.9505,142.7052,34.9132,0.0622,206.384,13.7327,0.0028,188.933,102.4087,0.0605,8e-06,-0.0046,0.0215,0.0554,TRANSLATE2
-142.3416,159.5954,50.2587,0.0538,219.6765,13.2925,0.0084,195.4509,248.2768,0.0595,1.5e-05,-0.0025,0.0164,0.0559,TRANSLATE2
-133.4546,173.3607,66.2976,0.0452,228.6032,8.9267,0.0086,205.5849,304.0226,0.0571,4.9e-05,0.0008,0.0126,0.0547,TRANSLATE2
-126.2855,184.1354,75.4443,0.0427,235.6814,7.0782,0.0025,216.5993,239.1099,0.0538,7.9e-05,0.005,0.0121,0.0504,TRANSLATE2
-115.2909,193.4615,74.7586,0.0445,237.2934,1.612,0.0019,225.5277,130.3415,0.0497,5.4e-05,0.0102,0.0153,0.0423,TRANSLATE2
-108.5734,201.4848,69.4725,0.0423,239.1876,1.8942,0.0022,232.0885,51.3206,0.0457,1.8e-05,0.0152,0.0203,0.0327,TRANSLATE2
-112.9556,208.5941,63.6092,0.0415,245.5944,6.4067,0.0008,237.272,30.122,0.0432,2e-06,0.0198,0.0258,0.0234,TRANSLATE2
-115.852,218.1159,56.6686,0.0422,253.3921,7.7977,0.0007,242.2298,42.4843,0.0426,1e-06,0.0237,0.0297,0.0153,TRANSLATE2
-112.0316,223.4646,51.6068,0.0444,255.2465,1.8544,0.0022,246.1428,52.4832,0.043,2e-06,0.0274,0.0303,0.0081,TRANSLATE2
-110.694,228.2248,47.3011,0.0508,258.0254,2.7789,0.0065,250.2892,47.8676,0.0442,1.2e-05,0.0318,0.0287,0.0012,TRANSLATE2
-112.7802,227.9642,41.6346,0.0546,257.7218,0.3036,0.0038,253.996,20.5267,0.0467,2.6e-05,0.0365,0.0269,-0.0044,TRANSLATE2
-120.0523,225.9183,30.5577,0.0593,257.6536,0.0682,0.0047,256.4079,3.2676,0.0503,4e-05,0.0409,0.0254,-0.0105,TRANSLATE2
-133.07,217.5565,13.6555,0.0526,255.3917,2.2619,0.0067,256.8078,1.4953,0.0523,2.4e-05,0.0436,0.0231,-0.0156,TRANSLATE2
-147.7591,213.7452,-1.6818,0.048,259.8511,4.4594,0.0046,257.7287,2.012,0.0531,1.4e-05,0.0446,0.019,-0.02,TRANSLATE2
-163.4635,211.5743,-6.5892,0.0451,267.4461,7.595,0.0029,259.6129,17.3299,0.0519,2.5e-05,0.043,0.0122,-0.0228,TRANSLATE2
-174.4833,211.1532,-0.2026,0.0489,273.9163,6.4702,0.0038,262.8517,47.0419,0.0508,2.4e-05,0.0397,0.0028,-0.0257,TRANSLATE2
-163.1773,211.185,21.6191,0.0542,267.7561,6.1602,0.0053,264.8722,42.3659,0.0498,1.1e-05,0.0361,-0.0067,-0.0285,TRANSLATE2
-130.0512,199.6293,45.6297,0.0595,242.5845,25.1716,0.0053,262.3108,117.1775,0.0511,2.6e-05,0.034,-0.0124,-0.0334,TRANSLATE2
-102.616,187.1097,60.0913,0.0664,221.7003,20.8842,0.0069,254.6806,387.5908,0.0548,5.7e-05,0.033,-0.0129,-0.0395,TRANSLATE2
-99.2584,166.0127,65.7449,0.0733,204.2911,17.4092,0.0069,242.0497,703.2792,0.0605,7.5e-05,0.0323,-0.0083,-0.0472,TRANSLATE2
-124.0567,144.3227,57.3272,0.0716,198.7599,5.5312,0.0017,227.0184,649.0437,0.065,5.2e-05,0.0319,0.0024,-0.0531,TRANSLATE2
-165.7547,130.3894,36.118,0.0667,213.9639,15.2039,0.005,216.2599,235.4712,0.0675,2.3e-05,0.0298,0.0149,-0.0557,TRANSLATE2
-210.0507,125.8053,25.985,0.0649,246.2183,32.2545,0.0017,216.9867,275.8477,0.0686,1.1e-05,0.0263,0.0254,-0.0555,TRANSLATE2
-241.1874,125.2473,25.0849,0.072,272.924,26.7057,0.0071,227.2314,792.246,0.0697,1.1e-05,0.0227,0.0342,-0.0544,TRANSLATE2
-255.0124,99.6416,18.8742,0.0923,274.4377,1.5136,0.0203,241.2608,935.8574,0.0735,9.6e-05,0.0195,0.0433,-0.0553,TRANSLATE2
-267.8756,66.8508,15.1837,0.0951,276.5084,2.0708,0.0028,256.8105,581.2795,0.0782,0.000167,0.0175,0.0515,-0.0559,TRANSLATE2
-257.2849,33.8181,9.5157,0.0887,259.6723,16.8361,0.0064,265.9521,132.1811,0.0826,0.000143,0.0164,0.0591,-0.0543,TRANSLATE2
-181.4529,33.2389,14.7751,0.0823,185.0629,74.6094,0.0065,253.7211,1213.311,0.0861,6.8e-05,0.0145,0.0672,-0.0455,TRANSLATE2
-171.5623,30.3192,4.6544,0.0736,174.2829,10.78,0.0087,233.9928,2012.4407,0.0864,6e-05,0.0128,0.072,-0.0375,TRANSLATE2
-166.4436,18.7148,18.6985,0.0652,168.5329,5.75,0.0084,212.8119,2093.6519,0.081,0.000113,0.0109,0.073,-0.0217,TRANSLATE2
-148.7924,13.3999,32.1807,0.0749,152.8212,15.7117,0.0097,188.0745,1390.0374,0.0769,6.4e-05,0.0085,0.0736,-0.0065,TRANSLATE2
-129.0089,2.4168,31.7446,0.0864,132.8791,19.9421,0.0115,162.7158,331.032,0.0765,5.4e-05,0.0063,0.0751,0.0062,TRANSLATE2
-113.5571,-8.7478,19.4082,0.0923,115.5354,17.3438,0.006,148.8103,482.9897,0.0785,9.3e-05,0.0057,0.0763,0.0125,TRANSLATE2
-103.4957,-16.8076,0.1984,0.0853,104.8518,10.6836,0.007,134.9241,546.8621,0.0808,9.2e-05,0.0041,0.0773,0.0217,TRANSLATE2
-99.9372,-24.9836,-18.7288,0.0697,104.7014,0.1504,0.0155,122.1578,340.6547,0.0817,6.7e-05,0.0025,0.0759,0.0278,TRANSLATE2
-100.0716,-28.9994,-25.6205,0.0577,107.2926,2.5912,0.012,113.0521,113.8856,0.0783,0.000162,0.0008,0.0682,0.0341,TRANSLATE2
-92.5042,-34.5776,-22.862,0.0532,101.3672,5.9254,0.0045,106.7497,22.8503,0.0716,0.00023,-0.0006,0.0551,0.0399,TRANSLATE2
-77.4252,-36.6621,-11.4678,0.0552,86.4308,14.9364,0.002,100.9288,56.1009,0.0642,0.000144,-0.0016,0.0396,0.0451,TRANSLATE2
-56.0996,-35.3391,-0.5398,0.0548,66.3046,20.1262,0.0004,93.2193,233.354,0.0581,3.6e-05,-0.0022,0.027,0.0486,TRANSLATE2
-33.2484,-35.9275,-4.61,0.0574,49.168,17.1366,0.0026,82.1126,471.7318,0.0557,3e-06,-0.0026,0.02,0.0512,TRANSLATE2
-17.9831,-37.7482,-18.563,0.0576,45.7483,3.4197,0.0002,69.8038,457.8906,0.0557,3e-06,-0.0028,0.0174,0.0526,TRANSLATE2
-14.5615,-37.0642,-31.9223,0.0605,51.0375,5.2892,0.0028,59.7378,227.7524,0.0571,4e-06,-0.0034,0.0151,0.0546,TRANSLATE2
-9.2429,-30.392,-35.7128,0.0649,47.7966,3.2409,0.0044,52.011,54.0641,0.0591,1.2e-05,-0.0043,0.0109,0.0565,TRANSLATE2
-1.435,-22.348,-25.5953,0.0674,34.0089,13.7876,0.0025,45.5519,36.2969,0.0616,1.6e-05,-0.0056,0.0035,0.0585,TRANSLATE2
11.577,-16.569,-13.8231,0.0649,24.4875,9.5215,0.0025,40.6158,98.0581,0.0631,1.2e-05,-0.0069,-0.0062,0.0597,TRANSLATE2
24.9897,-11.5833,-5.7241,0.0595,28.1323,3.6448,0.0054,37.0926,111.5439,0.0634,9e-06,-0.0082,-0.0144,0.0601,TRANSLATE2
33.3855,-6.5417,-5.5855,0.0529,34.4759,6.3436,0.0066,33.7802,63.0496,0.0619,2.7e-05,-0.0089,-0.0176,0.0584,TRANSLATE2
41.6241,-4.3833,-11.5872,0.0452,43.4285,8.9527,0.0077,32.9066,41.6129,0.058,6.5e-05,-0.009,-0.0164,0.0545,TRANSLATE2
49.0524,-7.9254,-19.9229,0.0388,53.5338,10.1053,0.0065,36.8116,111.2171,0.0523,8.9e-05,-0.0084,-0.0128,0.0495,TRANSLATE2
55.0544,-11.5372,-23.9977,0.0403,61.1554,7.6216,0.0015,44.1452,145.583,0.0473,6.1e-05,-0.0077,-0.0103,0.0453,TRANSLATE2
56.956,-11.3641,-22.0106,0.0426,62.1096,0.9542,0.0023,50.9406,112.6662,0.044,2.5e-05,-0.0071,-0.0103,0.0417,TRANSLATE2
53.4711,-7.6101,-20.0585,0.0369,57.6143,4.4952,0.0057,55.5683,45.9406,0.0407,9e-06,-0.0062,-0.0114,0.0381,TRANSLATE2
48.9487,-8.8818,-23.5843,0.0251,55.0553,2.5591,0.0117,57.8937,11.1111,0.0367,3.7e-05,-0.0049,-0.0121,0.034,TRANSLATE2
50.4215,-10.5367,-30.3518,0.0201,59.7878,4.7325,0.005,59.1445,6.4625,0.033,7.8e-05,-0.0037,-0.0115,0.0304,TRANSLATE2
56.4216,-11.6575,-35.8752,0.014,67.8699,8.0821,0.0061,60.4874,19.0769,0.0277,0.000111,-0.0022,-0.0091,0.0257,TRANSLATE2
59.181,-13.7947,-34.2658,0.0065,69.7627,1.8928,0.0075,62.018,33.414,0.0205,0.000106,-0.0006,-0.0049,0.0193,TRANSLATE2
70.201,-18.1702,-29.8626,0.0165,78.4227,8.66,0.0101,66.1797,66.0389,0.0164,3.9e-05,0.0008,0.0014,0.0131,TRANSLATE2
84.2671,-24.3486,-27.2339,0.0373,91.8449,13.4222,0.0208,73.5376,118.8902,0.0189,0.000105,0.0019,0.0104,0.0072,TRANSLATE2
99.4199,-29.1758,-31.9902,0.0626,108.4386,16.5937,0.0253,83.2677,230.0186,0.0274,0.000415,0.0029,0.0229,0.0007,TRANSLATE2
112.1984,-33.9687,-43.0953,0.0776,124.8982,16.4597,0.015,94.6734,399.1302,0.0401,0.000722,0.0035,0.0383,-0.006,TRANSLATE2
128.29,-39.4156,-51.3669,0.0799,143.7027,18.8045,0.0023,109.4614,537.1107,0.0548,0.000597,0.0029,0.053,-0.0122,TRANSLATE2
150.4039,-41.2637,-51.0091,0.0773,164.0913,20.3886,0.0026,126.5951,647.7508,0.067,0.000258,0.0015,0.0634,-0.0197,TRANSLATE2
176.87,-40.3735,-39.0917,0.0744,185.5833,21.492,0.0029,145.3428,750.6802,0.0744,3.8e-05,-0.0003,0.0673,-0.0283,TRANSLATE2
190.8522,-39.755,-26.6421,0.0796,196.7609,11.1775,0.0052,163.0073,695.0248,0.0778,4e-06,-0.0026,0.0645,-0.0386,TRANSLATE2
194.6256,-40.4697,-16.7668,0.0874,199.4944,2.7336,0.0078,177.9265,448.2432,0.0797,1.9e-05,-0.0043,0.0571,-0.0504,TRANSLATE2
179.9129,-48.6601,-7.1384,0.0976,186.5139,12.9805,0.0102,186.4888,155.426,0.0833,7e-05,-0.0049,0.0472,-0.0641,TRANSLATE2
162.2241,-58.6281,-1.9326,0.1048,172.504,14.0099,0.0072,188.1713,91.3803,0.0888,0.000126,-0.0048,0.0373,-0.0776,TRANSLATE2
152.6918,-65.8368,0.5539,0.1067,166.2816,6.2224,0.0019,184.311,170.9704,0.0952,0.000107,-0.0053,0.0293,-0.0889,TRANSLATE2
160.2409,-65.8413,-1.0163,0.1082,173.2434,6.9618,0.0015,179.6075,142.3457,0.1009,5.9e-05,-0.0063,0.0225,-0.0975,TRANSLATE2
175.1302,-62.5825,-4.3099,0.1159,186.0262,12.7828,0.0077,176.9138,64.2317,0.1066,3.4e-05,-0.0074,0.016,-0.1048,TRANSLATE2
181.0167,-60.3253,-4.5979,0.1193,190.8595,4.8333,0.0034,177.7829,83.9403,0.111,3.2e-05,-0.0081,0.0089,-0.1098,TRANSLATE2
181.1384,-55.1915,-3.0721,0.1228,189.3849,1.4745,0.0035,181.1591,93.8895,0.1146,3.9e-05,-0.0085,0.0005,-0.1133,TRANSLATE2
176.1232,-46.3438,0.358,0.1285,182.1188,7.2661,0.0057,184.3266,39.7731,0.1189,4.6e-05,-0.0082,-0.0095,-0.117,TRANSLATE2
160.0642,-34.8376,3.1457,0.1373,163.8417,18.2771,0.0088,182.4462,95.5963,0.1247,5.7e-05,-0.0069,-0.0205,-0.1218,TRANSLATE2
142.8263,-30.3888,5.7697,0.1424,146.1374,17.7043,0.0051,174.4684,293.0547,0.13,7.5e-05,-0.0054,-0.0289,-0.1262,TRANSLATE2
130.9892,-36.3329,-4.278,0.1395,136.002,10.1353,0.0029,163.4969,414.8812,0.1341,5.4e-05,-0.0038,-0.0335,-0.1296,TRANSLATE2
136.0632,-43.8163,-20.838,0.1253,144.4552,8.4531,0.0142,154.511,272.6145,0.1346,4.3e-05,-0.0024,-0.0365,-0.1294,TRANSLATE2
152.2318,-42.3468,-35.0329,0.122,161.849,17.3938,0.0033,150.457,114.5108,0.1333,6.6e-05,0.0009,-0.0402,-0.1266,TRANSLATE2
158.9948,-57.2618,-38.6076,0.137,173.346,11.497,0.015,152.3579,179.8485,0.1332,6.5e-05,0.0055,-0.0464,-0.1233,TRANSLATE2
146.7459,-88.1376,-40.8392,0.143,175.9842,2.6382,0.0061,158.3273,248.1165,0.1334,6.8e-05,0.0125,-0.0563,-0.1177,TRANSLATE2
121.0905,-121.9757,-43.2526,0.1469,177.2336,1.2495,0.0039,166.5736,151.9216,0.1348,9.5e-05,0.0216,-0.0696,-0.1104,TRANSLATE2
98.2067,-176.7649,-38.6677,0.1421,205.8776,28.644,0.0048,178.8581,212.1295,0.1382,7.6e-05,0.032,-0.0837,-0.1015,TRANSLATE2
103.6373,-224.0151,-24.131,0.1226,248.0035,42.1259,0.0194,196.089,813.582,0.1383,7.1e-05,0.0405,-0.095,-0.0839,TRANSLATE2
130.1192,-246.1214,-6.7017,0.1162,278.481,30.4775,0.0064,217.116,1625.6873,0.1342,0.000151,0.0462,-0.1002,-0.0535,TRANSLATE2
156.2141,-246.2659,11.9261,0.1314,291.8766,13.3956,0.0152,240.2945,1867.9104,0.1319,0.000132,0.0487,-0.1019,-0.0158,TRANSLATE2
154.2994,-245.4534,27.2003,0.1477,291.1967,0.68,0.0162,263.0871,1071.2795,0.132,0.000137,0.0476,-0.0999,0.0263,TRANSLATE2
101.1708,-239.2721,30.1102,0.1736,261.5211,29.6756,0.026,274.2158,293.3374,0.1383,0.000423,0.0439,-0.0922,0.0724,TRANSLATE2
34.7647,-218.6645,17.1319,0.1879,222.0726,39.4484,0.0143,269.0296,672.8059,0.1514,0.000695,0.0389,-0.0777,0.1131,TRANSLATE2
-7.5226,-207.0879,-2.2632,0.1941,207.2368,14.8358,0.0062,254.7808,1215.5808,0.1669,0.000571,0.0327,-0.0589,0.1443,TRANSLATE2
-21.0618,-207.0516,-27.8262,0.1985,209.972,2.7352,0.0044,238.3999,1073.5903,0.1803,0.000338,0.0244,-0.0361,0.1679,TRANSLATE2
-24.1651,-201.0131,-49.4828,0.2124,208.4197,1.5523,0.0139,221.8445,421.7698,0.1933,0.000161,0.0131,-0.014,0.1878,TRANSLATE2
-33.3258,-175.098,-70.3956,0.2253,191.6389,16.7808,0.0129,207.868,94.0571,0.2036,0.000182,-0.0003,0.0022,0.2013,TRANSLATE2
-42.5919,-131.7597,-84.7603,0.2205,162.3545,29.2844,0.0048,195.9244,325.3486,0.2101,0.000147,-0.0145,0.0084,0.208,TRANSLATE2
-49.4173,-84.7015,-82.427,0.1978,128.1039,34.2506,0.0226,180.0978,969.1971,0.2109,0.000125,-0.027,0.0042,0.2075,TRANSLATE2
-44.4619,-51.7393,-66.9916,0.1658,95.6122,32.4917,0.032,157.2258,1695.1404,0.2044,0.000458,-0.0362,-0.0071,0.1991,TRANSLATE2
-38.0727,-30.8164,-49.9683,0.1375,69.9715,25.6407,0.0284,129.5362,1926.9261,0.1894,0.001115,-0.0416,-0.0184,0.1822,TRANSLATE2
-32.7769,-9.9719,-41.0684,0.1156,53.4825,16.489,0.0218,101.9049,1548.9229,0.1674,0.001464,-0.0429,-0.027,0.1585,TRANSLATE2
-35.0059,11.9162,-36.0453,0.0927,51.6398,1.8426,0.023,79.762,833.0986,0.1419,0.001367,-0.0411,-0.0326,0.1311,TRANSLATE2
-42.4547,24.5486,-29.9519,0.0732,57.4643,5.8245,0.0195,65.6341,265.549,0.117,0.001063,-0.0378,-0.0352,0.1039,TRANSLATE2
-55.5044,35.4451,-22.1615,0.0629,69.4855,12.0211,0.0103,60.4087,61.4738,0.0964,0.000745,-0.0338,-0.036,0.081,TRANSLATE2
-67.1441,45.7405,-14.8667,0.0505,82.5927,13.1072,0.0125,62.933,135.2382,0.079,0.000527,-0.0295,-0.0364,0.0614,TRANSLATE2
-74.2528,53.5799,-9.3746,0.0392,92.0444,9.4517,0.0113,70.6453,227.3901,0.0637,0.000341,-0.0256,-0.0355,0.0447,TRANSLATE2
-80.3398,57.8983,-7.4028,0.0343,99.305,7.2606,0.0049,80.1784,228.5451,0.052,0.00021,-0.0231,-0.0323,0.0327,TRANSLATE2
-85.9187,66.3436,-6.5379,0.0425,108.7485,9.4435,0.0083,90.4352,183.4077,0.0459,0.000101,-0.0228,-0.0269,0.0278,TRANSLATE2
-86.6943,83.5343,-3.0397,0.0522,120.4289,11.6804,0.0097,100.6239,171.7442,0.0437,4.6e-05,-0.0241,-0.0213,0.0277,TRANSLATE2
-78.9398,106.6337,9.3339,0.0555,133.0014,12.5725,0.0033,110.7056,214.7375,0.0447,6.4e-05,-0.0258,-0.018,0.0306,TRANSLATE2
-60.0675,129.0163,38.0484,0.0508,147.3126,14.3112,0.0047,121.7593,290.9195,0.0471,5.9e-05,-0.0265,-0.0181,0.0337,TRANSLATE2
-28.0915,143.7568,71.1856,0.0372,162.8574,15.5448,0.0136,134.4698,366.336,0.0477,4.6e-05,-0.025,-0.0198,0.0343,TRANSLATE2
-4.6794,154.4679,90.9203,0.0079,179.3007,16.4433,0.0293,148.5802,436.8784,0.0407,0.000308,-0.0198,-0.0176,0.0298,TRANSLATE2
0.3189,155.115,84.9113,0.0242,176.8352,2.4655,0.0163,159.8615,310.7815,0.0351,0.000305,-0.0121,-0.0111,0.0193,TRANSLATE2
-10.7511,142.3389,52.5571,0.0369,152.1124,24.7228,0.0127,163.6837,163.8889,0.0314,0.000209,-0.004,-0.0012,0.0068,TRANSLATE2
-37.6384,131.3336,16.9801,0.026,137.6716,14.4408,0.0109,161.7555,241.8934,0.0265,0.000115,0.0027,0.0082,-0.003,TRANSLATE2
-73.4482,132.1106,-6.3659,0.0066,151.2891,13.6174,0.0194,159.4418,258.2066,0.0203,0.000133,0.0066,0.0129,-0.0082,TRANSLATE2
-101.4554,143.5354,-14.4271,0.0174,176.3625,25.0735,0.0108,158.8542,236.2483,0.0222,0.0001,0.0073,0.0097,-0.01,TRANSLATE2
-103.7925,162.1283,-6.5323,0.0232,192.6165,16.254,0.0058,162.0105,389.6025,0.022,0.0001,0.0064,0.0019,-0.0099,TRANSLATE2
-89.3465,163.6433,-2.0196,0.04,186.4564,6.1601,0.0168,168.8792,442.3489,0.0226,0.00012,0.0062,-0.0072,-0.013,TRANSLATE2
-82.8053,147.0865,-0.1094,0.0552,168.7933,17.6631,0.0152,175.1036,208.8254,0.0285,0.000295,0.0069,-0.0147,-0.0204,TRANSLATE2
-85.8536,123.0098,-4.2875,0.0541,150.0688,18.7245,0.0011,174.8595,220.6877,0.038,0.000241,0.0079,-0.0172,-0.0299,TRANSLATE2
-103.4579,101.9922,-17.1113,0.044,146.2831,3.7857,0.0101,168.8436,347.3671,0.0433,0.000135,0.0085,-0.0166,-0.0379,TRANSLATE2
-136.3382,96.1094,-29.339,0.0345,169.3691,23.086,0.0095,164.1941,212.7743,0.0456,6.4e-05,0.0082,-0.0162,-0.0415,TRANSLATE2
-160.4331,96.2782,-35.115,0.0366,190.3715,21.0024,0.0021,164.9772,250.0904,0.0449,7.4e-05,0.0064,-0.0172,-0.0404,TRANSLATE2
-175.8496,96.1538,-34.5076,0.0464,203.3701,12.9986,0.0098,171.8925,494.159,0.0431,5e-05,0.0035,-0.0191,-0.0379,TRANSLATE2
-185.0672,92.0574,-27.1373,0.0584,208.4727,5.1026,0.012,183.5733,530.0848,0.044,7.2e-05,0.0022,-0.0224,-0.0374,TRANSLATE2
-192.185,85.7022,-5.6849,0.0582,210.5048,2.0321,0.0002,196.4176,232.057,0.0468,0.000104,0.0017,-0.0262,-0.0387,TRANSLATE2
-209.9668,80.168,11.0271,0.0397,225.0212,14.5164,0.0185,207.548,125.4794,0.0479,8.3e-05,0.0014,-0.0257,-0.0401,TRANSLATE2
-239.9297,78.9438,8.0967,0.0306,252.7131,27.6919,0.0091,220.0164,318.9902,0.0467,0.000116,0.0011,-0.0177,-0.0392,TRANSLATE2
-269.8531,85.2988,-11.8258,0.0405,283.2603,30.5472,0.0099,235.9944,808.2326,0.0455,0.000122,0.0013,-0.0049,-0.0348,TRANSLATE2
-292.6544,98.7359,-31.4856,0.041,310.4621,27.2017,0.0005,256.3923,1349.7561,0.042,8e-05,-0.0003,0.009,-0.0282,TRANSLATE2
-284.086,108.4949,-42.5697,0.0334,307.0638,3.3983,0.0076,275.7041,1069.1975,0.0371,1.8e-05,-0.0022,0.0195,-0.0239,TRANSLATE2
-262.6157,101.8835,-30.612,0.0388,283.3449,23.7189,0.0053,287.3688,431.0562,0.0369,1.7e-05,-0.0054,0.0201,-0.0231,TRANSLATE2
-235.4363,92.3505,2.0291,0.046,252.909,30.4359,0.0072,287.408,428.3464,0.0399,1.6e-05,-0.0105,0.011,-0.0234,TRANSLATE2
-206.7178,87.496,39.9327,0.0396,227.9965,24.9125,0.0064,276.3553,1008.6876,0.0398,1.6e-05,-0.0169,-0.0006,-0.0224,TRANSLATE2
-194.3024,100.5125,69.3805,0.031,229.4991,1.5025,0.0086,260.1627,952.9332,0.0378,2.7e-05,-0.0223,-0.008,-0.0206,TRANSLATE2
-184.7856,115.8787,85.4607,0.046,234.2587,4.7596,0.015,245.6016,435.1693,0.0403,3.1e-05,-0.0251,-0.0053,-0.0202,TRANSLATE2
-186.7535,110.9592,81.1685,0.0756,231.899,2.3597,0.0296,235.3125,81.944,0.0476,0.000226,-0.0245,0.0082,-0.0234,TRANSLATE2
-196.0497,96.2268,70.2129,0.0929,229.4012,2.4978,0.0173,230.6109,4.9,0.057,0.000547,-0.022,0.027,-0.0309,TRANSLATE2
-211.671,78.9283,52.1016,0.0969,231.838,2.4368,0.004,231.3792,3.2439,0.0685,0.000672,-0.0172,0.0445,-0.0427,TRANSLATE2
-225.2806,55.9458,51.2344,0.0889,237.7104,5.8724,0.0079,233.0215,7.8566,0.0801,0.00034,-0.0132,0.0553,-0.0553,TRANSLATE2
-219.3214,35.3629,54.1563,0.0811,228.6598,9.0506,0.0079,231.9017,10.1015,0.0871,6e-05,-0.0108,0.0583,-0.0633,TRANSLATE2
-206.4133,17.9872,64.9813,0.0736,217.1464,11.5133,0.0075,228.9512,44.9395,0.0867,7e-05,-0.0099,0.056,-0.0651,TRANSLATE2
-190.8619,3.2272,73.1381,0.0721,204.4208,12.7256,0.0015,223.9551,140.2857,0.0825,8.7e-05,-0.008,0.0523,-0.0632,TRANSLATE2
-174.3458,-11.8088,84.3386,0.0811,194.0333,10.3876,0.009,216.3941,249.7526,0.0794,3.7e-05,-0.0066,0.0512,-0.0598,TRANSLATE2
-159.6829,-15.2096,95.7397,0.0944,186.8048,7.2285,0.0133,206.213,230.3265,0.0804,6.2e-05,-0.0046,0.0568,-0.0551,TRANSLATE2
-144.44,-17.0677,105.6917,0.1118,179.7915,7.0133,0.0174,196.4394,173.6504,0.0866,0.000222,-0.0029,0.0684,-0.0492,TRANSLATE2
-165.7364,-16.6604,84.8878,0.1508,186.9547,7.1632,0.039,190.401,69.4241,0.102,0.000773,-0.0003,0.0891,-0.044,TRANSLATE2
-155.5454,-25.3283,30.329,0.1537,160.4859,26.4688,0.0029,181.614,131.8844,0.1184,0.000862,0.0013,0.1101,-0.0345,TRANSLATE2
-137.1894,-30.4064,-14.0306,0.1162,141.2174,19.2686,0.0375,171.0509,315.8344,0.1254,0.000535,0.0018,0.1207,-0.0198,TRANSLATE2
-105.814,-22.247,-28.4432,0.0872,111.8059,29.4115,0.029,156.0511,743.1968,0.1239,0.000633,0.0015,0.1189,-0.0011,TRANSLATE2
-71.4419,-11.0913,-21.9577,0.0787,75.5586,36.2473,0.0085,135.2045,1491.7043,0.1173,0.000969,0.001,0.1071,0.0184,TRANSLATE2
-44.5566,-4.1856,-14.4099,0.0817,47.0155,28.5431,0.003,107.2167,1728.2283,0.1035,0.000808,-0.0004,0.084,0.04,TRANSLATE2
-30.2984,6.7609,-11.3561,0.0839,33.0555,13.96,0.0021,81.7306,1611.14,0.0895,0.000185,-0.0019,0.0586,0.0571,TRANSLATE2
-20.7856,15.4525,-18.2286,0.0784,31.6718,1.3837,0.0055,59.8214,924.5706,0.082,1.1e-05,-0.0025,0.0391,0.0683,TRANSLATE2
-11.9691,19.5214,-22.0922,0.072,31.8184,0.1466,0.0064,43.824,285.0081,0.0789,1.6e-05,-0.0022,0.0242,0.0732,TRANSLATE2
-5.5315,20.2796,-17.9519,0.074,27.6429,4.1755,0.0019,34.2408,44.1195,0.078,2e-05,-0.0013,0.0106,0.0749,TRANSLATE2
-0.2877,24.1237,-5.0397,0.0826,24.6461,2.9968,0.0086,29.7669,9.8771,0.0782,2.1e-05,-0.0001,-0.0029,0.0747,TRANSLATE2
5.7729,31.0521,10.9151,0.0815,33.417,8.7709,0.0011,29.8393,10.3736,0.0777,1.7e-05,0.0016,-0.0157,0.0732,TRANSLATE2
7.4996,33.6666,19.9165,0.0739,39.8291,6.412,0.0077,31.4707,26.9995,0.0768,1.9e-05,0.0033,-0.0261,0.0708,TRANSLATE2
10.8497,33.3646,25.2801,0.0678,43.2434,3.4143,0.0061,33.7557,49.4734,0.076,3e-05,0.005,-0.032,0.0684,TRANSLATE2
14.8891,32.4385,25.8803,0.0644,44.0878,0.8444,0.0034,37.0447,52.5332,0.0741,5.2e-05,0.0066,-0.0337,0.0655,TRANSLATE2
17.1488,34.8602,27.0292,0.0639,47.3275,3.2397,0.0006,41.581,22.358,0.0703,4.4e-05,0.009,-0.0321,0.0618,TRANSLATE2
20.7534,40.0225,31.7359,0.059,55.1332,7.8057,0.0048,45.9242,26.8971,0.0658,2.4e-05,0.0116,-0.0304,0.0569,TRANSLATE2
23.9777,39.0774,36.4637,0.0483,58.5797,3.4464,0.0108,49.6743,37.4357,0.0607,4.6e-05,0.015,-0.0282,0.0508,TRANSLATE2
25.5197,32.2744,37.9928,0.0365,56.0031,2.5766,0.0118,52.2263,30.6626,0.0544,0.000114,0.0188,-0.0246,0.0429,TRANSLATE2
27.4314,23.1445,34.0599,0.0328,49.4796,6.5236,0.0036,53.3046,17.7617,0.0481,0.000147,0.023,-0.0187,0.034,TRANSLATE2
30.3076,19.6469,26.5323,0.0326,44.8164,4.6631,0.0002,52.8024,24.7742,0.0418,0.000107,0.0263,-0.0114,0.0243,TRANSLATE2
41.043,17.6863,21.9071,0.0323,49.772,4.9555,0.0003,51.7302,24.3747,0.0365,3.7e-05,0.0287,-0.0033,0.0143,TRANSLATE2
51.4781,15.0021,24.4507,0.036,58.9313,9.1593,0.0037,51.8005,25.3578,0.0341,3e-06,0.0294,0.0042,0.0039,TRANSLATE2
59.8575,11.4048,30.898,0.0498,68.3204,9.3891,0.0138,54.2639,70.3383,0.0367,4.5e-05,0.0287,0.0119,-0.0072,TRANSLATE2
66.9579,8.7832,35.7684,0.0714,76.4191,8.0987,0.0216,59.6518,134.9012,0.0444,0.000223,0.0273,0.0206,-0.0198,TRANSLATE2
64.835,1.9797,24.4772,0.0942,69.3299,7.0892,0.0228,64.5545,85.58,0.0567,0.000538,0.0261,0.0308,-0.035,TRANSLATE2
43.7899,-9.3881,8.6099,0.1076,45.6051,23.7248,0.0134,63.7212,112.9969,0.0718,0.000709,0.0247,0.0417,-0.051,TRANSLATE2
31.4757,-17.2042,-4.5089,0.1142,36.1529,9.4521,0.0066,59.1655,239.6556,0.0874,0.000568,0.0233,0.0529,-0.065,TRANSLATE2
38.1149,-16.8228,-10.0759,0.1177,42.8635,6.7105,0.0035,54.0741,250.1221,0.101,0.000284,0.0221,0.0616,-0.0767,TRANSLATE2
63.0232,-21.4801,-5.9826,0.1285,66.8514,23.9879,0.0107,52.1606,179.2523,0.1124,0.000129,0.0213,0.0684,-0.0865,TRANSLATE2
88.1936,-32.1403,-8.0892,0.1336,94.2154,27.364,0.0052,57.1376,449.2451,0.1203,9e-05,0.0205,0.0748,-0.0918,TRANSLATE2
101.8173,-43.1716,-22.6495,0.1335,112.8874,18.672,0.0001,70.5941,863.1752,0.1255,6.6e-05,0.0194,0.0827,-0.0915,TRANSLATE2
104.3914,-46.3748,-47.104,0.124,123.5596,10.6722,0.0096,88.0754,881.4075,0.1275,3.7e-05,0.0175,0.0906,-0.0854,TRANSLATE2
114.5162,-35.9311,-73.3426,0.1104,140.6561,17.0965,0.0136,107.634,642.9925,0.126,7.4e-05,0.0147,0.0969,-0.0757,TRANSLATE2
149.0599,-24.2886,-90.3647,0.0935,175.9959,35.3398,0.0169,129.4629,768.5186,0.119,0.000235,0.0112,0.0969,-0.0659,TRANSLATE2
206.0635,-24.9622,-84.998,0.0718,224.2988,48.3029,0.0217,155.4795,1641.9437,0.1066,0.000485,0.0078,0.0874,-0.0582,TRANSLATE2
267.2477,-25.7853,-60.9421,0.0621,275.3183,51.0195,0.0097,187.9657,3096.0376,0.0923,0.000533,0.0053,0.0697,-0.054,TRANSLATE2
316.195,-28.6939,-33.3225,0.0622,319.2382,43.9199,0.0001,227.1015,4181.2939,0.08,0.000362,0.004,0.0487,-0.0548,TRANSLATE2
306.056,-43.1145,-30.7673,0.0661,310.6055,8.6327,0.0039,261.0913,2926.0078,0.0711,0.000137,0.0037,0.0309,-0.0588,TRANSLATE2
266.1167,-57.176,-62.4358,0.0628,279.2587,31.3468,0.0033,281.7439,1117.244,0.065,1.4e-05,0.0038,0.0194,-0.0605,TRANSLATE2
228.4527,-62.9095,-100.3049,0.0564,257.3117,21.947,0.0064,288.3465,533.048,0.0619,1e-05,0.0042,0.0118,-0.0603,TRANSLATE2
203.4278,-66.9276,-124.3189,0.0626,247.6234,9.6883,0.0062,282.8075,800.0942,0.062,1e-05,0.0058,0.0034,-0.0595,TRANSLATE2
191.5204,-67.4327,-120.3176,0.0888,236.016,11.6074,0.0262,266.163,695.5066,0.0673,0.000125,0.009,-0.0115,-0.057,TRANSLATE2
182.1944,-67.7118,-94.1728,0.1082,215.982,20.034,0.0195,247.2384,445.9645,0.0758,0.000389,0.0134,-0.0334,-0.052,TRANSLATE2
138.9555,-74.6663,-84.7289,0.1035,179.0606,36.9214,0.0047,227.1987,768.9604,0.0839,0.000443,0.02,-0.0564,-0.0453,TRANSLATE2
83.4957,-90.0174,-105.7019,0.094,162.011,17.0496,0.0095,208.1386,1074.2019,0.0914,0.000255,0.0272,-0.0743,-0.035,TRANSLATE2
37.6184,-122.3796,-143.8365,0.0938,192.5639,30.5529,0.0002,197.1267,689.6437,0.0977,5.1e-05,0.0319,-0.0856,-0.0184,TRANSLATE2
67.9666,-142.7005,-162.6754,0.1367,226.8176,34.2537,0.0429,195.287,560.0933,0.1072,0.000247,0.0336,-0.0923,0.0082,TRANSLATE2
119.7702,-140.3261,-137.1497,0.208,229.8833,3.0658,0.0713,198.0673,706.0881,0.1272,0.001878,0.0315,-0.1043,0.0432,TRANSLATE2
163.6036,-119.2671,-78.6104,0.2409,217.1875,12.6959,0.0329,205.6926,648.8072,0.1547,0.003595,0.0251,-0.1204,0.0814,TRANSLATE2
180.6548,-97.9637,-42.904,0.2278,209.9376,7.2499,0.013,215.278,178.9151,0.1814,0.003214,0.0163,-0.1328,0.1173,TRANSLATE2
147.8739,-93.4835,-52.8513,0.1946,182.7542,27.1834,0.0332,213.316,283.4389,0.2016,0.001307,0.007,-0.1376,0.1445,TRANSLATE2
103.7178,-107.2649,-83.4154,0.1814,170.9423,11.8119,0.0132,202.141,481.205,0.2105,0.000465,-0.0031,-0.135,0.1589,TRANSLATE2
80.3774,-118.6963,-102.4198,0.1931,176.1793,5.237,0.0117,191.4002,346.7141,0.2076,0.000516,-0.0134,-0.123,0.1644,TRANSLATE2
74.0488,-113.507,-90.7765,0.1974,163.1179,13.0615,0.0043,180.5863,256.7545,0.1989,0.000239,-0.0239,-0.1098,0.1626,TRANSLATE2
65.2109,-113.8525,-68.9212,0.1937,148.2059,14.912,0.0037,168.2399,141.7198,0.1921,3e-05,-0.0357,-0.1029,0.1569,TRANSLATE2
50.9062,-99.7445,-49.4244,0.1857,122.4058,25.8001,0.008,156.1702,374.0628,0.1903,3.4e-05,-0.048,-0.1011,0.1526,TRANSLATE2
34.0937,-73.8706,-33.0396,0.1681,87.8115,34.5943,0.0176,139.5441,988.574,0.1876,0.000109,-0.0586,-0.0999,0.1465,TRANSLATE2
26.9,-40.9496,-14.8223,0.1384,51.1877,36.6238,0.0298,114.5458,1656.5999,0.1767,0.000469,-0.0651,-0.0942,0.1334,TRANSLATE2
23.5887,-21.7409,-3.7266,0.1018,32.2953,18.8924,0.0365,88.3812,1853.1963,0.1575,0.001137,-0.0676,-0.0829,0.1143,TRANSLATE2
17.6366,-12.1271,4.6562,0.0781,21.9043,10.391,0.0237,63.1209,1383.1516,0.1344,0.001602,-0.0662,-0.0697,0.0917,TRANSLATE2
8.1749,-0.3423,14.9031,0.0635,17.0015,4.9028,0.0146,42.04,661.2094,0.11,0.001485,-0.0611,-0.0588,0.0659,TRANSLATE2
1.6681,16.4574,30.1912,0.0522,34.4259,17.4244,0.0113,31.3629,139.7979,0.0868,0.000939,-0.0534,-0.0493,0.0389,TRANSLATE2
-5.1781,22.7503,42.3842,0.0506,48.3819,13.9561,0.0016,30.8018,118.8082,0.0693,0.000362,-0.0449,-0.0407,0.0127,TRANSLATE2
-11.4643,26.5471,45.9918,0.0532,54.327,5.9451,0.0026,35.2081,209.6335,0.0595,0.000107,-0.0365,-0.032,-0.0094,TRANSLATE2
-15.5277,31.7346,43.0934,0.0614,55.7246,1.3976,0.0083,41.9722,212.6681,0.0562,2.7e-05,-0.0286,-0.0218,-0.0278,TRANSLATE2
-21.2815,36.3845,37.2029,0.0727,56.2209,0.4963,0.0113,49.8161,67.0394,0.058,6.8e-05,-0.0213,-0.0109,-0.0446,TRANSLATE2
-25.6877,35.7076,35.381,0.0814,56.451,0.2301,0.0086,54.2211,9.0678,0.0639,0.000136,-0.0151,-0.0009,-0.0586,TRANSLATE2
-25.6627,31.7036,38.058,0.0842,55.7862,0.6648,0.0028,55.7019,0.5457,0.0706,0.000139,-0.01,0.0077,-0.0684,TRANSLATE2
-22.8864,26.7129,39.2026,0.0845,52.6708,3.1154,0.0003,55.3707,1.8955,0.0769,7.8e-05,-0.0063,0.0151,-0.0746,TRANSLATE2
-21.9591,21.1047,33.6558,0.0819,45.3908,7.28,0.0027,53.3039,17.5185,0.081,1.8e-05,-0.0041,0.0218,-0.0771,TRANSLATE2
-20.211,16.3962,18.3965,0.0742,31.8709,13.5199,0.0077,48.4339,83.9746,0.0812,1.4e-05,-0.0042,0.0283,-0.0747,TRANSLATE2
-16.1376,13.5076,-0.5984,0.0633,21.0532,10.8178,0.0109,41.3544,170.9412,0.0776,6.5e-05,-0.0062,0.0343,-0.0674,TRANSLATE2
-5.3319,12.4248,-17.9631,0.0476,22.4829,1.4297,0.0157,34.6937,156.1481,0.0703,0.000183,-0.0101,0.0374,-0.0565,TRANSLATE2
6.3094,13.9524,-27.4923,0.0352,31.4691,8.9863,0.0125,30.4534,75.6123,0.0604,0.000292,-0.015,0.0355,-0.0434,TRANSLATE2
7.8382,20.1619,-25.4064,0.0305,33.368,1.8989,0.0046,28.0488,26.904,0.0502,0.000274,-0.0202,0.0285,-0.0293,TRANSLATE2
11.9549,26.9858,-17.3939,0.0354,34.2593,0.8913,0.0049,28.5265,31.4681,0.0424,0.000142,-0.0249,0.0176,-0.0156,TRANSLATE2
9.2139,32.6855,-6.687,0.0434,34.6115,0.3522,0.0079,31.2381,20.3502,0.0384,3.8e-05,-0.0285,0.005,-0.0027,TRANSLATE2
-2.357,38.9203,1.7973,0.0491,39.033,4.4215,0.0057,34.5482,6.2148,0.0387,4.4e-05,-0.0306,-0.0061,0.0087,TRANSLATE2
-27.2325,43.58,0.7535,0.05,51.3944,12.3615,0.0009,38.5332,45.1973,0.0417,5.8e-05,-0.0312,-0.0141,0.0185,TRANSLATE2
-71.6235,44.3733,-8.0003,0.0507,84.634,33.2396,0.0007,48.7864,359.7901,0.0457,3.3e-05,-0.0298,-0.0189,0.027,TRANSLATE2
-111.9394,49.7518,-17.2347,0.0616,123.7041,39.0701,0.0109,66.6754,1120.0986,0.0509,3.5e-05,-0.0273,-0.0211,0.0359,TRANSLATE2
-146.8922,63.6952,-26.3877,0.0736,162.2674,38.5633,0.0121,92.2066,2090.2031,0.057,9e-05,-0.0248,-0.0234,0.0445,TRANSLATE2
-175.3731,84.1749,-29.8008,0.0834,196.7974,34.5301,0.0098,123.7595,2716.9805,0.0639,0.00017,-0.0229,-0.0275,0.0521,TRANSLATE2
-198.5704,107.0681,-29.6031,0.088,227.5305,30.733,0.0046,158.9867,2582.3679,0.0715,0.00019,-0.0211,-0.0341,0.0584,TRANSLATE2
-225.6126,124.1919,-24.2794,0.0916,258.6777,31.1472,0.0035,193.7954,2252.7173,0.0796,0.000118,-0.0195,-0.0433,0.0626,TRANSLATE2
-258.4932,131.3879,-11.3079,0.0927,290.1885,31.5108,0.0011,227.0923,2019.8027,0.0859,4.8e-05,-0.0175,-0.0542,0.0622,TRANSLATE2
-271.4008,133.2291,12.2287,0.0875,302.5854,12.3969,0.0052,255.1559,1531.6239,0.0886,1.1e-05,-0.014,-0.0628,0.0588,TRANSLATE2
-266.8394,132.3302,38.9111,0.0714,300.3808,2.2046,0.0161,275.8726,830.3592,0.0862,5.9e-05,-0.0094,-0.0664,0.0525,TRANSLATE2
-241.584,130.5829,61.5664,0.0433,281.4341,18.9467,0.0281,286.6533,252.9294,0.0773,0.000347,-0.004,-0.063,0.0434,TRANSLATE2
-229.1891,127.6976,73.8968,0.0252,272.5712,8.8629,0.018,289.432,128.3428,0.064,0.000672,0.0018,-0.0538,0.0325,TRANSLATE2
-228.4825,118.0737,79.4393,0.0196,269.177,3.3942,0.0057,285.2297,192.6218,0.0494,0.00069,0.007,-0.0408,0.0221,TRANSLATE2
-226.1048,125.7027,85.689,0.0218,272.52,3.343,0.0022,279.2166,128.5278,0.0363,0.000379,0.0114,-0.0275,0.0141,TRANSLATE2
-222.1088,152.5778,101.6668,0.0222,288.0078,15.4878,0.0004,276.742,48.2766,0.0264,7.4e-05,0.0156,-0.0158,0.0073,TRANSLATE2
-214.8152,180.4841,124.1116,0.0321,306.796,18.7882,0.0099,281.8144,198.7926,0.0242,1.9e-05,0.0197,-0.007,0.0002,TRANSLATE2
-204.3959,201.006,146.6299,0.058,321.996,15.2001,0.0259,291.6994,406.9057,0.0307,0.000205,0.0239,0.0038,-0.0075,TRANSLATE2
-188.2167,206.3955,140.9164,0.0897,312.8611,9.1349,0.0317,300.4362,318.6863,0.0447,0.000678,0.0277,0.0199,-0.0165,TRANSLATE2
-193.4577,201.7601,107.6206,0.1088,299.5251,13.336,0.0191,305.8372,133.8189,0.0621,0.00109,0.0304,0.0395,-0.0279,TRANSLATE2
-220.2756,198.0019,64.8371,0.0929,303.1995,3.6744,0.0159,308.8755,62.4012,0.0763,0.00076,0.0319,0.0559,-0.0365,TRANSLATE2
-245.4423,200.6265,36.0978,0.0657,319.0548,15.8554,0.0273,311.3273,76.2488,0.083,0.000347,0.0312,0.065,-0.0397,TRANSLATE2
-254.882,205.6762,35.8564,0.048,329.4742,10.4193,0.0176,312.8229,117.1092,0.081,0.000463,0.0289,0.0637,-0.0397,TRANSLATE2
-241.3743,200.5378,66.0695,0.0427,320.6902,8.784,0.0053,314.3887,127.0358,0.0716,0.000652,0.0236,0.0535,-0.0383,TRANSLATE2
-209.0651,187.2522,76.6306,0.0638,290.9361,29.754,0.021,312.671,189.9042,0.0626,0.000307,0.0191,0.0422,-0.0388,TRANSLATE2
-171.5833,168.4111,86.4607,0.0759,255.4968,35.4394,0.0121,303.1304,734.7179,0.0592,0.000148,0.017,0.0372,-0.0408,TRANSLATE2
-140.3885,147.8164,83.0967,0.0852,220.1447,35.3521,0.0093,283.3484,1669.9977,0.0631,0.000259,0.0162,0.0395,-0.0451,TRANSLATE2
-133.7358,127.9719,80.718,0.0918,201.9343,18.2104,0.0066,257.8404,1919.4742,0.0719,0.000301,0.0139,0.0487,-0.0493,TRANSLATE2
-130.798,115.1681,72.3619,0.1092,188.701,13.2333,0.0174,231.4426,1388.6622,0.0852,0.000233,0.0145,0.0646,-0.0515,TRANSLATE2
-140.2572,109.422,37.9051,0.1255,181.8847,6.8163,0.0163,209.6323,696.2735,0.0975,0.000314,0.0158,0.0802,-0.0513,TRANSLATE2
-138.1057,96.2032,6.9991,0.1217,168.4555,13.4292,0.0038,192.224,311.6221,0.1067,0.000254,0.0153,0.0906,-0.0532,TRANSLATE2
-118.4033,68.0126,-7.6163,0.1168,136.7592,31.6963,0.0049,175.5469,492.8538,0.113,0.000142,0.0145,0.0968,-0.0558,TRANSLATE2
-85.8414,37.9538,-15.2806,0.1126,95.0933,41.6659,0.0042,154.1787,1191.552,0.1171,3.5e-05,0.0152,0.1,-0.0585,TRANSLATE2
-57.7356,3.7318,-23.6057,0.1144,62.4865,32.6068,0.0018,128.9358,1997.4844,0.1182,2.3e-05,0.0155,0.099,-0.062,TRANSLATE2
-63.1604,-32.9708,-48.2314,0.1121,86.0383,23.5518,0.0024,109.7665,1437.3461,0.1155,1.2e-05,0.0143,0.0951,-0.0638,TRANSLATE2
-100.7158,-53.6516,-89.082,0.0909,144.768,58.7298,0.0212,105.0291,971.0453,0.1093,8.8e-05,0.0129,0.0908,-0.059,TRANSLATE2
-129.8695,-45.5744,-118.8594,0.0517,181.8535,37.0854,0.0392,114.0479,1868.7432,0.0963,0.000572,0.0109,0.0818,-0.0477,TRANSLATE2
-132.2769,-21.8064,-109.5156,0.0076,173.108,8.7455,0.0441,129.6508,2251.0547,0.0753,0.001652,0.0088,0.0649,-0.035,TRANSLATE2
-113.6871,-2.7201,-67.6438,0.0174,132.3172,40.7908,0.0098,143.617,1155.2131,0.0559,0.001641,0.0077,0.0439,-0.0236,TRANSLATE2
-83.981,-4.4199,-21.3713,0.0226,86.7702,45.547,0.0052,143.7634,1138.4413,0.038,0.000913,0.0079,0.0249,-0.0153,TRANSLATE2
-60.441,-19.9703,7.5467,0.0243,64.1006,22.6696,0.0017,127.6299,2147.1824,0.0247,0.000215,0.0079,0.0125,-0.0097,TRANSLATE2
-53.6059,-30.4356,10.3405,0.0486,62.5048,1.5958,0.0243,103.7601,1837.6344,0.0241,0.000183,0.0075,0.0115,-0.0046,TRANSLATE2
-63.366,-27.9391,-6.8932,0.0584,69.5942,7.0895,0.0099,83.0574,680.6682,0.0343,0.000262,0.0056,0.0193,0.0034,TRANSLATE2
-71.9397,-19.7763,-13.3052,0.0594,75.7855,6.1913,0.001,71.7511,78.1054,0.0427,0.000261,0.0017,0.0271,0.0156,TRANSLATE2
-61.283,-9.0741,-8.2598,0.0618,62.4994,13.2862,0.0024,66.8969,26.5464,0.0505,0.000192,-0.0039,0.0289,0.0313,TRANSLATE2
-36.2858,-0.6906,6.5609,0.061,36.8806,25.6187,0.0009,61.4529,175.5409,0.0579,2.3e-05,-0.0093,0.0246,0.0447,TRANSLATE2
-11.0911,4.2194,18.68,0.0577,22.1305,14.7501,0.0033,53.378,419.3668,0.0597,2e-06,-0.0132,0.0163,0.0525,TRANSLATE2
8.2209,6.2912,18.1252,0.0529,20.8731,1.2574,0.0048,43.6338,483.1382,0.0586,1e-05,-0.0148,0.0093,0.0551,TRANSLATE2
12.2392,5.9173,10.1377,0.051,16.9583,3.9148,0.0019,31.8684,280.2823,0.0569,1.8e-05,-0.0143,0.0067,0.0544,TRANSLATE2
11.4132,6.0995,-1.1148,0.0466,12.9888,3.9696,0.0044,21.9663,65.867,0.0538,2.5e-05,-0.0123,0.0063,0.0517,TRANSLATE2
16.0212,6.2358,-5.6575,0.0464,18.0989,5.1102,0.0002,18.2099,10.2605,0.0509,1.8e-05,-0.0097,0.0047,0.0491,TRANSLATE2
28.3763,10.0762,2.3084,0.0472,30.2006,12.1016,0.0009,19.8239,33.3364,0.0488,7e-06,-0.007,-0.0001,0.0465,TRANSLATE2
49.3698,14.9516,13.8029,0.0445,53.399,23.1984,0.0027,26.3291,216.2554,0.0472,5e-06,-0.0042,-0.0065,0.0442,TRANSLATE2
66.0646,21.6987,24.1611,0.0357,73.6147,20.2158,0.0088,37.6604,517.481,0.0441,1.8e-05,-0.0016,-0.0118,0.0411,TRANSLATE2
78.3767,27.9184,32.7351,0.0226,89.4088,15.7941,0.0131,52.9444,697.7214,0.0393,8.6e-05,0.0008,-0.0131,0.0363,TRANSLATE2
88.6139,30.7066,40.4319,0.0185,102.1276,12.7188,0.0042,69.7501,656.2451,0.0337,0.000132,0.003,-0.0083,0.0288,TRANSLATE2
109.4442,31.4903,48.058,0.036,123.6092,21.4816,0.0175,88.4319,574.5652,0.0315,9.1e-05,0.0052,0.0026,0.0192,TRANSLATE2
141.7397,36.8078,59.8308,0.0632,158.192,34.5827,0.0272,109.3905,863.1359,0.0352,0.000244,0.0075,0.0187,0.0072,TRANSLATE2
183.1074,43.7994,71.6302,0.0977,201.4388,43.2469,0.0346,134.9553,1648.1764,0.0476,0.000873,0.0101,0.0389,-0.0072,TRANSLATE2
224.0578,49.8364,76.3198,0.1347,241.889,40.4501,0.0369,165.4513,2590.2346,0.07,0.001763,0.0129,0.0634,-0.0227,TRANSLATE2
248.7213,62.6222,57.7496,0.167,262.9046,21.0156,0.0323,197.6067,2653.7141,0.0997,0.00223,0.0157,0.0904,-0.0381,TRANSLATE2
263.8145,76.7384,27.8434,0.1878,276.156,13.2514,0.0208,228.1161,1861.7654,0.1301,0.002046,0.0179,0.1172,-0.0533,TRANSLATE2
269.6329,101.2532,-10.9065,0.1877,288.224,12.068,0.0,254.1225,930.1475,0.155,0.001196,0.019,0.1386,-0.0664,TRANSLATE2
274.6313,142.5057,-45.1565,0.176,312.6808,24.4569,0.0117,276.3709,565.8593,0.1706,0.000384,0.0195,0.1511,-0.0764,TRANSLATE2
271.1082,180.2421,-74.8564,0.1658,334.0514,21.3705,0.0102,294.8033,653.7106,0.1769,9.1e-05,0.0192,0.1525,-0.0862,TRANSLATE2
283.7178,189.053,-110.0976,0.1691,358.2713,24.2199,0.0032,313.8767,892.0477,0.1773,8.4e-05,0.0201,0.1432,-0.0984,TRANSLATE2
297.1055,160.5799,-147.1281,0.1702,368.3806,10.1093,0.0011,332.3216,861.3976,0.1738,6e-05,0.0213,0.1227,-0.1132,TRANSLATE2
308.3687,112.5514,-177.0494,0.166,372.9686,4.588,0.0042,349.2705,515.6471,0.1694,1.4e-05,0.0219,0.0946,-0.1284,TRANSLATE2
318.8419,61.5193,-196.0395,0.1637,379.3102,6.3416,0.0023,362.5964,250.7835,0.167,6e-06,0.0201,0.0609,-0.143,TRANSLATE2
324.786,17.481,-201.1128,0.17,382.4106,3.1004,0.0063,372.2682,72.7955,0.1678,6e-06,0.0155,0.0233,-0.1539,TRANSLATE2
322.5694,-24.7339,-195.5309,0.1879,378.0147,4.3959,0.0179,376.217,24.6245,0.1715,7.3e-05,0.007,-0.0183,-0.1589,TRANSLATE2
317.1743,-61.9278,-180.1716,0.205,369.9951,8.0196,0.0171,376.5399,19.9807,0.1785,0.000248,-0.0028,-0.0603,-0.1568,TRANSLATE2
305.355,-88.0641,-143.4779,0.22,348.6874,21.3077,0.015,371.6836,148.9991,0.1893,0.000443,-0.0127,-0.1015,-0.1484,TRANSLATE2
306.4059,-96.4825,-94.7823,0.2282,334.9286,13.7588,0.0083,362.8073,328.7637,0.2022,0.000449,-0.0204,-0.1388,-0.1354,TRANSLATE2
309.3966,-104.186,-42.3259,0.2328,329.1997,5.7288,0.0045,352.1651,364.5428,0.2148,0.00027,-0.0239,-0.1698,-0.1207,TRANSLATE2
289.386,-123.3363,2.7268,0.2257,314.5847,14.615,0.007,339.4791,352.4243,0.2223,9.2e-05,-0.0221,-0.1917,-0.1043,TRANSLATE2
252.5651,-154.2253,26.8721,0.1992,297.1476,17.4372,0.0266,324.9096,312.3003,0.2212,0.000138,-0.0164,-0.2015,-0.0854,TRANSLATE2
204.5802,-184.724,37.6102,0.171,278.1915,18.956,0.0282,310.8104,436.9526,0.2114,0.000546,-0.0076,-0.1992,-0.0627,TRANSLATE2
161.8704,-207.4167,43.5256,0.1614,266.68,11.5116,0.0096,297.1607,523.8005,0.198,0.00081,0.0022,-0.1893,-0.0353,TRANSLATE2
109.1744,-228.6396,53.9455,0.1593,259.0468,7.6331,0.002,283.1301,412.177,0.1833,0.000652,0.0104,-0.173,-0.0012,TRANSLATE2
49.1083,-247.7742,54.1095,0.1667,258.3245,0.7224,0.0073,271.8781,210.7536,0.1715,0.000208,0.0148,-0.151,0.0395,TRANSLATE2
-9.3665,-256.61,49.5189,0.1941,261.512,3.1876,0.0274,264.7509,53.7396,0.1705,0.000156,0.0132,-0.1288,0.0845,TRANSLATE2
-49.0401,-246.7661,49.2682,0.2307,256.3704,5.1416,0.0367,260.3867,12.61,0.1824,0.000739,0.0055,-0.1063,0.1305,TRANSLATE2
-61.0508,-218.4848,47.8802,0.263,231.8519,24.5185,0.0322,253.4211,119.0167,0.2028,0.001534,-0.0082,-0.0802,0.1741,TRANSLATE2
-60.8531,-172.6628,38.7042,0.2807,187.1191,44.7328,0.0178,239.0356,784.9347,0.227,0.001784,-0.0251,-0.0543,0.2117,TRANSLATE2
-53.2044,-109.2396,29.929,0.2674,125.1389,61.9802,0.0133,212.3985,2595.4775,0.2472,0.000975,-0.0419,-0.0329,0.2373,TRANSLATE2
-49.6385,-54.873,18.5557,0.2091,76.2846,48.8543,0.0583,175.353,4446.0801,0.2502,0.000692,-0.0534,-0.0159,0.2422,TRANSLATE2
-49.8046,-26.5077,10.1164,0.1388,57.3192,18.9653,0.0703,135.5428,4334.8525,0.2318,0.002759,-0.0576,-0.0062,0.224,TRANSLATE2
-50.503,-24.1718,7.64,0.0955,56.5084,0.8108,0.0433,100.474,2499.2334,0.1983,0.005161,-0.0546,-0.0045,0.1901,TRANSLATE2
-45.2149,-12.8062,7.7745,0.078,47.6322,8.8762,0.0175,72.5767,777.9478,0.1577,0.005053,-0.0473,-0.0086,0.1491,TRANSLATE2
-39.5407,5.555,9.529,0.0589,41.0503,6.582,0.019,55.7589,141.3371,0.1161,0.002863,-0.0382,-0.0155,0.1062,TRANSLATE2
-28.9419,21.4878,20.5326,0.0458,41.4843,0.434,0.0131,48.7989,49.3878,0.0834,0.001051,-0.0296,-0.024,0.0693,TRANSLATE2
-21.4692,28.4933,40.0854,0.0421,53.6623,12.178,0.0038,48.0675,39.064,0.064,0.000404,-0.0226,-0.0303,0.0409,TRANSLATE2
-19.5535,32.8166,56.134,0.0364,67.8991,14.2368,0.0057,50.3456,98.2827,0.0522,0.000221,-0.0165,-0.0324,0.0184,TRANSLATE2
-20.6271,36.2876,64.0197,0.0407,76.4251,8.526,0.0044,56.1042,199.6764,0.0448,5.9e-05,-0.0099,-0.0293,-0.0031,TRANSLATE2
-20.4892,32.177,64.9845,0.0565,75.3535,1.0716,0.0158,62.9648,181.3911,0.0443,4.6e-05,-0.0028,-0.0218,-0.0228,TRANSLATE2
-24.9851,23.1135,60.4751,0.0663,69.3954,5.9581,0.0098,68.5471,66.2175,0.0484,0.000126,0.0037,-0.0101,-0.0382,TRANSLATE2
-30.0912,13.8501,46.2676,0.0671,56.9034,12.492,0.0008,69.1953,48.6008,0.0534,0.000163,0.0089,0.0036,-0.0477,TRANSLATE2
-34.4886,11.6364,31.3172,0.0593,48.017,8.8864,0.0078,65.2189,122.1567,0.058,9.1e-05,0.0122,0.0152,-0.0526,TRANSLATE2
-40.2471,15.5497,14.6381,0.0509,45.562,2.455,0.0084,59.0463,136.2182,0.06,3.7e-05,0.0131,0.0241,-0.0518,TRANSLATE2
-46.904,24.8585,-10.4895,0.0479,54.1106,8.5485,0.003,54.7977,69.8549,0.0583,6.1e-05,0.0119,0.0307,-0.0462,TRANSLATE2
-54.5607,33.5212,-34.9697,0.0357,72.9618,18.8512,0.0122,55.511,92.714,0.0522,0.000113,0.0091,0.0325,-0.0383,TRANSLATE2
-57.7485,38.4701,-47.5477,0.0174,84.1167,11.1549,0.0183,60.9536,226.3613,0.0422,0.000212,0.0054,0.0289,-0.0293,TRANSLATE2
-58.0582,46.6886,-50.1475,0.0105,89.8073,5.6906,0.0068,69.3117,289.5399,0.0325,0.000259,0.0009,0.0216,-0.0201,TRANSLATE2
-60.7122,56.2884,-49.6743,0.0212,96.5499,6.7426,0.0107,79.5092,221.1245,0.0265,0.000182,-0.0032,0.0111,-0.0126,TRANSLATE2
-63.5916,61.1432,-46.8644,0.0313,99.8932,3.3433,0.0101,88.6658,91.3656,0.0232,8.4e-05,-0.007,-0.0023,-0.0074,TRANSLATE2
-62.9858,53.6177,-38.2134,0.0402,91.1171,8.7761,0.0089,92.2968,30.0595,0.0241,0.00011,-0.0105,-0.0153,-0.0037,TRANSLATE2
-61.0886,42.0535,-25.227,0.0457,78.3372,12.7799,0.0055,91.1409,54.3147,0.0298,0.000162,-0.0134,-0.026,0.0002,TRANSLATE2
-53.3772,34.1616,-11.091,0.0556,64.3362,14.0011,0.0099,86.0467,171.7071,0.0388,0.00014,-0.0162,-0.0336,0.0058,TRANSLATE2
-42.4361,38.4761,1.1554,0.0707,57.2937,7.0424,0.0151,78.1955,253.349,0.0487,0.000184,-0.0194,-0.0391,0.0148,TRANSLATE2
-37.4551,58.8684,9.5649,0.082,70.4263,13.1326,0.0113,72.3021,136.5308,0.0589,0.000241,-0.0224,-0.043,0.0271,TRANSLATE2
-46.811,73.3416,14.7394,0.0803,88.2469,17.8206,0.0017,71.7281,116.2474,0.0669,0.0002,-0.0248,-0.0454,0.0392,TRANSLATE2
-63.0113,83.6983,17.379,0.0784,106.1973,17.9504,0.0019,77.3001,314.089,0.0734,9.4e-05,-0.0261,-0.0469,0.0493,TRANSLATE2
-82.259,89.0774,18.7907,0.0752,122.6965,16.4992,0.0032,88.9721,556.4061,0.0773,1.6e-05,-0.0253,-0.0477,0.0551,TRANSLATE2
-104.1791,90.8525,19.8138,0.0746,139.6426,16.9461,0.0006,105.4419,597.9478,0.0781,8e-06,-0.0227,-0.0483,0.0568,TRANSLATE2
-133.7808,91.7039,20.2042,0.0721,163.4476,23.805,0.0024,124.0462,679.5432,0.0761,8e-06,-0.0191,-0.0483,0.0554,TRANSLATE2
-168.8528,88.9975,22.7884,0.0709,192.2267,28.7792,0.0013,144.8421,920.4715,0.0742,7e-06,-0.0155,-0.0489,0.0534,TRANSLATE2
-199.3853,88.2449,31.7182,0.0723,220.3355,28.1087,0.0014,167.6698,1240.5338,0.073,3e-06,-0.0119,-0.0502,0.0512,TRANSLATE2
-220.1364,97.9678,52.7558,0.074,246.6595,26.324,0.0018,192.4624,1469.2158,0.0728,2e-06,-0.0075,-0.0521,0.0496,TRANSLATE2
-225.1841,121.2398,82.2578,0.071,268.651,21.9915,0.003,218.264,1406.4438,0.0721,1e-06,-0.0028,-0.0537,0.0472,TRANSLATE2
-211.2973,140.7888,113.8281,0.0531,278.2532,9.6023,0.0179,241.2252,998.0018,0.0683,5.9e-05,0.0023,-0.0525,0.0426,TRANSLATE2
-195.6972,151.0123,132.3062,0.0314,280.3695,2.1162,0.0217,258.8537,513.5221,0.0604,0.000267,0.0081,-0.0461,0.0359,TRANSLATE2
-193.8328,154.2254,128.3356,0.0287,278.9743,1.3952,0.0027,270.5815,160.2178,0.0517,0.000363,0.0146,-0.036,0.0261,TRANSLATE2
-191.0506,150.7679,131.0247,0.0372,276.4033,2.571,0.0085,276.5302,17.1562,0.0443,0.000251,0.0206,-0.0257,0.0136,TRANSLATE2
-146.178,152.5237,145.9979,0.0373,256.8012,19.6021,0.0001,274.1603,76.9701,0.0376,7.2e-05,0.0261,-0.0151,0.0027,TRANSLATE2
-72.7893,154.1002,170.6765,0.0312,241.1962,15.605,0.0061,266.7489,236.0173,0.0332,1.2e-05,0.0295,-0.0068,-0.0037,TRANSLATE2
-23.8033,172.7333,195.5162,0.0364,261.9732,20.777,0.0052,263.0696,189.9377,0.0342,1.3e-05,0.0319,0.0007,-0.0059,TRANSLATE2
-20.1801,207.2272,193.0161,0.0577,283.9112,21.938,0.0212,264.057,225.2452,0.04,8.3e-05,0.0336,0.0103,-0.0082,TRANSLATE2
-73.6566,231.563,160.4847,0.1057,291.208,7.2968,0.048,267.0179,333.4271,0.0537,0.000758,0.0365,0.0264,-0.0165,TRANSLATE2
-134.1784,242.2317,111.7065,0.1589,298.594,7.386,0.0532,275.3765,442.0947,0.078,0.002328,0.0419,0.0474,-0.0352,TRANSLATE2
-169.0302,230.226,58.8871,0.2037,291.6212,6.9728,0.0448,285.4615,159.5061,0.1125,0.003862,0.0509,0.0718,-0.0637,TRANSLATE2
-173.9211,206.3464,5.9347,0.2278,269.9307,21.6905,0.024,287.053,94.8741,0.1508,0.0039,0.0613,0.0937,-0.098,TRANSLATE2
-183.0712,171.2053,-38.6898,0.2353,253.6202,16.3105,0.0075,280.9948,279.7486,0.1863,0.002334,0.0706,0.1086,-0.1325,TRANSLATE2
-206.7914,136.6267,-72.6268,0.2203,258.2715,4.6513,0.015,274.4075,318.7641,0.2092,0.000741,0.074,0.1142,-0.1577,TRANSLATE2
-235.5362,110.4233,-106.3764,0.2123,281.0454,22.7739,0.008,270.8978,198.2611,0.2199,0.000124,0.0721,0.1154,-0.1717,TRANSLATE2
-249.9946,79.5574,-137.2418,0.1938,296.0777,15.0322,0.0185,271.7891,238.3801,0.2179,0.000203,0.064,0.1122,-0.1746,TRANSLATE2
-225.6269,52.2084,-157.8122,0.1724,280.2462,15.8315,0.0214,273.8522,247.7373,0.2068,0.000475,0.0523,0.1058,-0.169,TRANSLATE2
-183.8797,27.4355,-151.0685,0.1431,239.554,40.6921,0.0293,271.039,393.2293,0.1884,0.000785,0.0382,0.0976,-0.1558,TRANSLATE2
-133.6381,6.9609,-125.3079,0.1192,183.3294,56.2246,0.0239,256.0506,1674.568,0.1681,0.00113,0.0254,0.0921,-0.1375,TRANSLATE2
-106.4542,-3.4001,-104.4276,0.1139,149.1616,34.1678,0.0053,229.6738,3138.9333,0.1485,0.000942,0.0125,0.0892,-0.1152,TRANSLATE2
-106.8884,-1.0857,-107.8015,0.1241,151.8139,2.6523,0.0103,200.821,2636.989,0.1345,0.000455,0.0019,0.0911,-0.0919,TRANSLATE2
-104.5076,-4.9342,-116.4755,0.1273,156.5654,4.7515,0.0031,176.0849,1155.1536,0.1255,9.8e-05,-0.0076,0.0964,-0.0697,TRANSLATE2
-91.7654,-13.7692,-125.1367,0.1184,155.7873,0.7781,0.0088,159.3315,151.2107,0.1206,2.2e-05,-0.0155,0.1041,-0.0486,TRANSLATE2
-72.2999,-19.5497,-121.6,0.0987,142.8146,12.9727,0.0198,151.2286,24.9347,0.1165,0.0001,-0.0225,0.1076,-0.0286,TRANSLATE2
-49.143,-9.621,-109.1019,0.0828,120.0451,22.7696,0.0159,145.4053,184.6516,0.1103,0.000287,-0.0282,0.1022,-0.0107,TRANSLATE2
-34.5457,-3.7218,-93.4784,0.069,99.7269,20.3181,0.0138,134.9879,485.2174,0.0992,0.000468,-0.0331,0.0884,0.0036,TRANSLATE2
-25.4365,-3.1368,-79.7108,0.064,83.7298,15.9972,0.005,120.4207,705.3766,0.0866,0.000399,-0.0372,0.0701,0.017,TRANSLATE2
-18.8711,-1.0345,-69.6749,0.0628,72.1927,11.5371,0.0012,103.7018,640.8846,0.0755,0.000185,-0.0402,0.0507,0.0287,TRANSLATE2
-17.3344,-0.1776,-62.8555,0.0643,65.2022,6.9904,0.0015,88.1793,390.4181,0.0686,5.5e-05,-0.0416,0.032,0.0371,TRANSLATE2
-20.7081,0.0798,-50.1938,0.0703,54.2978,10.9044,0.006,75.0299,244.0166,0.0661,9e-06,-0.0417,0.0137,0.0422,TRANSLATE2
-19.8946,-0.3768,-29.0613,0.0825,35.2207,19.0771,0.0122,62.1286,272.5398,0.0688,5.4e-05,-0.041,-0.0048,0.0476,TRANSLATE2
-9.8845,-0.3577,-1.6522,0.0896,10.028,25.1927,0.0071,47.3883,504.8359,0.0739,0.000109,-0.0395,-0.0226,0.0518,TRANSLATE2
-0.4732,-1.7236,24.9158,0.0877,24.9798,14.9518,0.0019,37.9457,393.0502,0.0789,9.8e-05,-0.0372,-0.0378,0.0546,TRANSLATE2
4.7277,-3.5008,43.8732,0.0798,44.2659,19.2861,0.0079,33.7584,234.922,0.082,4.6e-05,-0.0343,-0.0481,0.0555,TRANSLATE2
1.0759,-7.2006,53.9455,0.0679,54.4345,10.1687,0.0119,33.7858,236.0485,0.0815,5.8e-05,-0.0305,-0.0518,0.0547,TRANSLATE2
-5.0049,-13.0418,55.3876,0.0569,57.122,2.6875,0.011,38.166,325.366,0.0764,0.000153,-0.026,-0.0498,0.0516,TRANSLATE2
-6.2414,-22.2459,57.2257,0.0499,61.714,4.592,0.007,48.5033,171.0592,0.0684,0.000195,-0.0209,-0.0451,0.0468,TRANSLATE2
1.7694,-29.1123,61.7962,0.0405,68.3332,6.6192,0.0094,57.1739,63.8534,0.059,0.000188,-0.0156,-0.0395,0.0406,TRANSLATE2
17.9905,-35.4618,65.8401,0.0198,76.9163,8.583,0.0208,63.704,65.8398,0.047,0.000265,-0.0097,-0.0318,0.0326,TRANSLATE2
30.3299,-40.6725,64.7314,0.0104,82.2455,5.3292,0.0093,69.2662,86.4744,0.0355,0.000313,-0.0038,-0.0221,0.023,TRANSLATE2
37.2014,-48.1599,54.2695,0.0318,81.5384,0.7071,0.0214,74.1495,63.253,0.0305,0.000199,0.0021,-0.0094,0.013,TRANSLATE2
39.1861,-49.4654,37.0938,0.049,73.2006,8.3378,0.0172,76.4468,27.2274,0.0303,0.000192,0.0073,0.0066,0.0039,TRANSLATE2
47.9552,-48.6098,22.975,0.0586,72.0449,1.1557,0.0096,77.1891,17.3857,0.0339,0.000318,0.011,0.0238,-0.0041,TRANSLATE2
65.0391,-37.2847,15.0269,0.0748,76.4594,4.4146,0.0162,77.0978,17.469,0.0449,0.000491,0.0117,0.0411,-0.0105,TRANSLATE2
86.1157,-17.4997,10.0621,0.0938,88.45,11.9905,0.019,78.3386,36.4039,0.0616,0.000454,0.0098,0.0579,-0.0157,TRANSLATE2
109.7832,8.6846,6.2028,0.1144,110.3007,21.8507,0.0206,84.0911,205.5798,0.0781,0.000561,0.0057,0.0742,-0.0209,TRANSLATE2
130.3359,32.2196,-3.9065,0.1327,134.3161,24.0154,0.0183,96.3142,536.9645,0.0949,0.000707,0.0003,0.09,-0.028,TRANSLATE2
144.8719,54.1663,-21.9752,0.1449,156.2202,21.9041,0.0122,113.1493,853.4904,0.1121,0.000646,-0.0046,0.1049,-0.038,TRANSLATE2
150.71,69.5205,-45.1645,0.1494,172.0071,15.7869,0.0045,132.2588,911.9362,0.127,0.000422,-0.0084,0.1146,-0.0516,TRANSLATE2
155.2086,70.4227,-61.0254,0.1512,181.0336,9.0265,0.0019,150.7755,661.0203,0.1385,0.000187,-0.0111,0.1169,-0.0687,TRANSLATE2
172.2638,52.5069,-66.1109,0.1492,191.8396,10.806,0.002,167.0833,404.6854,0.1455,4.5e-05,-0.0127,0.1115,-0.0866,TRANSLATE2
210.2173,28.093,-66.095,0.1386,222.1465,30.3069,0.0106,184.6494,487.7706,0.1467,2.1e-05,-0.0135,0.1016,-0.1004,TRANSLATE2
240.9176,10.5182,-71.1104,0.1209,251.4132,29.2667,0.0177,203.688,855.1389,0.1419,0.00013,-0.0149,0.088,-0.1081,TRANSLATE2
242.5778,5.0864,-81.5258,0.1036,255.9616,4.5484,0.0173,220.4789,918.9739,0.1327,0.000327,-0.0173,0.0728,-0.1087,TRANSLATE2
191.3279,3.8504,-101.2019,0.0979,216.4786,39.4829,0.0057,227.5679,560.7344,0.1221,0.000387,-0.0198,0.0563,-0.105,TRANSLATE2
133.806,3.4022,-116.124,0.1126,177.2016,39.277,0.0146,224.6403,804.2135,0.1147,0.000204,-0.0196,0.0339,-0.1017,TRANSLATE2
116.0761,-19.0595,-106.7867,0.1569,158.872,18.3296,0.0443,211.9854,1507.9166,0.1184,0.000432,-0.0171,-0.0,-0.1034,TRANSLATE2
138.7952,-76.9976,-36.2669,0.1916,162.8129,3.9409,0.0347,194.2654,1366.5936,0.1325,0.001303,-0.0115,-0.0415,-0.1077,TRANSLATE2
198.3081,-130.095,52.8928,0.1732,242.9988,80.186,0.0184,191.6728,1073.5785,0.1464,0.001273,-0.0046,-0.0803,-0.1071,TRANSLATE2
261.0433,-156.5072,100.608,0.1001,320.5622,77.5633,0.073,212.4895,3839.6711,0.1469,0.001231,0.0035,-0.1021,-0.0971,TRANSLATE2
274.7347,-153.4745,82.3551,0.0598,325.2936,4.7314,0.0403,242.1079,5258.3276,0.1363,0.0024,0.0098,-0.1074,-0.077,TRANSLATE2
233.3346,-141.2952,16.8841,0.0775,273.3029,51.9907,0.0177,264.9941,3543.5339,0.1205,0.002754,0.0167,-0.1022,-0.0501,TRANSLATE2
161.3271,-137.1206,-22.8271,0.1351,212.9544,60.3485,0.0575,275.0224,1896.3943,0.1092,0.001657,0.0241,-0.0978,-0.0197,TRANSLATE2
125.6898,-138.8652,-13.0273,0.1787,187.753,25.2014,0.0436,263.9732,3092.3979,0.1103,0.001803,0.0324,-0.0995,0.0109,TRANSLATE2
144.7956,-134.4828,19.1,0.1906,198.5351,10.7822,0.0119,239.5678,2712.7397,0.1284,0.002748,0.0382,-0.1108,0.0424,TRANSLATE2
173.5115,-111.5237,32.8206,0.1959,208.8563,10.3212,0.0053,216.2803,889.29,0.1556,0.001981,0.0416,-0.1237,0.0737,TRANSLATE2
150.0623,-88.0971,16.2753,0.1867,174.7704,34.086,0.0093,196.5738,195.2452,0.1774,0.00048,0.0417,-0.1291,0.103,TRANSLATE2
108.6717,-90.4965,-17.136,0.1848,142.4528,32.3176,0.0019,182.4735,528.5797,0.1874,3.3e-05,0.0393,-0.1234,0.1283,TRANSLATE2
61.8624,-110.6628,-38.762,0.2024,132.5734,9.8794,0.0176,171.4376,899.2189,0.1921,4.1e-05,0.0333,-0.1116,0.1502,TRANSLATE2
29.668,-123.3709,-28.5471,0.2346,130.0596,2.5138,0.0322,157.7425,907.2355,0.2009,0.000325,0.0244,-0.1035,0.1691,TRANSLATE2
20.2688,-99.8248,3.378,0.2495,101.9178,28.1418,0.0149,136.3548,550.5563,0.2116,0.000678,0.0126,-0.0982,0.185,TRANSLATE2
31.815,-75.1942,21.5618,0.217,84.4469,17.4709,0.0325,118.2901,467.9569,0.2177,0.000523,-0.0017,-0.089,0.1953,TRANSLATE2
34.7458,-60.1585,12.0963,0.1867,70.5169,13.93,0.0303,103.9029,600.6537,0.218,0.000498,-0.0169,-0.0748,0.2005,TRANSLATE2
26.9529,-41.7768,-7.3699,0.1582,50.2601,20.2568,0.0285,87.4402,740.7462,0.2092,0.001087,-0.0292,-0.0602,0.1956,TRANSLATE2
22.8779,-22.3371,-8.0584,0.1282,32.974,17.2861,0.03,68.0231,593.7551,0.1879,0.001818,-0.0355,-0.0478,0.1768,TRANSLATE2
17.5117,-11.1353,7.647,0.0945,22.1163,10.8576,0.0337,52.0628,530.7417,0.1569,0.001845,-0.0355,-0.0399,0.1454,TRANSLATE2
10.7281,-9.9301,27.4364,0.0628,31.0879,8.9715,0.0317,41.391,295.0987,0.1261,0.001945,-0.0312,-0.0389,0.112,TRANSLATE2
4.2606,-5.4535,37.6491,0.0348,38.2799,7.192,0.028,34.9436,85.802,0.0957,0.001952,-0.0253,-0.039,0.0802,TRANSLATE2
2.6835,7.2185,33.138,0.0114,34.0211,4.2587,0.0234,31.6958,28.5053,0.0663,0.001729,-0.0185,-0.0352,0.0513,TRANSLATE2
-1.8813,15.6092,22.7417,0.0187,27.6472,6.3739,0.0073,30.6305,30.3219,0.0444,0.000937,-0.0114,-0.0265,0.0245,TRANSLATE2
-9.5019,14.9561,16.8433,0.0328,24.4473,3.2,0.0142,31.0967,23.2528,0.0321,0.000311,-0.0057,-0.0159,0.0034,TRANSLATE2
-21.8484,17.8774,11.4122,0.0383,30.4498,6.0025,0.0054,30.9691,23.3202,0.0272,0.000107,-0.0012,-0.0057,-0.0121,TRANSLATE2
-38.6475,22.6238,-3.0984,0.0475,44.8895,14.4396,0.0092,32.291,49.6386,0.0298,0.000171,0.0025,0.002,-0.0254,TRANSLATE2
-56.0711,25.6365,-17.8006,0.0557,64.1721,19.2827,0.0081,38.3212,215.9581,0.0386,0.00016,0.0054,0.007,-0.0371,TRANSLATE2
-70.1194,25.228,-29.3436,0.0644,80.0889,15.9167,0.0087,48.8095,432.0742,0.0477,0.00013,0.0072,0.0104,-0.0456,TRANSLATE2
-76.3799,20.4542,-37.7905,0.0706,87.6378,7.549,0.0063,61.4476,455.1762,0.0553,0.000133,0.0091,0.014,-0.0526,TRANSLATE2
-75.7352,11.7103,-38.6074,0.0698,85.8107,1.8271,0.0008,72.5198,259.1226,0.0616,7.8e-05,0.0105,0.0146,-0.0588,TRANSLATE2
-74.035,2.9432,-37.4984,0.063,83.042,2.7687,0.0069,80.1503,70.3542,0.0647,2.9e-05,0.0113,0.0125,-0.0622,TRANSLATE2
-75.3936,-3.0173,-35.6925,0.048,83.4701,0.4281,0.015,84.0099,6.6015,0.0632,6.7e-05,0.0109,0.009,-0.0612,TRANSLATE2
-81.3305,-4.0545,-37.5446,0.0276,89.6699,6.1998,0.0204,85.9261,6.2619,0.0558,0.000265,0.0086,0.0053,-0.0545,TRANSLATE2
-88.4894,1.0502,-44.4857,0.0108,99.0478,9.3779,0.0168,88.2081,34.904,0.0438,0.000483,0.0043,0.001,-0.0415,TRANSLATE2
-100.8228,16.4433,-46.7198,0.0313,112.3315,13.2837,0.0206,93.5123,122.0078,0.0361,0.00032,-0.0013,-0.0046,-0.0238,TRANSLATE2
-107.127,31.9952,-40.5696,0.0538,118.936,6.6046,0.0224,100.6911,177.8211,0.0343,0.000235,-0.007,-0.0113,-0.0032,TRANSLATE2
-112.3266,47.0774,-35.1401,0.0696,126.7611,7.8251,0.0158,109.3493,179.4737,0.0386,0.000428,-0.0121,-0.0188,0.0174,TRANSLATE2
-118.2457,61.112,-31.5058,0.0847,136.782,10.0209,0.0151,118.7717,163.7478,0.05,0.000698,-0.0161,-0.0283,0.036,TRANSLATE2
-127.034,71.3989,-23.2859,0.0992,147.5726,10.7906,0.0146,128.4767,157.6538,0.0677,0.000561,-0.0189,-0.0402,0.0507,TRANSLATE2
-133.471,73.266,-11.5162,0.1157,152.6926,5.12,0.0165,136.5489,157.6422,0.0846,0.000472,-0.0209,-0.0521,0.063,TRANSLATE2
-144.2299,72.5784,-2.3723,0.1265,161.4792,8.7866,0.0108,145.0575,147.507,0.0991,0.000421,-0.0223,-0.0616,0.0742,TRANSLATE2
-162.0183,75.1065,-4.401,0.1288,178.6345,17.1553,0.0023,155.4322,198.4041,0.111,0.000283,-0.0233,-0.0686,0.0838,TRANSLATE2
-186.0928,73.3508,-15.477,0.1224,200.625,21.9905,0.0065,168.2008,374.2796,0.1185,0.000113,-0.023,-0.0735,0.0898,TRANSLATE2
-199.4367,58.765,-23.7254,0.111,209.2635,8.6385,0.0113,180.539,474.1747,0.1209,4.4e-05,-0.0216,-0.0764,0.0907,TRANSLATE2
-204.3525,33.9589,-22.5272,0.1182,208.3762,0.8874,0.0072,191.6757,350.0462,0.1214,4e-05,-0.0186,-0.0802,0.0876,TRANSLATE2
-202.0164,14.5453,-4.5499,0.1325,202.5904,5.7857,0.0143,199.8979,123.9014,0.1226,5.8e-05,-0.0145,-0.0868,0.0829,TRANSLATE2
-198.4881,13.6487,24.8757,0.1358,200.5059,2.0845,0.0033,204.2722,14.4143,0.124,8.3e-05,-0.0101,-0.0932,0.0795,TRANSLATE2
-207.3905,25.5158,48.2693,0.1241,214.457,13.9511,0.0117,207.0386,24.8469,0.1243,8.3e-05,-0.0066,-0.0958,0.0781,TRANSLATE2
-226.3936,36.5408,57.8405,0.094,236.5055,22.0484,0.0301,212.487,167.831,0.1209,0.00022,-0.0033,-0.0905,0.0785,TRANSLATE2
-239.0337,47.917,59.5505,0.0693,250.957,14.4515,0.0246,221.0031,387.9138,0.1111,0.000655,-0.0008,-0.0772,0.0776,TRANSLATE2
-237.0051,61.0367,73.0341,0.0446,255.4033,4.4464,0.0247,231.5658,445.2145,0.0936,0.00114,0.0014,-0.0586,0.071,TRANSLATE2
-210.5197,75.4231,104.7117,0.0269,246.9245,8.4788,0.0177,240.8495,213.2629,0.0718,0.001198,0.0041,-0.039,0.0583,TRANSLATE2
-171.4189,84.9541,145.5256,0.0321,240.3733,6.5512,0.0052,246.0327,47.1298,0.0534,0.000628,0.0067,-0.016,0.0425,TRANSLATE2
-137.2164,91.5102,160.8455,0.0868,230.3773,9.996,0.0548,244.8071,76.4922,0.0519,0.00052,0.0085,0.012,0.0259,TRANSLATE2
-127.9231,91.4738,126.7951,0.1273,202.0118,28.3655,0.0405,235.0181,339.39,0.0635,0.001462,0.0097,0.0432,0.0092,TRANSLATE2
-158.8947,95.0103,101.3486,0.1303,211.0593,9.0475,0.003,226.1493,292.4269,0.0807,0.001988,0.009,0.0718,-0.006,TRANSLATE2
-173.2626,111.0114,89.5508,0.1045,224.4166,13.3573,0.0258,221.6477,186.4408,0.0962,0.001281,0.0081,0.0913,-0.0207,TRANSLATE2
-145.0601,137.9435,135.3281,0.1121,241.6289,17.2123,0.0076,221.8988,196.0978,0.1122,0.000252,0.0092,0.1035,-0.0357,TRANSLATE2
-81.4106,154.861,178.6938,0.1688,250.0821,8.4532,0.0567,225.8398,325.0497,0.1286,0.000495,0.0142,0.1141,-0.0525,TRANSLATE2
-30.8004,155.2388,175.4863,0.2419,236.3116,13.7705,0.073,232.6997,186.3687,0.1515,0.002534,0.0208,0.1303,-0.0718,TRANSLATE2
-37.3622,138.6379,119.7265,0.2863,186.9514,49.3602,0.0444,227.8781,488.0403,0.1827,0.005102,0.0305,0.1541,-0.0927,TRANSLATE2
-82.9929,125.1916,44.5,0.285,156.6557,30.2958,0.0013,214.326,1316.5106,0.2188,0.004668,0.0385,0.184,-0.1118,TRANSLATE2
-130.6818,119.1283,-21.5344,0.2622,178.1376,21.4819,0.0228,201.6277,1268.0938,0.2488,0.001867,0.0444,0.2069,-0.1302,TRANSLATE2
-147.3204,110.7651,-49.315,0.2383,190.7988,12.6612,0.0239,189.771,681.3994,0.2627,0.000416,0.0457,0.2111,-0.1468,TRANSLATE2
-105.1188,90.0496,-54.4051,0.2293,148.724,42.0749,0.009,172.2535,278.3026,0.2602,0.000546,0.0445,0.1957,-0.1602,TRANSLATE2
-56.4732,58.1147,-55.8522,0.2198,98.4175,50.3064,0.0095,154.5467,1011.9165,0.2469,0.000561,0.0409,0.1699,-0.169,TRANSLATE2
-26.8536,25.9949,-59.9943,0.2005,70.6835,27.734,0.0193,137.3523,2121.9858,0.23,0.000417,0.0366,0.1426,-0.1737,TRANSLATE2
-34.5047,0.2803,-70.8642,0.1654,78.8187,8.1352,0.035,117.4885,2079.9639,0.2107,0.000669,0.0308,0.1195,-0.1699,TRANSLATE2
-57.5163,-10.7852,-78.3226,0.1226,97.7695,18.9508,0.0429,98.8826,736.673,0.1875,0.001531,0.0231,0.1009,-0.156,TRANSLATE2
-78.113,-16.0156,-80.8175,0.0867,113.5324,15.7629,0.0359,91.8443,233.2267,0.159,0.002401,0.014,0.0835,-0.134,TRANSLATE2
-83.3592,-17.9844,-77.9821,0.0525,115.5569,2.0245,0.0342,95.2722,325.2921,0.1255,0.002811,0.0043,0.0634,-0.1068,TRANSLATE2
-68.6123,-16.8125,-63.9076,0.0334,95.2601,20.2968,0.0192,100.1875,180.2112,0.0921,0.002271,-0.005,0.0415,-0.0781,TRANSLATE2
-53.6524,-17.1281,-49.2385,0.0325,74.809,20.4511,0.0009,99.3856,217.0569,0.0655,0.001199,-0.013,0.0196,-0.0516,TRANSLATE2
-45.8688,-16.39,-38.1033,0.0444,61.8421,12.9669,0.0119,92.2001,446.8063,0.0499,0.000393,-0.0195,0.0001,-0.0286,TRANSLATE2
-45.5169,-11.2933,-30.317,0.0635,55.8431,5.999,0.0191,80.6622,487.037,0.0453,0.000138,-0.0245,-0.0174,-0.0075,TRANSLATE2
-43.276,-0.4909,-9.9849,0.0778,44.4157,11.4274,0.0143,66.434,303.829,0.0503,0.000314,-0.0272,-0.0328,0.0096,TRANSLATE2
-35.6864,8.4604,14.6652,0.0691,39.499,4.9167,0.0087,55.2818,158.3666,0.0575,0.000276,-0.0271,-0.043,0.0217,TRANSLATE2
-26.3492,9.784,29.0947,0.0416,40.4537,0.9547,0.0275,48.4107,78.8668,0.0593,0.000199,-0.0247,-0.0435,0.0293,TRANSLATE2
-21.6668,7.9584,21.6007,0.0351,31.613,8.8408,0.0065,42.3649,62.6674,0.0574,0.000268,-0.0202,-0.0379,0.0337,TRANSLATE2
-15.4522,5.7292,6.4493,0.0363,17.6971,13.9158,0.0012,34.7357,89.8301,0.052,0.000321,-0.0146,-0.0275,0.0349,TRANSLATE2
-5.4305,2.799,-11.6343,0.035,13.1408,4.5563,0.0013,28.4807,125.2327,0.0434,0.000171,-0.009,-0.014,0.0342,TRANSLATE2
1.9931,-0.2202,-24.9637,0.0346,25.0441,11.9032,0.0003,25.5897,94.9567,0.0365,7e-06,-0.0047,-0.0025,0.0342,TRANSLATE2
7.7007,-5.298,-33.4116,0.0413,34.6944,9.6503,0.0066,24.4379,66.0213,0.0364,6e-06,-0.0018,0.0011,0.0359,TRANSLATE2
15.0356,-2.5571,-36.2543,0.0527,39.3316,4.6372,0.0114,25.9816,97.7067,0.04,4.6e-05,-0.0006,0.0004,0.0395,TRANSLATE2
28.0285,6.698,-38.394,0.0537,48.0058,8.6742,0.001,32.0434,144.2486,0.0434,6.9e-05,-0.0005,-0.0018,0.0431,TRANSLATE2
41.0259,12.724,-36.8246,0.0464,56.5781,8.5722,0.0073,40.7308,117.7061,0.0457,5.1e-05,-0.0019,-0.0042,0.0453,TRANSLATE2
58.8207,15.7449,-32.3566,0.0364,68.9545,12.3764,0.01,49.5129,150.6818,0.0461,4.3e-05,-0.0042,-0.0052,0.0453,TRANSLATE2
77.6878,14.9084,-25.8884,0.021,83.2338,14.2793,0.0154,59.2208,239.9415,0.042,0.000148,-0.0064,-0.0042,0.041,TRANSLATE2
88.6971,13.5517,-18.2294,0.0133,91.5595,8.3257,0.0078,69.6663,260.8749,0.0342,0.000229,-0.0075,-0.0014,0.0322,TRANSLATE2
96.6702,14.7476,-10.2867,0.0151,98.3282,6.7687,0.0018,79.7308,230.0464,0.0264,0.000166,-0.008,0.0021,0.0214,TRANSLATE2
104.3643,19.895,-3.8637,0.0218,106.3139,7.9857,0.0067,89.678,165.2221,0.0215,6.7e-05,-0.008,0.0067,0.01,TRANSLATE2
107.2758,33.2316,6.7153,0.0301,112.5057,6.1918,0.0083,98.3882,107.6822,0.0203,3.5e-05,-0.008,0.0112,-0.0014,TRANSLATE2
106.43,61.7165,28.591,0.0425,126.3081,13.8023,0.0124,107.0031,143.4386,0.0245,0.000115,-0.0088,0.0154,-0.0121,TRANSLATE2
109.0253,97.4201,53.6353,0.0646,155.7367,29.4287,0.0221,119.8385,405.9828,0.0348,0.000305,-0.01,0.0204,-0.0246,TRANSLATE2
102.4327,131.8642,71.5645,0.0902,181.6648,25.9281,0.0256,136.5058,800.1427,0.0498,0.000615,-0.0104,0.0282,-0.039,TRANSLATE2
82.0306,165.1851,77.586,0.112,200.0868,18.422,0.0218,155.2604,1074.605,0.0679,0.000905,-0.0087,0.0389,-0.0542,TRANSLATE2
44.0276,197.0981,70.8844,0.1275,214.0343,13.9475,0.0155,175.5661,987.5638,0.0873,0.000951,-0.0066,0.0513,-0.0697,TRANSLATE2
1.7846,207.6629,59.17,0.1393,215.9355,1.9012,0.0118,193.4916,506.9061,0.1067,0.000714,-0.0053,0.065,-0.084,TRANSLATE2
-21.3411,211.1084,37.5829,0.1522,215.4871,0.4484,0.0129,205.4417,175.7755,0.1242,0.000466,-0.005,0.0799,-0.0946,TRANSLATE2
-25.8729,215.0461,-0.9962,0.168,216.5992,1.1122,0.0157,212.4286,38.7891,0.1398,0.000375,-0.0035,0.0934,-0.1036,TRANSLATE2
6.6829,204.015,-51.9407,0.1828,210.6291,5.9701,0.0148,214.537,4.5271,0.154,0.00039,-0.0011,0.1018,-0.1149,TRANSLATE2
83.6276,147.7683,-93.2088,0.1948,193.6929,16.9362,0.0119,210.4687,74.8216,0.1674,0.000401,0.0042,0.103,-0.1296,TRANSLATE2
169.299,67.649,-107.1014,0.1924,211.4456,17.7527,0.0023,209.5708,68.229,0.1781,0.000255,0.012,0.0919,-0.1456,TRANSLATE2
237.8361,-15.5714,-82.853,0.1826,252.3353,40.8896,0.0098,216.9404,372.6771,0.1841,8.9e-05,0.0216,0.0666,-0.1598,TRANSLATE2
292.6657,-90.579,-18.7387,0.1689,306.9347,54.5995,0.0137,235.0075,1666.0291,0.1843,8.4e-05,0.0293,0.0287,-0.1661,TRANSLATE2
336.5294,-135.8413,43.1309,0.1458,365.4658,58.531,0.0231,265.9749,3992.0632,0.1769,0.000324,0.034,-0.0123,-0.1584,TRANSLATE2
282.4548,-150.6075,54.3829,0.1006,324.6858,40.78,0.0452,292.1734,2950.155,0.1581,0.001071,0.0375,-0.0434,-0.1355,TRANSLATE2
192.6295,-163.4641,12.4032,0.0666,252.9436,71.7422,0.034,300.4731,1885.6715,0.1329,0.001874,0.0416,-0.0574,-0.1016,TRANSLATE2
140.9161,-174.8213,-43.9806,0.0926,228.8102,24.1334,0.026,295.768,2427.1968,0.1149,0.001381,0.0472,-0.0655,-0.06,TRANSLATE2
171.8266,-196.5508,-13.4938,0.1544,261.4167,32.6065,0.0617,286.6644,2555.3845,0.112,0.001101,0.0542,-0.0763,-0.0186,TRANSLATE2
239.8582,-259.6406,80.0393,0.1958,362.4245,101.0078,0.0414,286.0562,2461.0015,0.122,0.002176,0.0605,-0.0902,0.0196,TRANSLATE2
230.6116,-310.1125,141.3658,0.1818,411.5043,49.0798,0.014,303.4199,5008.5,0.1383,0.002536,0.0625,-0.0965,0.0594,TRANSLATE2
147.9674,-332.1525,113.1364,0.2334,380.8142,30.69,0.0516,328.994,5042.8721,0.1716,0.002208,0.0579,-0.0938,0.1088,TRANSLATE2
67.7989,-291.0095,17.9154,0.3062,299.3396,81.4746,0.0728,343.0998,3012.416,0.2143,0.00276,0.0438,-0.0793,0.164,TRANSLATE2
30.211,-217.2482,-57.4396,0.3266,226.7351,72.6045,0.0204,336.1635,4338.0264,0.2488,0.003376,0.0226,-0.0553,0.2174,TRANSLATE2
18.4532,-143.1299,-92.7485,0.3117,171.5487,55.1864,0.0149,297.9884,8162.3647,0.2719,0.00307,-0.0015,-0.0345,0.2607,TRANSLATE2
24.0594,-84.1101,-85.0238,0.2873,121.9935,49.5552,0.0244,240.0862,8427.373,0.293,0.001048,-0.0245,-0.0355,0.2845,TRANSLATE2
35.9225,-38.4381,-52.8566,0.2525,74.577,47.4165,0.0348,178.8388,6193.9092,0.2969,0.00065,-0.0425,-0.0565,0.2805,TRANSLATE2
45.6974,-14.2974,-25.7259,0.208,54.3552,20.2218,0.0445,129.8419,3988.3599,0.2772,0.001825,-0.0517,-0.0847,0.2504,TRANSLATE2
46.9548,2.3652,-8.4495,0.1579,47.7676,6.5876,0.0501,94.0484,2176.7661,0.2435,0.003048,-0.0533,-0.1067,0.2057,TRANSLATE2
36.5357,11.2078,-9.5689,0.117,39.3959,8.3717,0.0409,67.6178,874.3107,0.2045,0.0038,-0.0481,-0.1148,0.1566,TRANSLATE2
17.6254,14.4569,-16.8333,0.1016,28.3375,11.0584,0.0154,48.8867,240.6985,0.1674,0.00317,-0.0392,-0.1132,0.1088,TRANSLATE2
-1.2184,17.0999,-14.226,0.1012,22.2771,6.0604,0.0004,38.4267,140.9017,0.1372,0.001682,-0.0289,-0.108,0.066,TRANSLATE2
-13.4216,15.3612,-5.162,0.0948,21.0416,1.2355,0.0065,31.764,106.2141,0.1145,0.000524,-0.0187,-0.1006,0.0297,TRANSLATE2
-21.8216,8.2108,3.6891,0.0842,23.6053,2.5637,0.0105,26.9315,44.9511,0.0998,0.000114,-0.01,-0.0928,0.0015,TRANSLATE2
-32.8198,3.0811,1.5044,0.0647,32.9984,9.3931,0.0196,25.652,19.6033,0.0893,0.000191,-0.0045,-0.0832,-0.0175,TRANSLATE2
-44.6277,7.1618,-9.134,0.0523,46.1124,13.114,0.0124,29.207,89.2487,0.0794,0.000338,-0.0011,-0.0699,-0.0301,TRANSLATE2
-52.9803,8.7232,-23.8697,0.0544,58.7603,12.6479,0.0021,36.5036,201.0825,0.0701,0.000281,0.001,-0.0537,-0.0394,TRANSLATE2
-58.8155,5.466,-38.5176,0.0586,70.5177,11.7574,0.0042,46.3988,286.7444,0.0628,0.000133,0.0013,-0.0392,-0.0452,TRANSLATE2
-61.6868,4.3385,-46.1391,0.0558,77.155,6.6373,0.0028,57.1088,257.3213,0.0571,1.8e-05,-0.0004,-0.0291,-0.0473,TRANSLATE2
-61.0182,13.402,-45.8394,0.0513,77.486,0.331,0.0044,66.0063,144.9404,0.0545,7e-06,-0.0035,-0.0243,-0.0477,TRANSLATE2
-56.4177,26.9216,-43.3121,0.0535,76.0504,1.4356,0.0022,71.9939,50.1128,0.0547,6e-06,-0.0067,-0.0231,-0.0483,TRANSLATE2
-46.406,34.6685,-41.2028,0.0593,71.0852,4.9653,0.0057,74.4589,9.1761,0.0557,9e-06,-0.0093,-0.0232,-0.0491,TRANSLATE2
-41.3436,33.0161,-42.7716,0.0655,68.035,3.0501,0.0063,73.9623,14.0761,0.0571,2.5e-05,-0.0107,-0.0229,-0.0506,TRANSLATE2
-45.528,24.2816,-49.3267,0.0633,71.3829,3.3478,0.0022,72.8079,12.0355,0.0586,3e-05,-0.0107,-0.0215,-0.0527,TRANSLATE2
-53.0099,16.6128,-55.3864,0.0498,78.4454,7.0625,0.0135,72.9998,13.978,0.0583,3.5e-05,-0.0103,-0.0196,-0.0535,TRANSLATE2
-61.0235,13.3059,-59.9653,0.0379,86.5838,8.1384,0.0119,75.1065,44.5839,0.0552,0.000104,-0.0113,-0.0188,-0.0493,TRANSLATE2
-68.8657,11.6728,-61.3348,0.0358,92.9553,6.3715,0.0021,79.4805,85.934,0.0505,0.000153,-0.0148,-0.0194,-0.0384,TRANSLATE2
-73.8926,14.4132,-66.1334,0.0472,100.2072,7.2519,0.0114,85.9149,104.2517,0.0468,9.6e-05,-0.0201,-0.0205,-0.0212,TRANSLATE2
-83.7984,19.69,-74.2068,0.0633,113.6508,13.4436,0.0161,94.3685,144.4085,0.0468,9.6e-05,-0.0268,-0.0229,-0.001,TRANSLATE2
-94.3481,27.8551,-81.3092,0.0866,127.627,13.9762,0.0233,104.2048,218.1715,0.0542,0.000357,-0.0332,-0.0294,0.0188,TRANSLATE2
-105.6691,37.1653,-69.7942,0.1107,131.979,4.352,0.0242,113.2839,227.9232,0.0687,0.000732,-0.0381,-0.0403,0.0369,TRANSLATE2
-107.8947,39.9416,-37.3041,0.1211,120.9471,11.0319,0.0103,118.8822,125.6767,0.0858,0.000773,-0.0411,-0.0525,0.0521,TRANSLATE2
-99.2282,41.6064,-12.1589,0.1198,108.2829,12.6642,0.0013,120.4974,75.7861,0.1003,0.000496,-0.0418,-0.0627,0.0647,TRANSLATE2
-94.7951,39.0227,4.0697,0.1138,102.5936,5.6893,0.0059,118.2859,125.6298,0.1104,0.000156,-0.0402,-0.0723,0.0724,TRANSLATE2
-110.8329,25.8587,19.6245,0.1207,115.4891,12.8956,0.0068,115.8583,103.8498,0.1172,1.7e-05,-0.0377,-0.0806,0.0756,TRANSLATE2
-130.3195,11.6839,59.7465,0.1347,143.8379,28.3487,0.014,118.2301,202.8202,0.122,4.7e-05,-0.0344,-0.0862,0.0784,TRANSLATE2
-129.8087,16.2471,104.1597,0.1324,167.223,23.3851,0.0023,127.4853,595.7456,0.1243,6.3e-05,-0.0295,-0.0873,0.0823,TRANSLATE2
-109.4157,38.0164,128.9809,0.1077,173.3584,6.1354,0.0246,140.5004,773.4744,0.1219,0.000108,-0.0226,-0.0807,0.085,TRANSLATE2
-101.467,67.5819,124.5003,0.0903,174.2504,0.892,0.0175,154.8317,508.5134,0.1171,0.000273,-0.0135,-0.0651,0.0871,TRANSLATE2
-119.5486,101.428,94.8315,0.0766,183.2281,8.9777,0.0137,168.3795,176.6731,0.1083,0.000521,-0.0027,-0.0425,0.0871,TRANSLATE2
-149.1139,129.9674,72.284,0.0548,210.5978,27.3698,0.0218,181.7315,234.4159,0.0924,0.0007,0.0084,-0.0184,0.0799,TRANSLATE2
-147.2911,137.7146,66.049,0.0407,212.1849,1.5871,0.0142,190.7239,296.9352,0.074,0.000578,0.0188,0.0025,0.0642,TRANSLATE2
-139.8548,140.4091,74.4236,0.05,211.6907,0.4942,0.0093,198.3904,265.7693,0.0625,0.000333,0.0271,0.0166,0.0422,TRANSLATE2
-137.4494,139.0867,78.5295,0.081,210.7234,0.9673,0.031,205.685,126.4306,0.0606,0.000243,0.0332,0.0274,0.0166,TRANSLATE2
-133.4158,126.7694,62.4142,0.1148,194.3342,16.3892,0.0338,207.9062,46.4021,0.0682,0.00072,0.0367,0.0399,-0.0111,TRANSLATE2
-124.8983,95.0874,34.4376,0.1341,160.7082,33.626,0.0194,197.9283,390.9243,0.0841,0.001301,0.0379,0.0547,-0.0388,TRANSLATE2
-130.9874,53.4761,17.2626,0.1164,142.5321,18.1762,0.0177,183.9977,769.9615,0.0993,0.000903,0.0358,0.0649,-0.0609,TRANSLATE2
-137.343,29.5215,30.4632,0.0904,143.745,1.213,0.026,170.4086,755.9725,0.1073,0.000368,0.0301,0.0691,-0.0737,TRANSLATE2
-123.9369,37.2735,57.3674,0.0961,141.5652,2.1799,0.0057,156.5769,405.9899,0.1104,0.000245,0.0215,0.0735,-0.0771,TRANSLATE2
-116.7464,61.8063,51.1721,0.1341,141.6627,0.0975,0.0379,146.0426,54.3828,0.1142,0.000338,0.0134,0.08,-0.077,TRANSLATE2
-142.744,83.6169,24.7752,0.1542,167.2766,25.6138,0.0201,147.3563,99.8171,0.1182,0.000562,0.0066,0.0876,-0.0754,TRANSLATE2
-168.7358,92.531,-4.5705,0.1448,192.4959,25.2193,0.0094,157.3491,402.8232,0.1239,0.00067,0.0016,0.0961,-0.076,TRANSLATE2
-176.2605,104.0123,11.8936,0.1297,205.0068,12.511,0.0151,169.6014,669.9416,0.1318,0.00039,-0.0002,0.103,-0.0808,TRANSLATE2
-165.4084,113.9817,34.5055,0.145,203.8196,1.1873,0.0153,182.0523,591.887,0.1416,7.6e-05,0.0006,0.106,-0.0918,TRANSLATE2
-157.0424,107.626,53.1232,0.1757,197.6556,6.164,0.0307,193.2509,188.9074,0.1499,0.000228,0.0008,0.1078,-0.103,TRANSLATE2
-138.837,97.9571,45.7579,0.2023,175.969,21.6866,0.0265,194.9894,110.6845,0.1595,0.000681,0.0018,0.1126,-0.1125,TRANSLATE2
-134.3478,82.25,13.9563,0.2098,158.1429,17.8261,0.0075,188.1188,333.7689,0.1725,0.000974,0.0024,0.1211,-0.1224,TRANSLATE2
-139.6438,46.0375,-20.2068,0.2034,148.4189,9.724,0.0063,176.8012,463.8559,0.1872,0.000582,0.0015,0.1329,-0.1316,TRANSLATE2
-144.9776,20.655,-56.0623,0.1696,156.806,8.3871,0.0338,167.3985,309.4081,0.1922,0.000264,-0.0012,0.1384,-0.1331,TRANSLATE2
-128.6789,10.2021,-79.4936,0.1309,151.5968,5.2092,0.0387,158.1867,91.3912,0.1832,0.000881,-0.0039,0.1313,-0.1273,TRANSLATE2
-97.0619,1.0492,-75.5011,0.0959,122.9737,28.6231,0.035,147.5876,163.7999,0.1619,0.001879,-0.0092,0.1117,-0.1159,TRANSLATE2
-66.7995,-2.045,-60.3884,0.072,90.0728,32.9009,0.0239,133.9736,617.7667,0.1344,0.002277,-0.0148,0.0877,-0.0986,TRANSLATE2
-50.2115,2.9921,-39.9076,0.0583,64.2087,25.8641,0.0137,117.1316,1265.8076,0.1053,0.001638,-0.0201,0.0649,-0.078,TRANSLATE2
-41.7192,14.1187,-33.3917,0.0528,55.2706,8.9382,0.0055,96.8245,1303.9774,0.082,0.000818,-0.0232,0.0471,-0.0612,TRANSLATE2
-42.4566,18.9512,-32.5602,0.0449,56.7616,1.4911,0.0079,77.8575,665.2365,0.0648,0.00032,-0.0242,0.0343,-0.0486,TRANSLATE2
-41.5059,16.4922,-33.1326,0.0304,55.6103,1.1514,0.0145,64.3848,175.6163,0.0517,0.000191,-0.0224,0.0264,-0.0381,TRANSLATE2
-30.8329,12.2813,-26.0967,0.0144,42.22,13.3902,0.016,54.8142,50.301,0.0402,0.000254,-0.0193,0.019,-0.0278,TRANSLATE2
-25.1163,15.2781,-15.4836,0.0194,33.2264,8.9937,0.0049,48.6178,87.4606,0.0324,0.000214,-0.0155,0.0109,-0.0171,TRANSLATE2
-24.268,24.6913,-11.4369,0.0313,36.4609,3.2345,0.0119,44.8558,94.0145,0.0281,0.000112,-0.0127,0.0019,-0.005,TRANSLATE2
-27.8425,33.6436,-10.9651,0.0367,45.0259,8.565,0.0054,42.5087,60.1617,0.0265,6.8e-05,-0.0109,-0.0064,0.0077,TRANSLATE2
-32.1115,38.7024,-9.294,0.0401,51.141,6.1151,0.0033,41.6149,39.936,0.0284,9.8e-05,-0.0099,-0.0141,0.0186,TRANSLATE2
-34.4361,40.4088,-1.8196,0.0445,53.1228,1.9817,0.0044,43.7954,61.5943,0.0344,7.5e-05,-0.0088,-0.019,0.0267,TRANSLATE2
-34.0301,40.1583,7.1475,0.0466,53.1209,0.0019,0.002,47.7743,40.8146,0.0398,3e-05,-0.0075,-0.0225,0.0315,TRANSLATE2
-27.746,42.2204,16.3649,0.0468,53.1056,0.0152,0.0002,51.1032,9.8188,0.0429,1.5e-05,-0.006,-0.0243,0.0344,TRANSLATE2
-13.0499,47.0076,22.8513,0.0408,53.872,0.7663,0.006,52.8725,0.8351,0.0437,8e-06,-0.0044,-0.0231,0.0361,TRANSLATE2
-0.5274,50.2498,23.1998,0.03,55.3493,1.4774,0.0108,53.7141,0.7542,0.0417,3.9e-05,-0.0027,-0.0169,0.0358,TRANSLATE2
10.6218,51.778,18.5192,0.0287,56.0066,0.6573,0.0013,54.2909,1.4027,0.0386,6.1e-05,-0.0015,-0.0062,0.0325,TRANSLATE2
21.6662,50.7318,1.8622,0.0335,55.196,0.8106,0.0048,54.7059,1.1205,0.036,4.7e-05,-0.0005,0.0062,0.0258,TRANSLATE2
33.9736,47.9885,-6.4352,0.0282,59.1482,3.9522,0.0053,55.9144,3.0946,0.0323,2.2e-05,-0.0001,0.0162,0.0168,TRANSLATE2
47.9851,52.7033,-6.1013,0.027,71.5363,12.388,0.0011,59.4473,38.5875,0.0295,5e-06,0.0,0.0235,0.0076,TRANSLATE2
61.2756,59.672,-0.656,0.0351,85.5329,13.9967,0.0081,65.484,134.8788,0.0305,1e-05,0.0001,0.0286,-0.0013,TRANSLATE2
69.1111,63.3908,0.1689,0.051,93.7804,8.2475,0.0159,73.0388,219.9771,0.035,7.4e-05,0.0006,0.0328,-0.0094,TRANSLATE2
76.6701,68.847,-3.6492,0.0657,103.1093,9.3289,0.0147,82.6214,245.3248,0.0414,0.000221,0.0007,0.0378,-0.016,TRANSLATE2
84.5986,74.5213,-7.9819,0.0791,113.0224,9.9131,0.0134,93.3963,203.8736,0.0516,0.000365,0.0011,0.0454,-0.024,TRANSLATE2
98.6789,76.7452,-8.998,0.0901,125.3328,12.3104,0.0111,104.1556,196.5276,0.0642,0.000383,0.0011,0.0544,-0.0337,TRANSLATE2
115.2806,76.4712,-5.1797,0.1025,138.4351,13.1023,0.0124,114.736,250.239,0.0777,0.000326,0.0003,0.0638,-0.0438,TRANSLATE2
132.6964,78.1644,-6.8,0.1129,154.1566,15.7214,0.0104,126.8112,327.396,0.0901,0.000278,-0.0015,0.0725,-0.053,TRANSLATE2
164.3602,80.969,-14.0869,0.1201,183.7626,29.6061,0.0072,142.9419,603.5339,0.1009,0.000221,-0.0045,0.0794,-0.062,TRANSLATE2
205.7507,86.4971,-18.9507,0.1223,223.996,40.2334,0.0022,165.1366,1245.8469,0.1096,0.000142,-0.0082,0.0828,-0.0709,TRANSLATE2
244.5068,82.3321,-18.9106,0.1191,258.6885,34.6925,0.0032,191.8078,1968.0195,0.1154,5.1e-05,-0.0119,0.0812,-0.0796,TRANSLATE2
270.343,85.025,-8.041,0.1092,283.5123,24.8238,0.0099,220.8232,2238.3398,0.1167,2.4e-05,-0.0156,0.0726,-0.0867,TRANSLATE2
272.4556,98.9544,6.6828,0.1116,289.946,6.4337,0.0024,247.9811,1567.4929,0.1165,2.6e-05,-0.0175,0.0579,-0.0946,TRANSLATE2
249.2958,124.351,13.8213,0.145,278.9312,11.0149,0.0334,267.0148,571.99,0.1215,0.000162,-0.0137,0.0399,-0.1085,TRANSLATE2
220.6991,127.1839,15.4664,0.2048,255.1922,23.7389,0.0597,273.2541,190.8936,0.1379,0.001278,-0.0049,0.0235,-0.1315,TRANSLATE2
201.0593,12.1534,-4.4706,0.2523,201.4759,53.7163,0.0476,261.8115,1047.952,0.1646,0.003114,0.0076,0.0118,-0.1614,TRANSLATE2
209.9662,-92.6773,-32.6578,0.2236,231.8219,30.346,0.0287,251.4734,1026.7668,0.1875,0.002674,0.0235,0.0039,-0.1844,TRANSLATE2
205.8261,-176.5418,-61.8887,0.1718,278.1395,46.3176,0.0518,249.1122,867.3788,0.1995,0.001427,0.037,-0.0082,-0.1939,TRANSLATE2
175.9265,-215.5647,-72.686,0.1452,287.5787,9.4392,0.0266,250.8416,982.4886,0.1995,0.001424,0.0448,-0.0289,-0.1839,TRANSLATE2
133.5631,-222.0674,-50.6425,0.1645,264.0411,23.5377,0.0193,252.6114,1010.416,0.1915,0.001599,0.0473,-0.0584,-0.156,TRANSLATE2
93.3911,-237.4289,-12.2171,0.1624,255.4283,8.6127,0.0021,263.4019,372.5997,0.1735,0.000705,0.0459,-0.0901,-0.1137,TRANSLATE2
108.4629,-263.5275,11.0825,0.1216,285.1907,29.7624,0.0408,274.0757,154.1616,0.1531,0.000325,0.0425,-0.1123,-0.0702,TRANSLATE2
124.7828,-292.7939,10.8785,0.1073,318.4609,33.2702,0.0142,282.14,479.8358,0.1402,0.000507,0.04,-0.1191,-0.0269,TRANSLATE2
106.9356,-287.4039,-22.1159,0.1275,307.4497,11.0112,0.0201,286.1141,586.2421,0.1366,0.000522,0.0388,-0.1104,0.0135,TRANSLATE2
54.0547,-286.0043,-63.2834,0.1553,297.8677,9.582,0.0279,292.8795,470.6575,0.1348,0.000433,0.038,-0.0926,0.0542,TRANSLATE2
28.3313,-285.2003,-81.1298,0.2043,297.8657,0.002,0.049,301.3669,123.0754,0.1432,0.001178,0.0362,-0.08,0.0979,TRANSLATE2
58.8088,-284.4072,-52.2132,0.2467,295.0799,2.7858,0.0424,303.3448,74.7351,0.1682,0.002601,0.0296,-0.082,0.1401,TRANSLATE2
113.5126,-283.2726,6.5075,0.2737,305.239,10.1591,0.027,300.7004,22.7605,0.2015,0.002977,0.0191,-0.089,0.1778,TRANSLATE2
98.8664,-243.0743,24.7779,0.2943,263.5785,41.6605,0.0206,291.9261,212.2692,0.2349,0.002489,0.0058,-0.092,0.2132,TRANSLATE2
49.9056,-168.2095,-0.5621,0.3009,175.4574,88.1211,0.0065,267.4441,2318.8306,0.264,0.001246,-0.008,-0.0918,0.2439,TRANSLATE2
-7.0224,-87.4582,-22.8934,0.2801,90.6772,84.7802,0.0207,226.0064,6665.9595,0.2792,0.000357,-0.0204,-0.0901,0.2608,TRANSLATE2
-33.7992,-29.2697,-17.8678,0.2473,48.1493,42.5279,0.0328,176.6203,9599.3721,0.2793,0.000349,-0.0285,-0.0875,0.2619,TRANSLATE2
-21.8956,-20.2033,18.037,0.2077,34.827,13.3223,0.0396,122.5379,7386.979,0.2661,0.001192,-0.0314,-0.0896,0.2449,TRANSLATE2
5.7554,-19.2751,55.1046,0.1769,58.6615,23.8345,0.0309,81.5545,2544.8877,0.2426,0.002072,-0.0301,-0.0984,0.2145,TRANSLATE2
19.2731,-10.6951,78.5462,0.1373,81.5802,22.9188,0.0396,62.7791,428.8185,0.2099,0.002541,-0.0265,-0.1047,0.1766,TRANSLATE2
10.5216,1.3846,78.1557,0.0908,78.8729,2.7074,0.0465,60.4182,319.3856,0.172,0.002956,-0.0214,-0.0987,0.1382,TRANSLATE2
-12.7452,5.3264,51.2558,0.0506,53.0845,25.7883,0.0402,61.4052,299.0628,0.1326,0.00322,-0.0157,-0.0811,0.1034,TRANSLATE2
-40.3462,6.7017,18.1921,0.0319,44.7625,8.322,0.0187,63.3923,209.2299,0.0975,0.002887,-0.0106,-0.0569,0.0771,TRANSLATE2
-58.7801,9.9614,-12.4807,0.0262,60.9105,16.148,0.0056,63.8421,205.7833,0.0673,0.001733,-0.0078,-0.0341,0.0558,TRANSLATE2
-66.7522,17.566,-31.4627,0.026,75.8572,14.9467,0.0003,62.6975,170.4175,0.0451,0.000602,-0.0067,-0.0183,0.0393,TRANSLATE2
-67.4424,25.9559,-36.317,0.0261,80.8771,5.0199,0.0001,63.0984,184.0278,0.0322,9e-05,-0.0082,-0.0105,0.0275,TRANSLATE2
-69.9633,32.5616,-37.8755,0.027,85.9632,5.0861,0.0009,69.6741,225.292,0.0274,5e-06,-0.0118,-0.0081,0.0209,TRANSLATE2
-80.7706,41.7899,-46.2129,0.0332,102.0094,16.0462,0.0062,81.1235,179.2005,0.0277,8e-06,-0.017,-0.0063,0.018,TRANSLATE2
-103.7415,59.1069,-65.2359,0.0442,136.0575,34.0481,0.011,96.1529,475.1547,0.0313,4.9e-05,-0.0224,-0.0028,0.0178,TRANSLATE2
-121.7901,82.9699,-82.3262,0.0455,168.803,32.7454,0.0012,114.7421,1102.8219,0.0352,6.8e-05,-0.027,0.0019,0.0187,TRANSLATE2
-123.0102,109.6916,-88.9954,0.0327,187.307,18.5041,0.0127,136.028,1473.4973,0.0365,5.1e-05,-0.0293,0.0064,0.0184,TRANSLATE2
-115.1488,119.5408,-88.1307,0.0234,187.9262,0.6192,0.0093,156.4206,1095.0254,0.0358,6.7e-05,-0.0289,0.0085,0.0135,TRANSLATE2
-107.6096,114.142,-80.7358,0.0353,176.427,11.4991,0.0119,171.3042,361.4414,0.0362,6.5e-05,-0.0258,0.0055,0.0038,TRANSLATE2
-102.3658,99.6417,-71.7074,0.0393,159.8411,16.5859,0.004,176.0609,116.6306,0.0352,5.4e-05,-0.0209,-0.0002,-0.0082,TRANSLATE2
-102.002,85.7165,-67.8847,0.0288,149.5328,10.3083,0.0105,172.2068,231.989,0.0319,3e-05,-0.0164,-0.0055,-0.0181,TRANSLATE2
-108.5766,84.3795,-70.9859,0.0175,154.7507,5.2178,0.0114,165.6956,204.9328,0.0289,6.2e-05,-0.0135,-0.0093,-0.0209,TRANSLATE2
-119.7363,91.3317,-76.3449,0.0308,168.8396,14.0889,0.0133,161.8783,93.4979,0.0303,5.5e-05,-0.0136,-0.0118,-0.0144,TRANSLATE2
-132.7516,102.7185,-81.9947,0.0463,186.8079,17.9683,0.0156,163.9544,171.1515,0.0325,9.6e-05,-0.0156,-0.0135,-0.0009,TRANSLATE2
-143.2137,117.2185,-80.9333,0.061,201.9915,15.1835,0.0147,172.3845,386.0648,0.0369,0.00023,-0.0182,-0.0167,0.0159,TRANSLATE2
-141.4335,127.4529,-68.5841,0.0746,202.3647,0.3732,0.0136,182.9509,349.7392,0.046,0.000418,-0.0202,-0.0225,0.0322,TRANSLATE2
-142.8499,138.6749,-51.6235,0.0855,205.674,3.3094,0.0109,193.1355,190.23,0.0596,0.000382,-0.0212,-0.0294,0.0465,TRANSLATE2
-150.7518,152.3212,-40.5207,0.0854,218.1049,12.4309,0.0001,202.9886,99.7828,0.0706,0.000228,-0.0207,-0.0345,0.0574,TRANSLATE2
-170.0608,165.6819,-42.8978,0.088,241.2704,23.1655,0.0026,213.8811,221.8726,0.0789,0.000102,-0.0197,-0.0379,0.066,TRANSLATE2
-199.1862,181.1768,-46.4932,0.0955,273.2431,31.9727,0.0075,228.1314,695.2971,0.0858,4.5e-05,-0.0186,-0.0406,0.073,TRANSLATE2
-221.1708,204.2946,-41.9321,0.1096,303.9919,30.7488,0.0141,248.4569,1300.3513,0.0928,8.4e-05,-0.0177,-0.044,0.0796,TRANSLATE2
-238.8398,232.5732,-24.4988,0.1135,334.2677,30.2758,0.0039,274.1756,1745.5227,0.0984,0.000128,-0.0167,-0.0484,0.0837,TRANSLATE2
-244.2,257.0679,3.6697,0.0977,354.5857,20.318,0.0158,301.4717,1664.8141,0.1009,8.8e-05,-0.0145,-0.053,0.0839,TRANSLATE2
-231.1944,264.0387,28.5264,0.0701,352.1094,2.4763,0.0277,323.6396,961.3961,0.0973,0.000232,-0.0112,-0.0554,0.0785,TRANSLATE2
-218.4336,258.1247,39.4899,0.0487,340.4424,11.667,0.0214,337.0794,329.2729,0.0879,0.000615,-0.0079,-0.0541,0.0683,TRANSLATE2
-217.9281,250.331,43.7763,0.0406,334.7755,5.6669,0.0081,343.2361,73.4732,0.0741,0.000779,-0.005,-0.0492,0.0545,TRANSLATE2
-233.0019,246.3461,46.5804,0.0414,342.266,7.4905,0.0008,344.8358,55.016,0.0597,0.000475,-0.0029,-0.0438,0.0389,TRANSLATE2
-254.4953,235.6769,58.5643,0.0429,351.7687,9.5027,0.0015,344.2724,45.2995,0.0487,0.000122,-0.0024,-0.0399,0.0251,TRANSLATE2
-263.9243,219.6321,67.2514,0.03,349.8815,1.8871,0.0129,343.8268,39.1098,0.0407,3.7e-05,-0.0032,-0.0359,0.0169,TRANSLATE2
-258.9895,215.8338,70.473,0.0279,344.4216,5.46,0.0021,344.6227,36.2564,0.0366,4e-05,-0.0056,-0.0322,0.0138,TRANSLATE2
-245.601,216.4671,75.1222,0.0303,335.8886,8.533,0.0024,344.8453,32.0703,0.0345,4e-05,-0.0085,-0.0297,0.012,TRANSLATE2
-228.6183,209.1518,88.2727,0.0356,322.1845,13.7041,0.0053,340.829,117.3114,0.0334,2.9e-05,-0.0113,-0.0279,0.0077,TRANSLATE2
-222.1946,175.6558,109.2838,0.0515,303.5924,18.5921,0.0159,331.1937,277.8502,0.0351,7.4e-05,-0.0128,-0.0272,0.0002,TRANSLATE2
-217.3151,112.1809,139.5146,0.06,281.5576,22.0348,0.0084,317.5289,514.0252,0.0411,0.000157,-0.0145,-0.0306,-0.0095,TRANSLATE2
-200.6989,35.6603,189.1804,0.036,278.1024,3.4553,0.024,304.2651,504.3438,0.0427,0.000125,-0.0148,-0.0314,-0.0177,TRANSLATE2
-158.7904,-1.8374,229.0506,0.0422,278.7148,0.6124,0.0062,292.8304,304.1445,0.0451,8.9e-05,-0.0124,-0.0192,-0.0227,TRANSLATE2
-131.0073,-12.8386,213.3498,0.1161,250.6908,28.0239,0.074,278.5316,282.5053,0.0612,0.000822,-0.0077,0.0088,-0.0285,TRANSLATE2
-128.3434,-44.8115,154.1799,0.1549,205.5518,45.1391,0.0387,258.9235,837.6297,0.0818,0.002131,-0.0026,0.0444,-0.0355,TRANSLATE2
-149.5997,-76.0367,85.0126,0.1408,188.1191,17.4326,0.014,240.2358,1388.5901,0.098,0.002471,0.0024,0.0781,-0.0411,TRANSLATE2
-168.3329,-68.0575,63.0914,0.1239,192.2194,4.1003,0.0169,223.0592,1267.8929,0.1156,0.001528,0.0113,0.104,-0.0472,TRANSLATE2
-154.8632,-51.5398,90.395,0.1131,186.5749,5.6445,0.0108,204.6312,575.0138,0.1298,0.00025,0.0178,0.1153,-0.0552,TRANSLATE2
-104.5124,-31.2131,127.816,0.1628,168.0298,18.5451,0.0497,188.099,145.3343,0.1391,0.000344,0.0223,0.1218,-0.0626,TRANSLATE2
-76.8631,-30.3861,121.1372,0.2263,146.6474,21.3824,0.0635,176.3181,289.2729,0.1534,0.001612,0.0279,0.134,-0.0688,TRANSLATE2
-106.8436,-32.7932,65.3316,0.2644,129.4572,17.1902,0.0381,164.5858,562.9611,0.1781,0.003434,0.0351,0.156,-0.0783,TRANSLATE2
-138.5217,-43.0565,-3.0003,0.2512,145.0901,15.6329,0.0132,155.1599,397.4065,0.2036,0.003267,0.0381,0.1789,-0.0893,TRANSLATE2
-178.7143,-55.6452,-59.1159,0.2074,196.2903,51.2002,0.0438,157.103,534.5917,0.2224,0.001277,0.0406,0.1951,-0.0988,TRANSLATE2
-211.6433,-56.9099,-96.8708,0.1632,239.6155,43.3252,0.0442,171.4201,1667.3961,0.2225,0.001268,0.0414,0.1934,-0.1014,TRANSLATE2
-232.5553,-56.1623,-109.0373,0.1219,262.9169,23.3014,0.0414,194.674,2678.2483,0.2016,0.002855,0.0378,0.1721,-0.0969,TRANSLATE2
-224.8067,-60.8298,-102.7799,0.0843,254.5624,8.3545,0.0376,219.695,1918.874,0.1656,0.003521,0.031,0.1371,-0.0859,TRANSLATE2
-199.8516,-60.6982,-86.1676,0.0588,225.9421,28.6204,0.0255,235.8654,552.0179,0.1271,0.002856,0.0227,0.1025,-0.0706,TRANSLATE2
-166.7969,-60.0992,-80.6872,0.0455,194.7911,31.151,0.0132,235.5656,576.1097,0.0947,0.00185,0.0142,0.0756,-0.0535,TRANSLATE2
-131.8813,-63.8481,-72.8967,0.0318,163.6557,31.1354,0.0137,220.3736,1376.2406,0.0685,0.001014,0.0053,0.0538,-0.0332,TRANSLATE2
-104.8332,-51.0285,-60.6673,0.0475,131.4322,32.2235,0.0157,194.0767,1904.8412,0.0536,0.00031,-0.0035,0.0373,-0.0098,TRANSLATE2
-84.404,-32.9009,-47.5557,0.0569,102.3135,29.1187,0.0094,163.6269,1930.0424,0.0481,9.3e-05,-0.0111,0.025,0.0123,TRANSLATE2
-71.6357,-18.802,-32.7571,0.0589,80.9828,21.3307,0.002,134.6351,1678.8884,0.0481,9.4e-05,-0.0162,0.0129,0.0295,TRANSLATE2
-60.0742,-8.8603,-16.5369,0.0637,62.9356,18.0473,0.0048,108.264,1287.8679,0.0518,0.000128,-0.0198,0.0006,0.0438,TRANSLATE2
-41.8344,-0.6195,-0.6233,0.0669,41.8436,21.092,0.0031,83.9016,963.0252,0.0588,4.4e-05,-0.021,-0.0085,0.0531,TRANSLATE2
-19.2331,5.6763,10.2107,0.0693,22.5032,19.3404,0.0024,62.1157,790.5239,0.0632,2.2e-05,-0.0201,-0.0134,0.0579,TRANSLATE2
0.5854,13.9754,15.0123,0.0692,20.5189,1.9843,0.0002,45.7568,545.7964,0.0656,1.5e-05,-0.018,-0.0156,0.0609,TRANSLATE2
11.8902,21.0491,19.2286,0.0636,30.8898,10.3709,0.0056,35.7382,241.4549,0.0665,6e-06,-0.0153,-0.0159,0.0626,TRANSLATE2
15.4153,26.2549,19.736,0.0599,36.283,5.3933,0.0036,30.4077,65.1605,0.0658,1.3e-05,-0.0123,-0.0151,0.0626,TRANSLATE2
19.0103,32.3851,21.1326,0.0529,43.0903,6.8073,0.007,30.657,71.1122,0.063,3.8e-05,-0.0089,-0.014,0.0606,TRANSLATE2
22.327,33.6612,24.9061,0.0467,47.454,4.3637,0.0063,35.6472,89.341,0.0585,6.2e-05,-0.0053,-0.014,0.0562,TRANSLATE2
33.8366,34.6009,31.7655,0.0397,57.8894,10.4353,0.007,43.1213,86.6484,0.0526,7.5e-05,-0.0015,-0.0129,0.0506,TRANSLATE2
49.8099,32.6619,34.7843,0.0337,68.9766,11.0872,0.006,50.7387,132.4014,0.0466,8.6e-05,0.0019,-0.0089,0.0447,TRANSLATE2
43.5198,27.4296,26.668,0.0398,57.9443,11.0324,0.0062,55.0709,82.224,0.0426,4.4e-05,0.0047,-0.0007,0.0388,TRANSLATE2
40.3658,30.8593,10.425,0.0502,51.8689,6.0754,0.0104,56.8266,52.4851,0.042,3.4e-05,0.0067,0.0099,0.0349,TRANSLATE2
54.7208,52.1999,-0.0912,0.0463,75.6254,23.7566,0.004,62.4609,73.8499,0.0419,3.3e-05,0.0076,0.02,0.0318,TRANSLATE2
76.161,90.0849,13.252,0.0388,118.7073,43.0818,0.0074,74.6245,554.4478,0.0418,3.4e-05,0.007,0.0278,0.0285,TRANSLATE2
86.3257,154.5211,39.1048,0.042,181.2679,62.5607,0.0032,97.0827,2318.26,0.0434,1.8e-05,0.0052,0.0343,0.0251,TRANSLATE2
92.0106,226.0137,66.1276,0.0672,252.826,71.5581,0.0251,136.0591,5343.9341,0.0489,9.8e-05,0.0047,0.0422,0.0175,TRANSLATE2
116.6303,280.6235,85.2208,0.1202,315.6181,62.792,0.053,188.8089,7592.0732,0.0629,0.000917,0.0057,0.0546,-0.0019,TRANSLATE2
151.8699,287.1332,77.1048,0.1857,333.8489,18.2308,0.0656,240.4536,6570.1133,0.0908,0.003102,0.0085,0.0742,-0.0329,TRANSLATE2
193.7115,230.7128,52.0463,0.2248,305.7145,28.1343,0.0391,277.8551,3058.6052,0.128,0.004773,0.0114,0.0977,-0.0709,TRANSLATE2
245.4411,179.0609,23.7183,0.2212,304.7404,0.9742,0.0037,302.5496,727.5358,0.1638,0.003749,0.0143,0.1178,-0.1081,TRANSLATE2
285.1091,139.7424,9.3809,0.2005,317.6526,12.9122,0.0207,315.5149,110.5706,0.1905,0.001438,0.0151,0.1278,-0.1387,TRANSLATE2
317.3311,111.4283,9.7016,0.1887,336.466,18.8134,0.0118,319.6845,180.9731,0.2042,0.000262,0.0137,0.1276,-0.1577,TRANSLATE2
356.2617,84.277,7.38,0.1857,366.1687,29.7026,0.0031,326.1484,531.2203,0.2042,0.000262,0.01,0.1208,-0.1637,TRANSLATE2
379.1531,57.0435,-18.2304,0.1886,383.8533,17.6847,0.0029,341.7762,869.4556,0.1969,0.000173,0.0075,0.1131,-0.1607,TRANSLATE2
376.3568,32.8411,-68.4749,0.1725,383.9425,0.0891,0.0161,357.6166,699.8049,0.1872,8e-05,0.0056,0.1042,-0.1553,TRANSLATE2
370.498,13.251,-116.3268,0.1323,388.5566,4.6142,0.0402,371.7974,370.7417,0.1736,0.000461,0.0037,0.0895,-0.1477,TRANSLATE2
383.1765,1.8102,-121.0958,0.1196,401.8604,13.3037,0.0127,384.8763,130.7794,0.1597,0.000806,0.0019,0.0656,-0.1392,TRANSLATE2
408.9381,-17.7706,-94.1767,0.136,420.0184,18.158,0.0164,395.6462,191.7859,0.1498,0.000686,0.0019,0.0299,-0.1301,TRANSLATE2
429.5474,-42.1946,-47.6163,0.1579,434.2334,14.215,0.0219,405.7222,360.2391,0.1437,0.00036,0.0036,-0.0162,-0.12,TRANSLATE2
446.0348,-63.6838,-0.6649,0.1691,450.5587,16.3253,0.0112,419.0455,489.9195,0.143,0.000323,0.0069,-0.0644,-0.1079,TRANSLATE2
435.0716,-86.1221,25.9149,0.1583,444.2701,6.2886,0.0108,430.1882,307.102,0.1482,0.00032,0.0125,-0.1019,-0.0941,TRANSLATE2
430.2323,-98.607,29.3976,0.1276,442.3657,1.9044,0.0307,438.2892,110.6401,0.1498,0.000239,0.0192,-0.1226,-0.0704,TRANSLATE2
429.5202,-88.0294,18.1462,0.1448,438.8235,3.5422,0.0172,442.0502,29.787,0.1515,0.000203,0.0253,-0.1334,-0.0389,TRANSLATE2
396.7099,-81.8047,4.9076,0.1679,405.0862,33.7372,0.0231,436.2208,256.8517,0.1536,0.000244,0.0293,-0.1398,-0.0054,TRANSLATE2
324.9867,-100.7501,-6.1114,0.1892,340.3003,64.786,0.0213,414.1691,1569.6111,0.1576,0.000434,0.0297,-0.1437,0.0289,TRANSLATE2
197.5518,-104.4063,-17.6767,0.1973,224.1425,116.1577,0.0081,370.1436,6672.1768,0.1654,0.000688,0.0257,-0.1459,0.0643,TRANSLATE2
96.3509,-98.6219,-25.7882,0.1866,140.2669,83.8756,0.0107,309.7239,12547.0889,0.1772,0.000354,0.0184,-0.1472,0.0909,TRANSLATE2
79.8901,-116.1444,-17.7368,0.1814,142.0793,1.8125,0.0052,250.375,11312.4004,0.1845,9.5e-05,0.0084,-0.1428,0.11,TRANSLATE2
68.5777,-128.4968,2.8543,0.2001,145.6793,3.6,0.0187,198.4937,6025.8525,0.1909,4.7e-05,-0.0045,-0.1347,0.1298,TRANSLATE2
46.7028,-115.6193,19.6928,0.2137,126.241,19.4384,0.0136,155.6818,1215.2659,0.1958,0.000127,-0.0189,-0.1215,0.1485,TRANSLATE2
22.9278,-85.4454,28.723,0.2055,93.0141,33.2269,0.0082,129.4561,375.554,0.1975,0.000142,-0.0324,-0.1087,0.1592,TRANSLATE2
-6.4952,-58.7282,41.6972,0.1785,72.3177,20.6964,0.027,115.8663,820.4561,0.1958,0.000188,-0.0427,-0.0994,0.162,TRANSLATE2
-25.8431,-38.7545,53.2015,0.1383,70.7119,1.6058,0.0402,101.5928,887.0824,0.1872,0.000735,-0.0481,-0.0907,0.156,TRANSLATE2
-34.4463,-33.9598,52.9581,0.0977,71.7243,1.0124,0.0406,86.8018,458.0092,0.1667,0.001885,-0.0478,-0.0772,0.1397,TRANSLATE2
-42.3289,-25.6929,41.9227,0.0702,64.8797,6.8446,0.0275,74.5295,92.4269,0.138,0.002483,-0.0418,-0.0644,0.1146,TRANSLATE2
-51.1631,-16.4387,28.9944,0.052,61.062,3.8176,0.0182,68.1391,19.5283,0.1073,0.00211,-0.0317,-0.0537,0.0866,TRANSLATE2
-62.3086,-9.5416,21.4518,0.0533,66.5852,5.5231,0.0012,66.9926,15.2047,0.0823,0.001056,-0.0211,-0.0473,0.0601,TRANSLATE2
-60.7969,5.9918,31.5927,0.0569,68.7769,2.1917,0.0037,66.6056,12.9252,0.066,0.000293,-0.0112,-0.0451,0.0375,TRANSLATE2
-52.625,23.3184,40.8085,0.0511,70.5583,1.7814,0.0058,66.3724,10.7554,0.0567,5e-05,-0.0019,-0.0448,0.0161,TRANSLATE2
-49.775,30.7735,41.8343,0.0619,71.9352,1.3769,0.0108,67.7835,14.5074,0.055,1.6e-05,0.0064,-0.0434,-0.0053,TRANSLATE2
-55.8888,24.5782,34.2268,0.0736,69.9937,1.9415,0.0118,69.5699,3.2577,0.0593,6.4e-05,0.014,-0.0393,-0.0251,TRANSLATE2
-63.6891,21.325,23.6408,0.0783,71.2036,1.2099,0.0047,70.4935,1.1567,0.0643,0.000103,0.0204,-0.0321,-0.0423,TRANSLATE2
-75.9982,21.6038,12.9189,0.0807,80.0584,8.8548,0.0025,72.7498,13.7737,0.0691,0.000123,0.0249,-0.0232,-0.0571,TRANSLATE2
-81.9923,19.9674,5.857,0.0811,84.5916,4.5332,0.0004,75.5565,32.9813,0.0751,5.1e-05,0.0271,-0.0166,-0.0674,TRANSLATE2
-86.6345,15.7177,0.9637,0.082,88.054,3.4624,0.0009,78.7803,51.2034,0.0791,9e-06,0.0274,-0.012,-0.073,TRANSLATE2
-89.9326,3.3898,-2.4728,0.078,90.0304,1.9764,0.0039,82.7876,45.017,0.08,3e-06,0.0258,-0.0089,-0.075,TRANSLATE2
-92.9804,-3.8101,-4.8845,0.0648,93.1866,3.1562,0.0132,87.1842,20.4769,0.0773,4.1e-05,0.0229,-0.0064,-0.0734,TRANSLATE2
-96.1156,-8.7512,-6.1857,0.0518,96.7112,3.5246,0.013,90.5148,17.3816,0.0715,0.000135,0.0189,-0.0046,-0.0687,TRANSLATE2
-100.605,-14.6509,-6.0798,0.0404,101.8478,5.1366,0.0114,93.966,24.1415,0.0634,0.000245,0.0142,-0.0029,-0.0615,TRANSLATE2
-107.5965,-25.3926,-8.292,0.0265,110.8627,9.0149,0.0139,98.5277,53.4416,0.0523,0.000325,0.0087,-0.0012,-0.0512,TRANSLATE2
-114.5553,-34.3641,-10.3242,0.0116,120.0433,9.1806,0.0149,104.5303,95.5537,0.039,0.000347,0.0028,0.0005,-0.037,TRANSLATE2
-127.863,-37.6569,-16.9469,0.0252,134.3659,14.3225,0.0136,112.7662,180.02,0.0311,0.00019,-0.0029,0.0026,-0.0205,TRANSLATE2
-146.7498,-41.9693,-30.5231,0.0383,155.6553,21.2894,0.0131,124.555,357.3864,0.0284,0.000107,-0.0081,0.0038,-0.0035,TRANSLATE2
-173.9905,-54.6098,-40.1029,0.0554,186.7168,31.0614,0.0172,141.5288,738.97,0.0314,0.000215,-0.0131,0.0013,0.0144,TRANSLATE2
-203.0986,-70.541,-39.1854,0.081,218.5419,31.8251,0.0256,163.0647,1273.3,0.0423,0.000584,-0.0185,-0.0043,0.0338,TRANSLATE2
-221.582,-68.6671,-34.4577,0.1125,234.5231,15.9812,0.0314,185.9606,1400.1718,0.0625,0.000974,-0.0237,-0.0094,0.0557,TRANSLATE2
-224.6687,-51.44,-42.4412,0.1329,234.3573,0.1658,0.0204,205.9589,936.2858,0.084,0.001223,-0.0275,-0.0129,0.0775,TRANSLATE2
-235.7037,-32.2926,-69.0748,0.1404,247.7305,13.3731,0.0076,224.3739,440.0556,0.1044,0.001023,-0.0291,-0.0156,0.0982,TRANSLATE2
-246.1505,-6.3435,-89.0755,0.1469,261.8487,14.1182,0.0065,239.4003,211.5225,0.1227,0.000569,-0.0294,-0.0182,0.1169,TRANSLATE2
-251.7704,27.1909,-94.7916,0.1457,270.3944,8.5457,0.0012,249.7708,209.0875,0.1357,0.00016,-0.0271,-0.0236,0.1297,TRANSLATE2
-258.7976,63.7683,-80.3708,0.1431,278.3919,7.9975,0.0027,258.5446,249.4438,0.1418,2.5e-05,-0.0232,-0.0349,0.1327,TRANSLATE2
-251.685,92.2709,-49.656,0.1344,272.626,5.7659,0.0087,266.1983,113.5173,0.1421,2e-05,-0.0184,-0.0517,0.1262,TRANSLATE2
-235.2886,100.5074,-0.9592,0.1204,255.8581,16.7679,0.014,267.8238,64.0468,0.1381,9.7e-05,-0.0136,-0.0686,0.1135,TRANSLATE2
-206.0715,101.5403,42.9639,0.0955,233.713,22.1451,0.0249,262.1967,257.951,0.1278,0.000339,-0.0072,-0.0793,0.0955,TRANSLATE2
-196.2291,87.3853,73.6492,0.0521,227.082,6.631,0.0434,253.5342,416.0798,0.1091,0.001072,-0.0004,-0.0775,0.0735,TRANSLATE2
-231.2676,76.902,77.0538,0.0224,255.6089,28.5269,0.0297,248.9776,272.5973,0.085,0.001763,0.0058,-0.065,0.0511,TRANSLATE2
-272.7516,76.9279,62.9399,0.0137,290.2977,34.6888,0.0086,252.512,489.7264,0.0608,0.001706,0.0099,-0.0475,0.0316,TRANSLATE2
-306.0325,78.5767,54.6738,0.0194,320.6547,30.357,0.0057,265.4713,1248.2292,0.0406,0.00093,0.0126,-0.0306,0.0144,TRANSLATE2
-317.0073,89.5207,78.4703,0.0316,338.6225,17.9678,0.0121,286.4532,1676.4916,0.0278,0.00018,0.0138,-0.0189,0.0002,TRANSLATE2
-283.9871,105.3166,118.6481,0.0319,325.2962,13.3263,0.0004,306.096,887.421,0.0238,5e-05,0.0147,-0.0132,-0.0089,TRANSLATE2
-214.4459,127.6626,161.731,0.0485,297.3915,27.9047,0.0166,314.4525,322.9541,0.029,0.000144,0.0169,-0.0078,-0.0182,TRANSLATE2
-155.9505,131.7864,177.4817,0.0925,270.5327,26.8588,0.044,310.4995,576.427,0.0448,0.000655,0.0208,0.0037,-0.032,TRANSLATE2
-148.4666,118.7572,158.701,0.1281,247.6522,22.8805,0.0356,295.899,1132.5837,0.0665,0.001443,0.024,0.0234,-0.0473,TRANSLATE2
-187.7827,98.6589,107.5201,0.1312,237.8161,9.8361,0.003,275.7377,1035.7736,0.0865,0.001637,0.0251,0.0464,-0.0615,TRANSLATE2
-236.5574,84.5646,70.213,0.0982,260.8456,23.0295,0.0329,262.8476,422.7653,0.0997,0.000894,0.0233,0.0631,-0.0711,TRANSLATE2
-224.9147,99.4611,74.0985,0.0665,256.8457,4.0,0.0317,254.7385,125.5555,0.1033,0.000578,0.0191,0.0691,-0.0735,TRANSLATE2
-161.9349,124.5126,108.5038,0.0774,231.2993,25.5464,0.011,246.8918,123.9723,0.1003,0.00068,0.0141,0.0692,-0.071,TRANSLATE2
-104.501,140.7632,140.9656,0.1355,224.9579,6.3415,0.058,242.3529,199.4748,0.1018,0.00077,0.015,0.0704,-0.0716,TRANSLATE2
-82.7758,110.3325,118.4475,0.1888,181.81,43.1478,0.0534,231.1517,802.9793,0.1133,0.00198,0.0195,0.0783,-0.079,TRANSLATE2
-101.0332,58.9285,80.3455,0.194,141.9002,39.9099,0.0051,207.3626,1653.8793,0.1324,0.00287,0.0271,0.093,-0.0897,TRANSLATE2
-137.5078,23.2646,50.6545,0.1614,148.3763,6.4761,0.0326,185.6687,1389.4182,0.1514,0.001807,0.0337,0.1085,-0.0996,TRANSLATE2
-149.0781,6.5867,47.6017,0.1272,156.632,8.2558,0.0342,170.7353,918.6058,0.1614,0.000731,0.0381,0.1176,-0.1036,TRANSLATE2
-140.3969,3.6569,63.0533,0.1199,153.9492,2.6828,0.0073,156.5335,185.2532,0.1583,0.000931,0.0364,0.1172,-0.0997,TRANSLATE2
-142.9394,-13.8339,67.5989,0.1386,158.7219,4.7727,0.0187,151.9159,37.1083,0.1482,0.00072,0.0316,0.1133,-0.0898,TRANSLATE2
-128.889,-41.4859,31.9322,0.1607,139.1155,19.6064,0.0221,151.359,49.5054,0.1416,0.000289,0.0265,0.1145,-0.0766,TRANSLATE2
-120.2206,-57.0106,-20.1449,0.1413,134.5697,4.5458,0.0195,148.5977,96.4772,0.1376,0.000194,0.0223,0.118,-0.0617,TRANSLATE2
-100.2077,-54.0959,-52.3003,0.102,125.3127,9.257,0.0393,142.3338,152.7689,0.1325,0.0004,0.0194,0.1188,-0.0453,TRANSLATE2
-70.4162,-40.558,-39.3465,0.0648,90.2858,35.0269,0.0372,129.6011,505.4623,0.1215,0.001164,0.0172,0.1127,-0.0281,TRANSLATE2
-44.1986,-38.212,-14.349,0.0479,60.1628,30.123,0.0169,109.8893,911.6378,0.1033,0.001858,0.0158,0.0992,-0.0131,TRANSLATE2
-42.0932,-53.9696,6.8426,0.0142,68.785,8.6222,0.0337,95.8232,880.8616,0.074,0.00193,0.012,0.0681,0.0005,TRANSLATE2
-28.1402,-36.3882,77.6866,0.0424,90.2839,21.4989,0.0282,86.9661,508.2913,0.0543,0.000835,0.0096,0.0455,0.0124,TRANSLATE2
-16.1528,-22.8231,64.2493,0.081,70.0698,20.2141,0.0387,75.9175,149.2239,0.0501,0.000506,0.0098,0.0402,0.017,TRANSLATE2
-35.6691,-22.5085,36.0182,0.0743,55.4637,14.6061,0.0067,68.9531,143.102,0.052,0.000576,0.0101,0.0414,0.0196,TRANSLATE2
-59.2415,-26.1411,15.3895,0.055,66.5564,11.0927,0.0193,70.2318,127.1621,0.0534,0.000573,0.0097,0.0391,0.0283,TRANSLATE2
-56.8339,-17.5535,13.0929,0.0598,60.9068,5.6496,0.0048,68.6561,141.6519,0.0625,0.000191,0.0101,0.0402,0.0378,TRANSLATE2
-31.7452,-0.6772,31.5087,0.0709,44.7327,16.1741,0.0111,59.5459,79.5694,0.0682,9.1e-05,0.0096,0.0304,0.0443,TRANSLATE2
-14.5399,11.6895,48.0882,0.0703,51.5803,6.8476,0.0006,55.848,56.4345,0.0661,5.4e-05,0.0076,0.009,0.0513,TRANSLATE2
-8.2163,18.7391,56.4081,0.0639,60.0044,8.4241,0.0063,56.7561,59.0354,0.064,3.7e-05,0.0063,-0.0106,0.0571,TRANSLATE2
-10.4449,21.7006,54.4546,0.0603,59.5425,0.4619,0.0036,55.3534,39.4113,0.065,2.3e-05,0.0061,-0.0228,0.0596,TRANSLATE2
-14.1684,29.5918,44.1918,0.0592,55.0394,4.5032,0.0011,54.1799,31.8858,0.0649,2.4e-05,0.0073,-0.0275,0.0581,TRANSLATE2
-4.1597,45.7578,39.4941,0.0577,60.5876,5.5483,0.0015,57.3509,12.1927,0.0623,2e-05,0.0092,-0.0291,0.054,TRANSLATE2
13.8753,59.9156,47.1265,0.0464,77.481,16.8934,0.0113,62.531,59.7439,0.0575,3.5e-05,0.0116,-0.0296,0.0467,TRANSLATE2
27.1409,61.27,57.6199,0.0343,88.3782,10.8971,0.0121,68.2057,159.8795,0.0516,9.9e-05,0.0152,-0.0283,0.0351,TRANSLATE2
31.8221,50.6379,57.0803,0.0383,82.6741,5.7041,0.004,72.832,165.3332,0.0472,0.0001,0.0197,-0.0232,0.0201,TRANSLATE2
30.3764,40.8197,47.0986,0.0525,69.3344,13.3397,0.0142,75.6911,96.2901,0.0458,7.5e-05,0.0245,-0.0135,0.0035,TRANSLATE2
32.7855,34.3839,33.2727,0.0674,58.0018,11.3326,0.0149,75.1739,112.9817,0.0478,0.000136,0.0291,0.001,-0.0138,TRANSLATE2
44.4222,32.954,21.3681,0.0762,59.2949,1.2931,0.0088,71.5367,149.116,0.0537,0.000262,0.0328,0.0166,-0.0291,TRANSLATE2
64.5784,32.9257,20.7758,0.0875,75.4062,16.1113,0.0113,68.9423,88.6527,0.0644,0.000301,0.0352,0.0293,-0.0425,TRANSLATE2
88.9033,25.0499,36.3112,0.1021,99.2462,23.84,0.0147,72.2567,223.62,0.0771,0.000287,0.037,0.0368,-0.0554,TRANSLATE2
102.1383,13.7399,59.0552,0.1133,118.7794,19.5332,0.0112,82.1457,556.9913,0.0893,0.000279,0.0388,0.0405,-0.0684,TRANSLATE2
107.8981,9.1419,78.3379,0.1274,133.6503,14.871,0.014,97.2754,742.0436,0.1013,0.000329,0.04,0.0455,-0.0805,TRANSLATE2
113.3404,6.5542,84.411,0.1477,141.4716,7.8213,0.0204,113.7107,574.0811,0.1156,0.00043,0.0409,0.0552,-0.0919,TRANSLATE2
118.9223,1.5652,68.2194,0.1661,137.1089,4.3627,0.0183,126.0513,237.8396,0.1313,0.000533,0.0411,0.0693,-0.1018,TRANSLATE2
140.6628,-0.9853,47.2005,0.1717,148.3742,11.2653,0.0056,135.8769,97.2568,0.1452,0.000496,0.0408,0.0843,-0.1094,TRANSLATE2
163.6334,4.6055,30.5167,0.1699,166.5184,18.1442,0.0018,145.4247,135.4113,0.1565,0.000285,0.0416,0.0946,-0.117,TRANSLATE2
182.4692,-2.7469,17.7227,0.1785,183.3484,16.8301,0.0086,155.3643,296.5308,0.1668,0.000107,0.0439,0.0971,-0.1271,TRANSLATE2
178.0629,-45.9131,0.0844,0.183,183.8869,0.5385,0.0045,163.8474,348.6753,0.1738,3.7e-05,0.0469,0.0919,-0.1377,TRANSLATE2
162.5222,-82.5992,-25.7793,0.1695,184.1213,0.2344,0.0135,173.2498,199.4861,0.1745,2.9e-05,0.0508,0.0834,-0.1429,TRANSLATE2
160.2209,-105.5388,-73.0672,0.1449,205.2997,21.1784,0.0245,184.635,151.5445,0.1692,0.000173,0.0538,0.0756,-0.1407,TRANSLATE2
198.6329,-130.1498,-134.26,0.108,272.7999,67.5001,0.0369,205.8913,1188.6819,0.1568,0.000768,0.0526,0.0706,-0.1284,TRANSLATE2
253.5595,-141.3792,-198.908,0.0358,351.916,79.1161,0.0722,239.6048,4215.0908,0.1283,0.002787,0.0474,0.0589,-0.1005,TRANSLATE2
284.007,-98.4784,-218.4545,0.0843,371.5916,19.6756,0.0485,277.1457,5668.9795,0.1085,0.002184,0.0384,0.0318,-0.0589,TRANSLATE2
303.7306,-24.3077,-197.298,0.15,363.0009,8.5908,0.0657,312.9216,4132.5771,0.1046,0.001768,0.0269,-0.0071,-0.0139,TRANSLATE2
327.5876,76.2726,-170.2197,0.1672,376.9693,13.9685,0.0173,347.2555,1457.6873,0.1091,0.002207,0.0189,-0.0501,0.026,TRANSLATE2
343.9669,145.0212,-146.0445,0.1678,400.8409,23.8716,0.0005,372.8637,267.4556,0.121,0.002753,0.0149,-0.0941,0.0543,TRANSLATE2
346.0861,145.1638,-139.6106,0.1583,400.4238,0.4171,0.0095,382.5653,237.4856,0.1455,0.000979,0.0162,-0.1268,0.0675,TRANSLATE2
341.0032,112.6873,-149.2791,0.1608,388.9292,11.4947,0.0026,386.0328,209.4774,0.1608,4.3e-05,0.022,-0.141,0.0717,TRANSLATE2
296.8245,72.803,-169.5264,0.1784,349.4914,39.4378,0.0176,383.3309,363.138,0.1665,4.9e-05,0.0281,-0.146,0.0735,TRANSLATE2
237.0596,23.1393,-179.9711,0.1978,298.5335,50.9579,0.0194,367.6437,1547.0762,0.1726,0.000207,0.0262,-0.1497,0.0791,TRANSLATE2
176.3539,-28.9605,-173.2019,0.2318,248.8741,49.6594,0.034,337.2504,3224.157,0.1854,0.000738,0.0158,-0.1527,0.0971,TRANSLATE2
118.6738,-48.634,-145.1522,0.2742,193.6953,55.1788,0.0425,295.9047,4838.126,0.2086,0.001631,-0.0047,-0.1575,0.1273,TRANSLATE2
80.9734,-49.6041,-103.0717,0.2919,140.1465,53.5488,0.0177,246.1482,5483.8271,0.2348,0.001875,-0.0328,-0.1585,0.1602,TRANSLATE2
51.0131,-34.2645,-67.6011,0.2889,91.3581,48.7884,0.003,194.5215,5474.5435,0.2569,0.001335,-0.0633,-0.1508,0.1895,TRANSLATE2
29.4261,-6.0304,-47.184,0.2663,55.9338,35.4243,0.0226,146.0016,4797.9678,0.2706,0.000466,-0.0904,-0.1334,0.2105,TRANSLATE2
12.8753,8.1851,-40.0722,0.2148,42.8783,13.0555,0.0515,104.8024,3110.9263,0.2672,0.000776,-0.1087,-0.1092,0.2129,TRANSLATE2
0.0565,3.2168,-36.1015,0.1792,36.2446,6.6337,0.0356,73.3123,1478.9421,0.2482,0.001956,-0.1175,-0.0819,0.1991,TRANSLATE2
-3.6048,6.7328,-31.6125,0.1591,32.5219,3.7227,0.0201,51.7874,455.0287,0.2216,0.002458,-0.1177,-0.0587,0.1764,TRANSLATE2
-3.7495,21.1956,-24.4119,0.1307,32.5462,0.0243,0.0283,40.025,77.5506,0.19,0.002205,-0.1112,-0.0427,0.1469,TRANSLATE2
-10.8527,34.8315,-14.5764,0.1037,39.2872,6.7411,0.027,36.6956,15.9567,0.1575,0.001473,-0.1004,-0.0355,0.1146,TRANSLATE2
-12.9947,50.4558,-1.7517,0.0753,52.1318,12.8445,0.0284,38.5463,52.5413,0.1296,0.001389,-0.0883,-0.0338,0.0856,TRANSLATE2
-13.7645,59.6772,8.3955,0.0526,61.8167,9.685,0.0227,43.6608,133.6268,0.1043,0.001441,-0.0743,-0.0334,0.0562,TRANSLATE2
-16.4741,57.7011,15.1164,0.0553,61.8815,0.0648,0.0026,49.5327,140.7316,0.0835,0.00089,-0.0587,-0.0324,0.024,TRANSLATE2
-21.2386,44.9578,17.9275,0.067,52.8552,9.0263,0.0117,53.5945,68.7327,0.0708,0.000337,-0.0425,-0.0291,-0.0067,TRANSLATE2
-28.1878,25.7131,16.7014,0.075,41.6491,11.2061,0.008,54.0669,56.1083,0.065,9.1e-05,-0.027,-0.0225,-0.0333,TRANSLATE2
-33.6346,9.558,10.783,0.0784,36.5912,5.058,0.0035,50.9588,106.779,0.0657,0.000106,-0.0137,-0.015,-0.0542,TRANSLATE2
-32.8889,-2.9255,4.5983,0.0786,33.3374,3.2537,0.0001,45.2629,112.8592,0.0708,7.8e-05,-0.0042,-0.0082,-0.0677,TRANSLATE2
-31.2862,-13.3029,1.3849,0.0744,34.0251,0.6877,0.0042,39.6916,51.8421,0.0747,1.8e-05,0.0008,-0.0028,-0.074,TRANSLATE2
-26.1789,-18.2329,5.511,0.0673,32.3751,1.65,0.0071,35.5956,11.1148,0.0747,1.7e-05,0.0018,0.0006,-0.0746,TRANSLATE2
-19.665,-21.8739,13.6682,0.0606,32.4345,0.0594,0.0067,33.7527,2.3878,0.0719,4.9e-05,0.0003,0.0029,-0.0716,TRANSLATE2
-13.0383,-24.3522,19.247,0.0592,33.6671,1.2326,0.0014,33.1679,0.4358,0.068,5.7e-05,-0.0023,0.007,-0.0669,TRANSLATE2
-12.9837,-29.9068,4.1258,0.066,32.8636,0.8036,0.0068,33.0731,0.4396,0.0655,2.9e-05,-0.0046,0.0142,-0.0617,TRANSLATE2
-17.462,-38.9348,-23.8244,0.0635,48.8717,16.0081,0.0025,36.0424,41.3606,0.0633,1e-05,-0.0066,0.023,-0.0553,TRANSLATE2
-25.8415,-45.1916,-58.1876,0.0524,78.076,29.2043,0.011,45.1826,308.4927,0.0603,2.1e-05,-0.009,0.0312,-0.0472,TRANSLATE2
-41.87,-47.947,-93.6095,0.0375,113.2023,35.1263,0.015,61.3361,940.3885,0.0557,0.000104,-0.0121,0.0354,-0.0377,TRANSLATE2
-68.0679,-50.4482,-118.4657,0.033,145.6447,32.4425,0.0045,83.7316,1707.303,0.0505,0.000178,-0.0172,0.0318,-0.0255,TRANSLATE2
-97.17,-39.8617,-128.9194,0.0537,166.2864,20.6417,0.0207,110.4162,1840.7826,0.048,0.000126,-0.0243,0.0198,-0.0097,TRANSLATE2
-113.6985,-20.7987,-125.2981,0.0767,170.4686,4.1821,0.023,134.7356,1213.061,0.0507,0.000235,-0.0326,0.0017,0.0063,TRANSLATE2
-143.1932,-1.4296,-110.4791,0.0865,180.8645,10.3959,0.0099,155.2933,573.9543,0.0575,0.000446,-0.0399,-0.0175,0.0202,TRANSLATE2
-166.5389,9.3407,-89.5895,0.0835,189.3376,8.4732,0.0031,170.5204,219.563,0.0667,0.000416,-0.0449,-0.034,0.0308,TRANSLATE2
-192.1061,10.7538,-69.1841,0.0797,204.4672,15.1296,0.0038,182.2849,187.8781,0.076,0.000136,-0.0468,-0.0454,0.0379,TRANSLATE2
-214.4505,8.8937,-48.691,0.0767,220.0885,15.6213,0.003,193.0453,306.7248,0.0806,1.5e-05,-0.0452,-0.0519,0.0414,TRANSLATE2
-231.1229,2.2212,-24.7185,0.0743,232.4516,12.3631,0.0024,205.4419,361.6788,0.0801,2e-05,-0.0403,-0.0542,0.0423,TRANSLATE2
-231.1827,-13.2324,4.6065,0.0651,231.6069,0.8447,0.0092,215.5904,274.799,0.0759,3.8e-05,-0.0332,-0.0541,0.0403,TRANSLATE2
-224.6493,-57.3203,27.6352,0.0585,233.488,1.881,0.0066,224.4204,123.0523,0.0709,6.2e-05,-0.026,-0.0538,0.0363,TRANSLATE2
-236.0195,-122.9719,44.0738,0.0534,269.7587,36.2708,0.0051,237.4787,284.019,0.0656,8e-05,-0.0199,-0.0521,0.0331,TRANSLATE2
-253.6749,-168.94,34.909,0.0613,306.7741,37.0154,0.0079,254.8158,883.3279,0.0625,4.9e-05,-0.0138,-0.0482,0.0346,TRANSLATE2
-278.5181,-182.977,9.896,0.0765,333.3929,26.6189,0.0152,275.0041,1610.6011,0.063,6e-05,-0.0079,-0.0441,0.0397,TRANSLATE2
-277.4707,-157.2285,-2.1676,0.0897,318.9287,14.4643,0.0132,292.4685,1314.8074,0.0679,0.000178,-0.0025,-0.0425,0.0485,TRANSLATE2
-259.9172,-131.9484,2.8628,0.0838,291.5056,27.423,0.0059,304.072,484.6108,0.0729,0.000186,0.0022,-0.0422,0.0573,TRANSLATE2
-227.615,-118.4119,16.2809,0.0726,257.0895,34.4161,0.0112,301.5382,684.1807,0.0768,9.5e-05,0.0067,-0.0425,0.063,TRANSLATE2
-186.4326,-109.7639,21.0622,0.0701,217.368,39.7215,0.0024,283.657,1775.8834,0.0786,5.2e-05,0.0087,-0.0439,0.0641,TRANSLATE2
-188.1555,-60.6392,26.7373,0.077,199.4855,17.8825,0.0069,256.8755,1980.8679,0.0787,5.2e-05,0.0087,-0.045,0.0637,TRANSLATE2
-190.0431,8.2386,41.5773,0.0728,194.7125,4.7731,0.0043,232.0322,1366.4094,0.0753,2.3e-05,0.0074,-0.0436,0.0607,TRANSLATE2
-173.4845,74.6909,70.3493,0.0465,201.5555,6.8431,0.0263,214.0422,521.1172,0.0678,0.000119,0.0056,-0.038,0.0557,TRANSLATE2
-144.6282,118.434,94.7232,0.0058,209.5624,8.0069,0.0406,204.5368,64.1636,0.0545,0.000704,0.0044,-0.0285,0.0454,TRANSLATE2
-114.1432,126.1347,106.9505,0.0382,200.9404,8.6221,0.0324,201.2513,23.0277,0.0481,0.000666,0.0038,-0.0154,0.0283,TRANSLATE2
-99.7021,124.3421,111.9385,0.0661,194.7606,6.1798,0.0279,200.3063,29.9369,0.0459,0.000559,0.0031,0.001,0.0049,TRANSLATE2
-103.5898,123.8206,139.9289,0.0734,213.641,18.8804,0.0072,204.092,44.9101,0.046,0.000566,0.0024,0.0187,-0.0182,TRANSLATE2
-130.3718,125.6408,124.5494,0.1161,219.7612,6.1202,0.0427,207.7331,79.4703,0.0599,0.001354,0.0004,0.0388,-0.0435,TRANSLATE2
-182.06,117.7283,125.5833,0.1265,250.5533,30.7921,0.0103,215.9313,378.3039,0.0841,0.001072,-0.0048,0.0548,-0.0632,TRANSLATE2
-206.5042,125.3889,138.5322,0.1379,278.4915,27.9383,0.0115,231.4415,875.5482,0.104,0.000834,-0.0102,0.0688,-0.0769,TRANSLATE2
-214.6909,124.7111,134.9477,0.1511,282.5879,4.0963,0.0131,249.007,821.0949,0.121,0.000702,-0.0139,0.0828,-0.0865,TRANSLATE2
-193.4152,122.7283,125.5425,0.1519,261.2137,21.3742,0.0008,258.5215,510.2191,0.1367,0.000193,-0.0166,0.097,-0.094,TRANSLATE2
-156.1072,120.0201,119.1059,0.1638,230.1315,31.0822,0.0119,260.5956,366.6439,0.1462,0.000164,-0.0172,0.108,-0.096,TRANSLATE2
-120.2076,109.9161,98.7816,0.1859,190.4973,39.6342,0.0222,248.5844,1184.9589,0.1581,0.00026,-0.0135,0.1224,-0.0983,TRANSLATE2
-112.8317,96.6391,59.7065,0.1935,160.1093,30.388,0.0076,224.9079,2011.0642,0.1692,0.000306,-0.0078,0.1358,-0.0999,TRANSLATE2
-117.5685,87.9175,12.959,0.1806,147.3763,12.733,0.0129,197.8656,1816.6121,0.1751,0.000231,-0.0021,0.1438,-0.0993,TRANSLATE2
-129.1642,81.8903,-27.5047,0.1509,155.3896,8.0132,0.0297,176.7008,926.9099,0.1749,0.00024,0.0031,0.1451,-0.0972,TRANSLATE2
-116.3782,80.7904,-45.51,0.1114,148.8023,6.5872,0.0395,160.435,247.0304,0.1644,0.000914,0.0083,0.1364,-0.091,TRANSLATE2
-95.162,70.701,-34.8174,0.0832,123.5584,25.2439,0.0282,147.0472,159.0249,0.1439,0.001721,0.0126,0.1175,-0.081,TRANSLATE2
-60.5108,50.9827,-14.7852,0.0708,80.4947,43.0637,0.0124,131.1243,757.2087,0.1194,0.001695,0.0166,0.0948,-0.0688,TRANSLATE2
-32.5274,32.5205,-6.6531,0.0625,46.4745,34.0202,0.0083,110.9439,1730.2513,0.0957,0.001034,0.0199,0.0743,-0.0548,TRANSLATE2
-20.6532,23.9164,-16.9538,0.0582,35.8605,10.614,0.0043,87.0381,1891.1832,0.0772,0.000364,0.0227,0.0594,-0.0392,TRANSLATE2
-35.1944,24.6081,-34.1005,0.0407,54.8366,18.976,0.0175,68.245,982.4243,0.0631,0.000198,0.0237,0.0478,-0.023,TRANSLATE2
-44.0368,26.3428,-39.521,0.0298,64.7695,9.9329,0.0109,56.4872,234.6787,0.0524,0.000224,0.023,0.0371,-0.0066,TRANSLATE2
-36.2388,25.8461,-33.1637,0.038,55.5077,9.2618,0.0082,51.4898,94.6244,0.0458,0.000155,0.0201,0.0235,0.0085,TRANSLATE2
-14.5567,22.2769,-10.081,0.0475,28.4567,27.051,0.0095,47.8862,182.713,0.0428,9.1e-05,0.0162,0.0074,0.021,TRANSLATE2
4.9984,15.5496,3.829,0.0452,16.7761,11.6806,0.0023,44.0693,332.7892,0.0402,3.8e-05,0.0117,-0.0066,0.0299,TRANSLATE2
11.2237,10.2897,-2.2524,0.0514,15.3923,1.3837,0.0063,36.1804,411.8421,0.0424,5.9e-05,0.0075,-0.0128,0.037,TRANSLATE2
5.3165,12.7786,-18.8207,0.0574,23.3619,7.9696,0.006,27.8989,212.6544,0.0479,4.2e-05,0.0036,-0.0141,0.0434,TRANSLATE2
2.0657,17.3948,-26.6222,0.0562,31.8683,8.5064,0.0012,23.171,41.004,0.0516,2.3e-05,0.0001,-0.0138,0.0479,TRANSLATE2
13.8713,27.5096,-17.1259,0.0626,35.2489,3.3806,0.0064,24.5295,62.7461,0.0546,3.5e-05,-0.0028,-0.0145,0.0511,TRANSLATE2
32.5877,41.8639,2.2774,0.0546,53.1011,17.8522,0.0081,31.7945,161.2103,0.0565,1.4e-05,-0.0049,-0.0171,0.0516,TRANSLATE2
46.3014,52.6755,17.9938,0.0369,72.4038,19.3026,0.0177,43.1968,307.2143,0.0536,7.7e-05,-0.0058,-0.0193,0.0483,TRANSLATE2
54.9349,65.1154,15.0544,0.027,86.513,14.1092,0.0099,55.827,444.2652,0.0475,0.000178,-0.0054,-0.017,0.0419,TRANSLATE2
59.5541,76.0205,8.7592,0.0213,96.9666,10.4537,0.0057,68.8467,498.4429,0.0405,0.000251,-0.0041,-0.0098,0.0335,TRANSLATE2
72.1464,84.6601,8.0073,0.0236,111.5193,14.5527,0.0023,84.1008,404.1849,0.0327,0.000148,-0.0018,0.0016,0.0235,TRANSLATE2
95.0546,97.325,16.7402,0.0354,137.0685,25.5492,0.0118,100.8942,491.0848,0.0288,3.9e-05,0.0011,0.0144,0.0124,TRANSLATE2
123.8906,106.6444,26.6703,0.0645,165.6297,28.5612,0.0291,119.5394,819.2371,0.0344,0.00025,0.0037,0.028,-0.0003,TRANSLATE2
151.5437,113.7342,23.28,0.0981,190.9003,25.2706,0.0337,140.4169,1183.6941,0.0486,0.00085,0.0059,0.0431,-0.0154,TRANSLATE2
180.5725,119.1186,10.3646,0.1245,216.5712,25.6709,0.0264,164.3378,1393.7947,0.0692,0.001428,0.0078,0.06,-0.0313,TRANSLATE2
206.1392,126.1793,-7.527,0.1447,241.8083,25.2371,0.0202,190.3956,1357.1625,0.0934,0.001565,0.0102,0.0786,-0.0488,TRANSLATE2
226.3051,137.5747,-31.0966,0.161,266.6605,24.8522,0.0162,216.314,1279.9089,0.1186,0.001172,0.0127,0.097,-0.0665,TRANSLATE2
266.3035,155.3723,-51.7961,0.1698,312.6354,45.9749,0.0089,245.7152,1757.2656,0.1396,0.000669,0.0152,0.1105,-0.0834,TRANSLATE2
296.2303,164.8728,-68.4243,0.1846,345.8574,33.222,0.0147,276.7066,2201.5583,0.1569,0.00043,0.0165,0.117,-0.1019,TRANSLATE2
317.1218,157.4201,-85.0645,0.1982,364.1198,18.2625,0.0136,306.2163,2135.6987,0.1716,0.000343,0.0167,0.1171,-0.1218,TRANSLATE2
318.6631,112.5142,-98.4453,0.1975,351.9902,12.1297,0.0007,328.2527,1239.4688,0.1822,0.00022,0.0143,0.1088,-0.1413,TRANSLATE2
301.0523,71.0145,-93.3125,0.1768,323.0833,28.9069,0.0207,339.5372,358.753,0.1854,0.000125,0.0097,0.0902,-0.1562,TRANSLATE2
285.3044,43.7241,-67.2875,0.1632,296.3748,26.7085,0.0136,336.2851,576.035,0.184,0.000174,0.0037,0.0626,-0.166,TRANSLATE2
273.5841,22.9262,-18.155,0.1576,275.1427,21.2321,0.0056,322.1422,1105.3654,0.1786,0.000285,-0.0018,0.031,-0.1679,TRANSLATE2
274.6642,10.769,33.901,0.1534,276.9579,1.8152,0.0042,304.7098,857.3752,0.1697,0.000256,-0.0037,0.0042,-0.1642,TRANSLATE2
259.3126,-19.7473,36.8864,0.1491,262.6663,14.2916,0.0043,286.845,444.6674,0.16,9.2e-05,-0.0012,-0.0135,-0.1571,TRANSLATE2
210.0188,-47.4134,7.2185,0.1281,215.4253,47.241,0.0209,265.3134,738.5698,0.1503,0.000144,0.0054,-0.0239,-0.1469,TRANSLATE2
153.6744,-69.1432,-21.2033,0.133,169.8417,45.5836,0.0048,240.0068,1728.151,0.1442,0.000134,0.0149,-0.0373,-0.1341,TRANSLATE2
89.3021,-92.9709,-21.0658,0.1579,130.6224,39.2193,0.0249,211.1027,3038.7883,0.1443,0.000136,0.0255,-0.0556,-0.1188,TRANSLATE2
39.7354,-139.9329,-8.0557,0.1498,145.6881,15.0657,0.0081,184.8488,2337.9517,0.1436,0.000125,0.034,-0.0773,-0.0956,TRANSLATE2
59.7789,-182.1432,-9.5883,0.1318,191.9417,46.2536,0.018,170.7038,936.8212,0.1401,0.000135,0.0394,-0.0985,-0.0597,TRANSLATE2
111.5825,-206.2646,-14.1957,0.1613,234.941,42.9993,0.0295,174.607,1346.8673,0.1468,0.000152,0.041,-0.121,-0.0182,TRANSLATE2
152.391,-220.6992,-12.3284,0.1969,268.483,33.5421,0.0356,194.3352,2715.6643,0.1596,0.000454,0.0396,-0.1359,0.0248,TRANSLATE2
146.1566,-229.4718,-18.7471,0.2237,272.7096,4.2266,0.0267,222.7527,2324.7556,0.1727,0.001102,0.0362,-0.1443,0.0674,TRANSLATE2
80.1221,-251.7931,-23.7696,0.2457,265.3004,7.4091,0.0221,246.6751,926.744,0.1919,0.001695,0.0286,-0.1513,0.1089,TRANSLATE2
20.879,-251.9314,-35.2313,0.2759,255.2383,10.0621,0.0302,259.3345,182.001,0.2207,0.001555,0.0165,-0.1583,0.1479,TRANSLATE2
-13.5281,-234.1576,-30.4194,0.3114,236.5124,18.7259,0.0354,259.6487,167.0627,0.2507,0.001593,-0.0009,-0.161,0.1852,TRANSLATE2
-15.5693,-189.8573,1.5614,0.3237,190.5011,46.0114,0.0124,244.0524,864.4873,0.2761,0.001437,-0.0214,-0.1564,0.2193,TRANSLATE2
-6.468,-137.9921,30.5553,0.3007,141.4825,49.0186,0.023,217.8069,2115.5347,0.2915,0.000771,-0.0414,-0.1419,0.2462,TRANSLATE2
-8.9088,-87.6187,38.7943,0.2614,96.2362,45.2463,0.0393,183.9941,3476.9895,0.2946,0.000523,-0.057,-0.1205,0.2599,TRANSLATE2
-18.2708,-36.97,31.7573,0.2222,52.0492,44.1869,0.0393,143.3563,4292.2979,0.2839,0.001388,-0.0665,-0.0985,0.256,TRANSLATE2
-25.3229,16.3147,22.5652,0.1733,37.6378,14.4114,0.0489,103.5813,3209.9182,0.2563,0.002922,-0.0665,-0.077,0.2342,TRANSLATE2
-21.8302,47.458,15.4584,0.1161,54.4773,16.8395,0.0571,76.3766,1441.0536,0.2147,0.004214,-0.0588,-0.0567,0.1982,TRANSLATE2
-23.4298,57.832,4.7949,0.0673,62.5818,8.1045,0.0488,60.5965,382.3457,0.1681,0.004904,-0.0468,-0.0416,0.1557,TRANSLATE2
-24.6907,59.7812,-2.111,0.0368,64.7138,2.132,0.0305,54.292,91.9526,0.1231,0.004587,-0.0333,-0.0334,0.1125,TRANSLATE2
-25.9588,58.675,-4.8857,0.0249,64.3466,0.3673,0.0119,56.7515,105.1165,0.0837,0.002999,-0.0202,-0.0292,0.0712,TRANSLATE2
-32.4577,55.9525,-9.146,0.0254,65.3286,0.982,0.0005,62.2896,16.0922,0.0541,0.001199,-0.0097,-0.0256,0.0356,TRANSLATE2
-42.5661,51.262,-12.3387,0.0292,67.7636,2.435,0.0038,64.9469,2.8176,0.0367,0.000252,-0.0025,-0.0221,0.0091,TRANSLATE2
-46.8904,49.3408,-12.121,0.0348,69.1386,1.375,0.0056,66.2583,3.4933,0.0302,2.3e-05,0.0016,-0.019,-0.0094,TRANSLATE2
-48.8217,46.0977,-9.1218,0.0444,67.7625,1.3761,0.0096,66.868,3.097,0.0317,5.2e-05,0.004,-0.0152,-0.0232,TRANSLATE2
-49.1449,36.1688,-5.9443,0.05,61.3085,6.454,0.0057,66.2604,7.6379,0.0368,8.4e-05,0.0055,-0.0105,-0.0333,TRANSLATE2
-50.094,29.5381,-3.9929,0.0455,58.2911,3.0174,0.0045,64.8529,18.185,0.0408,5.8e-05,0.0061,-0.0058,-0.0391,TRANSLATE2
-52.1815,27.8524,-1.6381,0.0412,59.1721,0.881,0.0043,63.1346,19.9921,0.0432,2.6e-05,0.006,-0.0016,-0.0421,TRANSLATE2
-54.4514,28.2819,-1.7636,0.0389,61.3835,2.2113,0.0024,61.5836,10.9901,0.044,1.4e-05,0.0058,0.0033,-0.0428,TRANSLATE2
-60.958,25.0943,-6.1859,0.0388,66.2108,4.8273,0.0,61.2732,7.5401,0.0429,1.9e-05,0.0049,0.0088,-0.0408,TRANSLATE2
-71.432,23.5785,-16.9893,0.0359,77.1176,10.9068,0.0029,64.435,47.7515,0.0401,1e-05,0.0035,0.0144,-0.0356,TRANSLATE2
-82.1175,22.8035,-33.9383,0.0303,91.7338,14.6162,0.0057,71.1236,144.5103,0.037,1.4e-05,0.0009,0.0193,-0.0285,TRANSLATE2
-94.5096,22.474,-52.5507,0.0245,110.4478,18.714,0.0058,81.3787,320.055,0.0337,3.1e-05,-0.0028,0.0215,-0.0192,TRANSLATE2
-105.0421,20.7073,-64.5968,0.0345,125.0415,14.5937,0.01,94.1103,459.2878,0.0328,2.5e-05,-0.0083,0.0188,-0.0071,TRANSLATE2
-114.8618,17.3315,-65.6837,0.0594,133.4465,8.4049,0.0249,107.5574,432.2521,0.0369,0.000142,-0.0154,0.0104,0.0085,TRANSLATE2
-121.9019,17.7402,-57.6501,0.0844,136.0085,2.5621,0.025,119.3356,270.1023,0.0466,0.000498,-0.0233,-0.0031,0.0258,TRANSLATE2
-125.6559,21.8484,-42.6576,0.1026,134.4858,1.5228,0.0182,127.886,90.5264,0.0611,0.000862,-0.0304,-0.0202,0.0425,TRANSLATE2
-132.081,30.0725,-17.6292,0.1139,136.6035,2.1178,0.0114,133.1172,17.5425,0.079,0.000834,-0.0356,-0.0393,0.056,TRANSLATE2
-136.4523,28.5861,17.0748,0.122,140.4562,3.8527,0.0081,136.2001,5.7671,0.0965,0.000503,-0.0383,-0.0582,0.0644,TRANSLATE2
-139.0775,17.3533,56.1286,0.1241,150.9771,10.5209,0.0021,139.7063,35.6297,0.1094,0.000214,-0.0383,-0.0741,0.0684,TRANSLATE2
-147.5026,-3.8361,91.781,0.1189,173.7685,22.7913,0.0051,147.2582,207.9097,0.1163,5.9e-05,-0.0348,-0.085,0.0695,TRANSLATE2
-164.7677,-24.1314,117.856,0.1095,204.0117,30.2432,0.0094,161.1634,626.1198,0.1177,2.8e-05,-0.0286,-0.0887,0.0703,TRANSLATE2
-181.5798,-24.552,110.438,0.1027,213.9406,9.9289,0.0068,176.6308,823.3275,0.1154,6.6e-05,-0.0205,-0.0835,0.0735,TRANSLATE2
-214.2701,-13.0947,80.9379,0.0936,229.4212,15.4806,0.0091,194.4238,802.3809,0.1098,0.00012,-0.0114,-0.0712,0.0775,TRANSLATE2
-268.8755,2.1023,40.769,0.0855,271.9569,42.5357,0.0081,218.6198,1041.6892,0.102,0.000137,-0.002,-0.0571,0.0803,TRANSLATE2
-314.4535,15.0319,7.1059,0.0828,314.8928,42.9359,0.0027,246.8446,1696.417,0.0948,0.000102,0.0067,-0.0452,0.0808,TRANSLATE2
-327.0097,16.3849,-9.1247,0.0797,327.547,12.6543,0.0031,271.5517,2021.6218,0.0889,6.9e-05,0.0144,-0.0378,0.078,TRANSLATE2
-300.6265,14.7016,-4.2997,0.0742,301.0165,26.5305,0.0055,288.9669,1228.1603,0.0832,4.2e-05,0.0204,-0.0352,0.0715,TRANSLATE2
-243.7825,24.4832,11.479,0.0595,245.2776,55.7389,0.0146,292.1381,890.7169,0.0763,8.5e-05,0.025,-0.0325,0.0635,TRANSLATE2
-203.7541,40.1741,27.8613,0.0481,209.5374,35.7401,0.0115,279.6542,2017.9883,0.0688,0.000172,0.0276,-0.0241,0.0552,TRANSLATE2
-182.597,65.5236,10.7047,0.0591,194.2926,15.2448,0.011,255.5342,2645.1843,0.0641,0.000129,0.0294,-0.0077,0.0443,TRANSLATE2
-211.4807,73.922,-20.2863,0.0681,224.9447,30.6521,0.009,235.0137,1374.0696,0.0618,7.9e-05,0.03,0.0123,0.0318,TRANSLATE2
-250.1752,85.797,-29.5603,0.0603,266.1251,41.1805,0.0078,228.0354,647.6848,0.059,4.1e-05,0.0283,0.0312,0.021,TRANSLATE2
-244.1152,111.3751,-9.6263,0.0741,268.4945,2.3694,0.0138,232.6789,894.0526,0.0619,7.8e-05,0.0248,0.0498,0.0123,TRANSLATE2
-213.614,137.0251,-7.0073,0.1107,253.8817,14.6128,0.0366,241.5477,798.203,0.0744,0.000359,0.0212,0.069,0.0003,TRANSLATE2
-206.6568,125.9388,-35.8965,0.1377,244.6553,9.2265,0.027,251.6202,252.0689,0.0902,0.000864,0.0164,0.084,-0.0157,TRANSLATE2
-217.7599,86.0261,-55.2578,0.1086,240.5686,4.0866,0.0291,254.745,124.4147,0.0983,0.000769,0.0134,0.0861,-0.0321,TRANSLATE2
-208.9673,30.4334,-10.2063,0.0592,211.4182,29.1504,0.0494,243.8037,354.2422,0.0981,0.000785,0.007,0.0778,-0.0438,TRANSLATE2
-155.6551,16.8717,82.4225,0.0401,176.9368,34.4815,0.0192,225.4921,791.2386,0.0913,0.001296,0.0017,0.0697,-0.0484,TRANSLATE2
-129.5084,46.4661,115.288,0.0999,179.5072,2.5705,0.0598,210.6172,831.704,0.0891,0.00123,-0.0016,0.0677,-0.048,TRANSLATE2
-145.7536,53.4135,100.521,0.1576,184.9367,5.4295,0.0577,198.6735,589.2321,0.0931,0.00168,-0.0035,0.073,-0.0458,TRANSLATE2
-179.031,46.2246,51.1574,0.1753,191.8486,6.9119,0.0177,188.9295,152.5623,0.1064,0.002806,-0.0058,0.0904,-0.0448,TRANSLATE2
-197.5061,42.8671,22.8572,0.1469,203.393,11.5443,0.0284,187.3245,90.6758,0.1239,0.002381,-0.003,0.1121,-0.0494,TRANSLATE2
-165.5705,44.8093,34.5014,0.1185,174.9623,28.4306,0.0285,186.9296,99.5036,0.1396,0.000735,-0.0005,0.1228,-0.0619,TRANSLATE2
-121.5002,43.3318,62.7949,0.1234,143.4682,31.4941,0.0049,179.7218,414.311,0.1443,0.00045,0.0008,0.1195,-0.0763,TRANSLATE2
-89.747,34.0405,77.8609,0.1334,123.5945,19.8737,0.01,167.4533,888.4115,0.1395,0.000415,0.0023,0.1083,-0.085,TRANSLATE2
-87.8476,28.6199,71.4762,0.1316,116.8124,6.782,0.0018,152.4461,1057.0676,0.1307,9.5e-05,0.0028,0.0961,-0.0876,TRANSLATE2
-103.8812,28.774,55.0622,0.1148,121.0417,4.2293,0.0167,135.9758,463.9284,0.1243,5.2e-05,0.0028,0.089,-0.0864,TRANSLATE2
-112.5675,33.7005,42.2685,0.0874,124.8751,3.8334,0.0274,125.9584,84.2355,0.1181,0.000279,0.0023,0.0849,-0.0818,TRANSLATE2
-111.029,37.3135,45.7492,0.0586,125.7486,0.8736,0.0288,122.4145,10.3662,0.1052,0.000813,0.0006,0.0752,-0.0728,TRANSLATE2
-93.6982,34.1414,65.2587,0.0461,119.1792,6.5694,0.0125,121.5314,11.4013,0.0877,0.001047,-0.0024,0.0599,-0.062,TRANSLATE2
-64.7179,20.5913,86.632,0.0362,110.0796,9.0997,0.0099,120.1848,31.3633,0.0686,0.000829,-0.0055,0.0445,-0.0501,TRANSLATE2
-38.2025,12.7293,83.4462,0.0503,92.6538,17.4257,0.014,114.5073,150.5728,0.0557,0.000303,-0.0077,0.0368,-0.0351,TRANSLATE2
-43.437,19.9678,51.7101,0.0654,70.4231,22.2307,0.0151,103.6169,399.1562,0.0513,0.000101,-0.0085,0.0357,-0.0183,TRANSLATE2
-79.2402,32.3242,11.4837,0.0618,86.3466,15.9235,0.0035,95.7365,298.7448,0.052,0.000112,-0.0084,0.0387,-0.001,TRANSLATE2
-118.6672,42.6,-17.013,0.0481,127.2246,40.878,0.0137,97.3456,384.5435,0.0524,0.000108,-0.0077,0.0392,0.0162,TRANSLATE2
-114.315,46.7144,-18.3729,0.0515,124.8508,2.3738,0.0034,100.2998,494.6923,0.0554,4.7e-05,-0.0069,0.0324,0.0318,TRANSLATE2
-82.077,42.8715,2.7204,0.0562,92.6391,32.2117,0.0047,100.2968,494.7375,0.0566,4e-05,-0.0051,0.0173,0.0416,TRANSLATE2
-46.0397,35.116,21.667,0.0558,61.8243,30.8148,0.0004,98.5771,609.3197,0.0547,2.2e-05,-0.0024,0.0015,0.0468,TRANSLATE2
-29.9786,27.0365,26.0179,0.058,48.0273,13.7969,0.0022,90.9132,1031.7233,0.0539,1.3e-05,0.0013,-0.0096,0.0504,TRANSLATE2
-43.4235,26.5355,18.9175,0.0621,54.2919,6.2645,0.0041,76.3267,823.4772,0.0567,1.2e-05,0.0055,-0.0126,0.0536,TRANSLATE2
-53.6732,24.1159,8.134,0.0583,59.4016,5.1097,0.0038,63.2368,238.5075,0.0581,5e-06,0.01,-0.0097,0.0549,TRANSLATE2
-65.2042,17.6489,4.7166,0.0549,67.715,8.3134,0.0034,58.252,44.7715,0.0578,6e-06,0.0134,-0.0062,0.0551,TRANSLATE2
-68.1509,7.4004,15.7826,0.0538,70.3448,2.6299,0.0011,59.9561,68.5625,0.0574,9e-06,0.0158,-0.005,0.0545,TRANSLATE2
-50.3144,2.0266,25.173,0.0594,56.2968,14.0481,0.0056,61.61,40.0462,0.0577,9e-06,0.0176,-0.0046,0.0543,TRANSLATE2
-28.3203,-0.2475,30.054,0.0576,41.2958,15.001,0.0018,59.0108,105.1125,0.0568,4e-06,0.019,-0.004,0.0529,TRANSLATE2
-17.3656,-3.8417,32.9182,0.0564,37.4157,3.8801,0.0012,54.6136,179.0168,0.0564,4e-06,0.0203,-0.0001,0.0511,TRANSLATE2
-13.0081,-7.1046,30.5533,0.058,33.9587,3.457,0.0016,47.8624,184.4333,0.057,4e-06,0.0217,0.008,0.0492,TRANSLATE2
-4.744,-1.09,26.9677,0.0594,27.4034,6.5553,0.0014,39.2741,93.2959,0.0582,1e-06,0.0235,0.0181,0.0469,TRANSLATE2
19.6829,14.0968,33.6116,0.0566,41.4232,14.0197,0.0028,36.2993,27.4161,0.0576,1e-06,0.0249,0.0272,0.0417,TRANSLATE2
63.8463,31.1462,45.4487,0.0617,84.3328,42.9096,0.0051,44.9067,409.7784,0.0584,4e-06,0.0262,0.0363,0.0347,TRANSLATE2
129.2365,50.2607,56.8214,0.0736,149.8562,65.5234,0.012,67.3949,2095.717,0.0619,3.8e-05,0.027,0.0458,0.0261,TRANSLATE2
192.7173,66.9242,63.9978,0.0879,213.8095,63.9534,0.0142,103.365,4865.7197,0.0678,0.000134,0.0278,0.0556,0.0145,TRANSLATE2
236.8238,88.2268,66.2982,0.0977,261.2756,47.4661,0.0098,150.1395,6510.9917,0.0755,0.000239,0.0282,0.0659,0.001,TRANSLATE2
270.8841,121.3533,68.0917,0.0908,304.5345,43.2589,0.0069,202.7617,6145.6094,0.0823,0.000168,0.027,0.074,-0.0123,TRANSLATE2
288.5635,162.3358,74.264,0.086,339.3184,34.7838,0.0047,253.7588,4469.3638,0.0872,6.2e-05,0.0254,0.0763,-0.0268,TRANSLATE2
274.4258,187.6843,89.5956,0.0918,344.3287,5.0104,0.0058,292.6534,2438.0083,0.0908,1.6e-05,0.0235,0.0707,-0.0436,TRANSLATE2
234.225,195.7755,106.389,0.1061,323.277,21.0517,0.0143,314.5468,902.9745,0.0945,4.8e-05,0.0212,0.0582,-0.0608,TRANSLATE2
180.2863,192.2704,122.5268,0.1209,290.6611,32.6159,0.0148,320.4239,414.9759,0.0991,0.000163,0.0192,0.041,-0.0788,TRANSLATE2
133.4196,155.2757,137.9589,0.1282,246.8684,43.7926,0.0074,308.8907,1313.549,0.1066,0.000263,0.0173,0.0279,-0.0969,TRANSLATE2
136.4982,100.2237,110.1828,0.1256,202.0317,44.8367,0.0026,281.4334,2658.2466,0.1145,0.000187,0.0161,0.0239,-0.1094,TRANSLATE2
166.2829,63.0883,60.365,0.1135,187.814,14.2177,0.0121,250.1304,2640.1255,0.1189,6.6e-05,0.015,0.0235,-0.1145,TRANSLATE2
177.4389,37.2926,15.7139,0.1048,181.9951,5.8189,0.0087,221.874,1700.1031,0.1186,7.3e-05,0.0132,0.0175,-0.1147,TRANSLATE2
179.8605,16.4528,-13.0008,0.1207,181.0787,0.9164,0.0159,199.9576,606.2919,0.1186,7.3e-05,0.0108,0.0032,-0.1105,TRANSLATE2
164.1103,-0.1596,-11.6631,0.1546,164.5243,16.5545,0.034,183.4887,146.0478,0.1238,0.000286,0.0096,-0.0247,-0.1035,TRANSLATE2
120.8101,-15.9808,7.7414,0.1708,122.1081,42.4161,0.0162,167.504,575.2848,0.1329,0.000645,0.0089,-0.064,-0.0952,TRANSLATE2
104.8043,-19.2753,33.1025,0.1472,111.5852,10.5229,0.0236,152.2583,885.7363,0.1396,0.000566,0.0095,-0.0994,-0.083,TRANSLATE2
135.2122,-19.7421,55.2632,0.1217,147.3978,35.8126,0.0256,145.3388,665.7269,0.143,0.000376,0.0135,-0.1202,-0.0672,TRANSLATE2
182.7604,-37.8406,62.4887,0.1177,196.82,49.4222,0.004,148.4871,930.4095,0.1424,0.000404,0.02,-0.1283,-0.0509,TRANSLATE2
161.8896,-77.5006,48.9941,0.1232,186.051,10.769,0.0055,152.7924,1142.6454,0.1361,0.000408,0.0284,-0.1261,-0.0342,TRANSLATE2
71.0085,-129.9848,18.9765,0.135,149.3264,36.7246,0.0117,158.2361,927.1093,0.129,0.000117,0.0371,-0.1203,-0.0165,TRANSLATE2
-34.9588,-180.616,1.3656,0.1278,183.9732,34.6467,0.0071,172.7137,414.7266,0.1251,3.5e-05,0.0435,-0.1136,0.003,TRANSLATE2
-52.3952,-224.3647,-9.8575,0.1258,230.6121,46.6389,0.002,189.3565,680.0081,0.1259,3.2e-05,0.0469,-0.1026,0.028,TRANSLATE2
-8.8755,-248.1417,-19.4548,0.1494,249.0614,18.4493,0.0235,199.8048,1272.6353,0.1323,8.9e-05,0.0468,-0.0905,0.0586,TRANSLATE2
7.7433,-246.2103,-21.7013,0.18,247.2861,1.7753,0.0306,212.0518,1535.7067,0.1436,0.000399,0.0424,-0.0778,0.0944,TRANSLATE2
7.2478,-222.4213,-23.7673,0.1952,223.805,23.4811,0.0153,226.9475,554.5563,0.1557,0.000772,0.0364,-0.0609,0.1299,TRANSLATE2
11.0451,-194.5558,-28.1013,0.1857,196.8849,26.9201,0.0096,229.5299,359.2813,0.1672,0.000664,0.0318,-0.0442,0.1559,TRANSLATE2
14.9361,-189.6478,-42.5748,0.1709,194.941,1.9439,0.0148,222.3957,547.4283,0.1762,0.000243,0.0274,-0.0328,0.1697,TRANSLATE2
31.452,-174.9901,-62.5099,0.1815,188.4629,6.4781,0.0106,210.276,488.6155,0.1827,6.3e-05,0.0233,-0.0211,0.1786,TRANSLATE2
45.3585,-140.0077,-83.0329,0.1803,168.9793,19.4835,0.0012,194.6146,310.47,0.1827,6.2e-05,0.0194,-0.0111,0.1805,TRANSLATE2
50.2837,-94.6437,-98.1982,0.1596,145.3573,23.622,0.0208,178.9251,379.1485,0.1756,8.8e-05,0.0158,-0.0069,0.1742,TRANSLATE2
52.8894,-53.0243,-98.2711,0.1321,123.5559,21.8014,0.0274,164.2593,712.7008,0.1649,0.000331,0.0117,-0.0114,0.1625,TRANSLATE2
54.8115,-21.607,-84.07,0.104,102.6593,20.8967,0.0282,145.8029,942.7036,0.1515,0.000887,0.0084,-0.0228,0.1455,TRANSLATE2
56.5055,-6.9574,-67.1622,0.0836,88.0457,14.6136,0.0203,125.7195,842.566,0.1319,0.001244,0.0067,-0.0386,0.1184,TRANSLATE2
58.9669,2.5465,-48.3923,0.076,76.3242,11.7214,0.0076,107.1885,612.8635,0.1111,0.000965,0.0068,-0.0533,0.0861,TRANSLATE2
57.4891,10.9247,-27.5044,0.072,64.6595,11.6648,0.0041,91.0489,422.7491,0.0935,0.000494,0.0073,-0.064,0.0537,TRANSLATE2
45.3257,15.5054,-11.0723,0.0687,49.1674,15.4921,0.0033,76.1712,340.8741,0.0809,0.000158,0.0075,-0.0683,0.0251,TRANSLATE2
27.6293,22.9887,0.464,0.0598,35.9454,13.222,0.0089,62.8284,346.1438,0.072,6.2e-05,0.0073,-0.0666,0.0027,TRANSLATE2
6.4409,27.3097,4.5712,0.0544,28.4289,7.5165,0.0054,50.9051,313.4612,0.0662,6.3e-05,0.0069,-0.0603,-0.0139,TRANSLATE2
-11.0816,26.9165,7.3007,0.0508,30.01,1.5811,0.0036,41.6422,185.7548,0.0611,6.6e-05,0.0065,-0.0514,-0.0258,TRANSLATE2
-25.3966,27.1895,13.2781,0.0453,39.5039,9.4939,0.0055,36.6111,55.3988,0.0558,6.4e-05,0.0061,-0.0417,-0.0329,TRANSLATE2
-35.5672,27.6985,19.2568,0.0395,49.021,9.5171,0.0057,36.5819,54.6671,0.0499,4.9e-05,0.0057,-0.0315,-0.0364,TRANSLATE2
-53.9882,27.015,20.0461,0.03,63.6112,14.5902,0.0095,42.115,170.087,0.044,7.4e-05,0.0048,-0.0219,-0.0368,TRANSLATE2
-75.7312,27.5651,13.2369,0.0173,81.6717,18.0605,0.0127,52.7636,332.1793,0.0366,0.00014,0.0033,-0.0142,-0.0327,TRANSLATE2
-88.5443,34.149,10.4333,0.0073,95.473,13.8014,0.01,65.8562,422.0385,0.0279,0.000196,0.0009,-0.0082,-0.0252,TRANSLATE2
-86.0823,37.3004,10.9404,0.0112,94.452,1.021,0.0039,76.8458,325.9231,0.0211,0.000145,-0.0016,-0.0026,-0.0163,TRANSLATE2
-79.3127,38.1716,11.6054,0.0218,88.7821,5.6699,0.0107,84.798,136.337,0.0175,6.4e-05,-0.0043,0.002,-0.0055,TRANSLATE2
-73.3627,43.9592,11.2718,0.0351,86.2644,2.5177,0.0133,89.3286,26.464,0.0185,9.3e-05,-0.0067,0.0056,0.0067,TRANSLATE2
-74.1339,57.7329,3.8112,0.0461,94.0396,7.7753,0.0111,91.8022,13.0581,0.0243,0.000212,-0.0082,0.0085,0.0187,TRANSLATE2
-79.4946,72.202,-5.7448,0.0517,107.5431,13.5035,0.0055,94.2163,54.0909,0.0332,0.000226,-0.0088,0.0112,0.0293,TRANSLATE2
-91.1488,82.0022,-19.7865,0.0545,124.1933,16.6502,0.0028,100.1645,198.4226,0.0418,0.000144,-0.0091,0.0111,0.0388,TRANSLATE2
-106.7253,85.5705,-30.8229,0.0614,140.2236,16.0303,0.007,110.4528,387.6078,0.0498,7.8e-05,-0.0095,0.0072,0.0471,TRANSLATE2
-121.2271,84.8502,-34.9396,0.0764,152.0406,11.817,0.015,123.6081,443.4403,0.058,0.000109,-0.01,-0.0003,0.0552,TRANSLATE2
-131.1723,85.102,-36.5267,0.09,160.57,8.5294,0.0136,136.9141,364.7678,0.0668,0.000208,-0.011,-0.0101,0.0631,TRANSLATE2
-140.7097,83.3879,-34.0901,0.1,167.0775,6.5075,0.01,148.821,232.4291,0.0765,0.00029,-0.0115,-0.0209,0.0715,TRANSLATE2
-146.3334,86.2447,-33.3314,0.1041,173.0971,6.0195,0.004,158.6018,133.3266,0.0864,0.000247,-0.0116,-0.0303,0.0797,TRANSLATE2
-151.5668,88.7582,-38.5964,0.096,179.8338,6.7367,0.008,166.5238,93.1761,0.0933,9.3e-05,-0.0113,-0.0363,0.0851,TRANSLATE2
-164.9753,89.6941,-50.9334,0.0836,194.5664,14.7326,0.0125,175.029,136.1631,0.0947,5.3e-05,-0.0092,-0.0404,0.085,TRANSLATE2
-187.6427,95.8553,-59.0686,0.0757,218.8313,24.2649,0.0079,186.6812,342.3044,0.0919,0.000113,-0.0052,-0.0451,0.0783,TRANSLATE2
-190.6454,103.3873,-53.3799,0.0732,223.3473,4.5161,0.0025,197.9352,407.6729,0.0865,0.00014,-0.0011,-0.0499,0.0669,TRANSLATE2
-148.082,113.8317,-42.6789,0.0621,191.5918,31.7555,0.0111,201.6341,278.6523,0.0781,0.000127,0.0028,-0.0535,0.0506,TRANSLATE2
-80.9343,109.256,-40.8556,0.0568,141.9733,49.6185,0.0053,194.062,838.1468,0.0703,9.3e-05,0.0069,-0.0561,0.0307,TRANSLATE2
-18.8381,82.6736,-45.1282,0.0819,96.0539,45.9194,0.0251,174.3595,2371.0261,0.07,8.4e-05,0.01,-0.0607,0.0077,TRANSLATE2
12.7577,49.8514,-28.0338,0.1028,58.5987,37.4552,0.0209,142.313,3628.6125,0.0754,0.000264,0.01,-0.0667,-0.0127,TRANSLATE2
46.7999,45.4186,21.7979,0.0955,68.7621,10.1634,0.0073,111.396,2441.3848,0.0798,0.000324,0.0072,-0.0707,-0.0285,TRANSLATE2
79.5587,84.2442,76.8321,0.067,139.0318,70.2697,0.0284,100.884,1197.3556,0.0808,0.000293,0.0041,-0.0682,-0.0405,TRANSLATE2
95.5188,121.9641,102.3094,0.0754,185.651,46.6192,0.0083,109.6195,2220.4702,0.0845,0.00017,0.0012,-0.0571,-0.0529,TRANSLATE2
92.965,140.1494,104.7694,0.1166,198.1439,12.4928,0.0412,130.0375,3334.0828,0.0915,0.000326,-0.0013,-0.0346,-0.0656,TRANSLATE2
60.1002,139.6446,92.4218,0.1494,177.9169,20.227,0.0328,153.9011,2202.397,0.1008,0.000885,-0.0016,-0.0024,-0.0809,TRANSLATE2
24.0926,135.9688,73.9062,0.1618,156.6208,21.2961,0.0124,171.4729,445.3787,0.114,0.001448,0.0007,0.0312,-0.0996,TRANSLATE2
-14.9509,140.8531,68.2906,0.168,157.2474,0.6266,0.0061,175.116,262.0947,0.1342,0.001181,0.0029,0.057,-0.1195,TRANSLATE2
-61.342,143.6325,70.62,0.1848,171.4069,14.1595,0.0169,172.2672,234.533,0.1561,0.000521,0.005,0.0749,-0.1367,TRANSLATE2
-104.3517,136.7623,61.0335,0.2028,182.533,11.1261,0.0179,169.145,111.9415,0.1734,0.000347,0.0069,0.0876,-0.1494,TRANSLATE2
-147.8251,122.2286,42.4924,0.2014,196.463,13.93,0.0014,172.8542,232.0482,0.1838,0.000281,0.0065,0.0961,-0.1563,TRANSLATE2
-170.057,127.2579,24.4158,0.1924,213.7991,17.3362,0.009,184.2899,383.8669,0.1899,0.000162,0.0046,0.103,-0.159,TRANSLATE2
-157.5831,128.4344,16.3483,0.1867,203.9487,9.8504,0.0057,193.6301,227.6615,0.1936,5.4e-05,0.0055,0.1091,-0.1595,TRANSLATE2
-162.6946,117.8444,17.9255,0.1826,201.6883,2.2605,0.0042,199.6864,105.1951,0.1932,6.3e-05,0.0065,0.1109,-0.1578,TRANSLATE2
-136.0369,98.8943,33.681,0.1785,171.5242,30.1641,0.004,197.4846,200.1217,0.1883,6.4e-05,0.0073,0.1091,-0.1531,TRANSLATE2
-111.8483,72.3935,40.8917,0.1766,139.3664,32.1577,0.0019,186.0653,745.0583,0.1834,3.2e-05,0.0098,0.108,-0.1476,TRANSLATE2
-119.2224,46.4961,24.0009,0.1688,130.1995,9.1669,0.0078,169.3454,935.8685,0.1787,3.6e-05,0.0131,0.1091,-0.14,TRANSLATE2
-159.3779,33.3312,-13.7774,0.147,163.4078,33.2083,0.0218,161.2372,637.6987,0.1707,0.00016,0.0133,0.1109,-0.1267,TRANSLATE2
-197.7086,31.7775,-49.4595,0.1106,206.2637,42.8559,0.0365,162.1523,715.0814,0.1563,0.000648,0.0112,0.1099,-0.1077,TRANSLATE2
-195.2731,38.4001,-61.1051,0.0671,208.1826,1.9188,0.0435,169.484,1067.5183,0.134,0.001645,0.0071,0.1013,-0.0854,TRANSLATE2
-165.5247,49.0982,-46.1841,0.0422,178.7234,29.4592,0.0249,177.3554,841.2187,0.1071,0.002246,0.0024,0.0852,-0.0636,TRANSLATE2
-129.0135,55.2567,-24.0535,0.0443,142.3951,36.3283,0.0021,179.7945,634.9781,0.0822,0.001655,-0.0008,0.0652,-0.0484,TRANSLATE2
-106.2108,43.6647,-11.8584,0.0596,115.4468,26.9483,0.0153,170.2023,1317.3879,0.0648,0.000611,-0.002,0.0499,-0.0397,TRANSLATE2
-106.8187,28.2099,-40.6274,0.0795,117.7141,2.2673,0.0199,152.4924,1294.6638,0.0585,0.000196,-0.0002,0.0459,-0.0334,TRANSLATE2
-114.8299,16.6179,-87.6331,0.0629,145.4016,27.6875,0.0166,139.9362,526.7823,0.0577,0.000185,0.0023,0.0468,-0.0291,TRANSLATE2
-123.4858,-1.8557,-119.144,0.0412,171.6027,26.201,0.0217,138.5121,424.4188,0.0575,0.000192,0.0023,0.0337,-0.0195,TRANSLATE2
-113.048,10.3124,-46.0746,0.0766,122.5115,49.0912,0.0355,134.5354,456.7925,0.0639,0.000188,-0.0,0.0165,-0.0034,TRANSLATE2
-70.9228,8.3311,-1.1628,0.0488,71.4199,51.0916,0.0278,125.73,1103.0952,0.0618,0.000226,-0.0021,0.0037,0.0133,TRANSLATE2
-32.1914,1.693,14.1291,0.048,35.1964,36.2236,0.0009,109.2264,2457.1445,0.0555,0.000162,-0.0057,-0.0085,0.0276,TRANSLATE2
-26.875,-11.1237,3.2158,0.0672,29.2633,5.933,0.0193,85.9988,2934.7102,0.0564,0.000177,-0.0094,-0.0148,0.0424,TRANSLATE2
-34.4906,-7.599,-9.7992,0.0868,36.652,7.3887,0.0195,59.0086,1227.6563,0.0655,0.000233,-0.012,-0.0029,0.0546,TRANSLATE2
-29.1394,7.6896,-13.38,0.0881,32.9736,3.6785,0.0013,41.101,236.0161,0.0678,0.000305,-0.0142,0.0125,0.0626,TRANSLATE2
-10.4396,17.5329,-6.5884,0.0783,21.4428,11.5307,0.0098,31.1056,29.5499,0.0737,0.000221,-0.018,0.0176,0.0685,TRANSLATE2
9.6421,18.9232,-0.6332,0.0698,21.2475,0.1953,0.0085,28.3159,37.8566,0.078,7.2e-05,-0.0214,0.0159,0.0724,TRANSLATE2
31.7574,19.8354,3.6184,0.0683,37.6174,16.3699,0.0015,29.9867,52.1893,0.0782,6.8e-05,-0.0237,0.0107,0.0734,TRANSLATE2
51.3747,24.159,7.5979,0.0652,57.2778,19.6603,0.0031,34.1118,175.2476,0.0739,6.9e-05,-0.0237,0.007,0.0695,TRANSLATE2
64.1154,32.2459,10.4533,0.0592,72.5248,15.2471,0.006,42.0221,407.5283,0.0681,3.9e-05,-0.0223,0.0062,0.064,TRANSLATE2
74.3423,43.3967,9.9376,0.0453,86.6534,14.1286,0.0139,55.0642,551.1215,0.0615,7.9e-05,-0.0187,0.0082,0.0576,TRANSLATE2
89.5645,53.2236,12.7189,0.0312,104.9587,18.3053,0.0141,71.8064,539.9979,0.0538,0.00019,-0.0142,0.0116,0.049,TRANSLATE2
113.4922,59.3883,19.197,0.0328,129.5221,24.5634,0.0016,90.1873,634.5815,0.0467,0.000187,-0.0089,0.0174,0.0367,TRANSLATE2
137.7469,61.8856,20.1513,0.0512,152.3487,22.8266,0.0185,109.2015,829.2401,0.0439,0.000115,-0.0029,0.0257,0.0208,TRANSLATE2
164.4444,60.9304,23.0398,0.0734,176.8765,24.5278,0.0221,130.0719,1040.6139,0.0468,0.000234,0.0041,0.0358,0.0025,TRANSLATE2
216.3274,62.7662,31.685,0.0983,227.4666,50.5901,0.025,158.2345,1767.595,0.0574,0.000652,0.0115,0.0477,-0.0169,TRANSLATE2
267.5619,69.2192,41.9636,0.1271,279.5382,52.0716,0.0288,193.1504,2923.7292,0.0766,0.00112,0.0194,0.0618,-0.0372,TRANSLATE2
294.5277,74.4316,34.2084,0.1609,305.7071,26.1689,0.0337,228.3874,3406.1704,0.1022,0.001501,0.0287,0.0769,-0.0593,TRANSLATE2
290.6815,66.3359,9.1448,0.1827,298.2949,7.4122,0.0219,257.5767,2375.1899,0.1285,0.001588,0.0383,0.0889,-0.0831,TRANSLATE2
272.314,49.5125,-20.2498,0.1754,277.5183,20.7765,0.0073,277.705,747.0698,0.1489,0.001004,0.0451,0.0942,-0.1043,TRANSLATE2
267.3887,41.2569,-39.5904,0.1508,273.4341,4.0842,0.0246,286.8985,161.418,0.1594,0.000383,0.0475,0.0904,-0.12,TRANSLATE2
261.6578,43.6524,-40.0942,0.1339,268.2869,5.1472,0.0169,284.6483,214.7979,0.1607,0.000303,0.0453,0.0771,-0.1299,TRANSLATE2
245.8887,54.0563,-30.3973,0.135,253.5889,14.698,0.0011,274.2247,210.3876,0.1556,0.000409,0.0374,0.056,-0.1352,TRANSLATE2
199.1048,64.3669,-28.2116,0.1476,211.1438,42.4452,0.0126,256.7944,586.5395,0.1485,0.000225,0.0255,0.0327,-0.1374,TRANSLATE2
149.3526,80.1029,-33.3661,0.1656,172.7309,38.4129,0.018,235.8369,1474.7625,0.1466,0.000135,0.0135,0.0095,-0.1414,TRANSLATE2
112.8102,76.5073,-36.0773,0.1941,141.0003,31.7306,0.0285,209.3501,2289.3018,0.1552,0.000508,0.0031,-0.0157,-0.1508,TRANSLATE2
90.6325,42.2652,-3.9306,0.2123,100.0802,40.92,0.0182,175.7088,2850.8364,0.1709,0.000822,-0.0043,-0.0432,-0.1612,TRANSLATE2
112.3779,6.5966,42.9337,0.211,120.4807,20.4005,0.0013,149.0872,1539.0905,0.1861,0.000655,-0.0066,-0.0673,-0.1692,TRANSLATE2
148.3961,-35.3103,82.4719,0.2026,173.4065,52.9258,0.0084,141.5397,830.2088,0.1971,0.000291,-0.0038,-0.086,-0.1746,TRANSLATE2
165.2606,-108.2638,93.0494,0.1937,218.3811,44.9746,0.0089,150.6698,1733.1937,0.2027,6.3e-05,0.0021,-0.098,-0.1762,TRANSLATE2
124.4679,-179.0079,77.7864,0.1554,231.4883,13.1071,0.0383,168.7674,2693.2964,0.195,0.000437,0.0096,-0.0994,-0.1666,TRANSLATE2
82.9337,-222.0501,49.0854,0.1232,242.0612,10.5729,0.0322,197.1636,2017.7644,0.1772,0.00109,0.0173,-0.096,-0.1454,TRANSLATE2
63.2188,-244.2932,39.2277,0.1183,255.3715,13.3103,0.0049,224.1417,791.5245,0.1586,0.001211,0.0237,-0.0947,-0.1146,TRANSLATE2
102.8282,-280.5846,46.5009,0.1029,302.4296,47.0581,0.0154,249.9463,836.6326,0.1387,0.001048,0.0279,-0.0926,-0.0731,TRANSLATE2
167.8157,-326.8676,44.4632,0.1212,370.1102,67.6806,0.0183,280.2921,2604.3613,0.1242,0.000294,0.0292,-0.091,-0.0216,TRANSLATE2
175.6494,-363.8941,44.1143,0.1877,406.4698,36.3596,0.0666,315.2885,4087.4172,0.1307,0.000865,0.0261,-0.0946,0.0374,TRANSLATE2
151.0133,-315.7184,48.7852,0.2592,353.3598,53.11,0.0715,337.5482,2809.3604,0.1579,0.003419,0.0188,-0.0966,0.0996,TRANSLATE2
88.5106,-243.831,60.2969,0.2797,266.3145,87.0453,0.0205,339.7368,2468.8174,0.1901,0.005032,0.0098,-0.0955,0.1553,TRANSLATE2
33.9304,-196.5461,87.5625,0.2556,217.8275,48.487,0.024,322.8163,4876.5259,0.2207,0.003435,0.0017,-0.0962,0.1961,TRANSLATE2
13.0537,-181.9212,101.6188,0.2397,208.7872,9.0403,0.0159,290.5518,5988.709,0.2444,0.000964,-0.0048,-0.0865,0.2263,TRANSLATE2
12.4398,-160.6276,89.0794,0.2479,184.0954,24.6918,0.0082,246.0769,3589.886,0.2564,0.00018,-0.0087,-0.0652,0.2435,TRANSLATE2
4.2237,-134.7427,62.9104,0.2394,148.7654,35.33,0.0085,205.158,1507.5114,0.2525,0.000221,-0.0096,-0.0392,0.2435,TRANSLATE2
-20.071,-106.2598,35.1471,0.2279,113.7071,35.0583,0.0115,174.6365,1500.5817,0.2421,8.6e-05,-0.0112,-0.0133,0.2371,TRANSLATE2
-50.3756,-63.7922,13.102,0.2082,82.3335,31.3736,0.0197,147.5377,2097.1143,0.2326,0.00019,-0.0147,0.0078,0.2309,TRANSLATE2
-71.4036,-21.1213,-3.4746,0.1776,74.543,7.7906,0.0305,120.6889,1691.6012,0.2202,0.00063,-0.0182,0.0153,0.2187,TRANSLATE2
-75.7697,17.328,-16.3828,0.1376,79.4337,4.8907,0.04,99.7565,789.7592,0.1981,0.001354,-0.019,0.0136,0.1966,TRANSLATE2
-62.9627,34.9655,-30.0406,0.095,78.0341,1.3996,0.0426,85.6103,203.6405,0.1693,0.002307,-0.017,0.0079,0.168,TRANSLATE2
-60.1608,43.7068,-37.4419,0.0635,83.2556,5.2215,0.0316,79.52,9.7714,0.1364,0.002778,-0.0127,-0.0014,0.1347,TRANSLATE2
-65.0661,51.9217,-37.2879,0.0532,91.2132,7.9576,0.0102,81.2959,32.3805,0.1054,0.00217,-0.0069,-0.0122,0.0994,TRANSLATE2
-71.7873,56.8655,-28.4553,0.0537,95.8999,4.6867,0.0005,85.5673,47.6707,0.0806,0.001046,-0.0012,-0.0238,0.0658,TRANSLATE2
-78.9736,61.7799,-18.5392,0.0485,101.967,6.0671,0.0052,90.074,73.6266,0.0628,0.000284,0.0035,-0.0339,0.0368,TRANSLATE2
-79.2882,65.0927,-11.8751,0.0477,103.27,1.303,0.0008,95.1212,53.988,0.0533,3.2e-05,0.0076,-0.0404,0.0123,TRANSLATE2
-77.7462,60.3272,-10.1845,0.0527,98.9322,4.3378,0.005,98.2565,18.9043,0.0512,6e-06,0.0122,-0.0402,-0.0078,TRANSLATE2
-73.3501,55.6868,-10.7101,0.0565,92.7144,6.2178,0.0038,98.5567,15.0355,0.0518,1.1e-05,0.0166,-0.0351,-0.0232,TRANSLATE2
-72.3832,52.4588,-8.9524,0.0579,89.841,2.8734,0.0014,97.3449,27.3482,0.0527,1.7e-05,0.0205,-0.0278,-0.0346,TRANSLATE2
-73.5534,48.0389,-4.9245,0.0552,87.9892,1.8518,0.0027,94.5494,32.7661,0.054,1.3e-05,0.0234,-0.0209,-0.0425,TRANSLATE2
-76.799,42.7343,-4.7239,0.0439,88.0149,0.0257,0.0113,91.4983,16.7872,0.0532,2.5e-05,0.0249,-0.0133,-0.0443,TRANSLATE2
-82.2111,40.5874,-12.5104,0.0325,92.5338,4.519,0.0114,90.2187,4.3117,0.0492,9.4e-05,0.0242,-0.0053,-0.04,TRANSLATE2
-90.4282,40.6231,-30.1458,0.0311,103.616,11.0821,0.0014,92.399,34.2098,0.0441,0.000123,0.0217,0.0038,-0.0316,TRANSLATE2
-106.7707,36.6922,-51.7823,0.0332,124.2083,20.5924,0.002,99.2724,188.0237,0.0392,8.5e-05,0.018,0.0135,-0.0204,TRANSLATE2
-128.7166,30.7038,-75.8696,0.0353,152.5348,28.3265,0.0021,112.1816,563.2919,0.0352,2.1e-05,0.0127,0.0205,-0.0056,TRANSLATE2
-155.6889,29.3036,-97.3957,0.0468,185.9668,33.432,0.0115,131.772,1151.5549,0.0358,3.2e-05,0.0061,0.0219,0.0106,TRANSLATE2
-180.2699,28.2367,-114.0603,0.0542,215.1843,29.2175,0.0074,156.302,1633.4271,0.0401,7.9e-05,0.0001,0.0176,0.0252,TRANSLATE2
-202.119,12.3518,-123.3357,0.0605,237.0999,21.9156,0.0063,182.9988,1671.2034,0.046,0.000112,-0.0044,0.0076,0.0374,TRANSLATE2
-210.1733,-14.9592,-121.6373,0.074,243.2946,6.1947,0.0135,206.8161,1139.793,0.0542,0.000169,-0.008,-0.0063,0.0485,TRANSLATE2
-206.5262,-43.4923,-116.388,0.0938,241.0203,2.2742,0.0198,224.5132,471.3009,0.0659,0.000275,-0.0108,-0.0212,0.0586,TRANSLATE2
-191.0959,-54.6626,-103.7542,0.1147,224.211,16.8093,0.0209,232.162,115.6496,0.0794,0.000494,-0.0132,-0.0361,0.0682,TRANSLATE2
-174.0986,-38.4207,-80.9221,0.1303,195.7929,28.4181,0.0157,228.2837,307.5022,0.0947,0.000653,-0.0155,-0.0503,0.0783,TRANSLATE2
-193.7227,-18.4366,-51.5002,0.1274,201.2974,5.5045,0.0029,221.1232,386.3371,0.1081,0.000455,-0.0189,-0.0615,0.0867,TRANSLATE2
-204.2094,-1.7993,-35.3845,0.1032,207.2601,5.9627,0.0242,213.9164,274.5215,0.1139,0.000194,-0.0209,-0.0648,0.0912,TRANSLATE2
-223.4613,10.9887,-36.0076,0.0776,226.6103,19.3502,0.0256,211.0343,151.5178,0.1106,0.000367,-0.0211,-0.0613,0.0893,TRANSLATE2
-243.0815,1.1253,-49.5936,0.0577,248.0915,21.4812,0.0198,215.8105,368.6286,0.0992,0.000794,-0.0201,-0.0538,0.0805,TRANSLATE2
-258.409,-17.2685,-58.8999,0.0529,265.5985,17.507,0.0048,229.7716,589.3458,0.0838,0.00079,-0.0202,-0.0437,0.0679,TRANSLATE2
-247.5303,-23.6898,-64.498,0.0638,256.89,8.7086,0.0109,240.8901,450.6498,0.071,0.000327,-0.0212,-0.0342,0.0577,TRANSLATE2
-213.9117,-10.1424,-56.5984,0.0782,221.505,35.3849,0.0144,243.7391,291.4945,0.066,0.000105,-0.0247,-0.0309,0.052,TRANSLATE2
-175.3013,39.8142,-26.3006,0.0899,181.6795,39.8256,0.0117,234.7529,922.3436,0.0685,0.000187,-0.0304,-0.0313,0.0524,TRANSLATE2
-68.9035,118.8263,-6.1186,0.0939,137.4948,44.1846,0.004,212.6336,2289.3213,0.0757,0.000241,-0.0362,-0.028,0.0591,TRANSLATE2
5.0709,197.4579,-7.0168,0.0776,197.6476,60.1528,0.0163,199.0434,1588.4861,0.0807,0.000113,-0.0398,-0.0215,0.0641,TRANSLATE2
42.1224,260.3632,-21.3915,0.0506,264.6146,66.967,0.027,200.5883,1776.7715,0.0781,0.000229,-0.0422,-0.0144,0.0599,TRANSLATE2
39.5198,304.2968,-13.8976,0.0536,307.1669,42.5523,0.0029,217.7207,3667.5503,0.0731,0.000325,-0.0439,-0.0085,0.0438,TRANSLATE2
35.0033,320.7,9.6882,0.0708,322.75,15.5831,0.0172,245.9348,4817.9521,0.0693,0.000255,-0.0448,-0.0026,0.0196,TRANSLATE2
43.8933,332.2693,29.6318,0.0896,336.4633,13.7133,0.0188,285.7285,2521.6509,0.0684,0.000215,-0.0447,0.0011,-0.0124,TRANSLATE2
45.5865,321.3061,48.8742,0.1083,328.1836,8.2798,0.0187,311.8357,648.9047,0.0746,0.000479,-0.0453,0.0052,-0.0445,TRANSLATE2
27.8473,308.823,43.44,0.133,313.1041,15.0795,0.0247,321.5336,109.2115,0.0911,0.000776,-0.0445,0.0141,-0.073,TRANSLATE2
-9.6253,287.424,27.077,0.144,288.8571,24.247,0.0109,317.8716,268.0723,0.1091,0.000727,-0.0413,0.0293,-0.0929,TRANSLATE2
-61.8658,274.0392,11.2178,0.1482,281.1596,7.6974,0.0042,309.5535,463.6764,0.1246,0.000498,-0.0383,0.0448,-0.1078,TRANSLATE2
-95.6239,268.0127,4.6743,0.1612,284.599,3.4394,0.013,299.1807,335.7983,0.1389,0.000316,-0.0345,0.057,-0.1209,TRANSLATE2
-119.5335,253.982,8.2707,0.1812,280.8265,3.7725,0.02,289.7092,145.2319,0.1535,0.000272,-0.0281,0.0646,-0.1356,TRANSLATE2
-120.1674,212.4575,26.1259,0.2021,245.4811,35.3454,0.0209,276.1847,244.0794,0.1673,0.00047,-0.0196,0.0677,-0.1505,TRANSLATE2
-116.4777,167.1035,37.3788,0.2089,207.0937,38.3874,0.0068,259.832,899.2628,0.1803,0.000537,-0.0108,0.0704,-0.1642,TRANSLATE2
-123.1759,127.1609,30.0375,0.2035,179.5674,27.5263,0.0054,239.5135,1683.9307,0.1913,0.000317,-0.0006,0.0749,-0.175,TRANSLATE2
-146.1689,100.8225,13.0862,0.1852,178.0499,1.5175,0.0183,218.2037,1578.8395,0.1961,0.000119,0.0082,0.0792,-0.1784,TRANSLATE2
-172.9163,82.3017,5.4533,0.1632,191.5813,13.5314,0.022,200.3547,617.6791,0.1926,0.000278,0.0142,0.0807,-0.1736,TRANSLATE2
-182.1456,65.682,20.5033,0.1385,194.7088,3.1276,0.0247,190.2002,113.6626,0.1798,0.000683,0.0166,0.0792,-0.1604,TRANSLATE2
-171.0852,49.4706,43.162,0.1222,183.2497,11.4591,0.0162,185.4314,43.5049,0.1625,0.000878,0.0163,0.0759,-0.1426,TRANSLATE2
-143.4088,31.4234,65.3984,0.1097,160.7186,22.5311,0.0126,181.6616,144.5615,0.1438,0.00075,0.014,0.0728,-0.122,TRANSLATE2
-113.6677,14.5106,69.5531,0.1097,134.0467,26.6718,0.0,172.861,517.9376,0.1287,0.00041,0.0107,0.074,-0.1003,TRANSLATE2
-101.9466,3.7772,50.4581,0.1161,113.813,20.2337,0.0064,157.3074,903.2653,0.1193,0.000114,0.0066,0.082,-0.0766,TRANSLATE2
-109.2792,-1.9251,16.4102,0.099,110.5212,3.2918,0.0171,140.4698,777.7779,0.1114,6e-05,0.0026,0.09,-0.0534,TRANSLATE2
-119.2952,-13.0838,-10.0531,0.0668,120.4309,9.9097,0.0322,127.9061,334.2184,0.1003,0.000311,-0.0017,0.0904,-0.0321,TRANSLATE2
-116.3831,-20.6202,-13.5643,0.0461,118.9714,1.4595,0.0207,119.5567,65.1394,0.0875,0.000719,-0.0058,0.082,-0.0115,TRANSLATE2
-89.3596,-16.2462,-0.6296,0.0476,90.8266,28.1448,0.0016,110.9126,113.5112,0.0751,0.000785,-0.0094,0.0653,0.0073,TRANSLATE2
-57.9127,-11.2344,13.8682,0.0502,60.6005,30.2261,0.0026,100.2701,504.8286,0.0619,0.000399,-0.0118,0.0457,0.0218,TRANSLATE2
-36.0614,-10.6313,14.0008,0.0509,40.1182,20.4823,0.0007,86.1895,1009.1986,0.0523,5.5e-05,-0.0123,0.0306,0.0324,TRANSLATE2
-28.646,-13.6238,1.9663,0.0496,31.7815,8.3367,0.0013,68.4596,1052.4015,0.0489,3e-06,-0.0113,0.0222,0.0405,TRANSLATE2
-31.6199,-20.7522,-8.9114,0.0447,38.8572,7.0757,0.0049,52.4368,460.6428,0.0486,5e-06,-0.0088,0.0188,0.0434,TRANSLATE2
-34.7491,-32.6017,-8.7135,0.036,48.4386,9.5813,0.0088,43.9592,97.215,0.0463,3.1e-05,-0.0057,0.0165,0.042,TRANSLATE2
-35.443,-40.5283,9.1324,0.0402,54.609,6.1705,0.0042,42.7609,63.0766,0.0443,3.2e-05,-0.0031,0.0116,0.0407,TRANSLATE2
-17.045,-35.7132,38.8153,0.0435,55.431,0.8219,0.0033,45.8235,84.4067,0.0428,2.1e-05,-0.0014,0.0061,0.0404,TRANSLATE2
23.7327,-24.5112,60.546,0.0406,69.4972,14.0662,0.0028,53.3666,100.1617,0.041,9e-06,-0.0002,0.0046,0.0392,TRANSLATE2
64.6018,-11.8152,66.518,0.0547,93.4753,23.9782,0.014,64.2902,260.4743,0.043,4e-05,0.0012,0.0105,0.0362,TRANSLATE2
101.5377,5.6697,60.38,0.0795,118.27,24.7947,0.0249,78.2565,597.9261,0.0517,0.000221,0.0033,0.0257,0.0317,TRANSLATE2
140.1708,26.2826,44.7447,0.0988,149.4681,31.1981,0.0192,97.2283,1140.3738,0.0634,0.000501,0.007,0.047,0.0233,TRANSLATE2
170.1648,45.3167,26.4676,0.1106,178.0735,28.6055,0.0118,121.7568,1496.512,0.0769,0.000687,0.0115,0.0689,0.0096,TRANSLATE2
199.7318,56.6784,11.5835,0.1195,207.9409,29.8674,0.0089,149.4456,1669.1692,0.0926,0.00054,0.0166,0.0869,-0.0074,TRANSLATE2
216.1823,69.4427,-2.1864,0.123,227.0724,19.1315,0.0034,176.165,1533.8932,0.1063,0.000249,0.0213,0.0967,-0.0264,TRANSLATE2
226.7771,81.9635,-12.6022,0.1212,241.4637,14.3913,0.0017,200.8037,1109.2444,0.1146,8.1e-05,0.0251,0.0967,-0.0468,TRANSLATE2
237.0186,84.8208,-1.1786,0.1242,251.7415,10.2778,0.0029,221.2584,682.7123,0.1197,2.3e-05,0.0269,0.0876,-0.0681,TRANSLATE2
255.3336,81.1161,20.4446,0.1373,268.6877,16.9462,0.0131,239.3812,431.196,0.125,4e-05,0.0276,0.0733,-0.0892,TRANSLATE2
264.0169,64.8116,38.0338,0.1561,274.5033,5.8156,0.0189,252.6937,302.987,0.1323,0.000174,0.0281,0.0563,-0.11,TRANSLATE2
241.4073,31.493,45.9989,0.1754,247.7603,26.7429,0.0193,256.8313,159.4448,0.1428,0.000417,0.0298,0.0379,-0.1304,TRANSLATE2
196.679,-18.99,55.3835,0.1841,205.2086,42.5518,0.0086,249.5803,592.6154,0.1554,0.000506,0.0317,0.0188,-0.1485,TRANSLATE2
137.3776,-79.9888,64.8693,0.1835,171.694,33.5146,0.0005,233.5708,1548.6306,0.1673,0.000327,0.0337,0.0005,-0.1616,TRANSLATE2
70.2989,-136.5786,70.1048,0.1711,168.85,2.844,0.0124,213.6033,1741.0446,0.174,0.000104,0.0349,-0.0175,-0.1672,TRANSLATE2
-11.2452,-183.3066,65.5495,0.1525,194.9987,26.1487,0.0186,197.7024,815.6689,0.1733,0.000132,0.0352,-0.0359,-0.1631,TRANSLATE2
-86.7837,-225.9109,57.5333,0.1116,248.7514,53.7526,0.0409,197.9006,835.6696,0.1606,0.00073,0.0319,-0.0505,-0.1461,TRANSLATE2
-114.4238,-228.9475,35.5798,0.0526,258.4099,9.6585,0.059,208.5408,1444.0493,0.1343,0.002258,0.0282,-0.0545,-0.1164,TRANSLATE2
-94.9297,-205.5393,-9.2705,0.0261,226.5921,31.8178,0.0265,219.5204,1117.13,0.1028,0.003121,0.0241,-0.0499,-0.079,TRANSLATE2
-44.4781,-169.322,-62.4789,0.055,185.8813,40.7108,0.0288,222.9267,818.3474,0.0796,0.002106,0.023,-0.0452,-0.0405,TRANSLATE2
-3.2856,-131.4764,-90.7519,0.1043,159.7897,26.0916,0.0494,215.8849,1410.0226,0.0699,0.001072,0.024,-0.0487,-0.0059,TRANSLATE2
21.2746,-135.8405,-79.0859,0.158,158.6185,1.1712,0.0536,197.8583,1524.9114,0.0792,0.002188,0.0283,-0.0647,0.0192,TRANSLATE2
37.2697,-177.6411,-45.3375,0.1714,187.0853,28.4668,0.0134,183.5934,611.3354,0.103,0.003183,0.0334,-0.0873,0.0387,TRANSLATE2
68.0814,-220.1629,-22.7543,0.1757,231.5697,44.4845,0.0043,184.5889,700.913,0.1329,0.002167,0.0386,-0.1075,0.0612,TRANSLATE2
114.5557,-231.9835,-26.0847,0.2115,260.038,28.4682,0.0358,199.4202,1619.1235,0.1642,0.00121,0.0407,-0.1179,0.0922,TRANSLATE2
142.2321,-206.0993,-45.0865,0.2431,254.4399,5.5981,0.0316,218.3503,1552.0939,0.1919,0.000968,0.0385,-0.1154,0.1298,TRANSLATE2
134.1575,-185.2544,-57.9349,0.2532,235.9532,18.4868,0.0101,233.8172,661.2629,0.211,0.001125,0.0322,-0.1023,0.1699,TRANSLATE2
114.8104,-173.716,-65.5385,0.254,218.2979,17.6552,0.0008,240.0597,233.6881,0.2275,0.000909,0.0228,-0.0862,0.2053,TRANSLATE2
87.6202,-165.7166,-81.6839,0.2488,204.4787,13.8192,0.0052,234.6415,443.1171,0.2421,0.00025,0.0106,-0.0736,0.229,TRANSLATE2
55.143,-157.8483,-113.6596,0.2448,202.1765,2.3022,0.004,223.0692,390.9987,0.2488,1.9e-05,-0.0039,-0.0646,0.2388,TRANSLATE2
20.4082,-140.813,-151.3465,0.2391,207.7271,5.5506,0.0057,213.7267,153.9678,0.248,3.1e-05,-0.019,-0.0561,0.2392,TRANSLATE2
-2.8922,-117.7473,-183.5678,0.233,218.1053,10.3782,0.0062,210.1571,46.2571,0.244,5.4e-05,-0.0341,-0.0495,0.235,TRANSLATE2
-14.1419,-88.5103,-196.0042,0.2225,215.5266,2.5787,0.0104,209.6028,38.4617,0.2377,8.6e-05,-0.049,-0.05,0.2253,TRANSLATE2
-12.5666,-46.6645,-165.3128,0.2196,172.2318,43.2948,0.0029,203.1535,270.9344,0.2318,9.2e-05,-0.0619,-0.0595,0.2121,TRANSLATE2
-2.7721,-16.6066,-119.3658,0.196,120.5474,51.6845,0.0237,186.8276,1368.9645,0.222,0.00022,-0.072,-0.0737,0.1916,TRANSLATE2
13.0574,-0.8697,-71.1489,0.1724,72.3424,48.205,0.0235,159.7507,3169.8215,0.2087,0.000475,-0.0783,-0.0862,0.1689,TRANSLATE2
29.4771,24.5137,-32.0879,0.1429,49.9945,22.3478,0.0295,126.1285,3767.604,0.1907,0.000899,-0.0807,-0.0904,0.1449,TRANSLATE2
30.8411,49.2172,-17.7172,0.108,60.724,10.7294,0.0348,95.168,2066.1975,0.1678,0.001539,-0.079,-0.0843,0.1202,TRANSLATE2
21.5697,69.8331,-13.3956,0.0761,74.3059,13.5819,0.032,75.5828,581.8975,0.1391,0.00186,-0.0736,-0.069,0.094,TRANSLATE2
12.9745,77.1509,-4.729,0.0547,78.377,4.0712,0.0214,67.1488,107.9635,0.1108,0.001839,-0.0658,-0.0519,0.0692,TRANSLATE2
15.4296,77.1113,15.3887,0.0424,80.1314,1.7544,0.0123,68.7066,133.8518,0.0848,0.001339,-0.0566,-0.0368,0.044,TRANSLATE2
22.0625,74.7703,35.6766,0.0387,85.7331,5.6017,0.0037,75.8543,70.7147,0.064,0.000656,-0.047,-0.0246,0.0193,TRANSLATE2
29.5406,73.8788,47.6569,0.0435,92.7464,7.0133,0.0048,82.2588,40.9808,0.0511,0.000185,-0.0378,-0.0146,-0.0025,TRANSLATE2
25.6137,72.8936,45.6974,0.0547,89.7652,2.9812,0.0112,85.3506,30.0408,0.0468,4.4e-05,-0.0299,-0.0047,-0.0208,TRANSLATE2
10.5941,68.918,31.2017,0.0648,76.3903,13.375,0.0101,84.9533,36.2143,0.0488,9.2e-05,-0.0232,0.0075,-0.0339,TRANSLATE2
-9.6278,66.4844,9.8769,0.0676,67.9001,8.4901,0.0029,82.507,83.742,0.0538,0.00013,-0.018,0.0195,-0.043,TRANSLATE2
-32.1241,56.7907,-14.5734,0.0667,66.8545,1.0456,0.001,78.7313,116.4046,0.0594,8.5e-05,-0.014,0.0287,-0.0488,TRANSLATE2
-55.4462,46.1419,-32.0994,0.0515,78.9539,12.0994,0.0152,75.9728,69.5207,0.061,4.4e-05,-0.0115,0.0329,-0.0499,TRANSLATE2
-75.9851,35.3573,-43.4326,0.0383,94.3942,15.4402,0.0132,76.8986,98.4869,0.0578,0.000129,-0.0108,0.0321,-0.0466,TRANSLATE2
-99.5037,22.1452,-57.218,0.0253,116.8986,22.5044,0.013,85.0003,352.7986,0.0499,0.000267,-0.0113,0.028,-0.0389,TRANSLATE2
-128.8498,11.9037,-75.8931,0.0223,150.0125,33.1138,0.003,101.4228,869.9352,0.0408,0.000274,-0.0136,0.0211,-0.0281,TRANSLATE2
-170.8768,7.1417,-95.2176,0.0334,195.7454,45.7329,0.011,127.2009,1745.7805,0.0342,0.000107,-0.0173,0.0115,-0.0138,TRANSLATE2
-230.1545,-1.3304,-108.8429,0.0581,254.597,58.8516,0.0247,162.3296,3292.1594,0.0355,0.00016,-0.0223,-0.0013,0.0005,TRANSLATE2
-286.5236,-10.9362,-117.7462,0.0842,309.967,55.37,0.0261,205.4441,4869.6152,0.0447,0.000548,-0.0272,-0.0162,0.0168,TRANSLATE2
-331.6189,-1.8271,-118.4126,0.1155,352.1306,42.1636,0.0313,252.4905,5391.5776,0.0627,0.001151,-0.0323,-0.0341,0.0352,TRANSLATE2
-367.6951,25.2665,-108.955,0.1478,384.3297,32.1991,0.0324,299.3539,4571.3604,0.0878,0.001645,-0.0369,-0.0546,0.0556,TRANSLATE2
-363.3436,68.8975,-83.9984,0.1647,379.2376,5.0921,0.0169,336.0524,2353.9185,0.114,0.001546,-0.0401,-0.0767,0.0729,TRANSLATE2
-329.7468,98.7118,-44.0175,0.1599,347.0079,32.2297,0.0048,354.5346,709.3372,0.1344,0.000926,-0.0406,-0.0963,0.0829,TRANSLATE2
-275.1162,97.3288,-5.5609,0.1394,291.8779,55.13,0.0205,350.9167,1084.166,0.1455,0.000304,-0.0389,-0.11,0.084,TRANSLATE2
-223.6711,74.988,15.1982,0.1243,236.3957,55.4822,0.0151,327.7698,3171.1018,0.1472,0.00021,-0.0351,-0.1174,0.0785,TRANSLATE2
-185.2244,63.9936,34.0929,0.1227,198.911,37.4848,0.0016,290.686,4477.0112,0.1422,0.000305,-0.0298,-0.1182,0.0714,TRANSLATE2
-157.442,73.6136,52.74,0.1145,181.6272,17.2838,0.0082,251.164,3725.5051,0.1322,0.000257,-0.0234,-0.1122,0.0646,TRANSLATE2
-138.1317,88.7815,80.4107,0.0885,182.8344,1.2072,0.026,218.3293,1743.96,0.1179,0.000281,-0.0162,-0.0996,0.0593,TRANSLATE2
-110.9491,83.2065,96.688,0.0424,169.0609,13.7735,0.0461,193.7658,544.1913,0.0985,0.000952,-0.0079,-0.0814,0.0527,TRANSLATE2
-93.8687,49.8683,86.9629,0.0268,137.3343,31.7266,0.0156,173.9536,425.1066,0.079,0.001466,0.0011,-0.0577,0.0405,TRANSLATE2
-96.1574,3.8384,66.4234,0.0466,116.9318,20.4025,0.0198,157.5577,682.0042,0.0637,0.001061,0.0103,-0.0324,0.0216,TRANSLATE2
-124.5416,-26.7355,50.2012,0.0539,136.9144,19.9826,0.0073,148.6152,571.3961,0.0516,0.000418,0.0181,-0.0075,0.0016,TRANSLATE2
-172.7614,-39.7916,37.7516,0.063,181.2596,44.3452,0.0091,148.3002,550.2378,0.0465,0.000147,0.0236,0.0162,-0.0155,TRANSLATE2
-186.3216,-51.4895,12.3732,0.0816,193.7008,12.4412,0.0186,153.2282,851.9944,0.0544,0.000328,0.0258,0.0374,-0.0256,TRANSLATE2
-158.0292,-48.501,-25.9108,0.0892,167.3228,26.378,0.0076,159.2259,805.2307,0.0669,0.000262,0.0249,0.0533,-0.0256,TRANSLATE2
-108.5952,-24.4758,-45.3287,0.0682,120.1943,47.1285,0.021,159.8784,751.7405,0.0712,0.000161,0.023,0.0615,-0.0191,TRANSLATE2
-69.6512,16.8069,-30.5317,0.0428,77.8841,42.3102,0.0254,148.0724,1851.5,0.069,0.000258,0.0167,0.063,-0.0151,TRANSLATE2
-22.7834,65.7455,14.209,0.0489,71.0173,6.8669,0.0061,126.0239,2332.583,0.0661,0.000323,0.0097,0.0608,-0.0149,TRANSLATE2
4.1889,103.0714,46.1578,0.0903,113.0124,41.9951,0.0414,109.8862,1189.9846,0.0679,0.000389,-0.0008,0.0595,-0.0203,TRANSLATE2
30.8011,136.5384,71.4575,0.1189,157.1548,44.1423,0.0285,107.8526,972.9186,0.0738,0.000783,-0.0107,0.0618,-0.0301,TRANSLATE2
16.1128,159.6807,64.0785,0.145,172.8109,15.6562,0.0262,118.3759,1675.6316,0.0892,0.001555,-0.0191,0.0733,-0.0454,TRANSLATE2
4.7996,163.9664,56.9503,0.1479,173.6415,0.8306,0.0029,137.5274,1591.7937,0.1102,0.001373,-0.0246,0.0898,-0.0583,TRANSLATE2
10.6084,164.9232,61.1603,0.1393,176.218,2.5765,0.0087,158.5675,563.78,0.1283,0.000463,-0.0292,0.1044,-0.068,TRANSLATE2
28.0336,169.8104,82.6751,0.1375,190.9362,14.7182,0.0018,174.1523,115.3884,0.1377,0.000103,-0.0299,0.1111,-0.0749,TRANSLATE2
42.8238,178.1921,104.7119,0.1547,211.0708,20.1346,0.0172,184.9355,213.9234,0.1449,3.8e-05,-0.0287,0.1141,-0.0836,TRANSLATE2
30.3278,179.8599,104.3196,0.1821,210.1236,0.9472,0.0274,192.398,255.7214,0.1523,0.00026,-0.0259,0.1145,-0.0955,TRANSLATE2
-7.119,163.7785,94.0963,0.2006,189.0191,21.1045,0.0185,195.4735,178.1848,0.1628,0.000612,-0.0195,0.1147,-0.1118,TRANSLATE2
-48.4796,131.2541,82.2926,0.2,162.3268,26.6923,0.0006,192.6953,316.0518,0.175,0.00063,-0.0111,0.1155,-0.1288,TRANSLATE2
-72.6962,93.2126,77.9966,0.18,141.6221,20.7047,0.02,182.8325,739.8525,0.1835,0.000282,-0.0025,0.1156,-0.1409,TRANSLATE2
-76.7788,66.7107,75.4973,0.1493,126.6695,14.9526,0.0307,165.9522,926.285,0.1824,0.000348,0.0043,0.1115,-0.1437,TRANSLATE2
-69.6043,52.8123,65.2697,0.1191,109.0598,17.6097,0.0302,145.7394,774.8558,0.1698,0.000992,0.0079,0.1029,-0.1344,TRANSLATE2
-65.1741,45.0561,54.3251,0.0928,96.0674,12.9924,0.0263,127.1491,548.0929,0.1482,0.001523,0.0086,0.0914,-0.1158,TRANSLATE2
-56.058,37.9012,43.382,0.0688,80.3803,15.687,0.0239,110.7598,469.4534,0.122,0.00156,0.0075,0.0792,-0.0917,TRANSLATE2
-47.337,33.0647,36.6087,0.0466,68.3686,12.0117,0.0223,96.1091,423.7176,0.0953,0.001313,0.0058,0.0661,-0.068,TRANSLATE2
-40.7977,25.7705,34.487,0.0273,59.3121,9.0565,0.0193,82.6376,326.2538,0.0709,0.00106,0.0043,0.0517,-0.0482,TRANSLATE2
-35.0632,19.7351,36.049,0.0079,54.0225,5.2896,0.0194,71.6302,229.2287,0.0487,0.000896,0.0031,0.0364,-0.032,TRANSLATE2
-34.2443,13.6912,40.0767,0.01,54.4634,0.4409,0.0021,63.3094,99.4976,0.0321,0.000532,0.0025,0.0231,-0.0174,TRANSLATE2
-30.4079,14.6592,36.6988,0.0245,49.8632,4.6002,0.0145,57.206,40.1224,0.0232,0.000195,0.0025,0.0126,-0.0038,TRANSLATE2
-21.1389,19.1149,28.8497,0.0318,40.5529,9.3104,0.0073,51.6428,39.7181,0.0203,9.2e-05,0.003,0.0054,0.0084,TRANSLATE2
-14.5986,23.2388,20.1735,0.0318,34.0607,6.4922,0.0,46.5925,64.2754,0.0212,0.000108,0.0042,0.0001,0.0181,TRANSLATE2
-11.7414,27.4692,16.6232,0.0308,34.1869,0.1262,0.001,42.6254,68.2765,0.0258,7e-05,0.0059,-0.0037,0.0243,TRANSLATE2
-3.8087,30.8472,21.2673,0.0285,37.661,3.4741,0.0023,39.2649,33.8851,0.0295,8e-06,0.008,-0.0064,0.0268,TRANSLATE2
12.2686,34.2278,27.567,0.0241,45.6289,7.9679,0.0044,38.4181,18.8032,0.0294,8e-06,0.0103,-0.0077,0.0254,TRANSLATE2
31.8899,42.8572,35.9254,0.0211,64.3766,18.7477,0.003,43.1828,129.9578,0.0273,1.7e-05,0.013,-0.0073,0.021,TRANSLATE2
49.4713,49.7639,49.6716,0.0241,85.9716,21.5951,0.003,53.565,371.7019,0.0257,1.2e-05,0.0157,-0.0039,0.0144,TRANSLATE2
61.2896,59.833,69.9592,0.0389,110.5924,24.6208,0.0149,68.8461,713.5121,0.0273,3.9e-05,0.0188,0.0042,0.0072,TRANSLATE2
85.4504,73.7508,73.3392,0.0716,134.609,24.0166,0.0327,88.2357,1008.0057,0.036,0.000356,0.0223,0.0191,-0.0012,TRANSLATE2
105.4447,90.435,55.887,0.0925,149.7345,15.1255,0.0209,109.0568,967.8391,0.0496,0.00078,0.0255,0.0361,-0.0121,TRANSLATE2
126.0745,104.7949,42.5377,0.0975,169.37,19.6355,0.005,130.0555,855.1653,0.0649,0.000841,0.0274,0.0509,-0.0248,TRANSLATE2
164.2283,121.514,47.0645,0.1047,209.6465,40.2765,0.0072,154.7905,1121.6151,0.081,0.000564,0.0287,0.0629,-0.0386,TRANSLATE2
219.6014,148.9081,66.0516,0.1199,273.425,63.7784,0.0152,187.357,2485.1714,0.0972,0.00025,0.0298,0.0714,-0.055,TRANSLATE2
254.3561,171.6702,74.3444,0.1471,315.7448,42.3199,0.0272,223.5842,3912.98,0.1123,0.000388,0.0307,0.0751,-0.0748,TRANSLATE2
255.2224,161.8237,74.2912,0.1725,311.1986,4.5463,0.0254,255.877,3314.6563,0.1283,0.000777,0.031,0.0748,-0.0975,TRANSLATE2
249.6467,121.2464,64.3548,0.1891,284.896,26.3026,0.0166,278.9822,1452.535,0.1467,0.00099,0.0322,0.0766,-0.1197,TRANSLATE2
236.9892,71.694,35.5995,0.1873,250.1425,34.7535,0.0018,287.0814,591.7979,0.1632,0.000696,0.0339,0.0795,-0.1379,TRANSLATE2
228.3695,31.6833,16.3608,0.1619,231.1366,19.0058,0.0254,278.6237,1108.9292,0.1716,0.00025,0.0343,0.0774,-0.1488,TRANSLATE2
222.8675,4.8967,5.7637,0.1392,222.9958,8.1409,0.0227,260.0739,1108.1311,0.17,0.000337,0.0342,0.069,-0.1511,TRANSLATE2
210.4159,-11.0702,0.4484,0.1204,210.7073,12.2884,0.0189,239.9756,668.8557,0.1596,0.000721,0.0345,0.055,-0.144,TRANSLATE2
198.0952,-29.4936,7.0462,0.1171,200.4026,10.3047,0.0033,223.077,292.9277,0.1452,0.0007,0.0349,0.0336,-0.1327,TRANSLATE2
215.8636,-60.9855,15.7651,0.1037,224.8664,24.4637,0.0133,218.0218,121.5046,0.1285,0.000409,0.035,0.0131,-0.1192,TRANSLATE2
244.2347,-91.1728,4.409,0.0936,260.7345,35.8681,0.0102,223.9413,416.9395,0.1148,0.000241,0.0358,-0.0032,-0.1064,TRANSLATE2
248.1877,-115.7226,-12.4134,0.0884,274.1222,13.3877,0.0051,234.1666,815.8279,0.1046,0.000157,0.0356,-0.021,-0.0934,TRANSLATE2
237.9471,-129.0,-9.312,0.1043,270.8256,3.2966,0.0158,246.1903,829.9686,0.1014,9.8e-05,0.0335,-0.0416,-0.0772,TRANSLATE2
206.8202,-112.3687,10.4629,0.1393,235.6073,35.2184,0.035,253.2312,383.4927,0.1059,0.000316,0.0302,-0.0646,-0.0528,TRANSLATE2
135.6343,-58.9887,23.7516,0.1556,149.8014,85.8058,0.0163,238.2182,2136.7344,0.1162,0.000701,0.0308,-0.0903,-0.0266,TRANSLATE2
69.223,-21.5097,27.1825,0.1214,77.417,72.3845,0.0341,201.5547,5862.5322,0.1218,0.000573,0.0361,-0.1059,-0.0046,TRANSLATE2
56.4566,-66.914,-41.9165,0.0993,97.0661,19.6491,0.0221,166.1435,5738.9424,0.124,0.000447,0.0459,-0.1064,0.0121,TRANSLATE2
13.9246,-136.9531,-118.7738,0.1224,181.8166,84.7505,0.0231,148.3416,3279.4968,0.1276,0.000356,0.0561,-0.1023,0.031,TRANSLATE2
-33.6509,-204.3969,-163.1534,0.1857,263.6845,81.8679,0.0633,153.9571,4385.7002,0.1369,0.000917,0.0604,-0.1026,0.0517,TRANSLATE2
-67.3239,-246.8488,-147.9321,0.2518,295.5516,31.8671,0.0661,183.1071,7542.3213,0.1561,0.003118,0.0542,-0.1113,0.0777,TRANSLATE2
-84.0341,-247.3759,-93.2801,0.272,277.4126,18.139,0.0202,223.1062,5487.0107,0.1862,0.004654,0.039,-0.1263,0.1139,TRANSLATE2
-72.1398,-225.332,-59.9272,0.2587,244.0695,33.3431,0.0133,252.5069,1533.2771,0.2181,0.003179,0.0178,-0.1406,0.1551,TRANSLATE2
-68.1368,-211.1843,-61.3949,0.2292,230.2407,13.8288,0.0295,262.1917,539.2134,0.2395,0.000915,-0.0033,-0.1412,0.1857,TRANSLATE2
-76.4501,-204.5256,-80.4784,0.2266,232.706,2.4653,0.0026,255.9961,674.2627,0.2477,0.000302,-0.0204,-0.1271,0.2048,TRANSLATE2
-79.7819,-180.7923,-81.6483,0.2334,213.8165,18.8896,0.0067,239.649,449.9337,0.244,0.000326,-0.0334,-0.1038,0.2146,TRANSLATE2
-75.6787,-139.8964,-72.2999,0.2227,174.7156,39.1009,0.0106,219.1096,586.1208,0.2341,0.000163,-0.0434,-0.0832,0.2132,TRANSLATE2
-67.5648,-104.1296,-61.3024,0.1893,138.4412,36.2744,0.0334,197.984,1316.7084,0.2202,0.000252,-0.0506,-0.0707,0.2018,TRANSLATE2
-55.1144,-79.8568,-52.6951,0.1502,110.415,28.0262,0.0391,174.0189,2067.9478,0.2044,0.000967,-0.0553,-0.0655,0.1852,TRANSLATE2
-49.8477,-63.5542,-48.3904,0.1196,94.1572,16.2579,0.0306,146.3091,1886.8577,0.183,0.001851,-0.0557,-0.0608,0.163,TRANSLATE2
-47.7751,-45.3152,-43.2374,0.0994,78.7743,15.3828,0.0201,119.3007,1158.1418,0.1562,0.002024,-0.0529,-0.0549,0.1359,TRANSLATE2
-50.5951,-23.4834,-35.2711,0.0838,65.9953,12.779,0.0156,97.5566,639.4668,0.1285,0.001418,-0.0481,-0.0501,0.1071,TRANSLATE2
-48.4292,-5.4899,-20.0357,0.0673,52.6968,13.2986,0.0165,80.4077,413.553,0.1041,0.00083,-0.0422,-0.0478,0.0798,TRANSLATE2
-46.2152,1.5393,3.1652,0.0481,46.349,6.3477,0.0192,67.5945,301.2864,0.0836,0.000614,-0.0361,-0.0456,0.0557,TRANSLATE2
-42.4159,0.4627,16.3853,0.0252,45.4731,0.8759,0.0229,57.8577,163.238,0.0648,0.000683,-0.0301,-0.0404,0.035,TRANSLATE2
-49.6609,1.0171,14.7114,0.0126,51.8041,6.331,0.0126,52.4637,53.9705,0.0474,0.000686,-0.0238,-0.0309,0.0181,TRANSLATE2
-60.0443,7.2699,5.6535,0.0232,60.7465,8.9424,0.0106,51.4139,29.9681,0.0353,0.000391,-0.0179,-0.0172,0.0054,TRANSLATE2
-72.473,12.9128,-11.546,0.0372,74.5143,13.7678,0.014,55.7774,117.3246,0.0293,0.00015,-0.0131,-0.0,-0.0031,TRANSLATE2
-89.5971,14.0209,-41.3962,0.0516,99.6889,25.1746,0.0144,66.4454,371.3839,0.03,0.000179,-0.009,0.0179,-0.0084,TRANSLATE2
-105.1496,4.3198,-74.6169,0.0584,129.0069,29.318,0.0068,83.1521,787.0903,0.0366,0.000292,-0.006,0.0329,-0.0112,TRANSLATE2
-115.9509,-10.0785,-107.7248,0.0485,158.5901,29.5832,0.0099,104.5093,1272.5978,0.0438,0.000153,-0.0049,0.0416,-0.0112,TRANSLATE2
-130.6857,-18.3503,-134.9517,0.0372,188.7524,30.1623,0.0113,130.1105,1653.5178,0.0466,6.9e-05,-0.0059,0.0434,-0.0064,TRANSLATE2
-143.4486,-2.8896,-151.5426,0.0496,208.6888,19.9364,0.0124,156.9454,1550.1273,0.0491,4.7e-05,-0.0092,0.0389,0.0042,TRANSLATE2
-147.2182,11.1133,-163.0341,0.0579,219.9473,11.2586,0.0083,180.9971,1109.8298,0.0503,6e-05,-0.0147,0.0284,0.0174,TRANSLATE2
-148.0434,11.0344,-163.8679,0.0707,221.1137,1.1664,0.0128,199.4185,551.7557,0.0528,0.000124,-0.0221,0.0117,0.0313,TRANSLATE2
-144.0628,0.4744,-150.8506,0.0962,208.591,12.5227,0.0255,209.4187,135.1882,0.0623,0.000406,-0.0311,-0.0079,0.0455,TRANSLATE2
-136.3721,-10.1392,-120.2711,0.1205,182.1134,26.4776,0.0242,208.0909,197.1214,0.079,0.000678,-0.0402,-0.0267,0.0584,TRANSLATE2
-134.8352,-10.827,-88.2825,0.132,161.5288,20.5846,0.0116,198.6589,541.6924,0.0955,0.000797,-0.0478,-0.0426,0.0691,TRANSLATE2
-145.8775,-0.8897,-65.3073,0.1317,159.8314,1.6974,0.0003,186.6357,608.0095,0.1102,0.00056,-0.0535,-0.054,0.0795,TRANSLATE2
-156.2645,12.8382,-52.1052,0.125,165.2222,5.3908,0.0067,175.4574,337.0152,0.1211,0.000173,-0.0568,-0.0598,0.0884,TRANSLATE2
-163.4179,21.6331,-42.206,0.1183,170.1609,4.9387,0.0067,167.7713,63.983,0.1255,3.2e-05,-0.0572,-0.0606,0.0936,TRANSLATE2
-166.3468,26.9033,-40.1554,0.1096,173.2267,3.0658,0.0087,165.994,25.6374,0.1233,7.3e-05,-0.055,-0.0573,0.0942,TRANSLATE2
-177.4431,34.407,-46.1306,0.1129,186.542,13.3153,0.0033,170.9967,81.0673,0.1195,6.5e-05,-0.0515,-0.0548,0.0929,TRANSLATE2
-183.5888,53.9444,-39.1389,0.1255,195.3118,8.7698,0.0126,178.0927,124.0259,0.1183,4e-05,-0.0482,-0.057,0.0914,TRANSLATE2
-173.1929,82.3118,-13.3267,0.1319,192.2202,3.0916,0.0064,183.4923,101.6571,0.1196,6.7e-05,-0.0447,-0.062,0.0913,TRANSLATE2
-151.8137,119.7525,23.4605,0.1215,194.778,2.5578,0.0104,188.4158,67.345,0.1203,6.7e-05,-0.0402,-0.0677,0.0898,TRANSLATE2
-132.4885,145.6333,53.7465,0.083,204.0856,9.3076,0.0385,194.5875,32.2218,0.115,0.000293,-0.0338,-0.071,0.0826,TRANSLATE2
-118.7752,156.3785,72.4504,0.051,209.3104,5.2248,0.032,199.1412,41.8922,0.1026,0.000957,-0.0262,-0.0698,0.068,TRANSLATE2
-130.3326,161.9216,81.8072,0.0426,223.3777,14.0673,0.0084,204.7544,124.9331,0.086,0.001297,-0.018,-0.0638,0.0475,TRANSLATE2
-154.5224,164.7279,97.6051,0.0485,246.0471,22.6694,0.0058,215.5198,318.6368,0.0693,0.000879,-0.0101,-0.0559,0.0237,TRANSLATE2
-172.4617,162.1448,124.3747,0.0479,267.4005,21.3534,0.0006,230.0443,559.9539,0.0546,0.000209,-0.0033,-0.048,0.0026,TRANSLATE2
-166.1537,161.6284,161.6029,0.0205,282.5708,15.1703,0.0274,245.7413,730.5944,0.0421,0.000124,0.0014,-0.0377,-0.0102,TRANSLATE2
-119.7667,174.2339,194.6886,0.0411,287.4112,4.8403,0.0206,261.3615,568.4379,0.0401,0.000105,0.0046,-0.0211,-0.0171,TRANSLATE2
-67.179,196.0434,205.9509,0.1016,292.1674,4.7562,0.0605,275.1194,280.4046,0.0519,0.000721,0.0073,0.0056,-0.0237,TRANSLATE2
-58.2338,198.7816,182.8013,0.1712,276.2637,15.9037,0.0696,281.1627,75.1055,0.0765,0.002963,0.0099,0.0439,-0.0359,TRANSLATE2
-82.4371,159.3534,125.0942,0.2164,218.7188,57.5448,0.0452,271.4264,722.2771,0.1102,0.005581,0.0114,0.0898,-0.0534,TRANSLATE2
-127.0465,114.4921,44.5472,0.227,176.7306,41.9882,0.0106,250.2583,2042.8088,0.1515,0.004997,0.0117,0.1321,-0.0726,TRANSLATE2
-181.7341,75.1874,-45.8216,0.2079,201.9407,25.2101,0.0191,233.1642,1941.4529,0.1848,0.002084,0.0104,0.161,-0.0898,TRANSLATE2
-207.3717,62.2531,-103.5229,0.1661,239.9905,38.0498,0.0418,222.7289,1145.6013,0.1977,0.000603,0.0079,0.1696,-0.1009,TRANSLATE2
-151.8411,61.8337,-101.1496,0.1249,192.6405,47.35,0.0412,206.0042,473.7549,0.1885,0.001436,0.0042,0.1565,-0.1028,TRANSLATE2
-65.1635,74.2045,-54.2728,0.1162,112.6859,79.9546,0.0087,184.7976,1733.3649,0.1684,0.001922,0.0013,0.1311,-0.101,TRANSLATE2
25.7911,93.7886,2.8474,0.1312,97.3118,15.3741,0.0149,168.9139,2998.8105,0.1493,0.001147,0.0007,0.1048,-0.1015,TRANSLATE2
60.6891,112.7059,29.2092,0.1631,131.2972,33.9854,0.032,154.7852,2864.0388,0.1403,0.000417,0.0035,0.0881,-0.1067,TRANSLATE2
47.9919,122.6897,14.5017,0.1878,132.5379,1.2406,0.0247,133.2946,1049.1953,0.1447,0.000717,0.009,0.0836,-0.1169,TRANSLATE2
11.3529,116.5986,-18.9924,0.1913,118.6796,13.8583,0.0035,118.5025,168.7212,0.1579,0.000899,0.0148,0.0873,-0.1303,TRANSLATE2
-11.8052,94.4195,-35.3033,0.1768,101.4925,17.1871,0.0145,116.2638,214.8108,0.1701,0.000475,0.0184,0.0877,-0.1433,TRANSLATE2
-5.6504,54.7013,-21.3895,0.1569,59.0056,42.4869,0.0199,108.6026,739.9799,0.1752,0.00018,0.0183,0.0783,-0.1519,TRANSLATE2
16.9828,28.061,13.8728,0.1243,35.6131,23.3926,0.0327,89.4657,1336.2456,0.1675,0.00061,0.0134,0.0599,-0.1505,TRANSLATE2
38.0425,16.7113,51.4045,0.1038,66.0978,30.4847,0.0205,76.1777,897.8447,0.1507,0.001054,0.0051,0.0395,-0.1414,TRANSLATE2
42.309,6.9784,75.0704,0.0951,86.4542,20.3564,0.0088,69.7326,516.1451,0.1314,0.00097,-0.0034,0.0249,-0.1272,TRANSLATE2
26.7878,-14.2704,70.6251,0.09,76.8709,9.5832,0.005,64.8083,300.3493,0.114,0.000597,-0.0099,0.0221,-0.1091,TRANSLATE2
-1.1416,-32.1788,49.6095,0.0748,59.1429,17.7281,0.0152,64.8358,300.0338,0.0976,0.000267,-0.0147,0.0299,-0.0865,TRANSLATE2
-29.1195,-32.5212,26.5563,0.0521,51.0961,8.0468,0.0227,67.9324,157.407,0.0832,0.00033,-0.0178,0.0381,-0.0641,TRANSLATE2
-42.78,-19.9669,18.0044,0.0351,50.5269,0.5692,0.017,64.8182,207.6259,0.0694,0.000517,-0.0199,0.041,-0.0423,TRANSLATE2
-37.1928,-8.9111,25.7598,0.0252,46.1115,4.4153,0.0099,56.7497,118.8895,0.0555,0.000581,-0.0209,0.0364,-0.0222,TRANSLATE2
-30.0136,-5.6507,37.2672,0.0217,48.1829,2.0713,0.0035,51.0121,19.6743,0.0418,0.000383,-0.021,0.0267,-0.0047,TRANSLATE2
-28.8234,-8.2893,42.6794,0.0246,52.1635,3.9806,0.0029,49.6162,4.769,0.0318,0.000124,-0.0201,0.0159,0.0077,TRANSLATE2
-29.4712,-6.2971,39.2873,0.0337,49.5146,2.6489,0.0092,49.2999,4.233,0.0281,2.9e-05,-0.0182,0.0098,0.0155,TRANSLATE2
-32.2863,2.753,26.3767,0.0371,41.7818,7.7328,0.0034,47.5509,12.1772,0.0285,3.5e-05,-0.0154,0.009,0.0201,TRANSLATE2
-32.3916,9.9149,18.0857,0.0365,38.4007,3.3811,0.0006,46.0087,26.1298,0.0307,4.1e-05,-0.0125,0.0116,0.0239,TRANSLATE2
-27.4164,21.1694,16.6905,0.0382,38.4496,0.0489,0.0016,44.062,32.8228,0.034,2.4e-05,-0.0094,0.016,0.0276,TRANSLATE2
-14.1925,37.9511,20.843,0.0387,45.5647,7.1151,0.0005,42.7423,18.4059,0.0368,3e-06,-0.0064,0.0207,0.029,TRANSLATE2
8.3585,50.4515,28.2275,0.0473,58.4125,12.8477,0.0086,44.5218,55.1771,0.0396,1.6e-05,-0.0032,0.0266,0.0267,TRANSLATE2
30.0993,55.53,27.532,0.0654,68.9025,10.4901,0.0181,49.946,143.1377,0.0452,0.000116,0.0001,0.0356,0.0209,TRANSLATE2
48.1263,55.4365,20.5725,0.082,76.2402,7.3377,0.0166,57.5139,197.4828,0.0543,0.000288,0.003,0.0479,0.0121,TRANSLATE2
63.8261,55.8086,10.0486,0.0925,85.3776,9.1374,0.0105,66.8995,191.9808,0.0652,0.00041,0.0054,0.0613,0.0004,TRANSLATE2
78.3577,58.1031,3.0701,0.0975,97.5978,12.2202,0.0051,77.3061,181.1256,0.0769,0.00034,0.0077,0.0732,-0.0129,TRANSLATE2
98.4393,60.795,4.4155,0.104,115.7835,18.1857,0.0065,88.7803,274.1758,0.0883,0.000183,0.0102,0.0814,-0.0275,TRANSLATE2
119.9827,58.8454,7.5574,0.1212,133.8497,18.0662,0.0172,101.7698,432.6742,0.0994,0.00017,0.0126,0.0861,-0.0437,TRANSLATE2
136.3549,45.2825,6.4897,0.1349,143.8238,9.9741,0.0137,115.2865,473.3294,0.11,0.000248,0.0149,0.0876,-0.061,TRANSLATE2
150.9402,25.8917,0.3855,0.1361,153.1452,9.3214,0.0012,128.84,397.3804,0.1187,0.000247,0.0165,0.0858,-0.0776,TRANSLATE2
172.0803,5.3446,3.3396,0.1211,172.1956,19.0504,0.015,143.7596,355.514,0.1235,0.000136,0.0159,0.08,-0.0906,TRANSLATE2
165.608,8.6257,13.1873,0.1128,166.356,5.8397,0.0083,153.8741,198.7986,0.1252,8e-05,0.0139,0.0726,-0.0995,TRANSLATE2
155.4957,28.1599,24.428,0.1203,159.9019,6.454,0.0075,159.0845,98.7217,0.1251,8.1e-05,0.0122,0.0619,-0.1064,TRANSLATE2
171.006,45.4935,42.0986,0.1408,181.8928,21.9909,0.0204,166.6983,98.2176,0.1262,0.00011,0.0116,0.0467,-0.1141,TRANSLATE2
211.9454,3.973,76.7445,0.1664,225.4471,43.5542,0.0257,181.1587,542.6608,0.1323,0.000376,0.0113,0.0268,-0.1251,TRANSLATE2
221.7313,-42.8904,114.7675,0.1603,253.3297,27.8827,0.0061,197.3855,1305.0156,0.1401,0.000447,0.0132,0.0054,-0.1343,TRANSLATE2
182.6757,-66.6685,137.9734,0.1323,238.4361,14.8937,0.028,211.8015,1241.6572,0.144,0.000295,0.0171,-0.0154,-0.1375,TRANSLATE2
143.0999,-70.6817,152.0162,0.0886,220.4142,18.0219,0.0438,223.904,571.3104,0.1377,0.000758,0.0209,-0.0304,-0.1294,TRANSLATE2
147.9268,-66.3641,135.3067,0.0593,211.174,9.2402,0.0293,229.7602,216.4383,0.1214,0.001719,0.0255,-0.0354,-0.1101,TRANSLATE2
207.0727,-66.1944,97.3391,0.0586,238.1926,27.0186,0.0007,232.3093,220.4407,0.0998,0.001637,0.0329,-0.0304,-0.0818,TRANSLATE2
258.5144,-81.2305,44.4276,0.0743,274.5941,36.4015,0.0156,236.5622,471.5831,0.0826,0.000739,0.0427,-0.0246,-0.056,TRANSLATE2
284.0709,-119.7688,-1.2361,0.1102,308.2895,33.6953,0.0359,250.5329,1304.6609,0.0782,0.000377,0.0528,-0.029,-0.0369,TRANSLATE2
273.8411,-171.8088,-2.4482,0.1574,323.285,14.9956,0.0472,271.107,1758.5134,0.0919,0.00142,0.0622,-0.0487,-0.0243,TRANSLATE2
239.4198,-239.847,19.9289,0.1614,339.4784,16.1934,0.004,296.7679,1316.5673,0.1124,0.001754,0.0681,-0.0745,-0.0088,TRANSLATE2
225.7765,-294.2776,14.8713,0.1429,371.2082,31.7297,0.0185,323.371,1030.8976,0.1292,0.00108,0.0683,-0.0891,0.0183,TRANSLATE2
230.8149,-273.2971,-47.2374,0.1812,360.8299,10.3783,0.0383,340.6182,538.2287,0.1506,0.000558,0.0643,-0.0882,0.0576,TRANSLATE2
210.2394,-250.6658,-127.9618,0.1871,351.295,9.5349,0.0059,349.2193,278.0191,0.166,0.000261,0.0564,-0.0768,0.0985,TRANSLATE2
188.2634,-252.3295,-172.6538,0.188,359.058,7.763,0.001,356.3739,111.6736,0.1721,0.000305,0.044,-0.064,0.1352,TRANSLATE2
156.592,-253.6605,-180.3449,0.223,348.4092,10.6488,0.035,358.1601,64.0789,0.1844,0.000649,0.0275,-0.058,0.1667,TRANSLATE2
119.7642,-229.4878,-178.3634,0.255,314.3591,34.0502,0.0319,346.7903,284.461,0.2068,0.000797,0.0088,-0.0692,0.188,TRANSLATE2
86.5301,-182.1652,-172.2439,0.2664,265.2161,49.1429,0.0115,327.6675,1210.2263,0.2239,0.001084,-0.0121,-0.0925,0.1982,TRANSLATE2
74.4272,-139.7853,-151.0982,0.2621,218.8836,46.3326,0.0043,301.1852,2764.0515,0.2389,0.00088,-0.0332,-0.1187,0.2022,TRANSLATE2
64.2637,-103.7564,-101.3411,0.2617,158.6355,60.2481,0.0004,261.1007,4551.5166,0.2536,0.000248,-0.0515,-0.1386,0.2036,TRANSLATE2
55.0109,-59.1582,-29.101,0.2375,85.8648,72.7707,0.0242,208.5918,6411.2998,0.2565,0.000104,-0.0629,-0.148,0.1974,TRANSLATE2
46.715,-5.2578,38.3442,0.1744,60.6648,25.2,0.0631,157.8529,5976.0068,0.2404,0.001193,-0.0654,-0.143,0.1803,TRANSLATE2
39.3064,50.0687,47.9316,0.0954,79.6825,19.0178,0.079,120.7462,3515.8508,0.2062,0.004093,-0.0588,-0.1211,0.1533,TRANSLATE2
19.7607,73.5769,17.7765,0.0433,78.2307,1.4518,0.0521,92.6157,1159.8485,0.1625,0.006861,-0.0451,-0.0861,0.1201,TRANSLATE2
-0.807,72.7552,-21.6038,0.0191,75.8993,2.3315,0.0242,76.0684,70.2016,0.114,0.006649,-0.0277,-0.0482,0.0832,TRANSLATE2
-16.7456,68.5479,-42.2736,0.0343,82.2575,6.3582,0.0152,75.347,58.1482,0.0733,0.003213,-0.0111,-0.0195,0.0454,TRANSLATE2
-26.0434,76.3634,-30.3814,0.0626,86.2128,3.9553,0.0283,80.4566,12.54,0.051,0.000692,0.0019,-0.0079,0.0096,TRANSLATE2
-29.3785,79.0376,-10.7864,0.0813,85.0081,1.2047,0.0187,81.5217,15.429,0.0482,0.000474,0.0102,-0.0119,-0.0217,TRANSLATE2
-33.5246,73.0738,1.4803,0.089,80.4107,4.5974,0.0077,81.9577,13.3197,0.0573,0.00072,0.0154,-0.0203,-0.0457,TRANSLATE2
-41.1885,61.6309,-6.8408,0.0971,74.4423,5.9684,0.0081,81.6663,17.1902,0.0729,0.000502,0.0191,-0.022,-0.0634,TRANSLATE2
-57.0008,46.7704,-30.507,0.0965,79.7949,5.3526,0.0006,81.1738,17.578,0.0853,0.000162,0.0217,-0.015,-0.076,TRANSLATE2
-73.7287,36.0694,-52.6337,0.0854,97.5051,17.7101,0.0111,83.4322,60.7414,0.0899,3.8e-05,0.0225,-0.0023,-0.0831,TRANSLATE2
-85.6393,32.6837,-68.2257,0.0636,114.2675,16.7624,0.0218,89.2841,216.1628,0.0863,0.000149,0.0203,0.0101,-0.0817,TRANSLATE2
-91.5739,36.8188,-77.3025,0.0464,125.3678,11.1003,0.0171,98.2755,379.9759,0.0778,0.000394,0.0145,0.0174,-0.0735,TRANSLATE2
-94.9154,45.155,-84.9232,0.0356,135.129,9.7613,0.0108,110.4129,390.693,0.0655,0.000524,0.0064,0.0194,-0.0605,TRANSLATE2
-94.8854,55.7428,-89.1479,0.0298,141.6258,6.4967,0.0059,122.779,245.1288,0.0522,0.000409,-0.0029,0.0175,-0.0457,TRANSLATE2
-97.1958,66.238,-89.634,0.0302,147.8809,6.2551,0.0004,132.8542,141.886,0.0411,0.000162,-0.0121,0.0131,-0.0315,TRANSLATE2
-103.6411,73.6435,-90.6134,0.0391,156.127,8.2461,0.009,141.2261,111.0285,0.0362,3.8e-05,-0.0207,0.0061,-0.0198,TRANSLATE2
-114.641,79.8023,-82.2939,0.0555,162.1211,5.9941,0.0164,148.5767,94.0191,0.038,8.9e-05,-0.0284,-0.0045,-0.0092,TRANSLATE2
-123.5003,89.0668,-62.2976,0.0756,164.5181,2.3971,0.0201,154.4546,74.1277,0.046,0.000306,-0.0352,-0.0185,0.0016,TRANSLATE2
-127.919,103.1035,-32.11,0.0887,167.4056,2.8875,0.0131,159.6105,48.1742,0.0578,0.000479,-0.0408,-0.0328,0.0133,TRANSLATE2
-132.2133,119.0515,-5.2942,0.0922,177.9934,10.5878,0.0035,165.633,51.9726,0.0702,0.000408,-0.0447,-0.0451,0.0249,TRANSLATE2
-145.5582,132.9006,17.7084,0.0942,197.8973,19.9039,0.002,173.9871,172.3055,0.0813,0.000207,-0.0467,-0.0546,0.0358,TRANSLATE2
-163.559,145.8736,35.6042,0.0966,222.0323,24.135,0.0024,185.9693,462.2382,0.0895,5.5e-05,-0.0465,-0.0601,0.0461,TRANSLATE2
-181.2878,159.7395,53.0959,0.1017,247.3887,25.3564,0.0052,202.5435,849.9738,0.0947,1.9e-05,-0.0443,-0.0622,0.055,TRANSLATE2
-191.8147,173.0979,73.0111,0.1005,268.489,21.1003,0.0012,222.7601,1064.0896,0.097,1.3e-05,-0.0396,-0.0625,0.0616,TRANSLATE2
-204.3861,183.2439,90.2432,0.0944,288.9565,20.4675,0.0061,244.9527,1047.157,0.0975,1e-05,-0.0334,-0.0619,0.0663,TRANSLATE2
-214.037,184.792,95.2633,0.0826,298.3874,9.4309,0.0118,265.0508,771.4348,0.0952,4.7e-05,-0.0258,-0.0595,0.0685,TRANSLATE2
-228.7952,175.6774,92.8325,0.072,303.0308,4.6435,0.0106,281.2505,427.3827,0.0902,0.000129,-0.0171,-0.0564,0.0672,TRANSLATE2
-238.4018,166.5513,88.1317,0.0696,303.8781,0.8473,0.0024,292.5484,172.8187,0.0838,0.000147,-0.0083,-0.054,0.0623,TRANSLATE2
-240.8871,156.4566,85.7835,0.065,299.7733,4.1048,0.0046,298.8052,28.34,0.0767,0.000111,-0.0007,-0.052,0.0549,TRANSLATE2
-222.2128,142.1497,76.1299,0.064,274.5557,25.2177,0.001,295.925,118.2533,0.0706,4.4e-05,0.0046,-0.0514,0.0467,TRANSLATE2
-181.164,122.9541,68.1789,0.0588,229.3174,45.2383,0.0052,282.1111,813.5307,0.0659,2.1e-05,0.0081,-0.0523,0.0367,TRANSLATE2
-142.5374,101.3071,66.315,0.0511,187.0233,42.2941,0.0077,258.9096,1996.0303,0.0617,4e-05,0.0108,-0.0527,0.0267,TRANSLATE2
-98.6393,94.2894,73.2989,0.0385,154.8965,32.1268,0.0126,229.1132,2867.5178,0.0555,9.7e-05,0.0135,-0.0489,0.0184,TRANSLATE2
-66.3927,105.6596,70.5235,0.0276,143.3371,11.5595,0.0109,197.826,2361.5659,0.048,0.000178,0.0162,-0.0405,0.01,TRANSLATE2
-53.4142,123.4996,60.9813,0.0314,147.7293,4.3922,0.0038,172.4607,1042.6166,0.0415,0.000139,0.019,-0.0282,-0.0002,TRANSLATE2
-46.5032,149.6747,48.9507,0.0542,164.1987,16.4695,0.0228,159.437,240.1147,0.0406,0.000111,0.0217,-0.0145,-0.0125,TRANSLATE2
-56.6307,166.6366,42.598,0.0914,181.0784,16.8797,0.0372,158.248,180.1702,0.0486,0.000541,0.024,-0.0029,-0.0309,TRANSLATE2
-79.7702,161.4687,48.0534,0.1213,186.3989,5.3205,0.0299,164.5485,296.7223,0.0652,0.001301,0.0253,0.0067,-0.0552,TRANSLATE2
-79.913,147.6375,55.5052,0.1294,176.8155,9.5834,0.0081,171.2442,192.0013,0.0855,0.001428,0.0255,0.018,-0.0778,TRANSLATE2
-81.821,152.9381,37.4698,0.1717,177.4506,0.6351,0.0424,177.1884,53.781,0.1136,0.001541,0.026,0.0387,-0.0996,TRANSLATE2
-117.0162,146.8849,-18.946,0.2026,188.7509,11.3003,0.0309,182.0989,22.6602,0.1433,0.001541,0.0271,0.0656,-0.1175,TRANSLATE2
-170.7755,147.2704,-80.9131,0.1995,239.5825,50.8315,0.0032,193.7997,546.4154,0.1649,0.001167,0.0239,0.0913,-0.1289,TRANSLATE2
-207.0579,148.6194,-94.5992,0.1805,271.8634,32.2809,0.019,210.8926,1462.0824,0.1767,0.000694,0.0199,0.1143,-0.1303,TRANSLATE2
-208.7526,150.6987,-87.0137,0.1714,271.7703,0.0931,0.0091,229.8835,1610.3965,0.1852,0.00018,0.0146,0.131,-0.1292,TRANSLATE2
-205.6646,143.4496,-74.6516,0.1772,261.6267,10.1436,0.0058,246.7188,978.6559,0.1863,0.000156,0.0073,0.1378,-0.1239,TRANSLATE2
-198.091,134.9378,-69.1026,0.1777,249.4462,12.1805,0.0005,258.8578,160.7325,0.1813,9.2e-05,-0.0018,0.1396,-0.1133,TRANSLATE2
-192.6791,134.3096,-68.9477,0.1743,244.7817,4.6645,0.0034,259.8977,124.9706,0.1762,1e-05,-0.008,0.1438,-0.0983,TRANSLATE2
-185.6058,133.0383,-66.2363,0.158,237.7729,7.0089,0.0163,253.0796,147.7499,0.1717,5.2e-05,-0.0137,0.1468,-0.085,TRANSLATE2
-176.569,140.0182,-55.2171,0.1297,232.0143,5.7586,0.0283,245.1284,103.4087,0.1634,0.000336,-0.017,0.1447,-0.0724,TRANSLATE2
-165.3052,151.1958,-36.4956,0.1002,226.9755,5.0387,0.0295,238.1981,66.8462,0.148,0.000859,-0.0169,0.1328,-0.0624,TRANSLATE2
-148.8754,140.1066,-5.0808,0.0894,204.4983,22.4772,0.0108,229.2085,187.8649,0.1303,0.001056,-0.014,0.1141,-0.0584,TRANSLATE2
-128.0003,115.2915,15.5822,0.0862,172.9712,31.5271,0.0033,214.8464,565.6181,0.1127,0.000748,-0.0095,0.0945,-0.0569,TRANSLATE2
-111.3065,87.4364,20.2064,0.0746,142.9775,29.9937,0.0116,195.8874,1134.0773,0.096,0.00035,-0.0046,0.077,-0.0548,TRANSLATE2
-95.3546,64.7585,19.2464,0.0537,116.8614,26.1161,0.0209,172.8568,1591.6602,0.0808,0.000251,-0.001,0.0628,-0.0498,TRANSLATE2
-79.6555,51.1974,19.2658,0.0339,96.63,20.2314,0.0198,146.7877,1488.3984,0.0676,0.00044,0.0004,0.0525,-0.0404,TRANSLATE2
-66.2838,41.4579,22.5783,0.0226,81.3762,15.2538,0.0113,122.1632,1071.6643,0.0542,0.00057,-0.0003,0.0439,-0.0255,TRANSLATE2
-53.9677,34.4726,26.7626,0.0247,69.4054,11.9708,0.0022,101.4501,683.0177,0.0419,0.000388,-0.0025,0.0338,-0.0092,TRANSLATE2
-44.1085,26.8593,27.8945,0.0321,58.6949,10.7105,0.0073,84.5936,419.5723,0.0334,0.000121,-0.005,0.0234,0.0062,TRANSLATE2
-31.6431,21.1843,26.3875,0.0381,46.3288,12.3661,0.0061,70.487,305.1745,0.0303,3.4e-05,-0.0072,0.0139,0.0185,TRANSLATE2
-16.1457,17.2787,26.0287,0.0422,35.1672,11.1616,0.0041,58.1945,266.8752,0.0319,5.7e-05,-0.0087,0.0062,0.0277,TRANSLATE2
-4.7728,10.6355,25.8605,0.0437,28.3665,6.8007,0.0015,47.5925,224.9379,0.0362,4.9e-05,-0.0092,0.0004,0.034,TRANSLATE2
1.7474,6.4178,24.4884,0.0449,25.3756,2.9909,0.0013,38.7866,150.9514,0.0402,2.2e-05,-0.0089,-0.0038,0.0385,TRANSLATE2
6.6135,4.2123,20.5907,0.043,22.0331,3.3425,0.0019,31.4542,74.0559,0.0424,5e-06,-0.0077,-0.007,0.0408,TRANSLATE2
7.5783,4.1167,14.6444,0.0403,16.9952,5.0379,0.0027,25.5875,37.1997,0.0428,2e-06,-0.0065,-0.0081,0.0415,TRANSLATE2
11.6314,6.1465,11.8093,0.0368,17.6785,0.6832,0.0036,22.0898,19.1222,0.0417,8e-06,-0.0054,-0.0085,0.0405,TRANSLATE2
19.3739,10.6766,14.8724,0.0321,26.6557,8.9772,0.0047,21.7476,15.2952,0.0394,2.1e-05,-0.0043,-0.0078,0.0384,TRANSLATE2
32.0554,15.8819,23.3823,0.0233,42.7377,16.082,0.0088,25.2201,88.7218,0.0351,4.9e-05,-0.0031,-0.0061,0.0343,TRANSLATE2
49.2443,23.2149,38.4777,0.0199,66.6668,23.9291,0.0033,34.1468,350.5709,0.0305,6.1e-05,-0.0015,-0.0012,0.0285,TRANSLATE2
73.3954,34.1375,46.7759,0.0402,93.4893,26.8225,0.0202,49.4456,761.9885,0.0304,6e-05,0.001,0.0078,0.0201,TRANSLATE2
106.9851,44.9913,52.3739,0.0695,127.3305,33.8412,0.0294,71.376,1292.4268,0.037,0.000315,0.0046,0.022,0.0081,TRANSLATE2
135.8443,50.1524,55.1429,0.1006,154.9506,27.6201,0.0311,97.035,1631.0042,0.0507,0.000931,0.0087,0.0403,-0.0083,TRANSLATE2
166.0286,46.9032,54.6455,0.1269,180.9739,26.0233,0.0263,124.6822,1686.1439,0.0714,0.001513,0.0137,0.0608,-0.0275,TRANSLATE2
202.4979,42.5413,55.3164,0.1495,214.1846,33.2108,0.0226,154.1858,1744.6638,0.0973,0.00153,0.0187,0.0801,-0.0491,TRANSLATE2
232.8389,31.6018,56.1969,0.1707,241.6004,27.4157,0.0212,183.808,1658.6381,0.1235,0.001271,0.0223,0.0964,-0.0721,TRANSLATE2
252.8118,19.9752,53.8825,0.1877,259.2607,17.6604,0.017,210.194,1463.0964,0.1471,0.000956,0.0237,0.111,-0.0928,TRANSLATE2
274.1713,4.9739,34.4091,0.2039,276.3669,17.1061,0.0162,234.4773,1138.8203,0.1677,0.000742,0.0222,0.1259,-0.1079,TRANSLATE2
279.562,-5.1771,-16.3008,0.211,280.0847,3.7179,0.0072,254.2995,589.386,0.1846,0.000501,0.0182,0.1408,-0.1168,TRANSLATE2
266.6434,-12.3511,-72.8063,0.1635,276.6803,3.4044,0.0475,266.7986,211.4983,0.1874,0.000336,0.0103,0.1457,-0.1157,TRANSLATE2
267.2491,15.2316,-107.2138,0.103,288.3555,11.6752,0.0605,276.1496,90.0063,0.1738,0.00152,0.0013,0.1372,-0.105,TRANSLATE2
277.2743,63.1103,-113.7929,0.0745,306.2887,17.9332,0.0286,285.5552,126.167,0.1512,0.002943,-0.0064,0.1125,-0.0938,TRANSLATE2
286.0538,88.2726,-88.0937,0.124,312.0566,5.7679,0.0495,292.6932,198.7964,0.1352,0.002281,-0.0107,0.0681,-0.0898,TRANSLATE2
290.0024,68.6306,-36.7593,0.193,300.2713,11.7854,0.069,296.7305,162.1873,0.1316,0.001786,-0.0115,0.0076,-0.0954,TRANSLATE2
283.3738,17.3514,21.1582,0.2347,284.6919,15.5794,0.0417,298.3328,108.2037,0.1458,0.003506,-0.0062,-0.0545,-0.1085,TRANSLATE2
242.3928,-24.972,76.9265,0.249,255.53,29.1619,0.0143,291.7677,411.6099,0.175,0.004417,0.0032,-0.1119,-0.1225,TRANSLATE2
164.6018,-37.5214,120.9569,0.2548,207.6828,47.8472,0.0057,272.0465,1394.5663,0.2111,0.002365,0.0157,-0.1596,-0.1303,TRANSLATE2
87.2658,-50.589,151.7092,0.2615,182.1819,25.5009,0.0067,246.0716,2014.8356,0.2386,0.000598,0.0306,-0.1937,-0.1289,TRANSLATE2
21.8876,-78.1087,179.9018,0.266,197.3441,15.1621,0.0045,225.4862,1478.4283,0.2532,0.000119,0.0484,-0.2145,-0.1191,TRANSLATE2
16.4414,-144.8213,216.187,0.2364,260.7304,63.3864,0.0296,220.6938,1002.8303,0.2535,0.000107,0.0661,-0.2195,-0.1025,TRANSLATE2
53.7593,-218.257,238.8278,0.1977,327.9709,67.2404,0.0387,235.182,2851.8838,0.2433,0.000621,0.0807,-0.2116,-0.0785,TRANSLATE2
45.32,-274.8431,247.9966,0.1926,372.9543,44.9835,0.0052,268.2364,5404.2979,0.2308,0.000954,0.0894,-0.1966,-0.04,TRANSLATE2
13.2279,-272.2026,242.9035,0.2186,365.0635,7.8908,0.0261,304.8127,4460.4995,0.2223,0.000722,0.0915,-0.1775,0.0106,TRANSLATE2
-64.1083,-256.8059,224.5728,0.2367,347.1197,17.9438,0.0181,334.7678,1611.2681,0.2164,0.000347,0.0851,-0.1544,0.0695,TRANSLATE2
-116.7586,-225.4635,213.4332,0.254,331.6927,15.4269,0.0173,348.9602,315.4278,0.2199,0.000537,0.0714,-0.1275,0.1326,TRANSLATE2
-69.3537,-190.1552,187.4747,0.2551,275.8907,55.802,0.0011,338.5442,1186.6545,0.2314,0.000554,0.055,-0.0934,0.1862,TRANSLATE2
-22.608,-162.5085,151.5892,0.2522,223.3817,52.509,0.003,308.6297,2707.4426,0.2433,0.000197,0.0388,-0.0573,0.2198,TRANSLATE2
-1.5239,-141.9693,101.1119,0.2369,174.3021,49.0796,0.0152,270.4774,4223.6694,0.247,7e-05,0.0232,-0.0223,0.2359,TRANSLATE2
-11.7785,-124.0379,39.4677,0.2244,130.6975,43.6046,0.0125,227.193,5083.0024,0.2445,0.000144,0.0092,0.0063,0.2408,TRANSLATE2
-40.0415,-99.8179,-6.879,0.2014,107.7694,22.9281,0.0231,182.4083,3745.6921,0.234,0.000388,-0.0014,0.0186,0.2323,TRANSLATE2
-62.5895,-76.1262,-27.6188,0.188,102.3496,5.4199,0.0134,147.7001,2075.1191,0.2206,0.000542,-0.0097,0.0119,0.2182,TRANSLATE2
-58.8497,-44.2603,-21.9794,0.1671,76.8463,25.5032,0.0209,118.393,1074.7218,0.2035,0.000625,-0.0148,-0.0017,0.2005,TRANSLATE2
-43.1423,-17.0614,-10.1335,0.1317,47.4872,29.3591,0.0354,93.03,811.801,0.1825,0.000993,-0.0163,-0.0148,0.1793,TRANSLATE2
-35.7013,-0.7116,-7.985,0.0978,36.5903,10.8969,0.0338,74.2086,810.8741,0.1572,0.001434,-0.0146,-0.023,0.1542,TRANSLATE2
-39.5579,9.7995,-14.7223,0.0727,43.3314,6.7411,0.0252,61.321,610.1976,0.1315,0.00181,-0.01,-0.0245,0.1284,TRANSLATE2
-48.7213,18.6333,-18.7185,0.0569,55.4198,12.0884,0.0158,51.935,192.3967,0.1052,0.001596,-0.0037,-0.0216,0.1023,TRANSLATE2
-55.5052,30.0348,-12.5248,0.0493,64.3412,8.9214,0.0076,49.434,92.8092,0.0817,0.000901,0.0031,-0.0184,0.0783,TRANSLATE2
-53.3135,45.8622,-4.3198,0.0371,70.458,6.1169,0.0122,54.0281,159.3473,0.0628,0.00044,0.0094,-0.0164,0.0578,TRANSLATE2
-51.5946,53.8023,0.2441,0.0282,74.5436,4.0855,0.0089,61.6188,125.0903,0.0488,0.00024,0.0153,-0.0153,0.0386,TRANSLATE2
-50.7725,50.1106,0.8984,0.0368,71.3423,3.2013,0.0087,67.221,45.7292,0.0417,0.000103,0.0208,-0.0133,0.0206,TRANSLATE2
-50.8274,44.2322,-0.15,0.0425,67.379,3.9633,0.0057,69.6128,12.1596,0.0388,4.9e-05,0.0255,-0.0097,0.0048,TRANSLATE2
-52.9682,40.3108,-1.32,0.0454,66.5757,0.8033,0.0029,70.0597,8.2466,0.038,3.5e-05,0.0292,-0.0048,-0.0096,TRANSLATE2
-62.0839,36.1174,-5.3123,0.0476,72.0215,5.4458,0.0022,70.3724,8.8868,0.0401,4.9e-05,0.0318,0.0,-0.0216,TRANSLATE2
-73.1296,28.6095,-9.0311,0.0456,79.0443,7.0228,0.002,71.2726,19.6372,0.0436,1.4e-05,0.0323,0.0036,-0.0284,TRANSLATE2
-76.9193,21.7907,-10.4811,0.035,80.6305,1.5861,0.0107,73.1302,33.6994,0.0432,2e-05,0.0306,0.0056,-0.0296,TRANSLATE2
-75.4198,19.6638,-7.1693,0.0236,78.2701,2.3603,0.0113,75.3084,27.6234,0.0395,8.2e-05,0.0272,0.0072,-0.0273,TRANSLATE2
-69.8359,15.7561,-3.9979,0.0146,71.7028,6.5674,0.009,76.3338,13.92,0.0333,0.00016,0.0226,0.0085,-0.0221,TRANSLATE2
-58.2468,9.1049,-1.8171,0.0156,58.9821,12.7206,0.001,73.726,63.6161,0.0269,0.000141,0.0173,0.0098,-0.014,TRANSLATE2
-56.5225,-0.6099,-6.6193,0.021,56.912,2.0701,0.0054,69.2995,94.9074,0.022,5.3e-05,0.0118,0.0108,-0.0044,TRANSLATE2
-66.8492,-11.6004,-19.0017,0.0312,70.4589,13.5469,0.0102,67.2652,65.3596,0.0212,3.6e-05,0.0064,0.0112,0.0063,TRANSLATE2
-90.1981,-14.1616,-32.5607,0.0447,96.9353,26.4764,0.0135,70.9982,203.2654,0.0254,0.000127,0.001,0.0102,0.0179,TRANSLATE2
-118.696,-12.3699,-40.9705,0.0527,126.1758,29.2405,0.008,81.8928,693.3868,0.033,0.000195,-0.0042,0.0072,0.0288,TRANSLATE2
-154.7318,-8.5584,-44.0795,0.0578,161.1154,34.9396,0.0051,102.3195,1426.403,0.0415,0.000186,-0.0083,0.0018,0.0383,TRANSLATE2
-183.7636,-10.1498,-38.6917,0.059,188.0668,26.9514,0.0012,128.5504,1796.4924,0.0491,0.000105,-0.0111,-0.0058,0.0459,TRANSLATE2
-199.4015,-18.2511,-30.9002,0.0695,202.6052,14.5384,0.0105,154.9797,1519.8821,0.0567,6.6e-05,-0.0129,-0.0139,0.0524,TRANSLATE2
-205.3337,-18.7322,-24.9358,0.084,207.6887,5.0835,0.0145,177.1304,911.0469,0.0646,0.000124,-0.0135,-0.0204,0.0593,TRANSLATE2
-208.2763,-10.2326,-26.2112,0.0928,210.1684,2.4797,0.0087,193.9289,327.8844,0.0726,0.00019,-0.0139,-0.0241,0.0669,TRANSLATE2
-219.9367,2.7577,-37.9627,0.099,223.206,13.0376,0.0062,206.347,129.7592,0.0808,0.000217,-0.0144,-0.0255,0.075,TRANSLATE2
-236.69,21.078,-50.0389,0.0979,242.8381,19.6321,0.001,217.3013,209.2491,0.0886,0.000119,-0.0149,-0.0255,0.0833,TRANSLATE2
-242.1457,34.7905,-58.0436,0.0967,251.424,8.5859,0.0012,227.065,303.5949,0.0941,3e-05,-0.0147,-0.0263,0.0889,TRANSLATE2
-231.4416,50.8918,-55.0818,0.098,243.2883,8.1357,0.0013,234.1849,230.4525,0.0969,5e-06,-0.0129,-0.0298,0.0907,TRANSLATE2
-214.0002,75.8509,-41.6717,0.0963,230.8375,12.4508,0.0017,238.3188,100.2462,0.0976,1e-06,-0.0095,-0.0344,0.0898,TRANSLATE2
-201.8189,118.9245,-29.9436,0.0841,236.1578,5.3203,0.0122,240.9091,48.791,0.0946,2.8e-05,-0.0058,-0.0385,0.0854,TRANSLATE2
-192.9239,153.2084,-26.6267,0.0528,247.7931,11.6352,0.0313,241.9001,56.5424,0.0856,0.000294,-0.0025,-0.0406,0.0747,TRANSLATE2
-195.9828,169.8761,-27.8514,0.0354,260.8503,13.0572,0.0174,243.7854,106.669,0.0733,0.000622,0.0002,-0.0404,0.0591,TRANSLATE2
-189.0675,169.904,-23.8967,0.0388,255.3134,5.5368,0.0034,246.1904,127.4146,0.0615,0.000598,0.0021,-0.0385,0.0389,TRANSLATE2
-190.4759,158.1138,-6.0174,0.0609,247.6232,7.6902,0.022,249.5476,69.4125,0.0544,0.000306,0.0037,-0.0381,0.0143,TRANSLATE2
-193.6307,134.1598,33.5392,0.0821,237.9424,9.6808,0.0212,249.9045,60.364,0.054,0.000282,0.0054,-0.04,-0.0128,TRANSLATE2
-181.4327,108.5529,80.8689,0.078,226.3655,11.577,0.0041,245.619,151.9238,0.059,0.000372,0.0075,-0.0384,-0.0355,TRANSLATE2
-156.5087,92.436,115.5639,0.08,215.3936,10.9719,0.002,236.5276,205.5878,0.068,0.000269,0.0106,-0.0291,-0.0532,TRANSLATE2
-126.0819,73.2738,119.173,0.1045,188.3292,27.0643,0.0245,223.1308,420.1479,0.0811,0.000194,0.0147,-0.0115,-0.0678,TRANSLATE2
-127.0499,30.7159,100.6946,0.1223,164.9987,23.3306,0.0177,206.6059,702.9679,0.0934,0.000301,0.0179,0.0127,-0.0786,TRANSLATE2
-142.6806,-3.9023,72.9901,0.1177,160.3138,4.6848,0.0046,191.0802,694.115,0.1005,0.000343,0.0205,0.0401,-0.0815,TRANSLATE2
-147.3257,-13.8062,44.9358,0.1058,154.6438,5.67,0.0119,176.7358,504.8661,0.1061,0.000216,0.0213,0.0621,-0.0793,TRANSLATE2
-150.7481,-5.2168,22.508,0.0966,152.5084,2.1354,0.0092,164.1588,165.1935,0.1094,8.7e-05,0.0204,0.0754,-0.0745,TRANSLATE2
-137.3391,11.0797,6.7595,0.0941,137.951,14.5574,0.0024,154.0831,84.2021,0.1073,0.000124,0.0173,0.0804,-0.0677,TRANSLATE2
-117.1431,28.6356,-5.1392,0.0976,120.7018,17.2492,0.0035,145.2238,204.7462,0.1024,7.4e-05,0.0146,0.0804,-0.0613,TRANSLATE2
-94.9958,38.8022,-14.4364,0.1004,103.6254,17.0764,0.0028,133.8861,376.7462,0.0989,1.6e-05,0.0119,0.0775,-0.0598,TRANSLATE2
-82.206,43.2168,-23.6397,0.0979,95.835,7.7903,0.0025,122.1243,441.8072,0.0973,4e-06,0.0095,0.0737,-0.0621,TRANSLATE2
-81.1679,44.7609,-31.2868,0.092,97.8296,1.9946,0.0059,111.1886,255.6247,0.0964,9e-06,0.007,0.0697,-0.0655,TRANSLATE2
-89.0,53.4275,-37.1513,0.0921,110.2529,12.4233,0.0001,105.6489,81.867,0.096,1.1e-05,0.0053,0.0675,-0.0677,TRANSLATE2
-86.275,60.3545,-46.7398,0.0991,115.1983,4.9453,0.0069,104.5483,53.5757,0.0963,1.3e-05,0.0036,0.0672,-0.0687,TRANSLATE2
-86.4012,60.5242,-52.6481,0.0989,117.899,2.7007,0.0002,107.403,80.9044,0.096,1e-05,0.0023,0.0664,-0.0691,TRANSLATE2
-81.0554,38.8788,-47.7778,0.096,101.805,16.094,0.0028,108.597,58.9829,0.0956,1e-05,0.0011,0.0654,-0.0695,TRANSLATE2
-79.6755,14.0655,-40.1535,0.0826,90.3235,11.4815,0.0134,107.0957,100.3259,0.0937,3.7e-05,-0.0003,0.0658,-0.0664,TRANSLATE2
-76.0592,4.2149,-33.7509,0.0718,83.318,7.0055,0.0108,101.7088,182.3888,0.0897,0.000116,-0.0033,0.0656,-0.0589,TRANSLATE2
-73.4724,9.4563,-30.2164,0.072,80.004,3.314,0.0002,94.6699,190.6692,0.0843,0.000132,-0.0076,0.0646,-0.0477,TRANSLATE2
-76.7654,12.7088,-33.6794,0.0732,84.7864,4.7824,0.0011,88.0474,58.4298,0.0791,8.7e-05,-0.0123,0.0652,-0.0341,TRANSLATE2
-84.0561,11.3389,-40.4935,0.0686,93.9878,9.2014,0.0046,86.4839,25.189,0.0737,2.2e-05,-0.0164,0.0662,-0.0188,TRANSLATE2
-91.1261,5.0586,-46.7229,0.0588,102.5309,8.5431,0.0098,88.9254,67.7807,0.0689,2.8e-05,-0.0197,0.0643,-0.0053,TRANSLATE2
-91.6227,-0.2781,-47.2502,0.0555,103.0892,0.5583,0.0033,92.8797,85.9786,0.0656,5.1e-05,-0.0221,0.0587,0.0064,TRANSLATE2
-75.642,3.8525,-38.7377,0.0615,85.0715,18.0178,0.006,93.8932,63.9884,0.0635,4.2e-05,-0.0239,0.0503,0.018,TRANSLATE2
-51.0448,8.0226,-27.8776,0.0644,58.712,26.3595,0.0029,88.6783,267.7498,0.0618,2e-05,-0.0254,0.0398,0.0299,TRANSLATE2
-32.389,10.9962,-19.7209,0.066,39.4826,19.2294,0.0016,77.7772,627.3219,0.0612,1.4e-05,-0.0263,0.0295,0.0414,TRANSLATE2
-25.6456,11.8751,-17.6298,0.0675,33.3095,6.1731,0.0015,63.933,708.5849,0.063,1.8e-05,-0.0261,0.0209,0.0514,TRANSLATE2
-24.1383,14.0938,-17.1789,0.0714,32.8087,0.5009,0.0039,49.8768,398.1123,0.0662,1.1e-05,-0.0244,0.0139,0.0589,TRANSLATE2
-14.5732,18.7313,-14.515,0.0759,27.8195,4.9892,0.0045,38.4264,116.5739,0.069,1.7e-05,-0.0212,0.0085,0.0643,TRANSLATE2
-1.871,23.3101,-12.8588,0.0775,26.6873,1.1322,0.0017,32.0215,20.8115,0.0717,2e-05,-0.0171,0.0045,0.0687,TRANSLATE2
9.5907,31.273,-8.9308,0.0761,33.9079,7.2206,0.0014,30.9066,9.1465,0.0737,1.4e-05,-0.0133,0.0014,0.072,TRANSLATE2
25.4163,40.4466,-5.6947,0.0666,48.1076,14.1997,0.0095,33.8662,58.4076,0.0735,1.6e-05,-0.01,0.0003,0.0727,TRANSLATE2
39.8174,43.5104,-4.7245,0.0501,59.1684,11.0608,0.0165,39.1381,158.431,0.0693,0.000106,-0.0078,0.0019,0.0685,TRANSLATE2
52.3946,41.5708,-6.9327,0.0415,67.2412,8.0728,0.0086,47.0225,228.6026,0.0624,0.000205,-0.0069,0.0064,0.0604,TRANSLATE2
69.975,41.0598,-14.0555,0.0429,82.3405,15.0993,0.0014,58.1531,271.48,0.0555,0.000186,-0.0072,0.0139,0.0496,TRANSLATE2
83.9456,42.5791,-25.1507,0.0448,97.429,15.0884,0.0019,70.8573,301.0347,0.0492,8.4e-05,-0.008,0.0225,0.0372,TRANSLATE2
98.6253,45.7101,-33.1237,0.0448,113.6377,16.2088,0.0,83.9634,391.7889,0.0448,9e-06,-0.0094,0.0304,0.0248,TRANSLATE2
113.6065,51.8556,-37.4083,0.0458,130.3642,16.7264,0.001,98.2025,496.6839,0.044,2e-06,-0.0108,0.0368,0.0134,TRANSLATE2
135.4977,55.9189,-35.4641,0.0544,150.812,20.4478,0.0086,114.9167,579.1511,0.0465,1.6e-05,-0.0121,0.0418,0.0018,TRANSLATE2
156.6388,58.9288,-31.3588,0.0681,170.2695,19.4575,0.0137,132.5025,670.4366,0.0516,8.1e-05,-0.0132,0.0454,-0.0107,TRANSLATE2
178.3017,65.6899,-27.3152,0.0809,191.9707,21.7013,0.0128,151.4108,774.1763,0.0588,0.000191,-0.014,0.0487,-0.0244,TRANSLATE2
190.3726,75.3738,-22.4928,0.0919,205.9827,14.0119,0.0111,169.8798,743.3292,0.0682,0.000283,-0.0142,0.0506,-0.0402,TRANSLATE2
211.5543,91.1647,-11.1567,0.1018,230.6311,24.6485,0.0099,189.9332,767.0382,0.0794,0.000284,-0.0128,0.0494,-0.0574,TRANSLATE2
227.5278,101.9255,8.8934,0.1199,249.4731,18.842,0.018,209.6654,780.5833,0.0925,0.000314,-0.0104,0.0439,-0.0763,TRANSLATE2
215.0254,99.4467,26.8428,0.1375,238.4242,11.0489,0.0176,223.2964,449.7858,0.1064,0.000406,-0.0077,0.0352,-0.0958,TRANSLATE2
172.6516,92.9698,38.5461,0.1401,199.8443,38.5799,0.0026,224.8711,361.0469,0.1182,0.000362,-0.006,0.0243,-0.1129,TRANSLATE2
138.0244,90.3977,47.4994,0.1365,171.6935,28.1508,0.0036,218.0133,808.2325,0.1272,0.000211,-0.0055,0.014,-0.1252,TRANSLATE2
129.2945,87.9213,55.4433,0.135,165.8951,5.7984,0.0014,205.0661,1152.0208,0.1338,5.1e-05,-0.006,0.0069,-0.1332,TRANSLATE2
151.5887,76.3027,60.1515,0.1384,180.054,14.1589,0.0033,191.1822,689.984,0.1375,3e-06,-0.0062,0.003,-0.1372,TRANSLATE2
200.0991,56.1109,67.5087,0.1435,218.5075,38.4535,0.0052,187.1989,377.0902,0.1387,9e-06,-0.0054,-0.0009,-0.1384,TRANSLATE2
239.0074,30.2575,71.9101,0.1498,251.4182,32.9108,0.0063,197.5137,1063.5388,0.1406,2.9e-05,-0.0025,-0.0064,-0.14,TRANSLATE2
253.4341,4.3653,70.9499,0.1514,263.2143,11.7961,0.0016,215.8178,1458.476,0.1436,4e-05,0.0028,-0.0148,-0.1417,TRANSLATE2
244.6535,-23.7733,62.1287,0.1502,253.536,9.6784,0.0012,233.346,937.3151,0.1467,2.5e-05,0.0096,-0.0264,-0.1422,TRANSLATE2
215.0666,-53.8968,42.5186,0.1309,225.7572,27.7787,0.0194,242.4866,297.2743,0.1452,5.9e-05,0.0164,-0.0382,-0.137,TRANSLATE2
186.0501,-64.9424,10.393,0.1195,197.3327,28.4245,0.0114,238.2517,572.1153,0.1404,0.000167,0.0254,-0.0482,-0.1268,TRANSLATE2
174.4557,-93.4758,-23.3981,0.1259,199.2988,1.9661,0.0064,227.8278,732.2518,0.1356,0.000169,0.0346,-0.0578,-0.1148,TRANSLATE2
166.7521,-150.7588,-44.7747,0.1232,229.2144,29.9156,0.0027,221.0278,435.9554,0.1299,0.000117,0.0425,-0.0678,-0.0982,TRANSLATE2
142.8017,-199.6164,-60.226,0.118,252.7176,23.5032,0.0052,220.8642,425.4215,0.1235,2.1e-05,0.048,-0.0776,-0.072,TRANSLATE2
81.857,-223.7556,-74.6371,0.1426,249.6755,3.0422,0.0246,225.6478,563.7682,0.1258,7.8e-05,0.0515,-0.0912,-0.0417,TRANSLATE2
-7.6863,-227.7201,-72.8222,0.1691,239.2041,10.4714,0.0265,234.0221,370.0451,0.1357,0.000345,0.0508,-0.1074,-0.0065,TRANSLATE2
-52.8928,-264.3792,-58.1827,0.1814,275.8247,36.6206,0.0123,249.3273,244.1468,0.1468,0.000619,0.0444,-0.1157,0.0389,TRANSLATE2
-54.3205,-242.1503,-48.3024,0.2431,252.8252,22.9994,0.0617,254.0494,143.3899,0.1708,0.001785,0.0307,-0.1132,0.0973,TRANSLATE2
-44.1658,-172.5827,-35.5294,0.29,181.6528,71.1724,0.0469,239.8365,989.2801,0.2052,0.002884,0.0122,-0.1031,0.1549,TRANSLATE2
-36.117,-100.5162,-18.2079,0.2879,108.3488,73.304,0.002,211.5711,3628.7896,0.2343,0.002623,-0.0079,-0.0868,0.2028,TRANSLATE2
-35.278,-47.1442,-5.3538,0.2677,59.1251,49.2238,0.0202,175.5553,6826.8955,0.254,0.001607,-0.0268,-0.0673,0.2379,TRANSLATE2
-45.0411,0.4878,3.2294,0.2363,45.1594,13.9657,0.0314,129.4223,6088.4687,0.265,0.000493,-0.0404,-0.0543,0.2554,TRANSLATE2
-46.5048,29.1183,9.3148,0.194,55.6537,10.4943,0.0423,89.988,2576.106,0.2552,0.001308,-0.0464,-0.0482,0.2461,TRANSLATE2
-37.3069,43.2822,12.8237,0.1525,58.5628,2.9091,0.0415,65.37,487.0785,0.2277,0.002418,-0.045,-0.0472,0.2177,TRANSLATE2
-24.3581,41.5851,18.8183,0.116,51.7375,6.8253,0.0366,54.0477,26.6169,0.1933,0.003007,-0.0397,-0.0494,0.1814,TRANSLATE2
-20.2083,22.6056,27.5703,0.0954,40.9818,10.7556,0.0205,50.419,42.4372,0.1588,0.002628,-0.0323,-0.0537,0.1433,TRANSLATE2
-21.8229,11.7032,41.1781,0.0905,48.0504,7.0686,0.0049,50.9972,37.6922,0.1297,0.001511,-0.0248,-0.058,0.1093,TRANSLATE2
-22.8333,7.6469,54.9144,0.0841,59.9619,11.9114,0.0064,51.8589,48.6861,0.1077,0.000616,-0.0171,-0.0622,0.0822,TRANSLATE2
-29.0479,12.9269,69.044,0.0727,76.0129,16.051,0.0114,55.3489,144.2006,0.0917,0.000205,-0.0096,-0.0645,0.0618,TRANSLATE2
-34.3915,13.6259,79.6289,0.0534,87.8021,11.7892,0.0192,62.5618,300.2079,0.0792,0.000224,-0.0026,-0.0625,0.047,TRANSLATE2
-29.6225,11.9632,86.8813,0.0339,92.5687,4.7666,0.0195,72.8792,280.7034,0.0669,0.000432,0.0031,-0.0542,0.0372,TRANSLATE2
-28.7293,14.5237,82.7206,0.0232,88.7638,3.8049,0.0107,81.0219,141.5706,0.0535,0.000521,0.0079,-0.0399,0.0294,TRANSLATE2
-30.6084,19.4627,69.8484,0.0287,78.705,10.0589,0.0055,84.7705,39.8872,0.0424,0.000333,0.0115,-0.0219,0.0224,TRANSLATE2
-36.9117,25.2389,44.1975,0.0396,62.8721,15.8329,0.0109,82.1423,113.5491,0.0358,0.000108,0.0135,-0.0024,0.0172,TRANSLATE2
-51.9419,40.5974,10.2486,0.0497,66.7169,3.8448,0.0101,77.9253,136.948,0.035,8.4e-05,0.0143,0.0163,0.0142,TRANSLATE2
-67.466,55.6623,-29.423,0.0556,92.2804,25.5635,0.0059,77.8676,135.2722,0.0394,0.000149,0.0148,0.0315,0.0091,TRANSLATE2
-81.9291,61.6205,-71.954,0.0592,125.2471,32.9667,0.0036,85.1643,507.2486,0.0466,0.000124,0.0157,0.0416,0.0018,TRANSLATE2
-96.2558,61.5057,-115.8726,0.0556,162.7101,37.463,0.0036,101.9653,1419.3013,0.052,4.7e-05,0.0167,0.0465,-0.0062,TRANSLATE2
-108.9202,55.1858,-153.4356,0.0424,196.0907,33.3806,0.0132,128.609,2175.675,0.0525,3.5e-05,0.0169,0.0452,-0.0139,TRANSLATE2
-115.8518,45.9112,-177.8453,0.0194,217.1599,21.0692,0.023,158.6977,2072.4751,0.0465,0.000215,0.015,0.0367,-0.0193,TRANSLATE2
-121.2065,39.0883,-187.195,0.0212,226.4086,9.2487,0.0017,185.5233,1387.5642,0.0396,0.000279,0.0102,0.0223,-0.0191,TRANSLATE2
-127.0652,38.0863,-178.1529,0.0453,222.1139,4.2948,0.0242,204.8967,553.367,0.0368,0.000201,0.0032,0.0034,-0.0138,TRANSLATE2
-126.6209,28.2565,-156.2848,0.0649,203.1163,18.9976,0.0195,212.9779,132.7539,0.0386,0.000284,-0.0055,-0.0174,-0.006,TRANSLATE2
-125.2748,19.0427,-130.9591,0.0748,182.2271,20.8892,0.01,210.2052,257.1534,0.0451,0.000502,-0.0143,-0.0362,0.0041,TRANSLATE2
-121.9324,14.4998,-106.6704,0.076,162.654,19.573,0.0012,199.304,580.8661,0.0564,0.000432,-0.0221,-0.0493,0.0136,TRANSLATE2
-124.7084,12.3186,-90.377,0.0747,154.5054,8.1486,0.0013,184.9233,628.5126,0.0672,0.000135,-0.0277,-0.0574,0.0199,TRANSLATE2
-133.5886,8.7986,-74.7641,0.0786,153.3395,1.1659,0.0039,171.1684,362.1961,0.0738,2.2e-05,-0.0314,-0.0622,0.0234,TRANSLATE2
-125.224,3.867,-52.7206,0.0859,135.9245,17.415,0.0073,157.7301,225.9012,0.078,1.7e-05,-0.0328,-0.0656,0.0262,TRANSLATE2
-115.9261,2.503,-20.9671,0.0906,117.8335,18.091,0.0047,144.8514,258.3671,0.0812,3.7e-05,-0.0332,-0.0684,0.028,TRANSLATE2
-95.5034,7.9493,15.3857,0.0829,97.0608,20.7727,0.0077,131.7328,479.6696,0.0825,3e-05,-0.0327,-0.0686,0.031,TRANSLATE2
-73.9996,16.9938,34.771,0.069,83.509,13.5518,0.0139,117.5335,639.4372,0.0814,5.4e-05,-0.032,-0.0635,0.0356,TRANSLATE2
-73.9715,28.3794,34.6575,0.0669,86.4773,2.9683,0.0021,104.161,397.0982,0.079,8.8e-05,-0.032,-0.0522,0.0421,TRANSLATE2
-86.221,43.1442,20.2666,0.0692,98.5201,12.0428,0.0023,96.6801,145.7148,0.0757,8.7e-05,-0.033,-0.0372,0.0486,TRANSLATE2
-104.5268,57.7903,6.7226,0.0673,119.6276,21.1075,0.0019,97.0389,161.4101,0.0711,3.6e-05,-0.0337,-0.0221,0.0536,TRANSLATE2
-115.5589,75.7104,3.2344,0.0629,138.1897,18.5621,0.0044,105.2647,432.4232,0.0671,5e-06,-0.0335,-0.0116,0.0556,TRANSLATE2
-115.5221,95.4371,9.825,0.0603,150.167,11.9773,0.0026,118.5963,563.2719,0.0653,1e-05,-0.033,-0.0081,0.0555,TRANSLATE2
-98.8052,119.8153,25.135,0.0539,157.3211,7.1541,0.0064,132.7651,456.113,0.0627,2.9e-05,-0.031,-0.009,0.0533,TRANSLATE2
-77.6035,136.5241,36.4986,0.0404,161.2243,3.9032,0.0134,145.3059,226.2816,0.057,8.7e-05,-0.028,-0.01,0.0483,TRANSLATE2
-64.0766,148.5818,39.052,0.0284,166.4554,5.2311,0.012,154.6715,96.1524,0.0492,0.000169,-0.0245,-0.0085,0.0412,TRANSLATE2
-48.88,155.106,36.1135,0.0142,166.5873,0.1319,0.0142,160.351,37.9625,0.0395,0.000281,-0.0206,-0.005,0.0312,TRANSLATE2
-50.1853,145.238,26.022,0.0289,155.8518,10.7355,0.0147,161.488,19.9756,0.0332,0.000177,-0.0161,0.0006,0.016,TRANSLATE2
-74.9232,123.5747,8.6614,0.0549,144.773,11.0788,0.0261,158.9784,66.0829,0.0334,0.000186,-0.0109,0.0073,-0.0035,TRANSLATE2
-114.9886,100.4223,-14.7803,0.0772,153.3801,8.6071,0.0223,157.4095,68.8808,0.0407,0.000506,-0.005,0.0138,-0.0247,TRANSLATE2
-130.8221,83.5347,-39.6617,0.0919,160.2046,6.8245,0.0146,156.1594,52.5147,0.0534,0.000837,0.0005,0.0188,-0.0464,TRANSLATE2
-117.9421,60.6934,-46.2606,0.099,140.478,19.7267,0.0071,150.9375,52.6797,0.0704,0.000657,0.004,0.0172,-0.0669,TRANSLATE2
-117.4912,44.761,-12.1835,0.1002,126.3177,14.1603,0.0013,145.0307,134.1866,0.0846,0.000288,0.0054,0.0136,-0.0818,TRANSLATE2
-104.1554,44.5056,22.9657,0.0844,115.5704,10.7472,0.0158,139.1902,273.6428,0.0905,7.6e-05,0.0032,0.0086,-0.0882,TRANSLATE2
-94.8212,69.2826,56.1882,0.0803,130.1855,14.615,0.0041,134.5512,228.069,0.0912,6.1e-05,0.0028,0.0073,-0.0893,TRANSLATE2
-93.532,78.9042,76.1631,0.1016,144.1351,13.9496,0.0212,131.3373,104.4904,0.0931,7.9e-05,0.0017,0.0109,-0.09,TRANSLATE2
-103.535,74.489,81.2961,0.1249,151.252,7.1169,0.0233,133.4921,162.4554,0.0983,0.000247,0.0007,0.0251,-0.0908,TRANSLATE2
-117.7561,60.4256,83.0587,0.1329,156.2578,5.0058,0.008,139.4801,219.9595,0.1048,0.000444,-0.0007,0.0425,-0.0919,TRANSLATE2
-107.158,47.5873,94.4876,0.1342,150.5832,5.6746,0.0013,146.4827,81.2446,0.1148,0.000434,-0.001,0.062,-0.0947,TRANSLATE2
-83.9295,39.1793,104.9088,0.1375,139.9466,10.6366,0.0033,148.4349,32.8578,0.1262,0.000169,-0.004,0.0785,-0.0974,TRANSLATE2
-71.9155,35.9684,111.9458,0.1411,137.8312,2.1154,0.0035,147.1741,50.0583,0.1341,2.9e-05,-0.0056,0.0917,-0.0963,TRANSLATE2
-64.3886,30.4466,113.2223,0.1441,133.7617,4.0695,0.003,143.6761,70.4752,0.138,1.7e-05,-0.0056,0.102,-0.091,TRANSLATE2
-51.8172,23.1385,105.5028,0.141,119.7967,13.9649,0.0031,136.3839,99.6835,0.1396,1.1e-05,-0.0037,0.1107,-0.0832,TRANSLATE2
-38.4787,18.4108,97.0273,0.1341,105.9899,13.8068,0.0069,127.4652,164.5753,0.1395,1.2e-05,-0.001,0.1168,-0.0748,TRANSLATE2
-31.5111,12.963,82.6843,0.1248,89.4298,16.5601,0.0093,117.3619,320.6793,0.137,4.8e-05,0.0015,0.1195,-0.0658,TRANSLATE2
-38.0964,8.9111,64.0818,0.1097,75.0814,14.3484,0.0151,104.8119,436.9063,0.1307,0.000155,0.0028,0.1179,-0.0551,TRANSLATE2
-52.6802,15.7851,42.1717,0.0882,69.3025,5.779,0.0215,91.9201,355.2735,0.1195,0.000356,0.0037,0.1107,-0.0432,TRANSLATE2
-64.9192,25.2187,29.1936,0.063,75.5166,6.2141,0.0252,83.064,175.2373,0.104,0.00066,0.0045,0.0981,-0.0326,TRANSLATE2
-65.6197,31.1375,26.7361,0.0457,77.3971,1.8805,0.0173,77.3455,43.8389,0.0863,0.000845,0.0058,0.0821,-0.0245,TRANSLATE2
-50.277,28.2756,25.7827,0.0393,63.1826,14.2146,0.0064,72.096,27.1936,0.0692,0.000697,0.0081,0.0648,-0.0196,TRANSLATE2
-48.3154,15.3736,23.6105,0.0318,55.9301,7.2524,0.0075,68.2658,63.0074,0.0536,0.000405,0.0111,0.0473,-0.0172,TRANSLATE2
-53.1179,2.2051,25.129,0.0217,58.8034,2.8733,0.0101,66.166,76.2904,0.0403,0.000192,0.0141,0.0315,-0.0146,TRANSLATE2
-58.535,-0.9984,26.272,0.0263,64.1682,5.3647,0.0046,63.8963,54.4504,0.033,7.5e-05,0.0167,0.0201,-0.0089,TRANSLATE2
-63.0686,5.9232,27.6145,0.0343,69.1035,4.9353,0.0079,62.2376,20.6676,0.0307,3.8e-05,0.0188,0.0123,-0.0003,TRANSLATE2
-64.2018,14.0292,31.3009,0.0362,72.7903,3.6869,0.0019,64.1591,39.0688,0.0301,2.8e-05,0.0196,0.0078,0.0101,TRANSLATE2
-55.6333,19.0889,30.7783,0.0379,66.3834,6.407,0.0017,66.2498,22.1442,0.0313,3.8e-05,0.0197,0.0081,0.0192,TRANSLATE2
-46.4066,15.7305,27.0351,0.0392,55.9636,10.4198,0.0013,65.6818,31.8932,0.0348,2e-05,0.0197,0.0118,0.0244,TRANSLATE2
-37.4816,10.9313,25.6687,0.0444,46.7252,9.2384,0.0053,62.1932,91.1353,0.0384,1.2e-05,0.0195,0.0176,0.0257,TRANSLATE2
-26.8759,6.1982,22.6131,0.0551,35.6663,11.0589,0.0106,55.5057,177.5985,0.0426,4.7e-05,0.0193,0.0261,0.0251,TRANSLATE2
-19.1257,8.271,12.2373,0.0668,24.1652,11.5011,0.0117,45.7807,219.7173,0.0487,0.000119,0.019,0.0363,0.0246,TRANSLATE2
-9.4568,14.6575,1.9743,0.0732,17.5548,6.6104,0.0064,36.015,198.7949,0.0557,0.000166,0.0185,0.046,0.0238,TRANSLATE2
6.3596,24.376,-2.5331,0.0742,25.3189,7.7642,0.001,29.8861,104.523,0.0627,0.00013,0.0183,0.0551,0.0215,TRANSLATE2
31.822,30.7414,1.5016,0.0806,44.2711,18.9522,0.0064,29.3952,88.9567,0.07,7.5e-05,0.0185,0.0639,0.0155,TRANSLATE2
69.4545,26.8806,8.7232,0.0965,74.9839,30.7128,0.0159,37.2588,434.9219,0.0783,0.000102,0.0193,0.0729,0.0052,TRANSLATE2
105.373,15.9982,9.0379,0.1156,106.963,31.9791,0.0191,53.8183,1098.1508,0.088,0.00026,0.0204,0.0825,-0.0081,TRANSLATE2
135.9484,8.2736,-7.5915,0.1311,136.4113,29.4483,0.0155,77.5897,1634.3855,0.0996,0.000454,0.0215,0.0933,-0.0214,TRANSLATE2
153.815,4.7876,-32.7295,0.1259,157.3314,20.9201,0.0052,103.9921,1662.5979,0.11,0.000356,0.0218,0.102,-0.0332,TRANSLATE2
169.877,9.6207,-44.7555,0.1121,175.9369,18.6055,0.0138,130.3253,1291.0507,0.1163,0.000145,0.0215,0.1058,-0.0422,TRANSLATE2
200.2516,21.4435,-47.695,0.1062,206.967,31.0301,0.006,156.7219,1156.5242,0.1182,8.3e-05,0.0201,0.1039,-0.0505,TRANSLATE2
230.8638,40.3204,-48.7435,0.1083,239.3737,32.4067,0.0021,183.2041,1326.2933,0.1167,9.9e-05,0.0185,0.0955,-0.0599,TRANSLATE2
244.0535,57.3032,-52.526,0.1126,256.1343,16.7606,0.0043,207.1486,1378.8008,0.113,4.7e-05,0.0168,0.0803,-0.0715,TRANSLATE2
241.3585,52.2019,-65.074,0.1221,255.3695,0.7648,0.0095,226.7563,963.041,0.1123,3e-05,0.0148,0.0624,-0.0856,TRANSLATE2
208.2587,36.674,-83.5467,0.128,227.3691,28.0004,0.006,237.0427,340.7841,0.1154,7e-05,0.0125,0.0428,-0.1005,TRANSLATE2
176.4069,25.3611,-96.3248,0.1338,202.5859,24.7831,0.0058,236.1665,396.5602,0.121,8.9e-05,0.0097,0.0178,-0.1122,TRANSLATE2
140.5755,23.3045,-96.7505,0.1518,172.236,30.3499,0.018,222.739,1031.6257,0.1297,0.000172,0.0062,-0.0125,-0.1199,TRANSLATE2
130.3042,23.6592,-76.2879,0.1693,152.8358,19.4002,0.0175,202.0793,1359.0433,0.141,0.000298,0.0026,-0.0456,-0.1233,TRANSLATE2
132.4246,25.2899,-49.9428,0.186,143.7711,9.0647,0.0168,179.7596,972.8739,0.1538,0.000469,0.0002,-0.0793,-0.1232,TRANSLATE2
139.3459,28.2319,-22.298,0.2011,143.915,0.1439,0.0151,163.0688,497.9247,0.1684,0.000571,-0.0001,-0.1113,-0.1216,TRANSLATE2
161.2142,14.5574,12.6053,0.2286,162.3602,18.4452,0.0275,155.0236,120.9797,0.1874,0.000697,0.002,-0.1402,-0.122,TRANSLATE2
165.3839,-29.151,53.5624,0.2441,176.2684,13.9082,0.0155,155.8301,151.344,0.2058,0.000747,0.0073,-0.1643,-0.1223,TRANSLATE2
142.0634,-81.8114,89.6562,0.2436,186.8511,10.5827,0.0005,162.6332,295.7296,0.2207,0.000544,0.0154,-0.1837,-0.1194,TRANSLATE2
125.2413,-136.0772,129.4093,0.225,225.7192,38.8681,0.0186,179.0228,751.9249,0.2285,0.000247,0.0252,-0.1972,-0.1081,TRANSLATE2
136.1056,-179.3931,165.6993,0.1881,279.5762,53.857,0.0369,206.155,1791.4537,0.2259,0.000416,0.0358,-0.2006,-0.0854,TRANSLATE2
147.7282,-209.2332,188.2439,0.1612,317.8646,38.2884,0.0269,237.2559,2936.3972,0.2124,0.00107,0.0463,-0.1908,-0.0505,TRANSLATE2
138.4763,-237.8678,183.6044,0.1554,330.8586,12.994,0.0058,268.174,2988.8677,0.1947,0.001204,0.0552,-0.1696,-0.0062,TRANSLATE2
84.7436,-267.3411,164.6461,0.1677,325.2093,5.6493,0.0123,295.8456,1551.0732,0.1795,0.00064,0.062,-0.1409,0.0415,TRANSLATE2
25.6886,-286.1823,146.9075,0.1896,322.7104,2.4988,0.022,315.2438,335.585,0.1724,0.000196,0.0668,-0.1083,0.0876,TRANSLATE2
6.1759,-286.1989,135.3635,0.2142,316.6564,6.054,0.0246,322.6599,26.5514,0.1776,0.00047,0.067,-0.0759,0.1299,TRANSLATE2
-2.8374,-278.0435,113.6533,0.231,300.3886,16.2678,0.0168,319.1646,108.9376,0.1916,0.000791,0.0628,-0.0451,0.1659,TRANSLATE2
-22.1262,-264.8129,76.857,0.2432,276.6269,23.7617,0.0122,308.3183,325.8369,0.2091,0.000753,0.0539,-0.0161,0.1944,TRANSLATE2
-50.9791,-242.7003,17.5419,0.2511,248.6162,28.0107,0.0079,292.9997,746.984,0.2258,0.000482,0.0409,0.01,0.2166,TRANSLATE2
-76.3426,-208.0165,-40.9134,0.2465,225.3286,23.2876,0.0046,273.5233,1106.9861,0.2372,0.000176,0.0244,0.0279,0.2313,TRANSLATE2
-89.721,-164.607,-73.7401,0.232,201.452,23.8766,0.0145,250.4825,1242.8683,0.2408,6.3e-05,0.0079,0.0331,0.2365,TRANSLATE2
-89.883,-117.2012,-84.4827,0.2106,170.1541,31.2979,0.0214,224.4356,1356.8328,0.2367,0.000209,-0.0072,0.0261,0.2326,TRANSLATE2
-85.0064,-74.7079,-80.558,0.186,138.9135,31.2406,0.0246,196.8929,1516.2516,0.2253,0.000584,-0.0193,0.009,0.2205,TRANSLATE2
-73.627,-36.4663,-64.3183,0.1624,104.3435,34.5699,0.0236,168.0383,1861.682,0.2075,0.000925,-0.0279,-0.0136,0.2012,TRANSLATE2
-65.4829,-0.5949,-41.1828,0.1354,77.3588,26.9847,0.027,138.4444,1974.001,0.1853,0.001168,-0.0319,-0.0335,0.1763,TRANSLATE2
-57.7707,33.4335,-19.3243,0.1057,69.4887,7.8701,0.0298,112.0517,1434.4133,0.16,0.00136,-0.0315,-0.0464,0.1477,TRANSLATE2
-55.8353,60.3655,-0.9189,0.0702,82.2339,12.7452,0.0354,94.4677,627.858,0.132,0.001672,-0.0267,-0.0518,0.1164,TRANSLATE2
-57.0495,74.7768,11.8587,0.0401,94.7989,12.565,0.0301,85.6448,154.9507,0.1028,0.001924,-0.0186,-0.0504,0.0847,TRANSLATE2
-63.0208,78.5652,17.8276,0.0293,102.2836,7.4847,0.0108,85.2328,140.2223,0.0761,0.001583,-0.0082,-0.0442,0.0536,TRANSLATE2
-67.8698,72.0803,21.1183,0.031,101.2317,1.0519,0.0017,90.0074,156.2187,0.0553,0.000852,0.0017,-0.0349,0.0256,TRANSLATE2
-70.8396,66.933,19.2884,0.0316,99.3494,1.8823,0.0006,95.9795,53.8037,0.0404,0.000236,0.0102,-0.0228,0.0036,TRANSLATE2
-73.7279,62.9808,11.9901,0.0352,97.7044,1.6451,0.0036,99.0736,7.037,0.0334,1.5e-05,0.0156,-0.0089,-0.0106,TRANSLATE2
-75.9855,60.1315,-1.8548,0.0421,96.9176,0.7867,0.0069,99.4973,4.1326,0.0338,2.1e-05,0.0179,0.0054,-0.0172,TRANSLATE2
-80.9196,56.6708,-24.5995,0.0456,101.8072,4.8895,0.0035,99.4021,3.6379,0.0371,3.4e-05,0.0171,0.0191,-0.0171,TRANSLATE2
-89.567,53.2991,-46.9108,0.0434,114.2964,12.4892,0.0022,102.015,40.5092,0.0396,2.8e-05,0.0138,0.03,-0.0115,TRANSLATE2
-97.0129,53.9862,-64.8537,0.0391,128.5769,14.2805,0.0044,107.8605,146.0252,0.0411,1.3e-05,0.0084,0.0353,-0.0025,TRANSLATE2
-104.6979,56.5515,-71.7517,0.0412,138.9533,10.3764,0.0021,116.1103,250.6892,0.0423,5e-06,0.0022,0.0332,0.0091,TRANSLATE2
-107.2833,63.7724,-63.2295,0.0521,139.9092,0.9559,0.011,124.7086,216.3646,0.0443,2e-05,-0.0045,0.0244,0.0215,TRANSLATE2
-111.9798,64.9961,-50.8961,0.0628,139.1199,0.7893,0.0106,132.1711,97.3173,0.0477,7.6e-05,-0.0115,0.0109,0.0335,TRANSLATE2
-123.2244,64.2312,-34.4762,0.0778,143.173,4.0531,0.0151,137.9465,24.2698,0.0546,0.000207,-0.0188,-0.0058,0.0437,TRANSLATE2
-125.6858,60.6069,-10.7935,0.0998,139.9522,3.2209,0.022,140.2215,2.3407,0.0667,0.00042,-0.0254,-0.0243,0.053,TRANSLATE2
-93.6799,59.8761,37.1871,0.1191,117.2346,22.7176,0.0193,135.8778,88.8308,0.0823,0.000595,-0.0304,-0.0418,0.0622,TRANSLATE2
-64.4158,70.6603,82.5215,0.1203,126.3015,9.0669,0.0012,133.1562,96.5146,0.096,0.000515,-0.0331,-0.0553,0.0702,TRANSLATE2
-50.9545,75.7938,110.211,0.0954,143.1346,16.8331,0.0248,133.9592,108.6704,0.1025,0.000251,-0.0337,-0.0609,0.0747,TRANSLATE2
-50.7167,77.4882,107.6532,0.0764,142.0064,1.1283,0.0191,133.7259,104.5884,0.1022,0.000266,-0.0313,-0.0587,0.0767,TRANSLATE2
-58.5984,80.3843,88.2975,0.0727,133.0108,8.9956,0.0037,132.3376,95.01,0.0968,0.00041,-0.0271,-0.0507,0.0764,TRANSLATE2
-62.9162,96.3512,71.2818,0.0767,135.3628,2.3521,0.004,135.9632,38.075,0.0883,0.000319,-0.0221,-0.0396,0.0742,TRANSLATE2
-50.7611,131.106,66.3473,0.0797,155.4588,20.0959,0.0029,141.7947,61.4147,0.0802,6.3e-05,-0.0164,-0.0283,0.072,TRANSLATE2
-39.7308,171.1848,64.5997,0.0644,187.2322,31.7734,0.0153,150.6142,396.185,0.074,2.8e-05,-0.0097,-0.0186,0.0698,TRANSLATE2
-32.444,211.1353,49.2204,0.0449,219.2108,31.9787,0.0195,166.0551,1084.045,0.0677,0.000156,-0.0024,-0.0097,0.0643,TRANSLATE2
-19.5708,240.0989,28.2763,0.0308,242.549,23.3382,0.0142,187.9627,1555.9801,0.0593,0.000353,0.0059,-0.0016,0.0505,TRANSLATE2
-7.9316,237.7197,14.6929,0.0596,238.3054,4.2437,0.0289,208.5512,1085.6204,0.0559,0.000281,0.0144,0.004,0.0258,TRANSLATE2
2.7172,203.7539,9.5137,0.0846,203.994,34.3114,0.025,218.2583,431.7849,0.0569,0.000332,0.0215,0.0077,-0.0053,TRANSLATE2
3.7112,166.9469,12.0329,0.0866,167.4211,36.5729,0.0019,214.2961,740.4457,0.0613,0.000478,0.0275,0.0101,-0.0338,TRANSLATE2
-13.0216,158.1544,11.2919,0.0919,159.0908,8.3303,0.0053,202.2721,1200.5626,0.0707,0.000523,0.0326,0.0129,-0.0572,TRANSLATE2
-58.6454,156.7235,-3.9321,0.1152,167.3828,8.292,0.0233,187.2388,893.569,0.0876,0.000315,0.0365,0.0202,-0.0751,TRANSLATE2
-99.6632,145.8663,-27.6988,0.1302,178.821,11.4382,0.015,175.3419,244.6464,0.1017,0.000322,0.0392,0.0318,-0.0857,TRANSLATE2
-126.7337,142.543,-54.334,0.1316,198.3233,19.5023,0.0014,174.2078,184.8008,0.1111,0.000354,0.0408,0.0443,-0.0918,TRANSLATE2
-159.2338,137.9407,-79.5297,0.1185,225.1844,26.8611,0.0131,185.7605,561.848,0.1175,0.000204,0.0397,0.0519,-0.097,TRANSLATE2
-172.4621,154.1994,-86.205,0.0912,246.8845,21.7,0.0273,203.3192,858.513,0.1173,0.000211,0.0358,0.0504,-0.0988,TRANSLATE2
-170.6415,176.1658,-66.5765,0.0794,254.1365,7.252,0.0118,220.67,815.6592,0.1102,0.000447,0.0301,0.0414,-0.096,TRANSLATE2
-161.4288,213.3201,-51.0237,0.0871,272.3383,18.2018,0.0077,239.3734,649.4979,0.1015,0.000399,0.0221,0.0294,-0.0927,TRANSLATE2
-159.0837,224.3624,-25.7784,0.1074,276.2438,3.9054,0.0203,254.9575,341.4966,0.0967,0.000202,0.0142,0.0188,-0.0924,TRANSLATE2
-188.0701,219.8743,-7.1914,0.1198,289.4249,13.1811,0.0124,267.8056,236.736,0.097,0.000214,0.0081,0.0134,-0.0951,TRANSLATE2
-189.4686,219.1432,10.8,0.127,289.8943,0.4694,0.0072,276.4076,172.7856,0.1041,0.000337,0.0046,0.0174,-0.1018,TRANSLATE2
-175.3405,235.1395,21.1587,0.1455,294.0792,4.1849,0.0185,284.3961,72.2263,0.1173,0.000381,0.0049,0.0275,-0.1125,TRANSLATE2
-148.0099,261.0991,27.0176,0.1674,301.3464,7.2672,0.022,290.1977,66.9521,0.1334,0.000441,0.0102,0.0431,-0.1235,TRANSLATE2
-113.2642,201.4855,18.2641,0.2012,231.8594,69.487,0.0337,281.3209,629.8827,0.1522,0.000872,0.017,0.0619,-0.136,TRANSLATE2
-100.6176,129.5103,1.9175,0.184,164.0137,67.8457,0.0171,256.2386,2739.8208,0.165,0.0007,0.0243,0.0783,-0.1421,TRANSLATE2
-72.2284,83.1145,-5.8472,0.1456,110.2686,53.7451,0.0384,220.3135,5484.1133,0.1687,0.000472,0.0289,0.0886,-0.1399,TRANSLATE2
-46.2796,61.2572,-11.7278,0.1209,77.6646,32.604,0.0247,177.0305,6592.1626,0.1638,0.000797,0.0285,0.0942,-0.1297,TRANSLATE2
-37.93,53.9745,-30.676,0.1148,72.7526,4.912,0.0061,131.3118,3585.8491,0.1533,0.001165,0.0242,0.0958,-0.1151,TRANSLATE2
-49.6221,39.6827,-56.097,0.1035,84.7582,12.0055,0.0113,101.8916,1131.782,0.1338,0.000821,0.0182,0.0904,-0.0954,TRANSLATE2
-61.7477,18.9243,-73.8776,0.0793,98.1265,13.3683,0.0242,88.7141,189.1394,0.1128,0.000471,0.011,0.0796,-0.0782,TRANSLATE2
-67.3825,1.0988,-73.6334,0.0541,99.8172,1.6908,0.0253,86.6238,116.5071,0.0945,0.000611,0.0049,0.0652,-0.0663,TRANSLATE2
-59.4779,-18.3022,-52.4348,0.0375,81.3757,18.4416,0.0166,87.366,105.4113,0.0778,0.000844,-0.0004,0.049,-0.0572,TRANSLATE2
-45.0073,-37.223,-34.4291,0.0276,67.798,13.5776,0.0099,86.3751,138.3006,0.0604,0.000772,-0.0056,0.0336,-0.0468,TRANSLATE2
-33.484,-52.2846,-31.2308,0.0412,69.4998,1.7018,0.0136,83.3234,185.4203,0.0479,0.000318,-0.0112,0.0253,-0.0315,TRANSLATE2
-28.8966,-55.6933,-41.9534,0.0549,75.4774,5.9776,0.0137,78.7936,133.387,0.043,0.000107,-0.0168,0.0237,-0.0139,TRANSLATE2
-30.2797,-48.2515,-52.2127,0.0643,77.2738,1.7964,0.0094,74.285,25.1223,0.0451,0.000169,-0.0223,0.0269,0.0041,TRANSLATE2
-25.9457,-40.3825,-54.717,0.0642,72.7865,4.4873,0.0001,72.5671,12.5647,0.0504,0.000202,-0.0274,0.0307,0.0199,TRANSLATE2
-16.3503,-35.3529,-45.3236,0.064,59.7611,13.0254,0.0001,70.9597,38.231,0.0577,8.1e-05,-0.0319,0.032,0.0325,TRANSLATE2
-2.6834,-27.0542,-31.5652,0.0639,41.6592,18.1019,0.0002,65.3916,178.5052,0.0623,1.4e-05,-0.0352,0.0298,0.0403,TRANSLATE2
16.3814,-21.8027,-19.0896,0.0616,33.2885,8.3707,0.0023,56.9538,293.0862,0.0636,1e-06,-0.0371,0.0282,0.0427,TRANSLATE2
38.8052,-19.0297,-12.878,0.0634,45.0978,11.8093,0.0018,50.5186,197.2071,0.0634,1e-06,-0.0376,0.0295,0.0402,TRANSLATE2
57.8847,-17.3519,-11.3617,0.0688,61.4884,16.3906,0.0054,48.259,116.9963,0.0643,6e-06,-0.0374,0.035,0.0353,TRANSLATE2
66.6172,-16.3096,-15.6081,0.0719,70.3382,8.8498,0.0032,50.3744,183.5601,0.0659,1.5e-05,-0.0369,0.0431,0.0285,TRANSLATE2
72.8875,-11.0102,-24.9771,0.0719,77.831,7.4928,0.0001,57.6088,266.8061,0.0675,1.8e-05,-0.0365,0.0506,0.0211,TRANSLATE2
89.0975,5.5106,-29.8317,0.0564,94.1205,16.2894,0.0155,69.7752,267.1103,0.0665,3.5e-05,-0.0357,0.0531,0.0119,TRANSLATE2
134.6124,23.621,-13.9122,0.0581,137.3754,43.2549,0.0017,88.2307,718.6671,0.0654,4.6e-05,-0.0345,0.0461,-0.0037,TRANSLATE2
184.393,14.1812,18.1608,0.0999,185.8271,48.4517,0.0419,113.0984,1862.2438,0.0716,0.000243,-0.0323,0.0321,-0.0267,TRANSLATE2
197.3644,-10.9363,45.163,0.1189,202.761,16.9339,0.019,139.583,2402.9998,0.081,0.000602,-0.0282,0.0172,-0.0527,TRANSLATE2
182.7822,-18.6897,50.1023,0.1145,190.4439,12.3171,0.0044,162.1056,1650.4385,0.0896,0.000737,-0.0222,0.0067,-0.077,TRANSLATE2
154.257,-16.3299,36.6693,0.1184,159.3943,31.0496,0.0039,175.1603,557.087,0.102,0.00053,-0.0158,0.003,-0.0983,TRANSLATE2
122.1212,-18.342,17.3511,0.118,124.704,34.6903,0.0004,172.626,774.2925,0.114,5.2e-05,-0.0097,0.0066,-0.1114,TRANSLATE2
94.2595,-14.4424,1.9434,0.1106,95.3793,29.3247,0.0074,154.5365,1605.6189,0.1161,1e-05,-0.0043,0.0132,-0.1141,TRANSLATE2
67.4107,4.1992,2.0047,0.1032,67.5711,27.8082,0.0074,127.4985,1922.0406,0.113,3.2e-05,-0.0002,0.0175,-0.1113,TRANSLATE2
59.8473,23.4906,8.2131,0.1037,64.8149,2.7562,0.0005,102.3727,1284.1584,0.1108,4.4e-05,0.0037,0.0154,-0.109,TRANSLATE2
83.206,27.3331,24.6299,0.0884,90.9778,26.163,0.0153,88.6894,472.6034,0.1048,9.6e-05,0.0075,0.0111,-0.1032,TRANSLATE2
152.9367,35.2509,30.3508,0.062,159.8544,68.8765,0.0264,95.7195,1176.6611,0.0936,0.000302,0.0118,0.008,-0.0916,TRANSLATE2
222.2056,65.982,22.14,0.0278,232.85,72.9956,0.0342,123.2136,4181.665,0.077,0.000836,0.015,0.0065,-0.0733,TRANSLATE2
249.7676,110.8293,-3.8567,0.0298,273.2798,40.4298,0.002,164.3554,6373.7759,0.0623,0.00093,0.0184,0.0079,-0.0558,TRANSLATE2
229.7735,126.0509,-42.2604,0.0553,265.463,7.8168,0.0255,204.485,4826.2773,0.0526,0.000503,0.0223,0.0088,-0.0442,TRANSLATE2
201.8531,68.9408,-67.3146,0.0721,223.6711,41.7919,0.0168,231.0237,1618.8234,0.0494,0.000313,0.0254,0.005,-0.0393,TRANSLATE2
249.7513,-22.9818,-59.1267,0.0348,257.6816,34.0105,0.0373,250.5891,365.1318,0.044,0.000294,0.0251,-0.0008,-0.0324,TRANSLATE2
302.1979,-100.6792,-43.9357,0.0368,321.5435,63.8618,0.002,268.3278,994.4396,0.0458,0.000248,0.0225,-0.007,-0.0229,TRANSLATE2
323.924,-122.209,-32.8173,0.1076,347.7625,26.219,0.0708,283.2243,2029.6018,0.0613,0.000719,0.0144,-0.0183,-0.0004,TRANSLATE2
334.1392,-79.4234,-12.5132,0.1476,343.6766,4.0858,0.04,298.8671,2452.7095,0.0798,0.001859,0.003,-0.029,0.0358,TRANSLATE2
313.1645,-24.9262,-17.3168,0.1272,314.6318,29.0448,0.0204,317.0592,1040.5751,0.0908,0.002176,-0.0068,-0.0359,0.0715,TRANSLATE2
240.3566,-11.9535,-36.9847,0.0971,243.479,71.1528,0.0301,314.2187,1410.1761,0.1032,0.001402,-0.0117,-0.0447,0.0911,TRANSLATE2
199.8884,-49.6284,-42.7221,0.0905,210.3415,33.1376,0.0065,291.9783,3062.9055,0.114,0.000436,-0.0144,-0.0547,0.0963,TRANSLATE2
176.8701,-87.1777,-34.2027,0.1191,200.132,10.2095,0.0286,262.4522,3255.8882,0.1163,0.000427,-0.0142,-0.0651,0.091,TRANSLATE2
166.1523,-106.4234,-7.3591,0.1527,197.4505,2.6815,0.0336,233.2069,1926.1663,0.1173,0.000496,-0.0149,-0.0773,0.0838,TRANSLATE2
134.8,-98.695,14.2471,0.1754,167.6745,29.776,0.0227,203.8155,595.2079,0.127,0.001059,-0.0203,-0.0915,0.0846,TRANSLATE2
87.1087,-73.7091,23.3696,0.1782,116.4779,51.1965,0.0027,178.4153,1160.9672,0.1432,0.001141,-0.0302,-0.1028,0.094,TRANSLATE2
13.3964,-50.1392,16.0457,0.1628,54.3219,62.1561,0.0154,147.2113,3063.261,0.1576,0.000454,-0.0396,-0.1112,0.1036,TRANSLATE2
-41.8298,-39.2551,9.099,0.1446,58.0817,3.7599,0.0181,118.8013,3284.8289,0.1627,0.000165,-0.0456,-0.1131,0.1072,TRANSLATE2
-65.5544,-41.1635,9.0574,0.1328,77.9349,19.8532,0.0119,94.8982,1810.3428,0.1588,0.000309,-0.0489,-0.1108,0.1021,TRANSLATE2
-66.9404,-36.5651,20.8053,0.1341,79.0626,1.1277,0.0014,77.1758,487.136,0.1505,0.000307,-0.0487,-0.1075,0.0927,TRANSLATE2
-65.7805,-25.9271,38.4848,0.1255,80.5007,1.4382,0.0086,69.9804,128.6412,0.1399,0.000168,-0.0458,-0.1043,0.0807,TRANSLATE2
-66.7588,-20.0042,58.4785,0.1068,90.976,10.4753,0.0186,77.3112,114.0258,0.1288,0.000158,-0.0413,-0.1,0.0692,TRANSLATE2
-70.3914,-14.2909,69.7547,0.0778,100.1244,9.1484,0.029,85.7197,73.4562,0.1154,0.000448,-0.0363,-0.0923,0.0586,TRANSLATE2
-70.5412,-9.9796,62.4944,0.0386,94.7692,5.3552,0.0392,89.0866,66.3785,0.0966,0.001213,-0.0304,-0.0774,0.0485,TRANSLATE2
-73.4455,-6.2774,38.183,0.0126,83.0156,11.7536,0.026,89.8772,53.0287,0.0722,0.001752,-0.0231,-0.057,0.036,TRANSLATE2
-76.5439,-6.175,11.5651,0.0019,77.6585,5.357,0.0107,89.3087,64.981,0.0475,0.001564,-0.0154,-0.0365,0.0237,TRANSLATE2
-76.0914,0.3568,-3.8604,0.0073,76.19,1.4685,0.0054,86.3515,90.1001,0.0276,0.000788,-0.0081,-0.0194,0.0137,TRANSLATE2
-70.945,7.623,-9.1789,0.0197,71.9413,4.2487,0.0124,80.7149,61.9216,0.016,0.000162,-0.0017,-0.0085,0.0037,TRANSLATE2
-65.4497,10.4734,-8.2713,0.0297,66.7965,5.1448,0.01,75.1204,29.8628,0.0142,9.5e-05,0.004,-0.0059,-0.0057,TRANSLATE2
-61.8317,13.2631,-7.5608,0.0339,63.6885,3.108,0.0041,71.255,28.5922,0.0185,0.000153,0.0088,-0.0071,-0.0134,TRANSLATE2
-59.131,16.1823,-9.7236,0.0401,62.0716,1.6169,0.0063,68.1376,27.5398,0.0261,0.000133,0.0131,-0.0084,-0.0204,TRANSLATE2
-54.7923,14.8052,-9.9508,0.0441,57.623,4.4487,0.0039,64.4242,22.8935,0.0335,7.2e-05,0.0169,-0.0081,-0.0271,TRANSLATE2
-54.4244,11.2567,-9.0169,0.0449,56.3031,1.3199,0.0008,61.2965,15.0003,0.0385,3.5e-05,0.0198,-0.0069,-0.0319,TRANSLATE2
-56.0083,8.2554,-7.7229,0.0423,57.1378,0.8347,0.0027,59.3648,8.6779,0.041,1.6e-05,0.0214,-0.0058,-0.0345,TRANSLATE2
-57.8879,5.3105,-5.1627,0.0373,58.3598,1.222,0.0049,58.299,4.0051,0.0417,8e-06,0.0215,-0.0048,-0.0354,TRANSLATE2
-63.6103,0.1953,-8.7426,0.0308,64.2086,5.8488,0.0065,58.7264,7.9605,0.0399,2.7e-05,0.0199,-0.0025,-0.0341,TRANSLATE2
-69.5695,-5.0281,-17.0504,0.0202,71.8047,7.5961,0.0106,61.5628,33.8803,0.0351,7.8e-05,0.0162,0.0013,-0.0292,TRANSLATE2
-77.8025,-7.7725,-31.2215,0.0181,84.1928,12.3881,0.0022,67.1407,99.6573,0.0297,8.8e-05,0.0102,0.0055,-0.0211,TRANSLATE2
-89.1076,-8.4899,-43.2179,0.0264,99.3983,15.2056,0.0083,75.5928,216.3179,0.0266,4.9e-05,0.0023,0.0088,-0.0106,TRANSLATE2
-103.2017,-8.2732,-47.593,0.0436,113.948,14.5496,0.0172,86.7105,327.5436,0.0278,8.3e-05,-0.0069,0.0087,0.0026,TRANSLATE2
-121.4614,-5.7466,-43.9432,0.0602,129.2938,15.3459,0.0166,99.7275,419.5019,0.0337,0.000256,-0.0163,0.0039,0.0173,TRANSLATE2
-143.991,-6.7598,-39.2889,0.0743,149.4079,20.114,0.0141,115.2481,516.3024,0.0445,0.000432,-0.0248,-0.0047,0.0314,TRANSLATE2
-168.9865,-3.3516,-33.9343,0.0862,172.3926,22.9847,0.012,132.8881,665.3444,0.0582,0.000454,-0.0312,-0.0145,0.0449,TRANSLATE2
-196.0705,3.6718,-33.2724,0.0906,198.9074,26.5148,0.0043,152.7899,916.6589,0.071,0.000298,-0.0355,-0.0226,0.0566,TRANSLATE2
-221.772,10.1343,-37.8804,0.0891,225.212,26.3046,0.0014,175.0428,1168.7229,0.0801,0.000132,-0.0375,-0.0276,0.065,TRANSLATE2
-249.6082,3.9325,-47.3293,0.0879,254.0862,28.8742,0.0012,200.0012,1376.778,0.0856,3.4e-05,-0.0378,-0.0308,0.0703,TRANSLATE2
-257.5616,-8.0759,-56.4229,0.0963,263.793,9.7068,0.0084,222.8783,1155.3595,0.09,1.2e-05,-0.0368,-0.0325,0.0753,TRANSLATE2
-274.3305,-9.3701,-59.6195,0.1035,280.8906,17.0976,0.0072,244.5779,847.8134,0.0935,3.3e-05,-0.0358,-0.0351,0.0787,TRANSLATE2
-264.4301,-0.4492,-53.7425,0.1037,269.8365,11.0541,0.0002,258.7636,357.0186,0.0961,4.6e-05,-0.034,-0.0393,0.0805,TRANSLATE2
-250.4909,10.8063,-43.4346,0.0929,254.4583,15.3781,0.0108,264.6129,101.3695,0.0969,3.7e-05,-0.0316,-0.0434,0.0803,TRANSLATE2
-258.0334,13.4013,-35.0477,0.0799,260.7473,6.289,0.013,265.9451,80.421,0.0953,7.7e-05,-0.0279,-0.0454,0.0786,TRANSLATE2
-239.2517,24.7054,-28.4944,0.0783,242.2058,18.5415,0.0016,261.6277,173.5653,0.0916,0.000121,-0.0229,-0.0457,0.0756,TRANSLATE2
-224.842,34.4581,-23.3455,0.0697,228.662,13.5439,0.0085,251.182,207.5883,0.0849,0.000143,-0.018,-0.0423,0.0708,TRANSLATE2
-207.9548,47.6227,-23.9483,0.0644,214.678,13.9839,0.0053,240.1503,282.7999,0.077,9.5e-05,-0.0141,-0.0385,0.0648,TRANSLATE2
-206.7389,63.8138,-10.4836,0.0624,216.6173,1.9393,0.0019,232.5821,295.3384,0.0709,5e-05,-0.0117,-0.0371,0.0587,TRANSLATE2
-196.0567,83.2198,16.4006,0.0567,213.6182,2.9991,0.0058,223.1563,119.7622,0.0663,5.3e-05,-0.0097,-0.0377,0.052,TRANSLATE2
-193.3641,102.2258,51.5673,0.051,224.7198,11.1016,0.0057,219.6591,35.4436,0.0608,4.2e-05,-0.0075,-0.0398,0.0416,TRANSLATE2
-182.3507,115.8807,95.5945,0.0356,236.2592,11.5394,0.0154,221.1785,72.0372,0.054,0.000107,-0.0025,-0.0405,0.0296,TRANSLATE2
-157.1931,131.3733,131.8069,0.0277,243.6014,7.3422,0.0079,226.9632,130.6805,0.0467,0.00017,0.0051,-0.033,0.017,TRANSLATE2
-133.1982,143.4705,133.308,0.0534,236.8471,6.7543,0.0258,231.0092,112.4418,0.0449,0.000126,0.0136,-0.0167,0.0039,TRANSLATE2
-142.0429,159.0077,122.062,0.0645,245.6802,8.8331,0.0111,237.4215,53.8822,0.0464,0.000173,0.0214,0.0027,-0.0074,TRANSLATE2
-149.2031,197.1468,122.4277,0.0721,275.893,30.2128,0.0076,247.6562,212.8785,0.0507,0.000283,0.0286,0.0227,-0.0168,TRANSLATE2
-153.0437,236.9612,125.8547,0.109,308.8889,32.9959,0.0368,262.1821,725.7871,0.0654,0.000702,0.0361,0.0431,-0.0301,TRANSLATE2
-163.5412,240.2064,114.7463,0.1567,312.4285,3.5396,0.0477,275.9476,972.1907,0.0911,0.00142,0.044,0.062,-0.0489,TRANSLATE2
-186.483,182.1683,76.1783,0.1815,271.5959,40.8326,0.0248,282.8973,621.9103,0.1168,0.002113,0.0505,0.0781,-0.0688,TRANSLATE2
-189.8364,129.6284,39.5957,0.1604,233.2578,38.3381,0.0211,280.4128,831.5319,0.1359,0.00158,0.0544,0.0896,-0.0851,TRANSLATE2
-190.7222,79.0089,22.311,0.1232,207.6419,25.6159,0.0372,266.7626,1700.2386,0.1461,0.000695,0.053,0.0954,-0.0964,TRANSLATE2
-186.259,43.8322,26.6863,0.0819,193.199,14.4429,0.0413,243.6246,1892.2673,0.1407,0.001214,0.0458,0.0943,-0.0931,TRANSLATE2
-170.8979,51.1626,52.4959,0.0631,185.9557,7.2433,0.0189,218.33,970.7982,0.122,0.00202,0.0348,0.0866,-0.0756,TRANSLATE2
-147.062,74.152,73.6873,0.0956,180.4317,5.524,0.0325,200.0972,358.1696,0.1048,0.001156,0.0258,0.0813,-0.0538,TRANSLATE2
-119.4778,88.0278,64.1092,0.151,161.6596,18.772,0.0555,185.7776,228.6826,0.103,0.000962,0.0212,0.0889,-0.0382,TRANSLATE2
-101.9947,80.7848,26.5811,0.1788,132.7993,28.8603,0.0278,170.8091,470.3553,0.1141,0.001908,0.0214,0.1063,-0.0313,TRANSLATE2
-92.427,45.6903,-16.6601,0.1769,104.441,28.3583,0.0019,153.0574,935.9182,0.1331,0.00213,0.0245,0.1259,-0.0341,TRANSLATE2
-81.4104,6.9429,-54.5218,0.1554,98.2267,6.2143,0.0215,135.5116,1012.8872,0.1515,0.000907,0.0284,0.1425,-0.0413,TRANSLATE2
-78.0627,-24.5769,-76.7487,0.1147,112.197,13.9703,0.0407,121.8647,531.8013,0.1554,0.000537,0.0288,0.1458,-0.0443,TRANSLATE2
-58.7751,-35.5053,-79.8083,0.0837,105.283,6.914,0.031,110.5894,142.9324,0.1419,0.00138,0.0256,0.1333,-0.0392,TRANSLATE2
-36.1889,-29.2792,-69.6342,0.0675,83.7605,21.5225,0.0162,100.7816,92.042,0.1196,0.001718,0.0202,0.1132,-0.0273,TRANSLATE2
-9.7042,-22.3234,-61.5667,0.062,66.204,17.5565,0.0055,93.1342,270.0041,0.0967,0.001198,0.0144,0.093,-0.0154,TRANSLATE2
6.6991,-29.9306,-66.2034,0.0606,72.963,6.7591,0.0014,88.0815,320.663,0.0777,0.00041,0.0095,0.076,-0.0078,TRANSLATE2
1.1593,-46.8226,-78.4221,0.0476,91.344,18.3809,0.013,83.9109,189.0863,0.0643,0.000137,0.006,0.0632,-0.0049,TRANSLATE2
-21.8288,-61.2831,-94.072,0.0277,114.3751,23.0311,0.0199,85.7293,280.0395,0.0531,0.000204,0.003,0.0521,-0.0033,TRANSLATE2
-44.7974,-57.3921,-99.4483,0.0264,123.2502,8.8751,0.0013,93.6273,498.4505,0.0448,0.000237,-0.0004,0.0382,0.0003,TRANSLATE2
-40.3129,-41.3199,-83.2649,0.0469,101.3188,21.9314,0.0205,100.6502,310.5531,0.0418,0.00017,-0.0047,0.0202,0.0071,TRANSLATE2
-19.1347,-32.2716,-55.6244,0.0487,67.0945,34.2244,0.0018,99.4765,381.0575,0.0394,0.000103,-0.0096,0.0012,0.015,TRANSLATE2
5.5391,-33.4204,-30.0589,0.0417,45.2895,21.8049,0.007,90.2656,870.2355,0.0383,9e-05,-0.0144,-0.0136,0.0218,TRANSLATE2
18.3282,-38.2425,-17.7252,0.0378,45.963,0.6735,0.0039,76.5832,959.3181,0.0403,6.3e-05,-0.0191,-0.0218,0.0256,TRANSLATE2
14.6031,-36.6628,-18.5646,0.0455,43.6126,2.3505,0.0078,60.6557,487.4824,0.0441,1.5e-05,-0.0233,-0.0206,0.0273,TRANSLATE2
4.745,-30.5646,-26.5423,0.0554,40.7579,2.8547,0.0099,48.5435,89.2631,0.0458,3.7e-05,-0.0274,-0.0128,0.0286,TRANSLATE2
-0.0134,-18.0861,-30.3713,0.0585,35.3486,5.4093,0.0031,42.1943,14.9444,0.0478,6.3e-05,-0.0313,-0.0042,0.032,TRANSLATE2
9.1768,-7.4657,-21.0752,0.0554,24.1685,11.1801,0.0031,37.9701,60.1706,0.0505,6e-05,-0.0348,0.0026,0.0353,TRANSLATE2
41.3227,2.2743,-5.7601,0.0488,41.7842,17.6157,0.0066,37.1343,49.6042,0.0527,2.3e-05,-0.0371,0.0073,0.0365,TRANSLATE2
81.0113,7.4976,10.9106,0.0507,82.0858,40.3017,0.0019,44.829,386.1307,0.0538,1.2e-05,-0.0382,0.0123,0.0339,TRANSLATE2
121.8528,15.0293,18.3191,0.0613,124.1353,42.0495,0.0106,61.5045,1362.6422,0.055,2.2e-05,-0.0373,0.0204,0.0281,TRANSLATE2
153.626,29.1828,15.8709,0.073,157.1765,33.0412,0.0117,85.8701,2462.7632,0.0579,7.6e-05,-0.0347,0.0326,0.0192,TRANSLATE2
175.3945,46.7744,9.6436,0.087,181.7803,24.6038,0.0139,117.3924,2547.4412,0.0642,0.000205,-0.0304,0.048,0.0078,TRANSLATE2
194.5469,64.8039,-4.4507,0.1077,205.1044,23.3241,0.0208,150.0565,1875.8584,0.076,0.000398,-0.0247,0.0657,-0.0066,TRANSLATE2
212.9219,67.1962,-23.2075,0.1216,224.4764,19.3719,0.0139,178.5346,1248.5178,0.0901,0.000487,-0.0184,0.0801,-0.0242,TRANSLATE2
228.6656,68.9226,-42.816,0.1198,242.6345,18.1581,0.0018,202.2344,916.7383,0.1018,0.00036,-0.0126,0.0879,-0.0422,TRANSLATE2
249.0794,85.3693,-54.8997,0.1092,268.9655,26.331,0.0106,224.5922,901.4312,0.1091,0.000153,-0.0077,0.0892,-0.0579,TRANSLATE2
278.3604,102.5142,-64.0385,0.0964,303.4709,34.5054,0.0128,248.9303,1186.885,0.1109,8.4e-05,-0.0049,0.0828,-0.0704,TRANSLATE2
300.7883,107.2614,-61.6183,0.0835,325.2313,21.7604,0.0129,272.9557,1389.8921,0.1061,0.000209,-0.0058,0.0695,-0.077,TRANSLATE2
325.5744,111.7872,-49.1165,0.0639,347.7176,22.4862,0.0196,297.6039,1430.1737,0.0945,0.000383,-0.0095,0.053,-0.0746,TRANSLATE2
362.8564,152.1173,-27.2182,0.0531,394.3923,46.6747,0.0108,327.9555,1778.225,0.0812,0.000422,-0.0147,0.0351,-0.0676,TRANSLATE2
392.682,192.9188,-7.8964,0.0824,437.5834,43.1911,0.0294,361.6791,2348.6343,0.0759,0.000237,-0.0187,0.0161,-0.067,TRANSLATE2
395.8144,189.6632,9.5766,0.1345,439.0135,1.4301,0.052,388.7876,2132.2466,0.0835,0.000782,-0.0195,-0.0046,-0.0754,TRANSLATE2
363.0078,147.0056,34.7332,0.1736,393.1815,45.8321,0.0391,402.3776,1143.5382,0.1015,0.002081,-0.0154,-0.0286,-0.09,TRANSLATE2
318.0031,90.1919,74.3459,0.1811,338.8036,54.3779,0.0075,400.5948,1351.1477,0.1249,0.002517,-0.0073,-0.0548,-0.1068,TRANSLATE2
307.4306,61.2598,116.783,0.1531,334.5215,4.2821,0.028,388.6207,2073.2112,0.1449,0.001242,0.0031,-0.0754,-0.1203,TRANSLATE2
314.3914,43.2141,152.7264,0.1316,352.1856,17.6642,0.0215,371.5411,1567.5334,0.1548,0.0004,0.0127,-0.0882,-0.1244,TRANSLATE2
316.0725,25.39,175.2155,0.1345,362.2802,10.0945,0.0029,356.1945,438.6614,0.1548,0.0004,0.0211,-0.0939,-0.1201,TRANSLATE2
292.7767,-12.2255,192.1599,0.1469,350.4185,11.8617,0.0124,347.6419,98.5793,0.1494,0.000313,0.0283,-0.0942,-0.1119,TRANSLATE2
232.312,-55.7773,210.4279,0.1492,318.3707,32.0478,0.0023,343.5553,237.6167,0.143,7.1e-05,0.0349,-0.0928,-0.1022,TRANSLATE2
151.0809,-87.9718,233.1423,0.1508,291.41,26.9606,0.0017,334.933,690.7763,0.1426,6.3e-05,0.0413,-0.0973,-0.0929,TRANSLATE2
70.8991,-106.9306,263.3983,0.1368,292.9837,1.5737,0.014,323.0926,842.9992,0.1436,4.5e-05,0.0474,-0.1047,-0.0789,TRANSLATE2
27.4286,-103.307,288.9311,0.1111,308.0679,15.0842,0.0257,312.2502,463.4557,0.139,0.000218,0.0527,-0.1071,-0.0598,TRANSLATE2
6.7804,-115.1831,275.4449,0.0875,298.6352,9.4327,0.0236,301.8935,101.9048,0.1271,0.000594,0.058,-0.0996,-0.0403,TRANSLATE2
-19.1663,-149.1621,241.0684,0.0749,284.1314,14.5038,0.0126,295.0457,63.8111,0.1122,0.000821,0.0616,-0.0847,-0.0201,TRANSLATE2
-55.7018,-172.3234,186.0703,0.0847,259.654,24.4774,0.0099,288.6945,271.3434,0.099,0.000499,0.0629,-0.0666,0.0024,TRANSLATE2
-79.6083,-179.1806,139.65,0.112,240.7183,18.9357,0.0272,278.2414,618.739,0.094,0.000222,0.0614,-0.0546,0.0238,TRANSLATE2
-125.6117,-167.9445,103.5419,0.1408,233.8901,6.8282,0.0288,263.4058,614.1276,0.1,0.000565,0.0582,-0.0514,0.0468,TRANSLATE2
-136.3081,-153.4993,88.1585,0.1525,223.4141,10.476,0.0117,248.3616,459.4435,0.113,0.000916,0.0513,-0.0555,0.0749,TRANSLATE2
-131.9715,-139.5714,66.8424,0.1428,203.3828,20.0314,0.0097,232.2119,347.3532,0.1265,0.00062,0.043,-0.0577,0.0999,TRANSLATE2
-138.2115,-129.6071,1.074,0.1335,189.4771,13.9056,0.0093,218.1765,364.9982,0.1363,0.000185,0.0349,-0.0533,0.1166,TRANSLATE2
-164.9536,-128.0888,-83.8783,0.1321,225.06,35.5829,0.0013,215.0448,263.0407,0.1403,5.4e-05,0.0279,-0.041,0.1269,TRANSLATE2
-190.4348,-134.5398,-155.4214,0.156,280.2181,55.1581,0.0238,224.3104,955.6714,0.1434,9.3e-05,0.0184,-0.0348,0.135,TRANSLATE2
-190.2228,-124.1287,-172.5996,0.1987,285.2776,5.0595,0.0427,236.6831,1545.8258,0.1526,0.000603,0.0065,-0.041,0.1427,TRANSLATE2
-167.9876,-67.8842,-122.0172,0.2246,218.4406,66.8369,0.0258,239.6947,1381.5309,0.169,0.001352,-0.005,-0.0611,0.1499,TRANSLATE2
-117.3276,-1.7261,-46.195,0.203,126.106,92.3346,0.0216,227.0205,3297.011,0.1829,0.001138,-0.0144,-0.0894,0.1496,TRANSLATE2
-69.0402,29.8472,28.6127,0.1378,80.4742,45.6318,0.0652,198.1033,6755.2017,0.184,0.001028,-0.0193,-0.1134,0.1366,TRANSLATE2
-42.9259,22.9778,70.8964,0.0744,86.0053,5.5311,0.0634,159.2608,6411.0811,0.1677,0.003008,-0.0184,-0.1181,0.1119,TRANSLATE2
-28.9407,11.801,75.0828,0.0346,81.3281,4.6773,0.0397,118.4709,2785.9194,0.1349,0.00528,-0.0127,-0.1034,0.0817,TRANSLATE2
-29.3151,24.1814,60.3318,0.0179,71.3025,10.0256,0.0167,89.0432,366.113,0.0935,0.004699,-0.0052,-0.0757,0.0511,TRANSLATE2
-34.4302,38.0701,45.7155,0.0078,68.7363,2.5662,0.0101,77.5693,42.2056,0.0545,0.002249,0.0014,-0.045,0.0258,TRANSLATE2
-40.2285,45.9967,37.6661,0.0146,71.7828,3.0465,0.0068,75.831,44.193,0.0299,0.000573,0.0059,-0.021,0.0107,TRANSLATE2
-45.2141,50.7411,35.7767,0.0206,76.8046,5.0218,0.006,73.9909,20.293,0.0191,7.8e-05,0.0088,-0.0061,0.0033,TRANSLATE2
-38.6463,57.8835,29.1151,0.0318,75.4435,1.3611,0.0111,72.8139,8.563,0.0186,6.2e-05,0.0118,0.0036,-0.0036,TRANSLATE2
-39.742,62.6287,13.5514,0.0464,75.4017,0.0418,0.0146,73.6338,8.7733,0.0243,0.000185,0.0158,0.0108,-0.0116,TRANSLATE2
-40.8592,61.2998,-4.9589,0.054,73.8359,1.5659,0.0076,74.6537,2.9441,0.0335,0.000222,0.0204,0.0174,-0.0184,TRANSLATE2
-43.1624,53.7711,-22.8483,0.0545,72.6386,1.1973,0.0005,74.8249,2.0785,0.0415,0.000176,0.0245,0.0236,-0.0229,TRANSLATE2
-47.9674,44.87,-40.0193,0.0481,76.9138,4.2752,0.0064,74.8467,2.1669,0.047,6.8e-05,0.0275,0.028,-0.0257,TRANSLATE2
-54.4896,34.896,-55.4342,0.0344,85.2044,8.2906,0.0137,76.7989,19.741,0.0475,5.3e-05,0.0285,0.0284,-0.0247,TRANSLATE2
-57.9635,32.6293,-68.5161,0.0181,95.4929,10.2885,0.0163,80.8171,73.0977,0.0418,0.000193,0.0263,0.0243,-0.0192,TRANSLATE2
-65.0083,37.3597,-77.4816,0.0196,107.8204,12.3274,0.0015,87.614,162.9872,0.0349,0.000215,0.0211,0.0177,-0.0092,TRANSLATE2
-74.4254,46.7909,-83.9197,0.0307,121.5362,13.7158,0.0111,97.3935,252.6382,0.0302,0.000119,0.0141,0.0108,0.0031,TRANSLATE2
-84.5903,59.014,-90.8889,0.0383,137.4735,15.9373,0.0076,109.5055,343.3359,0.0282,6.5e-05,0.0071,0.0052,0.016,TRANSLATE2
-83.6441,67.2268,-100.6486,0.0384,147.1255,9.6521,0.0,121.8897,354.9125,0.029,7.7e-05,0.0016,0.002,0.026,TRANSLATE2
-91.6747,64.6221,-116.7751,0.037,161.9157,14.7901,0.0014,135.1743,359.4912,0.0328,5.1e-05,-0.0019,0.0019,0.0322,TRANSLATE2
-110.9804,62.1601,-144.6076,0.0392,192.5925,30.6769,0.0023,152.1287,581.7636,0.0367,9e-06,-0.0041,0.0033,0.0359,TRANSLATE2
-139.9812,64.4656,-169.0361,0.0457,228.7438,36.1513,0.0065,173.5702,1108.8201,0.0397,9e-06,-0.0061,0.0027,0.0385,TRANSLATE2
-168.1349,68.4381,-181.5914,0.0682,256.7656,28.0217,0.0225,197.4286,1663.2946,0.0457,0.000136,-0.0093,-0.0043,0.0416,TRANSLATE2
-185.3204,87.1067,-169.5668,0.0895,265.865,9.0994,0.0213,221.1765,1529.9584,0.0559,0.000404,-0.0133,-0.0169,0.0468,TRANSLATE2
-170.3157,111.8916,-145.6379,0.0856,250.4747,15.3903,0.0039,238.8883,685.5577,0.0656,0.000414,-0.0172,-0.031,0.051,TRANSLATE2
-154.5182,120.5321,-127.8697,0.0692,233.9968,16.4779,0.0163,247.1692,193.1107,0.0716,0.000241,-0.0206,-0.0431,0.0508,TRANSLATE2
-152.5365,115.6163,-125.4145,0.0542,228.8303,5.1666,0.0151,247.1865,192.4749,0.0733,0.000164,-0.023,-0.0503,0.0466,TRANSLATE2
-156.8698,104.4649,-131.5472,0.0511,229.8385,1.0082,0.0031,241.8011,205.3109,0.0699,0.000246,-0.0241,-0.0509,0.0397,TRANSLATE2
-169.4615,91.6844,-138.5159,0.0642,237.297,7.4586,0.0131,236.0874,60.9087,0.0649,0.00015,-0.0256,-0.0493,0.0321,TRANSLATE2
-185.1223,95.1882,-125.4627,0.0818,243.0472,5.7502,0.0176,234.602,26.9911,0.0641,0.000122,-0.0284,-0.0493,0.0291,TRANSLATE2
-175.4135,110.6068,-99.7296,0.0884,230.1081,12.9391,0.0065,233.8242,30.3519,0.0679,0.00022,-0.0327,-0.0505,0.031,TRANSLATE2
-155.5964,133.3729,-72.3118,0.0734,217.3191,12.789,0.015,231.522,74.5477,0.0718,0.000173,-0.0367,-0.0512,0.0336,TRANSLATE2
-146.1928,146.9859,-48.3525,0.0547,212.8735,4.4456,0.0187,228.129,132.0215,0.0725,0.000145,-0.04,-0.0499,0.0317,TRANSLATE2
-144.9823,125.6887,-32.9039,0.0428,194.6797,18.1938,0.0119,219.6055,266.3322,0.0682,0.00029,-0.0413,-0.0435,0.0245,TRANSLATE2
-170.239,90.0978,-29.1294,0.0364,194.8011,0.1213,0.0064,209.9563,186.3743,0.0591,0.000373,-0.0404,-0.0318,0.0128,TRANSLATE2
-226.9162,47.9189,-37.741,0.0451,234.9714,40.1704,0.0087,210.929,229.3604,0.0505,0.000166,-0.0381,-0.015,0.0001,TRANSLATE2
-283.933,0.2414,-57.7428,0.0585,289.7451,54.7737,0.0134,225.4142,1253.7698,0.0475,6.5e-05,-0.0364,0.0029,-0.0099,TRANSLATE2
-322.2808,-36.6288,-76.4067,0.0703,333.2335,43.4883,0.0118,249.4862,2967.8557,0.0506,0.000149,-0.035,0.0216,-0.013,TRANSLATE2
-268.959,-57.903,-93.8254,0.0577,290.6801,42.5534,0.0126,268.6862,2337.8516,0.0536,0.000137,-0.0334,0.035,-0.0134,TRANSLATE2
-254.7047,-103.6381,-79.8166,0.0345,286.332,4.3481,0.0233,286.9924,973.2061,0.0532,0.000151,-0.0328,0.0375,-0.0128,TRANSLATE2
-263.8138,-120.4448,-37.8095,0.0329,292.4623,6.1303,0.0015,298.4906,305.7452,0.0508,0.000215,-0.0316,0.034,-0.0062,TRANSLATE2
-258.5541,-104.1121,-5.5101,0.0687,278.7829,13.6794,0.0357,296.2982,363.3202,0.0528,0.000263,-0.03,0.0345,0.0053,TRANSLATE2
-241.5933,-63.8553,-9.8237,0.0983,250.0827,28.7003,0.0296,279.668,241.0889,0.0584,0.000584,-0.0283,0.0392,0.015,TRANSLATE2
-238.0246,-39.8624,-28.984,0.095,243.0737,7.009,0.0033,270.1467,394.0099,0.0659,0.000795,-0.0275,0.0473,0.0222,TRANSLATE2
-240.6228,-23.0462,-41.2528,0.0823,245.2188,2.1452,0.0127,261.9241,398.2854,0.0754,0.000561,-0.0262,0.0603,0.0291,TRANSLATE2
-210.2233,14.6568,-21.4304,0.0696,211.8205,33.3983,0.0127,245.7957,453.7186,0.0828,0.000153,-0.0251,0.0709,0.0314,TRANSLATE2
-158.3068,76.0598,11.9995,0.0672,176.0401,35.7804,0.0024,225.2471,787.0128,0.0825,0.000161,-0.0232,0.074,0.027,TRANSLATE2
-119.1142,120.6354,40.7589,0.0912,174.3627,1.6774,0.024,210.1031,952.1566,0.081,0.000124,-0.0218,0.0748,0.016,TRANSLATE2
-79.807,158.4489,53.229,0.1238,185.2256,10.8629,0.0326,198.5336,724.6682,0.0868,0.000417,-0.0196,0.0799,0.0023,TRANSLATE2
-49.5143,146.6904,46.7489,0.1517,161.7257,23.5,0.0279,181.8349,280.8853,0.1007,0.001063,-0.0176,0.091,-0.0165,TRANSLATE2
-18.0521,137.5867,34.271,0.1446,142.9352,18.7905,0.0071,168.0579,213.8891,0.1157,0.00103,-0.0156,0.1035,-0.0375,TRANSLATE2
18.324,135.685,36.7293,0.1219,141.7576,1.1776,0.0227,161.2014,292.4751,0.1266,0.000448,-0.0143,0.1091,-0.058,TRANSLATE2
46.7123,124.5886,58.8459,0.1136,145.4895,3.7319,0.0083,155.4267,273.8566,0.1311,0.000211,-0.0124,0.1054,-0.0735,TRANSLATE2
39.8792,105.2865,76.4924,0.1149,136.1127,9.3768,0.0013,145.6041,74.3844,0.1293,0.000249,-0.0109,0.0981,-0.0812,TRANSLATE2
26.7034,89.4761,67.3501,0.1244,115.1307,20.982,0.0094,136.2852,121.2864,0.1239,0.000124,-0.0093,0.0919,-0.081,TRANSLATE2
-2.0311,79.4184,35.5801,0.1289,87.048,28.0828,0.0046,125.1077,472.3669,0.1207,3.3e-05,-0.0072,0.0899,-0.0785,TRANSLATE2
-21.1373,63.3034,4.8985,0.1059,66.9187,20.1293,0.0231,110.1399,870.0812,0.1175,6.7e-05,-0.0056,0.0895,-0.074,TRANSLATE2
-28.138,43.3678,-9.5781,0.07,52.5761,14.3425,0.0359,91.5572,937.5641,0.1088,0.00044,-0.0049,0.0855,-0.0659,TRANSLATE2
-17.5885,25.6161,6.8188,0.0346,31.8125,20.7636,0.0354,70.6972,819.2707,0.0928,0.001275,-0.0056,0.0731,-0.0548,TRANSLATE2
-1.1271,20.1741,32.7394,0.0144,38.4725,6.66,0.0202,55.3655,397.0303,0.0708,0.001819,-0.0067,0.0538,-0.0421,TRANSLATE2
8.9952,15.983,48.5103,0.0262,51.8615,13.389,0.0117,48.3283,149.2076,0.0502,0.001118,-0.0078,0.0361,-0.0276,TRANSLATE2
11.5462,17.9083,44.1926,0.0441,49.0613,2.8003,0.0179,44.7568,67.4389,0.0379,0.000354,-0.0087,0.0262,-0.0113,TRANSLATE2
10.7276,19.661,31.1384,0.0454,38.3567,10.7045,0.0014,41.9129,55.3149,0.0329,0.000134,-0.009,0.0228,0.0043,TRANSLATE2
16.8539,22.6944,29.3983,0.0394,40.7842,2.4275,0.006,43.7072,31.9465,0.0339,0.000141,-0.0084,0.0228,0.0171,TRANSLATE2
31.7863,31.0931,41.6842,0.0364,60.9485,20.1643,0.003,48.2024,65.7114,0.0383,4.7e-05,-0.0077,0.0228,0.0261,TRANSLATE2
52.0509,46.0276,58.1755,0.0288,90.6213,29.6728,0.0076,55.9544,362.8128,0.0388,3.6e-05,-0.0068,0.0188,0.0301,TRANSLATE2
71.6782,59.9596,69.7998,0.0124,116.6402,26.0188,0.0164,69.4702,907.1857,0.0325,0.00013,-0.0055,0.0131,0.0275,TRANSLATE2
84.6082,59.1208,79.7367,0.0173,130.4291,13.789,0.0049,87.8847,1117.682,0.0269,0.00011,-0.0037,0.0093,0.0196,TRANSLATE2
109.0397,67.7279,100.2925,0.0214,162.8966,32.4675,0.0041,112.3071,1202.8918,0.0233,7.2e-05,-0.0018,0.0094,0.0098,TRANSLATE2
152.0286,91.9635,140.309,0.04,226.3992,63.5026,0.0185,145.3973,2183.7935,0.024,9.3e-05,0.0017,0.0147,-0.0022,TRANSLATE2
201.9917,130.0646,191.7284,0.0837,307.3715,80.9722,0.0437,188.7473,4951.6138,0.035,0.000681,0.0076,0.0259,-0.0184,TRANSLATE2
233.8058,173.7204,229.4296,0.1417,370.7855,63.4141,0.058,239.5764,7955.7124,0.0608,0.002188,0.017,0.0442,-0.0377,TRANSLATE2
231.7353,175.5388,245.5218,0.2129,380.5208,9.7353,0.0712,289.5947,7044.3193,0.0999,0.004905,0.0295,0.0702,-0.0644,TRANSLATE2
214.2226,141.2623,235.9268,0.2623,348.5797,31.9411,0.0495,326.7314,3150.5535,0.1481,0.006626,0.0438,0.1017,-0.0981,TRANSLATE2
187.0156,85.788,202.9633,0.2784,289.013,59.5667,0.0161,339.2541,1264.9615,0.1958,0.005408,0.0564,0.1334,-0.1315,TRANSLATE2
164.2031,39.3773,146.2394,0.2602,223.3813,65.6318,0.0182,322.4561,3464.7898,0.2311,0.002478,0.064,0.1585,-0.1553,TRANSLATE2
147.0562,17.0299,86.6259,0.2215,171.5214,51.8598,0.0387,282.6032,5965.6489,0.2471,0.000643,0.0651,0.1691,-0.1678,TRANSLATE2
144.2762,13.2333,48.0351,0.1678,152.6372,18.8842,0.0537,237.0265,5349.0762,0.2381,0.001584,0.0612,0.1594,-0.1653,TRANSLATE2
157.971,19.5492,29.5625,0.1383,161.8979,9.2607,0.0295,199.6902,2595.1106,0.2133,0.00284,0.0549,0.1332,-0.1538,TRANSLATE2
168.5268,13.0893,23.0,0.1329,170.5919,8.694,0.0054,176.006,607.7955,0.1841,0.002434,0.0485,0.0951,-0.1408,TRANSLATE2
186.3652,-6.8223,11.4312,0.1338,186.84,16.2481,0.0009,168.6977,128.9762,0.1589,0.001144,0.0445,0.0518,-0.1309,TRANSLATE2
192.6578,-38.411,-13.4456,0.1387,196.9091,10.0691,0.0049,173.7752,260.777,0.1423,0.000168,0.0435,0.0074,-0.1232,TRANSLATE2
181.3731,-74.9631,-37.5159,0.1499,199.8077,2.8986,0.0111,183.2093,217.9493,0.1387,3.6e-05,0.0433,-0.0348,-0.1141,TRANSLATE2
173.936,-99.3393,-34.6033,0.169,203.2717,3.4641,0.0191,191.4841,139.1425,0.1449,0.000182,0.0414,-0.0753,-0.0982,TRANSLATE2
206.005,-99.2495,-15.7983,0.1919,229.212,25.9402,0.0229,203.2081,199.0719,0.1567,0.000457,0.0373,-0.113,-0.071,TRANSLATE2
218.6072,-76.1184,16.0551,0.2134,232.0363,2.8244,0.0215,212.2474,229.9941,0.1726,0.000742,0.0322,-0.1483,-0.0377,TRANSLATE2
205.2826,-45.9478,43.2628,0.2082,214.7646,17.2718,0.0052,215.8185,171.4563,0.1865,0.000574,0.028,-0.1744,-0.0039,TRANSLATE2
183.2167,-31.7708,44.4384,0.1879,191.1871,23.5774,0.0203,214.0944,238.5553,0.1941,0.000248,0.0266,-0.1862,0.0253,TRANSLATE2
126.7859,-48.7604,27.3351,0.1744,138.562,52.6251,0.0135,201.1524,1188.6617,0.1951,0.000199,0.0284,-0.1858,0.0467,TRANSLATE2
86.2787,-78.3864,16.5899,0.1913,117.7441,20.818,0.0169,178.8588,1925.5801,0.195,0.0002,0.0313,-0.18,0.0639,TRANSLATE2
67.5198,-98.4904,24.847,0.2118,121.9699,4.2258,0.0204,156.8456,1522.6959,0.1947,0.000189,0.0325,-0.1708,0.082,TRANSLATE2
59.9002,-102.6329,42.5619,0.2181,126.2263,4.2564,0.0063,139.1379,725.7198,0.1967,0.000258,0.0302,-0.1596,0.1035,TRANSLATE2
27.7671,-103.1376,37.6152,0.2048,113.2399,12.9864,0.0133,123.5484,75.0055,0.2001,0.000244,0.0243,-0.1445,0.1272,TRANSLATE2
-12.8051,-104.7382,5.564,0.1985,105.6647,7.5752,0.0063,116.969,50.6003,0.2049,8.9e-05,0.0155,-0.126,0.1523,TRANSLATE2
-49.8503,-103.3374,-32.88,0.201,119.3515,13.6868,0.0025,117.2905,51.5121,0.2068,5.2e-05,0.005,-0.1035,0.172,TRANSLATE2
-70.3271,-94.3637,-62.404,0.2055,133.2091,13.8576,0.0045,119.5383,92.7608,0.2056,4.6e-05,-0.0057,-0.0808,0.1846,TRANSLATE2
-73.4148,-81.4691,-68.8263,0.1984,129.4759,3.7332,0.0071,120.1882,103.1438,0.2016,9e-06,-0.0164,-0.0633,0.189,TRANSLATE2
-57.8412,-74.2378,-67.108,0.1828,115.5869,13.889,0.0156,120.6576,97.502,0.1972,5.9e-05,-0.0266,-0.0529,0.1873,TRANSLATE2
-43.4949,-64.4183,-64.4051,0.1706,100.9433,14.6436,0.0122,119.7134,129.3836,0.1917,0.00017,-0.0355,-0.0484,0.1815,TRANSLATE2
-37.7115,-46.4222,-62.3678,0.1542,86.4114,14.5319,0.0164,113.1253,307.7596,0.1823,0.000345,-0.0414,-0.046,0.1711,TRANSLATE2
-38.3255,-22.8659,-57.0318,0.1394,72.4176,13.9937,0.0148,100.967,410.6867,0.1691,0.000431,-0.0442,-0.0445,0.1568,TRANSLATE2
-35.0698,5.4323,-46.7379,0.1146,58.6842,13.7335,0.0248,86.8087,405.2444,0.1523,0.000572,-0.0435,-0.0425,0.1393,TRANSLATE2
-30.2214,28.674,-30.931,0.0817,51.887,6.7972,0.0328,74.0687,321.205,0.1321,0.000973,-0.0387,-0.043,0.1175,TRANSLATE2
-23.7334,35.9548,-9.7635,0.0576,44.1741,7.7129,0.0241,62.7148,226.584,0.1095,0.001276,-0.0305,-0.0445,0.0915,TRANSLATE2
-21.2461,36.4607,12.1329,0.0453,43.9089,0.2652,0.0123,54.2143,112.7532,0.0877,0.001226,-0.0193,-0.0457,0.0644,TRANSLATE2
-18.4,36.6467,30.9126,0.0411,51.353,7.4441,0.0042,50.0014,30.3699,0.0681,0.000741,-0.0068,-0.0447,0.0378,TRANSLATE2
-21.645,37.6517,42.5676,0.0355,60.8125,9.4595,0.0056,50.4271,38.4865,0.0523,0.00027,0.0053,-0.0397,0.0146,TRANSLATE2
-32.8504,38.7683,41.1884,0.0342,65.4111,4.5986,0.0013,53.1319,75.6484,0.0427,7.1e-05,0.0146,-0.0304,-0.0021,TRANSLATE2
-44.9772,39.4052,32.7445,0.0344,68.1757,2.7646,0.0002,57.9322,81.8197,0.0381,1.9e-05,0.0205,-0.018,-0.0121,TRANSLATE2
-54.6099,41.5523,26.0019,0.032,73.3821,5.2064,0.0024,63.8269,55.4816,0.0354,9e-06,0.0223,-0.0044,-0.0157,TRANSLATE2
-55.8285,48.3825,23.6265,0.035,77.5622,4.1801,0.003,69.0687,34.6171,0.0342,1e-06,0.0209,0.0092,-0.0147,TRANSLATE2
-56.2378,51.5935,20.0043,0.0416,78.8971,1.3349,0.0066,72.6856,27.2214,0.0354,1.1e-05,0.0177,0.0213,-0.0103,TRANSLATE2
-64.4871,52.9092,3.2128,0.0514,83.4763,4.5792,0.0097,76.2987,26.8713,0.0389,4.9e-05,0.0137,0.0317,-0.0032,TRANSLATE2
-78.6022,54.4148,-21.5516,0.0535,97.9987,14.5224,0.0021,82.2633,72.2766,0.0427,7.3e-05,0.0102,0.0391,0.005,TRANSLATE2
-96.8536,53.035,-48.3819,0.0461,120.5577,22.5589,0.0074,91.6984,260.7718,0.0455,4.5e-05,0.0074,0.0418,0.0127,TRANSLATE2
-107.8329,53.8655,-70.0555,0.0384,139.4174,18.8597,0.0076,104.0694,523.1831,0.0462,3.2e-05,0.0056,0.0387,0.0199,TRANSLATE2
-112.1288,56.8205,-72.8663,0.0364,145.2961,5.8787,0.002,117.3492,560.0278,0.0452,4.6e-05,0.005,0.0293,0.026,TRANSLATE2
-104.3937,47.7502,-67.0899,0.0408,132.9631,12.333,0.0044,127.2466,281.3535,0.043,3.8e-05,0.0045,0.0148,0.0299,TRANSLATE2
-86.1212,31.8501,-63.3282,0.0492,111.5426,21.4205,0.0084,129.9554,152.2519,0.0422,2.3e-05,0.0036,-0.0008,0.0339,TRANSLATE2
-75.7657,9.5426,-67.0688,0.0567,101.6353,9.9073,0.0075,126.1709,280.6717,0.0443,5.7e-05,0.0013,-0.0143,0.0381,TRANSLATE2
-75.3282,-4.3972,-73.9863,0.0718,105.6771,4.0418,0.0151,119.4228,284.0406,0.051,0.000157,-0.0014,-0.0231,0.0443,TRANSLATE2
-74.0126,1.5573,-84.1797,0.0766,112.1004,6.4233,0.0049,112.7837,116.8012,0.059,0.000182,-0.0043,-0.027,0.0515,TRANSLATE2
-77.3038,4.4864,-93.825,0.0695,121.6517,9.5513,0.0071,110.5214,45.97,0.0648,0.000104,-0.0071,-0.0278,0.0576,TRANSLATE2
-89.8493,5.2798,-102.3319,0.0637,136.2812,14.6296,0.0058,115.4691,153.9953,0.0677,4.7e-05,-0.0089,-0.0286,0.0604,TRANSLATE2
-101.0482,6.2301,-106.6155,0.0614,147.0252,10.744,0.0024,124.5471,232.4675,0.0686,3e-05,-0.0086,-0.0304,0.0603,TRANSLATE2
-114.7417,-0.3441,-109.3361,0.0576,158.4934,11.4682,0.0038,135.1104,280.1391,0.0658,4.5e-05,-0.0079,-0.0336,0.0547,TRANSLATE2
-130.6152,-0.6971,-108.3095,0.062,169.6814,11.188,0.0044,146.6266,280.6553,0.0629,1.5e-05,-0.0077,-0.0379,0.0482,TRANSLATE2
-144.9984,10.7954,-101.082,0.0638,177.0838,7.4024,0.0018,157.713,218.5253,0.0617,5e-06,-0.0079,-0.0429,0.0426,TRANSLATE2
-159.8175,28.1051,-89.725,0.0578,185.4241,8.3403,0.0061,167.5416,183.6415,0.0605,6e-06,-0.0098,-0.0464,0.0363,TRANSLATE2
-177.8196,46.9903,-79.4581,0.0544,200.3534,14.9293,0.0033,178.2072,201.0249,0.0591,1.1e-05,-0.0127,-0.0487,0.0275,TRANSLATE2
-185.3338,65.5829,-56.804,0.0627,204.6373,4.2839,0.0083,187.436,177.8377,0.0601,1.2e-05,-0.0156,-0.0513,0.0166,TRANSLATE2
-169.9171,68.9257,-26.1526,0.073,185.2202,19.4171,0.0103,190.5438,106.1163,0.0623,4e-05,-0.0176,-0.0535,0.0008,TRANSLATE2
-153.6118,58.078,11.2686,0.0687,164.6105,20.6097,0.0043,188.0491,198.1653,0.0633,4.7e-05,-0.0189,-0.0526,-0.0155,TRANSLATE2
-133.2269,54.3718,29.9399,0.0501,146.9765,17.634,0.0186,180.3596,475.0497,0.0618,7.3e-05,-0.0197,-0.0468,-0.028,TRANSLATE2
-119.7128,72.3131,29.1738,0.0438,142.8686,4.1079,0.0063,168.8626,544.0336,0.0597,0.000122,-0.0209,-0.0366,-0.0356,TRANSLATE2
-121.039,104.9505,16.7609,0.0472,161.0775,18.2089,0.0034,160.1507,224.2913,0.0565,0.000142,-0.022,-0.0238,-0.0398,TRANSLATE2
-125.0031,138.9572,6.4243,0.0572,187.0191,25.9416,0.01,160.5105,242.8486,0.0534,7.8e-05,-0.0231,-0.0105,-0.0421,TRANSLATE2
-131.0118,167.1064,4.8301,0.0727,212.3958,25.3767,0.0155,170.0675,686.5671,0.0542,0.000105,-0.0229,0.001,-0.0469,TRANSLATE2
-118.7407,174.3789,8.1172,0.0959,211.1238,1.272,0.0233,182.897,752.4567,0.0634,0.000366,-0.0215,0.0103,-0.0571,TRANSLATE2
-110.0832,170.1062,0.8219,0.1234,202.6206,8.5031,0.0275,194.8474,366.9955,0.0793,0.000757,-0.019,0.0196,-0.0728,TRANSLATE2
-119.0353,156.7881,-14.9394,0.1417,197.4211,5.1995,0.0183,202.1161,87.4052,0.0982,0.000973,-0.0174,0.029,-0.0911,TRANSLATE2
-123.3532,135.3211,-20.4046,0.1451,184.2395,13.1817,0.0034,201.5602,105.4274,0.1157,0.000768,-0.0173,0.0382,-0.1073,TRANSLATE2
-110.6638,123.3194,-15.4331,0.1405,166.4102,17.8293,0.0046,192.363,244.4624,0.1293,0.000335,-0.0142,0.05,-0.1178,TRANSLATE2
-91.4436,104.5993,-5.5465,0.1471,139.0457,27.3645,0.0066,177.9474,534.8073,0.1395,7.1e-05,-0.0156,0.0628,-0.1225,TRANSLATE2
-71.7767,102.6888,-4.2997,0.1664,125.361,13.6847,0.0194,162.4955,727.3582,0.1481,8.9e-05,-0.0154,0.0772,-0.1229,TRANSLATE2
-58.8276,100.2104,-14.0241,0.1901,117.0448,8.3161,0.0237,146.4202,638.1364,0.1578,0.000339,-0.013,0.0943,-0.1228,TRANSLATE2
-55.7621,69.8902,-30.2318,0.1982,94.3823,22.6626,0.0081,128.4488,570.6942,0.1685,0.00052,-0.0089,0.1123,-0.1235,TRANSLATE2
-49.3066,46.3903,-32.9573,0.1799,75.2953,19.087,0.0183,110.2258,515.4631,0.1763,0.000327,-0.0092,0.1247,-0.1236,TRANSLATE2
-36.2171,30.9154,-16.3971,0.156,50.3617,24.9335,0.0239,92.489,751.494,0.1781,0.000235,-0.0059,0.1297,-0.1219,TRANSLATE2
-22.4737,27.676,6.1042,0.1419,36.1703,14.1914,0.0142,74.6509,851.5413,0.1732,0.000447,-0.0041,0.1281,-0.1164,TRANSLATE2
-30.9633,38.0815,15.8677,0.1333,51.5821,15.4118,0.0085,61.5583,427.1112,0.1619,0.000579,-0.0036,0.122,-0.1059,TRANSLATE2
-61.0613,48.562,14.9536,0.1273,79.4378,27.8557,0.006,58.5694,266.6305,0.1477,0.000353,-0.0037,0.1148,-0.0921,TRANSLATE2
-81.4022,53.1465,7.3035,0.1208,97.4895,18.0517,0.0065,63.0083,493.9308,0.1359,0.00015,-0.0043,0.1092,-0.08,TRANSLATE2
-88.2155,44.761,-3.001,0.1055,98.9673,1.4778,0.0153,72.7294,626.0536,0.1258,0.000151,-0.0048,0.1043,-0.0698,TRANSLATE2
-82.0599,30.7244,-5.2664,0.0754,87.7813,11.186,0.0301,83.0516,297.5045,0.1125,0.000429,-0.0055,0.0949,-0.06,TRANSLATE2
-67.7104,24.1889,3.815,0.045,72.0025,15.7788,0.0304,87.1357,107.1754,0.0948,0.000941,-0.0068,0.081,-0.0484,TRANSLATE2
-58.2715,28.048,13.5864,0.0338,66.0821,5.9204,0.0111,84.4645,176.8396,0.0761,0.001123,-0.0084,0.0657,-0.0346,TRANSLATE2
-56.8984,38.329,14.2941,0.0371,70.0776,3.9955,0.0033,78.9821,154.2498,0.0594,0.000748,-0.0094,0.0517,-0.0197,TRANSLATE2
-58.9281,49.1601,6.3478,0.0372,77.0034,6.9259,0.0001,74.5894,55.8552,0.0457,0.000234,-0.0099,0.0402,-0.0052,TRANSLATE2
-44.7237,54.7312,0.8501,0.0348,70.6855,6.3179,0.0024,71.1702,12.4074,0.0376,1.5e-05,-0.0102,0.033,0.0062,TRANSLATE2
-20.0071,59.0381,2.4082,0.0281,62.3825,8.303,0.0067,69.2462,24.0118,0.0342,1.1e-05,-0.0099,0.0285,0.0138,TRANSLATE2
8.9568,65.2867,13.1547,0.0242,67.1984,4.8159,0.0039,69.4695,22.7984,0.0323,2.7e-05,-0.0092,0.0242,0.0176,TRANSLATE2
36.5748,78.2231,27.6738,0.0215,90.6775,23.4791,0.0026,73.5895,95.7062,0.0292,3.6e-05,-0.008,0.0191,0.019,TRANSLATE2
63.9817,102.0535,44.1609,0.018,128.2917,37.6142,0.0035,83.8471,586.6224,0.0253,3.3e-05,-0.0059,0.0155,0.018,TRANSLATE2
95.5916,125.4272,55.0818,0.0267,167.0441,38.7524,0.0086,103.1189,1564.9258,0.0237,1.3e-05,-0.0028,0.0148,0.0127,TRANSLATE2
126.9952,148.1543,60.2405,0.0474,204.2214,37.1772,0.0208,131.4866,2472.6499,0.0276,0.000107,0.0014,0.0181,0.0025,TRANSLATE2
167.1055,170.0828,64.2924,0.0701,246.9533,42.7319,0.0227,167.4376,3020.0913,0.0368,0.000383,0.0069,0.024,-0.0125,TRANSLATE2
204.9032,186.7318,65.1589,0.0963,284.7802,37.8269,0.0261,206.2581,3088.4924,0.0517,0.000821,0.0139,0.0311,-0.0324,TRANSLATE2
229.0663,191.0761,63.3271,0.1252,304.9455,20.1653,0.0289,241.5889,2572.3159,0.0731,0.001215,0.0221,0.0374,-0.0566,TRANSLATE2
257.6374,171.9171,59.4617,0.1468,315.3859,10.4403,0.0216,271.2573,1669.9189,0.0972,0.001291,0.0312,0.0429,-0.0803,TRANSLATE2
277.0037,140.9618,41.5569,0.1608,313.5734,1.8125,0.014,293.1277,650.974,0.1198,0.001091,0.0392,0.0486,-0.1019,TRANSLATE2
272.9467,98.4757,7.6299,0.1635,290.2681,23.3052,0.0028,301.7906,151.1478,0.1385,0.00063,0.0446,0.0548,-0.119,TRANSLATE2
251.7511,59.39,-35.2336,0.1503,261.0502,29.2179,0.0133,297.0446,402.7088,0.1493,0.000184,0.0462,0.0606,-0.1281,TRANSLATE2
240.0853,35.3776,-72.1119,0.122,253.1652,7.885,0.0283,286.6885,668.056,0.1487,0.000217,0.043,0.0639,-0.1268,TRANSLATE2
259.8526,31.1208,-97.4614,0.0945,279.268,26.1027,0.0275,279.465,462.1818,0.1382,0.000693,0.0355,0.0631,-0.1173,TRANSLATE2
294.4571,35.506,-111.6972,0.0805,316.9258,37.6578,0.0141,280.1355,509.7178,0.1222,0.001001,0.0258,0.0574,-0.1041,TRANSLATE2
333.0563,34.2142,-112.3328,0.0688,353.1512,36.2255,0.0117,292.7121,1397.2725,0.1032,0.00087,0.0143,0.0449,-0.0896,TRANSLATE2
368.8419,35.8276,-90.0319,0.0665,381.3577,28.2065,0.0023,316.7736,2189.4319,0.0864,0.000416,0.0019,0.0262,-0.0762,TRANSLATE2
397.4704,39.4246,-58.5192,0.0697,403.685,22.3272,0.0033,346.8775,1984.6979,0.076,0.000109,-0.0106,0.0072,-0.0657,TRANSLATE2
420.3732,47.2959,-45.0279,0.0697,425.4152,21.7302,0.0,376.107,1449.7601,0.071,2.4e-05,-0.0227,-0.0083,-0.0582,TRANSLATE2
384.2955,69.9867,-54.8286,0.0685,394.4456,30.9696,0.0012,391.6109,576.1647,0.0686,1e-06,-0.033,-0.021,-0.0515,TRANSLATE2
312.6957,93.3925,-67.5097,0.0973,333.2542,61.1914,0.0288,387.6315,945.6012,0.0743,0.000133,-0.0395,-0.0366,-0.0483,TRANSLATE2
228.3722,103.4078,-52.6703,0.1514,256.1664,77.0878,0.0542,362.5932,3767.4324,0.0913,0.001021,-0.0423,-0.0588,-0.0496,TRANSLATE2
183.029,99.4762,31.5825,0.1758,210.6955,45.4708,0.0244,323.9954,6554.5142,0.1126,0.001904,-0.0415,-0.0837,-0.0537,TRANSLATE2
192.2951,65.5841,105.7379,0.163,229.0397,18.3442,0.0128,284.7203,4758.1006,0.1312,0.001699,-0.0346,-0.1053,-0.0626,TRANSLATE2
171.8423,2.1298,146.3809,0.1525,225.747,3.2927,0.0105,250.9805,1907.3721,0.148,0.000721,-0.024,-0.1244,-0.0722,TRANSLATE2
137.9301,-63.3681,161.1048,0.1374,221.3481,4.3989,0.0151,228.5993,228.2794,0.156,0.000164,-0.0128,-0.1354,-0.073,TRANSLATE2
65.9035,-91.8726,159.3838,0.1392,195.415,25.933,0.0017,216.4491,148.9018,0.1536,0.00021,-0.001,-0.1363,-0.0639,TRANSLATE2
-28.6085,-115.8137,141.407,0.1341,185.006,10.4091,0.0051,211.3111,313.6169,0.1452,0.000118,0.0127,-0.1305,-0.0513,TRANSLATE2
-114.4274,-167.4478,114.7319,0.1142,233.0146,48.0087,0.0199,212.1061,344.3328,0.1355,0.000153,0.0239,-0.1236,-0.029,TRANSLATE2
-143.1763,-212.5739,83.5699,0.1046,269.5757,36.561,0.0096,220.8719,890.8292,0.1259,0.000193,0.0303,-0.1118,0.0029,TRANSLATE2
-160.066,-240.8591,49.3622,0.1414,293.3784,23.8027,0.0368,235.2779,1734.6882,0.1267,0.000214,0.0323,-0.0996,0.0387,TRANSLATE2
-175.506,-236.6467,31.9272,0.1876,296.35,2.9716,0.0463,255.4649,1755.3239,0.1364,0.000832,0.0298,-0.0874,0.0769,TRANSLATE2
-197.2454,-223.5611,21.3637,0.1966,298.9008,2.5508,0.0089,278.2439,620.8842,0.1489,0.001399,0.0227,-0.0776,0.1143,TRANSLATE2
-220.7057,-232.6833,6.4722,0.1938,320.7715,21.8707,0.0028,295.7953,265.4153,0.1648,0.001309,0.0113,-0.0705,0.1457,TRANSLATE2
-244.6521,-241.7997,-13.3285,0.2118,344.2374,23.4659,0.018,310.7277,374.2738,0.1863,0.000567,-0.0031,-0.0688,0.1714,TRANSLATE2
-248.4998,-231.1304,-18.5316,0.2331,339.8777,4.3597,0.0213,320.0275,397.5318,0.2046,0.000267,-0.0191,-0.0671,0.1905,TRANSLATE2
-229.103,-211.0293,-13.5252,0.2399,311.7763,28.1013,0.0068,323.1128,289.5049,0.215,0.000349,-0.0345,-0.0627,0.201,TRANSLATE2
-200.3792,-182.8516,4.4579,0.2384,271.305,40.4713,0.0015,317.5936,678.6086,0.2234,0.00032,-0.0492,-0.0582,0.209,TRANSLATE2
-170.4253,-147.3531,25.9913,0.2208,226.789,44.516,0.0176,298.7971,1972.3734,0.2288,0.000117,-0.06,-0.0553,0.2134,TRANSLATE2
-142.9683,-109.195,43.9056,0.1923,185.1788,41.6102,0.0285,266.9854,3129.2458,0.2249,0.000311,-0.0653,-0.053,0.2085,TRANSLATE2
-119.984,-72.031,59.1682,0.1623,151.9392,33.2397,0.03,229.3977,3300.8796,0.2107,0.000881,-0.0634,-0.051,0.1944,TRANSLATE2
-97.5341,-41.2311,78.1971,0.1273,131.6347,20.3045,0.035,193.3694,2557.1118,0.1882,0.001597,-0.0562,-0.0488,0.1727,TRANSLATE2
-77.1554,-18.5505,95.9295,0.0899,124.4972,7.1375,0.0374,164.0078,1428.8911,0.1585,0.002145,-0.0442,-0.0441,0.1452,TRANSLATE2
-59.7931,-2.2498,106.5936,0.0587,122.2394,2.2578,0.0311,143.0979,552.2881,0.1261,0.002309,-0.0295,-0.0378,0.1155,TRANSLATE2
-47.7032,9.3721,106.678,0.0365,117.2332,5.0062,0.0223,129.5087,147.2581,0.0949,0.002068,-0.0131,-0.0295,0.0862,TRANSLATE2
-45.7126,14.6789,95.2206,0.0365,106.6399,10.5934,0.0001,120.4489,69.1492,0.0698,0.001209,0.0031,-0.0185,0.0584,TRANSLATE2
-44.5732,15.1306,78.8483,0.0476,91.8301,14.8098,0.0111,112.488,144.5558,0.0538,0.000392,0.0178,-0.0058,0.0343,TRANSLATE2
-46.1211,11.9076,58.5099,0.0577,75.4477,16.3824,0.0101,102.6781,293.8737,0.0474,9.4e-05,0.0298,0.0071,0.0153,TRANSLATE2
-47.975,8.1136,32.7486,0.0632,58.6506,16.7971,0.0055,89.9603,443.286,0.0483,0.000118,0.0384,0.019,0.0013,TRANSLATE2
-52.6518,1.6659,5.6145,0.0624,52.9765,5.6741,0.0008,77.109,402.926,0.0535,0.000103,0.0432,0.0281,-0.0077,TRANSLATE2
-60.9746,-8.6267,-18.8647,0.0534,64.4065,11.43,0.009,68.6623,189.4351,0.0569,3.4e-05,0.0435,0.0338,-0.0119,TRANSLATE2
-66.9266,-16.6951,-40.5105,0.0381,79.9937,15.5872,0.0154,66.295,102.1619,0.055,8.4e-05,0.0398,0.0355,-0.0108,TRANSLATE2
-81.3131,-26.4342,-55.0521,0.0266,101.6923,21.6986,0.0115,71.5439,308.4505,0.0487,0.000204,0.0327,0.0331,-0.0052,TRANSLATE2
-90.888,-29.5005,-60.8855,0.0364,113.3047,11.6123,0.0098,82.4747,504.512,0.0434,0.000165,0.0228,0.0265,0.005,TRANSLATE2
-96.0542,-27.4566,-58.3428,0.0502,115.6899,2.3852,0.0138,95.0174,393.8136,0.0409,9.5e-05,0.0114,0.0172,0.0178,TRANSLATE2
-95.1777,-24.1903,-50.5305,0.059,110.4413,5.2485,0.0088,104.2244,169.2194,0.0421,0.000128,0.0004,0.0071,0.0309,TRANSLATE2
-90.3265,-26.1866,-45.1744,0.0618,104.3328,6.1085,0.0028,109.0922,28.1007,0.0468,0.000181,-0.0088,-0.0009,0.0421,TRANSLATE2
-106.5612,-32.6462,-48.3426,0.0683,121.4828,17.15,0.0065,113.0503,32.188,0.0552,0.000122,-0.0158,-0.0065,0.0518,TRANSLATE2
-133.0865,-37.9482,-58.0397,0.0795,150.0689,28.5861,0.0112,120.4032,252.1864,0.0638,9.6e-05,-0.0203,-0.0101,0.0595,TRANSLATE2
-168.2973,-40.7523,-71.4787,0.0936,187.3338,37.2648,0.0141,134.7319,938.3703,0.0725,0.000161,-0.0234,-0.0132,0.0672,TRANSLATE2
-194.3847,-29.2018,-77.5454,0.1075,211.3089,23.9752,0.0139,154.9055,1586.2,0.0821,0.000277,-0.0251,-0.0174,0.076,TRANSLATE2
-198.8828,-5.3927,-71.0332,0.1089,211.2562,0.0528,0.0014,176.2901,1252.4586,0.0916,0.000249,-0.0256,-0.025,0.0835,TRANSLATE2
-189.7063,9.7733,-49.2953,0.1005,196.2499,15.0063,0.0084,191.2435,507.7645,0.098,0.000116,-0.0248,-0.0348,0.0867,TRANSLATE2
-180.0056,14.5124,-24.4269,0.0866,182.2342,14.0157,0.0139,197.6766,143.5445,0.0994,7.1e-05,-0.022,-0.0436,0.0847,TRANSLATE2
-178.8764,9.0974,-12.2196,0.0785,179.5239,2.7103,0.008,196.1146,185.6137,0.0964,0.000143,-0.0176,-0.0486,0.08,TRANSLATE2
-172.2605,18.9936,-12.2788,0.0833,173.7389,5.785,0.0047,188.6006,183.1147,0.0916,0.000129,-0.0134,-0.0489,0.0754,TRANSLATE2
-174.8584,51.4011,-24.3168,0.0851,183.8718,10.1329,0.0018,183.1237,54.9361,0.0868,5.4e-05,-0.0106,-0.046,0.072,TRANSLATE2
-174.6961,92.5646,-33.3285,0.0814,200.4937,16.6219,0.0037,183.9725,80.0997,0.083,8e-06,-0.0093,-0.0429,0.0697,TRANSLATE2
-163.3069,130.458,-24.1909,0.0703,210.413,9.9193,0.0111,189.6082,187.5533,0.0797,2.7e-05,-0.0091,-0.0423,0.0658,TRANSLATE2
-146.2705,146.282,-0.7683,0.0625,206.8673,3.5457,0.0078,195.0769,196.883,0.0765,7.6e-05,-0.0088,-0.0449,0.057,TRANSLATE2
-125.1727,151.6475,26.3353,0.0477,198.3903,8.477,0.0148,200.0072,83.7086,0.0694,0.000182,-0.007,-0.0473,0.0438,TRANSLATE2
-112.01,161.293,43.2776,0.028,201.0836,2.6933,0.0197,203.4496,20.0202,0.058,0.000345,-0.0037,-0.0457,0.03,TRANSLATE2
-111.5643,176.3188,41.2127,0.0115,212.6814,11.5978,0.0165,205.8871,29.3765,0.044,0.000471,0.0008,-0.0366,0.0178,TRANSLATE2
-130.9014,191.055,11.2233,0.0298,231.8688,19.1874,0.0183,210.1783,141.8757,0.0359,0.000308,0.005,-0.0205,0.0087,TRANSLATE2
-156.3711,198.0409,-29.7963,0.0428,254.0865,22.2177,0.013,219.6221,436.0833,0.032,0.000161,0.0078,-0.0007,0.0026,TRANSLATE2
-188.5032,200.3858,-64.5246,0.0284,282.5798,28.4933,0.0144,236.46,855.1439,0.0281,9.9e-05,0.0091,0.0132,-0.0022,TRANSLATE2
-209.2432,205.7337,-71.0853,0.0176,301.9307,19.3509,0.0107,256.6295,1055.3225,0.026,0.000116,0.0088,0.0169,-0.0069,TRANSLATE2
-207.032,225.0057,-29.8151,0.0262,307.2113,5.2805,0.0085,275.5354,823.3044,0.029,6.6e-05,0.0092,0.0128,-0.0112,TRANSLATE2
-190.0631,243.9171,19.7417,0.0416,309.8536,2.6423,0.0154,291.1324,434.2326,0.0313,9.2e-05,0.0108,0.0069,-0.0185,TRANSLATE2
-160.738,245.0368,51.9777,0.087,297.6263,12.2273,0.0454,299.8403,92.3588,0.0402,0.000608,0.0138,0.0089,-0.0296,TRANSLATE2
-144.4623,232.6607,53.6384,0.1395,279.0652,18.561,0.0525,299.1375,118.6004,0.0624,0.002061,0.0184,0.0236,-0.0459,TRANSLATE2
-143.0292,208.9942,41.092,0.1699,256.5628,22.5024,0.0303,290.0639,397.2297,0.0928,0.003043,0.023,0.0489,-0.0664,TRANSLATE2
-130.7765,181.4203,36.6923,0.1807,226.6322,29.9306,0.0109,273.9481,883.4177,0.1238,0.002744,0.0252,0.0777,-0.0891,TRANSLATE2
-130.5399,162.1082,33.7976,0.1926,210.8602,15.772,0.0118,254.1493,1029.6033,0.1539,0.001429,0.027,0.1034,-0.1102,TRANSLATE2
-121.8382,123.5647,33.2537,0.2014,176.6878,34.1724,0.0088,229.9616,1266.5677,0.1768,0.000461,0.0253,0.1214,-0.1257,TRANSLATE2
-123.8987,91.7299,9.9624,0.2042,154.4814,22.2064,0.0028,205.0449,1302.9436,0.1897,0.000166,0.0205,0.1324,-0.1339,TRANSLATE2
-125.5283,56.5245,-15.8082,0.1928,138.5723,15.9091,0.0114,181.4468,1098.9746,0.1943,6.8e-05,0.0123,0.1376,-0.1356,TRANSLATE2
-124.1445,29.2009,-39.0091,0.1675,133.3652,5.2071,0.0253,162.7934,805.0482,0.1917,0.000168,0.0034,0.1378,-0.1314,TRANSLATE2
-113.8906,13.3294,-51.2448,0.1385,125.5977,7.7675,0.029,145.7409,328.8808,0.1809,0.000617,-0.0077,0.1321,-0.1217,TRANSLATE2
-95.8969,0.1385,-47.1521,0.1135,106.8623,18.7354,0.025,131.7758,244.6228,0.1633,0.001132,-0.0165,0.1183,-0.1099,TRANSLATE2
-82.3206,-4.2829,-37.2873,0.0921,90.4731,16.3892,0.0214,118.9741,318.8139,0.1409,0.001309,-0.0221,0.0986,-0.0969,TRANSLATE2
-66.969,-0.4138,-30.0236,0.082,73.3923,17.0807,0.0101,105.9381,487.5983,0.1187,0.000972,-0.0226,0.0795,-0.0844,TRANSLATE2
-51.8346,2.0971,-29.1845,0.0789,59.5227,13.8696,0.003,91.1696,549.9186,0.101,0.000498,-0.0191,0.0645,-0.0748,TRANSLATE2
-37.127,-2.4942,-31.7663,0.0749,48.9259,10.5969,0.004,75.8353,434.6248,0.0883,0.000191,-0.0132,0.0547,-0.0673,TRANSLATE2
-24.9548,-14.0985,-31.5818,0.0575,42.6488,6.2771,0.0174,62.9926,297.4227,0.0771,0.000128,-0.0072,0.048,-0.0592,TRANSLATE2
-12.0576,-19.4132,-22.7967,0.0295,32.2792,10.3696,0.0279,51.3538,199.5883,0.0646,0.000378,-0.0027,0.0417,-0.0488,TRANSLATE2
2.1883,-12.5962,-6.7436,0.0172,14.4544,17.8248,0.0124,39.5662,235.8148,0.0516,0.000599,-0.0005,0.0351,-0.036,TRANSLATE2
4.56,0.0887,5.4176,0.0252,7.0818,7.3725,0.008,29.078,257.2068,0.0409,0.000473,-0.001,0.0293,-0.0223,TRANSLATE2
-1.3051,-0.2353,5.2716,0.0318,5.4358,1.646,0.0066,20.38,214.5546,0.0322,0.000184,-0.0041,0.0249,-0.009,TRANSLATE2
-10.4503,-6.9726,4.6985,0.0403,13.4128,7.977,0.0084,14.5328,90.8934,0.0288,5.8e-05,-0.0082,0.0232,0.0042,TRANSLATE2
-5.6634,-7.45,6.0369,0.0522,11.1365,2.2763,0.0119,10.3043,12.3329,0.0333,0.000147,-0.0129,0.0247,0.0158,TRANSLATE2
12.1318,1.1869,9.5952,0.0571,15.5131,4.3767,0.0049,10.516,14.2698,0.0413,0.000144,-0.0172,0.0263,0.0247,TRANSLATE2
25.5898,15.1339,17.2855,0.0506,34.3899,18.8768,0.0065,15.9776,96.0742,0.0464,8.3e-05,-0.0203,0.0257,0.0311,TRANSLATE2
31.2906,23.0446,24.8597,0.038,46.132,11.7421,0.0126,24.1168,189.4585,0.0476,5.3e-05,-0.0211,0.0239,0.0348,TRANSLATE2
27.5231,25.6201,29.7596,0.0306,47.9536,1.8216,0.0073,31.025,232.4584,0.0457,9.7e-05,-0.0197,0.0231,0.0333,TRANSLATE2
27.7279,26.0836,34.5827,0.0298,51.431,3.4774,0.0009,39.0839,171.6827,0.0412,0.000119,-0.0163,0.0232,0.0262,TRANSLATE2
42.2135,21.5856,47.013,0.0365,66.7693,15.3383,0.0067,49.3351,108.7749,0.0371,5.6e-05,-0.012,0.0251,0.0147,TRANSLATE2
81.8615,13.9466,63.4011,0.0489,104.4773,37.7079,0.0124,63.3526,475.7435,0.0367,4.7e-05,-0.0069,0.0297,0.0018,TRANSLATE2
117.3204,10.3229,77.2365,0.0677,140.8407,36.3635,0.0188,82.2944,1258.5248,0.0427,0.000203,-0.0012,0.0368,-0.0119,TRANSLATE2
150.1688,6.3365,87.9298,0.0926,174.1335,33.2928,0.0249,107.5304,2072.696,0.0551,0.000518,0.005,0.0464,-0.0256,TRANSLATE2
160.4101,1.4879,78.5313,0.1152,178.6079,4.4744,0.0226,132.9657,1806.7123,0.0722,0.000822,0.011,0.0585,-0.0397,TRANSLATE2
151.1874,-3.4159,57.4188,0.1288,161.7598,16.8481,0.0136,151.9638,735.2115,0.0906,0.000867,0.017,0.0707,-0.0537,TRANSLATE2
138.4406,-8.9671,35.1069,0.1305,143.1038,18.656,0.0017,159.6891,240.2364,0.107,0.00057,0.0225,0.0792,-0.0678,TRANSLATE2
139.7181,-23.3612,17.5699,0.1334,142.7431,0.3607,0.0029,160.0696,226.473,0.1201,0.000228,0.0264,0.0826,-0.0816,TRANSLATE2
151.3214,-55.7796,0.8309,0.1325,161.2768,18.5337,0.0008,157.4983,180.594,0.1281,4.4e-05,0.0282,0.0802,-0.0937,TRANSLATE2
159.3508,-90.8362,-25.4321,0.1151,185.1774,23.9007,0.0175,158.8122,242.9718,0.1281,4.5e-05,0.0278,0.0735,-0.0996,TRANSLATE2
162.0588,-96.4596,-60.9332,0.0757,198.1927,13.0153,0.0394,166.0988,498.3052,0.1175,0.00048,0.0248,0.0641,-0.0946,TRANSLATE2
164.847,-67.0364,-89.0716,0.0287,199.0029,0.8102,0.047,177.2786,484.0996,0.0971,0.001606,0.0182,0.0513,-0.0795,TRANSLATE2
171.6776,-9.9354,-97.5916,0.0179,197.7272,1.2757,0.0108,188.2754,208.2583,0.074,0.002063,0.0095,0.0357,-0.0599,TRANSLATE2
202.5202,43.4204,-80.8358,0.0485,222.338,24.6108,0.0306,200.4877,145.3866,0.0572,0.001225,0.0012,0.017,-0.0437,TRANSLATE2
246.8068,45.9614,-48.7811,0.0996,255.7453,33.4072,0.0512,214.6012,509.9938,0.0541,0.000905,-0.0048,-0.0063,-0.0398,TRANSLATE2
262.2173,2.0253,-13.7562,0.13,262.5857,6.8405,0.0304,227.4798,750.7899,0.0649,0.001846,-0.0077,-0.0329,-0.0481,TRANSLATE2
237.2957,-46.6922,19.8232,0.1377,242.6569,19.9288,0.0077,236.2106,558.4451,0.0867,0.002168,-0.0082,-0.0586,-0.0613,TRANSLATE2
185.0272,-63.6382,59.6242,0.1411,204.5481,38.1088,0.0034,237.5748,460.8923,0.1114,0.001204,-0.0091,-0.0821,-0.072,TRANSLATE2
164.9343,-48.1105,99.265,0.1296,198.4225,6.1257,0.0115,232.7917,698.1637,0.1276,0.000215,-0.0104,-0.0996,-0.0742,TRANSLATE2
155.4193,-27.5728,128.4214,0.1184,203.4882,5.0658,0.0112,222.3403,655.2971,0.1314,6.1e-05,-0.0103,-0.1092,-0.0678,TRANSLATE2
168.0573,-34.1239,149.0058,0.11,227.1793,23.6911,0.0085,215.259,285.8969,0.1274,0.000137,-0.0084,-0.1122,-0.0573,TRANSLATE2
164.549,-54.9147,158.6484,0.1134,235.0773,7.8979,0.0035,213.7431,212.0221,0.1225,0.000131,-0.0037,-0.1126,-0.0448,TRANSLATE2
123.6798,-38.3568,165.8875,0.1343,210.4438,24.6334,0.0208,214.9222,195.8993,0.1212,8.7e-05,0.0055,-0.1136,-0.0282,TRANSLATE2
58.8689,-14.1667,166.61,0.1447,177.2713,33.1725,0.0104,210.692,407.0737,0.1242,0.000174,0.0176,-0.1156,-0.0099,TRANSLATE2
-26.7205,-3.5333,142.8193,0.1423,145.3403,31.931,0.0024,199.0624,1115.6156,0.1289,0.000211,0.0313,-0.1163,0.0117,TRANSLATE2
-123.7764,-20.8235,85.0867,0.1466,151.6376,6.2973,0.0043,183.9541,1179.0641,0.1363,0.000148,0.045,-0.1166,0.036,TRANSLATE2
-201.4211,-75.2963,30.66,0.1634,217.2097,65.5721,0.0167,180.3806,864.7653,0.1462,9.1e-05,0.0551,-0.1146,0.0626,TRANSLATE2
-263.5369,-149.6902,-15.0689,0.2156,303.4566,86.2469,0.0523,198.9831,3367.4941,0.1625,0.00076,0.0584,-0.1121,0.0939,TRANSLATE2
-282.4108,-222.1522,-28.8208,0.3082,360.4692,57.0126,0.0926,235.6227,7146.3086,0.1952,0.003874,0.05,-0.1147,0.1389,TRANSLATE2
-305.7693,-179.3092,-23.8347,0.3882,355.2671,5.2021,0.08,277.6081,6616.3149,0.2444,0.008341,0.0317,-0.118,0.1996,TRANSLATE2
-293.256,-61.2661,-12.749,0.4115,299.8586,55.4085,0.0233,307.2523,2662.8423,0.2974,0.009208,0.0047,-0.1164,0.2639,TRANSLATE2
-264.633,8.5465,-21.2774,0.3217,265.6245,34.2341,0.0898,316.9352,1294.1234,0.3291,0.004731,-0.021,-0.1031,0.3047,TRANSLATE2
-227.5814,21.9153,-58.7906,0.2454,236.0718,29.5527,0.0763,303.4583,2383.9385,0.335,0.003523,-0.0398,-0.0828,0.3177,TRANSLATE2
-194.187,15.3697,-92.4106,0.2031,215.6027,20.4691,0.0423,274.485,2438.1543,0.314,0.006418,-0.0474,-0.0616,0.3023,TRANSLATE2
-161.9308,15.7177,-98.116,0.182,189.9879,25.6149,0.0211,241.4291,1468.2651,0.2727,0.0071,-0.0474,-0.0509,0.2619,TRANSLATE2
-141.5478,16.6648,-83.3834,0.1651,165.1251,24.8628,0.0169,214.4824,1223.8,0.2234,0.003135,-0.0391,-0.0528,0.2082,TRANSLATE2
-120.5101,17.9162,-53.4349,0.1452,133.0374,32.0876,0.0198,187.965,1324.1803,0.1881,0.001182,-0.029,-0.0667,0.1659,TRANSLATE2
-98.0206,21.0048,-22.6229,0.1126,102.7669,30.2705,0.0326,161.304,1602.2618,0.1616,0.000962,-0.0197,-0.0795,0.1338,TRANSLATE2
-65.3196,19.707,3.0329,0.0786,68.2951,34.4718,0.0341,131.8425,1874.7422,0.1367,0.001377,-0.0106,-0.0819,0.1068,TRANSLATE2
-38.9307,16.0875,15.1045,0.0508,44.7499,23.5452,0.0277,102.7949,1871.8259,0.1105,0.001753,-0.0013,-0.0709,0.0829,TRANSLATE2
-21.3289,14.7418,19.093,0.042,32.1992,12.5507,0.0088,76.2097,1384.7937,0.0859,0.001489,0.0077,-0.0505,0.0637,TRANSLATE2
-16.9256,16.1997,18.1587,0.0436,29.642,2.5572,0.0016,55.5306,744.9999,0.0655,0.000728,0.0172,-0.0267,0.0458,TRANSLATE2
-19.6061,10.4223,11.3582,0.0564,24.9406,4.7014,0.0127,39.9653,243.6184,0.0543,0.000174,0.027,-0.0045,0.0291,TRANSLATE2
-19.6505,3.0503,2.4616,0.0698,20.0376,4.903,0.0134,30.3139,69.3752,0.0525,0.000101,0.036,0.0141,0.0137,TRANSLATE2
-21.4048,-9.1879,-10.262,0.0736,25.4537,5.416,0.0038,26.4546,17.5261,0.0571,0.000169,0.0422,0.0288,0.001,TRANSLATE2
-18.7707,-19.019,-22.7221,0.0749,35.0764,9.6227,0.0013,27.0301,25.4622,0.0637,0.000144,0.0446,0.0414,-0.0082,TRANSLATE2
-14.4572,-24.3246,-40.3558,0.0746,49.2878,14.2114,0.0004,30.9592,107.7407,0.0699,4.9e-05,0.043,0.0517,-0.0117,TRANSLATE2
-13.9626,-27.7159,-58.8628,0.0705,66.5429,17.2551,0.0041,39.2797,284.5049,0.0727,5e-06,0.0375,0.059,-0.0097,TRANSLATE2
-18.4326,-29.4259,-74.2496,0.0584,81.9673,15.4245,0.012,51.6656,421.4892,0.0704,3.8e-05,0.0288,0.0612,-0.0029,TRANSLATE2
-27.5617,-32.2345,-83.009,0.0476,93.2159,11.2486,0.0109,65.2181,445.6928,0.0652,0.000114,0.0185,0.0583,0.0066,TRANSLATE2
-39.2525,-34.2563,-77.5635,0.0484,93.4363,0.2204,0.0009,76.8901,287.0082,0.0599,0.000123,0.0069,0.0493,0.0177,TRANSLATE2
-46.0332,-27.5738,-62.6945,0.0633,82.5226,10.9137,0.0149,83.537,96.7944,0.0576,7.7e-05,-0.0049,0.0353,0.0298,TRANSLATE2
-42.7985,-20.3684,-36.0056,0.0778,59.523,22.9996,0.0145,82.133,152.3976,0.0591,0.000123,-0.016,0.0179,0.0418,TRANSLATE2
-25.3419,-14.2447,2.9205,0.0864,29.2174,30.3056,0.0086,71.583,601.1036,0.0647,0.000241,-0.0249,0.0015,0.053,TRANSLATE2
-7.2829,-9.4333,43.3895,0.0866,44.9964,15.7791,0.0002,61.9391,555.8721,0.0725,0.000217,-0.0307,-0.0113,0.0626,TRANSLATE2
10.3299,-8.306,71.8991,0.0851,73.1107,28.1143,0.0015,57.874,365.8933,0.0799,7.9e-05,-0.0333,-0.0177,0.0699,TRANSLATE2
4.5389,1.9521,78.6599,0.0861,78.815,5.7042,0.001,57.1325,331.5375,0.0844,1.1e-05,-0.0334,-0.0184,0.0748,TRANSLATE2
-12.372,20.3898,73.8998,0.0799,77.653,1.1619,0.0062,60.7585,401.4651,0.0848,6e-06,-0.0311,-0.0161,0.0767,TRANSLATE2
-39.0757,38.0212,66.0605,0.0686,85.6534,8.0004,0.0113,72.0457,199.0465,0.0813,4.6e-05,-0.0276,-0.0135,0.0748,TRANSLATE2
-58.2043,49.442,56.7765,0.0524,95.1621,9.5087,0.0162,82.0788,58.9232,0.0744,0.00016,-0.0224,-0.0128,0.0691,TRANSLATE2
-90.4572,38.0161,47.04,0.0433,108.814,13.6519,0.0091,89.2195,134.8026,0.0661,0.000261,-0.0162,-0.0166,0.059,TRANSLATE2
-115.4595,16.091,43.4101,0.0488,124.3956,15.5816,0.0055,98.3356,277.5192,0.0586,0.000185,-0.0105,-0.0243,0.0471,TRANSLATE2
-131.3051,-3.4616,37.55,0.0564,136.6126,12.2171,0.0076,110.1275,345.942,0.0539,7.3e-05,-0.0059,-0.0331,0.0366,TRANSLATE2
-139.8597,-3.0661,31.3212,0.0613,143.3568,6.7441,0.005,121.6682,313.7946,0.0524,3.8e-05,-0.0032,-0.0413,0.0288,TRANSLATE2
-144.3659,10.9627,23.7757,0.0611,146.7207,3.364,0.0002,131.9799,192.4738,0.0542,5e-05,-0.0023,-0.0487,0.0226,TRANSLATE2
-142.5833,21.5389,14.8393,0.0676,144.9626,1.7582,0.0065,139.2097,66.5825,0.059,3.9e-05,-0.0021,-0.0554,0.0162,TRANSLATE2
-134.2386,17.4061,13.7308,0.0788,136.057,8.9056,0.0112,141.5419,19.2394,0.065,6e-05,-0.0007,-0.0618,0.0079,TRANSLATE2
-114.0752,7.9249,28.4815,0.0817,117.8438,18.2132,0.0029,137.7882,112.6095,0.0701,7.5e-05,0.0019,-0.067,-0.0018,TRANSLATE2
-71.2008,12.5118,47.6415,0.0728,86.5784,31.2654,0.0089,126.4325,501.945,0.0724,5.6e-05,0.005,-0.0696,-0.0109,TRANSLATE2
-39.8231,30.3032,56.5101,0.0555,75.4821,11.0962,0.0173,112.1848,735.8121,0.0713,8.6e-05,0.0066,-0.068,-0.0187,TRANSLATE2
-36.9241,58.8363,52.958,0.0472,87.3479,11.8658,0.0083,100.6618,511.5313,0.0672,0.000182,0.0071,-0.0619,-0.0235,TRANSLATE2
-46.9174,88.894,46.4664,0.0451,110.7363,23.3884,0.0021,95.5977,255.6217,0.0605,0.000208,0.0068,-0.0517,-0.0269,TRANSLATE2
-56.1183,116.3215,35.72,0.0542,133.9995,23.2632,0.0092,98.8288,441.1438,0.055,9.5e-05,0.0075,-0.0383,-0.0322,TRANSLATE2
-57.2259,129.3041,26.8729,0.0717,143.9323,9.9327,0.0174,110.2996,686.4138,0.0547,8.7e-05,0.01,-0.0233,-0.0416,TRANSLATE2
-49.8151,136.5245,14.0764,0.0884,146.009,2.0768,0.0168,124.405,500.0328,0.0613,0.000271,0.0145,-0.0107,-0.0537,TRANSLATE2
-47.4708,133.8696,10.6987,0.1001,142.4395,3.5695,0.0117,135.4233,169.0325,0.0719,0.00042,0.0197,0.0005,-0.0667,TRANSLATE2
-62.8329,122.6269,6.3152,0.1103,137.9319,4.5076,0.0101,140.8625,18.8171,0.085,0.000401,0.0252,0.0128,-0.079,TRANSLATE2
-71.8976,105.4078,-6.7416,0.1222,127.7713,10.1606,0.0119,139.6168,42.121,0.0985,0.000305,0.0292,0.028,-0.0881,TRANSLATE2
-75.5431,89.1856,-31.9964,0.1391,121.18,6.5913,0.0169,135.0664,85.6728,0.112,0.000308,0.0327,0.0431,-0.0957,TRANSLATE2
-86.0845,68.7704,-63.069,0.1516,126.9551,5.7751,0.0125,131.2556,60.3609,0.1247,0.00035,0.0369,0.057,-0.1026,TRANSLATE2
-114.7519,24.0757,-85.8771,0.149,145.3359,18.3808,0.0026,131.8349,74.6604,0.1344,0.000252,0.0403,0.0663,-0.109,TRANSLATE2
-162.3641,-29.0488,-73.4923,0.1168,180.5742,35.2383,0.0322,140.3633,469.5957,0.1357,0.000196,0.038,0.07,-0.1093,TRANSLATE2
-187.0444,-25.5766,-57.8157,0.1053,197.4397,16.8654,0.0115,154.297,895.2789,0.1324,0.000334,0.0317,0.0727,-0.1037,TRANSLATE2
-155.448,-9.8144,-33.6244,0.1217,159.3456,38.0941,0.0164,161.9301,622.7658,0.1289,0.000335,0.0177,0.076,-0.0958,TRANSLATE2
-125.1272,-14.4796,5.1004,0.1437,126.0654,33.2802,0.022,161.7521,635.3397,0.1273,0.000273,0.0006,0.0835,-0.0861,TRANSLATE2
-98.4205,-27.1837,34.1147,0.1562,107.6539,18.4115,0.0125,154.2157,1109.968,0.1287,0.000344,-0.0165,0.0984,-0.0728,TRANSLATE2
-58.5583,-51.1751,52.7105,0.1708,93.9487,13.7052,0.0146,136.8906,1397.2781,0.1395,0.000553,-0.0297,0.1192,-0.061,TRANSLATE2
-63.1185,-64.6307,45.1872,0.1863,101.0097,7.0609,0.0155,117.6046,549.5804,0.1557,0.000493,-0.0394,0.1394,-0.0489,TRANSLATE2
-93.276,-38.1046,-1.5346,0.1956,100.7707,0.239,0.0093,105.8897,120.5553,0.1705,0.00036,-0.0412,0.1579,-0.0312,TRANSLATE2
-130.1927,6.8601,-57.6152,0.1805,142.5367,41.766,0.015,109.1839,296.8925,0.1779,0.000182,-0.0406,0.169,-0.0129,TRANSLATE2
-154.9167,42.6068,-100.2578,0.1256,189.3836,46.8469,0.055,125.5299,1315.6312,0.1717,0.000598,-0.0372,0.1659,0.0003,TRANSLATE2
-144.7927,59.6386,-106.0406,0.0648,189.1198,0.2638,0.0608,144.5641,1562.5919,0.1505,0.002436,-0.0313,0.1465,0.0068,TRANSLATE2
-109.5436,57.3421,-60.6044,0.0284,137.6982,51.4216,0.0364,151.9018,1138.7802,0.119,0.00417,-0.0245,0.1142,0.0051,TRANSLATE2
-63.5005,53.7581,-15.0772,0.0183,84.5551,53.1431,0.0101,148.6587,1512.5001,0.0835,0.003765,-0.017,0.0782,-0.0025,TRANSLATE2
-35.7598,51.9533,5.8663,0.03,63.3429,21.2122,0.0117,132.8199,2709.8945,0.0534,0.001549,-0.0092,0.0482,-0.0096,TRANSLATE2
-37.0984,50.9627,-1.0413,0.0411,63.0442,0.2987,0.0112,107.552,2405.2695,0.0365,0.000252,-0.0022,0.031,-0.0134,TRANSLATE2
-49.6162,50.8358,-24.0518,0.0338,74.9969,11.9527,0.0073,84.7275,765.6154,0.0303,5.6e-05,0.0038,0.0243,-0.0133,TRANSLATE2
-60.5742,49.9842,-37.5289,0.0168,87.0407,12.0438,0.017,74.596,102.8582,0.028,8.6e-05,0.009,0.0219,-0.0108,TRANSLATE2
-55.9781,44.1061,-30.9513,0.0193,77.6974,9.3433,0.0025,73.2244,83.064,0.0282,8.2e-05,0.0118,0.0168,-0.0077,TRANSLATE2
-33.1763,37.5537,-10.4266,0.0266,51.1826,26.5148,0.0073,70.7924,154.7887,0.0275,8.2e-05,0.0121,0.0067,-0.0034,TRANSLATE2
-2.5598,29.4336,10.9868,0.0242,31.5214,19.6612,0.0025,64.4878,411.4765,0.0241,3.5e-05,0.0102,-0.0046,0.0019,TRANSLATE2
17.5678,23.1156,23.8863,0.0239,37.5967,6.0754,0.0003,57.0078,478.0629,0.0222,1.3e-05,0.0071,-0.0116,0.0082,TRANSLATE2
27.898,27.1331,25.0309,0.0326,46.2715,8.6748,0.0087,48.8539,254.2358,0.0253,1.9e-05,0.0038,-0.0107,0.0152,TRANSLATE2
35.6028,36.3627,20.856,0.0381,54.998,8.7265,0.0055,44.314,74.786,0.0291,3e-05,0.0015,-0.003,0.0212,TRANSLATE2
47.2666,46.8933,15.1473,0.0355,68.2829,13.2849,0.0026,47.7341,168.555,0.0308,3.4e-05,0.0007,0.0076,0.0239,TRANSLATE2
63.0227,52.0521,15.4491,0.0319,83.1863,14.9034,0.0036,58.0671,260.5852,0.0324,2.3e-05,0.0012,0.0176,0.0217,TRANSLATE2
84.9431,46.798,18.5374,0.0406,98.7371,15.5509,0.0087,70.2952,358.0629,0.0357,1.1e-05,0.0029,0.0259,0.0136,TRANSLATE2
98.742,34.1978,16.8143,0.0556,105.8404,7.1033,0.015,82.2089,353.3904,0.0403,6.7e-05,0.0049,0.0327,0.0013,TRANSLATE2
106.9155,19.127,8.9202,0.0636,108.9786,3.1382,0.008,93.0051,232.0699,0.0454,0.000148,0.0064,0.0387,-0.0118,TRANSLATE2
112.1043,6.4422,-6.7232,0.065,112.4903,3.5117,0.0014,101.8465,107.5962,0.0513,0.00017,0.0071,0.0439,-0.023,TRANSLATE2
131.2897,-11.4275,-14.2005,0.0574,132.5489,20.0586,0.0077,111.7191,129.0155,0.0564,7.6e-05,0.0063,0.0464,-0.0311,TRANSLATE2
157.9036,-33.4389,-12.1729,0.0447,161.8638,29.3149,0.0127,124.3444,438.809,0.0573,5.2e-05,0.003,0.0457,-0.0336,TRANSLATE2
174.3416,-44.2636,-7.3039,0.0344,180.0212,18.1574,0.0103,139.1806,770.1987,0.053,0.000138,-0.0014,0.0417,-0.031,TRANSLATE2
180.9327,-44.6484,-4.1338,0.0289,186.406,6.3848,0.0056,154.666,794.0154,0.0461,0.000184,-0.0069,0.0348,-0.0261,TRANSLATE2
172.6868,-35.8625,-1.8508,0.0263,176.381,10.025,0.0026,167.4442,369.2839,0.0383,0.000131,-0.0123,0.0263,-0.0212,TRANSLATE2
160.0401,-25.5212,4.1819,0.0285,162.1161,14.2649,0.0022,173.3576,96.4568,0.0326,4.4e-05,-0.0168,0.0182,-0.0178,TRANSLATE2
144.5289,-11.7982,9.8049,0.0399,145.3408,16.7754,0.0114,170.053,216.1036,0.0316,2.4e-05,-0.0186,0.0119,-0.0189,TRANSLATE2
141.8794,-1.9667,18.522,0.0561,143.0968,2.244,0.0162,162.6682,287.022,0.0359,0.000124,-0.018,0.0064,-0.0263,TRANSLATE2
155.391,0.2516,25.7801,0.0741,157.5152,14.4184,0.0179,156.89,146.2481,0.045,0.000323,-0.015,0.0018,-0.039,TRANSLATE2
168.4034,-0.5674,29.021,0.0947,170.8867,13.3715,0.0206,155.7911,108.2419,0.0587,0.00056,-0.01,-0.0033,-0.0556,TRANSLATE2
168.8759,-5.2477,32.6574,0.114,172.0846,1.1979,0.0193,157.7848,149.3613,0.0757,0.000699,-0.0031,-0.0091,-0.0737,TRANSLATE2
149.8788,-11.8607,31.6166,0.1314,153.6357,18.4488,0.0174,159.4438,119.0812,0.094,0.000726,0.0058,-0.0156,-0.0914,TRANSLATE2
117.1562,-32.3104,20.9901,0.1454,123.3293,30.3064,0.014,155.4903,310.8575,0.1119,0.000647,0.0155,-0.0231,-0.1074,TRANSLATE2
73.0312,-65.8514,7.789,0.1582,98.644,24.6853,0.0129,143.716,817.7053,0.1287,0.000506,0.0256,-0.0329,-0.121,TRANSLATE2
23.1718,-106.878,2.8624,0.1618,109.3985,10.7546,0.0036,131.4184,754.3636,0.1422,0.000313,0.0352,-0.0444,-0.1294,TRANSLATE2
-12.6625,-142.9212,1.0337,0.1478,143.4848,34.0862,0.014,125.6985,420.0177,0.1489,0.000115,0.0442,-0.0541,-0.13,TRANSLATE2
-37.5394,-167.9057,-14.1043,0.1224,172.6281,29.1434,0.0254,129.4969,689.9694,0.1471,0.000191,0.0514,-0.0616,-0.1208,TRANSLATE2
-57.3721,-170.9558,-42.2178,0.0939,185.2021,12.5739,0.0285,141.8715,1149.844,0.1368,0.000651,0.0567,-0.0664,-0.0994,TRANSLATE2
-56.7008,-157.1178,-80.3461,0.0826,185.355,0.153,0.0114,159.2137,853.5319,0.1217,0.00092,0.0594,-0.0662,-0.0666,TRANSLATE2
-29.6982,-130.0755,-123.3113,0.1032,181.6791,3.6759,0.0206,173.6698,249.1816,0.11,0.000529,0.0595,-0.0646,-0.027,TRANSLATE2
8.2008,-105.7854,-144.4897,0.1349,179.2626,2.4165,0.0317,180.8254,22.0079,0.1074,0.00036,0.0567,-0.0682,0.0132,TRANSLATE2
40.745,-106.3127,-131.198,0.17,173.7108,5.5517,0.0351,181.0419,18.6453,0.1169,0.001008,0.051,-0.0807,0.0491,TRANSLATE2
88.6242,-138.6908,-83.6521,0.1981,184.6268,10.916,0.0281,180.9269,17.741,0.1377,0.001786,0.0422,-0.0985,0.0798,TRANSLATE2
138.3493,-184.6839,-13.0967,0.211,231.1281,46.5013,0.0129,190.0815,434.0452,0.1634,0.001591,0.0316,-0.1175,0.1055,TRANSLATE2
202.9263,-164.8377,52.5008,0.2252,266.6588,35.5307,0.0142,207.0774,1303.8801,0.1879,0.001032,0.0217,-0.1274,0.1319,TRANSLATE2
200.8005,-118.9796,75.1912,0.2119,245.2156,21.4432,0.0133,220.268,1266.0588,0.2033,0.00035,0.012,-0.1212,0.155,TRANSLATE2
168.431,-78.2024,57.4967,0.1919,194.3978,50.8178,0.02,224.4054,949.2806,0.2076,0.000135,0.004,-0.099,0.1729,TRANSLATE2
117.8573,-51.3869,16.263,0.1641,129.5972,64.8005,0.0278,213.3995,2309.4006,0.2009,0.00045,-0.0013,-0.0704,0.1806,TRANSLATE2
60.014,-47.5377,-8.6302,0.142,77.0453,52.5519,0.0222,182.5829,5015.3706,0.187,0.000932,-0.0048,-0.0453,0.1784,TRANSLATE2
48.6018,-53.7551,-6.1667,0.1396,72.7309,4.3145,0.0024,143.7973,4510.7959,0.1699,0.000797,-0.009,-0.0297,0.1662,TRANSLATE2
49.5658,-52.6291,6.3292,0.1338,72.5717,0.1592,0.0057,109.2686,2276.0469,0.1543,0.00046,-0.0137,-0.0236,0.1511,TRANSLATE2
48.0995,-49.747,15.8508,0.1206,70.99,1.5817,0.0133,84.587,510.5226,0.14,0.000201,-0.019,-0.0241,0.1357,TRANSLATE2
31.9171,-46.9633,6.6369,0.1115,57.169,13.821,0.009,70.1014,45.8541,0.1295,0.000136,-0.025,-0.0245,0.1239,TRANSLATE2
6.9837,-29.23,-8.5998,0.1085,31.2589,25.9101,0.003,60.9441,254.1018,0.1228,0.000148,-0.0308,-0.0223,0.116,TRANSLATE2
-15.5318,-2.3809,-16.9393,0.0981,23.105,8.1539,0.0104,51.0189,414.1663,0.1145,0.000145,-0.0351,-0.0195,0.1067,TRANSLATE2
-21.5629,28.1547,-10.9358,0.0798,37.1112,14.0061,0.0183,43.9268,309.6494,0.1037,0.000194,-0.0369,-0.0195,0.094,TRANSLATE2
-20.0285,49.98,3.9358,0.055,53.9873,16.8762,0.0248,40.5263,171.8454,0.0906,0.000441,-0.0358,-0.0212,0.0784,TRANSLATE2
-12.6853,53.1559,21.183,0.036,58.6104,4.6231,0.019,40.8146,181.7733,0.0755,0.000721,-0.0323,-0.0248,0.0593,TRANSLATE2
-15.142,53.4935,32.2214,0.0233,64.2577,5.6472,0.0127,47.4143,229.8702,0.0584,0.000756,-0.0267,-0.0266,0.0387,TRANSLATE2
-20.0011,62.0416,32.6709,0.0131,72.915,8.6573,0.0102,57.3763,142.4976,0.0414,0.000563,-0.0198,-0.0237,0.0193,TRANSLATE2
-31.5071,70.6083,25.6523,0.0206,81.4633,8.5483,0.0075,66.2467,97.7146,0.0296,0.000215,-0.0127,-0.0169,0.0023,TRANSLATE2
-43.0651,74.2367,19.5437,0.0268,88.0207,6.5573,0.0062,73.0534,116.1459,0.024,5.6e-05,-0.0068,-0.0095,-0.01,TRANSLATE2
-52.9021,75.7331,15.7881,0.0231,93.7197,5.6991,0.0037,80.0753,110.5388,0.0214,2.1e-05,-0.0022,-0.0018,-0.016,TRANSLATE2
-52.9498,78.4677,13.0649,0.0174,95.5592,1.8394,0.0057,86.3356,69.2582,0.0202,2.2e-05,0.0006,0.0052,-0.0172,TRANSLATE2
-49.3723,84.771,11.3206,0.0226,98.7518,3.1926,0.0052,91.5029,37.3665,0.0221,1e-05,0.0016,0.0107,-0.0138,TRANSLATE2
-47.5822,95.1075,2.644,0.0334,106.379,7.6272,0.0108,96.4861,36.6356,0.0247,2.8e-05,0.001,0.0156,-0.0058,TRANSLATE2
-53.7783,103.861,-10.5692,0.0413,117.4347,11.0557,0.0079,102.3689,75.4647,0.0276,7.4e-05,-0.0009,0.0199,0.0056,TRANSLATE2
-68.3539,115.8825,-27.3866,0.0498,137.2991,19.8644,0.0085,111.0847,228.5607,0.0329,0.00014,-0.0043,0.0212,0.0189,TRANSLATE2
-88.9675,129.0904,-39.2874,0.0609,161.6262,24.3272,0.0111,124.2982,516.6462,0.0416,0.000173,-0.0078,0.0176,0.0323,TRANSLATE2
-116.9334,143.1629,-40.6018,0.0726,189.2552,27.629,0.0117,142.3988,902.3721,0.0516,0.000194,-0.0105,0.01,0.0448,TRANSLATE2
-135.4592,154.8679,-38.4408,0.0807,209.3106,20.0554,0.0081,162.9852,1114.5264,0.061,0.000208,-0.0123,-0.0005,0.056,TRANSLATE2
-149.8174,161.8287,-39.6901,0.08,224.0738,14.7632,0.0007,184.313,991.0454,0.0688,0.000141,-0.0133,-0.0116,0.0646,TRANSLATE2
-162.2414,170.1254,-45.4896,0.081,239.4457,15.3719,0.0009,204.7423,739.549,0.075,6e-05,-0.0125,-0.0226,0.0695,TRANSLATE2
-175.7275,175.3472,-50.4917,0.0824,253.3302,13.8846,0.0014,223.0831,503.5219,0.0794,1.2e-05,-0.0109,-0.0343,0.0688,TRANSLATE2
-189.8476,152.1372,-42.0902,0.096,246.8996,6.4306,0.0135,234.612,255.187,0.084,3.6e-05,-0.0093,-0.0485,0.0626,TRANSLATE2
-188.0187,122.8785,-16.4941,0.1021,225.2159,21.6837,0.0061,237.793,134.6933,0.0883,8.1e-05,-0.0074,-0.0623,0.0552,TRANSLATE2
-156.8681,94.5684,10.8422,0.0923,183.4893,41.7266,0.0097,229.6761,620.9442,0.0908,6.5e-05,-0.0059,-0.0721,0.0504,TRANSLATE2
-96.7726,92.986,25.7176,0.0839,136.6482,46.8412,0.0084,209.1167,1910.0035,0.0913,5.4e-05,-0.0035,-0.0752,0.049,TRANSLATE2
-26.2993,110.5357,24.449,0.0744,116.222,20.4262,0.0096,181.695,2492.9736,0.0897,9.3e-05,-0.0012,-0.0723,0.0496,TRANSLATE2
81.3574,127.4223,39.0061,0.0556,156.1312,39.9092,0.0188,163.5413,1443.7909,0.0817,0.000253,0.0019,-0.0636,0.0484,TRANSLATE2
167.4828,139.3441,59.1299,0.0238,225.7512,69.62,0.0318,163.6484,1457.042,0.066,0.000594,0.0059,-0.0479,0.0406,TRANSLATE2
232.9519,149.9003,56.307,0.046,282.6785,56.9273,0.0221,183.4862,3818.405,0.0568,0.00045,0.012,-0.0286,0.0241,TRANSLATE2
245.6615,161.189,20.1238,0.0804,294.5105,11.8319,0.0344,215.0587,4848.1021,0.056,0.000413,0.0169,-0.009,-0.001,TRANSLATE2
220.3448,168.2668,-28.2854,0.0981,278.6855,15.825,0.0178,247.5514,2648.2617,0.0608,0.000678,0.02,0.0101,-0.0292,TRANSLATE2
175.4915,188.8603,-71.0283,0.1082,267.4145,11.2711,0.0101,269.808,560.2806,0.0713,0.001012,0.0205,0.0253,-0.0562,TRANSLATE2
134.1776,220.6164,-95.3351,0.1293,275.2526,7.8381,0.0211,279.7083,79.9929,0.0924,0.00079,0.0183,0.0319,-0.0817,TRANSLATE2
99.2077,219.4837,-108.0775,0.1721,264.0,11.2526,0.0427,275.9726,113.623,0.1176,0.000992,0.0145,0.0298,-0.1095,TRANSLATE2
41.8286,180.212,-113.7307,0.2015,217.1651,46.8349,0.0294,260.5035,497.2651,0.1419,0.001535,0.0109,0.021,-0.1373,TRANSLATE2
-11.034,139.304,-105.5096,0.2154,175.0989,42.0662,0.0138,239.7862,1460.7319,0.1653,0.001683,0.0094,0.0091,-0.1637,TRANSLATE2
-52.324,96.3088,-85.8921,0.2238,139.2503,35.8486,0.0084,214.1534,2672.521,0.1884,0.00118,0.0086,0.0022,-0.1879,TRANSLATE2
-108.0467,46.2845,-76.6293,0.2208,140.3154,1.0651,0.003,187.1659,2287.9858,0.2067,0.000358,0.0086,0.0034,-0.2062,TRANSLATE2
-174.0374,14.8995,-86.0472,0.2173,194.7181,54.4027,0.0035,173.3095,926.6974,0.2157,5.9e-05,0.0083,0.0112,-0.2142,TRANSLATE2
-241.6299,-15.3835,-96.3815,0.2158,260.5975,65.8794,0.0014,181.996,1990.4182,0.2186,1e-05,0.0066,0.0214,-0.216,TRANSLATE2
-269.9946,-34.9037,-98.6802,0.1945,289.574,28.9765,0.0213,204.8911,3771.3276,0.2144,0.000107,0.0036,0.0321,-0.2109,TRANSLATE2
-261.4425,-53.2105,-78.2254,0.174,278.0338,11.5403,0.0205,232.6478,3209.1218,0.2045,0.000317,0.0003,0.0418,-0.1997,TRANSLATE2
-254.4134,-60.8027,-61.4678,0.1527,268.7033,9.3305,0.0213,258.3253,1104.7305,0.1909,0.000616,-0.0042,0.0503,-0.1833,TRANSLATE2
-239.9276,-48.4328,-57.7524,0.145,251.4882,17.215,0.0077,269.6794,175.9888,0.1764,0.000688,-0.0095,0.0594,-0.1627,TRANSLATE2
-231.2577,-32.0713,-63.3457,0.1442,241.9119,9.5763,0.0008,265.9422,299.733,0.1621,0.000379,-0.0149,0.0705,-0.1398,TRANSLATE2
-225.3499,-24.9789,-73.0765,0.141,238.2157,3.6962,0.0032,255.6706,236.2858,0.1514,0.000142,-0.0197,0.0837,-0.1187,TRANSLATE2
-226.3425,-28.4331,-82.6487,0.1319,242.6317,4.4161,0.0091,248.5902,120.1336,0.143,4.5e-05,-0.0245,0.0953,-0.1002,TRANSLATE2
-233.3552,-36.5371,-89.0346,0.1067,252.4218,9.7901,0.0252,245.3339,31.559,0.1338,0.000204,-0.0293,0.0996,-0.0823,TRANSLATE2
-221.1373,-35.9672,-88.5777,0.0781,240.9177,11.5041,0.0286,243.2198,23.4148,0.1204,0.00062,-0.0348,0.0927,-0.064,TRANSLATE2
-195.7911,-37.755,-71.4153,0.0622,211.8012,29.1166,0.0159,237.1976,184.2323,0.104,0.000915,-0.0407,0.0773,-0.0444,TRANSLATE2
-157.8985,-38.4478,-28.8197,0.0662,165.0477,46.7535,0.004,222.564,1011.0052,0.089,0.000703,-0.0478,0.0581,-0.0239,TRANSLATE2
-105.4313,-37.1551,7.6192,0.0698,112.046,53.0017,0.0037,196.4469,2691.2031,0.0766,0.000255,-0.0536,0.0418,-0.0042,TRANSLATE2
-77.4357,-38.8991,28.2548,0.0751,91.1469,20.8992,0.0053,164.1919,3241.7991,0.0703,3.4e-05,-0.0567,0.033,0.0109,TRANSLATE2
-77.2517,-36.7317,29.9194,0.0857,90.6213,0.5256,0.0105,134.1326,2243.395,0.0718,6.6e-05,-0.0565,0.0339,0.021,TRANSLATE2
-85.0826,-33.676,13.298,0.0906,92.466,1.8447,0.0049,110.2656,814.5001,0.0775,8.6e-05,-0.0536,0.0428,0.0277,TRANSLATE2
-94.9848,-28.5564,-4.5522,0.0884,99.289,6.823,0.0022,97.1138,65.4125,0.0819,6.5e-05,-0.0484,0.0536,0.0328,TRANSLATE2
-93.5472,-17.9139,-14.5293,0.076,96.3488,2.9402,0.0124,93.9744,11.0793,0.0832,4.1e-05,-0.0428,0.0583,0.0382,TRANSLATE2
-81.4596,-7.603,-9.4265,0.067,82.355,13.9938,0.009,92.216,33.3907,0.0815,7.7e-05,-0.0382,0.0552,0.0431,TRANSLATE2
-66.5021,1.4145,1.6338,0.0618,66.5372,15.8178,0.0052,87.3992,141.5605,0.0768,0.000129,-0.0347,0.0464,0.0467,TRANSLATE2
-59.4548,5.3722,9.1195,0.0592,60.3896,6.1476,0.0026,80.9839,241.1742,0.0705,0.000113,-0.0321,0.0355,0.0492,TRANSLATE2
-52.6888,11.1978,13.4675,0.0637,55.5237,4.8659,0.0045,72.2308,227.1873,0.0656,3.4e-05,-0.0302,0.0255,0.0514,TRANSLATE2
-34.6573,21.3426,16.5677,0.0622,43.9446,11.5791,0.0015,61.75,161.0265,0.0628,7e-06,-0.0283,0.0199,0.0522,TRANSLATE2
-20.1196,26.2241,18.0136,0.0546,37.6429,6.3017,0.0076,52.8076,112.3771,0.0603,1e-05,-0.0262,0.0175,0.0514,TRANSLATE2
-3.2082,33.0105,25.6577,0.0508,41.9322,4.2892,0.0038,47.8866,74.1154,0.0581,2.3e-05,-0.0241,0.0157,0.0504,TRANSLATE2
13.896,41.2428,34.8731,0.0435,55.7691,13.837,0.0073,46.9625,54.4234,0.055,5.5e-05,-0.0219,0.0149,0.0481,TRANSLATE2
29.3918,50.538,40.5766,0.0357,71.1647,15.3956,0.0079,50.0907,147.1288,0.0494,8.3e-05,-0.0189,0.0154,0.0425,TRANSLATE2
51.1759,58.2616,46.0425,0.0323,90.1848,19.0201,0.0034,59.3388,375.5553,0.0434,7.3e-05,-0.0151,0.0176,0.0344,TRANSLATE2
92.7782,75.2937,50.0903,0.0385,129.5607,39.3758,0.0062,77.7223,929.6821,0.0402,4.2e-05,-0.0114,0.0221,0.0264,TRANSLATE2
137.882,96.5506,50.5066,0.0508,175.7395,46.1788,0.0123,104.4838,1878.7922,0.0402,4.2e-05,-0.0073,0.0302,0.0175,TRANSLATE2
164.1806,128.4373,46.2334,0.0639,213.5157,37.7762,0.0131,136.0331,2786.3999,0.0442,0.000135,-0.0033,0.0401,0.0085,TRANSLATE2
180.4257,167.4061,38.243,0.0763,249.0799,35.5642,0.0124,171.6161,3234.5835,0.0523,0.00026,0.0002,0.0506,-0.0014,TRANSLATE2
206.9281,204.8312,27.26,0.0872,292.4348,43.355,0.0109,212.0661,3191.6045,0.0633,0.000303,0.0035,0.0598,-0.0129,TRANSLATE2
258.1987,239.4962,19.6986,0.1022,352.7224,60.2875,0.015,256.6984,3794.9663,0.0761,0.00032,0.0071,0.0667,-0.0286,TRANSLATE2
308.9559,273.922,14.0151,0.1178,413.1385,60.4161,0.0156,304.1782,5124.46,0.0895,0.00036,0.0107,0.0684,-0.0489,TRANSLATE2
338.4897,255.9188,18.6902,0.1435,424.7577,11.6192,0.0256,346.4266,4603.4717,0.1054,0.000558,0.0138,0.0643,-0.0746,TRANSLATE2
347.7105,229.5007,27.3397,0.158,417.5172,7.2404,0.0146,380.1141,2584.1221,0.1218,0.000675,0.0169,0.0567,-0.1006,TRANSLATE2
347.0653,210.0818,39.1249,0.1634,407.5775,9.9397,0.0054,403.1426,667.1257,0.137,0.000551,0.0192,0.0472,-0.1238,TRANSLATE2
352.9804,197.2873,58.9812,0.1724,408.6517,1.0742,0.0091,414.3285,39.6307,0.151,0.000364,0.0209,0.0374,-0.1435,TRANSLATE2
356.5374,177.1736,77.3349,0.1874,405.5738,3.0779,0.015,412.8156,52.3874,0.1649,0.000215,0.0223,0.0302,-0.1603,TRANSLATE2
346.0924,136.1264,92.9773,0.1987,383.3473,22.2265,0.0113,404.5335,128.9482,0.176,0.000228,0.0236,0.0263,-0.1723,TRANSLATE2
317.7677,79.9886,90.6756,0.191,339.9949,43.3524,0.0077,389.0291,687.8901,0.1826,0.000165,0.0242,0.0245,-0.1793,TRANSLATE2
277.1173,37.9034,76.1405,0.1634,289.8759,50.119,0.0276,365.4887,2031.2041,0.1826,0.000165,0.0242,0.0196,-0.1797,TRANSLATE2
216.8876,17.2571,66.3905,0.1529,227.4769,62.399,0.0105,329.2538,4155.0771,0.1787,0.000306,0.0245,0.0066,-0.1749,TRANSLATE2
128.6257,3.3838,83.1655,0.1659,153.2075,74.2694,0.0131,278.7805,6641.0352,0.1744,0.000304,0.0259,-0.0161,-0.165,TRANSLATE2
78.4037,-36.268,120.9731,0.1675,148.6506,4.5569,0.0015,231.8412,5637.6494,0.1681,0.000157,0.0282,-0.0411,-0.1515,TRANSLATE2
71.7886,-91.4206,128.1472,0.1202,173.0117,24.3611,0.0473,198.4445,2875.0464,0.154,0.000311,0.0325,-0.0562,-0.1339,TRANSLATE2
71.7371,-145.5052,93.5084,0.069,187.248,14.2363,0.0512,177.9189,806.8793,0.1351,0.001382,0.0376,-0.0588,-0.1111,TRANSLATE2
90.3397,-176.2417,27.713,0.0509,199.976,12.728,0.0181,172.4187,382.7321,0.1147,0.00232,0.0423,-0.0523,-0.0795,TRANSLATE2
87.5843,-177.1434,-21.9984,0.0911,198.8333,1.1427,0.0403,181.5439,365.195,0.0997,0.001682,0.0448,-0.0462,-0.0423,TRANSLATE2
86.2987,-181.2397,-23.0268,0.1661,202.0533,3.2199,0.075,192.2245,118.8531,0.0995,0.001647,0.0452,-0.0543,-0.0015,TRANSLATE2
92.0827,-191.6042,34.616,0.2067,215.3826,13.3294,0.0406,200.6986,80.4752,0.1168,0.003562,0.0421,-0.0788,0.0405,TRANSLATE2
117.9193,-191.6428,100.3147,0.2117,246.3634,30.9808,0.005,212.5217,321.5605,0.1453,0.004092,0.039,-0.1071,0.0789,TRANSLATE2
115.8573,-173.1611,128.2174,0.1961,244.6372,1.7262,0.0156,221.4539,416.5775,0.1744,0.001981,0.0338,-0.1259,0.1094,TRANSLATE2
47.6358,-157.0101,107.4802,0.1752,196.1462,48.491,0.0209,220.9165,442.0466,0.1912,0.000314,0.0285,-0.1241,0.1324,TRANSLATE2
-47.0632,-161.7862,52.2123,0.1855,176.3969,19.7494,0.0103,215.7853,740.9526,0.195,0.00018,0.0215,-0.1012,0.1539,TRANSLATE2
-120.9474,-167.3946,1.5698,0.2053,206.5229,30.1261,0.0198,214.0133,754.9387,0.1947,0.000174,0.015,-0.0727,0.1724,TRANSLATE2
-148.2111,-138.6344,-16.8004,0.2201,203.6376,2.8853,0.0149,205.4682,494.1439,0.1964,0.000242,0.0062,-0.0511,0.1868,TRANSLATE2
-117.6126,-117.4544,-13.8122,0.2015,166.7904,36.8472,0.0186,189.8988,244.0892,0.1975,0.000246,-0.0018,-0.039,0.1929,TRANSLATE2
-110.7245,-113.5917,-16.581,0.1784,159.4926,7.2978,0.0231,182.5681,367.4507,0.1982,0.000219,-0.0108,-0.0339,0.1945,TRANSLATE2
-105.7827,-112.9983,-37.0929,0.1822,159.1681,0.3245,0.0038,179.1223,457.4723,0.1975,0.000237,-0.0195,-0.0304,0.1934,TRANSLATE2
-104.4012,-78.6049,-70.1806,0.1841,148.3363,10.8318,0.002,167.485,361.4433,0.1933,0.000243,-0.0281,-0.0272,0.1883,TRANSLATE2
-98.1897,-34.1558,-91.7382,0.1617,138.6497,9.6866,0.0225,154.4874,97.3992,0.1816,0.000162,-0.0355,-0.0244,0.1755,TRANSLATE2
-88.8205,5.6691,-97.7687,0.1255,132.2117,6.438,0.0362,147.5717,118.5404,0.1664,0.000481,-0.0394,-0.0255,0.1582,TRANSLATE2
-76.7189,24.6509,-85.8806,0.0949,117.7664,14.4453,0.0306,139.2265,198.1462,0.1497,0.001196,-0.0391,-0.0324,0.1371,TRANSLATE2
-54.6282,27.9551,-63.7295,0.0731,88.4714,29.2951,0.0217,125.0871,433.9068,0.1279,0.00168,-0.0344,-0.0429,0.1083,TRANSLATE2
-37.087,22.5016,-46.8086,0.0574,63.8186,24.6528,0.0157,108.1836,790.8387,0.1025,0.001397,-0.0268,-0.051,0.076,TRANSLATE2
-31.5665,26.0763,-45.4094,0.0445,61.1427,2.6759,0.0129,92.6821,807.4773,0.0791,0.000821,-0.0184,-0.0538,0.0473,TRANSLATE2
-34.8032,35.6266,-48.9338,0.042,69.8214,8.6788,0.0025,80.2041,443.7803,0.0624,0.000386,-0.0118,-0.0525,0.0254,TRANSLATE2
-43.8019,45.7294,-48.8032,0.0447,79.9471,10.1257,0.0026,72.6402,104.3954,0.0523,0.000137,-0.0067,-0.0491,0.009,TRANSLATE2
-49.7759,50.4461,-39.4957,0.053,81.1317,1.1846,0.0083,71.1723,66.5368,0.0483,3.4e-05,-0.0025,-0.0457,-0.0028,TRANSLATE2
-46.3738,48.135,-20.7372,0.0516,69.9824,11.1493,0.0014,72.4051,54.4848,0.0471,1.9e-05,0.0011,-0.0422,-0.0129,TRANSLATE2
-39.1209,42.1236,-5.9054,0.0479,57.7903,12.1921,0.0037,71.7346,71.3851,0.0478,1.7e-05,0.0046,-0.0374,-0.0231,TRANSLATE2
-35.803,30.9395,-2.0337,0.0418,47.3629,10.4274,0.0061,67.2429,169.2737,0.0478,1.7e-05,0.0073,-0.0296,-0.0312,TRANSLATE2
-41.758,22.3329,-9.8863,0.0316,48.3759,1.013,0.0102,60.9287,168.317,0.0452,6.1e-05,0.008,-0.0187,-0.0344,TRANSLATE2
-53.0877,22.4007,-23.7966,0.0213,62.3407,13.9648,0.0103,57.1705,72.959,0.0388,0.000123,0.0065,-0.0058,-0.0313,TRANSLATE2
-66.8389,20.8612,-35.6966,0.0204,78.5931,16.2524,0.0009,58.8926,128.9498,0.0326,0.000119,0.0023,0.0048,-0.0231,TRANSLATE2
-87.0274,18.6545,-44.7573,0.0325,99.6241,21.0311,0.0121,67.2594,390.5158,0.0295,6.3e-05,-0.0039,0.0109,-0.0099,TRANSLATE2
-106.9781,19.7205,-51.3496,0.0461,120.2913,20.6672,0.0136,81.845,661.0777,0.0304,8.7e-05,-0.0105,0.0123,0.0061,TRANSLATE2
-127.2606,15.7827,-53.6703,0.0539,139.0139,18.7226,0.0078,99.9726,762.087,0.0348,0.000178,-0.0166,0.0087,0.0212,TRANSLATE2
-152.0335,6.0324,-52.8456,0.0659,161.069,22.0551,0.012,119.7183,835.5181,0.0438,0.000254,-0.0218,0.0009,0.0344,TRANSLATE2
-172.8049,-5.8272,-48.2265,0.0793,179.5029,18.4339,0.0134,139.9003,804.7899,0.0555,0.000259,-0.025,-0.0092,0.0463,TRANSLATE2
-189.0127,-14.3399,-34.2281,0.097,192.6214,13.1185,0.0177,158.4997,690.3204,0.0685,0.000331,-0.0266,-0.0205,0.0578,TRANSLATE2
-186.3695,-15.1438,-20.32,0.11,188.0847,4.5367,0.013,172.0584,389.5606,0.0812,0.000413,-0.0271,-0.031,0.069,TRANSLATE2
-185.1081,-3.09,-13.9935,0.1133,185.662,2.4226,0.0033,181.388,121.143,0.0931,0.000328,-0.0266,-0.0391,0.0797,TRANSLATE2
-185.1302,12.7498,-10.4448,0.106,185.8625,0.2005,0.0073,186.3467,17.9866,0.1011,0.000149,-0.0255,-0.0443,0.0871,TRANSLATE2
-184.8261,20.0374,-12.9621,0.0954,186.3604,0.4979,0.0106,187.7182,6.7381,0.1043,5e-05,-0.0229,-0.0466,0.0904,TRANSLATE2
-188.739,26.0705,-12.3728,0.0891,190.9324,4.572,0.0063,187.3804,3.8819,0.1028,8.3e-05,-0.0186,-0.0469,0.0892,TRANSLATE2
-197.2662,47.447,-7.817,0.0849,203.0426,12.1102,0.0041,190.372,43.8939,0.0977,0.000111,-0.0129,-0.0462,0.0846,TRANSLATE2
-191.0786,75.2545,-1.2098,0.0705,205.3673,2.3248,0.0145,194.313,68.8974,0.0892,0.000138,-0.0074,-0.0447,0.0762,TRANSLATE2
-178.3941,102.7067,3.4759,0.0459,205.8767,0.5094,0.0245,198.3159,65.3361,0.0772,0.000311,-0.0022,-0.042,0.0641,TRANSLATE2
-167.5466,114.956,6.5588,0.0261,203.2972,2.5795,0.0198,201.7032,30.2379,0.0633,0.000573,0.0019,-0.0378,0.048,TRANSLATE2
-150.3904,99.9992,11.6283,0.034,180.976,22.3212,0.0078,199.712,88.9938,0.0523,0.000491,0.0043,-0.0326,0.0277,TRANSLATE2
-141.1842,70.765,19.2027,0.0453,159.0893,21.8867,0.0113,190.9213,339.5401,0.0444,0.000225,0.006,-0.0273,0.0053,TRANSLATE2
-143.2348,44.4714,37.4527,0.0456,154.5854,4.5039,0.0003,180.7649,458.7108,0.0394,6.4e-05,0.0084,-0.022,-0.0146,TRANSLATE2
-119.9973,24.5208,59.9809,0.04,136.3757,18.2097,0.0056,166.8647,533.4554,0.0382,5.4e-05,0.0098,-0.0148,-0.0288,TRANSLATE2
-96.9009,9.401,63.8254,0.0488,116.4124,19.9633,0.0088,149.4878,475.1182,0.0428,2.7e-05,0.0108,-0.0042,-0.0369,TRANSLATE2
-103.5489,-8.8479,54.6978,0.0543,117.4415,1.0291,0.0054,136.7809,320.743,0.0468,2.2e-05,0.0095,0.0082,-0.0388,TRANSLATE2
-126.5485,-18.5315,38.8364,0.0459,133.6645,16.223,0.0083,131.6959,197.2952,0.0469,2.2e-05,0.0052,0.0194,-0.0355,TRANSLATE2
-149.5075,-5.4283,33.7722,0.0298,153.3706,19.7061,0.0161,131.4529,186.4089,0.0438,7e-05,-0.0005,0.0266,-0.0299,TRANSLATE2
-145.9029,6.9699,52.4959,0.0229,155.2162,1.8456,0.0069,135.221,280.3019,0.0404,0.000142,-0.006,0.0269,-0.0251,TRANSLATE2
-122.2254,12.3946,82.7592,0.0286,148.1276,7.0886,0.0057,141.564,202.6309,0.0363,0.000139,-0.0106,0.0248,-0.0212,TRANSLATE2
-100.0991,15.4907,99.2886,0.0546,141.838,6.2895,0.026,146.4434,62.4587,0.0364,0.000142,-0.0116,0.026,-0.0196,TRANSLATE2
-98.1324,12.7863,83.0903,0.083,129.2186,12.6194,0.0285,145.5542,88.3464,0.0438,0.000504,-0.0095,0.0336,-0.0216,TRANSLATE2
-128.5622,12.1072,54.7629,0.0927,140.2633,11.0447,0.0096,142.9327,74.854,0.0564,0.000784,-0.0076,0.046,-0.0263,TRANSLATE2
-183.4685,35.3951,27.8165,0.0811,188.9107,48.6474,0.0115,149.6716,422.0596,0.068,0.000548,-0.005,0.0583,-0.0326,TRANSLATE2
-208.4467,37.5036,25.6876,0.0762,213.3457,24.435,0.0049,162.7153,1062.3236,0.0775,0.00016,-0.0015,0.0644,-0.0406,TRANSLATE2
-218.6917,47.8498,44.6876,0.0823,228.2819,14.9362,0.0061,180.0041,1536.0471,0.0831,2.9e-05,0.0024,0.063,-0.0493,TRANSLATE2
-170.0659,50.9392,74.2219,0.1019,192.4217,35.8603,0.0196,192.6447,891.2697,0.0868,8.5e-05,0.0072,0.0569,-0.0601,TRANSLATE2
-125.1746,38.1795,95.8682,0.1357,162.2253,30.1963,0.0338,197.0371,508.282,0.0954,0.000481,0.0145,0.0575,-0.0724,TRANSLATE2
-94.4678,20.3873,90.257,0.1661,132.2352,29.9901,0.0305,185.702,1206.4468,0.1124,0.001151,0.0221,0.0704,-0.0824,TRANSLATE2
-86.3805,10.8036,53.4775,0.181,102.1673,30.0679,0.0148,163.4663,1954.7946,0.1334,0.001389,0.0277,0.0925,-0.0869,TRANSLATE2
-104.9388,17.9366,8.6758,0.1803,106.8136,4.6463,0.0007,139.1726,1166.304,0.153,0.000922,0.0306,0.1171,-0.0872,TRANSLATE2
-118.4729,23.8743,-35.0688,0.163,125.8397,19.0261,0.0173,125.8562,457.4385,0.1652,0.000271,0.0309,0.1363,-0.0848,TRANSLATE2
-122.3783,13.2713,-59.3081,0.1338,136.6383,10.7987,0.0292,120.7388,189.959,0.1648,0.000293,0.0284,0.1396,-0.0814,TRANSLATE2
-112.6683,-11.7548,-48.7528,0.1037,123.3254,13.313,0.0301,118.9568,161.6883,0.1523,0.000885,0.024,0.1288,-0.0759,TRANSLATE2
-80.9596,-27.2351,-30.2616,0.0801,90.6199,32.7054,0.0236,116.6474,260.5728,0.1322,0.001358,0.0183,0.1108,-0.0678,TRANSLATE2
-59.3489,-25.2037,-22.253,0.0777,68.2109,22.4091,0.0024,108.9268,650.8446,0.1116,0.001068,0.0124,0.0934,-0.0569,TRANSLATE2
-52.426,-16.6911,-28.7993,0.0807,62.1006,6.1103,0.0031,96.179,869.6686,0.0952,0.000462,0.0068,0.0811,-0.0425,TRANSLATE2
-57.1877,-12.6591,-46.7176,0.0681,74.9214,12.8208,0.0126,83.8356,480.2953,0.082,0.000138,0.002,0.0738,-0.0258,TRANSLATE2
-66.9533,-14.8804,-60.6459,0.0457,91.5538,16.6324,0.0224,77.4813,139.9441,0.0704,0.000173,-0.0016,0.0672,-0.0097,TRANSLATE2
-59.8064,-11.9481,-61.6917,0.0295,86.7492,4.8046,0.0162,76.7072,121.9989,0.0603,0.000388,-0.0045,0.0541,0.0042,TRANSLATE2
-40.2857,-3.021,-43.6096,0.0431,59.4463,27.3029,0.0136,74.9543,164.0761,0.0534,0.00034,-0.0069,0.0349,0.0148,TRANSLATE2
-15.5067,2.8613,-28.0346,0.0451,32.1649,27.2814,0.002,68.9671,461.3722,0.0463,0.000154,-0.0092,0.0145,0.023,TRANSLATE2
-4.0772,0.7078,-25.1995,0.0458,25.5371,6.6279,0.0006,59.0903,733.9633,0.0418,3.9e-05,-0.0115,-0.0021,0.0306,TRANSLATE2
-5.9305,2.9881,-31.4096,0.0524,32.104,6.5669,0.0067,47.2003,527.468,0.0432,5.7e-05,-0.0137,-0.0137,0.0378,TRANSLATE2
-6.3101,6.0249,-36.3652,0.0542,37.3971,5.2931,0.0018,37.3299,136.4398,0.0481,1.9e-05,-0.0152,-0.0175,0.042,TRANSLATE2
-2.723,7.3512,-40.5734,0.0571,41.3238,3.9267,0.0028,33.7054,28.6656,0.0509,2.2e-05,-0.0159,-0.0179,0.0448,TRANSLATE2
11.8841,10.1403,-33.7962,0.0583,37.2323,4.0915,0.0012,34.7188,29.6517,0.0536,1.9e-05,-0.0161,-0.02,0.0467,TRANSLATE2
29.5135,12.956,-21.0057,0.0533,38.4727,1.2404,0.005,37.306,8.9157,0.0551,5e-06,-0.0153,-0.0233,0.0468,TRANSLATE2
41.1014,18.7992,-6.6296,0.0402,45.6803,7.2076,0.0131,40.0212,10.1568,0.0526,4.2e-05,-0.0144,-0.0252,0.0433,TRANSLATE2
41.7905,25.2175,3.7526,0.0219,48.9535,3.2733,0.0183,42.3325,19.3948,0.0461,0.000189,-0.0142,-0.0221,0.0365,TRANSLATE2
30.498,30.9927,-3.6042,0.032,43.6311,5.3225,0.0101,42.794,19.3156,0.0411,0.000179,-0.0145,-0.0123,0.0265,TRANSLATE2
-2.9078,37.1348,-23.0115,0.0573,43.7833,0.1522,0.0253,44.1042,11.6082,0.0409,0.000173,-0.015,0.0045,0.0143,TRANSLATE2
-37.2075,47.5672,-54.6404,0.0681,81.4409,37.6576,0.0107,52.6978,210.2206,0.0439,0.000281,-0.0153,0.0234,0.0012,TRANSLATE2
-50.816,61.8288,-81.2123,0.0623,114.0198,32.5789,0.0058,66.3657,765.6367,0.0483,0.000326,-0.0152,0.0384,-0.0114,TRANSLATE2
-30.6434,78.4505,-86.6386,0.0459,120.8295,6.8097,0.0164,80.7409,1091.614,0.0531,0.000165,-0.0144,0.0451,-0.0203,TRANSLATE2
44.7196,115.1604,-68.2922,0.026,141.158,20.3286,0.0199,100.2463,1165.7716,0.0519,0.000221,-0.0132,0.042,-0.0244,TRANSLATE2
137.1257,158.1033,-28.5587,0.0225,211.2243,70.0663,0.0035,133.7345,1869.9236,0.0449,0.00034,-0.0117,0.0299,-0.0253,TRANSLATE2
212.0974,188.9639,25.1249,0.0237,285.1735,73.9492,0.0012,174.481,4249.4756,0.0361,0.000245,-0.0109,0.0165,-0.0247,TRANSLATE2
272.0748,214.7305,66.4312,0.0333,352.9122,67.7386,0.0096,222.2595,7603.1147,0.0303,7.5e-05,-0.0099,0.0099,-0.0234,TRANSLATE2
311.5755,239.1063,82.3449,0.0612,401.2877,48.3755,0.0279,278.3511,8809.4492,0.0333,0.000208,-0.0086,0.0123,-0.0259,TRANSLATE2
328.9573,250.1569,83.0447,0.0907,421.5303,20.2426,0.0296,334.4256,6000.7666,0.0463,0.00069,-0.0075,0.0213,-0.036,TRANSLATE2
343.7877,253.9193,75.1858,0.1132,433.9561,12.4258,0.0224,378.9719,2961.9429,0.0644,0.001143,-0.0063,0.035,-0.0512,TRANSLATE2
362.752,225.2573,64.3298,0.1371,431.8197,2.1364,0.0239,408.3012,900.6869,0.0871,0.001352,-0.0048,0.0498,-0.0707,TRANSLATE2
380.2516,166.5402,33.1483,0.144,416.4442,15.3755,0.0069,421.0076,138.9076,0.1092,0.000929,-0.0033,0.0626,-0.0889,TRANSLATE2
353.1544,134.3166,-11.2814,0.1177,378.003,38.4412,0.0263,416.3506,409.3244,0.1205,0.000354,-0.0024,0.0695,-0.0981,TRANSLATE2
309.1485,141.3189,-47.2126,0.0795,343.1805,34.8225,0.0381,400.6807,1229.1849,0.1183,0.000508,-0.0021,0.0672,-0.097,TRANSLATE2
267.5501,172.7926,-69.4013,0.0779,325.9707,17.2098,0.0017,379.0836,1657.6179,0.1112,0.000779,-0.0014,0.0561,-0.0935,TRANSLATE2
226.0307,172.906,-73.4555,0.1207,293.9082,32.0624,0.0429,351.5013,1791.5856,0.108,0.000653,0.001,0.0361,-0.093,TRANSLATE2
226.1808,104.8185,-66.6862,0.1408,258.0538,35.8545,0.0201,319.8232,1691.0582,0.1073,0.000609,0.0038,0.0088,-0.0954,TRANSLATE2
264.6822,19.4517,-46.0896,0.1549,269.3683,11.3145,0.0141,298.0963,1051.1619,0.1148,0.000985,0.0058,-0.0283,-0.1001,TRANSLATE2
284.552,-29.2793,8.1033,0.1696,286.1691,16.8008,0.0147,286.694,543.0841,0.1328,0.001014,0.0073,-0.0684,-0.1003,TRANSLATE2
287.876,-8.8422,78.8076,0.1886,298.5991,12.43,0.019,281.2197,232.931,0.1549,0.000544,0.009,-0.1063,-0.093,TRANSLATE2
237.957,14.2169,148.8149,0.2035,281.0187,17.5804,0.0149,278.6418,194.0938,0.1715,0.000508,0.0119,-0.139,-0.0807,TRANSLATE2
197.575,0.786,201.855,0.1636,282.457,1.4383,0.0399,283.5224,88.4108,0.1761,0.000311,0.0185,-0.1575,-0.0664,TRANSLATE2
174.5413,-27.9118,206.9247,0.1187,272.1425,10.3145,0.0449,284.0773,73.9356,0.1688,0.000827,0.03,-0.1544,-0.051,TRANSLATE2
113.208,-46.3201,161.9397,0.1032,202.9435,69.199,0.0155,267.4322,1112.5378,0.1555,0.001512,0.0442,-0.1376,-0.0389,TRANSLATE2
20.8414,-68.2873,119.1299,0.1168,138.8865,64.0571,0.0136,235.4897,3202.7368,0.1412,0.001386,0.0572,-0.1183,-0.0262,TRANSLATE2
-71.5863,-95.5049,107.7039,0.1467,160.7666,21.8801,0.0299,211.4392,3326.4407,0.1298,0.000485,0.0666,-0.1031,-0.0056,TRANSLATE2
-119.8284,-145.2039,140.6163,0.1497,234.9807,74.2141,0.003,201.944,2338.4165,0.127,0.000328,0.0692,-0.0946,0.024,TRANSLATE2
-81.4314,-189.2194,176.9586,0.1531,271.5684,36.5877,0.0034,201.8292,2322.3499,0.1339,0.000403,0.0664,-0.0867,0.0578,TRANSLATE2
-75.6045,-221.3067,166.3701,0.1675,287.0047,15.4363,0.0144,218.6414,3490.4258,0.1468,0.000276,0.0588,-0.0678,0.0914,TRANSLATE2
-105.5899,-263.0235,94.4086,0.2049,298.7366,11.7319,0.0374,250.6114,2479.2231,0.1644,0.000461,0.0465,-0.0342,0.1246,TRANSLATE2
-154.7125,-279.6563,-1.9732,0.2371,319.6052,20.8686,0.0322,282.3792,807.6449,0.1825,0.00113,0.0303,0.0056,0.1595,TRANSLATE2
-180.3107,-226.8188,-71.7879,0.2464,298.5167,21.0886,0.0093,295.0863,248.9345,0.2018,0.001359,0.0117,0.0324,0.1899,TRANSLATE2
-179.2735,-154.3394,-75.0522,0.2264,248.1783,50.3383,0.02,290.4083,556.5043,0.2165,0.000791,-0.0075,0.0389,0.2073,TRANSLATE2
-142.0376,-103.2684,-68.1511,0.1738,188.3709,59.8074,0.0527,270.6816,2247.3677,0.2177,0.000675,-0.0221,0.0272,0.2081,TRANSLATE2
-124.1644,-76.9929,-68.024,0.1267,161.1582,27.2127,0.0471,243.1659,3731.9097,0.2021,0.002056,-0.0298,0.0013,0.1932,TRANSLATE2
-114.3378,-69.8318,-66.388,0.1067,149.5225,11.6357,0.02,209.1493,3160.0066,0.176,0.00295,-0.0321,-0.0285,0.1644,TRANSLATE2
-104.5359,-55.6779,-42.9823,0.1134,125.997,23.5254,0.0068,174.6454,1755.0422,0.1494,0.002033,-0.0286,-0.0529,0.1291,TRANSLATE2
-91.5068,-34.333,-5.0483,0.1102,97.8659,28.1311,0.0032,144.5829,948.889,0.1262,0.000612,-0.0224,-0.0679,0.0958,TRANSLATE2
-80.743,-9.9257,27.602,0.0764,85.9058,11.9601,0.0338,124.0899,834.0468,0.1067,0.000275,-0.0152,-0.0744,0.0696,TRANSLATE2
-73.6162,5.4094,43.8222,0.0413,85.8429,0.063,0.0351,109.0268,624.9056,0.0896,0.000758,-0.0077,-0.072,0.0497,TRANSLATE2
-74.6024,15.99,37.2296,0.0265,84.8955,0.9474,0.0149,96.1014,246.3245,0.0736,0.00124,0.0012,-0.0602,0.034,TRANSLATE2
-75.56,24.0483,25.9493,0.0372,83.4326,1.4628,0.0107,87.5885,27.2055,0.0583,0.000955,0.0114,-0.0416,0.0183,TRANSLATE2
-77.5293,25.9824,12.1032,0.0498,82.6581,0.7746,0.0126,84.547,1.6914,0.0462,0.000284,0.0226,-0.0218,0.0025,TRANSLATE2
-79.8953,23.6953,2.6888,0.0601,83.3784,0.7203,0.0103,84.0415,1.3397,0.043,0.00013,0.0325,-0.0071,-0.0114,TRANSLATE2
-82.3912,14.575,-8.1458,0.0655,84.066,0.6877,0.0054,83.6861,0.5645,0.0478,0.000208,0.0402,0.0016,-0.0227,TRANSLATE2
-88.9599,-1.3994,-16.4667,0.0627,90.4819,6.4158,0.0028,84.8034,8.2601,0.0551,0.000108,0.0445,0.0044,-0.0313,TRANSLATE2
-96.3491,-16.957,-19.2546,0.0471,99.7067,9.2249,0.0156,88.0582,41.7124,0.0571,5.3e-05,0.0448,0.0048,-0.0347,TRANSLATE2
-103.2324,-24.7406,-26.2099,0.0305,109.3435,9.6367,0.0166,93.3953,98.0081,0.0532,0.000168,0.0414,0.0061,-0.0321,TRANSLATE2
-115.9328,-30.3331,-37.7836,0.0183,125.6508,16.3073,0.0123,101.8498,214.5453,0.0448,0.000333,0.0347,0.0069,-0.0244,TRANSLATE2
-133.4556,-43.3071,-47.5612,0.0228,148.1485,22.4977,0.0046,114.6663,415.7451,0.0363,0.000271,0.0245,0.0038,-0.0119,TRANSLATE2
-156.4458,-54.6832,-41.6365,0.0628,170.8775,22.729,0.0399,130.7454,672.1702,0.0363,0.000271,0.0118,-0.0042,0.0063,TRANSLATE2
-171.6347,-56.0497,-17.4373,0.0965,181.3949,10.5174,0.0337,147.083,725.6467,0.0462,0.000875,-0.0014,-0.0152,0.0275,TRANSLATE2
-167.9172,-44.9116,17.0658,0.1192,174.6553,6.7396,0.0227,160.1454,422.2121,0.0639,0.001577,-0.0136,-0.027,0.0505,TRANSLATE2
-138.2306,-29.3606,36.3807,0.1258,145.9222,28.733,0.0067,164.1997,208.2586,0.0854,0.001465,-0.0231,-0.0355,0.0732,TRANSLATE2
-119.6376,-20.9916,41.7421,0.1177,128.4376,17.4847,0.0081,160.2575,396.9757,0.1044,0.00053,-0.0284,-0.0354,0.0918,TRANSLATE2
-103.8413,-17.187,27.2093,0.1139,108.7141,19.7234,0.0038,147.8248,751.191,0.1146,9.7e-05,-0.0297,-0.0246,0.1042,TRANSLATE2
-94.0231,-14.2152,-7.0576,0.1128,95.3531,13.361,0.0011,130.6165,780.3292,0.1179,2.1e-05,-0.0276,-0.0091,0.1104,TRANSLATE2
-99.6435,-7.0847,-48.446,0.1051,111.0227,15.6695,0.0078,117.8899,307.265,0.1151,4.6e-05,-0.0238,0.0032,0.1104,TRANSLATE2
-120.0804,8.1666,-72.6725,0.1083,140.5962,29.5735,0.0033,116.8247,252.0829,0.1116,2e-05,-0.0199,0.0074,0.1084,TRANSLATE2
-127.4768,27.7239,-80.988,0.1076,153.5513,12.9551,0.0007,121.8475,469.6517,0.1095,1.1e-05,-0.0167,0.0025,0.1059,TRANSLATE2
-144.269,48.9041,-80.0216,0.1006,172.0715,18.5202,0.007,134.519,779.0791,0.1069,1.6e-05,-0.0149,-0.0081,0.1025,TRANSLATE2
-154.0746,70.7046,-92.0579,0.0842,192.9061,20.8346,0.0164,154.0296,773.4352,0.1012,7.9e-05,-0.0144,-0.0205,0.0959,TRANSLATE2
-170.2721,78.1324,-101.8026,0.0653,213.2159,20.3098,0.0189,174.4682,686.3837,0.0932,0.00027,-0.0148,-0.032,0.0841,TRANSLATE2
-184.7396,73.2528,-100.6952,0.0595,222.7874,9.5714,0.0058,190.9065,653.6532,0.0834,0.000356,-0.0152,-0.0406,0.0664,TRANSLATE2
-196.2729,64.3804,-88.1905,0.062,224.6007,1.8133,0.0024,205.1163,399.7116,0.0743,0.000248,-0.0149,-0.0462,0.0457,TRANSLATE2
-198.6558,56.9855,-64.9399,0.062,216.6303,7.9704,0.0001,214.0281,128.4147,0.0666,8.1e-05,-0.0134,-0.0508,0.0234,TRANSLATE2
-199.9465,50.8134,-45.7488,0.0677,211.3139,5.3164,0.0057,217.7096,27.1066,0.0633,8e-06,-0.0123,-0.0544,0.0004,TRANSLATE2
-206.0135,36.8851,-22.2147,0.0827,210.4651,0.8488,0.0149,217.1595,33.2619,0.0668,7e-05,-0.012,-0.056,-0.0209,TRANSLATE2
-212.6139,22.2519,7.8314,0.0921,213.9186,3.4535,0.0094,215.3857,25.8818,0.0733,0.000145,-0.0126,-0.0548,-0.0397,TRANSLATE2
-222.1755,14.3109,42.6151,0.0989,226.6778,12.7592,0.0068,215.8011,34.2282,0.0807,0.000196,-0.0141,-0.0505,-0.0571,TRANSLATE2
-246.5279,0.1174,70.439,0.1001,256.3936,29.7159,0.0012,223.7538,300.3957,0.0883,0.000144,-0.015,-0.0433,-0.0728,TRANSLATE2
-279.9817,-13.3904,97.2824,0.0926,296.7035,40.3098,0.0075,240.8317,1042.1213,0.0933,3.9e-05,-0.0141,-0.0326,-0.0832,TRANSLATE2
-301.051,-14.6248,115.5416,0.0838,322.7932,26.0897,0.0089,263.2973,1696.5281,0.0935,3.4e-05,-0.0109,-0.0165,-0.0866,TRANSLATE2
-297.3033,1.1814,117.6864,0.0792,319.7511,3.0421,0.0046,284.4638,1398.2606,0.0909,6.8e-05,-0.0068,0.0027,-0.0841,TRANSLATE2
-274.7552,34.5451,116.7679,0.0814,300.5304,19.2207,0.0022,299.2343,563.8735,0.0874,6.1e-05,-0.0027,0.0228,-0.0771,TRANSLATE2
-265.5135,68.4361,111.7205,0.0956,296.0783,4.452,0.0142,307.1713,135.8051,0.0865,4.1e-05,0.0006,0.0434,-0.068,TRANSLATE2
-257.1952,103.0145,93.9546,0.1121,292.5556,3.5227,0.0165,306.3417,155.9253,0.0904,0.00015,0.0019,0.063,-0.0603,TRANSLATE2
-238.0405,113.6366,75.6011,0.1195,274.394,18.1616,0.0074,296.6619,212.2268,0.0976,0.000259,0.0028,0.0788,-0.055,TRANSLATE2
-203.2918,113.003,57.8934,0.1194,239.685,34.7091,0.0001,280.6487,498.4555,0.1056,0.000222,0.0037,0.0912,-0.0519,TRANSLATE2
-170.5116,97.0774,50.5991,0.1073,202.629,37.056,0.0121,261.0684,1253.427,0.1108,7.9e-05,0.0039,0.0992,-0.0485,TRANSLATE2
-146.3655,89.1619,54.2949,0.099,179.7794,22.8495,0.0083,237.8086,1788.8486,0.1115,6e-05,0.0033,0.1028,-0.0402,TRANSLATE2
-123.7018,106.6796,56.5234,0.1085,172.8513,6.9282,0.0094,213.8677,1460.1272,0.1107,6.1e-05,0.0038,0.1047,-0.027,TRANSLATE2
-91.7864,138.2093,48.8125,0.1147,172.9428,0.0915,0.0063,193.5775,650.7162,0.1098,4.8e-05,0.0047,0.1061,-0.0157,TRANSLATE2
-46.0073,153.7049,42.2875,0.1181,165.922,7.0208,0.0033,178.8249,160.8626,0.1095,4.3e-05,0.0069,0.1072,-0.0103,TRANSLATE2
-8.3433,137.5702,40.3894,0.1219,143.6192,22.3028,0.0038,167.0229,156.1381,0.1124,6.4e-05,0.011,0.1091,-0.0121,TRANSLATE2
4.2004,101.153,38.2021,0.1254,108.208,35.4111,0.0035,152.7086,610.5319,0.1177,3.4e-05,0.0167,0.112,-0.0193,TRANSLATE2
5.254,77.638,28.2367,0.12,82.7803,25.4277,0.0054,134.6945,1182.8702,0.12,1.3e-05,0.022,0.1132,-0.0268,TRANSLATE2
-2.528,71.2511,10.8894,0.1163,72.1227,10.6576,0.0037,114.5304,1266.7407,0.1203,1e-05,0.0255,0.1129,-0.0283,TRANSLATE2
1.8432,72.2915,-8.0885,0.0987,72.7659,0.6432,0.0176,95.8992,740.256,0.1165,8.7e-05,0.0263,0.1092,-0.0231,TRANSLATE2
8.5339,64.1519,-20.2646,0.0744,67.8156,4.9503,0.0243,80.7385,212.7082,0.107,0.000345,0.0243,0.1017,-0.013,TRANSLATE2
14.2959,49.8466,-21.9648,0.0511,56.3161,11.4995,0.0233,70.3601,73.3731,0.0921,0.00068,0.02,0.0889,-0.0013,TRANSLATE2
19.3336,39.9585,-19.5281,0.0402,48.4955,7.8206,0.011,63.5032,91.1151,0.0761,0.000809,0.0146,0.0723,0.009,TRANSLATE2
18.595,37.1387,-18.5381,0.042,45.4831,3.0124,0.0019,58.1753,112.8135,0.0613,0.000499,0.0086,0.0532,0.0173,TRANSLATE2
18.2198,42.4453,-16.3305,0.0417,48.9923,3.5092,0.0003,53.4205,64.4937,0.0499,0.000165,0.0028,0.0346,0.0246,TRANSLATE2
23.2727,44.0969,-13.9362,0.0384,51.7723,2.78,0.0033,50.2119,13.2981,0.0427,1.9e-05,-0.0022,0.0178,0.0306,TRANSLATE2
36.6681,39.7056,-4.0615,0.0426,54.1995,2.4272,0.0042,49.7886,8.8468,0.041,2e-06,-0.0063,0.0029,0.0344,TRANSLATE2
47.9501,37.6864,8.8789,0.0451,61.6305,7.431,0.0024,52.4155,29.6575,0.042,5e-06,-0.0094,-0.0096,0.035,TRANSLATE2
54.757,39.1428,18.8156,0.0446,69.8893,8.2589,0.0005,57.2968,57.286,0.0425,6e-06,-0.0118,-0.0197,0.0325,TRANSLATE2
55.865,46.6487,27.8463,0.045,77.9256,8.0363,0.0004,63.0834,95.1178,0.0431,6e-06,-0.0139,-0.0269,0.0294,TRANSLATE2
61.6795,61.2877,36.3426,0.0421,94.2408,16.3151,0.0029,71.5771,191.5423,0.0439,2e-06,-0.0153,-0.0307,0.027,TRANSLATE2
82.203,69.3114,47.9116,0.0319,117.7154,23.4746,0.0102,84.2803,395.5229,0.0417,2.5e-05,-0.0158,-0.0297,0.0245,TRANSLATE2
109.2311,75.0554,60.7637,0.0164,145.7977,28.0823,0.0155,101.1138,766.4319,0.036,0.000119,-0.015,-0.0242,0.0212,TRANSLATE2
130.4443,75.5068,68.2078,0.0227,165.4367,19.639,0.0063,120.2232,1033.754,0.0316,0.00012,-0.0127,-0.0132,0.017,TRANSLATE2
141.3617,74.5148,57.0163,0.0456,169.6656,4.229,0.0228,138.5712,828.1981,0.0317,0.000123,-0.0084,0.0024,0.0116,TRANSLATE2
143.8456,70.5212,41.0411,0.0558,165.3759,4.2898,0.0102,152.7982,376.4497,0.0345,0.00021,-0.0031,0.0193,0.005,TRANSLATE2
148.2577,73.5795,30.736,0.0503,168.3419,2.966,0.0054,162.9236,76.0879,0.0382,0.000245,0.0028,0.0324,-0.0022,TRANSLATE2
174.1405,87.8886,34.7451,0.044,198.1327,29.7908,0.0064,173.3905,155.8072,0.0437,0.000127,0.0087,0.039,-0.0101,TRANSLATE2
215.0343,106.789,62.6179,0.0594,248.1223,49.9896,0.0155,189.9277,986.6437,0.051,3.5e-05,0.0149,0.0381,-0.021,TRANSLATE2
256.9306,118.4531,89.4381,0.0894,296.7215,48.5992,0.03,215.3388,2539.7896,0.0598,0.000247,0.0216,0.0344,-0.0361,TRANSLATE2
281.7695,119.5062,95.438,0.1238,320.5997,23.8783,0.0344,246.3836,3292.7234,0.0734,0.000878,0.0291,0.0342,-0.0543,TRANSLATE2
285.7125,110.755,78.491,0.1502,316.3212,4.2785,0.0263,275.9794,2176.9602,0.0934,0.001552,0.0367,0.0397,-0.0752,TRANSLATE2
274.97,103.0915,43.0272,0.1637,296.7957,19.5255,0.0135,295.7121,662.2231,0.1173,0.00148,0.0437,0.0503,-0.0959,TRANSLATE2
243.9885,110.0701,-1.2095,0.1631,267.67,29.1256,0.0006,299.6216,351.2514,0.138,0.0008,0.0496,0.0632,-0.1118,TRANSLATE2
203.072,142.3217,-50.1426,0.1525,252.998,14.672,0.0106,290.8769,707.8518,0.1507,0.00021,0.0536,0.0731,-0.1202,TRANSLATE2
166.7701,176.448,-100.1391,0.1447,262.629,9.631,0.0079,279.2828,556.3276,0.1548,5.5e-05,0.0551,0.0749,-0.1237,TRANSLATE2
152.6849,214.2334,-143.6706,0.139,299.7497,37.1206,0.0057,275.9685,354.7529,0.1526,9.6e-05,0.0544,0.0691,-0.1241,TRANSLATE2
161.0448,219.718,-171.6053,0.1521,321.9624,22.2127,0.0131,281.0018,665.7515,0.1503,6.6e-05,0.0524,0.0554,-0.1268,TRANSLATE2
168.4702,172.9306,-175.7436,0.195,298.6185,23.3439,0.0429,287.1915,653.9613,0.1566,0.000393,0.0499,0.0335,-0.1386,TRANSLATE2
176.6355,58.4101,-159.6886,0.2168,245.1781,53.4404,0.0218,285.6275,770.701,0.1695,0.000948,0.0468,0.0066,-0.1557,TRANSLATE2
178.1741,-55.6719,-137.2853,0.1877,231.7166,13.4615,0.0291,279.4451,1207.9688,0.1781,0.000817,0.042,-0.0217,-0.1654,TRANSLATE2
164.0955,-132.3531,-109.5532,0.1435,237.5849,5.8683,0.0442,267.0121,1321.3894,0.179,0.00075,0.0349,-0.0512,-0.1606,TRANSLATE2
132.8233,-148.8013,-68.4488,0.144,210.8769,26.708,0.0005,244.795,854.1159,0.1774,0.000847,0.0254,-0.08,-0.1435,TRANSLATE2
98.0274,-153.2441,-7.7622,0.1433,182.0807,28.7962,0.0007,221.4875,518.0975,0.1671,0.00091,0.0153,-0.1015,-0.1154,TRANSLATE2
86.8188,-179.0609,49.7027,0.1173,205.1114,23.0307,0.026,213.4741,395.2695,0.1472,0.000515,0.0064,-0.1115,-0.0834,TRANSLATE2
82.5675,-230.2238,68.2809,0.0823,253.9344,48.823,0.035,217.9177,636.3729,0.1261,0.000582,0.0002,-0.1116,-0.0543,TRANSLATE2
66.7415,-251.7259,72.7435,0.0798,270.3923,16.4579,0.0025,224.4792,1066.6766,0.1133,0.000788,-0.0021,-0.1058,-0.0289,TRANSLATE2
46.8338,-228.1214,91.5917,0.1223,250.2435,20.1488,0.0425,232.3524,1100.444,0.109,0.000597,-0.0014,-0.1003,-0.0043,TRANSLATE2
43.9358,-200.5127,137.7983,0.1294,247.2329,3.0106,0.0072,245.3829,469.4877,0.1062,0.000438,0.0013,-0.0956,0.0182,TRANSLATE2
54.9924,-221.3914,178.4699,0.1018,289.6374,42.4046,0.0277,262.2881,251.0362,0.1031,0.000408,0.0045,-0.09,0.0394,TRANSLATE2
75.3127,-246.3038,185.9728,0.1069,317.6845,28.0471,0.0051,275.0381,688.2684,0.108,0.0003,0.0088,-0.082,0.0631,TRANSLATE2
79.9314,-238.8461,174.4782,0.1446,306.3971,11.2874,0.0377,282.2391,828.7748,0.121,0.00024,0.0124,-0.0722,0.0856,TRANSLATE2
63.7076,-205.2894,157.3107,0.1673,266.3626,40.0344,0.0228,285.4629,664.0504,0.13,0.000588,0.015,-0.057,0.1057,TRANSLATE2
41.9036,-176.3659,136.3298,0.1667,226.8186,39.5441,0.0007,281.3801,1042.9048,0.1374,0.000802,0.016,-0.0409,0.1253,TRANSLATE2
15.4229,-163.874,107.1389,0.1583,196.3957,30.4229,0.0084,262.7317,2125.9741,0.1488,0.000506,0.0149,-0.0293,0.1444,TRANSLATE2
-4.5586,-157.0523,68.8205,0.1619,171.5298,24.8659,0.0036,233.5008,2331.1223,0.1598,6.9e-05,0.0098,-0.0225,0.1574,TRANSLATE2
-17.55,-142.3012,21.6407,0.169,145.0033,26.5265,0.0071,201.222,1792.7894,0.1646,1.6e-05,0.002,-0.0172,0.1628,TRANSLATE2
-34.6119,-118.7504,-28.6843,0.1744,126.9741,18.0292,0.0054,173.3443,1269.5133,0.166,3.1e-05,-0.0083,-0.0141,0.1639,TRANSLATE2
-44.4614,-78.319,-60.4193,0.1821,108.449,18.5251,0.0077,149.6704,979.4399,0.1691,7.3e-05,-0.0208,-0.0166,0.165,TRANSLATE2
-35.2535,-25.8365,-59.9604,0.1854,74.1996,34.2493,0.0034,125.2312,1084.6797,0.1745,7.3e-05,-0.0339,-0.029,0.1647,TRANSLATE2
-14.409,30.4746,-28.0121,0.1693,43.8292,30.3704,0.0162,99.691,1328.9255,0.176,4.5e-05,-0.043,-0.0494,0.1566,TRANSLATE2
12.2165,70.714,15.9091,0.13,73.5039,29.6747,0.0392,85.3911,850.9515,0.1682,0.000397,-0.0464,-0.0695,0.138,TRANSLATE2
28.992,73.4025,40.696,0.0843,88.7954,15.2915,0.0457,77.7554,449.1367,0.1502,0.001474,-0.0441,-0.0818,0.1101,TRANSLATE2
27.2123,67.5251,42.9349,0.0547,84.5196,4.2758,0.0296,72.9695,246.9641,0.1247,0.002446,-0.0371,-0.0835,0.0771,TRANSLATE2
17.148,63.9857,36.6417,0.0453,75.7023,8.8173,0.0094,73.2701,248.0647,0.0967,0.002186,-0.0273,-0.0754,0.0442,TRANSLATE2
10.4153,62.1729,35.6884,0.0487,72.4404,3.2619,0.0034,78.9923,42.1052,0.0726,0.001013,-0.0173,-0.0624,0.0152,TRANSLATE2
3.6135,55.2821,42.3007,0.0494,69.7031,2.7373,0.0007,78.2322,52.7608,0.0565,0.000202,-0.0085,-0.0497,-0.0063,TRANSLATE2
-2.4967,50.5507,48.003,0.045,69.756,0.0529,0.0044,74.4243,30.3134,0.0486,1.2e-05,-0.0007,-0.0396,-0.0195,TRANSLATE2
-10.138,50.7343,42.6681,0.0428,67.062,2.694,0.0022,70.9328,8.5802,0.0462,6e-06,0.0056,-0.0299,-0.0284,TRANSLATE2
-22.7479,51.0343,24.8657,0.0502,61.1578,5.9042,0.0074,68.0238,14.6788,0.0472,8e-06,0.011,-0.019,-0.0355,TRANSLATE2
-34.2514,50.2025,4.2894,0.0539,60.9249,0.2328,0.0037,65.7207,15.5523,0.0483,1.5e-05,0.0149,-0.0083,-0.0406,TRANSLATE2
-42.8387,48.4651,-9.8434,0.0537,65.4287,4.5037,0.0002,64.8659,11.6668,0.0491,2e-05,0.0172,0.0003,-0.0439,TRANSLATE2
-48.3553,47.2408,-14.4935,0.0506,69.1375,3.7088,0.0031,64.7422,10.5182,0.0503,1.6e-05,0.0183,0.0057,-0.0462,TRANSLATE2
-44.3467,46.9302,-13.5448,0.0489,65.9737,3.1637,0.0017,64.5245,9.6979,0.0515,4e-06,0.0184,0.0073,-0.0474,TRANSLATE2
-41.9305,41.441,-16.1921,0.0459,61.1368,4.8369,0.003,64.5203,9.7262,0.0506,9e-06,0.0169,0.0079,-0.0468,TRANSLATE2
-44.2507,38.9309,-25.3818,0.0387,64.1714,3.0346,0.0072,65.1696,6.7435,0.0476,2.6e-05,0.0141,0.0103,-0.0432,TRANSLATE2
-51.563,38.6791,-40.6429,0.034,76.2015,12.0301,0.0047,67.3242,26.4284,0.0436,4e-05,0.0098,0.0145,-0.037,TRANSLATE2
-66.7848,36.3339,-59.7831,0.0307,96.7181,20.5166,0.0033,72.8403,168.1431,0.0396,4.8e-05,0.0039,0.0194,-0.0286,TRANSLATE2
-86.4028,36.6765,-80.8921,0.031,123.9119,27.1938,0.0003,84.4279,546.1009,0.036,3.3e-05,-0.0035,0.0225,-0.0171,TRANSLATE2
-109.9473,39.3725,-95.9668,0.0432,151.1563,27.2444,0.0122,102.4318,1004.0,0.0355,2.3e-05,-0.0119,0.0212,-0.0027,TRANSLATE2
-134.9953,41.5261,-104.4953,0.0511,175.6913,24.535,0.0079,124.7358,1287.1508,0.038,6.3e-05,-0.02,0.0147,0.0107,TRANSLATE2
-152.2962,27.7396,-104.7932,0.0625,186.9365,11.2452,0.0114,146.8828,1099.3303,0.0437,0.000148,-0.0273,0.0042,0.0229,TRANSLATE2
-164.3995,4.3105,-102.1533,0.0759,193.6003,6.6638,0.0135,166.2592,657.0884,0.0527,0.00024,-0.0333,-0.0077,0.0349,TRANSLATE2
-180.1696,-37.1329,-107.357,0.0861,212.9917,19.3914,0.0102,184.0752,417.8044,0.0637,0.000246,-0.0382,-0.0175,0.0461,TRANSLATE2
-209.1763,-81.9251,-130.3075,0.0923,259.7046,46.7129,0.0062,205.7849,873.7258,0.0736,0.000229,-0.0403,-0.0224,0.0564,TRANSLATE2
-243.0661,-115.1463,-165.1147,0.1019,315.5989,55.8943,0.0096,233.7664,2321.4587,0.0837,0.000185,-0.0401,-0.0224,0.0682,TRANSLATE2
-264.1154,-127.3858,-203.9105,0.1074,357.1604,41.5616,0.0055,267.8112,3769.0203,0.0927,0.000125,-0.0374,-0.0209,0.0803,TRANSLATE2
-262.4892,-117.8149,-230.6597,0.1055,368.7612,11.6007,0.0018,302.8434,3478.4954,0.0986,6.6e-05,-0.0325,-0.0231,0.0884,TRANSLATE2
-257.0976,-117.3925,-232.8996,0.1134,366.2273,2.5339,0.0078,333.4905,1728.0898,0.1041,4.8e-05,-0.0266,-0.0331,0.0909,TRANSLATE2
-255.7906,-107.2172,-205.9072,0.1343,345.4303,20.797,0.021,350.6356,373.7755,0.1125,0.000133,-0.0209,-0.051,0.0909,TRANSLATE2
-224.4106,-80.5612,-156.0726,0.1463,284.9717,60.4586,0.0119,344.5102,953.089,0.1214,0.00026,-0.0167,-0.0728,0.0886,TRANSLATE2
-202.4035,-47.5146,-87.1612,0.1375,225.4371,59.5346,0.0087,318.1655,3062.7222,0.1274,0.000236,-0.0148,-0.0923,0.0829,TRANSLATE2
-166.6697,-14.9804,-24.9227,0.1107,169.1873,56.2498,0.0268,278.2508,5396.4531,0.1284,0.000196,-0.0144,-0.1024,0.0755,TRANSLATE2
-142.7326,8.5157,20.6587,0.0721,144.4711,24.7162,0.0386,233.8995,5460.8447,0.1202,0.000717,-0.0138,-0.0986,0.0671,TRANSLATE2
-133.9611,29.6125,50.5926,0.0462,146.2261,1.755,0.0259,194.0587,2923.0515,0.1026,0.00146,-0.0128,-0.0845,0.0565,TRANSLATE2
-129.3939,62.8275,77.1678,0.0344,163.2328,17.0067,0.0118,169.7109,867.2463,0.0802,0.001506,-0.0114,-0.0655,0.0445,TRANSLATE2
-116.2995,101.0308,101.4218,0.0114,184.4428,21.21,0.023,161.512,222.3487,0.055,0.001158,-0.0088,-0.044,0.0314,TRANSLATE2
-95.7365,127.5371,123.1124,0.0218,201.4643,17.0214,0.0103,167.9674,488.131,0.0372,0.000442,-0.0055,-0.0228,0.0162,TRANSLATE2
-71.5735,136.1859,141.4243,0.0532,208.9742,7.5099,0.0314,180.868,547.6006,0.0334,0.000235,-0.003,-0.0056,-0.0005,TRANSLATE2
-44.6276,119.1425,163.7551,0.0787,207.3699,1.6043,0.0255,193.0968,298.5156,0.0399,0.00057,-0.0001,0.0091,-0.02,TRANSLATE2
-32.2364,102.6984,181.1666,0.0924,210.7308,3.3609,0.0137,202.5964,92.093,0.0515,0.000981,0.0038,0.0247,-0.0396,TRANSLATE2
-25.3392,97.4462,187.6708,0.1125,212.9745,2.2437,0.0201,208.3027,15.1614,0.0717,0.000996,0.0084,0.0422,-0.0564,TRANSLATE2
-33.0526,96.4257,174.6022,0.1368,202.179,10.7956,0.0243,208.4457,13.2881,0.0947,0.000815,0.0125,0.0611,-0.0693,TRANSLATE2
-55.5077,104.4062,136.238,0.1472,180.3956,21.7834,0.0104,202.7299,137.9244,0.1135,0.000667,0.0167,0.0799,-0.0766,TRANSLATE2
-77.5343,124.5843,98.1529,0.1465,176.5413,3.8543,0.0007,196.5642,232.7719,0.1271,0.000458,0.0191,0.0954,-0.0806,TRANSLATE2
-74.4149,136.7643,68.1848,0.1456,169.9742,6.567,0.0009,188.4129,267.5951,0.1377,0.000173,0.0203,0.1044,-0.0868,TRANSLATE2
-68.4788,139.7334,63.951,0.1505,168.2394,1.7348,0.0049,179.4659,148.2854,0.1453,2.1e-05,0.023,0.1066,-0.0946,TRANSLATE2
-65.9081,120.6586,56.0202,0.1754,148.4608,19.7785,0.0249,168.7223,121.9458,0.153,0.000128,0.0264,0.1042,-0.1066,TRANSLATE2
-64.9577,102.6394,39.6505,0.1784,127.7752,20.6856,0.003,158.1982,319.2687,0.1593,0.000211,0.0302,0.104,-0.1154,TRANSLATE2
-66.4787,94.5146,19.6548,0.1677,117.2123,10.5629,0.0107,146.3324,447.1461,0.1635,0.000174,0.0329,0.1057,-0.1194,TRANSLATE2
-61.8392,101.7554,-3.9887,0.1611,119.1393,1.9269,0.0066,136.1654,379.8843,0.1666,0.000102,0.0345,0.1109,-0.118,TRANSLATE2
-53.8651,105.8106,-28.0253,0.1579,121.9949,2.8556,0.0033,126.9165,128.7549,0.1681,6.3e-05,0.0317,0.1162,-0.1157,TRANSLATE2
-62.2733,75.6454,-50.789,0.1505,110.3617,11.6332,0.0073,119.2967,32.6737,0.1631,8.9e-05,0.0265,0.1189,-0.1079,TRANSLATE2
-69.0155,55.4319,-68.4374,0.1162,111.8907,1.529,0.0344,116.1198,19.1736,0.1507,0.000329,0.0193,0.1137,-0.0965,TRANSLATE2
-66.0781,55.808,-69.6562,0.0771,111.0533,0.8374,0.0391,114.888,22.5514,0.1326,0.001025,0.0116,0.1024,-0.0823,TRANSLATE2
-60.3062,68.5339,-60.6343,0.0546,109.5913,1.462,0.0225,112.9784,20.901,0.1112,0.001624,0.0039,0.0871,-0.067,TRANSLATE2
-49.0637,76.899,-48.7169,0.0452,103.412,6.1794,0.0093,109.2618,9.1319,0.0887,0.001554,-0.0032,0.0714,-0.0497,TRANSLATE2
-44.7822,71.7005,-42.836,0.0442,94.7699,8.6421,0.001,106.1434,41.169,0.0675,0.000733,-0.0092,0.0563,-0.0336,TRANSLATE2
-55.2945,56.7916,-38.1969,0.0335,87.9874,6.7825,0.0107,101.3628,77.6365,0.0509,0.000216,-0.0142,0.0418,-0.0229,TRANSLATE2
-65.2919,40.8552,-27.045,0.0258,81.6309,6.3564,0.0077,95.4783,102.0974,0.0407,0.0001,-0.0181,0.0298,-0.0154,TRANSLATE2
-72.521,36.6623,-13.2704,0.0344,82.3378,0.7069,0.0086,90.0276,67.086,0.0366,5.3e-05,-0.0212,0.0203,-0.0068,TRANSLATE2
-60.8105,39.8736,1.8837,0.0418,72.7418,9.596,0.0073,83.8936,53.3908,0.0359,4.3e-05,-0.0235,0.012,0.003,TRANSLATE2
-48.3641,38.9864,17.2507,0.0396,64.4717,8.2701,0.0021,77.8339,68.4545,0.035,3.1e-05,-0.0241,0.0053,0.0142,TRANSLATE2
-41.1975,33.536,25.4256,0.0399,58.8927,5.579,0.0003,72.015,85.73,0.0363,3.3e-05,-0.0231,0.0019,0.0247,TRANSLATE2
-36.1111,29.9788,30.5717,0.0469,56.0122,2.8805,0.007,66.8913,92.202,0.0405,1.6e-05,-0.0207,0.0021,0.0336,TRANSLATE2
-30.867,34.9424,28.198,0.0516,54.4873,1.5249,0.0047,61.3212,44.2282,0.0439,2.1e-05,-0.0169,0.0046,0.0391,TRANSLATE2
-19.6092,38.7727,27.8146,0.0437,51.5897,2.8977,0.0079,57.0907,19.1858,0.0443,2e-05,-0.0122,0.0078,0.0409,TRANSLATE2
-9.3499,35.5338,27.4111,0.033,45.8414,5.7483,0.0106,53.3647,19.7158,0.043,4e-05,-0.0077,0.0104,0.0402,TRANSLATE2
-0.3893,29.1083,28.9226,0.0284,41.0361,4.8053,0.0046,49.7933,31.2484,0.0407,7.5e-05,-0.0035,0.0124,0.038,TRANSLATE2
13.7761,28.946,31.0256,0.0266,44.6121,3.576,0.0018,47.5133,23.6842,0.0367,9.1e-05,0.0002,0.014,0.0332,TRANSLATE2
25.5927,26.938,31.408,0.0254,48.6529,4.0408,0.0012,46.3464,12.8549,0.0314,4.4e-05,0.0033,0.0156,0.0254,TRANSLATE2
34.4148,21.1098,29.3201,0.0289,49.8966,1.2437,0.0034,46.0078,9.7627,0.0285,7e-06,0.0057,0.0183,0.0177,TRANSLATE2
47.7912,18.2441,29.903,0.0351,59.254,9.3574,0.0062,48.6903,37.6535,0.0289,1.1e-05,0.0075,0.0223,0.0108,TRANSLATE2
62.7174,16.3297,27.613,0.0518,70.4457,11.1917,0.0168,54.5723,85.9983,0.0336,9.4e-05,0.0091,0.0291,0.0024,TRANSLATE2
80.252,9.97,19.8217,0.0753,83.2627,12.817,0.0235,62.3024,171.0308,0.0433,0.000338,0.011,0.0384,-0.0097,TRANSLATE2
99.1985,-8.3303,10.1855,0.0963,100.0674,16.8046,0.0211,72.5853,313.2697,0.0575,0.000636,0.0131,0.049,-0.0232,TRANSLATE2
117.1744,-25.8423,-1.8735,0.108,120.0049,19.9376,0.0117,86.6069,463.4319,0.0733,0.000733,0.015,0.0605,-0.0366,TRANSLATE2
129.8395,-40.5676,-19.5801,0.1188,137.4315,17.4266,0.0108,102.2425,585.9532,0.0901,0.000574,0.0164,0.0735,-0.0487,TRANSLATE2
138.5029,-43.5729,-47.5984,0.1238,152.7981,15.3666,0.005,118.7129,623.645,0.1045,0.000302,0.0166,0.0856,-0.0571,TRANSLATE2
147.5836,-38.277,-78.9194,0.1156,171.6808,18.8827,0.0082,136.3965,620.7113,0.1125,9.1e-05,0.0144,0.0933,-0.0605,TRANSLATE2
174.3825,-24.5341,-109.5199,0.102,207.3783,35.6975,0.0136,157.8587,903.8069,0.1136,6e-05,0.0097,0.0959,-0.0592,TRANSLATE2
223.2779,9.2977,-135.1378,0.0798,261.1545,53.7761,0.0222,186.0887,1954.2992,0.108,0.000251,0.0023,0.0918,-0.0551,TRANSLATE2
281.0192,54.8225,-145.5134,0.0642,321.1719,60.0175,0.0156,222.8367,3779.873,0.0971,0.000492,-0.0074,0.0802,-0.05,TRANSLATE2
327.2122,113.833,-144.8076,0.0572,375.493,54.3211,0.007,267.3757,5475.8584,0.0838,0.00049,-0.0177,0.0639,-0.0449,TRANSLATE2
364.1667,187.1039,-142.1835,0.0543,433.4067,57.9137,0.0029,319.7209,6417.5967,0.0715,0.000311,-0.0267,0.0488,-0.0387,TRANSLATE2
393.7302,252.08,-149.1875,0.0438,490.739,57.3322,0.0105,376.393,6531.1309,0.0598,0.000143,-0.0324,0.0349,-0.0324,TRANSLATE2
417.3811,304.0609,-149.9187,0.0397,537.7133,46.9744,0.004,431.7048,6020.6021,0.0518,8e-05,-0.0347,0.0216,-0.029,TRANSLATE2
436.3018,345.6456,-134.5444,0.087,572.6537,34.9404,0.0473,482.0012,5020.6963,0.0564,0.000276,-0.0332,0.0047,-0.0353,TRANSLATE2
451.4383,378.9134,-98.6324,0.1687,597.5786,24.9249,0.0817,526.4183,3450.6499,0.0787,0.0023,-0.0295,-0.018,-0.0573,TRANSLATE2
463.5475,343.6713,-39.3934,0.2556,578.3927,19.1859,0.0869,555.4155,1419.8521,0.119,0.006818,-0.0244,-0.0479,-0.0966,TRANSLATE2
473.2349,242.8933,36.004,0.2546,533.1461,45.2466,0.001,563.8969,610.4926,0.1611,0.007589,-0.0197,-0.0775,-0.1365,TRANSLATE2
480.9848,165.5115,96.6907,0.2062,517.7737,15.3724,0.0484,559.909,882.9432,0.1944,0.003941,-0.0163,-0.095,-0.1682,TRANSLATE2
476.1066,108.3905,107.8182,0.1743,500.0508,17.7229,0.0318,545.3884,1356.2104,0.2119,0.001409,-0.0123,-0.097,-0.1871,TRANSLATE2
428.2259,59.0999,76.9639,0.1735,439.0828,60.968,0.0008,513.6892,2066.7837,0.2129,0.001328,-0.0072,-0.0908,-0.1913,TRANSLATE2
316.2901,-12.7013,46.7743,0.1873,319.9822,119.1006,0.0138,462.0071,6062.915,0.1992,0.000907,-0.0015,-0.0858,-0.1784,TRANSLATE2
191.5258,-64.2298,38.1788,0.213,205.5851,114.3971,0.0256,396.4949,13909.3643,0.1909,0.000262,0.0048,-0.0952,-0.1582,TRANSLATE2
63.7738,-92.4339,74.1274,0.2394,134.5585,71.0266,0.0265,319.8519,18815.6367,0.1975,0.000642,0.0109,-0.1223,-0.1368,TRANSLATE2
-31.9278,-102.8033,125.5832,0.2324,165.4057,30.8472,0.007,252.9229,12612.541,0.2091,0.000644,0.0163,-0.1567,-0.1132,TRANSLATE2
-82.0235,-117.3177,169.6822,0.1859,221.9985,56.5928,0.0466,209.506,3987.6782,0.2116,0.000492,0.0206,-0.1817,-0.0867,TRANSLATE2
-117.7532,-138.9416,174.152,0.1298,251.9911,29.9926,0.0561,195.9078,1722.7646,0.2001,0.00158,0.0244,-0.1867,-0.0585,TRANSLATE2
-165.9307,-169.7846,150.0247,0.1064,280.833,28.8419,0.0234,210.9574,2920.0044,0.1788,0.002849,0.0258,-0.1719,-0.0324,TRANSLATE2
-217.9664,-184.962,118.9635,0.1176,309.6331,28.8,0.0112,245.9723,2473.9812,0.1544,0.002268,0.026,-0.1474,-0.0062,TRANSLATE2
-276.7732,-180.0321,98.5052,0.1463,344.5551,34.9221,0.0286,281.8022,1835.722,0.1372,0.000768,0.0232,-0.1256,0.0208,TRANSLATE2
-298.6342,-163.532,102.7729,0.1654,355.6506,11.0955,0.0191,308.5326,1496.6289,0.1331,0.000435,0.0174,-0.1132,0.0501,TRANSLATE2
-271.0198,-138.4724,121.0683,0.1465,327.5422,28.1084,0.0189,323.6428,701.1953,0.1364,0.000458,0.0101,-0.105,0.0775,TRANSLATE2
-225.6877,-134.8654,126.8734,0.1047,291.9255,35.6167,0.0418,325.8613,530.9354,0.1361,0.000479,0.0038,-0.0911,0.0949,TRANSLATE2
-204.4596,-151.1986,91.6831,0.1014,270.3156,21.6099,0.0033,317.9978,1033.4944,0.1328,0.000642,-0.0027,-0.0687,0.1043,TRANSLATE2
-209.1677,-137.987,41.1309,0.1233,253.9356,16.38,0.022,299.8739,1384.7542,0.1282,0.000603,-0.0096,-0.0411,0.1107,TRANSLATE2
-226.6248,-103.7646,-0.2891,0.1264,249.2508,4.6848,0.003,278.594,822.2498,0.1204,0.000267,-0.016,-0.0177,0.1121,TRANSLATE2
-222.0811,-65.9492,-10.3937,0.1187,231.8994,17.3514,0.0077,259.4654,413.2378,0.1149,0.000101,-0.0217,-0.0061,0.1103,TRANSLATE2
-195.1992,-34.2,4.9381,0.0923,198.2341,33.6653,0.0264,240.7271,601.2359,0.1124,0.000176,-0.0259,-0.0048,0.1074,TRANSLATE2
-164.1969,-17.035,15.1443,0.0666,165.7714,32.4627,0.0257,219.8183,1112.6316,0.1055,0.000523,-0.0273,-0.0084,0.1,TRANSLATE2
-144.0169,-3.028,9.6435,0.0502,144.3712,21.4002,0.0164,197.9054,1538.1113,0.0908,0.000856,-0.0256,-0.0105,0.0854,TRANSLATE2
-133.7729,12.6714,-4.4039,0.0367,134.4438,9.9273,0.0135,174.944,1289.0885,0.0729,0.000869,-0.0212,-0.0068,0.0672,TRANSLATE2
-125.4058,25.1402,-13.4138,0.0236,128.6024,5.8414,0.0131,154.2846,643.0025,0.0539,0.000574,-0.0154,0.0017,0.0481,TRANSLATE2
-115.7497,33.909,-15.8029,0.0215,121.6451,6.9573,0.0021,138.9668,235.1223,0.0397,0.000287,-0.0098,0.011,0.0321,TRANSLATE2
-99.7404,40.6866,-15.7611,0.0305,108.8667,12.7785,0.009,127.5859,143.1026,0.0325,0.000107,-0.004,0.0184,0.0174,TRANSLATE2
-77.4298,40.1274,-15.5026,0.0456,88.5772,20.2895,0.0151,116.427,266.5698,0.0316,7.8e-05,0.0024,0.0229,0.0027,TRANSLATE2
-61.2376,32.4488,-19.0677,0.0575,71.8787,16.6985,0.012,103.914,441.9843,0.0357,0.00019,0.0083,0.0282,-0.0103,TRANSLATE2
-51.9401,27.8778,-35.6448,0.0659,68.8875,2.9911,0.0084,91.971,422.8168,0.0442,0.000271,0.0128,0.0351,-0.0207,TRANSLATE2
-52.3552,25.5272,-58.1815,0.0694,82.3273,13.4398,0.0034,84.1075,203.4709,0.0538,0.000203,0.0161,0.0419,-0.0292,TRANSLATE2
-54.8248,20.3374,-79.1014,0.0659,98.3687,16.0414,0.0034,82.0079,117.1355,0.0609,7.4e-05,0.0179,0.046,-0.0355,TRANSLATE2
-58.8723,7.7231,-92.4218,0.0539,109.8516,11.4829,0.012,86.2628,245.4552,0.0625,3.4e-05,0.0173,0.0466,-0.0376,TRANSLATE2
-60.551,-2.1591,-92.3374,0.0366,110.4413,0.5897,0.0173,93.9753,261.5119,0.0583,0.000146,0.0143,0.0428,-0.0364,TRANSLATE2
-58.3814,-10.6679,-84.5887,0.0227,103.3317,7.1096,0.0139,100.8641,105.6853,0.0497,0.000313,0.0094,0.036,-0.0318,TRANSLATE2
-56.8957,-17.453,-74.9334,0.0249,95.6909,7.6407,0.0022,103.5368,35.1716,0.0408,0.00028,0.0025,0.029,-0.0243,TRANSLATE2
-62.7822,-27.4687,-69.5468,0.0376,97.6365,1.9456,0.0127,103.3904,36.771,0.0352,0.000124,-0.006,0.0244,-0.0133,TRANSLATE2
-78.3383,-37.75,-75.9468,0.0528,115.455,17.8185,0.0152,104.5111,56.2765,0.0349,0.000116,-0.015,0.023,0.0001,TRANSLATE2
-105.3956,-43.8687,-85.2574,0.0617,142.4834,27.0284,0.0089,110.9195,296.5549,0.04,0.000233,-0.0233,0.0238,0.0137,TRANSLATE2
-130.529,-61.4106,-95.8309,0.0567,173.1839,30.7004,0.005,124.8899,865.2365,0.0468,0.000184,-0.0304,0.0237,0.0234,TRANSLATE2
-163.7701,-99.1691,-102.6616,0.0465,217.2431,44.0592,0.0102,149.2004,1809.5432,0.0511,7e-05,-0.0353,0.0211,0.0282,TRANSLATE2
-185.5223,-160.0384,-108.2387,0.044,267.8553,50.6122,0.0025,183.2441,2934.5962,0.0524,4.2e-05,-0.038,0.0147,0.0296,TRANSLATE2
-185.3022,-227.0526,-106.3253,0.057,311.7609,43.9057,0.013,222.5053,3777.396,0.0532,4.6e-05,-0.0389,0.005,0.0315,TRANSLATE2
-163.2386,-272.6765,-103.0165,0.0839,334.0834,22.3224,0.0269,260.8253,3518.2078,0.0576,0.0002,-0.0384,-0.0059,0.0376,TRANSLATE2
-158.7316,-281.1568,-103.6101,0.1131,339.0869,5.0035,0.0293,294.0059,2106.0249,0.0689,0.000688,-0.0369,-0.0161,0.0511,TRANSLATE2
-160.8009,-255.6192,-104.2256,0.1419,319.47,19.6169,0.0288,314.4513,639.1891,0.088,0.001289,-0.0354,-0.0261,0.0727,TRANSLATE2
-144.7845,-194.1297,-92.5773,0.1555,259.2672,60.2028,0.0136,312.7337,811.0586,0.1103,0.001316,-0.034,-0.0369,0.0966,TRANSLATE2
-126.2463,-133.9163,-65.4056,0.1426,195.3192,63.9479,0.0128,289.4453,3025.7524,0.1274,0.000665,-0.032,-0.0483,0.1123,TRANSLATE2
-114.3252,-103.7862,-27.4307,0.1214,156.8256,38.4937,0.0212,253.9937,4888.0278,0.1349,0.000237,-0.0289,-0.0598,0.1151,TRANSLATE2
-128.1976,-102.582,22.246,0.1028,165.6883,8.8627,0.0187,219.314,3796.7495,0.1328,0.000345,-0.0242,-0.0693,0.107,TRANSLATE2
-142.3425,-99.5063,57.6187,0.0883,182.983,17.2948,0.0144,192.0166,1309.3479,0.1221,0.00061,-0.0178,-0.0731,0.0932,TRANSLATE2
-163.5959,-68.6894,74.5418,0.0826,192.4534,9.4704,0.0057,178.6539,226.2971,0.1076,0.000487,-0.0119,-0.0696,0.0794,TRANSLATE2
-177.8236,-17.5921,76.121,0.0831,194.2295,1.7761,0.0005,178.436,219.2231,0.0956,0.000219,-0.0078,-0.0623,0.0705,TRANSLATE2
-189.562,50.1075,80.0468,0.0813,211.7829,17.5534,0.0018,189.4274,227.4124,0.0876,6.3e-05,-0.006,-0.0548,0.0666,TRANSLATE2
-180.6058,117.236,103.4905,0.0675,238.8997,27.1168,0.0137,204.0697,389.8069,0.0806,4.8e-05,-0.0056,-0.0491,0.0624,TRANSLATE2
-167.0847,163.8638,126.5487,0.0366,266.0511,27.1515,0.031,220.6833,793.2046,0.0702,0.000316,-0.0053,-0.0437,0.0518,TRANSLATE2
-155.5834,183.9223,130.9983,0.0185,274.2155,8.1644,0.0181,237.0357,939.5565,0.0574,0.000657,-0.0038,-0.0355,0.0342,TRANSLATE2
-171.9011,195.7847,117.6643,0.0323,285.8785,11.663,0.0138,255.3655,714.2233,0.0472,0.000547,-0.0014,-0.0235,0.0147,TRANSLATE2
-190.6427,224.2715,97.1502,0.0349,309.9686,24.0901,0.0026,275.0027,545.0151,0.0379,0.00026,0.0017,-0.009,-0.0031,TRANSLATE2
-182.1017,243.5891,87.5045,0.0505,316.4707,6.5021,0.0156,290.5169,387.5586,0.0345,0.000104,0.0049,0.0055,-0.0205,TRANSLATE2
-181.9126,239.065,91.3286,0.0681,313.9828,2.4879,0.0177,300.1032,286.076,0.0408,0.00029,0.0075,0.0152,-0.0354,TRANSLATE2
-178.7551,219.4708,104.8629,0.0725,301.856,12.1268,0.0044,305.6313,122.0958,0.0517,0.000273,0.01,0.0193,-0.0455,TRANSLATE2
-163.6384,202.2798,115.8184,0.0718,284.7957,17.0603,0.0007,305.4148,130.8392,0.0596,0.000217,0.013,0.0204,-0.0533,TRANSLATE2
-163.5295,185.8145,124.7204,0.0751,277.1716,7.6241,0.0033,298.8554,243.2014,0.0676,7.9e-05,0.0156,0.0227,-0.0612,TRANSLATE2
-168.8392,177.0266,122.0013,0.0855,273.3668,3.8048,0.0104,290.2346,236.7565,0.0746,3.5e-05,0.0173,0.0299,-0.0645,TRANSLATE2
-169.1401,171.9244,107.0573,0.0995,263.8705,9.4963,0.0139,280.2121,162.5235,0.0809,0.00011,0.0186,0.0407,-0.0656,TRANSLATE2
-165.9121,162.8864,92.8302,0.1119,250.3523,13.5182,0.0124,269.9114,141.0485,0.0888,0.000227,0.0197,0.0508,-0.069,TRANSLATE2
-156.8985,138.3997,82.986,0.1212,225.074,25.2783,0.0093,257.967,356.1511,0.0986,0.000282,0.0207,0.0593,-0.0756,TRANSLATE2
-141.4469,110.5917,74.7295,0.1175,194.4794,30.5946,0.0037,241.4286,815.0041,0.1071,0.000171,0.0209,0.0653,-0.082,TRANSLATE2
-148.2325,91.7546,63.6586,0.1105,185.5915,8.8879,0.007,223.8735,926.371,0.1121,5.5e-05,0.0154,0.068,-0.0867,TRANSLATE2
-120.1173,65.5849,64.2175,0.1066,151.1735,34.418,0.0038,201.3341,1155.4534,0.1135,2.7e-05,0.0085,0.0716,-0.085,TRANSLATE2
-110.8938,53.6804,50.7677,0.112,133.2531,17.9204,0.0054,177.9143,1053.4138,0.1136,2.7e-05,0.0004,0.0775,-0.0783,TRANSLATE2
-112.6963,46.9381,30.6986,0.1118,125.8811,7.372,0.0003,158.0757,756.5285,0.1117,1.2e-05,-0.0081,0.0849,-0.0655,TRANSLATE2
-129.6508,47.4599,3.9714,0.1083,138.1215,12.2404,0.0035,146.8041,444.0685,0.1098,4e-06,-0.0155,0.0925,-0.0508,TRANSLATE2
-144.0675,50.4866,-25.4573,0.0965,154.7657,16.6442,0.0118,140.639,117.845,0.107,3.2e-05,-0.0164,0.0976,-0.0352,TRANSLATE2
-134.6603,56.6362,-40.0408,0.0762,151.4738,3.2919,0.0202,140.699,119.1249,0.101,0.000185,-0.0152,0.0958,-0.0222,TRANSLATE2
-103.4938,68.7965,-38.1952,0.0567,130.0108,21.463,0.0195,140.0506,130.4638,0.0899,0.00043,-0.0122,0.0874,-0.0115,TRANSLATE2
-67.4982,81.2809,-22.3155,0.0491,107.9841,22.0266,0.0076,136.4712,283.1479,0.0774,0.000509,-0.0065,0.0759,-0.0063,TRANSLATE2
-33.6954,82.0872,0.0507,0.061,88.7339,19.2503,0.0119,126.5937,640.808,0.0679,0.000282,0.0016,0.0652,-0.007,TRANSLATE2
-10.8626,62.7198,10.8093,0.0814,64.5648,24.1691,0.0204,108.5535,926.1434,0.0649,0.000146,0.0109,0.0584,-0.014,TRANSLATE2
-21.7526,31.2446,11.51,0.0884,39.7728,24.7919,0.007,86.2133,1004.7834,0.0673,0.000225,0.0205,0.0571,-0.0223,TRANSLATE2
-37.0833,7.5675,1.283,0.0793,37.8693,1.9035,0.0091,67.785,748.9651,0.0719,0.000211,0.0289,0.0588,-0.027,TRANSLATE2
-41.3917,-4.546,-7.5768,0.0589,42.3242,4.4549,0.0204,54.653,382.9716,0.0738,0.000138,0.0341,0.0586,-0.0254,TRANSLATE2
-40.3008,-13.0805,-5.4083,0.0421,42.7142,0.39,0.0168,45.4491,94.4652,0.07,0.000292,0.0356,0.0533,-0.0172,TRANSLATE2
-37.5469,-19.6925,-1.0547,0.0454,42.4108,0.3034,0.0034,41.0183,3.5976,0.0628,0.000335,0.0341,0.0437,-0.0016,TRANSLATE2
-36.0219,-24.3697,2.5,0.0549,43.5627,1.1518,0.0095,41.7763,4.0076,0.0561,0.000171,0.0302,0.031,0.0164,TRANSLATE2
-36.3331,-26.6957,3.6125,0.0643,45.2306,1.6679,0.0094,43.2485,1.1738,0.0531,6.9e-05,0.0254,0.0184,0.0331,TRANSLATE2
-38.5103,-26.9066,-0.6257,0.0737,46.9829,1.7523,0.0094,44.1803,2.9239,0.0561,0.000138,0.0205,0.0083,0.0475,TRANSLATE2
-37.8738,-20.5128,-3.3099,0.0828,43.199,3.7839,0.009,44.2772,2.6773,0.0642,0.000175,0.0163,-0.0003,0.0603,TRANSLATE2
-32.1772,-9.4415,3.0865,0.0883,33.6755,9.5235,0.0056,42.5302,21.4076,0.0728,0.000147,0.0126,-0.0095,0.0696,TRANSLATE2
-18.5886,2.0125,16.6629,0.0811,25.0448,8.6307,0.0072,38.8266,68.6257,0.078,6.9e-05,0.0098,-0.0184,0.0736,TRANSLATE2
-12.1334,7.46,31.871,0.0668,34.9089,9.8641,0.0143,36.7622,59.2315,0.0785,5.6e-05,0.008,-0.0261,0.0722,TRANSLATE2
-9.288,8.9273,43.5124,0.0504,45.3794,10.4706,0.0164,36.4415,53.0872,0.0739,0.000188,0.0073,-0.0312,0.0657,TRANSLATE2
-8.9366,11.1513,51.6974,0.0351,53.6362,8.2567,0.0153,38.5289,98.7282,0.0643,0.000383,0.0077,-0.0311,0.0553,TRANSLATE2
2.8569,16.8273,56.5736,0.0198,59.0922,5.456,0.0153,43.6123,152.7461,0.0506,0.000476,0.0094,-0.026,0.0411,TRANSLATE2
11.0668,13.5962,62.8088,0.0214,65.2095,6.1173,0.0016,51.6452,112.5555,0.0387,0.000319,0.0119,-0.0185,0.025,TRANSLATE2
19.3534,6.3363,73.9783,0.0348,76.73,11.5205,0.0134,60.0095,112.4233,0.0323,0.000123,0.0152,-0.0092,0.0091,TRANSLATE2
48.0078,5.9878,84.6452,0.0526,97.4957,20.7656,0.0178,70.4327,242.0146,0.0327,0.00014,0.0191,0.002,-0.0061,TRANSLATE2
78.3281,8.1621,92.0505,0.0824,121.1413,23.6456,0.0298,83.9337,517.5834,0.0422,0.000542,0.0234,0.0165,-0.0222,TRANSLATE2
97.5156,7.8547,88.4217,0.118,131.8688,10.7275,0.0356,98.4891,641.8596,0.0618,0.001206,0.0282,0.0358,-0.0378,TRANSLATE2
113.9312,8.5525,59.2311,0.1485,128.6926,3.1762,0.0305,111.1857,441.6011,0.0872,0.001735,0.0327,0.0596,-0.052,TRANSLATE2
127.8544,15.7108,19.2567,0.1594,130.2474,1.5548,0.0109,121.8891,162.2686,0.1122,0.001606,0.0363,0.0838,-0.0634,TRANSLATE2
142.2741,41.5967,-25.8259,0.1549,150.4632,20.2158,0.0045,132.4827,94.3332,0.1326,0.000841,0.0391,0.1045,-0.0707,TRANSLATE2
151.8599,84.0461,-70.1419,0.1394,187.2033,36.7401,0.0155,145.6951,492.9098,0.1441,0.000215,0.0395,0.1173,-0.0733,TRANSLATE2
157.1223,132.415,-99.6479,0.116,228.3656,41.1623,0.0235,164.9944,1449.0958,0.1437,0.000237,0.0372,0.1187,-0.0717,TRANSLATE2
164.6916,186.6289,-113.0871,0.0907,273.3905,45.0249,0.0252,193.934,2697.9734,0.1321,0.000658,0.0329,0.1107,-0.064,TRANSLATE2
177.4908,251.7,-121.9322,0.07,331.2451,57.8546,0.0207,234.1335,4041.6411,0.1142,0.00096,0.028,0.0975,-0.0519,TRANSLATE2
200.7207,303.7569,-120.002,0.0446,383.3504,52.1053,0.0254,280.711,4925.1729,0.0922,0.001111,0.0218,0.0796,-0.0404,TRANSLATE2
234.0485,345.4024,-101.1204,0.052,429.3097,45.9593,0.0074,329.1323,5248.1304,0.0747,0.000681,0.017,0.0589,-0.0371,TRANSLATE2
221.9044,321.3126,-95.4713,0.117,401.9926,27.3171,0.0651,363.8577,3073.2205,0.0749,0.000699,0.0126,0.0388,-0.0486,TRANSLATE2
172.2516,236.175,-109.6958,0.1184,312.2218,89.7708,0.0014,371.624,1909.2963,0.0804,0.000997,0.0097,0.0195,-0.0635,TRANSLATE2
133.1326,161.3838,-123.2035,0.0986,242.7923,69.4295,0.0199,353.9334,4589.7676,0.0861,0.001009,0.0064,-0.0063,-0.0743,TRANSLATE2
141.4686,131.3133,-79.3909,0.1118,208.709,34.0833,0.0133,319.0051,7414.7344,0.0996,0.000616,0.0033,-0.0359,-0.0777,TRANSLATE2
215.5717,90.1819,-13.1971,0.126,234.0472,25.3382,0.0142,279.9526,4899.7832,0.1144,8.3e-05,0.0016,-0.0627,-0.0765,TRANSLATE2
274.8542,-16.3732,42.1861,0.1014,278.5545,44.5072,0.0247,255.265,1311.9399,0.1113,0.000106,0.0018,-0.0794,-0.0631,TRANSLATE2
302.1928,-115.4986,45.9551,0.0533,326.7603,48.2058,0.0481,258.1727,1676.9841,0.0982,0.000598,0.0002,-0.0862,-0.0409,TRANSLATE2
277.498,-194.7989,7.8735,0.0994,339.1367,12.3765,0.0461,277.4415,2569.4204,0.0984,0.000598,-0.003,-0.0847,-0.0099,TRANSLATE2
213.5015,-195.6204,-11.92,0.1721,289.8143,49.3225,0.0727,293.6626,1392.0822,0.1104,0.001503,-0.0083,-0.0824,0.0244,TRANSLATE2
189.3731,-172.8213,-2.4766,0.2051,256.3893,33.4249,0.033,298.131,939.176,0.1263,0.002998,-0.0171,-0.0839,0.0641,TRANSLATE2
188.1703,-166.7727,29.65,0.2031,253.1804,3.2089,0.0021,293.0562,1240.8856,0.1466,0.003641,-0.0271,-0.0919,0.1042,TRANSLATE2
178.93,-187.8744,53.845,0.1882,264.9755,11.7951,0.0149,280.6993,1018.7038,0.1736,0.001517,-0.0365,-0.1031,0.1345,TRANSLATE2
149.8909,-195.6589,49.451,0.1971,251.3863,13.5892,0.0089,263.1492,199.5598,0.1931,0.000145,-0.045,-0.1096,0.1516,TRANSLATE2
83.8408,-169.6396,30.7389,0.2164,191.7075,59.6788,0.0193,243.5278,693.1393,0.202,8.7e-05,-0.0526,-0.1077,0.1609,TRANSLATE2
28.6321,-120.3898,24.4255,0.2224,126.1353,65.5722,0.0059,217.477,2737.6123,0.2054,0.000156,-0.0586,-0.1023,0.1668,TRANSLATE2
-10.3256,-74.9931,31.806,0.198,82.111,44.0243,0.0243,183.2631,4976.8691,0.2044,0.000165,-0.0626,-0.0975,0.1677,TRANSLATE2
-29.5167,-55.8726,50.3854,0.1655,80.8188,1.2921,0.0325,146.4318,4383.9053,0.1999,0.000394,-0.0636,-0.0956,0.1628,TRANSLATE2
-33.2196,-48.5418,62.474,0.1291,85.8071,4.9883,0.0364,113.3159,1819.225,0.1863,0.00121,-0.0597,-0.0948,0.1474,TRANSLATE2
-39.982,-48.6022,66.9667,0.1075,91.8982,6.0911,0.0216,93.3541,283.445,0.1645,0.001795,-0.0519,-0.0925,0.1244,TRANSLATE2
-47.8231,-39.0568,70.0327,0.0949,93.3652,1.467,0.0126,86.8,25.5682,0.139,0.001445,-0.0416,-0.0867,0.0994,TRANSLATE2
-55.4835,-21.2954,73.7606,0.0776,94.7234,1.3582,0.0173,89.3225,27.3637,0.1149,0.000922,-0.03,-0.0785,0.0772,TRANSLATE2
-63.7211,-8.2207,75.3272,0.0548,99.0058,4.2824,0.0229,92.9599,18.4235,0.0928,0.000643,-0.0179,-0.0687,0.057,TRANSLATE2
-68.1175,-5.5453,69.9961,0.0405,97.8274,1.1784,0.0142,95.364,7.1498,0.0751,0.000611,-0.0058,-0.0587,0.0389,TRANSLATE2
-74.6659,-6.8581,57.3938,0.0403,94.425,3.4025,0.0003,95.8694,4.6683,0.0616,0.000462,0.0062,-0.0483,0.0217,TRANSLATE2
-81.6327,-7.574,42.7213,0.0465,92.4466,1.9784,0.0062,95.6857,5.7235,0.0519,0.000193,0.0174,-0.0379,0.0051,TRANSLATE2
-89.3312,-5.1498,29.1395,0.0538,94.1047,1.6581,0.0073,95.5619,6.0229,0.0472,3.9e-05,0.027,-0.0286,-0.0099,TRANSLATE2
-95.3462,-6.0636,16.9147,0.0624,97.0246,2.9199,0.0086,95.1657,3.9217,0.0487,7.1e-05,0.0345,-0.021,-0.0222,TRANSLATE2
-101.2645,-14.3603,4.7724,0.0683,102.3889,5.3643,0.0059,96.078,12.1074,0.0543,0.000104,0.0396,-0.0161,-0.0317,TRANSLATE2
-109.9741,-22.1851,-7.5321,0.0656,112.442,10.0531,0.0027,99.6814,52.1329,0.0593,6.5e-05,0.0426,-0.013,-0.0383,TRANSLATE2
-115.3011,-26.2012,-19.2663,0.0602,119.8,7.358,0.0054,105.1521,92.6882,0.0621,2.5e-05,0.0436,-0.0096,-0.0426,TRANSLATE2
-125.6784,-34.9797,-31.4411,0.0528,134.1909,14.3908,0.0074,113.1693,172.6539,0.0619,2.8e-05,0.0423,-0.0056,-0.0444,TRANSLATE2
-135.074,-45.9994,-42.5029,0.0406,148.8873,14.6964,0.0123,123.5418,268.0894,0.0575,0.0001,0.0385,-0.0014,-0.0422,TRANSLATE2
-144.4186,-55.6308,-55.068,0.0291,164.268,15.3808,0.0114,135.9176,357.1641,0.0497,0.000176,0.0326,0.0031,-0.0364,TRANSLATE2
-164.1724,-68.264,-69.5262,0.0207,190.9095,26.6414,0.0084,151.6111,605.478,0.0407,0.000212,0.025,0.0077,-0.0292,TRANSLATE2
-193.5879,-81.8706,-86.9491,0.0192,227.4625,36.5531,0.0016,173.1436,1090.1268,0.0325,0.000161,0.0167,0.0118,-0.0208,TRANSLATE2
-227.2391,-100.7371,-104.653,0.0233,269.6995,42.2369,0.0041,200.2453,1916.765,0.0266,6e-05,0.008,0.0147,-0.0105,TRANSLATE2
-263.1225,-118.274,-122.8662,0.0388,313.5575,43.858,0.0155,233.1794,2872.5115,0.0262,5.1e-05,-0.0004,0.0161,0.0019,TRANSLATE2
-289.7449,-119.7067,-141.7805,0.0653,344.069,30.5115,0.0264,269.1396,3088.9214,0.0335,0.000302,-0.0083,0.0161,0.018,TRANSLATE2
-308.5209,-116.5998,-160.3994,0.0774,366.7542,22.6852,0.0121,304.3085,2533.7976,0.0448,0.000528,-0.0154,0.0133,0.0347,TRANSLATE2
-320.9542,-118.9861,-165.9226,0.0809,380.394,13.6399,0.0035,334.8948,1575.0149,0.0572,0.000505,-0.0215,0.0047,0.0493,TRANSLATE2
-327.6946,-138.1795,-152.0725,0.089,386.7859,6.3919,0.0081,358.3121,715.0959,0.0703,0.000305,-0.0271,-0.0095,0.0591,TRANSLATE2
-314.7151,-179.8998,-117.9361,0.1006,381.2066,5.5793,0.0116,371.8419,236.276,0.0826,0.000139,-0.0322,-0.0247,0.0665,TRANSLATE2
-292.9565,-227.5042,-96.1895,0.1151,383.1894,1.9828,0.0146,379.666,46.5455,0.0926,0.00019,-0.0367,-0.0368,0.0734,TRANSLATE2
-274.9152,-259.3253,-88.1735,0.1357,388.0754,4.886,0.0205,383.9303,9.1619,0.1043,0.000379,-0.0399,-0.0439,0.0837,TRANSLATE2
-247.2134,-227.9634,-97.1575,0.1633,350.0305,38.0449,0.0276,377.8576,199.6222,0.1207,0.000696,-0.0424,-0.0434,0.1007,TRANSLATE2
-219.3395,-185.8551,-121.8979,0.1739,312.2675,37.7629,0.0106,362.9539,821.9695,0.1377,0.000771,-0.043,-0.0383,0.1219,TRANSLATE2
-196.9028,-140.5997,-135.2402,0.1685,277.1803,35.0872,0.0053,342.1486,1793.9,0.1513,0.000501,-0.0418,-0.0362,0.1395,TRANSLATE2
-166.066,-116.9454,-128.9172,0.1546,240.5697,36.6106,0.014,313.6247,2707.0723,0.1592,0.000179,-0.0393,-0.0424,0.1464,TRANSLATE2
-135.9185,-119.025,-100.94,0.1472,206.9533,33.6164,0.0074,277.4003,2562.0386,0.1615,9.2e-05,-0.0361,-0.0559,0.1422,TRANSLATE2
-92.916,-132.3513,-46.3645,0.1435,168.2258,38.7275,0.0036,241.0393,2568.7039,0.1575,0.00014,-0.0321,-0.0746,0.1276,TRANSLATE2
-26.9297,-160.5779,15.1084,0.1304,163.5198,4.7059,0.0131,211.2898,1870.8307,0.1488,0.000158,-0.0269,-0.091,0.108,TRANSLATE2
19.9031,-175.7748,69.1836,0.1134,189.9455,26.4257,0.017,193.8428,789.2379,0.1378,0.00021,-0.0206,-0.0996,0.0896,TRANSLATE2
29.2694,-166.2136,114.3563,0.1003,203.8652,13.9197,0.0131,186.5019,318.7587,0.127,0.000318,-0.0132,-0.0972,0.0788,TRANSLATE2
28.3092,-118.5678,141.7663,0.0879,186.969,16.8962,0.0124,182.5051,219.1757,0.1151,0.000401,-0.0059,-0.0842,0.0743,TRANSLATE2
34.488,-50.6948,153.7849,0.062,165.5572,21.4118,0.0259,181.9713,235.5574,0.0988,0.000537,0.0012,-0.0634,0.0696,TRANSLATE2
37.706,21.0348,165.8154,0.0303,171.3446,5.7874,0.0317,183.5363,187.6024,0.0788,0.000875,0.0066,-0.0396,0.0609,TRANSLATE2
55.4992,82.8466,177.5523,0.0343,203.6383,32.2937,0.0039,186.2748,252.705,0.063,0.000781,0.0106,-0.0152,0.0463,TRANSLATE2
63.9681,140.3179,186.5512,0.0648,242.038,38.3997,0.0306,193.9094,754.44,0.0559,0.000452,0.0134,0.0085,0.0243,TRANSLATE2
57.3651,201.398,183.9472,0.1043,278.7266,36.6886,0.0395,212.2609,1846.8193,0.0592,0.000707,0.0156,0.0321,-0.0042,TRANSLATE2
26.9233,258.1497,161.064,0.1504,305.4632,26.7366,0.046,240.2421,2364.957,0.0768,0.002056,0.0162,0.0568,-0.0357,TRANSLATE2
-10.4238,307.4698,126.0794,0.1838,332.479,27.0158,0.0334,272.469,2078.5393,0.1075,0.00297,0.0167,0.0804,-0.0672,TRANSLATE2
-49.5391,324.3602,90.7729,0.2023,340.4458,7.9668,0.0185,299.8305,1306.5219,0.1411,0.002564,0.0152,0.0986,-0.0981,TRANSLATE2
-70.2562,299.6132,73.9995,0.2222,316.5121,23.9337,0.0199,314.7253,472.3254,0.1726,0.001723,0.0136,0.1111,-0.1291,TRANSLATE2
-89.2144,266.5374,58.7309,0.2322,287.1423,29.3698,0.01,316.4085,362.4749,0.1982,0.000849,0.0123,0.118,-0.1567,TRANSLATE2
-118.734,243.6893,33.7941,0.2379,273.1745,13.9679,0.0057,309.9507,670.6488,0.2157,0.000401,0.0091,0.1205,-0.1776,TRANSLATE2
-124.9778,202.8077,24.9196,0.2189,239.5233,33.6512,0.019,291.3596,1215.5187,0.2227,0.000151,0.0071,0.1189,-0.1879,TRANSLATE2
-129.7729,169.1431,17.6951,0.2001,213.924,25.5993,0.0188,266.0552,1292.5706,0.2223,0.000169,0.0068,0.1192,-0.1872,TRANSLATE2
-122.0902,147.9051,1.9279,0.1832,191.7958,22.1282,0.0169,241.112,1264.1174,0.2145,0.000414,0.0065,0.1216,-0.1757,TRANSLATE2
-119.9378,133.7678,-18.4451,0.1677,180.6076,11.1882,0.0155,219.8051,1118.5288,0.2016,0.000622,0.0054,0.123,-0.1582,TRANSLATE2
-120.8346,124.9049,-39.3967,0.1491,178.1974,2.4102,0.0186,200.8097,534.2831,0.1838,0.000592,0.0056,0.12,-0.1379,TRANSLATE2
-128.1614,109.6395,-51.5236,0.1276,176.3544,1.8431,0.0216,188.1759,194.5334,0.1655,0.000644,0.0042,0.1138,-0.1196,TRANSLATE2
-141.276,84.2585,-52.8689,0.099,172.7817,3.5726,0.0286,179.9474,41.6281,0.1453,0.000882,0.0013,0.1016,-0.1035,TRANSLATE2
-133.9864,63.7162,-42.867,0.0681,154.4335,18.3483,0.0309,172.4749,87.9053,0.1223,0.001259,-0.0026,0.0858,-0.0865,TRANSLATE2
-108.9423,55.3011,-37.2811,0.0492,127.7361,26.6974,0.0188,161.9006,363.1739,0.0986,0.001353,-0.0063,0.0697,-0.0678,TRANSLATE2
-83.3851,52.4627,-32.5405,0.0388,103.7511,23.985,0.0104,147.0114,764.6395,0.0765,0.00107,-0.0096,0.0549,-0.0478,TRANSLATE2
-69.3893,46.8421,-27.6418,0.0347,88.1653,15.5858,0.0042,129.3735,973.9159,0.058,0.000554,-0.0117,0.0434,-0.0273,TRANSLATE2
-69.2615,40.3893,-25.3447,0.0384,84.088,4.0773,0.0037,111.6348,692.5544,0.0458,0.000147,-0.0125,0.0371,-0.0072,TRANSLATE2
-69.5404,34.7895,-25.257,0.0454,81.7563,2.3317,0.007,97.0994,293.4751,0.0413,2.8e-05,-0.0123,0.0323,0.0101,TRANSLATE2
-74.1761,36.9191,-24.3587,0.0553,86.3624,4.6061,0.0099,88.8246,60.3387,0.0425,5.3e-05,-0.0117,0.0265,0.0245,TRANSLATE2
-71.719,47.5728,-22.7714,0.0619,89.0243,2.6619,0.0066,85.8793,7.1115,0.0471,0.000104,-0.0107,0.0208,0.0368,TRANSLATE2
-56.7346,53.6051,-17.689,0.0555,80.0326,8.9917,0.0065,84.2527,10.2573,0.0513,7e-05,-0.0099,0.014,0.0457,TRANSLATE2
-40.4314,51.3091,-7.7199,0.0497,65.7793,14.2533,0.0058,80.591,65.0969,0.0535,3.2e-05,-0.0093,0.0056,0.0506,TRANSLATE2
-27.5076,42.8567,4.5178,0.0465,51.1251,14.6542,0.0031,74.4647,200.9423,0.0538,2.8e-05,-0.0086,-0.0015,0.0519,TRANSLATE2
-26.4936,37.3916,10.3736,0.048,46.9857,4.1394,0.0015,66.5894,261.6302,0.0523,3.2e-05,-0.0077,-0.0054,0.0508,TRANSLATE2
-28.3636,40.6383,6.0052,0.0546,49.9202,2.9345,0.0066,58.7686,155.3727,0.0508,1.3e-05,-0.0068,-0.0057,0.0495,TRANSLATE2
-28.2909,51.47,-4.6084,0.0536,58.9133,8.9931,0.001,54.5447,47.104,0.0505,1e-05,-0.0064,-0.0041,0.0492,TRANSLATE2
-23.6546,63.0354,-6.4273,0.0465,67.6336,8.7204,0.0071,54.9156,55.9871,0.0498,1.2e-05,-0.0066,-0.002,0.0488,TRANSLATE2
-7.4331,72.772,2.0706,0.0355,73.18,5.5463,0.011,59.3265,100.3745,0.0476,4.6e-05,-0.0069,0.0002,0.0469,TRANSLATE2
18.7098,79.0583,14.4753,0.022,82.5215,9.3415,0.0135,66.4337,127.0045,0.0424,0.000151,-0.0077,0.0017,0.0413,TRANSLATE2
45.6803,80.981,28.9677,0.0211,97.3845,14.863,0.0009,75.9266,173.9411,0.0357,0.000168,-0.009,0.004,0.0307,TRANSLATE2
77.1693,81.441,40.1554,0.0422,119.1646,21.7801,0.0212,87.9768,344.7469,0.0335,0.000107,-0.0096,0.0108,0.017,TRANSLATE2
123.0636,82.8966,56.1681,0.0669,158.6548,39.4902,0.0247,106.1811,929.6576,0.0375,0.00028,-0.0089,0.0232,0.002,TRANSLATE2
174.179,82.3766,64.8313,0.1037,203.2912,44.6365,0.0368,132.2033,1920.7623,0.0512,0.000968,-0.007,0.0421,-0.0142,TRANSLATE2
210.7932,77.7169,52.1495,0.1457,230.6366,27.3454,0.0421,161.8263,2487.4053,0.0759,0.001974,-0.0037,0.0673,-0.0319,TRANSLATE2
232.6752,66.9267,19.1852,0.1731,242.8682,12.2316,0.0274,190.9231,2123.7925,0.1063,0.002336,0.001,0.0938,-0.049,TRANSLATE2
238.5683,52.0695,-37.3362,0.183,247.0223,4.1541,0.0099,216.4947,1069.4568,0.1345,0.001898,0.0063,0.1172,-0.0652,TRANSLATE2
233.6577,34.0868,-97.1752,0.1713,255.3446,8.3223,0.0118,235.8326,328.2738,0.1554,0.000819,0.0114,0.1324,-0.0798,TRANSLATE2
222.6106,18.7038,-144.9933,0.1381,266.3238,10.9792,0.0332,248.4391,143.5037,0.1622,0.000297,0.0153,0.1313,-0.0915,TRANSLATE2
215.3853,11.8631,-170.6853,0.1061,275.0728,8.749,0.032,257.3264,143.0053,0.1543,0.00081,0.016,0.1114,-0.098,TRANSLATE2
211.7426,15.6592,-163.5263,0.1013,267.9944,7.0783,0.0048,262.3516,98.7065,0.14,0.001095,0.013,0.0761,-0.1007,TRANSLATE2
220.8441,34.3024,-116.3367,0.109,251.9583,16.0361,0.0076,263.3388,72.3386,0.1251,0.000697,0.007,0.0339,-0.0998,TRANSLATE2
265.3815,63.1138,-68.7569,0.1046,281.3152,29.3568,0.0043,268.5329,97.2084,0.1118,0.000178,-0.0004,-0.0049,-0.0964,TRANSLATE2
307.7896,90.7566,-41.7367,0.1125,323.5941,42.279,0.0078,279.987,571.3847,0.1067,1.4e-05,-0.0069,-0.0338,-0.0946,TRANSLATE2
316.8223,104.9553,-27.1738,0.1237,334.8588,11.2646,0.0112,291.9442,1025.7634,0.1102,6e-05,-0.0104,-0.0532,-0.0949,TRANSLATE2
292.1985,129.8611,-17.9828,0.1374,320.2612,14.5976,0.0137,302.3975,962.1442,0.1174,0.00014,-0.0103,-0.0663,-0.0958,TRANSLATE2
237.615,163.267,0.5638,0.1561,288.3008,31.9604,0.0187,309.666,440.2341,0.1269,0.000335,-0.0077,-0.0795,-0.0967,TRANSLATE2
184.9451,181.1386,29.2979,0.1695,260.5269,27.7739,0.0134,305.5084,745.1242,0.1398,0.000432,-0.0041,-0.0956,-0.0992,TRANSLATE2
146.0311,165.114,54.5008,0.1607,227.064,33.4629,0.0088,286.2024,1537.6863,0.1495,0.000276,0.0008,-0.1095,-0.0996,TRANSLATE2
138.1905,97.9975,62.1413,0.1277,180.4485,46.6155,0.033,255.3203,2347.27,0.1503,0.000237,0.0059,-0.1145,-0.0961,TRANSLATE2
117.6618,20.8167,41.2287,0.0866,126.4019,54.0466,0.0411,216.5484,3324.5386,0.1401,0.000913,0.0105,-0.1093,-0.086,TRANSLATE2
67.1544,-54.0841,1.386,0.0608,86.2365,40.1654,0.0257,176.1355,4057.8984,0.1211,0.001757,0.0143,-0.0962,-0.0686,TRANSLATE2
-18.4671,-114.3392,-46.5724,0.0946,124.8338,38.5973,0.0337,148.9969,2423.3882,0.1061,0.001203,0.0156,-0.0842,-0.0385,TRANSLATE2
-78.9737,-147.2463,-44.2892,0.1673,172.8579,48.0242,0.0727,138.1557,1200.8314,0.1074,0.001354,0.0116,-0.0809,0.0063,TRANSLATE2
-19.2602,-115.0627,2.078,0.2189,116.682,56.1759,0.0516,125.4024,772.6724,0.1256,0.003425,0.0044,-0.0857,0.0602,TRANSLATE2
76.6387,-76.6845,60.0155,0.2027,123.9188,7.2368,0.0162,124.9058,772.6661,0.1489,0.003768,-0.0031,-0.092,0.106,TRANSLATE2
126.7891,-78.2508,94.9874,0.1542,176.6954,52.7766,0.0485,142.9976,682.7228,0.1675,0.001875,-0.0087,-0.0916,0.1366,TRANSLATE2
110.8719,-128.96,68.9556,0.1423,183.516,6.8206,0.0118,154.734,807.3421,0.1771,0.000846,-0.0119,-0.0784,0.1544,TRANSLATE2
71.4694,-135.1805,25.2207,0.1706,154.9765,28.5395,0.0283,151.1578,728.8692,0.1777,0.000835,-0.0122,-0.0558,0.1633,TRANSLATE2
30.2005,-120.6631,-17.0984,0.1813,125.5548,29.4217,0.0107,152.9323,619.1068,0.1702,0.000443,-0.0126,-0.0353,0.1625,TRANSLATE2
1.6479,-95.1118,-41.3069,0.1824,103.7074,21.8475,0.0011,148.89,919.0294,0.1662,0.000245,-0.0139,-0.0234,0.1624,TRANSLATE2
-2.6473,-63.58,-38.4392,0.1749,74.3438,29.3636,0.0075,128.4197,1456.795,0.1703,0.000214,-0.0169,-0.0232,0.1666,TRANSLATE2
5.0134,-29.8046,-26.9576,0.1548,40.499,33.8449,0.02,99.8163,1577.5313,0.1728,9.9e-05,-0.0197,-0.0334,0.1662,TRANSLATE2
12.1107,-16.6343,-10.6724,0.1232,23.1791,17.3199,0.0316,73.4568,1448.8314,0.1633,0.0005,-0.0218,-0.046,0.1533,TRANSLATE2
16.548,-10.7981,3.9152,0.1004,20.1436,3.0355,0.0228,52.3746,1029.9899,0.1471,0.000965,-0.0217,-0.0536,0.134,TRANSLATE2
16.0259,-3.5666,11.2322,0.0835,19.8925,0.2511,0.0169,35.6116,432.9979,0.1274,0.001137,-0.0206,-0.0545,0.1126,TRANSLATE2
9.6832,15.3155,12.7764,0.0707,22.1712,2.2787,0.0128,25.1771,60.2101,0.1065,0.000894,-0.0188,-0.0512,0.0912,TRANSLATE2
3.2778,32.8899,17.3242,0.0558,37.3178,15.1465,0.0149,24.5408,42.3325,0.0867,0.000548,-0.0175,-0.0462,0.0709,TRANSLATE2
-0.5778,49.8806,27.0313,0.0442,56.7371,19.4193,0.0116,31.2524,204.2363,0.0709,0.000393,-0.0159,-0.0417,0.0537,TRANSLATE2
-1.0247,63.3483,44.9594,0.0372,77.6878,20.9507,0.0071,42.7613,478.3503,0.0583,0.000287,-0.0135,-0.0385,0.0376,TRANSLATE2
0.4834,75.938,66.6925,0.0252,101.0678,23.38,0.012,58.9964,790.1066,0.0466,0.000244,-0.0094,-0.0342,0.0212,TRANSLATE2
2.2461,82.466,73.9509,0.0376,110.79,9.7222,0.0125,76.7201,741.2735,0.04,0.0001,-0.003,-0.0257,0.0029,TRANSLATE2
-6.1125,72.2541,63.517,0.0612,96.3972,14.3928,0.0236,88.536,368.5872,0.0411,0.000139,0.0051,-0.0132,-0.0147,TRANSLATE2
-18.5806,58.2158,42.1948,0.0658,74.2611,22.136,0.0046,92.0408,194.8243,0.0454,0.000241,0.0132,0.0007,-0.0287,TRANSLATE2
-26.2833,50.7882,18.7152,0.0602,60.1707,14.0904,0.0057,88.5374,344.4892,0.05,0.00025,0.0196,0.0137,-0.0386,TRANSLATE2
-35.6079,46.0993,-1.0091,0.0523,58.2588,1.9119,0.0079,79.9756,423.1408,0.0554,9.8e-05,0.0234,0.0221,-0.0445,TRANSLATE2
-40.7113,43.7263,-14.1698,0.0385,61.4018,3.143,0.0137,70.0979,204.664,0.0556,9.2e-05,0.0237,0.0232,-0.0444,TRANSLATE2
-44.9534,47.728,-21.1608,0.0282,68.8952,7.4934,0.0103,64.5975,36.3688,0.049,0.000192,0.0207,0.0186,-0.0396,TRANSLATE2
-52.4784,50.8324,-24.5349,0.023,77.0705,8.1754,0.0053,65.1594,48.4912,0.0404,0.000197,0.016,0.0112,-0.034,TRANSLATE2
-58.1577,52.8471,-24.781,0.0205,82.3968,5.3263,0.0025,69.6046,83.1795,0.0325,0.000136,0.0105,0.0035,-0.0283,TRANSLATE2
-67.5012,50.0558,-21.2811,0.0244,86.6884,4.2916,0.004,75.2906,83.4751,0.0269,4e-05,0.0045,-0.0042,-0.0228,TRANSLATE2
-80.8978,41.7165,-13.0092,0.0307,91.9454,5.257,0.0062,81.3993,63.0563,0.0254,1.3e-05,-0.0015,-0.0111,-0.0187,TRANSLATE2
-100.687,18.8076,1.8551,0.0348,102.4453,10.4998,0.0041,88.1093,75.3484,0.0267,2.8e-05,-0.0076,-0.0171,-0.0147,TRANSLATE2
-119.6246,-16.5477,17.3028,0.0354,121.9969,19.5517,0.0006,97.0946,199.9169,0.0291,3.4e-05,-0.0132,-0.021,-0.0084,TRANSLATE2
-129.3497,-55.335,24.5954,0.0435,142.8224,20.8254,0.0082,109.1797,428.8687,0.0338,3.9e-05,-0.0187,-0.0208,0.0013,TRANSLATE2
-138.561,-93.7899,22.9544,0.0565,168.8863,26.0639,0.013,125.6193,770.4135,0.0402,8.4e-05,-0.0228,-0.016,0.014,TRANSLATE2
-148.155,-132.2163,4.2104,0.0426,198.6172,29.7309,0.0139,146.9536,1154.2124,0.0426,6.1e-05,-0.0232,-0.0084,0.024,TRANSLATE2
-196.9365,-208.173,-20.8879,0.01,287.3262,88.709,0.0327,183.9298,3331.6665,0.0376,0.000237,-0.0193,-0.0035,0.0271,TRANSLATE2
-259.9492,-268.9384,-31.4572,0.0441,375.3546,88.0284,0.0341,234.6013,7325.6157,0.0393,0.000241,-0.0116,-0.0036,0.032,TRANSLATE2
-308.4063,-317.5508,-28.8658,0.1034,443.6058,68.2513,0.0594,294.758,10758.6904,0.0513,0.000916,-0.0006,-0.0099,0.0441,TRANSLATE2
-303.8219,-311.1125,-13.6989,0.1699,435.0705,8.5353,0.0664,347.9949,8693.3125,0.074,0.003208,0.013,-0.0205,0.0661,TRANSLATE2
-280.5888,-230.6431,0.0722,0.1901,363.2166,71.8539,0.0203,380.9147,3193.196,0.1035,0.004838,0.0237,-0.0324,0.0946,TRANSLATE2
-254.3648,-149.2395,5.214,0.1734,294.9594,68.2572,0.0168,382.4414,2916.7651,0.1362,0.002997,0.0315,-0.0399,0.1255,TRANSLATE2
-248.8418,-76.526,5.3399,0.1491,260.3978,34.5616,0.0242,359.45,5357.0474,0.1572,0.000892,0.0369,-0.0438,0.1461,TRANSLATE2
-255.5016,-16.252,11.3001,0.127,256.2672,4.1306,0.0221,321.9823,4666.1162,0.1619,0.000474,0.041,-0.0448,0.1496,TRANSLATE2
-251.3044,33.2515,23.6838,0.1015,254.5987,1.6685,0.0256,285.8879,1713.6338,0.1482,0.001005,0.0416,-0.0456,0.1333,TRANSLATE2
-232.9873,74.2574,35.4877,0.0758,247.0964,7.5023,0.0256,262.6639,279.2897,0.1254,0.001179,0.0413,-0.0451,0.1071,TRANSLATE2
-199.7992,118.8122,46.7245,0.0568,237.106,9.9904,0.019,251.0932,67.4501,0.1021,0.001114,0.0396,-0.0454,0.0787,TRANSLATE2
-165.8206,148.0654,62.2671,0.0479,230.8615,6.2445,0.009,245.1859,97.1039,0.0818,0.000849,0.037,-0.0441,0.0497,TRANSLATE2
-142.0034,159.6867,79.7074,0.0481,228.0747,2.7868,0.0003,239.5475,99.3113,0.066,0.000417,0.0329,-0.0407,0.0221,TRANSLATE2
-124.6527,170.2712,95.9878,0.0481,231.8281,3.7534,0.0,234.9933,45.1811,0.0554,0.000116,0.0286,-0.0332,-0.0015,TRANSLATE2
-124.4972,181.5139,105.8403,0.0618,244.2314,12.4034,0.0137,234.4203,32.6245,0.0525,3.3e-05,0.0246,-0.0223,-0.0231,TRANSLATE2
-130.7446,184.8205,110.6878,0.0817,252.0011,7.7697,0.0199,237.3994,84.1241,0.0575,0.000174,0.0203,-0.0073,-0.0423,TRANSLATE2
-115.2082,179.0158,103.4096,0.1047,236.6709,15.3302,0.023,238.5612,74.3315,0.0689,0.000473,0.0165,0.0105,-0.0588,TRANSLATE2
-98.3884,179.4157,92.7121,0.1196,224.646,12.0249,0.0149,237.8755,90.5946,0.0832,0.000697,0.013,0.0289,-0.0732,TRANSLATE2
-85.9514,170.742,87.2072,0.13,210.1084,14.5376,0.0104,233.5316,218.6127,0.0996,0.000621,0.01,0.0459,-0.0866,TRANSLATE2
-90.1549,164.3592,82.2376,0.1467,204.7068,5.4016,0.0167,225.6267,299.401,0.1166,0.000491,0.0076,0.0622,-0.0977,TRANSLATE2
-108.8895,147.4374,57.8776,0.1673,192.2096,12.4972,0.0206,213.6683,240.6177,0.1337,0.00047,0.0068,0.0791,-0.1068,TRANSLATE2
-132.1679,134.4374,23.2771,0.1735,189.9568,2.2528,0.0062,204.3255,159.9533,0.1474,0.00043,0.0053,0.0947,-0.1118,TRANSLATE2
-133.2562,127.0812,-6.9752,0.1657,184.2701,5.6866,0.0078,196.2503,92.6042,0.1567,0.000257,0.0031,0.1062,-0.1143,TRANSLATE2
-114.8487,115.7368,-27.2614,0.1534,165.3131,18.957,0.0123,187.2913,165.3526,0.1613,9.6e-05,0.0007,0.1116,-0.116,TRANSLATE2
-94.4196,96.6926,-24.0529,0.1429,137.27,28.0431,0.0106,173.8039,423.209,0.1606,0.000121,-0.0019,0.1096,-0.1166,TRANSLATE2
-76.4857,70.9978,-13.2298,0.1362,105.194,32.076,0.0067,156.4008,994.0513,0.1543,0.000192,-0.0033,0.1031,-0.114,TRANSLATE2
-75.5135,42.1045,-0.562,0.1175,86.4604,18.7336,0.0186,135.7015,1318.7225,0.1431,0.000264,-0.0054,0.0965,-0.1043,TRANSLATE2
-78.1046,35.9586,-10.5652,0.1194,86.6312,0.1708,0.0019,116.1737,947.1854,0.1339,0.000189,-0.0083,0.0956,-0.0859,TRANSLATE2
-83.4212,56.6856,-34.9115,0.1142,106.7294,20.0982,0.0052,104.457,344.8073,0.126,0.000128,-0.012,0.0979,-0.0605,TRANSLATE2
-79.2994,90.5766,-55.9417,0.095,132.7479,26.0185,0.0192,103.5526,288.7256,0.1165,0.000172,-0.0158,0.0992,-0.0329,TRANSLATE2
-56.3708,115.0894,-57.8096,0.0625,140.5888,7.8409,0.0325,110.6315,512.4108,0.1018,0.00046,-0.0206,0.0937,-0.0107,TRANSLATE2
-27.8248,108.3403,-42.4883,0.0459,119.6541,20.9347,0.0166,117.2703,367.7704,0.0874,0.000829,-0.0233,0.0819,-0.0005,TRANSLATE2
-6.3661,89.1504,-24.1157,0.0388,92.5737,27.0804,0.0072,118.4588,300.5923,0.0713,0.000838,-0.0232,0.0641,-0.0006,TRANSLATE2
9.0509,63.7047,-6.5082,0.0287,64.6727,27.9009,0.01,110.0474,780.9139,0.0542,0.000539,-0.0211,0.0462,-0.005,TRANSLATE2
11.7345,54.9887,2.4716,0.0292,56.2812,8.3916,0.0005,94.7541,1022.1273,0.041,0.000157,-0.0187,0.0329,-0.0066,TRANSLATE2
14.847,59.1504,-0.5758,0.0405,60.9879,4.7068,0.0113,78.8339,576.5422,0.0366,4.5e-05,-0.0163,0.0264,-0.0017,TRANSLATE2
14.7682,63.4422,-12.7701,0.0404,66.3783,5.3904,0.0002,68.1788,160.7811,0.0355,2.9e-05,-0.0145,0.0227,0.0083,TRANSLATE2
12.1427,63.9319,-23.7317,0.0338,69.267,2.8887,0.0065,63.5174,20.2678,0.0345,2.7e-05,-0.0136,0.0172,0.019,TRANSLATE2
8.6298,55.5861,-23.9385,0.0425,61.1338,8.1332,0.0087,62.8096,20.6363,0.0373,2.5e-05,-0.013,0.0083,0.0283,TRANSLATE2
6.3538,53.222,-14.8008,0.0561,55.6059,5.5279,0.0135,62.6746,22.4726,0.0427,5.4e-05,-0.0122,-0.0034,0.0339,TRANSLATE2
3.858,51.8401,-3.3312,0.0626,52.0901,3.5158,0.0065,60.895,41.143,0.0471,0.000113,-0.0108,-0.0171,0.0369,TRANSLATE2
-1.2542,52.5127,6.5788,0.0641,52.9381,0.848,0.0015,58.207,40.5667,0.0518,0.000139,-0.0091,-0.029,0.0399,TRANSLATE2
-4.8596,56.7539,11.9161,0.0614,58.1947,5.2566,0.0027,55.9925,11.198,0.0573,6.2e-05,-0.0072,-0.0361,0.0436,TRANSLATE2
-6.7033,60.3313,12.7892,0.0519,62.0351,3.8405,0.0095,56.1728,13.1816,0.0592,2.1e-05,-0.005,-0.0375,0.0453,TRANSLATE2
-11.3251,58.8806,14.497,0.0473,61.6875,0.3476,0.0046,57.3891,17.7204,0.0575,4.4e-05,-0.0026,-0.0362,0.0443,TRANSLATE2
-8.057,61.4326,20.1538,0.044,65.1541,3.4666,0.0033,60.0019,17.3369,0.0538,6.1e-05,-0.0002,-0.0328,0.0424,TRANSLATE2
-3.4206,64.1024,27.1605,0.0354,69.703,4.5489,0.0086,63.3549,14.9371,0.048,7.4e-05,0.0025,-0.029,0.0378,TRANSLATE2
1.0417,62.81,33.5659,0.0242,71.224,1.521,0.0113,65.9607,15.2055,0.0406,9.6e-05,0.0053,-0.0246,0.0312,TRANSLATE2
3.2427,57.9261,35.2371,0.0119,67.8794,3.3446,0.0123,67.1296,11.4934,0.0326,0.000171,0.0071,-0.0192,0.0243,TRANSLATE2
6.2473,56.4409,35.7241,0.0064,67.0881,0.7913,0.0055,68.2097,4.4039,0.0244,0.000198,0.007,-0.0119,0.017,TRANSLATE2
21.301,54.1715,34.8355,0.0184,67.8365,0.7484,0.012,68.7462,2.2766,0.0193,0.000101,0.0049,-0.0036,0.0083,TRANSLATE2
40.7751,48.9309,34.8715,0.0292,72.6145,4.778,0.0108,69.3285,4.7473,0.018,6.7e-05,0.0012,0.005,-0.0006,TRANSLATE2
62.4326,48.4197,35.5129,0.0338,86.6226,14.008,0.0047,72.4082,54.3609,0.0199,0.000106,-0.0022,0.0129,-0.0081,TRANSLATE2
98.3961,60.2483,36.6978,0.0384,121.0718,34.4492,0.0046,83.0467,410.7099,0.0252,0.000133,-0.0033,0.02,-0.0137,TRANSLATE2
146.0544,88.3361,39.7176,0.0466,175.2502,54.1784,0.0082,104.6791,1592.1106,0.0333,8.8e-05,-0.0006,0.0258,-0.0191,TRANSLATE2
205.1779,119.7845,49.821,0.0573,242.7518,67.5016,0.0108,139.6622,3909.6323,0.0411,9.9e-05,0.0063,0.0298,-0.0243,TRANSLATE2
266.5392,167.2839,63.2599,0.0703,320.9811,78.2293,0.013,189.3355,7118.4272,0.0493,0.000175,0.0165,0.0346,-0.0278,TRANSLATE2
315.6282,236.1302,70.3423,0.0917,400.4082,79.4271,0.0214,252.0926,9980.3184,0.0609,0.000353,0.0281,0.0414,-0.0328,TRANSLATE2
354.8995,291.3011,63.402,0.1106,463.4973,63.0891,0.0188,320.5777,10795.207,0.0753,0.000538,0.0396,0.0497,-0.0397,TRANSLATE2
386.3165,335.4377,50.8091,0.1318,514.1405,50.6432,0.0212,388.3558,9470.6367,0.0924,0.00072,0.0501,0.0586,-0.0504,TRANSLATE2
377.5282,370.7471,35.9254,0.1706,530.3504,16.2099,0.0388,445.8755,5954.5088,0.115,0.001186,0.0593,0.0665,-0.0702,TRANSLATE2
306.0757,398.9945,13.5841,0.2331,503.0542,27.2962,0.0625,482.2901,2162.6411,0.1476,0.002515,0.0669,0.0708,-0.1049,TRANSLATE2
229.9293,335.9832,-17.7015,0.2793,407.5114,95.5428,0.0463,483.7108,1938.0642,0.1851,0.003957,0.0718,0.0692,-0.1484,TRANSLATE2
189.1216,204.7553,-40.2018,0.2728,281.6165,125.8948,0.0065,447.3346,8701.5371,0.2175,0.003334,0.0731,0.0607,-0.1899,TRANSLATE2
158.7004,101.748,-50.2177,0.221,195.0905,86.5261,0.0518,383.5246,16462.6367,0.2354,0.001548,0.0694,0.0436,-0.217,TRANSLATE2
142.2103,29.3078,-41.6617,0.1711,151.0577,44.0328,0.05,307.666,17204.7285,0.2355,0.001536,0.0594,0.0197,-0.2227,TRANSLATE2
136.8339,-10.3288,-10.9606,0.1445,137.6602,13.3975,0.0266,234.5872,10009.3105,0.2178,0.002876,0.0447,-0.0096,-0.2049,TRANSLATE2
132.264,-37.888,35.0659,0.1273,141.982,4.3218,0.0172,181.4814,2923.6716,0.1873,0.002829,0.0284,-0.0368,-0.1713,TRANSLATE2
123.3143,-54.6636,63.109,0.0912,148.9203,6.9384,0.0361,154.9421,425.9738,0.151,0.001898,0.0118,-0.0539,-0.1332,TRANSLATE2
124.4108,-52.8902,70.2528,0.0714,152.3512,3.4308,0.0198,146.3943,31.8731,0.1211,0.00129,-0.0036,-0.057,-0.1025,TRANSLATE2
132.3474,-38.6747,70.746,0.0748,154.9728,2.6216,0.0035,147.1773,41.6287,0.1018,0.000848,-0.0152,-0.0524,-0.0826,TRANSLATE2
125.5623,-32.071,95.2937,0.0829,160.8581,5.8853,0.0081,151.8169,39.4207,0.0895,0.000404,-0.0222,-0.0454,-0.0711,TRANSLATE2
117.4124,-18.6224,129.1974,0.0719,175.5689,14.7108,0.011,158.5343,87.784,0.0784,5.8e-05,-0.0245,-0.0392,-0.0613,TRANSLATE2
98.7143,-9.0261,142.5798,0.0514,173.6519,1.917,0.0205,163.4806,90.5412,0.0705,0.000108,-0.02,-0.0345,-0.055,TRANSLATE2
67.2808,-15.9271,130.042,0.0515,147.2796,26.3723,0.0001,162.4663,117.2337,0.0665,0.000164,-0.0078,-0.033,-0.05,TRANSLATE2
50.8371,-54.2792,98.8398,0.066,123.693,23.5867,0.0145,156.2103,367.5396,0.0648,0.000147,0.0096,-0.0308,-0.0446,TRANSLATE2
33.7041,-121.989,69.6656,0.0678,144.4665,20.7735,0.0018,152.932,380.0551,0.0617,7.4e-05,0.0277,-0.0276,-0.0335,TRANSLATE2
17.9945,-199.9912,49.9075,0.088,206.9083,62.4418,0.0201,159.1999,820.9708,0.0649,0.00018,0.0405,-0.0286,-0.0148,TRANSLATE2
-5.37,-262.3929,39.9885,0.1305,265.4769,58.5686,0.0426,177.5648,2700.886,0.0808,0.000754,0.0443,-0.0381,0.0135,TRANSLATE2
-49.3116,-312.3144,39.5283,0.1784,318.6446,53.1677,0.0479,211.8378,5323.5078,0.1061,0.001845,0.0404,-0.0529,0.0519,TRANSLATE2
-32.6993,-279.7015,47.8414,0.2296,285.6413,33.0033,0.0512,244.2275,3809.9043,0.1389,0.003501,0.0282,-0.0676,0.1018,TRANSLATE2
-11.1876,-253.3018,48.8044,0.229,258.2031,27.4382,0.0006,266.9748,1341.0763,0.1711,0.003076,0.0115,-0.0733,0.1472,TRANSLATE2
-10.6688,-229.8914,34.6216,0.2345,232.7285,25.4745,0.0055,272.1389,827.3726,0.2004,0.001639,-0.0059,-0.0682,0.1836,TRANSLATE2
-14.3507,-195.3444,1.041,0.2387,195.8736,36.8549,0.0042,258.2182,1787.9902,0.222,0.000488,-0.0217,-0.0552,0.21,TRANSLATE2
-18.4462,-149.8568,-30.9703,0.229,154.1313,41.7422,0.0097,225.3156,2141.9517,0.2321,1.5e-05,-0.0365,-0.0408,0.223,TRANSLATE2
-17.2601,-105.5792,-55.045,0.2073,120.3114,33.82,0.0217,192.2496,2525.9297,0.2277,0.000117,-0.0475,-0.0288,0.2196,TRANSLATE2
-15.7518,-62.0727,-70.1391,0.1756,94.977,25.3343,0.0318,159.6044,2482.637,0.217,0.000546,-0.0539,-0.0252,0.2079,TRANSLATE2
-11.7889,-27.2238,-72.7332,0.141,78.5508,16.4262,0.0345,128.7688,1776.3141,0.1983,0.001291,-0.0549,-0.0304,0.1864,TRANSLATE2
-9.4343,-6.1759,-65.8772,0.1155,66.8352,11.7156,0.0256,102.9611,976.8224,0.1737,0.001731,-0.0512,-0.0424,0.1563,TRANSLATE2
-15.3068,7.7686,-47.4361,0.1085,50.4463,16.3889,0.007,82.2242,574.6826,0.1496,0.001387,-0.044,-0.0576,0.123,TRANSLATE2
-21.7986,23.8962,-17.8145,0.1012,36.9264,13.5199,0.0073,65.5472,416.8105,0.1284,0.000737,-0.0343,-0.0712,0.0907,TRANSLATE2
-27.0545,41.7451,12.6671,0.079,51.3327,14.4063,0.0222,56.8183,207.804,0.109,0.000405,-0.0235,-0.0787,0.0615,TRANSLATE2
-33.503,62.4273,25.3368,0.0542,75.2434,23.9107,0.0248,56.1568,180.8032,0.0917,0.0005,-0.0117,-0.0777,0.0363,TRANSLATE2
-42.7805,74.145,26.0257,0.0552,89.4706,14.2272,0.001,60.6839,359.4644,0.0796,0.000508,0.0007,-0.0699,0.0136,TRANSLATE2
-52.7181,71.8035,27.1581,0.0743,93.1263,3.6557,0.0191,69.2199,476.1413,0.0728,0.000301,0.0137,-0.0578,-0.0082,TRANSLATE2
-60.1714,51.8865,33.1796,0.0882,86.1028,7.0235,0.0138,79.0552,227.8416,0.0702,0.000179,0.026,-0.0434,-0.0292,TRANSLATE2
-66.2434,28.4905,41.9249,0.0875,83.4122,2.6906,0.0007,85.471,36.7683,0.0719,0.000221,0.0363,-0.0295,-0.0466,TRANSLATE2
-67.0134,12.4455,44.2962,0.0787,81.2886,2.1235,0.0088,86.6801,17.8841,0.0768,0.000144,0.0429,-0.0169,-0.0579,TRANSLATE2
-68.942,1.9908,40.3057,0.0723,79.8844,1.4043,0.0064,84.7628,21.8873,0.0802,4.3e-05,0.0457,-0.004,-0.0618,TRANSLATE2
-70.4536,-3.3793,32.6227,0.0699,77.7134,2.171,0.0024,81.6803,8.3346,0.0793,5.7e-05,0.045,0.0107,-0.0589,TRANSLATE2
-75.3754,-11.869,18.82,0.07,78.5908,0.8774,0.0001,80.1779,4.0746,0.0757,4.5e-05,0.0415,0.0259,-0.0514,TRANSLATE2
-89.0941,-32.5796,3.256,0.0641,94.9199,16.3291,0.0059,82.4794,40.1507,0.071,2.2e-05,0.0358,0.0389,-0.0411,TRANSLATE2
-99.1284,-51.4606,-14.7483,0.0558,112.6594,17.7395,0.0083,88.7536,182.6682,0.0664,3.6e-05,0.029,0.0475,-0.029,TRANSLATE2
-118.6246,-72.1247,-34.0299,0.046,142.9398,30.2805,0.0098,101.3646,595.1265,0.0612,8.4e-05,0.0211,0.0503,-0.0157,TRANSLATE2
-141.3372,-93.0685,-51.7302,0.0465,176.9575,34.0176,0.0005,121.2135,1232.1292,0.0565,9e-05,0.0121,0.0466,0.0001,TRANSLATE2
-158.8666,-104.7361,-61.4091,0.0655,199.9483,22.9908,0.019,145.485,1519.5195,0.0556,6.9e-05,0.0022,0.0367,0.0192,TRANSLATE2
-172.887,-102.9357,-65.8117,0.0867,211.7,11.7517,0.0212,168.841,1339.535,0.0601,0.000228,-0.0076,0.0224,0.0394,TRANSLATE2
-190.6315,-92.1611,-64.6244,0.0999,221.3828,9.6828,0.0131,190.5857,787.5576,0.0689,0.000463,-0.0166,0.0059,0.0577,TRANSLATE2
-203.0646,-77.9039,-58.7682,0.1032,225.2952,3.9124,0.0033,207.0567,303.1867,0.0804,0.000462,-0.0235,-0.0098,0.0728,TRANSLATE2
-220.9829,-73.445,-54.299,0.0997,239.115,13.8198,0.0035,219.4883,172.9975,0.091,0.000194,-0.0278,-0.0226,0.0825,TRANSLATE2
-244.8051,-84.4903,-54.5985,0.0953,264.668,25.553,0.0044,232.4322,337.3317,0.097,3.2e-05,-0.029,-0.0313,0.0866,TRANSLATE2
-271.5816,-98.9235,-56.757,0.1008,294.5569,29.8889,0.0055,249.0036,748.651,0.0998,7e-06,-0.0278,-0.0368,0.0883,TRANSLATE2
-292.5465,-102.9794,-55.8806,0.1053,315.1363,20.5794,0.0045,267.7543,1119.1873,0.1009,1.1e-05,-0.0248,-0.0398,0.0891,TRANSLATE2
-302.4966,-93.1461,-48.5826,0.1042,320.2197,5.0834,0.0011,286.7392,948.7306,0.1011,1.3e-05,-0.0209,-0.0421,0.0892,TRANSLATE2
-284.4941,-81.9543,-33.4442,0.0942,297.9462,22.2735,0.01,298.5054,381.7936,0.1,2e-05,-0.0162,-0.0446,0.0876,TRANSLATE2
-257.7734,-75.026,-12.0241,0.082,268.739,29.2072,0.0123,299.3196,329.345,0.0973,7.4e-05,-0.0109,-0.0468,0.0839,TRANSLATE2
-228.5188,-77.3427,13.8526,0.0662,241.6497,27.0892,0.0158,288.7382,878.0039,0.0904,0.000217,-0.0048,-0.0463,0.0765,TRANSLATE2
-195.8087,-91.1898,26.8758,0.0548,217.6671,23.9827,0.0114,269.2443,1368.8427,0.0803,0.000324,0.001,-0.0427,0.067,TRANSLATE2
-189.9501,-82.4956,32.4288,0.0638,209.6144,8.0527,0.009,247.1233,1070.9503,0.0722,0.000198,0.0054,-0.0372,0.0605,TRANSLATE2
-186.3414,-40.2652,40.6212,0.069,194.9217,14.6927,0.0052,226.5184,674.7953,0.0672,7.8e-05,0.0076,-0.032,0.0576,TRANSLATE2
-156.1512,13.8191,53.8594,0.0509,165.7559,29.1658,0.0181,205.9218,632.4753,0.0609,4.8e-05,0.0083,-0.0276,0.053,TRANSLATE2
-95.7741,44.0897,76.175,0.0353,130.0739,35.682,0.0156,183.6066,1029.7903,0.0547,0.000136,0.0079,-0.0266,0.0427,TRANSLATE2
-43.0443,44.1842,109.04,0.0487,125.2788,4.7951,0.0134,165.1289,1136.7692,0.0535,0.000141,0.0083,-0.0292,0.028,TRANSLATE2
-13.4542,46.6474,145.5445,0.0468,153.4282,28.1493,0.0019,153.8917,642.0837,0.0501,0.000118,0.01,-0.0322,0.011,TRANSLATE2
17.6085,63.2398,181.8013,0.0342,193.29,39.8618,0.0125,153.5654,615.7305,0.0432,4.9e-05,0.014,-0.0298,-0.0059,TRANSLATE2
32.9712,89.3356,194.341,0.0533,216.4171,23.1271,0.019,163.6976,1273.4155,0.0437,5.7e-05,0.0191,-0.018,-0.0206,TRANSLATE2
7.3988,113.8372,161.9416,0.1022,198.0877,18.3295,0.0489,177.3004,1098.8049,0.057,0.000549,0.0246,0.0048,-0.0314,TRANSLATE2
-63.1559,139.1073,92.0345,0.1189,178.3532,19.7345,0.0167,187.9152,445.1032,0.0711,0.001103,0.0287,0.0309,-0.0394,TRANSLATE2
-124.8279,166.7921,24.5932,0.1032,209.7771,31.4239,0.0156,199.185,175.8117,0.0824,0.001064,0.0302,0.0511,-0.0493,TRANSLATE2
-161.8436,185.4024,-4.0067,0.0935,246.137,36.36,0.0098,209.7544,498.0479,0.0942,0.000486,0.029,0.0595,-0.0626,TRANSLATE2
-173.203,186.5032,-0.2241,0.1007,254.5246,8.3875,0.0073,217.3759,831.9554,0.1037,6.9e-05,0.0253,0.0542,-0.0763,TRANSLATE2
-159.9842,173.765,19.4864,0.1139,236.9999,17.5246,0.0132,225.1584,774.0023,0.1061,8.4e-05,0.0206,0.0407,-0.0881,TRANSLATE2
-149.7343,156.6558,33.8703,0.1265,219.3367,17.6632,0.0125,233.3551,275.4495,0.1076,0.000132,0.0168,0.0309,-0.0984,TRANSLATE2
-149.2937,142.9215,21.3619,0.1404,207.7775,11.5592,0.0139,232.9551,294.9474,0.115,0.000288,0.0152,0.0331,-0.1066,TRANSLATE2
-165.9224,130.6997,-8.6042,0.1573,211.3923,3.6148,0.017,226.0062,304.8983,0.1278,0.000391,0.0153,0.0487,-0.1119,TRANSLATE2
-169.2661,114.3348,-22.224,0.1487,205.4686,5.9237,0.0086,216.195,130.3381,0.1374,0.000241,0.0154,0.0707,-0.111,TRANSLATE2
-167.5504,98.7147,-45.7136,0.1365,199.7685,5.7001,0.0122,208.7487,42.2882,0.1419,0.000111,0.0145,0.0903,-0.1045,TRANSLATE2
-151.8684,72.1843,-46.6834,0.1126,174.5105,25.258,0.0239,199.7835,173.9426,0.1391,0.000227,0.0112,0.1012,-0.0922,TRANSLATE2
-125.0229,57.0412,-45.9404,0.1089,144.8963,29.6142,0.0037,187.2072,605.5207,0.1328,0.00037,0.0063,0.1064,-0.0755,TRANSLATE2
-112.4308,63.1392,-63.3367,0.1128,143.662,1.2343,0.004,173.6612,684.2786,0.1239,0.00025,0.0011,0.1075,-0.0544,TRANSLATE2
-107.6509,88.6582,-89.7631,0.1115,165.8506,22.1885,0.0013,165.7376,431.3537,0.1165,0.000103,-0.0022,0.1071,-0.0343,TRANSLATE2
-101.4395,114.086,-119.3918,0.0958,193.8039,27.9534,0.0157,164.5447,355.8542,0.1083,4.1e-05,-0.0035,0.1041,-0.0175,TRANSLATE2
-90.1016,127.5063,-130.8322,0.0685,203.6988,9.8949,0.0273,170.3823,608.5214,0.0995,0.000278,-0.0026,0.0983,-0.0066,TRANSLATE2
-74.7781,120.4644,-121.8126,0.0432,186.9271,16.7717,0.0253,178.7885,462.6963,0.0864,0.000721,-0.0006,0.0858,-0.0026,TRANSLATE2
-59.5194,98.2184,-100.1751,0.0278,152.3957,34.5314,0.0154,180.5352,352.1871,0.0694,0.000977,0.0008,0.0679,-0.0042,TRANSLATE2
-46.3093,67.2778,-72.1494,0.021,108.9789,43.4169,0.0068,169.1609,1203.7458,0.0513,0.000761,0.0009,0.0495,-0.0065,TRANSLATE2
-40.8662,41.9098,-55.6164,0.0298,80.7444,28.2345,0.0088,146.549,2134.4871,0.0381,0.000283,-0.0004,0.0357,-0.0048,TRANSLATE2
-42.5773,37.8153,-50.0744,0.0477,75.8305,4.9139,0.0179,120.9753,1827.4752,0.0339,9.9e-05,-0.0031,0.0274,0.0031,TRANSLATE2
-36.09,47.2054,-42.6033,0.0532,73.1155,2.7151,0.0056,98.213,897.5371,0.0359,0.000152,-0.0069,0.0215,0.0154,TRANSLATE2
-27.7813,52.9018,-27.7232,0.0516,65.871,7.2445,0.0016,80.9081,220.1236,0.0407,0.000166,-0.0108,0.0175,0.0282,TRANSLATE2
-17.5188,54.6746,-14.3161,0.0483,59.1707,6.7003,0.0033,70.9464,57.7976,0.0461,7.1e-05,-0.0143,0.0131,0.0383,TRANSLATE2
-3.4244,50.6928,-2.9029,0.0451,50.8912,8.2795,0.0031,64.9758,83.3914,0.0492,8e-06,-0.0172,0.0074,0.0438,TRANSLATE2
6.1604,45.9511,2.4465,0.0419,46.4267,4.4645,0.0032,59.095,94.0562,0.048,1.7e-05,-0.019,0.0017,0.0437,TRANSLATE2
13.3534,36.4515,6.0165,0.0428,39.2839,7.1428,0.0009,52.3287,87.4545,0.0459,1.3e-05,-0.0199,-0.0013,0.0413,TRANSLATE2
21.3764,32.0737,7.707,0.0465,39.3074,0.0235,0.0036,47.016,56.4617,0.0449,5e-06,-0.0203,-0.0025,0.04,TRANSLATE2
25.498,33.6777,8.3343,0.0458,43.0558,3.7484,0.0007,43.793,19.6634,0.0444,3e-06,-0.0201,-0.0029,0.0395,TRANSLATE2
35.9359,43.2047,16.7268,0.0403,58.6329,15.5772,0.0055,45.3413,51.2339,0.0435,6e-06,-0.0187,-0.0038,0.0389,TRANSLATE2
49.5519,55.4387,28.6846,0.0238,79.6972,21.0643,0.0165,51.9954,242.7865,0.0398,6.9e-05,-0.0154,-0.0014,0.0357,TRANSLATE2
54.9415,57.1635,26.8102,0.0368,83.696,3.9988,0.0131,60.8779,332.5572,0.0386,6.8e-05,-0.0103,0.0066,0.0281,TRANSLATE2
47.6688,41.7808,2.2544,0.0504,63.4274,20.2686,0.0135,65.7019,217.5294,0.0394,8.2e-05,-0.0042,0.0168,0.0174,TRANSLATE2
47.8132,32.984,-16.934,0.0416,60.5046,2.9228,0.0087,69.1916,108.1842,0.0386,7.5e-05,0.0016,0.0258,0.0078,TRANSLATE2
60.0005,43.2872,-21.9722,0.034,77.1792,16.6746,0.0077,72.9009,84.8887,0.0373,7.7e-05,0.0059,0.0336,-0.0005,TRANSLATE2
90.9536,62.4516,-19.8434,0.0383,112.1005,34.9213,0.0044,79.3815,340.9737,0.0402,3.2e-05,0.0077,0.0384,-0.0077,TRANSLATE2
129.6629,84.7582,-14.1903,0.0557,155.5563,43.4558,0.0174,93.7536,1291.2147,0.044,6.3e-05,0.0078,0.0398,-0.0145,TRANSLATE2
168.0615,103.0284,-14.3085,0.0823,197.6468,42.0905,0.0266,120.5975,2545.4458,0.0504,0.000308,0.0075,0.0413,-0.0241,TRANSLATE2
196.0367,110.6415,-18.0812,0.1041,225.8293,28.1825,0.0217,153.6624,2944.6711,0.0629,0.000713,0.0073,0.0446,-0.0401,TRANSLATE2
209.2231,89.2757,-20.1868,0.1205,228.3681,2.5388,0.0164,183.9002,1976.597,0.0802,0.00091,0.0066,0.0501,-0.0601,TRANSLATE2
226.7442,65.8268,-31.9495,0.1224,238.2579,9.8899,0.0019,209.1317,899.8817,0.097,0.000633,0.0057,0.0561,-0.0779,TRANSLATE2
248.9953,58.2614,-45.3502,0.1101,259.7108,21.4529,0.0123,229.9626,403.5409,0.1079,0.000209,0.0036,0.0601,-0.0891,TRANSLATE2
268.7432,74.3029,-61.5395,0.0941,285.5362,25.8254,0.016,247.5405,503.383,0.1102,0.00011,-0.0001,0.0606,-0.0917,TRANSLATE2
253.4664,105.5798,-82.8223,0.0781,286.7958,1.2596,0.016,259.7338,568.6279,0.105,0.000283,-0.0046,0.058,-0.087,TRANSLATE2
202.0794,154.867,-98.3203,0.0634,272.9226,13.8732,0.0147,268.6447,327.2513,0.0936,0.000452,-0.0089,0.0508,-0.0773,TRANSLATE2
155.3947,189.7905,-94.7562,0.0713,262.9576,9.965,0.008,273.5846,124.6464,0.0834,0.00028,-0.0148,0.0392,-0.0696,TRANSLATE2
148.1939,182.0824,-78.7362,0.0872,247.6183,15.3393,0.0159,271.1661,215.1506,0.0788,0.00012,-0.0217,0.0278,-0.0672,TRANSLATE2
190.6083,150.2378,-65.8296,0.0892,251.4686,3.8503,0.002,264.3526,205.025,0.0778,9.4e-05,-0.0287,0.0184,-0.0677,TRANSLATE2
238.5491,120.4777,-61.3074,0.085,274.1882,22.7196,0.0042,261.831,117.2748,0.0792,0.000102,-0.0348,0.0083,-0.0694,TRANSLATE2
233.9643,104.4697,-51.2241,0.089,261.2989,12.8893,0.004,259.5063,87.3225,0.0844,4.5e-05,-0.04,-0.0045,-0.0716,TRANSLATE2
216.1027,90.4101,-34.7074,0.118,236.81,24.4889,0.029,254.2768,160.6171,0.0937,0.00015,-0.0426,-0.0223,-0.0734,TRANSLATE2
198.7884,60.4406,-7.9097,0.1558,207.9241,28.8858,0.0378,246.338,518.4384,0.1074,0.000725,-0.0421,-0.0487,-0.0748,TRANSLATE2
202.0026,-1.6788,50.0035,0.1536,208.1063,0.1821,0.0023,237.6655,730.2947,0.1203,0.000919,-0.0396,-0.0781,-0.0721,TRANSLATE2
263.999,-26.1118,103.7059,0.1229,284.8371,76.7309,0.0307,239.7953,904.0096,0.1279,0.000614,-0.0342,-0.1003,-0.0637,TRANSLATE2
313.596,-62.8425,141.046,0.119,349.5506,64.7135,0.0039,257.4456,2909.2412,0.1339,0.000293,-0.0277,-0.1157,-0.0546,TRANSLATE2
326.7643,-91.7678,162.3212,0.1141,376.2239,26.6733,0.0049,285.3284,4868.2808,0.1331,0.00032,-0.0198,-0.1221,-0.0397,TRANSLATE2
291.6271,-103.1924,165.7163,0.1165,350.9372,25.2867,0.0024,313.931,3712.791,0.1252,0.00021,-0.0107,-0.12,-0.0197,TRANSLATE2
225.2611,-127.0039,168.2418,0.1186,308.5091,42.4282,0.0021,334.0116,1075.665,0.1182,9e-06,-0.002,-0.1155,-0.001,TRANSLATE2
191.7838,-129.475,176.3309,0.1252,290.9251,17.584,0.0066,335.2292,961.8459,0.1187,1.4e-05,0.005,-0.1118,0.0198,TRANSLATE2
197.1083,-114.8019,182.4773,0.1113,292.1115,1.1864,0.0139,323.7414,1160.6823,0.1171,2.2e-05,0.0123,-0.1,0.0424,TRANSLATE2
187.8554,-112.2978,162.1349,0.0874,272.3751,19.7364,0.0238,302.9716,706.1146,0.1118,0.000168,0.0177,-0.0813,0.0585,TRANSLATE2
139.8937,-140.5663,101.5173,0.0763,222.7889,49.5861,0.0111,277.3419,874.9466,0.1038,0.000351,0.0194,-0.0564,0.0702,TRANSLATE2
57.3618,-153.2593,23.7295,0.1058,165.3538,57.4351,0.0295,248.7109,2369.1987,0.1012,0.000301,0.0171,-0.0292,0.0849,TRANSLATE2
-9.298,-133.8668,-43.9977,0.1387,141.2182,24.1356,0.0329,218.7695,3427.2397,0.1039,0.00046,0.0094,-0.009,0.0974,TRANSLATE2
-47.1259,-88.7153,-82.1763,0.1518,129.7852,11.433,0.0131,186.3042,2881.0786,0.112,0.000843,-0.0032,-0.0042,0.1076,TRANSLATE2
-53.607,-36.4723,-71.6504,0.1475,96.6318,33.1534,0.0043,151.1556,1772.2418,0.124,0.00083,-0.0174,-0.0125,0.1168,TRANSLATE2
-37.0918,-4.0997,-46.5953,0.1192,59.697,36.9348,0.0283,118.5372,1354.9503,0.1326,0.000305,-0.0291,-0.0283,0.1195,TRANSLATE2
-33.8235,1.9484,-23.9075,0.0881,41.4655,18.2315,0.031,93.7596,1490.6676,0.1291,0.000545,-0.0363,-0.0446,0.1095,TRANSLATE2
-33.9963,5.2618,-11.6291,0.0624,36.3135,5.1521,0.0257,72.7786,1260.0137,0.1138,0.001182,-0.037,-0.0545,0.0882,TRANSLATE2
-33.7876,3.0626,-7.2533,0.0433,34.6929,1.6206,0.0191,53.7602,538.4666,0.0921,0.001416,-0.033,-0.0556,0.061,TRANSLATE2
-38.502,-16.4843,-5.6683,0.0388,42.2642,7.5714,0.0045,42.8866,79.068,0.0704,0.000898,-0.0273,-0.0502,0.034,TRANSLATE2
-44.5703,-20.1999,-1.4721,0.0443,48.9563,6.6921,0.0055,40.7385,25.3039,0.0554,0.000333,-0.0226,-0.0441,0.0185,TRANSLATE2
-40.6844,4.9057,10.0098,0.0476,42.1839,6.7724,0.0033,40.8822,25.5954,0.0473,6.5e-05,-0.0189,-0.0404,0.011,TRANSLATE2
-34.5694,30.9714,25.1828,0.0384,52.8058,10.6218,0.0092,44.1806,38.9754,0.0425,1.2e-05,-0.0159,-0.0381,0.0054,TRANSLATE2
-27.9868,44.6928,34.89,0.0251,63.2299,10.4241,0.0133,49.888,60.9723,0.0388,5.9e-05,-0.0123,-0.0347,0.0014,TRANSLATE2
-24.2769,50.223,34.5901,0.0311,65.6368,2.407,0.006,54.5625,77.1017,0.0373,6.9e-05,-0.007,-0.0281,-0.0026,TRANSLATE2
-26.2153,48.6596,21.4909,0.045,59.3031,6.3337,0.0139,56.6319,71.0281,0.0374,7.1e-05,0.0002,-0.0176,-0.0124,TRANSLATE2
-31.3129,45.5121,0.8333,0.0512,55.2498,4.0533,0.0062,59.2451,22.8327,0.0381,8.8e-05,0.0081,-0.0055,-0.024,TRANSLATE2
-41.4472,44.1597,-20.8958,0.0506,64.067,8.8172,0.0006,61.4973,14.1174,0.0406,0.000113,0.0151,0.0049,-0.0329,TRANSLATE2
-52.8046,43.7621,-35.2573,0.0493,77.1137,13.0467,0.0012,64.2741,54.581,0.0454,5.6e-05,0.02,0.0098,-0.0388,TRANSLATE2
-62.6781,38.2909,-39.3027,0.0534,83.3033,6.1896,0.0041,67.8074,114.1476,0.0499,8e-06,0.0226,0.0086,-0.0424,TRANSLATE2
-72.9612,19.8171,-37.2953,0.0514,84.303,0.9997,0.002,72.8074,129.1044,0.0512,2e-06,0.023,0.0032,-0.0438,TRANSLATE2
-76.4908,-0.4526,-32.3612,0.0394,83.056,1.247,0.012,78.3686,57.5302,0.0488,2.4e-05,0.0214,-0.0032,-0.0423,TRANSLATE2
-85.1614,-24.7464,-33.6734,0.0253,94.8617,11.8057,0.0141,84.5275,33.095,0.0438,0.000108,0.0176,-0.0079,-0.0386,TRANSLATE2
-109.2666,-61.8378,-46.8199,0.0156,133.9971,39.1353,0.0098,95.9042,382.1201,0.037,0.000216,0.0114,-0.0089,-0.033,TRANSLATE2
-148.9071,-113.7858,-73.4872,0.0185,201.298,67.301,0.0029,119.5032,2015.0242,0.0301,0.000182,0.0031,-0.0064,-0.0238,TRANSLATE2
-206.0569,-175.8599,-110.996,0.0393,292.7563,91.4583,0.0208,161.1938,6032.4346,0.0276,0.000102,-0.0069,-0.0024,-0.0098,TRANSLATE2
-249.0986,-191.3067,-140.1718,0.0754,343.9426,51.1863,0.0361,213.3711,8768.2822,0.0348,0.000478,-0.0159,0.0007,0.0109,TRANSLATE2
-232.4227,-166.1797,-161.2687,0.0933,328.0908,15.8518,0.0179,260.017,6415.6719,0.0484,0.00096,-0.0225,0.001,0.0333,TRANSLATE2
-198.3288,-142.2625,-174.0868,0.0965,299.7985,28.2923,0.0032,293.1773,2456.3777,0.0646,0.000945,-0.0266,-0.0035,0.0541,TRANSLATE2
-177.3786,-132.935,-179.6788,0.106,285.3408,14.4577,0.0095,309.9858,497.7735,0.0821,0.000556,-0.0286,-0.0137,0.0725,TRANSLATE2
-170.1467,-104.373,-171.8743,0.1338,263.4092,21.9316,0.0277,304.1164,837.8286,0.101,0.000367,-0.0286,-0.0287,0.0898,TRANSLATE2
-141.1236,-42.5359,-149.9245,0.154,210.244,53.1653,0.0203,277.3766,1567.9967,0.1167,0.000551,-0.0285,-0.0459,0.1013,TRANSLATE2
-95.5051,29.5963,-120.2802,0.1411,156.4113,53.8327,0.0129,243.0408,2801.1812,0.1263,0.000469,-0.0291,-0.0615,0.1052,TRANSLATE2
-62.4135,77.6051,-94.4179,0.1125,137.2324,19.1789,0.0286,210.5275,3338.8638,0.1295,0.000319,-0.03,-0.0731,0.1013,TRANSLATE2
-62.6401,79.1997,-68.5718,0.0946,122.0593,15.1731,0.0179,177.8712,2718.3491,0.1272,0.000447,-0.0307,-0.0799,0.0907,TRANSLATE2
-80.9184,65.2942,-42.3637,0.0804,112.2755,9.7838,0.0142,147.6445,1201.9049,0.1165,0.000763,-0.0309,-0.0806,0.0725,TRANSLATE2
-110.7159,48.5822,-19.841,0.0679,122.5231,10.2476,0.0125,130.1003,236.5859,0.0993,0.000657,-0.0296,-0.0766,0.0483,TRANSLATE2
-152.229,28.5314,6.8928,0.0575,155.033,32.5098,0.0104,129.8247,222.3836,0.0826,0.000378,-0.0272,-0.0702,0.024,TRANSLATE2
-183.2613,0.3064,28.7393,0.0519,185.5013,30.4684,0.0056,139.4785,738.1914,0.0705,0.00024,-0.0238,-0.0618,0.0043,TRANSLATE2
-208.5122,-35.5049,56.4195,0.054,218.9089,33.4075,0.0021,158.8484,1564.1508,0.0623,0.000112,-0.0213,-0.0525,-0.0108,TRANSLATE2
-235.991,-59.3133,85.8919,0.0429,258.045,39.1362,0.0111,188.0023,2248.3906,0.0548,6.6e-05,-0.0183,-0.0416,-0.022,TRANSLATE2
-265.4022,-62.4444,109.5604,0.0359,293.8385,35.7935,0.007,222.2653,2457.1914,0.0484,6.3e-05,-0.0156,-0.0273,-0.0297,TRANSLATE2
-288.5436,-42.2399,112.9952,0.0544,312.7452,18.9066,0.0185,253.8078,2195.5474,0.0478,5.3e-05,-0.0132,-0.0089,-0.0346,TRANSLATE2
-295.9161,-18.0044,102.7274,0.0828,313.757,1.0118,0.0284,279.4589,1323.1937,0.054,0.000256,-0.0106,0.012,-0.0394,TRANSLATE2
-295.9298,1.1996,85.4882,0.1032,308.0326,5.7243,0.0204,297.2837,435.5017,0.0638,0.000643,-0.0057,0.0341,-0.0457,TRANSLATE2
-294.9626,7.8409,67.9218,0.111,302.7834,5.2492,0.0078,306.2314,53.5559,0.0774,0.000815,-0.0009,0.0533,-0.054,TRANSLATE2
-298.6607,13.4509,55.1843,0.1048,304.0139,1.2305,0.0062,308.2664,19.6815,0.0912,0.00043,0.0029,0.0664,-0.0621,TRANSLATE2
-300.3223,14.8701,53.4756,0.0994,305.4084,1.3945,0.0054,306.799,15.1502,0.1002,9e-05,0.0061,0.0726,-0.0687,TRANSLATE2
-300.261,9.1929,52.6648,0.0972,304.9832,0.4251,0.0022,305.0443,3.048,0.1031,2.3e-05,0.0075,0.0753,-0.0698,TRANSLATE2
-297.9338,14.4543,44.3787,0.099,301.5675,3.4157,0.0018,303.7513,2.0077,0.1023,2.5e-05,0.0079,0.0775,-0.0652,TRANSLATE2
-283.6564,15.6229,27.4405,0.1049,285.4085,16.159,0.0059,300.2763,57.0362,0.1011,1e-05,0.0075,0.081,-0.0577,TRANSLATE2
-274.8158,19.667,-0.9476,0.1064,275.5202,9.8883,0.0015,294.5775,144.3392,0.1014,1.3e-05,0.0114,0.0862,-0.0479,TRANSLATE2
-282.1245,24.2055,-20.0362,0.0769,283.869,8.3487,0.0295,290.2697,125.2549,0.0969,0.000112,0.011,0.0874,-0.036,TRANSLATE2
-271.8746,30.8332,-16.6321,0.0593,274.1224,9.7466,0.0177,284.0975,96.0086,0.0893,0.000337,0.0093,0.0837,-0.0246,TRANSLATE2
-261.3215,23.6853,11.2193,0.0556,262.6325,11.4899,0.0037,276.3105,66.4809,0.0806,0.000471,0.0046,0.0768,-0.0139,TRANSLATE2
-229.4572,27.3045,34.638,0.0689,233.6577,28.9747,0.0133,265.9604,306.6523,0.0734,0.000329,-0.0007,0.0694,-0.0006,TRANSLATE2
-182.0283,48.9936,50.0604,0.0821,195.0403,38.6175,0.0132,249.8643,1035.2253,0.0685,0.000102,-0.0103,0.0638,0.0115,TRANSLATE2
-112.1289,67.5511,60.0077,0.0842,144.0033,51.0369,0.0022,221.8912,2262.7798,0.07,0.000135,-0.0147,0.0643,0.0191,TRANSLATE2
-59.9343,71.7753,68.4218,0.0825,115.8678,28.1355,0.0017,190.2403,2963.5732,0.0747,0.000121,-0.0163,0.0687,0.0216,TRANSLATE2
-40.8725,63.9952,70.3968,0.0829,103.5454,12.3224,0.0004,158.4229,2406.302,0.0801,3.2e-05,-0.0141,0.0747,0.0212,TRANSLATE2
-47.4074,61.9087,66.2518,0.0817,102.3203,1.2251,0.0012,132.1554,1213.7655,0.0827,1e-06,-0.011,0.0787,0.0186,TRANSLATE2
-60.3415,70.2394,54.6452,0.0767,107.521,5.2007,0.005,114.6516,237.8511,0.0816,7e-06,-0.008,0.0793,0.0154,TRANSLATE2
-70.9045,78.4759,44.8474,0.0704,114.8791,7.358,0.0063,108.8267,31.6278,0.0789,2.3e-05,-0.0056,0.0772,0.0136,TRANSLATE2
-65.7829,72.4245,26.8185,0.0732,101.4492,13.4299,0.0028,105.943,24.2821,0.077,2.3e-05,-0.0042,0.0753,0.0142,TRANSLATE2
-54.392,59.4208,-0.6327,0.0746,80.5588,20.8904,0.0014,101.3457,130.8683,0.0753,1.4e-05,-0.0037,0.0732,0.0172,TRANSLATE2
-48.6448,52.7648,-29.5343,0.0599,77.6062,2.9527,0.0147,96.4029,218.9598,0.071,3.5e-05,-0.0039,0.0675,0.0203,TRANSLATE2
-46.919,51.1806,-49.2118,0.0387,85.1037,7.4976,0.0212,91.9194,199.6697,0.0634,0.000178,-0.0047,0.0573,0.0224,TRANSLATE2
-51.6321,43.1007,-50.1382,0.0313,83.8891,1.2146,0.0074,85.7214,68.7223,0.0556,0.000312,-0.0055,0.0425,0.0246,TRANSLATE2
-45.1182,38.6431,-38.6137,0.0442,70.8516,13.0375,0.0129,79.6019,26.0233,0.0498,0.000242,-0.0063,0.0227,0.0286,TRANSLATE2
-27.2601,31.6395,-24.3878,0.0473,48.3626,22.4891,0.0031,73.1626,179.5553,0.0443,9e-05,-0.0061,0.002,0.0317,TRANSLATE2
-14.3331,22.0647,-14.4321,0.0487,30.0096,18.353,0.0014,63.6433,457.426,0.042,4e-05,-0.005,-0.0138,0.0339,TRANSLATE2
-5.6634,17.808,-16.6113,0.052,25.0027,5.0069,0.0033,51.6231,519.4503,0.0447,5.1e-05,-0.0031,-0.0222,0.0376,TRANSLATE2
-15.4401,19.9214,-21.6453,0.0564,33.2231,8.2204,0.0044,41.4899,276.2617,0.0497,1.8e-05,-0.0011,-0.0248,0.0422,TRANSLATE2
-16.7333,25.9059,-22.2006,0.0597,37.9998,4.7767,0.0033,34.9196,63.1064,0.0528,2.2e-05,0.0007,-0.0241,0.0463,TRANSLATE2
-16.0804,32.9122,-17.5199,0.0551,40.6047,2.6048,0.0046,33.368,31.0202,0.0544,1.4e-05,0.0019,-0.0227,0.0492,TRANSLATE2
-3.7112,38.2923,-5.4378,0.0455,38.8541,1.7506,0.0095,35.1369,31.6549,0.0537,2.3e-05,0.0027,-0.0216,0.0491,TRANSLATE2
21.3654,37.3494,5.9842,0.0309,43.4427,4.5887,0.0147,38.8249,11.3106,0.0495,0.000109,0.0031,-0.0201,0.045,TRANSLATE2
52.158,32.8889,16.2561,0.0175,63.7683,20.3255,0.0134,44.9339,92.1492,0.0417,0.000245,0.0032,-0.0161,0.0379,TRANSLATE2
78.2045,28.4893,24.2486,0.0238,86.6924,22.9241,0.0063,54.6724,336.4487,0.0345,0.000193,0.003,-0.0073,0.0292,TRANSLATE2
99.5073,31.1789,21.1926,0.043,106.4094,19.717,0.0192,67.8334,659.0006,0.0321,0.000117,0.0026,0.006,0.0213,TRANSLATE2
115.8059,47.6088,9.3197,0.0587,125.5566,19.1471,0.0157,85.1739,856.7407,0.0348,0.000215,0.002,0.022,0.0145,TRANSLATE2
133.026,68.0245,-3.6286,0.0635,149.4537,23.8971,0.0048,106.3761,885.2887,0.0413,0.000335,0.0011,0.037,0.0072,TRANSLATE2
151.1083,86.4227,-14.6154,0.0701,174.6889,25.2352,0.0066,128.5602,963.3966,0.0518,0.000276,-0.0002,0.0496,-0.0018,TRANSLATE2
183.8272,99.3194,-21.9454,0.0793,210.0914,35.4025,0.0092,153.24,1333.1902,0.0629,0.000147,-0.0018,0.0588,-0.0127,TRANSLATE2
248.6649,120.8962,-26.5751,0.0807,277.7703,67.6789,0.0014,187.5122,2821.5476,0.0705,7.4e-05,-0.0026,0.0626,-0.0251,TRANSLATE2
301.3288,145.3419,-14.2882,0.0817,334.8544,57.0841,0.0009,229.3717,4643.5718,0.0751,5.1e-05,-0.0022,0.0599,-0.04,TRANSLATE2
343.4599,164.4736,16.2132,0.0901,381.155,46.3006,0.0084,275.712,5826.4033,0.0804,4.1e-05,-0.0008,0.053,-0.0553,TRANSLATE2
377.1648,169.5007,54.7737,0.1048,417.1138,35.9588,0.0147,324.197,5433.3696,0.0873,9e-05,0.0011,0.0469,-0.0696,TRANSLATE2
359.5756,182.5287,61.1064,0.1165,407.8546,9.2593,0.0117,363.7496,2664.6604,0.0948,0.000193,0.004,0.0439,-0.0819,TRANSLATE2
324.1199,203.748,44.2477,0.1068,385.3891,22.4654,0.0097,385.2734,816.5537,0.1,0.000155,0.0064,0.0418,-0.0901,TRANSLATE2
305.8896,241.1296,33.6763,0.0856,390.9554,5.5662,0.0211,396.4936,188.7039,0.1008,0.000129,0.0074,0.0352,-0.0933,TRANSLATE2
291.1148,284.8069,55.3785,0.0856,411.0104,20.0551,0.0001,402.4647,148.1435,0.0999,0.000151,0.0079,0.0257,-0.0929,TRANSLATE2
321.6169,328.6424,96.1747,0.1021,469.7795,58.7691,0.0165,412.9978,900.5347,0.0993,0.000147,0.0106,0.0127,-0.0921,TRANSLATE2
341.6185,312.1483,130.2897,0.1532,480.7444,10.9649,0.0511,427.5758,1600.6476,0.1066,0.000614,0.0149,-0.0063,-0.1001,TRANSLATE2
314.2511,249.0561,149.0349,0.1797,427.7781,52.9663,0.0265,436.0536,1172.8405,0.1212,0.001468,0.0217,-0.0261,-0.1148,TRANSLATE2
271.4634,178.1887,148.4717,0.1808,357.0538,70.7243,0.0011,429.2733,1968.2914,0.1403,0.001562,0.0311,-0.0398,-0.1304,TRANSLATE2
181.327,108.8291,130.9305,0.1655,248.7288,108.325,0.0153,396.8169,7367.4307,0.1562,0.000836,0.0412,-0.0491,-0.1419,TRANSLATE2
98.4584,67.1414,104.5413,0.1355,158.5273,90.2015,0.0299,334.5665,13783.9941,0.1629,0.00029,0.049,-0.0563,-0.1432,TRANSLATE2
30.3793,41.5162,77.9049,0.1197,93.3577,65.1696,0.0159,257.0891,15143.9902,0.1562,0.0006,0.0541,-0.0627,-0.1294,TRANSLATE2
-5.056,11.9224,49.0302,0.0971,50.7116,42.6462,0.0226,181.6758,12148.2207,0.1397,0.000918,0.0547,-0.0667,-0.106,TRANSLATE2
-67.3885,-16.9277,-16.9352,0.0786,71.5162,20.8046,0.0184,124.5683,5162.4976,0.1193,0.000909,0.0502,-0.0696,-0.0756,TRANSLATE2
-156.3108,-27.6797,-73.2701,0.1192,174.8363,103.3201,0.0406,109.7898,2366.3032,0.11,0.000397,0.042,-0.0782,-0.0384,TRANSLATE2
-227.4487,8.5781,-68.4598,0.1719,237.683,62.8467,0.0527,125.621,4911.9448,0.1173,0.00098,0.0315,-0.0932,0.0013,TRANSLATE2
-198.1933,54.7531,-24.8428,0.1606,207.1127,30.5704,0.0114,148.372,5514.3335,0.1255,0.001287,0.0242,-0.104,0.035,TRANSLATE2
-146.089,57.1337,24.0726,0.1152,158.7002,48.4124,0.0453,169.9697,3161.6953,0.1291,0.001133,0.0221,-0.1108,0.0525,TRANSLATE2
-113.6275,-56.693,40.3768,0.0761,133.2501,25.4501,0.0391,182.3165,1340.2993,0.1286,0.001185,0.0226,-0.1099,0.0569,TRANSLATE2
-113.7895,-147.7544,29.539,0.1011,188.8173,55.5672,0.025,185.1127,1329.7422,0.125,0.001306,0.024,-0.0978,0.0648,TRANSLATE2
-146.8941,-220.6035,8.078,0.1593,265.1585,76.3413,0.0583,190.6078,2028.2855,0.1225,0.001094,0.0225,-0.0816,0.0749,TRANSLATE2
-169.9809,-187.2203,3.8156,0.2289,252.9022,12.2563,0.0696,199.7657,2666.0552,0.1361,0.002883,0.0154,-0.0722,0.0988,TRANSLATE2
-130.7597,-126.7106,34.3181,0.2259,185.2874,67.6148,0.003,205.0831,2342.4299,0.1583,0.003919,0.0036,-0.0681,0.1332,TRANSLATE2
-94.7547,-104.8341,66.6826,0.1754,156.2537,29.0337,0.0505,209.6838,1766.1302,0.1781,0.002233,-0.0073,-0.0677,0.1633,TRANSLATE2
-61.6975,-126.8111,72.4586,0.1376,158.5493,2.2956,0.0377,203.6302,2165.3501,0.1854,0.001319,-0.0154,-0.0612,0.1734,TRANSLATE2
-59.3049,-149.9176,47.12,0.1437,167.9662,9.4169,0.0061,184.1917,1284.7334,0.1823,0.00152,-0.0194,-0.0476,0.1724,TRANSLATE2
-62.122,-118.9466,14.196,0.1646,134.9406,33.0256,0.0208,160.5994,269.0461,0.1695,0.000984,-0.0217,-0.0311,0.1622,TRANSLATE2
-60.0695,-71.6604,-7.0901,0.1515,93.7754,41.1652,0.013,142.297,705.2591,0.1546,0.000189,-0.0227,-0.018,0.15,TRANSLATE2
-47.0962,-34.4814,-16.1471,0.1212,60.562,33.2134,0.0303,123.1587,1636.1495,0.1437,0.000208,-0.0231,-0.0106,0.1408,TRANSLATE2
-32.952,-11.6383,-18.5427,0.0844,39.5615,21.0005,0.0368,99.3611,2217.0249,0.1331,0.000791,-0.0218,-0.0137,0.1292,TRANSLATE2
-21.8366,-6.6762,-22.2997,0.0582,31.9169,7.6446,0.0262,72.1513,1445.0624,0.116,0.001598,-0.0175,-0.0213,0.1106,TRANSLATE2
-22.2661,-0.8097,-26.5804,0.0481,34.6837,2.7668,0.0101,52.0999,535.269,0.0927,0.001504,-0.0107,-0.0284,0.0846,TRANSLATE2
-30.191,7.2335,-29.5018,0.0462,42.8273,8.1437,0.0019,41.9103,101.267,0.0716,0.000801,-0.0028,-0.0333,0.0584,TRANSLATE2
-40.5778,14.3211,-26.5327,0.0491,50.5533,7.726,0.0029,39.9085,42.6236,0.0572,0.000202,0.0043,-0.0373,0.0359,TRANSLATE2
-48.7591,15.8788,-14.1418,0.0538,53.1938,2.6404,0.0046,42.635,70.4655,0.0511,1.9e-05,0.0096,-0.0412,0.0187,TRANSLATE2
-57.9229,13.5812,3.4116,0.0527,59.5916,6.3978,0.001,48.1699,74.3593,0.05,8e-06,0.013,-0.0444,0.0062,TRANSLATE2
-65.7727,14.2837,21.023,0.0436,70.5127,10.9212,0.0092,55.3357,86.4743,0.0491,1.5e-05,0.0156,-0.0445,-0.0036,TRANSLATE2
-76.8494,13.6019,32.5059,0.0383,84.5428,14.0301,0.0053,63.6788,156.1852,0.0475,3.4e-05,0.018,-0.0403,-0.0115,TRANSLATE2
-88.8077,6.6909,34.9828,0.0369,95.6837,11.1409,0.0014,72.7049,245.1219,0.045,5e-05,0.02,-0.0323,-0.0175,TRANSLATE2
-102.2868,-6.3598,35.48,0.0369,108.4521,12.7684,0.0,83.7566,302.4186,0.0417,3.7e-05,0.0225,-0.0209,-0.0204,TRANSLATE2
-111.845,-16.6284,31.3153,0.0366,117.3306,8.8785,0.0003,95.3044,277.7199,0.0384,7e-06,0.0248,-0.0071,-0.0195,TRANSLATE2
-118.5354,-24.3871,21.8803,0.0428,122.9802,5.6496,0.0062,105.7979,197.8711,0.0383,5e-06,0.0262,0.0066,-0.0152,TRANSLATE2
-131.444,-32.6191,7.1418,0.0459,135.619,12.6389,0.0031,116.0131,181.0242,0.0398,1.5e-05,0.0259,0.0183,-0.0075,TRANSLATE2
-144.4239,-54.3234,-14.1147,0.0447,154.9468,19.3278,0.0012,127.8657,261.0493,0.0414,1.5e-05,0.0237,0.0272,0.0018,TRANSLATE2
-170.1829,-91.9493,-38.7636,0.0444,197.2803,42.3335,0.0003,145.6314,833.7298,0.0429,1.1e-05,0.019,0.0321,0.0125,TRANSLATE2
-190.4307,-131.597,-57.8484,0.0581,238.596,41.3157,0.0138,169.8845,1813.8142,0.0472,3.1e-05,0.012,0.0323,0.0251,TRANSLATE2
-186.6102,-167.2651,-72.7194,0.0824,260.9388,22.3428,0.0242,197.4762,2270.687,0.0551,0.000212,0.0032,0.0281,0.0399,TRANSLATE2
-179.4725,-191.6558,-80.4942,0.1115,274.63,13.6912,0.0291,225.2784,1923.0059,0.0682,0.000659,-0.0062,0.0202,0.0586,TRANSLATE2
-169.678,-187.4371,-79.5141,0.1356,265.0393,9.5908,0.0241,247.2969,765.0719,0.0864,0.001126,-0.0149,0.0098,0.0808,TRANSLATE2
-161.0643,-157.4122,-68.6801,0.1428,235.4512,29.5881,0.0072,254.9311,234.5237,0.1061,0.001022,-0.0188,-0.0021,0.1024,TRANSLATE2
-175.7545,-103.5204,-53.4472,0.1426,210.8619,24.5893,0.0002,249.3842,538.8082,0.123,0.000544,-0.02,-0.0149,0.1189,TRANSLATE2
-157.7349,-51.3163,-18.8015,0.1377,166.9346,43.9273,0.0048,230.5834,1518.2238,0.134,0.000135,-0.0174,-0.0277,0.1285,TRANSLATE2
-140.9129,-12.5031,23.2838,0.1199,143.3698,23.5647,0.0178,204.3313,1962.2737,0.1357,7e-05,-0.0123,-0.0366,0.1289,TRANSLATE2
-106.8147,9.4444,50.0302,0.1012,118.3283,25.0415,0.0187,174.9892,1843.5228,0.1288,0.000262,-0.0054,-0.0376,0.1224,TRANSLATE2
-99.1361,38.0868,56.1335,0.0845,120.1231,1.7947,0.0166,151.9235,1182.4264,0.1172,0.000479,-0.0006,-0.032,0.1114,TRANSLATE2
-111.7308,72.6569,45.8068,0.0686,140.9293,20.8062,0.0159,137.937,316.233,0.1024,0.000604,0.0041,-0.0223,0.0977,TRANSLATE2
-111.5971,104.3912,37.6517,0.0517,157.382,16.4527,0.0169,136.0265,220.0326,0.0852,0.000571,0.0077,-0.0129,0.0822,TRANSLATE2
-96.884,147.0067,42.112,0.0424,181.0273,23.6453,0.0093,143.558,557.5388,0.0697,0.000456,0.0109,-0.0081,0.0667,TRANSLATE2
-61.1822,176.196,61.2833,0.0325,196.3261,15.2988,0.0099,159.1575,743.7799,0.056,0.000345,0.0131,-0.0096,0.0479,TRANSLATE2
-40.3582,181.4755,76.061,0.0339,200.8667,4.5406,0.0014,175.3063,526.1911,0.0458,0.000177,0.0155,-0.013,0.027,TRANSLATE2
-32.4897,176.4929,76.5988,0.0444,195.1223,5.7444,0.0105,186.1449,250.8954,0.041,5e-05,0.0179,-0.014,0.006,TRANSLATE2
-48.548,174.6069,59.6978,0.0582,190.8096,4.3127,0.0138,192.8304,45.0903,0.0423,8.5e-05,0.0201,-0.0095,-0.0139,TRANSLATE2
-69.5853,176.9105,28.8926,0.0648,192.2868,1.4772,0.0066,195.0823,12.2158,0.0468,0.000166,0.0221,-0.0021,-0.0322,TRANSLATE2
-101.0401,178.3128,5.9329,0.0738,205.036,12.7491,0.0089,196.8243,28.687,0.055,0.000203,0.0236,0.0034,-0.0471,TRANSLATE2
-141.1852,174.6377,0.0525,0.09,224.5698,19.5339,0.0163,201.5649,156.9083,0.0663,0.000233,0.0238,0.0035,-0.0602,TRANSLATE2
-167.6326,153.5071,14.9077,0.113,227.7879,3.2181,0.023,208.098,243.4545,0.08,0.000386,0.023,-0.0029,-0.074,TRANSLATE2
-152.8154,118.3432,40.648,0.1226,197.5093,30.2786,0.0096,209.438,204.3052,0.0928,0.000489,0.0219,-0.0125,-0.0875,TRANSLATE2
-127.6617,84.337,72.1434,0.1236,169.1594,28.3499,0.001,204.8125,448.5497,0.1046,0.000384,0.021,-0.0186,-0.1001,TRANSLATE2
-107.6325,47.6602,90.2522,0.1246,148.3298,20.8297,0.001,193.4712,957.9756,0.1148,0.00017,0.0207,-0.0167,-0.1106,TRANSLATE2
-97.4123,12.1188,96.7049,0.1184,137.7964,10.5333,0.0062,176.1166,1083.3035,0.1204,1.8e-05,0.0216,-0.0062,-0.1154,TRANSLATE2
-96.0923,-10.9612,93.0702,0.1227,134.2235,3.573,0.0043,157.4037,550.1522,0.1224,4e-06,0.0243,0.0144,-0.1127,TRANSLATE2
-99.2707,-31.4721,74.1936,0.1363,127.8666,6.3569,0.0136,143.4751,208.9438,0.1251,3.6e-05,0.0278,0.0414,-0.1051,TRANSLATE2
-122.5635,-41.2589,38.9174,0.1454,135.0506,7.184,0.0091,136.6534,44.6651,0.1295,9.8e-05,0.0318,0.0695,-0.0934,TRANSLATE2
-142.6195,-34.5634,2.9902,0.1404,146.7784,11.7278,0.005,136.3431,37.8045,0.1326,0.000108,0.0345,0.0932,-0.0779,TRANSLATE2
-147.8737,-29.5788,-29.8079,0.1386,153.7207,6.9423,0.0019,139.5279,87.6351,0.1367,5.8e-05,0.0356,0.1112,-0.0656,TRANSLATE2
-146.9084,-34.0787,-60.9369,0.1286,162.6553,8.9346,0.0099,145.2143,156.6474,0.1379,3e-05,0.0347,0.1195,-0.0574,TRANSLATE2
-134.3236,-51.6973,-82.4152,0.1132,165.8544,3.1992,0.0154,152.8119,123.9386,0.1332,0.00013,0.0319,0.118,-0.0523,TRANSLATE2
-130.0807,-77.6954,-95.3071,0.093,179.0,13.1456,0.0202,161.6018,120.7477,0.1228,0.000315,0.0273,0.1092,-0.0482,TRANSLATE2
-134.0083,-87.8375,-104.1926,0.067,191.1276,12.1276,0.026,170.4716,172.482,0.1081,0.000659,0.022,0.0968,-0.0403,TRANSLATE2
-129.9504,-65.3513,-106.6072,0.057,180.3413,10.7863,0.01,175.7957,107.4995,0.0917,0.000729,0.0159,0.0821,-0.0263,TRANSLATE2
-111.851,-37.3279,-103.867,0.045,157.138,23.2033,0.012,174.6923,141.3694,0.075,0.000615,0.0098,0.0676,-0.0121,TRANSLATE2
-96.3652,-29.3029,-98.1249,0.0312,140.6179,16.5202,0.0138,169.645,332.4856,0.0586,0.000439,0.0044,0.0543,-0.0011,TRANSLATE2
-82.4984,-43.3236,-83.0405,0.0193,124.8144,15.8035,0.0119,158.8079,599.4946,0.0439,0.000295,-0.0004,0.0412,0.0057,TRANSLATE2
-78.7331,-59.5901,-58.7512,0.0156,114.8981,9.9163,0.0037,143.562,543.757,0.0336,0.000242,-0.0048,0.0285,0.0086,TRANSLATE2
